bin,position,mean,sem,ko,signal_geno,topology,direction,n_promoters,column
1,-2000,4.039866549196006,0.4801398110607021,DHX36KO,WT,pooled,up,361,WT (DHX36KO DEGs)
2,-1949.367088607595,4.113381629588972,0.47803011234205234,DHX36KO,WT,pooled,up,361,WT (DHX36KO DEGs)
3,-1898.73417721519,4.124425762023292,0.4492118142398101,DHX36KO,WT,pooled,up,361,WT (DHX36KO DEGs)
4,-1848.1012658227849,4.06393990390959,0.3906094979076582,DHX36KO,WT,pooled,up,361,WT (DHX36KO DEGs)
5,-1797.4683544303798,4.025198822919682,0.34736061433138704,DHX36KO,WT,pooled,up,361,WT (DHX36KO DEGs)
6,-1746.8354430379748,4.057144599689561,0.3543612519060117,DHX36KO,WT,pooled,up,361,WT (DHX36KO DEGs)
7,-1696.2025316455697,4.189315827876907,0.3877596336262289,DHX36KO,WT,pooled,up,361,WT (DHX36KO DEGs)
8,-1645.5696202531644,4.191489642703302,0.4123183269023605,DHX36KO,WT,pooled,up,361,WT (DHX36KO DEGs)
9,-1594.9367088607596,4.233273711129679,0.4326924472588313,DHX36KO,WT,pooled,up,361,WT (DHX36KO DEGs)
10,-1544.3037974683543,4.2709734808925335,0.4285312679158773,DHX36KO,WT,pooled,up,361,WT (DHX36KO DEGs)
11,-1493.6708860759495,4.372507468150483,0.4263323047013423,DHX36KO,WT,pooled,up,361,WT (DHX36KO DEGs)
12,-1443.0379746835442,4.344786718671012,0.4216514029856004,DHX36KO,WT,pooled,up,361,WT (DHX36KO DEGs)
13,-1392.4050632911392,4.317716490454071,0.419228595773076,DHX36KO,WT,pooled,up,361,WT (DHX36KO DEGs)
14,-1341.7721518987341,4.466242824322849,0.5104166516365304,DHX36KO,WT,pooled,up,361,WT (DHX36KO DEGs)
15,-1291.139240506329,4.48891812971094,0.5901389215151877,DHX36KO,WT,pooled,up,361,WT (DHX36KO DEGs)
16,-1240.506329113924,4.506615399559228,0.6491518607701863,DHX36KO,WT,pooled,up,361,WT (DHX36KO DEGs)
17,-1189.873417721519,4.690935741930457,0.6825048387315796,DHX36KO,WT,pooled,up,361,WT (DHX36KO DEGs)
18,-1139.240506329114,4.723498692395834,0.6379234254289401,DHX36KO,WT,pooled,up,361,WT (DHX36KO DEGs)
19,-1088.607594936709,4.553863437664476,0.4854923940600613,DHX36KO,WT,pooled,up,361,WT (DHX36KO DEGs)
20,-1037.9746835443038,4.4020918790477355,0.35923356365870945,DHX36KO,WT,pooled,up,361,WT (DHX36KO DEGs)
21,-987.3417721518988,4.346325007436018,0.3217610650455334,DHX36KO,WT,pooled,up,361,WT (DHX36KO DEGs)
22,-936.7088607594937,4.392116461916313,0.33661457755636054,DHX36KO,WT,pooled,up,361,WT (DHX36KO DEGs)
23,-886.0759493670887,4.534203629883373,0.3942159645165974,DHX36KO,WT,pooled,up,361,WT (DHX36KO DEGs)
24,-835.4430379746836,4.694473208661225,0.4598482452504792,DHX36KO,WT,pooled,up,361,WT (DHX36KO DEGs)
25,-784.8101265822784,4.774329344182794,0.514444243956731,DHX36KO,WT,pooled,up,361,WT (DHX36KO DEGs)
26,-734.1772151898733,4.862002821712723,0.5459533819999137,DHX36KO,WT,pooled,up,361,WT (DHX36KO DEGs)
27,-683.5443037974683,4.8496007759551265,0.5484485361393966,DHX36KO,WT,pooled,up,361,WT (DHX36KO DEGs)
28,-632.9113924050632,4.952970179230222,0.5532079047332971,DHX36KO,WT,pooled,up,361,WT (DHX36KO DEGs)
29,-582.2784810126582,5.040086298105569,0.5662055025720335,DHX36KO,WT,pooled,up,361,WT (DHX36KO DEGs)
30,-531.6455696202531,5.09604194394109,0.5631422501883057,DHX36KO,WT,pooled,up,361,WT (DHX36KO DEGs)
31,-481.0126582278481,5.039421751069891,0.5632187874899198,DHX36KO,WT,pooled,up,361,WT (DHX36KO DEGs)
32,-430.37974683544303,4.975285990506769,0.5843883416712237,DHX36KO,WT,pooled,up,361,WT (DHX36KO DEGs)
33,-379.746835443038,4.908892802014355,0.6155723453672443,DHX36KO,WT,pooled,up,361,WT (DHX36KO DEGs)
34,-329.11392405063293,5.110846821764279,0.7202334151336606,DHX36KO,WT,pooled,up,361,WT (DHX36KO DEGs)
35,-278.4810126582279,5.425144838974196,0.8641355904535196,DHX36KO,WT,pooled,up,361,WT (DHX36KO DEGs)
36,-227.84810126582283,5.7703763168208155,0.954670073300901,DHX36KO,WT,pooled,up,361,WT (DHX36KO DEGs)
37,-177.21518987341778,5.985550803722107,0.9843974163393668,DHX36KO,WT,pooled,up,361,WT (DHX36KO DEGs)
38,-126.58227848101274,6.137693203558882,0.9407418726435106,DHX36KO,WT,pooled,up,361,WT (DHX36KO DEGs)
39,-75.94936708860769,6.12177455593014,0.7991903044561187,DHX36KO,WT,pooled,up,361,WT (DHX36KO DEGs)
40,-25.316455696202638,6.0864943062477606,0.7244230979523255,DHX36KO,WT,pooled,up,361,WT (DHX36KO DEGs)
41,25.31645569620241,6.169879791468024,0.7394167576638506,DHX36KO,WT,pooled,up,361,WT (DHX36KO DEGs)
42,75.94936708860769,6.1058328044755745,0.7240245180969104,DHX36KO,WT,pooled,up,361,WT (DHX36KO DEGs)
43,126.58227848101251,6.168642641985075,0.7375714923565827,DHX36KO,WT,pooled,up,361,WT (DHX36KO DEGs)
44,177.21518987341778,6.2237765388123325,0.7421512352587561,DHX36KO,WT,pooled,up,361,WT (DHX36KO DEGs)
45,227.8481012658226,6.108527346612784,0.7197274022613307,DHX36KO,WT,pooled,up,361,WT (DHX36KO DEGs)
46,278.4810126582279,5.899300857464253,0.6598091172044039,DHX36KO,WT,pooled,up,361,WT (DHX36KO DEGs)
47,329.1139240506327,5.7108060491008,0.6051676326070753,DHX36KO,WT,pooled,up,361,WT (DHX36KO DEGs)
48,379.746835443038,5.382407697700067,0.5202539038363426,DHX36KO,WT,pooled,up,361,WT (DHX36KO DEGs)
49,430.37974683544326,5.174543778711409,0.48157702288280535,DHX36KO,WT,pooled,up,361,WT (DHX36KO DEGs)
50,481.0126582278481,5.014671013672266,0.470624779840384,DHX36KO,WT,pooled,up,361,WT (DHX36KO DEGs)
51,531.6455696202534,4.870069176305364,0.46008397409789875,DHX36KO,WT,pooled,up,361,WT (DHX36KO DEGs)
52,582.2784810126582,4.827640174467698,0.4485121286020554,DHX36KO,WT,pooled,up,361,WT (DHX36KO DEGs)
53,632.9113924050635,4.723065773923421,0.43244268829598964,DHX36KO,WT,pooled,up,361,WT (DHX36KO DEGs)
54,683.5443037974683,4.519473978381188,0.39567880670011063,DHX36KO,WT,pooled,up,361,WT (DHX36KO DEGs)
55,734.1772151898736,4.393766422463256,0.3772626594502068,DHX36KO,WT,pooled,up,361,WT (DHX36KO DEGs)
56,784.8101265822784,4.337714305892655,0.36231174544265143,DHX36KO,WT,pooled,up,361,WT (DHX36KO DEGs)
57,835.4430379746836,4.343731840764167,0.36469931941275224,DHX36KO,WT,pooled,up,361,WT (DHX36KO DEGs)
58,886.0759493670885,4.326547567778347,0.3603869834890869,DHX36KO,WT,pooled,up,361,WT (DHX36KO DEGs)
59,936.7088607594937,4.326617642265718,0.35807589559851555,DHX36KO,WT,pooled,up,361,WT (DHX36KO DEGs)
60,987.3417721518986,4.398298599667166,0.3857147739270449,DHX36KO,WT,pooled,up,361,WT (DHX36KO DEGs)
61,1037.9746835443038,4.55245070085411,0.48052098254805814,DHX36KO,WT,pooled,up,361,WT (DHX36KO DEGs)
62,1088.6075949367087,4.53453720022987,0.5557380244135894,DHX36KO,WT,pooled,up,361,WT (DHX36KO DEGs)
63,1139.240506329114,4.515502218601336,0.6023882989832645,DHX36KO,WT,pooled,up,361,WT (DHX36KO DEGs)
64,1189.8734177215188,4.553591692322179,0.6035786535838236,DHX36KO,WT,pooled,up,361,WT (DHX36KO DEGs)
65,1240.506329113924,4.60322303070366,0.60818370483286055,DHX36KO,WT,pooled,up,361,WT (DHX36KO DEGs)
66,1291.1392405063293,4.66592571181934,0.5723813775798018,DHX36KO,WT,pooled,up,361,WT (DHX36KO DEGs)
67,1341.7721518987341,4.602194325190832,0.49867899668970006,DHX36KO,WT,pooled,up,361,WT (DHX36KO DEGs)
68,1392.4050632911394,4.424776363460861,0.422888962864556,DHX36KO,WT,pooled,up,361,WT (DHX36KO DEGs)
69,1443.0379746835442,4.2038259629221395,0.3837610416171664,DHX36KO,WT,pooled,up,361,WT (DHX36KO DEGs)
70,1493.6708860759495,4.087942977116709,0.36776929662156904,DHX36KO,WT,pooled,up,361,WT (DHX36KO DEGs)
71,1544.3037974683543,4.005105755102381,0.35462429199288426,DHX36KO,WT,pooled,up,361,WT (DHX36KO DEGs)
72,1594.9367088607596,3.875024105106805,0.3412644636024646,DHX36KO,WT,pooled,up,361,WT (DHX36KO DEGs)
73,1645.5696202531644,3.8296807598473293,0.34562637159946863,DHX36KO,WT,pooled,up,361,WT (DHX36KO DEGs)
74,1696.2025316455697,3.8620695857460148,0.35236431760717773,DHX36KO,WT,pooled,up,361,WT (DHX36KO DEGs)
75,1746.8354430379745,3.9438246402383843,0.3545216612326179,DHX36KO,WT,pooled,up,361,WT (DHX36KO DEGs)
76,1797.4683544303798,3.9299017669575584,0.3596308889481279,DHX36KO,WT,pooled,up,361,WT (DHX36KO DEGs)
77,1848.1012658227846,3.872439906894335,0.36206684553839497,DHX36KO,WT,pooled,up,361,WT (DHX36KO DEGs)
78,1898.73417721519,3.9599309693721305,0.38608994725710427,DHX36KO,WT,pooled,up,361,WT (DHX36KO DEGs)
79,1949.3670886075947,4.067736567477881,0.4153298611510304,DHX36KO,WT,pooled,up,361,WT (DHX36KO DEGs)
80,2000,4.039578738360084,0.4237334146109315,DHX36KO,WT,pooled,up,361,WT (DHX36KO DEGs)
1,-2000,5.2930848925874585,0.7469848728714595,DHX36KO,WT,pooled,down,235,WT (DHX36KO DEGs)
2,-1949.367088607595,5.303091533170524,0.6588137537260941,DHX36KO,WT,pooled,down,235,WT (DHX36KO DEGs)
3,-1898.73417721519,5.195653650764032,0.5381624707669332,DHX36KO,WT,pooled,down,235,WT (DHX36KO DEGs)
4,-1848.1012658227849,5.116773342961115,0.5187930929705828,DHX36KO,WT,pooled,down,235,WT (DHX36KO DEGs)
5,-1797.4683544303798,5.108881149346101,0.5225559669613604,DHX36KO,WT,pooled,down,235,WT (DHX36KO DEGs)
6,-1746.8354430379748,4.936618345436475,0.49864676702716165,DHX36KO,WT,pooled,down,235,WT (DHX36KO DEGs)
7,-1696.2025316455697,4.799854902250547,0.49257781255574906,DHX36KO,WT,pooled,down,235,WT (DHX36KO DEGs)
8,-1645.5696202531644,4.810513175856137,0.5345923285256378,DHX36KO,WT,pooled,down,235,WT (DHX36KO DEGs)
9,-1594.9367088607596,4.790166140671317,0.5738744289247741,DHX36KO,WT,pooled,down,235,WT (DHX36KO DEGs)
10,-1544.3037974683543,4.602037312717303,0.549675279585045,DHX36KO,WT,pooled,down,235,WT (DHX36KO DEGs)
11,-1493.6708860759495,4.644763382597173,0.5500244033084107,DHX36KO,WT,pooled,down,235,WT (DHX36KO DEGs)
12,-1443.0379746835442,4.631411171257073,0.564837344138769,DHX36KO,WT,pooled,down,235,WT (DHX36KO DEGs)
13,-1392.4050632911392,4.644454093263504,0.5290436230107118,DHX36KO,WT,pooled,down,235,WT (DHX36KO DEGs)
14,-1341.7721518987341,4.585833810441037,0.49779947910802297,DHX36KO,WT,pooled,down,235,WT (DHX36KO DEGs)
15,-1291.139240506329,4.815869718828945,0.5571241327735688,DHX36KO,WT,pooled,down,235,WT (DHX36KO DEGs)
16,-1240.506329113924,5.186300691841342,0.7774538024316825,DHX36KO,WT,pooled,down,235,WT (DHX36KO DEGs)
17,-1189.873417721519,5.316700016596639,0.8192375721956358,DHX36KO,WT,pooled,down,235,WT (DHX36KO DEGs)
18,-1139.240506329114,5.310289973894755,0.7942496490825927,DHX36KO,WT,pooled,down,235,WT (DHX36KO DEGs)
19,-1088.607594936709,5.2337695729106875,0.7222238313639585,DHX36KO,WT,pooled,down,235,WT (DHX36KO DEGs)
20,-1037.9746835443038,5.145454657544481,0.6519887438073599,DHX36KO,WT,pooled,down,235,WT (DHX36KO DEGs)
21,-987.3417721518988,5.108902800130506,0.6282879841598563,DHX36KO,WT,pooled,down,235,WT (DHX36KO DEGs)
22,-936.7088607594937,5.162048834946138,0.6580273808523408,DHX36KO,WT,pooled,down,235,WT (DHX36KO DEGs)
23,-886.0759493670887,5.079482135231613,0.66607523627148,DHX36KO,WT,pooled,down,235,WT (DHX36KO DEGs)
24,-835.4430379746836,5.126950259979735,0.6576403415885779,DHX36KO,WT,pooled,down,235,WT (DHX36KO DEGs)
25,-784.8101265822784,5.051310186825745,0.6106806018782297,DHX36KO,WT,pooled,down,235,WT (DHX36KO DEGs)
26,-734.1772151898733,4.977495914854902,0.580314148871785,DHX36KO,WT,pooled,down,235,WT (DHX36KO DEGs)
27,-683.5443037974683,4.900148200065532,0.5604155043132528,DHX36KO,WT,pooled,down,235,WT (DHX36KO DEGs)
28,-632.9113924050632,4.9658303970918585,0.5360360400252023,DHX36KO,WT,pooled,down,235,WT (DHX36KO DEGs)
29,-582.2784810126582,5.0812794620940025,0.5192139852498807,DHX36KO,WT,pooled,down,235,WT (DHX36KO DEGs)
30,-531.6455696202531,5.200132838073352,0.5101670054311134,DHX36KO,WT,pooled,down,235,WT (DHX36KO DEGs)
31,-481.0126582278481,5.124427468932267,0.5071703658590054,DHX36KO,WT,pooled,down,235,WT (DHX36KO DEGs)
32,-430.37974683544303,5.051320294481643,0.4953480661421981,DHX36KO,WT,pooled,down,235,WT (DHX36KO DEGs)
33,-379.746835443038,5.103476962884267,0.5032116822652539,DHX36KO,WT,pooled,down,235,WT (DHX36KO DEGs)
34,-329.11392405063293,5.3448366208448475,0.6152097804889767,DHX36KO,WT,pooled,down,235,WT (DHX36KO DEGs)
35,-278.4810126582279,6.037566875508491,0.8934605929616745,DHX36KO,WT,pooled,down,235,WT (DHX36KO DEGs)
36,-227.84810126582283,6.564845975561345,1.1550445968778078,DHX36KO,WT,pooled,down,235,WT (DHX36KO DEGs)
37,-177.21518987341778,7.025398348338215,1.3455282963676254,DHX36KO,WT,pooled,down,235,WT (DHX36KO DEGs)
38,-126.58227848101274,7.390890158521368,1.4051070650112203,DHX36KO,WT,pooled,down,235,WT (DHX36KO DEGs)
39,-75.94936708860769,7.8505634384358185,1.4934844159629177,DHX36KO,WT,pooled,down,235,WT (DHX36KO DEGs)
40,-25.316455696202638,8.162097868429008,1.5463915596047917,DHX36KO,WT,pooled,down,235,WT (DHX36KO DEGs)
41,25.31645569620241,8.202473833533888,1.4812024686993812,DHX36KO,WT,pooled,down,235,WT (DHX36KO DEGs)
42,75.94936708860769,7.841327476755102,1.3039489912519637,DHX36KO,WT,pooled,down,235,WT (DHX36KO DEGs)
43,126.58227848101251,7.383387103442605,1.1562716940034445,DHX36KO,WT,pooled,down,235,WT (DHX36KO DEGs)
44,177.21518987341778,6.978265565006446,1.0641026156230073,DHX36KO,WT,pooled,down,235,WT (DHX36KO DEGs)
45,227.8481012658226,6.65517228692305,0.9728115183798746,DHX36KO,WT,pooled,down,235,WT (DHX36KO DEGs)
46,278.4810126582279,6.2696802015169295,0.8393275649017466,DHX36KO,WT,pooled,down,235,WT (DHX36KO DEGs)
47,329.1139240506327,5.935616380048982,0.7655933132823366,DHX36KO,WT,pooled,down,235,WT (DHX36KO DEGs)
48,379.746835443038,5.622404339228962,0.7128180243236079,DHX36KO,WT,pooled,down,235,WT (DHX36KO DEGs)
49,430.37974683544326,5.303549934887717,0.6391719595189921,DHX36KO,WT,pooled,down,235,WT (DHX36KO DEGs)
50,481.0126582278481,4.888860164574697,0.5659216188472692,DHX36KO,WT,pooled,down,235,WT (DHX36KO DEGs)
51,531.6455696202534,4.551347626310713,0.4885787485088559,DHX36KO,WT,pooled,down,235,WT (DHX36KO DEGs)
52,582.2784810126582,4.3059691263631725,0.4468817300410614,DHX36KO,WT,pooled,down,235,WT (DHX36KO DEGs)
53,632.9113924050635,4.214440595937959,0.4446047537080784,DHX36KO,WT,pooled,down,235,WT (DHX36KO DEGs)
54,683.5443037974683,4.202885173706298,0.43845694756945214,DHX36KO,WT,pooled,down,235,WT (DHX36KO DEGs)
55,734.1772151898736,4.258637935350973,0.4445643180728508,DHX36KO,WT,pooled,down,235,WT (DHX36KO DEGs)
56,784.8101265822784,4.305169019455605,0.46896228088537517,DHX36KO,WT,pooled,down,235,WT (DHX36KO DEGs)
57,835.4430379746836,4.380339001692779,0.544187671170727,DHX36KO,WT,pooled,down,235,WT (DHX36KO DEGs)
58,886.0759493670885,4.3275969726210795,0.6150679406105907,DHX36KO,WT,pooled,down,235,WT (DHX36KO DEGs)
59,936.7088607594937,4.328048752821929,0.6308091194263131,DHX36KO,WT,pooled,down,235,WT (DHX36KO DEGs)
60,987.3417721518986,4.353367854733839,0.5904433863593882,DHX36KO,WT,pooled,down,235,WT (DHX36KO DEGs)
61,1037.9746835443038,4.34079815545657,0.5618932088715555,DHX36KO,WT,pooled,down,235,WT (DHX36KO DEGs)
62,1088.6075949367087,4.34446241984807,0.5589248214358166,DHX36KO,WT,pooled,down,235,WT (DHX36KO DEGs)
63,1139.240506329114,4.2957860455885,0.5080086780830956,DHX36KO,WT,pooled,down,235,WT (DHX36KO DEGs)
64,1189.8734177215188,4.1241712092102,0.4470940624112139,DHX36KO,WT,pooled,down,235,WT (DHX36KO DEGs)
65,1240.506329113924,3.970427430210384,0.41650531504327254,DHX36KO,WT,pooled,down,235,WT (DHX36KO DEGs)
66,1291.1392405063293,3.8551171126061297,0.39881197233817345,DHX36KO,WT,pooled,down,235,WT (DHX36KO DEGs)
67,1341.7721518987341,3.7323769711771755,0.4030424012053517,DHX36KO,WT,pooled,down,235,WT (DHX36KO DEGs)
68,1392.4050632911394,3.548055427673015,0.4195125898007355,DHX36KO,WT,pooled,down,235,WT (DHX36KO DEGs)
69,1443.0379746835442,3.6683525785757296,0.46228356856453423,DHX36KO,WT,pooled,down,235,WT (DHX36KO DEGs)
70,1493.6708860759495,3.650976366763419,0.457357407270691,DHX36KO,WT,pooled,down,235,WT (DHX36KO DEGs)
71,1544.3037974683543,3.559134837759302,0.4276012652903334,DHX36KO,WT,pooled,down,235,WT (DHX36KO DEGs)
72,1594.9367088607596,3.3866583789595475,0.3448496506392756,DHX36KO,WT,pooled,down,235,WT (DHX36KO DEGs)
73,1645.5696202531644,3.2793602499386942,0.30390266585352377,DHX36KO,WT,pooled,down,235,WT (DHX36KO DEGs)
74,1696.2025316455697,3.2173687030203797,0.3046973572145785,DHX36KO,WT,pooled,down,235,WT (DHX36KO DEGs)
75,1746.8354430379745,3.1528471626559047,0.31697168106461565,DHX36KO,WT,pooled,down,235,WT (DHX36KO DEGs)
76,1797.4683544303798,3.1979416213948677,0.32675357181304143,DHX36KO,WT,pooled,down,235,WT (DHX36KO DEGs)
77,1848.1012658227846,3.145364646938676,0.31110858076189235,DHX36KO,WT,pooled,down,235,WT (DHX36KO DEGs)
78,1898.73417721519,3.0208705345857227,0.31155023996917136,DHX36KO,WT,pooled,down,235,WT (DHX36KO DEGs)
79,1949.3670886075947,3.0166692225544165,0.2973300276285019,DHX36KO,WT,pooled,down,235,WT (DHX36KO DEGs)
80,2000,3.061052305424467,0.29570350209357577,DHX36KO,WT,pooled,down,235,WT (DHX36KO DEGs)
1,-2000,3.997429783910808,0.5290479774833249,DHX36KO,WT,parallel,up,303,WT (DHX36KO DEGs)
2,-1949.367088607595,4.128393277914742,0.5395668138447939,DHX36KO,WT,parallel,up,303,WT (DHX36KO DEGs)
3,-1898.73417721519,4.2028989313669065,0.5171238431674675,DHX36KO,WT,parallel,up,303,WT (DHX36KO DEGs)
4,-1848.1012658227849,4.189716598171868,0.45049328249773507,DHX36KO,WT,parallel,up,303,WT (DHX36KO DEGs)
5,-1797.4683544303798,4.155354087166529,0.40094095128118834,DHX36KO,WT,parallel,up,303,WT (DHX36KO DEGs)
6,-1746.8354430379748,4.193085432585054,0.4125716375618411,DHX36KO,WT,parallel,up,303,WT (DHX36KO DEGs)
7,-1696.2025316455697,4.291997456406341,0.451856307294908,DHX36KO,WT,parallel,up,303,WT (DHX36KO DEGs)
8,-1645.5696202531644,4.27269137322706,0.4786245814775685,DHX36KO,WT,parallel,up,303,WT (DHX36KO DEGs)
9,-1594.9367088607596,4.308370278715694,0.4986880321317391,DHX36KO,WT,parallel,up,303,WT (DHX36KO DEGs)
10,-1544.3037974683543,4.313337681102018,0.48565478545872487,DHX36KO,WT,parallel,up,303,WT (DHX36KO DEGs)
11,-1493.6708860759495,4.3526712136929575,0.47087577814794196,DHX36KO,WT,parallel,up,303,WT (DHX36KO DEGs)
12,-1443.0379746835442,4.273346733115818,0.4514571406014047,DHX36KO,WT,parallel,up,303,WT (DHX36KO DEGs)
13,-1392.4050632911392,4.2160599317435254,0.4415612392452755,DHX36KO,WT,parallel,up,303,WT (DHX36KO DEGs)
14,-1341.7721518987341,4.334403406498325,0.5528324178972152,DHX36KO,WT,parallel,up,303,WT (DHX36KO DEGs)
15,-1291.139240506329,4.346749954160684,0.639177558223419,DHX36KO,WT,parallel,up,303,WT (DHX36KO DEGs)
16,-1240.506329113924,4.334875724040242,0.6923522203030102,DHX36KO,WT,parallel,up,303,WT (DHX36KO DEGs)
17,-1189.873417721519,4.515787262449694,0.7260952669170565,DHX36KO,WT,parallel,up,303,WT (DHX36KO DEGs)
18,-1139.240506329114,4.552124222418656,0.6726638049487004,DHX36KO,WT,parallel,up,303,WT (DHX36KO DEGs)
19,-1088.607594936709,4.397329158706896,0.48643037715159404,DHX36KO,WT,parallel,up,303,WT (DHX36KO DEGs)
20,-1037.9746835443038,4.293738313741548,0.34640679760738646,DHX36KO,WT,parallel,up,303,WT (DHX36KO DEGs)
21,-987.3417721518988,4.34886176843192,0.32919768690990814,DHX36KO,WT,parallel,up,303,WT (DHX36KO DEGs)
22,-936.7088607594937,4.4631333847460315,0.36221911720591565,DHX36KO,WT,parallel,up,303,WT (DHX36KO DEGs)
23,-886.0759493670887,4.657124898415325,0.4442927862315974,DHX36KO,WT,parallel,up,303,WT (DHX36KO DEGs)
24,-835.4430379746836,4.867813649938182,0.5292377109798632,DHX36KO,WT,parallel,up,303,WT (DHX36KO DEGs)
25,-784.8101265822784,5.016287355517397,0.6026946320388906,DHX36KO,WT,parallel,up,303,WT (DHX36KO DEGs)
26,-734.1772151898733,5.124148997604782,0.6431342478040714,DHX36KO,WT,parallel,up,303,WT (DHX36KO DEGs)
27,-683.5443037974683,5.146840707311536,0.6479708231848424,DHX36KO,WT,parallel,up,303,WT (DHX36KO DEGs)
28,-632.9113924050632,5.292059495538243,0.6534067014702659,DHX36KO,WT,parallel,up,303,WT (DHX36KO DEGs)
29,-582.2784810126582,5.4156275107889416,0.6682625810008826,DHX36KO,WT,parallel,up,303,WT (DHX36KO DEGs)
30,-531.6455696202531,5.473563407506093,0.6645472075921163,DHX36KO,WT,parallel,up,303,WT (DHX36KO DEGs)
31,-481.0126582278481,5.414517692698635,0.6644400210096697,DHX36KO,WT,parallel,up,303,WT (DHX36KO DEGs)
32,-430.37974683544303,5.317914561886992,0.6895333474134379,DHX36KO,WT,parallel,up,303,WT (DHX36KO DEGs)
33,-379.746835443038,5.215837146094923,0.7275194211113789,DHX36KO,WT,parallel,up,303,WT (DHX36KO DEGs)
34,-329.11392405063293,5.445330658625193,0.8508647186367547,DHX36KO,WT,parallel,up,303,WT (DHX36KO DEGs)
35,-278.4810126582279,5.743484810689101,1.0153332360058929,DHX36KO,WT,parallel,up,303,WT (DHX36KO DEGs)
36,-227.84810126582283,6.103741080692761,1.1197629712896604,DHX36KO,WT,parallel,up,303,WT (DHX36KO DEGs)
37,-177.21518987341778,6.350641091394476,1.1522053942706687,DHX36KO,WT,parallel,up,303,WT (DHX36KO DEGs)
38,-126.58227848101274,6.52333553113822,1.091524160060881,DHX36KO,WT,parallel,up,303,WT (DHX36KO DEGs)
39,-75.94936708860769,6.442998210114352,0.8994573443933865,DHX36KO,WT,parallel,up,303,WT (DHX36KO DEGs)
40,-25.316455696202638,6.278356875227098,0.7439698820235603,DHX36KO,WT,parallel,up,303,WT (DHX36KO DEGs)
41,25.31645569620241,6.269422292137565,0.688841070246691,DHX36KO,WT,parallel,up,303,WT (DHX36KO DEGs)
42,75.94936708860769,6.153739309657132,0.6215243179671823,DHX36KO,WT,parallel,up,303,WT (DHX36KO DEGs)
43,126.58227848101251,6.139992673048223,0.6223381367195256,DHX36KO,WT,parallel,up,303,WT (DHX36KO DEGs)
44,177.21518987341778,6.098903023068792,0.6175964589163879,DHX36KO,WT,parallel,up,303,WT (DHX36KO DEGs)
45,227.8481012658226,5.864405872501818,0.5954958986321022,DHX36KO,WT,parallel,up,303,WT (DHX36KO DEGs)
46,278.4810126582279,5.590951529674404,0.562297858058775,DHX36KO,WT,parallel,up,303,WT (DHX36KO DEGs)
47,329.1139240506327,5.46551101544247,0.5671480739341996,DHX36KO,WT,parallel,up,303,WT (DHX36KO DEGs)
48,379.746835443038,5.287090392319938,0.5561950521403184,DHX36KO,WT,parallel,up,303,WT (DHX36KO DEGs)
49,430.37974683544326,5.151954383637645,0.5371655345209259,DHX36KO,WT,parallel,up,303,WT (DHX36KO DEGs)
50,481.0126582278481,5.064681522875073,0.5415536441205553,DHX36KO,WT,parallel,up,303,WT (DHX36KO DEGs)
51,531.6455696202534,4.956175016596241,0.5326515363444286,DHX36KO,WT,parallel,up,303,WT (DHX36KO DEGs)
52,582.2784810126582,4.932889894450327,0.5194544482907444,DHX36KO,WT,parallel,up,303,WT (DHX36KO DEGs)
53,632.9113924050635,4.816252461833136,0.4960063278812773,DHX36KO,WT,parallel,up,303,WT (DHX36KO DEGs)
54,683.5443037974683,4.594017803369969,0.4484411583757019,DHX36KO,WT,parallel,up,303,WT (DHX36KO DEGs)
55,734.1772151898736,4.459711932852716,0.42798474900434824,DHX36KO,WT,parallel,up,303,WT (DHX36KO DEGs)
56,784.8101265822784,4.323751155422597,0.40100167371900763,DHX36KO,WT,parallel,up,303,WT (DHX36KO DEGs)
57,835.4430379746836,4.27018904620927,0.395448850242213,DHX36KO,WT,parallel,up,303,WT (DHX36KO DEGs)
58,886.0759493670885,4.160528203307992,0.37748034132250635,DHX36KO,WT,parallel,up,303,WT (DHX36KO DEGs)
59,936.7088607594937,4.114014513977815,0.3674418988328017,DHX36KO,WT,parallel,up,303,WT (DHX36KO DEGs)
60,987.3417721518986,4.155673620420189,0.39977246572630837,DHX36KO,WT,parallel,up,303,WT (DHX36KO DEGs)
61,1037.9746835443038,4.344394834122904,0.5283430244290828,DHX36KO,WT,parallel,up,303,WT (DHX36KO DEGs)
62,1088.6075949367087,4.313909662593447,0.6271939046214249,DHX36KO,WT,parallel,up,303,WT (DHX36KO DEGs)
63,1139.240506329114,4.3192914244680125,0.6860446199456163,DHX36KO,WT,parallel,up,303,WT (DHX36KO DEGs)
64,1189.8734177215188,4.375919223492689,0.6881244075576851,DHX36KO,WT,parallel,up,303,WT (DHX36KO DEGs)
65,1240.506329113924,4.446515669439754,0.6929664169745912,DHX36KO,WT,parallel,up,303,WT (DHX36KO DEGs)
66,1291.1392405063293,4.550380069475101,0.6504219999177712,DHX36KO,WT,parallel,up,303,WT (DHX36KO DEGs)
67,1341.7721518987341,4.51630092753829,0.563929024917955,DHX36KO,WT,parallel,up,303,WT (DHX36KO DEGs)
68,1392.4050632911394,4.3889667224490605,0.48085333062179547,DHX36KO,WT,parallel,up,303,WT (DHX36KO DEGs)
69,1443.0379746835442,4.195483198417689,0.43541341394604466,DHX36KO,WT,parallel,up,303,WT (DHX36KO DEGs)
70,1493.6708860759495,4.070137208546742,0.4109493960740815,DHX36KO,WT,parallel,up,303,WT (DHX36KO DEGs)
71,1544.3037974683543,3.950823379438965,0.37570533168194786,DHX36KO,WT,parallel,up,303,WT (DHX36KO DEGs)
72,1594.9367088607596,3.82822583228448,0.34321120380093056,DHX36KO,WT,parallel,up,303,WT (DHX36KO DEGs)
73,1645.5696202531644,3.7682906713003113,0.3315151588096231,DHX36KO,WT,parallel,up,303,WT (DHX36KO DEGs)
74,1696.2025316455697,3.7737290370424983,0.33798412094989505,DHX36KO,WT,parallel,up,303,WT (DHX36KO DEGs)
75,1746.8354430379745,3.8805906288537257,0.3507574472782205,DHX36KO,WT,parallel,up,303,WT (DHX36KO DEGs)
76,1797.4683544303798,3.9019185424585414,0.36538101636506753,DHX36KO,WT,parallel,up,303,WT (DHX36KO DEGs)
77,1848.1012658227846,3.8673665012043825,0.36915516632360296,DHX36KO,WT,parallel,up,303,WT (DHX36KO DEGs)
78,1898.73417721519,3.97401717898607,0.40383743845082193,DHX36KO,WT,parallel,up,303,WT (DHX36KO DEGs)
79,1949.3670886075947,4.122006718635035,0.45170996836481075,DHX36KO,WT,parallel,up,303,WT (DHX36KO DEGs)
80,2000,4.160884082920612,0.47906477789107066,DHX36KO,WT,parallel,up,303,WT (DHX36KO DEGs)
1,-2000,5.666244239515446,0.9043846634704259,DHX36KO,WT,parallel,down,188,WT (DHX36KO DEGs)
2,-1949.367088607595,5.775278485852776,0.802051826436695,DHX36KO,WT,parallel,down,188,WT (DHX36KO DEGs)
3,-1898.73417721519,5.633350158397188,0.6438532349824143,DHX36KO,WT,parallel,down,188,WT (DHX36KO DEGs)
4,-1848.1012658227849,5.510954408814721,0.6180518855073539,DHX36KO,WT,parallel,down,188,WT (DHX36KO DEGs)
5,-1797.4683544303798,5.4912048997650755,0.6229946447082458,DHX36KO,WT,parallel,down,188,WT (DHX36KO DEGs)
6,-1746.8354430379748,5.326816630316964,0.5988271778763621,DHX36KO,WT,parallel,down,188,WT (DHX36KO DEGs)
7,-1696.2025316455697,5.190182681155543,0.5945053304493066,DHX36KO,WT,parallel,down,188,WT (DHX36KO DEGs)
8,-1645.5696202531644,5.219043806626441,0.6526320239458993,DHX36KO,WT,parallel,down,188,WT (DHX36KO DEGs)
9,-1594.9367088607596,5.230086911037459,0.7038103829670244,DHX36KO,WT,parallel,down,188,WT (DHX36KO DEGs)
10,-1544.3037974683543,5.007852539103082,0.6692206947250781,DHX36KO,WT,parallel,down,188,WT (DHX36KO DEGs)
11,-1493.6708860759495,5.04712238553568,0.6654323497643374,DHX36KO,WT,parallel,down,188,WT (DHX36KO DEGs)
12,-1443.0379746835442,5.077761350396677,0.686925219771294,DHX36KO,WT,parallel,down,188,WT (DHX36KO DEGs)
13,-1392.4050632911392,5.040410130713003,0.642731602695487,DHX36KO,WT,parallel,down,188,WT (DHX36KO DEGs)
14,-1341.7721518987341,4.904310259624576,0.5967885700959106,DHX36KO,WT,parallel,down,188,WT (DHX36KO DEGs)
15,-1291.139240506329,5.115356930350581,0.6692997976667916,DHX36KO,WT,parallel,down,188,WT (DHX36KO DEGs)
16,-1240.506329113924,5.507660531194498,0.9461393727906338,DHX36KO,WT,parallel,down,188,WT (DHX36KO DEGs)
17,-1189.873417721519,5.626779580936364,0.998502729381576,DHX36KO,WT,parallel,down,188,WT (DHX36KO DEGs)
18,-1139.240506329114,5.531795168620475,0.9558548375032861,DHX36KO,WT,parallel,down,188,WT (DHX36KO DEGs)
19,-1088.607594936709,5.37575767740713,0.8528381182775071,DHX36KO,WT,parallel,down,188,WT (DHX36KO DEGs)
20,-1037.9746835443038,5.272592397188464,0.7522941438315045,DHX36KO,WT,parallel,down,188,WT (DHX36KO DEGs)
21,-987.3417721518988,5.148868881565459,0.7073692053651,DHX36KO,WT,parallel,down,188,WT (DHX36KO DEGs)
22,-936.7088607594937,5.101242328916036,0.7390380329346177,DHX36KO,WT,parallel,down,188,WT (DHX36KO DEGs)
23,-886.0759493670887,4.935933264058533,0.7489870438666851,DHX36KO,WT,parallel,down,188,WT (DHX36KO DEGs)
24,-835.4430379746836,4.847899346748988,0.7184743040542586,DHX36KO,WT,parallel,down,188,WT (DHX36KO DEGs)
25,-784.8101265822784,4.78870413642403,0.6516915491065267,DHX36KO,WT,parallel,down,188,WT (DHX36KO DEGs)
26,-734.1772151898733,4.625877956190008,0.5839194326497081,DHX36KO,WT,parallel,down,188,WT (DHX36KO DEGs)
27,-683.5443037974683,4.595179527554106,0.5557444472063654,DHX36KO,WT,parallel,down,188,WT (DHX36KO DEGs)
28,-632.9113924050632,4.726869223553238,0.5509479143919619,DHX36KO,WT,parallel,down,188,WT (DHX36KO DEGs)
29,-582.2784810126582,4.931775544974821,0.5574830309669134,DHX36KO,WT,parallel,down,188,WT (DHX36KO DEGs)
30,-531.6455696202531,5.033939315029915,0.5604599851953934,DHX36KO,WT,parallel,down,188,WT (DHX36KO DEGs)
31,-481.0126582278481,4.892271458548857,0.5569425099561234,DHX36KO,WT,parallel,down,188,WT (DHX36KO DEGs)
32,-430.37974683544303,4.724577166192921,0.5286592395374322,DHX36KO,WT,parallel,down,188,WT (DHX36KO DEGs)
33,-379.746835443038,4.714209115154354,0.5270409923050011,DHX36KO,WT,parallel,down,188,WT (DHX36KO DEGs)
34,-329.11392405063293,4.983792159464342,0.6825641680804037,DHX36KO,WT,parallel,down,188,WT (DHX36KO DEGs)
35,-278.4810126582279,5.667767127845305,1.025570509939912,DHX36KO,WT,parallel,down,188,WT (DHX36KO DEGs)
36,-227.84810126582283,6.183342795963829,1.3449367479515104,DHX36KO,WT,parallel,down,188,WT (DHX36KO DEGs)
37,-177.21518987341778,6.609786937262149,1.5818501032624424,DHX36KO,WT,parallel,down,188,WT (DHX36KO DEGs)
38,-126.58227848101274,7.044290676116943,1.6603126853564976,DHX36KO,WT,parallel,down,188,WT (DHX36KO DEGs)
39,-75.94936708860769,7.598126196734449,1.7509831452669744,DHX36KO,WT,parallel,down,188,WT (DHX36KO DEGs)
40,-25.316455696202638,7.905419581206978,1.7811476864968065,DHX36KO,WT,parallel,down,188,WT (DHX36KO DEGs)
41,25.31645569620241,7.936173151148126,1.6881136285539136,DHX36KO,WT,parallel,down,188,WT (DHX36KO DEGs)
42,75.94936708860769,7.658696708738381,1.4827105298585908,DHX36KO,WT,parallel,down,188,WT (DHX36KO DEGs)
43,126.58227848101251,7.244999324024146,1.3027269470554195,DHX36KO,WT,parallel,down,188,WT (DHX36KO DEGs)
44,177.21518987341778,6.91811883635132,1.2071665437115369,DHX36KO,WT,parallel,down,188,WT (DHX36KO DEGs)
45,227.8481012658226,6.705760346376304,1.1197574830158763,DHX36KO,WT,parallel,down,188,WT (DHX36KO DEGs)
46,278.4810126582279,6.374558070399237,0.9674904956915235,DHX36KO,WT,parallel,down,188,WT (DHX36KO DEGs)
47,329.1139240506327,6.176614081149405,0.906021355759579,DHX36KO,WT,parallel,down,188,WT (DHX36KO DEGs)
48,379.746835443038,5.87202750394953,0.8481362604728216,DHX36KO,WT,parallel,down,188,WT (DHX36KO DEGs)
49,430.37974683544326,5.5275026666568525,0.7673680846108971,DHX36KO,WT,parallel,down,188,WT (DHX36KO DEGs)
50,481.0126582278481,5.027919419306389,0.6756834083165999,DHX36KO,WT,parallel,down,188,WT (DHX36KO DEGs)
51,531.6455696202534,4.70154024737101,0.5817499477068853,DHX36KO,WT,parallel,down,188,WT (DHX36KO DEGs)
52,582.2784810126582,4.5412763286271,0.5326909206354471,DHX36KO,WT,parallel,down,188,WT (DHX36KO DEGs)
53,632.9113924050635,4.507534876330524,0.5322942790782131,DHX36KO,WT,parallel,down,188,WT (DHX36KO DEGs)
54,683.5443037974683,4.506253403167353,0.5277817849849068,DHX36KO,WT,parallel,down,188,WT (DHX36KO DEGs)
55,734.1772151898736,4.5063452160485244,0.534672152845765,DHX36KO,WT,parallel,down,188,WT (DHX36KO DEGs)
56,784.8101265822784,4.539670076721103,0.562910073498646,DHX36KO,WT,parallel,down,188,WT (DHX36KO DEGs)
57,835.4430379746836,4.631192193585084,0.6586370361495367,DHX36KO,WT,parallel,down,188,WT (DHX36KO DEGs)
58,886.0759493670885,4.603226201813272,0.7498023208613379,DHX36KO,WT,parallel,down,188,WT (DHX36KO DEGs)
59,936.7088607594937,4.659348533821444,0.7665319358137582,DHX36KO,WT,parallel,down,188,WT (DHX36KO DEGs)
60,987.3417721518986,4.6436114132108415,0.7045668192430681,DHX36KO,WT,parallel,down,188,WT (DHX36KO DEGs)
61,1037.9746835443038,4.575544288509281,0.6629761912827336,DHX36KO,WT,parallel,down,188,WT (DHX36KO DEGs)
62,1088.6075949367087,4.576192652363304,0.6640476429154776,DHX36KO,WT,parallel,down,188,WT (DHX36KO DEGs)
63,1139.240506329114,4.501223315985491,0.6004991702911471,DHX36KO,WT,parallel,down,188,WT (DHX36KO DEGs)
64,1189.8734177215188,4.315148868273336,0.5223675879146402,DHX36KO,WT,parallel,down,188,WT (DHX36KO DEGs)
65,1240.506329113924,4.132880923600061,0.48467948650492254,DHX36KO,WT,parallel,down,188,WT (DHX36KO DEGs)
66,1291.1392405063293,4.007287696629551,0.46678218921729175,DHX36KO,WT,parallel,down,188,WT (DHX36KO DEGs)
67,1341.7721518987341,3.8824012687020266,0.4825677952929788,DHX36KO,WT,parallel,down,188,WT (DHX36KO DEGs)
68,1392.4050632911394,3.7417511871140055,0.5111494652678732,DHX36KO,WT,parallel,down,188,WT (DHX36KO DEGs)
69,1443.0379746835442,3.9067674336746228,0.5652906606300051,DHX36KO,WT,parallel,down,188,WT (DHX36KO DEGs)
70,1493.6708860759495,3.9120275358401293,0.5588808179744742,DHX36KO,WT,parallel,down,188,WT (DHX36KO DEGs)
71,1544.3037974683543,3.8523731007178625,0.5214340451169003,DHX36KO,WT,parallel,down,188,WT (DHX36KO DEGs)
72,1594.9367088607596,3.67290323689897,0.41520427512868235,DHX36KO,WT,parallel,down,188,WT (DHX36KO DEGs)
73,1645.5696202531644,3.549593261865014,0.3595083224604038,DHX36KO,WT,parallel,down,188,WT (DHX36KO DEGs)
74,1696.2025316455697,3.4787214680470475,0.3593502932647973,DHX36KO,WT,parallel,down,188,WT (DHX36KO DEGs)
75,1746.8354430379745,3.4227537921768554,0.37301617541624343,DHX36KO,WT,parallel,down,188,WT (DHX36KO DEGs)
76,1797.4683544303798,3.4665169517495107,0.3827139607687156,DHX36KO,WT,parallel,down,188,WT (DHX36KO DEGs)
77,1848.1012658227846,3.3576667842543717,0.3629381844317924,DHX36KO,WT,parallel,down,188,WT (DHX36KO DEGs)
78,1898.73417721519,3.1721898161815414,0.35544514999496024,DHX36KO,WT,parallel,down,188,WT (DHX36KO DEGs)
79,1949.3670886075947,3.065983538860125,0.32675539684125987,DHX36KO,WT,parallel,down,188,WT (DHX36KO DEGs)
80,2000,3.0585667168629085,0.3122081592183053,DHX36KO,WT,parallel,down,188,WT (DHX36KO DEGs)
1,-2000,5.751546961215505,2.6591208520026406,DHX36KO,WT,antiparallel,up,19,WT (DHX36KO DEGs)
2,-1949.367088607595,5.289063221906361,2.140134479519688,DHX36KO,WT,antiparallel,up,19,WT (DHX36KO DEGs)
3,-1898.73417721519,4.742294574034841,1.5311852305819513,DHX36KO,WT,antiparallel,up,19,WT (DHX36KO DEGs)
4,-1848.1012658227849,4.093895023872978,1.1342291108601839,DHX36KO,WT,antiparallel,up,19,WT (DHX36KO DEGs)
5,-1797.4683544303798,3.607981576333966,0.9918619210833537,DHX36KO,WT,antiparallel,up,19,WT (DHX36KO DEGs)
6,-1746.8354430379748,3.429324790636698,0.8657999780625587,DHX36KO,WT,antiparallel,up,19,WT (DHX36KO DEGs)
7,-1696.2025316455697,3.4199965269523753,0.8018153889329489,DHX36KO,WT,antiparallel,up,19,WT (DHX36KO DEGs)
8,-1645.5696202531644,3.5093130494418894,0.900993806949848,DHX36KO,WT,antiparallel,up,19,WT (DHX36KO DEGs)
9,-1594.9367088607596,3.6615907784930446,1.1165045264013767,DHX36KO,WT,antiparallel,up,19,WT (DHX36KO DEGs)
10,-1544.3037974683543,3.8846604978410824,1.2866263532629216,DHX36KO,WT,antiparallel,up,19,WT (DHX36KO DEGs)
11,-1493.6708860759495,4.418137632462016,1.7382501146221603,DHX36KO,WT,antiparallel,up,19,WT (DHX36KO DEGs)
12,-1443.0379746835442,4.825798029564974,2.125558621551752,DHX36KO,WT,antiparallel,up,19,WT (DHX36KO DEGs)
13,-1392.4050632911392,5.503662093396772,2.437298839066218,DHX36KO,WT,antiparallel,up,19,WT (DHX36KO DEGs)
14,-1341.7721518987341,6.4470030390170585,2.9894177005112974,DHX36KO,WT,antiparallel,up,19,WT (DHX36KO DEGs)
15,-1291.139240506329,8.143749936087088,4.305217934278868,DHX36KO,WT,antiparallel,up,19,WT (DHX36KO DEGs)
16,-1240.506329113924,9.121687450408936,5.3047526481565,DHX36KO,WT,antiparallel,up,19,WT (DHX36KO DEGs)
17,-1189.873417721519,9.595398447178958,5.685724798147515,DHX36KO,WT,antiparallel,up,19,WT (DHX36KO DEGs)
18,-1139.240506329114,9.529738342469198,5.498774457526099,DHX36KO,WT,antiparallel,up,19,WT (DHX36KO DEGs)
19,-1088.607594936709,8.82089815436748,4.823657758112318,DHX36KO,WT,antiparallel,up,19,WT (DHX36KO DEGs)
20,-1037.9746835443038,7.321312765531372,3.7871557561414884,DHX36KO,WT,antiparallel,up,19,WT (DHX36KO DEGs)
21,-987.3417721518988,6.1156999419864855,2.9616778385665317,DHX36KO,WT,antiparallel,up,19,WT (DHX36KO DEGs)
22,-936.7088607594937,5.764962112652628,2.5762255371656675,DHX36KO,WT,antiparallel,up,19,WT (DHX36KO DEGs)
23,-886.0759493670887,5.831866991603584,2.2512436012243313,DHX36KO,WT,antiparallel,up,19,WT (DHX36KO DEGs)
24,-835.4430379746836,5.733128318953932,2.079551051391686,DHX36KO,WT,antiparallel,up,19,WT (DHX36KO DEGs)
25,-784.8101265822784,4.8391214226421555,1.555248308730732,DHX36KO,WT,antiparallel,up,19,WT (DHX36KO DEGs)
26,-734.1772151898733,4.337950875675469,1.292561570454974,DHX36KO,WT,antiparallel,up,19,WT (DHX36KO DEGs)
27,-683.5443037974683,3.338122716702913,0.881875954748335,DHX36KO,WT,antiparallel,up,19,WT (DHX36KO DEGs)
28,-632.9113924050632,3.043045514131847,0.7508495332021398,DHX36KO,WT,antiparallel,up,19,WT (DHX36KO DEGs)
29,-582.2784810126582,2.901525182933138,0.711722640136831,DHX36KO,WT,antiparallel,up,19,WT (DHX36KO DEGs)
30,-531.6455696202531,2.8002231434353613,0.6120763014540185,DHX36KO,WT,antiparallel,up,19,WT (DHX36KO DEGs)
31,-481.0126582278481,2.58706630823905,0.5807935596771866,DHX36KO,WT,antiparallel,up,19,WT (DHX36KO DEGs)
32,-430.37974683544303,2.476513909875301,0.5358901973097027,DHX36KO,WT,antiparallel,up,19,WT (DHX36KO DEGs)
33,-379.746835443038,2.3324328441787183,0.4180812908652524,DHX36KO,WT,antiparallel,up,19,WT (DHX36KO DEGs)
34,-329.11392405063293,2.0164171782711096,0.43657646402218436,DHX36KO,WT,antiparallel,up,19,WT (DHX36KO DEGs)
35,-278.4810126582279,1.8298225520786486,0.41148754225302075,DHX36KO,WT,antiparallel,up,19,WT (DHX36KO DEGs)
36,-227.84810126582283,1.7719035245242871,0.43063107910663434,DHX36KO,WT,antiparallel,up,19,WT (DHX36KO DEGs)
37,-177.21518987341778,1.6109843586202253,0.4342813809983564,DHX36KO,WT,antiparallel,up,19,WT (DHX36KO DEGs)
38,-126.58227848101274,1.5629951370808115,0.5089017952652185,DHX36KO,WT,antiparallel,up,19,WT (DHX36KO DEGs)
39,-75.94936708860769,1.6454200289542216,0.5215090194017034,DHX36KO,WT,antiparallel,up,19,WT (DHX36KO DEGs)
40,-25.316455696202638,1.7295969273751242,0.4671620133872154,DHX36KO,WT,antiparallel,up,19,WT (DHX36KO DEGs)
41,25.31645569620241,1.8975752245334156,0.47589535278302864,DHX36KO,WT,antiparallel,up,19,WT (DHX36KO DEGs)
42,75.94936708860769,1.9547996812536006,0.4263125451825883,DHX36KO,WT,antiparallel,up,19,WT (DHX36KO DEGs)
43,126.58227848101251,2.039444560293566,0.5340799271829053,DHX36KO,WT,antiparallel,up,19,WT (DHX36KO DEGs)
44,177.21518987341778,2.2489239023024576,0.7371612393501392,DHX36KO,WT,antiparallel,up,19,WT (DHX36KO DEGs)
45,227.8481012658226,2.7953599833605582,0.9772602297106346,DHX36KO,WT,antiparallel,up,19,WT (DHX36KO DEGs)
46,278.4810126582279,3.029685429732005,1.1424393636218353,DHX36KO,WT,antiparallel,up,19,WT (DHX36KO DEGs)
47,329.1139240506327,2.9581282573833803,1.1614572647741601,DHX36KO,WT,antiparallel,up,19,WT (DHX36KO DEGs)
48,379.746835443038,2.913941002310368,1.0887344567583779,DHX36KO,WT,antiparallel,up,19,WT (DHX36KO DEGs)
49,430.37974683544326,2.8345272697482193,0.8430626013712001,DHX36KO,WT,antiparallel,up,19,WT (DHX36KO DEGs)
50,481.0126582278481,3.1393801988216867,0.7894644663136822,DHX36KO,WT,antiparallel,up,19,WT (DHX36KO DEGs)
51,531.6455696202534,3.2164643910056667,0.7119191331562157,DHX36KO,WT,antiparallel,up,19,WT (DHX36KO DEGs)
52,582.2784810126582,3.2332103379567463,1.031750237143554,DHX36KO,WT,antiparallel,up,19,WT (DHX36KO DEGs)
53,632.9113924050635,3.587663317730552,1.518699439651397,DHX36KO,WT,antiparallel,up,19,WT (DHX36KO DEGs)
54,683.5443037974683,3.740628261858957,1.4999914187040722,DHX36KO,WT,antiparallel,up,19,WT (DHX36KO DEGs)
55,734.1772151898736,3.4354728148694624,1.1300521152304837,DHX36KO,WT,antiparallel,up,19,WT (DHX36KO DEGs)
56,784.8101265822784,3.807806125816546,1.2957702232931632,DHX36KO,WT,antiparallel,up,19,WT (DHX36KO DEGs)
57,835.4430379746836,4.188949512264185,1.4531565691023036,DHX36KO,WT,antiparallel,up,19,WT (DHX36KO DEGs)
58,886.0759493670885,4.977659529008363,1.670479557456735,DHX36KO,WT,antiparallel,up,19,WT (DHX36KO DEGs)
59,936.7088607594937,5.5238139231163155,1.839083046777663,DHX36KO,WT,antiparallel,up,19,WT (DHX36KO DEGs)
60,987.3417721518986,5.811780707794323,1.922471209880425,DHX36KO,WT,antiparallel,up,19,WT (DHX36KO DEGs)
61,1037.9746835443038,5.962456261818869,1.9769522902840275,DHX36KO,WT,antiparallel,up,19,WT (DHX36KO DEGs)
62,1088.6075949367087,6.5848550840428,2.248152485449657,DHX36KO,WT,antiparallel,up,19,WT (DHX36KO DEGs)
63,1139.240506329114,6.9780952143250845,2.456187554272938,DHX36KO,WT,antiparallel,up,19,WT (DHX36KO DEGs)
64,1189.8734177215188,7.676263300828766,2.689723061465753,DHX36KO,WT,antiparallel,up,19,WT (DHX36KO DEGs)
65,1240.506329113924,7.903912446666182,2.785223085085527,DHX36KO,WT,antiparallel,up,19,WT (DHX36KO DEGs)
66,1291.1392405063293,7.967817813471744,2.759702683460694,DHX36KO,WT,antiparallel,up,19,WT (DHX36KO DEGs)
67,1341.7721518987341,7.395816182630104,2.4545652305687637,DHX36KO,WT,antiparallel,up,19,WT (DHX36KO DEGs)
68,1392.4050632911394,5.632741178504208,1.5679724464419431,DHX36KO,WT,antiparallel,up,19,WT (DHX36KO DEGs)
69,1443.0379746835442,4.330729793247424,1.121951907531069,DHX36KO,WT,antiparallel,up,19,WT (DHX36KO DEGs)
70,1493.6708860759495,3.8977895624595775,1.011654335747442,DHX36KO,WT,antiparallel,up,19,WT (DHX36KO DEGs)
71,1544.3037974683543,3.6965197813720034,0.9572153981786725,DHX36KO,WT,antiparallel,up,19,WT (DHX36KO DEGs)
72,1594.9367088607596,3.3457281348998085,0.8842757357061013,DHX36KO,WT,antiparallel,up,19,WT (DHX36KO DEGs)
73,1645.5696202531644,3.4208943776080485,0.88491897657719365,DHX36KO,WT,antiparallel,up,19,WT (DHX36KO DEGs)
74,1696.2025316455697,3.597687288376323,0.8828650852788277,DHX36KO,WT,antiparallel,up,19,WT (DHX36KO DEGs)
75,1746.8354430379745,3.43816578927793,0.8301917101220633,DHX36KO,WT,antiparallel,up,19,WT (DHX36KO DEGs)
76,1797.4683544303798,3.1177998022029274,0.7491716920610042,DHX36KO,WT,antiparallel,up,19,WT (DHX36KO DEGs)
77,1848.1012658227846,2.605336615077236,0.6530335457832843,DHX36KO,WT,antiparallel,up,19,WT (DHX36KO DEGs)
78,1898.73417721519,2.282189138730367,0.6530086347316637,DHX36KO,WT,antiparallel,up,19,WT (DHX36KO DEGs)
79,1949.3670886075947,2.0348248202340646,0.5223906163703499,DHX36KO,WT,antiparallel,up,19,WT (DHX36KO DEGs)
80,2000,1.9501136437633582,0.478688562868062,DHX36KO,WT,antiparallel,up,19,WT (DHX36KO DEGs)
1,-2000,1.5807332393579316,0.20794175263611797,DHX36KO,WT,antiparallel,down,19,WT (DHX36KO DEGs)
2,-1949.367088607595,1.6139528766431306,0.17012533407923786,DHX36KO,WT,antiparallel,down,19,WT (DHX36KO DEGs)
3,-1898.73417721519,1.4282981959560461,0.19761513655745436,DHX36KO,WT,antiparallel,down,19,WT (DHX36KO DEGs)
4,-1848.1012658227849,1.4735004967973944,0.2678691004309382,DHX36KO,WT,antiparallel,down,19,WT (DHX36KO DEGs)
5,-1797.4683544303798,1.718965135666362,0.4095400022382439,DHX36KO,WT,antiparallel,down,19,WT (DHX36KO DEGs)
6,-1746.8354430379748,1.9705971488199736,0.537146841227927,DHX36KO,WT,antiparallel,down,19,WT (DHX36KO DEGs)
7,-1696.2025316455697,2.1031457829057123,0.6249853418877068,DHX36KO,WT,antiparallel,down,19,WT (DHX36KO DEGs)
8,-1645.5696202531644,2.4465595290953654,0.6782351051461825,DHX36KO,WT,antiparallel,down,19,WT (DHX36KO DEGs)
9,-1594.9367088607596,2.372113626170577,0.6132907533320789,DHX36KO,WT,antiparallel,down,19,WT (DHX36KO DEGs)
10,-1544.3037974683543,2.1727692896859687,0.5758362022990453,DHX36KO,WT,antiparallel,down,19,WT (DHX36KO DEGs)
11,-1493.6708860759495,2.1256431339079875,0.48784562455746916,DHX36KO,WT,antiparallel,down,19,WT (DHX36KO DEGs)
12,-1443.0379746835442,1.9290144973888732,0.4087913058316464,DHX36KO,WT,antiparallel,down,19,WT (DHX36KO DEGs)
13,-1392.4050632911392,2.3942969487006205,0.48107750921604564,DHX36KO,WT,antiparallel,down,19,WT (DHX36KO DEGs)
14,-1341.7721518987341,2.551412901711046,0.5750169245175621,DHX36KO,WT,antiparallel,down,19,WT (DHX36KO DEGs)
15,-1291.139240506329,2.8281033604605157,0.7846133978149833,DHX36KO,WT,antiparallel,down,19,WT (DHX36KO DEGs)
16,-1240.506329113924,3.1023936317678085,1.1337650395788084,DHX36KO,WT,antiparallel,down,19,WT (DHX36KO DEGs)
17,-1189.873417721519,3.6282599283519543,1.4008259013165476,DHX36KO,WT,antiparallel,down,19,WT (DHX36KO DEGs)
18,-1139.240506329114,4.0013219203028765,1.6374199496437638,DHX36KO,WT,antiparallel,down,19,WT (DHX36KO DEGs)
19,-1088.607594936709,3.876383463123388,1.5758284785467913,DHX36KO,WT,antiparallel,down,19,WT (DHX36KO DEGs)
20,-1037.9746835443038,3.705166118354128,1.5027602705601224,DHX36KO,WT,antiparallel,down,19,WT (DHX36KO DEGs)
21,-987.3417721518988,3.8768344262190033,1.5325270847483545,DHX36KO,WT,antiparallel,down,19,WT (DHX36KO DEGs)
22,-936.7088607594937,4.242096972298204,1.544250376391631,DHX36KO,WT,antiparallel,down,19,WT (DHX36KO DEGs)
23,-886.0759493670887,4.190628490071548,1.4084654152504819,DHX36KO,WT,antiparallel,down,19,WT (DHX36KO DEGs)
24,-835.4430379746836,4.794006751378377,1.3879625778155236,DHX36KO,WT,antiparallel,down,19,WT (DHX36KO DEGs)
25,-784.8101265822784,4.865746339538641,1.3691691052838968,DHX36KO,WT,antiparallel,down,19,WT (DHX36KO DEGs)
26,-734.1772151898733,4.839655095234252,1.3778375389494273,DHX36KO,WT,antiparallel,down,19,WT (DHX36KO DEGs)
27,-683.5443037974683,4.5415084268753985,1.531436759421028,DHX36KO,WT,antiparallel,down,19,WT (DHX36KO DEGs)
28,-632.9113924050632,4.728143823606926,1.7589924959272385,DHX36KO,WT,antiparallel,down,19,WT (DHX36KO DEGs)
29,-582.2784810126582,4.73570359585578,1.8003734229892123,DHX36KO,WT,antiparallel,down,19,WT (DHX36KO DEGs)
30,-531.6455696202531,4.595008436420508,1.7742038033739949,DHX36KO,WT,antiparallel,down,19,WT (DHX36KO DEGs)
31,-481.0126582278481,4.612655340537691,1.6449193805009392,DHX36KO,WT,antiparallel,down,19,WT (DHX36KO DEGs)
32,-430.37974683544303,5.162020310058928,1.8293873945825803,DHX36KO,WT,antiparallel,down,19,WT (DHX36KO DEGs)
33,-379.746835443038,5.307594291536431,2.112776947858317,DHX36KO,WT,antiparallel,down,19,WT (DHX36KO DEGs)
34,-329.11392405063293,5.6236651217728335,2.4701458248824575,DHX36KO,WT,antiparallel,down,19,WT (DHX36KO DEGs)
35,-278.4810126582279,6.856112255799142,3.409378327852399,DHX36KO,WT,antiparallel,down,19,WT (DHX36KO DEGs)
36,-227.84810126582283,7.969331406626786,4.260764710604113,DHX36KO,WT,antiparallel,down,19,WT (DHX36KO DEGs)
37,-177.21518987341778,7.846616175132885,4.433271987915286,DHX36KO,WT,antiparallel,down,19,WT (DHX36KO DEGs)
38,-126.58227848101274,6.953868767378623,3.9072920245426244,DHX36KO,WT,antiparallel,down,19,WT (DHX36KO DEGs)
39,-75.94936708860769,5.847554039244066,3.194606941097031,DHX36KO,WT,antiparallel,down,19,WT (DHX36KO DEGs)
40,-25.316455696202638,5.27960821005336,2.7262490231211336,DHX36KO,WT,antiparallel,down,19,WT (DHX36KO DEGs)
41,25.31645569620241,5.229927777114668,2.5133719710770555,DHX36KO,WT,antiparallel,down,19,WT (DHX36KO DEGs)
42,75.94936708860769,5.262606716114178,2.330989012087923,DHX36KO,WT,antiparallel,down,19,WT (DHX36KO DEGs)
43,126.58227848101251,4.688869104092581,1.8674755748226561,DHX36KO,WT,antiparallel,down,19,WT (DHX36KO DEGs)
44,177.21518987341778,3.8518578586662024,1.0977072760239672,DHX36KO,WT,antiparallel,down,19,WT (DHX36KO DEGs)
45,227.8481012658226,3.5463149135991148,0.8908259541009679,DHX36KO,WT,antiparallel,down,19,WT (DHX36KO DEGs)
46,278.4810126582279,3.290953407956843,0.7658897933544639,DHX36KO,WT,antiparallel,down,19,WT (DHX36KO DEGs)
47,329.1139240506327,2.792790380737238,0.6028837432992695,DHX36KO,WT,antiparallel,down,19,WT (DHX36KO DEGs)
48,379.746835443038,2.7109723327452677,0.6159025274413819,DHX36KO,WT,antiparallel,down,19,WT (DHX36KO DEGs)
49,430.37974683544326,2.802457961576027,0.6310684794280632,DHX36KO,WT,antiparallel,down,19,WT (DHX36KO DEGs)
50,481.0126582278481,2.7084680543866075,0.5519170047671926,DHX36KO,WT,antiparallel,down,19,WT (DHX36KO DEGs)
51,531.6455696202534,2.7026506717581498,0.5391146449460429,DHX36KO,WT,antiparallel,down,19,WT (DHX36KO DEGs)
52,582.2784810126582,2.418454741636912,0.5098616517572028,DHX36KO,WT,antiparallel,down,19,WT (DHX36KO DEGs)
53,632.9113924050635,2.1917820995732358,0.4285383640849241,DHX36KO,WT,antiparallel,down,19,WT (DHX36KO DEGs)
54,683.5443037974683,2.2959266972960086,0.49280640185338254,DHX36KO,WT,antiparallel,down,19,WT (DHX36KO DEGs)
55,734.1772151898736,2.9886273908196834,0.6724466301820426,DHX36KO,WT,antiparallel,down,19,WT (DHX36KO DEGs)
56,784.8101265822784,3.2243101539109884,0.7357010687603408,DHX36KO,WT,antiparallel,down,19,WT (DHX36KO DEGs)
57,835.4430379746836,3.11752512120364,0.6880076756880374,DHX36KO,WT,antiparallel,down,19,WT (DHX36KO DEGs)
58,886.0759493670885,2.6256459102295993,0.39940001161089295,DHX36KO,WT,antiparallel,down,19,WT (DHX36KO DEGs)
59,936.7088607594937,2.1585977330542447,0.3666987557072559,DHX36KO,WT,antiparallel,down,19,WT (DHX36KO DEGs)
60,987.3417721518986,1.8868960675440336,0.3193222484601558,DHX36KO,WT,antiparallel,down,19,WT (DHX36KO DEGs)
61,1037.9746835443038,2.033509477523335,0.45786350066035253,DHX36KO,WT,antiparallel,down,19,WT (DHX36KO DEGs)
62,1088.6075949367087,2.254212697848939,0.6233091956823422,DHX36KO,WT,antiparallel,down,19,WT (DHX36KO DEGs)
63,1139.240506329114,2.2392154358980947,0.6153942171420445,DHX36KO,WT,antiparallel,down,19,WT (DHX36KO DEGs)
64,1189.8734177215188,2.1416174359907183,0.5251623805863332,DHX36KO,WT,antiparallel,down,19,WT (DHX36KO DEGs)
65,1240.506329113924,2.18947442736542,0.5155137188735196,DHX36KO,WT,antiparallel,down,19,WT (DHX36KO DEGs)
66,1291.1392405063293,2.374973348441877,0.5421256455151998,DHX36KO,WT,antiparallel,down,19,WT (DHX36KO DEGs)
67,1341.7721518987341,2.497220498009732,0.5583476142025174,DHX36KO,WT,antiparallel,down,19,WT (DHX36KO DEGs)
68,1392.4050632911394,1.826770579522116,0.37161375488521037,DHX36KO,WT,antiparallel,down,19,WT (DHX36KO DEGs)
69,1443.0379746835442,1.5688165109617669,0.3462002982668193,DHX36KO,WT,antiparallel,down,19,WT (DHX36KO DEGs)
70,1493.6708860759495,1.5033696715037028,0.41397843844367177,DHX36KO,WT,antiparallel,down,19,WT (DHX36KO DEGs)
71,1544.3037974683543,1.309922882464894,0.41659270165103013,DHX36KO,WT,antiparallel,down,19,WT (DHX36KO DEGs)
72,1594.9367088607596,1.2885553581254523,0.4014724437828177,DHX36KO,WT,antiparallel,down,19,WT (DHX36KO DEGs)
73,1645.5696202531644,1.3188855881021735,0.45493506451367993,DHX36KO,WT,antiparallel,down,19,WT (DHX36KO DEGs)
74,1696.2025316455697,1.1948595284997372,0.3962198900236915,DHX36KO,WT,antiparallel,down,19,WT (DHX36KO DEGs)
75,1746.8354430379745,1.0384087614427533,0.3941318424781954,DHX36KO,WT,antiparallel,down,19,WT (DHX36KO DEGs)
76,1797.4683544303798,1.051782339372133,0.4843604562948406,DHX36KO,WT,antiparallel,down,19,WT (DHX36KO DEGs)
77,1848.1012658227846,1.236383210776145,0.4494782404995137,DHX36KO,WT,antiparallel,down,19,WT (DHX36KO DEGs)
78,1898.73417721519,1.3520067633662307,0.3379155500371319,DHX36KO,WT,antiparallel,down,19,WT (DHX36KO DEGs)
79,1949.3670886075947,1.4969361987866854,0.36701024665650167,DHX36KO,WT,antiparallel,down,19,WT (DHX36KO DEGs)
80,2000,1.5557020408647102,0.3999259586321603,DHX36KO,WT,antiparallel,down,19,WT (DHX36KO DEGs)
1,-2000,3.5356719864535537,1.1215202533970643,DHX36KO,WT,hybrid,up,39,WT (DHX36KO DEGs)
2,-1949.367088607595,3.423984714287978,0.9877383735100235,DHX36KO,WT,hybrid,up,39,WT (DHX36KO DEGs)
3,-1898.73417721519,3.213736589219835,0.7841342561510404,DHX36KO,WT,hybrid,up,39,WT (DHX36KO DEGs)
4,-1848.1012658227849,3.0721582208128058,0.7231425453957199,DHX36KO,WT,hybrid,up,39,WT (DHX36KO DEGs)
5,-1797.4683544303798,3.2172522233897802,0.6366119295409498,DHX36KO,WT,hybrid,up,39,WT (DHX36KO DEGs)
6,-1746.8354430379748,3.306849830578535,0.5523765958652793,DHX36KO,WT,hybrid,up,39,WT (DHX36KO DEGs)
7,-1696.2025316455697,3.766355142573006,0.644721368311027,DHX36KO,WT,hybrid,up,39,WT (DHX36KO DEGs)
8,-1645.5696202531644,3.8929571022742833,0.7527518431460164,DHX36KO,WT,hybrid,up,39,WT (DHX36KO DEGs)
9,-1594.9367088607596,3.928343345527975,0.8758988701480582,DHX36KO,WT,hybrid,up,39,WT (DHX36KO DEGs)
10,-1544.3037974683543,4.130039994084937,1.075041969211176,DHX36KO,WT,hybrid,up,39,WT (DHX36KO DEGs)
11,-1493.6708860759495,4.504389826578971,1.2452769449387855,DHX36KO,WT,hybrid,up,39,WT (DHX36KO DEGs)
12,-1443.0379746835442,4.665481608830966,1.398935443117191,DHX36KO,WT,hybrid,up,39,WT (DHX36KO DEGs)
13,-1392.4050632911392,4.52974138361776,1.4075354263328206,DHX36KO,WT,hybrid,up,39,WT (DHX36KO DEGs)
14,-1341.7721518987341,4.525547940262363,1.363485864349014,DHX36KO,WT,hybrid,up,39,WT (DHX36KO DEGs)
15,-1291.139240506329,3.812896408443777,0.921739216045579,DHX36KO,WT,hybrid,up,39,WT (DHX36KO DEGs)
16,-1240.506329113924,3.592532135869703,0.7488793576141372,DHX36KO,WT,hybrid,up,39,WT (DHX36KO DEGs)
17,-1189.873417721519,3.662351072262495,0.7019310478921601,DHX36KO,WT,hybrid,up,39,WT (DHX36KO DEGs)
18,-1139.240506329114,3.7134451296186852,0.6642711348934182,DHX36KO,WT,hybrid,up,39,WT (DHX36KO DEGs)
19,-1088.607594936709,3.6912025891206204,0.6573371436851825,DHX36KO,WT,hybrid,up,39,WT (DHX36KO DEGs)
20,-1037.9746835443038,3.8217311981396795,0.6906494814975932,DHX36KO,WT,hybrid,up,39,WT (DHX36KO DEGs)
21,-987.3417721518988,3.4646131526099313,0.5501231173901678,DHX36KO,WT,hybrid,up,39,WT (DHX36KO DEGs)
22,-936.7088607594937,3.171547359829275,0.48914040530743275,DHX36KO,WT,hybrid,up,39,WT (DHX36KO DEGs)
23,-886.0759493670887,2.9470049571175863,0.42330588073266534,DHX36KO,WT,hybrid,up,39,WT (DHX36KO DEGs)
24,-835.4430379746836,2.841739854751489,0.37533749473810674,DHX36KO,WT,hybrid,up,39,WT (DHX36KO DEGs)
25,-784.8101265822784,2.8629363461029835,0.33673353121711086,DHX36KO,WT,hybrid,up,39,WT (DHX36KO DEGs)
26,-734.1772151898733,3.080636044261802,0.3351774263760711,DHX36KO,WT,hybrid,up,39,WT (DHX36KO DEGs)
27,-683.5443037974683,3.276636261206407,0.40116181132363754,DHX36KO,WT,hybrid,up,39,WT (DHX36KO DEGs)
28,-632.9113924050632,3.2489831483465994,0.4461771211955502,DHX36KO,WT,hybrid,up,39,WT (DHX36KO DEGs)
29,-582.2784810126582,3.1642830608033727,0.4924041360241589,DHX36KO,WT,hybrid,up,39,WT (DHX36KO DEGs)
30,-531.6455696202531,3.281466399054242,0.5215250257918614,DHX36KO,WT,hybrid,up,39,WT (DHX36KO DEGs)
31,-481.0126582278481,3.319952086974413,0.5446506588181476,DHX36KO,WT,hybrid,up,39,WT (DHX36KO DEGs)
32,-430.37974683544303,3.5306760521424123,0.6045814273569206,DHX36KO,WT,hybrid,up,39,WT (DHX36KO DEGs)
33,-379.746835443038,3.779369800539098,0.6084966624130645,DHX36KO,WT,hybrid,up,39,WT (DHX36KO DEGs)
34,-329.11392405063293,4.019707351444114,0.7527870670248715,DHX36KO,WT,hybrid,up,39,WT (DHX36KO DEGs)
35,-278.4810126582279,4.703455403625456,1.2610817509615302,DHX36KO,WT,hybrid,up,39,WT (DHX36KO DEGs)
36,-227.84810126582283,5.128362460421701,1.4902750515339622,DHX36KO,WT,hybrid,up,39,WT (DHX36KO DEGs)
37,-177.21518987341778,5.280279144547944,1.6360977532455694,DHX36KO,WT,hybrid,up,39,WT (DHX36KO DEGs)
38,-126.58227848101274,5.370248024239499,1.9154209624131229,DHX36KO,WT,hybrid,up,39,WT (DHX36KO DEGs)
39,-75.94936708860769,5.806901960923121,2.3902003454910683,DHX36KO,WT,hybrid,up,39,WT (DHX36KO DEGs)
40,-25.316455696202638,6.718460762602652,3.3960120734694033,DHX36KO,WT,hybrid,up,39,WT (DHX36KO DEGs)
41,25.31645569620241,7.477890280413832,4.279395120901386,DHX36KO,WT,hybrid,up,39,WT (DHX36KO DEGs)
42,75.94936708860769,7.755934298609057,4.667197901934618,DHX36KO,WT,hybrid,up,39,WT (DHX36KO DEGs)
43,126.58227848101251,8.402891466087764,4.834830120133464,DHX36KO,WT,hybrid,up,39,WT (DHX36KO DEGs)
44,177.21518987341778,9.130414368657984,4.918876558964243,DHX36KO,WT,hybrid,up,39,WT (DHX36KO DEGs)
45,227.8481012658226,9.619270591674708,4.778274985251696,DHX36KO,WT,hybrid,up,39,WT (DHX36KO DEGs)
46,278.4810126582279,9.692955715085706,4.2248425223771235,DHX36KO,WT,hybrid,up,39,WT (DHX36KO DEGs)
47,329.1139240506327,8.957607927077856,3.3994874560499366,DHX36KO,WT,hybrid,up,39,WT (DHX36KO DEGs)
48,379.746835443038,7.325536178279127,2.0448236804525077,DHX36KO,WT,hybrid,up,39,WT (DHX36KO DEGs)
49,430.37974683544326,6.490054044805022,1.4970352877705184,DHX36KO,WT,hybrid,up,39,WT (DHX36KO DEGs)
50,481.0126582278481,5.539731044280224,1.0571227184389504,DHX36KO,WT,hybrid,up,39,WT (DHX36KO DEGs)
51,531.6455696202534,5.006695363806863,0.9435644883943436,DHX36KO,WT,hybrid,up,39,WT (DHX36KO DEGs)
52,582.2784810126582,4.786704321620811,0.8361126774033446,DHX36KO,WT,hybrid,up,39,WT (DHX36KO DEGs)
53,632.9113924050635,4.552221677282937,0.8106099338635874,DHX36KO,WT,hybrid,up,39,WT (DHX36KO DEGs)
54,683.5443037974683,4.319763456389436,0.8849837206604797,DHX36KO,WT,hybrid,up,39,WT (DHX36KO DEGs)
55,734.1772151898736,4.3482815223677544,0.9293550401707599,DHX36KO,WT,hybrid,up,39,WT (DHX36KO DEGs)
56,784.8101265822784,4.70435763958173,1.089943662659352,DHX36KO,WT,hybrid,up,39,WT (DHX36KO DEGs)
57,835.4430379746836,4.99050955849835,1.2280790378537076,DHX36KO,WT,hybrid,up,39,WT (DHX36KO DEGs)
58,886.0759493670885,5.299181931141095,1.3825045297891614,DHX36KO,WT,hybrid,up,39,WT (DHX36KO DEGs)
59,936.7088607594937,5.395130938036829,1.4384657070626985,DHX36KO,WT,hybrid,up,39,WT (DHX36KO DEGs)
60,987.3417721518986,5.594688565241985,1.5001101760654374,DHX36KO,WT,hybrid,up,39,WT (DHX36KO DEGs)
61,1037.9746835443038,5.4819589562701365,1.4329395105691503,DHX36KO,WT,hybrid,up,39,WT (DHX36KO DEGs)
62,1088.6075949367087,5.249770638983474,1.2453538677848892,DHX36KO,WT,hybrid,up,39,WT (DHX36KO DEGs)
63,1139.240506329114,4.840184364848667,1.1312650200994911,DHX36KO,WT,hybrid,up,39,WT (DHX36KO DEGs)
64,1189.8734177215188,4.412668551135267,0.9530241707120355,DHX36KO,WT,hybrid,up,39,WT (DHX36KO DEGs)
65,1240.506329113924,4.212690506592775,0.9204982238401288,DHX36KO,WT,hybrid,up,39,WT (DHX36KO DEGs)
66,1291.1392405063293,3.9550123707657185,0.833868923971733,DHX36KO,WT,hybrid,up,39,WT (DHX36KO DEGs)
67,1341.7721518987341,3.908524689226069,0.8166560960489102,DHX36KO,WT,hybrid,up,39,WT (DHX36KO DEGs)
68,1392.4050632911394,4.114494049121172,0.903848531651477,DHX36KO,WT,hybrid,up,39,WT (DHX36KO DEGs)
69,1443.0379746835442,4.206817882631579,0.9581526050267495,DHX36KO,WT,hybrid,up,39,WT (DHX36KO DEGs)
70,1493.6708860759495,4.318918945198385,1.093250787617805,DHX36KO,WT,hybrid,up,39,WT (DHX36KO DEGs)
71,1544.3037974683543,4.5771748147662885,1.4458862744538548,DHX36KO,WT,hybrid,up,39,WT (DHX36KO DEGs)
72,1594.9367088607596,4.496472825596475,1.6567865609840604,DHX36KO,WT,hybrid,up,39,WT (DHX36KO DEGs)
73,1645.5696202531644,4.505786864777916,1.8692103249880747,DHX36KO,WT,hybrid,up,39,WT (DHX36KO DEGs)
74,1696.2025316455697,4.677209326956007,1.906503081744389,DHX36KO,WT,hybrid,up,39,WT (DHX36KO DEGs)
75,1746.8354430379745,4.681450886848645,1.8021288454038256,DHX36KO,WT,hybrid,up,39,WT (DHX36KO DEGs)
76,1797.4683544303798,4.542949314484229,1.7176876588212953,DHX36KO,WT,hybrid,up,39,WT (DHX36KO DEGs)
77,1848.1012658227846,4.529163098396399,1.71788222506568,DHX36KO,WT,hybrid,up,39,WT (DHX36KO DEGs)
78,1898.73417721519,4.667853360889304,1.689532094878977,DHX36KO,WT,hybrid,up,39,WT (DHX36KO DEGs)
79,1949.3670886075947,4.636492141760312,1.5502251262358668,DHX36KO,WT,hybrid,up,39,WT (DHX36KO DEGs)
80,2000,4.11507405619336,1.2093351927848748,DHX36KO,WT,hybrid,up,39,WT (DHX36KO DEGs)
1,-2000,5.306682185048149,1.466716238136256,DHX36KO,WT,hybrid,down,28,WT (DHX36KO DEGs)
2,-1949.367088607595,4.636037510661852,1.1087400100667164,DHX36KO,WT,hybrid,down,28,WT (DHX36KO DEGs)
3,-1898.73417721519,4.81325401527541,1.1667761637326985,DHX36KO,WT,hybrid,down,28,WT (DHX36KO DEGs)
4,-1848.1012658227849,4.942349903555144,1.1865541794443992,DHX36KO,WT,hybrid,down,28,WT (DHX36KO DEGs)
5,-1797.4683544303798,4.842150405815669,1.1873611218468292,DHX36KO,WT,hybrid,down,28,WT (DHX36KO DEGs)
6,-1746.8354430379748,4.329372816085815,1.0037514584579077,DHX36KO,WT,hybrid,down,28,WT (DHX36KO DEGs)
7,-1696.2025316455697,4.008992432015282,0.890165742024897,DHX36KO,WT,hybrid,down,28,WT (DHX36KO DEGs)
8,-1645.5696202531644,3.6716332009860446,0.7367867081602365,DHX36KO,WT,hybrid,down,28,WT (DHX36KO DEGs)
9,-1594.9367088607596,3.4772337459098726,0.7006140861668733,DHX36KO,WT,hybrid,down,28,WT (DHX36KO DEGs)
10,-1544.3037974683543,3.5257098083269027,0.8767081120907327,DHX36KO,WT,hybrid,down,28,WT (DHX36KO DEGs)
11,-1493.6708860759495,3.652613103049142,1.0343964255237243,DHX36KO,WT,hybrid,down,28,WT (DHX36KO DEGs)
12,-1443.0379746835442,3.4682577114445823,0.9511217320573542,DHX36KO,WT,hybrid,down,28,WT (DHX36KO DEGs)
13,-1392.4050632911392,3.5127844756273996,0.9108602479650202,DHX36KO,WT,hybrid,down,28,WT (DHX36KO DEGs)
14,-1341.7721518987341,3.8279918397040595,1.0781929213094035,DHX36KO,WT,hybrid,down,28,WT (DHX36KO DEGs)
15,-1291.139240506329,4.153868470362254,1.1529179807236134,DHX36KO,WT,hybrid,down,28,WT (DHX36KO DEGs)
16,-1240.506329113924,4.442678704091481,1.265060930028447,DHX36KO,WT,hybrid,down,28,WT (DHX36KO DEGs)
17,-1189.873417721519,4.380464430195945,1.1995649350861808,DHX36KO,WT,hybrid,down,28,WT (DHX36KO DEGs)
18,-1139.240506329114,4.711269131387983,1.4548428418498829,DHX36KO,WT,hybrid,down,28,WT (DHX36KO DEGs)
19,-1088.607594936709,5.2015043029331025,1.715543703385198,DHX36KO,WT,hybrid,down,28,WT (DHX36KO DEGs)
20,-1037.9746835443038,5.269154200099764,1.8771922980964815,DHX36KO,WT,hybrid,down,28,WT (DHX36KO DEGs)
21,-987.3417721518988,5.676605507078625,2.0812276992824255,DHX36KO,WT,hybrid,down,28,WT (DHX36KO DEGs)
22,-936.7088607594937,6.1945741393736435,2.2263064947155753,DHX36KO,WT,hybrid,down,28,WT (DHX36KO DEGs)
23,-886.0759493670887,6.646460958038058,2.2738153943855406,DHX36KO,WT,hybrid,down,28,WT (DHX36KO DEGs)
24,-835.4430379746836,7.22650377250853,2.5291789400195723,DHX36KO,WT,hybrid,down,28,WT (DHX36KO DEGs)
25,-784.8101265822784,6.940440564467794,2.5255252847100973,DHX36KO,WT,hybrid,down,28,WT (DHX36KO DEGs)
26,-734.1772151898733,7.431894193490346,2.743506083915619,DHX36KO,WT,hybrid,down,28,WT (DHX36KO DEGs)
27,-683.5443037974683,7.191157704449835,2.6833509597531244,DHX36KO,WT,hybrid,down,28,WT (DHX36KO DEGs)
28,-632.9113924050632,6.731571308573087,2.2921183701152588,DHX36KO,WT,hybrid,down,28,WT (DHX36KO DEGs)
29,-582.2784810126582,6.3195893862701595,1.903905868502024,DHX36KO,WT,hybrid,down,28,WT (DHX36KO DEGs)
30,-531.6455696202531,6.726623765343711,1.672721093243131,DHX36KO,WT,hybrid,down,28,WT (DHX36KO DEGs)
31,-481.0126582278481,7.03046319720291,1.7049419913165553,DHX36KO,WT,hybrid,down,28,WT (DHX36KO DEGs)
32,-430.37974683544303,7.170049145278476,1.7731489050932565,DHX36KO,WT,hybrid,down,28,WT (DHX36KO DEGs)
33,-379.746835443038,7.578624324628285,1.7935334234827505,DHX36KO,WT,hybrid,down,28,WT (DHX36KO DEGs)
34,-329.11392405063293,7.579787235912822,1.698592023839864,DHX36KO,WT,hybrid,down,28,WT (DHX36KO DEGs)
35,-278.4810126582279,7.965066530335517,1.9252706800758959,DHX36KO,WT,hybrid,down,28,WT (DHX36KO DEGs)
36,-227.84810126582283,8.173323638921692,2.12866797771115,DHX36KO,WT,hybrid,down,28,WT (DHX36KO DEGs)
37,-177.21518987341778,9.258677154523985,2.4882748494315696,DHX36KO,WT,hybrid,down,28,WT (DHX36KO DEGs)
38,-126.58227848101274,10.014608341512226,2.8673387239607444,DHX36KO,WT,hybrid,down,28,WT (DHX36KO DEGs)
39,-75.94936708860769,10.90468415359656,3.8195115709226912,DHX36KO,WT,hybrid,down,28,WT (DHX36KO DEGs)
40,-25.316455696202638,11.841484350817543,4.724682252202424,DHX36KO,WT,hybrid,down,28,WT (DHX36KO DEGs)
41,25.31645569620241,12.00757752497991,4.840556549028401,DHX36KO,WT,hybrid,down,28,WT (DHX36KO DEGs)
42,75.94936708860769,10.817408863873709,4.298957456382279,DHX36KO,WT,hybrid,down,28,WT (DHX36KO DEGs)
43,126.58227848101251,10.140985121954055,4.035117026360097,DHX36KO,WT,hybrid,down,28,WT (DHX36KO DEGs)
44,177.21518987341778,9.503598829564595,3.683545849992891,DHX36KO,WT,hybrid,down,28,WT (DHX36KO DEGs)
45,227.8481012658226,8.425091391063873,3.132150933599804,DHX36KO,WT,hybrid,down,28,WT (DHX36KO DEGs)
46,278.4810126582279,7.586779120365779,2.675497046967336,DHX36KO,WT,hybrid,down,28,WT (DHX36KO DEGs)
47,329.1139240506327,6.450120886479105,2.0061025853917505,DHX36KO,WT,hybrid,down,28,WT (DHX36KO DEGs)
48,379.746835443038,5.9219776662190755,1.7619529083866454,DHX36KO,WT,hybrid,down,28,WT (DHX36KO DEGs)
49,430.37974683544326,5.497036860613596,1.4078310509487197,DHX36KO,WT,hybrid,down,28,WT (DHX36KO DEGs)
50,481.0126582278481,5.4347283861466815,1.338585677731418,DHX36KO,WT,hybrid,down,28,WT (DHX36KO DEGs)
51,531.6455696202534,4.797384389780817,1.1832135738715754,DHX36KO,WT,hybrid,down,28,WT (DHX36KO DEGs)
52,582.2784810126582,4.006862672226769,1.0517800428010815,DHX36KO,WT,hybrid,down,28,WT (DHX36KO DEGs)
53,632.9113924050635,3.6190401215496517,0.9909928228204289,DHX36KO,WT,hybrid,down,28,WT (DHX36KO DEGs)
54,683.5443037974683,3.459991742031915,0.8862471806042101,DHX36KO,WT,hybrid,down,28,WT (DHX36KO DEGs)
55,734.1772151898736,3.4572533487422126,0.8931506737651819,DHX36KO,WT,hybrid,down,28,WT (DHX36KO DEGs)
56,784.8101265822784,3.4641018651496798,0.9734949840367026,DHX36KO,WT,hybrid,down,28,WT (DHX36KO DEGs)
57,835.4430379746836,3.5529484178906396,1.0356071244512803,DHX36KO,WT,hybrid,down,28,WT (DHX36KO DEGs)
58,886.0759493670885,3.6318389403820035,1.0916545229463068,DHX36KO,WT,hybrid,down,28,WT (DHX36KO DEGs)
59,936.7088607594937,3.5757348438103995,1.1802392804610742,DHX36KO,WT,hybrid,down,28,WT (DHX36KO DEGs)
60,987.3417721518986,4.07826696055276,1.4320778910903948,DHX36KO,WT,hybrid,down,28,WT (DHX36KO DEGs)
61,1037.9746835443038,4.330305722128777,1.5110160426532016,DHX36KO,WT,hybrid,down,28,WT (DHX36KO DEGs)
62,1088.6075949367087,4.206943170030912,1.384835617260369,DHX36KO,WT,hybrid,down,28,WT (DHX36KO DEGs)
63,1139.240506329114,4.3119515723557695,1.3094973021467877,DHX36KO,WT,hybrid,down,28,WT (DHX36KO DEGs)
64,1189.8734177215188,4.187196987328075,1.272006203247851,DHX36KO,WT,hybrid,down,28,WT (DHX36KO DEGs)
65,1240.506329113924,4.088172083667346,1.2195155348402678,DHX36KO,WT,hybrid,down,28,WT (DHX36KO DEGs)
66,1291.1392405063293,3.837783602703185,1.1149098003427214,DHX36KO,WT,hybrid,down,28,WT (DHX36KO DEGs)
67,1341.7721518987341,3.5632128660167965,0.8947784886050836,DHX36KO,WT,hybrid,down,28,WT (DHX36KO DEGs)
68,1392.4050632911394,3.4155414755287623,0.7102110156744402,DHX36KO,WT,hybrid,down,28,WT (DHX36KO DEGs)
69,1443.0379746835442,3.492252311649777,0.7100716891206476,DHX36KO,WT,hybrid,down,28,WT (DHX36KO DEGs)
70,1493.6708860759495,3.355508774746032,0.6902374522075955,DHX36KO,WT,hybrid,down,28,WT (DHX36KO DEGs)
71,1544.3037974683543,3.1165003275587444,0.6492929102889252,DHX36KO,WT,hybrid,down,28,WT (DHX36KO DEGs)
72,1594.9367088607596,2.8884413826465605,0.6482175564964596,DHX36KO,WT,hybrid,down,28,WT (DHX36KO DEGs)
73,1645.5696202531644,2.795260690393902,0.7003614596258275,DHX36KO,WT,hybrid,down,28,WT (DHX36KO DEGs)
74,1696.2025316455697,2.834988506266049,0.7428359250077566,DHX36KO,WT,hybrid,down,28,WT (DHX36KO DEGs)
75,1746.8354430379745,2.775414422409875,0.7947434999606682,DHX36KO,WT,hybrid,down,28,WT (DHX36KO DEGs)
76,1797.4683544303798,2.850972487529119,0.8429504184560617,DHX36KO,WT,hybrid,down,28,WT (DHX36KO DEGs)
77,1848.1012658227846,3.01528769950072,0.8484557445085632,DHX36KO,WT,hybrid,down,28,WT (DHX36KO DEGs)
78,1898.73417721519,3.1373129171984537,1.028186265607954,DHX36KO,WT,hybrid,down,28,WT (DHX36KO DEGs)
79,1949.3670886075947,3.716806222058478,1.1522314883509048,DHX36KO,WT,hybrid,down,28,WT (DHX36KO DEGs)
80,2000,4.099228936717624,1.2877257829745714,DHX36KO,WT,hybrid,down,28,WT (DHX36KO DEGs)
1,-2000,2.5585866637522114,0.2338876221165751,DHX36KO,WT,unfiltered,up,767,WT (DHX36KO DEGs)
2,-1949.367088607595,2.583668074831658,0.2331708175142538,DHX36KO,WT,unfiltered,up,767,WT (DHX36KO DEGs)
3,-1898.73417721519,2.5920131073138966,0.2202374879186119,DHX36KO,WT,unfiltered,up,767,WT (DHX36KO DEGs)
4,-1848.1012658227849,2.5304572370227447,0.1939338123387534,DHX36KO,WT,unfiltered,up,767,WT (DHX36KO DEGs)
5,-1797.4683544303798,2.489358796211286,0.17470681396523224,DHX36KO,WT,unfiltered,up,767,WT (DHX36KO DEGs)
6,-1746.8354430379748,2.514796838400831,0.17800860251527706,DHX36KO,WT,unfiltered,up,767,WT (DHX36KO DEGs)
7,-1696.2025316455697,2.5689561953310447,0.19353183350711212,DHX36KO,WT,unfiltered,up,767,WT (DHX36KO DEGs)
8,-1645.5696202531644,2.5838789473891723,0.20424437499575288,DHX36KO,WT,unfiltered,up,767,WT (DHX36KO DEGs)
9,-1594.9367088607596,2.64636160784522,0.21350647605053258,DHX36KO,WT,unfiltered,up,767,WT (DHX36KO DEGs)
10,-1544.3037974683543,2.6828532321843723,0.21174479846899535,DHX36KO,WT,unfiltered,up,767,WT (DHX36KO DEGs)
11,-1493.6708860759495,2.747201488917416,0.21098243348359458,DHX36KO,WT,unfiltered,up,767,WT (DHX36KO DEGs)
12,-1443.0379746835442,2.733420116623709,0.2087907532691338,DHX36KO,WT,unfiltered,up,767,WT (DHX36KO DEGs)
13,-1392.4050632911392,2.7130207878162116,0.20755463165727525,DHX36KO,WT,unfiltered,up,767,WT (DHX36KO DEGs)
14,-1341.7721518987341,2.7805487717933524,0.249432284503545,DHX36KO,WT,unfiltered,up,767,WT (DHX36KO DEGs)
15,-1291.139240506329,2.758829475814806,0.28581712032679907,DHX36KO,WT,unfiltered,up,767,WT (DHX36KO DEGs)
16,-1240.506329113924,2.766233723812236,0.31283977848609973,DHX36KO,WT,unfiltered,up,767,WT (DHX36KO DEGs)
17,-1189.873417721519,2.846567920206527,0.3288078976304036,DHX36KO,WT,unfiltered,up,767,WT (DHX36KO DEGs)
18,-1139.240506329114,2.8574142994739757,0.30845943818999155,DHX36KO,WT,unfiltered,up,767,WT (DHX36KO DEGs)
19,-1088.607594936709,2.7892607136645147,0.23841719622254143,DHX36KO,WT,unfiltered,up,767,WT (DHX36KO DEGs)
20,-1037.9746835443038,2.7190041934671947,0.18157486790135835,DHX36KO,WT,unfiltered,up,767,WT (DHX36KO DEGs)
21,-987.3417721518988,2.7042539052194434,0.16511832038608953,DHX36KO,WT,unfiltered,up,767,WT (DHX36KO DEGs)
22,-936.7088607594937,2.7386171852086534,0.17167302843819351,DHX36KO,WT,unfiltered,up,767,WT (DHX36KO DEGs)
23,-886.0759493670887,2.7886612826686794,0.1976824908053865,DHX36KO,WT,unfiltered,up,767,WT (DHX36KO DEGs)
24,-835.4430379746836,2.838909812240899,0.22768798577381738,DHX36KO,WT,unfiltered,up,767,WT (DHX36KO DEGs)
25,-784.8101265822784,2.868531100993465,0.25273236665173443,DHX36KO,WT,unfiltered,up,767,WT (DHX36KO DEGs)
26,-734.1772151898733,2.913155271207079,0.267444016043949,DHX36KO,WT,unfiltered,up,767,WT (DHX36KO DEGs)
27,-683.5443037974683,2.9081252697601054,0.26814052168815444,DHX36KO,WT,unfiltered,up,767,WT (DHX36KO DEGs)
28,-632.9113924050632,2.9566194785319944,0.2707075607230089,DHX36KO,WT,unfiltered,up,767,WT (DHX36KO DEGs)
29,-582.2784810126582,2.9974279143322247,0.27698203173518066,DHX36KO,WT,unfiltered,up,767,WT (DHX36KO DEGs)
30,-531.6455696202531,3.04714724312757,0.27582541913786635,DHX36KO,WT,unfiltered,up,767,WT (DHX36KO DEGs)
31,-481.0126582278481,3.028089938892172,0.2756005383704292,DHX36KO,WT,unfiltered,up,767,WT (DHX36KO DEGs)
32,-430.37974683544303,2.993460448011011,0.28488381071936797,DHX36KO,WT,unfiltered,up,767,WT (DHX36KO DEGs)
33,-379.746835443038,2.960387961397167,0.29880007005807213,DHX36KO,WT,unfiltered,up,767,WT (DHX36KO DEGs)
34,-329.11392405063293,3.053788496351719,0.3475510385088478,DHX36KO,WT,unfiltered,up,767,WT (DHX36KO DEGs)
35,-278.4810126582279,3.20230073273156,0.41478387096818,DHX36KO,WT,unfiltered,up,767,WT (DHX36KO DEGs)
36,-227.84810126582283,3.341910743725813,0.45777804944660055,DHX36KO,WT,unfiltered,up,767,WT (DHX36KO DEGs)
37,-177.21518987341778,3.444274947389423,0.4720687038162909,DHX36KO,WT,unfiltered,up,767,WT (DHX36KO DEGs)
38,-126.58227848101274,3.5317299137587965,0.4524266667380789,DHX36KO,WT,unfiltered,up,767,WT (DHX36KO DEGs)
39,-75.94936708860769,3.537193658168499,0.3874688818160399,DHX36KO,WT,unfiltered,up,767,WT (DHX36KO DEGs)
40,-25.316455696202638,3.520878796164029,0.35328398274772405,DHX36KO,WT,unfiltered,up,767,WT (DHX36KO DEGs)
41,25.31645569620241,3.568300886183187,0.3603849316282802,DHX36KO,WT,unfiltered,up,767,WT (DHX36KO DEGs)
42,75.94936708860769,3.524087019970706,0.3531656658795447,DHX36KO,WT,unfiltered,up,767,WT (DHX36KO DEGs)
43,126.58227848101251,3.5409155989605052,0.35969773913558145,DHX36KO,WT,unfiltered,up,767,WT (DHX36KO DEGs)
44,177.21518987341778,3.564661800059377,0.36209821324672403,DHX36KO,WT,unfiltered,up,767,WT (DHX36KO DEGs)
45,227.8481012658226,3.5015170333199994,0.3514188438268767,DHX36KO,WT,unfiltered,up,767,WT (DHX36KO DEGs)
46,278.4810126582279,3.4056162238545857,0.3233303408667407,DHX36KO,WT,unfiltered,up,767,WT (DHX36KO DEGs)
47,329.1139240506327,3.3218371302197673,0.2978552164945465,DHX36KO,WT,unfiltered,up,767,WT (DHX36KO DEGs)
48,379.746835443038,3.1522432657150223,0.25826979740415323,DHX36KO,WT,unfiltered,up,767,WT (DHX36KO DEGs)
49,430.37974683544326,3.060280243918358,0.23993654510374643,DHX36KO,WT,unfiltered,up,767,WT (DHX36KO DEGs)
50,481.0126582278481,2.972132389417994,0.23411455185819088,DHX36KO,WT,unfiltered,up,767,WT (DHX36KO DEGs)
51,531.6455696202534,2.905474792948395,0.22864449883466254,DHX36KO,WT,unfiltered,up,767,WT (DHX36KO DEGs)
52,582.2784810126582,2.8862385181363175,0.22340845396043413,DHX36KO,WT,unfiltered,up,767,WT (DHX36KO DEGs)
53,632.9113924050635,2.8366332474836624,0.2157436108925521,DHX36KO,WT,unfiltered,up,767,WT (DHX36KO DEGs)
54,683.5443037974683,2.7537430473785203,0.1983025382546278,DHX36KO,WT,unfiltered,up,767,WT (DHX36KO DEGs)
55,734.1772151898736,2.6986833508436394,0.18940301776599813,DHX36KO,WT,unfiltered,up,767,WT (DHX36KO DEGs)
56,784.8101265822784,2.690482928309426,0.1824358368206487,DHX36KO,WT,unfiltered,up,767,WT (DHX36KO DEGs)
57,835.4430379746836,2.7073948086111095,0.18343338207853876,DHX36KO,WT,unfiltered,up,767,WT (DHX36KO DEGs)
58,886.0759493670885,2.692033547006033,0.18144111001499566,DHX36KO,WT,unfiltered,up,767,WT (DHX36KO DEGs)
59,936.7088607594937,2.6803977662363763,0.18053786168733332,DHX36KO,WT,unfiltered,up,767,WT (DHX36KO DEGs)
60,987.3417721518986,2.7214250729924334,0.19324082101506587,DHX36KO,WT,unfiltered,up,767,WT (DHX36KO DEGs)
61,1037.9746835443038,2.786888009654289,0.23627271693917345,DHX36KO,WT,unfiltered,up,767,WT (DHX36KO DEGs)
62,1088.6075949367087,2.7657747247995164,0.27016176712832857,DHX36KO,WT,unfiltered,up,767,WT (DHX36KO DEGs)
63,1139.240506329114,2.740419134881278,0.291366248067287,DHX36KO,WT,unfiltered,up,767,WT (DHX36KO DEGs)
64,1189.8734177215188,2.7475744848404693,0.29210761085154974,DHX36KO,WT,unfiltered,up,767,WT (DHX36KO DEGs)
65,1240.506329113924,2.770683154229857,0.2944410668763819,DHX36KO,WT,unfiltered,up,767,WT (DHX36KO DEGs)
66,1291.1392405063293,2.8335036142449543,0.2783776704969929,DHX36KO,WT,unfiltered,up,767,WT (DHX36KO DEGs)
67,1341.7721518987341,2.8092888237341027,0.2447689788943704,DHX36KO,WT,unfiltered,up,767,WT (DHX36KO DEGs)
68,1392.4050632911394,2.7234205584078444,0.21001371274068917,DHX36KO,WT,unfiltered,up,767,WT (DHX36KO DEGs)
69,1443.0379746835442,2.626141095699201,0.19150173261801554,DHX36KO,WT,unfiltered,up,767,WT (DHX36KO DEGs)
70,1493.6708860759495,2.5653352978964152,0.18359846059822005,DHX36KO,WT,unfiltered,up,767,WT (DHX36KO DEGs)
71,1544.3037974683543,2.5368886160850526,0.17722334346315288,DHX36KO,WT,unfiltered,up,767,WT (DHX36KO DEGs)
72,1594.9367088607596,2.4853830691018035,0.17088512602857087,DHX36KO,WT,unfiltered,up,767,WT (DHX36KO DEGs)
73,1645.5696202531644,2.4690140718845948,0.17267131269654096,DHX36KO,WT,unfiltered,up,767,WT (DHX36KO DEGs)
74,1696.2025316455697,2.4788028602950316,0.1760736618813281,DHX36KO,WT,unfiltered,up,767,WT (DHX36KO DEGs)
75,1746.8354430379745,2.498467058557264,0.17767543380878045,DHX36KO,WT,unfiltered,up,767,WT (DHX36KO DEGs)
76,1797.4683544303798,2.477677627438724,0.1796097520259645,DHX36KO,WT,unfiltered,up,767,WT (DHX36KO DEGs)
77,1848.1012658227846,2.4768671401207056,0.18025323777106975,DHX36KO,WT,unfiltered,up,767,WT (DHX36KO DEGs)
78,1898.73417721519,2.5560458113089277,0.19146103454495791,DHX36KO,WT,unfiltered,up,767,WT (DHX36KO DEGs)
79,1949.3670886075947,2.607956339209456,0.20481398414201515,DHX36KO,WT,unfiltered,up,767,WT (DHX36KO DEGs)
80,2000,2.5765302979215647,0.20852595274178148,DHX36KO,WT,unfiltered,up,767,WT (DHX36KO DEGs)
1,-2000,2.8635436842233952,0.30752128835102555,DHX36KO,WT,unfiltered,down,603,WT (DHX36KO DEGs)
2,-1949.367088607595,2.853071924612645,0.2757249487769602,DHX36KO,WT,unfiltered,down,603,WT (DHX36KO DEGs)
3,-1898.73417721519,2.794408071894019,0.2321379698102229,DHX36KO,WT,unfiltered,down,603,WT (DHX36KO DEGs)
4,-1848.1012658227849,2.7358868806757535,0.2244079872953708,DHX36KO,WT,unfiltered,down,603,WT (DHX36KO DEGs)
5,-1797.4683544303798,2.698623085049742,0.22541966128315152,DHX36KO,WT,unfiltered,down,603,WT (DHX36KO DEGs)
6,-1746.8354430379748,2.623644538220603,0.21548220740246887,DHX36KO,WT,unfiltered,down,603,WT (DHX36KO DEGs)
7,-1696.2025316455697,2.550030383672307,0.21134199723143682,DHX36KO,WT,unfiltered,down,603,WT (DHX36KO DEGs)
8,-1645.5696202531644,2.53507165515284,0.22555254895536098,DHX36KO,WT,unfiltered,down,603,WT (DHX36KO DEGs)
9,-1594.9367088607596,2.5358142191148505,0.23929834637425115,DHX36KO,WT,unfiltered,down,603,WT (DHX36KO DEGs)
10,-1544.3037974683543,2.4680164535536213,0.22930137912926013,DHX36KO,WT,unfiltered,down,603,WT (DHX36KO DEGs)
11,-1493.6708860759495,2.4920599506592924,0.22988284011696186,DHX36KO,WT,unfiltered,down,603,WT (DHX36KO DEGs)
12,-1443.0379746835442,2.5175522908315484,0.2352105037860275,DHX36KO,WT,unfiltered,down,603,WT (DHX36KO DEGs)
13,-1392.4050632911392,2.522965586144463,0.2222395882437652,DHX36KO,WT,unfiltered,down,603,WT (DHX36KO DEGs)
14,-1341.7721518987341,2.49694444030639,0.21093235121984144,DHX36KO,WT,unfiltered,down,603,WT (DHX36KO DEGs)
15,-1291.139240506329,2.5723704709916793,0.23410105690237237,DHX36KO,WT,unfiltered,down,603,WT (DHX36KO DEGs)
16,-1240.506329113924,2.7048954862802477,0.317731498243571,DHX36KO,WT,unfiltered,down,603,WT (DHX36KO DEGs)
17,-1189.873417721519,2.74077648895288,0.3340506292066341,DHX36KO,WT,unfiltered,down,603,WT (DHX36KO DEGs)
18,-1139.240506329114,2.748122361043527,0.32490131256783206,DHX36KO,WT,unfiltered,down,603,WT (DHX36KO DEGs)
19,-1088.607594936709,2.7524402860978943,0.29939369453798736,DHX36KO,WT,unfiltered,down,603,WT (DHX36KO DEGs)
20,-1037.9746835443038,2.742103392802803,0.2743452985326866,DHX36KO,WT,unfiltered,down,603,WT (DHX36KO DEGs)
21,-987.3417721518988,2.7247777945930536,0.26641507201536624,DHX36KO,WT,unfiltered,down,603,WT (DHX36KO DEGs)
22,-936.7088607594937,2.7348984980715425,0.27978002476219677,DHX36KO,WT,unfiltered,down,603,WT (DHX36KO DEGs)
23,-886.0759493670887,2.6875183478277127,0.2856421433887531,DHX36KO,WT,unfiltered,down,603,WT (DHX36KO DEGs)
24,-835.4430379746836,2.7072805901970125,0.2938130482772458,DHX36KO,WT,unfiltered,down,603,WT (DHX36KO DEGs)
25,-784.8101265822784,2.708226837641123,0.28614721510070973,DHX36KO,WT,unfiltered,down,603,WT (DHX36KO DEGs)
26,-734.1772151898733,2.694427357017498,0.276831481232846,DHX36KO,WT,unfiltered,down,603,WT (DHX36KO DEGs)
27,-683.5443037974683,2.6583045348708523,0.2587705887435099,DHX36KO,WT,unfiltered,down,603,WT (DHX36KO DEGs)
28,-632.9113924050632,2.632044188845376,0.23313629710522854,DHX36KO,WT,unfiltered,down,603,WT (DHX36KO DEGs)
29,-582.2784810126582,2.6402338922268407,0.22277074140889505,DHX36KO,WT,unfiltered,down,603,WT (DHX36KO DEGs)
30,-531.6455696202531,2.667591891438182,0.22002328674174806,DHX36KO,WT,unfiltered,down,603,WT (DHX36KO DEGs)
31,-481.0126582278481,2.665070884406269,0.21813395358937898,DHX36KO,WT,unfiltered,down,603,WT (DHX36KO DEGs)
32,-430.37974683544303,2.6327912437512486,0.21402236950289086,DHX36KO,WT,unfiltered,down,603,WT (DHX36KO DEGs)
33,-379.746835443038,2.6311493440687292,0.2179369213167715,DHX36KO,WT,unfiltered,down,603,WT (DHX36KO DEGs)
34,-329.11392405063293,2.7199800265357683,0.2587951743411013,DHX36KO,WT,unfiltered,down,603,WT (DHX36KO DEGs)
35,-278.4810126582279,3.0006994240970264,0.3647682260992299,DHX36KO,WT,unfiltered,down,603,WT (DHX36KO DEGs)
36,-227.84810126582283,3.2103899889235623,0.465704671558968,DHX36KO,WT,unfiltered,down,603,WT (DHX36KO DEGs)
37,-177.21518987341778,3.4148775934657323,0.539971930343991,DHX36KO,WT,unfiltered,down,603,WT (DHX36KO DEGs)
38,-126.58227848101274,3.5419972279596776,0.5641920597882656,DHX36KO,WT,unfiltered,down,603,WT (DHX36KO DEGs)
39,-75.94936708860769,3.6930149536799273,0.5999603656146935,DHX36KO,WT,unfiltered,down,603,WT (DHX36KO DEGs)
40,-25.316455696202638,3.7925144075778743,0.6216066704829936,DHX36KO,WT,unfiltered,down,603,WT (DHX36KO DEGs)
41,25.31645569620241,3.8194483295679755,0.5970970414426663,DHX36KO,WT,unfiltered,down,603,WT (DHX36KO DEGs)
42,75.94936708860769,3.6954448722933506,0.5282970502415101,DHX36KO,WT,unfiltered,down,603,WT (DHX36KO DEGs)
43,126.58227848101251,3.536307130994495,0.4702924515000892,DHX36KO,WT,unfiltered,down,603,WT (DHX36KO DEGs)
44,177.21518987341778,3.3818792657341747,0.4335678910610817,DHX36KO,WT,unfiltered,down,603,WT (DHX36KO DEGs)
45,227.8481012658226,3.274073504060755,0.3976321264330781,DHX36KO,WT,unfiltered,down,603,WT (DHX36KO DEGs)
46,278.4810126582279,3.1162867223112305,0.3460758807345724,DHX36KO,WT,unfiltered,down,603,WT (DHX36KO DEGs)
47,329.1139240506327,2.9970759026473983,0.3167808948749719,DHX36KO,WT,unfiltered,down,603,WT (DHX36KO DEGs)
48,379.746835443038,2.8561084346869094,0.2954764654066112,DHX36KO,WT,unfiltered,down,603,WT (DHX36KO DEGs)
49,430.37974683544326,2.703487527105984,0.26656041513008566,DHX36KO,WT,unfiltered,down,603,WT (DHX36KO DEGs)
50,481.0126582278481,2.540511924856845,0.23710928472192797,DHX36KO,WT,unfiltered,down,603,WT (DHX36KO DEGs)
51,531.6455696202534,2.418133826455472,0.2066495902717442,DHX36KO,WT,unfiltered,down,603,WT (DHX36KO DEGs)
52,582.2784810126582,2.3223347392547677,0.1898352927114193,DHX36KO,WT,unfiltered,down,603,WT (DHX36KO DEGs)
53,632.9113924050635,2.3091031179570916,0.18826191308365642,DHX36KO,WT,unfiltered,down,603,WT (DHX36KO DEGs)
54,683.5443037974683,2.312589267437417,0.18603484606016044,DHX36KO,WT,unfiltered,down,603,WT (DHX36KO DEGs)
55,734.1772151898736,2.344063360728096,0.18879971178278598,DHX36KO,WT,unfiltered,down,603,WT (DHX36KO DEGs)
56,784.8101265822784,2.359818983823805,0.19805461830365306,DHX36KO,WT,unfiltered,down,603,WT (DHX36KO DEGs)
57,835.4430379746836,2.3725249193908766,0.22619075286325227,DHX36KO,WT,unfiltered,down,603,WT (DHX36KO DEGs)
58,886.0759493670885,2.354504268215685,0.2523508668916788,DHX36KO,WT,unfiltered,down,603,WT (DHX36KO DEGs)
59,936.7088607594937,2.3767582471557147,0.2582210393705795,DHX36KO,WT,unfiltered,down,603,WT (DHX36KO DEGs)
60,987.3417721518986,2.375746287438715,0.24269243244626532,DHX36KO,WT,unfiltered,down,603,WT (DHX36KO DEGs)
61,1037.9746835443038,2.39893783630296,0.23194435760064935,DHX36KO,WT,unfiltered,down,603,WT (DHX36KO DEGs)
62,1088.6075949367087,2.400944459142119,0.23116310539190357,DHX36KO,WT,unfiltered,down,603,WT (DHX36KO DEGs)
63,1139.240506329114,2.367522598123524,0.21206773675566643,DHX36KO,WT,unfiltered,down,603,WT (DHX36KO DEGs)
64,1189.8734177215188,2.281692614585773,0.18879393900012625,DHX36KO,WT,unfiltered,down,603,WT (DHX36KO DEGs)
65,1240.506329113924,2.229630112729996,0.17674933413136118,DHX36KO,WT,unfiltered,down,603,WT (DHX36KO DEGs)
66,1291.1392405063293,2.17252420959113,0.16967929369923532,DHX36KO,WT,unfiltered,down,603,WT (DHX36KO DEGs)
67,1341.7721518987341,2.1526357621863625,0.17004691165509273,DHX36KO,WT,unfiltered,down,603,WT (DHX36KO DEGs)
68,1392.4050632911394,2.0932063773864518,0.17481874396488803,DHX36KO,WT,unfiltered,down,603,WT (DHX36KO DEGs)
69,1443.0379746835442,2.1247283663501095,0.19138972443647903,DHX36KO,WT,unfiltered,down,603,WT (DHX36KO DEGs)
70,1493.6708860759495,2.0954869461072794,0.18952061893789895,DHX36KO,WT,unfiltered,down,603,WT (DHX36KO DEGs)
71,1544.3037974683543,2.0385713946654014,0.17837093230048776,DHX36KO,WT,unfiltered,down,603,WT (DHX36KO DEGs)
72,1594.9367088607596,1.9616077243124719,0.1472389963726819,DHX36KO,WT,unfiltered,down,603,WT (DHX36KO DEGs)
73,1645.5696202531644,1.9023816984610893,0.13195946227512073,DHX36KO,WT,unfiltered,down,603,WT (DHX36KO DEGs)
74,1696.2025316455697,1.8812268414407456,0.13153442284141947,DHX36KO,WT,unfiltered,down,603,WT (DHX36KO DEGs)
75,1746.8354430379745,1.862101910705376,0.13544453085640604,DHX36KO,WT,unfiltered,down,603,WT (DHX36KO DEGs)
76,1797.4683544303798,1.884472980516458,0.13959564765491095,DHX36KO,WT,unfiltered,down,603,WT (DHX36KO DEGs)
77,1848.1012658227846,1.8817412317255373,0.1337451600561854,DHX36KO,WT,unfiltered,down,603,WT (DHX36KO DEGs)
78,1898.73417721519,1.8687084033392696,0.133286095703548,DHX36KO,WT,unfiltered,down,603,WT (DHX36KO DEGs)
79,1949.3670886075947,1.882676322388768,0.12817474256162303,DHX36KO,WT,unfiltered,down,603,WT (DHX36KO DEGs)
80,2000,1.9114323501658321,0.12803695725029862,DHX36KO,WT,unfiltered,down,603,WT (DHX36KO DEGs)
1,-2000,6.549927611309186,0.7315203981732592,DHX36KO,DHX36KO,pooled,up,361,DHX36KO
2,-1949.367088607595,6.553284324813748,0.7086773264411087,DHX36KO,DHX36KO,pooled,up,361,DHX36KO
3,-1898.73417721519,6.622773778324092,0.6672137675643015,DHX36KO,DHX36KO,pooled,up,361,DHX36KO
4,-1848.1012658227849,6.53007576055694,0.6141178767721268,DHX36KO,DHX36KO,pooled,up,361,DHX36KO
5,-1797.4683544303798,6.446995894032722,0.5298791768014712,DHX36KO,DHX36KO,pooled,up,361,DHX36KO
6,-1746.8354430379748,6.527149944719295,0.5343586466174891,DHX36KO,DHX36KO,pooled,up,361,DHX36KO
7,-1696.2025316455697,6.886757172437476,0.5752256402660393,DHX36KO,DHX36KO,pooled,up,361,DHX36KO
8,-1645.5696202531644,7.123509785895642,0.6274906608529588,DHX36KO,DHX36KO,pooled,up,361,DHX36KO
9,-1594.9367088607596,7.257104311795116,0.6595044559080613,DHX36KO,DHX36KO,pooled,up,361,DHX36KO
10,-1544.3037974683543,7.098550471317295,0.6404939941427974,DHX36KO,DHX36KO,pooled,up,361,DHX36KO
11,-1493.6708860759495,7.025227601942043,0.6325358629861526,DHX36KO,DHX36KO,pooled,up,361,DHX36KO
12,-1443.0379746835442,7.112986155097834,0.6457138313330426,DHX36KO,DHX36KO,pooled,up,361,DHX36KO
13,-1392.4050632911392,7.238563418339934,0.6549631947143539,DHX36KO,DHX36KO,pooled,up,361,DHX36KO
14,-1341.7721518987341,7.612237562688544,0.7797488726190247,DHX36KO,DHX36KO,pooled,up,361,DHX36KO
15,-1291.139240506329,7.717769729283158,0.8618826118295647,DHX36KO,DHX36KO,pooled,up,361,DHX36KO
16,-1240.506329113924,7.802806193165942,0.9446626753241381,DHX36KO,DHX36KO,pooled,up,361,DHX36KO
17,-1189.873417721519,8.027946137952672,0.9806004911003117,DHX36KO,DHX36KO,pooled,up,361,DHX36KO
18,-1139.240506329114,7.902882279169747,0.8971558874409877,DHX36KO,DHX36KO,pooled,up,361,DHX36KO
19,-1088.607594936709,7.675663203305925,0.7385869915088411,DHX36KO,DHX36KO,pooled,up,361,DHX36KO
20,-1037.9746835443038,7.517927264202995,0.6082767392314694,DHX36KO,DHX36KO,pooled,up,361,DHX36KO
21,-987.3417721518988,7.318876715611222,0.5545743509466723,DHX36KO,DHX36KO,pooled,up,361,DHX36KO
22,-936.7088607594937,7.345664408548167,0.563558043666848,DHX36KO,DHX36KO,pooled,up,361,DHX36KO
23,-886.0759493670887,7.62579321337979,0.6413740285818811,DHX36KO,DHX36KO,pooled,up,361,DHX36KO
24,-835.4430379746836,7.812148563828825,0.7035366738700743,DHX36KO,DHX36KO,pooled,up,361,DHX36KO
25,-784.8101265822784,7.891845322201236,0.7455497620120352,DHX36KO,DHX36KO,pooled,up,361,DHX36KO
26,-734.1772151898733,8.035761602941973,0.7727169143827229,DHX36KO,DHX36KO,pooled,up,361,DHX36KO
27,-683.5443037974683,8.188387187786489,0.7926864692783283,DHX36KO,DHX36KO,pooled,up,361,DHX36KO
28,-632.9113924050632,8.302643100572535,0.8311707856687282,DHX36KO,DHX36KO,pooled,up,361,DHX36KO
29,-582.2784810126582,8.287861167953064,0.836642249256351,DHX36KO,DHX36KO,pooled,up,361,DHX36KO
30,-531.6455696202531,8.386270232960127,0.834956603333504,DHX36KO,DHX36KO,pooled,up,361,DHX36KO
31,-481.0126582278481,8.296061279023013,0.8022586354434281,DHX36KO,DHX36KO,pooled,up,361,DHX36KO
32,-430.37974683544303,8.132426238949389,0.794505331158899,DHX36KO,DHX36KO,pooled,up,361,DHX36KO
33,-379.746835443038,8.018527329445766,0.8558176615817231,DHX36KO,DHX36KO,pooled,up,361,DHX36KO
34,-329.11392405063293,8.124185310957724,1.01509738292756,DHX36KO,DHX36KO,pooled,up,361,DHX36KO
35,-278.4810126582279,8.480666654878267,1.1782445217655517,DHX36KO,DHX36KO,pooled,up,361,DHX36KO
36,-227.84810126582283,8.966578423589441,1.2631618555489221,DHX36KO,DHX36KO,pooled,up,361,DHX36KO
37,-177.21518987341778,9.336206435606861,1.2563968496484519,DHX36KO,DHX36KO,pooled,up,361,DHX36KO
38,-126.58227848101274,9.620988241884296,1.2014779895885943,DHX36KO,DHX36KO,pooled,up,361,DHX36KO
39,-75.94936708860769,9.665415932432106,1.1180817713396756,DHX36KO,DHX36KO,pooled,up,361,DHX36KO
40,-25.316455696202638,9.74131608575775,1.0769456775714072,DHX36KO,DHX36KO,pooled,up,361,DHX36KO
41,25.31645569620241,9.878203109015168,1.0961314957718604,DHX36KO,DHX36KO,pooled,up,361,DHX36KO
42,75.94936708860769,9.792556939864753,1.0762355962186407,DHX36KO,DHX36KO,pooled,up,361,DHX36KO
43,126.58227848101251,9.789704468041135,1.0626326171728262,DHX36KO,DHX36KO,pooled,up,361,DHX36KO
44,177.21518987341778,9.793722699432601,1.0355166049812425,DHX36KO,DHX36KO,pooled,up,361,DHX36KO
45,227.8481012658226,9.583890690675842,0.9737587057541864,DHX36KO,DHX36KO,pooled,up,361,DHX36KO
46,278.4810126582279,9.434856603180823,0.8844572043695667,DHX36KO,DHX36KO,pooled,up,361,DHX36KO
47,329.1139240506327,9.250861616372402,0.8284435099963023,DHX36KO,DHX36KO,pooled,up,361,DHX36KO
48,379.746835443038,8.984520592955892,0.7489313283365234,DHX36KO,DHX36KO,pooled,up,361,DHX36KO
49,430.37974683544326,8.878127073623027,0.7341741822172685,DHX36KO,DHX36KO,pooled,up,361,DHX36KO
50,481.0126582278481,8.68963495040094,0.707635570479639,DHX36KO,DHX36KO,pooled,up,361,DHX36KO
51,531.6455696202534,8.29208440954115,0.6756934925231789,DHX36KO,DHX36KO,pooled,up,361,DHX36KO
52,582.2784810126582,8.039761571025585,0.6698292504343556,DHX36KO,DHX36KO,pooled,up,361,DHX36KO
53,632.9113924050635,7.956055088619997,0.6765646931438742,DHX36KO,DHX36KO,pooled,up,361,DHX36KO
54,683.5443037974683,7.782897054948745,0.659256342631106,DHX36KO,DHX36KO,pooled,up,361,DHX36KO
55,734.1772151898736,7.6737738299656,0.6399397352269331,DHX36KO,DHX36KO,pooled,up,361,DHX36KO
56,784.8101265822784,7.543212412858824,0.6184996332466389,DHX36KO,DHX36KO,pooled,up,361,DHX36KO
57,835.4430379746836,7.594958153616358,0.5998445166341305,DHX36KO,DHX36KO,pooled,up,361,DHX36KO
58,886.0759493670885,7.445085865621311,0.570291048003435,DHX36KO,DHX36KO,pooled,up,361,DHX36KO
59,936.7088607594937,7.264157669625674,0.5641820126452635,DHX36KO,DHX36KO,pooled,up,361,DHX36KO
60,987.3417721518986,7.357852124287261,0.5919917885592597,DHX36KO,DHX36KO,pooled,up,361,DHX36KO
61,1037.9746835443038,7.449564708556054,0.7063716730407327,DHX36KO,DHX36KO,pooled,up,361,DHX36KO
62,1088.6075949367087,7.539619008290581,0.8149537812165446,DHX36KO,DHX36KO,pooled,up,361,DHX36KO
63,1139.240506329114,7.667563874613656,0.8521128415544086,DHX36KO,DHX36KO,pooled,up,361,DHX36KO
64,1189.8734177215188,7.635214166795338,0.8948012882169774,DHX36KO,DHX36KO,pooled,up,361,DHX36KO
65,1240.506329113924,7.576860864737027,0.8824777967777353,DHX36KO,DHX36KO,pooled,up,361,DHX36KO
66,1291.1392405063293,7.3836131063502695,0.7940089098967029,DHX36KO,DHX36KO,pooled,up,361,DHX36KO
67,1341.7721518987341,7.2356261934423936,0.6922068043080575,DHX36KO,DHX36KO,pooled,up,361,DHX36KO
68,1392.4050632911394,7.18256454812963,0.6173076189284756,DHX36KO,DHX36KO,pooled,up,361,DHX36KO
69,1443.0379746835442,7.112904347171414,0.598449760548556,DHX36KO,DHX36KO,pooled,up,361,DHX36KO
70,1493.6708860759495,7.027118340291475,0.6077508954972226,DHX36KO,DHX36KO,pooled,up,361,DHX36KO
71,1544.3037974683543,6.951704222480126,0.5924552516955025,DHX36KO,DHX36KO,pooled,up,361,DHX36KO
72,1594.9367088607596,6.776754392263301,0.5849828535399261,DHX36KO,DHX36KO,pooled,up,361,DHX36KO
73,1645.5696202531644,6.672347055480971,0.591459553973491,DHX36KO,DHX36KO,pooled,up,361,DHX36KO
74,1696.2025316455697,6.778758869516772,0.6100733549906004,DHX36KO,DHX36KO,pooled,up,361,DHX36KO
75,1746.8354430379745,6.844693349598738,0.6527146761112129,DHX36KO,DHX36KO,pooled,up,361,DHX36KO
76,1797.4683544303798,6.861318455158508,0.7285703472804256,DHX36KO,DHX36KO,pooled,up,361,DHX36KO
77,1848.1012658227846,6.9640859163633015,0.7956026245118247,DHX36KO,DHX36KO,pooled,up,361,DHX36KO
78,1898.73417721519,7.189298801974687,0.8876258865361173,DHX36KO,DHX36KO,pooled,up,361,DHX36KO
79,1949.3670886075947,7.304002754780725,0.9463533307936757,DHX36KO,DHX36KO,pooled,up,361,DHX36KO
80,2000,7.259392557795798,0.9220768849904397,DHX36KO,DHX36KO,pooled,up,361,DHX36KO
1,-2000,8.732092553649387,0.9809086118559593,DHX36KO,DHX36KO,pooled,down,235,DHX36KO
2,-1949.367088607595,8.66035564996841,0.8998748030097192,DHX36KO,DHX36KO,pooled,down,235,DHX36KO
3,-1898.73417721519,8.4728348417485,0.7707380176118184,DHX36KO,DHX36KO,pooled,down,235,DHX36KO
4,-1848.1012658227849,8.314702987065552,0.7237403747628876,DHX36KO,DHX36KO,pooled,down,235,DHX36KO
5,-1797.4683544303798,8.1278763206394,0.6956283763128197,DHX36KO,DHX36KO,pooled,down,235,DHX36KO
6,-1746.8354430379748,7.851415496947918,0.6817658745395779,DHX36KO,DHX36KO,pooled,down,235,DHX36KO
7,-1696.2025316455697,7.596754728466061,0.6886886516979158,DHX36KO,DHX36KO,pooled,down,235,DHX36KO
8,-1645.5696202531644,7.345444324381808,0.7325596471167674,DHX36KO,DHX36KO,pooled,down,235,DHX36KO
9,-1594.9367088607596,7.299365477047914,0.7910169481490416,DHX36KO,DHX36KO,pooled,down,235,DHX36KO
10,-1544.3037974683543,6.9961228489571425,0.770998166626997,DHX36KO,DHX36KO,pooled,down,235,DHX36KO
11,-1493.6708860759495,7.004398878855063,0.7707496142439502,DHX36KO,DHX36KO,pooled,down,235,DHX36KO
12,-1443.0379746835442,7.191579835320195,0.7966102388591668,DHX36KO,DHX36KO,pooled,down,235,DHX36KO
13,-1392.4050632911392,7.213792993342623,0.7855951901159284,DHX36KO,DHX36KO,pooled,down,235,DHX36KO
14,-1341.7721518987341,7.044460527856299,0.7665021715594209,DHX36KO,DHX36KO,pooled,down,235,DHX36KO
15,-1291.139240506329,7.479200861883502,0.819368137607027,DHX36KO,DHX36KO,pooled,down,235,DHX36KO
16,-1240.506329113924,7.776447055701668,0.9471467892155822,DHX36KO,DHX36KO,pooled,down,235,DHX36KO
17,-1189.873417721519,7.873604857718691,0.9690672499760827,DHX36KO,DHX36KO,pooled,down,235,DHX36KO
18,-1139.240506329114,7.89807238908186,0.9869601393071047,DHX36KO,DHX36KO,pooled,down,235,DHX36KO
19,-1088.607594936709,7.811707930936881,0.9595011024566606,DHX36KO,DHX36KO,pooled,down,235,DHX36KO
20,-1037.9746835443038,7.667353164422597,0.9274407341157527,DHX36KO,DHX36KO,pooled,down,235,DHX36KO
21,-987.3417721518988,7.598863578099731,0.8923732757605518,DHX36KO,DHX36KO,pooled,down,235,DHX36KO
22,-936.7088607594937,7.663402966374201,0.9391897171997168,DHX36KO,DHX36KO,pooled,down,235,DHX36KO
23,-886.0759493670887,7.820486448122255,0.9909022910858432,DHX36KO,DHX36KO,pooled,down,235,DHX36KO
24,-835.4430379746836,8.061430695614916,0.9995314539896575,DHX36KO,DHX36KO,pooled,down,235,DHX36KO
25,-784.8101265822784,8.174087194151912,0.972929273075103,DHX36KO,DHX36KO,pooled,down,235,DHX36KO
26,-734.1772151898733,8.22739504732646,0.9103827236001361,DHX36KO,DHX36KO,pooled,down,235,DHX36KO
27,-683.5443037974683,8.152801997106971,0.8569587227692963,DHX36KO,DHX36KO,pooled,down,235,DHX36KO
28,-632.9113924050632,7.960773483482658,0.8019332968508673,DHX36KO,DHX36KO,pooled,down,235,DHX36KO
29,-582.2784810126582,7.843184968603418,0.7668221387184257,DHX36KO,DHX36KO,pooled,down,235,DHX36KO
30,-531.6455696202531,7.775357872672115,0.7317715079448158,DHX36KO,DHX36KO,pooled,down,235,DHX36KO
31,-481.0126582278481,7.849293313222574,0.7099885381772824,DHX36KO,DHX36KO,pooled,down,235,DHX36KO
32,-430.37974683544303,8.013136877300045,0.7093000333330675,DHX36KO,DHX36KO,pooled,down,235,DHX36KO
33,-379.746835443038,8.122174619231664,0.7390326908402968,DHX36KO,DHX36KO,pooled,down,235,DHX36KO
34,-329.11392405063293,8.706408441262887,0.990875504596246,DHX36KO,DHX36KO,pooled,down,235,DHX36KO
35,-278.4810126582279,9.642529902904592,1.4081232589061161,DHX36KO,DHX36KO,pooled,down,235,DHX36KO
36,-227.84810126582283,10.297799946250645,1.747076257349923,DHX36KO,DHX36KO,pooled,down,235,DHX36KO
37,-177.21518987341778,11.069182769028007,2.035636970421858,DHX36KO,DHX36KO,pooled,down,235,DHX36KO
38,-126.58227848101274,11.486624057262501,2.079451537975614,DHX36KO,DHX36KO,pooled,down,235,DHX36KO
39,-75.94936708860769,11.726108014620788,2.055791512556221,DHX36KO,DHX36KO,pooled,down,235,DHX36KO
40,-25.316455696202638,12.02880053782294,2.071057545725203,DHX36KO,DHX36KO,pooled,down,235,DHX36KO
41,25.31645569620241,12.329046242626001,2.1196214181267616,DHX36KO,DHX36KO,pooled,down,235,DHX36KO
42,75.94936708860769,12.169701411142418,1.9517786532351404,DHX36KO,DHX36KO,pooled,down,235,DHX36KO
43,126.58227848101251,11.704360729444112,1.7407399874062748,DHX36KO,DHX36KO,pooled,down,235,DHX36KO
44,177.21518987341778,11.224725849050156,1.6030173765586293,DHX36KO,DHX36KO,pooled,down,235,DHX36KO
45,227.8481012658226,10.787228643278704,1.4600556997278502,DHX36KO,DHX36KO,pooled,down,235,DHX36KO
46,278.4810126582279,10.07065451799555,1.2550901964310206,DHX36KO,DHX36KO,pooled,down,235,DHX36KO
47,329.1139240506327,9.545685678279145,1.1394530699259182,DHX36KO,DHX36KO,pooled,down,235,DHX36KO
48,379.746835443038,8.974283391911932,1.040884449107969,DHX36KO,DHX36KO,pooled,down,235,DHX36KO
49,430.37974683544326,8.215776766235948,0.9193251256210033,DHX36KO,DHX36KO,pooled,down,235,DHX36KO
50,481.0126582278481,7.540089346628663,0.817643363635311,DHX36KO,DHX36KO,pooled,down,235,DHX36KO
51,531.6455696202534,7.162709893544515,0.7479177132364337,DHX36KO,DHX36KO,pooled,down,235,DHX36KO
52,582.2784810126582,6.969009971618652,0.7283024451916689,DHX36KO,DHX36KO,pooled,down,235,DHX36KO
53,632.9113924050635,6.825911341410157,0.7176491220983789,DHX36KO,DHX36KO,pooled,down,235,DHX36KO
54,683.5443037974683,6.725255113848558,0.6757831158164113,DHX36KO,DHX36KO,pooled,down,235,DHX36KO
55,734.1772151898736,6.518737339418831,0.670078939395019,DHX36KO,DHX36KO,pooled,down,235,DHX36KO
56,784.8101265822784,6.605116201563084,0.7256147465184877,DHX36KO,DHX36KO,pooled,down,235,DHX36KO
57,835.4430379746836,6.989474770708287,0.8670951884799201,DHX36KO,DHX36KO,pooled,down,235,DHX36KO
58,886.0759493670885,7.053179498902449,0.9774458917252513,DHX36KO,DHX36KO,pooled,down,235,DHX36KO
59,936.7088607594937,7.089766358717114,0.9532159073768317,DHX36KO,DHX36KO,pooled,down,235,DHX36KO
60,987.3417721518986,7.0441455090198115,0.9132611557035155,DHX36KO,DHX36KO,pooled,down,235,DHX36KO
61,1037.9746835443038,6.828966581182277,0.8524250503377853,DHX36KO,DHX36KO,pooled,down,235,DHX36KO
62,1088.6075949367087,6.720981333560132,0.8333797620034478,DHX36KO,DHX36KO,pooled,down,235,DHX36KO
63,1139.240506329114,6.465236326758744,0.7381860875303695,DHX36KO,DHX36KO,pooled,down,235,DHX36KO
64,1189.8734177215188,6.139878355519992,0.6468584661771904,DHX36KO,DHX36KO,pooled,down,235,DHX36KO
65,1240.506329113924,6.027085071719284,0.6197536089357488,DHX36KO,DHX36KO,pooled,down,235,DHX36KO
66,1291.1392405063293,5.890272309069938,0.6083583459165667,DHX36KO,DHX36KO,pooled,down,235,DHX36KO
67,1341.7721518987341,5.776417083155179,0.6122645450470444,DHX36KO,DHX36KO,pooled,down,235,DHX36KO
68,1392.4050632911394,5.76150625316471,0.6527782641003524,DHX36KO,DHX36KO,pooled,down,235,DHX36KO
69,1443.0379746835442,5.8528080824419115,0.7405624866174588,DHX36KO,DHX36KO,pooled,down,235,DHX36KO
70,1493.6708860759495,5.815120937124211,0.730976697378678,DHX36KO,DHX36KO,pooled,down,235,DHX36KO
71,1544.3037974683543,5.585844514755492,0.6454170723266122,DHX36KO,DHX36KO,pooled,down,235,DHX36KO
72,1594.9367088607596,5.177266976309161,0.5144942742332821,DHX36KO,DHX36KO,pooled,down,235,DHX36KO
73,1645.5696202531644,4.946226429783706,0.4469283081816583,DHX36KO,DHX36KO,pooled,down,235,DHX36KO
74,1696.2025316455697,5.038025680585956,0.4607386538168777,DHX36KO,DHX36KO,pooled,down,235,DHX36KO
75,1746.8354430379745,5.121064069511197,0.49656124869260937,DHX36KO,DHX36KO,pooled,down,235,DHX36KO
76,1797.4683544303798,5.205250537131695,0.5121062941325071,DHX36KO,DHX36KO,pooled,down,235,DHX36KO
77,1848.1012658227846,5.2384156868204155,0.5032944063543952,DHX36KO,DHX36KO,pooled,down,235,DHX36KO
78,1898.73417721519,5.049795189985992,0.46730217069088387,DHX36KO,DHX36KO,pooled,down,235,DHX36KO
79,1949.3670886075947,5.030229081042269,0.4508843709934148,DHX36KO,DHX36KO,pooled,down,235,DHX36KO
80,2000,5.029346253073808,0.47547500141711524,DHX36KO,DHX36KO,pooled,down,235,DHX36KO
1,-2000,6.615875536115518,0.8326521818349787,DHX36KO,DHX36KO,parallel,up,303,DHX36KO
2,-1949.367088607595,6.650248383893431,0.8146625535454646,DHX36KO,DHX36KO,parallel,up,303,DHX36KO
3,-1898.73417721519,6.74894519151503,0.775928486889615,DHX36KO,DHX36KO,parallel,up,303,DHX36KO
4,-1848.1012658227849,6.67285451988707,0.7155886258791505,DHX36KO,DHX36KO,parallel,up,303,DHX36KO
5,-1797.4683544303798,6.5617020433806745,0.6146061443916645,DHX36KO,DHX36KO,parallel,up,303,DHX36KO
6,-1746.8354430379748,6.66023739394575,0.6209389591324204,DHX36KO,DHX36KO,parallel,up,303,DHX36KO
7,-1696.2025316455697,7.031224950214948,0.6678047646253014,DHX36KO,DHX36KO,parallel,up,303,DHX36KO
8,-1645.5696202531644,7.309158865508467,0.7253398833526962,DHX36KO,DHX36KO,parallel,up,303,DHX36KO
9,-1594.9367088607596,7.501165055502104,0.750073337907741,DHX36KO,DHX36KO,parallel,up,303,DHX36KO
10,-1544.3037974683543,7.304886549114525,0.718735794361605,DHX36KO,DHX36KO,parallel,up,303,DHX36KO
11,-1493.6708860759495,7.204688177032701,0.7120275662691495,DHX36KO,DHX36KO,parallel,up,303,DHX36KO
12,-1443.0379746835442,7.158800200776036,0.7138736364304735,DHX36KO,DHX36KO,parallel,up,303,DHX36KO
13,-1392.4050632911392,7.142750723613764,0.7005464659672664,DHX36KO,DHX36KO,parallel,up,303,DHX36KO
14,-1341.7721518987341,7.464316625385264,0.8472952026548143,DHX36KO,DHX36KO,parallel,up,303,DHX36KO
15,-1291.139240506329,7.5423559090144305,0.938702956859186,DHX36KO,DHX36KO,parallel,up,303,DHX36KO
16,-1240.506329113924,7.645756135994058,1.0224005106574774,DHX36KO,DHX36KO,parallel,up,303,DHX36KO
17,-1189.873417721519,7.794598234090605,1.043752424073221,DHX36KO,DHX36KO,parallel,up,303,DHX36KO
18,-1139.240506329114,7.695621824508453,0.934249727371851,DHX36KO,DHX36KO,parallel,up,303,DHX36KO
19,-1088.607594936709,7.509984311052937,0.75209871299781,DHX36KO,DHX36KO,parallel,up,303,DHX36KO
20,-1037.9746835443038,7.390693796079676,0.6007318479593903,DHX36KO,DHX36KO,parallel,up,303,DHX36KO
21,-987.3417721518988,7.320947015366801,0.569698980919938,DHX36KO,DHX36KO,parallel,up,303,DHX36KO
22,-936.7088607594937,7.396790638686014,0.6033550852476858,DHX36KO,DHX36KO,parallel,up,303,DHX36KO
23,-886.0759493670887,7.7857908159723905,0.7193041053610816,DHX36KO,DHX36KO,parallel,up,303,DHX36KO
24,-835.4430379746836,8.025228535082475,0.8037790835169367,DHX36KO,DHX36KO,parallel,up,303,DHX36KO
25,-784.8101265822784,8.214257029608401,0.8635550173812188,DHX36KO,DHX36KO,parallel,up,303,DHX36KO
26,-734.1772151898733,8.457954916130461,0.9029312571228878,DHX36KO,DHX36KO,parallel,up,303,DHX36KO
27,-683.5443037974683,8.679832057347,0.9313063154248877,DHX36KO,DHX36KO,parallel,up,303,DHX36KO
28,-632.9113924050632,8.8885965955716415,0.9790378784928002,DHX36KO,DHX36KO,parallel,up,303,DHX36KO
29,-582.2784810126582,8.908754912248932,0.9859530825052839,DHX36KO,DHX36KO,parallel,up,303,DHX36KO
30,-531.6455696202531,9.007042306736357,0.9837237788549349,DHX36KO,DHX36KO,parallel,up,303,DHX36KO
31,-481.0126582278481,8.91830710391138,0.9439354883359806,DHX36KO,DHX36KO,parallel,up,303,DHX36KO
32,-430.37974683544303,8.772438423030316,0.9350373598406706,DHX36KO,DHX36KO,parallel,up,303,DHX36KO
33,-379.746835443038,8.642069526277359,1.0083669829361908,DHX36KO,DHX36KO,parallel,up,303,DHX36KO
34,-329.11392405063293,8.782114330484266,1.1976930682124636,DHX36KO,DHX36KO,parallel,up,303,DHX36KO
35,-278.4810126582279,9.130042145157805,1.3833464428787516,DHX36KO,DHX36KO,parallel,up,303,DHX36KO
36,-227.84810126582283,9.614990571311074,1.4780630449063559,DHX36KO,DHX36KO,parallel,up,303,DHX36KO
37,-177.21518987341778,9.966148468611395,1.45881148469711,DHX36KO,DHX36KO,parallel,up,303,DHX36KO
38,-126.58227848101274,10.259705792074024,1.3796901776557584,DHX36KO,DHX36KO,parallel,up,303,DHX36KO
39,-75.94936708860769,10.26946959709308,1.2521943664741735,DHX36KO,DHX36KO,parallel,up,303,DHX36KO
40,-25.316455696202638,10.193150446422816,1.1413142165426222,DHX36KO,DHX36KO,parallel,up,303,DHX36KO
41,25.31645569620241,10.155081788620146,1.0648239587739459,DHX36KO,DHX36KO,parallel,up,303,DHX36KO
42,75.94936708860769,9.917510001703983,0.9662144828794077,DHX36KO,DHX36KO,parallel,up,303,DHX36KO
43,126.58227848101251,9.8159876452788,0.9403467461890066,DHX36KO,DHX36KO,parallel,up,303,DHX36KO
44,177.21518987341778,9.660181835495075,0.8939578071914638,DHX36KO,DHX36KO,parallel,up,303,DHX36KO
45,227.8481012658226,9.323368777082568,0.8181513777639151,DHX36KO,DHX36KO,parallel,up,303,DHX36KO
46,278.4810126582279,9.130138177229101,0.7970807239843791,DHX36KO,DHX36KO,parallel,up,303,DHX36KO
47,329.1139240506327,9.018019383897876,0.8023766886751161,DHX36KO,DHX36KO,parallel,up,303,DHX36KO
48,379.746835443038,8.96764780059506,0.8036443035343759,DHX36KO,DHX36KO,parallel,up,303,DHX36KO
49,430.37974683544326,8.99626251607576,0.817473837189046,DHX36KO,DHX36KO,parallel,up,303,DHX36KO
50,481.0126582278481,8.943361392629685,0.8065413997729084,DHX36KO,DHX36KO,parallel,up,303,DHX36KO
51,531.6455696202534,8.555846442200563,0.7760154627411684,DHX36KO,DHX36KO,parallel,up,303,DHX36KO
52,582.2784810126582,8.373306898241914,0.7723517325596652,DHX36KO,DHX36KO,parallel,up,303,DHX36KO
53,632.9113924050635,8.256577649599123,0.7759264943588327,DHX36KO,DHX36KO,parallel,up,303,DHX36KO
54,683.5443037974683,8.058382885091508,0.7520246379130976,DHX36KO,DHX36KO,parallel,up,303,DHX36KO
55,734.1772151898736,7.913342711419293,0.7336423287135007,DHX36KO,DHX36KO,parallel,up,303,DHX36KO
56,784.8101265822784,7.616125498707145,0.6974246528217657,DHX36KO,DHX36KO,parallel,up,303,DHX36KO
57,835.4430379746836,7.500709937287636,0.6456260185318533,DHX36KO,DHX36KO,parallel,up,303,DHX36KO
58,886.0759493670885,7.21178726451494,0.5814832893323467,DHX36KO,DHX36KO,parallel,up,303,DHX36KO
59,936.7088607594937,6.913684008661801,0.5594597456997616,DHX36KO,DHX36KO,parallel,up,303,DHX36KO
60,987.3417721518986,7.018986071163278,0.6032611206007648,DHX36KO,DHX36KO,parallel,up,303,DHX36KO
61,1037.9746835443038,7.214751386805074,0.7712700941023541,DHX36KO,DHX36KO,parallel,up,303,DHX36KO
62,1088.6075949367087,7.294498009912514,0.90760989889894494,DHX36KO,DHX36KO,parallel,up,303,DHX36KO
63,1139.240506329114,7.408467029533764,0.946688471528657,DHX36KO,DHX36KO,parallel,up,303,DHX36KO
64,1189.8734177215188,7.338361462151388,0.9915608038330732,DHX36KO,DHX36KO,parallel,up,303,DHX36KO
65,1240.506329113924,7.260277258591814,0.9710176646431421,DHX36KO,DHX36KO,parallel,up,303,DHX36KO
66,1291.1392405063293,7.130622190382614,0.8707726120529378,DHX36KO,DHX36KO,parallel,up,303,DHX36KO
67,1341.7721518987341,7.0575469451847646,0.7645816182502664,DHX36KO,DHX36KO,parallel,up,303,DHX36KO
68,1392.4050632911394,7.115549176442217,0.6923674376633147,DHX36KO,DHX36KO,parallel,up,303,DHX36KO
69,1443.0379746835442,7.125246638994668,0.6803784610971857,DHX36KO,DHX36KO,parallel,up,303,DHX36KO
70,1493.6708860759495,7.089119492487283,0.6935691158056903,DHX36KO,DHX36KO,parallel,up,303,DHX36KO
71,1544.3037974683543,7.02456917345196,0.6656624111543389,DHX36KO,DHX36KO,parallel,up,303,DHX36KO
72,1594.9367088607596,6.821250532174399,0.6416770270511343,DHX36KO,DHX36KO,parallel,up,303,DHX36KO
73,1645.5696202531644,6.66912710927894,0.6277720395094306,DHX36KO,DHX36KO,parallel,up,303,DHX36KO
74,1696.2025316455697,6.790859753833746,0.6465289322458924,DHX36KO,DHX36KO,parallel,up,303,DHX36KO
75,1746.8354430379745,6.863631819385637,0.6978196380031229,DHX36KO,DHX36KO,parallel,up,303,DHX36KO
76,1797.4683544303798,6.842776138045476,0.7877097122730529,DHX36KO,DHX36KO,parallel,up,303,DHX36KO
77,1848.1012658227846,6.950269461986911,0.8701282867058115,DHX36KO,DHX36KO,parallel,up,303,DHX36KO
78,1898.73417721519,7.2396384774025515,0.989064849866424,DHX36KO,DHX36KO,parallel,up,303,DHX36KO
79,1949.3670886075947,7.433221320261394,1.072512475270075,DHX36KO,DHX36KO,parallel,up,303,DHX36KO
80,2000,7.484075004897102,1.0625318768003436,DHX36KO,DHX36KO,parallel,up,303,DHX36KO
1,-2000,9.060680997274446,1.1643311028033845,DHX36KO,DHX36KO,parallel,down,188,DHX36KO
2,-1949.367088607595,8.992847322035344,1.0648663870013482,DHX36KO,DHX36KO,parallel,down,188,DHX36KO
3,-1898.73417721519,8.774895895529301,0.9006883720710736,DHX36KO,DHX36KO,parallel,down,188,DHX36KO
4,-1848.1012658227849,8.67340639443685,0.8451897149337945,DHX36KO,DHX36KO,parallel,down,188,DHX36KO
5,-1797.4683544303798,8.521831244344407,0.8169238771929357,DHX36KO,DHX36KO,parallel,down,188,DHX36KO
6,-1746.8354430379748,8.225496816039085,0.8044375423386009,DHX36KO,DHX36KO,parallel,down,188,DHX36KO
7,-1696.2025316455697,7.9217034101739845,0.8157505761557791,DHX36KO,DHX36KO,parallel,down,188,DHX36KO
8,-1645.5696202531644,7.705854638759972,0.8861230166011189,DHX36KO,DHX36KO,parallel,down,188,DHX36KO
9,-1594.9367088607596,7.809544059181889,0.9682283449581071,DHX36KO,DHX36KO,parallel,down,188,DHX36KO
10,-1544.3037974683543,7.577207002369224,0.9416506707102983,DHX36KO,DHX36KO,parallel,down,188,DHX36KO
11,-1493.6708860759495,7.541660965807894,0.9355680936122757,DHX36KO,DHX36KO,parallel,down,188,DHX36KO
12,-1443.0379746835442,7.723951024709018,0.9681335613958538,DHX36KO,DHX36KO,parallel,down,188,DHX36KO
13,-1392.4050632911392,7.711741478899692,0.9503149226017358,DHX36KO,DHX36KO,parallel,down,188,DHX36KO
14,-1341.7721518987341,7.451699585863884,0.9241886122068541,DHX36KO,DHX36KO,parallel,down,188,DHX36KO
15,-1291.139240506329,7.8690676172785725,0.9832922539398581,DHX36KO,DHX36KO,parallel,down,188,DHX36KO
16,-1240.506329113924,8.14968347118256,1.1390346538513276,DHX36KO,DHX36KO,parallel,down,188,DHX36KO
17,-1189.873417721519,8.04502786570407,1.1505433216034828,DHX36KO,DHX36KO,parallel,down,188,DHX36KO
18,-1139.240506329114,7.891799118337056,1.1644057125259673,DHX36KO,DHX36KO,parallel,down,188,DHX36KO
19,-1088.607594936709,7.754370330893401,1.1258068837518886,DHX36KO,DHX36KO,parallel,down,188,DHX36KO
20,-1037.9746835443038,7.662884373254809,1.0808675228227638,DHX36KO,DHX36KO,parallel,down,188,DHX36KO
21,-987.3417721518988,7.560491923017705,1.0261004803958043,DHX36KO,DHX36KO,parallel,down,188,DHX36KO
22,-936.7088607594937,7.605908126344917,1.0854495323223097,DHX36KO,DHX36KO,parallel,down,188,DHX36KO
23,-886.0759493670887,7.706082638886803,1.133760321481902,DHX36KO,DHX36KO,parallel,down,188,DHX36KO
24,-835.4430379746836,7.760915083919011,1.086877530994683,DHX36KO,DHX36KO,parallel,down,188,DHX36KO
25,-784.8101265822784,7.888112295003648,1.027757260877426,DHX36KO,DHX36KO,parallel,down,188,DHX36KO
26,-734.1772151898733,7.861558357024869,0.9059815074869508,DHX36KO,DHX36KO,parallel,down,188,DHX36KO
27,-683.5443037974683,7.729655520962485,0.82604976251872,DHX36KO,DHX36KO,parallel,down,188,DHX36KO
28,-632.9113924050632,7.588711906853297,0.8096861821692635,DHX36KO,DHX36KO,parallel,down,188,DHX36KO
29,-582.2784810126582,7.601847840416516,0.8131525560295975,DHX36KO,DHX36KO,parallel,down,188,DHX36KO
30,-531.6455696202531,7.522089297826408,0.7988453979486012,DHX36KO,DHX36KO,parallel,down,188,DHX36KO
31,-481.0126582278481,7.538324392332253,0.7758759857343326,DHX36KO,DHX36KO,parallel,down,188,DHX36KO
32,-430.37974683544303,7.5803065420761175,0.7644589303399133,DHX36KO,DHX36KO,parallel,down,188,DHX36KO
33,-379.746835443038,7.512618236841885,0.7578585882492405,DHX36KO,DHX36KO,parallel,down,188,DHX36KO
34,-329.11392405063293,8.083048941290125,1.0757003943738188,DHX36KO,DHX36KO,parallel,down,188,DHX36KO
35,-278.4810126582279,9.002445327102716,1.581813798783998,DHX36KO,DHX36KO,parallel,down,188,DHX36KO
36,-227.84810126582283,9.608622772879635,1.9978413750053556,DHX36KO,DHX36KO,parallel,down,188,DHX36KO
37,-177.21518987341778,10.416998505638846,2.3805122110688957,DHX36KO,DHX36KO,parallel,down,188,DHX36KO
38,-126.58227848101274,10.993384164647853,2.452246210289014,DHX36KO,DHX36KO,parallel,down,188,DHX36KO
39,-75.94936708860769,11.44830059495378,2.4112530642211287,DHX36KO,DHX36KO,parallel,down,188,DHX36KO
40,-25.316455696202638,11.775937983862898,2.3936002469957933,DHX36KO,DHX36KO,parallel,down,188,DHX36KO
41,25.31645569620241,12.113700972110667,2.434052622488645,DHX36KO,DHX36KO,parallel,down,188,DHX36KO
42,75.94936708860769,12.125019588144959,2.245507350802835,DHX36KO,DHX36KO,parallel,down,188,DHX36KO
43,126.58227848101251,11.709871025609631,1.9848478492726822,DHX36KO,DHX36KO,parallel,down,188,DHX36KO
44,177.21518987341778,11.34244080680482,1.8239930969719793,DHX36KO,DHX36KO,parallel,down,188,DHX36KO
45,227.8481012658226,10.921866882587155,1.6694484753178693,DHX36KO,DHX36KO,parallel,down,188,DHX36KO
46,278.4810126582279,10.190183934345313,1.4334379866404219,DHX36KO,DHX36KO,parallel,down,188,DHX36KO
47,329.1139240506327,9.703549149535226,1.3143122228343525,DHX36KO,DHX36KO,parallel,down,188,DHX36KO
48,379.746835443038,9.250731124590475,1.2259246002205753,DHX36KO,DHX36KO,parallel,down,188,DHX36KO
49,430.37974683544326,8.576295945754287,1.0983115831080439,DHX36KO,DHX36KO,parallel,down,188,DHX36KO
50,481.0126582278481,7.8583682322671224,0.9781099487865813,DHX36KO,DHX36KO,parallel,down,188,DHX36KO
51,531.6455696202534,7.529787373741468,0.8991927547918014,DHX36KO,DHX36KO,parallel,down,188,DHX36KO
52,582.2784810126582,7.375831937688462,0.8788776468298497,DHX36KO,DHX36KO,parallel,down,188,DHX36KO
53,632.9113924050635,7.203496618752784,0.8678398580004756,DHX36KO,DHX36KO,parallel,down,188,DHX36KO
54,683.5443037974683,7.090847984860975,0.8119633001093263,DHX36KO,DHX36KO,parallel,down,188,DHX36KO
55,734.1772151898736,6.865028077144149,0.8005239959599054,DHX36KO,DHX36KO,parallel,down,188,DHX36KO
56,784.8101265822784,6.948857308461311,0.8610672960628526,DHX36KO,DHX36KO,parallel,down,188,DHX36KO
57,835.4430379746836,7.390867057717438,1.0383683568599926,DHX36KO,DHX36KO,parallel,down,188,DHX36KO
58,886.0759493670885,7.4970239789435205,1.1759620066794676,DHX36KO,DHX36KO,parallel,down,188,DHX36KO
59,936.7088607594937,7.497071258603258,1.1382154586436524,DHX36KO,DHX36KO,parallel,down,188,DHX36KO
60,987.3417721518986,7.4184366970662525,1.0882586327276345,DHX36KO,DHX36KO,parallel,down,188,DHX36KO
61,1037.9746835443038,7.139157856537941,1.0154813799491142,DHX36KO,DHX36KO,parallel,down,188,DHX36KO
62,1088.6075949367087,7.026764581355643,0.9990990038051252,DHX36KO,DHX36KO,parallel,down,188,DHX36KO
63,1139.240506329114,6.770369276518517,0.8825884492557534,DHX36KO,DHX36KO,parallel,down,188,DHX36KO
64,1189.8734177215188,6.384009072480472,0.7660684134640329,DHX36KO,DHX36KO,parallel,down,188,DHX36KO
65,1240.506329113924,6.292144751582585,0.7321674998000756,DHX36KO,DHX36KO,parallel,down,188,DHX36KO
66,1291.1392405063293,6.208159798945941,0.7223078729951428,DHX36KO,DHX36KO,parallel,down,188,DHX36KO
67,1341.7721518987341,6.166866977307813,0.7380753689914373,DHX36KO,DHX36KO,parallel,down,188,DHX36KO
68,1392.4050632911394,6.245404552512981,0.7965985207965995,DHX36KO,DHX36KO,parallel,down,188,DHX36KO
69,1443.0379746835442,6.455703971398638,0.9075032661208184,DHX36KO,DHX36KO,parallel,down,188,DHX36KO
70,1493.6708860759495,6.47101474634299,0.8967664418430825,DHX36KO,DHX36KO,parallel,down,188,DHX36KO
71,1544.3037974683543,6.231377086182858,0.790363044329008,DHX36KO,DHX36KO,parallel,down,188,DHX36KO
72,1594.9367088607596,5.740363493456063,0.623276356930821,DHX36KO,DHX36KO,parallel,down,188,DHX36KO
73,1645.5696202531644,5.3838889296004115,0.5339213326514152,DHX36KO,DHX36KO,parallel,down,188,DHX36KO
74,1696.2025316455697,5.429235168310767,0.5467757969393853,DHX36KO,DHX36KO,parallel,down,188,DHX36KO
75,1746.8354430379745,5.455352783266534,0.582402328545414,DHX36KO,DHX36KO,parallel,down,188,DHX36KO
76,1797.4683544303798,5.505239653769114,0.5936247101173536,DHX36KO,DHX36KO,parallel,down,188,DHX36KO
77,1848.1012658227846,5.49949005604213,0.5898850044543713,DHX36KO,DHX36KO,parallel,down,188,DHX36KO
78,1898.73417721519,5.2943482882503075,0.5440849118379019,DHX36KO,DHX36KO,parallel,down,188,DHX36KO
79,1949.3670886075947,5.2043509256247935,0.5142886179774833,DHX36KO,DHX36KO,parallel,down,188,DHX36KO
80,2000,5.095365087715447,0.5117979628754584,DHX36KO,DHX36KO,parallel,down,188,DHX36KO
1,-2000,8.255972657036363,3.4383208144873776,DHX36KO,DHX36KO,antiparallel,up,19,DHX36KO
2,-1949.367088607595,7.792095687389374,2.91186031216811,DHX36KO,DHX36KO,antiparallel,up,19,DHX36KO
3,-1898.73417721519,7.050563809453395,2.0722655154178704,DHX36KO,DHX36KO,antiparallel,up,19,DHX36KO
4,-1848.1012658227849,6.4051148352288365,1.6890357931982425,DHX36KO,DHX36KO,antiparallel,up,19,DHX36KO
5,-1797.4683544303798,6.335600761614348,1.499683717105119,DHX36KO,DHX36KO,antiparallel,up,19,DHX36KO
6,-1746.8354430379748,6.0241046292321725,1.246304673391971,DHX36KO,DHX36KO,antiparallel,up,19,DHX36KO
7,-1696.2025316455697,5.63441390221579,1.255553982690138,DHX36KO,DHX36KO,antiparallel,up,19,DHX36KO
8,-1645.5696202531644,5.491195958413576,1.4424589784755824,DHX36KO,DHX36KO,antiparallel,up,19,DHX36KO
9,-1594.9367088607596,4.710486161416037,1.4579893714287828,DHX36KO,DHX36KO,antiparallel,up,19,DHX36KO
10,-1544.3037974683543,4.773037893855781,1.7903975915437917,DHX36KO,DHX36KO,antiparallel,up,19,DHX36KO
11,-1493.6708860759495,5.838266617289761,2.2650505352057246,DHX36KO,DHX36KO,antiparallel,up,19,DHX36KO
12,-1443.0379746835442,7.063816010659201,2.8248618860033403,DHX36KO,DHX36KO,antiparallel,up,19,DHX36KO
13,-1392.4050632911392,8.350828730976373,3.2994216129678806,DHX36KO,DHX36KO,antiparallel,up,19,DHX36KO
14,-1341.7721518987341,10.43897107542607,4.374106203577653,DHX36KO,DHX36KO,antiparallel,up,19,DHX36KO
15,-1291.139240506329,12.731852797416218,5.758066028541164,DHX36KO,DHX36KO,antiparallel,up,19,DHX36KO
16,-1240.506329113924,13.77830627391213,6.901987931018541,DHX36KO,DHX36KO,antiparallel,up,19,DHX36KO
17,-1189.873417721519,15.208909298244274,7.902448980122963,DHX36KO,DHX36KO,antiparallel,up,19,DHX36KO
18,-1139.240506329114,14.810456974548206,7.904305107037164,DHX36KO,DHX36KO,antiparallel,up,19,DHX36KO
19,-1088.607594936709,13.077947837344386,6.826868497131237,DHX36KO,DHX36KO,antiparallel,up,19,DHX36KO
20,-1037.9746835443038,12.000925434681406,5.890279151660586,DHX36KO,DHX36KO,antiparallel,up,19,DHX36KO
21,-987.3417721518988,10.370729200881824,4.876932122672077,DHX36KO,DHX36KO,antiparallel,up,19,DHX36KO
22,-936.7088607594937,9.642760262405664,4.102882174352948,DHX36KO,DHX36KO,antiparallel,up,19,DHX36KO
23,-886.0759493670887,9.81963824380908,3.73768576553268,DHX36KO,DHX36KO,antiparallel,up,19,DHX36KO
24,-835.4430379746836,9.617190662517881,3.4546071810439263,DHX36KO,DHX36KO,antiparallel,up,19,DHX36KO
25,-784.8101265822784,8.988403215993914,2.9579391027449384,DHX36KO,DHX36KO,antiparallel,up,19,DHX36KO
26,-734.1772151898733,7.843067593156246,2.3870112975805853,DHX36KO,DHX36KO,antiparallel,up,19,DHX36KO
27,-683.5443037974683,7.0051103414568985,1.8584600013967232,DHX36KO,DHX36KO,antiparallel,up,19,DHX36KO
28,-632.9113924050632,6.033204472023144,1.544320294584646,DHX36KO,DHX36KO,antiparallel,up,19,DHX36KO
29,-582.2784810126582,5.7622611489212305,1.3292399302915237,DHX36KO,DHX36KO,antiparallel,up,19,DHX36KO
30,-531.6455696202531,5.530370386567032,1.0398985631991382,DHX36KO,DHX36KO,antiparallel,up,19,DHX36KO
31,-481.0126582278481,5.262516456361403,0.9038867824967819,DHX36KO,DHX36KO,antiparallel,up,19,DHX36KO
32,-430.37974683544303,4.009672890211407,0.7569507601177902,DHX36KO,DHX36KO,antiparallel,up,19,DHX36KO
33,-379.746835443038,3.4769461969743696,0.6811873496178236,DHX36KO,DHX36KO,antiparallel,up,19,DHX36KO
34,-329.11392405063293,3.2444605618610716,0.6859996304179542,DHX36KO,DHX36KO,antiparallel,up,19,DHX36KO
35,-278.4810126582279,3.0339528538051406,0.5705569898406807,DHX36KO,DHX36KO,antiparallel,up,19,DHX36KO
36,-227.84810126582283,2.8080266091698096,0.6375926336418172,DHX36KO,DHX36KO,antiparallel,up,19,DHX36KO
37,-177.21518987341778,2.6531816993679915,0.7060108787518514,DHX36KO,DHX36KO,antiparallel,up,19,DHX36KO
38,-126.58227848101274,2.4942772609309145,0.612223666118036,DHX36KO,DHX36KO,antiparallel,up,19,DHX36KO
39,-75.94936708860769,2.363759781979678,0.636872149728218,DHX36KO,DHX36KO,antiparallel,up,19,DHX36KO
40,-25.316455696202638,2.5486619670767534,0.6730324981257535,DHX36KO,DHX36KO,antiparallel,up,19,DHX36KO
41,25.31645569620241,2.8670523511736015,0.8564244084580537,DHX36KO,DHX36KO,antiparallel,up,19,DHX36KO
42,75.94936708860769,2.8230006322526093,0.8676976631872982,DHX36KO,DHX36KO,antiparallel,up,19,DHX36KO
43,126.58227848101251,2.879341705138223,0.9253258218557793,DHX36KO,DHX36KO,antiparallel,up,19,DHX36KO
44,177.21518987341778,3.3728290301875066,1.261124228491464,DHX36KO,DHX36KO,antiparallel,up,19,DHX36KO
45,227.8481012658226,3.7183028549897044,1.4707350247224502,DHX36KO,DHX36KO,antiparallel,up,19,DHX36KO
46,278.4810126582279,4.327173704264457,2.1012982694983364,DHX36KO,DHX36KO,antiparallel,up,19,DHX36KO
47,329.1139240506327,4.766158581951208,2.492356947576373,DHX36KO,DHX36KO,antiparallel,up,19,DHX36KO
48,379.746835443038,5.349570998225296,2.539726072765272,DHX36KO,DHX36KO,antiparallel,up,19,DHX36KO
49,430.37974683544326,5.63692486963774,2.295599277961724,DHX36KO,DHX36KO,antiparallel,up,19,DHX36KO
50,481.0126582278481,5.698723156284868,2.16014601721612,DHX36KO,DHX36KO,antiparallel,up,19,DHX36KO
51,531.6455696202534,5.811214548997712,1.9784505990237105,DHX36KO,DHX36KO,antiparallel,up,19,DHX36KO
52,582.2784810126582,5.355532450424997,1.9177233039489747,DHX36KO,DHX36KO,antiparallel,up,19,DHX36KO
53,632.9113924050635,6.08598636786143,2.4620877854346275,DHX36KO,DHX36KO,antiparallel,up,19,DHX36KO
54,683.5443037974683,6.30969176568483,2.3924466330674448,DHX36KO,DHX36KO,antiparallel,up,19,DHX36KO
55,734.1772151898736,6.05928713547556,1.664625103355155,DHX36KO,DHX36KO,antiparallel,up,19,DHX36KO
56,784.8101265822784,6.847353300630001,1.9636237275852275,DHX36KO,DHX36KO,antiparallel,up,19,DHX36KO
57,835.4430379746836,7.173211702212953,2.306464173505112,DHX36KO,DHX36KO,antiparallel,up,19,DHX36KO
58,886.0759493670885,7.484872235875381,2.516684315224142,DHX36KO,DHX36KO,antiparallel,up,19,DHX36KO
59,936.7088607594937,8.331097864100808,2.761679540750968,DHX36KO,DHX36KO,antiparallel,up,19,DHX36KO
60,987.3417721518986,9.030974416649132,3.136634573286123,DHX36KO,DHX36KO,antiparallel,up,19,DHX36KO
61,1037.9746835443038,9.376475158239666,3.3927374459523056,DHX36KO,DHX36KO,antiparallel,up,19,DHX36KO
62,1088.6075949367087,10.632463314324095,4.029535350815295,DHX36KO,DHX36KO,antiparallel,up,19,DHX36KO
63,1139.240506329114,11.361897261017248,4.406243403774615,DHX36KO,DHX36KO,antiparallel,up,19,DHX36KO
64,1189.8734177215188,12.597986469352454,4.965113164221859,DHX36KO,DHX36KO,antiparallel,up,19,DHX36KO
65,1240.506329113924,13.6434870079944,5.445671665245645,DHX36KO,DHX36KO,antiparallel,up,19,DHX36KO
66,1291.1392405063293,13.483291161771406,5.283022526002175,DHX36KO,DHX36KO,antiparallel,up,19,DHX36KO
67,1341.7721518987341,11.641370374278019,4.244543565474475,DHX36KO,DHX36KO,antiparallel,up,19,DHX36KO
68,1392.4050632911394,8.91005230531358,2.7870273167492687,DHX36KO,DHX36KO,antiparallel,up,19,DHX36KO
69,1443.0379746835442,7.056590756366128,1.9665503701730407,DHX36KO,DHX36KO,antiparallel,up,19,DHX36KO
70,1493.6708860759495,6.525398599975987,1.697617626799552,DHX36KO,DHX36KO,antiparallel,up,19,DHX36KO
71,1544.3037974683543,6.214438283401623,1.6162073830965453,DHX36KO,DHX36KO,antiparallel,up,19,DHX36KO
72,1594.9367088607596,5.605937506106862,1.4702134547184265,DHX36KO,DHX36KO,antiparallel,up,19,DHX36KO
73,1645.5696202531644,5.328625424451995,1.3795713572520825,DHX36KO,DHX36KO,antiparallel,up,19,DHX36KO
74,1696.2025316455697,5.305102880042896,1.3383917728675476,DHX36KO,DHX36KO,antiparallel,up,19,DHX36KO
75,1746.8354430379745,5.359198238807812,1.359800158830823,DHX36KO,DHX36KO,antiparallel,up,19,DHX36KO
76,1797.4683544303798,5.2843947731402885,1.2828037522629105,DHX36KO,DHX36KO,antiparallel,up,19,DHX36KO
77,1848.1012658227846,4.912605285435392,1.1648653243180405,DHX36KO,DHX36KO,antiparallel,up,19,DHX36KO
78,1898.73417721519,4.369615202075557,1.027605787339675,DHX36KO,DHX36KO,antiparallel,up,19,DHX36KO
79,1949.3670886075947,3.989743167308339,0.9418846291815957,DHX36KO,DHX36KO,antiparallel,up,19,DHX36KO
80,2000,3.6685466742933843,0.8410378438901129,DHX36KO,DHX36KO,antiparallel,up,19,DHX36KO
1,-2000,3.5882717163520947,0.5157523465633007,DHX36KO,DHX36KO,antiparallel,down,19,DHX36KO
2,-1949.367088607595,3.59194490436922,0.5276939603146451,DHX36KO,DHX36KO,antiparallel,down,19,DHX36KO
3,-1898.73417721519,3.742125095610033,0.5646081111683244,DHX36KO,DHX36KO,antiparallel,down,19,DHX36KO
4,-1848.1012658227849,4.071401465399224,0.7186195722855141,DHX36KO,DHX36KO,antiparallel,down,19,DHX36KO
5,-1797.4683544303798,4.491034761311715,0.9773205041471792,DHX36KO,DHX36KO,antiparallel,down,19,DHX36KO
6,-1746.8354430379748,4.683990362945356,1.0662018100437574,DHX36KO,DHX36KO,antiparallel,down,19,DHX36KO
7,-1696.2025316455697,4.730091972602041,1.2416713766534027,DHX36KO,DHX36KO,antiparallel,down,19,DHX36KO
8,-1645.5696202531644,4.80035009543101,1.2524654017492522,DHX36KO,DHX36KO,antiparallel,down,19,DHX36KO
9,-1594.9367088607596,4.318132964435376,1.0544164841162398,DHX36KO,DHX36KO,antiparallel,down,19,DHX36KO
10,-1544.3037974683543,3.4539352564226116,0.8045516724339846,DHX36KO,DHX36KO,antiparallel,down,19,DHX36KO
11,-1493.6708860759495,3.307809843264128,0.7435235253624791,DHX36KO,DHX36KO,antiparallel,down,19,DHX36KO
12,-1443.0379746835442,4.03281436786317,0.9105982228746037,DHX36KO,DHX36KO,antiparallel,down,19,DHX36KO
13,-1392.4050632911392,4.823631110316828,1.1742183980468448,DHX36KO,DHX36KO,antiparallel,down,19,DHX36KO
14,-1341.7721518987341,5.061388214638359,1.329462757789979,DHX36KO,DHX36KO,antiparallel,down,19,DHX36KO
15,-1291.139240506329,5.5414625862188505,1.6068807307138318,DHX36KO,DHX36KO,antiparallel,down,19,DHX36KO
16,-1240.506329113924,6.064194690010004,2.0239634233831065,DHX36KO,DHX36KO,antiparallel,down,19,DHX36KO
17,-1189.873417721519,7.145638405272835,2.443445434015421,DHX36KO,DHX36KO,antiparallel,down,19,DHX36KO
18,-1139.240506329114,7.6314669487769144,2.4378299915252124,DHX36KO,DHX36KO,antiparallel,down,19,DHX36KO
19,-1088.607594936709,7.462989667382157,2.2639460044170643,DHX36KO,DHX36KO,antiparallel,down,19,DHX36KO
20,-1037.9746835443038,6.676735714025665,1.923234883774754,DHX36KO,DHX36KO,antiparallel,down,19,DHX36KO
21,-987.3417721518988,6.6143327694190175,1.6870926276441964,DHX36KO,DHX36KO,antiparallel,down,19,DHX36KO
22,-936.7088607594937,7.103569068323102,1.766026256656777,DHX36KO,DHX36KO,antiparallel,down,19,DHX36KO
23,-886.0759493670887,7.531281991716017,2.025178104438636,DHX36KO,DHX36KO,antiparallel,down,19,DHX36KO
24,-835.4430379746836,8.082533892748648,2.2602049021631956,DHX36KO,DHX36KO,antiparallel,down,19,DHX36KO
25,-784.8101265822784,8.256027566675554,2.372942830522946,DHX36KO,DHX36KO,antiparallel,down,19,DHX36KO
26,-734.1772151898733,8.61257094876808,2.637403746719529,DHX36KO,DHX36KO,antiparallel,down,19,DHX36KO
27,-683.5443037974683,8.340708150110746,2.742076272513362,DHX36KO,DHX36KO,antiparallel,down,19,DHX36KO
28,-632.9113924050632,8.2733402329997,2.9450770708218923,DHX36KO,DHX36KO,antiparallel,down,19,DHX36KO
29,-582.2784810126582,8.29737251365394,3.147988527738868,DHX36KO,DHX36KO,antiparallel,down,19,DHX36KO
30,-531.6455696202531,7.689963910621509,2.9242775097216382,DHX36KO,DHX36KO,antiparallel,down,19,DHX36KO
31,-481.0126582278481,7.853876420573184,2.916053541775716,DHX36KO,DHX36KO,antiparallel,down,19,DHX36KO
32,-430.37974683544303,8.636019223614744,3.197508391875211,DHX36KO,DHX36KO,antiparallel,down,19,DHX36KO
33,-379.746835443038,9.619023813030177,4.023894327023158,DHX36KO,DHX36KO,antiparallel,down,19,DHX36KO
34,-329.11392405063293,10.843769141916644,4.94790208577267,DHX36KO,DHX36KO,antiparallel,down,19,DHX36KO
35,-278.4810126582279,12.701535072577627,6.45512870703713,DHX36KO,DHX36KO,antiparallel,down,19,DHX36KO
36,-227.84810126582283,13.61608516199547,7.385648085991936,DHX36KO,DHX36KO,antiparallel,down,19,DHX36KO
37,-177.21518987341778,13.415740676260832,7.2302019477905874,DHX36KO,DHX36KO,antiparallel,down,19,DHX36KO
38,-126.58227848101274,11.818523807860258,5.9944466563784795,DHX36KO,DHX36KO,antiparallel,down,19,DHX36KO
39,-75.94936708860769,9.630817889247025,4.481914489933915,DHX36KO,DHX36KO,antiparallel,down,19,DHX36KO
40,-25.316455696202638,8.48591434244524,3.813130591723452,DHX36KO,DHX36KO,antiparallel,down,19,DHX36KO
41,25.31645569620241,8.292664301186276,3.6441405880873186,DHX36KO,DHX36KO,antiparallel,down,19,DHX36KO
42,75.94936708860769,8.296528459682799,3.4790128598225585,DHX36KO,DHX36KO,antiparallel,down,19,DHX36KO
43,126.58227848101251,7.605506529640733,2.6823029394749622,DHX36KO,DHX36KO,antiparallel,down,19,DHX36KO
44,177.21518987341778,6.264010932152732,1.7473452626964276,DHX36KO,DHX36KO,antiparallel,down,19,DHX36KO
45,227.8481012658226,6.517530472236767,1.648462867235296,DHX36KO,DHX36KO,antiparallel,down,19,DHX36KO
46,278.4810126582279,6.599437574503715,1.649129709613612,DHX36KO,DHX36KO,antiparallel,down,19,DHX36KO
47,329.1139240506327,6.07142548142818,1.5818032792179084,DHX36KO,DHX36KO,antiparallel,down,19,DHX36KO
48,379.746835443038,5.5766259264527704,1.6147266543312402,DHX36KO,DHX36KO,antiparallel,down,19,DHX36KO
49,430.37974683544326,4.856186797326071,1.240639422909862,DHX36KO,DHX36KO,antiparallel,down,19,DHX36KO
50,481.0126582278481,4.281838915557192,0.8597367691793097,DHX36KO,DHX36KO,antiparallel,down,19,DHX36KO
51,531.6455696202534,4.225016730877392,0.8085228504062837,DHX36KO,DHX36KO,antiparallel,down,19,DHX36KO
52,582.2784810126582,4.05509570623699,0.7078623245516253,DHX36KO,DHX36KO,antiparallel,down,19,DHX36KO
53,632.9113924050635,4.07256367465906,0.737329225828365,DHX36KO,DHX36KO,antiparallel,down,19,DHX36KO
54,683.5443037974683,4.0909808230818365,0.7764128653463145,DHX36KO,DHX36KO,antiparallel,down,19,DHX36KO
55,734.1772151898736,3.8660038787021973,0.8145552413325773,DHX36KO,DHX36KO,antiparallel,down,19,DHX36KO
56,784.8101265822784,3.698155393265841,0.8102408751115704,DHX36KO,DHX36KO,antiparallel,down,19,DHX36KO
57,835.4430379746836,3.730689035800465,0.680331917987203,DHX36KO,DHX36KO,antiparallel,down,19,DHX36KO
58,886.0759493670885,3.6702071734896875,0.6498035004168978,DHX36KO,DHX36KO,antiparallel,down,19,DHX36KO
59,936.7088607594937,3.779075055958932,0.7460442347412555,DHX36KO,DHX36KO,antiparallel,down,19,DHX36KO
60,987.3417721518986,3.7363842288234776,0.7311270902350735,DHX36KO,DHX36KO,antiparallel,down,19,DHX36KO
61,1037.9746835443038,3.966491101917468,0.8660029847845911,DHX36KO,DHX36KO,antiparallel,down,19,DHX36KO
62,1088.6075949367087,4.335730838231873,1.1143977083079433,DHX36KO,DHX36KO,antiparallel,down,19,DHX36KO
63,1139.240506329114,4.092939441329555,1.149288404070147,DHX36KO,DHX36KO,antiparallel,down,19,DHX36KO
64,1189.8734177215188,3.4352488899649236,0.9043316090958203,DHX36KO,DHX36KO,antiparallel,down,19,DHX36KO
65,1240.506329113924,3.274152325914617,0.9056394211643152,DHX36KO,DHX36KO,antiparallel,down,19,DHX36KO
66,1291.1392405063293,3.1053232045759236,0.8576188444609825,DHX36KO,DHX36KO,antiparallel,down,19,DHX36KO
67,1341.7721518987341,2.9443226224079466,0.740174027944141,DHX36KO,DHX36KO,antiparallel,down,19,DHX36KO
68,1392.4050632911394,2.803187480391118,0.7354544940898395,DHX36KO,DHX36KO,antiparallel,down,19,DHX36KO
69,1443.0379746835442,2.5006138740506088,0.7493906202005945,DHX36KO,DHX36KO,antiparallel,down,19,DHX36KO
70,1493.6708860759495,2.1438601327779,0.7618682074919403,DHX36KO,DHX36KO,antiparallel,down,19,DHX36KO
71,1544.3037974683543,2.0704292004568536,0.6820885140311771,DHX36KO,DHX36KO,antiparallel,down,19,DHX36KO
72,1594.9367088607596,1.7820627650879977,0.5932727681413139,DHX36KO,DHX36KO,antiparallel,down,19,DHX36KO
73,1645.5696202531644,1.8509281460444134,0.5859256741150455,DHX36KO,DHX36KO,antiparallel,down,19,DHX36KO
74,1696.2025316455697,1.8730831403899613,0.5878965550320656,DHX36KO,DHX36KO,antiparallel,down,19,DHX36KO
75,1746.8354430379745,1.8444086935645656,0.5130068769301954,DHX36KO,DHX36KO,antiparallel,down,19,DHX36KO
76,1797.4683544303798,1.8939091184683012,0.4548723343418163,DHX36KO,DHX36KO,antiparallel,down,19,DHX36KO
77,1848.1012658227846,2.147288558273985,0.4619799400029495,DHX36KO,DHX36KO,antiparallel,down,19,DHX36KO
78,1898.73417721519,1.998130952851814,0.4303359184555785,DHX36KO,DHX36KO,antiparallel,down,19,DHX36KO
79,1949.3670886075947,2.028367316262764,0.4655880870200481,DHX36KO,DHX36KO,antiparallel,down,19,DHX36KO
80,2000,2.3195503925858882,0.5024381384050263,DHX36KO,DHX36KO,antiparallel,down,19,DHX36KO
1,-2000,5.206412814254435,1.1418659936643658,DHX36KO,DHX36KO,hybrid,up,39,DHX36KO
2,-1949.367088607595,5.196424689170642,1.0177633916324516,DHX36KO,DHX36KO,hybrid,up,39,DHX36KO
3,-1898.73417721519,5.4341084247776585,0.91110600386116,DHX36KO,DHX36KO,hybrid,up,39,DHX36KO
4,-1848.1012658227849,5.481673029895521,0.8735857548718143,DHX36KO,DHX36KO,hybrid,up,39,DHX36KO
5,-1797.4683544303798,5.610086772584507,0.8704419151897262,DHX36KO,DHX36KO,hybrid,up,39,DHX36KO
6,-1746.8354430379748,5.73823619801774,0.9226031260896788,DHX36KO,DHX36KO,hybrid,up,39,DHX36KO
7,-1696.2025316455697,6.374469620325627,1.0416279662870118,DHX36KO,DHX36KO,hybrid,up,39,DHX36KO
8,-1645.5696202531644,6.476389057677016,1.2291707341105278,DHX36KO,DHX36KO,hybrid,up,39,DHX36KO
9,-1594.9367088607596,6.601600196769095,1.675089398060378,DHX36KO,DHX36KO,hybrid,up,39,DHX36KO
10,-1544.3037974683543,6.628419891809806,1.8039894046690537,DHX36KO,DHX36KO,hybrid,up,39,DHX36KO
11,-1493.6708860759495,6.2092200238888084,1.5987692041140833,DHX36KO,DHX36KO,hybrid,up,39,DHX36KO
12,-1443.0379746835442,6.781000947503962,1.8033142606032875,DHX36KO,DHX36KO,hybrid,up,39,DHX36KO
13,-1392.4050632911392,7.441081509671659,2.187389902952309,DHX36KO,DHX36KO,hybrid,up,39,DHX36KO
14,-1341.7721518987341,7.384342877070109,2.11349224426697,DHX36KO,DHX36KO,hybrid,up,39,DHX36KO
15,-1291.139240506329,6.637841761254856,1.650331868921891,DHX36KO,DHX36KO,hybrid,up,39,DHX36KO
16,-1240.506329113924,6.111823264676282,1.4771745755370276,DHX36KO,DHX36KO,hybrid,up,39,DHX36KO
17,-1189.873417721519,6.342461902687692,1.3778899817574992,DHX36KO,DHX36KO,hybrid,up,39,DHX36KO
18,-1139.240506329114,6.147907883020547,1.25323687176453,DHX36KO,DHX36KO,hybrid,up,39,DHX36KO
19,-1088.607594936709,6.330978493201427,1.314647663251275,DHX36KO,DHX36KO,hybrid,up,39,DHX36KO
20,-1037.9746835443038,6.322408689902379,1.363290714371126,DHX36KO,DHX36KO,hybrid,up,39,DHX36KO
21,-987.3417721518988,5.815992150327079,1.1236942875468994,DHX36KO,DHX36KO,hybrid,up,39,DHX36KO
22,-936.7088607594937,5.829354948162013,1.1662042386183658,DHX36KO,DHX36KO,hybrid,up,39,DHX36KO
23,-886.0759493670887,5.3139386194383995,0.8336244961974156,DHX36KO,DHX36KO,hybrid,up,39,DHX36KO
24,-835.4430379746836,5.277301610881446,0.7343839389172798,DHX36KO,DHX36KO,hybrid,up,39,DHX36KO
25,-784.8101265822784,4.8527338522927375,0.6321216226596504,DHX36KO,DHX36KO,hybrid,up,39,DHX36KO
26,-734.1772151898733,4.8495208924244615,0.6337575999469093,DHX36KO,DHX36KO,hybrid,up,39,DHX36KO
27,-683.5443037974683,4.946706793002593,0.6382617762388284,DHX36KO,DHX36KO,hybrid,up,39,DHX36KO
28,-632.9113924050632,4.855859125129178,0.6317322931151677,DHX36KO,DHX36KO,hybrid,up,39,DHX36KO
29,-582.2784810126582,4.694414907439143,0.671853320484145,DHX36KO,DHX36KO,hybrid,up,39,DHX36KO
30,-531.6455696202531,4.954684559300414,0.8004823578478175,DHX36KO,DHX36KO,hybrid,up,39,DHX36KO
31,-481.0126582278481,4.939570681315202,0.861773126434092,DHX36KO,DHX36KO,hybrid,up,39,DHX36KO
32,-430.37974683544303,5.168544747910948,0.840499665361791,DHX36KO,DHX36KO,hybrid,up,39,DHX36KO
33,-379.746835443038,5.386649275009448,0.9011923042467953,DHX36KO,DHX36KO,hybrid,up,39,DHX36KO
34,-329.11392405063293,5.389884729324243,1.0439519717849746,DHX36KO,DHX36KO,hybrid,up,39,DHX36KO
35,-278.4810126582279,6.089045851434398,1.6998504081667218,DHX36KO,DHX36KO,hybrid,up,39,DHX36KO
36,-227.84810126582283,6.929234929084778,2.0621128367791584,DHX36KO,DHX36KO,hybrid,up,39,DHX36KO
37,-177.21518987341778,7.697873973764925,2.4868642963737924,DHX36KO,DHX36KO,hybrid,up,39,DHX36KO
38,-126.58227848101274,8.13063159907985,2.859089737787282,DHX36KO,DHX36KO,hybrid,up,39,DHX36KO
39,-75.94936708860769,8.52960071361982,3.4530558537010276,DHX36KO,DHX36KO,hybrid,up,39,DHX36KO
40,-25.316455696202638,9.735024213281452,4.524181011906134,DHX36KO,DHX36KO,hybrid,up,39,DHX36KO
41,25.31645569620241,11.14275758282751,5.873325594910834,DHX36KO,DHX36KO,hybrid,up,39,DHX36KO
42,75.94936708860769,12.217192634924864,6.555521896314095,DHX36KO,DHX36KO,hybrid,up,39,DHX36KO
43,126.58227848101251,12.952091385788387,6.584063674795631,DHX36KO,DHX36KO,hybrid,up,39,DHX36KO
44,177.21518987341778,13.959360173502539,6.582704124615535,DHX36KO,DHX36KO,hybrid,up,39,DHX36KO
45,227.8481012658226,14.465539631619412,6.343406498493176,DHX36KO,DHX36KO,hybrid,up,39,DHX36KO
46,278.4810126582279,14.290642709406013,5.232284739332737,DHX36KO,DHX36KO,hybrid,up,39,DHX36KO
47,329.1139240506327,13.244721977751478,4.279107083093764,DHX36KO,DHX36KO,hybrid,up,39,DHX36KO
48,379.746835443038,10.88648209001264,2.748760305213045,DHX36KO,DHX36KO,hybrid,up,39,DHX36KO
49,430.37974683544326,9.53935278676514,2.1541005120049754,DHX36KO,DHX36KO,hybrid,up,39,DHX36KO
50,481.0126582278481,8.175486542526473,1.59200761608779,DHX36KO,DHX36KO,hybrid,up,39,DHX36KO
51,531.6455696202534,7.451485216067388,1.3561447606237516,DHX36KO,DHX36KO,hybrid,up,39,DHX36KO
52,582.2784810126582,6.75607231832977,1.226908516036117,DHX36KO,DHX36KO,hybrid,up,39,DHX36KO
53,632.9113924050635,6.532285081382491,1.2043425090752893,DHX36KO,DHX36KO,hybrid,up,39,DHX36KO
54,683.5443037974683,6.360299464250223,1.3326524312715404,DHX36KO,DHX36KO,hybrid,up,39,DHX36KO
55,734.1772151898736,6.599052704705132,1.4014125704450824,DHX36KO,DHX36KO,hybrid,up,39,DHX36KO
56,784.8101265822784,7.315742108251294,1.6170043104134948,DHX36KO,DHX36KO,hybrid,up,39,DHX36KO
57,835.4430379746836,8.532660515777065,2.1355723548529677,DHX36KO,DHX36KO,hybrid,up,39,DHX36KO
58,886.0759493670885,9.238253432298318,2.466895379799667,DHX36KO,DHX36KO,hybrid,up,39,DHX36KO
59,936.7088607594937,9.467277043395573,2.580547198920427,DHX36KO,DHX36KO,hybrid,up,39,DHX36KO
60,987.3417721518986,9.175469830484472,2.417634368144447,DHX36KO,DHX36KO,hybrid,up,39,DHX36KO
61,1037.9746835443038,8.335132348211403,2.0711763963683834,DHX36KO,DHX36KO,hybrid,up,39,DHX36KO
62,1088.6075949367087,7.937250308134617,1.8686763595145015,DHX36KO,DHX36KO,hybrid,up,39,DHX36KO
63,1139.240506329114,7.880743610960805,1.9146255889104697,DHX36KO,DHX36KO,hybrid,up,39,DHX36KO
64,1189.8734177215188,7.523770468296149,1.8660804413250107,DHX36KO,DHX36KO,hybrid,up,39,DHX36KO
65,1240.506329113924,7.080936145252652,1.6528016544494626,DHX36KO,DHX36KO,hybrid,up,39,DHX36KO
66,1291.1392405063293,6.377519888022007,1.2289310617455709,DHX36KO,DHX36KO,hybrid,up,39,DHX36KO
67,1341.7721518987341,6.472776777703538,1.222456127428796,DHX36KO,DHX36KO,hybrid,up,39,DHX36KO
68,1392.4050632911394,6.8616258362012035,1.408390646479241,DHX36KO,DHX36KO,hybrid,up,39,DHX36KO
69,1443.0379746835442,7.044449060065115,1.3896062892698562,DHX36KO,DHX36KO,hybrid,up,39,DHX36KO
70,1493.6708860759495,6.789844646718767,1.4205324507089743,DHX36KO,DHX36KO,hybrid,up,39,DHX36KO
71,1544.3037974683543,6.74478044550643,1.6759244807881997,DHX36KO,DHX36KO,hybrid,up,39,DHX36KO
72,1594.9367088607596,7.001451583132784,2.0167242341752187,DHX36KO,DHX36KO,hybrid,up,39,DHX36KO
73,1645.5696202531644,7.351997175705739,2.4225726218917734,DHX36KO,DHX36KO,hybrid,up,39,DHX36KO
74,1696.2025316455697,7.402679275977306,2.52533191891089,DHX36KO,DHX36KO,hybrid,up,39,DHX36KO
75,1746.8354430379745,7.421258753690964,2.613324444937336,DHX36KO,DHX36KO,hybrid,up,39,DHX36KO
76,1797.4683544303798,7.773622866532741,2.7933599084534504,DHX36KO,DHX36KO,hybrid,up,39,DHX36KO
77,1848.1012658227846,8.070868420560135,2.8913481962012635,DHX36KO,DHX36KO,hybrid,up,39,DHX36KO
78,1898.73417721519,8.171890256934695,2.8840085478350606,DHX36KO,DHX36KO,hybrid,up,39,DHX36KO
79,1949.3670886075947,7.914713186096941,2.6744996873366507,DHX36KO,DHX36KO,hybrid,up,39,DHX36KO
80,2000,7.263169232535566,2.123903369549607,DHX36KO,DHX36KO,hybrid,up,39,DHX36KO
1,-2000,10.016305714618593,2.464128510106011,DHX36KO,DHX36KO,hybrid,down,28,DHX36KO
2,-1949.367088607595,9.867190286318461,2.305908676441167,DHX36KO,DHX36KO,hybrid,down,28,DHX36KO
3,-1898.73417721519,9.654835094099953,2.1686966304738315,DHX36KO,DHX36KO,hybrid,down,28,DHX36KO
4,-1848.1012658227849,8.785648998703275,2.038360112121945,DHX36KO,DHX36KO,hybrid,down,28,DHX36KO
5,-1797.4683544303798,7.9506071767352875,1.8328643178137867,DHX36KO,DHX36KO,hybrid,down,28,DHX36KO
6,-1746.8354430379748,7.4890508382661,1.7059202411192704,DHX36KO,DHX36KO,hybrid,down,28,DHX36KO
7,-1696.2025316455697,7.360191878477733,1.6191487755137763,DHX36KO,DHX36KO,hybrid,down,28,DHX36KO
8,-1645.5696202531644,6.652574726059323,1.2638807622908776,DHX36KO,DHX36KO,hybrid,down,28,DHX36KO
9,-1594.9367088607596,5.896859916278294,1.0267602963720024,DHX36KO,DHX36KO,hybrid,down,28,DHX36KO
10,-1544.3037974683543,5.4981851138387405,1.1085527471907017,DHX36KO,DHX36KO,hybrid,down,28,DHX36KO
11,-1493.6708860759495,5.905467426322756,1.3406010849974899,DHX36KO,DHX36KO,hybrid,down,28,DHX36KO
12,-1443.0379746835442,5.7605355594839365,1.3417865853862405,DHX36KO,DHX36KO,hybrid,down,28,DHX36KO
13,-1392.4050632911392,5.492320153798376,1.3985091032939518,DHX36KO,DHX36KO,hybrid,down,28,DHX36KO
14,-1341.7721518987341,5.655797350917544,1.416110989875844,DHX36KO,DHX36KO,hybrid,down,28,DHX36KO
15,-1291.139240506329,6.176417905574753,1.5839594873795846,DHX36KO,DHX36KO,hybrid,down,28,DHX36KO
16,-1240.506329113924,6.4323166570493155,1.7004374671312676,DHX36KO,DHX36KO,hybrid,down,28,DHX36KO
17,-1189.873417721519,7.216599039690835,2.0030778415949815,DHX36KO,DHX36KO,hybrid,down,28,DHX36KO
18,-1139.240506329114,8.121103755718186,2.2607855255219604,DHX36KO,DHX36KO,hybrid,down,28,DHX36KO
19,-1088.607594936709,8.43331921006952,2.3852808112826827,DHX36KO,DHX36KO,hybrid,down,28,DHX36KO
20,-1037.9746835443038,8.369562603604226,2.5536900498418897,DHX36KO,DHX36KO,hybrid,down,28,DHX36KO
21,-987.3417721518988,8.524576310969534,2.7600100304686506,DHX36KO,DHX36KO,hybrid,down,28,DHX36KO
22,-936.7088607594937,8.429327037391209,2.815997437826373,DHX36KO,DHX36KO,hybrid,down,28,DHX36KO
23,-886.0759493670887,8.784872191264515,3.122556912975992,DHX36KO,DHX36KO,hybrid,down,28,DHX36KO
24,-835.4430379746836,10.064858347518104,3.905652265700202,DHX36KO,DHX36KO,hybrid,down,28,DHX36KO
25,-784.8101265822784,10.03860197850636,4.127547949704119,DHX36KO,DHX36KO,hybrid,down,28,DHX36KO
26,-734.1772151898733,10.42235774908747,4.330524241786075,DHX36KO,DHX36KO,hybrid,down,28,DHX36KO
27,-683.5443037974683,10.866420590253103,4.238658347290879,DHX36KO,DHX36KO,hybrid,down,28,DHX36KO
28,-632.9113924050632,10.246802346536091,3.4837843536597863,DHX36KO,DHX36KO,hybrid,down,28,DHX36KO
29,-582.2784810126582,9.155392709431194,2.7306360526029194,DHX36KO,DHX36KO,hybrid,down,28,DHX36KO
30,-531.6455696202531,9.533821349456197,2.296843693236726,DHX36KO,DHX36KO,hybrid,down,28,DHX36KO
31,-481.0126582278481,9.934117530641101,2.154175363431972,DHX36KO,DHX36KO,hybrid,down,28,DHX36KO
32,-430.37974683544303,10.496613250232878,2.1234507913699185,DHX36KO,DHX36KO,hybrid,down,28,DHX36KO
33,-379.746835443038,11.199191233771188,2.279108062429967,DHX36KO,DHX36KO,hybrid,down,28,DHX36KO
34,-329.11392405063293,11.441470322779248,2.4583561669592813,DHX36KO,DHX36KO,hybrid,down,28,DHX36KO
35,-278.4810126582279,11.864487118153345,2.91547172396318,DHX36KO,DHX36KO,hybrid,down,28,DHX36KO
36,-227.84810126582283,12.673438856772014,3.3357422945664243,DHX36KO,DHX36KO,hybrid,down,28,DHX36KO
37,-177.21518987341778,13.855827100447247,3.702713901226487,DHX36KO,DHX36KO,hybrid,down,28,DHX36KO
38,-126.58227848101274,14.573159934055237,4.267584193997171,DHX36KO,DHX36KO,hybrid,down,28,DHX36KO
39,-75.94936708860769,15.013190417460033,5.236561174452898,DHX36KO,DHX36KO,hybrid,down,28,DHX36KO
40,-25.316455696202638,16.130693318418093,6.167109650508742,DHX36KO,DHX36KO,hybrid,down,28,DHX36KO
41,25.31645569620241,16.513909376348767,6.649065199496633,DHX36KO,DHX36KO,hybrid,down,28,DHX36KO
42,75.94936708860769,15.097932439758665,6.036593603228785,DHX36KO,DHX36KO,hybrid,down,28,DHX36KO
43,126.58227848101251,14.448728376485052,5.76632049005536,DHX36KO,DHX36KO,hybrid,down,28,DHX36KO
44,177.21518987341778,13.80055339773496,5.472808281597715,DHX36KO,DHX36KO,hybrid,down,28,DHX36KO
45,227.8481012658226,12.780524223986127,4.859591233088355,DHX36KO,DHX36KO,hybrid,down,28,DHX36KO
46,278.4810126582279,11.623568505588032,4.171777569617953,DHX36KO,DHX36KO,hybrid,down,28,DHX36KO
47,329.1139240506327,10.843278933422907,3.5505609522199584,DHX36KO,DHX36KO,hybrid,down,28,DHX36KO
48,379.746835443038,9.423687609774726,2.7244916364132004,DHX36KO,DHX36KO,hybrid,down,28,DHX36KO
49,430.37974683544326,8.074869754087358,2.0896446421864003,DHX36KO,DHX36KO,hybrid,down,28,DHX36KO
50,481.0126582278481,7.614029621283214,1.874235301204034,DHX36KO,DHX36KO,hybrid,down,28,DHX36KO
51,531.6455696202534,6.691481458317666,1.5919635702611663,DHX36KO,DHX36KO,hybrid,down,28,DHX36KO
52,582.2784810126582,6.214790022373199,1.4696667812296118,DHX36KO,DHX36KO,hybrid,down,28,DHX36KO
53,632.9113924050635,6.1590389674050465,1.3963956023705675,DHX36KO,DHX36KO,hybrid,down,28,DHX36KO
54,683.5443037974683,6.058103391499746,1.436294263293126,DHX36KO,DHX36KO,hybrid,down,28,DHX36KO
55,734.1772151898736,5.993711520177977,1.5303893457758868,DHX36KO,DHX36KO,hybrid,down,28,DHX36KO
56,784.8101265822784,6.269720746590977,1.8100104914576152,DHX36KO,DHX36KO,hybrid,down,28,DHX36KO
57,835.4430379746836,6.5057311637628645,2.0059546723738593,DHX36KO,DHX36KO,hybrid,down,28,DHX36KO
58,886.0759493670885,6.368669210871061,2.1543302167074536,DHX36KO,DHX36KO,hybrid,down,28,DHX36KO
59,936.7088607594937,6.6015454149246215,2.295259040500149,DHX36KO,DHX36KO,hybrid,down,28,DHX36KO
60,987.3417721518986,6.775599829412642,2.244817115963788,DHX36KO,DHX36KO,hybrid,down,28,DHX36KO
61,1037.9746835443038,6.688647807581084,2.0808836260449604,DHX36KO,DHX36KO,hybrid,down,28,DHX36KO
62,1088.6075949367087,6.28642807733445,1.8341949062132001,DHX36KO,DHX36KO,hybrid,down,28,DHX36KO
63,1139.240506329114,6.026259407770066,1.6258148696441166,DHX36KO,DHX36KO,hybrid,down,28,DHX36KO
64,1189.8734177215188,6.335999250411987,1.6046394439120322,DHX36KO,DHX36KO,hybrid,down,28,DHX36KO
65,1240.506329113924,6.115460155861718,1.558974902928178,DHX36KO,DHX36KO,hybrid,down,28,DHX36KO
66,1291.1392405063293,5.645671769380569,1.450378041405232,DHX36KO,DHX36KO,hybrid,down,28,DHX36KO
67,1341.7721518987341,5.076603320780254,1.19546847982614,DHX36KO,DHX36KO,hybrid,down,28,DHX36KO
68,1392.4050632911394,4.519905410494123,0.9518443450403039,DHX36KO,DHX36KO,hybrid,down,28,DHX36KO
69,1443.0379746835442,4.079496040855135,0.9223943986200344,DHX36KO,DHX36KO,hybrid,down,28,DHX36KO
70,1493.6708860759495,3.902475192461695,0.7906773845896933,DHX36KO,DHX36KO,hybrid,down,28,DHX36KO
71,1544.3037974683543,3.6370147841601144,0.6969107360462221,DHX36KO,DHX36KO,hybrid,down,28,DHX36KO
72,1594.9367088607596,3.7003646473657517,0.7618902497727981,DHX36KO,DHX36KO,hybrid,down,28,DHX36KO
73,1645.5696202531644,4.108016337837491,0.8959416742446985,DHX36KO,DHX36KO,hybrid,down,28,DHX36KO
74,1696.2025316455697,4.558972986709504,1.0409545571309613,DHX36KO,DHX36KO,hybrid,down,28,DHX36KO
75,1746.8354430379745,5.099998853689148,1.321065782930876,DHX36KO,DHX36KO,hybrid,down,28,DHX36KO
76,1797.4683544303798,5.438019573802039,1.5149685166276934,DHX36KO,DHX36KO,hybrid,down,28,DHX36KO
77,1848.1012658227846,5.583038330702554,1.373186825789443,DHX36KO,DHX36KO,hybrid,down,28,DHX36KO
78,1898.73417721519,5.478567976838066,1.3335309161361208,DHX36KO,DHX36KO,hybrid,down,28,DHX36KO
79,1949.3670886075947,5.898102893517131,1.4587086253613255,DHX36KO,DHX36KO,hybrid,down,28,DHX36KO
80,2000,6.42486698295389,1.9727245002405727,DHX36KO,DHX36KO,hybrid,down,28,DHX36KO
1,-2000,4.0980121185768175,0.357670793454645,DHX36KO,DHX36KO,unfiltered,up,767,DHX36KO
2,-1949.367088607595,4.067992761309175,0.3474565622377234,DHX36KO,DHX36KO,unfiltered,up,767,DHX36KO
3,-1898.73417721519,4.100499788283887,0.32922818750952704,DHX36KO,DHX36KO,unfiltered,up,767,DHX36KO
4,-1848.1012658227849,4.05057099426689,0.30472001282440914,DHX36KO,DHX36KO,unfiltered,up,767,DHX36KO
5,-1797.4683544303798,4.0370342971521165,0.26695502435020735,DHX36KO,DHX36KO,unfiltered,up,767,DHX36KO
6,-1746.8354430379748,4.093638102078842,0.26982110945121734,DHX36KO,DHX36KO,unfiltered,up,767,DHX36KO
7,-1696.2025316455697,4.251560283390038,0.2902432804134426,DHX36KO,DHX36KO,unfiltered,up,767,DHX36KO
8,-1645.5696202531644,4.383532143620396,0.314539457185583,DHX36KO,DHX36KO,unfiltered,up,767,DHX36KO
9,-1594.9367088607596,4.492675259063576,0.32926634272666794,DHX36KO,DHX36KO,unfiltered,up,767,DHX36KO
10,-1544.3037974683543,4.449097813497881,0.32011965177267565,DHX36KO,DHX36KO,unfiltered,up,767,DHX36KO
11,-1493.6708860759495,4.439121937292755,0.31612267212847606,DHX36KO,DHX36KO,unfiltered,up,767,DHX36KO
12,-1443.0379746835442,4.490728776988544,0.3221637340373442,DHX36KO,DHX36KO,unfiltered,up,767,DHX36KO
13,-1392.4050632911392,4.507192762975639,0.3270823499306363,DHX36KO,DHX36KO,unfiltered,up,767,DHX36KO
14,-1341.7721518987341,4.6406408104136005,0.3845487192886322,DHX36KO,DHX36KO,unfiltered,up,767,DHX36KO
15,-1291.139240506329,4.6494552230669175,0.4219585589529691,DHX36KO,DHX36KO,unfiltered,up,767,DHX36KO
16,-1240.506329113924,4.669642455829635,0.4598976186298157,DHX36KO,DHX36KO,unfiltered,up,767,DHX36KO
17,-1189.873417721519,4.769724197617721,0.4771092404394941,DHX36KO,DHX36KO,unfiltered,up,767,DHX36KO
18,-1139.240506329114,4.733060415050145,0.4385306424805365,DHX36KO,DHX36KO,unfiltered,up,767,DHX36KO
19,-1088.607594936709,4.6388842942599675,0.3660826951890249,DHX36KO,DHX36KO,unfiltered,up,767,DHX36KO
20,-1037.9746835443038,4.559129939886447,0.30752074708725957,DHX36KO,DHX36KO,unfiltered,up,767,DHX36KO
21,-987.3417721518988,4.439607902132703,0.28315763153835005,DHX36KO,DHX36KO,unfiltered,up,767,DHX36KO
22,-936.7088607594937,4.482804676759041,0.28709771274004053,DHX36KO,DHX36KO,unfiltered,up,767,DHX36KO
23,-886.0759493670887,4.599918460386932,0.3227834570747979,DHX36KO,DHX36KO,unfiltered,up,767,DHX36KO
24,-835.4430379746836,4.687804568348528,0.35131903771407247,DHX36KO,DHX36KO,unfiltered,up,767,DHX36KO
25,-784.8101265822784,4.7226179887843305,0.37054752337472174,DHX36KO,DHX36KO,unfiltered,up,767,DHX36KO
26,-734.1772151898733,4.7785329876107685,0.3833074021298235,DHX36KO,DHX36KO,unfiltered,up,767,DHX36KO
27,-683.5443037974683,4.819156341583819,0.39318829820239265,DHX36KO,DHX36KO,unfiltered,up,767,DHX36KO
28,-632.9113924050632,4.866304769179242,0.4109187038683899,DHX36KO,DHX36KO,unfiltered,up,767,DHX36KO
29,-582.2784810126582,4.855569383004912,0.41311129390428397,DHX36KO,DHX36KO,unfiltered,up,767,DHX36KO
30,-531.6455696202531,4.935965561471987,0.412688403492677,DHX36KO,DHX36KO,unfiltered,up,767,DHX36KO
31,-481.0126582278481,4.907473222837402,0.39754995200131615,DHX36KO,DHX36KO,unfiltered,up,767,DHX36KO
32,-430.37974683544303,4.852906497788917,0.39320397688043923,DHX36KO,DHX36KO,unfiltered,up,767,DHX36KO
33,-379.746835443038,4.796180525911937,0.4205201572476444,DHX36KO,DHX36KO,unfiltered,up,767,DHX36KO
34,-329.11392405063293,4.8756511886044205,0.4929717839061634,DHX36KO,DHX36KO,unfiltered,up,767,DHX36KO
35,-278.4810126582279,5.042501160887105,0.5687310277505738,DHX36KO,DHX36KO,unfiltered,up,767,DHX36KO
36,-227.84810126582283,5.240245950015821,0.6095035996355541,DHX36KO,DHX36KO,unfiltered,up,767,DHX36KO
37,-177.21518987341778,5.425259322227991,0.6077097881813209,DHX36KO,DHX36KO,unfiltered,up,767,DHX36KO
38,-126.58227848101274,5.523064178399862,0.5839980371427667,DHX36KO,DHX36KO,unfiltered,up,767,DHX36KO
39,-75.94936708860769,5.5299615641378,0.5466271395315171,DHX36KO,DHX36KO,unfiltered,up,767,DHX36KO
40,-25.316455696202638,5.59749385112164,0.5282065264673642,DHX36KO,DHX36KO,unfiltered,up,767,DHX36KO
41,25.31645569620241,5.64740519098073,0.5376208250674834,DHX36KO,DHX36KO,unfiltered,up,767,DHX36KO
42,75.94936708860769,5.56842121428689,0.5283982025203153,DHX36KO,DHX36KO,unfiltered,up,767,DHX36KO
43,126.58227848101251,5.575753194492105,0.5222033932970697,DHX36KO,DHX36KO,unfiltered,up,767,DHX36KO
44,177.21518987341778,5.613015829989414,0.5098390279764115,DHX36KO,DHX36KO,unfiltered,up,767,DHX36KO
45,227.8481012658226,5.513853727605539,0.48119749116526533,DHX36KO,DHX36KO,unfiltered,up,767,DHX36KO
46,278.4810126582279,5.446509034279273,0.44067157462647394,DHX36KO,DHX36KO,unfiltered,up,767,DHX36KO
47,329.1139240506327,5.334626657958655,0.41501252942769606,DHX36KO,DHX36KO,unfiltered,up,767,DHX36KO
48,379.746835443038,5.192165216377951,0.3786755454243494,DHX36KO,DHX36KO,unfiltered,up,767,DHX36KO
49,430.37974683544326,5.1551948039255056,0.37161648097366645,DHX36KO,DHX36KO,unfiltered,up,767,DHX36KO
50,481.0126582278481,5.10348570332637,0.35855015076742663,DHX36KO,DHX36KO,unfiltered,up,767,DHX36KO
51,531.6455696202534,4.913475792309555,0.3420357137219129,DHX36KO,DHX36KO,unfiltered,up,767,DHX36KO
52,582.2784810126582,4.821969713331668,0.3374276992587068,DHX36KO,DHX36KO,unfiltered,up,767,DHX36KO
53,632.9113924050635,4.786869134739242,0.3401108374860661,DHX36KO,DHX36KO,unfiltered,up,767,DHX36KO
54,683.5443037974683,4.698290819110481,0.33153054471152515,DHX36KO,DHX36KO,unfiltered,up,767,DHX36KO
55,734.1772151898736,4.661518395038233,0.3218234706175431,DHX36KO,DHX36KO,unfiltered,up,767,DHX36KO
56,784.8101265822784,4.60901104988196,0.3115029449141255,DHX36KO,DHX36KO,unfiltered,up,767,DHX36KO
57,835.4430379746836,4.61459418851777,0.3037505364500882,DHX36KO,DHX36KO,unfiltered,up,767,DHX36KO
58,886.0759493670885,4.530612536084906,0.2902695181811198,DHX36KO,DHX36KO,unfiltered,up,767,DHX36KO
59,936.7088607594937,4.411184026367091,0.28685663174276677,DHX36KO,DHX36KO,unfiltered,up,767,DHX36KO
60,987.3417721518986,4.449737058476436,0.2994394461910781,DHX36KO,DHX36KO,unfiltered,up,767,DHX36KO
61,1037.9746835443038,4.4517380877745145,0.35065513566078244,DHX36KO,DHX36KO,unfiltered,up,767,DHX36KO
62,1088.6075949367087,4.479382675773731,0.40003394598046227,DHX36KO,DHX36KO,unfiltered,up,767,DHX36KO
63,1139.240506329114,4.53837011092852,0.41754851549435573,DHX36KO,DHX36KO,unfiltered,up,767,DHX36KO
64,1189.8734177215188,4.544711757413929,0.4366684858354631,DHX36KO,DHX36KO,unfiltered,up,767,DHX36KO
65,1240.506329113924,4.560572589353497,0.4306263804324508,DHX36KO,DHX36KO,unfiltered,up,767,DHX36KO
66,1291.1392405063293,4.465565777090206,0.38969932044312305,DHX36KO,DHX36KO,unfiltered,up,767,DHX36KO
67,1341.7721518987341,4.390924763992422,0.34344485876351133,DHX36KO,DHX36KO,unfiltered,up,767,DHX36KO
68,1392.4050632911394,4.391179164590549,0.3102605252992907,DHX36KO,DHX36KO,unfiltered,up,767,DHX36KO
69,1443.0379746835442,4.390485754173665,0.30125944843537467,DHX36KO,DHX36KO,unfiltered,up,767,DHX36KO
70,1493.6708860759495,4.364518323705177,0.3044246752414493,DHX36KO,DHX36KO,unfiltered,up,767,DHX36KO
71,1544.3037974683543,4.319951644631791,0.2974165594421675,DHX36KO,DHX36KO,unfiltered,up,767,DHX36KO
72,1594.9367088607596,4.231610037583157,0.29357538688877877,DHX36KO,DHX36KO,unfiltered,up,767,DHX36KO
73,1645.5696202531644,4.164444875932682,0.29601216300597116,DHX36KO,DHX36KO,unfiltered,up,767,DHX36KO
74,1696.2025316455697,4.208564034010834,0.3046153194669883,DHX36KO,DHX36KO,unfiltered,up,767,DHX36KO
75,1746.8354430379745,4.218277621584217,0.324121880973548,DHX36KO,DHX36KO,unfiltered,up,767,DHX36KO
76,1797.4683544303798,4.264264198229242,0.35825373937765603,DHX36KO,DHX36KO,unfiltered,up,767,DHX36KO
77,1848.1012658227846,4.3328781531293306,0.38868485899317745,DHX36KO,DHX36KO,unfiltered,up,767,DHX36KO
78,1898.73417721519,4.4349048552063435,0.4314966298144477,DHX36KO,DHX36KO,unfiltered,up,767,DHX36KO
79,1949.3670886075947,4.470681957231817,0.4586173838592193,DHX36KO,DHX36KO,unfiltered,up,767,DHX36KO
80,2000,4.4259365572643405,0.4475315541558403,DHX36KO,DHX36KO,unfiltered,up,767,DHX36KO
1,-2000,4.6072726787082106,0.415964411063624,DHX36KO,DHX36KO,unfiltered,down,603,DHX36KO
2,-1949.367088607595,4.617035219132471,0.388987406933435,DHX36KO,DHX36KO,unfiltered,down,603,DHX36KO
3,-1898.73417721519,4.516325327948074,0.34602801633981495,DHX36KO,DHX36KO,unfiltered,down,603,DHX36KO
4,-1848.1012658227849,4.433999365293775,0.3297459682983299,DHX36KO,DHX36KO,unfiltered,down,603,DHX36KO
5,-1797.4683544303798,4.339970730594047,0.3201594804398413,DHX36KO,DHX36KO,unfiltered,down,603,DHX36KO
6,-1746.8354430379748,4.217152069756143,0.31116564211324127,DHX36KO,DHX36KO,unfiltered,down,603,DHX36KO
7,-1696.2025316455697,4.077157299817435,0.3069001859431432,DHX36KO,DHX36KO,unfiltered,down,603,DHX36KO
8,-1645.5696202531644,3.9159870788552533,0.3134007156621579,DHX36KO,DHX36KO,unfiltered,down,603,DHX36KO
9,-1594.9367088607596,3.855643789237959,0.33363447744454816,DHX36KO,DHX36KO,unfiltered,down,603,DHX36KO
10,-1544.3037974683543,3.7198681144706423,0.32443133702255944,DHX36KO,DHX36KO,unfiltered,down,603,DHX36KO
11,-1493.6708860759495,3.719472101090421,0.3243543125972148,DHX36KO,DHX36KO,unfiltered,down,603,DHX36KO
12,-1443.0379746835442,3.8156022439211923,0.33566153433878587,DHX36KO,DHX36KO,unfiltered,down,603,DHX36KO
13,-1392.4050632911392,3.843522609539053,0.33231654774306757,DHX36KO,DHX36KO,unfiltered,down,603,DHX36KO
14,-1341.7721518987341,3.8367343129625073,0.32460955905129185,DHX36KO,DHX36KO,unfiltered,down,603,DHX36KO
15,-1291.139240506329,4.0381458903826815,0.34689813213713694,DHX36KO,DHX36KO,unfiltered,down,603,DHX36KO
16,-1240.506329113924,4.158166120446396,0.3953937732616844,DHX36KO,DHX36KO,unfiltered,down,603,DHX36KO
17,-1189.873417721519,4.182600754800268,0.40387180669942907,DHX36KO,DHX36KO,unfiltered,down,603,DHX36KO
18,-1139.240506329114,4.163483412181147,0.4106549325680593,DHX36KO,DHX36KO,unfiltered,down,603,DHX36KO
19,-1088.607594936709,4.102797767798635,0.401569541678002,DHX36KO,DHX36KO,unfiltered,down,603,DHX36KO
20,-1037.9746835443038,4.019952971779236,0.39159847548280596,DHX36KO,DHX36KO,unfiltered,down,603,DHX36KO
21,-987.3417721518988,4.004113382136101,0.3815443341453415,DHX36KO,DHX36KO,unfiltered,down,603,DHX36KO
22,-936.7088607594937,4.042018652729239,0.40134537724193053,DHX36KO,DHX36KO,unfiltered,down,603,DHX36KO
23,-886.0759493670887,4.145941630414772,0.4270676569601847,DHX36KO,DHX36KO,unfiltered,down,603,DHX36KO
24,-835.4430379746836,4.298017101228337,0.4449488386315187,DHX36KO,DHX36KO,unfiltered,down,603,DHX36KO
25,-784.8101265822784,4.38849218392068,0.4472547072550009,DHX36KO,DHX36KO,unfiltered,down,603,DHX36KO
26,-734.1772151898733,4.436186365314279,0.4259957822881286,DHX36KO,DHX36KO,unfiltered,down,603,DHX36KO
27,-683.5443037974683,4.371864937797098,0.39169054545612053,DHX36KO,DHX36KO,unfiltered,down,603,DHX36KO
28,-632.9113924050632,4.202232654096019,0.3476594504857438,DHX36KO,DHX36KO,unfiltered,down,603,DHX36KO
29,-582.2784810126582,4.098021033402621,0.32936029843911363,DHX36KO,DHX36KO,unfiltered,down,603,DHX36KO
30,-531.6455696202531,4.0258668074710995,0.31648188279871703,DHX36KO,DHX36KO,unfiltered,down,603,DHX36KO
31,-481.0126582278481,4.054644087715012,0.3098823493655116,DHX36KO,DHX36KO,unfiltered,down,603,DHX36KO
32,-430.37974683544303,4.118017356442003,0.3126029634688669,DHX36KO,DHX36KO,unfiltered,down,603,DHX36KO
33,-379.746835443038,4.144048296545719,0.32483067952619776,DHX36KO,DHX36KO,unfiltered,down,603,DHX36KO
34,-329.11392405063293,4.3591991016670395,0.4167150051424653,DHX36KO,DHX36KO,unfiltered,down,603,DHX36KO
35,-278.4810126582279,4.707632110728467,0.5757417437616326,DHX36KO,DHX36KO,unfiltered,down,603,DHX36KO
36,-227.84810126582283,4.969565623163582,0.7062655162790169,DHX36KO,DHX36KO,unfiltered,down,603,DHX36KO
37,-177.21518987341778,5.282493461860397,0.8188931158955196,DHX36KO,DHX36KO,unfiltered,down,603,DHX36KO
38,-126.58227848101274,5.452282412480594,0.8374593503014569,DHX36KO,DHX36KO,unfiltered,down,603,DHX36KO
39,-75.94936708860769,5.568432571768959,0.8295019547735266,DHX36KO,DHX36KO,unfiltered,down,603,DHX36KO
40,-25.316455696202638,5.7032513759431085,0.8366918149706333,DHX36KO,DHX36KO,unfiltered,down,603,DHX36KO
41,25.31645569620241,5.8232559651199205,0.8564213807914219,DHX36KO,DHX36KO,unfiltered,down,603,DHX36KO
42,75.94936708860769,5.779241818202183,0.7923844225953912,DHX36KO,DHX36KO,unfiltered,down,603,DHX36KO
43,126.58227848101251,5.558282212970393,0.7110343235787902,DHX36KO,DHX36KO,unfiltered,down,603,DHX36KO
44,177.21518987341778,5.378223287727327,0.6568523393846538,DHX36KO,DHX36KO,unfiltered,down,603,DHX36KO
45,227.8481012658226,5.193983479063179,0.6012368596041512,DHX36KO,DHX36KO,unfiltered,down,603,DHX36KO
46,278.4810126582279,4.918775561937543,0.5212716640169935,DHX36KO,DHX36KO,unfiltered,down,603,DHX36KO
47,329.1139240506327,4.712538608602861,0.4757704377057169,DHX36KO,DHX36KO,unfiltered,down,603,DHX36KO
48,379.746835443038,4.468918405319675,0.43627882049289013,DHX36KO,DHX36KO,unfiltered,down,603,DHX36KO
49,430.37974683544326,4.167918634962123,0.38676564165257554,DHX36KO,DHX36KO,unfiltered,down,603,DHX36KO
50,481.0126582278481,3.896442145306867,0.3453057453724168,DHX36KO,DHX36KO,unfiltered,down,603,DHX36KO
51,531.6455696202534,3.7400486789302434,0.31786659284193014,DHX36KO,DHX36KO,unfiltered,down,603,DHX36KO
52,582.2784810126582,3.6360175468190405,0.30953386597462973,DHX36KO,DHX36KO,unfiltered,down,603,DHX36KO
53,632.9113924050635,3.586863483831212,0.30460466352014237,DHX36KO,DHX36KO,unfiltered,down,603,DHX36KO
54,683.5443037974683,3.572209691970929,0.28877783199513557,DHX36KO,DHX36KO,unfiltered,down,603,DHX36KO
55,734.1772151898736,3.5081003336475347,0.2853071705895251,DHX36KO,DHX36KO,unfiltered,down,603,DHX36KO
56,784.8101265822784,3.588124076543883,0.305439688072014,DHX36KO,DHX36KO,unfiltered,down,603,DHX36KO
57,835.4430379746836,3.7673681781084354,0.35952729983669995,DHX36KO,DHX36KO,unfiltered,down,603,DHX36KO
58,886.0759493670885,3.7733271256804928,0.4008475782699702,DHX36KO,DHX36KO,unfiltered,down,603,DHX36KO
59,936.7088607594937,3.77242316552552,0.39201269405740585,DHX36KO,DHX36KO,unfiltered,down,603,DHX36KO
60,987.3417721518986,3.749702403635299,0.37665904351517193,DHX36KO,DHX36KO,unfiltered,down,603,DHX36KO
61,1037.9746835443038,3.6805854000783405,0.3530048247020214,DHX36KO,DHX36KO,unfiltered,down,603,DHX36KO
62,1088.6075949367087,3.6675460220943608,0.34522667246609695,DHX36KO,DHX36KO,unfiltered,down,603,DHX36KO
63,1139.240506329114,3.5764483284130404,0.30890721999875076,DHX36KO,DHX36KO,unfiltered,down,603,DHX36KO
64,1189.8734177215188,3.438994111832287,0.27361500462919464,DHX36KO,DHX36KO,unfiltered,down,603,DHX36KO
65,1240.506329113924,3.3369100317119296,0.2635315268865829,DHX36KO,DHX36KO,unfiltered,down,603,DHX36KO
66,1291.1392405063293,3.286010562262797,0.2585725573497547,DHX36KO,DHX36KO,unfiltered,down,603,DHX36KO
67,1341.7721518987341,3.2539030713170223,0.2593163996358855,DHX36KO,DHX36KO,unfiltered,down,603,DHX36KO
68,1392.4050632911394,3.2475889542971594,0.2739082440375222,DHX36KO,DHX36KO,unfiltered,down,603,DHX36KO
69,1443.0379746835442,3.2560228095766046,0.3062637372929366,DHX36KO,DHX36KO,unfiltered,down,603,DHX36KO
70,1493.6708860759495,3.2422825830708724,0.3027386950641313,DHX36KO,DHX36KO,unfiltered,down,603,DHX36KO
71,1544.3037974683543,3.155918860735658,0.2704586865095869,DHX36KO,DHX36KO,unfiltered,down,603,DHX36KO
72,1594.9367088607596,3.002651370153517,0.22054806116941794,DHX36KO,DHX36KO,unfiltered,down,603,DHX36KO
73,1645.5696202531644,2.919374731511324,0.19483082480460742,DHX36KO,DHX36KO,unfiltered,down,603,DHX36KO
74,1696.2025316455697,2.937294567947049,0.19951223116532887,DHX36KO,DHX36KO,unfiltered,down,603,DHX36KO
75,1746.8354430379745,2.957381306383521,0.21289024287175087,DHX36KO,DHX36KO,unfiltered,down,603,DHX36KO
76,1797.4683544303798,2.9900480519978125,0.21924929963786954,DHX36KO,DHX36KO,unfiltered,down,603,DHX36KO
77,1848.1012658227846,3.0309603385071058,0.2157895228472126,DHX36KO,DHX36KO,unfiltered,down,603,DHX36KO
78,1898.73417721519,2.9728493247862597,0.20178618616931943,DHX36KO,DHX36KO,unfiltered,down,603,DHX36KO
79,1949.3670886075947,2.9928978735304383,0.19576952293174688,DHX36KO,DHX36KO,unfiltered,down,603,DHX36KO
80,2000,3.0456178960176024,0.20519048182711092,DHX36KO,DHX36KO,unfiltered,down,603,DHX36KO
1,-2000,3.752784031869366,0.3798239000608556,dKO,WT,pooled,up,459,WT (dKO DEGs)
2,-1949.367088607595,3.7636016027634787,0.37742898765279775,dKO,WT,pooled,up,459,WT (dKO DEGs)
3,-1898.73417721519,3.7877459976408216,0.3534769210002523,dKO,WT,pooled,up,459,WT (dKO DEGs)
4,-1848.1012658227849,3.7199127778542933,0.30559837941492823,dKO,WT,pooled,up,459,WT (dKO DEGs)
5,-1797.4683544303798,3.6543224858112238,0.2668997972458674,dKO,WT,pooled,up,459,WT (dKO DEGs)
6,-1746.8354430379748,3.6482716889163247,0.2584844047039264,dKO,WT,pooled,up,459,WT (dKO DEGs)
7,-1696.2025316455697,3.7608467067803,0.2719352379833196,dKO,WT,pooled,up,459,WT (dKO DEGs)
8,-1645.5696202531644,3.7582148657887418,0.2877599663768175,dKO,WT,pooled,up,459,WT (dKO DEGs)
9,-1594.9367088607596,3.748463389210365,0.3022006759061009,dKO,WT,pooled,up,459,WT (dKO DEGs)
10,-1544.3037974683543,3.762430752978952,0.2993660423875816,dKO,WT,pooled,up,459,WT (dKO DEGs)
11,-1493.6708860759495,3.862187787051121,0.290073665851892,dKO,WT,pooled,up,459,WT (dKO DEGs)
12,-1443.0379746835442,3.980335593488481,0.2982653562224275,dKO,WT,pooled,up,459,WT (dKO DEGs)
13,-1392.4050632911392,4.140555487991505,0.33386890299678496,dKO,WT,pooled,up,459,WT (dKO DEGs)
14,-1341.7721518987341,4.401210114114424,0.4326999459488801,dKO,WT,pooled,up,459,WT (dKO DEGs)
15,-1291.139240506329,4.608863684367511,0.5181265119581535,dKO,WT,pooled,up,459,WT (dKO DEGs)
16,-1240.506329113924,4.742992439413729,0.5724059567834654,dKO,WT,pooled,up,459,WT (dKO DEGs)
17,-1189.873417721519,4.762523184187964,0.5889721697616527,dKO,WT,pooled,up,459,WT (dKO DEGs)
18,-1139.240506329114,4.645507011382408,0.540909272972351,dKO,WT,pooled,up,459,WT (dKO DEGs)
19,-1088.607594936709,4.600412648041004,0.4434627417943502,dKO,WT,pooled,up,459,WT (dKO DEGs)
20,-1037.9746835443038,4.540168356220187,0.37732005336756935,dKO,WT,pooled,up,459,WT (dKO DEGs)
21,-987.3417721518988,4.528664509240665,0.35817437522503154,dKO,WT,pooled,up,459,WT (dKO DEGs)
22,-936.7088607594937,4.533104672333254,0.3563583879170943,dKO,WT,pooled,up,459,WT (dKO DEGs)
23,-886.0759493670887,4.598939684955816,0.362084827637671,dKO,WT,pooled,up,459,WT (dKO DEGs)
24,-835.4430379746836,4.7641034435758405,0.39745814273816127,dKO,WT,pooled,up,459,WT (dKO DEGs)
25,-784.8101265822784,4.885680008391669,0.42262174333152674,dKO,WT,pooled,up,459,WT (dKO DEGs)
26,-734.1772151898733,4.997854174682864,0.44284690969484986,dKO,WT,pooled,up,459,WT (dKO DEGs)
27,-683.5443037974683,5.09994500118836,0.4445158464431901,dKO,WT,pooled,up,459,WT (dKO DEGs)
28,-632.9113924050632,5.224454283352425,0.4289272307729507,dKO,WT,pooled,up,459,WT (dKO DEGs)
29,-582.2784810126582,5.311408805005691,0.45284686409629654,dKO,WT,pooled,up,459,WT (dKO DEGs)
30,-531.6455696202531,5.379454452366438,0.4619817579640494,dKO,WT,pooled,up,459,WT (dKO DEGs)
31,-481.0126582278481,5.315209163126949,0.4400957766474491,dKO,WT,pooled,up,459,WT (dKO DEGs)
32,-430.37974683544303,5.329081121526426,0.41938655345459047,dKO,WT,pooled,up,459,WT (dKO DEGs)
33,-379.746835443038,5.4320287573276955,0.44852884093047174,dKO,WT,pooled,up,459,WT (dKO DEGs)
34,-329.11392405063293,5.55809982194014,0.4748516462671331,dKO,WT,pooled,up,459,WT (dKO DEGs)
35,-278.4810126582279,5.648073597144804,0.4868623662257231,dKO,WT,pooled,up,459,WT (dKO DEGs)
36,-227.84810126582283,5.614656818777042,0.49570452226144474,dKO,WT,pooled,up,459,WT (dKO DEGs)
37,-177.21518987341778,5.716405795868878,0.5131770181193662,dKO,WT,pooled,up,459,WT (dKO DEGs)
38,-126.58227848101274,5.889687896448369,0.553525885643058,dKO,WT,pooled,up,459,WT (dKO DEGs)
39,-75.94936708860769,6.170406120219955,0.5865092786888703,dKO,WT,pooled,up,459,WT (dKO DEGs)
40,-25.316455696202638,6.374071950370537,0.6213575089380926,dKO,WT,pooled,up,459,WT (dKO DEGs)
41,25.31645569620241,6.399190705122079,0.6521363924442529,dKO,WT,pooled,up,459,WT (dKO DEGs)
42,75.94936708860769,6.32161543168793,0.6497521605921723,dKO,WT,pooled,up,459,WT (dKO DEGs)
43,126.58227848101251,6.332277094128345,0.6419565397004315,dKO,WT,pooled,up,459,WT (dKO DEGs)
44,177.21518987341778,6.333126003640063,0.6316513268761629,dKO,WT,pooled,up,459,WT (dKO DEGs)
45,227.8481012658226,6.316633799181698,0.6122638242663404,dKO,WT,pooled,up,459,WT (dKO DEGs)
46,278.4810126582279,6.294561903705264,0.5735277425570595,dKO,WT,pooled,up,459,WT (dKO DEGs)
47,329.1139240506327,6.22338443983614,0.5308341328787785,dKO,WT,pooled,up,459,WT (dKO DEGs)
48,379.746835443038,5.880014800902459,0.46680931545969495,dKO,WT,pooled,up,459,WT (dKO DEGs)
49,430.37974683544326,5.7129079530597515,0.45552173538628615,dKO,WT,pooled,up,459,WT (dKO DEGs)
50,481.0126582278481,5.670506050649032,0.4804060508717148,dKO,WT,pooled,up,459,WT (dKO DEGs)
51,531.6455696202534,5.700818241679677,0.5155371892510232,dKO,WT,pooled,up,459,WT (dKO DEGs)
52,582.2784810126582,5.774515306674317,0.5411206481659945,dKO,WT,pooled,up,459,WT (dKO DEGs)
53,632.9113924050635,5.684485605883269,0.533907006078154,dKO,WT,pooled,up,459,WT (dKO DEGs)
54,683.5443037974683,5.536948528767671,0.5049217344520086,dKO,WT,pooled,up,459,WT (dKO DEGs)
55,734.1772151898736,5.488755507176565,0.502832569233861,dKO,WT,pooled,up,459,WT (dKO DEGs)
56,784.8101265822784,5.537933389409868,0.5088461944635023,dKO,WT,pooled,up,459,WT (dKO DEGs)
57,835.4430379746836,5.514180591527153,0.4987101378937795,dKO,WT,pooled,up,459,WT (dKO DEGs)
58,886.0759493670885,5.363500866503844,0.4832127065053697,dKO,WT,pooled,up,459,WT (dKO DEGs)
59,936.7088607594937,5.182593865062157,0.45738332720248615,dKO,WT,pooled,up,459,WT (dKO DEGs)
60,987.3417721518986,5.1203720289966554,0.44863399161497597,dKO,WT,pooled,up,459,WT (dKO DEGs)
61,1037.9746835443038,5.137172090776952,0.4767468057474768,dKO,WT,pooled,up,459,WT (dKO DEGs)
62,1088.6075949367087,4.959949501980537,0.5067628010586577,dKO,WT,pooled,up,459,WT (dKO DEGs)
63,1139.240506329114,4.828003918265812,0.5341221205555113,dKO,WT,pooled,up,459,WT (dKO DEGs)
64,1189.8734177215188,4.766589572718806,0.5318801938973517,dKO,WT,pooled,up,459,WT (dKO DEGs)
65,1240.506329113924,4.760290067526596,0.5419442284922555,dKO,WT,pooled,up,459,WT (dKO DEGs)
66,1291.1392405063293,4.7873076588742185,0.5384788404546791,dKO,WT,pooled,up,459,WT (dKO DEGs)
67,1341.7721518987341,4.780109611063136,0.5299810939633033,dKO,WT,pooled,up,459,WT (dKO DEGs)
68,1392.4050632911394,4.5879867148226205,0.5024075058355117,dKO,WT,pooled,up,459,WT (dKO DEGs)
69,1443.0379746835442,4.319072672607419,0.4586913136900488,dKO,WT,pooled,up,459,WT (dKO DEGs)
70,1493.6708860759495,4.149967841715941,0.4235413127300005,dKO,WT,pooled,up,459,WT (dKO DEGs)
71,1544.3037974683543,4.029010652803215,0.38079530679242873,dKO,WT,pooled,up,459,WT (dKO DEGs)
72,1594.9367088607596,3.89277313038328,0.3446370429550451,dKO,WT,pooled,up,459,WT (dKO DEGs)
73,1645.5696202531644,3.8028208181904812,0.3218992018838818,dKO,WT,pooled,up,459,WT (dKO DEGs)
74,1696.2025316455697,3.8365919541498847,0.3201910878986795,dKO,WT,pooled,up,459,WT (dKO DEGs)
75,1746.8354430379745,3.985018503283277,0.3378746742977212,dKO,WT,pooled,up,459,WT (dKO DEGs)
76,1797.4683544303798,4.065289866387541,0.36153368601784636,dKO,WT,pooled,up,459,WT (dKO DEGs)
77,1848.1012658227846,4.1549315207906625,0.40337008579578354,dKO,WT,pooled,up,459,WT (dKO DEGs)
78,1898.73417721519,4.236907328491031,0.41177404329514883,dKO,WT,pooled,up,459,WT (dKO DEGs)
79,1949.3670886075947,4.326397848129273,0.4144290315444244,dKO,WT,pooled,up,459,WT (dKO DEGs)
80,2000,4.256004034553478,0.39502626869481483,dKO,WT,pooled,up,459,WT (dKO DEGs)
1,-2000,4.940940513820064,0.5199474573173243,dKO,WT,pooled,down,490,WT (dKO DEGs)
2,-1949.367088607595,4.9617057404566784,0.48829322652647417,dKO,WT,pooled,down,490,WT (dKO DEGs)
3,-1898.73417721519,4.9886531902073195,0.46278550136270913,dKO,WT,pooled,down,490,WT (dKO DEGs)
4,-1848.1012658227849,5.0339794196190475,0.4544706241826407,dKO,WT,pooled,down,490,WT (dKO DEGs)
5,-1797.4683544303798,5.100147946772932,0.48508802377997395,dKO,WT,pooled,down,490,WT (dKO DEGs)
6,-1746.8354430379748,5.026260382780412,0.494185970556708,dKO,WT,pooled,down,490,WT (dKO DEGs)
7,-1696.2025316455697,4.879127730823699,0.4943654487726432,dKO,WT,pooled,down,490,WT (dKO DEGs)
8,-1645.5696202531644,4.7330735625507065,0.5038314998314639,dKO,WT,pooled,down,490,WT (dKO DEGs)
9,-1594.9367088607596,4.568524107495133,0.489332207392547,dKO,WT,pooled,down,490,WT (dKO DEGs)
10,-1544.3037974683543,4.36780040234449,0.43197625112416926,dKO,WT,pooled,down,490,WT (dKO DEGs)
11,-1493.6708860759495,4.300902845358362,0.3806969116606457,dKO,WT,pooled,down,490,WT (dKO DEGs)
12,-1443.0379746835442,4.2485933624205945,0.3484632808733277,dKO,WT,pooled,down,490,WT (dKO DEGs)
13,-1392.4050632911392,4.315923786458515,0.3549333965310145,dKO,WT,pooled,down,490,WT (dKO DEGs)
14,-1341.7721518987341,4.405552076002367,0.385244354052573,dKO,WT,pooled,down,490,WT (dKO DEGs)
15,-1291.139240506329,4.5191617772271035,0.4326047115811285,dKO,WT,pooled,down,490,WT (dKO DEGs)
16,-1240.506329113924,4.657020836084067,0.5115799375718052,dKO,WT,pooled,down,490,WT (dKO DEGs)
17,-1189.873417721519,4.713204229599764,0.5370192643470526,dKO,WT,pooled,down,490,WT (dKO DEGs)
18,-1139.240506329114,4.753302944871033,0.5663159126121486,dKO,WT,pooled,down,490,WT (dKO DEGs)
19,-1088.607594936709,4.797614008399094,0.5984088733255252,dKO,WT,pooled,down,490,WT (dKO DEGs)
20,-1037.9746835443038,4.838996722946361,0.6219358386259182,dKO,WT,pooled,down,490,WT (dKO DEGs)
21,-987.3417721518988,4.877013581971733,0.6648957341314882,dKO,WT,pooled,down,490,WT (dKO DEGs)
22,-936.7088607594937,4.879873398380215,0.627688516033695,dKO,WT,pooled,down,490,WT (dKO DEGs)
23,-886.0759493670887,4.786697554103371,0.5421688616744003,dKO,WT,pooled,down,490,WT (dKO DEGs)
24,-835.4430379746836,4.619944763749635,0.4380362468872609,dKO,WT,pooled,down,490,WT (dKO DEGs)
25,-784.8101265822784,4.4377418787041485,0.3633253008249629,dKO,WT,pooled,down,490,WT (dKO DEGs)
26,-734.1772151898733,4.318261293106339,0.3308070289077327,dKO,WT,pooled,down,490,WT (dKO DEGs)
27,-683.5443037974683,4.3094656909566345,0.32246081218829853,dKO,WT,pooled,down,490,WT (dKO DEGs)
28,-632.9113924050632,4.287209864183348,0.31475477760808185,dKO,WT,pooled,down,490,WT (dKO DEGs)
29,-582.2784810126582,4.377893001437998,0.3090665421001928,dKO,WT,pooled,down,490,WT (dKO DEGs)
30,-531.6455696202531,4.576178486726722,0.3085644630558381,dKO,WT,pooled,down,490,WT (dKO DEGs)
31,-481.0126582278481,4.604972986072099,0.31010328411148497,dKO,WT,pooled,down,490,WT (dKO DEGs)
32,-430.37974683544303,4.624482829105286,0.31983899510629255,dKO,WT,pooled,down,490,WT (dKO DEGs)
33,-379.746835443038,4.816944198214278,0.34382812937929824,dKO,WT,pooled,down,490,WT (dKO DEGs)
34,-329.11392405063293,5.059960491712402,0.4090299916882308,dKO,WT,pooled,down,490,WT (dKO DEGs)
35,-278.4810126582279,5.442288168261651,0.5260231470075114,dKO,WT,pooled,down,490,WT (dKO DEGs)
36,-227.84810126582283,5.92979937976396,0.66064213475488065,dKO,WT,pooled,down,490,WT (dKO DEGs)
37,-177.21518987341778,6.355634084962663,0.7827469842947429,dKO,WT,pooled,down,490,WT (dKO DEGs)
38,-126.58227848101274,6.817939907184264,0.8865770696391965,dKO,WT,pooled,down,490,WT (dKO DEGs)
39,-75.94936708860769,7.220274404773907,0.9637297678276777,dKO,WT,pooled,down,490,WT (dKO DEGs)
40,-25.316455696202638,7.529717326684874,0.9926357259189715,dKO,WT,pooled,down,490,WT (dKO DEGs)
41,25.31645569620241,7.470474394188447,0.933374792904684,dKO,WT,pooled,down,490,WT (dKO DEGs)
42,75.94936708860769,7.114112085454318,0.8144957245265682,dKO,WT,pooled,down,490,WT (dKO DEGs)
43,126.58227848101251,6.732423112937382,0.7199156986632204,dKO,WT,pooled,down,490,WT (dKO DEGs)
44,177.21518987341778,6.35872077387693,0.6464602866191753,dKO,WT,pooled,down,490,WT (dKO DEGs)
45,227.8481012658226,6.144523122010588,0.5872447619856598,dKO,WT,pooled,down,490,WT (dKO DEGs)
46,278.4810126582279,5.836169173900773,0.5025608071041698,dKO,WT,pooled,down,490,WT (dKO DEGs)
47,329.1139240506327,5.598200410716387,0.4690524576305907,dKO,WT,pooled,down,490,WT (dKO DEGs)
48,379.746835443038,5.373355781232418,0.43985371625505537,dKO,WT,pooled,down,490,WT (dKO DEGs)
49,430.37974683544326,5.16230031528116,0.41037299692517915,dKO,WT,pooled,down,490,WT (dKO DEGs)
50,481.0126582278481,4.902525036810207,0.37322935385790534,dKO,WT,pooled,down,490,WT (dKO DEGs)
51,531.6455696202534,4.7631639616651595,0.33963686158090195,dKO,WT,pooled,down,490,WT (dKO DEGs)
52,582.2784810126582,4.6872572901930125,0.3277552125440952,dKO,WT,pooled,down,490,WT (dKO DEGs)
53,632.9113924050635,4.685980752904399,0.3337865516105371,dKO,WT,pooled,down,490,WT (dKO DEGs)
54,683.5443037974683,4.733171634026936,0.34331625688783934,dKO,WT,pooled,down,490,WT (dKO DEGs)
55,734.1772151898736,4.753994099062316,0.36254877652418827,dKO,WT,pooled,down,490,WT (dKO DEGs)
56,784.8101265822784,4.688607583954221,0.3813942875872244,dKO,WT,pooled,down,490,WT (dKO DEGs)
57,835.4430379746836,4.7329127716109864,0.42088080263891015,dKO,WT,pooled,down,490,WT (dKO DEGs)
58,886.0759493670885,4.773608224940138,0.4586310874486651,dKO,WT,pooled,down,490,WT (dKO DEGs)
59,936.7088607594937,4.810372737167644,0.464299378033739,dKO,WT,pooled,down,490,WT (dKO DEGs)
60,987.3417721518986,4.7695190751747205,0.4498013333745323,dKO,WT,pooled,down,490,WT (dKO DEGs)
61,1037.9746835443038,4.7277118864708205,0.44545890960623796,dKO,WT,pooled,down,490,WT (dKO DEGs)
62,1088.6075949367087,4.723093674656485,0.44670565343485485,dKO,WT,pooled,down,490,WT (dKO DEGs)
63,1139.240506329114,4.70068731302469,0.4196294754309262,dKO,WT,pooled,down,490,WT (dKO DEGs)
64,1189.8734177215188,4.509291703902134,0.36975960037262595,dKO,WT,pooled,down,490,WT (dKO DEGs)
65,1240.506329113924,4.271943374302922,0.3299760829822504,dKO,WT,pooled,down,490,WT (dKO DEGs)
66,1291.1392405063293,4.195683874251891,0.33486293745593976,dKO,WT,pooled,down,490,WT (dKO DEGs)
67,1341.7721518987341,4.11125743983392,0.32980159137345133,dKO,WT,pooled,down,490,WT (dKO DEGs)
68,1392.4050632911394,4.006788091773078,0.3295700257736263,dKO,WT,pooled,down,490,WT (dKO DEGs)
69,1443.0379746835442,4.058645255095294,0.36033209438314573,dKO,WT,pooled,down,490,WT (dKO DEGs)
70,1493.6708860759495,4.113668787646456,0.3932379240717761,dKO,WT,pooled,down,490,WT (dKO DEGs)
71,1544.3037974683543,4.111089710709189,0.39649776428372213,dKO,WT,pooled,down,490,WT (dKO DEGs)
72,1594.9367088607596,4.019942475635178,0.37816992721890297,dKO,WT,pooled,down,490,WT (dKO DEGs)
73,1645.5696202531644,3.9284228201772082,0.3491010852685958,dKO,WT,pooled,down,490,WT (dKO DEGs)
74,1696.2025316455697,3.893486062359648,0.30443726621288186,dKO,WT,pooled,down,490,WT (dKO DEGs)
75,1746.8354430379745,3.943730573989907,0.29665921959084157,dKO,WT,pooled,down,490,WT (dKO DEGs)
76,1797.4683544303798,4.020761604568586,0.3109985772960734,dKO,WT,pooled,down,490,WT (dKO DEGs)
77,1848.1012658227846,4.164924488500673,0.36548575132827654,dKO,WT,pooled,down,490,WT (dKO DEGs)
78,1898.73417721519,4.259083727568997,0.4146541350933069,dKO,WT,pooled,down,490,WT (dKO DEGs)
79,1949.3670886075947,4.349969858688562,0.4678229939002466,dKO,WT,pooled,down,490,WT (dKO DEGs)
80,2000,4.4062504076211635,0.5260102880337085,dKO,WT,pooled,down,490,WT (dKO DEGs)
1,-2000,3.676388052925069,0.42446903607659636,dKO,WT,parallel,up,374,WT (dKO DEGs)
2,-1949.367088607595,3.6974791344389346,0.42719347265185376,dKO,WT,parallel,up,374,WT (dKO DEGs)
3,-1898.73417721519,3.7621146891100095,0.407990409293024,dKO,WT,parallel,up,374,WT (dKO DEGs)
4,-1848.1012658227849,3.7077040437368574,0.3490091681499044,dKO,WT,parallel,up,374,WT (dKO DEGs)
5,-1797.4683544303798,3.641196869887983,0.29772124958078916,dKO,WT,parallel,up,374,WT (dKO DEGs)
6,-1746.8354430379748,3.6305701884908896,0.2861312746176537,dKO,WT,parallel,up,374,WT (dKO DEGs)
7,-1696.2025316455697,3.7471159835316494,0.30774500332846927,dKO,WT,parallel,up,374,WT (dKO DEGs)
8,-1645.5696202531644,3.768609288189288,0.33172816219047224,dKO,WT,parallel,up,374,WT (dKO DEGs)
9,-1594.9367088607596,3.791488853975626,0.35278927568022167,dKO,WT,parallel,up,374,WT (dKO DEGs)
10,-1544.3037974683543,3.855096537920243,0.35236572279450706,dKO,WT,parallel,up,374,WT (dKO DEGs)
11,-1493.6708860759495,3.931687786283765,0.33653168439174735,dKO,WT,parallel,up,374,WT (dKO DEGs)
12,-1443.0379746835442,4.072095627774105,0.3407559822667288,dKO,WT,parallel,up,374,WT (dKO DEGs)
13,-1392.4050632911392,4.253948293176352,0.38171030754990093,dKO,WT,parallel,up,374,WT (dKO DEGs)
14,-1341.7721518987341,4.532075591848071,0.5017553379511599,dKO,WT,parallel,up,374,WT (dKO DEGs)
15,-1291.139240506329,4.714935480832204,0.5909804573588073,dKO,WT,parallel,up,374,WT (dKO DEGs)
16,-1240.506329113924,4.82576104850905,0.6438459548300923,dKO,WT,parallel,up,374,WT (dKO DEGs)
17,-1189.873417721519,4.820910230154659,0.65829185486139,dKO,WT,parallel,up,374,WT (dKO DEGs)
18,-1139.240506329114,4.690844047437165,0.597178932177937,dKO,WT,parallel,up,374,WT (dKO DEGs)
19,-1088.607594936709,4.671383298282742,0.47830873694210757,dKO,WT,parallel,up,374,WT (dKO DEGs)
20,-1037.9746835443038,4.652072980102158,0.41307736347149626,dKO,WT,parallel,up,374,WT (dKO DEGs)
21,-987.3417721518988,4.698254575234259,0.4044031990061501,dKO,WT,parallel,up,374,WT (dKO DEGs)
22,-936.7088607594937,4.705132125943315,0.40818218496340947,dKO,WT,parallel,up,374,WT (dKO DEGs)
23,-886.0759493670887,4.753988284257219,0.4194903980356778,dKO,WT,parallel,up,374,WT (dKO DEGs)
24,-835.4430379746836,4.918398577270236,0.46388975581690767,dKO,WT,parallel,up,374,WT (dKO DEGs)
25,-784.8101265822784,5.055878816311798,0.4969604209044654,dKO,WT,parallel,up,374,WT (dKO DEGs)
26,-734.1772151898733,5.163376234648699,0.5212608850645312,dKO,WT,parallel,up,374,WT (dKO DEGs)
27,-683.5443037974683,5.324913066472599,0.5236990701539648,dKO,WT,parallel,up,374,WT (dKO DEGs)
28,-632.9113924050632,5.5112963438416545,0.5013973982146329,dKO,WT,parallel,up,374,WT (dKO DEGs)
29,-582.2784810126582,5.6486258740306114,0.5239405768251258,dKO,WT,parallel,up,374,WT (dKO DEGs)
30,-531.6455696202531,5.689500090092048,0.5202366512137654,dKO,WT,parallel,up,374,WT (dKO DEGs)
31,-481.0126582278481,5.601408439772652,0.49857250806089554,dKO,WT,parallel,up,374,WT (dKO DEGs)
32,-430.37974683544303,5.654240229068168,0.48850317151518674,dKO,WT,parallel,up,374,WT (dKO DEGs)
33,-379.746835443038,5.807443250426209,0.5317047022161463,dKO,WT,parallel,up,374,WT (dKO DEGs)
34,-329.11392405063293,5.9620446972201,0.565207451043932,dKO,WT,parallel,up,374,WT (dKO DEGs)
35,-278.4810126582279,6.009262999978295,0.5719282455497106,dKO,WT,parallel,up,374,WT (dKO DEGs)
36,-227.84810126582283,5.926969216086648,0.5788064034004389,dKO,WT,parallel,up,374,WT (dKO DEGs)
37,-177.21518987341778,6.033247884626695,0.5960900625796368,dKO,WT,parallel,up,374,WT (dKO DEGs)
38,-126.58227848101274,6.2370688562618435,0.6398008838860716,dKO,WT,parallel,up,374,WT (dKO DEGs)
39,-75.94936708860769,6.545297992801071,0.6673835425626937,dKO,WT,parallel,up,374,WT (dKO DEGs)
40,-25.316455696202638,6.702397286473324,0.6687892003466179,dKO,WT,parallel,up,374,WT (dKO DEGs)
41,25.31645569620241,6.680320681059424,0.6601947854699365,dKO,WT,parallel,up,374,WT (dKO DEGs)
42,75.94936708860769,6.578639150175819,0.6292626479067163,dKO,WT,parallel,up,374,WT (dKO DEGs)
43,126.58227848101251,6.520294104270544,0.6031166358412242,dKO,WT,parallel,up,374,WT (dKO DEGs)
44,177.21518987341778,6.428766910849196,0.578509232075509,dKO,WT,parallel,up,374,WT (dKO DEGs)
45,227.8481012658226,6.327210597069718,0.558446912401538,dKO,WT,parallel,up,374,WT (dKO DEGs)
46,278.4810126582279,6.301873908854636,0.5434970596682652,dKO,WT,parallel,up,374,WT (dKO DEGs)
47,329.1139240506327,6.253567366264296,0.5396292033078551,dKO,WT,parallel,up,374,WT (dKO DEGs)
48,379.746835443038,5.985743477095895,0.5247023471584924,dKO,WT,parallel,up,374,WT (dKO DEGs)
49,430.37974683544326,5.825198069606873,0.5291700381137602,dKO,WT,parallel,up,374,WT (dKO DEGs)
50,481.0126582278481,5.8122191896094355,0.5691870042532073,dKO,WT,parallel,up,374,WT (dKO DEGs)
51,531.6455696202534,5.835778022078057,0.6077573067021156,dKO,WT,parallel,up,374,WT (dKO DEGs)
52,582.2784810126582,5.938167068845661,0.638516803182661,dKO,WT,parallel,up,374,WT (dKO DEGs)
53,632.9113924050635,5.822019232401024,0.6275350797118715,dKO,WT,parallel,up,374,WT (dKO DEGs)
54,683.5443037974683,5.642877405291148,0.5824151649081908,dKO,WT,parallel,up,374,WT (dKO DEGs)
55,734.1772151898736,5.5258643561846,0.5649935918830213,dKO,WT,parallel,up,374,WT (dKO DEGs)
56,784.8101265822784,5.398425796136074,0.5278402461882223,dKO,WT,parallel,up,374,WT (dKO DEGs)
57,835.4430379746836,5.229194464796155,0.4744801179699576,dKO,WT,parallel,up,374,WT (dKO DEGs)
58,886.0759493670885,4.9367312441428925,0.4245084080848048,dKO,WT,parallel,up,374,WT (dKO DEGs)
59,936.7088607594937,4.6861286952193835,0.39146106744993375,dKO,WT,parallel,up,374,WT (dKO DEGs)
60,987.3417721518986,4.605982050659822,0.4033419139867566,dKO,WT,parallel,up,374,WT (dKO DEGs)
61,1037.9746835443038,4.6961532558413115,0.4910837850064813,dKO,WT,parallel,up,374,WT (dKO DEGs)
62,1088.6075949367087,4.532134363105166,0.5507621076485855,dKO,WT,parallel,up,374,WT (dKO DEGs)
63,1139.240506329114,4.497137333318299,0.602974820749509,dKO,WT,parallel,up,374,WT (dKO DEGs)
64,1189.8734177215188,4.49548369809693,0.6063731796862036,dKO,WT,parallel,up,374,WT (dKO DEGs)
65,1240.506329113924,4.5374531911783675,0.622184137338569,dKO,WT,parallel,up,374,WT (dKO DEGs)
66,1291.1392405063293,4.613816997492802,0.622827533050393,dKO,WT,parallel,up,374,WT (dKO DEGs)
67,1341.7721518987341,4.678700958054758,0.6192734969323807,dKO,WT,parallel,up,374,WT (dKO DEGs)
68,1392.4050632911394,4.576713170355016,0.5944921875684399,dKO,WT,parallel,up,374,WT (dKO DEGs)
69,1443.0379746835442,4.316974604901145,0.5378341699888075,dKO,WT,parallel,up,374,WT (dKO DEGs)
70,1493.6708860759495,4.127289186422837,0.4940042811927132,dKO,WT,parallel,up,374,WT (dKO DEGs)
71,1544.3037974683543,4.039738523229134,0.4440631741028392,dKO,WT,parallel,up,374,WT (dKO DEGs)
72,1594.9367088607596,3.936820094793663,0.4052879319863022,dKO,WT,parallel,up,374,WT (dKO DEGs)
73,1645.5696202531644,3.8187071067955403,0.37505657858208385,dKO,WT,parallel,up,374,WT (dKO DEGs)
74,1696.2025316455697,3.8026467595104654,0.3675043738024934,dKO,WT,parallel,up,374,WT (dKO DEGs)
75,1746.8354430379745,3.947766177344025,0.3817406700030691,dKO,WT,parallel,up,374,WT (dKO DEGs)
76,1797.4683544303798,4.0293090108562915,0.40924511050729523,dKO,WT,parallel,up,374,WT (dKO DEGs)
77,1848.1012658227846,4.106887939764642,0.4555251630839744,dKO,WT,parallel,up,374,WT (dKO DEGs)
78,1898.73417721519,4.204479308268604,0.46763822317956033,dKO,WT,parallel,up,374,WT (dKO DEGs)
79,1949.3670886075947,4.294892789346437,0.47521047222864266,dKO,WT,parallel,up,374,WT (dKO DEGs)
80,2000,4.266192466090708,0.45273060793280867,dKO,WT,parallel,up,374,WT (dKO DEGs)
1,-2000,5.225536038020644,0.6237132684925224,dKO,WT,parallel,down,396,WT (dKO DEGs)
2,-1949.367088607595,5.290944897610732,0.5895889826355183,dKO,WT,parallel,down,396,WT (dKO DEGs)
3,-1898.73417721519,5.3336732109688745,0.5598021121643831,dKO,WT,parallel,down,396,WT (dKO DEGs)
4,-1848.1012658227849,5.389688933106384,0.5499289071653095,dKO,WT,parallel,down,396,WT (dKO DEGs)
5,-1797.4683544303798,5.468779383508445,0.5888453865977694,dKO,WT,parallel,down,396,WT (dKO DEGs)
6,-1746.8354430379748,5.394265933921843,0.6010491800121126,dKO,WT,parallel,down,396,WT (dKO DEGs)
7,-1696.2025316455697,5.2086808716528346,0.6018481041213981,dKO,WT,parallel,down,396,WT (dKO DEGs)
8,-1645.5696202531644,5.042147772699494,0.6154979107635613,dKO,WT,parallel,down,396,WT (dKO DEGs)
9,-1594.9367088607596,4.89202148320699,0.597926766977035,dKO,WT,parallel,down,396,WT (dKO DEGs)
10,-1544.3037974683543,4.64756252232224,0.5243679928545906,dKO,WT,parallel,down,396,WT (dKO DEGs)
11,-1493.6708860759495,4.468773282222475,0.4439705199612314,dKO,WT,parallel,down,396,WT (dKO DEGs)
12,-1443.0379746835442,4.316028517667292,0.3762036808510734,dKO,WT,parallel,down,396,WT (dKO DEGs)
13,-1392.4050632911392,4.289962157821816,0.3614128091031097,dKO,WT,parallel,down,396,WT (dKO DEGs)
14,-1341.7721518987341,4.304349125752144,0.3706179445181635,dKO,WT,parallel,down,396,WT (dKO DEGs)
15,-1291.139240506329,4.393373995154394,0.4166256731885337,dKO,WT,parallel,down,396,WT (dKO DEGs)
16,-1240.506329113924,4.5258295758063545,0.5289596394026755,dKO,WT,parallel,down,396,WT (dKO DEGs)
17,-1189.873417721519,4.564453690463445,0.5647007579750368,dKO,WT,parallel,down,396,WT (dKO DEGs)
18,-1139.240506329114,4.598973594293851,0.595465462384812,dKO,WT,parallel,down,396,WT (dKO DEGs)
19,-1088.607594936709,4.639086397665518,0.6470856059401201,dKO,WT,parallel,down,396,WT (dKO DEGs)
20,-1037.9746835443038,4.73479192506986,0.7064383236009363,dKO,WT,parallel,down,396,WT (dKO DEGs)
21,-987.3417721518988,4.79159523877632,0.7686100894088812,dKO,WT,parallel,down,396,WT (dKO DEGs)
22,-936.7088607594937,4.827642332965677,0.7300222303527238,dKO,WT,parallel,down,396,WT (dKO DEGs)
23,-886.0759493670887,4.7405232273548945,0.6236781089411706,dKO,WT,parallel,down,396,WT (dKO DEGs)
24,-835.4430379746836,4.503477183708839,0.4839489579204793,dKO,WT,parallel,down,396,WT (dKO DEGs)
25,-784.8101265822784,4.309974843917872,0.3875061975541219,dKO,WT,parallel,down,396,WT (dKO DEGs)
26,-734.1772151898733,4.195726303697033,0.341010106947721,dKO,WT,parallel,down,396,WT (dKO DEGs)
27,-683.5443037974683,4.227582146653824,0.3356199314829264,dKO,WT,parallel,down,396,WT (dKO DEGs)
28,-632.9113924050632,4.301729699471583,0.34455690480864765,dKO,WT,parallel,down,396,WT (dKO DEGs)
29,-582.2784810126582,4.443627163410588,0.3480890311708612,dKO,WT,parallel,down,396,WT (dKO DEGs)
30,-531.6455696202531,4.676189460232603,0.35003100361080086,dKO,WT,parallel,down,396,WT (dKO DEGs)
31,-481.0126582278481,4.692927074659152,0.35060232476522335,dKO,WT,parallel,down,396,WT (dKO DEGs)
32,-430.37974683544303,4.686441794868672,0.3602523948485474,dKO,WT,parallel,down,396,WT (dKO DEGs)
33,-379.746835443038,4.890593454322028,0.3887649754449862,dKO,WT,parallel,down,396,WT (dKO DEGs)
34,-329.11392405063293,5.1548984735742565,0.47219423294687185,dKO,WT,parallel,down,396,WT (dKO DEGs)
35,-278.4810126582279,5.498018110075383,0.6174879836167134,dKO,WT,parallel,down,396,WT (dKO DEGs)
36,-227.84810126582283,6.014564208546873,0.785768597832562,dKO,WT,parallel,down,396,WT (dKO DEGs)
37,-177.21518987341778,6.490262600307914,0.9410067164848005,dKO,WT,parallel,down,396,WT (dKO DEGs)
38,-126.58227848101274,7.002001661347219,1.0690030267035502,dKO,WT,parallel,down,396,WT (dKO DEGs)
39,-75.94936708860769,7.330932487823345,1.1467864580831257,dKO,WT,parallel,down,396,WT (dKO DEGs)
40,-25.316455696202638,7.390082911983484,1.1408596795525603,dKO,WT,parallel,down,396,WT (dKO DEGs)
41,25.31645569620241,7.1567726479034235,1.0419112889487736,dKO,WT,parallel,down,396,WT (dKO DEGs)
42,75.94936708860769,6.787320753085091,0.8888221299763311,dKO,WT,parallel,down,396,WT (dKO DEGs)
43,126.58227848101251,6.408662298325738,0.7675518791611641,dKO,WT,parallel,down,396,WT (dKO DEGs)
44,177.21518987341778,6.0696945456683835,0.6915585801153362,dKO,WT,parallel,down,396,WT (dKO DEGs)
45,227.8481012658226,5.828772916494796,0.621831814411223,dKO,WT,parallel,down,396,WT (dKO DEGs)
46,278.4810126582279,5.5690135858556635,0.5206819246793684,dKO,WT,parallel,down,396,WT (dKO DEGs)
47,329.1139240506327,5.448314118887038,0.4952096938122876,dKO,WT,parallel,down,396,WT (dKO DEGs)
48,379.746835443038,5.346215625343098,0.47808494928787565,dKO,WT,parallel,down,396,WT (dKO DEGs)
49,430.37974683544326,5.188154666231136,0.45163005123706906,dKO,WT,parallel,down,396,WT (dKO DEGs)
50,481.0126582278481,4.952943857484795,0.41528972952599413,dKO,WT,parallel,down,396,WT (dKO DEGs)
51,531.6455696202534,4.913471089543317,0.3918789189019006,dKO,WT,parallel,down,396,WT (dKO DEGs)
52,582.2784810126582,4.919036207746978,0.38235598956757527,dKO,WT,parallel,down,396,WT (dKO DEGs)
53,632.9113924050635,4.937100574609005,0.38909177231998415,dKO,WT,parallel,down,396,WT (dKO DEGs)
54,683.5443037974683,4.973222345131816,0.40134903571621344,dKO,WT,parallel,down,396,WT (dKO DEGs)
55,734.1772151898736,4.986203692651758,0.4243302135243446,dKO,WT,parallel,down,396,WT (dKO DEGs)
56,784.8101265822784,4.9308226376992685,0.44599186074849845,dKO,WT,parallel,down,396,WT (dKO DEGs)
57,835.4430379746836,5.020456061409378,0.49630100880564276,dKO,WT,parallel,down,396,WT (dKO DEGs)
58,886.0759493670885,5.112042264300164,0.5451056553194319,dKO,WT,parallel,down,396,WT (dKO DEGs)
59,936.7088607594937,5.148558916648229,0.5507863147605472,dKO,WT,parallel,down,396,WT (dKO DEGs)
60,987.3417721518986,5.092610604297432,0.5336863684339835,dKO,WT,parallel,down,396,WT (dKO DEGs)
61,1037.9746835443038,5.028719757548487,0.5305828917862817,dKO,WT,parallel,down,396,WT (dKO DEGs)
62,1088.6075949367087,4.991402527192225,0.5292559627657166,dKO,WT,parallel,down,396,WT (dKO DEGs)
63,1139.240506329114,4.891660567578242,0.48409716523768537,dKO,WT,parallel,down,396,WT (dKO DEGs)
64,1189.8734177215188,4.643068753424719,0.41769712319645214,dKO,WT,parallel,down,396,WT (dKO DEGs)
65,1240.506329113924,4.342853045252839,0.36631889118045186,dKO,WT,parallel,down,396,WT (dKO DEGs)
66,1291.1392405063293,4.2172407637240505,0.3668915654155908,dKO,WT,parallel,down,396,WT (dKO DEGs)
67,1341.7721518987341,4.095091204261941,0.35306870053676653,dKO,WT,parallel,down,396,WT (dKO DEGs)
68,1392.4050632911394,4.0448283570864385,0.35564509851096127,dKO,WT,parallel,down,396,WT (dKO DEGs)
69,1443.0379746835442,4.119782676223151,0.39178364817208416,dKO,WT,parallel,down,396,WT (dKO DEGs)
70,1493.6708860759495,4.208070636849211,0.4386288264717559,dKO,WT,parallel,down,396,WT (dKO DEGs)
71,1544.3037974683543,4.212092928420815,0.4500710494276842,dKO,WT,parallel,down,396,WT (dKO DEGs)
72,1594.9367088607596,4.163012566600584,0.43911477536148263,dKO,WT,parallel,down,396,WT (dKO DEGs)
73,1645.5696202531644,4.108479910135671,0.4118307284282147,dKO,WT,parallel,down,396,WT (dKO DEGs)
74,1696.2025316455697,4.066350180831822,0.3585875982905925,dKO,WT,parallel,down,396,WT (dKO DEGs)
75,1746.8354430379745,4.098541418267821,0.34764084612314283,dKO,WT,parallel,down,396,WT (dKO DEGs)
76,1797.4683544303798,4.155148983023785,0.363926385000171,dKO,WT,parallel,down,396,WT (dKO DEGs)
77,1848.1012658227846,4.258660548315305,0.43252673423042837,dKO,WT,parallel,down,396,WT (dKO DEGs)
78,1898.73417721519,4.36320120799421,0.4963946771764569,dKO,WT,parallel,down,396,WT (dKO DEGs)
79,1949.3670886075947,4.463307238393761,0.5651938568396093,dKO,WT,parallel,down,396,WT (dKO DEGs)
80,2000,4.516280881672195,0.6380613203312212,dKO,WT,parallel,down,396,WT (dKO DEGs)
1,-2000,5.860862262291952,1.8451240478564739,dKO,WT,antiparallel,up,37,WT (dKO DEGs)
2,-1949.367088607595,5.663553681738742,1.6970805460889045,dKO,WT,antiparallel,up,37,WT (dKO DEGs)
3,-1898.73417721519,5.34222632814098,1.3584535421342374,dKO,WT,antiparallel,up,37,WT (dKO DEGs)
4,-1848.1012658227849,5.0736714266441965,1.2362028746664795,dKO,WT,antiparallel,up,37,WT (dKO DEGs)
5,-1797.4683544303798,4.775097064263112,1.2339798917064426,dKO,WT,antiparallel,up,37,WT (dKO DEGs)
6,-1746.8354430379748,4.5689298585513685,1.2098768337142258,dKO,WT,antiparallel,up,37,WT (dKO DEGs)
7,-1696.2025316455697,4.348914027042217,1.0637428160788232,dKO,WT,antiparallel,up,37,WT (dKO DEGs)
8,-1645.5696202531644,4.2559476023966125,0.9858860144829269,dKO,WT,antiparallel,up,37,WT (dKO DEGs)
9,-1594.9367088607596,4.135857304044672,0.9572824343320203,dKO,WT,antiparallel,up,37,WT (dKO DEGs)
10,-1544.3037974683543,3.9578609246176644,0.8974483197959763,dKO,WT,antiparallel,up,37,WT (dKO DEGs)
11,-1493.6708860759495,4.138072912070128,1.0111567938482893,dKO,WT,antiparallel,up,37,WT (dKO DEGs)
12,-1443.0379746835442,4.263730263108606,1.1582935642519363,dKO,WT,antiparallel,up,37,WT (dKO DEGs)
13,-1392.4050632911392,4.5066995327537125,1.2908368154493997,dKO,WT,antiparallel,up,37,WT (dKO DEGs)
14,-1341.7721518987341,4.9475233918052535,1.5551084791589886,dKO,WT,antiparallel,up,37,WT (dKO DEGs)
15,-1291.139240506329,5.78677264518566,2.224281880366837,dKO,WT,antiparallel,up,37,WT (dKO DEGs)
16,-1240.506329113924,6.43142607633058,2.739376486282152,dKO,WT,antiparallel,up,37,WT (dKO DEGs)
17,-1189.873417721519,6.763253132029696,2.938797461725803,dKO,WT,antiparallel,up,37,WT (dKO DEGs)
18,-1139.240506329114,6.646970752681698,2.856898880434764,dKO,WT,antiparallel,up,37,WT (dKO DEGs)
19,-1088.607594936709,6.180831259929382,2.5186508501212885,dKO,WT,antiparallel,up,37,WT (dKO DEGs)
20,-1037.9746835443038,5.3532256553624125,1.9859156744318698,dKO,WT,antiparallel,up,37,WT (dKO DEGs)
21,-987.3417721518988,4.604210897974066,1.5819535683536494,dKO,WT,antiparallel,up,37,WT (dKO DEGs)
22,-936.7088607594937,4.3821768657366436,1.3977765559031083,dKO,WT,antiparallel,up,37,WT (dKO DEGs)
23,-886.0759493670887,4.430535959832303,1.2794954238567517,dKO,WT,antiparallel,up,37,WT (dKO DEGs)
24,-835.4430379746836,4.560494245795517,1.297659015267903,dKO,WT,antiparallel,up,37,WT (dKO DEGs)
25,-784.8101265822784,4.23704723188469,1.1689344174047749,dKO,WT,antiparallel,up,37,WT (dKO DEGs)
26,-734.1772151898733,4.107093936086775,1.199804300157415,dKO,WT,antiparallel,up,37,WT (dKO DEGs)
27,-683.5443037974683,3.729361887085545,1.2321143629076239,dKO,WT,antiparallel,up,37,WT (dKO DEGs)
28,-632.9113924050632,3.768512235976554,1.38518533976947,dKO,WT,antiparallel,up,37,WT (dKO DEGs)
29,-582.2784810126582,4.085127352809047,1.730243924237635,dKO,WT,antiparallel,up,37,WT (dKO DEGs)
30,-531.6455696202531,4.64503728643194,2.1773932878883597,dKO,WT,antiparallel,up,37,WT (dKO DEGs)
31,-481.0126582278481,4.375819539057241,1.9795497834487366,dKO,WT,antiparallel,up,37,WT (dKO DEGs)
32,-430.37974683544303,3.807767134808205,1.4376108263222043,dKO,WT,antiparallel,up,37,WT (dKO DEGs)
33,-379.746835443038,3.394083023028331,1.179104009242459,dKO,WT,antiparallel,up,37,WT (dKO DEGs)
34,-329.11392405063293,3.145454321659363,1.0290801825485445,dKO,WT,antiparallel,up,37,WT (dKO DEGs)
35,-278.4810126582279,2.9904470147957674,0.8425007846933326,dKO,WT,antiparallel,up,37,WT (dKO DEGs)
36,-227.84810126582283,2.8818634255941924,0.6933134846896432,dKO,WT,antiparallel,up,37,WT (dKO DEGs)
37,-177.21518987341778,2.8703192602621543,0.6910863696817631,dKO,WT,antiparallel,up,37,WT (dKO DEGs)
38,-126.58227848101274,2.9347077062323286,0.6410455572672192,dKO,WT,antiparallel,up,37,WT (dKO DEGs)
39,-75.94936708860769,3.0159725029833684,0.6330226689287067,dKO,WT,antiparallel,up,37,WT (dKO DEGs)
40,-25.316455696202638,3.006527192313392,0.653973800547009,dKO,WT,antiparallel,up,37,WT (dKO DEGs)
41,25.31645569620241,2.9866698773916776,0.6156097706340984,dKO,WT,antiparallel,up,37,WT (dKO DEGs)
42,75.94936708860769,2.8617754077696587,0.5645332530332046,dKO,WT,antiparallel,up,37,WT (dKO DEGs)
43,126.58227848101251,3.147634390044857,0.6127107917287946,dKO,WT,antiparallel,up,37,WT (dKO DEGs)
44,177.21518987341778,3.314422825778927,0.650249885655592,dKO,WT,antiparallel,up,37,WT (dKO DEGs)
45,227.8481012658226,3.4275124781196182,0.6484338575138721,dKO,WT,antiparallel,up,37,WT (dKO DEGs)
46,278.4810126582279,3.3525852823472237,0.6755181184540348,dKO,WT,antiparallel,up,37,WT (dKO DEGs)
47,329.1139240506327,3.325240215417501,0.7012171789941349,dKO,WT,antiparallel,up,37,WT (dKO DEGs)
48,379.746835443038,3.3099313148077543,0.6829267186529225,dKO,WT,antiparallel,up,37,WT (dKO DEGs)
49,430.37974683544326,3.3483156514167787,0.7252122407173237,dKO,WT,antiparallel,up,37,WT (dKO DEGs)
50,481.0126582278481,3.6078987411765366,0.8462210105222684,dKO,WT,antiparallel,up,37,WT (dKO DEGs)
51,531.6455696202534,4.125830525020222,1.2958164786306738,dKO,WT,antiparallel,up,37,WT (dKO DEGs)
52,582.2784810126582,4.123589143087198,1.441644761425441,dKO,WT,antiparallel,up,37,WT (dKO DEGs)
53,632.9113924050635,4.344612304283692,1.5103389714749558,dKO,WT,antiparallel,up,37,WT (dKO DEGs)
54,683.5443037974683,4.890156661562018,1.7737002604840972,dKO,WT,antiparallel,up,37,WT (dKO DEGs)
55,734.1772151898736,5.511058606951086,2.134955094502816,dKO,WT,antiparallel,up,37,WT (dKO DEGs)
56,784.8101265822784,7.212678849482321,3.0292614771324895,dKO,WT,antiparallel,up,37,WT (dKO DEGs)
57,835.4430379746836,8.280278691450755,3.5436053450864855,dKO,WT,antiparallel,up,37,WT (dKO DEGs)
58,886.0759493670885,8.92329879868138,3.7723591849121543,dKO,WT,antiparallel,up,37,WT (dKO DEGs)
59,936.7088607594937,9.200110457716761,3.611643855562668,dKO,WT,antiparallel,up,37,WT (dKO DEGs)
60,987.3417721518986,9.221429203652047,3.301374373071641,dKO,WT,antiparallel,up,37,WT (dKO DEGs)
61,1037.9746835443038,8.799901817790023,2.6966463511668346,dKO,WT,antiparallel,up,37,WT (dKO DEGs)
62,1088.6075949367087,8.593161974060642,2.4650290067785403,dKO,WT,antiparallel,up,37,WT (dKO DEGs)
63,1139.240506329114,8.143592528072563,2.2327819931684165,dKO,WT,antiparallel,up,37,WT (dKO DEGs)
64,1189.8734177215188,7.9167102513656955,2.1227938548477,dKO,WT,antiparallel,up,37,WT (dKO DEGs)
65,1240.506329113924,7.431798417117144,1.9668949620979992,dKO,WT,antiparallel,up,37,WT (dKO DEGs)
66,1291.1392405063293,7.077388624672417,1.8175033366133837,dKO,WT,antiparallel,up,37,WT (dKO DEGs)
67,1341.7721518987341,6.40484876692832,1.5632731073884985,dKO,WT,antiparallel,up,37,WT (dKO DEGs)
68,1392.4050632911394,5.08203429346686,1.0734368453474379,dKO,WT,antiparallel,up,37,WT (dKO DEGs)
69,1443.0379746835442,4.359794086142704,0.9294724708482204,dKO,WT,antiparallel,up,37,WT (dKO DEGs)
70,1493.6708860759495,4.188675493077115,0.9107643530830924,dKO,WT,antiparallel,up,37,WT (dKO DEGs)
71,1544.3037974683543,4.0690065782778975,0.9211071720141075,dKO,WT,antiparallel,up,37,WT (dKO DEGs)
72,1594.9367088607596,3.993001713494997,0.9676669081994842,dKO,WT,antiparallel,up,37,WT (dKO DEGs)
73,1645.5696202531644,4.3160255340627725,1.0199931450048454,dKO,WT,antiparallel,up,37,WT (dKO DEGs)
74,1696.2025316455697,4.422279976445275,1.0636904878890758,dKO,WT,antiparallel,up,37,WT (dKO DEGs)
75,1746.8354430379745,4.334140671352008,1.04860011114294,dKO,WT,antiparallel,up,37,WT (dKO DEGs)
76,1797.4683544303798,4.121303810171179,0.9181415210958667,dKO,WT,antiparallel,up,37,WT (dKO DEGs)
77,1848.1012658227846,4.080269580939868,0.9269080340462678,dKO,WT,antiparallel,up,37,WT (dKO DEGs)
78,1898.73417721519,4.132966226908538,0.9929545124066244,dKO,WT,antiparallel,up,37,WT (dKO DEGs)
79,1949.3670886075947,4.675061291960983,1.3144447367685101,dKO,WT,antiparallel,up,37,WT (dKO DEGs)
80,2000,4.726064845935719,1.4797589713491723,dKO,WT,antiparallel,up,37,WT (dKO DEGs)
1,-2000,2.494681398432742,0.35293903059088144,dKO,WT,antiparallel,down,31,WT (dKO DEGs)
2,-1949.367088607595,2.793685602167601,0.3612544027529609,dKO,WT,antiparallel,down,31,WT (dKO DEGs)
3,-1898.73417721519,2.943813688165398,0.3839376411998331,dKO,WT,antiparallel,down,31,WT (dKO DEGs)
4,-1848.1012658227849,3.0823087650986127,0.39211633616593095,dKO,WT,antiparallel,down,31,WT (dKO DEGs)
5,-1797.4683544303798,2.995894947872367,0.4350198057270525,dKO,WT,antiparallel,down,31,WT (dKO DEGs)
6,-1746.8354430379748,2.8884411813879525,0.4568320501553356,dKO,WT,antiparallel,down,31,WT (dKO DEGs)
7,-1696.2025316455697,2.9181716698984945,0.5026740729513948,dKO,WT,antiparallel,down,31,WT (dKO DEGs)
8,-1645.5696202531644,3.06710713519845,0.5173374805809218,dKO,WT,antiparallel,down,31,WT (dKO DEGs)
9,-1594.9367088607596,2.8180772748301104,0.43129536995335105,dKO,WT,antiparallel,down,31,WT (dKO DEGs)
10,-1544.3037974683543,2.5486094964704207,0.3943345200731603,dKO,WT,antiparallel,down,31,WT (dKO DEGs)
11,-1493.6708860759495,2.644114763044542,0.3714660098539787,dKO,WT,antiparallel,down,31,WT (dKO DEGs)
12,-1443.0379746835442,2.764449453430791,0.37439421366866305,dKO,WT,antiparallel,down,31,WT (dKO DEGs)
13,-1392.4050632911392,2.960997904064835,0.4441020503557027,dKO,WT,antiparallel,down,31,WT (dKO DEGs)
14,-1341.7721518987341,2.9608728918465235,0.4691639569630733,dKO,WT,antiparallel,down,31,WT (dKO DEGs)
15,-1291.139240506329,2.7988296270883213,0.46761251292443873,dKO,WT,antiparallel,down,31,WT (dKO DEGs)
16,-1240.506329113924,2.718164646317882,0.5376861080308044,dKO,WT,antiparallel,down,31,WT (dKO DEGs)
17,-1189.873417721519,3.1793706386063687,0.7656853875801157,dKO,WT,antiparallel,down,31,WT (dKO DEGs)
18,-1139.240506329114,3.3249948740005495,0.8931257582130443,dKO,WT,antiparallel,down,31,WT (dKO DEGs)
19,-1088.607594936709,3.6600438931936856,1.0788536798255866,dKO,WT,antiparallel,down,31,WT (dKO DEGs)
20,-1037.9746835443038,4.3397981971566395,1.4833701291378243,dKO,WT,antiparallel,down,31,WT (dKO DEGs)
21,-987.3417721518988,4.696151415532635,1.7928232345835522,dKO,WT,antiparallel,down,31,WT (dKO DEGs)
22,-936.7088607594937,4.440410291328225,1.614208980106826,dKO,WT,antiparallel,down,31,WT (dKO DEGs)
23,-886.0759493670887,4.23585398597102,1.4157463678165163,dKO,WT,antiparallel,down,31,WT (dKO DEGs)
24,-835.4430379746836,4.159540757620206,1.2124324204032308,dKO,WT,antiparallel,down,31,WT (dKO DEGs)
25,-784.8101265822784,4.011398018226829,1.1481749371255414,dKO,WT,antiparallel,down,31,WT (dKO DEGs)
26,-734.1772151898733,3.8015411367467653,1.0160540082411236,dKO,WT,antiparallel,down,31,WT (dKO DEGs)
27,-683.5443037974683,3.541826759999798,0.9473719578336934,dKO,WT,antiparallel,down,31,WT (dKO DEGs)
28,-632.9113924050632,3.0462163846210766,0.6578489970946964,dKO,WT,antiparallel,down,31,WT (dKO DEGs)
29,-582.2784810126582,2.7421662140918035,0.5053149229451431,dKO,WT,antiparallel,down,31,WT (dKO DEGs)
30,-531.6455696202531,2.7078427394487523,0.48280185823687677,dKO,WT,antiparallel,down,31,WT (dKO DEGs)
31,-481.0126582278481,2.7590636583553847,0.5144547224516062,dKO,WT,antiparallel,down,31,WT (dKO DEGs)
32,-430.37974683544303,3.137142099847076,0.6201285405545219,dKO,WT,antiparallel,down,31,WT (dKO DEGs)
33,-379.746835443038,3.3456096522526075,0.7506906216510427,dKO,WT,antiparallel,down,31,WT (dKO DEGs)
34,-329.11392405063293,3.5487058539031655,0.9303434536054026,dKO,WT,antiparallel,down,31,WT (dKO DEGs)
35,-278.4810126582279,4.176956238721006,1.3027754797720708,dKO,WT,antiparallel,down,31,WT (dKO DEGs)
36,-227.84810126582283,4.768690273633568,1.649058524533144,dKO,WT,antiparallel,down,31,WT (dKO DEGs)
37,-177.21518987341778,4.74822234571621,1.698231280437234,dKO,WT,antiparallel,down,31,WT (dKO DEGs)
38,-126.58227848101274,4.2259144564085105,1.428434061224886,dKO,WT,antiparallel,down,31,WT (dKO DEGs)
39,-75.94936708860769,3.2348581470725355,0.7895613450405893,dKO,WT,antiparallel,down,31,WT (dKO DEGs)
40,-25.316455696202638,2.9262178019041656,0.6765324227368609,dKO,WT,antiparallel,down,31,WT (dKO DEGs)
41,25.31645569620241,2.8504164007402237,0.6648069009330873,dKO,WT,antiparallel,down,31,WT (dKO DEGs)
42,75.94936708860769,2.8323710686417036,0.610284235300532,dKO,WT,antiparallel,down,31,WT (dKO DEGs)
43,126.58227848101251,2.7657109031113247,0.5308474498432985,dKO,WT,antiparallel,down,31,WT (dKO DEGs)
44,177.21518987341778,2.9564966482757242,0.5127689600603628,dKO,WT,antiparallel,down,31,WT (dKO DEGs)
45,227.8481012658226,3.1551717602565725,0.5056161467046989,dKO,WT,antiparallel,down,31,WT (dKO DEGs)
46,278.4810126582279,2.9844822541616294,0.5010466740453657,dKO,WT,antiparallel,down,31,WT (dKO DEGs)
47,329.1139240506327,2.7106498802092767,0.44244811861742733,dKO,WT,antiparallel,down,31,WT (dKO DEGs)
48,379.746835443038,2.464986826963322,0.42287280973688746,dKO,WT,antiparallel,down,31,WT (dKO DEGs)
49,430.37974683544326,2.5004318425732275,0.45908827626822574,dKO,WT,antiparallel,down,31,WT (dKO DEGs)
50,481.0126582278481,2.4874260712439016,0.4480785766419723,dKO,WT,antiparallel,down,31,WT (dKO DEGs)
51,531.6455696202534,2.515957277615865,0.48838918707510887,dKO,WT,antiparallel,down,31,WT (dKO DEGs)
52,582.2784810126582,2.520059087507186,0.5997976797456602,dKO,WT,antiparallel,down,31,WT (dKO DEGs)
53,632.9113924050635,2.941441788596492,0.8598429843769569,dKO,WT,antiparallel,down,31,WT (dKO DEGs)
54,683.5443037974683,3.3384151478480266,1.0792949704769836,dKO,WT,antiparallel,down,31,WT (dKO DEGs)
55,734.1772151898736,3.841505926398821,1.2253336027399244,dKO,WT,antiparallel,down,31,WT (dKO DEGs)
56,784.8101265822784,4.26398205180322,1.485327146839935,dKO,WT,antiparallel,down,31,WT (dKO DEGs)
57,835.4430379746836,4.461813548611056,1.6715642307689569,dKO,WT,antiparallel,down,31,WT (dKO DEGs)
58,886.0759493670885,4.2401016805505245,1.7141451230390745,dKO,WT,antiparallel,down,31,WT (dKO DEGs)
59,936.7088607594937,4.446391508989437,1.755259435475468,dKO,WT,antiparallel,down,31,WT (dKO DEGs)
60,987.3417721518986,4.551307060436535,1.664927242048091,dKO,WT,antiparallel,down,31,WT (dKO DEGs)
61,1037.9746835443038,4.6432160003980005,1.5155430703739101,dKO,WT,antiparallel,down,31,WT (dKO DEGs)
62,1088.6075949367087,4.554740359526808,1.44118201803905,dKO,WT,antiparallel,down,31,WT (dKO DEGs)
63,1139.240506329114,4.465073566488041,1.4326738362148974,dKO,WT,antiparallel,down,31,WT (dKO DEGs)
64,1189.8734177215188,4.070566927386868,1.1933857500636178,dKO,WT,antiparallel,down,31,WT (dKO DEGs)
65,1240.506329113924,3.8474413510035443,1.0415502329844937,dKO,WT,antiparallel,down,31,WT (dKO DEGs)
66,1291.1392405063293,3.5388766314650097,0.9507214515353075,dKO,WT,antiparallel,down,31,WT (dKO DEGs)
67,1341.7721518987341,3.2357202819342255,0.7658898714938577,dKO,WT,antiparallel,down,31,WT (dKO DEGs)
68,1392.4050632911394,2.3297353165380414,0.3842206612611878,dKO,WT,antiparallel,down,31,WT (dKO DEGs)
69,1443.0379746835442,2.076803514188336,0.35036656365240576,dKO,WT,antiparallel,down,31,WT (dKO DEGs)
70,1493.6708860759495,2.1038806519713456,0.3824146414368492,dKO,WT,antiparallel,down,31,WT (dKO DEGs)
71,1544.3037974683543,2.1453810641329776,0.40067091037536423,dKO,WT,antiparallel,down,31,WT (dKO DEGs)
72,1594.9367088607596,2.0690768618993864,0.4118398348312136,dKO,WT,antiparallel,down,31,WT (dKO DEGs)
73,1645.5696202531644,2.0645235459522535,0.45294029710063066,dKO,WT,antiparallel,down,31,WT (dKO DEGs)
74,1696.2025316455697,2.123397528074121,0.4111607409911696,dKO,WT,antiparallel,down,31,WT (dKO DEGs)
75,1746.8354430379745,2.1137787337200615,0.43274686098437143,dKO,WT,antiparallel,down,31,WT (dKO DEGs)
76,1797.4683544303798,2.219968760757036,0.4870332097858819,dKO,WT,antiparallel,down,31,WT (dKO DEGs)
77,1848.1012658227846,2.6846753823372627,0.6118298173563863,dKO,WT,antiparallel,down,31,WT (dKO DEGs)
78,1898.73417721519,2.9559713987893956,0.7120540648351266,dKO,WT,antiparallel,down,31,WT (dKO DEGs)
79,1949.3670886075947,3.055435934220591,0.6837463501860588,dKO,WT,antiparallel,down,31,WT (dKO DEGs)
80,2000,3.0883894122031426,0.5999060267602117,dKO,WT,antiparallel,down,31,WT (dKO DEGs)
1,-2000,2.723059065192938,0.44214095185590935,dKO,WT,hybrid,up,48,WT (dKO DEGs)
2,-1949.367088607595,2.814259440915452,0.4581976600775737,dKO,WT,hybrid,up,48,WT (dKO DEGs)
3,-1898.73417721519,2.7892113551828595,0.4465366614615687,dKO,WT,hybrid,up,48,WT (dKO DEGs)
4,-1848.1012658227849,2.7715168727437653,0.46781956028862953,dKO,WT,hybrid,up,48,WT (dKO DEGs)
5,-1797.4683544303798,2.8926625056564808,0.4742795109888682,dKO,WT,hybrid,up,48,WT (dKO DEGs)
6,-1746.8354430379748,3.0765218739708264,0.5274700984262419,dKO,WT,hybrid,up,48,WT (dKO DEGs)
7,-1696.2025316455697,3.414530032724142,0.5984610699841346,dKO,WT,hybrid,up,48,WT (dKO DEGs)
8,-1645.5696202531644,3.293556006782585,0.5735241414454118,dKO,WT,hybrid,up,48,WT (dKO DEGs)
9,-1594.9367088607596,3.114607166896264,0.5113768336488853,dKO,WT,hybrid,up,48,WT (dKO DEGs)
10,-1544.3037974683543,2.889765754673216,0.4238668440157449,dKO,WT,hybrid,up,48,WT (dKO DEGs)
11,-1493.6708860759495,3.108005509161287,0.46876791758096287,dKO,WT,hybrid,up,48,WT (dKO DEGs)
12,-1443.0379746835442,3.046921935180823,0.544386664082251,dKO,WT,hybrid,up,48,WT (dKO DEGs)
13,-1392.4050632911392,2.974800513088703,0.600249188537144,dKO,WT,hybrid,up,48,WT (dKO DEGs)
14,-1341.7721518987341,2.9604334485530854,0.6318090437936529,dKO,WT,hybrid,up,48,WT (dKO DEGs)
15,-1291.139240506329,2.8744161129494508,0.6396575196645894,dKO,WT,hybrid,up,48,WT (dKO DEGs)
16,-1240.506329113924,2.796586098422607,0.5821864699048876,dKO,WT,hybrid,up,48,WT (dKO DEGs)
17,-1189.873417721519,2.765361449569464,0.526724495920432,dKO,WT,hybrid,up,48,WT (dKO DEGs)
18,-1139.240506329114,2.7494609715375633,0.5002729654777905,dKO,WT,hybrid,up,48,WT (dKO DEGs)
19,-1088.607594936709,2.829193651576837,0.5697627991019915,dKO,WT,hybrid,up,48,WT (dKO DEGs)
20,-1037.9746835443038,3.0415131603843637,0.5710164545697499,dKO,WT,hybrid,up,48,WT (dKO DEGs)
21,-987.3417721518988,3.14904157039192,0.5645226399919303,dKO,WT,hybrid,up,48,WT (dKO DEGs)
22,-936.7088607594937,3.309064280539751,0.5831935752743281,dKO,WT,hybrid,up,48,WT (dKO DEGs)
23,-886.0759493670887,3.520663886848423,0.582811434890382,dKO,WT,hybrid,up,48,WT (dKO DEGs)
24,-835.4430379746836,3.7188359501626755,0.6258259561023352,dKO,WT,hybrid,up,48,WT (dKO DEGs)
25,-784.8101265822784,4.059535395238135,0.7340479242387654,dKO,WT,hybrid,up,48,WT (dKO DEGs)
26,-734.1772151898733,4.394789141366879,0.7730895546852643,dKO,WT,hybrid,up,48,WT (dKO DEGs)
27,-683.5443037974683,4.403559976302915,0.7123937702976554,dKO,WT,hybrid,up,48,WT (dKO DEGs)
28,-632.9113924050632,4.111765223559406,0.6249963712953094,dKO,WT,hybrid,up,48,WT (dKO DEGs)
29,-582.2784810126582,3.629184428254763,0.5128666596340468,dKO,WT,hybrid,up,48,WT (dKO DEGs)
30,-531.6455696202531,3.5297954238288933,0.5053803430008446,dKO,WT,hybrid,up,48,WT (dKO DEGs)
31,-481.0126582278481,3.8093526344829134,0.5360764508823194,dKO,WT,hybrid,up,48,WT (dKO DEGs)
32,-430.37974683544303,3.968229273358981,0.5640926797139766,dKO,WT,hybrid,up,48,WT (dKO DEGs)
33,-379.746835443038,4.07784066879087,0.5598915534230523,dKO,WT,hybrid,up,48,WT (dKO DEGs)
34,-329.11392405063293,4.270443575183551,0.6886558087108464,dKO,WT,hybrid,up,48,WT (dKO DEGs)
35,-278.4810126582279,4.882393323961232,1.1366840949759505,dKO,WT,hybrid,up,48,WT (dKO DEGs)
36,-227.84810126582283,5.2877509636514715,1.325328183197378,dKO,WT,hybrid,up,48,WT (dKO DEGs)
37,-177.21518987341778,5.441536225494411,1.4611908557007869,dKO,WT,hybrid,up,48,WT (dKO DEGs)
38,-126.58227848101274,5.460808481193252,1.68183165722004,dKO,WT,hybrid,up,48,WT (dKO DEGs)
39,-75.94936708860769,5.6809161929786205,2.021015066266771,dKO,WT,hybrid,up,48,WT (dKO DEGs)
40,-25.316455696202638,6.411686124238703,2.804001497924141,dKO,WT,hybrid,up,48,WT (dKO DEGs)
41,25.31645569620241,6.83920444731911,3.499375451244643,dKO,WT,hybrid,up,48,WT (dKO DEGs)
42,75.94936708860769,6.985932310240137,3.80130151156961,dKO,WT,hybrid,up,48,WT (dKO DEGs)
43,126.58227848101251,7.322139974501398,3.9362633345385794,dKO,WT,hybrid,up,48,WT (dKO DEGs)
44,177.21518987341778,7.914840967903534,4.003747601717352,dKO,WT,hybrid,up,48,WT (dKO DEGs)
45,227.8481012658226,8.461253933956225,3.894102919078356,dKO,WT,hybrid,up,48,WT (dKO DEGs)
46,278.4810126582279,8.50536284254657,3.44531236115886,dKO,WT,hybrid,up,48,WT (dKO DEGs)
47,329.1139240506327,8.2221953110728,2.7817004966923364,dKO,WT,hybrid,up,48,WT (dKO DEGs)
48,379.746835443038,7.037318219426606,1.6933490543088014,dKO,WT,hybrid,up,48,WT (dKO DEGs)
49,430.37974683544326,6.66068736081322,1.2636387435797083,dKO,WT,hybrid,up,48,WT (dKO DEGs)
50,481.0126582278481,6.156250977300935,0.9857250679215728,dKO,WT,hybrid,up,48,WT (dKO DEGs)
51,531.6455696202534,5.863309651000632,0.9435120439145045,dKO,WT,hybrid,up,48,WT (dKO DEGs)
52,582.2784810126582,5.771984244187673,0.8934199737750024,dKO,WT,hybrid,up,48,WT (dKO DEGs)
53,632.9113924050635,5.645688435915444,0.9121989902788353,dKO,WT,hybrid,up,48,WT (dKO DEGs)
54,683.5443037974683,5.210154763493273,0.955537459088931,dKO,WT,hybrid,up,48,WT (dKO DEGs)
55,734.1772151898736,5.182423752579425,1.062080387326029,dKO,WT,hybrid,up,48,WT (dKO DEGs)
56,784.8101265822784,5.333980428195662,1.1962133910139656,dKO,WT,hybrid,up,48,WT (dKO DEGs)
57,835.4430379746836,5.602496876948409,1.3043941171771032,dKO,WT,hybrid,up,48,WT (dKO DEGs)
58,886.0759493670885,5.944736601346069,1.4025537294522665,dKO,WT,hybrid,up,48,WT (dKO DEGs)
59,936.7088607594937,5.954049273249176,1.4136320739610406,dKO,WT,hybrid,up,48,WT (dKO DEGs)
60,987.3417721518986,5.967095704740948,1.3876081581142445,dKO,WT,hybrid,up,48,WT (dKO DEGs)
61,1037.9746835443038,5.7500896817445755,1.3088542076707148,dKO,WT,hybrid,up,48,WT (dKO DEGs)
62,1088.6075949367087,5.492741178489394,1.1543574917828925,dKO,WT,hybrid,up,48,WT (dKO DEGs)
63,1139.240506329114,4.85023983925581,0.9797114870349987,dKO,WT,hybrid,up,48,WT (dKO DEGs)
64,1189.8734177215188,4.450738156023952,0.8872713912248666,dKO,WT,hybrid,up,48,WT (dKO DEGs)
65,1240.506329113924,4.437273042930497,1.0095228992189478,dKO,WT,hybrid,up,48,WT (dKO DEGs)
66,1291.1392405063293,4.373818317668306,0.9936703254905461,dKO,WT,hybrid,up,48,WT (dKO DEGs)
67,1341.7721518987341,4.317848933107323,0.9832890256593645,dKO,WT,hybrid,up,48,WT (dKO DEGs)
68,1392.4050632911394,4.294998073594438,0.9901733529583583,dKO,WT,hybrid,up,48,WT (dKO DEGs)
69,1443.0379746835442,4.304030693885353,1.0992999743932836,dKO,WT,hybrid,up,48,WT (dKO DEGs)
70,1493.6708860759495,4.296835216283799,1.0654301215163182,dKO,WT,hybrid,up,48,WT (dKO DEGs)
71,1544.3037974683543,3.9145924698478645,0.9040177308513676,dKO,WT,hybrid,up,48,WT (dKO DEGs)
72,1594.9367088607596,3.4723143332037663,0.5946908080405942,dKO,WT,hybrid,up,48,WT (dKO DEGs)
73,1645.5696202531644,3.28344485099117,0.5769828462539228,dKO,WT,hybrid,up,48,WT (dKO DEGs)
74,1696.2025316455697,3.6496137451959982,0.7261297440482839,dKO,WT,hybrid,up,48,WT (dKO DEGs)
75,1746.8354430379745,4.00616120500697,0.9875260029905585,dKO,WT,hybrid,up,48,WT (dKO DEGs)
76,1797.4683544303798,4.302463284068637,1.1507083607685877,dKO,WT,hybrid,up,48,WT (dKO DEGs)
77,1848.1012658227846,4.586823001586729,1.3486187167586552,dKO,WT,hybrid,up,48,WT (dKO DEGs)
78,1898.73417721519,4.569696918527285,1.3009682354471903,dKO,WT,hybrid,up,48,WT (dKO DEGs)
79,1949.3670886075947,4.3031133598585924,1.0089605599584845,dKO,WT,hybrid,up,48,WT (dKO DEGs)
80,2000,3.8142806300520897,0.7523544114550218,dKO,WT,hybrid,up,48,WT (dKO DEGs)
1,-2000,4.355769164511766,0.9563188011841803,dKO,WT,hybrid,down,63,WT (dKO DEGs)
2,-1949.367088607595,3.9590060270274128,0.7810754629890561,dKO,WT,hybrid,down,63,WT (dKO DEGs)
3,-1898.73417721519,3.8261467829330886,0.6973972259604156,dKO,WT,hybrid,down,63,WT (dKO DEGs)
4,-1848.1012658227849,3.7584369267483866,0.6734300025416629,dKO,WT,hybrid,down,63,WT (dKO DEGs)
5,-1797.4683544303798,3.8184621375452275,0.6549005340789578,dKO,WT,hybrid,down,63,WT (dKO DEGs)
6,-1746.8354430379748,3.7650254143861237,0.6237291723471817,dKO,WT,hybrid,down,63,WT (dKO DEGs)
7,-1696.2025316455697,3.7725657327339133,0.6044366458764514,dKO,WT,hybrid,down,63,WT (dKO DEGs)
8,-1645.5696202531644,3.6100826423761077,0.5340607971323964,dKO,WT,hybrid,down,63,WT (dKO DEGs)
9,-1594.9367088607596,3.3964430127446614,0.51970147872358885,dKO,WT,hybrid,down,63,WT (dKO DEGs)
10,-1544.3037974683543,3.5044530780731686,0.5938274770042249,dKO,WT,hybrid,down,63,WT (dKO DEGs)
11,-1493.6708860759495,4.060962171605024,0.968868237396148,dKO,WT,hybrid,down,63,WT (dKO DEGs)
12,-1443.0379746835442,4.555008278309353,1.3146428558056358,dKO,WT,hybrid,down,63,WT (dKO DEGs)
13,-1392.4050632911392,5.145820727638466,1.5570787279565228,dKO,WT,hybrid,down,63,WT (dKO DEGs)
14,-1341.7721518987341,5.752558790413791,1.8719937793710266,dKO,WT,hybrid,down,63,WT (dKO DEGs)
15,-1291.139240506329,6.156340481276234,2.099735292710487,dKO,WT,hybrid,down,63,WT (dKO DEGs)
16,-1240.506329113924,6.435691962317815,2.167565651522811,dKO,WT,hybrid,down,63,WT (dKO DEGs)
17,-1189.873417721519,6.402951131485127,2.171237531127441,dKO,WT,hybrid,down,63,WT (dKO DEGs)
18,-1139.240506329114,6.426191405594033,2.284889255642056,dKO,WT,hybrid,down,63,WT (dKO DEGs)
19,-1088.607594936709,6.353829999222326,2.206763926317686,dKO,WT,hybrid,down,63,WT (dKO DEGs)
20,-1037.9746835443038,5.739635679431693,1.7896602575874305,dKO,WT,hybrid,down,63,WT (dKO DEGs)
21,-987.3417721518988,5.502924551257381,1.6398451319443712,dKO,WT,hybrid,down,63,WT (dKO DEGs)
22,-936.7088607594937,5.4244267035035225,1.4833358842718811,dKO,WT,hybrid,down,63,WT (dKO DEGs)
23,-886.0759493670887,5.347986189095431,1.4035972463369244,dKO,WT,hybrid,down,63,WT (dKO DEGs)
24,-835.4430379746836,5.578574698450704,1.422500687560537,dKO,WT,hybrid,down,63,WT (dKO DEGs)
25,-784.8101265822784,5.450637203309902,1.3231981282700498,dKO,WT,hybrid,down,63,WT (dKO DEGs)
26,-734.1772151898733,5.34274035109414,1.3378488589510011,dKO,WT,hybrid,down,63,WT (dKO DEGs)
27,-683.5443037974683,5.201889348156238,1.279023783256825,dKO,WT,hybrid,down,63,WT (dKO DEGs)
28,-632.9113924050632,4.806589913267307,1.0970459585372707,dKO,WT,hybrid,down,63,WT (dKO DEGs)
29,-582.2784810126582,4.769588275510798,0.9604953776762619,dKO,WT,hybrid,down,63,WT (dKO DEGs)
30,-531.6455696202531,4.866877893985264,0.9211950078864124,dKO,WT,hybrid,down,63,WT (dKO DEGs)
31,-481.0126582278481,4.960423304782343,0.9400379634937308,dKO,WT,hybrid,down,63,WT (dKO DEGs)
32,-430.37974683544303,4.96689254600535,0.983190551282625,dKO,WT,hybrid,down,63,WT (dKO DEGs)
33,-379.746835443038,5.077996031645114,1.0229677956758791,dKO,WT,hybrid,down,63,WT (dKO DEGs)
34,-329.11392405063293,5.206840697344018,1.052979473800302,dKO,WT,hybrid,down,63,WT (dKO DEGs)
35,-278.4810126582279,5.7146093247302625,1.1341886638178047,dKO,WT,hybrid,down,63,WT (dKO DEGs)
36,-227.84810126582283,5.96833128598632,1.1784879653757128,dKO,WT,hybrid,down,63,WT (dKO DEGs)
37,-177.21518987341778,6.300346336389976,1.1897367167103485,dKO,WT,hybrid,down,63,WT (dKO DEGs)
38,-126.58227848101274,6.936421404414706,1.3825525589448526,dKO,WT,hybrid,down,63,WT (dKO DEGs)
39,-75.94936708860769,8.485787152411445,2.001979802758894,dKO,WT,hybrid,down,63,WT (dKO DEGs)
40,-25.316455696202638,10.672633413826977,2.8076727023413053,dKO,WT,hybrid,down,63,WT (dKO DEGs)
41,25.31645569620241,11.715675812057718,3.0649283234701095,dKO,WT,hybrid,down,63,WT (dKO DEGs)
42,75.94936708860769,11.275117468619474,2.9214733677786606,dKO,WT,hybrid,down,63,WT (dKO DEGs)
43,126.58227848101251,10.719365352474192,2.7824017312568468,dKO,WT,hybrid,down,63,WT (dKO DEGs)
44,177.21518987341778,9.849567349499496,2.4748142578544767,dKO,WT,hybrid,down,63,WT (dKO DEGs)
45,227.8481012658226,9.600189369607856,2.3098884201191683,dKO,WT,hybrid,down,63,WT (dKO DEGs)
46,278.4810126582279,8.918643894182942,2.086104442900342,dKO,WT,hybrid,down,63,WT (dKO DEGs)
47,329.1139240506327,7.961201014051992,1.8629536140577947,dKO,WT,hybrid,down,63,WT (dKO DEGs)
48,379.746835443038,6.975053230669133,1.6012547715795014,dKO,WT,hybrid,down,63,WT (dKO DEGs)
49,430.37974683544326,6.30959554826141,1.4264677290351813,dKO,WT,hybrid,down,63,WT (dKO DEGs)
50,481.0126582278481,5.773988766102564,1.2377676266105622,dKO,WT,hybrid,down,63,WT (dKO DEGs)
51,531.6455696202534,4.924144669058461,0.9092949731794152,dKO,WT,hybrid,down,63,WT (dKO DEGs)
52,582.2784810126582,4.296760352603973,0.7774160627635839,dKO,WT,hybrid,down,63,WT (dKO DEGs)
53,632.9113924050635,3.9659372370079082,0.7462864469999134,dKO,WT,hybrid,down,63,WT (dKO DEGs)
54,683.5443037974683,3.910590197106518,0.68569198567844,dKO,WT,hybrid,down,63,WT (dKO DEGs)
55,734.1772151898736,3.7433930560646864,0.6830732332625248,dKO,WT,hybrid,down,63,WT (dKO DEGs)
56,784.8101265822784,3.3750556825834606,0.6302380271237836,dKO,WT,hybrid,down,63,WT (dKO DEGs)
57,835.4430379746836,3.0588958375289956,0.5321275765774509,dKO,WT,hybrid,down,63,WT (dKO DEGs)
58,886.0759493670885,2.908827642233914,0.48416398482336925,dKO,WT,hybrid,down,63,WT (dKO DEGs)
59,936.7088607594937,2.863732911758322,0.5179381617099238,dKO,WT,hybrid,down,63,WT (dKO DEGs)
60,987.3417721518986,2.8460322009571013,0.5240318525279285,dKO,WT,hybrid,down,63,WT (dKO DEGs)
61,1037.9746835443038,2.8772397518914845,0.5363605216154768,dKO,WT,hybrid,down,63,WT (dKO DEGs)
62,1088.6075949367087,3.1194214074321525,0.6928573868945641,dKO,WT,hybrid,down,63,WT (dKO DEGs)
63,1139.240506329114,3.616220921587061,0.9515250615882597,dKO,WT,hybrid,down,63,WT (dKO DEGs)
64,1189.8734177215188,3.884287838204197,1.0254218712803607,dKO,WT,hybrid,down,63,WT (dKO DEGs)
65,1240.506329113924,4.035107390590445,1.0220082501246932,dKO,WT,hybrid,down,63,WT (dKO DEGs)
66,1291.1392405063293,4.38337429163948,1.1264463182252373,dKO,WT,hybrid,down,63,WT (dKO DEGs)
67,1341.7721518987341,4.643693649062404,1.2369111262098857,dKO,WT,hybrid,down,63,WT (dKO DEGs)
68,1392.4050632911394,4.592894297617454,1.2388098961235456,dKO,WT,hybrid,down,63,WT (dKO DEGs)
69,1443.0379746835442,4.649544861468058,1.3234829174652927,dKO,WT,hybrid,down,63,WT (dKO DEGs)
70,1493.6708860759495,4.509229103862924,1.3080627132099927,dKO,WT,hybrid,down,63,WT (dKO DEGs)
71,1544.3037974683543,4.443465803249803,1.208442928421772,dKO,WT,hybrid,down,63,WT (dKO DEGs)
72,1594.9367088607596,4.080594507436904,0.9891864145050305,dKO,WT,hybrid,down,63,WT (dKO DEGs)
73,1645.5696202531644,3.7137921833108973,0.7769513674959713,dKO,WT,hybrid,down,63,WT (dKO DEGs)
74,1696.2025316455697,3.6779075488337765,0.6835720640586799,dKO,WT,hybrid,down,63,WT (dKO DEGs)
75,1746.8354430379745,3.871086331359924,0.696616370517227,dKO,WT,hybrid,down,63,WT (dKO DEGs)
76,1797.4683544303798,4.062145355201903,0.7384680985236982,dKO,WT,hybrid,down,63,WT (dKO DEGs)
77,1848.1012658227846,4.3041029425399016,0.7712430851300026,dKO,WT,hybrid,down,63,WT (dKO DEGs)
78,1898.73417721519,4.245844996517929,0.7378497700402175,dKO,WT,hybrid,down,63,WT (dKO DEGs)
79,1949.3670886075947,4.274556355438535,0.712162244002932,dKO,WT,hybrid,down,63,WT (dKO DEGs)
80,2000,4.363101568474341,0.7541354508014074,dKO,WT,hybrid,down,63,WT (dKO DEGs)
1,-2000,2.3321239062092953,0.17495833168885255,dKO,WT,unfiltered,up,1039,WT (dKO DEGs)
2,-1949.367088607595,2.328724322975313,0.17395534994718376,dKO,WT,unfiltered,up,1039,WT (dKO DEGs)
3,-1898.73417721519,2.3309585520484566,0.16393824857143466,dKO,WT,unfiltered,up,1039,WT (dKO DEGs)
4,-1848.1012658227849,2.28896435561148,0.1437775479906854,dKO,WT,unfiltered,up,1039,WT (dKO DEGs)
5,-1797.4683544303798,2.246147557003283,0.12750036395413974,dKO,WT,unfiltered,up,1039,WT (dKO DEGs)
6,-1746.8354430379748,2.243139235756892,0.12403152527331326,dKO,WT,unfiltered,up,1039,WT (dKO DEGs)
7,-1696.2025316455697,2.2788076845911935,0.13001324799998848,dKO,WT,unfiltered,up,1039,WT (dKO DEGs)
8,-1645.5696202531644,2.268654488890761,0.13644457275143698,dKO,WT,unfiltered,up,1039,WT (dKO DEGs)
9,-1594.9367088607596,2.2990035054895563,0.14242060913322338,dKO,WT,unfiltered,up,1039,WT (dKO DEGs)
10,-1544.3037974683543,2.310813209919506,0.14111244711998894,dKO,WT,unfiltered,up,1039,WT (dKO DEGs)
11,-1493.6708860759495,2.3864019548659683,0.13755192536417887,dKO,WT,unfiltered,up,1039,WT (dKO DEGs)
12,-1443.0379746835442,2.4422860876298462,0.1414733086530442,dKO,WT,unfiltered,up,1039,WT (dKO DEGs)
13,-1392.4050632911392,2.5151257802884013,0.15691149088663336,dKO,WT,unfiltered,up,1039,WT (dKO DEGs)
14,-1341.7721518987341,2.6418076400830266,0.19937299914906442,dKO,WT,unfiltered,up,1039,WT (dKO DEGs)
15,-1291.139240506329,2.7082347800886932,0.23647228860289085,dKO,WT,unfiltered,up,1039,WT (dKO DEGs)
16,-1240.506329113924,2.7427557586483897,0.26021547341266354,dKO,WT,unfiltered,up,1039,WT (dKO DEGs)
17,-1189.873417721519,2.752585745036009,0.26737337112005144,dKO,WT,unfiltered,up,1039,WT (dKO DEGs)
18,-1139.240506329114,2.7199339805094525,0.2463668364384048,dKO,WT,unfiltered,up,1039,WT (dKO DEGs)
19,-1088.607594936709,2.6991765619655204,0.20468169995174423,dKO,WT,unfiltered,up,1039,WT (dKO DEGs)
20,-1037.9746835443038,2.6762494628919713,0.1766605021791614,dKO,WT,unfiltered,up,1039,WT (dKO DEGs)
21,-987.3417721518988,2.6700227458468606,0.16867377318895943,dKO,WT,unfiltered,up,1039,WT (dKO DEGs)
22,-936.7088607594937,2.6711658514888383,0.16816156015477002,dKO,WT,unfiltered,up,1039,WT (dKO DEGs)
23,-886.0759493670887,2.7059077650635603,0.1708285110276522,dKO,WT,unfiltered,up,1039,WT (dKO DEGs)
24,-835.4430379746836,2.7567684469729383,0.18625174502155356,dKO,WT,unfiltered,up,1039,WT (dKO DEGs)
25,-784.8101265822784,2.7992548542700404,0.19735190046566423,dKO,WT,unfiltered,up,1039,WT (dKO DEGs)
26,-734.1772151898733,2.8682148148572173,0.20634545812139232,dKO,WT,unfiltered,up,1039,WT (dKO DEGs)
27,-683.5443037974683,2.936356059395047,0.20709339718188166,dKO,WT,unfiltered,up,1039,WT (dKO DEGs)
28,-632.9113924050632,2.991765829071159,0.2010807116737821,dKO,WT,unfiltered,up,1039,WT (dKO DEGs)
29,-582.2784810126582,3.0249095618522124,0.21148747647828994,dKO,WT,unfiltered,up,1039,WT (dKO DEGs)
30,-531.6455696202531,3.0591468663517007,0.21567756898647208,dKO,WT,unfiltered,up,1039,WT (dKO DEGs)
31,-481.0126582278481,3.0287155226916123,0.20631051235831396,dKO,WT,unfiltered,up,1039,WT (dKO DEGs)
32,-430.37974683544303,3.038556044526233,0.19769686389382665,dKO,WT,unfiltered,up,1039,WT (dKO DEGs)
33,-379.746835443038,3.084388474943854,0.21024808467952513,dKO,WT,unfiltered,up,1039,WT (dKO DEGs)
34,-329.11392405063293,3.12913485856174,0.22175341809070173,dKO,WT,unfiltered,up,1039,WT (dKO DEGs)
35,-278.4810126582279,3.1707115456925625,0.22720295893531342,dKO,WT,unfiltered,up,1039,WT (dKO DEGs)
36,-227.84810126582283,3.1518471964949937,0.23083425793524126,dKO,WT,unfiltered,up,1039,WT (dKO DEGs)
37,-177.21518987341778,3.196104438917584,0.23870896860406815,dKO,WT,unfiltered,up,1039,WT (dKO DEGs)
38,-126.58227848101274,3.263095616725993,0.25645571888455154,dKO,WT,unfiltered,up,1039,WT (dKO DEGs)
39,-75.94936708860769,3.3860899134526696,0.27150127982570227,dKO,WT,unfiltered,up,1039,WT (dKO DEGs)
40,-25.316455696202638,3.482371955736348,0.2869866826754023,dKO,WT,unfiltered,up,1039,WT (dKO DEGs)
41,25.31645569620241,3.4909104808286324,0.3001127584148625,dKO,WT,unfiltered,up,1039,WT (dKO DEGs)
42,75.94936708860769,3.458173779794946,0.2987819716990164,dKO,WT,unfiltered,up,1039,WT (dKO DEGs)
43,126.58227848101251,3.462652061851429,0.2955831972588672,dKO,WT,unfiltered,up,1039,WT (dKO DEGs)
44,177.21518987341778,3.45920233218227,0.2913126021876579,dKO,WT,unfiltered,up,1039,WT (dKO DEGs)
45,227.8481012658226,3.441515583208749,0.28307822766381535,dKO,WT,unfiltered,up,1039,WT (dKO DEGs)
46,278.4810126582279,3.4370242834481286,0.26674024170300564,dKO,WT,unfiltered,up,1039,WT (dKO DEGs)
47,329.1139240506327,3.403239403786015,0.2486205823924367,dKO,WT,unfiltered,up,1039,WT (dKO DEGs)
48,379.746835443038,3.248096368114727,0.22036957125156445,dKO,WT,unfiltered,up,1039,WT (dKO DEGs)
49,430.37974683544326,3.1792757182447122,0.21490518901349515,dKO,WT,unfiltered,up,1039,WT (dKO DEGs)
50,481.0126582278481,3.1524969914436034,0.22496484695408872,dKO,WT,unfiltered,up,1039,WT (dKO DEGs)
51,531.6455696202534,3.154259380618846,0.23984261585779465,dKO,WT,unfiltered,up,1039,WT (dKO DEGs)
52,582.2784810126582,3.1839953693029472,0.2509575305051702,dKO,WT,unfiltered,up,1039,WT (dKO DEGs)
53,632.9113924050635,3.1421504707071772,0.24745428899608132,dKO,WT,unfiltered,up,1039,WT (dKO DEGs)
54,683.5443037974683,3.0981298695346426,0.23464970674716193,dKO,WT,unfiltered,up,1039,WT (dKO DEGs)
55,734.1772151898736,3.100767007249649,0.2334664212417067,dKO,WT,unfiltered,up,1039,WT (dKO DEGs)
56,784.8101265822784,3.1359820302618133,0.23611686171394897,dKO,WT,unfiltered,up,1039,WT (dKO DEGs)
57,835.4430379746836,3.138339121589532,0.23180370856513194,dKO,WT,unfiltered,up,1039,WT (dKO DEGs)
58,886.0759493670885,3.05020906756465,0.22470946985141343,dKO,WT,unfiltered,up,1039,WT (dKO DEGs)
59,936.7088607594937,2.9293383422745394,0.21315059886450408,dKO,WT,unfiltered,up,1039,WT (dKO DEGs)
60,987.3417721518986,2.8875646405997166,0.20928123443450594,dKO,WT,unfiltered,up,1039,WT (dKO DEGs)
61,1037.9746835443038,2.8848426135870597,0.22111057888002594,dKO,WT,unfiltered,up,1039,WT (dKO DEGs)
62,1088.6075949367087,2.8242840563382785,0.2330004730064244,dKO,WT,unfiltered,up,1039,WT (dKO DEGs)
63,1139.240506329114,2.78648416556798,0.24409523438383277,dKO,WT,unfiltered,up,1039,WT (dKO DEGs)
64,1189.8734177215188,2.7654047966209943,0.2429289406018512,dKO,WT,unfiltered,up,1039,WT (dKO DEGs)
65,1240.506329113924,2.758473375893037,0.24727148877979474,dKO,WT,unfiltered,up,1039,WT (dKO DEGs)
66,1291.1392405063293,2.7895972447920045,0.24604774470148266,dKO,WT,unfiltered,up,1039,WT (dKO DEGs)
67,1341.7721518987341,2.7906236435489697,0.2424028399535769,dKO,WT,unfiltered,up,1039,WT (dKO DEGs)
68,1392.4050632911394,2.688743712349813,0.2299090760697561,dKO,WT,unfiltered,up,1039,WT (dKO DEGs)
69,1443.0379746835442,2.572758613231666,0.21032756449372633,dKO,WT,unfiltered,up,1039,WT (dKO DEGs)
70,1493.6708860759495,2.478069914683035,0.19481202440567055,dKO,WT,unfiltered,up,1039,WT (dKO DEGs)
71,1544.3037974683543,2.448806177295474,0.1762492996154079,dKO,WT,unfiltered,up,1039,WT (dKO DEGs)
72,1594.9367088607596,2.3976805468977815,0.16052756632159218,dKO,WT,unfiltered,up,1039,WT (dKO DEGs)
73,1645.5696202531644,2.3630700528985,0.15070910819817387,dKO,WT,unfiltered,up,1039,WT (dKO DEGs)
74,1696.2025316455697,2.3914634858364856,0.15006599537488616,dKO,WT,unfiltered,up,1039,WT (dKO DEGs)
75,1746.8354430379745,2.4544339968663285,0.15824924497890117,dKO,WT,unfiltered,up,1039,WT (dKO DEGs)
76,1797.4683544303798,2.4822409323526187,0.16856546550143273,dKO,WT,unfiltered,up,1039,WT (dKO DEGs)
77,1848.1012658227846,2.546572859921362,0.1864411753671606,dKO,WT,unfiltered,up,1039,WT (dKO DEGs)
78,1898.73417721519,2.599573864456473,0.19032090352914352,dKO,WT,unfiltered,up,1039,WT (dKO DEGs)
79,1949.3670886075947,2.633375676881437,0.19158689015714933,dKO,WT,unfiltered,up,1039,WT (dKO DEGs)
80,2000,2.5798847601671495,0.1830698918823128,dKO,WT,unfiltered,up,1039,WT (dKO DEGs)
1,-2000,2.8470167097127397,0.23094043400293535,dKO,WT,unfiltered,down,1149,WT (dKO DEGs)
2,-1949.367088607595,2.854993825522311,0.21820450222779206,dKO,WT,unfiltered,down,1149,WT (dKO DEGs)
3,-1898.73417721519,2.8516478785169803,0.20813281434768094,dKO,WT,unfiltered,down,1149,WT (dKO DEGs)
4,-1848.1012658227849,2.8401354607950102,0.20504072178486357,dKO,WT,unfiltered,down,1149,WT (dKO DEGs)
5,-1797.4683544303798,2.8417521251293287,0.2176179281603467,dKO,WT,unfiltered,down,1149,WT (dKO DEGs)
6,-1746.8354430379748,2.817525631267573,0.2209056343658109,dKO,WT,unfiltered,down,1149,WT (dKO DEGs)
7,-1696.2025316455697,2.7350599386813887,0.22015740514274712,dKO,WT,unfiltered,down,1149,WT (dKO DEGs)
8,-1645.5696202531644,2.658523910760049,0.22323445536103217,dKO,WT,unfiltered,down,1149,WT (dKO DEGs)
9,-1594.9367088607596,2.5868561845727083,0.2165596178164333,dKO,WT,unfiltered,down,1149,WT (dKO DEGs)
10,-1544.3037974683543,2.5001948919902697,0.19234029990324572,dKO,WT,unfiltered,down,1149,WT (dKO DEGs)
11,-1493.6708860759495,2.4824292019407648,0.17127928252216595,dKO,WT,unfiltered,down,1149,WT (dKO DEGs)
12,-1443.0379746835442,2.4845059304093375,0.15814181979455474,dKO,WT,unfiltered,down,1149,WT (dKO DEGs)
13,-1392.4050632911392,2.501860025547246,0.1611107501750719,dKO,WT,unfiltered,down,1149,WT (dKO DEGs)
14,-1341.7721518987341,2.5537729680683556,0.1738719444616827,dKO,WT,unfiltered,down,1149,WT (dKO DEGs)
15,-1291.139240506329,2.5933815435402345,0.1935190174884143,dKO,WT,unfiltered,down,1149,WT (dKO DEGs)
16,-1240.506329113924,2.6468733375233087,0.22642962890074433,dKO,WT,unfiltered,down,1149,WT (dKO DEGs)
17,-1189.873417721519,2.6779737255859875,0.23704126174903908,dKO,WT,unfiltered,down,1149,WT (dKO DEGs)
18,-1139.240506329114,2.697325119554789,0.24937085400661302,dKO,WT,unfiltered,down,1149,WT (dKO DEGs)
19,-1088.607594936709,2.7259065018651376,0.26338579521786065,dKO,WT,unfiltered,down,1149,WT (dKO DEGs)
20,-1037.9746835443038,2.7542656939972567,0.2735735763759306,dKO,WT,unfiltered,down,1149,WT (dKO DEGs)
21,-987.3417721518988,2.76776282787323,0.2916584722111715,dKO,WT,unfiltered,down,1149,WT (dKO DEGs)
22,-936.7088607594937,2.7563501232537106,0.2768264489143451,dKO,WT,unfiltered,down,1149,WT (dKO DEGs)
23,-886.0759493670887,2.712884975788762,0.2425063825664148,dKO,WT,unfiltered,down,1149,WT (dKO DEGs)
24,-835.4430379746836,2.626992173586019,0.20428180511251628,dKO,WT,unfiltered,down,1149,WT (dKO DEGs)
25,-784.8101265822784,2.553257946752782,0.1786885583284486,dKO,WT,unfiltered,down,1149,WT (dKO DEGs)
26,-734.1772151898733,2.5161814249392584,0.16664558407517077,dKO,WT,unfiltered,down,1149,WT (dKO DEGs)
27,-683.5443037974683,2.4992680703292187,0.15857223707491833,dKO,WT,unfiltered,down,1149,WT (dKO DEGs)
28,-632.9113924050632,2.4669065351948642,0.14768017934500638,dKO,WT,unfiltered,down,1149,WT (dKO DEGs)
29,-582.2784810126582,2.4854191279224405,0.14377142452302258,dKO,WT,unfiltered,down,1149,WT (dKO DEGs)
30,-531.6455696202531,2.562130791281851,0.1442485205537631,dKO,WT,unfiltered,down,1149,WT (dKO DEGs)
31,-481.0126582278481,2.591558385796663,0.14479749270468634,dKO,WT,unfiltered,down,1149,WT (dKO DEGs)
32,-430.37974683544303,2.586231600707278,0.148985699623054,dKO,WT,unfiltered,down,1149,WT (dKO DEGs)
33,-379.746835443038,2.662070210615517,0.15963492234150217,dKO,WT,unfiltered,down,1149,WT (dKO DEGs)
34,-329.11392405063293,2.755768534878959,0.18637949172537105,dKO,WT,unfiltered,down,1149,WT (dKO DEGs)
35,-278.4810126582279,2.9203153731543288,0.2349295804202427,dKO,WT,unfiltered,down,1149,WT (dKO DEGs)
36,-227.84810126582283,3.147995425397649,0.2918210485615922,dKO,WT,unfiltered,down,1149,WT (dKO DEGs)
37,-177.21518987341778,3.339183893169814,0.3437661075899902,dKO,WT,unfiltered,down,1149,WT (dKO DEGs)
38,-126.58227848101274,3.5283230600560582,0.38838525683002517,dKO,WT,unfiltered,down,1149,WT (dKO DEGs)
39,-75.94936708860769,3.7143065405044267,0.421716277132466,dKO,WT,unfiltered,down,1149,WT (dKO DEGs)
40,-25.316455696202638,3.84552602700517,0.43475925129914456,dKO,WT,unfiltered,down,1149,WT (dKO DEGs)
41,25.31645569620241,3.808547455901053,0.4099926028925193,dKO,WT,unfiltered,down,1149,WT (dKO DEGs)
42,75.94936708860769,3.6502881699378205,0.35957515871738893,dKO,WT,unfiltered,down,1149,WT (dKO DEGs)
43,126.58227848101251,3.4718072502261395,0.3192325492926977,dKO,WT,unfiltered,down,1149,WT (dKO DEGs)
44,177.21518987341778,3.3073853507835276,0.28768093376027254,dKO,WT,unfiltered,down,1149,WT (dKO DEGs)
45,227.8481012658226,3.2395449144319652,0.26253825429563105,dKO,WT,unfiltered,down,1149,WT (dKO DEGs)
46,278.4810126582279,3.11008860417844,0.2269199674180182,dKO,WT,unfiltered,down,1149,WT (dKO DEGs)
47,329.1139240506327,3.009476129717251,0.2123883930614573,dKO,WT,unfiltered,down,1149,WT (dKO DEGs)
48,379.746835443038,2.905917309129418,0.19972522450062777,dKO,WT,unfiltered,down,1149,WT (dKO DEGs)
49,430.37974683544326,2.8054170670437344,0.18711182670658774,dKO,WT,unfiltered,down,1149,WT (dKO DEGs)
50,481.0126582278481,2.6931318526594756,0.17111371870089706,dKO,WT,unfiltered,down,1149,WT (dKO DEGs)
51,531.6455696202534,2.626328131353675,0.15704761367983927,dKO,WT,unfiltered,down,1149,WT (dKO DEGs)
52,582.2784810126582,2.585679742680748,0.15189007123590823,dKO,WT,unfiltered,down,1149,WT (dKO DEGs)
53,632.9113924050635,2.5933200555402918,0.15440223586784518,dKO,WT,unfiltered,down,1149,WT (dKO DEGs)
54,683.5443037974683,2.622390972623703,0.1584280080355462,dKO,WT,unfiltered,down,1149,WT (dKO DEGs)
55,734.1772151898736,2.6500155994680283,0.16637244224815867,dKO,WT,unfiltered,down,1149,WT (dKO DEGs)
56,784.8101265822784,2.624735548559243,0.17367430754767502,dKO,WT,unfiltered,down,1149,WT (dKO DEGs)
57,835.4430379746836,2.647738361645936,0.1900681775102198,dKO,WT,unfiltered,down,1149,WT (dKO DEGs)
58,886.0759493670885,2.6927347957361034,0.20616013970428387,dKO,WT,unfiltered,down,1149,WT (dKO DEGs)
59,936.7088607594937,2.749370225631263,0.20985387488045887,dKO,WT,unfiltered,down,1149,WT (dKO DEGs)
60,987.3417721518986,2.7510057580630263,0.2036357776931483,dKO,WT,unfiltered,down,1149,WT (dKO DEGs)
61,1037.9746835443038,2.7466455395545695,0.20165803759473655,dKO,WT,unfiltered,down,1149,WT (dKO DEGs)
62,1088.6075949367087,2.7345611751155707,0.20213575909148151,dKO,WT,unfiltered,down,1149,WT (dKO DEGs)
63,1139.240506329114,2.7017919166557465,0.18985643878603184,dKO,WT,unfiltered,down,1149,WT (dKO DEGs)
64,1189.8734177215188,2.5882699911339633,0.16826241068497952,dKO,WT,unfiltered,down,1149,WT (dKO DEGs)
65,1240.506329113924,2.4700745884044384,0.15111280481841965,dKO,WT,unfiltered,down,1149,WT (dKO DEGs)
66,1291.1392405063293,2.425866539442996,0.1526425398080551,dKO,WT,unfiltered,down,1149,WT (dKO DEGs)
67,1341.7721518987341,2.381197206731734,0.15006101593231153,dKO,WT,unfiltered,down,1149,WT (dKO DEGs)
68,1392.4050632911394,2.3383240319502896,0.14926684305718468,dKO,WT,unfiltered,down,1149,WT (dKO DEGs)
69,1443.0379746835442,2.3582633586475383,0.1620463683134647,dKO,WT,unfiltered,down,1149,WT (dKO DEGs)
70,1493.6708860759495,2.3574288557886938,0.175775114587948,dKO,WT,unfiltered,down,1149,WT (dKO DEGs)
71,1544.3037974683543,2.342386757518218,0.17714570341352343,dKO,WT,unfiltered,down,1149,WT (dKO DEGs)
72,1594.9367088607596,2.3034793642339806,0.1692186181098691,dKO,WT,unfiltered,down,1149,WT (dKO DEGs)
73,1645.5696202531644,2.2581879036884827,0.15698746769422695,dKO,WT,unfiltered,down,1149,WT (dKO DEGs)
74,1696.2025316455697,2.2597781683592846,0.13892395179916509,dKO,WT,unfiltered,down,1149,WT (dKO DEGs)
75,1746.8354430379745,2.2875197438488994,0.13599230807537413,dKO,WT,unfiltered,down,1149,WT (dKO DEGs)
76,1797.4683544303798,2.332643653987869,0.1420092882839323,dKO,WT,unfiltered,down,1149,WT (dKO DEGs)
77,1848.1012658227846,2.406940038923464,0.16444078482967714,dKO,WT,unfiltered,down,1149,WT (dKO DEGs)
78,1898.73417721519,2.4704865876625917,0.18469869556481477,dKO,WT,unfiltered,down,1149,WT (dKO DEGs)
79,1949.3670886075947,2.5470605064753733,0.2068718978351823,dKO,WT,unfiltered,down,1149,WT (dKO DEGs)
80,2000,2.5884118513923906,0.23114498605243503,dKO,WT,unfiltered,down,1149,WT (dKO DEGs)
1,-2000,6.739154329982112,0.6039067904168005,dKO,dKO,pooled,up,459,dKO
2,-1949.367088607595,6.741250778456572,0.5782173605816648,dKO,dKO,pooled,up,459,dKO
3,-1898.73417721519,6.760039035437673,0.5474993550140905,dKO,dKO,pooled,up,459,dKO
4,-1848.1012658227849,6.826454836385529,0.4923551358378485,dKO,dKO,pooled,up,459,dKO
5,-1797.4683544303798,6.727194182084969,0.44259191184931185,dKO,dKO,pooled,up,459,dKO
6,-1746.8354430379748,6.697184021498902,0.4502582899193071,dKO,dKO,pooled,up,459,dKO
7,-1696.2025316455697,6.813909142910785,0.47999158732182473,dKO,dKO,pooled,up,459,dKO
8,-1645.5696202531644,6.970654281177811,0.5319504105877908,dKO,dKO,pooled,up,459,dKO
9,-1594.9367088607596,7.090362204149658,0.5603463768519011,dKO,dKO,pooled,up,459,dKO
10,-1544.3037974683543,7.024135398482099,0.5428700399350014,dKO,dKO,pooled,up,459,dKO
11,-1493.6708860759495,7.060136070774358,0.5352700015278224,dKO,dKO,pooled,up,459,dKO
12,-1443.0379746835442,7.195256868849306,0.5691555067967187,dKO,dKO,pooled,up,459,dKO
13,-1392.4050632911392,7.473347039541301,0.6173389728526282,dKO,dKO,pooled,up,459,dKO
14,-1341.7721518987341,7.948793344975557,0.7703452967915141,dKO,dKO,pooled,up,459,dKO
15,-1291.139240506329,8.262306634650857,0.8747979088872077,dKO,dKO,pooled,up,459,dKO
16,-1240.506329113924,8.396592944354014,0.9080738500640577,dKO,dKO,pooled,up,459,dKO
17,-1189.873417721519,8.371592693508926,0.8751536739045768,dKO,dKO,pooled,up,459,dKO
18,-1139.240506329114,8.215062721173835,0.7904468450292964,dKO,dKO,pooled,up,459,dKO
19,-1088.607594936709,8.19661549975583,0.6894964188434488,dKO,dKO,pooled,up,459,dKO
20,-1037.9746835443038,8.058152005224013,0.6082811457621654,dKO,dKO,pooled,up,459,dKO
21,-987.3417721518988,7.91490529406997,0.5667845580464357,dKO,dKO,pooled,up,459,dKO
22,-936.7088607594937,7.941091339492936,0.5523172746877408,dKO,dKO,pooled,up,459,dKO
23,-886.0759493670887,8.173408568383302,0.5771067211041606,dKO,dKO,pooled,up,459,dKO
24,-835.4430379746836,8.298336073337644,0.6136889004215368,dKO,dKO,pooled,up,459,dKO
25,-784.8101265822784,8.522267298854254,0.6557140792328344,dKO,dKO,pooled,up,459,dKO
26,-734.1772151898733,8.78074759350017,0.7031932375232387,dKO,dKO,pooled,up,459,dKO
27,-683.5443037974683,8.858777074067595,0.708703706151531,dKO,dKO,pooled,up,459,dKO
28,-632.9113924050632,8.948817720169076,0.7127386612747723,dKO,dKO,pooled,up,459,dKO
29,-582.2784810126582,9.103651841516156,0.7382468011856331,dKO,dKO,pooled,up,459,dKO
30,-531.6455696202531,9.194900270734218,0.7419353939217778,dKO,dKO,pooled,up,459,dKO
31,-481.0126582278481,9.063121164222515,0.7110443532456248,dKO,dKO,pooled,up,459,dKO
32,-430.37974683544303,9.16970488554339,0.6856370645791146,dKO,dKO,pooled,up,459,dKO
33,-379.746835443038,9.310594788233093,0.7148786142081339,dKO,dKO,pooled,up,459,dKO
34,-329.11392405063293,9.508130960783062,0.7637333901856637,dKO,dKO,pooled,up,459,dKO
35,-278.4810126582279,9.624023251247822,0.78554918665875,dKO,dKO,pooled,up,459,dKO
36,-227.84810126582283,9.712138281955871,0.7973643421795712,dKO,dKO,pooled,up,459,dKO
37,-177.21518987341778,9.830079186909773,0.813600663711722,dKO,dKO,pooled,up,459,dKO
38,-126.58227848101274,10.204801971623235,0.8634373187277157,dKO,dKO,pooled,up,459,dKO
39,-75.94936708860769,10.62046213562106,0.9318145481194793,dKO,dKO,pooled,up,459,dKO
40,-25.316455696202638,10.955955629566915,0.9850946185911524,dKO,dKO,pooled,up,459,dKO
41,25.31645569620241,11.184859311914824,1.0371217119090843,dKO,dKO,pooled,up,459,dKO
42,75.94936708860769,11.091230841171248,1.0193435538166373,dKO,dKO,pooled,up,459,dKO
43,126.58227848101251,11.030719627717655,0.9764888516486896,dKO,dKO,pooled,up,459,dKO
44,177.21518987341778,10.999924723837111,0.9342616045503216,dKO,dKO,pooled,up,459,dKO
45,227.8481012658226,10.945439283662544,0.9119611546897853,dKO,dKO,pooled,up,459,dKO
46,278.4810126582279,11.083220088769322,0.8770700428999786,dKO,dKO,pooled,up,459,dKO
47,329.1139240506327,10.80473637259171,0.8456215378191126,dKO,dKO,pooled,up,459,dKO
48,379.746835443038,10.486158618740006,0.7860552245046786,dKO,dKO,pooled,up,459,dKO
49,430.37974683544326,10.295150061370501,0.7781971533987118,dKO,dKO,pooled,up,459,dKO
50,481.0126582278481,10.312259308770678,0.8041859956344154,dKO,dKO,pooled,up,459,dKO
51,531.6455696202534,10.390448754090023,0.8500139535186847,dKO,dKO,pooled,up,459,dKO
52,582.2784810126582,10.436638735992457,0.8998948277321436,dKO,dKO,pooled,up,459,dKO
53,632.9113924050635,10.483639017643926,0.9140451035487683,dKO,dKO,pooled,up,459,dKO
54,683.5443037974683,10.275563805397645,0.887353492334923,dKO,dKO,pooled,up,459,dKO
55,734.1772151898736,10.21544421526688,0.8854952322450961,dKO,dKO,pooled,up,459,dKO
56,784.8101265822784,10.215596952911037,0.8671435474398463,dKO,dKO,pooled,up,459,dKO
57,835.4430379746836,10.059393838973866,0.8346365282554801,dKO,dKO,pooled,up,459,dKO
58,886.0759493670885,9.751097761909426,0.7792986749399469,dKO,dKO,pooled,up,459,dKO
59,936.7088607594937,9.40644824638519,0.7408656418068039,dKO,dKO,pooled,up,459,dKO
60,987.3417721518986,9.155049937065737,0.7135011565771228,dKO,dKO,pooled,up,459,dKO
61,1037.9746835443038,9.244612986823313,0.7486542713524406,dKO,dKO,pooled,up,459,dKO
62,1088.6075949367087,9.025629551892013,0.799458846158977,dKO,dKO,pooled,up,459,dKO
63,1139.240506329114,8.71311484357284,0.8148699864828305,dKO,dKO,pooled,up,459,dKO
64,1189.8734177215188,8.55656967668838,0.8109657771830276,dKO,dKO,pooled,up,459,dKO
65,1240.506329113924,8.469756679867347,0.8192353049003852,dKO,dKO,pooled,up,459,dKO
66,1291.1392405063293,8.403648174572615,0.8026025108318126,dKO,dKO,pooled,up,459,dKO
67,1341.7721518987341,8.395027879565717,0.7837084410128776,dKO,dKO,pooled,up,459,dKO
68,1392.4050632911394,8.157407075626399,0.7214401567835316,dKO,dKO,pooled,up,459,dKO
69,1443.0379746835442,7.9190542952687135,0.6802873157063734,dKO,dKO,pooled,up,459,dKO
70,1493.6708860759495,7.77625309325338,0.6515815487312386,dKO,dKO,pooled,up,459,dKO
71,1544.3037974683543,7.472491063256149,0.6161815204195034,dKO,dKO,pooled,up,459,dKO
72,1594.9367088607596,7.125376283895649,0.581732073659608,dKO,dKO,pooled,up,459,dKO
73,1645.5696202531644,7.070215311904012,0.5613211603907854,dKO,dKO,pooled,up,459,dKO
74,1696.2025316455697,7.205973920967584,0.5798026264521223,dKO,dKO,pooled,up,459,dKO
75,1746.8354430379745,7.440617325853072,0.6296460577116546,dKO,dKO,pooled,up,459,dKO
76,1797.4683544303798,7.552104673259225,0.7112964924004176,dKO,dKO,pooled,up,459,dKO
77,1848.1012658227846,7.792436916764093,0.797420449502867,dKO,dKO,pooled,up,459,dKO
78,1898.73417721519,7.91380329977886,0.8386711086948829,dKO,dKO,pooled,up,459,dKO
79,1949.3670886075947,7.976346634781352,0.8730325560125041,dKO,dKO,pooled,up,459,dKO
80,2000,7.90955302565013,0.8467310918520685,dKO,dKO,pooled,up,459,dKO
1,-2000,8.527832928234217,0.7878767184449068,dKO,dKO,pooled,down,490,dKO
2,-1949.367088607595,8.785113339647955,0.7804292843599695,dKO,dKO,pooled,down,490,dKO
3,-1898.73417721519,8.849033542582777,0.7655069827979296,dKO,dKO,pooled,down,490,dKO
4,-1848.1012658227849,8.679654267171614,0.7523019284754185,dKO,dKO,pooled,down,490,dKO
5,-1797.4683544303798,8.64425683601373,0.7614224568243811,dKO,dKO,pooled,down,490,dKO
6,-1746.8354430379748,8.398133718763079,0.7535656139852315,dKO,dKO,pooled,down,490,dKO
7,-1696.2025316455697,8.2415274723776335,0.7375979681278653,dKO,dKO,pooled,down,490,dKO
8,-1645.5696202531644,8.011995257140828,0.7329136318013194,dKO,dKO,pooled,down,490,dKO
9,-1594.9367088607596,7.744553963852577,0.7210228275790083,dKO,dKO,pooled,down,490,dKO
10,-1544.3037974683543,7.578100150989027,0.6941909054842915,dKO,dKO,pooled,down,490,dKO
11,-1493.6708860759495,7.452712114014593,0.6290522803911301,dKO,dKO,pooled,down,490,dKO
12,-1443.0379746835442,7.3213697707831455,0.566911522012403,dKO,dKO,pooled,down,490,dKO
13,-1392.4050632911392,7.29374400614719,0.5616971878353979,dKO,dKO,pooled,down,490,dKO
14,-1341.7721518987341,7.474340307315191,0.6121620206192108,dKO,dKO,pooled,down,490,dKO
15,-1291.139240506329,7.673923261524058,0.6699768106627189,dKO,dKO,pooled,down,490,dKO
16,-1240.506329113924,8.006334346161408,0.7729745597958585,dKO,dKO,pooled,down,490,dKO
17,-1189.873417721519,8.12150935783516,0.816718434547526,dKO,dKO,pooled,down,490,dKO
18,-1139.240506329114,8.182458937291385,0.8442762049300366,dKO,dKO,pooled,down,490,dKO
19,-1088.607594936709,8.229136462578158,0.8536546327391141,dKO,dKO,pooled,down,490,dKO
20,-1037.9746835443038,8.194755718448535,0.8645205136162515,dKO,dKO,pooled,down,490,dKO
21,-987.3417721518988,8.296941426591808,0.8964059831942349,dKO,dKO,pooled,down,490,dKO
22,-936.7088607594937,8.466979866629556,0.8894697349479446,dKO,dKO,pooled,down,490,dKO
23,-886.0759493670887,8.430896168590403,0.8464549727419625,dKO,dKO,pooled,down,490,dKO
24,-835.4430379746836,8.289637514935059,0.7347526997160002,dKO,dKO,pooled,down,490,dKO
25,-784.8101265822784,8.013387661992287,0.6357716669209131,dKO,dKO,pooled,down,490,dKO
26,-734.1772151898733,7.700315145122762,0.5563124406778647,dKO,dKO,pooled,down,490,dKO
27,-683.5443037974683,7.606733568235319,0.5327718798249518,dKO,dKO,pooled,down,490,dKO
28,-632.9113924050632,7.500692821478357,0.5009769956923589,dKO,dKO,pooled,down,490,dKO
29,-582.2784810126582,7.514069084983293,0.4869206963462576,dKO,dKO,pooled,down,490,dKO
30,-531.6455696202531,7.824283878744865,0.5000316480018036,dKO,dKO,pooled,down,490,dKO
31,-481.0126582278481,7.909418351173401,0.5170288457892139,dKO,dKO,pooled,down,490,dKO
32,-430.37974683544303,8.07254444924666,0.5382757955362555,dKO,dKO,pooled,down,490,dKO
33,-379.746835443038,8.34948569463386,0.5654899162072293,dKO,dKO,pooled,down,490,dKO
34,-329.11392405063293,8.884718134236174,0.6532405984823852,dKO,dKO,pooled,down,490,dKO
35,-278.4810126582279,9.47371773839159,0.8004438524649204,dKO,dKO,pooled,down,490,dKO
36,-227.84810126582283,10.166616408596234,0.9757959969178266,dKO,dKO,pooled,down,490,dKO
37,-177.21518987341778,10.93713557339201,1.153933712331801,dKO,dKO,pooled,down,490,dKO
38,-126.58227848101274,11.667579499848035,1.3435343190067852,dKO,dKO,pooled,down,490,dKO
39,-75.94936708860769,12.088761944164224,1.4239521008385376,dKO,dKO,pooled,down,490,dKO
40,-25.316455696202638,12.41993763696904,1.436426920370219,dKO,dKO,pooled,down,490,dKO
41,25.31645569620241,12.380375384971398,1.3436714826986549,dKO,dKO,pooled,down,490,dKO
42,75.94936708860769,12.152763582085266,1.2310814248654873,dKO,dKO,pooled,down,490,dKO
43,126.58227848101251,11.759132342299637,1.1302826873449667,dKO,dKO,pooled,down,490,dKO
44,177.21518987341778,11.190648083002388,1.0213090123083708,dKO,dKO,pooled,down,490,dKO
45,227.8481012658226,10.72510998791578,0.9272225727665411,dKO,dKO,pooled,down,490,dKO
46,278.4810126582279,10.10032830268023,0.798610152025283,dKO,dKO,pooled,down,490,dKO
47,329.1139240506327,9.615056298604628,0.7344750623569898,dKO,dKO,pooled,down,490,dKO
48,379.746835443038,9.176777439772676,0.68232459825663,dKO,dKO,pooled,down,490,dKO
49,430.37974683544326,8.857725200172995,0.6474716353589661,dKO,dKO,pooled,down,490,dKO
50,481.0126582278481,8.495364416064048,0.6109227945268207,dKO,dKO,pooled,down,490,dKO
51,531.6455696202534,8.166421499828092,0.5841594533815484,dKO,dKO,pooled,down,490,dKO
52,582.2784810126582,8.090431522374251,0.5782883671876281,dKO,dKO,pooled,down,490,dKO
53,632.9113924050635,8.213833888019835,0.5908692141782848,dKO,dKO,pooled,down,490,dKO
54,683.5443037974683,8.433295675225809,0.6188092423269701,dKO,dKO,pooled,down,490,dKO
55,734.1772151898736,8.403657987044783,0.642123312843042,dKO,dKO,pooled,down,490,dKO
56,784.8101265822784,8.130794202968376,0.6606025431834268,dKO,dKO,pooled,down,490,dKO
57,835.4430379746836,8.145692973732137,0.7154794151673034,dKO,dKO,pooled,down,490,dKO
58,886.0759493670885,8.216644975809825,0.7615679465650171,dKO,dKO,pooled,down,490,dKO
59,936.7088607594937,8.323832573460884,0.7535219982040844,dKO,dKO,pooled,down,490,dKO
60,987.3417721518986,8.314764285171924,0.7077735546601245,dKO,dKO,pooled,down,490,dKO
61,1037.9746835443038,8.26357413946528,0.6920500145766223,dKO,dKO,pooled,down,490,dKO
62,1088.6075949367087,8.23273060309968,0.6854133611929281,dKO,dKO,pooled,down,490,dKO
63,1139.240506329114,8.183780444943174,0.6672852964583004,dKO,dKO,pooled,down,490,dKO
64,1189.8734177215188,7.93764311526584,0.6137962051697661,dKO,dKO,pooled,down,490,dKO
65,1240.506329113924,7.7048412903895995,0.5808023779580804,dKO,dKO,pooled,down,490,dKO
66,1291.1392405063293,7.604939413129067,0.5917057908293257,dKO,dKO,pooled,down,490,dKO
67,1341.7721518987341,7.531007759903564,0.5935757289308551,dKO,dKO,pooled,down,490,dKO
68,1392.4050632911394,7.459665362614353,0.6328522673872885,dKO,dKO,pooled,down,490,dKO
69,1443.0379746835442,7.477510160267759,0.6819782103625907,dKO,dKO,pooled,down,490,dKO
70,1493.6708860759495,7.421827929535691,0.6898483547176782,dKO,dKO,pooled,down,490,dKO
71,1544.3037974683543,7.433573919901232,0.7101220409589933,dKO,dKO,pooled,down,490,dKO
72,1594.9367088607596,7.4941073903096775,0.6965256451813374,dKO,dKO,pooled,down,490,dKO
73,1645.5696202531644,7.471945883115133,0.6527967875259415,dKO,dKO,pooled,down,490,dKO
74,1696.2025316455697,7.430785751783929,0.5620879186794032,dKO,dKO,pooled,down,490,dKO
75,1746.8354430379745,7.317933754765257,0.5393709594682394,dKO,dKO,pooled,down,490,dKO
76,1797.4683544303798,7.165355047955805,0.5312590414710426,dKO,dKO,pooled,down,490,dKO
77,1848.1012658227846,7.169834122312312,0.558266896758223,dKO,dKO,pooled,down,490,dKO
78,1898.73417721519,7.210358469989024,0.5972449568379101,dKO,dKO,pooled,down,490,dKO
79,1949.3670886075947,7.092233589584325,0.6614850483488144,dKO,dKO,pooled,down,490,dKO
80,2000,7.187098550515921,0.7370337738401134,dKO,dKO,pooled,down,490,dKO
1,-2000,6.598459726937527,0.6735843256261231,dKO,dKO,parallel,up,374,dKO
2,-1949.367088607595,6.612934806793131,0.6445349900466858,dKO,dKO,parallel,up,374,dKO
3,-1898.73417721519,6.724054460650884,0.6274167191242017,dKO,dKO,parallel,up,374,dKO
4,-1848.1012658227849,6.7934190204500515,0.5618776820079998,dKO,dKO,parallel,up,374,dKO
5,-1797.4683544303798,6.636396791745847,0.4910272524767233,dKO,dKO,parallel,up,374,dKO
6,-1746.8354430379748,6.623628017069397,0.4969806321793873,dKO,dKO,parallel,up,374,dKO
7,-1696.2025316455697,6.842069673924947,0.548256984104912,dKO,dKO,parallel,up,374,dKO
8,-1645.5696202531644,7.140278513227555,0.6243877965870784,dKO,dKO,parallel,up,374,dKO
9,-1594.9367088607596,7.328585156555057,0.6631459018372815,dKO,dKO,parallel,up,374,dKO
10,-1544.3037974683543,7.2824559401467095,0.6445530353365917,dKO,dKO,parallel,up,374,dKO
11,-1493.6708860759495,7.249030740639317,0.6287802962689194,dKO,dKO,parallel,up,374,dKO
12,-1443.0379746835442,7.3626408134127255,0.6586600091588765,dKO,dKO,parallel,up,374,dKO
13,-1392.4050632911392,7.632890291194864,0.709984866766975,dKO,dKO,parallel,up,374,dKO
14,-1341.7721518987341,8.062870280664022,0.8877459968526145,dKO,dKO,parallel,up,374,dKO
15,-1291.139240506329,8.280797916463777,0.9935773500376098,dKO,dKO,parallel,up,374,dKO
16,-1240.506329113924,8.379494070107924,1.0114261643027267,dKO,dKO,parallel,up,374,dKO
17,-1189.873417721519,8.37084100726879,0.9685405315544194,dKO,dKO,parallel,up,374,dKO
18,-1139.240506329114,8.263322927815816,0.8601561088450448,dKO,dKO,parallel,up,374,dKO
19,-1088.607594936709,8.283537520085215,0.7393327897575054,dKO,dKO,parallel,up,374,dKO
20,-1037.9746835443038,8.190029373967924,0.6553535353957242,dKO,dKO,parallel,up,374,dKO
21,-987.3417721518988,8.090952435957131,0.6301845303680156,dKO,dKO,parallel,up,374,dKO
22,-936.7088607594937,8.11831467666728,0.6164940696467188,dKO,dKO,parallel,up,374,dKO
23,-886.0759493670887,8.319878547826978,0.6519308336096524,dKO,dKO,parallel,up,374,dKO
24,-835.4430379746836,8.435309819357068,0.7003243965188245,dKO,dKO,parallel,up,374,dKO
25,-784.8101265822784,8.70390511082668,0.7594882318729037,dKO,dKO,parallel,up,374,dKO
26,-734.1772151898733,9.004925053689144,0.8251164427974544,dKO,dKO,parallel,up,374,dKO
27,-683.5443037974683,9.173457105000388,0.8359329370762046,dKO,dKO,parallel,up,374,dKO
28,-632.9113924050632,9.333088907390142,0.8383714313551818,dKO,dKO,parallel,up,374,dKO
29,-582.2784810126582,9.613491775696291,0.8667673477759986,dKO,dKO,parallel,up,374,dKO
30,-531.6455696202531,9.772879654929811,0.8624388338757053,dKO,dKO,parallel,up,374,dKO
31,-481.0126582278481,9.653648105800258,0.8238407562768563,dKO,dKO,parallel,up,374,dKO
32,-430.37974683544303,9.799838770887218,0.8042474120533165,dKO,dKO,parallel,up,374,dKO
33,-379.746835443038,10.021119124271015,0.8493621922137435,dKO,dKO,parallel,up,374,dKO
34,-329.11392405063293,10.21079703611061,0.9121663346955823,dKO,dKO,parallel,up,374,dKO
35,-278.4810126582279,10.255619945043762,0.9346024699273785,dKO,dKO,parallel,up,374,dKO
36,-227.84810126582283,10.373381306593856,0.9412251752315711,dKO,dKO,parallel,up,374,dKO
37,-177.21518987341778,10.488968952337476,0.9533880370849079,dKO,dKO,parallel,up,374,dKO
38,-126.58227848101274,10.91091508841132,0.9982774668744467,dKO,dKO,parallel,up,374,dKO
39,-75.94936708860769,11.369470296662547,1.0530967072445823,dKO,dKO,parallel,up,374,dKO
40,-25.316455696202638,11.6874432888643,1.0813933306045376,dKO,dKO,parallel,up,374,dKO
41,25.31645569620241,11.791102987678718,1.086572808743909,dKO,dKO,parallel,up,374,dKO
42,75.94936708860769,11.577620210670958,1.0294383206234028,dKO,dKO,parallel,up,374,dKO
43,126.58227848101251,11.417959741194618,0.9681791669528071,dKO,dKO,parallel,up,374,dKO
44,177.21518987341778,11.277901095485518,0.9188586149575039,dKO,dKO,parallel,up,374,dKO
45,227.8481012658226,11.023870135981344,0.880577960334972,dKO,dKO,parallel,up,374,dKO
46,278.4810126582279,11.11430260054568,0.8846459758405945,dKO,dKO,parallel,up,374,dKO
47,329.1139240506327,10.845556904066905,0.8936855734831258,dKO,dKO,parallel,up,374,dKO
48,379.746835443038,10.64917675377426,0.8898648545726187,dKO,dKO,parallel,up,374,dKO
49,430.37974683544326,10.4404073165636,0.8959403173920258,dKO,dKO,parallel,up,374,dKO
50,481.0126582278481,10.498521213297751,0.940559901125532,dKO,dKO,parallel,up,374,dKO
51,531.6455696202534,10.660298191425847,1.0006757766099028,dKO,dKO,parallel,up,374,dKO
52,582.2784810126582,10.79184882591115,1.0641978533391219,dKO,dKO,parallel,up,374,dKO
53,632.9113924050635,10.716522455606443,1.0741367324458597,dKO,dKO,parallel,up,374,dKO
54,683.5443037974683,10.416902557415971,1.0249913526514667,dKO,dKO,parallel,up,374,dKO
55,734.1772151898736,10.21694991814474,0.9976265984158422,dKO,dKO,parallel,up,374,dKO
56,784.8101265822784,9.912633741726426,0.9234828781293294,dKO,dKO,parallel,up,374,dKO
57,835.4430379746836,9.466022267702854,0.8281017291004475,dKO,dKO,parallel,up,374,dKO
58,886.0759493670885,9.07376242504188,0.7279839428090739,dKO,dKO,parallel,up,374,dKO
59,936.7088607594937,8.649373119825135,0.6584898318526727,dKO,dKO,parallel,up,374,dKO
60,987.3417721518986,8.370495882699409,0.6505721589062187,dKO,dKO,parallel,up,374,dKO
61,1037.9746835443038,8.5726957432174,0.7651476944975988,dKO,dKO,parallel,up,374,dKO
62,1088.6075949367087,8.45224174693519,0.8708226463542946,dKO,dKO,parallel,up,374,dKO
63,1139.240506329114,8.265736537999647,0.9145079318272971,dKO,dKO,parallel,up,374,dKO
64,1189.8734177215188,8.151289637685885,0.9185703341450122,dKO,dKO,parallel,up,374,dKO
65,1240.506329113924,8.072180674620066,0.9260666972850742,dKO,dKO,parallel,up,374,dKO
66,1291.1392405063293,8.08914173879513,0.907760974225576,dKO,dKO,parallel,up,374,dKO
67,1341.7721518987341,8.189554405815887,0.8981942809691634,dKO,dKO,parallel,up,374,dKO
68,1392.4050632911394,8.107188109320965,0.8381296917065232,dKO,dKO,parallel,up,374,dKO
69,1443.0379746835442,7.880421194341731,0.7878560487801799,dKO,dKO,parallel,up,374,dKO
70,1493.6708860759495,7.680216581530325,0.7446726005241975,dKO,dKO,parallel,up,374,dKO
71,1544.3037974683543,7.367409607390882,0.707304332546014,dKO,dKO,parallel,up,374,dKO
72,1594.9367088607596,7.107152585945028,0.6771105212125231,dKO,dKO,parallel,up,374,dKO
73,1645.5696202531644,7.009380287031864,0.6417227750814501,dKO,dKO,parallel,up,374,dKO
74,1696.2025316455697,7.0431081332922405,0.6433349296346191,dKO,dKO,parallel,up,374,dKO
75,1746.8354430379745,7.28894239450521,0.6977985133638926,dKO,dKO,parallel,up,374,dKO
76,1797.4683544303798,7.460572905468219,0.8127847379224931,dKO,dKO,parallel,up,374,dKO
77,1848.1012658227846,7.717089264796592,0.9230683809068623,dKO,dKO,parallel,up,374,dKO
78,1898.73417721519,7.863469517479606,0.9807821761556837,dKO,dKO,parallel,up,374,dKO
79,1949.3670886075947,8.007096266483028,1.0307412048047853,dKO,dKO,parallel,up,374,dKO
80,2000,8.066412809177729,1.0047563116102196,dKO,dKO,parallel,up,374,dKO
1,-2000,9.002494809768015,0.9383403865936377,dKO,dKO,parallel,down,396,dKO
2,-1949.367088607595,9.357302773362058,0.9361951973129853,dKO,dKO,parallel,down,396,dKO
3,-1898.73417721519,9.40632298342106,0.9175662230324436,dKO,dKO,parallel,down,396,dKO
4,-1848.1012658227849,9.21801329362874,0.9035041345632184,dKO,dKO,parallel,down,396,dKO
5,-1797.4683544303798,9.084016192328649,0.9176007023326607,dKO,dKO,parallel,down,396,dKO
6,-1746.8354430379748,8.756732361886638,0.9070004899050532,dKO,dKO,parallel,down,396,dKO
7,-1696.2025316455697,8.513568925381911,0.8871855729669011,dKO,dKO,parallel,down,396,dKO
8,-1645.5696202531644,8.30644433990472,0.8857028316293368,dKO,dKO,parallel,down,396,dKO
9,-1594.9367088607596,8.09354422862281,0.8735486469486842,dKO,dKO,parallel,down,396,dKO
10,-1544.3037974683543,7.91020386877084,0.8401226119777302,dKO,dKO,parallel,down,396,dKO
11,-1493.6708860759495,7.656479462192516,0.7423264814518161,dKO,dKO,parallel,down,396,dKO
12,-1443.0379746835442,7.364663778691982,0.6280490407850903,dKO,dKO,parallel,down,396,dKO
13,-1392.4050632911392,7.1931857654743325,0.583886277328671,dKO,dKO,parallel,down,396,dKO
14,-1341.7721518987341,7.194614006124362,0.5709287174310309,dKO,dKO,parallel,down,396,dKO
15,-1291.139240506329,7.305651456533056,0.6330957603703792,dKO,dKO,parallel,down,396,dKO
16,-1240.506329113924,7.557475201027963,0.7657205405903406,dKO,dKO,parallel,down,396,dKO
17,-1189.873417721519,7.656248972646717,0.8034680913950767,dKO,dKO,parallel,down,396,dKO
18,-1139.240506329114,7.774877068173605,0.8426641358598393,dKO,dKO,parallel,down,396,dKO
19,-1088.607594936709,7.887004648338665,0.8946721551723797,dKO,dKO,parallel,down,396,dKO
20,-1037.9746835443038,7.935148209034393,0.9489365169076013,dKO,dKO,parallel,down,396,dKO
21,-987.3417721518988,8.069043002788868,1.0037904557253516,dKO,dKO,parallel,down,396,dKO
22,-936.7088607594937,8.316280600308168,1.0125393937767546,dKO,dKO,parallel,down,396,dKO
23,-886.0759493670887,8.253925275680192,0.960166649846134,dKO,dKO,parallel,down,396,dKO
24,-835.4430379746836,7.946054738515154,0.7996194260153284,dKO,dKO,parallel,down,396,dKO
25,-784.8101265822784,7.662135914670498,0.6640083838967953,dKO,dKO,parallel,down,396,dKO
26,-734.1772151898733,7.463050472796565,0.576813043504524,dKO,dKO,parallel,down,396,dKO
27,-683.5443037974683,7.475582802841559,0.5669421052423596,dKO,dKO,parallel,down,396,dKO
28,-632.9113924050632,7.522512351316635,0.5553056579022654,dKO,dKO,parallel,down,396,dKO
29,-582.2784810126582,7.5679979176332655,0.5542854222774457,dKO,dKO,parallel,down,396,dKO
30,-531.6455696202531,7.9649365225885855,0.5806086093332598,dKO,dKO,parallel,down,396,dKO
31,-481.0126582278481,8.087477382748617,0.6029167371509152,dKO,dKO,parallel,down,396,dKO
32,-430.37974683544303,8.193151844996796,0.624952655215291,dKO,dKO,parallel,down,396,dKO
33,-379.746835443038,8.420784566464649,0.6512363685722996,dKO,dKO,parallel,down,396,dKO
34,-329.11392405063293,8.956328185933206,0.7528150334848966,dKO,dKO,parallel,down,396,dKO
35,-278.4810126582279,9.540504092479797,0.9350340441179833,dKO,dKO,parallel,down,396,dKO
36,-227.84810126582283,10.242224427158584,1.1461995408952081,dKO,dKO,parallel,down,396,dKO
37,-177.21518987341778,10.997617349767124,1.3672205143248646,dKO,dKO,parallel,down,396,dKO
38,-126.58227848101274,11.77260431353492,1.598405083793774,dKO,dKO,parallel,down,396,dKO
39,-75.94936708860769,12.20839394297664,1.6785318281905002,dKO,dKO,parallel,down,396,dKO
40,-25.316455696202638,12.190866416076618,1.6414258868429317,dKO,dKO,parallel,down,396,dKO
41,25.31645569620241,11.913435092847354,1.4853237643039001,dKO,dKO,parallel,down,396,dKO
42,75.94936708860769,11.618018762794408,1.3297977633880071,dKO,dKO,parallel,down,396,dKO
43,126.58227848101251,11.218490874554574,1.193639712684334,dKO,dKO,parallel,down,396,dKO
44,177.21518987341778,10.754189663962885,1.078979870345769,dKO,dKO,parallel,down,396,dKO
45,227.8481012658226,10.257356268914059,0.961756332882574,dKO,dKO,parallel,down,396,dKO
46,278.4810126582279,9.636691476279236,0.8084606360152329,dKO,dKO,parallel,down,396,dKO
47,329.1139240506327,9.291224989355213,0.763553334552094,dKO,dKO,parallel,down,396,dKO
48,379.746835443038,9.04311733217151,0.7414830346052504,dKO,dKO,parallel,down,396,dKO
49,430.37974683544326,8.889663820503536,0.7234755758902566,dKO,dKO,parallel,down,396,dKO
50,481.0126582278481,8.565168896626544,0.6918216961905869,dKO,dKO,parallel,down,396,dKO
51,531.6455696202534,8.344522512049386,0.6779136632757611,dKO,dKO,parallel,down,396,dKO
52,582.2784810126582,8.39248450134539,0.6789701909053393,dKO,dKO,parallel,down,396,dKO
53,632.9113924050635,8.54190283109644,0.6935295254585339,dKO,dKO,parallel,down,396,dKO
54,683.5443037974683,8.801128594999764,0.7263948775760648,dKO,dKO,parallel,down,396,dKO
55,734.1772151898736,8.793080210968702,0.7568271407452214,dKO,dKO,parallel,down,396,dKO
56,784.8101265822784,8.516193671148233,0.7822869159416145,dKO,dKO,parallel,down,396,dKO
57,835.4430379746836,8.58133239469745,0.8517258203268169,dKO,dKO,parallel,down,396,dKO
58,886.0759493670885,8.761372134952433,0.9091319797573562,dKO,dKO,parallel,down,396,dKO
59,936.7088607594937,8.902921363906026,0.8962921918278229,dKO,dKO,parallel,down,396,dKO
60,987.3417721518986,8.857898206989773,0.8351453180655803,dKO,dKO,parallel,down,396,dKO
61,1037.9746835443038,8.744906062381435,0.81406118258994,dKO,dKO,parallel,down,396,dKO
62,1088.6075949367087,8.680320217007338,0.8073181306035417,dKO,dKO,parallel,down,396,dKO
63,1139.240506329114,8.47700441032347,0.7697066494954862,dKO,dKO,parallel,down,396,dKO
64,1189.8734177215188,8.119482148074944,0.6935886576063282,dKO,dKO,parallel,down,396,dKO
65,1240.506329113924,7.806104843953643,0.648517307936868,dKO,dKO,parallel,down,396,dKO
66,1291.1392405063293,7.7402018351948225,0.6657123619055375,dKO,dKO,parallel,down,396,dKO
67,1341.7721518987341,7.700012138186882,0.6688582399924174,dKO,dKO,parallel,down,396,dKO
68,1392.4050632911394,7.771470731980472,0.7315185024333383,dKO,dKO,parallel,down,396,dKO
69,1443.0379746835442,7.83916184515062,0.7957823762849949,dKO,dKO,parallel,down,396,dKO
70,1493.6708860759495,7.762027235805788,0.8025769237130465,dKO,dKO,parallel,down,396,dKO
71,1544.3037974683543,7.747814849801738,0.8311546200269982,dKO,dKO,parallel,down,396,dKO
72,1594.9367088607596,7.7775083051747345,0.8188657366091254,dKO,dKO,parallel,down,396,dKO
73,1645.5696202531644,7.75339540206222,0.7759064111959383,dKO,dKO,parallel,down,396,dKO
74,1696.2025316455697,7.688004628897516,0.66033015106998,dKO,dKO,parallel,down,396,dKO
75,1746.8354430379745,7.532250591598777,0.6299304022668859,dKO,dKO,parallel,down,396,dKO
76,1797.4683544303798,7.320188510646724,0.6190512645719829,dKO,dKO,parallel,down,396,dKO
77,1848.1012658227846,7.255260970554368,0.651626765291275,dKO,dKO,parallel,down,396,dKO
78,1898.73417721519,7.265429711749257,0.704045145923588,dKO,dKO,parallel,down,396,dKO
79,1949.3670886075947,7.137681669299852,0.7886142176076909,dKO,dKO,parallel,down,396,dKO
80,2000,7.267144756018112,0.8822951910308537,dKO,dKO,parallel,down,396,dKO
1,-2000,10.008576286483455,2.9506299394988558,dKO,dKO,antiparallel,up,37,dKO
2,-1949.367088607595,9.72819989453565,2.8366892838192044,dKO,dKO,antiparallel,up,37,dKO
3,-1898.73417721519,8.555090456223702,2.2169706998005534,dKO,dKO,antiparallel,up,37,dKO
4,-1848.1012658227849,8.314377398963448,1.9268186643825476,dKO,dKO,antiparallel,up,37,dKO
5,-1797.4683544303798,8.358682676994048,1.9477097937467276,dKO,dKO,antiparallel,up,37,dKO
6,-1746.8354430379748,8.140555332866874,1.960395867297309,dKO,dKO,antiparallel,up,37,dKO
7,-1696.2025316455697,7.434011634169399,1.6347268845954184,dKO,dKO,antiparallel,up,37,dKO
8,-1645.5696202531644,6.92118155584679,1.413195745928582,dKO,dKO,antiparallel,up,37,dKO
9,-1594.9367088607596,6.903305455328108,1.4324827497267116,dKO,dKO,antiparallel,up,37,dKO
10,-1544.3037974683543,6.938078362791388,1.3448694683624587,dKO,dKO,antiparallel,up,37,dKO
11,-1493.6708860759495,6.970782606666153,1.3846273863233867,dKO,dKO,antiparallel,up,37,dKO
12,-1443.0379746835442,7.3435492511697715,1.7032553235990597,dKO,dKO,antiparallel,up,37,dKO
13,-1392.4050632911392,8.241434090567065,2.1336435000077523,dKO,dKO,antiparallel,up,37,dKO
14,-1341.7721518987341,9.496796776024071,2.768975197198725,dKO,dKO,antiparallel,up,37,dKO
15,-1291.139240506329,11.2647141421593,3.6508527061068787,dKO,dKO,antiparallel,up,37,dKO
16,-1240.506329113924,12.479837815224588,4.384829291700451,dKO,dKO,antiparallel,up,37,dKO
17,-1189.873417721519,12.719780193384704,4.441525211298652,dKO,dKO,antiparallel,up,37,dKO
18,-1139.240506329114,12.111786312004467,4.320078933866723,dKO,dKO,antiparallel,up,37,dKO
19,-1088.607594936709,11.233878769530905,3.9450148370959184,dKO,dKO,antiparallel,up,37,dKO
20,-1037.9746835443038,10.240002642708856,3.4022508612740263,dKO,dKO,antiparallel,up,37,dKO
21,-987.3417721518988,9.128296652613459,2.751368572401268,dKO,dKO,antiparallel,up,37,dKO
22,-936.7088607594937,8.949029995299675,2.6124788068884306,dKO,dKO,antiparallel,up,37,dKO
23,-886.0759493670887,9.418991168919984,2.5559648338905476,dKO,dKO,antiparallel,up,37,dKO
24,-835.4430379746836,9.310413828991555,2.492260659212934,dKO,dKO,antiparallel,up,37,dKO
25,-784.8101265822784,8.419825936244415,2.2321156292326134,dKO,dKO,antiparallel,up,37,dKO
26,-734.1772151898733,7.8993026390161605,1.9855575303190842,dKO,dKO,antiparallel,up,37,dKO
27,-683.5443037974683,7.238571262660328,1.8426518827170957,dKO,dKO,antiparallel,up,37,dKO
28,-632.9113924050632,7.308063253540176,2.1199367094559314,dKO,dKO,antiparallel,up,37,dKO
29,-582.2784810126582,7.428594541635599,2.3743718517790398,dKO,dKO,antiparallel,up,37,dKO
30,-531.6455696202531,7.440603065619598,2.7044027186009485,dKO,dKO,antiparallel,up,37,dKO
31,-481.0126582278481,7.203905392767073,2.6380854540672765,dKO,dKO,antiparallel,up,37,dKO
32,-430.37974683544303,6.7223052706159985,2.1156478798547185,dKO,dKO,antiparallel,up,37,dKO
33,-379.746835443038,6.198430388875909,1.7411589889291021,dKO,dKO,antiparallel,up,37,dKO
34,-329.11392405063293,5.949425573864499,1.5542884441895144,dKO,dKO,antiparallel,up,37,dKO
35,-278.4810126582279,5.525492891212841,1.350059616744916,dKO,dKO,antiparallel,up,37,dKO
36,-227.84810126582283,4.99097249434875,1.2088917590097261,dKO,dKO,antiparallel,up,37,dKO
37,-177.21518987341778,5.003986172310941,1.1073128695655357,dKO,dKO,antiparallel,up,37,dKO
38,-126.58227848101274,4.999058257395083,1.1355891291125613,dKO,dKO,antiparallel,up,37,dKO
39,-75.94936708860769,4.737412932971576,1.098711504827785,dKO,dKO,antiparallel,up,37,dKO
40,-25.316455696202638,4.94879746078371,1.1245356173391285,dKO,dKO,antiparallel,up,37,dKO
41,25.31645569620241,5.203774524830483,1.1397565106516627,dKO,dKO,antiparallel,up,37,dKO
42,75.94936708860769,5.217230387292466,1.0259415398754523,dKO,dKO,antiparallel,up,37,dKO
43,126.58227848101251,5.427200405790999,1.0790905292107449,dKO,dKO,antiparallel,up,37,dKO
44,177.21518987341778,5.910166946832124,1.2528106078150787,dKO,dKO,antiparallel,up,37,dKO
45,227.8481012658226,6.853046572530592,1.5391895191136122,dKO,dKO,antiparallel,up,37,dKO
46,278.4810126582279,7.543253922333588,1.8917055119667459,dKO,dKO,antiparallel,up,37,dKO
47,329.1139240506327,7.661862563829165,2.087172338842648,dKO,dKO,antiparallel,up,37,dKO
48,379.746835443038,7.4407649742160835,2.0515222642801794,dKO,dKO,antiparallel,up,37,dKO
49,430.37974683544326,7.439837343370592,1.9629913489411788,dKO,dKO,antiparallel,up,37,dKO
50,481.0126582278481,7.765986385839479,1.9195270033478096,dKO,dKO,antiparallel,up,37,dKO
51,531.6455696202534,7.973742766659539,2.1636886528099977,dKO,dKO,antiparallel,up,37,dKO
52,582.2784810126582,7.463041047899573,2.2172219605367496,dKO,dKO,antiparallel,up,37,dKO
53,632.9113924050635,8.573566300976383,2.4769030275372734,dKO,dKO,antiparallel,up,37,dKO
54,683.5443037974683,9.908583199140187,3.0704926658635125,dKO,dKO,antiparallel,up,37,dKO
55,734.1772151898736,11.54428948348707,3.782886700696862,dKO,dKO,antiparallel,up,37,dKO
56,784.8101265822784,14.040100026667655,4.773547692809932,dKO,dKO,antiparallel,up,37,dKO
57,835.4430379746836,15.4089947692768,5.4527865935014574,dKO,dKO,antiparallel,up,37,dKO
58,886.0759493670885,15.057978981250042,5.545369981560503,dKO,dKO,antiparallel,up,37,dKO
59,936.7088607594937,15.05336400627016,5.4648310638961375,dKO,dKO,antiparallel,up,37,dKO
60,987.3417721518986,15.094107477170928,5.019524920623788,dKO,dKO,antiparallel,up,37,dKO
61,1037.9746835443038,14.605784424339328,4.25799802875448,dKO,dKO,antiparallel,up,37,dKO
62,1088.6075949367087,13.593914066520897,3.7502416393811417,dKO,dKO,antiparallel,up,37,dKO
63,1139.240506329114,12.485964718981906,3.3052365637940095,dKO,dKO,antiparallel,up,37,dKO
64,1189.8734177215188,12.199445912429878,3.1551956929863594,dKO,dKO,antiparallel,up,37,dKO
65,1240.506329113924,12.670582394900622,3.2829925535154585,dKO,dKO,antiparallel,up,37,dKO
66,1291.1392405063293,12.393703945885907,3.2135868242804917,dKO,dKO,antiparallel,up,37,dKO
67,1341.7721518987341,11.774399666421049,2.789820277103916,dKO,dKO,antiparallel,up,37,dKO
68,1392.4050632911394,10.003872711379248,2.0532973807657746,dKO,dKO,antiparallel,up,37,dKO
69,1443.0379746835442,8.820066464205047,1.6496037237070043,dKO,dKO,antiparallel,up,37,dKO
70,1493.6708860759495,8.804929834743877,1.6541316528556094,dKO,dKO,antiparallel,up,37,dKO
71,1544.3037974683543,8.544607087362994,1.574547562430335,dKO,dKO,antiparallel,up,37,dKO
72,1594.9367088607596,7.575427287033012,1.6406153430041586,dKO,dKO,antiparallel,up,37,dKO
73,1645.5696202531644,8.200594434652242,2.0601366870061897,dKO,dKO,antiparallel,up,37,dKO
74,1696.2025316455697,8.989065880281432,2.456840945266643,dKO,dKO,antiparallel,up,37,dKO
75,1746.8354430379745,8.826772945270882,2.4547257913533653,dKO,dKO,antiparallel,up,37,dKO
76,1797.4683544303798,7.969055482159863,2.089902160009548,dKO,dKO,antiparallel,up,37,dKO
77,1848.1012658227846,8.045671038047688,2.0620756464261194,dKO,dKO,antiparallel,up,37,dKO
78,1898.73417721519,8.054756820395186,2.021136946065182,dKO,dKO,antiparallel,up,37,dKO
79,1949.3670886075947,8.454562072002135,2.2976012014227702,dKO,dKO,antiparallel,up,37,dKO
80,2000,8.021853976163777,2.2628198078018547,dKO,dKO,antiparallel,up,37,dKO
1,-2000,4.755427531888408,0.753824824792433,dKO,dKO,antiparallel,down,31,dKO
2,-1949.367088607595,4.8620942601337225,0.7791662894698129,dKO,dKO,antiparallel,down,31,dKO
3,-1898.73417721519,5.094982455058765,0.7957376998872673,dKO,dKO,antiparallel,down,31,dKO
4,-1848.1012658227849,5.327769380564331,0.9032434466575808,dKO,dKO,antiparallel,down,31,dKO
5,-1797.4683544303798,5.902052107677665,1.1699561575940587,dKO,dKO,antiparallel,down,31,dKO
6,-1746.8354430379748,6.078830049166116,1.365596629870196,dKO,dKO,antiparallel,down,31,dKO
7,-1696.2025316455697,6.509264626656809,1.4632321583392145,dKO,dKO,antiparallel,down,31,dKO
8,-1645.5696202531644,6.07104072811783,1.3052329723289826,dKO,dKO,antiparallel,down,31,dKO
9,-1594.9367088607596,5.3403065601471935,1.0724164280373734,dKO,dKO,antiparallel,down,31,dKO
10,-1544.3037974683543,4.865924650161497,0.8373035892172965,dKO,dKO,antiparallel,down,31,dKO
11,-1493.6708860759495,4.577277740534916,0.754730944208775,dKO,dKO,antiparallel,down,31,dKO
12,-1443.0379746835442,4.54262362769855,0.7232958132133195,dKO,dKO,antiparallel,down,31,dKO
13,-1392.4050632911392,4.752278615659283,0.775658142123705,dKO,dKO,antiparallel,down,31,dKO
14,-1341.7721518987341,4.81128951229075,0.7829878465416572,dKO,dKO,antiparallel,down,31,dKO
15,-1291.139240506329,5.168447500659574,0.913124161516622,dKO,dKO,antiparallel,down,31,dKO
16,-1240.506329113924,5.650647896515426,1.1876488482914325,dKO,dKO,antiparallel,down,31,dKO
17,-1189.873417721519,6.4369407010591155,1.6597918227515698,dKO,dKO,antiparallel,down,31,dKO
18,-1139.240506329114,6.826363525236807,1.845571051995935,dKO,dKO,antiparallel,down,31,dKO
19,-1088.607594936709,7.393228070659022,2.0790011931090886,dKO,dKO,antiparallel,down,31,dKO
20,-1037.9746835443038,8.173865349062028,2.6287760117229526,dKO,dKO,antiparallel,down,31,dKO
21,-987.3417721518988,8.80853536121307,3.0149487680533764,dKO,dKO,antiparallel,down,31,dKO
22,-936.7088607594937,8.758464894294738,3.0314023957798693,dKO,dKO,antiparallel,down,31,dKO
23,-886.0759493670887,8.69642576832925,2.938933052084748,dKO,dKO,antiparallel,down,31,dKO
24,-835.4430379746836,8.827620635083926,2.781893322816583,dKO,dKO,antiparallel,down,31,dKO
25,-784.8101265822784,8.44068187913587,2.6716472209613578,dKO,dKO,antiparallel,down,31,dKO
26,-734.1772151898733,7.772064919881923,2.361180402948208,dKO,dKO,antiparallel,down,31,dKO
27,-683.5443037974683,6.980966751601107,2.2494454095207246,dKO,dKO,antiparallel,down,31,dKO
28,-632.9113924050632,5.383169747270564,1.458645841821992,dKO,dKO,antiparallel,down,31,dKO
29,-582.2784810126582,5.043856691827056,1.1581196913964005,dKO,dKO,antiparallel,down,31,dKO
30,-531.6455696202531,4.9383130649597415,0.9337865574267593,dKO,dKO,antiparallel,down,31,dKO
31,-481.0126582278481,4.889190121261023,0.9294121572440683,dKO,dKO,antiparallel,down,31,dKO
32,-430.37974683544303,5.240168339385781,1.105280661227846,dKO,dKO,antiparallel,down,31,dKO
33,-379.746835443038,5.784068115398448,1.315359655191134,dKO,dKO,antiparallel,down,31,dKO
34,-329.11392405063293,6.2061321161126575,1.6856300645884679,dKO,dKO,antiparallel,down,31,dKO
35,-278.4810126582279,6.807190007701997,2.2423072628051917,dKO,dKO,antiparallel,down,31,dKO
36,-227.84810126582283,8.083708639939626,3.2106248370333246,dKO,dKO,antiparallel,down,31,dKO
37,-177.21518987341778,8.663384933984407,3.41942521213237,dKO,dKO,antiparallel,down,31,dKO
38,-126.58227848101274,8.183058666567648,3.044440402875509,dKO,dKO,antiparallel,down,31,dKO
39,-75.94936708860769,6.124671003280148,1.6282909475601282,dKO,dKO,antiparallel,down,31,dKO
40,-25.316455696202638,5.761421712034492,1.2580828304273999,dKO,dKO,antiparallel,down,31,dKO
41,25.31645569620241,5.53592469451248,1.139389853698005,dKO,dKO,antiparallel,down,31,dKO
42,75.94936708860769,5.592507032220081,1.173231823708727,dKO,dKO,antiparallel,down,31,dKO
43,126.58227848101251,5.7475212490943175,1.1937683777238948,dKO,dKO,antiparallel,down,31,dKO
44,177.21518987341778,5.332727101874608,1.0557775032889622,dKO,dKO,antiparallel,down,31,dKO
45,227.8481012658226,5.447618786391391,1.0974319310279228,dKO,dKO,antiparallel,down,31,dKO
46,278.4810126582279,5.2628599797012985,1.1688744057942835,dKO,dKO,antiparallel,down,31,dKO
47,329.1139240506327,4.859219314872577,1.1193109325423765,dKO,dKO,antiparallel,down,31,dKO
48,379.746835443038,4.714340571895723,1.1219602020241168,dKO,dKO,antiparallel,down,31,dKO
49,430.37974683544326,4.946925750394021,1.152385368534787,dKO,dKO,antiparallel,down,31,dKO
50,481.0126582278481,5.082641774480061,1.1317166880849763,dKO,dKO,antiparallel,down,31,dKO
51,531.6455696202534,4.900121816512077,1.184518592245993,dKO,dKO,antiparallel,down,31,dKO
52,582.2784810126582,5.134890417129762,1.423410344607211,dKO,dKO,antiparallel,down,31,dKO
53,632.9113924050635,5.7882361214135285,1.7566863796430656,dKO,dKO,antiparallel,down,31,dKO
54,683.5443037974683,6.375306941463101,2.134252671459515,dKO,dKO,antiparallel,down,31,dKO
55,734.1772151898736,6.942490831703268,2.263547735817781,dKO,dKO,antiparallel,down,31,dKO
56,784.8101265822784,7.3071309541374125,2.296879807301471,dKO,dKO,antiparallel,down,31,dKO
57,835.4430379746836,7.61300801902689,2.5287403433834044,dKO,dKO,antiparallel,down,31,dKO
58,886.0759493670885,7.4454469883313745,2.7082657987519654,dKO,dKO,antiparallel,down,31,dKO
59,936.7088607594937,7.506580746584041,2.759591894218449,dKO,dKO,antiparallel,down,31,dKO
60,987.3417721518986,7.897425213885564,2.836826572886995,dKO,dKO,antiparallel,down,31,dKO
61,1037.9746835443038,8.18164017364543,2.7709566328268376,dKO,dKO,antiparallel,down,31,dKO
62,1088.6075949367087,8.198498802723423,2.537309620764969,dKO,dKO,antiparallel,down,31,dKO
63,1139.240506329114,8.25108480925201,2.645980858213155,dKO,dKO,antiparallel,down,31,dKO
64,1189.8734177215188,7.952988641185145,2.537137969892582,dKO,dKO,antiparallel,down,31,dKO
65,1240.506329113924,7.499477002184879,2.2837273759177563,dKO,dKO,antiparallel,down,31,dKO
66,1291.1392405063293,6.53460193029014,1.9631333545826435,dKO,dKO,antiparallel,down,31,dKO
67,1341.7721518987341,5.712888259067331,1.6868234559887822,dKO,dKO,antiparallel,down,31,dKO
68,1392.4050632911394,4.250001182299788,0.7820615731247416,dKO,dKO,antiparallel,down,31,dKO
69,1443.0379746835442,3.8528471631901238,0.7537484839606352,dKO,dKO,antiparallel,down,31,dKO
70,1493.6708860759495,3.6280726801964542,0.7279691003307958,dKO,dKO,antiparallel,down,31,dKO
71,1544.3037974683543,3.4387327736680224,0.7043904427683295,dKO,dKO,antiparallel,down,31,dKO
72,1594.9367088607596,3.6172579455632037,0.7195504650205032,dKO,dKO,antiparallel,down,31,dKO
73,1645.5696202531644,3.7669048722072316,0.7332852972627275,dKO,dKO,antiparallel,down,31,dKO
74,1696.2025316455697,3.66872423571925,0.691358965034583,dKO,dKO,antiparallel,down,31,dKO
75,1746.8354430379745,3.49889728471797,0.724789127735271,dKO,dKO,antiparallel,down,31,dKO
76,1797.4683544303798,3.414019280813074,0.7433383050921969,dKO,dKO,antiparallel,down,31,dKO
77,1848.1012658227846,3.7111736940055766,0.7378855672942538,dKO,dKO,antiparallel,down,31,dKO
78,1898.73417721519,4.234713253026367,0.7878272808868765,dKO,dKO,antiparallel,down,31,dKO
79,1949.3670886075947,4.327756909273004,0.7408239693977222,dKO,dKO,antiparallel,down,31,dKO
80,2000,4.452545829075639,0.6807632412486943,dKO,dKO,antiparallel,down,31,dKO
1,-2000,5.3152203539013865,0.7525096505746003,dKO,dKO,hybrid,up,48,dKO
2,-1949.367088607595,5.438606114023262,0.7280804422453507,dKO,dKO,hybrid,up,48,dKO
3,-1898.73417721519,5.656733377128839,0.7807365520571959,dKO,dKO,hybrid,up,48,dKO
4,-1848.1012658227849,5.936918593562312,0.9064015211591332,dKO,dKO,hybrid,up,48,dKO
5,-1797.4683544303798,6.1770514669848815,1.0261933954419853,dKO,dKO,hybrid,up,48,dKO
6,-1746.8354430379748,6.157709170165989,1.1437308129762662,dKO,dKO,hybrid,up,48,dKO
7,-1696.2025316455697,6.11649600174692,1.1345096588178156,dKO,dKO,hybrid,up,48,dKO
8,-1645.5696202531644,5.687134032232894,1.0207116561309646,dKO,dKO,hybrid,up,48,dKO
9,-1594.9367088607596,5.3783979438742,0.8840038681302349,dKO,dKO,hybrid,up,48,dKO
10,-1544.3037974683543,5.0777234763569306,0.7826617011449654,dKO,dKO,hybrid,up,48,dKO
11,-1493.6708860759495,5.657208396659957,1.0347603700729864,dKO,dKO,hybrid,up,48,dKO
12,-1443.0379746835442,5.776748256087303,1.2643164396200304,dKO,dKO,hybrid,up,48,dKO
13,-1392.4050632911392,5.63817210190826,1.2527190668481394,dKO,dKO,hybrid,up,48,dKO
14,-1341.7721518987341,5.866691242969699,1.380193727283507,dKO,dKO,hybrid,up,48,dKO
15,-1291.139240506329,5.803872943487432,1.456131407017017,dKO,dKO,hybrid,up,48,dKO
16,-1240.506329113924,5.382320418225394,1.3277885764760935,dKO,dKO,hybrid,up,48,dKO
17,-1189.873417721519,5.025721717642413,1.0800311477307747,dKO,dKO,hybrid,up,48,dKO
18,-1139.240506329114,4.835310843156444,0.9795471343615353,dKO,dKO,hybrid,up,48,dKO
19,-1088.607594936709,5.178124320904414,0.9819866189934788,dKO,dKO,hybrid,up,48,dKO
20,-1037.9746835443038,5.348764307366477,0.9214752058567719,dKO,dKO,hybrid,up,48,dKO
21,-987.3417721518988,5.607882141321897,0.8749640465883392,dKO,dKO,hybrid,up,48,dKO
22,-936.7088607594937,5.7832734568251505,0.8796174031847824,dKO,dKO,hybrid,up,48,dKO
23,-886.0759493670887,6.0720267239709695,0.8795679681737376,dKO,dKO,hybrid,up,48,dKO
24,-835.4430379746836,6.4509390322864055,1.0033061876600338,dKO,dKO,hybrid,up,48,dKO
25,-784.8101265822784,7.185971230914196,1.1880871505188486,dKO,dKO,hybrid,up,48,dKO
26,-734.1772151898733,7.713478701942496,1.2670519040897068,dKO,dKO,hybrid,up,48,dKO
27,-683.5443037974683,7.655803812676006,1.2237128020088583,dKO,dKO,hybrid,up,48,dKO
28,-632.9113924050632,7.219452954431375,1.0434157685423502,dKO,dKO,hybrid,up,48,dKO
29,-582.2784810126582,6.422339023020532,0.8709839724301467,dKO,dKO,hybrid,up,48,dKO
30,-531.6455696202531,6.04374833115273,0.8157931216280467,dKO,dKO,hybrid,up,48,dKO
31,-481.0126582278481,5.895077568259504,0.8402741632147039,dKO,dKO,hybrid,up,48,dKO
32,-430.37974683544303,6.146448898745907,0.8987561649031836,dKO,dKO,hybrid,up,48,dKO
33,-379.746835443038,6.173386061108775,0.877598938340487,dKO,dKO,hybrid,up,48,dKO
34,-329.11392405063293,6.7763598596056305,1.0137636778835457,dKO,dKO,hybrid,up,48,dKO
35,-278.4810126582279,7.862116164614757,1.4163134216153133,dKO,dKO,hybrid,up,48,dKO
36,-227.84810126582283,8.199185009598732,1.7648567674054514,dKO,dKO,hybrid,up,48,dKO
37,-177.21518987341778,8.416343130038845,2.0630740939212258,dKO,dKO,hybrid,up,48,dKO
38,-126.58227848101274,8.715764716366927,2.5518068217549,dKO,dKO,hybrid,up,48,dKO
39,-75.94936708860769,9.319290641215112,3.304984552056065,dKO,dKO,hybrid,up,48,dKO
40,-25.316455696202638,9.886965372645193,4.082049034670494,dKO,dKO,hybrid,up,48,dKO
41,25.31645569620241,11.071630194965337,5.080276227658852,dKO,dKO,hybrid,up,48,dKO
42,75.94936708860769,11.82932235368424,5.482239226813722,dKO,dKO,hybrid,up,48,dKO
43,126.58227848101251,12.332853143778111,5.44303556319092,dKO,dKO,hybrid,up,48,dKO
44,177.21518987341778,12.757380447851286,5.262741447957248,dKO,dKO,hybrid,up,48,dKO
45,227.8481012658226,13.488884940842787,5.266630401486511,dKO,dKO,hybrid,up,48,dKO
46,278.4810126582279,13.569759437806077,4.564946039772143,dKO,dKO,hybrid,up,48,dKO
47,329.1139240506327,12.909308292435275,3.7970908196426225,dKO,dKO,hybrid,up,48,dKO
48,379.746835443038,11.563466584251987,2.4382202946885125,dKO,dKO,hybrid,up,48,dKO
49,430.37974683544326,11.364324168115855,2.087612804398622,dKO,dKO,hybrid,up,48,dKO
50,481.0126582278481,10.8237206807567,1.8073928424471473,dKO,dKO,hybrid,up,48,dKO
51,531.6455696202534,10.150749420159393,1.5920154167236669,dKO,dKO,hybrid,up,48,dKO
52,582.2784810126582,9.961108336614238,1.5353707032395816,dKO,dKO,hybrid,up,48,dKO
53,632.9113924050635,10.141436615950532,1.6777100571282917,dKO,dKO,hybrid,up,48,dKO
54,683.5443037974683,9.457180246578321,1.6795064479063422,dKO,dKO,hybrid,up,48,dKO
55,734.1772151898736,9.179394052757157,1.7382794128748713,dKO,dKO,hybrid,up,48,dKO
56,784.8101265822784,9.628130854037073,1.9018078291185,dKO,dKO,hybrid,up,48,dKO
57,835.4430379746836,10.559096614685323,2.1026279208092036,dKO,dKO,hybrid,up,48,dKO
58,886.0759493670885,10.937947988427348,2.2574613242481694,dKO,dKO,hybrid,up,48,dKO
59,936.7088607594937,10.952494375920958,2.4561271593171727,dKO,dKO,hybrid,up,48,dKO
60,987.3417721518986,10.69001009017229,2.379011593886693,dKO,dKO,hybrid,up,48,dKO
61,1037.9746835443038,10.347398526834118,2.1792200758919122,dKO,dKO,hybrid,up,48,dKO
62,1088.6075949367087,9.971890218820837,1.9861570301447635,dKO,dKO,hybrid,up,48,dKO
63,1139.240506329114,9.29069902886947,1.8537019204103347,dKO,dKO,hybrid,up,48,dKO
64,1189.8734177215188,8.906326215532092,1.7270827886213274,dKO,dKO,hybrid,up,48,dKO
65,1240.506329113924,8.329399898747603,1.6821389596381555,dKO,dKO,hybrid,up,48,dKO
66,1291.1392405063293,7.7785094962848556,1.6395593622967044,dKO,dKO,hybrid,up,48,dKO
67,1341.7721518987341,7.391076276832157,1.5924066111372344,dKO,dKO,hybrid,up,48,dKO
68,1392.4050632911394,7.1253792605300745,1.5792802923317015,dKO,dKO,hybrid,up,48,dKO
69,1443.0379746835442,7.525540326436361,1.7658694042209064,dKO,dKO,hybrid,up,48,dKO
70,1493.6708860759495,7.731599258863263,1.9071102381270943,dKO,dKO,hybrid,up,48,dKO
71,1544.3037974683543,7.464827971624004,1.7205066960908337,dKO,dKO,hybrid,up,48,dKO
72,1594.9367088607596,6.920454948842526,1.2611437240685437,dKO,dKO,hybrid,up,48,dKO
73,1645.5696202531644,6.672887640247742,1.168349402660016,dKO,dKO,hybrid,up,48,dKO
74,1696.2025316455697,7.1005031313002105,1.4533769426428116,dKO,dKO,hybrid,up,48,dKO
75,1746.8354430379745,7.553922875970602,1.8000898001270398,dKO,dKO,hybrid,up,48,dKO
76,1797.4683544303798,7.94389011543658,1.925923412504978,dKO,dKO,hybrid,up,48,dKO
77,1848.1012658227846,8.184319403188097,2.0124485016944034,dKO,dKO,hybrid,up,48,dKO
78,1898.73417721519,8.197335681385464,1.9094367201194387,dKO,dKO,hybrid,up,48,dKO
79,1949.3670886075947,7.368131354914771,1.4826597603503064,dKO,dKO,hybrid,up,48,dKO
80,2000,6.600788562976652,1.1483538200953327,dKO,dKO,hybrid,up,48,dKO
1,-2000,7.400506931398281,1.5899243475220028,dKO,dKO,hybrid,down,63,dKO
2,-1949.367088607595,7.118868509713935,1.3853961606031058,dKO,dKO,hybrid,down,63,dKO
3,-1898.73417721519,7.193302830539683,1.3760339187707824,dKO,dKO,hybrid,down,63,dKO
4,-1848.1012658227849,6.945023426025633,1.2909098421609495,dKO,dKO,hybrid,down,63,dKO
5,-1797.4683544303798,7.229394002326582,1.1870892559525674,dKO,dKO,hybrid,down,63,dKO
6,-1746.8354430379748,7.2853297676611195,1.171025921006893,dKO,dKO,hybrid,down,63,dKO
7,-1696.2025316455697,7.383935929959414,1.140675802960824,dKO,dKO,hybrid,down,63,dKO
8,-1645.5696202531644,7.116245314683864,1.0390127889479577,dKO,dKO,hybrid,down,63,dKO
9,-1594.9367088607596,6.733943244262978,0.9919730165927243,dKO,dKO,hybrid,down,63,dKO
10,-1544.3037974683543,6.825153615815299,1.025369394331061,dKO,dKO,hybrid,down,63,dKO
11,-1493.6708860759495,7.586785061624315,1.414633906933298,dKO,dKO,hybrid,down,63,dKO
12,-1443.0379746835442,8.41655553750891,1.9271521174216628,dKO,dKO,hybrid,down,63,dKO
13,-1392.4050632911392,9.176386711092853,2.334297890753099,dKO,dKO,hybrid,down,63,dKO
14,-1341.7721518987341,10.543009988542586,3.093986421698873,dKO,dKO,hybrid,down,63,dKO
15,-1291.139240506329,11.221627759353193,3.3195597777397645,dKO,dKO,hybrid,down,63,dKO
16,-1240.506329113924,11.986881987619652,3.5378603874316714,dKO,dKO,hybrid,down,63,dKO
17,-1189.873417721519,11.874917943465016,3.7601157459494168,dKO,dKO,hybrid,down,63,dKO
18,-1139.240506329114,11.411687158630007,3.7788300336897063,dKO,dKO,hybrid,down,63,dKO
19,-1088.607594936709,10.79099929731359,3.3906122422194698,dKO,dKO,hybrid,down,63,dKO
20,-1037.9746835443038,9.836853737162535,2.8446288969802778,dKO,dKO,hybrid,down,63,dKO
21,-987.3417721518988,9.47770910679348,2.5977515485711296,dKO,dKO,hybrid,down,63,dKO
22,-936.7088607594937,9.270803257195407,2.2966778742367513,dKO,dKO,hybrid,down,63,dKO
23,-886.0759493670887,9.41262721621801,2.2264566264882117,dKO,dKO,hybrid,down,63,dKO
24,-835.4430379746836,10.184578828231368,2.365885504982977,dKO,dKO,hybrid,down,63,dKO
25,-784.8101265822784,10.010999903388756,2.3154370045607,dKO,dKO,hybrid,down,63,dKO
26,-734.1772151898733,9.15638764073609,2.0721376201055737,dKO,dKO,hybrid,down,63,dKO
27,-683.5443037974683,8.73902681286373,1.819402696868603,dKO,dKO,hybrid,down,63,dKO
28,-632.9113924050632,8.405497289486032,1.5785454431349872,dKO,dKO,hybrid,down,63,dKO
29,-582.2784810126582,8.390589187498446,1.3639165479851771,dKO,dKO,hybrid,down,63,dKO
30,-531.6455696202531,8.360262422637334,1.24812821573553,dKO,dKO,hybrid,down,63,dKO
31,-481.0126582278481,8.27633420234004,1.2481525484740168,dKO,dKO,hybrid,down,63,dKO
32,-430.37974683544303,8.708149698272583,1.3306866932989285,dKO,dKO,hybrid,down,63,dKO
33,-379.746835443038,9.163669690051407,1.468760940509742,dKO,dKO,hybrid,down,63,dKO
34,-329.11392405063293,9.752632199153698,1.65393163276464,dKO,dKO,hybrid,down,63,dKO
35,-278.4810126582279,10.366018745255849,1.739281594695609,dKO,dKO,hybrid,down,63,dKO
36,-227.84810126582283,10.716288876495664,1.81791166041415,dKO,dKO,hybrid,down,63,dKO
37,-177.21518987341778,11.6757940873141,1.9978920270855587,dKO,dKO,hybrid,down,63,dKO
38,-126.58227848101274,12.722029017493838,2.468873760529745,dKO,dKO,hybrid,down,63,dKO
39,-75.94936708860769,14.271500795556124,3.25011178884685,dKO,dKO,hybrid,down,63,dKO
40,-25.316455696202638,17.13622648056222,4.193387190586072,dKO,dKO,hybrid,down,63,dKO
41,25.31645569620241,18.68333295775469,4.589223256511556,dKO,dKO,hybrid,down,63,dKO
42,75.94936708860769,18.742079478672572,4.555893465491504,dKO,dKO,hybrid,down,63,dKO
43,126.58227848101251,18.115544487004556,4.472732270236313,dKO,dKO,hybrid,down,63,dKO
44,177.21518987341778,16.81657005688501,4.036979029050099,dKO,dKO,hybrid,down,63,dKO
45,227.8481012658226,16.262136971597318,3.830660307238177,dKO,dKO,hybrid,down,63,dKO
46,278.4810126582279,15.394958481523725,3.458972425270797,dKO,dKO,hybrid,down,63,dKO
47,329.1139240506327,13.990741139215137,2.9912571199726083,dKO,dKO,hybrid,down,63,dKO
48,379.746835443038,12.212728955871844,2.4360471074753938,dKO,dKO,hybrid,down,63,dKO
49,430.37974683544326,10.58132979211353,2.0664581237209654,dKO,dKO,hybrid,down,63,dKO
50,481.0126582278481,9.735869615847472,1.8181874268875862,dKO,dKO,hybrid,down,63,dKO
51,531.6455696202534,8.654156251306887,1.4503608717725032,dKO,dKO,hybrid,down,63,dKO
52,582.2784810126582,7.646126674596595,1.2202876452436817,dKO,dKO,hybrid,down,63,dKO
53,632.9113924050635,7.34523435320173,1.162249530164351,dKO,dKO,hybrid,down,63,dKO
54,683.5443037974683,7.133864159609275,1.0958025695537017,dKO,dKO,hybrid,down,63,dKO
55,734.1772151898736,6.674848163897399,1.027232920475905,dKO,dKO,hybrid,down,63,dKO
56,784.8101265822784,6.113577874627693,0.959686925744442,dKO,dKO,hybrid,down,63,dKO
57,835.4430379746836,5.669502860932123,0.8419619746367045,dKO,dKO,hybrid,down,63,dKO
58,886.0759493670885,5.172124064561551,0.7410163458892076,dKO,dKO,hybrid,down,63,dKO
59,936.7088607594937,5.085985678491139,0.7991958862256823,dKO,dKO,hybrid,down,63,dKO
60,987.3417721518986,5.106136954537145,0.8280287057564096,dKO,dKO,hybrid,down,63,dKO
61,1037.9746835443038,5.278375908760798,0.9197502140415442,dKO,dKO,hybrid,down,63,dKO
62,1088.6075949367087,5.436154392055734,1.0193555056541004,dKO,dKO,hybrid,down,63,dKO
63,1139.240506329114,6.307540356305541,1.3626953224111704,dKO,dKO,hybrid,down,63,dKO
64,1189.8734177215188,6.787103935965785,1.5129465995810545,dKO,dKO,hybrid,down,63,dKO
65,1240.506329113924,7.1693797939290445,1.6134292677627096,dKO,dKO,hybrid,down,63,dKO
66,1291.1392405063293,7.281392473922205,1.6733082671486628,dKO,dKO,hybrid,down,63,dKO
67,1341.7721518987341,7.363324755550061,1.72944204441867,dKO,dKO,hybrid,down,63,dKO
68,1392.4050632911394,7.07910446294401,1.7027677742080927,dKO,dKO,hybrid,down,63,dKO
69,1443.0379746835442,6.987835330042259,1.7070874426407037,dKO,dKO,hybrid,down,63,dKO
70,1493.6708860759495,7.150200746147721,1.7733822964826733,dKO,dKO,hybrid,down,63,dKO
71,1544.3037974683543,7.424060702323914,1.7363254953298173,dKO,dKO,hybrid,down,63,dKO
72,1594.9367088607596,7.620386287144252,1.630170246726039,dKO,dKO,hybrid,down,63,dKO
73,1645.5696202531644,7.525950039227803,1.3369249087786164,dKO,dKO,hybrid,down,63,dKO
74,1696.2025316455697,7.665154508308128,1.2984490622913847,dKO,dKO,hybrid,down,63,dKO
75,1746.8354430379745,7.850007773581005,1.305929903287401,dKO,dKO,hybrid,down,63,dKO
76,1797.4683544303798,8.038011517095818,1.3072571117138783,dKO,dKO,hybrid,down,63,dKO
77,1848.1012658227846,8.334745890148103,1.3664360580305415,dKO,dKO,hybrid,down,63,dKO
78,1898.73417721519,8.328402755525376,1.3390231930347354,dKO,dKO,hybrid,down,63,dKO
79,1949.3670886075947,8.166857994700235,1.3139841845105942,dKO,dKO,hybrid,down,63,dKO
80,2000,8.029524534417208,1.4027859989714964,dKO,dKO,hybrid,down,63,dKO
1,-2000,4.031915850442765,0.2813042442363531,dKO,dKO,unfiltered,up,1039,dKO
2,-1949.367088607595,4.005165897665553,0.27039807137784627,dKO,dKO,unfiltered,up,1039,dKO
3,-1898.73417721519,4.000305566578138,0.2577229438492048,dKO,dKO,unfiltered,up,1039,dKO
4,-1848.1012658227849,4.020796402290077,0.2353195665397051,dKO,dKO,unfiltered,up,1039,dKO
5,-1797.4683544303798,3.968787362001093,0.21445860412953932,dKO,dKO,unfiltered,up,1039,dKO
6,-1746.8354430379748,3.9754682648116897,0.2174393801152932,dKO,dKO,unfiltered,up,1039,dKO
7,-1696.2025316455697,4.0127550593224095,0.22992541822936027,dKO,dKO,unfiltered,up,1039,dKO
8,-1645.5696202531644,4.069915989523023,0.2522147167066096,dKO,dKO,unfiltered,up,1039,dKO
9,-1594.9367088607596,4.146883773174965,0.2644349697143289,dKO,dKO,unfiltered,up,1039,dKO
10,-1544.3037974683543,4.1546480429642925,0.25688984321325814,dKO,dKO,unfiltered,up,1039,dKO
11,-1493.6708860759495,4.176474894847784,0.254134928205787,dKO,dKO,unfiltered,up,1039,dKO
12,-1443.0379746835442,4.225848115318893,0.26861647038152253,dKO,dKO,unfiltered,up,1039,dKO
13,-1392.4050632911392,4.3714218812896,0.2896241201886208,dKO,dKO,unfiltered,up,1039,dKO
14,-1341.7721518987341,4.593861581531136,0.355678274818151,dKO,dKO,unfiltered,up,1039,dKO
15,-1291.139240506329,4.719762044260431,0.4012166699739403,dKO,dKO,unfiltered,up,1039,dKO
16,-1240.506329113924,4.770196883373242,0.4159740024275974,dKO,dKO,unfiltered,up,1039,dKO
17,-1189.873417721519,4.7559923688983705,0.40179668339131036,dKO,dKO,unfiltered,up,1039,dKO
18,-1139.240506329114,4.666409410720534,0.3653092592384986,dKO,dKO,unfiltered,up,1039,dKO
19,-1088.607594936709,4.661315717151772,0.32260237074632414,dKO,dKO,unfiltered,up,1039,dKO
20,-1037.9746835443038,4.604788829281348,0.2881911802321902,dKO,dKO,unfiltered,up,1039,dKO
21,-987.3417721518988,4.541441978307576,0.270449324696813,dKO,dKO,unfiltered,up,1039,dKO
22,-936.7088607594937,4.547752187903737,0.26511533110513,dKO,dKO,unfiltered,up,1039,dKO
23,-886.0759493670887,4.6689171733877615,0.27630120742581976,dKO,dKO,unfiltered,up,1039,dKO
24,-835.4430379746836,4.741086504088406,0.2916633881963698,dKO,dKO,unfiltered,up,1039,dKO
25,-784.8101265822784,4.81186902226184,0.31017169933331,dKO,dKO,unfiltered,up,1039,dKO
26,-734.1772151898733,4.913307350853677,0.3310296333672228,dKO,dKO,unfiltered,up,1039,dKO
27,-683.5443037974683,4.93125529484371,0.33375869671788005,dKO,dKO,unfiltered,up,1039,dKO
28,-632.9113924050632,4.976673155322762,0.3359650410756252,dKO,dKO,unfiltered,up,1039,dKO
29,-582.2784810126582,5.079147791200851,0.34730208079588354,dKO,dKO,unfiltered,up,1039,dKO
30,-531.6455696202531,5.132776354518807,0.34913322938272584,dKO,dKO,unfiltered,up,1039,dKO
31,-481.0126582278481,5.073393422431352,0.3358453552664741,dKO,dKO,unfiltered,up,1039,dKO
32,-430.37974683544303,5.1230585061765685,0.3261427702819155,dKO,dKO,unfiltered,up,1039,dKO
33,-379.746835443038,5.1977084212934965,0.33904503490009047,dKO,dKO,unfiltered,up,1039,dKO
34,-329.11392405063293,5.30135074701453,0.36025725281805693,dKO,dKO,unfiltered,up,1039,dKO
35,-278.4810126582279,5.357334446022057,0.36956525134659873,dKO,dKO,unfiltered,up,1039,dKO
36,-227.84810126582283,5.398524173781548,0.37482070106960064,dKO,dKO,unfiltered,up,1039,dKO
37,-177.21518987341778,5.431066689919614,0.38235504215661964,dKO,dKO,unfiltered,up,1039,dKO
38,-126.58227848101274,5.579543807508091,0.40493860750082683,dKO,dKO,unfiltered,up,1039,dKO
39,-75.94936708860769,5.732856178977453,0.4355598944795569,dKO,dKO,unfiltered,up,1039,dKO
40,-25.316455696202638,5.864588768598472,0.45929152353044767,dKO,dKO,unfiltered,up,1039,dKO
41,25.31645569620241,5.959671599200264,0.481994126411389,dKO,dKO,unfiltered,up,1039,dKO
42,75.94936708860769,5.911546226541392,0.4741638546216521,dKO,dKO,unfiltered,up,1039,dKO
43,126.58227848101251,5.867427249480258,0.4561157204660294,dKO,dKO,unfiltered,up,1039,dKO
44,177.21518987341778,5.858515242687356,0.4384134672077136,dKO,dKO,unfiltered,up,1039,dKO
45,227.8481012658226,5.832097045824549,0.428968445635828,dKO,dKO,unfiltered,up,1039,dKO
46,278.4810126582279,5.915243294854787,0.4153397339900741,dKO,dKO,unfiltered,up,1039,dKO
47,329.1139240506327,5.80820971011733,0.4009386054238206,dKO,dKO,unfiltered,up,1039,dKO
48,379.746835443038,5.6837164453638644,0.37459704303727437,dKO,dKO,unfiltered,up,1039,dKO
49,430.37974683544326,5.6104761552680635,0.3701473611706545,dKO,dKO,unfiltered,up,1039,dKO
50,481.0126582278481,5.619842622669454,0.38083188051554784,dKO,dKO,unfiltered,up,1039,dKO
51,531.6455696202534,5.636035993894706,0.4004262782087353,dKO,dKO,unfiltered,up,1039,dKO
52,582.2784810126582,5.62450067842087,0.4213022942826529,dKO,dKO,unfiltered,up,1039,dKO
53,632.9113924050635,5.651535804154669,0.42739477038282,dKO,dKO,unfiltered,up,1039,dKO
54,683.5443037974683,5.549964090676349,0.4154504855328218,dKO,dKO,unfiltered,up,1039,dKO
55,734.1772151898736,5.511773836581341,0.4143288804204693,dKO,dKO,unfiltered,up,1039,dKO
56,784.8101265822784,5.489715501945448,0.40677371920803024,dKO,dKO,unfiltered,up,1039,dKO
57,835.4430379746836,5.410743886658807,0.3924929844863971,dKO,dKO,unfiltered,up,1039,dKO
58,886.0759493670885,5.276147926383039,0.3679886756125652,dKO,dKO,unfiltered,up,1039,dKO
59,936.7088607594937,5.151323661430929,0.35014930535925726,dKO,dKO,unfiltered,up,1039,dKO
60,987.3417721518986,5.054368878954452,0.3374895225653316,dKO,dKO,unfiltered,up,1039,dKO
61,1037.9746835443038,5.113152182191697,0.35236093348576863,dKO,dKO,unfiltered,up,1039,dKO
62,1088.6075949367087,5.01913219700649,0.3723711784274369,dKO,dKO,unfiltered,up,1039,dKO
63,1139.240506329114,4.891884352649142,0.37744767372630333,dKO,dKO,unfiltered,up,1039,dKO
64,1189.8734177215188,4.825636243330656,0.37514437492361374,dKO,dKO,unfiltered,up,1039,dKO
65,1240.506329113924,4.794096891274236,0.37829680855365416,dKO,dKO,unfiltered,up,1039,dKO
66,1291.1392405063293,4.749252100790928,0.37116377204770934,dKO,dKO,unfiltered,up,1039,dKO
67,1341.7721518987341,4.716238568284246,0.3633627666645699,dKO,dKO,unfiltered,up,1039,dKO
68,1392.4050632911394,4.599019353924404,0.33644373722673865,dKO,dKO,unfiltered,up,1039,dKO
69,1443.0379746835442,4.529573538997902,0.3182867053470272,dKO,dKO,unfiltered,up,1039,dKO
70,1493.6708860759495,4.499690920348193,0.3057261599435818,dKO,dKO,unfiltered,up,1039,dKO
71,1544.3037974683543,4.378370102355218,0.28930818483072124,dKO,dKO,unfiltered,up,1039,dKO
72,1594.9367088607596,4.197078783440215,0.27312289843514725,dKO,dKO,unfiltered,up,1039,dKO
73,1645.5696202531644,4.154125043688044,0.2643749773634213,dKO,dKO,unfiltered,up,1039,dKO
74,1696.2025316455697,4.223257654169105,0.27302337186403286,dKO,dKO,unfiltered,up,1039,dKO
75,1746.8354430379745,4.329987475901106,0.2949120371321376,dKO,dKO,unfiltered,up,1039,dKO
76,1797.4683544303798,4.424232147577523,0.329666396708259,dKO,dKO,unfiltered,up,1039,dKO
77,1848.1012658227846,4.568474118714153,0.3670841785475635,dKO,dKO,unfiltered,up,1039,dKO
78,1898.73417721519,4.611688926808911,0.3852490067881685,dKO,dKO,unfiltered,up,1039,dKO
79,1949.3670886075947,4.6276926055572565,0.3999991795268925,dKO,dKO,unfiltered,up,1039,dKO
80,2000,4.594322902095367,0.3885142238135693,dKO,dKO,unfiltered,up,1039,dKO
1,-2000,4.651266189819844,0.35451218537138635,dKO,dKO,unfiltered,down,1149,dKO
2,-1949.367088607595,4.799109068481072,0.3532543579622984,dKO,dKO,unfiltered,down,1149,dKO
3,-1898.73417721519,4.839382749035798,0.34845189747729627,dKO,dKO,unfiltered,down,1149,dKO
4,-1848.1012658227849,4.750622668988337,0.34198642258336237,dKO,dKO,unfiltered,down,1149,dKO
5,-1797.4683544303798,4.695918518558196,0.3455914238413192,dKO,dKO,unfiltered,down,1149,dKO
6,-1746.8354430379748,4.551509392663023,0.34064968098630294,dKO,dKO,unfiltered,down,1149,dKO
7,-1696.2025316455697,4.453819613391652,0.3330526756842528,dKO,dKO,unfiltered,down,1149,dKO
8,-1645.5696202531644,4.358173142732505,0.3289041076561363,dKO,dKO,unfiltered,down,1149,dKO
9,-1594.9367088607596,4.238989046857055,0.32297412680746174,dKO,dKO,unfiltered,down,1149,dKO
10,-1544.3037974683543,4.186283283623392,0.31146465162194376,dKO,dKO,unfiltered,down,1149,dKO
11,-1493.6708860759495,4.148970725917788,0.2850207672384815,dKO,dKO,unfiltered,down,1149,dKO
12,-1443.0379746835442,4.118818291318402,0.26004723648363487,dKO,dKO,unfiltered,down,1149,dKO
13,-1392.4050632911392,4.123435803939795,0.2582991882113229,dKO,dKO,unfiltered,down,1149,dKO
14,-1341.7721518987341,4.217025146543218,0.2790213979339926,dKO,dKO,unfiltered,down,1149,dKO
15,-1291.139240506329,4.309844464220098,0.30252240894572263,dKO,dKO,unfiltered,down,1149,dKO
16,-1240.506329113924,4.466622486062581,0.3455355966507644,dKO,dKO,unfiltered,down,1149,dKO
17,-1189.873417721519,4.520815966391674,0.3638472039874117,dKO,dKO,unfiltered,down,1149,dKO
18,-1139.240506329114,4.531261338370741,0.37535994865694344,dKO,dKO,unfiltered,down,1149,dKO
19,-1088.607594936709,4.556165156021766,0.38032450752006147,dKO,dKO,unfiltered,down,1149,dKO
20,-1037.9746835443038,4.561715430618024,0.3855419101942985,dKO,dKO,unfiltered,down,1149,dKO
21,-987.3417721518988,4.580156171285179,0.39907311793023525,dKO,dKO,unfiltered,down,1149,dKO
22,-936.7088607594937,4.611634449966417,0.39727449838030093,dKO,dKO,unfiltered,down,1149,dKO
23,-886.0759493670887,4.5859131246999025,0.38118610114440743,dKO,dKO,unfiltered,down,1149,dKO
24,-835.4430379746836,4.509313999841576,0.3385195295434043,dKO,dKO,unfiltered,down,1149,dKO
25,-784.8101265822784,4.4221521029779725,0.30230640320072466,dKO,dKO,unfiltered,down,1149,dKO
26,-734.1772151898733,4.28662712035625,0.27517772213356095,dKO,dKO,unfiltered,down,1149,dKO
27,-683.5443037974683,4.211484366724577,0.2584277133118239,dKO,dKO,unfiltered,down,1149,dKO
28,-632.9113924050632,4.1140533446981795,0.23670633982156392,dKO,dKO,unfiltered,down,1149,dKO
29,-582.2784810126582,4.068982570385961,0.22940025416664908,dKO,dKO,unfiltered,down,1149,dKO
30,-531.6455696202531,4.18558759923596,0.2360717471906548,dKO,dKO,unfiltered,down,1149,dKO
31,-481.0126582278481,4.228829234695185,0.24318004731286452,dKO,dKO,unfiltered,down,1149,dKO
32,-430.37974683544303,4.3371379965799886,0.2524134273209436,dKO,dKO,unfiltered,down,1149,dKO
33,-379.746835443038,4.45893950441227,0.2645168505114417,dKO,dKO,unfiltered,down,1149,dKO
34,-329.11392405063293,4.700123670799669,0.3014956088545364,dKO,dKO,unfiltered,down,1149,dKO
35,-278.4810126582279,4.965893637122593,0.362691065345088,dKO,dKO,unfiltered,down,1149,dKO
36,-227.84810126582283,5.255785824673101,0.43659175226209485,dKO,dKO,unfiltered,down,1149,dKO
37,-177.21518987341778,5.586305895658182,0.5124342766875667,dKO,dKO,unfiltered,down,1149,dKO
38,-126.58227848101274,5.8879839404417105,0.5929821349453321,dKO,dKO,unfiltered,down,1149,dKO
39,-75.94936708860769,6.06295509560806,0.6276588518642032,dKO,dKO,unfiltered,down,1149,dKO
40,-25.316455696202638,6.21156265991767,0.6340488386811193,dKO,dKO,unfiltered,down,1149,dKO
41,25.31645569620241,6.188559162522581,0.5958442117591275,dKO,dKO,unfiltered,down,1149,dKO
42,75.94936708860769,6.078409888566441,0.5488552682886945,dKO,dKO,unfiltered,down,1149,dKO
43,126.58227848101251,5.90107953798757,0.5061717416008062,dKO,dKO,unfiltered,down,1149,dKO
44,177.21518987341778,5.651854384481976,0.459566889012748,dKO,dKO,unfiltered,down,1149,dKO
45,227.8481012658226,5.4403947879379215,0.41961229189582344,dKO,dKO,unfiltered,down,1149,dKO
46,278.4810126582279,5.1674355777125465,0.3652782254990237,dKO,dKO,unfiltered,down,1149,dKO
47,329.1139240506327,4.9987508781155645,0.3370922971642322,dKO,dKO,unfiltered,down,1149,dKO
48,379.746835443038,4.851488152759001,0.31401705916026174,dKO,dKO,unfiltered,down,1149,dKO
49,430.37974683544326,4.7368209137505355,0.2985547310769191,dKO,dKO,unfiltered,down,1149,dKO
50,481.0126582278481,4.56192976992374,0.2821061203923131,dKO,dKO,unfiltered,down,1149,dKO
51,531.6455696202534,4.402855191383766,0.2699627902642807,dKO,dKO,unfiltered,down,1149,dKO
52,582.2784810126582,4.335488634935378,0.26748436106086804,dKO,dKO,unfiltered,down,1149,dKO
53,632.9113924050635,4.398857163344526,0.2730805956539351,dKO,dKO,unfiltered,down,1149,dKO
54,683.5443037974683,4.524132598315243,0.2851699746404601,dKO,dKO,unfiltered,down,1149,dKO
55,734.1772151898736,4.5349560722421405,0.2942626686033741,dKO,dKO,unfiltered,down,1149,dKO
56,784.8101265822784,4.427055688566862,0.30064754146714134,dKO,dKO,unfiltered,down,1149,dKO
57,835.4430379746836,4.44452986058527,0.3237005486053657,dKO,dKO,unfiltered,down,1149,dKO
58,886.0759493670885,4.489400061402171,0.3445182570978043,dKO,dKO,unfiltered,down,1149,dKO
59,936.7088607594937,4.57544528852218,0.3421336772663692,dKO,dKO,unfiltered,down,1149,dKO
60,987.3417721518986,4.5623190360901384,0.32150833675984875,dKO,dKO,unfiltered,down,1149,dKO
61,1037.9746835443038,4.533867404318299,0.3141553802502069,dKO,dKO,unfiltered,down,1149,dKO
62,1088.6075949367087,4.535131253081609,0.31124627576518205,dKO,dKO,unfiltered,down,1149,dKO
63,1139.240506329114,4.506374931886498,0.30329204750626637,dKO,dKO,unfiltered,down,1149,dKO
64,1189.8734177215188,4.369114593895332,0.2806934068890177,dKO,dKO,unfiltered,down,1149,dKO
65,1240.506329113924,4.21951543667106,0.26641212982289736,dKO,dKO,unfiltered,down,1149,dKO
66,1291.1392405063293,4.156004614499803,0.2701588502200178,dKO,dKO,unfiltered,down,1149,dKO
67,1341.7721518987341,4.111565229115309,0.27072256377408194,dKO,dKO,unfiltered,down,1149,dKO
68,1392.4050632911394,4.062090381615115,0.2861460615643771,dKO,dKO,unfiltered,down,1149,dKO
69,1443.0379746835442,4.0511054761173,0.3059927656963994,dKO,dKO,unfiltered,down,1149,dKO
70,1493.6708860759495,4.011985644297317,0.30907756349359145,dKO,dKO,unfiltered,down,1149,dKO
71,1544.3037974683543,4.018741206483143,0.3175223144108375,dKO,dKO,unfiltered,down,1149,dKO
72,1594.9367088607596,4.0795480156630175,0.31218239055754,dKO,dKO,unfiltered,down,1149,dKO
73,1645.5696202531644,4.091836794540718,0.29404923741924544,dKO,dKO,unfiltered,down,1149,dKO
74,1696.2025316455697,4.102002709586169,0.25729085366422755,dKO,dKO,unfiltered,down,1149,dKO
75,1746.8354430379745,4.084204239200078,0.24760911555407653,dKO,dKO,unfiltered,down,1149,dKO
76,1797.4683544303798,4.033181754787486,0.243687625779865,dKO,dKO,unfiltered,down,1149,dKO
77,1848.1012658227846,4.038297921900965,0.25450098646492,dKO,dKO,unfiltered,down,1149,dKO
78,1898.73417721519,4.039499631880606,0.27024975294463494,dKO,dKO,unfiltered,down,1149,dKO
79,1949.3670886075947,4.006731514634432,0.29590339273378485,dKO,dKO,unfiltered,down,1149,dKO
80,2000,4.089088769350179,0.3271910266499896,dKO,dKO,unfiltered,down,1149,dKO
