bin,position,mean,sem,unit,ko,signal_geno,topology,direction,n_5utr,column
1,-2000,3.4963193431765016,0.40906792961144683,fragment,DHX36KO,WT,pooled,up,285,WT (DHX36KO DEGs)
2,-1949.367088607595,3.611274588916734,0.42664124465899905,fragment,DHX36KO,WT,pooled,up,285,WT (DHX36KO DEGs)
3,-1898.73417721519,3.74986875137251,0.42496173112579705,fragment,DHX36KO,WT,pooled,up,285,WT (DHX36KO DEGs)
4,-1848.1012658227849,3.8404258313457866,0.3958433989295476,fragment,DHX36KO,WT,pooled,up,285,WT (DHX36KO DEGs)
5,-1797.4683544303798,3.9081883647483693,0.38646218154224127,fragment,DHX36KO,WT,pooled,up,285,WT (DHX36KO DEGs)
6,-1746.8354430379748,3.916729271877579,0.42082852018390965,fragment,DHX36KO,WT,pooled,up,285,WT (DHX36KO DEGs)
7,-1696.2025316455697,3.8397758575127137,0.43928009342571406,fragment,DHX36KO,WT,pooled,up,285,WT (DHX36KO DEGs)
8,-1645.5696202531644,3.9427201142896684,0.43466045597741365,fragment,DHX36KO,WT,pooled,up,285,WT (DHX36KO DEGs)
9,-1594.9367088607596,3.973452601884541,0.41013196030121124,fragment,DHX36KO,WT,pooled,up,285,WT (DHX36KO DEGs)
10,-1544.3037974683543,4.134214828212359,0.456768845378139,fragment,DHX36KO,WT,pooled,up,285,WT (DHX36KO DEGs)
11,-1493.6708860759495,4.378458362749446,0.6265095667170539,fragment,DHX36KO,WT,pooled,up,285,WT (DHX36KO DEGs)
12,-1443.0379746835442,4.558472155927914,0.7062562740612675,fragment,DHX36KO,WT,pooled,up,285,WT (DHX36KO DEGs)
13,-1392.4050632911392,4.661405863653149,0.7594575570161386,fragment,DHX36KO,WT,pooled,up,285,WT (DHX36KO DEGs)
14,-1341.7721518987341,4.621643400568711,0.7759920564686593,fragment,DHX36KO,WT,pooled,up,285,WT (DHX36KO DEGs)
15,-1291.139240506329,4.5465084693390025,0.6715784334173772,fragment,DHX36KO,WT,pooled,up,285,WT (DHX36KO DEGs)
16,-1240.506329113924,4.501164611289376,0.49255166892804353,fragment,DHX36KO,WT,pooled,up,285,WT (DHX36KO DEGs)
17,-1189.873417721519,4.650764824761285,0.43420758132653153,fragment,DHX36KO,WT,pooled,up,285,WT (DHX36KO DEGs)
18,-1139.240506329114,4.938047206136916,0.505324099993671,fragment,DHX36KO,WT,pooled,up,285,WT (DHX36KO DEGs)
19,-1088.607594936709,5.409069881076701,0.6660495437072563,fragment,DHX36KO,WT,pooled,up,285,WT (DHX36KO DEGs)
20,-1037.9746835443038,5.729261416917656,0.7973959373401068,fragment,DHX36KO,WT,pooled,up,285,WT (DHX36KO DEGs)
21,-987.3417721518988,6.139166409581725,0.907853785068643,fragment,DHX36KO,WT,pooled,up,285,WT (DHX36KO DEGs)
22,-936.7088607594937,6.506506349555233,0.9607362755852212,fragment,DHX36KO,WT,pooled,up,285,WT (DHX36KO DEGs)
23,-886.0759493670887,6.591448092148318,0.9249063536537334,fragment,DHX36KO,WT,pooled,up,285,WT (DHX36KO DEGs)
24,-835.4430379746836,6.5123054405625105,0.7989879770971463,fragment,DHX36KO,WT,pooled,up,285,WT (DHX36KO DEGs)
25,-784.8101265822784,6.569406075148555,0.7681152423689802,fragment,DHX36KO,WT,pooled,up,285,WT (DHX36KO DEGs)
26,-734.1772151898733,6.653196589561931,0.7482952468417545,fragment,DHX36KO,WT,pooled,up,285,WT (DHX36KO DEGs)
27,-683.5443037974683,6.77695069492909,0.7518257280206802,fragment,DHX36KO,WT,pooled,up,285,WT (DHX36KO DEGs)
28,-632.9113924050632,6.90623878018619,0.744503103504308,fragment,DHX36KO,WT,pooled,up,285,WT (DHX36KO DEGs)
29,-582.2784810126582,7.20039492265244,0.805785237971752,fragment,DHX36KO,WT,pooled,up,285,WT (DHX36KO DEGs)
30,-531.6455696202531,7.858750493796945,0.9232367150677115,fragment,DHX36KO,WT,pooled,up,285,WT (DHX36KO DEGs)
31,-481.0126582278481,8.727052972428282,1.0594367154852113,fragment,DHX36KO,WT,pooled,up,285,WT (DHX36KO DEGs)
32,-430.37974683544303,9.343437340736388,1.120364545745069,fragment,DHX36KO,WT,pooled,up,285,WT (DHX36KO DEGs)
33,-379.746835443038,10.03504521894455,1.2055738117775925,fragment,DHX36KO,WT,pooled,up,285,WT (DHX36KO DEGs)
34,-329.11392405063293,10.864400080273724,1.3416205655410864,fragment,DHX36KO,WT,pooled,up,285,WT (DHX36KO DEGs)
35,-278.4810126582279,11.83165746324662,1.431260953722638,fragment,DHX36KO,WT,pooled,up,285,WT (DHX36KO DEGs)
36,-227.84810126582283,12.528779358216894,1.4681455306792452,fragment,DHX36KO,WT,pooled,up,285,WT (DHX36KO DEGs)
37,-177.21518987341778,12.726386733492912,1.3867363928708603,fragment,DHX36KO,WT,pooled,up,285,WT (DHX36KO DEGs)
38,-126.58227848101274,12.50035561556844,1.177503275211918,fragment,DHX36KO,WT,pooled,up,285,WT (DHX36KO DEGs)
39,-75.94936708860769,12.232002744041688,1.05944265628349,fragment,DHX36KO,WT,pooled,up,285,WT (DHX36KO DEGs)
40,-25.316455696202638,12.116966891277603,1.043293310775944,fragment,DHX36KO,WT,pooled,up,285,WT (DHX36KO DEGs)
41,25.31645569620241,11.973106952530598,1.0051249337558976,fragment,DHX36KO,WT,pooled,up,285,WT (DHX36KO DEGs)
42,75.94936708860769,11.621623086193152,0.987356204466847,fragment,DHX36KO,WT,pooled,up,285,WT (DHX36KO DEGs)
43,126.58227848101251,11.190059351650595,0.9187011519063815,fragment,DHX36KO,WT,pooled,up,285,WT (DHX36KO DEGs)
44,177.21518987341778,10.796718385350635,0.8242541711030386,fragment,DHX36KO,WT,pooled,up,285,WT (DHX36KO DEGs)
45,227.8481012658226,10.132966718640244,0.7675943422394231,fragment,DHX36KO,WT,pooled,up,285,WT (DHX36KO DEGs)
46,278.4810126582279,9.56927145257749,0.7771579775306771,fragment,DHX36KO,WT,pooled,up,285,WT (DHX36KO DEGs)
47,329.1139240506327,9.016629567363806,0.7630517798057721,fragment,DHX36KO,WT,pooled,up,285,WT (DHX36KO DEGs)
48,379.746835443038,8.653506639265874,0.7525356129001406,fragment,DHX36KO,WT,pooled,up,285,WT (DHX36KO DEGs)
49,430.37974683544326,8.385761634252225,0.75140869378059,fragment,DHX36KO,WT,pooled,up,285,WT (DHX36KO DEGs)
50,481.0126582278481,8.087628210081691,0.7381714092934106,fragment,DHX36KO,WT,pooled,up,285,WT (DHX36KO DEGs)
51,531.6455696202534,7.771885238694866,0.7240440948887351,fragment,DHX36KO,WT,pooled,up,285,WT (DHX36KO DEGs)
52,582.2784810126582,7.39556470625303,0.7015696761184591,fragment,DHX36KO,WT,pooled,up,285,WT (DHX36KO DEGs)
53,632.9113924050635,6.942864163111525,0.664329840205059,fragment,DHX36KO,WT,pooled,up,285,WT (DHX36KO DEGs)
54,683.5443037974683,6.67564408310115,0.6499088444682759,fragment,DHX36KO,WT,pooled,up,285,WT (DHX36KO DEGs)
55,734.1772151898736,6.438734090495528,0.6280534279831667,fragment,DHX36KO,WT,pooled,up,285,WT (DHX36KO DEGs)
56,784.8101265822784,6.17992743972031,0.6029290287348901,fragment,DHX36KO,WT,pooled,up,285,WT (DHX36KO DEGs)
57,835.4430379746836,5.952189993668718,0.5691920550965327,fragment,DHX36KO,WT,pooled,up,285,WT (DHX36KO DEGs)
58,886.0759493670885,5.5995816543896995,0.5245362390630678,fragment,DHX36KO,WT,pooled,up,285,WT (DHX36KO DEGs)
59,936.7088607594937,5.187846109136503,0.4808846552620332,fragment,DHX36KO,WT,pooled,up,285,WT (DHX36KO DEGs)
60,987.3417721518986,4.8500528824008695,0.43639343359637556,fragment,DHX36KO,WT,pooled,up,285,WT (DHX36KO DEGs)
61,1037.9746835443038,4.4059692268064845,0.37119458668000166,fragment,DHX36KO,WT,pooled,up,285,WT (DHX36KO DEGs)
62,1088.6075949367087,4.156797882442586,0.35391628258762114,fragment,DHX36KO,WT,pooled,up,285,WT (DHX36KO DEGs)
63,1139.240506329114,4.077384602998432,0.37507045172047326,fragment,DHX36KO,WT,pooled,up,285,WT (DHX36KO DEGs)
64,1189.8734177215188,4.137722731905374,0.43450110100920303,fragment,DHX36KO,WT,pooled,up,285,WT (DHX36KO DEGs)
65,1240.506329113924,4.056206464884574,0.45234767606757015,fragment,DHX36KO,WT,pooled,up,285,WT (DHX36KO DEGs)
66,1291.1392405063293,3.9508128148965667,0.4342730228659177,fragment,DHX36KO,WT,pooled,up,285,WT (DHX36KO DEGs)
67,1341.7721518987341,3.8361886207234788,0.40588909884955426,fragment,DHX36KO,WT,pooled,up,285,WT (DHX36KO DEGs)
68,1392.4050632911394,3.5883253898871574,0.3392167056672176,fragment,DHX36KO,WT,pooled,up,285,WT (DHX36KO DEGs)
69,1443.0379746835442,3.3459045072299,0.2886021563437719,fragment,DHX36KO,WT,pooled,up,285,WT (DHX36KO DEGs)
70,1493.6708860759495,3.114074497521272,0.25122721353176836,fragment,DHX36KO,WT,pooled,up,285,WT (DHX36KO DEGs)
71,1544.3037974683543,2.9926845713219445,0.23320317953537004,fragment,DHX36KO,WT,pooled,up,285,WT (DHX36KO DEGs)
72,1594.9367088607596,2.9554882388895716,0.22729242122828153,fragment,DHX36KO,WT,pooled,up,285,WT (DHX36KO DEGs)
73,1645.5696202531644,2.855968632140355,0.22579172621988453,fragment,DHX36KO,WT,pooled,up,285,WT (DHX36KO DEGs)
74,1696.2025316455697,2.8154754523199204,0.2614021568830484,fragment,DHX36KO,WT,pooled,up,285,WT (DHX36KO DEGs)
75,1746.8354430379745,2.761117030071236,0.25542664862740705,fragment,DHX36KO,WT,pooled,up,285,WT (DHX36KO DEGs)
76,1797.4683544303798,2.7215538943803796,0.23735356114616527,fragment,DHX36KO,WT,pooled,up,285,WT (DHX36KO DEGs)
77,1848.1012658227846,2.666897467194942,0.21369207315364339,fragment,DHX36KO,WT,pooled,up,285,WT (DHX36KO DEGs)
78,1898.73417721519,2.6367630365940564,0.20931781405635083,fragment,DHX36KO,WT,pooled,up,285,WT (DHX36KO DEGs)
79,1949.3670886075947,2.599782711564449,0.20241461641837674,fragment,DHX36KO,WT,pooled,up,285,WT (DHX36KO DEGs)
80,2000,2.602633039848149,0.2042654327096624,fragment,DHX36KO,WT,pooled,up,285,WT (DHX36KO DEGs)
1,-2000,4.70282602045685,0.732589152193792,fragment,DHX36KO,WT,pooled,down,192,WT (DHX36KO DEGs)
2,-1949.367088607595,4.447409891171588,0.5585459052540153,fragment,DHX36KO,WT,pooled,down,192,WT (DHX36KO DEGs)
3,-1898.73417721519,4.351849780595965,0.5110769338133827,fragment,DHX36KO,WT,pooled,down,192,WT (DHX36KO DEGs)
4,-1848.1012658227849,4.38129497145613,0.5654110044974776,fragment,DHX36KO,WT,pooled,down,192,WT (DHX36KO DEGs)
5,-1797.4683544303798,4.620731156816086,0.6853414971266101,fragment,DHX36KO,WT,pooled,down,192,WT (DHX36KO DEGs)
6,-1746.8354430379748,4.886057906010085,0.7678663217857704,fragment,DHX36KO,WT,pooled,down,192,WT (DHX36KO DEGs)
7,-1696.2025316455697,5.017841593689389,0.7426121072540208,fragment,DHX36KO,WT,pooled,down,192,WT (DHX36KO DEGs)
8,-1645.5696202531644,5.217964024485814,0.7407426769507638,fragment,DHX36KO,WT,pooled,down,192,WT (DHX36KO DEGs)
9,-1594.9367088607596,5.3560219625259435,0.7789139904229724,fragment,DHX36KO,WT,pooled,down,192,WT (DHX36KO DEGs)
10,-1544.3037974683543,5.478141495030787,0.8206288246879884,fragment,DHX36KO,WT,pooled,down,192,WT (DHX36KO DEGs)
11,-1493.6708860759495,5.565866470597684,0.7973888754566102,fragment,DHX36KO,WT,pooled,down,192,WT (DHX36KO DEGs)
12,-1443.0379746835442,5.705693364876012,0.752558801140597,fragment,DHX36KO,WT,pooled,down,192,WT (DHX36KO DEGs)
13,-1392.4050632911392,5.8695217575877905,0.7370804652489708,fragment,DHX36KO,WT,pooled,down,192,WT (DHX36KO DEGs)
14,-1341.7721518987341,5.963635640260246,0.7797917063518384,fragment,DHX36KO,WT,pooled,down,192,WT (DHX36KO DEGs)
15,-1291.139240506329,6.105857482937475,0.7933441719012444,fragment,DHX36KO,WT,pooled,down,192,WT (DHX36KO DEGs)
16,-1240.506329113924,6.654448411129415,0.8379622439868084,fragment,DHX36KO,WT,pooled,down,192,WT (DHX36KO DEGs)
17,-1189.873417721519,7.139512084763911,0.8859139386296688,fragment,DHX36KO,WT,pooled,down,192,WT (DHX36KO DEGs)
18,-1139.240506329114,7.748606159103414,1.017781968462498,fragment,DHX36KO,WT,pooled,down,192,WT (DHX36KO DEGs)
19,-1088.607594936709,8.098094150775836,1.1072775025870374,fragment,DHX36KO,WT,pooled,down,192,WT (DHX36KO DEGs)
20,-1037.9746835443038,8.588924411166873,1.164448296254787,fragment,DHX36KO,WT,pooled,down,192,WT (DHX36KO DEGs)
21,-987.3417721518988,8.508328902547557,1.0973691300833028,fragment,DHX36KO,WT,pooled,down,192,WT (DHX36KO DEGs)
22,-936.7088607594937,8.110335396002563,1.0111696022747276,fragment,DHX36KO,WT,pooled,down,192,WT (DHX36KO DEGs)
23,-886.0759493670887,7.868912652797169,0.9185218668742064,fragment,DHX36KO,WT,pooled,down,192,WT (DHX36KO DEGs)
24,-835.4430379746836,7.788226736063758,0.8460735135989182,fragment,DHX36KO,WT,pooled,down,192,WT (DHX36KO DEGs)
25,-784.8101265822784,8.140989404552514,0.842202320408785,fragment,DHX36KO,WT,pooled,down,192,WT (DHX36KO DEGs)
26,-734.1772151898733,8.534630789280765,0.8428265356314995,fragment,DHX36KO,WT,pooled,down,192,WT (DHX36KO DEGs)
27,-683.5443037974683,9.015658279131683,0.8390172789282497,fragment,DHX36KO,WT,pooled,down,192,WT (DHX36KO DEGs)
28,-632.9113924050632,9.48649886622611,0.8193975526024166,fragment,DHX36KO,WT,pooled,down,192,WT (DHX36KO DEGs)
29,-582.2784810126582,9.904388655055728,0.8313317063823336,fragment,DHX36KO,WT,pooled,down,192,WT (DHX36KO DEGs)
30,-531.6455696202531,10.236229201890529,0.8700420850341926,fragment,DHX36KO,WT,pooled,down,192,WT (DHX36KO DEGs)
31,-481.0126582278481,10.44662728856835,0.8810153507881352,fragment,DHX36KO,WT,pooled,down,192,WT (DHX36KO DEGs)
32,-430.37974683544303,10.85151717779951,0.9815149956498693,fragment,DHX36KO,WT,pooled,down,192,WT (DHX36KO DEGs)
33,-379.746835443038,12.146942623982,1.3988048236685353,fragment,DHX36KO,WT,pooled,down,192,WT (DHX36KO DEGs)
34,-329.11392405063293,13.460472164447937,1.7494135474068557,fragment,DHX36KO,WT,pooled,down,192,WT (DHX36KO DEGs)
35,-278.4810126582279,14.208277897151808,1.9187096170225046,fragment,DHX36KO,WT,pooled,down,192,WT (DHX36KO DEGs)
36,-227.84810126582283,14.617407806130746,1.9181163186534536,fragment,DHX36KO,WT,pooled,down,192,WT (DHX36KO DEGs)
37,-177.21518987341778,14.846023813337087,1.9178805910050853,fragment,DHX36KO,WT,pooled,down,192,WT (DHX36KO DEGs)
38,-126.58227848101274,14.531255245341194,1.8804499865137334,fragment,DHX36KO,WT,pooled,down,192,WT (DHX36KO DEGs)
39,-75.94936708860769,13.803608117252589,1.7621191023941005,fragment,DHX36KO,WT,pooled,down,192,WT (DHX36KO DEGs)
40,-25.316455696202638,13.052162019469671,1.5469604933679746,fragment,DHX36KO,WT,pooled,down,192,WT (DHX36KO DEGs)
41,25.31645569620241,12.778236687477264,1.4190739931061787,fragment,DHX36KO,WT,pooled,down,192,WT (DHX36KO DEGs)
42,75.94936708860769,12.071536335506373,1.2819740564666813,fragment,DHX36KO,WT,pooled,down,192,WT (DHX36KO DEGs)
43,126.58227848101251,11.773388907934228,1.2351060551539523,fragment,DHX36KO,WT,pooled,down,192,WT (DHX36KO DEGs)
44,177.21518987341778,11.278154569127494,1.125516999932884,fragment,DHX36KO,WT,pooled,down,192,WT (DHX36KO DEGs)
45,227.8481012658226,10.496725071051882,1.011093635291623,fragment,DHX36KO,WT,pooled,down,192,WT (DHX36KO DEGs)
46,278.4810126582279,9.758899614591565,0.9642873736646856,fragment,DHX36KO,WT,pooled,down,192,WT (DHX36KO DEGs)
47,329.1139240506327,9.186312518823478,0.9260616703477448,fragment,DHX36KO,WT,pooled,down,192,WT (DHX36KO DEGs)
48,379.746835443038,8.585469253994525,0.8175187278792555,fragment,DHX36KO,WT,pooled,down,192,WT (DHX36KO DEGs)
49,430.37974683544326,7.838534239911371,0.7238518760147625,fragment,DHX36KO,WT,pooled,down,192,WT (DHX36KO DEGs)
50,481.0126582278481,7.157837349230217,0.6230904182073067,fragment,DHX36KO,WT,pooled,down,192,WT (DHX36KO DEGs)
51,531.6455696202534,6.937057863068249,0.5702800468203668,fragment,DHX36KO,WT,pooled,down,192,WT (DHX36KO DEGs)
52,582.2784810126582,6.876514450795948,0.5920948765014719,fragment,DHX36KO,WT,pooled,down,192,WT (DHX36KO DEGs)
53,632.9113924050635,6.742264816727904,0.6287220073280785,fragment,DHX36KO,WT,pooled,down,192,WT (DHX36KO DEGs)
54,683.5443037974683,6.648685273697807,0.6719259379690168,fragment,DHX36KO,WT,pooled,down,192,WT (DHX36KO DEGs)
55,734.1772151898736,6.536821109549039,0.7211623232260582,fragment,DHX36KO,WT,pooled,down,192,WT (DHX36KO DEGs)
56,784.8101265822784,6.433064130474296,0.7642188994250185,fragment,DHX36KO,WT,pooled,down,192,WT (DHX36KO DEGs)
57,835.4430379746836,6.301671404259072,0.7927123088541419,fragment,DHX36KO,WT,pooled,down,192,WT (DHX36KO DEGs)
58,886.0759493670885,6.221019826858408,0.7901594182057422,fragment,DHX36KO,WT,pooled,down,192,WT (DHX36KO DEGs)
59,936.7088607594937,5.774949808977544,0.684953982411011,fragment,DHX36KO,WT,pooled,down,192,WT (DHX36KO DEGs)
60,987.3417721518986,5.438329074647691,0.6006344014711492,fragment,DHX36KO,WT,pooled,down,192,WT (DHX36KO DEGs)
61,1037.9746835443038,5.192642583077153,0.5539070075559376,fragment,DHX36KO,WT,pooled,down,192,WT (DHX36KO DEGs)
62,1088.6075949367087,4.9439493443402975,0.49330440476504483,fragment,DHX36KO,WT,pooled,down,192,WT (DHX36KO DEGs)
63,1139.240506329114,4.779759211635424,0.47686791547708995,fragment,DHX36KO,WT,pooled,down,192,WT (DHX36KO DEGs)
64,1189.8734177215188,4.630203089209067,0.4479468547272762,fragment,DHX36KO,WT,pooled,down,192,WT (DHX36KO DEGs)
65,1240.506329113924,4.363522353172303,0.4144067227977136,fragment,DHX36KO,WT,pooled,down,192,WT (DHX36KO DEGs)
66,1291.1392405063293,4.242635172361301,0.41514845951519763,fragment,DHX36KO,WT,pooled,down,192,WT (DHX36KO DEGs)
67,1341.7721518987341,4.011759442277253,0.4561022762468826,fragment,DHX36KO,WT,pooled,down,192,WT (DHX36KO DEGs)
68,1392.4050632911394,3.822011201903224,0.4603361406017632,fragment,DHX36KO,WT,pooled,down,192,WT (DHX36KO DEGs)
69,1443.0379746835442,3.7669968356895778,0.44747324431863317,fragment,DHX36KO,WT,pooled,down,192,WT (DHX36KO DEGs)
70,1493.6708860759495,3.7335503750211663,0.4272011869301231,fragment,DHX36KO,WT,pooled,down,192,WT (DHX36KO DEGs)
71,1544.3037974683543,3.633757224480311,0.39469906299874197,fragment,DHX36KO,WT,pooled,down,192,WT (DHX36KO DEGs)
72,1594.9367088607596,3.4634507891825503,0.37200196310856154,fragment,DHX36KO,WT,pooled,down,192,WT (DHX36KO DEGs)
73,1645.5696202531644,3.3460154622751808,0.3908774623786936,fragment,DHX36KO,WT,pooled,down,192,WT (DHX36KO DEGs)
74,1696.2025316455697,3.2896526780393387,0.38415886694016904,fragment,DHX36KO,WT,pooled,down,192,WT (DHX36KO DEGs)
75,1746.8354430379745,3.2468857938465145,0.3806511717066197,fragment,DHX36KO,WT,pooled,down,192,WT (DHX36KO DEGs)
76,1797.4683544303798,3.2030121568880148,0.3739531200664999,fragment,DHX36KO,WT,pooled,down,192,WT (DHX36KO DEGs)
77,1848.1012658227846,3.085750126304726,0.36204955518558535,fragment,DHX36KO,WT,pooled,down,192,WT (DHX36KO DEGs)
78,1898.73417721519,3.0330417443025444,0.3486400853752772,fragment,DHX36KO,WT,pooled,down,192,WT (DHX36KO DEGs)
79,1949.3670886075947,3.0442442808796963,0.34600638293113833,fragment,DHX36KO,WT,pooled,down,192,WT (DHX36KO DEGs)
80,2000,2.985040745354361,0.33372338596134277,fragment,DHX36KO,WT,pooled,down,192,WT (DHX36KO DEGs)
1,-2000,2.827366011010276,0.3043653440268071,fragment,DHX36KO,WT,parallel,up,240,WT (DHX36KO DEGs)
2,-1949.367088607595,2.9030014020469452,0.2980109686772099,fragment,DHX36KO,WT,parallel,up,240,WT (DHX36KO DEGs)
3,-1898.73417721519,3.0628808563086722,0.2914640932281475,fragment,DHX36KO,WT,parallel,up,240,WT (DHX36KO DEGs)
4,-1848.1012658227849,3.2094118277430534,0.29983214557082544,fragment,DHX36KO,WT,parallel,up,240,WT (DHX36KO DEGs)
5,-1797.4683544303798,3.3677792261938255,0.33784175306919156,fragment,DHX36KO,WT,parallel,up,240,WT (DHX36KO DEGs)
6,-1746.8354430379748,3.3775128220915795,0.3534447141167019,fragment,DHX36KO,WT,parallel,up,240,WT (DHX36KO DEGs)
7,-1696.2025316455697,3.3148885599043636,0.3446287343567249,fragment,DHX36KO,WT,parallel,up,240,WT (DHX36KO DEGs)
8,-1645.5696202531644,3.502350180632538,0.36641850927639413,fragment,DHX36KO,WT,parallel,up,240,WT (DHX36KO DEGs)
9,-1594.9367088607596,3.7273681985868348,0.4148302240383268,fragment,DHX36KO,WT,parallel,up,240,WT (DHX36KO DEGs)
10,-1544.3037974683543,4.04754632086224,0.508559045638817,fragment,DHX36KO,WT,parallel,up,240,WT (DHX36KO DEGs)
11,-1493.6708860759495,4.389322273575598,0.7225614873537304,fragment,DHX36KO,WT,parallel,up,240,WT (DHX36KO DEGs)
12,-1443.0379746835442,4.630388304551443,0.8236771588131386,fragment,DHX36KO,WT,parallel,up,240,WT (DHX36KO DEGs)
13,-1392.4050632911392,4.7507469533681865,0.8913659117959414,fragment,DHX36KO,WT,parallel,up,240,WT (DHX36KO DEGs)
14,-1341.7721518987341,4.759282395491997,0.9151675337001726,fragment,DHX36KO,WT,parallel,up,240,WT (DHX36KO DEGs)
15,-1291.139240506329,4.663602157847749,0.790346085694432,fragment,DHX36KO,WT,parallel,up,240,WT (DHX36KO DEGs)
16,-1240.506329113924,4.6428701341085965,0.5738236879841778,fragment,DHX36KO,WT,parallel,up,240,WT (DHX36KO DEGs)
17,-1189.873417721519,4.807066453344292,0.5033803317512162,fragment,DHX36KO,WT,parallel,up,240,WT (DHX36KO DEGs)
18,-1139.240506329114,5.144474103242159,0.589129587570874,fragment,DHX36KO,WT,parallel,up,240,WT (DHX36KO DEGs)
19,-1088.607594936709,5.696885246492094,0.7823947357588711,fragment,DHX36KO,WT,parallel,up,240,WT (DHX36KO DEGs)
20,-1037.9746835443038,6.083666462732686,0.9379932130376109,fragment,DHX36KO,WT,parallel,up,240,WT (DHX36KO DEGs)
21,-987.3417721518988,6.558450571851598,1.0686614144103759,fragment,DHX36KO,WT,parallel,up,240,WT (DHX36KO DEGs)
22,-936.7088607594937,6.960636155558957,1.130150184700393,fragment,DHX36KO,WT,parallel,up,240,WT (DHX36KO DEGs)
23,-886.0759493670887,7.06329129228327,1.0861468741736529,fragment,DHX36KO,WT,parallel,up,240,WT (DHX36KO DEGs)
24,-835.4430379746836,6.948389884481827,0.9340074575927244,fragment,DHX36KO,WT,parallel,up,240,WT (DHX36KO DEGs)
25,-784.8101265822784,7.015404253847069,0.8976500086332497,fragment,DHX36KO,WT,parallel,up,240,WT (DHX36KO DEGs)
26,-734.1772151898733,7.079790233853791,0.8754256029177812,fragment,DHX36KO,WT,parallel,up,240,WT (DHX36KO DEGs)
27,-683.5443037974683,7.20357184588578,0.8812076987807708,fragment,DHX36KO,WT,parallel,up,240,WT (DHX36KO DEGs)
28,-632.9113924050632,7.309818193919129,0.8716366058332748,fragment,DHX36KO,WT,parallel,up,240,WT (DHX36KO DEGs)
29,-582.2784810126582,7.5802673617005345,0.9448061092345393,fragment,DHX36KO,WT,parallel,up,240,WT (DHX36KO DEGs)
30,-531.6455696202531,8.245745846672191,1.0846989511025293,fragment,DHX36KO,WT,parallel,up,240,WT (DHX36KO DEGs)
31,-481.0126582278481,9.045894080632262,1.238563378932819,fragment,DHX36KO,WT,parallel,up,240,WT (DHX36KO DEGs)
32,-430.37974683544303,9.613487385021315,1.3023278849183906,fragment,DHX36KO,WT,parallel,up,240,WT (DHX36KO DEGs)
33,-379.746835443038,10.204414744930135,1.3943558698051732,fragment,DHX36KO,WT,parallel,up,240,WT (DHX36KO DEGs)
34,-329.11392405063293,10.883355624450578,1.5427447206065528,fragment,DHX36KO,WT,parallel,up,240,WT (DHX36KO DEGs)
35,-278.4810126582279,11.678493701219558,1.6235037917631008,fragment,DHX36KO,WT,parallel,up,240,WT (DHX36KO DEGs)
36,-227.84810126582283,12.25519230507811,1.6256159806578272,fragment,DHX36KO,WT,parallel,up,240,WT (DHX36KO DEGs)
37,-177.21518987341778,12.311586869498093,1.4675625773065597,fragment,DHX36KO,WT,parallel,up,240,WT (DHX36KO DEGs)
38,-126.58227848101274,11.915772864937782,1.141128465625805,fragment,DHX36KO,WT,parallel,up,240,WT (DHX36KO DEGs)
39,-75.94936708860769,11.496259036372106,0.929815999342913,fragment,DHX36KO,WT,parallel,up,240,WT (DHX36KO DEGs)
40,-25.316455696202638,11.218307023661005,0.8669416844965534,fragment,DHX36KO,WT,parallel,up,240,WT (DHX36KO DEGs)
41,25.31645569620241,10.979986377888256,0.8087586979858695,fragment,DHX36KO,WT,parallel,up,240,WT (DHX36KO DEGs)
42,75.94936708860769,10.538095035327805,0.787908300867629,fragment,DHX36KO,WT,parallel,up,240,WT (DHX36KO DEGs)
43,126.58227848101251,10.090127399894927,0.7472115286036021,fragment,DHX36KO,WT,parallel,up,240,WT (DHX36KO DEGs)
44,177.21518987341778,9.853056143790484,0.7368226463078914,fragment,DHX36KO,WT,parallel,up,240,WT (DHX36KO DEGs)
45,227.8481012658226,9.266777280234628,0.7244870979057597,fragment,DHX36KO,WT,parallel,up,240,WT (DHX36KO DEGs)
46,278.4810126582279,8.732867795192533,0.7597768356876511,fragment,DHX36KO,WT,parallel,up,240,WT (DHX36KO DEGs)
47,329.1139240506327,8.29545945396026,0.7660564924302129,fragment,DHX36KO,WT,parallel,up,240,WT (DHX36KO DEGs)
48,379.746835443038,7.957742483596007,0.7632817731439008,fragment,DHX36KO,WT,parallel,up,240,WT (DHX36KO DEGs)
49,430.37974683544326,7.721502860311005,0.7631828922294147,fragment,DHX36KO,WT,parallel,up,240,WT (DHX36KO DEGs)
50,481.0126582278481,7.51182849648926,0.7628484436483076,fragment,DHX36KO,WT,parallel,up,240,WT (DHX36KO DEGs)
51,531.6455696202534,7.3703738652732635,0.7742450485960495,fragment,DHX36KO,WT,parallel,up,240,WT (DHX36KO DEGs)
52,582.2784810126582,7.138928965843386,0.7611897885012571,fragment,DHX36KO,WT,parallel,up,240,WT (DHX36KO DEGs)
53,632.9113924050635,6.7396397464705835,0.7284646676081651,fragment,DHX36KO,WT,parallel,up,240,WT (DHX36KO DEGs)
54,683.5443037974683,6.474244927350018,0.7209070939032987,fragment,DHX36KO,WT,parallel,up,240,WT (DHX36KO DEGs)
55,734.1772151898736,6.246283587127924,0.7016826146412436,fragment,DHX36KO,WT,parallel,up,240,WT (DHX36KO DEGs)
56,784.8101265822784,5.9670848340259655,0.676581396679378,fragment,DHX36KO,WT,parallel,up,240,WT (DHX36KO DEGs)
57,835.4430379746836,5.776129901203844,0.6399799785167023,fragment,DHX36KO,WT,parallel,up,240,WT (DHX36KO DEGs)
58,886.0759493670885,5.470126733819644,0.5934544841502483,fragment,DHX36KO,WT,parallel,up,240,WT (DHX36KO DEGs)
59,936.7088607594937,5.090526175823476,0.5454903699135933,fragment,DHX36KO,WT,parallel,up,240,WT (DHX36KO DEGs)
60,987.3417721518986,4.6958315808375675,0.4873055036504501,fragment,DHX36KO,WT,parallel,up,240,WT (DHX36KO DEGs)
61,1037.9746835443038,4.1764214960237345,0.40063058991698136,fragment,DHX36KO,WT,parallel,up,240,WT (DHX36KO DEGs)
62,1088.6075949367087,3.9087279784248934,0.37875288320457756,fragment,DHX36KO,WT,parallel,up,240,WT (DHX36KO DEGs)
63,1139.240506329114,3.873348023576869,0.41028816889342695,fragment,DHX36KO,WT,parallel,up,240,WT (DHX36KO DEGs)
64,1189.8734177215188,3.958141971121232,0.48575001921435185,fragment,DHX36KO,WT,parallel,up,240,WT (DHX36KO DEGs)
65,1240.506329113924,3.8994978996978866,0.5105452307170212,fragment,DHX36KO,WT,parallel,up,240,WT (DHX36KO DEGs)
66,1291.1392405063293,3.802546850817071,0.491730141749377,fragment,DHX36KO,WT,parallel,up,240,WT (DHX36KO DEGs)
67,1341.7721518987341,3.7336357883711657,0.4633949020610586,fragment,DHX36KO,WT,parallel,up,240,WT (DHX36KO DEGs)
68,1392.4050632911394,3.5787693825827707,0.3871072112425567,fragment,DHX36KO,WT,parallel,up,240,WT (DHX36KO DEGs)
69,1443.0379746835442,3.331185838944382,0.3200368163321951,fragment,DHX36KO,WT,parallel,up,240,WT (DHX36KO DEGs)
70,1493.6708860759495,3.0913155499829186,0.2757369302422795,fragment,DHX36KO,WT,parallel,up,240,WT (DHX36KO DEGs)
71,1544.3037974683543,2.937757035030259,0.2557212135107771,fragment,DHX36KO,WT,parallel,up,240,WT (DHX36KO DEGs)
72,1594.9367088607596,2.933727726860179,0.2547177334343111,fragment,DHX36KO,WT,parallel,up,240,WT (DHX36KO DEGs)
73,1645.5696202531644,2.8056468961801793,0.2536310977257047,fragment,DHX36KO,WT,parallel,up,240,WT (DHX36KO DEGs)
74,1696.2025316455697,2.7506717251903483,0.2979175940299449,fragment,DHX36KO,WT,parallel,up,240,WT (DHX36KO DEGs)
75,1746.8354430379745,2.690707833316591,0.2885666322279162,fragment,DHX36KO,WT,parallel,up,240,WT (DHX36KO DEGs)
76,1797.4683544303798,2.6402666567961375,0.26105985138349663,fragment,DHX36KO,WT,parallel,up,240,WT (DHX36KO DEGs)
77,1848.1012658227846,2.605980719132556,0.2292121941271487,fragment,DHX36KO,WT,parallel,up,240,WT (DHX36KO DEGs)
78,1898.73417721519,2.5525830636488065,0.22037202295068764,fragment,DHX36KO,WT,parallel,up,240,WT (DHX36KO DEGs)
79,1949.3670886075947,2.5050178056657315,0.209650997524202,fragment,DHX36KO,WT,parallel,up,240,WT (DHX36KO DEGs)
80,2000,2.536041572653585,0.21452381327963188,fragment,DHX36KO,WT,parallel,up,240,WT (DHX36KO DEGs)
1,-2000,4.835504092406201,0.8809085491236375,fragment,DHX36KO,WT,parallel,down,155,WT (DHX36KO DEGs)
2,-1949.367088607595,4.490341359722999,0.6533539549389181,fragment,DHX36KO,WT,parallel,down,155,WT (DHX36KO DEGs)
3,-1898.73417721519,4.38334970789571,0.5907740669598008,fragment,DHX36KO,WT,parallel,down,155,WT (DHX36KO DEGs)
4,-1848.1012658227849,4.4580365727588696,0.6637425727992217,fragment,DHX36KO,WT,parallel,down,155,WT (DHX36KO DEGs)
5,-1797.4683544303798,4.712071853555659,0.8105835096530123,fragment,DHX36KO,WT,parallel,down,155,WT (DHX36KO DEGs)
6,-1746.8354430379748,4.885604687101098,0.8666261612345681,fragment,DHX36KO,WT,parallel,down,155,WT (DHX36KO DEGs)
7,-1696.2025316455697,4.955355476943396,0.8111892737046114,fragment,DHX36KO,WT,parallel,down,155,WT (DHX36KO DEGs)
8,-1645.5696202531644,5.078730526375514,0.7706050488544309,fragment,DHX36KO,WT,parallel,down,155,WT (DHX36KO DEGs)
9,-1594.9367088607596,5.116027322810183,0.7710079184803421,fragment,DHX36KO,WT,parallel,down,155,WT (DHX36KO DEGs)
10,-1544.3037974683543,5.159572462184455,0.7785067826056223,fragment,DHX36KO,WT,parallel,down,155,WT (DHX36KO DEGs)
11,-1493.6708860759495,5.245941296756908,0.7799862741277168,fragment,DHX36KO,WT,parallel,down,155,WT (DHX36KO DEGs)
12,-1443.0379746835442,5.449681431765198,0.8058825473604491,fragment,DHX36KO,WT,parallel,down,155,WT (DHX36KO DEGs)
13,-1392.4050632911392,5.545513071449854,0.79289597906808,fragment,DHX36KO,WT,parallel,down,155,WT (DHX36KO DEGs)
14,-1341.7721518987341,5.482296557216234,0.8060440097577719,fragment,DHX36KO,WT,parallel,down,155,WT (DHX36KO DEGs)
15,-1291.139240506329,5.475394955040306,0.7780456682238065,fragment,DHX36KO,WT,parallel,down,155,WT (DHX36KO DEGs)
16,-1240.506329113924,5.836764510493125,0.7760006897307289,fragment,DHX36KO,WT,parallel,down,155,WT (DHX36KO DEGs)
17,-1189.873417721519,6.253287184499925,0.8275170149355493,fragment,DHX36KO,WT,parallel,down,155,WT (DHX36KO DEGs)
18,-1139.240506329114,6.974132477529587,1.0383449237259497,fragment,DHX36KO,WT,parallel,down,155,WT (DHX36KO DEGs)
19,-1088.607594936709,7.333047488248476,1.1638893375633088,fragment,DHX36KO,WT,parallel,down,155,WT (DHX36KO DEGs)
20,-1037.9746835443038,7.86761756360659,1.2372434949035307,fragment,DHX36KO,WT,parallel,down,155,WT (DHX36KO DEGs)
21,-987.3417721518988,7.80324689133962,1.1594667692250478,fragment,DHX36KO,WT,parallel,down,155,WT (DHX36KO DEGs)
22,-936.7088607594937,7.246328350477321,1.014294553081097,fragment,DHX36KO,WT,parallel,down,155,WT (DHX36KO DEGs)
23,-886.0759493670887,6.932783570602376,0.8759463643669669,fragment,DHX36KO,WT,parallel,down,155,WT (DHX36KO DEGs)
24,-835.4430379746836,6.864183756479653,0.7747610615437576,fragment,DHX36KO,WT,parallel,down,155,WT (DHX36KO DEGs)
25,-784.8101265822784,7.285772395785137,0.7782407628554296,fragment,DHX36KO,WT,parallel,down,155,WT (DHX36KO DEGs)
26,-734.1772151898733,7.730578513324901,0.8101461085479215,fragment,DHX36KO,WT,parallel,down,155,WT (DHX36KO DEGs)
27,-683.5443037974683,8.264735602414737,0.8485651628938741,fragment,DHX36KO,WT,parallel,down,155,WT (DHX36KO DEGs)
28,-632.9113924050632,8.860350185963416,0.8652117617053913,fragment,DHX36KO,WT,parallel,down,155,WT (DHX36KO DEGs)
29,-582.2784810126582,9.298449750905396,0.8870473992141009,fragment,DHX36KO,WT,parallel,down,155,WT (DHX36KO DEGs)
30,-531.6455696202531,9.514790870374249,0.938870001577466,fragment,DHX36KO,WT,parallel,down,155,WT (DHX36KO DEGs)
31,-481.0126582278481,9.685745749017244,0.9575592052978829,fragment,DHX36KO,WT,parallel,down,155,WT (DHX36KO DEGs)
32,-430.37974683544303,10.18101356683239,1.1150857105817,fragment,DHX36KO,WT,parallel,down,155,WT (DHX36KO DEGs)
33,-379.746835443038,11.503836771867608,1.6360700533982535,fragment,DHX36KO,WT,parallel,down,155,WT (DHX36KO DEGs)
34,-329.11392405063293,12.809723324760315,2.0471515564233,fragment,DHX36KO,WT,parallel,down,155,WT (DHX36KO DEGs)
35,-278.4810126582279,13.554669590678266,2.2423233735412573,fragment,DHX36KO,WT,parallel,down,155,WT (DHX36KO DEGs)
36,-227.84810126582283,13.927803985447012,2.2214037815803622,fragment,DHX36KO,WT,parallel,down,155,WT (DHX36KO DEGs)
37,-177.21518987341778,14.034830184449431,2.168378270179351,fragment,DHX36KO,WT,parallel,down,155,WT (DHX36KO DEGs)
38,-126.58227848101274,13.568430384938434,2.0676156906093217,fragment,DHX36KO,WT,parallel,down,155,WT (DHX36KO DEGs)
39,-75.94936708860769,12.921096565492691,1.9271779142834342,fragment,DHX36KO,WT,parallel,down,155,WT (DHX36KO DEGs)
40,-25.316455696202638,12.351358226735105,1.6962508559872824,fragment,DHX36KO,WT,parallel,down,155,WT (DHX36KO DEGs)
41,25.31645569620241,12.360096756601846,1.5705721712874816,fragment,DHX36KO,WT,parallel,down,155,WT (DHX36KO DEGs)
42,75.94936708860769,12.123680464026748,1.4788107046667853,fragment,DHX36KO,WT,parallel,down,155,WT (DHX36KO DEGs)
43,126.58227848101251,12.040844372641656,1.452789537691716,fragment,DHX36KO,WT,parallel,down,155,WT (DHX36KO DEGs)
44,177.21518987341778,11.692792526788608,1.3365328569949473,fragment,DHX36KO,WT,parallel,down,155,WT (DHX36KO DEGs)
45,227.8481012658226,11.022191395446818,1.2067950530351879,fragment,DHX36KO,WT,parallel,down,155,WT (DHX36KO DEGs)
46,278.4810126582279,10.369416819028956,1.1586724950727336,fragment,DHX36KO,WT,parallel,down,155,WT (DHX36KO DEGs)
47,329.1139240506327,9.856720339072648,1.1189942826804882,fragment,DHX36KO,WT,parallel,down,155,WT (DHX36KO DEGs)
48,379.746835443038,9.23670721177132,0.9879542241714961,fragment,DHX36KO,WT,parallel,down,155,WT (DHX36KO DEGs)
49,430.37974683544326,8.475100698522342,0.8717477481518131,fragment,DHX36KO,WT,parallel,down,155,WT (DHX36KO DEGs)
50,481.0126582278481,7.692243572368417,0.7460442345194452,fragment,DHX36KO,WT,parallel,down,155,WT (DHX36KO DEGs)
51,531.6455696202534,7.408617101741093,0.6785236660556628,fragment,DHX36KO,WT,parallel,down,155,WT (DHX36KO DEGs)
52,582.2784810126582,7.372891694489346,0.6995796300559559,fragment,DHX36KO,WT,parallel,down,155,WT (DHX36KO DEGs)
53,632.9113924050635,7.180661411680201,0.7382641049254728,fragment,DHX36KO,WT,parallel,down,155,WT (DHX36KO DEGs)
54,683.5443037974683,7.114425893163168,0.7903746633618706,fragment,DHX36KO,WT,parallel,down,155,WT (DHX36KO DEGs)
55,734.1772151898736,6.966682817684707,0.8503842971578393,fragment,DHX36KO,WT,parallel,down,155,WT (DHX36KO DEGs)
56,784.8101265822784,6.824854303288204,0.9067224572912584,fragment,DHX36KO,WT,parallel,down,155,WT (DHX36KO DEGs)
57,835.4430379746836,6.5797193172311275,0.9349352136370057,fragment,DHX36KO,WT,parallel,down,155,WT (DHX36KO DEGs)
58,886.0759493670885,6.479136177047606,0.933456332645796,fragment,DHX36KO,WT,parallel,down,155,WT (DHX36KO DEGs)
59,936.7088607594937,5.983578227837881,0.8009582769819289,fragment,DHX36KO,WT,parallel,down,155,WT (DHX36KO DEGs)
60,987.3417721518986,5.598934408956959,0.6925025145434914,fragment,DHX36KO,WT,parallel,down,155,WT (DHX36KO DEGs)
61,1037.9746835443038,5.273233215644796,0.6292436855833443,fragment,DHX36KO,WT,parallel,down,155,WT (DHX36KO DEGs)
62,1088.6075949367087,4.945186648768764,0.5436612626907971,fragment,DHX36KO,WT,parallel,down,155,WT (DHX36KO DEGs)
63,1139.240506329114,4.800124171580038,0.5301238110355597,fragment,DHX36KO,WT,parallel,down,155,WT (DHX36KO DEGs)
64,1189.8734177215188,4.6510695684904695,0.5004629514020023,fragment,DHX36KO,WT,parallel,down,155,WT (DHX36KO DEGs)
65,1240.506329113924,4.384150467662401,0.46414795115522134,fragment,DHX36KO,WT,parallel,down,155,WT (DHX36KO DEGs)
66,1291.1392405063293,4.222074179331462,0.4626281359000132,fragment,DHX36KO,WT,parallel,down,155,WT (DHX36KO DEGs)
67,1341.7721518987341,4.047891400890966,0.5197730761129952,fragment,DHX36KO,WT,parallel,down,155,WT (DHX36KO DEGs)
68,1392.4050632911394,3.8770893077593978,0.5220784046999839,fragment,DHX36KO,WT,parallel,down,155,WT (DHX36KO DEGs)
69,1443.0379746835442,3.828021955843895,0.5130617291428167,fragment,DHX36KO,WT,parallel,down,155,WT (DHX36KO DEGs)
70,1493.6708860759495,3.8089651602263093,0.4877689053639283,fragment,DHX36KO,WT,parallel,down,155,WT (DHX36KO DEGs)
71,1544.3037974683543,3.7287862094909916,0.4538471074148655,fragment,DHX36KO,WT,parallel,down,155,WT (DHX36KO DEGs)
72,1594.9367088607596,3.5582970129751392,0.42936483314601404,fragment,DHX36KO,WT,parallel,down,155,WT (DHX36KO DEGs)
73,1645.5696202531644,3.4282719555670216,0.452085319185491,fragment,DHX36KO,WT,parallel,down,155,WT (DHX36KO DEGs)
74,1696.2025316455697,3.294995606617261,0.44202822454467217,fragment,DHX36KO,WT,parallel,down,155,WT (DHX36KO DEGs)
75,1746.8354430379745,3.179027718369679,0.43136090991445397,fragment,DHX36KO,WT,parallel,down,155,WT (DHX36KO DEGs)
76,1797.4683544303798,3.1051206848903368,0.42326346589905034,fragment,DHX36KO,WT,parallel,down,155,WT (DHX36KO DEGs)
77,1848.1012658227846,3.0342179170372665,0.4215895961583605,fragment,DHX36KO,WT,parallel,down,155,WT (DHX36KO DEGs)
78,1898.73417721519,3.028496855125632,0.4099858757651884,fragment,DHX36KO,WT,parallel,down,155,WT (DHX36KO DEGs)
79,1949.3670886075947,3.031816372579144,0.4084355379069132,fragment,DHX36KO,WT,parallel,down,155,WT (DHX36KO DEGs)
80,2000,2.9852609723614107,0.3964798997140704,fragment,DHX36KO,WT,parallel,down,155,WT (DHX36KO DEGs)
1,-2000,7.6126764496167505,3.795709691883206,fragment,DHX36KO,WT,antiparallel,up,13,WT (DHX36KO DEGs)
2,-1949.367088607595,7.470687714295509,3.513277387208771,fragment,DHX36KO,WT,antiparallel,up,13,WT (DHX36KO DEGs)
3,-1898.73417721519,6.687179631636694,3.115416734431613,fragment,DHX36KO,WT,antiparallel,up,13,WT (DHX36KO DEGs)
4,-1848.1012658227849,6.189339085603371,2.88536505401971,fragment,DHX36KO,WT,antiparallel,up,13,WT (DHX36KO DEGs)
5,-1797.4683544303798,5.346897015021398,2.2693460441232056,fragment,DHX36KO,WT,antiparallel,up,13,WT (DHX36KO DEGs)
6,-1746.8354430379748,4.335004537227826,1.8660312636817367,fragment,DHX36KO,WT,antiparallel,up,13,WT (DHX36KO DEGs)
7,-1696.2025316455697,3.186456860395578,1.1425660263268351,fragment,DHX36KO,WT,antiparallel,up,13,WT (DHX36KO DEGs)
8,-1645.5696202531644,2.7216305984594884,0.8572746341280395,fragment,DHX36KO,WT,antiparallel,up,13,WT (DHX36KO DEGs)
9,-1594.9367088607596,2.2544116217050796,0.6145616961749607,fragment,DHX36KO,WT,antiparallel,up,13,WT (DHX36KO DEGs)
10,-1544.3037974683543,2.2480774899629448,0.5633024767254304,fragment,DHX36KO,WT,antiparallel,up,13,WT (DHX36KO DEGs)
11,-1493.6708860759495,2.2837170326404084,0.5592902833717779,fragment,DHX36KO,WT,antiparallel,up,13,WT (DHX36KO DEGs)
12,-1443.0379746835442,2.5654847905574703,0.5445179298565029,fragment,DHX36KO,WT,antiparallel,up,13,WT (DHX36KO DEGs)
13,-1392.4050632911392,2.958256731522389,0.6580911273627209,fragment,DHX36KO,WT,antiparallel,up,13,WT (DHX36KO DEGs)
14,-1341.7721518987341,2.9565581963612484,0.7029422626368174,fragment,DHX36KO,WT,antiparallel,up,13,WT (DHX36KO DEGs)
15,-1291.139240506329,3.180682276273385,0.8979437238655501,fragment,DHX36KO,WT,antiparallel,up,13,WT (DHX36KO DEGs)
16,-1240.506329113924,3.043157132466634,0.9971454727079285,fragment,DHX36KO,WT,antiparallel,up,13,WT (DHX36KO DEGs)
17,-1189.873417721519,3.128549534968841,1.0077077524303018,fragment,DHX36KO,WT,antiparallel,up,13,WT (DHX36KO DEGs)
18,-1139.240506329114,3.365926742309179,1.136898518412122,fragment,DHX36KO,WT,antiparallel,up,13,WT (DHX36KO DEGs)
19,-1088.607594936709,3.657172768727327,1.271644074027817,fragment,DHX36KO,WT,antiparallel,up,13,WT (DHX36KO DEGs)
20,-1037.9746835443038,3.366725401205894,1.213088329715715,fragment,DHX36KO,WT,antiparallel,up,13,WT (DHX36KO DEGs)
21,-987.3417721518988,3.773892259169848,1.3298913162776607,fragment,DHX36KO,WT,antiparallel,up,13,WT (DHX36KO DEGs)
22,-936.7088607594937,3.9307533619954036,1.2597914621507391,fragment,DHX36KO,WT,antiparallel,up,13,WT (DHX36KO DEGs)
23,-886.0759493670887,3.791837925116221,1.1182027150759848,fragment,DHX36KO,WT,antiparallel,up,13,WT (DHX36KO DEGs)
24,-835.4430379746836,3.6648394365188404,1.1449556929396059,fragment,DHX36KO,WT,antiparallel,up,13,WT (DHX36KO DEGs)
25,-784.8101265822784,3.3450628957381614,0.9881350367439955,fragment,DHX36KO,WT,antiparallel,up,13,WT (DHX36KO DEGs)
26,-734.1772151898733,3.2918121414918167,0.9242009683658697,fragment,DHX36KO,WT,antiparallel,up,13,WT (DHX36KO DEGs)
27,-683.5443037974683,3.424230780968299,0.8817084221311012,fragment,DHX36KO,WT,antiparallel,up,13,WT (DHX36KO DEGs)
28,-632.9113924050632,3.8616581701621033,1.075462885047085,fragment,DHX36KO,WT,antiparallel,up,13,WT (DHX36KO DEGs)
29,-582.2784810126582,4.66162890287546,1.3565742340492206,fragment,DHX36KO,WT,antiparallel,up,13,WT (DHX36KO DEGs)
30,-531.6455696202531,5.806852885759794,1.591755842229805,fragment,DHX36KO,WT,antiparallel,up,13,WT (DHX36KO DEGs)
31,-481.0126582278481,6.820151037069468,1.7748042390553511,fragment,DHX36KO,WT,antiparallel,up,13,WT (DHX36KO DEGs)
32,-430.37974683544303,7.369717856859549,2.0010109726079235,fragment,DHX36KO,WT,antiparallel,up,13,WT (DHX36KO DEGs)
33,-379.746835443038,9.095615712923882,2.6287624380909445,fragment,DHX36KO,WT,antiparallel,up,13,WT (DHX36KO DEGs)
34,-329.11392405063293,11.868884311761612,4.050900525454889,fragment,DHX36KO,WT,antiparallel,up,13,WT (DHX36KO DEGs)
35,-278.4810126582279,13.980986245840024,4.84817358078033,fragment,DHX36KO,WT,antiparallel,up,13,WT (DHX36KO DEGs)
36,-227.84810126582283,14.990832380637144,4.588924407469574,fragment,DHX36KO,WT,antiparallel,up,13,WT (DHX36KO DEGs)
37,-177.21518987341778,15.0692749664111,4.070684278323107,fragment,DHX36KO,WT,antiparallel,up,13,WT (DHX36KO DEGs)
38,-126.58227848101274,14.397041437197954,3.272398968538783,fragment,DHX36KO,WT,antiparallel,up,13,WT (DHX36KO DEGs)
39,-75.94936708860769,14.897936896055173,3.2209324372779222,fragment,DHX36KO,WT,antiparallel,up,13,WT (DHX36KO DEGs)
40,-25.316455696202638,15.405027471261146,4.069719738300694,fragment,DHX36KO,WT,antiparallel,up,13,WT (DHX36KO DEGs)
41,25.31645569620241,16.61929039686154,5.748860268272478,fragment,DHX36KO,WT,antiparallel,up,13,WT (DHX36KO DEGs)
42,75.94936708860769,16.903220088115106,6.925295279297812,fragment,DHX36KO,WT,antiparallel,up,13,WT (DHX36KO DEGs)
43,126.58227848101251,16.999361187861517,7.33821690219869,fragment,DHX36KO,WT,antiparallel,up,13,WT (DHX36KO DEGs)
44,177.21518987341778,16.88392934261224,7.462109830894969,fragment,DHX36KO,WT,antiparallel,up,13,WT (DHX36KO DEGs)
45,227.8481012658226,15.41149040943537,7.447468244758864,fragment,DHX36KO,WT,antiparallel,up,13,WT (DHX36KO DEGs)
46,278.4810126582279,14.765120240174808,7.517133640025858,fragment,DHX36KO,WT,antiparallel,up,13,WT (DHX36KO DEGs)
47,329.1139240506327,13.77327461267129,7.157742546174875,fragment,DHX36KO,WT,antiparallel,up,13,WT (DHX36KO DEGs)
48,379.746835443038,13.394164629288209,6.884798081901252,fragment,DHX36KO,WT,antiparallel,up,13,WT (DHX36KO DEGs)
49,430.37974683544326,12.921711773505578,6.791469293173911,fragment,DHX36KO,WT,antiparallel,up,13,WT (DHX36KO DEGs)
50,481.0126582278481,10.625795604143388,5.342214435160625,fragment,DHX36KO,WT,antiparallel,up,13,WT (DHX36KO DEGs)
51,531.6455696202534,8.202716962618705,3.6654119282633126,fragment,DHX36KO,WT,antiparallel,up,13,WT (DHX36KO DEGs)
52,582.2784810126582,6.807458176246056,2.8757351800444364,fragment,DHX36KO,WT,antiparallel,up,13,WT (DHX36KO DEGs)
53,632.9113924050635,6.45592776610301,2.447834285014189,fragment,DHX36KO,WT,antiparallel,up,13,WT (DHX36KO DEGs)
54,683.5443037974683,6.316680408074306,2.2065480374114084,fragment,DHX36KO,WT,antiparallel,up,13,WT (DHX36KO DEGs)
55,734.1772151898736,6.731015741213774,2.2365562977210147,fragment,DHX36KO,WT,antiparallel,up,13,WT (DHX36KO DEGs)
56,784.8101265822784,6.136477133922088,1.816278117719239,fragment,DHX36KO,WT,antiparallel,up,13,WT (DHX36KO DEGs)
57,835.4430379746836,5.617826449687664,2.039161396183465,fragment,DHX36KO,WT,antiparallel,up,13,WT (DHX36KO DEGs)
58,886.0759493670885,5.2901939701422664,1.993102783403188,fragment,DHX36KO,WT,antiparallel,up,13,WT (DHX36KO DEGs)
59,936.7088607594937,4.488274803834083,1.7097351634944566,fragment,DHX36KO,WT,antiparallel,up,13,WT (DHX36KO DEGs)
60,987.3417721518986,4.092410230758863,1.6854975667242809,fragment,DHX36KO,WT,antiparallel,up,13,WT (DHX36KO DEGs)
61,1037.9746835443038,4.312222360708775,1.7094548099572213,fragment,DHX36KO,WT,antiparallel,up,13,WT (DHX36KO DEGs)
62,1088.6075949367087,4.807493302394183,1.9389070038056113,fragment,DHX36KO,WT,antiparallel,up,13,WT (DHX36KO DEGs)
63,1139.240506329114,5.477313291170658,2.175835834620437,fragment,DHX36KO,WT,antiparallel,up,13,WT (DHX36KO DEGs)
64,1189.8734177215188,5.799355617853312,2.32790283132759,fragment,DHX36KO,WT,antiparallel,up,13,WT (DHX36KO DEGs)
65,1240.506329113924,6.182361554854955,2.3976150647460743,fragment,DHX36KO,WT,antiparallel,up,13,WT (DHX36KO DEGs)
66,1291.1392405063293,5.886666701206794,2.1823068094803624,fragment,DHX36KO,WT,antiparallel,up,13,WT (DHX36KO DEGs)
67,1341.7721518987341,5.166012729803721,1.669263438648887,fragment,DHX36KO,WT,antiparallel,up,13,WT (DHX36KO DEGs)
68,1392.4050632911394,4.256153475015592,1.5596170371493367,fragment,DHX36KO,WT,antiparallel,up,13,WT (DHX36KO DEGs)
69,1443.0379746835442,4.405088237799131,1.9207706874374835,fragment,DHX36KO,WT,antiparallel,up,13,WT (DHX36KO DEGs)
70,1493.6708860759495,4.31616698271189,1.7995082166095513,fragment,DHX36KO,WT,antiparallel,up,13,WT (DHX36KO DEGs)
71,1544.3037974683543,4.353255070967552,1.6122523282145171,fragment,DHX36KO,WT,antiparallel,up,13,WT (DHX36KO DEGs)
72,1594.9367088607596,3.8422288753436162,1.2418268823297638,fragment,DHX36KO,WT,antiparallel,up,13,WT (DHX36KO DEGs)
73,1645.5696202531644,3.8753858943474597,1.0337817885474265,fragment,DHX36KO,WT,antiparallel,up,13,WT (DHX36KO DEGs)
74,1696.2025316455697,3.792671314814152,0.90407710178387235,fragment,DHX36KO,WT,antiparallel,up,13,WT (DHX36KO DEGs)
75,1746.8354430379745,3.3624041433823413,0.6852007547518294,fragment,DHX36KO,WT,antiparallel,up,13,WT (DHX36KO DEGs)
76,1797.4683544303798,2.828735365317418,0.6170688351500722,fragment,DHX36KO,WT,antiparallel,up,13,WT (DHX36KO DEGs)
77,1848.1012658227846,2.520065397176987,0.534815431524686,fragment,DHX36KO,WT,antiparallel,up,13,WT (DHX36KO DEGs)
78,1898.73417721519,2.7031339447314924,0.4698202184872089,fragment,DHX36KO,WT,antiparallel,up,13,WT (DHX36KO DEGs)
79,1949.3670886075947,2.694926875737997,0.39240659329255456,fragment,DHX36KO,WT,antiparallel,up,13,WT (DHX36KO DEGs)
80,2000,2.630179045506013,0.4162144740993618,fragment,DHX36KO,WT,antiparallel,up,13,WT (DHX36KO DEGs)
1,-2000,3.087000599940618,0.819447560210452,fragment,DHX36KO,WT,antiparallel,down,10,WT (DHX36KO DEGs)
2,-1949.367088607595,3.193117701371511,1.1724416183516948,fragment,DHX36KO,WT,antiparallel,down,10,WT (DHX36KO DEGs)
3,-1898.73417721519,3.389974786758423,1.3187527587941978,fragment,DHX36KO,WT,antiparallel,down,10,WT (DHX36KO DEGs)
4,-1848.1012658227849,3.1631801514625546,1.2123311862063129,fragment,DHX36KO,WT,antiparallel,down,10,WT (DHX36KO DEGs)
5,-1797.4683544303798,3.1157062141100567,1.2106065503607413,fragment,DHX36KO,WT,antiparallel,down,10,WT (DHX36KO DEGs)
6,-1746.8354430379748,2.68213027048111,0.8728390192618358,fragment,DHX36KO,WT,antiparallel,down,10,WT (DHX36KO DEGs)
7,-1696.2025316455697,3.0119898010094963,1.0772629220761123,fragment,DHX36KO,WT,antiparallel,down,10,WT (DHX36KO DEGs)
8,-1645.5696202531644,3.102103589296341,1.1583616652587965,fragment,DHX36KO,WT,antiparallel,down,10,WT (DHX36KO DEGs)
9,-1594.9367088607596,2.846325745423635,1.0606651689194821,fragment,DHX36KO,WT,antiparallel,down,10,WT (DHX36KO DEGs)
10,-1544.3037974683543,2.8216161717573804,1.0389015992664614,fragment,DHX36KO,WT,antiparallel,down,10,WT (DHX36KO DEGs)
11,-1493.6708860759495,2.8881684517860413,0.8670818799749148,fragment,DHX36KO,WT,antiparallel,down,10,WT (DHX36KO DEGs)
12,-1443.0379746835442,3.1162672718365987,1.021982617655759,fragment,DHX36KO,WT,antiparallel,down,10,WT (DHX36KO DEGs)
13,-1392.4050632911392,3.713568491220474,1.222964493886629,fragment,DHX36KO,WT,antiparallel,down,10,WT (DHX36KO DEGs)
14,-1341.7721518987341,4.083380509455998,1.7554904606495791,fragment,DHX36KO,WT,antiparallel,down,10,WT (DHX36KO DEGs)
15,-1291.139240506329,4.463486025015513,2.2482178313008,fragment,DHX36KO,WT,antiparallel,down,10,WT (DHX36KO DEGs)
16,-1240.506329113924,5.238875128507614,2.8048637606015463,fragment,DHX36KO,WT,antiparallel,down,10,WT (DHX36KO DEGs)
17,-1189.873417721519,5.208485514879227,2.999563796544186,fragment,DHX36KO,WT,antiparallel,down,10,WT (DHX36KO DEGs)
18,-1139.240506329114,4.87925731809934,2.8386910470933944,fragment,DHX36KO,WT,antiparallel,down,10,WT (DHX36KO DEGs)
19,-1088.607594936709,4.93365247297287,2.962070464221431,fragment,DHX36KO,WT,antiparallel,down,10,WT (DHX36KO DEGs)
20,-1037.9746835443038,4.852326420386632,2.914901722984544,fragment,DHX36KO,WT,antiparallel,down,10,WT (DHX36KO DEGs)
21,-987.3417721518988,4.7327438562711075,2.7995276425046773,fragment,DHX36KO,WT,antiparallel,down,10,WT (DHX36KO DEGs)
22,-936.7088607594937,4.932235117753347,2.546629028572927,fragment,DHX36KO,WT,antiparallel,down,10,WT (DHX36KO DEGs)
23,-886.0759493670887,5.204935538132985,2.3071406076456933,fragment,DHX36KO,WT,antiparallel,down,10,WT (DHX36KO DEGs)
24,-835.4430379746836,5.331721826553345,2.297704342948775,fragment,DHX36KO,WT,antiparallel,down,10,WT (DHX36KO DEGs)
25,-784.8101265822784,5.456443970918656,2.4763189699023473,fragment,DHX36KO,WT,antiparallel,down,10,WT (DHX36KO DEGs)
26,-734.1772151898733,6.3049899834791825,3.1017857076334394,fragment,DHX36KO,WT,antiparallel,down,10,WT (DHX36KO DEGs)
27,-683.5443037974683,7.179867135763168,3.2592023032642343,fragment,DHX36KO,WT,antiparallel,down,10,WT (DHX36KO DEGs)
28,-632.9113924050632,7.665687388737996,3.3311572697474054,fragment,DHX36KO,WT,antiparallel,down,10,WT (DHX36KO DEGs)
29,-582.2784810126582,7.7085281120936076,3.054498963080673,fragment,DHX36KO,WT,antiparallel,down,10,WT (DHX36KO DEGs)
30,-531.6455696202531,8.709699406147003,3.0921480445943677,fragment,DHX36KO,WT,antiparallel,down,10,WT (DHX36KO DEGs)
31,-481.0126582278481,10.201619169394174,3.497744883506237,fragment,DHX36KO,WT,antiparallel,down,10,WT (DHX36KO DEGs)
32,-430.37974683544303,11.097242261489232,3.9596988684338137,fragment,DHX36KO,WT,antiparallel,down,10,WT (DHX36KO DEGs)
33,-379.746835443038,13.447365717808406,5.6669138322480315,fragment,DHX36KO,WT,antiparallel,down,10,WT (DHX36KO DEGs)
34,-329.11392405063293,15.602831559260688,7.355850169033727,fragment,DHX36KO,WT,antiparallel,down,10,WT (DHX36KO DEGs)
35,-278.4810126582279,15.448583337624868,7.894218253046084,fragment,DHX36KO,WT,antiparallel,down,10,WT (DHX36KO DEGs)
36,-227.84810126582283,14.006474174340564,7.158696106406371,fragment,DHX36KO,WT,antiparallel,down,10,WT (DHX36KO DEGs)
37,-177.21518987341778,11.980510914405187,5.730207570483006,fragment,DHX36KO,WT,antiparallel,down,10,WT (DHX36KO DEGs)
38,-126.58227848101274,10.674758299430211,4.858333243521207,fragment,DHX36KO,WT,antiparallel,down,10,WT (DHX36KO DEGs)
39,-75.94936708860769,9.82345067882538,4.475123771185338,fragment,DHX36KO,WT,antiparallel,down,10,WT (DHX36KO DEGs)
40,-25.316455696202638,9.315035340150198,4.1240690624461065,fragment,DHX36KO,WT,antiparallel,down,10,WT (DHX36KO DEGs)
41,25.31645569620241,8.381169711271921,3.409887216026912,fragment,DHX36KO,WT,antiparallel,down,10,WT (DHX36KO DEGs)
42,75.94936708860769,6.046139196793239,1.7315644987776462,fragment,DHX36KO,WT,antiparallel,down,10,WT (DHX36KO DEGs)
43,126.58227848101251,5.388182546933492,1.2804156509283138,fragment,DHX36KO,WT,antiparallel,down,10,WT (DHX36KO DEGs)
44,177.21518987341778,5.011899262110393,1.0046126927052228,fragment,DHX36KO,WT,antiparallel,down,10,WT (DHX36KO DEGs)
45,227.8481012658226,4.088085631767909,0.537716800092507,fragment,DHX36KO,WT,antiparallel,down,10,WT (DHX36KO DEGs)
46,278.4810126582279,3.8677930829524994,0.43423704723577805,fragment,DHX36KO,WT,antiparallel,down,10,WT (DHX36KO DEGs)
47,329.1139240506327,3.8699726241429646,0.6860369001455876,fragment,DHX36KO,WT,antiparallel,down,10,WT (DHX36KO DEGs)
48,379.746835443038,3.8307539296944935,0.7640169497866757,fragment,DHX36KO,WT,antiparallel,down,10,WT (DHX36KO DEGs)
49,430.37974683544326,3.7344836641947428,0.7909397569835431,fragment,DHX36KO,WT,antiparallel,down,10,WT (DHX36KO DEGs)
50,481.0126582278481,3.4284780011177065,0.6720121382372782,fragment,DHX36KO,WT,antiparallel,down,10,WT (DHX36KO DEGs)
51,531.6455696202534,4.007606074412664,1.129869820804597,fragment,DHX36KO,WT,antiparallel,down,10,WT (DHX36KO DEGs)
52,582.2784810126582,4.754160929282507,1.9868654081534853,fragment,DHX36KO,WT,antiparallel,down,10,WT (DHX36KO DEGs)
53,632.9113924050635,5.643402037858963,2.534794857539142,fragment,DHX36KO,WT,antiparallel,down,10,WT (DHX36KO DEGs)
54,683.5443037974683,5.920255805651347,2.6650497103541317,fragment,DHX36KO,WT,antiparallel,down,10,WT (DHX36KO DEGs)
55,734.1772151898736,5.870618164141973,2.735830475379341,fragment,DHX36KO,WT,antiparallel,down,10,WT (DHX36KO DEGs)
56,784.8101265822784,5.433132733662923,2.492826027111393,fragment,DHX36KO,WT,antiparallel,down,10,WT (DHX36KO DEGs)
57,835.4430379746836,4.847768333673477,2.118399318069639,fragment,DHX36KO,WT,antiparallel,down,10,WT (DHX36KO DEGs)
58,886.0759493670885,4.123866990645727,1.6485277213344063,fragment,DHX36KO,WT,antiparallel,down,10,WT (DHX36KO DEGs)
59,936.7088607594937,2.9535714004834492,0.8663096859371336,fragment,DHX36KO,WT,antiparallel,down,10,WT (DHX36KO DEGs)
60,987.3417721518986,2.8761410353183745,0.8943954754790029,fragment,DHX36KO,WT,antiparallel,down,10,WT (DHX36KO DEGs)
61,1037.9746835443038,2.901423964103063,0.9677144919767308,fragment,DHX36KO,WT,antiparallel,down,10,WT (DHX36KO DEGs)
62,1088.6075949367087,2.8562918333212535,0.858521604493781,fragment,DHX36KO,WT,antiparallel,down,10,WT (DHX36KO DEGs)
63,1139.240506329114,2.858859530687332,0.7939747796164943,fragment,DHX36KO,WT,antiparallel,down,10,WT (DHX36KO DEGs)
64,1189.8734177215188,3.26305804904302,0.8531264658312461,fragment,DHX36KO,WT,antiparallel,down,10,WT (DHX36KO DEGs)
65,1240.506329113924,3.5719934078852336,0.7989057670093865,fragment,DHX36KO,WT,antiparallel,down,10,WT (DHX36KO DEGs)
66,1291.1392405063293,3.3978507273197174,0.7524979904485993,fragment,DHX36KO,WT,antiparallel,down,10,WT (DHX36KO DEGs)
67,1341.7721518987341,3.077414586941401,0.7373341767649404,fragment,DHX36KO,WT,antiparallel,down,10,WT (DHX36KO DEGs)
68,1392.4050632911394,2.961360342502594,0.7268953567112645,fragment,DHX36KO,WT,antiparallel,down,10,WT (DHX36KO DEGs)
69,1443.0379746835442,3.150077048858007,0.8987137278696427,fragment,DHX36KO,WT,antiparallel,down,10,WT (DHX36KO DEGs)
70,1493.6708860759495,3.1000901300112407,0.9749818503444938,fragment,DHX36KO,WT,antiparallel,down,10,WT (DHX36KO DEGs)
71,1544.3037974683543,3.063770558198293,0.96233067099853975,fragment,DHX36KO,WT,antiparallel,down,10,WT (DHX36KO DEGs)
72,1594.9367088607596,3.0215732374191284,0.9179388324078472,fragment,DHX36KO,WT,antiparallel,down,10,WT (DHX36KO DEGs)
73,1645.5696202531644,2.530024938027064,0.8196423334776167,fragment,DHX36KO,WT,antiparallel,down,10,WT (DHX36KO DEGs)
74,1696.2025316455697,2.606942677021027,1.1021368868202404,fragment,DHX36KO,WT,antiparallel,down,10,WT (DHX36KO DEGs)
75,1746.8354430379745,2.6405725944042207,1.1485210493838056,fragment,DHX36KO,WT,antiparallel,down,10,WT (DHX36KO DEGs)
76,1797.4683544303798,2.5137151726881664,1.0658148031007721,fragment,DHX36KO,WT,antiparallel,down,10,WT (DHX36KO DEGs)
77,1848.1012658227846,2.2995633237361908,0.8703714865252126,fragment,DHX36KO,WT,antiparallel,down,10,WT (DHX36KO DEGs)
78,1898.73417721519,2.1658745203812915,0.7109021568790103,fragment,DHX36KO,WT,antiparallel,down,10,WT (DHX36KO DEGs)
79,1949.3670886075947,2.2054567492802937,0.8163930955801774,fragment,DHX36KO,WT,antiparallel,down,10,WT (DHX36KO DEGs)
80,2000,2.090684338649114,0.8026655129276457,fragment,DHX36KO,WT,antiparallel,down,10,WT (DHX36KO DEGs)
1,-2000,6.841199259931843,2.31083421671257,fragment,DHX36KO,WT,hybrid,up,32,WT (DHX36KO DEGs)
2,-1949.367088607595,7.355436908255021,2.647006547134457,fragment,DHX36KO,WT,hybrid,up,32,WT (DHX36KO DEGs)
3,-1898.73417721519,7.708995419243972,2.7502234590819175,fragment,DHX36KO,WT,hybrid,up,32,WT (DHX36KO DEGs)
4,-1848.1012658227849,7.618784848824143,2.376623563725633,fragment,DHX36KO,WT,hybrid,up,32,WT (DHX36KO DEGs)
5,-1797.4683544303798,7.37678151473403,2.071394010476049,fragment,DHX36KO,WT,hybrid,up,32,WT (DHX36KO DEGs)
6,-1746.8354430379748,7.790928318724036,2.474272730634258,fragment,DHX36KO,WT,hybrid,up,32,WT (DHX36KO DEGs)
7,-1696.2025316455697,8.041841432154179,2.8337333251989856,fragment,DHX36KO,WT,hybrid,up,32,WT (DHX36KO DEGs)
8,-1645.5696202531644,7.741562232524156,2.646570483776471,fragment,DHX36KO,WT,hybrid,up,32,WT (DHX36KO DEGs)
9,-1594.9367088607596,6.517446024815242,1.858138933726745,fragment,DHX36KO,WT,hybrid,up,32,WT (DHX36KO DEGs)
10,-1544.3037974683543,5.550471927002072,1.3803988715058242,fragment,DHX36KO,WT,hybrid,up,32,WT (DHX36KO DEGs)
11,-1493.6708860759495,5.147967696910103,1.3082821563157558,fragment,DHX36KO,WT,hybrid,up,32,WT (DHX36KO DEGs)
12,-1443.0379746835442,4.828752158433199,1.1690238275400995,fragment,DHX36KO,WT,hybrid,up,32,WT (DHX36KO DEGs)
13,-1392.4050632911392,4.68325202571849,1.0053318927633608,fragment,DHX36KO,WT,hybrid,up,32,WT (DHX36KO DEGs)
14,-1341.7721518987341,4.265791802853346,0.762390104551055,fragment,DHX36KO,WT,hybrid,up,32,WT (DHX36KO DEGs)
15,-1291.139240506329,4.223172696456313,0.723277364349306,fragment,DHX36KO,WT,hybrid,up,32,WT (DHX36KO DEGs)
16,-1240.506329113924,4.030688728416959,0.7478726643462772,fragment,DHX36KO,WT,hybrid,up,32,WT (DHX36KO DEGs)
17,-1189.873417721519,4.096902571866909,0.7249541894496079,fragment,DHX36KO,WT,hybrid,up,32,WT (DHX36KO DEGs)
18,-1139.240506329114,4.028519416277607,0.7025417088860072,fragment,DHX36KO,WT,hybrid,up,32,WT (DHX36KO DEGs)
19,-1088.607594936709,3.962162842353185,0.6470225362796106,fragment,DHX36KO,WT,hybrid,up,32,WT (DHX36KO DEGs)
20,-1037.9746835443038,4.031003829687834,0.7601650555291322,fragment,DHX36KO,WT,hybrid,up,32,WT (DHX36KO DEGs)
21,-987.3417721518988,3.9554278161625067,0.8156413076787293,fragment,DHX36KO,WT,hybrid,up,32,WT (DHX36KO DEGs)
22,-936.7088607594937,4.146932455723484,0.9444357481091917,fragment,DHX36KO,WT,hybrid,up,32,WT (DHX36KO DEGs)
23,-886.0759493670887,4.189965721492966,1.0223710195335232,fragment,DHX36KO,WT,hybrid,up,32,WT (DHX36KO DEGs)
24,-835.4430379746836,4.3984551753103736,1.0686824098015242,fragment,DHX36KO,WT,hybrid,up,32,WT (DHX36KO DEGs)
25,-784.8101265822784,4.534309151545167,1.0374313650499203,fragment,DHX36KO,WT,hybrid,up,32,WT (DHX36KO DEGs)
26,-734.1772151898733,4.819306689401468,0.9690780573254475,fragment,DHX36KO,WT,hybrid,up,32,WT (DHX36KO DEGs)
27,-683.5443037974683,4.93933452780048,0.8923661494979699,fragment,DHX36KO,WT,hybrid,up,32,WT (DHX36KO DEGs)
28,-632.9113924050632,5.116254050011436,0.9212874564409842,fragment,DHX36KO,WT,hybrid,up,32,WT (DHX36KO DEGs)
29,-582.2784810126582,5.382725325326125,0.9198695196281835,fragment,DHX36KO,WT,hybrid,up,32,WT (DHX36KO DEGs)
30,-531.6455696202531,5.789868750497699,0.9415617144441304,fragment,DHX36KO,WT,hybrid,up,32,WT (DHX36KO DEGs)
31,-481.0126582278481,7.110423572137952,1.492039500043031,fragment,DHX36KO,WT,hybrid,up,32,WT (DHX36KO DEGs)
32,-430.37974683544303,8.119885548924406,1.8972274570399952,fragment,DHX36KO,WT,hybrid,up,32,WT (DHX36KO DEGs)
33,-379.746835443038,9.146417010873556,2.2442305928931816,fragment,DHX36KO,WT,hybrid,up,32,WT (DHX36KO DEGs)
34,-329.11392405063293,10.314161779905358,2.576349126709492,fragment,DHX36KO,WT,hybrid,up,32,WT (DHX36KO DEGs)
35,-278.4810126582279,12.107220860520998,3.31235372457982,fragment,DHX36KO,WT,hybrid,up,32,WT (DHX36KO DEGs)
36,-227.84810126582283,13.58047321639955,4.429542704434026,fragment,DHX36KO,WT,hybrid,up,32,WT (DHX36KO DEGs)
37,-177.21518987341778,14.885587368831038,5.431513187343204,fragment,DHX36KO,WT,hybrid,up,32,WT (DHX36KO DEGs)
38,-126.58227848101274,16.11419763026138,5.966513581289426,fragment,DHX36KO,WT,hybrid,up,32,WT (DHX36KO DEGs)
39,-75.94936708860769,16.667044802308084,6.253014867551195,fragment,DHX36KO,WT,hybrid,up,32,WT (DHX36KO DEGs)
40,-25.316455696202638,17.52114128778378,6.43956442925014,fragment,DHX36KO,WT,hybrid,up,32,WT (DHX36KO DEGs)
41,25.31645569620241,17.533999238088725,6.155782815263675,fragment,DHX36KO,WT,hybrid,up,32,WT (DHX36KO DEGs)
42,75.94936708860769,17.602434685652455,5.8566836810174125,fragment,DHX36KO,WT,hybrid,up,32,WT (DHX36KO DEGs)
43,126.58227848101251,17.079520118857424,5.124385012128125,fragment,DHX36KO,WT,hybrid,up,32,WT (DHX36KO DEGs)
44,177.21518987341778,15.401255745664239,3.72824399580247,fragment,DHX36KO,WT,hybrid,up,32,WT (DHX36KO DEGs)
45,227.8481012658226,14.48498725729684,2.80082349651614,fragment,DHX36KO,WT,hybrid,up,32,WT (DHX36KO DEGs)
46,278.4810126582279,13.731485313003262,2.4357991794768123,fragment,DHX36KO,WT,hybrid,up,32,WT (DHX36KO DEGs)
47,329.1139240506327,12.493018368234237,2.1692013856481838,fragment,DHX36KO,WT,hybrid,up,32,WT (DHX36KO DEGs)
48,379.746835443038,11.945845498343308,2.074607086215837,fragment,DHX36KO,WT,hybrid,up,32,WT (DHX36KO DEGs)
49,430.37974683544326,11.524972694739699,2.107648271555193,fragment,DHX36KO,WT,hybrid,up,32,WT (DHX36KO DEGs)
50,481.0126582278481,11.374995558187365,2.410234137569609,fragment,DHX36KO,WT,hybrid,up,32,WT (DHX36KO DEGs)
51,531.6455696202534,10.608195151512822,2.387125513495904,fragment,DHX36KO,WT,hybrid,up,32,WT (DHX36KO DEGs)
52,582.2784810126582,9.559251037140687,2.2770568262140736,fragment,DHX36KO,WT,hybrid,up,32,WT (DHX36KO DEGs)
53,632.9113924050635,8.664865199203293,2.0674767043861597,fragment,DHX36KO,WT,hybrid,up,32,WT (DHX36KO DEGs)
54,683.5443037974683,8.331966744214297,1.8832943657088157,fragment,DHX36KO,WT,hybrid,up,32,WT (DHX36KO DEGs)
55,734.1772151898736,7.763373445148269,1.691624289656401,fragment,DHX36KO,WT,hybrid,up,32,WT (DHX36KO DEGs)
56,784.8101265822784,7.793898669158419,1.6056407560576007,fragment,DHX36KO,WT,hybrid,up,32,WT (DHX36KO DEGs)
57,835.4430379746836,7.408475876897573,1.42142632791965,fragment,DHX36KO,WT,hybrid,up,32,WT (DHX36KO DEGs)
58,886.0759493670885,6.696182305390636,1.1899798570304974,fragment,DHX36KO,WT,hybrid,up,32,WT (DHX36KO DEGs)
59,936.7088607594937,6.2019464517633125,1.077533541470021,fragment,DHX36KO,WT,hybrid,up,32,WT (DHX36KO DEGs)
60,987.3417721518986,6.3145049713552,1.1306243193743464,fragment,DHX36KO,WT,hybrid,up,32,WT (DHX36KO DEGs)
61,1037.9746835443038,6.165661872029305,1.1786383886123706,fragment,DHX36KO,WT,hybrid,up,32,WT (DHX36KO DEGs)
62,1088.6075949367087,5.752977148219943,1.1096671312886317,fragment,DHX36KO,WT,hybrid,up,32,WT (DHX36KO DEGs)
63,1139.240506329114,5.038937919090191,0.9667295438397305,fragment,DHX36KO,WT,hybrid,up,32,WT (DHX36KO DEGs)
64,1189.8734177215188,4.809540077870091,0.9218620756988203,fragment,DHX36KO,WT,hybrid,up,32,WT (DHX36KO DEGs)
65,1240.506329113924,4.367770198484262,0.8069880121303387,fragment,DHX36KO,WT,hybrid,up,32,WT (DHX36KO DEGs)
66,1291.1392405063293,4.276366904179255,0.7743550932063693,fragment,DHX36KO,WT,hybrid,up,32,WT (DHX36KO DEGs)
67,1341.7721518987341,4.065093819051981,0.7482996519338423,fragment,DHX36KO,WT,hybrid,up,32,WT (DHX36KO DEGs)
68,1392.4050632911394,3.3886902850866316,0.5781131062697139,fragment,DHX36KO,WT,hybrid,up,32,WT (DHX36KO DEGs)
69,1443.0379746835442,3.026001128827532,0.5247149683321868,fragment,DHX36KO,WT,hybrid,up,32,WT (DHX36KO DEGs)
70,1493.6708860759495,2.796416531950235,0.4710413223954643,fragment,DHX36KO,WT,hybrid,up,32,WT (DHX36KO DEGs)
71,1544.3037974683543,2.8519093280285595,0.47085799803274947,fragment,DHX36KO,WT,hybrid,up,32,WT (DHX36KO DEGs)
72,1594.9367088607596,2.758453695550561,0.45766056511561654,fragment,DHX36KO,WT,hybrid,up,32,WT (DHX36KO DEGs)
73,1645.5696202531644,2.819243389070034,0.5077032701431528,fragment,DHX36KO,WT,hybrid,up,32,WT (DHX36KO DEGs)
74,1696.2025316455697,2.9045175866534314,0.5486003870757347,fragment,DHX36KO,WT,hybrid,up,32,WT (DHX36KO DEGs)
75,1746.8354430379745,3.0449131159484386,0.6527187416377971,fragment,DHX36KO,WT,hybrid,up,32,WT (DHX36KO DEGs)
76,1797.4683544303798,3.2876657036940258,0.7641734480661929,fragment,DHX36KO,WT,hybrid,up,32,WT (DHX36KO DEGs)
77,1848.1012658227846,3.1834236061076324,0.7957466266890099,fragment,DHX36KO,WT,hybrid,up,32,WT (DHX36KO DEGs)
78,1898.73417721519,3.2411496522525947,0.847671511809367,fragment,DHX36KO,WT,hybrid,up,32,WT (DHX36KO DEGs)
79,1949.3670886075947,3.2718671891093254,0.872013220229033,fragment,DHX36KO,WT,hybrid,up,32,WT (DHX36KO DEGs)
80,2000,3.0908784790088735,0.8410518850229549,fragment,DHX36KO,WT,hybrid,up,32,WT (DHX36KO DEGs)
1,-2000,4.539609466864739,1.2335946768758521,fragment,DHX36KO,WT,hybrid,down,27,WT (DHX36KO DEGs)
2,-1949.367088607595,4.66550412348759,1.2576008051732144,fragment,DHX36KO,WT,hybrid,down,27,WT (DHX36KO DEGs)
3,-1898.73417721519,4.527266862333557,1.2409170445773487,fragment,DHX36KO,WT,hybrid,down,27,WT (DHX36KO DEGs)
4,-1848.1012658227849,4.391894971382471,1.228575486760403,fragment,DHX36KO,WT,hybrid,down,27,WT (DHX36KO DEGs)
5,-1797.4683544303798,4.6537845432022475,1.4046253429564228,fragment,DHX36KO,WT,hybrid,down,27,WT (DHX36KO DEGs)
6,-1746.8354430379748,5.704929212905743,2.2519083375474427,fragment,DHX36KO,WT,hybrid,down,27,WT (DHX36KO DEGs)
7,-1696.2025316455697,6.119466261186718,2.485980161867195,fragment,DHX36KO,WT,hybrid,down,27,WT (DHX36KO DEGs)
8,-1645.5696202531644,6.8009194525965935,2.85223755059918,fragment,DHX36KO,WT,hybrid,down,27,WT (DHX36KO DEGs)
9,-1594.9367088607596,7.663286085746907,3.321059282877487,fragment,DHX36KO,WT,hybrid,down,27,WT (DHX36KO DEGs)
10,-1544.3037974683543,8.290861988509143,3.7424340215098333,fragment,DHX36KO,WT,hybrid,down,27,WT (DHX36KO DEGs)
11,-1493.6708860759495,8.394213957021266,3.4640824959254233,fragment,DHX36KO,WT,hybrid,down,27,WT (DHX36KO DEGs)
12,-1443.0379746835442,8.134438200526768,2.6517274062946647,fragment,DHX36KO,WT,hybrid,down,27,WT (DHX36KO DEGs)
13,-1392.4050632911392,8.528072832219394,2.5398703922366557,fragment,DHX36KO,WT,hybrid,down,27,WT (DHX36KO DEGs)
14,-1341.7721518987341,9.423269313588554,2.9523852865546396,fragment,DHX36KO,WT,hybrid,down,27,WT (DHX36KO DEGs)
15,-1291.139240506329,10.33346512750343,3.2914674277422504,fragment,DHX36KO,WT,hybrid,down,27,WT (DHX36KO DEGs)
16,-1240.506329113924,11.872846093531008,3.7381195566208727,fragment,DHX36KO,WT,hybrid,down,27,WT (DHX36KO DEGs)
17,-1189.873417721519,12.94229450105149,3.8781358573563383,fragment,DHX36KO,WT,hybrid,down,27,WT (DHX36KO DEGs)
18,-1139.240506329114,13.25738056851022,3.8733911498276563,fragment,DHX36KO,WT,hybrid,down,27,WT (DHX36KO DEGs)
19,-1088.607594936709,13.662044131137707,3.9242510984708585,fragment,DHX36KO,WT,hybrid,down,27,WT (DHX36KO DEGs)
20,-1037.9746835443038,14.11368519930192,4.025634727139366,fragment,DHX36KO,WT,hybrid,down,27,WT (DHX36KO DEGs)
21,-987.3417721518988,13.95438676180663,3.8388836083216,fragment,DHX36KO,WT,hybrid,down,27,WT (DHX36KO DEGs)
22,-936.7088607594937,14.247450019665706,3.9802173931702862,fragment,DHX36KO,WT,hybrid,down,27,WT (DHX36KO DEGs)
23,-886.0759493670887,14.22964520416142,3.9307118400362504,fragment,DHX36KO,WT,hybrid,down,27,WT (DHX36KO DEGs)
24,-835.4430379746836,14.002734548309704,3.8141725369069794,fragment,DHX36KO,WT,hybrid,down,27,WT (DHX36KO DEGs)
25,-784.8101265822784,14.044844615488877,3.750806941735781,fragment,DHX36KO,WT,hybrid,down,27,WT (DHX36KO DEGs)
26,-734.1772151898733,13.976279338583534,3.493606270526602,fragment,DHX36KO,WT,hybrid,down,27,WT (DHX36KO DEGs)
27,-683.5443037974683,14.006433328198797,3.130068159045809,fragment,DHX36KO,WT,hybrid,down,27,WT (DHX36KO DEGs)
28,-632.9113924050632,13.755430726063103,2.7133985169581996,fragment,DHX36KO,WT,hybrid,down,27,WT (DHX36KO DEGs)
29,-582.2784810126582,14.196208491089903,2.7006735651951366,fragment,DHX36KO,WT,hybrid,down,27,WT (DHX36KO DEGs)
30,-531.6455696202531,14.943201029388993,2.710160251693237,fragment,DHX36KO,WT,hybrid,down,27,WT (DHX36KO DEGs)
31,-481.0126582278481,14.905394689389217,2.6282771657031763,fragment,DHX36KO,WT,hybrid,down,27,WT (DHX36KO DEGs)
32,-430.37974683544303,14.609695283836789,2.3222141980230577,fragment,DHX36KO,WT,hybrid,down,27,WT (DHX36KO DEGs)
33,-379.746835443038,15.357208406925201,2.5630213840847627,fragment,DHX36KO,WT,hybrid,down,27,WT (DHX36KO DEGs)
34,-329.11392405063293,16.402786097909196,3.153840902130756,fragment,DHX36KO,WT,hybrid,down,27,WT (DHX36KO DEGs)
35,-278.4810126582279,17.501101345250635,3.58142537328715,fragment,DHX36KO,WT,hybrid,down,27,WT (DHX36KO DEGs)
36,-227.84810126582283,18.80251626997818,4.129358235849354,fragment,DHX36KO,WT,hybrid,down,27,WT (DHX36KO DEGs)
37,-177.21518987341778,20.564177201000263,5.152069159374814,fragment,DHX36KO,WT,hybrid,down,27,WT (DHX36KO DEGs)
38,-126.58227848101274,21.48691534984259,5.835772391251667,fragment,DHX36KO,WT,hybrid,down,27,WT (DHX36KO DEGs)
39,-75.94936708860769,20.34401052121763,5.595435921154231,fragment,DHX36KO,WT,hybrid,down,27,WT (DHX36KO DEGs)
40,-25.316455696202638,18.459415896027178,4.854430529776006,fragment,DHX36KO,WT,hybrid,down,27,WT (DHX36KO DEGs)
41,25.31645569620241,16.807212948504787,4.346752775143291,fragment,DHX36KO,WT,hybrid,down,27,WT (DHX36KO DEGs)
42,75.94936708860769,14.003818982412785,3.23220233115666,fragment,DHX36KO,WT,hybrid,down,27,WT (DHX36KO DEGs)
43,126.58227848101251,12.602887670169642,2.662863582788331,fragment,DHX36KO,WT,hybrid,down,27,WT (DHX36KO DEGs)
44,177.21518987341778,11.218660851820015,2.1701066059772365,fragment,DHX36KO,WT,hybrid,down,27,WT (DHX36KO DEGs)
45,227.8481012658226,9.853729297408352,1.7848275176892612,fragment,DHX36KO,WT,hybrid,down,27,WT (DHX36KO DEGs)
46,278.4810126582279,8.435969934169156,1.502332565389933,fragment,DHX36KO,WT,hybrid,down,27,WT (DHX36KO DEGs)
47,329.1139240506327,7.30668980801547,1.2350087811531685,fragment,DHX36KO,WT,hybrid,down,27,WT (DHX36KO DEGs)
48,379.746835443038,6.60788665353516,1.041116040409054,fragment,DHX36KO,WT,hybrid,down,27,WT (DHX36KO DEGs)
49,430.37974683544326,5.704189968521212,0.9727855822795816,fragment,DHX36KO,WT,hybrid,down,27,WT (DHX36KO DEGs)
50,481.0126582278481,5.471193974959998,0.963127760641046,fragment,DHX36KO,WT,hybrid,down,27,WT (DHX36KO DEGs)
51,531.6455696202534,5.314940673892881,0.947787378509472,fragment,DHX36KO,WT,hybrid,down,27,WT (DHX36KO DEGs)
52,582.2784810126582,4.812998244968462,0.9402288359430166,fragment,DHX36KO,WT,hybrid,down,27,WT (DHX36KO DEGs)
53,632.9113924050635,4.632529837879134,1.0307647172116117,fragment,DHX36KO,WT,hybrid,down,27,WT (DHX36KO DEGs)
54,683.5443037974683,4.244777816784235,1.0750067790910054,fragment,DHX36KO,WT,hybrid,down,27,WT (DHX36KO DEGs)
55,734.1772151898736,4.3158383204024515,1.1758659819309343,fragment,DHX36KO,WT,hybrid,down,27,WT (DHX36KO DEGs)
56,784.8101265822784,4.554243285361632,1.2543798528414578,fragment,DHX36KO,WT,hybrid,down,27,WT (DHX36KO DEGs)
57,835.4430379746836,5.2439530411178685,1.561807477034363,fragment,DHX36KO,WT,hybrid,down,27,WT (DHX36KO DEGs)
58,886.0759493670885,5.515964052147336,1.594601399690247,fragment,DHX36KO,WT,hybrid,down,27,WT (DHX36KO DEGs)
59,936.7088607594937,5.622223111258613,1.57308401887921,fragment,DHX36KO,WT,hybrid,down,27,WT (DHX36KO DEGs)
60,987.3417721518986,5.465294021883128,1.5289704666923298,fragment,DHX36KO,WT,hybrid,down,27,WT (DHX36KO DEGs)
61,1037.9746835443038,5.57859214388294,1.5369930154909122,fragment,DHX36KO,WT,hybrid,down,27,WT (DHX36KO DEGs)
62,1088.6075949367087,5.710052785961716,1.5757871927111722,fragment,DHX36KO,WT,hybrid,down,27,WT (DHX36KO DEGs)
63,1139.240506329114,5.374293582674897,1.475278179691995,fragment,DHX36KO,WT,hybrid,down,27,WT (DHX36KO DEGs)
64,1189.8734177215188,5.0167640563588085,1.3564334444967299,fragment,DHX36KO,WT,hybrid,down,27,WT (DHX36KO DEGs)
65,1240.506329113924,4.538260564539168,1.2465328779491078,fragment,DHX36KO,WT,hybrid,down,27,WT (DHX36KO DEGs)
66,1291.1392405063293,4.673553630510966,1.2790245242960114,fragment,DHX36KO,WT,hybrid,down,27,WT (DHX36KO DEGs)
67,1341.7721518987341,4.150388885545142,1.2640398437232256,fragment,DHX36KO,WT,hybrid,down,27,WT (DHX36KO DEGs)
68,1392.4050632911394,3.824581653247645,1.3126393778351522,fragment,DHX36KO,WT,hybrid,down,27,WT (DHX36KO DEGs)
69,1443.0379746835442,3.645156252148711,1.1827869442193253,fragment,DHX36KO,WT,hybrid,down,27,WT (DHX36KO DEGs)
70,1493.6708860759495,3.535228550699022,1.1460618348905283,fragment,DHX36KO,WT,hybrid,down,27,WT (DHX36KO DEGs)
71,1544.3037974683543,3.299326631375301,1.0023778228465534,fragment,DHX36KO,WT,hybrid,down,27,WT (DHX36KO DEGs)
72,1594.9367088607596,3.082621560655994,0.9177266728252699,fragment,DHX36KO,WT,hybrid,down,27,WT (DHX36KO DEGs)
73,1645.5696202531644,3.1760209727287294,0.9662467202047778,fragment,DHX36KO,WT,hybrid,down,27,WT (DHX36KO DEGs)
74,1696.2025316455697,3.5118358662099016,0.9493780391474578,fragment,DHX36KO,WT,hybrid,down,27,WT (DHX36KO DEGs)
75,1746.8354430379745,3.861001856562532,1.0258517767596225,fragment,DHX36KO,WT,hybrid,down,27,WT (DHX36KO DEGs)
76,1797.4683544303798,4.020276897689443,1.0165177573519493,fragment,DHX36KO,WT,hybrid,down,27,WT (DHX36KO DEGs)
77,1848.1012658227846,3.672763476754412,0.8271435945325029,fragment,DHX36KO,WT,hybrid,down,27,WT (DHX36KO DEGs)
78,1898.73417721519,3.380305820659355,0.7443465637581286,fragment,DHX36KO,WT,hybrid,down,27,WT (DHX36KO DEGs)
79,1949.3670886075947,3.4262517291233863,0.693292111224104,fragment,DHX36KO,WT,hybrid,down,27,WT (DHX36KO DEGs)
80,2000,3.3150195927973147,0.6120922670695003,fragment,DHX36KO,WT,hybrid,down,27,WT (DHX36KO DEGs)
1,-2000,3.070922562983093,0.22744279723118654,fragment,DHX36KO,WT,unfiltered,up,1719,WT (DHX36KO DEGs)
2,-1949.367088607595,3.0163845014886523,0.18903186841672417,fragment,DHX36KO,WT,unfiltered,up,1719,WT (DHX36KO DEGs)
3,-1898.73417721519,2.970651578952204,0.16623003021848887,fragment,DHX36KO,WT,unfiltered,up,1719,WT (DHX36KO DEGs)
4,-1848.1012658227849,2.9278450314259374,0.15573700534838897,fragment,DHX36KO,WT,unfiltered,up,1719,WT (DHX36KO DEGs)
5,-1797.4683544303798,2.9128709603724423,0.14859656095591514,fragment,DHX36KO,WT,unfiltered,up,1719,WT (DHX36KO DEGs)
6,-1746.8354430379748,2.904986308400012,0.1473570616746617,fragment,DHX36KO,WT,unfiltered,up,1719,WT (DHX36KO DEGs)
7,-1696.2025316455697,2.873659935112214,0.15272545557966297,fragment,DHX36KO,WT,unfiltered,up,1719,WT (DHX36KO DEGs)
8,-1645.5696202531644,2.876494439012532,0.15806110074579463,fragment,DHX36KO,WT,unfiltered,up,1719,WT (DHX36KO DEGs)
9,-1594.9367088607596,2.859625614240971,0.15451384483011021,fragment,DHX36KO,WT,unfiltered,up,1719,WT (DHX36KO DEGs)
10,-1544.3037974683543,2.836366689133048,0.1560762677300655,fragment,DHX36KO,WT,unfiltered,up,1719,WT (DHX36KO DEGs)
11,-1493.6708860759495,2.8612246591161337,0.16925565233746456,fragment,DHX36KO,WT,unfiltered,up,1719,WT (DHX36KO DEGs)
12,-1443.0379746835442,2.8914129494229144,0.1777414339677612,fragment,DHX36KO,WT,unfiltered,up,1719,WT (DHX36KO DEGs)
13,-1392.4050632911392,2.907144608669603,0.18299794542691947,fragment,DHX36KO,WT,unfiltered,up,1719,WT (DHX36KO DEGs)
14,-1341.7721518987341,2.906937143118871,0.18597736495215975,fragment,DHX36KO,WT,unfiltered,up,1719,WT (DHX36KO DEGs)
15,-1291.139240506329,2.83428440081419,0.17233990749089922,fragment,DHX36KO,WT,unfiltered,up,1719,WT (DHX36KO DEGs)
16,-1240.506329113924,2.774838692487292,0.1531159468021778,fragment,DHX36KO,WT,unfiltered,up,1719,WT (DHX36KO DEGs)
17,-1189.873417721519,2.7431735430005126,0.1438312468043248,fragment,DHX36KO,WT,unfiltered,up,1719,WT (DHX36KO DEGs)
18,-1139.240506329114,2.7595621237066887,0.14569098835736177,fragment,DHX36KO,WT,unfiltered,up,1719,WT (DHX36KO DEGs)
19,-1088.607594936709,2.813403775506133,0.15714126923338795,fragment,DHX36KO,WT,unfiltered,up,1719,WT (DHX36KO DEGs)
20,-1037.9746835443038,2.8786662978748723,0.17244959797617854,fragment,DHX36KO,WT,unfiltered,up,1719,WT (DHX36KO DEGs)
21,-987.3417721518988,2.9458781026998695,0.18739678211043792,fragment,DHX36KO,WT,unfiltered,up,1719,WT (DHX36KO DEGs)
22,-936.7088607594937,2.9978897324851115,0.19732878355665906,fragment,DHX36KO,WT,unfiltered,up,1719,WT (DHX36KO DEGs)
23,-886.0759493670887,2.9980055112553954,0.19351533287357436,fragment,DHX36KO,WT,unfiltered,up,1719,WT (DHX36KO DEGs)
24,-835.4430379746836,2.9354914909049894,0.17453324573001733,fragment,DHX36KO,WT,unfiltered,up,1719,WT (DHX36KO DEGs)
25,-784.8101265822784,2.8862620764123577,0.16586192492139615,fragment,DHX36KO,WT,unfiltered,up,1719,WT (DHX36KO DEGs)
26,-734.1772151898733,2.826225055012565,0.15711438585391443,fragment,DHX36KO,WT,unfiltered,up,1719,WT (DHX36KO DEGs)
27,-683.5443037974683,2.790285071156065,0.1527785752719427,fragment,DHX36KO,WT,unfiltered,up,1719,WT (DHX36KO DEGs)
28,-632.9113924050632,2.7486766020826807,0.14777685994626708,fragment,DHX36KO,WT,unfiltered,up,1719,WT (DHX36KO DEGs)
29,-582.2784810126582,2.7470246531331357,0.15394402792260503,fragment,DHX36KO,WT,unfiltered,up,1719,WT (DHX36KO DEGs)
30,-531.6455696202531,2.7898612474955997,0.17087134993347342,fragment,DHX36KO,WT,unfiltered,up,1719,WT (DHX36KO DEGs)
31,-481.0126582278481,2.8675917678034675,0.19183752690440162,fragment,DHX36KO,WT,unfiltered,up,1719,WT (DHX36KO DEGs)
32,-430.37974683544303,2.890759982262468,0.20157181547292544,fragment,DHX36KO,WT,unfiltered,up,1719,WT (DHX36KO DEGs)
33,-379.746835443038,2.966995150443771,0.21647615957466695,fragment,DHX36KO,WT,unfiltered,up,1719,WT (DHX36KO DEGs)
34,-329.11392405063293,3.0869137504374957,0.23979457984554925,fragment,DHX36KO,WT,unfiltered,up,1719,WT (DHX36KO DEGs)
35,-278.4810126582279,3.213264200364709,0.256641967804339,fragment,DHX36KO,WT,unfiltered,up,1719,WT (DHX36KO DEGs)
36,-227.84810126582283,3.3176357099920692,0.2644952785656708,fragment,DHX36KO,WT,unfiltered,up,1719,WT (DHX36KO DEGs)
37,-177.21518987341778,3.3388384280358263,0.2527886544950515,fragment,DHX36KO,WT,unfiltered,up,1719,WT (DHX36KO DEGs)
38,-126.58227848101274,3.2818636735502267,0.22089457405379492,fragment,DHX36KO,WT,unfiltered,up,1719,WT (DHX36KO DEGs)
39,-75.94936708860769,3.2219364531774817,0.20262605290808985,fragment,DHX36KO,WT,unfiltered,up,1719,WT (DHX36KO DEGs)
40,-25.316455696202638,3.1998562350512616,0.19973736383803026,fragment,DHX36KO,WT,unfiltered,up,1719,WT (DHX36KO DEGs)
41,25.31645569620241,3.1755319681536536,0.19379355394589648,fragment,DHX36KO,WT,unfiltered,up,1719,WT (DHX36KO DEGs)
42,75.94936708860769,3.113737252411372,0.18979259298049483,fragment,DHX36KO,WT,unfiltered,up,1719,WT (DHX36KO DEGs)
43,126.58227848101251,3.0493157974083758,0.17827477474636882,fragment,DHX36KO,WT,unfiltered,up,1719,WT (DHX36KO DEGs)
44,177.21518987341778,3.005858866223444,0.163411327162916,fragment,DHX36KO,WT,unfiltered,up,1719,WT (DHX36KO DEGs)
45,227.8481012658226,2.9012025855117836,0.15265912371931442,fragment,DHX36KO,WT,unfiltered,up,1719,WT (DHX36KO DEGs)
46,278.4810126582279,2.8459463048217044,0.15170868951956715,fragment,DHX36KO,WT,unfiltered,up,1719,WT (DHX36KO DEGs)
47,329.1139240506327,2.778040281094297,0.147715252416336,fragment,DHX36KO,WT,unfiltered,up,1719,WT (DHX36KO DEGs)
48,379.746835443038,2.7440698649981745,0.14521656717701117,fragment,DHX36KO,WT,unfiltered,up,1719,WT (DHX36KO DEGs)
49,430.37974683544326,2.739951395111905,0.14437359709002587,fragment,DHX36KO,WT,unfiltered,up,1719,WT (DHX36KO DEGs)
50,481.0126582278481,2.7103345413205235,0.14180631935077642,fragment,DHX36KO,WT,unfiltered,up,1719,WT (DHX36KO DEGs)
51,531.6455696202534,2.678715909658672,0.13945948577907552,fragment,DHX36KO,WT,unfiltered,up,1719,WT (DHX36KO DEGs)
52,582.2784810126582,2.652964681238774,0.13673750460193984,fragment,DHX36KO,WT,unfiltered,up,1719,WT (DHX36KO DEGs)
53,632.9113924050635,2.6374774633092843,0.13305207050725587,fragment,DHX36KO,WT,unfiltered,up,1719,WT (DHX36KO DEGs)
54,683.5443037974683,2.639905803755131,0.13313663708222373,fragment,DHX36KO,WT,unfiltered,up,1719,WT (DHX36KO DEGs)
55,734.1772151898736,2.652959997872639,0.1316706596572291,fragment,DHX36KO,WT,unfiltered,up,1719,WT (DHX36KO DEGs)
56,784.8101265822784,2.6818422898747833,0.13209630946741613,fragment,DHX36KO,WT,unfiltered,up,1719,WT (DHX36KO DEGs)
57,835.4430379746836,2.701254391487148,0.13375817118502056,fragment,DHX36KO,WT,unfiltered,up,1719,WT (DHX36KO DEGs)
58,886.0759493670885,2.7085759877908915,0.13975634041099447,fragment,DHX36KO,WT,unfiltered,up,1719,WT (DHX36KO DEGs)
59,936.7088607594937,2.6733095003209977,0.15118870461047207,fragment,DHX36KO,WT,unfiltered,up,1719,WT (DHX36KO DEGs)
60,987.3417721518986,2.6679009112702428,0.1659130193612749,fragment,DHX36KO,WT,unfiltered,up,1719,WT (DHX36KO DEGs)
61,1037.9746835443038,2.6548418985916613,0.17790378926939363,fragment,DHX36KO,WT,unfiltered,up,1719,WT (DHX36KO DEGs)
62,1088.6075949367087,2.666091189700225,0.1940828759421638,fragment,DHX36KO,WT,unfiltered,up,1719,WT (DHX36KO DEGs)
63,1139.240506329114,2.6876006974437936,0.19901000903333727,fragment,DHX36KO,WT,unfiltered,up,1719,WT (DHX36KO DEGs)
64,1189.8734177215188,2.703264014644634,0.1951492065576023,fragment,DHX36KO,WT,unfiltered,up,1719,WT (DHX36KO DEGs)
65,1240.506329113924,2.6953397023157715,0.18643837688076234,fragment,DHX36KO,WT,unfiltered,up,1719,WT (DHX36KO DEGs)
66,1291.1392405063293,2.6617476272680096,0.1711785946607671,fragment,DHX36KO,WT,unfiltered,up,1719,WT (DHX36KO DEGs)
67,1341.7721518987341,2.5966866077164568,0.15264924836476745,fragment,DHX36KO,WT,unfiltered,up,1719,WT (DHX36KO DEGs)
68,1392.4050632911394,2.510526738417849,0.13244743675314458,fragment,DHX36KO,WT,unfiltered,up,1719,WT (DHX36KO DEGs)
69,1443.0379746835442,2.4105357716844966,0.1157306977747432,fragment,DHX36KO,WT,unfiltered,up,1719,WT (DHX36KO DEGs)
70,1493.6708860759495,2.3301702937512103,0.1077301801895865,fragment,DHX36KO,WT,unfiltered,up,1719,WT (DHX36KO DEGs)
71,1544.3037974683543,2.287512572629983,0.10110630121374506,fragment,DHX36KO,WT,unfiltered,up,1719,WT (DHX36KO DEGs)
72,1594.9367088607596,2.280092506973647,0.10197853441544909,fragment,DHX36KO,WT,unfiltered,up,1719,WT (DHX36KO DEGs)
73,1645.5696202531644,2.2729643201065173,0.10415964266493669,fragment,DHX36KO,WT,unfiltered,up,1719,WT (DHX36KO DEGs)
74,1696.2025316455697,2.2614868580858123,0.1059951247652747,fragment,DHX36KO,WT,unfiltered,up,1719,WT (DHX36KO DEGs)
75,1746.8354430379745,2.251631907794465,0.1055882645717885,fragment,DHX36KO,WT,unfiltered,up,1719,WT (DHX36KO DEGs)
76,1797.4683544303798,2.2631958386291013,0.1075288551346994,fragment,DHX36KO,WT,unfiltered,up,1719,WT (DHX36KO DEGs)
77,1848.1012658227846,2.2781922247203164,0.11226018424563637,fragment,DHX36KO,WT,unfiltered,up,1719,WT (DHX36KO DEGs)
78,1898.73417721519,2.3095058488947537,0.12458941127376762,fragment,DHX36KO,WT,unfiltered,up,1719,WT (DHX36KO DEGs)
79,1949.3670886075947,2.291735889077626,0.12554943199073437,fragment,DHX36KO,WT,unfiltered,up,1719,WT (DHX36KO DEGs)
80,2000,2.2449254765333952,0.1210500040680903,fragment,DHX36KO,WT,unfiltered,up,1719,WT (DHX36KO DEGs)
1,-2000,2.6000453561102903,0.18482236696535892,fragment,DHX36KO,WT,unfiltered,down,1517,WT (DHX36KO DEGs)
2,-1949.367088607595,2.5595136614992717,0.178168229612955,fragment,DHX36KO,WT,unfiltered,down,1517,WT (DHX36KO DEGs)
3,-1898.73417721519,2.514072151621393,0.1691203595855915,fragment,DHX36KO,WT,unfiltered,down,1517,WT (DHX36KO DEGs)
4,-1848.1012658227849,2.5075064178113373,0.16342752427188362,fragment,DHX36KO,WT,unfiltered,down,1517,WT (DHX36KO DEGs)
5,-1797.4683544303798,2.5439721277235257,0.17608051214944062,fragment,DHX36KO,WT,unfiltered,down,1517,WT (DHX36KO DEGs)
6,-1746.8354430379748,2.5717584819069406,0.19095489939296706,fragment,DHX36KO,WT,unfiltered,down,1517,WT (DHX36KO DEGs)
7,-1696.2025316455697,2.5508235860217816,0.18599333329874898,fragment,DHX36KO,WT,unfiltered,down,1517,WT (DHX36KO DEGs)
8,-1645.5696202531644,2.5461431587231225,0.17735215239510302,fragment,DHX36KO,WT,unfiltered,down,1517,WT (DHX36KO DEGs)
9,-1594.9367088607596,2.550646008462292,0.17286655945916424,fragment,DHX36KO,WT,unfiltered,down,1517,WT (DHX36KO DEGs)
10,-1544.3037974683543,2.569102901216642,0.16810642994931801,fragment,DHX36KO,WT,unfiltered,down,1517,WT (DHX36KO DEGs)
11,-1493.6708860759495,2.560044833363364,0.15852092890264385,fragment,DHX36KO,WT,unfiltered,down,1517,WT (DHX36KO DEGs)
12,-1443.0379746835442,2.5693081908319573,0.15192195394749267,fragment,DHX36KO,WT,unfiltered,down,1517,WT (DHX36KO DEGs)
13,-1392.4050632911392,2.5996014836504138,0.1591726890148637,fragment,DHX36KO,WT,unfiltered,down,1517,WT (DHX36KO DEGs)
14,-1341.7721518987341,2.6465091191760446,0.18566450272611398,fragment,DHX36KO,WT,unfiltered,down,1517,WT (DHX36KO DEGs)
15,-1291.139240506329,2.651136604868651,0.19438594346611962,fragment,DHX36KO,WT,unfiltered,down,1517,WT (DHX36KO DEGs)
16,-1240.506329113924,2.68356089876968,0.19672136500851015,fragment,DHX36KO,WT,unfiltered,down,1517,WT (DHX36KO DEGs)
17,-1189.873417721519,2.742877387563703,0.1973936492790865,fragment,DHX36KO,WT,unfiltered,down,1517,WT (DHX36KO DEGs)
18,-1139.240506329114,2.8144882169555103,0.20299203507261465,fragment,DHX36KO,WT,unfiltered,down,1517,WT (DHX36KO DEGs)
19,-1088.607594936709,2.840314926231244,0.20802944871680631,fragment,DHX36KO,WT,unfiltered,down,1517,WT (DHX36KO DEGs)
20,-1037.9746835443038,2.8692409403598496,0.21111000166964866,fragment,DHX36KO,WT,unfiltered,down,1517,WT (DHX36KO DEGs)
21,-987.3417721518988,2.8162221893200376,0.202302326478086,fragment,DHX36KO,WT,unfiltered,down,1517,WT (DHX36KO DEGs)
22,-936.7088607594937,2.7560192203979015,0.1887413692473469,fragment,DHX36KO,WT,unfiltered,down,1517,WT (DHX36KO DEGs)
23,-886.0759493670887,2.6971755752072553,0.17750184352715548,fragment,DHX36KO,WT,unfiltered,down,1517,WT (DHX36KO DEGs)
24,-835.4430379746836,2.6410302948920186,0.16772052366035609,fragment,DHX36KO,WT,unfiltered,down,1517,WT (DHX36KO DEGs)
25,-784.8101265822784,2.6485236306895863,0.16417142657048137,fragment,DHX36KO,WT,unfiltered,down,1517,WT (DHX36KO DEGs)
26,-734.1772151898733,2.6513061115182475,0.16246287802301054,fragment,DHX36KO,WT,unfiltered,down,1517,WT (DHX36KO DEGs)
27,-683.5443037974683,2.6181983001170126,0.1553914642603153,fragment,DHX36KO,WT,unfiltered,down,1517,WT (DHX36KO DEGs)
28,-632.9113924050632,2.633039753951093,0.15285052941290547,fragment,DHX36KO,WT,unfiltered,down,1517,WT (DHX36KO DEGs)
29,-582.2784810126582,2.63234784341731,0.14877236265290703,fragment,DHX36KO,WT,unfiltered,down,1517,WT (DHX36KO DEGs)
30,-531.6455696202531,2.6173357799554626,0.14872684424455018,fragment,DHX36KO,WT,unfiltered,down,1517,WT (DHX36KO DEGs)
31,-481.0126582278481,2.5984998269707646,0.14451626503970652,fragment,DHX36KO,WT,unfiltered,down,1517,WT (DHX36KO DEGs)
32,-430.37974683544303,2.64087081764373,0.1569532607911146,fragment,DHX36KO,WT,unfiltered,down,1517,WT (DHX36KO DEGs)
33,-379.746835443038,2.776153628678444,0.20617462576107157,fragment,DHX36KO,WT,unfiltered,down,1517,WT (DHX36KO DEGs)
34,-329.11392405063293,2.9257278164290876,0.2495562834310098,fragment,DHX36KO,WT,unfiltered,down,1517,WT (DHX36KO DEGs)
35,-278.4810126582279,3.0051206737015614,0.2707521637939183,fragment,DHX36KO,WT,unfiltered,down,1517,WT (DHX36KO DEGs)
36,-227.84810126582283,3.021583657259979,0.2712352315230422,fragment,DHX36KO,WT,unfiltered,down,1517,WT (DHX36KO DEGs)
37,-177.21518987341778,3.000534029753856,0.2714277974196173,fragment,DHX36KO,WT,unfiltered,down,1517,WT (DHX36KO DEGs)
38,-126.58227848101274,2.9254786906245522,0.26597261349563567,fragment,DHX36KO,WT,unfiltered,down,1517,WT (DHX36KO DEGs)
39,-75.94936708860769,2.8149170434464432,0.24992218344853484,fragment,DHX36KO,WT,unfiltered,down,1517,WT (DHX36KO DEGs)
40,-25.316455696202638,2.706850837937423,0.22278194296813983,fragment,DHX36KO,WT,unfiltered,down,1517,WT (DHX36KO DEGs)
41,25.31645569620241,2.672652646506064,0.20756036443166,fragment,DHX36KO,WT,unfiltered,down,1517,WT (DHX36KO DEGs)
42,75.94936708860769,2.5873991353943864,0.1895532044574942,fragment,DHX36KO,WT,unfiltered,down,1517,WT (DHX36KO DEGs)
43,126.58227848101251,2.562772577027585,0.18308578715150897,fragment,DHX36KO,WT,unfiltered,down,1517,WT (DHX36KO DEGs)
44,177.21518987341778,2.5139627108146065,0.16924698030506274,fragment,DHX36KO,WT,unfiltered,down,1517,WT (DHX36KO DEGs)
45,227.8481012658226,2.4329863889644177,0.15394658218961862,fragment,DHX36KO,WT,unfiltered,down,1517,WT (DHX36KO DEGs)
46,278.4810126582279,2.3513095548018366,0.14599741518647366,fragment,DHX36KO,WT,unfiltered,down,1517,WT (DHX36KO DEGs)
47,329.1139240506327,2.294766683559569,0.13995004447804013,fragment,DHX36KO,WT,unfiltered,down,1517,WT (DHX36KO DEGs)
48,379.746835443038,2.2436751540801514,0.12670637280416633,fragment,DHX36KO,WT,unfiltered,down,1517,WT (DHX36KO DEGs)
49,430.37974683544326,2.186500840015197,0.11472426125533432,fragment,DHX36KO,WT,unfiltered,down,1517,WT (DHX36KO DEGs)
50,481.0126582278481,2.144456452163334,0.10291329535987506,fragment,DHX36KO,WT,unfiltered,down,1517,WT (DHX36KO DEGs)
51,531.6455696202534,2.1397735209639532,0.09762293335398411,fragment,DHX36KO,WT,unfiltered,down,1517,WT (DHX36KO DEGs)
52,582.2784810126582,2.1607058873767366,0.10033381802584393,fragment,DHX36KO,WT,unfiltered,down,1517,WT (DHX36KO DEGs)
53,632.9113924050635,2.161200895925994,0.10617942744821525,fragment,DHX36KO,WT,unfiltered,down,1517,WT (DHX36KO DEGs)
54,683.5443037974683,2.1886844895304405,0.11316052427720778,fragment,DHX36KO,WT,unfiltered,down,1517,WT (DHX36KO DEGs)
55,734.1772151898736,2.1995722041643067,0.1202432437925123,fragment,DHX36KO,WT,unfiltered,down,1517,WT (DHX36KO DEGs)
56,784.8101265822784,2.181403906880968,0.12329685624020374,fragment,DHX36KO,WT,unfiltered,down,1517,WT (DHX36KO DEGs)
57,835.4430379746836,2.1749353619253613,0.12391469032111666,fragment,DHX36KO,WT,unfiltered,down,1517,WT (DHX36KO DEGs)
58,886.0759493670885,2.1913486844653387,0.12265672714374601,fragment,DHX36KO,WT,unfiltered,down,1517,WT (DHX36KO DEGs)
59,936.7088607594937,2.184249311378078,0.11311979083130587,fragment,DHX36KO,WT,unfiltered,down,1517,WT (DHX36KO DEGs)
60,987.3417721518986,2.1641726667387986,0.10609790126396329,fragment,DHX36KO,WT,unfiltered,down,1517,WT (DHX36KO DEGs)
61,1037.9746835443038,2.158610066611195,0.10304607412516147,fragment,DHX36KO,WT,unfiltered,down,1517,WT (DHX36KO DEGs)
62,1088.6075949367087,2.1206383103027124,0.09783009368790181,fragment,DHX36KO,WT,unfiltered,down,1517,WT (DHX36KO DEGs)
63,1139.240506329114,2.092806788447988,0.09656760585768821,fragment,DHX36KO,WT,unfiltered,down,1517,WT (DHX36KO DEGs)
64,1189.8734177215188,2.069789327744138,0.09562214793228167,fragment,DHX36KO,WT,unfiltered,down,1517,WT (DHX36KO DEGs)
65,1240.506329113924,2.0215421459751575,0.09331931691580832,fragment,DHX36KO,WT,unfiltered,down,1517,WT (DHX36KO DEGs)
66,1291.1392405063293,2.01275064732137,0.09384061015492995,fragment,DHX36KO,WT,unfiltered,down,1517,WT (DHX36KO DEGs)
67,1341.7721518987341,1.9689930223908794,0.09668559787542005,fragment,DHX36KO,WT,unfiltered,down,1517,WT (DHX36KO DEGs)
68,1392.4050632911394,1.9576908727597306,0.09814547158638298,fragment,DHX36KO,WT,unfiltered,down,1517,WT (DHX36KO DEGs)
69,1443.0379746835442,1.9368830320438801,0.09670499727439649,fragment,DHX36KO,WT,unfiltered,down,1517,WT (DHX36KO DEGs)
70,1493.6708860759495,1.9466446897524163,0.09588338200094232,fragment,DHX36KO,WT,unfiltered,down,1517,WT (DHX36KO DEGs)
71,1544.3037974683543,1.993726566931663,0.10061680746491597,fragment,DHX36KO,WT,unfiltered,down,1517,WT (DHX36KO DEGs)
72,1594.9367088607596,2.017472070501805,0.10656087144317397,fragment,DHX36KO,WT,unfiltered,down,1517,WT (DHX36KO DEGs)
73,1645.5696202531644,2.042252094540121,0.11978701138019267,fragment,DHX36KO,WT,unfiltered,down,1517,WT (DHX36KO DEGs)
74,1696.2025316455697,2.090654229669449,0.13218338341446653,fragment,DHX36KO,WT,unfiltered,down,1517,WT (DHX36KO DEGs)
75,1746.8354430379745,2.1648766208504453,0.14320818185002104,fragment,DHX36KO,WT,unfiltered,down,1517,WT (DHX36KO DEGs)
76,1797.4683544303798,2.2372287527068373,0.14786270706159668,fragment,DHX36KO,WT,unfiltered,down,1517,WT (DHX36KO DEGs)
77,1848.1012658227846,2.256218731178388,0.15095010434186246,fragment,DHX36KO,WT,unfiltered,down,1517,WT (DHX36KO DEGs)
78,1898.73417721519,2.2623518500304938,0.15004644190605695,fragment,DHX36KO,WT,unfiltered,down,1517,WT (DHX36KO DEGs)
79,1949.3670886075947,2.2772257033684267,0.1523829503449803,fragment,DHX36KO,WT,unfiltered,down,1517,WT (DHX36KO DEGs)
80,2000,2.2901219249702005,0.14862467227222143,fragment,DHX36KO,WT,unfiltered,down,1517,WT (DHX36KO DEGs)
1,-2000,2.867431154629795,0.3785213850234372,gene,DHX36KO,WT,pooled,up,149,WT (DHX36KO DEGs)
2,-1949.367088607595,3.0131965894613755,0.3729544206221887,gene,DHX36KO,WT,pooled,up,149,WT (DHX36KO DEGs)
3,-1898.73417721519,3.2395138971650894,0.40321274344803254,gene,DHX36KO,WT,pooled,up,149,WT (DHX36KO DEGs)
4,-1848.1012658227849,3.4965274576906125,0.4564405435036632,gene,DHX36KO,WT,pooled,up,149,WT (DHX36KO DEGs)
5,-1797.4683544303798,3.7792592009655315,0.5542017587623806,gene,DHX36KO,WT,pooled,up,149,WT (DHX36KO DEGs)
6,-1746.8354430379748,3.8974321732478385,0.6636942821162716,gene,DHX36KO,WT,pooled,up,149,WT (DHX36KO DEGs)
7,-1696.2025316455697,3.952832982236107,0.7245391768321499,gene,DHX36KO,WT,pooled,up,149,WT (DHX36KO DEGs)
8,-1645.5696202531644,4.023391359129741,0.7069684936029507,gene,DHX36KO,WT,pooled,up,149,WT (DHX36KO DEGs)
9,-1594.9367088607596,3.9872741536859433,0.6282372380044691,gene,DHX36KO,WT,pooled,up,149,WT (DHX36KO DEGs)
10,-1544.3037974683543,4.250654380454846,0.7364577661173091,gene,DHX36KO,WT,pooled,up,149,WT (DHX36KO DEGs)
11,-1493.6708860759495,4.600460262090568,1.1032058184754272,gene,DHX36KO,WT,pooled,up,149,WT (DHX36KO DEGs)
12,-1443.0379746835442,4.790469162304129,1.2624688805983855,gene,DHX36KO,WT,pooled,up,149,WT (DHX36KO DEGs)
13,-1392.4050632911392,4.891689155485806,1.3630346263922595,gene,DHX36KO,WT,pooled,up,149,WT (DHX36KO DEGs)
14,-1341.7721518987341,4.839005347028942,1.3918953669452974,gene,DHX36KO,WT,pooled,up,149,WT (DHX36KO DEGs)
15,-1291.139240506329,4.69530513702623,1.1722915480877554,gene,DHX36KO,WT,pooled,up,149,WT (DHX36KO DEGs)
16,-1240.506329113924,4.473833302454127,0.7736006544215549,gene,DHX36KO,WT,pooled,up,149,WT (DHX36KO DEGs)
17,-1189.873417721519,4.381714604183598,0.5635820068116715,gene,DHX36KO,WT,pooled,up,149,WT (DHX36KO DEGs)
18,-1139.240506329114,4.549857768639089,0.6548865905228253,gene,DHX36KO,WT,pooled,up,149,WT (DHX36KO DEGs)
19,-1088.607594936709,4.80012778018145,0.8513557163838308,gene,DHX36KO,WT,pooled,up,149,WT (DHX36KO DEGs)
20,-1037.9746835443038,5.063975299871474,1.0463272626117706,gene,DHX36KO,WT,pooled,up,149,WT (DHX36KO DEGs)
21,-987.3417721518988,5.447598892954372,1.2236315713579282,gene,DHX36KO,WT,pooled,up,149,WT (DHX36KO DEGs)
22,-936.7088607594937,5.988665874953771,1.3812601284588628,gene,DHX36KO,WT,pooled,up,149,WT (DHX36KO DEGs)
23,-886.0759493670887,6.3166110285763235,1.4247865833186355,gene,DHX36KO,WT,pooled,up,149,WT (DHX36KO DEGs)
24,-835.4430379746836,6.39858684334979,1.2647683260065696,gene,DHX36KO,WT,pooled,up,149,WT (DHX36KO DEGs)
25,-784.8101265822784,6.677295119895764,1.2411641210499145,gene,DHX36KO,WT,pooled,up,149,WT (DHX36KO DEGs)
26,-734.1772151898733,6.857227530356755,1.2319406310466727,gene,DHX36KO,WT,pooled,up,149,WT (DHX36KO DEGs)
27,-683.5443037974683,7.012705936346545,1.2470625728990914,gene,DHX36KO,WT,pooled,up,149,WT (DHX36KO DEGs)
28,-632.9113924050632,6.940727555821139,1.156508099053424,gene,DHX36KO,WT,pooled,up,149,WT (DHX36KO DEGs)
29,-582.2784810126582,7.061519175199854,1.1555383952697675,gene,DHX36KO,WT,pooled,up,149,WT (DHX36KO DEGs)
30,-531.6455696202531,7.358576152036655,1.194280509005855,gene,DHX36KO,WT,pooled,up,149,WT (DHX36KO DEGs)
31,-481.0126582278481,8.211249310639614,1.3468118875892534,gene,DHX36KO,WT,pooled,up,149,WT (DHX36KO DEGs)
32,-430.37974683544303,8.835628308252467,1.4482098564292296,gene,DHX36KO,WT,pooled,up,149,WT (DHX36KO DEGs)
33,-379.746835443038,9.78679715349637,1.731122075552948,gene,DHX36KO,WT,pooled,up,149,WT (DHX36KO DEGs)
34,-329.11392405063293,10.985287709006794,2.1184806977219397,gene,DHX36KO,WT,pooled,up,149,WT (DHX36KO DEGs)
35,-278.4810126582279,12.333172669170686,2.346695286682161,gene,DHX36KO,WT,pooled,up,149,WT (DHX36KO DEGs)
36,-227.84810126582283,13.497255367662016,2.5036646359713988,gene,DHX36KO,WT,pooled,up,149,WT (DHX36KO DEGs)
37,-177.21518987341778,14.069016546376332,2.4214820345136205,gene,DHX36KO,WT,pooled,up,149,WT (DHX36KO DEGs)
38,-126.58227848101274,13.63075339889633,2.026464849601556,gene,DHX36KO,WT,pooled,up,149,WT (DHX36KO DEGs)
39,-75.94936708860769,13.083667742203279,1.7686508214205245,gene,DHX36KO,WT,pooled,up,149,WT (DHX36KO DEGs)
40,-25.316455696202638,13.011708310530489,1.7299831348416588,gene,DHX36KO,WT,pooled,up,149,WT (DHX36KO DEGs)
41,25.31645569620241,12.811388990761715,1.617201414841539,gene,DHX36KO,WT,pooled,up,149,WT (DHX36KO DEGs)
42,75.94936708860769,12.387345201089078,1.5409649716462208,gene,DHX36KO,WT,pooled,up,149,WT (DHX36KO DEGs)
43,126.58227848101251,11.809722227767542,1.3769906704331292,gene,DHX36KO,WT,pooled,up,149,WT (DHX36KO DEGs)
44,177.21518987341778,11.184188285802035,1.1616300941422069,gene,DHX36KO,WT,pooled,up,149,WT (DHX36KO DEGs)
45,227.8481012658226,10.428353307844542,1.063632835852282,gene,DHX36KO,WT,pooled,up,149,WT (DHX36KO DEGs)
46,278.4810126582279,9.927755064292242,1.1026887384750086,gene,DHX36KO,WT,pooled,up,149,WT (DHX36KO DEGs)
47,329.1139240506327,9.510063589104604,1.1070034209715325,gene,DHX36KO,WT,pooled,up,149,WT (DHX36KO DEGs)
48,379.746835443038,9.250578857172256,1.1001615836962846,gene,DHX36KO,WT,pooled,up,149,WT (DHX36KO DEGs)
49,430.37974683544326,8.857106402010992,1.0627071325920594,gene,DHX36KO,WT,pooled,up,149,WT (DHX36KO DEGs)
50,481.0126582278481,8.587944076919982,1.0434860781322357,gene,DHX36KO,WT,pooled,up,149,WT (DHX36KO DEGs)
51,531.6455696202534,8.27873287393476,1.036904503093904,gene,DHX36KO,WT,pooled,up,149,WT (DHX36KO DEGs)
52,582.2784810126582,7.923764929622078,0.9947383773023707,gene,DHX36KO,WT,pooled,up,149,WT (DHX36KO DEGs)
53,632.9113924050635,7.511854544832669,0.9598794183448353,gene,DHX36KO,WT,pooled,up,149,WT (DHX36KO DEGs)
54,683.5443037974683,7.29906895926068,0.9829787547739978,gene,DHX36KO,WT,pooled,up,149,WT (DHX36KO DEGs)
55,734.1772151898736,6.976685060420025,0.9483702819807482,gene,DHX36KO,WT,pooled,up,149,WT (DHX36KO DEGs)
56,784.8101265822784,6.600578600730938,0.9066789412954575,gene,DHX36KO,WT,pooled,up,149,WT (DHX36KO DEGs)
57,835.4430379746836,6.388475976678349,0.8425342229692376,gene,DHX36KO,WT,pooled,up,149,WT (DHX36KO DEGs)
58,886.0759493670885,6.03312906164451,0.7821821624991327,gene,DHX36KO,WT,pooled,up,149,WT (DHX36KO DEGs)
59,936.7088607594937,5.478304199153678,0.7098343018987019,gene,DHX36KO,WT,pooled,up,149,WT (DHX36KO DEGs)
60,987.3417721518986,5.096573737088999,0.6339525654472472,gene,DHX36KO,WT,pooled,up,149,WT (DHX36KO DEGs)
61,1037.9746835443038,4.554077577846963,0.5427601523258502,gene,DHX36KO,WT,pooled,up,149,WT (DHX36KO DEGs)
62,1088.6075949367087,4.12601546428881,0.48120689157728064,gene,DHX36KO,WT,pooled,up,149,WT (DHX36KO DEGs)
63,1139.240506329114,3.893599472653946,0.4408760577567444,gene,DHX36KO,WT,pooled,up,149,WT (DHX36KO DEGs)
64,1189.8734177215188,3.8492787779044253,0.4356991753902697,gene,DHX36KO,WT,pooled,up,149,WT (DHX36KO DEGs)
65,1240.506329113924,3.72636960760859,0.40124930295572164,gene,DHX36KO,WT,pooled,up,149,WT (DHX36KO DEGs)
66,1291.1392405063293,3.5694009312207267,0.3763365097764738,gene,DHX36KO,WT,pooled,up,149,WT (DHX36KO DEGs)
67,1341.7721518987341,3.351433999853113,0.3483624125885887,gene,DHX36KO,WT,pooled,up,149,WT (DHX36KO DEGs)
68,1392.4050632911394,3.1759587642490463,0.3185615947487192,gene,DHX36KO,WT,pooled,up,149,WT (DHX36KO DEGs)
69,1443.0379746835442,2.9441151268050176,0.29616683426712725,gene,DHX36KO,WT,pooled,up,149,WT (DHX36KO DEGs)
70,1493.6708860759495,2.808916776014921,0.2687089157977792,gene,DHX36KO,WT,pooled,up,149,WT (DHX36KO DEGs)
71,1544.3037974683543,2.6955184772137293,0.2569890113665311,gene,DHX36KO,WT,pooled,up,149,WT (DHX36KO DEGs)
72,1594.9367088607596,2.6281643273313042,0.25170028329065774,gene,DHX36KO,WT,pooled,up,149,WT (DHX36KO DEGs)
73,1645.5696202531644,2.5469094568984354,0.293319693995554,gene,DHX36KO,WT,pooled,up,149,WT (DHX36KO DEGs)
74,1696.2025316455697,2.572165471670078,0.40694730407887936,gene,DHX36KO,WT,pooled,up,149,WT (DHX36KO DEGs)
75,1746.8354430379745,2.5383339674094114,0.4069995326328029,gene,DHX36KO,WT,pooled,up,149,WT (DHX36KO DEGs)
76,1797.4683544303798,2.527425073761268,0.3704801745560327,gene,DHX36KO,WT,pooled,up,149,WT (DHX36KO DEGs)
77,1848.1012658227846,2.438638595878678,0.3079129036497095,gene,DHX36KO,WT,pooled,up,149,WT (DHX36KO DEGs)
78,1898.73417721519,2.4162441728259094,0.29316089656033906,gene,DHX36KO,WT,pooled,up,149,WT (DHX36KO DEGs)
79,1949.3670886075947,2.483161703617514,0.28442243673810813,gene,DHX36KO,WT,pooled,up,149,WT (DHX36KO DEGs)
80,2000,2.4704565699255174,0.291920193921253,gene,DHX36KO,WT,pooled,up,149,WT (DHX36KO DEGs)
1,-2000,5.519771911577247,1.3551193958085286,gene,DHX36KO,WT,pooled,down,87,WT (DHX36KO DEGs)
2,-1949.367088607595,4.952397152564535,0.9057313078839045,gene,DHX36KO,WT,pooled,down,87,WT (DHX36KO DEGs)
3,-1898.73417721519,4.638099760150544,0.748999327269131,gene,DHX36KO,WT,pooled,down,87,WT (DHX36KO DEGs)
4,-1848.1012658227849,4.48878233520464,0.7013722761358138,gene,DHX36KO,WT,pooled,down,87,WT (DHX36KO DEGs)
5,-1797.4683544303798,4.511254548980816,0.6858048845313349,gene,DHX36KO,WT,pooled,down,87,WT (DHX36KO DEGs)
6,-1746.8354430379748,4.594600988804609,0.6845991802952445,gene,DHX36KO,WT,pooled,down,87,WT (DHX36KO DEGs)
7,-1696.2025316455697,4.803241859907391,0.7428399696642267,gene,DHX36KO,WT,pooled,down,87,WT (DHX36KO DEGs)
8,-1645.5696202531644,5.251181451671425,0.9881553746859559,gene,DHX36KO,WT,pooled,down,87,WT (DHX36KO DEGs)
9,-1594.9367088607596,5.442029518030612,1.1724204085069592,gene,DHX36KO,WT,pooled,down,87,WT (DHX36KO DEGs)
10,-1544.3037974683543,5.556645547000842,1.2430277857478658,gene,DHX36KO,WT,pooled,down,87,WT (DHX36KO DEGs)
11,-1493.6708860759495,5.626463144519777,1.236102016705849,gene,DHX36KO,WT,pooled,down,87,WT (DHX36KO DEGs)
12,-1443.0379746835442,5.795933341304004,1.2589677133421995,gene,DHX36KO,WT,pooled,down,87,WT (DHX36KO DEGs)
13,-1392.4050632911392,5.8848015860396785,1.2058834078508354,gene,DHX36KO,WT,pooled,down,87,WT (DHX36KO DEGs)
14,-1341.7721518987341,5.883670122815275,1.1884349292857108,gene,DHX36KO,WT,pooled,down,87,WT (DHX36KO DEGs)
15,-1291.139240506329,5.841997641046385,1.0636397168578844,gene,DHX36KO,WT,pooled,down,87,WT (DHX36KO DEGs)
16,-1240.506329113924,6.337595574718782,1.0715427892532379,gene,DHX36KO,WT,pooled,down,87,WT (DHX36KO DEGs)
17,-1189.873417721519,6.682934531928022,1.1186032056283355,gene,DHX36KO,WT,pooled,down,87,WT (DHX36KO DEGs)
18,-1139.240506329114,6.686697529960866,1.1045375451448534,gene,DHX36KO,WT,pooled,down,87,WT (DHX36KO DEGs)
19,-1088.607594936709,6.811564983599944,1.1390350719322864,gene,DHX36KO,WT,pooled,down,87,WT (DHX36KO DEGs)
20,-1037.9746835443038,7.751562640146277,1.492514938715464,gene,DHX36KO,WT,pooled,down,87,WT (DHX36KO DEGs)
21,-987.3417721518988,8.168060095766952,1.6718033660930054,gene,DHX36KO,WT,pooled,down,87,WT (DHX36KO DEGs)
22,-936.7088607594937,8.103690751475849,1.6745587981168466,gene,DHX36KO,WT,pooled,down,87,WT (DHX36KO DEGs)
23,-886.0759493670887,8.098163164776404,1.5449599208173668,gene,DHX36KO,WT,pooled,down,87,WT (DHX36KO DEGs)
24,-835.4430379746836,7.955778474889953,1.3777964031983176,gene,DHX36KO,WT,pooled,down,87,WT (DHX36KO DEGs)
25,-784.8101265822784,8.233668379244676,1.309533783556493,gene,DHX36KO,WT,pooled,down,87,WT (DHX36KO DEGs)
26,-734.1772151898733,8.662076355305668,1.2768322962149266,gene,DHX36KO,WT,pooled,down,87,WT (DHX36KO DEGs)
27,-683.5443037974683,9.4611426287044509,1.3101523828898842,gene,DHX36KO,WT,pooled,down,87,WT (DHX36KO DEGs)
28,-632.9113924050632,10.023963574787667,1.2769159380884842,gene,DHX36KO,WT,pooled,down,87,WT (DHX36KO DEGs)
29,-582.2784810126582,10.392900534315585,1.2579380909039515,gene,DHX36KO,WT,pooled,down,87,WT (DHX36KO DEGs)
30,-531.6455696202531,10.733886105539241,1.281575844772797,gene,DHX36KO,WT,pooled,down,87,WT (DHX36KO DEGs)
31,-481.0126582278481,10.902137325531678,1.2857238729224034,gene,DHX36KO,WT,pooled,down,87,WT (DHX36KO DEGs)
32,-430.37974683544303,11.363978719026193,1.4595711298795917,gene,DHX36KO,WT,pooled,down,87,WT (DHX36KO DEGs)
33,-379.746835443038,13.229236972816146,2.247703388049899,gene,DHX36KO,WT,pooled,down,87,WT (DHX36KO DEGs)
34,-329.11392405063293,15.438778973886336,3.010882272756751,gene,DHX36KO,WT,pooled,down,87,WT (DHX36KO DEGs)
35,-278.4810126582279,16.734254256482327,3.5354782153732254,gene,DHX36KO,WT,pooled,down,87,WT (DHX36KO DEGs)
36,-227.84810126582283,17.263746627144428,3.6305793237876287,gene,DHX36KO,WT,pooled,down,87,WT (DHX36KO DEGs)
37,-177.21518987341778,17.82653039407913,3.6861052959753575,gene,DHX36KO,WT,pooled,down,87,WT (DHX36KO DEGs)
38,-126.58227848101274,17.911423974731417,3.6796345324550286,gene,DHX36KO,WT,pooled,down,87,WT (DHX36KO DEGs)
39,-75.94936708860769,17.83324348669856,3.521276880654295,gene,DHX36KO,WT,pooled,down,87,WT (DHX36KO DEGs)
40,-25.316455696202638,17.583976412002155,3.111741788133815,gene,DHX36KO,WT,pooled,down,87,WT (DHX36KO DEGs)
41,25.31645569620241,17.46562069763169,2.85589573198709,gene,DHX36KO,WT,pooled,down,87,WT (DHX36KO DEGs)
42,75.94936708860769,16.292284603082358,2.5642168869654443,gene,DHX36KO,WT,pooled,down,87,WT (DHX36KO DEGs)
43,126.58227848101251,15.619604845649894,2.454915787708829,gene,DHX36KO,WT,pooled,down,87,WT (DHX36KO DEGs)
44,177.21518987341778,14.667902259972816,2.1672124300618805,gene,DHX36KO,WT,pooled,down,87,WT (DHX36KO DEGs)
45,227.8481012658226,13.521737314494633,1.9244205627151734,gene,DHX36KO,WT,pooled,down,87,WT (DHX36KO DEGs)
46,278.4810126582279,12.958733889910453,1.8692675156779799,gene,DHX36KO,WT,pooled,down,87,WT (DHX36KO DEGs)
47,329.1139240506327,12.101854127321207,1.7869727856203672,gene,DHX36KO,WT,pooled,down,87,WT (DHX36KO DEGs)
48,379.746835443038,10.927876854344802,1.5319692538717815,gene,DHX36KO,WT,pooled,down,87,WT (DHX36KO DEGs)
49,430.37974683544326,9.607870401413505,1.313412431931677,gene,DHX36KO,WT,pooled,down,87,WT (DHX36KO DEGs)
50,481.0126582278481,8.451094649687581,1.1046889429488072,gene,DHX36KO,WT,pooled,down,87,WT (DHX36KO DEGs)
51,531.6455696202534,7.974941658069348,1.0011528094060143,gene,DHX36KO,WT,pooled,down,87,WT (DHX36KO DEGs)
52,582.2784810126582,8.032258914741064,1.0646786007800944,gene,DHX36KO,WT,pooled,down,87,WT (DHX36KO DEGs)
53,632.9113924050635,8.009871998015948,1.134411223463254,gene,DHX36KO,WT,pooled,down,87,WT (DHX36KO DEGs)
54,683.5443037974683,8.039860125839482,1.2583550927159526,gene,DHX36KO,WT,pooled,down,87,WT (DHX36KO DEGs)
55,734.1772151898736,8.289395187376103,1.4306363402203353,gene,DHX36KO,WT,pooled,down,87,WT (DHX36KO DEGs)
56,784.8101265822784,8.367677406214206,1.5523887332582311,gene,DHX36KO,WT,pooled,down,87,WT (DHX36KO DEGs)
57,835.4430379746836,8.401773407852057,1.6293458680218909,gene,DHX36KO,WT,pooled,down,87,WT (DHX36KO DEGs)
58,886.0759493670885,8.300367756182206,1.626828745677883,gene,DHX36KO,WT,pooled,down,87,WT (DHX36KO DEGs)
59,936.7088607594937,7.382027377872174,1.3826300422653053,gene,DHX36KO,WT,pooled,down,87,WT (DHX36KO DEGs)
60,987.3417721518986,6.623246960183213,1.150758896303149,gene,DHX36KO,WT,pooled,down,87,WT (DHX36KO DEGs)
61,1037.9746835443038,6.0220996681301076,0.9678368133924911,gene,DHX36KO,WT,pooled,down,87,WT (DHX36KO DEGs)
62,1088.6075949367087,5.413087710265455,0.767598954639464,gene,DHX36KO,WT,pooled,down,87,WT (DHX36KO DEGs)
63,1139.240506329114,5.060363952784702,0.7091716941601057,gene,DHX36KO,WT,pooled,down,87,WT (DHX36KO DEGs)
64,1189.8734177215188,4.869238124706736,0.6956531316217732,gene,DHX36KO,WT,pooled,down,87,WT (DHX36KO DEGs)
65,1240.506329113924,4.813901547280308,0.719486845925592,gene,DHX36KO,WT,pooled,down,87,WT (DHX36KO DEGs)
66,1291.1392405063293,4.6878545135008425,0.7466339007010367,gene,DHX36KO,WT,pooled,down,87,WT (DHX36KO DEGs)
67,1341.7721518987341,4.456642373503397,0.8599454430048525,gene,DHX36KO,WT,pooled,down,87,WT (DHX36KO DEGs)
68,1392.4050632911394,4.263851356058741,0.8908046533961143,gene,DHX36KO,WT,pooled,down,87,WT (DHX36KO DEGs)
69,1443.0379746835442,4.182862733789787,0.857935739107999,gene,DHX36KO,WT,pooled,down,87,WT (DHX36KO DEGs)
70,1493.6708860759495,4.244128353714486,0.8065659617563355,gene,DHX36KO,WT,pooled,down,87,WT (DHX36KO DEGs)
71,1544.3037974683543,4.081698355492048,0.7056253299549392,gene,DHX36KO,WT,pooled,down,87,WT (DHX36KO DEGs)
72,1594.9367088607596,3.7880473155171477,0.5960176553566043,gene,DHX36KO,WT,pooled,down,87,WT (DHX36KO DEGs)
73,1645.5696202531644,3.5438356716696786,0.5727895475426565,gene,DHX36KO,WT,pooled,down,87,WT (DHX36KO DEGs)
74,1696.2025316455697,3.356044960825836,0.553490544038534,gene,DHX36KO,WT,pooled,down,87,WT (DHX36KO DEGs)
75,1746.8354430379745,3.284204873271372,0.5326155645802373,gene,DHX36KO,WT,pooled,down,87,WT (DHX36KO DEGs)
76,1797.4683544303798,3.0393801436753107,0.4550204582933687,gene,DHX36KO,WT,pooled,down,87,WT (DHX36KO DEGs)
77,1848.1012658227846,2.787174301576797,0.38863389908846535,gene,DHX36KO,WT,pooled,down,87,WT (DHX36KO DEGs)
78,1898.73417721519,2.64867953423796,0.35359237214355255,gene,DHX36KO,WT,pooled,down,87,WT (DHX36KO DEGs)
79,1949.3670886075947,2.5768339068953563,0.33898682708879097,gene,DHX36KO,WT,pooled,down,87,WT (DHX36KO DEGs)
80,2000,2.5303619956970214,0.3347526072415516,gene,DHX36KO,WT,pooled,down,87,WT (DHX36KO DEGs)
1,-2000,2.3483987357032796,0.23148817192592683,gene,DHX36KO,WT,parallel,up,128,WT (DHX36KO DEGs)
2,-1949.367088607595,2.554599509574473,0.26178909970178676,gene,DHX36KO,WT,parallel,up,128,WT (DHX36KO DEGs)
3,-1898.73417721519,2.80644859685873,0.30486526716933715,gene,DHX36KO,WT,parallel,up,128,WT (DHX36KO DEGs)
4,-1848.1012658227849,3.0445967157930136,0.36137278320804617,gene,DHX36KO,WT,parallel,up,128,WT (DHX36KO DEGs)
5,-1797.4683544303798,3.310352784693241,0.47888723743823025,gene,DHX36KO,WT,parallel,up,128,WT (DHX36KO DEGs)
6,-1746.8354430379748,3.3647817317893107,0.5448541246949802,gene,DHX36KO,WT,parallel,up,128,WT (DHX36KO DEGs)
7,-1696.2025316455697,3.4207191763507825,0.5482639191215994,gene,DHX36KO,WT,parallel,up,128,WT (DHX36KO DEGs)
8,-1645.5696202531644,3.565912859980017,0.5616455487235321,gene,DHX36KO,WT,parallel,up,128,WT (DHX36KO DEGs)
9,-1594.9367088607596,3.774060951123635,0.6196940251052417,gene,DHX36KO,WT,parallel,up,128,WT (DHX36KO DEGs)
10,-1544.3037974683543,4.266326722732435,0.8190456408006226,gene,DHX36KO,WT,parallel,up,128,WT (DHX36KO DEGs)
11,-1493.6708860759495,4.735784509088844,1.2650032459674625,gene,DHX36KO,WT,parallel,up,128,WT (DHX36KO DEGs)
12,-1443.0379746835442,4.9440060828067365,1.4565879277863254,gene,DHX36KO,WT,parallel,up,128,WT (DHX36KO DEGs)
13,-1392.4050632911392,4.997630603443831,1.5766325575899374,gene,DHX36KO,WT,parallel,up,128,WT (DHX36KO DEGs)
14,-1341.7721518987341,4.946932351732006,1.6147870827205393,gene,DHX36KO,WT,parallel,up,128,WT (DHX36KO DEGs)
15,-1291.139240506329,4.766249718181789,1.3586914773425163,gene,DHX36KO,WT,parallel,up,128,WT (DHX36KO DEGs)
16,-1240.506329113924,4.550811527868112,0.890317761290114,gene,DHX36KO,WT,parallel,up,128,WT (DHX36KO DEGs)
17,-1189.873417721519,4.4411841859606405,0.6409469667383174,gene,DHX36KO,WT,parallel,up,128,WT (DHX36KO DEGs)
18,-1139.240506329114,4.690748074551423,0.7522847511790515,gene,DHX36KO,WT,parallel,up,128,WT (DHX36KO DEGs)
19,-1088.607594936709,5.071569152896603,0.9851382145113011,gene,DHX36KO,WT,parallel,up,128,WT (DHX36KO DEGs)
20,-1037.9746835443038,5.446942997016013,1.2117489298587436,gene,DHX36KO,WT,parallel,up,128,WT (DHX36KO DEGs)
21,-987.3417721518988,5.9228827340280015,1.4182828084807926,gene,DHX36KO,WT,parallel,up,128,WT (DHX36KO DEGs)
22,-936.7088607594937,6.5074201737158,1.601617603591273,gene,DHX36KO,WT,parallel,up,128,WT (DHX36KO DEGs)
23,-886.0759493670887,6.845049281263103,1.6519600509923846,gene,DHX36KO,WT,parallel,up,128,WT (DHX36KO DEGs)
24,-835.4430379746836,6.883369822471092,1.464342328969394,gene,DHX36KO,WT,parallel,up,128,WT (DHX36KO DEGs)
25,-784.8101265822784,7.211485327842335,1.4359413113652941,gene,DHX36KO,WT,parallel,up,128,WT (DHX36KO DEGs)
26,-734.1772151898733,7.394698785301298,1.425726171370241,gene,DHX36KO,WT,parallel,up,128,WT (DHX36KO DEGs)
27,-683.5443037974683,7.5392063991415,1.4433385328557644,gene,DHX36KO,WT,parallel,up,128,WT (DHX36KO DEGs)
28,-632.9113924050632,7.382952126543969,1.3379006594059706,gene,DHX36KO,WT,parallel,up,128,WT (DHX36KO DEGs)
29,-582.2784810126582,7.450963984845827,1.3358591308705015,gene,DHX36KO,WT,parallel,up,128,WT (DHX36KO DEGs)
30,-531.6455696202531,7.739049160368741,1.3801928903972234,gene,DHX36KO,WT,parallel,up,128,WT (DHX36KO DEGs)
31,-481.0126582278481,8.493918791618198,1.5364540365683486,gene,DHX36KO,WT,parallel,up,128,WT (DHX36KO DEGs)
32,-430.37974683544303,9.095886000897735,1.6389052049511992,gene,DHX36KO,WT,parallel,up,128,WT (DHX36KO DEGs)
33,-379.746835443038,10.097069843113422,1.9688882114571176,gene,DHX36KO,WT,parallel,up,128,WT (DHX36KO DEGs)
34,-329.11392405063293,11.312560366137573,2.415358040981231,gene,DHX36KO,WT,parallel,up,128,WT (DHX36KO DEGs)
35,-278.4810126582279,12.685490072897325,2.6622157495322107,gene,DHX36KO,WT,parallel,up,128,WT (DHX36KO DEGs)
36,-227.84810126582283,13.766751498971134,2.764787868246029,gene,DHX36KO,WT,parallel,up,128,WT (DHX36KO DEGs)
37,-177.21518987341778,14.137949207816273,2.5527557034096326,gene,DHX36KO,WT,parallel,up,128,WT (DHX36KO DEGs)
38,-126.58227848101274,13.484488137755543,1.9595061768352406,gene,DHX36KO,WT,parallel,up,128,WT (DHX36KO DEGs)
39,-75.94936708860769,12.708364219901462,1.5052774027323932,gene,DHX36KO,WT,parallel,up,128,WT (DHX36KO DEGs)
40,-25.316455696202638,12.408334863993028,1.3823872065814133,gene,DHX36KO,WT,parallel,up,128,WT (DHX36KO DEGs)
41,25.31645569620241,12.153056377004832,1.2786274314940127,gene,DHX36KO,WT,parallel,up,128,WT (DHX36KO DEGs)
42,75.94936708860769,11.715260246650626,1.256680757842074,gene,DHX36KO,WT,parallel,up,128,WT (DHX36KO DEGs)
43,126.58227848101251,11.191680864331623,1.1961033021820324,gene,DHX36KO,WT,parallel,up,128,WT (DHX36KO DEGs)
44,177.21518987341778,10.816020880267024,1.1889690029936095,gene,DHX36KO,WT,parallel,up,128,WT (DHX36KO DEGs)
45,227.8481012658226,10.095932015155752,1.1644645349484612,gene,DHX36KO,WT,parallel,up,128,WT (DHX36KO DEGs)
46,278.4810126582279,9.658537517723937,1.2406475595367532,gene,DHX36KO,WT,parallel,up,128,WT (DHX36KO DEGs)
47,329.1139240506327,9.405261473978559,1.25410426484428,gene,DHX36KO,WT,parallel,up,128,WT (DHX36KO DEGs)
48,379.746835443038,9.204955432942757,1.2505807352969907,gene,DHX36KO,WT,parallel,up,128,WT (DHX36KO DEGs)
49,430.37974683544326,8.834502737981577,1.20779816305098,gene,DHX36KO,WT,parallel,up,128,WT (DHX36KO DEGs)
50,481.0126582278481,8.569388452308873,1.1747857584485253,gene,DHX36KO,WT,parallel,up,128,WT (DHX36KO DEGs)
51,531.6455696202534,8.423361967559904,1.1688384394075384,gene,DHX36KO,WT,parallel,up,128,WT (DHX36KO DEGs)
52,582.2784810126582,8.14208053359141,1.112369929634461,gene,DHX36KO,WT,parallel,up,128,WT (DHX36KO DEGs)
53,632.9113924050635,7.710058046337217,1.0643695796269192,gene,DHX36KO,WT,parallel,up,128,WT (DHX36KO DEGs)
54,683.5443037974683,7.395792379975319,1.083575561725471,gene,DHX36KO,WT,parallel,up,128,WT (DHX36KO DEGs)
55,734.1772151898736,6.919648406722893,1.0394371387363472,gene,DHX36KO,WT,parallel,up,128,WT (DHX36KO DEGs)
56,784.8101265822784,6.462508097092311,0.9882496936857826,gene,DHX36KO,WT,parallel,up,128,WT (DHX36KO DEGs)
57,835.4430379746836,6.203108864103754,0.913537704830038,gene,DHX36KO,WT,parallel,up,128,WT (DHX36KO DEGs)
58,886.0759493670885,5.821523250043392,0.8543109386270744,gene,DHX36KO,WT,parallel,up,128,WT (DHX36KO DEGs)
59,936.7088607594937,5.322455942754944,0.7837392282673198,gene,DHX36KO,WT,parallel,up,128,WT (DHX36KO DEGs)
60,987.3417721518986,4.921605134643614,0.6897024888981702,gene,DHX36KO,WT,parallel,up,128,WT (DHX36KO DEGs)
61,1037.9746835443038,4.331860734261572,0.5768446585558066,gene,DHX36KO,WT,parallel,up,128,WT (DHX36KO DEGs)
62,1088.6075949367087,3.945780431261907,0.511915257294138,gene,DHX36KO,WT,parallel,up,128,WT (DHX36KO DEGs)
63,1139.240506329114,3.713129480642577,0.4574027827210546,gene,DHX36KO,WT,parallel,up,128,WT (DHX36KO DEGs)
64,1189.8734177215188,3.647418501333644,0.44288961317066344,gene,DHX36KO,WT,parallel,up,128,WT (DHX36KO DEGs)
65,1240.506329113924,3.50371281720077,0.3960305282395709,gene,DHX36KO,WT,parallel,up,128,WT (DHX36KO DEGs)
66,1291.1392405063293,3.390252690973381,0.38259667910869183,gene,DHX36KO,WT,parallel,up,128,WT (DHX36KO DEGs)
67,1341.7721518987341,3.2854727670301993,0.3837717632447626,gene,DHX36KO,WT,parallel,up,128,WT (DHX36KO DEGs)
68,1392.4050632911394,3.2678881737031045,0.3629966995273694,gene,DHX36KO,WT,parallel,up,128,WT (DHX36KO DEGs)
69,1443.0379746835442,3.0440800379216673,0.3357606285666566,gene,DHX36KO,WT,parallel,up,128,WT (DHX36KO DEGs)
70,1493.6708860759495,2.8823046226364872,0.3020841842666212,gene,DHX36KO,WT,parallel,up,128,WT (DHX36KO DEGs)
71,1544.3037974683543,2.7293951224473614,0.2866706259347809,gene,DHX36KO,WT,parallel,up,128,WT (DHX36KO DEGs)
72,1594.9367088607596,2.675715127872924,0.28328717141429766,gene,DHX36KO,WT,parallel,up,128,WT (DHX36KO DEGs)
73,1645.5696202531644,2.602045434980343,0.33315347081238444,gene,DHX36KO,WT,parallel,up,128,WT (DHX36KO DEGs)
74,1696.2025316455697,2.634597386084497,0.46829790811948235,gene,DHX36KO,WT,parallel,up,128,WT (DHX36KO DEGs)
75,1746.8354430379745,2.595700660869479,0.46839213791479695,gene,DHX36KO,WT,parallel,up,128,WT (DHX36KO DEGs)
76,1797.4683544303798,2.5932031832945843,0.42409629647085845,gene,DHX36KO,WT,parallel,up,128,WT (DHX36KO DEGs)
77,1848.1012658227846,2.532655665737887,0.34943816607237016,gene,DHX36KO,WT,parallel,up,128,WT (DHX36KO DEGs)
78,1898.73417721519,2.5030637202908594,0.32898595564715144,gene,DHX36KO,WT,parallel,up,128,WT (DHX36KO DEGs)
79,1949.3670886075947,2.5724772821366786,0.3182138459555283,gene,DHX36KO,WT,parallel,up,128,WT (DHX36KO DEGs)
80,2000,2.575058733752618,0.3325990051045844,gene,DHX36KO,WT,parallel,up,128,WT (DHX36KO DEGs)
1,-2000,5.890928103818613,1.6784888548206383,gene,DHX36KO,WT,parallel,down,68,WT (DHX36KO DEGs)
2,-1949.367088607595,5.191470319955957,1.0731748189253965,gene,DHX36KO,WT,parallel,down,68,WT (DHX36KO DEGs)
3,-1898.73417721519,4.84949754440317,0.8704002832623381,gene,DHX36KO,WT,parallel,down,68,WT (DHX36KO DEGs)
4,-1848.1012658227849,4.697866160226803,0.8230225618879045,gene,DHX36KO,WT,parallel,down,68,WT (DHX36KO DEGs)
5,-1797.4683544303798,4.755599102377891,0.8228689407198269,gene,DHX36KO,WT,parallel,down,68,WT (DHX36KO DEGs)
6,-1746.8354430379748,4.866286058227221,0.8374276712514279,gene,DHX36KO,WT,parallel,down,68,WT (DHX36KO DEGs)
7,-1696.2025316455697,5.140977376909817,0.9171176889985857,gene,DHX36KO,WT,parallel,down,68,WT (DHX36KO DEGs)
8,-1645.5696202531644,5.684641080627254,1.2271077609538692,gene,DHX36KO,WT,parallel,down,68,WT (DHX36KO DEGs)
9,-1594.9367088607596,5.87142482269044,1.4461913183839947,gene,DHX36KO,WT,parallel,down,68,WT (DHX36KO DEGs)
10,-1544.3037974683543,6.064617770115534,1.5429476204146084,gene,DHX36KO,WT,parallel,down,68,WT (DHX36KO DEGs)
11,-1493.6708860759495,6.062043996628593,1.5451526111127818,gene,DHX36KO,WT,parallel,down,68,WT (DHX36KO DEGs)
12,-1443.0379746835442,6.134984903160263,1.561894284351416,gene,DHX36KO,WT,parallel,down,68,WT (DHX36KO DEGs)
13,-1392.4050632911392,6.066910658396926,1.4812394911105808,gene,DHX36KO,WT,parallel,down,68,WT (DHX36KO DEGs)
14,-1341.7721518987341,5.857080609412754,1.4266540975797222,gene,DHX36KO,WT,parallel,down,68,WT (DHX36KO DEGs)
15,-1291.139240506329,5.729644849428944,1.2465050191053184,gene,DHX36KO,WT,parallel,down,68,WT (DHX36KO DEGs)
16,-1240.506329113924,6.081904329949734,1.2127671164935874,gene,DHX36KO,WT,parallel,down,68,WT (DHX36KO DEGs)
17,-1189.873417721519,6.288394762710029,1.205254219155571,gene,DHX36KO,WT,parallel,down,68,WT (DHX36KO DEGs)
18,-1139.240506329114,6.225626203593086,1.1531116748893944,gene,DHX36KO,WT,parallel,down,68,WT (DHX36KO DEGs)
19,-1088.607594936709,6.308393398628516,1.1562740893193,gene,DHX36KO,WT,parallel,down,68,WT (DHX36KO DEGs)
20,-1037.9746835443038,7.2757171078523,1.6319555394466845,gene,DHX36KO,WT,parallel,down,68,WT (DHX36KO DEGs)
21,-987.3417721518988,7.730509204794378,1.9087722297788787,gene,DHX36KO,WT,parallel,down,68,WT (DHX36KO DEGs)
22,-936.7088607594937,7.420166195806335,1.8563343560802192,gene,DHX36KO,WT,parallel,down,68,WT (DHX36KO DEGs)
23,-886.0759493670887,7.312973086167784,1.62930582747721,gene,DHX36KO,WT,parallel,down,68,WT (DHX36KO DEGs)
24,-835.4430379746836,7.3527223439660725,1.4161169264204798,gene,DHX36KO,WT,parallel,down,68,WT (DHX36KO DEGs)
25,-784.8101265822784,7.773439316889819,1.3639991056697873,gene,DHX36KO,WT,parallel,down,68,WT (DHX36KO DEGs)
26,-734.1772151898733,8.24093716110669,1.3836404876362673,gene,DHX36KO,WT,parallel,down,68,WT (DHX36KO DEGs)
27,-683.5443037974683,9.035618368726151,1.48299920840735,gene,DHX36KO,WT,parallel,down,68,WT (DHX36KO DEGs)
28,-632.9113924050632,9.679161266509224,1.4828688825703669,gene,DHX36KO,WT,parallel,down,68,WT (DHX36KO DEGs)
29,-582.2784810126582,9.861437647366056,1.4440223804384156,gene,DHX36KO,WT,parallel,down,68,WT (DHX36KO DEGs)
30,-531.6455696202531,9.786415460203209,1.4495543417143317,gene,DHX36KO,WT,parallel,down,68,WT (DHX36KO DEGs)
31,-481.0126582278481,9.708214747894043,1.4271799586891232,gene,DHX36KO,WT,parallel,down,68,WT (DHX36KO DEGs)
32,-430.37974683544303,10.038722169504446,1.65291088808022,gene,DHX36KO,WT,parallel,down,68,WT (DHX36KO DEGs)
33,-379.746835443038,11.96583635762626,2.683344643315752,gene,DHX36KO,WT,parallel,down,68,WT (DHX36KO DEGs)
34,-329.11392405063293,14.167904022745057,3.627227909035201,gene,DHX36KO,WT,parallel,down,68,WT (DHX36KO DEGs)
35,-278.4810126582279,15.694036413793471,4.295333362664657,gene,DHX36KO,WT,parallel,down,68,WT (DHX36KO DEGs)
36,-227.84810126582283,16.42277434017144,4.405361940697644,gene,DHX36KO,WT,parallel,down,68,WT (DHX36KO DEGs)
37,-177.21518987341778,17.17808339394775,4.401924385878316,gene,DHX36KO,WT,parallel,down,68,WT (DHX36KO DEGs)
38,-126.58227848101274,17.247293811382033,4.302766508150588,gene,DHX36KO,WT,parallel,down,68,WT (DHX36KO DEGs)
39,-75.94936708860769,17.33042624597456,4.093161743610178,gene,DHX36KO,WT,parallel,down,68,WT (DHX36KO DEGs)
40,-25.316455696202638,17.274677773223203,3.61013189698752,gene,DHX36KO,WT,parallel,down,68,WT (DHX36KO DEGs)
41,25.31645569620241,17.46223532194016,3.307473092984304,gene,DHX36KO,WT,parallel,down,68,WT (DHX36KO DEGs)
42,75.94936708860769,17.09024719314248,3.0715835762987034,gene,DHX36KO,WT,parallel,down,68,WT (DHX36KO DEGs)
43,126.58227848101251,16.7515652529048,2.9941540277792664,gene,DHX36KO,WT,parallel,down,68,WT (DHX36KO DEGs)
44,177.21518987341778,15.98185451251619,2.6590143202666137,gene,DHX36KO,WT,parallel,down,68,WT (DHX36KO DEGs)
45,227.8481012658226,14.855951515097244,2.3622104774259967,gene,DHX36KO,WT,parallel,down,68,WT (DHX36KO DEGs)
46,278.4810126582279,14.40624917053709,2.3114546258493784,gene,DHX36KO,WT,parallel,down,68,WT (DHX36KO DEGs)
47,329.1139240506327,13.577997504461045,2.2243873880287652,gene,DHX36KO,WT,parallel,down,68,WT (DHX36KO DEGs)
48,379.746835443038,12.218049695667098,1.906179461646718,gene,DHX36KO,WT,parallel,down,68,WT (DHX36KO DEGs)
49,430.37974683544326,10.716282923443645,1.6293354727593936,gene,DHX36KO,WT,parallel,down,68,WT (DHX36KO DEGs)
50,481.0126582278481,9.30488671960784,1.3645909052613219,gene,DHX36KO,WT,parallel,down,68,WT (DHX36KO DEGs)
51,531.6455696202534,8.631911323526326,1.229755826936687,gene,DHX36KO,WT,parallel,down,68,WT (DHX36KO DEGs)
52,582.2784810126582,8.591317704927688,1.297683130900842,gene,DHX36KO,WT,parallel,down,68,WT (DHX36KO DEGs)
53,632.9113924050635,8.35042660749426,1.3661393097858967,gene,DHX36KO,WT,parallel,down,68,WT (DHX36KO DEGs)
54,683.5443037974683,8.3931267748627,1.5237097050456077,gene,DHX36KO,WT,parallel,down,68,WT (DHX36KO DEGs)
55,734.1772151898736,8.718112645172605,1.7439463891746254,gene,DHX36KO,WT,parallel,down,68,WT (DHX36KO DEGs)
56,784.8101265822784,8.854433404078671,1.903218390925645,gene,DHX36KO,WT,parallel,down,68,WT (DHX36KO DEGs)
57,835.4430379746836,8.829306521602705,1.9844498906395178,gene,DHX36KO,WT,parallel,down,68,WT (DHX36KO DEGs)
58,886.0759493670885,8.809623983397204,1.9860105096102167,gene,DHX36KO,WT,parallel,down,68,WT (DHX36KO DEGs)
59,936.7088607594937,7.824398082623294,1.6722927917839157,gene,DHX36KO,WT,parallel,down,68,WT (DHX36KO DEGs)
60,987.3417721518986,6.890703630283768,1.3651201527966834,gene,DHX36KO,WT,parallel,down,68,WT (DHX36KO DEGs)
61,1037.9746835443038,6.0987762449886285,1.1088994349624588,gene,DHX36KO,WT,parallel,down,68,WT (DHX36KO DEGs)
62,1088.6075949367087,5.278336146473885,0.8050073237794042,gene,DHX36KO,WT,parallel,down,68,WT (DHX36KO DEGs)
63,1139.240506329114,4.96192120739058,0.7497408838611506,gene,DHX36KO,WT,parallel,down,68,WT (DHX36KO DEGs)
64,1189.8734177215188,4.797574821021042,0.75975842737826,gene,DHX36KO,WT,parallel,down,68,WT (DHX36KO DEGs)
65,1240.506329113924,4.761659440374842,0.8102489046463527,gene,DHX36KO,WT,parallel,down,68,WT (DHX36KO DEGs)
66,1291.1392405063293,4.610262915830986,0.8396770494231969,gene,DHX36KO,WT,parallel,down,68,WT (DHX36KO DEGs)
67,1341.7721518987341,4.4555317302194295,1.0012021740859558,gene,DHX36KO,WT,parallel,down,68,WT (DHX36KO DEGs)
68,1392.4050632911394,4.316619528613838,1.0335576610851689,gene,DHX36KO,WT,parallel,down,68,WT (DHX36KO DEGs)
69,1443.0379746835442,4.27634070825343,1.0097471027687157,gene,DHX36KO,WT,parallel,down,68,WT (DHX36KO DEGs)
70,1493.6708860759495,4.392223015252282,0.9423761085440797,gene,DHX36KO,WT,parallel,down,68,WT (DHX36KO DEGs)
71,1544.3037974683543,4.226845347378768,0.8200525273957696,gene,DHX36KO,WT,parallel,down,68,WT (DHX36KO DEGs)
72,1594.9367088607596,3.8789013510007484,0.6810985173047276,gene,DHX36KO,WT,parallel,down,68,WT (DHX36KO DEGs)
73,1645.5696202531644,3.6030196023454852,0.637473956486384,gene,DHX36KO,WT,parallel,down,68,WT (DHX36KO DEGs)
74,1696.2025316455697,3.3500675007525613,0.6110358986747882,gene,DHX36KO,WT,parallel,down,68,WT (DHX36KO DEGs)
75,1746.8354430379745,3.2054735039145337,0.5649757199895387,gene,DHX36KO,WT,parallel,down,68,WT (DHX36KO DEGs)
76,1797.4683544303798,2.817542241414388,0.4384920696810444,gene,DHX36KO,WT,parallel,down,68,WT (DHX36KO DEGs)
77,1848.1012658227846,2.5847704728444416,0.3942667321888577,gene,DHX36KO,WT,parallel,down,68,WT (DHX36KO DEGs)
78,1898.73417721519,2.485057444759444,0.3641891637623674,gene,DHX36KO,WT,parallel,down,68,WT (DHX36KO DEGs)
79,1949.3670886075947,2.4516743517389483,0.3616071402382742,gene,DHX36KO,WT,parallel,down,68,WT (DHX36KO DEGs)
80,2000,2.441634450262668,0.36544674740457633,gene,DHX36KO,WT,parallel,down,68,WT (DHX36KO DEGs)
1,-2000,2.220557812717226,0.6883536883788366,gene,DHX36KO,WT,antiparallel,down,6,WT (DHX36KO DEGs)
2,-1949.367088607595,1.9265155535274083,0.7661319491947767,gene,DHX36KO,WT,antiparallel,down,6,WT (DHX36KO DEGs)
3,-1898.73417721519,1.8477312321133084,0.7136196380732244,gene,DHX36KO,WT,antiparallel,down,6,WT (DHX36KO DEGs)
4,-1848.1012658227849,1.7447196402814653,0.6890566254672961,gene,DHX36KO,WT,antiparallel,down,6,WT (DHX36KO DEGs)
5,-1797.4683544303798,1.6817080810334948,0.6738704657508992,gene,DHX36KO,WT,antiparallel,down,6,WT (DHX36KO DEGs)
6,-1746.8354430379748,1.8824419977929858,0.7138553015223701,gene,DHX36KO,WT,antiparallel,down,6,WT (DHX36KO DEGs)
7,-1696.2025316455697,1.9765532871087392,0.7739911345143937,gene,DHX36KO,WT,antiparallel,down,6,WT (DHX36KO DEGs)
8,-1645.5696202531644,1.942074232233895,0.7202119821639297,gene,DHX36KO,WT,antiparallel,down,6,WT (DHX36KO DEGs)
9,-1594.9367088607596,1.6660994010501438,0.5532251831855654,gene,DHX36KO,WT,antiparallel,down,6,WT (DHX36KO DEGs)
10,-1544.3037974683543,1.5731197157171037,0.53475655639914,gene,DHX36KO,WT,antiparallel,down,6,WT (DHX36KO DEGs)
11,-1493.6708860759495,2.3942252328660754,0.8772708415689099,gene,DHX36KO,WT,antiparallel,down,6,WT (DHX36KO DEGs)
12,-1443.0379746835442,3.1200725152757434,1.4847088105332689,gene,DHX36KO,WT,antiparallel,down,6,WT (DHX36KO DEGs)
13,-1392.4050632911392,4.003446672095193,1.8280980707418906,gene,DHX36KO,WT,antiparallel,down,6,WT (DHX36KO DEGs)
14,-1341.7721518987341,4.9655395539601646,2.8278266351112453,gene,DHX36KO,WT,antiparallel,down,6,WT (DHX36KO DEGs)
15,-1291.139240506329,5.798548418680826,3.6176108343365083,gene,DHX36KO,WT,antiparallel,down,6,WT (DHX36KO DEGs)
16,-1240.506329113924,7.4860275954670374,4.504506557574781,gene,DHX36KO,WT,antiparallel,down,6,WT (DHX36KO DEGs)
17,-1189.873417721519,7.950998028119405,4.799836682923378,gene,DHX36KO,WT,antiparallel,down,6,WT (DHX36KO DEGs)
18,-1139.240506329114,7.419852790435155,4.559627691317137,gene,DHX36KO,WT,antiparallel,down,6,WT (DHX36KO DEGs)
19,-1088.607594936709,7.426005512873332,4.797648782809935,gene,DHX36KO,WT,antiparallel,down,6,WT (DHX36KO DEGs)
20,-1037.9746835443038,7.492709306081136,4.678458006041023,gene,DHX36KO,WT,antiparallel,down,6,WT (DHX36KO DEGs)
21,-987.3417721518988,7.382440732585059,4.464753036309456,gene,DHX36KO,WT,antiparallel,down,6,WT (DHX36KO DEGs)
22,-936.7088607594937,7.8103431447347,3.9078214282699912,gene,DHX36KO,WT,antiparallel,down,6,WT (DHX36KO DEGs)
23,-886.0759493670887,8.00464554283354,3.457527344546672,gene,DHX36KO,WT,antiparallel,down,6,WT (DHX36KO DEGs)
24,-835.4430379746836,7.762580131822163,3.580964628588809,gene,DHX36KO,WT,antiparallel,down,6,WT (DHX36KO DEGs)
25,-784.8101265822784,7.981577167378531,3.897090004863866,gene,DHX36KO,WT,antiparallel,down,6,WT (DHX36KO DEGs)
26,-734.1772151898733,9.395738627380796,4.906711613649087,gene,DHX36KO,WT,antiparallel,down,6,WT (DHX36KO DEGs)
27,-683.5443037974683,11.004346854951645,4.945139909881467,gene,DHX36KO,WT,antiparallel,down,6,WT (DHX36KO DEGs)
28,-632.9113924050632,11.869887571864657,4.9356056859021455,gene,DHX36KO,WT,antiparallel,down,6,WT (DHX36KO DEGs)
29,-582.2784810126582,11.60649337662591,4.494227319500087,gene,DHX36KO,WT,antiparallel,down,6,WT (DHX36KO DEGs)
30,-531.6455696202531,12.947330764664544,4.418554591996179,gene,DHX36KO,WT,antiparallel,down,6,WT (DHX36KO DEGs)
31,-481.0126582278481,14.749898777272966,5.068518187315528,gene,DHX36KO,WT,antiparallel,down,6,WT (DHX36KO DEGs)
32,-430.37974683544303,15.993275848097271,5.854018022197943,gene,DHX36KO,WT,antiparallel,down,6,WT (DHX36KO DEGs)
33,-379.746835443038,19.77107321103414,8.707201532326572,gene,DHX36KO,WT,antiparallel,down,6,WT (DHX36KO DEGs)
34,-329.11392405063293,23.24713790032599,11.52996295342794,gene,DHX36KO,WT,antiparallel,down,6,WT (DHX36KO DEGs)
35,-278.4810126582279,23.164034159315957,12.531120203405493,gene,DHX36KO,WT,antiparallel,down,6,WT (DHX36KO DEGs)
36,-227.84810126582283,20.30276579711172,11.53934542397754,gene,DHX36KO,WT,antiparallel,down,6,WT (DHX36KO DEGs)
37,-177.21518987341778,16.62371260139677,9.312875277821414,gene,DHX36KO,WT,antiparallel,down,6,WT (DHX36KO DEGs)
38,-126.58227848101274,14.530410665273665,7.886584055682181,gene,DHX36KO,WT,antiparallel,down,6,WT (DHX36KO DEGs)
39,-75.94936708860769,13.618730671405793,7.2233874526167,gene,DHX36KO,WT,antiparallel,down,6,WT (DHX36KO DEGs)
40,-25.316455696202638,13.274771299759546,6.549462366010836,gene,DHX36KO,WT,antiparallel,down,6,WT (DHX36KO DEGs)
41,25.31645569620241,11.823641226159202,5.367593769078939,gene,DHX36KO,WT,antiparallel,down,6,WT (DHX36KO DEGs)
42,75.94936708860769,7.729549338552688,2.72108340630618,gene,DHX36KO,WT,antiparallel,down,6,WT (DHX36KO DEGs)
43,126.58227848101251,6.74355250093672,1.9596967310438145,gene,DHX36KO,WT,antiparallel,down,6,WT (DHX36KO DEGs)
44,177.21518987341778,5.851571447584364,1.5923183009974406,gene,DHX36KO,WT,antiparallel,down,6,WT (DHX36KO DEGs)
45,227.8481012658226,4.551933642493354,0.7709934096400544,gene,DHX36KO,WT,antiparallel,down,6,WT (DHX36KO DEGs)
46,278.4810126582279,4.100210833814409,0.669841854892847,gene,DHX36KO,WT,antiparallel,down,6,WT (DHX36KO DEGs)
47,329.1139240506327,4.064454971684349,1.014160853950236,gene,DHX36KO,WT,antiparallel,down,6,WT (DHX36KO DEGs)
48,379.746835443038,4.021625286340714,1.230993690688511,gene,DHX36KO,WT,antiparallel,down,6,WT (DHX36KO DEGs)
49,430.37974683544326,4.065205742120743,1.2795094934710487,gene,DHX36KO,WT,antiparallel,down,6,WT (DHX36KO DEGs)
50,481.0126582278481,4.091635802321964,1.0452832919763766,gene,DHX36KO,WT,antiparallel,down,6,WT (DHX36KO DEGs)
51,531.6455696202534,4.821000921063953,1.783752536299194,gene,DHX36KO,WT,antiparallel,down,6,WT (DHX36KO DEGs)
52,582.2784810126582,6.261639835702049,3.230054593190202,gene,DHX36KO,WT,antiparallel,down,6,WT (DHX36KO DEGs)
53,632.9113924050635,7.442040164470673,4.158571646577996,gene,DHX36KO,WT,antiparallel,down,6,WT (DHX36KO DEGs)
54,683.5443037974683,7.725996702777015,4.4047617524689935,gene,DHX36KO,WT,antiparallel,down,6,WT (DHX36KO DEGs)
55,734.1772151898736,7.731416254970763,4.517877233082008,gene,DHX36KO,WT,antiparallel,down,6,WT (DHX36KO DEGs)
56,784.8101265822784,7.010429555575053,4.153318106644651,gene,DHX36KO,WT,antiparallel,down,6,WT (DHX36KO DEGs)
57,835.4430379746836,6.218591113620334,3.512611691062623,gene,DHX36KO,WT,antiparallel,down,6,WT (DHX36KO DEGs)
58,886.0759493670885,4.781585630840725,2.776061060671798,gene,DHX36KO,WT,antiparallel,down,6,WT (DHX36KO DEGs)
59,936.7088607594937,2.6734212121698593,1.3520002816920298,gene,DHX36KO,WT,antiparallel,down,6,WT (DHX36KO DEGs)
60,987.3417721518986,2.594881537490421,1.272976052901884,gene,DHX36KO,WT,antiparallel,down,6,WT (DHX36KO DEGs)
61,1037.9746835443038,2.7835845475726657,1.4223655347622775,gene,DHX36KO,WT,antiparallel,down,6,WT (DHX36KO DEGs)
62,1088.6075949367087,2.624729356235928,1.1851494042052748,gene,DHX36KO,WT,antiparallel,down,6,WT (DHX36KO DEGs)
63,1139.240506329114,2.7628398546907635,1.046741402326013,gene,DHX36KO,WT,antiparallel,down,6,WT (DHX36KO DEGs)
64,1189.8734177215188,3.0474151225884754,1.2758911794089571,gene,DHX36KO,WT,antiparallel,down,6,WT (DHX36KO DEGs)
65,1240.506329113924,3.095622884432475,1.2428817312818214,gene,DHX36KO,WT,antiparallel,down,6,WT (DHX36KO DEGs)
66,1291.1392405063293,2.513890586561627,1.037713788502922,gene,DHX36KO,WT,antiparallel,down,6,WT (DHX36KO DEGs)
67,1341.7721518987341,2.067631992896398,0.831376750032324,gene,DHX36KO,WT,antiparallel,down,6,WT (DHX36KO DEGs)
68,1392.4050632911394,1.9165918975406224,0.6255490645197416,gene,DHX36KO,WT,antiparallel,down,6,WT (DHX36KO DEGs)
69,1443.0379746835442,1.9530125341150495,0.5602248788426759,gene,DHX36KO,WT,antiparallel,down,6,WT (DHX36KO DEGs)
70,1493.6708860759495,1.8118038532469007,0.5012716065195976,gene,DHX36KO,WT,antiparallel,down,6,WT (DHX36KO DEGs)
71,1544.3037974683543,1.820332389142778,0.513969471943837,gene,DHX36KO,WT,antiparallel,down,6,WT (DHX36KO DEGs)
72,1594.9367088607596,2.025487909052107,0.6627192470112262,gene,DHX36KO,WT,antiparallel,down,6,WT (DHX36KO DEGs)
73,1645.5696202531644,1.3996165459685856,0.46022379454527534,gene,DHX36KO,WT,antiparallel,down,6,WT (DHX36KO DEGs)
74,1696.2025316455697,1.0481585833761429,0.35294267805789703,gene,DHX36KO,WT,antiparallel,down,6,WT (DHX36KO DEGs)
75,1746.8354430379745,1.100571491850747,0.34026451115249784,gene,DHX36KO,WT,antiparallel,down,6,WT (DHX36KO DEGs)
76,1797.4683544303798,1.2800753145747714,0.41587994670154904,gene,DHX36KO,WT,antiparallel,down,6,WT (DHX36KO DEGs)
77,1848.1012658227846,1.37032538957066,0.4205016134367387,gene,DHX36KO,WT,antiparallel,down,6,WT (DHX36KO DEGs)
78,1898.73417721519,1.550317394600974,0.6738400544444985,gene,DHX36KO,WT,antiparallel,down,6,WT (DHX36KO DEGs)
79,1949.3670886075947,1.6538647541734908,0.7618132506317901,gene,DHX36KO,WT,antiparallel,down,6,WT (DHX36KO DEGs)
80,2000,1.6034270249472724,0.8358763999675617,gene,DHX36KO,WT,antiparallel,down,6,WT (DHX36KO DEGs)
1,-2000,5.668340027612798,2.49582172634118,gene,DHX36KO,WT,hybrid,up,17,WT (DHX36KO DEGs)
2,-1949.367088607595,5.544619668418286,2.315337234170421,gene,DHX36KO,WT,hybrid,up,17,WT (DHX36KO DEGs)
3,-1898.73417721519,5.945300854047139,2.5129574329927458,gene,DHX36KO,WT,hybrid,up,17,WT (DHX36KO DEGs)
4,-1848.1012658227849,6.5997433707293345,2.785590512601619,gene,DHX36KO,WT,hybrid,up,17,WT (DHX36KO DEGs)
5,-1797.4683544303798,7.155414069820853,3.1452561114594184,gene,DHX36KO,WT,hybrid,up,17,WT (DHX36KO DEGs)
6,-1746.8354430379748,7.914155862237893,4.056175080811498,gene,DHX36KO,WT,hybrid,up,17,WT (DHX36KO DEGs)
7,-1696.2025316455697,8.107552424412148,4.809609378794239,gene,DHX36KO,WT,hybrid,up,17,WT (DHX36KO DEGs)
8,-1645.5696202531644,7.828444353599174,4.5313567967184305,gene,DHX36KO,WT,hybrid,up,17,WT (DHX36KO DEGs)
9,-1594.9367088607596,6.0235769203597425,2.9440113274219106,gene,DHX36KO,WT,hybrid,up,17,WT (DHX36KO DEGs)
10,-1544.3037974683543,4.674829958560419,1.9325593410170916,gene,DHX36KO,WT,hybrid,up,17,WT (DHX36KO DEGs)
11,-1493.6708860759495,4.189795345465342,1.6916021737893714,gene,DHX36KO,WT,hybrid,up,17,WT (DHX36KO DEGs)
12,-1443.0379746835442,4.0473838173174395,1.5059130951218023,gene,DHX36KO,WT,hybrid,up,17,WT (DHX36KO DEGs)
13,-1392.4050632911392,4.462736482853983,1.3931059571966573,gene,DHX36KO,WT,hybrid,up,17,WT (DHX36KO DEGs)
14,-1341.7721518987341,4.383614368672465,1.0614315280513031,gene,DHX36KO,WT,hybrid,up,17,WT (DHX36KO DEGs)
15,-1291.139240506329,4.508699267518287,1.0006750265119817,gene,DHX36KO,WT,hybrid,up,17,WT (DHX36KO DEGs)
16,-1240.506329113924,4.409638420273276,1.014946781810107,gene,DHX36KO,WT,hybrid,up,17,WT (DHX36KO DEGs)
17,-1189.873417721519,4.475830893236048,1.034051738998764,gene,DHX36KO,WT,hybrid,up,17,WT (DHX36KO DEGs)
18,-1139.240506329114,4.009177857099795,0.8642709624338982,gene,DHX36KO,WT,hybrid,up,17,WT (DHX36KO DEGs)
19,-1088.607594936709,3.278297720750173,0.6296529499127714,gene,DHX36KO,WT,hybrid,up,17,WT (DHX36KO DEGs)
20,-1037.9746835443038,2.798326268944086,0.6144124766570838,gene,DHX36KO,WT,hybrid,up,17,WT (DHX36KO DEGs)
21,-987.3417721518988,2.4603755757855432,0.500072382136377,gene,DHX36KO,WT,hybrid,up,17,WT (DHX36KO DEGs)
22,-936.7088607594937,2.466638948683645,0.4526034184882771,gene,DHX36KO,WT,hybrid,up,17,WT (DHX36KO DEGs)
23,-886.0759493670887,2.6539330566163155,0.4302272293311993,gene,DHX36KO,WT,hybrid,up,17,WT (DHX36KO DEGs)
24,-835.4430379746836,3.0261854497124165,0.5266311540509875,gene,DHX36KO,WT,hybrid,up,17,WT (DHX36KO DEGs)
25,-784.8101265822784,3.1114789766423843,0.5849444746143004,gene,DHX36KO,WT,hybrid,up,17,WT (DHX36KO DEGs)
26,-734.1772151898733,3.483618335349887,0.5590875697696263,gene,DHX36KO,WT,hybrid,up,17,WT (DHX36KO DEGs)
27,-683.5443037974683,3.7203312395133223,0.6229598815839401,gene,DHX36KO,WT,hybrid,up,17,WT (DHX36KO DEGs)
28,-632.9113924050632,4.140730149558946,0.7510463398197859,gene,DHX36KO,WT,hybrid,up,17,WT (DHX36KO DEGs)
29,-582.2784810126582,4.69141735273249,0.9518807752761599,gene,DHX36KO,WT,hybrid,up,17,WT (DHX36KO DEGs)
30,-531.6455696202531,5.029030253419689,1.0630069317028028,gene,DHX36KO,WT,hybrid,up,17,WT (DHX36KO DEGs)
31,-481.0126582278481,6.779041213381524,2.359054447665551,gene,DHX36KO,WT,hybrid,up,17,WT (DHX36KO DEGs)
32,-430.37974683544303,7.740894318187938,3.0161833277727377,gene,DHX36KO,WT,hybrid,up,17,WT (DHX36KO DEGs)
33,-379.746835443038,8.39457116692674,3.285063677039979,gene,DHX36KO,WT,hybrid,up,17,WT (DHX36KO DEGs)
34,-329.11392405063293,9.795976676566928,3.8110956135165783,gene,DHX36KO,WT,hybrid,up,17,WT (DHX36KO DEGs)
35,-278.4810126582279,11.271957716474345,4.685550361160534,gene,DHX36KO,WT,hybrid,up,17,WT (DHX36KO DEGs)
36,-227.84810126582283,13.216015999924903,7.092717987826231,gene,DHX36KO,WT,hybrid,up,17,WT (DHX36KO DEGs)
37,-177.21518987341778,15.22906822382235,9.2116927682797,gene,DHX36KO,WT,hybrid,up,17,WT (DHX36KO DEGs)
38,-126.58227848101274,16.29462878404879,10.106861407721548,gene,DHX36KO,WT,hybrid,up,17,WT (DHX36KO DEGs)
39,-75.94936708860769,17.43195944706599,10.779807925329058,gene,DHX36KO,WT,hybrid,up,17,WT (DHX36KO DEGs)
40,-25.316455696202638,19.12138194107542,11.189082613039005,gene,DHX36KO,WT,hybrid,up,17,WT (DHX36KO DEGs)
41,25.31645569620241,19.177563544955905,10.537025673706722,gene,DHX36KO,WT,hybrid,up,17,WT (DHX36KO DEGs)
42,75.94936708860769,18.817507634162904,9.737759837771316,gene,DHX36KO,WT,hybrid,up,17,WT (DHX36KO DEGs)
43,126.58227848101251,17.421026408719083,8.106506593940903,gene,DHX36KO,WT,hybrid,up,17,WT (DHX36KO DEGs)
44,177.21518987341778,14.455916902037227,4.872881648488133,gene,DHX36KO,WT,hybrid,up,17,WT (DHX36KO DEGs)
45,227.8481012658226,13.266186506935194,3.077962550805858,gene,DHX36KO,WT,hybrid,up,17,WT (DHX36KO DEGs)
46,278.4810126582279,12.071294407797796,2.3189326008111033,gene,DHX36KO,WT,hybrid,up,17,WT (DHX36KO DEGs)
47,329.1139240506327,10.406309053009632,2.1264134618147543,gene,DHX36KO,WT,hybrid,up,17,WT (DHX36KO DEGs)
48,379.746835443038,9.858842770071591,2.06774454278499,gene,DHX36KO,WT,hybrid,up,17,WT (DHX36KO DEGs)
49,430.37974683544326,9.299783904318716,2.0456569512824547,gene,DHX36KO,WT,hybrid,up,17,WT (DHX36KO DEGs)
50,481.0126582278481,9.278846810799019,2.3700600601523174,gene,DHX36KO,WT,hybrid,up,17,WT (DHX36KO DEGs)
51,531.6455696202534,8.170526290594362,2.2789333864354524,gene,DHX36KO,WT,hybrid,up,17,WT (DHX36KO DEGs)
52,582.2784810126582,7.475028681100583,2.412894818190673,gene,DHX36KO,WT,hybrid,up,17,WT (DHX36KO DEGs)
53,632.9113924050635,7.0630951965556426,2.576167110481768,gene,DHX36KO,WT,hybrid,up,17,WT (DHX36KO DEGs)
54,683.5443037974683,7.344161518274569,2.817859098204139,gene,DHX36KO,WT,hybrid,up,17,WT (DHX36KO DEGs)
55,734.1772151898736,7.38175733795353,2.754757464924304,gene,DHX36KO,WT,hybrid,up,17,WT (DHX36KO DEGs)
56,784.8101265822784,7.196175153255463,2.6294355214731215,gene,DHX36KO,WT,hybrid,up,17,WT (DHX36KO DEGs)
57,835.4430379746836,7.090758419878343,2.3737331474458574,gene,DHX36KO,WT,hybrid,up,17,WT (DHX36KO DEGs)
58,886.0759493670885,6.853701616175035,2.0061567859984892,gene,DHX36KO,WT,hybrid,up,17,WT (DHX36KO DEGs)
59,936.7088607594937,6.063221460791195,1.6785473276309113,gene,DHX36KO,WT,hybrid,up,17,WT (DHX36KO DEGs)
60,987.3417721518986,5.893392925776688,1.6930848952212667,gene,DHX36KO,WT,hybrid,up,17,WT (DHX36KO DEGs)
61,1037.9746835443038,5.657323388305365,1.6459501332037174,gene,DHX36KO,WT,hybrid,up,17,WT (DHX36KO DEGs)
62,1088.6075949367087,4.705413060281791,1.2607089654717092,gene,DHX36KO,WT,hybrid,up,17,WT (DHX36KO DEGs)
63,1139.240506329114,4.022811403087541,1.0395935062445936,gene,DHX36KO,WT,hybrid,up,17,WT (DHX36KO DEGs)
64,1189.8734177215188,3.907901025052164,0.9903669334593311,gene,DHX36KO,WT,hybrid,up,17,WT (DHX36KO DEGs)
65,1240.506329113924,3.7950165291393505,0.9122160184086177,gene,DHX36KO,WT,hybrid,up,17,WT (DHX36KO DEGs)
66,1291.1392405063293,3.6524397339072885,0.8070069752555281,gene,DHX36KO,WT,hybrid,up,17,WT (DHX36KO DEGs)
67,1341.7721518987341,3.259582842985789,0.6853928462902499,gene,DHX36KO,WT,hybrid,up,17,WT (DHX36KO DEGs)
68,1392.4050632911394,2.5996686773674162,0.5650918616546482,gene,DHX36KO,WT,hybrid,up,17,WT (DHX36KO DEGs)
69,1443.0379746835442,2.3399004047992182,0.5739422314004302,gene,DHX36KO,WT,hybrid,up,17,WT (DHX36KO DEGs)
70,1493.6708860759495,2.2932102000479606,0.6061956324264152,gene,DHX36KO,WT,hybrid,up,17,WT (DHX36KO DEGs)
71,1544.3037974683543,2.3298446481835606,0.6439266904988279,gene,DHX36KO,WT,hybrid,up,17,WT (DHX36KO DEGs)
72,1594.9367088607596,2.1362795835850283,0.5628665888283939,gene,DHX36KO,WT,hybrid,up,17,WT (DHX36KO DEGs)
73,1645.5696202531644,2.006299567082349,0.5635755399413545,gene,DHX36KO,WT,hybrid,up,17,WT (DHX36KO DEGs)
74,1696.2025316455697,1.9528706678222207,0.5339645885612437,gene,DHX36KO,WT,hybrid,up,17,WT (DHX36KO DEGs)
75,1746.8354430379745,2.015710208789975,0.5369159660947612,gene,DHX36KO,WT,hybrid,up,17,WT (DHX36KO DEGs)
76,1797.4683544303798,2.063007614098343,0.596376694151706,gene,DHX36KO,WT,hybrid,up,17,WT (DHX36KO DEGs)
77,1848.1012658227846,1.921901125159918,0.5953672587803507,gene,DHX36KO,WT,hybrid,up,17,WT (DHX36KO DEGs)
78,1898.73417721519,1.9011419858652003,0.6829002506119891,gene,DHX36KO,WT,hybrid,up,17,WT (DHX36KO DEGs)
79,1949.3670886075947,1.8839099979868124,0.6875972672654815,gene,DHX36KO,WT,hybrid,up,17,WT (DHX36KO DEGs)
80,2000,1.5829739154086393,0.47917525706363245,gene,DHX36KO,WT,hybrid,up,17,WT (DHX36KO DEGs)
1,-2000,5.101053720865494,2.2823986484414283,gene,DHX36KO,WT,hybrid,down,13,WT (DHX36KO DEGs)
2,-1949.367088607595,5.098421322688078,2.284255087241866,gene,DHX36KO,WT,hybrid,down,13,WT (DHX36KO DEGs)
3,-1898.73417721519,4.8201891323847645,2.088317893073401,gene,DHX36KO,WT,hybrid,down,13,WT (DHX36KO DEGs)
4,-1848.1012658227849,4.661603571207095,1.8461742666386534,gene,DHX36KO,WT,hybrid,down,13,WT (DHX36KO DEGs)
5,-1797.4683544303798,4.539089101033333,1.536599368329057,gene,DHX36KO,WT,hybrid,down,13,WT (DHX36KO DEGs)
6,-1746.8354430379748,4.4252447753686175,1.2577058085627377,gene,DHX36KO,WT,hybrid,down,13,WT (DHX36KO DEGs)
7,-1696.2025316455697,4.341250804571005,1.1879033698082875,gene,DHX36KO,WT,hybrid,down,13,WT (DHX36KO DEGs)
8,-1645.5696202531644,4.511134416873638,1.4855142089812667,gene,DHX36KO,WT,hybrid,down,13,WT (DHX36KO DEGs)
9,-1594.9367088607596,4.9386987476471145,2.033748355642188,gene,DHX36KO,WT,hybrid,down,13,WT (DHX36KO DEGs)
10,-1544.3037974683543,4.738110455916478,1.935027333587214,gene,DHX36KO,WT,hybrid,down,13,WT (DHX36KO DEGs)
11,-1493.6708860759495,4.839842338867676,1.6945536956149643,gene,DHX36KO,WT,hybrid,down,13,WT (DHX36KO DEGs)
12,-1443.0379746835442,5.2574455528381545,1.9997825385396546,gene,DHX36KO,WT,hybrid,down,13,WT (DHX36KO DEGs)
13,-1392.4050632911392,5.800548706299219,2.207154183861794,gene,DHX36KO,WT,hybrid,down,13,WT (DHX36KO DEGs)
14,-1341.7721518987341,6.446506301623124,2.588521431030238,gene,DHX36KO,WT,hybrid,down,13,WT (DHX36KO DEGs)
15,-1291.139240506329,6.449742653675568,2.515751096252784,gene,DHX36KO,WT,hybrid,down,13,WT (DHX36KO DEGs)
16,-1240.506329113924,7.145011922396146,2.8423617034566653,gene,DHX36KO,WT,hybrid,down,13,WT (DHX36KO DEGs)
17,-1189.873417721519,8.16142094190304,3.584157812455503,gene,DHX36KO,WT,hybrid,down,13,WT (DHX36KO DEGs)
18,-1139.240506329114,8.760075886127277,3.9000577846846705,gene,DHX36KO,WT,hybrid,down,13,WT (DHX36KO DEGs)
19,-1088.607594936709,9.159951491478163,4.262403233803021,gene,DHX36KO,WT,hybrid,down,13,WT (DHX36KO DEGs)
20,-1037.9746835443038,10.360071578637147,4.917340123647147,gene,DHX36KO,WT,hybrid,down,13,WT (DHX36KO DEGs)
21,-987.3417721518988,10.819381385399746,4.807933875706526,gene,DHX36KO,WT,hybrid,down,13,WT (DHX36KO DEGs)
22,-936.7088607594937,11.814441168858455,5.4368948212872,gene,DHX36KO,WT,hybrid,down,13,WT (DHX36KO DEGs)
23,-886.0759493670887,12.248473247625888,5.739946178120739,gene,DHX36KO,WT,hybrid,down,13,WT (DHX36KO DEGs)
24,-835.4430379746836,11.199394394984612,5.3829512005429505,gene,DHX36KO,WT,hybrid,down,13,WT (DHX36KO DEGs)
25,-784.8101265822784,10.757370187808306,4.93620346816128,gene,DHX36KO,WT,hybrid,down,13,WT (DHX36KO DEGs)
26,-734.1772151898733,10.526344937850267,4.154762226090367,gene,DHX36KO,WT,hybrid,down,13,WT (DHX36KO DEGs)
27,-683.5443037974683,10.974713730323009,3.60988839438374,gene,DHX36KO,WT,hybrid,down,13,WT (DHX36KO DEGs)
28,-632.9113924050632,10.975579957900903,3.0066289229490955,gene,DHX36KO,WT,hybrid,down,13,WT (DHX36KO DEGs)
29,-582.2784810126582,12.612740477292967,3.2436905105584253,gene,DHX36KO,WT,hybrid,down,13,WT (DHX36KO DEGs)
30,-531.6455696202531,14.668296561546814,3.4327096230889897,gene,DHX36KO,WT,hybrid,down,13,WT (DHX36KO DEGs)
31,-481.0126582278481,15.371380907755633,3.4644819714951223,gene,DHX36KO,WT,hybrid,down,13,WT (DHX36KO DEGs)
32,-430.37974683544303,16.159491226184063,3.5052090528482704,gene,DHX36KO,WT,hybrid,down,13,WT (DHX36KO DEGs)
33,-379.746835443038,16.818485003862627,3.7453799112146755,gene,DHX36KO,WT,hybrid,down,13,WT (DHX36KO DEGs)
34,-329.11392405063293,18.482574598422417,4.599901967654345,gene,DHX36KO,WT,hybrid,down,13,WT (DHX36KO DEGs)
35,-278.4810126582279,19.20780301693158,5.281996374038152,gene,DHX36KO,WT,hybrid,down,13,WT (DHX36KO DEGs)
36,-227.84810126582283,20.26005435747978,6.19494099554511,gene,DHX36KO,WT,hybrid,down,13,WT (DHX36KO DEGs)
37,-177.21518987341778,21.77355368369665,8.218841127589716,gene,DHX36KO,WT,hybrid,down,13,WT (DHX36KO DEGs)
38,-126.58227848101274,22.945803279693312,9.694444026169768,gene,DHX36KO,WT,hybrid,down,13,WT (DHX36KO DEGs)
39,-75.94936708860769,22.4085241990823,9.634315374087256,gene,DHX36KO,WT,hybrid,down,13,WT (DHX36KO DEGs)
40,-25.316455696202638,21.190710112804023,8.584143336935654,gene,DHX36KO,WT,hybrid,down,13,WT (DHX36KO DEGs)
41,25.31645569620241,20.08731934192853,8.02230789859152,gene,DHX36KO,WT,hybrid,down,13,WT (DHX36KO DEGs)
42,75.94936708860769,16.070358100243105,5.9407130732198175,gene,DHX36KO,WT,hybrid,down,13,WT (DHX36KO DEGs)
43,126.58227848101251,13.795220720645709,4.755859684338834,gene,DHX36KO,WT,hybrid,down,13,WT (DHX36KO DEGs)
44,177.21518987341778,11.863997006232921,3.7270220337414517,gene,DHX36KO,WT,hybrid,down,13,WT (DHX36KO DEGs)
45,227.8481012658226,10.682680113804645,3.1620079731269115,gene,DHX36KO,WT,hybrid,down,13,WT (DHX36KO DEGs)
46,278.4810126582279,9.47566460175392,2.5531767479655487,gene,DHX36KO,WT,hybrid,down,13,WT (DHX36KO DEGs)
47,329.1139240506327,8.090057611037523,1.917488951748469,gene,DHX36KO,WT,hybrid,down,13,WT (DHX36KO DEGs)
48,379.746835443038,7.36678117727622,1.5927024723193917,gene,DHX36KO,WT,hybrid,down,13,WT (DHX36KO DEGs)
49,430.37974683544326,6.368173205852509,1.515823499306525,gene,DHX36KO,WT,hybrid,down,13,WT (DHX36KO DEGs)
50,481.0126582278481,5.997163290427281,1.5445116082664812,gene,DHX36KO,WT,hybrid,down,13,WT (DHX36KO DEGs)
51,531.6455696202534,5.994149901989179,1.5478105070239316,gene,DHX36KO,WT,hybrid,down,13,WT (DHX36KO DEGs)
52,582.2784810126582,5.925160202552111,1.5975760626375548,gene,DHX36KO,WT,hybrid,down,13,WT (DHX36KO DEGs)
53,632.9113924050635,6.49058565622721,1.9061858771212068,gene,DHX36KO,WT,hybrid,down,13,WT (DHX36KO DEGs)
54,683.5443037974683,6.336863849285321,2.027007220487731,gene,DHX36KO,WT,hybrid,down,13,WT (DHX36KO DEGs)
55,734.1772151898736,6.304401838473785,2.234992847564648,gene,DHX36KO,WT,hybrid,down,13,WT (DHX36KO DEGs)
56,784.8101265822784,6.447991194602771,2.4487735790275167,gene,DHX36KO,WT,hybrid,down,13,WT (DHX36KO DEGs)
57,835.4430379746836,7.173068948647915,3.0909823424874174,gene,DHX36KO,WT,hybrid,down,13,WT (DHX36KO DEGs)
58,886.0759493670885,7.2606192409075225,3.095206319493293,gene,DHX36KO,WT,hybrid,down,13,WT (DHX36KO DEGs)
59,936.7088607594937,7.241291152575077,2.953175612094628,gene,DHX36KO,WT,hybrid,down,13,WT (DHX36KO DEGs)
60,987.3417721518986,7.083488419361603,2.8465711424137923,gene,DHX36KO,WT,hybrid,down,13,WT (DHX36KO DEGs)
61,1037.9746835443038,7.11572147558897,2.8493800896306887,gene,DHX36KO,WT,hybrid,down,13,WT (DHX36KO DEGs)
62,1088.6075949367087,7.404876668881147,2.902700028656494,gene,DHX36KO,WT,hybrid,down,13,WT (DHX36KO DEGs)
63,1139.240506329114,6.6356909739665495,2.660777923279263,gene,DHX36KO,WT,hybrid,down,13,WT (DHX36KO DEGs)
64,1189.8734177215188,6.084933714194175,2.405392632674988,gene,DHX36KO,WT,hybrid,down,13,WT (DHX36KO DEGs)
65,1240.506329113924,5.8802196431771305,2.2689210926611207,gene,DHX36KO,WT,hybrid,down,13,WT (DHX36KO DEGs)
66,1291.1392405063293,6.097086221438188,2.363994219424671,gene,DHX36KO,WT,hybrid,down,13,WT (DHX36KO DEGs)
67,1341.7721518987341,5.565072067884298,2.3953378754889894,gene,DHX36KO,WT,hybrid,down,13,WT (DHX36KO DEGs)
68,1392.4050632911394,5.071183742009676,2.5530847643997103,gene,DHX36KO,WT,hybrid,down,13,WT (DHX36KO DEGs)
69,1443.0379746835442,4.723062651829842,2.2902648332989686,gene,DHX36KO,WT,hybrid,down,13,WT (DHX36KO DEGs)
70,1493.6708860759495,4.592090662809519,2.229241629826268,gene,DHX36KO,WT,hybrid,down,13,WT (DHX36KO DEGs)
71,1544.3037974683543,4.366175305476555,1.9942253695394812,gene,DHX36KO,WT,hybrid,down,13,WT (DHX36KO DEGs)
72,1594.9367088607596,4.126299779048333,1.8090102037009652,gene,DHX36KO,WT,hybrid,down,13,WT (DHX36KO DEGs)
73,1645.5696202531644,4.2238977846121175,1.8999445019640075,gene,DHX36KO,WT,hybrid,down,13,WT (DHX36KO DEGs)
74,1696.2025316455697,4.452490003108978,1.8600862862833678,gene,DHX36KO,WT,hybrid,down,13,WT (DHX36KO DEGs)
75,1746.8354430379745,4.703861289024354,1.9766582895429827,gene,DHX36KO,WT,hybrid,down,13,WT (DHX36KO DEGs)
76,1797.4683544303798,5.011749861240387,1.953653590084748,gene,DHX36KO,WT,hybrid,down,13,WT (DHX36KO DEGs)
77,1848.1012658227846,4.4998322881796415,1.5266305989988667,gene,DHX36KO,WT,hybrid,down,13,WT (DHX36KO DEGs)
78,1898.73417721519,4.0114852974965025,1.350099860816317,gene,DHX36KO,WT,hybrid,down,13,WT (DHX36KO DEGs)
79,1949.3670886075947,3.657500419738965,1.201659234885137,gene,DHX36KO,WT,hybrid,down,13,WT (DHX36KO DEGs)
80,2000,3.422291450622754,1.1122126328559379,gene,DHX36KO,WT,hybrid,down,13,WT (DHX36KO DEGs)
1,-2000,2.598884283003116,0.2395058722522694,gene,DHX36KO,WT,unfiltered,up,743,WT (DHX36KO DEGs)
2,-1949.367088607595,2.6484557482671076,0.23141518842422137,gene,DHX36KO,WT,unfiltered,up,743,WT (DHX36KO DEGs)
3,-1898.73417721519,2.6653395536984497,0.21100941493365466,gene,DHX36KO,WT,unfiltered,up,743,WT (DHX36KO DEGs)
4,-1848.1012658227849,2.6248002711600282,0.19012575997779013,gene,DHX36KO,WT,unfiltered,up,743,WT (DHX36KO DEGs)
5,-1797.4683544303798,2.642224447781754,0.18978537774549603,gene,DHX36KO,WT,unfiltered,up,743,WT (DHX36KO DEGs)
6,-1746.8354430379748,2.6756408490563466,0.20080786953332513,gene,DHX36KO,WT,unfiltered,up,743,WT (DHX36KO DEGs)
7,-1696.2025316455697,2.7159897511269597,0.21416131652300988,gene,DHX36KO,WT,unfiltered,up,743,WT (DHX36KO DEGs)
8,-1645.5696202531644,2.780824808864756,0.22547334269563132,gene,DHX36KO,WT,unfiltered,up,743,WT (DHX36KO DEGs)
9,-1594.9367088607596,2.7719913156656153,0.22027918427358575,gene,DHX36KO,WT,unfiltered,up,743,WT (DHX36KO DEGs)
10,-1544.3037974683543,2.7855571183360386,0.22826313592108183,gene,DHX36KO,WT,unfiltered,up,743,WT (DHX36KO DEGs)
11,-1493.6708860759495,2.814547066461778,0.27804612788118876,gene,DHX36KO,WT,unfiltered,up,743,WT (DHX36KO DEGs)
12,-1443.0379746835442,2.8377759552900437,0.30298986071807316,gene,DHX36KO,WT,unfiltered,up,743,WT (DHX36KO DEGs)
13,-1392.4050632911392,2.8587496718273617,0.32145712867210086,gene,DHX36KO,WT,unfiltered,up,743,WT (DHX36KO DEGs)
14,-1341.7721518987341,2.8594441167449354,0.3325243532240648,gene,DHX36KO,WT,unfiltered,up,743,WT (DHX36KO DEGs)
15,-1291.139240506329,2.791353182670727,0.2985695453615343,gene,DHX36KO,WT,unfiltered,up,743,WT (DHX36KO DEGs)
16,-1240.506329113924,2.7505460863158326,0.24204823689665536,gene,DHX36KO,WT,unfiltered,up,743,WT (DHX36KO DEGs)
17,-1189.873417721519,2.7036000104162285,0.20890883825839185,gene,DHX36KO,WT,unfiltered,up,743,WT (DHX36KO DEGs)
18,-1139.240506329114,2.699664101448761,0.2093570688071086,gene,DHX36KO,WT,unfiltered,up,743,WT (DHX36KO DEGs)
19,-1088.607594936709,2.72708621300299,0.22060773902622982,gene,DHX36KO,WT,unfiltered,up,743,WT (DHX36KO DEGs)
20,-1037.9746835443038,2.7889101719257274,0.24905750302011725,gene,DHX36KO,WT,unfiltered,up,743,WT (DHX36KO DEGs)
21,-987.3417721518988,2.8544758190451955,0.28086098863746645,gene,DHX36KO,WT,unfiltered,up,743,WT (DHX36KO DEGs)
22,-936.7088607594937,2.932371872798805,0.3121410982206552,gene,DHX36KO,WT,unfiltered,up,743,WT (DHX36KO DEGs)
23,-886.0759493670887,2.968658381547025,0.3234067199523697,gene,DHX36KO,WT,unfiltered,up,743,WT (DHX36KO DEGs)
24,-835.4430379746836,2.9522463805197385,0.2968945366464641,gene,DHX36KO,WT,unfiltered,up,743,WT (DHX36KO DEGs)
25,-784.8101265822784,2.992303545399063,0.2940978262463566,gene,DHX36KO,WT,unfiltered,up,743,WT (DHX36KO DEGs)
26,-734.1772151898733,2.970494374101501,0.2925650899791981,gene,DHX36KO,WT,unfiltered,up,743,WT (DHX36KO DEGs)
27,-683.5443037974683,2.9684966577538034,0.29230858765742485,gene,DHX36KO,WT,unfiltered,up,743,WT (DHX36KO DEGs)
28,-632.9113924050632,2.920175245459596,0.26900689128475735,gene,DHX36KO,WT,unfiltered,up,743,WT (DHX36KO DEGs)
29,-582.2784810126582,2.917418493854459,0.26406816965656604,gene,DHX36KO,WT,unfiltered,up,743,WT (DHX36KO DEGs)
30,-531.6455696202531,2.931739335470854,0.2691199081906983,gene,DHX36KO,WT,unfiltered,up,743,WT (DHX36KO DEGs)
31,-481.0126582278481,3.0360618585778654,0.2953491213750886,gene,DHX36KO,WT,unfiltered,up,743,WT (DHX36KO DEGs)
32,-430.37974683544303,3.0308643025750803,0.3132978770993749,gene,DHX36KO,WT,unfiltered,up,743,WT (DHX36KO DEGs)
33,-379.746835443038,3.154640544649195,0.3705303861151321,gene,DHX36KO,WT,unfiltered,up,743,WT (DHX36KO DEGs)
34,-329.11392405063293,3.3926644119022673,0.4489706195325778,gene,DHX36KO,WT,unfiltered,up,743,WT (DHX36KO DEGs)
35,-278.4810126582279,3.6252312023514532,0.4983930590616926,gene,DHX36KO,WT,unfiltered,up,743,WT (DHX36KO DEGs)
36,-227.84810126582283,3.8433498093567393,0.5333283342738261,gene,DHX36KO,WT,unfiltered,up,743,WT (DHX36KO DEGs)
37,-177.21518987341778,3.95283499252855,0.5207467354868388,gene,DHX36KO,WT,unfiltered,up,743,WT (DHX36KO DEGs)
38,-126.58227848101274,3.855058764659433,0.44555314480893277,gene,DHX36KO,WT,unfiltered,up,743,WT (DHX36KO DEGs)
39,-75.94936708860769,3.736725773499011,0.3956050239411936,gene,DHX36KO,WT,unfiltered,up,743,WT (DHX36KO DEGs)
40,-25.316455696202638,3.7363157994814546,0.38814153900583653,gene,DHX36KO,WT,unfiltered,up,743,WT (DHX36KO DEGs)
41,25.31645569620241,3.679432283766658,0.3670196666604336,gene,DHX36KO,WT,unfiltered,up,743,WT (DHX36KO DEGs)
42,75.94936708860769,3.598079895314319,0.35079397380626026,gene,DHX36KO,WT,unfiltered,up,743,WT (DHX36KO DEGs)
43,126.58227848101251,3.4788111702601117,0.31826689527468804,gene,DHX36KO,WT,unfiltered,up,743,WT (DHX36KO DEGs)
44,177.21518987341778,3.3868726486804617,0.27690952135380015,gene,DHX36KO,WT,unfiltered,up,743,WT (DHX36KO DEGs)
45,227.8481012658226,3.2352246858261795,0.2548847521535392,gene,DHX36KO,WT,unfiltered,up,743,WT (DHX36KO DEGs)
46,278.4810126582279,3.145187937942734,0.25791275850739565,gene,DHX36KO,WT,unfiltered,up,743,WT (DHX36KO DEGs)
47,329.1139240506327,3.074612237565343,0.25616148721624993,gene,DHX36KO,WT,unfiltered,up,743,WT (DHX36KO DEGs)
48,379.746835443038,3.0594025186435583,0.2539892135605567,gene,DHX36KO,WT,unfiltered,up,743,WT (DHX36KO DEGs)
49,430.37974683544326,3.0276744481831614,0.24496661456751553,gene,DHX36KO,WT,unfiltered,up,743,WT (DHX36KO DEGs)
50,481.0126582278481,3.0184554988175245,0.24078037421680878,gene,DHX36KO,WT,unfiltered,up,743,WT (DHX36KO DEGs)
51,531.6455696202534,2.978732343202431,0.23831111815053124,gene,DHX36KO,WT,unfiltered,up,743,WT (DHX36KO DEGs)
52,582.2784810126582,2.9439120108260868,0.230487743191224,gene,DHX36KO,WT,unfiltered,up,743,WT (DHX36KO DEGs)
53,632.9113924050635,2.9114069422834814,0.22481808466782757,gene,DHX36KO,WT,unfiltered,up,743,WT (DHX36KO DEGs)
54,683.5443037974683,2.9027746251165305,0.22819636670313173,gene,DHX36KO,WT,unfiltered,up,743,WT (DHX36KO DEGs)
55,734.1772151898736,2.854328192046214,0.219495404103737,gene,DHX36KO,WT,unfiltered,up,743,WT (DHX36KO DEGs)
56,784.8101265822784,2.8370681461992686,0.21433880706020259,gene,DHX36KO,WT,unfiltered,up,743,WT (DHX36KO DEGs)
57,835.4430379746836,2.8420289501602634,0.20683439373476445,gene,DHX36KO,WT,unfiltered,up,743,WT (DHX36KO DEGs)
58,886.0759493670885,2.8193370582288346,0.19665416451899312,gene,DHX36KO,WT,unfiltered,up,743,WT (DHX36KO DEGs)
59,936.7088607594937,2.750933380553732,0.1903817542365475,gene,DHX36KO,WT,unfiltered,up,743,WT (DHX36KO DEGs)
60,987.3417721518986,2.7263781308368378,0.19892189462502233,gene,DHX36KO,WT,unfiltered,up,743,WT (DHX36KO DEGs)
61,1037.9746835443038,2.73068697808836,0.23669363545741404,gene,DHX36KO,WT,unfiltered,up,743,WT (DHX36KO DEGs)
62,1088.6075949367087,2.720877434755987,0.2749752751671802,gene,DHX36KO,WT,unfiltered,up,743,WT (DHX36KO DEGs)
63,1139.240506329114,2.770554011660662,0.2972957249938122,gene,DHX36KO,WT,unfiltered,up,743,WT (DHX36KO DEGs)
64,1189.8734177215188,2.838914476239986,0.30220792531128454,gene,DHX36KO,WT,unfiltered,up,743,WT (DHX36KO DEGs)
65,1240.506329113924,2.8830269470927212,0.3017785186237521,gene,DHX36KO,WT,unfiltered,up,743,WT (DHX36KO DEGs)
66,1291.1392405063293,2.845018774446964,0.28043171489099283,gene,DHX36KO,WT,unfiltered,up,743,WT (DHX36KO DEGs)
67,1341.7721518987341,2.7007908843792623,0.24169448375584177,gene,DHX36KO,WT,unfiltered,up,743,WT (DHX36KO DEGs)
68,1392.4050632911394,2.5909659966635243,0.2055733198739162,gene,DHX36KO,WT,unfiltered,up,743,WT (DHX36KO DEGs)
69,1443.0379746835442,2.538172299276825,0.1883566367985606,gene,DHX36KO,WT,unfiltered,up,743,WT (DHX36KO DEGs)
70,1493.6708860759495,2.511166598636401,0.1877785236963509,gene,DHX36KO,WT,unfiltered,up,743,WT (DHX36KO DEGs)
71,1544.3037974683543,2.4589950766430784,0.1778740567598418,gene,DHX36KO,WT,unfiltered,up,743,WT (DHX36KO DEGs)
72,1594.9367088607596,2.449796722783482,0.180328973995636,gene,DHX36KO,WT,unfiltered,up,743,WT (DHX36KO DEGs)
73,1645.5696202531644,2.468513700215471,0.18984193364853372,gene,DHX36KO,WT,unfiltered,up,743,WT (DHX36KO DEGs)
74,1696.2025316455697,2.500048438198848,0.1980806071507992,gene,DHX36KO,WT,unfiltered,up,743,WT (DHX36KO DEGs)
75,1746.8354430379745,2.475889999364833,0.1952760804864427,gene,DHX36KO,WT,unfiltered,up,743,WT (DHX36KO DEGs)
76,1797.4683544303798,2.4790552062579687,0.19118405127936236,gene,DHX36KO,WT,unfiltered,up,743,WT (DHX36KO DEGs)
77,1848.1012658227846,2.4883834534688294,0.19336538904333858,gene,DHX36KO,WT,unfiltered,up,743,WT (DHX36KO DEGs)
78,1898.73417721519,2.5130543683429853,0.21035571459821092,gene,DHX36KO,WT,unfiltered,up,743,WT (DHX36KO DEGs)
79,1949.3670886075947,2.470980377594095,0.20309389099179614,gene,DHX36KO,WT,unfiltered,up,743,WT (DHX36KO DEGs)
80,2000,2.40840673763798,0.19870889749867987,gene,DHX36KO,WT,unfiltered,up,743,WT (DHX36KO DEGs)
1,-2000,2.8214429469372586,0.2826794474212321,gene,DHX36KO,WT,unfiltered,down,586,WT (DHX36KO DEGs)
2,-1949.367088607595,2.7456900542226013,0.24057566094444158,gene,DHX36KO,WT,unfiltered,down,586,WT (DHX36KO DEGs)
3,-1898.73417721519,2.7090092366974647,0.231982247455165,gene,DHX36KO,WT,unfiltered,down,586,WT (DHX36KO DEGs)
4,-1848.1012658227849,2.644830772023495,0.22580434610669203,gene,DHX36KO,WT,unfiltered,down,586,WT (DHX36KO DEGs)
5,-1797.4683544303798,2.556473859330835,0.21941300991171253,gene,DHX36KO,WT,unfiltered,down,586,WT (DHX36KO DEGs)
6,-1746.8354430379748,2.4855349953520243,0.2180441203090598,gene,DHX36KO,WT,unfiltered,down,586,WT (DHX36KO DEGs)
7,-1696.2025316455697,2.4251023620312617,0.21333712312544967,gene,DHX36KO,WT,unfiltered,down,586,WT (DHX36KO DEGs)
8,-1645.5696202531644,2.4198054542035274,0.21872394251532096,gene,DHX36KO,WT,unfiltered,down,586,WT (DHX36KO DEGs)
9,-1594.9367088607596,2.43243404395368,0.2359273687291136,gene,DHX36KO,WT,unfiltered,down,586,WT (DHX36KO DEGs)
10,-1544.3037974683543,2.4925571240096875,0.24199787998752886,gene,DHX36KO,WT,unfiltered,down,586,WT (DHX36KO DEGs)
11,-1493.6708860759495,2.5417528600602934,0.23901061667144005,gene,DHX36KO,WT,unfiltered,down,586,WT (DHX36KO DEGs)
12,-1443.0379746835442,2.5667031793833868,0.2327374518085594,gene,DHX36KO,WT,unfiltered,down,586,WT (DHX36KO DEGs)
13,-1392.4050632911392,2.619077375968025,0.24955010164934577,gene,DHX36KO,WT,unfiltered,down,586,WT (DHX36KO DEGs)
14,-1341.7721518987341,2.7015967433365513,0.3277134375042007,gene,DHX36KO,WT,unfiltered,down,586,WT (DHX36KO DEGs)
15,-1291.139240506329,2.68677136683709,0.33867683726641135,gene,DHX36KO,WT,unfiltered,down,586,WT (DHX36KO DEGs)
16,-1240.506329113924,2.6896107039917005,0.33022191828100467,gene,DHX36KO,WT,unfiltered,down,586,WT (DHX36KO DEGs)
17,-1189.873417721519,2.717876745243323,0.31104655935341474,gene,DHX36KO,WT,unfiltered,down,586,WT (DHX36KO DEGs)
18,-1139.240506329114,2.6866378937886184,0.27859374532430664,gene,DHX36KO,WT,unfiltered,down,586,WT (DHX36KO DEGs)
19,-1088.607594936709,2.6450502721876856,0.25964491458851535,gene,DHX36KO,WT,unfiltered,down,586,WT (DHX36KO DEGs)
20,-1037.9746835443038,2.717916241655611,0.2822589662940468,gene,DHX36KO,WT,unfiltered,down,586,WT (DHX36KO DEGs)
21,-987.3417721518988,2.705953218602154,0.2987912263101307,gene,DHX36KO,WT,unfiltered,down,586,WT (DHX36KO DEGs)
22,-936.7088607594937,2.6994193235189403,0.3021476730007079,gene,DHX36KO,WT,unfiltered,down,586,WT (DHX36KO DEGs)
23,-886.0759493670887,2.69939215487269,0.29502362019624645,gene,DHX36KO,WT,unfiltered,down,586,WT (DHX36KO DEGs)
24,-835.4430379746836,2.6518710465722433,0.280122251679527,gene,DHX36KO,WT,unfiltered,down,586,WT (DHX36KO DEGs)
25,-784.8101265822784,2.6529437604424073,0.2718605954907724,gene,DHX36KO,WT,unfiltered,down,586,WT (DHX36KO DEGs)
26,-734.1772151898733,2.6500402944477184,0.2550563230694982,gene,DHX36KO,WT,unfiltered,down,586,WT (DHX36KO DEGs)
27,-683.5443037974683,2.6863530518924263,0.2449138269339661,gene,DHX36KO,WT,unfiltered,down,586,WT (DHX36KO DEGs)
28,-632.9113924050632,2.711833270570459,0.24088678756342627,gene,DHX36KO,WT,unfiltered,down,586,WT (DHX36KO DEGs)
29,-582.2784810126582,2.7287261727724443,0.24046845718619594,gene,DHX36KO,WT,unfiltered,down,586,WT (DHX36KO DEGs)
30,-531.6455696202531,2.74612473515479,0.2441814304543471,gene,DHX36KO,WT,unfiltered,down,586,WT (DHX36KO DEGs)
31,-481.0126582278481,2.777716129194928,0.24509249700595084,gene,DHX36KO,WT,unfiltered,down,586,WT (DHX36KO DEGs)
32,-430.37974683544303,2.844661560108945,0.268790663967923,gene,DHX36KO,WT,unfiltered,down,586,WT (DHX36KO DEGs)
33,-379.746835443038,3.1254677708685126,0.38095578771979643,gene,DHX36KO,WT,unfiltered,down,586,WT (DHX36KO DEGs)
34,-329.11392405063293,3.464069957285439,0.49549325593931726,gene,DHX36KO,WT,unfiltered,down,586,WT (DHX36KO DEGs)
35,-278.4810126582279,3.648978232018752,0.573609089617833,gene,DHX36KO,WT,unfiltered,down,586,WT (DHX36KO DEGs)
36,-227.84810126582283,3.6961458506431755,0.5895851539126454,gene,DHX36KO,WT,unfiltered,down,586,WT (DHX36KO DEGs)
37,-177.21518987341778,3.733547184955856,0.6005557322671177,gene,DHX36KO,WT,unfiltered,down,586,WT (DHX36KO DEGs)
38,-126.58227848101274,3.7070508852723525,0.6002927893552963,gene,DHX36KO,WT,unfiltered,down,586,WT (DHX36KO DEGs)
39,-75.94936708860769,3.662854821994969,0.5787442172967022,gene,DHX36KO,WT,unfiltered,down,586,WT (DHX36KO DEGs)
40,-25.316455696202638,3.6134703915440327,0.5230097842637388,gene,DHX36KO,WT,unfiltered,down,586,WT (DHX36KO DEGs)
41,25.31645569620241,3.5999205908260934,0.4890507936713942,gene,DHX36KO,WT,unfiltered,down,586,WT (DHX36KO DEGs)
42,75.94936708860769,3.4446310992586557,0.4430122113759048,gene,DHX36KO,WT,unfiltered,down,586,WT (DHX36KO DEGs)
43,126.58227848101251,3.3486327607814035,0.4240193791296983,gene,DHX36KO,WT,unfiltered,down,586,WT (DHX36KO DEGs)
44,177.21518987341778,3.2365252674619356,0.3805615574384898,gene,DHX36KO,WT,unfiltered,down,586,WT (DHX36KO DEGs)
45,227.8481012658226,3.0656457653600877,0.34168396470003676,gene,DHX36KO,WT,unfiltered,down,586,WT (DHX36KO DEGs)
46,278.4810126582279,2.979513489715585,0.33053904567065706,gene,DHX36KO,WT,unfiltered,down,586,WT (DHX36KO DEGs)
47,329.1139240506327,2.848625596466402,0.31376883350910023,gene,DHX36KO,WT,unfiltered,down,586,WT (DHX36KO DEGs)
48,379.746835443038,2.7009667966286885,0.27327505525986545,gene,DHX36KO,WT,unfiltered,down,586,WT (DHX36KO DEGs)
49,430.37974683544326,2.5547909876962773,0.23713995286412007,gene,DHX36KO,WT,unfiltered,down,586,WT (DHX36KO DEGs)
50,481.0126582278481,2.419101022925551,0.20407572164711044,gene,DHX36KO,WT,unfiltered,down,586,WT (DHX36KO DEGs)
51,531.6455696202534,2.3701851050331166,0.1886910845486018,gene,DHX36KO,WT,unfiltered,down,586,WT (DHX36KO DEGs)
52,582.2784810126582,2.3769545032920902,0.196014956220678,gene,DHX36KO,WT,unfiltered,down,586,WT (DHX36KO DEGs)
53,632.9113924050635,2.3719672259470643,0.20411105981388997,gene,DHX36KO,WT,unfiltered,down,586,WT (DHX36KO DEGs)
54,683.5443037974683,2.4197809046983174,0.22220204985035621,gene,DHX36KO,WT,unfiltered,down,586,WT (DHX36KO DEGs)
55,734.1772151898736,2.4757879845709563,0.24727667154978794,gene,DHX36KO,WT,unfiltered,down,586,WT (DHX36KO DEGs)
56,784.8101265822784,2.4943437962649075,0.2630417614791226,gene,DHX36KO,WT,unfiltered,down,586,WT (DHX36KO DEGs)
57,835.4430379746836,2.519891628063705,0.2735195279944584,gene,DHX36KO,WT,unfiltered,down,586,WT (DHX36KO DEGs)
58,886.0759493670885,2.5158698010512683,0.27350552758262925,gene,DHX36KO,WT,unfiltered,down,586,WT (DHX36KO DEGs)
59,936.7088607594937,2.409288089011358,0.2435376284145548,gene,DHX36KO,WT,unfiltered,down,586,WT (DHX36KO DEGs)
60,987.3417721518986,2.3072636137936757,0.21410254389944877,gene,DHX36KO,WT,unfiltered,down,586,WT (DHX36KO DEGs)
61,1037.9746835443038,2.25671854936505,0.190784338294548,gene,DHX36KO,WT,unfiltered,down,586,WT (DHX36KO DEGs)
62,1088.6075949367087,2.176719827122612,0.16883081029095554,gene,DHX36KO,WT,unfiltered,down,586,WT (DHX36KO DEGs)
63,1139.240506329114,2.143913830932417,0.16359684939396732,gene,DHX36KO,WT,unfiltered,down,586,WT (DHX36KO DEGs)
64,1189.8734177215188,2.1424208980662636,0.16475899232003793,gene,DHX36KO,WT,unfiltered,down,586,WT (DHX36KO DEGs)
65,1240.506329113924,2.136476239142897,0.16937765190139542,gene,DHX36KO,WT,unfiltered,down,586,WT (DHX36KO DEGs)
66,1291.1392405063293,2.148926619405616,0.18010799715946568,gene,DHX36KO,WT,unfiltered,down,586,WT (DHX36KO DEGs)
67,1341.7721518987341,2.095650515345406,0.19259080236370882,gene,DHX36KO,WT,unfiltered,down,586,WT (DHX36KO DEGs)
68,1392.4050632911394,2.0619420070789722,0.19771133803752405,gene,DHX36KO,WT,unfiltered,down,586,WT (DHX36KO DEGs)
69,1443.0379746835442,1.9994080504911131,0.18643507674849344,gene,DHX36KO,WT,unfiltered,down,586,WT (DHX36KO DEGs)
70,1493.6708860759495,1.957022470473971,0.1589732690252363,gene,DHX36KO,WT,unfiltered,down,586,WT (DHX36KO DEGs)
71,1544.3037974683543,1.9147724579676102,0.14007481792442078,gene,DHX36KO,WT,unfiltered,down,586,WT (DHX36KO DEGs)
72,1594.9367088607596,1.877185479037838,0.1283142305468578,gene,DHX36KO,WT,unfiltered,down,586,WT (DHX36KO DEGs)
73,1645.5696202531644,1.8611054073403415,0.1306758902651898,gene,DHX36KO,WT,unfiltered,down,586,WT (DHX36KO DEGs)
74,1696.2025316455697,1.8681476041524923,0.13628675313167632,gene,DHX36KO,WT,unfiltered,down,586,WT (DHX36KO DEGs)
75,1746.8354430379745,1.8859224995453607,0.13497293482655115,gene,DHX36KO,WT,unfiltered,down,586,WT (DHX36KO DEGs)
76,1797.4683544303798,1.9175784485334675,0.1347475656823235,gene,DHX36KO,WT,unfiltered,down,586,WT (DHX36KO DEGs)
77,1848.1012658227846,1.9296170478229109,0.13403775520284805,gene,DHX36KO,WT,unfiltered,down,586,WT (DHX36KO DEGs)
78,1898.73417721519,1.9323708101902923,0.13487601408582464,gene,DHX36KO,WT,unfiltered,down,586,WT (DHX36KO DEGs)
79,1949.3670886075947,1.9433507856985206,0.1305879913698625,gene,DHX36KO,WT,unfiltered,down,586,WT (DHX36KO DEGs)
80,2000,1.9764147391085212,0.14099838976413193,gene,DHX36KO,WT,unfiltered,down,586,WT (DHX36KO DEGs)
1,-2000,6.118443121887787,0.6735200492921667,fragment,DHX36KO,DHX36KO,pooled,up,285,DHX36KO
2,-1949.367088607595,6.398232534285874,0.6883743285809686,fragment,DHX36KO,DHX36KO,pooled,up,285,DHX36KO
3,-1898.73417721519,6.711404555613535,0.6827636380039737,fragment,DHX36KO,DHX36KO,pooled,up,285,DHX36KO
4,-1848.1012658227849,6.695789865214922,0.6549784071381726,fragment,DHX36KO,DHX36KO,pooled,up,285,DHX36KO
5,-1797.4683544303798,6.818804752400047,0.6460033026443394,fragment,DHX36KO,DHX36KO,pooled,up,285,DHX36KO
6,-1746.8354430379748,6.879685853439465,0.6541736530418468,fragment,DHX36KO,DHX36KO,pooled,up,285,DHX36KO
7,-1696.2025316455697,6.92792725582569,0.6679944380295331,fragment,DHX36KO,DHX36KO,pooled,up,285,DHX36KO
8,-1645.5696202531644,6.9771417703823735,0.6453951402567744,fragment,DHX36KO,DHX36KO,pooled,up,285,DHX36KO
9,-1594.9367088607596,6.968853520845112,0.6119150857953061,fragment,DHX36KO,DHX36KO,pooled,up,285,DHX36KO
10,-1544.3037974683543,7.232322050568653,0.6883835179913075,fragment,DHX36KO,DHX36KO,pooled,up,285,DHX36KO
11,-1493.6708860759495,7.451813804944356,0.8724796350509988,fragment,DHX36KO,DHX36KO,pooled,up,285,DHX36KO
12,-1443.0379746835442,7.559448453247896,0.9934215124518094,fragment,DHX36KO,DHX36KO,pooled,up,285,DHX36KO
13,-1392.4050632911392,7.733389548873344,1.0835271589728368,fragment,DHX36KO,DHX36KO,pooled,up,285,DHX36KO
14,-1341.7721518987341,7.869975011741906,1.1012321102344111,fragment,DHX36KO,DHX36KO,pooled,up,285,DHX36KO
15,-1291.139240506329,8.004680735981255,0.9662209231438151,fragment,DHX36KO,DHX36KO,pooled,up,285,DHX36KO
16,-1240.506329113924,8.023882881574464,0.7924718454001307,fragment,DHX36KO,DHX36KO,pooled,up,285,DHX36KO
17,-1189.873417721519,8.237382906763177,0.7427906985534324,fragment,DHX36KO,DHX36KO,pooled,up,285,DHX36KO
18,-1139.240506329114,8.67535803351486,0.850797093181434,fragment,DHX36KO,DHX36KO,pooled,up,285,DHX36KO
19,-1088.607594936709,9.365957577897792,1.06148415435612,fragment,DHX36KO,DHX36KO,pooled,up,285,DHX36KO
20,-1037.9746835443038,9.787277407930608,1.1986456964156655,fragment,DHX36KO,DHX36KO,pooled,up,285,DHX36KO
21,-987.3417721518988,10.305123284942226,1.3048276144574893,fragment,DHX36KO,DHX36KO,pooled,up,285,DHX36KO
22,-936.7088607594937,10.831793798588869,1.333358394511648,fragment,DHX36KO,DHX36KO,pooled,up,285,DHX36KO
23,-886.0759493670887,10.939614586060507,1.2738006695511324,fragment,DHX36KO,DHX36KO,pooled,up,285,DHX36KO
24,-835.4430379746836,10.865709187674941,1.1422922696205344,fragment,DHX36KO,DHX36KO,pooled,up,285,DHX36KO
25,-784.8101265822784,11.005124812714538,1.0902902871687479,fragment,DHX36KO,DHX36KO,pooled,up,285,DHX36KO
26,-734.1772151898733,11.192686222346902,1.0706228840441925,fragment,DHX36KO,DHX36KO,pooled,up,285,DHX36KO
27,-683.5443037974683,11.357098010063172,1.0751710164407036,fragment,DHX36KO,DHX36KO,pooled,up,285,DHX36KO
28,-632.9113924050632,11.704994239160191,1.101740423225915,fragment,DHX36KO,DHX36KO,pooled,up,285,DHX36KO
29,-582.2784810126582,12.60578465333459,1.2119255305823788,fragment,DHX36KO,DHX36KO,pooled,up,285,DHX36KO
30,-531.6455696202531,13.380382971281197,1.3212663540790797,fragment,DHX36KO,DHX36KO,pooled,up,285,DHX36KO
31,-481.0126582278481,14.41967057460651,1.4546386525163368,fragment,DHX36KO,DHX36KO,pooled,up,285,DHX36KO
32,-430.37974683544303,15.41078847288946,1.5379179385141408,fragment,DHX36KO,DHX36KO,pooled,up,285,DHX36KO
33,-379.746835443038,16.523555084964684,1.700295321149739,fragment,DHX36KO,DHX36KO,pooled,up,285,DHX36KO
34,-329.11392405063293,17.7077621939252,1.8896978553482107,fragment,DHX36KO,DHX36KO,pooled,up,285,DHX36KO
35,-278.4810126582279,18.92901548802225,1.981626796809342,fragment,DHX36KO,DHX36KO,pooled,up,285,DHX36KO
36,-227.84810126582283,19.859690257571593,1.9665193500402127,fragment,DHX36KO,DHX36KO,pooled,up,285,DHX36KO
37,-177.21518987341778,20.115922310126454,1.8386549941961259,fragment,DHX36KO,DHX36KO,pooled,up,285,DHX36KO
38,-126.58227848101274,20.00188064415692,1.6473848143899534,fragment,DHX36KO,DHX36KO,pooled,up,285,DHX36KO
39,-75.94936708860769,19.871654052374655,1.5334621773501147,fragment,DHX36KO,DHX36KO,pooled,up,285,DHX36KO
40,-25.316455696202638,19.906643079130273,1.4902468907677155,fragment,DHX36KO,DHX36KO,pooled,up,285,DHX36KO
41,25.31645569620241,19.423788556408464,1.4008096782126411,fragment,DHX36KO,DHX36KO,pooled,up,285,DHX36KO
42,75.94936708860769,18.82196018454903,1.3247144066271235,fragment,DHX36KO,DHX36KO,pooled,up,285,DHX36KO
43,126.58227848101251,18.22222023536169,1.2320331563440132,fragment,DHX36KO,DHX36KO,pooled,up,285,DHX36KO
44,177.21518987341778,17.51068383020546,1.1277475589603636,fragment,DHX36KO,DHX36KO,pooled,up,285,DHX36KO
45,227.8481012658226,16.77668131108312,1.0984022463120071,fragment,DHX36KO,DHX36KO,pooled,up,285,DHX36KO
46,278.4810126582279,16.02155748213941,1.0988247537207028,fragment,DHX36KO,DHX36KO,pooled,up,285,DHX36KO
47,329.1139240506327,15.196010680399443,1.0685772137899643,fragment,DHX36KO,DHX36KO,pooled,up,285,DHX36KO
48,379.746835443038,14.747335899520339,1.080919274461914,fragment,DHX36KO,DHX36KO,pooled,up,285,DHX36KO
49,430.37974683544326,14.162776771330694,1.0717859603139912,fragment,DHX36KO,DHX36KO,pooled,up,285,DHX36KO
50,481.0126582278481,13.569527533199356,1.0565959470780788,fragment,DHX36KO,DHX36KO,pooled,up,285,DHX36KO
51,531.6455696202534,12.86763278609828,1.027212747304636,fragment,DHX36KO,DHX36KO,pooled,up,285,DHX36KO
52,582.2784810126582,12.255216117953696,1.01762199321813,fragment,DHX36KO,DHX36KO,pooled,up,285,DHX36KO
53,632.9113924050635,11.720060154574655,1.0400573347651416,fragment,DHX36KO,DHX36KO,pooled,up,285,DHX36KO
54,683.5443037974683,11.05655389715217,1.0370047372542575,fragment,DHX36KO,DHX36KO,pooled,up,285,DHX36KO
55,734.1772151898736,10.720467458025057,1.00818642667783,fragment,DHX36KO,DHX36KO,pooled,up,285,DHX36KO
56,784.8101265822784,10.308398487286262,0.9161292933283367,fragment,DHX36KO,DHX36KO,pooled,up,285,DHX36KO
57,835.4430379746836,9.72146065764957,0.8228285213287952,fragment,DHX36KO,DHX36KO,pooled,up,285,DHX36KO
58,886.0759493670885,8.951979000211459,0.7193525914031048,fragment,DHX36KO,DHX36KO,pooled,up,285,DHX36KO
59,936.7088607594937,8.605502201172344,0.6860725299541678,fragment,DHX36KO,DHX36KO,pooled,up,285,DHX36KO
60,987.3417721518986,8.131933313509178,0.6547101964746993,fragment,DHX36KO,DHX36KO,pooled,up,285,DHX36KO
61,1037.9746835443038,7.559455365507226,0.6100864576776078,fragment,DHX36KO,DHX36KO,pooled,up,285,DHX36KO
62,1088.6075949367087,7.2554987457481745,0.6047189906120856,fragment,DHX36KO,DHX36KO,pooled,up,285,DHX36KO
63,1139.240506329114,7.065234743040207,0.6325858522651561,fragment,DHX36KO,DHX36KO,pooled,up,285,DHX36KO
64,1189.8734177215188,7.018241171934451,0.6600321921048363,fragment,DHX36KO,DHX36KO,pooled,up,285,DHX36KO
65,1240.506329113924,6.874452725577773,0.65701469620631,fragment,DHX36KO,DHX36KO,pooled,up,285,DHX36KO
66,1291.1392405063293,6.578686564504054,0.6250544094402625,fragment,DHX36KO,DHX36KO,pooled,up,285,DHX36KO
67,1341.7721518987341,6.300140811711027,0.584446150619464,fragment,DHX36KO,DHX36KO,pooled,up,285,DHX36KO
68,1392.4050632911394,5.974867780044065,0.5314893098750266,fragment,DHX36KO,DHX36KO,pooled,up,285,DHX36KO
69,1443.0379746835442,5.651029364404622,0.482176265698799,fragment,DHX36KO,DHX36KO,pooled,up,285,DHX36KO
70,1493.6708860759495,5.276545632869877,0.43159352016458563,fragment,DHX36KO,DHX36KO,pooled,up,285,DHX36KO
71,1544.3037974683543,5.010763855499134,0.39269129817029225,fragment,DHX36KO,DHX36KO,pooled,up,285,DHX36KO
72,1594.9367088607596,4.976960994335643,0.393016750301538,fragment,DHX36KO,DHX36KO,pooled,up,285,DHX36KO
73,1645.5696202531644,5.035040081860727,0.43360257112302225,fragment,DHX36KO,DHX36KO,pooled,up,285,DHX36KO
74,1696.2025316455697,4.929896739329511,0.4697491542385773,fragment,DHX36KO,DHX36KO,pooled,up,285,DHX36KO
75,1746.8354430379745,5.0055805604443915,0.4885262258654467,fragment,DHX36KO,DHX36KO,pooled,up,285,DHX36KO
76,1797.4683544303798,4.926425123529825,0.4420927417971568,fragment,DHX36KO,DHX36KO,pooled,up,285,DHX36KO
77,1848.1012658227846,4.711970453136845,0.3793888969797312,fragment,DHX36KO,DHX36KO,pooled,up,285,DHX36KO
78,1898.73417721519,4.635482904911041,0.3591233760532559,fragment,DHX36KO,DHX36KO,pooled,up,285,DHX36KO
79,1949.3670886075947,4.493616446779486,0.33028972699377096,fragment,DHX36KO,DHX36KO,pooled,up,285,DHX36KO
80,2000,4.578828033388707,0.3389004378290195,fragment,DHX36KO,DHX36KO,pooled,up,285,DHX36KO
1,-2000,7.475934893546833,0.9812216622681124,fragment,DHX36KO,DHX36KO,pooled,down,192,DHX36KO
2,-1949.367088607595,7.018109407644305,0.7796956799960126,fragment,DHX36KO,DHX36KO,pooled,down,192,DHX36KO
3,-1898.73417721519,6.803887744355533,0.7080213980683298,fragment,DHX36KO,DHX36KO,pooled,down,192,DHX36KO
4,-1848.1012658227849,7.145674416211744,0.8223662033320904,fragment,DHX36KO,DHX36KO,pooled,down,192,DHX36KO
5,-1797.4683544303798,7.4918720583990215,1.0355290864081705,fragment,DHX36KO,DHX36KO,pooled,down,192,DHX36KO
6,-1746.8354430379748,7.614859204582042,1.1537102351086712,fragment,DHX36KO,DHX36KO,pooled,down,192,DHX36KO
7,-1696.2025316455697,7.660043210060232,1.124508687240566,fragment,DHX36KO,DHX36KO,pooled,down,192,DHX36KO
8,-1645.5696202531644,8.170142718321747,1.1363989944914898,fragment,DHX36KO,DHX36KO,pooled,down,192,DHX36KO
9,-1594.9367088607596,8.50673293457677,1.1546804706906333,fragment,DHX36KO,DHX36KO,pooled,down,192,DHX36KO
10,-1544.3037974683543,8.698963577060235,1.1899734878447872,fragment,DHX36KO,DHX36KO,pooled,down,192,DHX36KO
11,-1493.6708860759495,8.733322594190637,1.1460920529776342,fragment,DHX36KO,DHX36KO,pooled,down,192,DHX36KO
12,-1443.0379746835442,8.884854922302894,1.0914859076919454,fragment,DHX36KO,DHX36KO,pooled,down,192,DHX36KO
13,-1392.4050632911392,8.916374150026176,1.0833035815130903,fragment,DHX36KO,DHX36KO,pooled,down,192,DHX36KO
14,-1341.7721518987341,9.366460104733706,1.1453916519356315,fragment,DHX36KO,DHX36KO,pooled,down,192,DHX36KO
15,-1291.139240506329,9.674583899788558,1.1278109052517908,fragment,DHX36KO,DHX36KO,pooled,down,192,DHX36KO
16,-1240.506329113924,10.319106862975492,1.1980373787480625,fragment,DHX36KO,DHX36KO,pooled,down,192,DHX36KO
17,-1189.873417721519,10.985850801753502,1.3040827237916977,fragment,DHX36KO,DHX36KO,pooled,down,192,DHX36KO
18,-1139.240506329114,12.046344820621112,1.5339246293159055,fragment,DHX36KO,DHX36KO,pooled,down,192,DHX36KO
19,-1088.607594936709,12.581490901236734,1.6856053776571727,fragment,DHX36KO,DHX36KO,pooled,down,192,DHX36KO
20,-1037.9746835443038,12.925304964979489,1.6719068495267242,fragment,DHX36KO,DHX36KO,pooled,down,192,DHX36KO
21,-987.3417721518988,12.939402229566541,1.6072051630157653,fragment,DHX36KO,DHX36KO,pooled,down,192,DHX36KO
22,-936.7088607594937,12.809839119753903,1.520661375613719,fragment,DHX36KO,DHX36KO,pooled,down,192,DHX36KO
23,-886.0759493670887,12.574845737533437,1.392014675235993,fragment,DHX36KO,DHX36KO,pooled,down,192,DHX36KO
24,-835.4430379746836,12.542656075793008,1.276132401007359,fragment,DHX36KO,DHX36KO,pooled,down,192,DHX36KO
25,-784.8101265822784,12.96917930337704,1.239697779454596,fragment,DHX36KO,DHX36KO,pooled,down,192,DHX36KO
26,-734.1772151898733,13.345433811996546,1.205073855548957,fragment,DHX36KO,DHX36KO,pooled,down,192,DHX36KO
27,-683.5443037974683,13.886322135602434,1.1991342455464344,fragment,DHX36KO,DHX36KO,pooled,down,192,DHX36KO
28,-632.9113924050632,14.273864659041994,1.180309757261425,fragment,DHX36KO,DHX36KO,pooled,down,192,DHX36KO
29,-582.2784810126582,14.821471853893664,1.2159930254550004,fragment,DHX36KO,DHX36KO,pooled,down,192,DHX36KO
30,-531.6455696202531,15.593235739601983,1.2797469611248367,fragment,DHX36KO,DHX36KO,pooled,down,192,DHX36KO
31,-481.0126582278481,16.36328140206221,1.3281048325274265,fragment,DHX36KO,DHX36KO,pooled,down,192,DHX36KO
32,-430.37974683544303,17.793661414513156,1.527854620900645,fragment,DHX36KO,DHX36KO,pooled,down,192,DHX36KO
33,-379.746835443038,20.047708622291683,2.112304655367161,fragment,DHX36KO,DHX36KO,pooled,down,192,DHX36KO
34,-329.11392405063293,21.531383907447257,2.499141416947808,fragment,DHX36KO,DHX36KO,pooled,down,192,DHX36KO
35,-278.4810126582279,22.45312146006359,2.7638435421261818,fragment,DHX36KO,DHX36KO,pooled,down,192,DHX36KO
36,-227.84810126582283,23.179385250525343,2.8803664558697735,fragment,DHX36KO,DHX36KO,pooled,down,192,DHX36KO
37,-177.21518987341778,23.14298730623391,2.8299549043580448,fragment,DHX36KO,DHX36KO,pooled,down,192,DHX36KO
38,-126.58227848101274,22.07969239651329,2.5440358832294327,fragment,DHX36KO,DHX36KO,pooled,down,192,DHX36KO
39,-75.94936708860769,21.388005542585418,2.445248324787637,fragment,DHX36KO,DHX36KO,pooled,down,192,DHX36KO
40,-25.316455696202638,20.897152669516704,2.3073388811960998,fragment,DHX36KO,DHX36KO,pooled,down,192,DHX36KO
41,25.31645569620241,20.57479998099307,2.150321592075127,fragment,DHX36KO,DHX36KO,pooled,down,192,DHX36KO
42,75.94936708860769,19.654250062786872,1.958688432268201,fragment,DHX36KO,DHX36KO,pooled,down,192,DHX36KO
43,126.58227848101251,18.73313105771939,1.853418275260289,fragment,DHX36KO,DHX36KO,pooled,down,192,DHX36KO
44,177.21518987341778,17.951263252264923,1.6791520603105836,fragment,DHX36KO,DHX36KO,pooled,down,192,DHX36KO
45,227.8481012658226,16.895314258241818,1.4834009074713175,fragment,DHX36KO,DHX36KO,pooled,down,192,DHX36KO
46,278.4810126582279,16.015248218514024,1.4257098807554607,fragment,DHX36KO,DHX36KO,pooled,down,192,DHX36KO
47,329.1139240506327,15.30124450860752,1.373902696922756,fragment,DHX36KO,DHX36KO,pooled,down,192,DHX36KO
48,379.746835443038,14.187675975275537,1.1932194128301112,fragment,DHX36KO,DHX36KO,pooled,down,192,DHX36KO
49,430.37974683544326,12.935871609830194,1.0328200221208348,fragment,DHX36KO,DHX36KO,pooled,down,192,DHX36KO
50,481.0126582278481,12.171389456428587,0.9671100100039454,fragment,DHX36KO,DHX36KO,pooled,down,192,DHX36KO
51,531.6455696202534,11.79694708471083,0.939668126688808,fragment,DHX36KO,DHX36KO,pooled,down,192,DHX36KO
52,582.2784810126582,11.39315438946916,0.9700030477106213,fragment,DHX36KO,DHX36KO,pooled,down,192,DHX36KO
53,632.9113924050635,11.081061661980218,1.00127555939005,fragment,DHX36KO,DHX36KO,pooled,down,192,DHX36KO
54,683.5443037974683,10.78229963047223,1.0649737583677232,fragment,DHX36KO,DHX36KO,pooled,down,192,DHX36KO
55,734.1772151898736,10.766106544161836,1.160316236933044,fragment,DHX36KO,DHX36KO,pooled,down,192,DHX36KO
56,784.8101265822784,10.577828525027467,1.193735152266467,fragment,DHX36KO,DHX36KO,pooled,down,192,DHX36KO
57,835.4430379746836,10.09397085967991,1.222578194660681,fragment,DHX36KO,DHX36KO,pooled,down,192,DHX36KO
58,886.0759493670885,9.572380175569819,1.136813089999137,fragment,DHX36KO,DHX36KO,pooled,down,192,DHX36KO
59,936.7088607594937,8.997192645462023,1.0070185223167405,fragment,DHX36KO,DHX36KO,pooled,down,192,DHX36KO
60,987.3417721518986,8.399090398599704,0.881878809449584,fragment,DHX36KO,DHX36KO,pooled,down,192,DHX36KO
61,1037.9746835443038,7.925456118889981,0.819556035653848,fragment,DHX36KO,DHX36KO,pooled,down,192,DHX36KO
62,1088.6075949367087,7.492505794813235,0.7383812927287754,fragment,DHX36KO,DHX36KO,pooled,down,192,DHX36KO
63,1139.240506329114,7.098128540731139,0.7005147660697957,fragment,DHX36KO,DHX36KO,pooled,down,192,DHX36KO
64,1189.8734177215188,7.0802705003031425,0.6830033771253878,fragment,DHX36KO,DHX36KO,pooled,down,192,DHX36KO
65,1240.506329113924,6.88591666245626,0.6659029505830921,fragment,DHX36KO,DHX36KO,pooled,down,192,DHX36KO
66,1291.1392405063293,6.659457052465942,0.6736741189459773,fragment,DHX36KO,DHX36KO,pooled,down,192,DHX36KO
67,1341.7721518987341,6.430410664536887,0.7026015551756806,fragment,DHX36KO,DHX36KO,pooled,down,192,DHX36KO
68,1392.4050632911394,6.17147800737785,0.7101928724067553,fragment,DHX36KO,DHX36KO,pooled,down,192,DHX36KO
69,1443.0379746835442,5.898720736023453,0.6969913472709758,fragment,DHX36KO,DHX36KO,pooled,down,192,DHX36KO
70,1493.6708860759495,5.748701685836745,0.6252604092174908,fragment,DHX36KO,DHX36KO,pooled,down,192,DHX36KO
71,1544.3037974683543,5.577298704687919,0.5508399184698609,fragment,DHX36KO,DHX36KO,pooled,down,192,DHX36KO
72,1594.9367088607596,5.543159387856722,0.5141768551104987,fragment,DHX36KO,DHX36KO,pooled,down,192,DHX36KO
73,1645.5696202531644,5.692698712348938,0.5555248252687223,fragment,DHX36KO,DHX36KO,pooled,down,192,DHX36KO
74,1696.2025316455697,5.540601152338915,0.5615885966171787,fragment,DHX36KO,DHX36KO,pooled,down,192,DHX36KO
75,1746.8354430379745,5.685729751740065,0.6085716135911851,fragment,DHX36KO,DHX36KO,pooled,down,192,DHX36KO
76,1797.4683544303798,5.7738276621492375,0.6494816820663153,fragment,DHX36KO,DHX36KO,pooled,down,192,DHX36KO
77,1848.1012658227846,5.692941906336281,0.6696842287182401,fragment,DHX36KO,DHX36KO,pooled,down,192,DHX36KO
78,1898.73417721519,5.624543280266225,0.6569784893691734,fragment,DHX36KO,DHX36KO,pooled,down,192,DHX36KO
79,1949.3670886075947,5.444725097061859,0.6209723640263578,fragment,DHX36KO,DHX36KO,pooled,down,192,DHX36KO
80,2000,5.300113333008356,0.5885673606565567,fragment,DHX36KO,DHX36KO,pooled,down,192,DHX36KO
1,-2000,5.079675514790747,0.5509587401714312,fragment,DHX36KO,DHX36KO,parallel,up,240,DHX36KO
2,-1949.367088607595,5.322521585365137,0.5422875305317753,fragment,DHX36KO,DHX36KO,parallel,up,240,DHX36KO
3,-1898.73417721519,5.585839343968365,0.5321922609347964,fragment,DHX36KO,DHX36KO,parallel,up,240,DHX36KO
4,-1848.1012658227849,5.605237175001038,0.5384923093466917,fragment,DHX36KO,DHX36KO,parallel,up,240,DHX36KO
5,-1797.4683544303798,5.804500422805548,0.5506114242358001,fragment,DHX36KO,DHX36KO,parallel,up,240,DHX36KO
6,-1746.8354430379748,5.907520527389314,0.5331290138540898,fragment,DHX36KO,DHX36KO,parallel,up,240,DHX36KO
7,-1696.2025316455697,5.982488608979517,0.5127999509872083,fragment,DHX36KO,DHX36KO,parallel,up,240,DHX36KO
8,-1645.5696202531644,6.203232238945033,0.5453103028238213,fragment,DHX36KO,DHX36KO,parallel,up,240,DHX36KO
9,-1594.9367088607596,6.446115488555696,0.5936615148001945,fragment,DHX36KO,DHX36KO,parallel,up,240,DHX36KO
10,-1544.3037974683543,6.969711607144939,0.7490245688645808,fragment,DHX36KO,DHX36KO,parallel,up,240,DHX36KO
11,-1493.6708860759495,7.375686789241102,0.997251161193674,fragment,DHX36KO,DHX36KO,parallel,up,240,DHX36KO
12,-1443.0379746835442,7.630199903716644,1.150045638738406,fragment,DHX36KO,DHX36KO,parallel,up,240,DHX36KO
13,-1392.4050632911392,7.872189569797781,1.2610446767426218,fragment,DHX36KO,DHX36KO,parallel,up,240,DHX36KO
14,-1341.7721518987341,8.127346306373676,1.2903131346076726,fragment,DHX36KO,DHX36KO,parallel,up,240,DHX36KO
15,-1291.139240506329,8.318322759505776,1.1305760883140352,fragment,DHX36KO,DHX36KO,parallel,up,240,DHX36KO
16,-1240.506329113924,8.330922901004552,0.9210362693392272,fragment,DHX36KO,DHX36KO,parallel,up,240,DHX36KO
17,-1189.873417721519,8.517179094708629,0.8599047825566278,fragment,DHX36KO,DHX36KO,parallel,up,240,DHX36KO
18,-1139.240506329114,9.042644589450624,0.9890950810162935,fragment,DHX36KO,DHX36KO,parallel,up,240,DHX36KO
19,-1088.607594936709,9.836075323902898,1.2435362758921653,fragment,DHX36KO,DHX36KO,parallel,up,240,DHX36KO
20,-1037.9746835443038,10.279549614018864,1.4008525550284325,fragment,DHX36KO,DHX36KO,parallel,up,240,DHX36KO
21,-987.3417721518988,10.824953179498513,1.5223345404491295,fragment,DHX36KO,DHX36KO,parallel,up,240,DHX36KO
22,-936.7088607594937,11.334371628168556,1.5501265520213563,fragment,DHX36KO,DHX36KO,parallel,up,240,DHX36KO
23,-886.0759493670887,11.401830182737774,1.4702493664507947,fragment,DHX36KO,DHX36KO,parallel,up,240,DHX36KO
24,-835.4430379746836,11.357236947500043,1.3089456354438989,fragment,DHX36KO,DHX36KO,parallel,up,240,DHX36KO
25,-784.8101265822784,11.517241789347596,1.2526136590998778,fragment,DHX36KO,DHX36KO,parallel,up,240,DHX36KO
26,-734.1772151898733,11.761725769860877,1.2343138278409884,fragment,DHX36KO,DHX36KO,parallel,up,240,DHX36KO
27,-683.5443037974683,12.030105457405249,1.2481134043019408,fragment,DHX36KO,DHX36KO,parallel,up,240,DHX36KO
28,-632.9113924050632,12.434359515964985,1.2816841798358614,fragment,DHX36KO,DHX36KO,parallel,up,240,DHX36KO
29,-582.2784810126582,13.307588816702365,1.4119854621639425,fragment,DHX36KO,DHX36KO,parallel,up,240,DHX36KO
30,-531.6455696202531,13.98257592643963,1.540217805393916,fragment,DHX36KO,DHX36KO,parallel,up,240,DHX36KO
31,-481.0126582278481,14.923905197368727,1.6900258310346408,fragment,DHX36KO,DHX36KO,parallel,up,240,DHX36KO
32,-430.37974683544303,15.708088580422931,1.7672473950358754,fragment,DHX36KO,DHX36KO,parallel,up,240,DHX36KO
33,-379.746835443038,16.65709645417664,1.9405134153082915,fragment,DHX36KO,DHX36KO,parallel,up,240,DHX36KO
34,-329.11392405063293,17.70345317264729,2.147793009258079,fragment,DHX36KO,DHX36KO,parallel,up,240,DHX36KO
35,-278.4810126582279,18.573572002069817,2.2165678686841463,fragment,DHX36KO,DHX36KO,parallel,up,240,DHX36KO
36,-227.84810126582283,19.377715076711443,2.1529287797861234,fragment,DHX36KO,DHX36KO,parallel,up,240,DHX36KO
37,-177.21518987341778,19.501688775532774,1.9219949619540617,fragment,DHX36KO,DHX36KO,parallel,up,240,DHX36KO
38,-126.58227848101274,19.215389288081063,1.5941127839876366,fragment,DHX36KO,DHX36KO,parallel,up,240,DHX36KO
39,-75.94936708860769,18.958791107399595,1.4061882361035831,fragment,DHX36KO,DHX36KO,parallel,up,240,DHX36KO
40,-25.316455696202638,18.83943271281653,1.340161636341308,fragment,DHX36KO,DHX36KO,parallel,up,240,DHX36KO
41,25.31645569620241,18.195266497357025,1.2222971837844112,fragment,DHX36KO,DHX36KO,parallel,up,240,DHX36KO
42,75.94936708860769,17.473720250871448,1.162448319050265,fragment,DHX36KO,DHX36KO,parallel,up,240,DHX36KO
43,126.58227848101251,16.85449135014746,1.093277200390885,fragment,DHX36KO,DHX36KO,parallel,up,240,DHX36KO
44,177.21518987341778,16.328343892971674,1.0460833034065558,fragment,DHX36KO,DHX36KO,parallel,up,240,DHX36KO
45,227.8481012658226,15.584231495731407,1.0497220770889304,fragment,DHX36KO,DHX36KO,parallel,up,240,DHX36KO
46,278.4810126582279,14.857174374875095,1.0793091969919213,fragment,DHX36KO,DHX36KO,parallel,up,240,DHX36KO
47,329.1139240506327,14.118841827087932,1.0660864509099166,fragment,DHX36KO,DHX36KO,parallel,up,240,DHX36KO
48,379.746835443038,13.787143691367573,1.0883348186442956,fragment,DHX36KO,DHX36KO,parallel,up,240,DHX36KO
49,430.37974683544326,13.343956918193234,1.103772574353325,fragment,DHX36KO,DHX36KO,parallel,up,240,DHX36KO
50,481.0126582278481,12.735533701396651,1.0875288081398384,fragment,DHX36KO,DHX36KO,parallel,up,240,DHX36KO
51,531.6455696202534,12.208570227642854,1.0780841486109336,fragment,DHX36KO,DHX36KO,parallel,up,240,DHX36KO
52,582.2784810126582,11.736739267236656,1.1062097086982392,fragment,DHX36KO,DHX36KO,parallel,up,240,DHX36KO
53,632.9113924050635,11.272086586197217,1.1443853220481335,fragment,DHX36KO,DHX36KO,parallel,up,240,DHX36KO
54,683.5443037974683,10.687190691335333,1.1554802111660902,fragment,DHX36KO,DHX36KO,parallel,up,240,DHX36KO
55,734.1772151898736,10.385039097848866,1.1303875621049126,fragment,DHX36KO,DHX36KO,parallel,up,240,DHX36KO
56,784.8101265822784,10.008717218789789,1.027207699111395,fragment,DHX36KO,DHX36KO,parallel,up,240,DHX36KO
57,835.4430379746836,9.39540554528104,0.9273278789407644,fragment,DHX36KO,DHX36KO,parallel,up,240,DHX36KO
58,886.0759493670885,8.575507968323098,0.8065666443728471,fragment,DHX36KO,DHX36KO,parallel,up,240,DHX36KO
59,936.7088607594937,8.277495468255546,0.7637711718077798,fragment,DHX36KO,DHX36KO,parallel,up,240,DHX36KO
60,987.3417721518986,7.78487827051017,0.7208517285270325,fragment,DHX36KO,DHX36KO,parallel,up,240,DHX36KO
61,1037.9746835443038,7.167089312742154,0.6571501955512628,fragment,DHX36KO,DHX36KO,parallel,up,240,DHX36KO
62,1088.6075949367087,6.840854264762666,0.6440171104074075,fragment,DHX36KO,DHX36KO,parallel,up,240,DHX36KO
63,1139.240506329114,6.663468619892995,0.6812012874302279,fragment,DHX36KO,DHX36KO,parallel,up,240,DHX36KO
64,1189.8734177215188,6.634788757493099,0.7147767846872067,fragment,DHX36KO,DHX36KO,parallel,up,240,DHX36KO
65,1240.506329113924,6.530436382499006,0.7248074920960637,fragment,DHX36KO,DHX36KO,parallel,up,240,DHX36KO
66,1291.1392405063293,6.246418372730414,0.6952376694335329,fragment,DHX36KO,DHX36KO,parallel,up,240,DHX36KO
67,1341.7721518987341,6.048047061850627,0.6632010511375077,fragment,DHX36KO,DHX36KO,parallel,up,240,DHX36KO
68,1392.4050632911394,5.843988059716092,0.6055288875016422,fragment,DHX36KO,DHX36KO,parallel,up,240,DHX36KO
69,1443.0379746835442,5.5893741536504695,0.5454032438655941,fragment,DHX36KO,DHX36KO,parallel,up,240,DHX36KO
70,1493.6708860759495,5.249331012815237,0.4884289781162932,fragment,DHX36KO,DHX36KO,parallel,up,240,DHX36KO
71,1544.3037974683543,4.983780608316263,0.44217781287812674,fragment,DHX36KO,DHX36KO,parallel,up,240,DHX36KO
72,1594.9367088607596,4.980664979606867,0.4437044106072574,fragment,DHX36KO,DHX36KO,parallel,up,240,DHX36KO
73,1645.5696202531644,5.028770130657487,0.4919632701048245,fragment,DHX36KO,DHX36KO,parallel,up,240,DHX36KO
74,1696.2025316455697,4.917041588501798,0.5396781838983498,fragment,DHX36KO,DHX36KO,parallel,up,240,DHX36KO
75,1746.8354430379745,4.94597265421682,0.559820924898617,fragment,DHX36KO,DHX36KO,parallel,up,240,DHX36KO
76,1797.4683544303798,4.801933982872301,0.49242152204781486,fragment,DHX36KO,DHX36KO,parallel,up,240,DHX36KO
77,1848.1012658227846,4.558323459949758,0.40386652170334997,fragment,DHX36KO,DHX36KO,parallel,up,240,DHX36KO
78,1898.73417721519,4.470368776251872,0.3677053370276898,fragment,DHX36KO,DHX36KO,parallel,up,240,DHX36KO
79,1949.3670886075947,4.328824993163347,0.330428923617211,fragment,DHX36KO,DHX36KO,parallel,up,240,DHX36KO
80,2000,4.425622575273117,0.3308320296057542,fragment,DHX36KO,DHX36KO,parallel,up,240,DHX36KO
1,-2000,7.562145496086408,1.1645310592422138,fragment,DHX36KO,DHX36KO,parallel,down,155,DHX36KO
2,-1949.367088607595,7.0492774093535635,0.9055374153542568,fragment,DHX36KO,DHX36KO,parallel,down,155,DHX36KO
3,-1898.73417721519,6.870780544465588,0.8205990300854182,fragment,DHX36KO,DHX36KO,parallel,down,155,DHX36KO
4,-1848.1012658227849,7.244166982302102,0.9627987721875121,fragment,DHX36KO,DHX36KO,parallel,down,155,DHX36KO
5,-1797.4683544303798,7.604200289864694,1.217927905631485,fragment,DHX36KO,DHX36KO,parallel,down,155,DHX36KO
6,-1746.8354430379748,7.584355413467653,1.3075845277888862,fragment,DHX36KO,DHX36KO,parallel,down,155,DHX36KO
7,-1696.2025316455697,7.629175019546222,1.2381271132429787,fragment,DHX36KO,DHX36KO,parallel,down,155,DHX36KO
8,-1645.5696202531644,8.119291784445444,1.2246235229314095,fragment,DHX36KO,DHX36KO,parallel,down,155,DHX36KO
9,-1594.9367088607596,8.24253962301439,1.1804258666836573,fragment,DHX36KO,DHX36KO,parallel,down,155,DHX36KO
10,-1544.3037974683543,8.282360843155974,1.1761050530208537,fragment,DHX36KO,DHX36KO,parallel,down,155,DHX36KO
11,-1493.6708860759495,8.201514459440785,1.1317155607025744,fragment,DHX36KO,DHX36KO,parallel,down,155,DHX36KO
12,-1443.0379746835442,8.494947540180657,1.171205279021564,fragment,DHX36KO,DHX36KO,parallel,down,155,DHX36KO
13,-1392.4050632911392,8.485774965973311,1.1726775137803884,fragment,DHX36KO,DHX36KO,parallel,down,155,DHX36KO
14,-1341.7721518987341,8.63096069312352,1.1840832966880945,fragment,DHX36KO,DHX36KO,parallel,down,155,DHX36KO
15,-1291.139240506329,8.600092108839302,1.0761898065693944,fragment,DHX36KO,DHX36KO,parallel,down,155,DHX36KO
16,-1240.506329113924,9.116819049896732,1.1111644873449986,fragment,DHX36KO,DHX36KO,parallel,down,155,DHX36KO
17,-1189.873417721519,9.785541867553547,1.2507546684912783,fragment,DHX36KO,DHX36KO,parallel,down,155,DHX36KO
18,-1139.240506329114,11.116883419934139,1.6197883526823678,fragment,DHX36KO,DHX36KO,parallel,down,155,DHX36KO
19,-1088.607594936709,11.732924011471452,1.8390441577796552,fragment,DHX36KO,DHX36KO,parallel,down,155,DHX36KO
20,-1037.9746835443038,12.004628183487924,1.8213242849479192,fragment,DHX36KO,DHX36KO,parallel,down,155,DHX36KO
21,-987.3417721518988,11.885823482990265,1.7106706055622498,fragment,DHX36KO,DHX36KO,parallel,down,155,DHX36KO
22,-936.7088607594937,11.536852174943492,1.5297157987133665,fragment,DHX36KO,DHX36KO,parallel,down,155,DHX36KO
23,-886.0759493670887,11.273215170809017,1.3337974105362225,fragment,DHX36KO,DHX36KO,parallel,down,155,DHX36KO
24,-835.4430379746836,11.293711490979758,1.187635604606992,fragment,DHX36KO,DHX36KO,parallel,down,155,DHX36KO
25,-784.8101265822784,11.783908590106554,1.1501930542007794,fragment,DHX36KO,DHX36KO,parallel,down,155,DHX36KO
26,-734.1772151898733,12.332659749036194,1.1554388153649604,fragment,DHX36KO,DHX36KO,parallel,down,155,DHX36KO
27,-683.5443037974683,13.001529388694353,1.2058697560139953,fragment,DHX36KO,DHX36KO,parallel,down,155,DHX36KO
28,-632.9113924050632,13.509451915684567,1.2365176747449576,fragment,DHX36KO,DHX36KO,parallel,down,155,DHX36KO
29,-582.2784810126582,14.076506781249918,1.2873455890018346,fragment,DHX36KO,DHX36KO,parallel,down,155,DHX36KO
30,-531.6455696202531,14.663003118212504,1.3687963615234275,fragment,DHX36KO,DHX36KO,parallel,down,155,DHX36KO
31,-481.0126582278481,15.473315525536895,1.4442352568042216,fragment,DHX36KO,DHX36KO,parallel,down,155,DHX36KO
32,-430.37974683544303,16.832317696145786,1.7040481775031753,fragment,DHX36KO,DHX36KO,parallel,down,155,DHX36KO
33,-379.746835443038,18.976840406361447,2.422841842011948,fragment,DHX36KO,DHX36KO,parallel,down,155,DHX36KO
34,-329.11392405063293,20.582509375582458,2.8754632417340797,fragment,DHX36KO,DHX36KO,parallel,down,155,DHX36KO
35,-278.4810126582279,21.58316668530946,3.1930180468365625,fragment,DHX36KO,DHX36KO,parallel,down,155,DHX36KO
36,-227.84810126582283,22.41259880322282,3.335660788583363,fragment,DHX36KO,DHX36KO,parallel,down,155,DHX36KO
37,-177.21518987341778,22.381581656158613,3.2395469615722314,fragment,DHX36KO,DHX36KO,parallel,down,155,DHX36KO
38,-126.58227848101274,21.143364176119526,2.8190898500867667,fragment,DHX36KO,DHX36KO,parallel,down,155,DHX36KO
39,-75.94936708860769,20.44323214541712,2.6806837190490582,fragment,DHX36KO,DHX36KO,parallel,down,155,DHX36KO
40,-25.316455696202638,20.12568461302788,2.5518799525320857,fragment,DHX36KO,DHX36KO,parallel,down,155,DHX36KO
41,25.31645569620241,20.04629253619204,2.4058934903501172,fragment,DHX36KO,DHX36KO,parallel,down,155,DHX36KO
42,75.94936708860769,19.6339466446856,2.2325815796128716,fragment,DHX36KO,DHX36KO,parallel,down,155,DHX36KO
43,126.58227848101251,19.046382124080452,2.1536920891177815,fragment,DHX36KO,DHX36KO,parallel,down,155,DHX36KO
44,177.21518987341778,18.362515505852237,1.9552541618606616,fragment,DHX36KO,DHX36KO,parallel,down,155,DHX36KO
45,227.8481012658226,17.475562537598353,1.7401259170554817,fragment,DHX36KO,DHX36KO,parallel,down,155,DHX36KO
46,278.4810126582279,16.92730803144619,1.7060413654044204,fragment,DHX36KO,DHX36KO,parallel,down,155,DHX36KO
47,329.1139240506327,16.4833205909729,1.6509315276755485,fragment,DHX36KO,DHX36KO,parallel,down,155,DHX36KO
48,379.746835443038,15.414717040723371,1.4324022539784707,fragment,DHX36KO,DHX36KO,parallel,down,155,DHX36KO
49,430.37974683544326,14.070052613945418,1.2325129670948947,fragment,DHX36KO,DHX36KO,parallel,down,155,DHX36KO
50,481.0126582278481,13.185366351737771,1.1435253311467717,fragment,DHX36KO,DHX36KO,parallel,down,155,DHX36KO
51,531.6455696202534,12.61719783505573,1.0962123967744162,fragment,DHX36KO,DHX36KO,parallel,down,155,DHX36KO
52,582.2784810126582,12.205457643503784,1.1334090255402904,fragment,DHX36KO,DHX36KO,parallel,down,155,DHX36KO
53,632.9113924050635,11.828175154460373,1.1667413105394941,fragment,DHX36KO,DHX36KO,parallel,down,155,DHX36KO
54,683.5443037974683,11.467301670253917,1.2372909842282105,fragment,DHX36KO,DHX36KO,parallel,down,155,DHX36KO
55,734.1772151898736,11.465703348149535,1.3559774842030237,fragment,DHX36KO,DHX36KO,parallel,down,155,DHX36KO
56,784.8101265822784,11.240151346786048,1.4042184389746941,fragment,DHX36KO,DHX36KO,parallel,down,155,DHX36KO
57,835.4430379746836,10.639539162317911,1.446668081789859,fragment,DHX36KO,DHX36KO,parallel,down,155,DHX36KO
58,886.0759493670885,10.069209373151102,1.349611363784976,fragment,DHX36KO,DHX36KO,parallel,down,155,DHX36KO
59,936.7088607594937,9.360197619110025,1.1862940018467742,fragment,DHX36KO,DHX36KO,parallel,down,155,DHX36KO
60,987.3417721518986,8.712570181282617,1.0273617123638374,fragment,DHX36KO,DHX36KO,parallel,down,155,DHX36KO
61,1037.9746835443038,8.044208042114011,0.9367646927322566,fragment,DHX36KO,DHX36KO,parallel,down,155,DHX36KO
62,1088.6075949367087,7.496131715031081,0.8274197195051979,fragment,DHX36KO,DHX36KO,parallel,down,155,DHX36KO
63,1139.240506329114,7.0682842919698325,0.7650453501478125,fragment,DHX36KO,DHX36KO,parallel,down,155,DHX36KO
64,1189.8734177215188,7.114305035421925,0.7265823295610476,fragment,DHX36KO,DHX36KO,parallel,down,155,DHX36KO
65,1240.506329113924,6.924372982522493,0.683872667284683,fragment,DHX36KO,DHX36KO,parallel,down,155,DHX36KO
66,1291.1392405063293,6.6705039267693795,0.6788054091631844,fragment,DHX36KO,DHX36KO,parallel,down,155,DHX36KO
67,1341.7721518987341,6.507541653858718,0.7204874323054609,fragment,DHX36KO,DHX36KO,parallel,down,155,DHX36KO
68,1392.4050632911394,6.232372577995382,0.7434000501516622,fragment,DHX36KO,DHX36KO,parallel,down,155,DHX36KO
69,1443.0379746835442,5.912450037392237,0.7485126299813788,fragment,DHX36KO,DHX36KO,parallel,down,155,DHX36KO
70,1493.6708860759495,5.780129396202744,0.6822500254046258,fragment,DHX36KO,DHX36KO,parallel,down,155,DHX36KO
71,1544.3037974683543,5.645965314295984,0.5927551719573692,fragment,DHX36KO,DHX36KO,parallel,down,155,DHX36KO
72,1594.9367088607596,5.5896546169916785,0.5503995229869457,fragment,DHX36KO,DHX36KO,parallel,down,155,DHX36KO
73,1645.5696202531644,5.755942231342357,0.6119535201333353,fragment,DHX36KO,DHX36KO,parallel,down,155,DHX36KO
74,1696.2025316455697,5.64257245063269,0.655884131673495,fragment,DHX36KO,DHX36KO,parallel,down,155,DHX36KO
75,1746.8354430379745,5.760615486262947,0.7166063394307143,fragment,DHX36KO,DHX36KO,parallel,down,155,DHX36KO
76,1797.4683544303798,5.8533132410100714,0.7740202903865536,fragment,DHX36KO,DHX36KO,parallel,down,155,DHX36KO
77,1848.1012658227846,5.798499888081705,0.8027073137480195,fragment,DHX36KO,DHX36KO,parallel,down,155,DHX36KO
78,1898.73417721519,5.78943702307055,0.7854877581820792,fragment,DHX36KO,DHX36KO,parallel,down,155,DHX36KO
79,1949.3670886075947,5.641793076376762,0.7396993454773261,fragment,DHX36KO,DHX36KO,parallel,down,155,DHX36KO
80,2000,5.503507153377738,0.6997040529813606,fragment,DHX36KO,DHX36KO,parallel,down,155,DHX36KO
1,-2000,12.893159897510822,6.435174011200185,fragment,DHX36KO,DHX36KO,antiparallel,up,13,DHX36KO
2,-1949.367088607595,11.94557472766974,5.661434280322438,fragment,DHX36KO,DHX36KO,antiparallel,up,13,DHX36KO
3,-1898.73417721519,11.2112450335576,5.19465554565716,fragment,DHX36KO,DHX36KO,antiparallel,up,13,DHX36KO
4,-1848.1012658227849,10.117711042746519,4.754589282249009,fragment,DHX36KO,DHX36KO,antiparallel,up,13,DHX36KO
5,-1797.4683544303798,9.152230192514565,3.9652948696562804,fragment,DHX36KO,DHX36KO,antiparallel,up,13,DHX36KO
6,-1746.8354430379748,7.9235729410709475,3.12803795251378,fragment,DHX36KO,DHX36KO,antiparallel,up,13,DHX36KO
7,-1696.2025316455697,6.637864614633413,2.1872662078567884,fragment,DHX36KO,DHX36KO,antiparallel,up,13,DHX36KO
8,-1645.5696202531644,5.885278187470559,1.7021236680297442,fragment,DHX36KO,DHX36KO,antiparallel,up,13,DHX36KO
9,-1594.9367088607596,5.26022109850859,1.4159375559778562,fragment,DHX36KO,DHX36KO,antiparallel,up,13,DHX36KO
10,-1544.3037974683543,5.139204584757487,1.2315136932745383,fragment,DHX36KO,DHX36KO,antiparallel,up,13,DHX36KO
11,-1493.6708860759495,5.098824480130122,1.003728150995335,fragment,DHX36KO,DHX36KO,antiparallel,up,13,DHX36KO
12,-1443.0379746835442,5.026779032853933,1.2080679204861962,fragment,DHX36KO,DHX36KO,antiparallel,up,13,DHX36KO
13,-1392.4050632911392,5.20228537553396,1.2719169482032455,fragment,DHX36KO,DHX36KO,antiparallel,up,13,DHX36KO
14,-1341.7721518987341,5.25337640224359,1.3674465396276156,fragment,DHX36KO,DHX36KO,antiparallel,up,13,DHX36KO
15,-1291.139240506329,5.174680871718969,1.395742972774753,fragment,DHX36KO,DHX36KO,antiparallel,up,13,DHX36KO
16,-1240.506329113924,5.330231359432905,1.5661185393539483,fragment,DHX36KO,DHX36KO,antiparallel,up,13,DHX36KO
17,-1189.873417721519,5.794341760231898,2.0533685572327456,fragment,DHX36KO,DHX36KO,antiparallel,up,13,DHX36KO
18,-1139.240506329114,5.822606662725791,2.232846919474082,fragment,DHX36KO,DHX36KO,antiparallel,up,13,DHX36KO
19,-1088.607594936709,5.490488136242598,2.054569299697071,fragment,DHX36KO,DHX36KO,antiparallel,up,13,DHX36KO
20,-1037.9746835443038,4.619814794736031,1.7412930765715182,fragment,DHX36KO,DHX36KO,antiparallel,up,13,DHX36KO
21,-987.3417721518988,5.275539006331028,1.9403671254437178,fragment,DHX36KO,DHX36KO,antiparallel,up,13,DHX36KO
22,-936.7088607594937,6.589094872596936,2.2709505647183987,fragment,DHX36KO,DHX36KO,antiparallel,up,13,DHX36KO
23,-886.0759493670887,6.425672868092855,2.184100373602825,fragment,DHX36KO,DHX36KO,antiparallel,up,13,DHX36KO
24,-835.4430379746836,6.05079908603277,1.9070689989030414,fragment,DHX36KO,DHX36KO,antiparallel,up,13,DHX36KO
25,-784.8101265822784,6.563553377298208,1.9832624927728544,fragment,DHX36KO,DHX36KO,antiparallel,up,13,DHX36KO
26,-734.1772151898733,7.13358882928506,2.106771273148511,fragment,DHX36KO,DHX36KO,antiparallel,up,13,DHX36KO
27,-683.5443037974683,6.941242956259312,1.8253637736789732,fragment,DHX36KO,DHX36KO,antiparallel,up,13,DHX36KO
28,-632.9113924050632,7.650003411831,2.1009185616203006,fragment,DHX36KO,DHX36KO,antiparallel,up,13,DHX36KO
29,-582.2784810126582,9.948209558144594,2.856082629173533,fragment,DHX36KO,DHX36KO,antiparallel,up,13,DHX36KO
30,-531.6455696202531,11.714152027032315,3.303827363667535,fragment,DHX36KO,DHX36KO,antiparallel,up,13,DHX36KO
31,-481.0126582278481,12.955275554167919,3.712402320679981,fragment,DHX36KO,DHX36KO,antiparallel,up,13,DHX36KO
32,-430.37974683544303,15.468819423333192,5.112830880759628,fragment,DHX36KO,DHX36KO,antiparallel,up,13,DHX36KO
33,-379.746835443038,18.113464795137062,6.482132606867863,fragment,DHX36KO,DHX36KO,antiparallel,up,13,DHX36KO
34,-329.11392405063293,20.97493994431618,7.91442700856311,fragment,DHX36KO,DHX36KO,antiparallel,up,13,DHX36KO
35,-278.4810126582279,24.685619582274022,9.313356398890818,fragment,DHX36KO,DHX36KO,antiparallel,up,13,DHX36KO
36,-227.84810126582283,24.43782415231069,8.364847319272487,fragment,DHX36KO,DHX36KO,antiparallel,up,13,DHX36KO
37,-177.21518987341778,23.359341768607116,7.1753764396175255,fragment,DHX36KO,DHX36KO,antiparallel,up,13,DHX36KO
38,-126.58227848101274,23.05232852899111,5.560468743935659,fragment,DHX36KO,DHX36KO,antiparallel,up,13,DHX36KO
39,-75.94936708860769,23.7585706112935,4.86440207363818,fragment,DHX36KO,DHX36KO,antiparallel,up,13,DHX36KO
40,-25.316455696202638,25.415362054017873,5.481612168969775,fragment,DHX36KO,DHX36KO,antiparallel,up,13,DHX36KO
41,25.31645569620241,25.918327873547874,7.2968320764897205,fragment,DHX36KO,DHX36KO,antiparallel,up,13,DHX36KO
42,75.94936708860769,25.334802099374624,8.99927213423015,fragment,DHX36KO,DHX36KO,antiparallel,up,13,DHX36KO
43,126.58227848101251,25.266555548936893,9.399521712777892,fragment,DHX36KO,DHX36KO,antiparallel,up,13,DHX36KO
44,177.21518987341778,23.54687608205355,9.415448395001414,fragment,DHX36KO,DHX36KO,antiparallel,up,13,DHX36KO
45,227.8481012658226,22.343024530410766,9.159601242301738,fragment,DHX36KO,DHX36KO,antiparallel,up,13,DHX36KO
46,278.4810126582279,22.023423968889777,9.397063503850891,fragment,DHX36KO,DHX36KO,antiparallel,up,13,DHX36KO
47,329.1139240506327,21.6974556411841,9.156271721330024,fragment,DHX36KO,DHX36KO,antiparallel,up,13,DHX36KO
48,379.746835443038,20.184179702416444,8.757028337820385,fragment,DHX36KO,DHX36KO,antiparallel,up,13,DHX36KO
49,430.37974683544326,17.385387663780115,7.599948036981778,fragment,DHX36KO,DHX36KO,antiparallel,up,13,DHX36KO
50,481.0126582278481,15.253012208938598,6.059189163996406,fragment,DHX36KO,DHX36KO,antiparallel,up,13,DHX36KO
51,531.6455696202534,12.584785713782678,4.168543523072666,fragment,DHX36KO,DHX36KO,antiparallel,up,13,DHX36KO
52,582.2784810126582,11.386543769958692,3.162529531893951,fragment,DHX36KO,DHX36KO,antiparallel,up,13,DHX36KO
53,632.9113924050635,10.460891714585133,2.7152993004031463,fragment,DHX36KO,DHX36KO,antiparallel,up,13,DHX36KO
54,683.5443037974683,9.881382196988815,2.5911033291083982,fragment,DHX36KO,DHX36KO,antiparallel,up,13,DHX36KO
55,734.1772151898736,10.085959323858603,2.8926329185219255,fragment,DHX36KO,DHX36KO,antiparallel,up,13,DHX36KO
56,784.8101265822784,8.962105220403426,2.887266436270758,fragment,DHX36KO,DHX36KO,antiparallel,up,13,DHX36KO
57,835.4430379746836,8.437409441043169,2.8859655044900197,fragment,DHX36KO,DHX36KO,antiparallel,up,13,DHX36KO
58,886.0759493670885,8.02051471135555,2.795252295411832,fragment,DHX36KO,DHX36KO,antiparallel,up,13,DHX36KO
59,936.7088607594937,8.239002448962285,3.2394666717549248,fragment,DHX36KO,DHX36KO,antiparallel,up,13,DHX36KO
60,987.3417721518986,7.7919935647035254,3.3707197186073725,fragment,DHX36KO,DHX36KO,antiparallel,up,13,DHX36KO
61,1037.9746835443038,7.856949297953875,3.4073837268308265,fragment,DHX36KO,DHX36KO,antiparallel,up,13,DHX36KO
62,1088.6075949367087,8.41499117618952,3.4727108945504837,fragment,DHX36KO,DHX36KO,antiparallel,up,13,DHX36KO
63,1139.240506329114,8.864130529562631,3.662017126133212,fragment,DHX36KO,DHX36KO,antiparallel,up,13,DHX36KO
64,1189.8734177215188,9.158443442002321,3.7720206564619763,fragment,DHX36KO,DHX36KO,antiparallel,up,13,DHX36KO
65,1240.506329113924,9.614367509988638,3.776059552221499,fragment,DHX36KO,DHX36KO,antiparallel,up,13,DHX36KO
66,1291.1392405063293,9.63683256687262,3.4267101993260884,fragment,DHX36KO,DHX36KO,antiparallel,up,13,DHX36KO
67,1341.7721518987341,8.619244865882091,2.3013165435079572,fragment,DHX36KO,DHX36KO,antiparallel,up,13,DHX36KO
68,1392.4050632911394,7.374048070173997,2.1224001063980067,fragment,DHX36KO,DHX36KO,antiparallel,up,13,DHX36KO
69,1443.0379746835442,6.632593256326822,2.3136938214968144,fragment,DHX36KO,DHX36KO,antiparallel,up,13,DHX36KO
70,1493.6708860759495,5.4773783521163155,1.904744893384447,fragment,DHX36KO,DHX36KO,antiparallel,up,13,DHX36KO
71,1544.3037974683543,5.17649766261761,1.7192177061329441,fragment,DHX36KO,DHX36KO,antiparallel,up,13,DHX36KO
72,1594.9367088607596,5.113265974215972,1.7783762538298846,fragment,DHX36KO,DHX36KO,antiparallel,up,13,DHX36KO
73,1645.5696202531644,5.437743133520469,1.8512663257988895,fragment,DHX36KO,DHX36KO,antiparallel,up,13,DHX36KO
74,1696.2025316455697,5.079143146123641,1.3680313828575532,fragment,DHX36KO,DHX36KO,antiparallel,up,13,DHX36KO
75,1746.8354430379745,5.175856805092249,1.0076836434073042,fragment,DHX36KO,DHX36KO,antiparallel,up,13,DHX36KO
76,1797.4683544303798,5.408360815659547,1.0364076390359174,fragment,DHX36KO,DHX36KO,antiparallel,up,13,DHX36KO
77,1848.1012658227846,5.144848581216274,0.9088656644641513,fragment,DHX36KO,DHX36KO,antiparallel,up,13,DHX36KO
78,1898.73417721519,4.620667417599605,0.8663211493540167,fragment,DHX36KO,DHX36KO,antiparallel,up,13,DHX36KO
79,1949.3670886075947,4.2343421579629945,0.8252441246692112,fragment,DHX36KO,DHX36KO,antiparallel,up,13,DHX36KO
80,2000,3.814294074376424,0.8885984410381323,fragment,DHX36KO,DHX36KO,antiparallel,up,13,DHX36KO
1,-2000,6.403841948747635,1.9123183607822896,fragment,DHX36KO,DHX36KO,antiparallel,down,10,DHX36KO
2,-1949.367088607595,6.034801240523656,1.8926608289468152,fragment,DHX36KO,DHX36KO,antiparallel,down,10,DHX36KO
3,-1898.73417721519,5.4553908433914184,1.8351464124701575,fragment,DHX36KO,DHX36KO,antiparallel,down,10,DHX36KO
4,-1848.1012658227849,5.351402916908264,1.9020349458735728,fragment,DHX36KO,DHX36KO,antiparallel,down,10,DHX36KO
5,-1797.4683544303798,5.521929583390554,2.0276528954812902,fragment,DHX36KO,DHX36KO,antiparallel,down,10,DHX36KO
6,-1746.8354430379748,5.112433460235596,1.8501124048041815,fragment,DHX36KO,DHX36KO,antiparallel,down,10,DHX36KO
7,-1696.2025316455697,4.630690619786581,1.8887648828685086,fragment,DHX36KO,DHX36KO,antiparallel,down,10,DHX36KO
8,-1645.5696202531644,4.892911313136419,1.6931737443396084,fragment,DHX36KO,DHX36KO,antiparallel,down,10,DHX36KO
9,-1594.9367088607596,4.9262661921978,1.6944444087344652,fragment,DHX36KO,DHX36KO,antiparallel,down,10,DHX36KO
10,-1544.3037974683543,5.5399684011141455,1.7850313933922548,fragment,DHX36KO,DHX36KO,antiparallel,down,10,DHX36KO
11,-1493.6708860759495,6.399379358212153,1.96424970525622,fragment,DHX36KO,DHX36KO,antiparallel,down,10,DHX36KO
12,-1443.0379746835442,6.703551698366801,2.270632803835372,fragment,DHX36KO,DHX36KO,antiparallel,down,10,DHX36KO
13,-1392.4050632911392,6.844066185792287,2.4437580492283635,fragment,DHX36KO,DHX36KO,antiparallel,down,10,DHX36KO
14,-1341.7721518987341,7.873444751898448,2.778079749657237,fragment,DHX36KO,DHX36KO,antiparallel,down,10,DHX36KO
15,-1291.139240506329,9.176826915582021,3.3620018317789766,fragment,DHX36KO,DHX36KO,antiparallel,down,10,DHX36KO
16,-1240.506329113924,9.69156146844228,3.8019540966091294,fragment,DHX36KO,DHX36KO,antiparallel,down,10,DHX36KO
17,-1189.873417721519,9.565899960041046,4.091222665806481,fragment,DHX36KO,DHX36KO,antiparallel,down,10,DHX36KO
18,-1139.240506329114,8.646577118873596,3.7694580841247367,fragment,DHX36KO,DHX36KO,antiparallel,down,10,DHX36KO
19,-1088.607594936709,7.708221166769664,3.2232774825351074,fragment,DHX36KO,DHX36KO,antiparallel,down,10,DHX36KO
20,-1037.9746835443038,7.820294417222341,2.9927105771014157,fragment,DHX36KO,DHX36KO,antiparallel,down,10,DHX36KO
21,-987.3417721518988,8.136265291531881,2.9741070869925617,fragment,DHX36KO,DHX36KO,antiparallel,down,10,DHX36KO
22,-936.7088607594937,8.86211002365748,3.5017787487231313,fragment,DHX36KO,DHX36KO,antiparallel,down,10,DHX36KO
23,-886.0759493670887,9.334462220191956,3.7291444082967016,fragment,DHX36KO,DHX36KO,antiparallel,down,10,DHX36KO
24,-835.4430379746836,10.266596938610077,3.850766579100632,fragment,DHX36KO,DHX36KO,antiparallel,down,10,DHX36KO
25,-784.8101265822784,11.184577442804972,4.652539341166946,fragment,DHX36KO,DHX36KO,antiparallel,down,10,DHX36KO
26,-734.1772151898733,11.866169198671976,5.132275911258723,fragment,DHX36KO,DHX36KO,antiparallel,down,10,DHX36KO
27,-683.5443037974683,12.637113946914672,5.315273551915218,fragment,DHX36KO,DHX36KO,antiparallel,down,10,DHX36KO
28,-632.9113924050632,12.8571428120931,5.565282355494142,fragment,DHX36KO,DHX36KO,antiparallel,down,10,DHX36KO
29,-582.2784810126582,12.840864378611247,5.233862057565705,fragment,DHX36KO,DHX36KO,antiparallel,down,10,DHX36KO
30,-531.6455696202531,13.674376587231954,5.627573666061433,fragment,DHX36KO,DHX36KO,antiparallel,down,10,DHX36KO
31,-481.0126582278481,16.41053324397405,6.797779517127431,fragment,DHX36KO,DHX36KO,antiparallel,down,10,DHX36KO
32,-430.37974683544303,20.0889702574412,8.206711008295018,fragment,DHX36KO,DHX36KO,antiparallel,down,10,DHX36KO
33,-379.746835443038,25.648656947453816,10.920615305685818,fragment,DHX36KO,DHX36KO,antiparallel,down,10,DHX36KO
34,-329.11392405063293,27.688124429066978,12.728416223836374,fragment,DHX36KO,DHX36KO,antiparallel,down,10,DHX36KO
35,-278.4810126582279,26.216094007333123,13.06211747799874,fragment,DHX36KO,DHX36KO,antiparallel,down,10,DHX36KO
36,-227.84810126582283,23.096274689038594,10.897777100175384,fragment,DHX36KO,DHX36KO,antiparallel,down,10,DHX36KO
37,-177.21518987341778,18.892177951335906,7.866788413185776,fragment,DHX36KO,DHX36KO,antiparallel,down,10,DHX36KO
38,-126.58227848101274,16.895897792180378,6.502154860542206,fragment,DHX36KO,DHX36KO,antiparallel,down,10,DHX36KO
39,-75.94936708860769,16.671952482382455,6.244793103638788,fragment,DHX36KO,DHX36KO,antiparallel,down,10,DHX36KO
40,-25.316455696202638,16.709614906787873,5.827415495713106,fragment,DHX36KO,DHX36KO,antiparallel,down,10,DHX36KO
41,25.31645569620241,15.594933485031127,4.440165504887857,fragment,DHX36KO,DHX36KO,antiparallel,down,10,DHX36KO
42,75.94936708860769,11.504669212977092,2.034998423321184,fragment,DHX36KO,DHX36KO,antiparallel,down,10,DHX36KO
43,126.58227848101251,10.966070215861002,1.8482593538025678,fragment,DHX36KO,DHX36KO,antiparallel,down,10,DHX36KO
44,177.21518987341778,11.20861688343684,2.12098857783983,fragment,DHX36KO,DHX36KO,antiparallel,down,10,DHX36KO
45,227.8481012658226,10.06306420580546,2.01547625224413,fragment,DHX36KO,DHX36KO,antiparallel,down,10,DHX36KO
46,278.4810126582279,9.130709870179494,1.884903956453213,fragment,DHX36KO,DHX36KO,antiparallel,down,10,DHX36KO
47,329.1139240506327,7.777873413403829,1.8348008559371345,fragment,DHX36KO,DHX36KO,antiparallel,down,10,DHX36KO
48,379.746835443038,6.74715553633372,1.4700484604919613,fragment,DHX36KO,DHX36KO,antiparallel,down,10,DHX36KO
49,430.37974683544326,6.380238118171691,1.4090750659389017,fragment,DHX36KO,DHX36KO,antiparallel,down,10,DHX36KO
50,481.0126582278481,6.036018070379893,1.3457878262185026,fragment,DHX36KO,DHX36KO,antiparallel,down,10,DHX36KO
51,531.6455696202534,6.053458281517029,1.7507604642920909,fragment,DHX36KO,DHX36KO,antiparallel,down,10,DHX36KO
52,582.2784810126582,6.370047677675883,2.4396214339250033,fragment,DHX36KO,DHX36KO,antiparallel,down,10,DHX36KO
53,632.9113924050635,7.679427906195323,3.6062169139463047,fragment,DHX36KO,DHX36KO,antiparallel,down,10,DHX36KO
54,683.5443037974683,8.549693723678589,4.265049071077187,fragment,DHX36KO,DHX36KO,antiparallel,down,10,DHX36KO
55,734.1772151898736,8.258861306508381,3.9566885972791335,fragment,DHX36KO,DHX36KO,antiparallel,down,10,DHX36KO
56,784.8101265822784,7.061686663627624,3.2628681574404212,fragment,DHX36KO,DHX36KO,antiparallel,down,10,DHX36KO
57,835.4430379746836,6.190687648932139,2.6896060210330113,fragment,DHX36KO,DHX36KO,antiparallel,down,10,DHX36KO
58,886.0759493670885,5.855397580623627,2.399413650476051,fragment,DHX36KO,DHX36KO,antiparallel,down,10,DHX36KO
59,936.7088607594937,5.031285474618276,1.9974460176519755,fragment,DHX36KO,DHX36KO,antiparallel,down,10,DHX36KO
60,987.3417721518986,4.694164250214895,1.7552712584940877,fragment,DHX36KO,DHX36KO,antiparallel,down,10,DHX36KO
61,1037.9746835443038,3.9452696001529692,1.409718618062928,fragment,DHX36KO,DHX36KO,antiparallel,down,10,DHX36KO
62,1088.6075949367087,3.6583933998743694,1.116420716006911,fragment,DHX36KO,DHX36KO,antiparallel,down,10,DHX36KO
63,1139.240506329114,3.728876131931941,1.3790851161772213,fragment,DHX36KO,DHX36KO,antiparallel,down,10,DHX36KO
64,1189.8734177215188,3.7081213881174726,1.5443653272802063,fragment,DHX36KO,DHX36KO,antiparallel,down,10,DHX36KO
65,1240.506329113924,4.35183223160108,1.7349195988162454,fragment,DHX36KO,DHX36KO,antiparallel,down,10,DHX36KO
66,1291.1392405063293,3.9799783199628194,1.3363338174329304,fragment,DHX36KO,DHX36KO,antiparallel,down,10,DHX36KO
67,1341.7721518987341,3.875229134162267,1.0851207665512874,fragment,DHX36KO,DHX36KO,antiparallel,down,10,DHX36KO
68,1392.4050632911394,4.068071557760239,1.1737948117016201,fragment,DHX36KO,DHX36KO,antiparallel,down,10,DHX36KO
69,1443.0379746835442,4.5094147639274595,1.192767876845864,fragment,DHX36KO,DHX36KO,antiparallel,down,10,DHX36KO
70,1493.6708860759495,5.206985391378403,1.3793150334966144,fragment,DHX36KO,DHX36KO,antiparallel,down,10,DHX36KO
71,1544.3037974683543,4.177254953225454,0.9934627330959073,fragment,DHX36KO,DHX36KO,antiparallel,down,10,DHX36KO
72,1594.9367088607596,3.9458003978729246,1.0622246023653077,fragment,DHX36KO,DHX36KO,antiparallel,down,10,DHX36KO
73,1645.5696202531644,3.8352810130119326,1.0570853229569186,fragment,DHX36KO,DHX36KO,antiparallel,down,10,DHX36KO
74,1696.2025316455697,3.657791862487793,1.0996334850897969,fragment,DHX36KO,DHX36KO,antiparallel,down,10,DHX36KO
75,1746.8354430379745,3.470896862824758,1.1235093874591406,fragment,DHX36KO,DHX36KO,antiparallel,down,10,DHX36KO
76,1797.4683544303798,2.966002054373423,0.8067024632150266,fragment,DHX36KO,DHX36KO,antiparallel,down,10,DHX36KO
77,1848.1012658227846,2.9145640897750855,0.7180744011108395,fragment,DHX36KO,DHX36KO,antiparallel,down,10,DHX36KO
78,1898.73417721519,2.657902226289113,0.6030978458148891,fragment,DHX36KO,DHX36KO,antiparallel,down,10,DHX36KO
79,1949.3670886075947,2.5076958883603413,0.6967930859085711,fragment,DHX36KO,DHX36KO,antiparallel,down,10,DHX36KO
80,2000,2.6674723161061604,0.7517651873545383,fragment,DHX36KO,DHX36KO,antiparallel,down,10,DHX36KO
1,-2000,11.15697148501873,3.356597711676626,fragment,DHX36KO,DHX36KO,hybrid,up,32,DHX36KO
2,-1949.367088607595,12.212456885129214,3.852936628569653,fragment,DHX36KO,DHX36KO,hybrid,up,32,DHX36KO
3,-1898.73417721519,13.325083448787531,3.9284085014219903,fragment,DHX36KO,DHX36KO,hybrid,up,32,DHX36KO
4,-1848.1012658227849,13.484779563446839,3.571135281132074,fragment,DHX36KO,DHX36KO,hybrid,up,32,DHX36KO
5,-1797.4683544303798,13.478133139312268,3.50665196763745,fragment,DHX36KO,DHX36KO,hybrid,up,32,DHX36KO
6,-1746.8354430379748,13.746846669465304,3.89608471876749,fragment,DHX36KO,DHX36KO,hybrid,up,32,DHX36KO
7,-1696.2025316455697,14.13655505515635,4.307762645043093,fragment,DHX36KO,DHX36KO,hybrid,up,32,DHX36KO
8,-1645.5696202531644,13.225032836720347,3.8621935757402426,fragment,DHX36KO,DHX36KO,hybrid,up,32,DHX36KO
9,-1594.9367088607596,11.583520684589942,3.011039125237821,fragment,DHX36KO,DHX36KO,hybrid,up,32,DHX36KO
10,-1544.3037974683543,10.052229346732299,2.3779693942051128,fragment,DHX36KO,DHX36KO,hybrid,up,32,DHX36KO
11,-1493.6708860759495,8.978668335924546,2.0730084985566726,fragment,DHX36KO,DHX36KO,hybrid,up,32,DHX36KO
12,-1443.0379746835442,8.057709526767333,1.929647741326861,fragment,DHX36KO,DHX36KO,hybrid,up,32,DHX36KO
13,-1392.4050632911392,7.72065046235919,1.870286571696832,fragment,DHX36KO,DHX36KO,hybrid,up,32,DHX36KO
14,-1341.7721518987341,7.002683487112323,1.5017197145170784,fragment,DHX36KO,DHX36KO,hybrid,up,32,DHX36KO
15,-1291.139240506329,6.802053004403909,1.3352404233328583,fragment,DHX36KO,DHX36KO,hybrid,up,32,DHX36KO
16,-1240.506329113924,6.815378666718801,1.2802838123193065,fragment,DHX36KO,DHX36KO,hybrid,up,32,DHX36KO
17,-1189.873417721519,7.131396962950627,1.209149311596635,fragment,DHX36KO,DHX36KO,hybrid,up,32,DHX36KO
18,-1139.240506329114,7.0796391083796815,1.2196567509587857,fragment,DHX36KO,DHX36KO,hybrid,up,32,DHX36KO
19,-1088.607594936709,7.414483943531911,1.217257166756882,fragment,DHX36KO,DHX36KO,hybrid,up,32,DHX36KO
20,-1037.9746835443038,8.194517548878988,1.6706115793179939,fragment,DHX36KO,DHX36KO,hybrid,up,32,DHX36KO
21,-987.3417721518988,8.449667688955863,1.952889338463404,fragment,DHX36KO,DHX36KO,hybrid,up,32,DHX36KO
22,-936.7088607594937,8.786056515425443,2.2078865505295884,fragment,DHX36KO,DHX36KO,hybrid,up,32,DHX36KO
23,-886.0759493670887,9.306786433905362,2.498738649410089,fragment,DHX36KO,DHX36KO,hybrid,up,32,DHX36KO
24,-835.4430379746836,9.135308217778801,2.5227638063732325,fragment,DHX36KO,DHX36KO,hybrid,up,32,DHX36KO
25,-784.8101265822784,8.968635883604486,2.278523717546944,fragment,DHX36KO,DHX36KO,hybrid,up,32,DHX36KO
26,-734.1772151898733,8.573897931923469,2.0533816349612124,fragment,DHX36KO,DHX36KO,hybrid,up,32,DHX36KO
27,-683.5443037974683,8.103483270605405,1.736307201069451,fragment,DHX36KO,DHX36KO,hybrid,up,32,DHX36KO
28,-632.9113924050632,7.882094686726729,1.5950416247815962,fragment,DHX36KO,DHX36KO,hybrid,up,32,DHX36KO
29,-582.2784810126582,8.421893310497204,1.5812061475688415,fragment,DHX36KO,DHX36KO,hybrid,up,32,DHX36KO
30,-531.6455696202531,9.540842128694058,1.7184570765510923,fragment,DHX36KO,DHX36KO,hybrid,up,32,DHX36KO
31,-481.0126582278481,11.23282138094306,2.216172204244501,fragment,DHX36KO,DHX36KO,hybrid,up,32,DHX36KO
32,-430.37974683544303,13.157462592770656,2.8455218561335265,fragment,DHX36KO,DHX36KO,hybrid,up,32,DHX36KO
33,-379.746835443038,14.876093996117513,3.378760552100095,fragment,DHX36KO,DHX36KO,hybrid,up,32,DHX36KO
34,-329.11392405063293,16.41278889241318,3.818833669336542,fragment,DHX36KO,DHX36KO,hybrid,up,32,DHX36KO
35,-278.4810126582279,19.25622121937573,4.711798235772707,fragment,DHX36KO,DHX36KO,hybrid,up,32,DHX36KO
36,-227.84810126582283,21.614637219284973,6.007334442517258,fragment,DHX36KO,DHX36KO,hybrid,up,32,DHX36KO
37,-177.21518987341778,23.405034664571286,7.318580753227615,fragment,DHX36KO,DHX36KO,hybrid,up,32,DHX36KO
38,-126.58227848101274,24.661321361511945,8.286132555961538,fragment,DHX36KO,DHX36KO,hybrid,up,32,DHX36KO
39,-75.94936708860769,25.13906628762682,8.515500642688341,fragment,DHX36KO,DHX36KO,hybrid,up,32,DHX36KO
40,-25.316455696202638,25.67280374293526,8.419129442660156,fragment,DHX36KO,DHX36KO,hybrid,up,32,DHX36KO
41,25.31645569620241,25.99929740170638,7.939371019193513,fragment,DHX36KO,DHX36KO,hybrid,up,32,DHX36KO
42,75.94936708860769,26.287917659233013,7.037051349305581,fragment,DHX36KO,DHX36KO,hybrid,up,32,DHX36KO
43,126.58227848101251,25.618425653328497,6.162461093252789,fragment,DHX36KO,DHX36KO,hybrid,up,32,DHX36KO
44,177.21518987341778,23.926030257145563,4.94082896207948,fragment,DHX36KO,DHX36KO,hybrid,up,32,DHX36KO
45,227.8481012658226,23.458727993369102,4.397830506692947,fragment,DHX36KO,DHX36KO,hybrid,up,32,DHX36KO
46,278.4810126582279,22.316172526379425,3.897884591851915,fragment,DHX36KO,DHX36KO,hybrid,up,32,DHX36KO
47,329.1139240506327,20.633565064917008,3.5322884093867333,fragment,DHX36KO,DHX36KO,hybrid,up,32,DHX36KO
48,379.746835443038,19.740059665739537,3.656314588428033,fragment,DHX36KO,DHX36KO,hybrid,up,32,DHX36KO
49,430.37974683544326,18.994739994804064,3.6258814089658076,fragment,DHX36KO,DHX36KO,hybrid,up,32,DHX36KO
50,481.0126582278481,19.14056562220057,3.9650647116554554,fragment,DHX36KO,DHX36KO,hybrid,up,32,DHX36KO
51,531.6455696202534,17.92550859764218,3.901884453430497,fragment,DHX36KO,DHX36KO,hybrid,up,32,DHX36KO
52,582.2784810126582,16.496690639704465,3.3923683275489087,fragment,DHX36KO,DHX36KO,hybrid,up,32,DHX36KO
53,632.9113924050635,15.591399096151193,3.289792049947306,fragment,DHX36KO,DHX36KO,hybrid,up,32,DHX36KO
54,683.5443037974683,14.304191443969806,3.015799390739083,fragment,DHX36KO,DHX36KO,hybrid,up,32,DHX36KO
55,734.1772151898736,13.493949088851611,2.7300817503080217,fragment,DHX36KO,DHX36KO,hybrid,up,32,DHX36KO
56,784.8101265822784,13.10293964068095,2.420750764795014,fragment,DHX36KO,DHX36KO,hybrid,up,32,DHX36KO
57,835.4430379746836,12.688519807159901,1.9690724839532476,fragment,DHX36KO,DHX36KO,hybrid,up,32,DHX36KO
58,886.0759493670885,12.153919106721878,1.7320713356643422,fragment,DHX36KO,DHX36KO,hybrid,up,32,DHX36KO
59,936.7088607594937,11.214443222383657,1.666462703922335,fragment,DHX36KO,DHX36KO,hybrid,up,32,DHX36KO
60,987.3417721518986,10.872946658954024,1.6936436100552168,fragment,DHX36KO,DHX36KO,hybrid,up,32,DHX36KO
61,1037.9746835443038,10.381343851188818,1.8104440457679989,fragment,DHX36KO,DHX36KO,hybrid,up,32,DHX36KO
62,1088.6075949367087,9.894288553272684,1.9169099815717243,fragment,DHX36KO,DHX36KO,hybrid,up,32,DHX36KO
63,1139.240506329114,9.34767925336957,1.8602250047120206,fragment,DHX36KO,DHX36KO,hybrid,up,32,DHX36KO
64,1189.8734177215188,9.024677108029524,1.881599748458346,fragment,DHX36KO,DHX36KO,hybrid,up,32,DHX36KO
65,1240.506329113924,8.341484917501608,1.5509429631491458,fragment,DHX36KO,DHX36KO,hybrid,up,32,DHX36KO
66,1291.1392405063293,7.828326189344128,1.3720912743045945,fragment,DHX36KO,DHX36KO,hybrid,up,32,DHX36KO
67,1341.7721518987341,7.24870791365703,1.220683427813639,fragment,DHX36KO,DHX36KO,hybrid,up,32,DHX36KO
68,1392.4050632911394,6.388048689638575,1.0503196938191943,fragment,DHX36KO,DHX36KO,hybrid,up,32,DHX36KO
69,1443.0379746835442,5.714683113967379,0.9561042765669826,fragment,DHX36KO,DHX36KO,hybrid,up,32,DHX36KO
70,1493.6708860759495,5.399066991085808,0.9123973343316024,fragment,DHX36KO,DHX36KO,hybrid,up,32,DHX36KO
71,1544.3037974683543,5.145808850228787,0.9003624650217612,fragment,DHX36KO,DHX36KO,hybrid,up,32,DHX36KO
72,1594.9367088607596,4.89380720672508,0.8493727873629959,fragment,DHX36KO,DHX36KO,hybrid,up,32,DHX36KO
73,1645.5696202531644,4.918466601148248,0.8967425470435509,fragment,DHX36KO,DHX36KO,hybrid,up,32,DHX36KO
74,1696.2025316455697,4.965679017777244,0.9321726512720269,fragment,DHX36KO,DHX36KO,hybrid,up,32,DHX36KO
75,1746.8354430379745,5.383465132762988,1.0888775657848373,fragment,DHX36KO,DHX36KO,hybrid,up,32,DHX36KO
76,1797.4683544303798,5.664322303533554,1.3164120224110953,fragment,DHX36KO,DHX36KO,hybrid,up,32,DHX36KO
77,1848.1012658227846,5.688466162507733,1.4642284406403576,fragment,DHX36KO,DHX36KO,hybrid,up,32,DHX36KO
78,1898.73417721519,5.879857661575079,1.5907167382035134,fragment,DHX36KO,DHX36KO,hybrid,up,32,DHX36KO
79,1949.3670886075947,5.83488252873222,1.554097725507613,fragment,DHX36KO,DHX36KO,hybrid,up,32,DHX36KO
80,2000,6.038460890104374,1.684132825572287,fragment,DHX36KO,DHX36KO,hybrid,up,32,DHX36KO
1,-2000,7.378093636300829,1.9225522357477132,fragment,DHX36KO,DHX36KO,hybrid,down,27,DHX36KO
2,-1949.367088607595,7.20337020046917,1.8441193939660376,fragment,DHX36KO,DHX36KO,hybrid,down,27,DHX36KO
3,-1898.73417721519,6.919316818154888,1.6826081758966558,fragment,DHX36KO,DHX36KO,hybrid,down,27,DHX36KO
4,-1848.1012658227849,7.244799129138758,1.815633025881043,fragment,DHX36KO,DHX36KO,hybrid,down,27,DHX36KO
5,-1797.4683544303798,7.576633127765891,2.234675813286409,fragment,DHX36KO,DHX36KO,hybrid,down,27,DHX36KO
6,-1746.8354430379748,8.716797910737403,3.289491486726334,fragment,DHX36KO,DHX36KO,hybrid,down,27,DHX36KO
7,-1696.2025316455697,8.959231929779053,3.6441001076609503,fragment,DHX36KO,DHX36KO,hybrid,down,27,DHX36KO
8,-1645.5696202531644,9.67585415545805,3.982401022947291,fragment,DHX36KO,DHX36KO,hybrid,down,27,DHX36KO
9,-1594.9367088607596,11.349497035167836,4.625290244207831,fragment,DHX36KO,DHX36KO,hybrid,down,27,DHX36KO
10,-1544.3037974683543,12.260570077601775,5.085509490239559,fragment,DHX36KO,DHX36KO,hybrid,down,27,DHX36KO
11,-1493.6708860759495,12.650718640339228,4.882894148070035,fragment,DHX36KO,DHX36KO,hybrid,down,27,DHX36KO
12,-1443.0379746835442,11.931102198906887,3.804361148693035,fragment,DHX36KO,DHX36KO,hybrid,down,27,DHX36KO
13,-1392.4050632911392,12.155853897082952,3.6433661211558954,fragment,DHX36KO,DHX36KO,hybrid,down,27,DHX36KO
14,-1341.7721518987341,14.141740190953385,4.340784121491074,fragment,DHX36KO,DHX36KO,hybrid,down,27,DHX36KO
15,-1291.139240506329,16.027317138277454,4.87902204379987,fragment,DHX36KO,DHX36KO,hybrid,down,27,DHX36KO
16,-1240.506329113924,17.453553713810297,5.372171934095426,fragment,DHX36KO,DHX36KO,hybrid,down,27,DHX36KO
17,-1189.873417721519,18.402420920943037,5.571164629497629,fragment,DHX36KO,DHX36KO,hybrid,down,27,DHX36KO
18,-1139.240506329114,18.641314973360227,5.463657029179194,fragment,DHX36KO,DHX36KO,hybrid,down,27,DHX36KO
19,-1088.607594936709,19.25780813302523,5.466412052968496,fragment,DHX36KO,DHX36KO,hybrid,down,27,DHX36KO
20,-1037.9746835443038,20.10141632085965,5.4351484120028495,fragment,DHX36KO,DHX36KO,hybrid,down,27,DHX36KO
21,-987.3417721518988,20.76666427029504,5.600889360217864,fragment,DHX36KO,DHX36KO,hybrid,down,27,DHX36KO
22,-936.7088607594937,21.579849023701232,6.0100715894697885,fragment,DHX36KO,DHX36KO,hybrid,down,27,DHX36KO
23,-886.0759493670887,21.247311404781577,5.96099643180009,fragment,DHX36KO,DHX36KO,hybrid,down,27,DHX36KO
24,-835.4430379746836,20.555508002381266,5.685369871482719,fragment,DHX36KO,DHX36KO,hybrid,down,27,DHX36KO
25,-784.8101265822784,20.434474827919477,5.479595573047473,fragment,DHX36KO,DHX36KO,hybrid,down,27,DHX36KO
26,-734.1772151898733,19.70738291911137,5.027490182209717,fragment,DHX36KO,DHX36KO,hybrid,down,27,DHX36KO
27,-683.5443037974683,19.428357604403555,4.546796651640087,fragment,DHX36KO,DHX36KO,hybrid,down,27,DHX36KO
28,-632.9113924050632,19.18687183274163,3.966091561112704,fragment,DHX36KO,DHX36KO,hybrid,down,27,DHX36KO
29,-582.2784810126582,19.831681521027175,4.029358088599256,fragment,DHX36KO,DHX36KO,hybrid,down,27,DHX36KO
30,-531.6455696202531,21.644148622530476,4.016873510322028,fragment,DHX36KO,DHX36KO,hybrid,down,27,DHX36KO
31,-481.0126582278481,21.454844085110558,3.758054772006729,fragment,DHX36KO,DHX36KO,hybrid,down,27,DHX36KO
32,-430.37974683544303,22.462372078130276,3.6681653069384677,fragment,DHX36KO,DHX36KO,hybrid,down,27,DHX36KO
33,-379.746835443038,24.120860111831146,4.105222040020282,fragment,DHX36KO,DHX36KO,hybrid,down,27,DHX36KO
34,-329.11392405063293,24.69835232310825,4.819830496032302,fragment,DHX36KO,DHX36KO,hybrid,down,27,DHX36KO
35,-278.4810126582279,26.0536127420708,5.443735236389568,fragment,DHX36KO,DHX36KO,hybrid,down,27,DHX36KO
36,-227.84810126582283,27.612089137442318,6.241422568554162,fragment,DHX36KO,DHX36KO,hybrid,down,27,DHX36KO
37,-177.21518987341778,29.08839357699877,7.199899184543095,fragment,DHX36KO,DHX36KO,hybrid,down,27,DHX36KO
38,-126.58227848101274,29.374833885563746,7.73471388079935,fragment,DHX36KO,DHX36KO,hybrid,down,27,DHX36KO
39,-75.94936708860769,28.558390993071193,7.7790505541463055,fragment,DHX36KO,DHX36KO,hybrid,down,27,DHX36KO
40,-25.316455696202638,26.87689068370395,7.111434960046426,fragment,DHX36KO,DHX36KO,hybrid,down,27,DHX36KO
41,25.31645569620241,25.453219199651553,6.393054010975195,fragment,DHX36KO,DHX36KO,hybrid,down,27,DHX36KO
42,75.94936708860769,22.789169999964443,5.392074817338776,fragment,DHX36KO,DHX36KO,hybrid,down,27,DHX36KO
43,126.58227848101251,19.811527099668243,4.513114001205247,fragment,DHX36KO,DHX36KO,hybrid,down,27,DHX36KO
44,177.21518987341778,18.087647118274077,4.004433956771842,fragment,DHX36KO,DHX36KO,hybrid,down,27,DHX36KO
45,227.8481012658226,16.094722303578884,3.271822378054012,fragment,DHX36KO,DHX36KO,hybrid,down,27,DHX36KO
46,278.4810126582279,13.329178310323645,2.3715874140685886,fragment,DHX36KO,DHX36KO,hybrid,down,27,DHX36KO
47,329.1139240506327,11.301685922881703,1.9412407896810397,fragment,DHX36KO,DHX36KO,hybrid,down,27,DHX36KO
48,379.746835443038,9.899299651016424,1.5827933246486052,fragment,DHX36KO,DHX36KO,hybrid,down,27,DHX36KO
49,430.37974683544326,8.852844916449653,1.5097277550069557,fragment,DHX36KO,DHX36KO,hybrid,down,27,DHX36KO
50,481.0126582278481,8.622770755967975,1.7076082314508716,fragment,DHX36KO,DHX36KO,hybrid,down,27,DHX36KO
51,531.6455696202534,9.215318259839659,1.9994250425357771,fragment,DHX36KO,DHX36KO,hybrid,down,27,DHX36KO
52,582.2784810126582,8.590341898453088,1.975189182515269,fragment,DHX36KO,DHX36KO,hybrid,down,27,DHX36KO
53,632.9113924050635,8.051941151736695,1.9434062919624766,fragment,DHX36KO,DHX36KO,hybrid,down,27,DHX36KO
54,683.5443037974683,7.67677158979722,2.077487446238837,fragment,DHX36KO,DHX36KO,hybrid,down,27,DHX36KO
55,734.1772151898736,7.678512016696694,2.289102706620382,fragment,DHX36KO,DHX36KO,hybrid,down,27,DHX36KO
56,784.8101265822784,8.077879682117038,2.3484330332984817,fragment,DHX36KO,DHX36KO,hybrid,down,27,DHX36KO
57,835.4430379746836,8.407665126294265,2.366348436323575,fragment,DHX36KO,DHX36KO,hybrid,down,27,DHX36KO
58,886.0759493670885,8.096872780175856,2.122145856860286,fragment,DHX36KO,DHX36KO,hybrid,down,27,DHX36KO
59,936.7088607594937,8.382129711869322,2.0842216290173847,fragment,DHX36KO,DHX36KO,hybrid,down,27,DHX36KO
60,987.3417721518986,7.9716791085255,2.0294674263934995,fragment,DHX36KO,DHX36KO,hybrid,down,27,DHX36KO
61,1037.9746835443038,8.717875270284253,2.177503235728049,fragment,DHX36KO,DHX36KO,hybrid,down,27,DHX36KO
62,1088.6075949367087,8.891731954651114,2.1811890009736667,fragment,DHX36KO,DHX36KO,hybrid,down,27,DHX36KO
63,1139.240506329114,8.51732789799019,2.2912984995731676,fragment,DHX36KO,DHX36KO,hybrid,down,27,DHX36KO
64,1189.8734177215188,8.133831173578898,2.4305860590998125,fragment,DHX36KO,DHX36KO,hybrid,down,27,DHX36KO
65,1240.506329113924,7.603698688318699,2.600824251400195,fragment,DHX36KO,DHX36KO,hybrid,down,27,DHX36KO
66,1291.1392405063293,7.5884393416510685,2.770552534223239,fragment,DHX36KO,DHX36KO,hybrid,down,27,DHX36KO
67,1341.7721518987341,6.9339851815317886,2.8074721457313294,fragment,DHX36KO,DHX36KO,hybrid,down,27,DHX36KO
68,1392.4050632911394,6.600937490728167,2.703537173552666,fragment,DHX36KO,DHX36KO,hybrid,down,27,DHX36KO
69,1443.0379746835442,6.334462143756725,2.471770185784336,fragment,DHX36KO,DHX36KO,hybrid,down,27,DHX36KO
70,1493.6708860759495,5.768919013164662,2.0850721579209255,fragment,DHX36KO,DHX36KO,hybrid,down,27,DHX36KO
71,1544.3037974683543,5.701636224146243,1.9358217361718062,fragment,DHX36KO,DHX36KO,hybrid,down,27,DHX36KO
72,1594.9367088607596,5.867856772446338,1.8233406375777155,fragment,DHX36KO,DHX36KO,hybrid,down,27,DHX36KO
73,1645.5696202531644,6.017566547511536,1.7861930486390827,fragment,DHX36KO,DHX36KO,hybrid,down,27,DHX36KO
74,1696.2025316455697,5.6525471398565506,1.280447103186267,fragment,DHX36KO,DHX36KO,hybrid,down,27,DHX36KO
75,1746.8354430379745,6.076138642040299,1.28343764955293,fragment,DHX36KO,DHX36KO,hybrid,down,27,DHX36KO
76,1797.4683544303798,6.357456971568825,1.2059572819123576,fragment,DHX36KO,DHX36KO,hybrid,down,27,DHX36KO
77,1848.1012658227846,6.115989720968552,1.1547096374543626,fragment,DHX36KO,DHX36KO,hybrid,down,27,DHX36KO
78,1898.73417721519,5.776686998973658,1.1786536538799117,fragment,DHX36KO,DHX36KO,hybrid,down,27,DHX36KO
79,1949.3670886075947,5.401197515328725,1.1598373601640308,fragment,DHX36KO,DHX36KO,hybrid,down,27,DHX36KO
80,2000,5.107534370481232,1.1257202060729086,fragment,DHX36KO,DHX36KO,hybrid,down,27,DHX36KO
1,-2000,5.008314582667241,0.3201367230793343,fragment,DHX36KO,DHX36KO,unfiltered,up,1719,DHX36KO
2,-1949.367088607595,4.957883606540017,0.28294810211155214,fragment,DHX36KO,DHX36KO,unfiltered,up,1719,DHX36KO
3,-1898.73417721519,4.883868255818193,0.25543564327947993,fragment,DHX36KO,DHX36KO,unfiltered,up,1719,DHX36KO
4,-1848.1012658227849,4.859242233997494,0.246180055123437,fragment,DHX36KO,DHX36KO,unfiltered,up,1719,DHX36KO
5,-1797.4683544303798,4.845488345757089,0.24040902155857552,fragment,DHX36KO,DHX36KO,unfiltered,up,1719,DHX36KO
6,-1746.8354430379748,4.8388045983996895,0.2359777202309589,fragment,DHX36KO,DHX36KO,unfiltered,up,1719,DHX36KO
7,-1696.2025316455697,4.861585206857873,0.2352463118156367,fragment,DHX36KO,DHX36KO,unfiltered,up,1719,DHX36KO
8,-1645.5696202531644,4.825988940562022,0.23518997935432828,fragment,DHX36KO,DHX36KO,unfiltered,up,1719,DHX36KO
9,-1594.9367088607596,4.7765524239620545,0.23152140870498203,fragment,DHX36KO,DHX36KO,unfiltered,up,1719,DHX36KO
10,-1544.3037974683543,4.737636359088384,0.23191901005905277,fragment,DHX36KO,DHX36KO,unfiltered,up,1719,DHX36KO
11,-1493.6708860759495,4.72430564270848,0.24302464844053573,fragment,DHX36KO,DHX36KO,unfiltered,up,1719,DHX36KO
12,-1443.0379746835442,4.7293186067018445,0.25370671746732365,fragment,DHX36KO,DHX36KO,unfiltered,up,1719,DHX36KO
13,-1392.4050632911392,4.751084033460009,0.26267570528705003,fragment,DHX36KO,DHX36KO,unfiltered,up,1719,DHX36KO
14,-1341.7721518987341,4.7541244728684955,0.2645200738189182,fragment,DHX36KO,DHX36KO,unfiltered,up,1719,DHX36KO
15,-1291.139240506329,4.733695464815214,0.24882943624987577,fragment,DHX36KO,DHX36KO,unfiltered,up,1719,DHX36KO
16,-1240.506329113924,4.736776452150968,0.23517242093564109,fragment,DHX36KO,DHX36KO,unfiltered,up,1719,DHX36KO
17,-1189.873417721519,4.715879989245476,0.22915331875956194,fragment,DHX36KO,DHX36KO,unfiltered,up,1719,DHX36KO
18,-1139.240506329114,4.693137360861395,0.2360688520744507,fragment,DHX36KO,DHX36KO,unfiltered,up,1719,DHX36KO
19,-1088.607594936709,4.749167094373971,0.2538521817199113,fragment,DHX36KO,DHX36KO,unfiltered,up,1719,DHX36KO
20,-1037.9746835443038,4.7644807445630795,0.2696274864758469,fragment,DHX36KO,DHX36KO,unfiltered,up,1719,DHX36KO
21,-987.3417721518988,4.861541873006967,0.2853340533281232,fragment,DHX36KO,DHX36KO,unfiltered,up,1719,DHX36KO
22,-936.7088607594937,4.945119726060088,0.2925337409178876,fragment,DHX36KO,DHX36KO,unfiltered,up,1719,DHX36KO
23,-886.0759493670887,4.972833099480814,0.28620393652861653,fragment,DHX36KO,DHX36KO,unfiltered,up,1719,DHX36KO
24,-835.4430379746836,4.889683264366573,0.2618370485781387,fragment,DHX36KO,DHX36KO,unfiltered,up,1719,DHX36KO
25,-784.8101265822784,4.80483116134692,0.24657852776804454,fragment,DHX36KO,DHX36KO,unfiltered,up,1719,DHX36KO
26,-734.1772151898733,4.698049376676174,0.23449303054053505,fragment,DHX36KO,DHX36KO,unfiltered,up,1719,DHX36KO
27,-683.5443037974683,4.619611087940635,0.2258041834146409,fragment,DHX36KO,DHX36KO,unfiltered,up,1719,DHX36KO
28,-632.9113924050632,4.569705197367761,0.22304533091372303,fragment,DHX36KO,DHX36KO,unfiltered,up,1719,DHX36KO
29,-582.2784810126582,4.634779636610241,0.23692176584426713,fragment,DHX36KO,DHX36KO,unfiltered,up,1719,DHX36KO
30,-531.6455696202531,4.631887257069563,0.25286698814173986,fragment,DHX36KO,DHX36KO,unfiltered,up,1719,DHX36KO
31,-481.0126582278481,4.6928887949605675,0.27221201133830303,fragment,DHX36KO,DHX36KO,unfiltered,up,1719,DHX36KO
32,-430.37974683544303,4.757022279199759,0.286061769200091,fragment,DHX36KO,DHX36KO,unfiltered,up,1719,DHX36KO
33,-379.746835443038,4.904102332026593,0.31367162450512404,fragment,DHX36KO,DHX36KO,unfiltered,up,1719,DHX36KO
34,-329.11392405063293,5.0365538781036445,0.34582499786946824,fragment,DHX36KO,DHX36KO,unfiltered,up,1719,DHX36KO
35,-278.4810126582279,5.2055834058908985,0.3637446091719,fragment,DHX36KO,DHX36KO,unfiltered,up,1719,DHX36KO
36,-227.84810126582283,5.3534301584465505,0.3648803968493381,fragment,DHX36KO,DHX36KO,unfiltered,up,1719,DHX36KO
37,-177.21518987341778,5.375170408132489,0.3471817018262799,fragment,DHX36KO,DHX36KO,unfiltered,up,1719,DHX36KO
38,-126.58227848101274,5.315845405988877,0.31919331940918555,fragment,DHX36KO,DHX36KO,unfiltered,up,1719,DHX36KO
39,-75.94936708860769,5.251733583333258,0.30272788558045977,fragment,DHX36KO,DHX36KO,unfiltered,up,1719,DHX36KO
40,-25.316455696202638,5.2156121874151475,0.2969620317333152,fragment,DHX36KO,DHX36KO,unfiltered,up,1719,DHX36KO
41,25.31645569620241,5.118021830831453,0.282431069929498,fragment,DHX36KO,DHX36KO,unfiltered,up,1719,DHX36KO
42,75.94936708860769,5.016394275001299,0.2694315943489162,fragment,DHX36KO,DHX36KO,unfiltered,up,1719,DHX36KO
43,126.58227848101251,4.9676774460473725,0.2542526259414028,fragment,DHX36KO,DHX36KO,unfiltered,up,1719,DHX36KO
44,177.21518987341778,4.894928547814532,0.23685016386481367,fragment,DHX36KO,DHX36KO,unfiltered,up,1719,DHX36KO
45,227.8481012658226,4.765561037104745,0.22947426849209468,fragment,DHX36KO,DHX36KO,unfiltered,up,1719,DHX36KO
46,278.4810126582279,4.708038983950209,0.22616203373440003,fragment,DHX36KO,DHX36KO,unfiltered,up,1719,DHX36KO
47,329.1139240506327,4.629416542786,0.21929923793944658,fragment,DHX36KO,DHX36KO,unfiltered,up,1719,DHX36KO
48,379.746835443038,4.657488548132901,0.22003067633877962,fragment,DHX36KO,DHX36KO,unfiltered,up,1719,DHX36KO
49,430.37974683544326,4.639790130411444,0.21723313817789516,fragment,DHX36KO,DHX36KO,unfiltered,up,1719,DHX36KO
50,481.0126582278481,4.537410008420957,0.21430012450127603,fragment,DHX36KO,DHX36KO,unfiltered,up,1719,DHX36KO
51,531.6455696202534,4.470779173652955,0.2098999249186982,fragment,DHX36KO,DHX36KO,unfiltered,up,1719,DHX36KO
52,582.2784810126582,4.462323433817508,0.21050248791237497,fragment,DHX36KO,DHX36KO,unfiltered,up,1719,DHX36KO
53,632.9113924050635,4.45546929777651,0.2146476709006106,fragment,DHX36KO,DHX36KO,unfiltered,up,1719,DHX36KO
54,683.5443037974683,4.415280224024059,0.21520202491670487,fragment,DHX36KO,DHX36KO,unfiltered,up,1719,DHX36KO
55,734.1772151898736,4.41635771189546,0.21325442498905156,fragment,DHX36KO,DHX36KO,unfiltered,up,1719,DHX36KO
56,784.8101265822784,4.42312330068718,0.20684344839730373,fragment,DHX36KO,DHX36KO,unfiltered,up,1719,DHX36KO
57,835.4430379746836,4.401849570083415,0.20138048411787307,fragment,DHX36KO,DHX36KO,unfiltered,up,1719,DHX36KO
58,886.0759493670885,4.31904710723375,0.1996907848224561,fragment,DHX36KO,DHX36KO,unfiltered,up,1719,DHX36KO
59,936.7088607594937,4.32938742181694,0.21772087737427795,fragment,DHX36KO,DHX36KO,unfiltered,up,1719,DHX36KO
60,987.3417721518986,4.287663525520704,0.23363094700522621,fragment,DHX36KO,DHX36KO,unfiltered,up,1719,DHX36KO
61,1037.9746835443038,4.290581543781232,0.2520925237791028,fragment,DHX36KO,DHX36KO,unfiltered,up,1719,DHX36KO
62,1088.6075949367087,4.3317180652597145,0.2716614935718463,fragment,DHX36KO,DHX36KO,unfiltered,up,1719,DHX36KO
63,1139.240506329114,4.341606528058125,0.2742191018701659,fragment,DHX36KO,DHX36KO,unfiltered,up,1719,DHX36KO
64,1189.8734177215188,4.416412754683432,0.27589087908818316,fragment,DHX36KO,DHX36KO,unfiltered,up,1719,DHX36KO
65,1240.506329113924,4.406151537217903,0.26164859840990096,fragment,DHX36KO,DHX36KO,unfiltered,up,1719,DHX36KO
66,1291.1392405063293,4.329945818451872,0.2391952517757546,fragment,DHX36KO,DHX36KO,unfiltered,up,1719,DHX36KO
67,1341.7721518987341,4.263160366527512,0.21996222524735923,fragment,DHX36KO,DHX36KO,unfiltered,up,1719,DHX36KO
68,1392.4050632911394,4.163333234062532,0.2018163739651773,fragment,DHX36KO,DHX36KO,unfiltered,up,1719,DHX36KO
69,1443.0379746835442,4.030355522311749,0.186546509019829,fragment,DHX36KO,DHX36KO,unfiltered,up,1719,DHX36KO
70,1493.6708860759495,3.9260274249341847,0.17604749577275608,fragment,DHX36KO,DHX36KO,unfiltered,up,1719,DHX36KO
71,1544.3037974683543,3.883692263845836,0.16930847866782459,fragment,DHX36KO,DHX36KO,unfiltered,up,1719,DHX36KO
72,1594.9367088607596,3.961035908896354,0.18293762068811636,fragment,DHX36KO,DHX36KO,unfiltered,up,1719,DHX36KO
73,1645.5696202531644,4.02341769236013,0.20143241983349447,fragment,DHX36KO,DHX36KO,unfiltered,up,1719,DHX36KO
74,1696.2025316455697,4.012278932643903,0.21437786343263673,fragment,DHX36KO,DHX36KO,unfiltered,up,1719,DHX36KO
75,1746.8354430379745,4.039135763342352,0.2253011294627442,fragment,DHX36KO,DHX36KO,unfiltered,up,1719,DHX36KO
76,1797.4683544303798,4.02424150735712,0.22677357758035865,fragment,DHX36KO,DHX36KO,unfiltered,up,1719,DHX36KO
77,1848.1012658227846,3.990675640537546,0.2260855411767995,fragment,DHX36KO,DHX36KO,unfiltered,up,1719,DHX36KO
78,1898.73417721519,4.01586572282324,0.2370657645867483,fragment,DHX36KO,DHX36KO,unfiltered,up,1719,DHX36KO
79,1949.3670886075947,3.9641538895750683,0.21802545338687054,fragment,DHX36KO,DHX36KO,unfiltered,up,1719,DHX36KO
80,2000,3.9180492630863872,0.19953723260443224,fragment,DHX36KO,DHX36KO,unfiltered,up,1719,DHX36KO
1,-2000,4.005292343597668,0.24846056532426036,fragment,DHX36KO,DHX36KO,unfiltered,down,1517,DHX36KO
2,-1949.367088607595,3.940006390917764,0.233659388183647,fragment,DHX36KO,DHX36KO,unfiltered,down,1517,DHX36KO
3,-1898.73417721519,3.8675205531611225,0.220203185520126,fragment,DHX36KO,DHX36KO,unfiltered,down,1517,DHX36KO
4,-1848.1012658227849,3.8937386282227235,0.22276569966486626,fragment,DHX36KO,DHX36KO,unfiltered,down,1517,DHX36KO
5,-1797.4683544303798,3.96973137679817,0.24416423796483078,fragment,DHX36KO,DHX36KO,unfiltered,down,1517,DHX36KO
6,-1746.8354430379748,3.929779659386665,0.25626623342572796,fragment,DHX36KO,DHX36KO,unfiltered,down,1517,DHX36KO
7,-1696.2025316455697,3.843077078465852,0.2473023240126876,fragment,DHX36KO,DHX36KO,unfiltered,down,1517,DHX36KO
8,-1645.5696202531644,3.8603295581287176,0.24633994076831287,fragment,DHX36KO,DHX36KO,unfiltered,down,1517,DHX36KO
9,-1594.9367088607596,3.8747308333767365,0.24583193140058698,fragment,DHX36KO,DHX36KO,unfiltered,down,1517,DHX36KO
10,-1544.3037974683543,3.8836874055158104,0.24335874972273833,fragment,DHX36KO,DHX36KO,unfiltered,down,1517,DHX36KO
11,-1493.6708860759495,3.8888144028502167,0.23085720666704299,fragment,DHX36KO,DHX36KO,unfiltered,down,1517,DHX36KO
12,-1443.0379746835442,3.925004997784814,0.22410298583013,fragment,DHX36KO,DHX36KO,unfiltered,down,1517,DHX36KO
13,-1392.4050632911392,3.9757407660879576,0.23623189124911376,fragment,DHX36KO,DHX36KO,unfiltered,down,1517,DHX36KO
14,-1341.7721518987341,4.106178819502998,0.26186726097031704,fragment,DHX36KO,DHX36KO,unfiltered,down,1517,DHX36KO
15,-1291.139240506329,4.129527841597217,0.26697031356204676,fragment,DHX36KO,DHX36KO,unfiltered,down,1517,DHX36KO
16,-1240.506329113924,4.169677124313051,0.27548062247345534,fragment,DHX36KO,DHX36KO,unfiltered,down,1517,DHX36KO
17,-1189.873417721519,4.189230351045438,0.2834465331731308,fragment,DHX36KO,DHX36KO,unfiltered,down,1517,DHX36KO
18,-1139.240506329114,4.280031723493622,0.29807275236514613,fragment,DHX36KO,DHX36KO,unfiltered,down,1517,DHX36KO
19,-1088.607594936709,4.306019678363935,0.30716598155144564,fragment,DHX36KO,DHX36KO,unfiltered,down,1517,DHX36KO
20,-1037.9746835443038,4.350007510078542,0.3034239867600836,fragment,DHX36KO,DHX36KO,unfiltered,down,1517,DHX36KO
21,-987.3417721518988,4.327046721631257,0.29322326189596665,fragment,DHX36KO,DHX36KO,unfiltered,down,1517,DHX36KO
22,-936.7088607594937,4.269247340193081,0.2768809418927592,fragment,DHX36KO,DHX36KO,unfiltered,down,1517,DHX36KO
23,-886.0759493670887,4.171297871905134,0.2593381391114129,fragment,DHX36KO,DHX36KO,unfiltered,down,1517,DHX36KO
24,-835.4430379746836,4.113581528957454,0.24497711640567923,fragment,DHX36KO,DHX36KO,unfiltered,down,1517,DHX36KO
25,-784.8101265822784,4.0908638134987685,0.23613335316369585,fragment,DHX36KO,DHX36KO,unfiltered,down,1517,DHX36KO
26,-734.1772151898733,4.052370613306708,0.22731940390906216,fragment,DHX36KO,DHX36KO,unfiltered,down,1517,DHX36KO
27,-683.5443037974683,3.9648332378399647,0.22116450952171163,fragment,DHX36KO,DHX36KO,unfiltered,down,1517,DHX36KO
28,-632.9113924050632,3.9619055061712465,0.21518510669941,fragment,DHX36KO,DHX36KO,unfiltered,down,1517,DHX36KO
29,-582.2784810126582,3.9829701463854503,0.21472028863522755,fragment,DHX36KO,DHX36KO,unfiltered,down,1517,DHX36KO
30,-531.6455696202531,4.026126680351019,0.21731536302248314,fragment,DHX36KO,DHX36KO,unfiltered,down,1517,DHX36KO
31,-481.0126582278481,4.07977738504477,0.22108168811570128,fragment,DHX36KO,DHX36KO,unfiltered,down,1517,DHX36KO
32,-430.37974683544303,4.199619090889812,0.24796646066157946,fragment,DHX36KO,DHX36KO,unfiltered,down,1517,DHX36KO
33,-379.746835443038,4.445681143142349,0.31863402487781484,fragment,DHX36KO,DHX36KO,unfiltered,down,1517,DHX36KO
34,-329.11392405063293,4.593855555431763,0.36672061040765014,fragment,DHX36KO,DHX36KO,unfiltered,down,1517,DHX36KO
35,-278.4810126582279,4.691309705728261,0.3982838818871485,fragment,DHX36KO,DHX36KO,unfiltered,down,1517,DHX36KO
36,-227.84810126582283,4.7486203220413055,0.41242292657607954,fragment,DHX36KO,DHX36KO,unfiltered,down,1517,DHX36KO
37,-177.21518987341778,4.707762578107167,0.4056839485073156,fragment,DHX36KO,DHX36KO,unfiltered,down,1517,DHX36KO
38,-126.58227848101274,4.53274088538513,0.3690617179644476,fragment,DHX36KO,DHX36KO,unfiltered,down,1517,DHX36KO
39,-75.94936708860769,4.4116565422280125,0.35514924075093385,fragment,DHX36KO,DHX36KO,unfiltered,down,1517,DHX36KO
40,-25.316455696202638,4.34419398510004,0.3378078489493473,fragment,DHX36KO,DHX36KO,unfiltered,down,1517,DHX36KO
41,25.31645569620241,4.307040991021002,0.3193527474145302,fragment,DHX36KO,DHX36KO,unfiltered,down,1517,DHX36KO
42,75.94936708860769,4.147260067882887,0.29466074040275725,fragment,DHX36KO,DHX36KO,unfiltered,down,1517,DHX36KO
43,126.58227848101251,4.0305744180850676,0.2792809633088703,fragment,DHX36KO,DHX36KO,unfiltered,down,1517,DHX36KO
44,177.21518987341778,3.926531054767036,0.2576290705028664,fragment,DHX36KO,DHX36KO,unfiltered,down,1517,DHX36KO
45,227.8481012658226,3.802128077712324,0.23268047916530987,fragment,DHX36KO,DHX36KO,unfiltered,down,1517,DHX36KO
46,278.4810126582279,3.7065004262795944,0.22300595974720852,fragment,DHX36KO,DHX36KO,unfiltered,down,1517,DHX36KO
47,329.1139240506327,3.6476016448645785,0.21506144667079366,fragment,DHX36KO,DHX36KO,unfiltered,down,1517,DHX36KO
48,379.746835443038,3.5209032941652985,0.19210312892308723,fragment,DHX36KO,DHX36KO,unfiltered,down,1517,DHX36KO
49,430.37974683544326,3.3991441128330675,0.17124417016372898,fragment,DHX36KO,DHX36KO,unfiltered,down,1517,DHX36KO
50,481.0126582278481,3.340060467950251,0.16330078593378689,fragment,DHX36KO,DHX36KO,unfiltered,down,1517,DHX36KO
51,531.6455696202534,3.345032638684572,0.16059804082489254,fragment,DHX36KO,DHX36KO,unfiltered,down,1517,DHX36KO
52,582.2784810126582,3.3545337563889785,0.16334012400892742,fragment,DHX36KO,DHX36KO,unfiltered,down,1517,DHX36KO
53,632.9113924050635,3.3707693000098384,0.1677480218892263,fragment,DHX36KO,DHX36KO,unfiltered,down,1517,DHX36KO
54,683.5443037974683,3.397661596432565,0.17738332179701688,fragment,DHX36KO,DHX36KO,unfiltered,down,1517,DHX36KO
55,734.1772151898736,3.468425103414942,0.19108456978542787,fragment,DHX36KO,DHX36KO,unfiltered,down,1517,DHX36KO
56,784.8101265822784,3.4794990907280954,0.1946238044498309,fragment,DHX36KO,DHX36KO,unfiltered,down,1517,DHX36KO
57,835.4430379746836,3.4553338270301963,0.19518845966881163,fragment,DHX36KO,DHX36KO,unfiltered,down,1517,DHX36KO
58,886.0759493670885,3.4207586102621264,0.18356095282902987,fragment,DHX36KO,DHX36KO,unfiltered,down,1517,DHX36KO
59,936.7088607594937,3.4120793296951257,0.17247920790826848,fragment,DHX36KO,DHX36KO,unfiltered,down,1517,DHX36KO
60,987.3417721518986,3.39358181885258,0.16443810462351222,fragment,DHX36KO,DHX36KO,unfiltered,down,1517,DHX36KO
61,1037.9746835443038,3.3427092003780277,0.16112766727102593,fragment,DHX36KO,DHX36KO,unfiltered,down,1517,DHX36KO
62,1088.6075949367087,3.2845614976558104,0.15525090558232565,fragment,DHX36KO,DHX36KO,unfiltered,down,1517,DHX36KO
63,1139.240506329114,3.2324012965316076,0.15383236075846912,fragment,DHX36KO,DHX36KO,unfiltered,down,1517,DHX36KO
64,1189.8734177215188,3.2554427321531154,0.1532745352544665,fragment,DHX36KO,DHX36KO,unfiltered,down,1517,DHX36KO
65,1240.506329113924,3.209352169420564,0.147877771634052,fragment,DHX36KO,DHX36KO,unfiltered,down,1517,DHX36KO
66,1291.1392405063293,3.175175723360434,0.14910295496521114,fragment,DHX36KO,DHX36KO,unfiltered,down,1517,DHX36KO
67,1341.7721518987341,3.1560329722406792,0.15518074815265812,fragment,DHX36KO,DHX36KO,unfiltered,down,1517,DHX36KO
68,1392.4050632911394,3.1127435965949055,0.156514635284486,fragment,DHX36KO,DHX36KO,unfiltered,down,1517,DHX36KO
69,1443.0379746835442,3.1144975454519246,0.1562786600874553,fragment,DHX36KO,DHX36KO,unfiltered,down,1517,DHX36KO
70,1493.6708860759495,3.1322475008012125,0.15012359016535085,fragment,DHX36KO,DHX36KO,unfiltered,down,1517,DHX36KO
71,1544.3037974683543,3.1754986800529337,0.15223235208999833,fragment,DHX36KO,DHX36KO,unfiltered,down,1517,DHX36KO
72,1594.9367088607596,3.2320228741687234,0.15712977961159286,fragment,DHX36KO,DHX36KO,unfiltered,down,1517,DHX36KO
73,1645.5696202531644,3.2953331966401196,0.17543728203447792,fragment,DHX36KO,DHX36KO,unfiltered,down,1517,DHX36KO
74,1696.2025316455697,3.3272253609854707,0.1896297250293713,fragment,DHX36KO,DHX36KO,unfiltered,down,1517,DHX36KO
75,1746.8354430379745,3.4725900756550634,0.21384855807342051,fragment,DHX36KO,DHX36KO,unfiltered,down,1517,DHX36KO
76,1797.4683544303798,3.5908391542940334,0.2245998772487313,fragment,DHX36KO,DHX36KO,unfiltered,down,1517,DHX36KO
77,1848.1012658227846,3.610190778087161,0.2233287992687864,fragment,DHX36KO,DHX36KO,unfiltered,down,1517,DHX36KO
78,1898.73417721519,3.630698613692108,0.2170645224084918,fragment,DHX36KO,DHX36KO,unfiltered,down,1517,DHX36KO
79,1949.3670886075947,3.6397330253191518,0.2198500207768112,fragment,DHX36KO,DHX36KO,unfiltered,down,1517,DHX36KO
80,2000,3.639463228584387,0.2184476540228603,fragment,DHX36KO,DHX36KO,unfiltered,down,1517,DHX36KO
1,-2000,4.945066254794997,0.6055560041669149,gene,DHX36KO,DHX36KO,pooled,up,149,DHX36KO
2,-1949.367088607595,5.315211435089709,0.6204773819432561,gene,DHX36KO,DHX36KO,pooled,up,149,DHX36KO
3,-1898.73417721519,5.722086713847431,0.6389710123664947,gene,DHX36KO,DHX36KO,pooled,up,149,DHX36KO
4,-1848.1012658227849,5.95493029011976,0.7000258675845689,gene,DHX36KO,DHX36KO,pooled,up,149,DHX36KO
5,-1797.4683544303798,6.133111681548808,0.7843144046397456,gene,DHX36KO,DHX36KO,pooled,up,149,DHX36KO
6,-1746.8354430379748,6.265573228914999,0.897309475749357,gene,DHX36KO,DHX36KO,pooled,up,149,DHX36KO
7,-1696.2025316455697,6.414638959662759,0.9722535324514252,gene,DHX36KO,DHX36KO,pooled,up,149,DHX36KO
8,-1645.5696202531644,6.488890517083324,0.9337135315417509,gene,DHX36KO,DHX36KO,pooled,up,149,DHX36KO
9,-1594.9367088607596,6.636325194520972,0.8350869341211504,gene,DHX36KO,DHX36KO,pooled,up,149,DHX36KO
10,-1544.3037974683543,7.056884704884267,1.0263949150456364,gene,DHX36KO,DHX36KO,pooled,up,149,DHX36KO
11,-1493.6708860759495,7.490134354965799,1.4679460680929048,gene,DHX36KO,DHX36KO,pooled,up,149,DHX36KO
12,-1443.0379746835442,7.771951239850431,1.7233953197518401,gene,DHX36KO,DHX36KO,pooled,up,149,DHX36KO
13,-1392.4050632911392,7.961206967313284,1.8958905445532932,gene,DHX36KO,DHX36KO,pooled,up,149,DHX36KO
14,-1341.7721518987341,8.029867673010902,1.910132739968733,gene,DHX36KO,DHX36KO,pooled,up,149,DHX36KO
15,-1291.139240506329,7.888729127530817,1.5817191489053037,gene,DHX36KO,DHX36KO,pooled,up,149,DHX36KO
16,-1240.506329113924,7.776352538843816,1.1866290302670628,gene,DHX36KO,DHX36KO,pooled,up,149,DHX36KO
17,-1189.873417721519,7.47353540585345,0.9333160262724859,gene,DHX36KO,DHX36KO,pooled,up,149,DHX36KO
18,-1139.240506329114,7.636913985923366,1.054513934983903,gene,DHX36KO,DHX36KO,pooled,up,149,DHX36KO
19,-1088.607594936709,8.094513782238801,1.322170958473696,gene,DHX36KO,DHX36KO,pooled,up,149,DHX36KO
20,-1037.9746835443038,8.535862870461722,1.4975619968950895,gene,DHX36KO,DHX36KO,pooled,up,149,DHX36KO
21,-987.3417721518988,9.156283218332584,1.6929859412563708,gene,DHX36KO,DHX36KO,pooled,up,149,DHX36KO
22,-936.7088607594937,9.859467591407315,1.8323438707110322,gene,DHX36KO,DHX36KO,pooled,up,149,DHX36KO
23,-886.0759493670887,10.08073689558362,1.8332438555683594,gene,DHX36KO,DHX36KO,pooled,up,149,DHX36KO
24,-835.4430379746836,10.346468784558427,1.7047656387849928,gene,DHX36KO,DHX36KO,pooled,up,149,DHX36KO
25,-784.8101265822784,10.719943150215235,1.6790012311574842,gene,DHX36KO,DHX36KO,pooled,up,149,DHX36KO
26,-734.1772151898733,11.190946757702752,1.6900506509606765,gene,DHX36KO,DHX36KO,pooled,up,149,DHX36KO
27,-683.5443037974683,11.423930533705676,1.7484937177813216,gene,DHX36KO,DHX36KO,pooled,up,149,DHX36KO
28,-632.9113924050632,11.474391059928825,1.698764323361913,gene,DHX36KO,DHX36KO,pooled,up,149,DHX36KO
29,-582.2784810126582,11.896058046657767,1.6975805335246663,gene,DHX36KO,DHX36KO,pooled,up,149,DHX36KO
30,-531.6455696202531,12.267232150172761,1.6769782431408928,gene,DHX36KO,DHX36KO,pooled,up,149,DHX36KO
31,-481.0126582278481,13.215115474838539,1.795834338672777,gene,DHX36KO,DHX36KO,pooled,up,149,DHX36KO
32,-430.37974683544303,14.191369387426098,1.9929928787851376,gene,DHX36KO,DHX36KO,pooled,up,149,DHX36KO
33,-379.746835443038,15.632557853825674,2.4559342664908304,gene,DHX36KO,DHX36KO,pooled,up,149,DHX36KO
34,-329.11392405063293,17.264901785253144,2.9278622116694506,gene,DHX36KO,DHX36KO,pooled,up,149,DHX36KO
35,-278.4810126582279,19.195991772565264,3.2076875508298026,gene,DHX36KO,DHX36KO,pooled,up,149,DHX36KO
36,-227.84810126582283,20.753436012305404,3.3011818338732644,gene,DHX36KO,DHX36KO,pooled,up,149,DHX36KO
37,-177.21518987341778,21.31450251259793,3.157748114454619,gene,DHX36KO,DHX36KO,pooled,up,149,DHX36KO
38,-126.58227848101274,20.922145069562884,2.81235304536649,gene,DHX36KO,DHX36KO,pooled,up,149,DHX36KO
39,-75.94936708860769,20.395275306883008,2.5486541968726986,gene,DHX36KO,DHX36KO,pooled,up,149,DHX36KO
40,-25.316455696202638,20.438660008000582,2.4579384933703707,gene,DHX36KO,DHX36KO,pooled,up,149,DHX36KO
41,25.31645569620241,19.865267723529396,2.2773181759433263,gene,DHX36KO,DHX36KO,pooled,up,149,DHX36KO
42,75.94936708860769,19.22369999840222,2.089193071758874,gene,DHX36KO,DHX36KO,pooled,up,149,DHX36KO
43,126.58227848101251,18.525569686596292,1.843180682087043,gene,DHX36KO,DHX36KO,pooled,up,149,DHX36KO
44,177.21518987341778,17.58554098899466,1.5438292911813964,gene,DHX36KO,DHX36KO,pooled,up,149,DHX36KO
45,227.8481012658226,16.949949738307286,1.4908144639192469,gene,DHX36KO,DHX36KO,pooled,up,149,DHX36KO
46,278.4810126582279,16.485320598001714,1.550061002262411,gene,DHX36KO,DHX36KO,pooled,up,149,DHX36KO
47,329.1139240506327,15.82518747463589,1.5263568990172185,gene,DHX36KO,DHX36KO,pooled,up,149,DHX36KO
48,379.746835443038,15.555115435582145,1.5538942638613518,gene,DHX36KO,DHX36KO,pooled,up,149,DHX36KO
49,430.37974683544326,15.016487198846718,1.51800312859977,gene,DHX36KO,DHX36KO,pooled,up,149,DHX36KO
50,481.0126582278481,14.22630943241802,1.4543909706302331,gene,DHX36KO,DHX36KO,pooled,up,149,DHX36KO
51,531.6455696202534,13.579351879264951,1.4600712748398232,gene,DHX36KO,DHX36KO,pooled,up,149,DHX36KO
52,582.2784810126582,13.185999010681305,1.5252873105029405,gene,DHX36KO,DHX36KO,pooled,up,149,DHX36KO
53,632.9113924050635,12.853258813739624,1.6260373326662856,gene,DHX36KO,DHX36KO,pooled,up,149,DHX36KO
54,683.5443037974683,12.304827523002155,1.668649871621125,gene,DHX36KO,DHX36KO,pooled,up,149,DHX36KO
55,734.1772151898736,11.985162318590238,1.6231898795331003,gene,DHX36KO,DHX36KO,pooled,up,149,DHX36KO
56,784.8101265822784,11.328078214386165,1.4481156437820428,gene,DHX36KO,DHX36KO,pooled,up,149,DHX36KO
57,835.4430379746836,10.55984818730045,1.2738354546803283,gene,DHX36KO,DHX36KO,pooled,up,149,DHX36KO
58,886.0759493670885,9.447972767865098,1.1060395374110445,gene,DHX36KO,DHX36KO,pooled,up,149,DHX36KO
59,936.7088607594937,9.058488393939315,1.0417193372893843,gene,DHX36KO,DHX36KO,pooled,up,149,DHX36KO
60,987.3417721518986,8.564391150170525,0.9820647658382794,gene,DHX36KO,DHX36KO,pooled,up,149,DHX36KO
61,1037.9746835443038,8.013758453549421,0.9118775692471693,gene,DHX36KO,DHX36KO,pooled,up,149,DHX36KO
62,1088.6075949367087,7.569176050331235,0.8622345637221422,gene,DHX36KO,DHX36KO,pooled,up,149,DHX36KO
63,1139.240506329114,7.131384518050507,0.8090135498477083,gene,DHX36KO,DHX36KO,pooled,up,149,DHX36KO
64,1189.8734177215188,6.835238849167323,0.7456296032753897,gene,DHX36KO,DHX36KO,pooled,up,149,DHX36KO
65,1240.506329113924,6.429328796794217,0.6722243482911033,gene,DHX36KO,DHX36KO,pooled,up,149,DHX36KO
66,1291.1392405063293,5.982283028372182,0.5998775867387867,gene,DHX36KO,DHX36KO,pooled,up,149,DHX36KO
67,1341.7721518987341,5.616929570513817,0.5126379106914414,gene,DHX36KO,DHX36KO,pooled,up,149,DHX36KO
68,1392.4050632911394,5.210003912768908,0.47378226542399804,gene,DHX36KO,DHX36KO,pooled,up,149,DHX36KO
69,1443.0379746835442,4.82790093690757,0.42917970655144694,gene,DHX36KO,DHX36KO,pooled,up,149,DHX36KO
70,1493.6708860759495,4.453825371862791,0.3900740504384405,gene,DHX36KO,DHX36KO,pooled,up,149,DHX36KO
71,1544.3037974683543,4.262422514948535,0.3802640852753212,gene,DHX36KO,DHX36KO,pooled,up,149,DHX36KO
72,1594.9367088607596,4.227944486829259,0.389180540680981,gene,DHX36KO,DHX36KO,pooled,up,149,DHX36KO
73,1645.5696202531644,4.43419817156973,0.49756638054523283,gene,DHX36KO,DHX36KO,pooled,up,149,DHX36KO
74,1696.2025316455697,4.447717169899269,0.6500372332470122,gene,DHX36KO,DHX36KO,pooled,up,149,DHX36KO
75,1746.8354430379745,4.536330292091541,0.7139419534875975,gene,DHX36KO,DHX36KO,pooled,up,149,DHX36KO
76,1797.4683544303798,4.456300065080058,0.6444674020473609,gene,DHX36KO,DHX36KO,pooled,up,149,DHX36KO
77,1848.1012658227846,4.14370839086955,0.5148601091423168,gene,DHX36KO,DHX36KO,pooled,up,149,DHX36KO
78,1898.73417721519,4.024619516526292,0.46542967095307486,gene,DHX36KO,DHX36KO,pooled,up,149,DHX36KO
79,1949.3670886075947,3.882917247250576,0.4362834360761825,gene,DHX36KO,DHX36KO,pooled,up,149,DHX36KO
80,2000,4.045182595429004,0.43526018147781137,gene,DHX36KO,DHX36KO,pooled,up,149,DHX36KO
1,-2000,8.680740504611954,1.7610338677425834,gene,DHX36KO,DHX36KO,pooled,down,87,DHX36KO
2,-1949.367088607595,7.791870646083948,1.227212606200943,gene,DHX36KO,DHX36KO,pooled,down,87,DHX36KO
3,-1898.73417721519,7.403527512915747,1.042865608606158,gene,DHX36KO,DHX36KO,pooled,down,87,DHX36KO
4,-1848.1012658227849,7.562102234783757,1.0799117322356462,gene,DHX36KO,DHX36KO,pooled,down,87,DHX36KO
5,-1797.4683544303798,7.309688000551128,1.0948227087705336,gene,DHX36KO,DHX36KO,pooled,down,87,DHX36KO
6,-1746.8354430379748,6.94295198503582,1.0679131624731464,gene,DHX36KO,DHX36KO,pooled,down,87,DHX36KO
7,-1696.2025316455697,6.974848706694855,1.177617658481587,gene,DHX36KO,DHX36KO,pooled,down,87,DHX36KO
8,-1645.5696202531644,7.829012537468439,1.4874127528598442,gene,DHX36KO,DHX36KO,pooled,down,87,DHX36KO
9,-1594.9367088607596,8.281176039067265,1.6842076919468163,gene,DHX36KO,DHX36KO,pooled,down,87,DHX36KO
10,-1544.3037974683543,8.436885267500676,1.776737016016888,gene,DHX36KO,DHX36KO,pooled,down,87,DHX36KO
11,-1493.6708860759495,8.445258343201488,1.7244847184246697,gene,DHX36KO,DHX36KO,pooled,down,87,DHX36KO
12,-1443.0379746835442,8.808780500642184,1.78047064194369,gene,DHX36KO,DHX36KO,pooled,down,87,DHX36KO
13,-1392.4050632911392,9.112186017100381,1.792410346302593,gene,DHX36KO,DHX36KO,pooled,down,87,DHX36KO
14,-1341.7721518987341,9.535909868729982,1.789481634521153,gene,DHX36KO,DHX36KO,pooled,down,87,DHX36KO
15,-1291.139240506329,9.568519219703601,1.5190618024748868,gene,DHX36KO,DHX36KO,pooled,down,87,DHX36KO
16,-1240.506329113924,9.791685290656327,1.5118876273422852,gene,DHX36KO,DHX36KO,pooled,down,87,DHX36KO
17,-1189.873417721519,9.964076136382603,1.5936146365572927,gene,DHX36KO,DHX36KO,pooled,down,87,DHX36KO
18,-1139.240506329114,10.046012300504122,1.6065427414030768,gene,DHX36KO,DHX36KO,pooled,down,87,DHX36KO
19,-1088.607594936709,10.36882919380948,1.7188947390591252,gene,DHX36KO,DHX36KO,pooled,down,87,DHX36KO
20,-1037.9746835443038,11.476324917457113,2.1505085561505917,gene,DHX36KO,DHX36KO,pooled,down,87,DHX36KO
21,-987.3417721518988,12.280478452877981,2.483357809845656,gene,DHX36KO,DHX36KO,pooled,down,87,DHX36KO
22,-936.7088607594937,12.716113347678348,2.529412312202386,gene,DHX36KO,DHX36KO,pooled,down,87,DHX36KO
23,-886.0759493670887,13.120729447690007,2.3792874762473546,gene,DHX36KO,DHX36KO,pooled,down,87,DHX36KO
24,-835.4430379746836,13.155260824846582,2.095038981842904,gene,DHX36KO,DHX36KO,pooled,down,87,DHX36KO
25,-784.8101265822784,13.53410084277734,1.9694074033092486,gene,DHX36KO,DHX36KO,pooled,down,87,DHX36KO
26,-734.1772151898733,14.01296235024244,1.8880621166431157,gene,DHX36KO,DHX36KO,pooled,down,87,DHX36KO
27,-683.5443037974683,14.758644373553922,1.8826079892836907,gene,DHX36KO,DHX36KO,pooled,down,87,DHX36KO
28,-632.9113924050632,15.123903556801807,1.791403724877585,gene,DHX36KO,DHX36KO,pooled,down,87,DHX36KO
29,-582.2784810126582,15.415253791087432,1.6871349019787094,gene,DHX36KO,DHX36KO,pooled,down,87,DHX36KO
30,-531.6455696202531,15.828943879248081,1.6747541672349713,gene,DHX36KO,DHX36KO,pooled,down,87,DHX36KO
31,-481.0126582278481,16.66427462417047,1.7811382445699881,gene,DHX36KO,DHX36KO,pooled,down,87,DHX36KO
32,-430.37974683544303,18.254402217198148,2.14249595744972,gene,DHX36KO,DHX36KO,pooled,down,87,DHX36KO
33,-379.746835443038,21.473085306768674,3.3500652670742745,gene,DHX36KO,DHX36KO,pooled,down,87,DHX36KO
34,-329.11392405063293,24.24760469407414,4.377430636129778,gene,DHX36KO,DHX36KO,pooled,down,87,DHX36KO
35,-278.4810126582279,25.91950608477282,5.204934289847834,gene,DHX36KO,DHX36KO,pooled,down,87,DHX36KO
36,-227.84810126582283,26.71289979708149,5.491758679462734,gene,DHX36KO,DHX36KO,pooled,down,87,DHX36KO
37,-177.21518987341778,27.02624593599546,5.397663490294574,gene,DHX36KO,DHX36KO,pooled,down,87,DHX36KO
38,-126.58227848101274,25.959989483091565,4.900267212946011,gene,DHX36KO,DHX36KO,pooled,down,87,DHX36KO
39,-75.94936708860769,26.699237065443132,4.8922460554051765,gene,DHX36KO,DHX36KO,pooled,down,87,DHX36KO
40,-25.316455696202638,27.428475127201885,4.6686811130465715,gene,DHX36KO,DHX36KO,pooled,down,87,DHX36KO
41,25.31645569620241,27.07596573898162,4.33274350726522,gene,DHX36KO,DHX36KO,pooled,down,87,DHX36KO
42,75.94936708860769,25.570015973277478,3.8932642312153463,gene,DHX36KO,DHX36KO,pooled,down,87,DHX36KO
43,126.58227848101251,24.29337375591541,3.6611661506759767,gene,DHX36KO,DHX36KO,pooled,down,87,DHX36KO
44,177.21518987341778,23.124589729035037,3.279230945055214,gene,DHX36KO,DHX36KO,pooled,down,87,DHX36KO
45,227.8481012658226,21.293056757943383,2.875184970953474,gene,DHX36KO,DHX36KO,pooled,down,87,DHX36KO
46,278.4810126582279,20.185476318282642,2.7730924201449434,gene,DHX36KO,DHX36KO,pooled,down,87,DHX36KO
47,329.1139240506327,18.902041089123692,2.622367184745353,gene,DHX36KO,DHX36KO,pooled,down,87,DHX36KO
48,379.746835443038,17.135774673017963,2.2053635237328773,gene,DHX36KO,DHX36KO,pooled,down,87,DHX36KO
49,430.37974683544326,14.885731774509182,1.8088261041384084,gene,DHX36KO,DHX36KO,pooled,down,87,DHX36KO
50,481.0126582278481,13.746398772864506,1.6388912369569997,gene,DHX36KO,DHX36KO,pooled,down,87,DHX36KO
51,531.6455696202534,13.29252709964226,1.581057922794082,gene,DHX36KO,DHX36KO,pooled,down,87,DHX36KO
52,582.2784810126582,13.142789553837758,1.6866047849359573,gene,DHX36KO,DHX36KO,pooled,down,87,DHX36KO
53,632.9113924050635,12.840762371614975,1.7744252318888452,gene,DHX36KO,DHX36KO,pooled,down,87,DHX36KO
54,683.5443037974683,12.98616966419293,2.002022539905193,gene,DHX36KO,DHX36KO,pooled,down,87,DHX36KO
55,734.1772151898736,13.413226937608243,2.2675199684882053,gene,DHX36KO,DHX36KO,pooled,down,87,DHX36KO
56,784.8101265822784,13.384772504134196,2.380291083696403,gene,DHX36KO,DHX36KO,pooled,down,87,DHX36KO
57,835.4430379746836,13.207985047846462,2.487775264194338,gene,DHX36KO,DHX36KO,pooled,down,87,DHX36KO
58,886.0759493670885,12.357928971321646,2.3047527042707463,gene,DHX36KO,DHX36KO,pooled,down,87,DHX36KO
59,936.7088607594937,11.043116248083297,1.9773709743126924,gene,DHX36KO,DHX36KO,pooled,down,87,DHX36KO
60,987.3417721518986,9.783221653631363,1.595082211108533,gene,DHX36KO,DHX36KO,pooled,down,87,DHX36KO
61,1037.9746835443038,8.740433163186143,1.344434812989675,gene,DHX36KO,DHX36KO,pooled,down,87,DHX36KO
62,1088.6075949367087,7.880945085099831,1.0820152295559764,gene,DHX36KO,DHX36KO,pooled,down,87,DHX36KO
63,1139.240506329114,7.3429868345059655,1.0359993710080482,gene,DHX36KO,DHX36KO,pooled,down,87,DHX36KO
64,1189.8734177215188,7.1681553507033895,1.094992371479208,gene,DHX36KO,DHX36KO,pooled,down,87,DHX36KO
65,1240.506329113924,7.277748885894644,1.2013251219901537,gene,DHX36KO,DHX36KO,pooled,down,87,DHX36KO
66,1291.1392405063293,7.08955031735687,1.2355414771333328,gene,DHX36KO,DHX36KO,pooled,down,87,DHX36KO
67,1341.7721518987341,6.936289839333501,1.3293075564789576,gene,DHX36KO,DHX36KO,pooled,down,87,DHX36KO
68,1392.4050632911394,6.756386722294307,1.354241244083486,gene,DHX36KO,DHX36KO,pooled,down,87,DHX36KO
69,1443.0379746835442,6.600839570500384,1.3496909973201303,gene,DHX36KO,DHX36KO,pooled,down,87,DHX36KO
70,1493.6708860759495,6.479690549839502,1.1729126475089555,gene,DHX36KO,DHX36KO,pooled,down,87,DHX36KO
71,1544.3037974683543,6.228493657057313,0.9972595947827668,gene,DHX36KO,DHX36KO,pooled,down,87,DHX36KO
72,1594.9367088607596,6.0682949701122855,0.9038188706039436,gene,DHX36KO,DHX36KO,pooled,down,87,DHX36KO
73,1645.5696202531644,6.135082729821917,0.917466572637552,gene,DHX36KO,DHX36KO,pooled,down,87,DHX36KO
74,1696.2025316455697,5.690223478942082,0.8639489560490722,gene,DHX36KO,DHX36KO,pooled,down,87,DHX36KO
75,1746.8354430379745,5.560779522972545,0.8357079307450207,gene,DHX36KO,DHX36KO,pooled,down,87,DHX36KO
76,1797.4683544303798,5.331219699729905,0.743530211872561,gene,DHX36KO,DHX36KO,pooled,down,87,DHX36KO
77,1848.1012658227846,5.068101392267308,0.6913670324477846,gene,DHX36KO,DHX36KO,pooled,down,87,DHX36KO
78,1898.73417721519,4.921005919820048,0.679136753472588,gene,DHX36KO,DHX36KO,pooled,down,87,DHX36KO
79,1949.3670886075947,4.8456607103073734,0.6791181852635721,gene,DHX36KO,DHX36KO,pooled,down,87,DHX36KO
80,2000,4.712595071555097,0.6604908873905742,gene,DHX36KO,DHX36KO,pooled,down,87,DHX36KO
1,-2000,4.0047201730310915,0.3614413953390822,gene,DHX36KO,DHX36KO,parallel,up,128,DHX36KO
2,-1949.367088607595,4.466888067759573,0.4226899381878214,gene,DHX36KO,DHX36KO,parallel,up,128,DHX36KO
3,-1898.73417721519,4.88113778234149,0.4472625740719513,gene,DHX36KO,DHX36KO,parallel,up,128,DHX36KO
4,-1848.1012658227849,5.118350008577108,0.53850539460259506,gene,DHX36KO,DHX36KO,parallel,up,128,DHX36KO
5,-1797.4683544303798,5.301497110047688,0.6258561086156126,gene,DHX36KO,DHX36KO,parallel,up,128,DHX36KO
6,-1746.8354430379748,5.3713514889155825,0.6905109503948025,gene,DHX36KO,DHX36KO,parallel,up,128,DHX36KO
7,-1696.2025316455697,5.557962963841855,0.6981954979062361,gene,DHX36KO,DHX36KO,parallel,up,128,DHX36KO
8,-1645.5696202531644,5.878423755175124,0.7570289912912689,gene,DHX36KO,DHX36KO,parallel,up,128,DHX36KO
9,-1594.9367088607596,6.308527853315075,0.8122170733043916,gene,DHX36KO,DHX36KO,parallel,up,128,DHX36KO
10,-1544.3037974683543,6.96603976794829,1.1238013142715801,gene,DHX36KO,DHX36KO,parallel,up,128,DHX36KO
11,-1493.6708860759495,7.590597092056026,1.6725527651854908,gene,DHX36KO,DHX36KO,parallel,up,128,DHX36KO
12,-1443.0379746835442,7.920012846936782,1.9767077865855498,gene,DHX36KO,DHX36KO,parallel,up,128,DHX36KO
13,-1392.4050632911392,8.155284714630495,2.179488748955023,gene,DHX36KO,DHX36KO,parallel,up,128,DHX36KO
14,-1341.7721518987341,8.333591628583768,2.2058486899564316,gene,DHX36KO,DHX36KO,parallel,up,128,DHX36KO
15,-1291.139240506329,8.188146656385312,1.8242461287066942,gene,DHX36KO,DHX36KO,parallel,up,128,DHX36KO
16,-1240.506329113924,8.087903348126758,1.3590617583455518,gene,DHX36KO,DHX36KO,parallel,up,128,DHX36KO
17,-1189.873417721519,7.729548889553795,1.0614456209421181,gene,DHX36KO,DHX36KO,parallel,up,128,DHX36KO
18,-1139.240506329114,8.004393623849998,1.2080694040639353,gene,DHX36KO,DHX36KO,parallel,up,128,DHX36KO
19,-1088.607594936709,8.585720945950598,1.5270986187971787,gene,DHX36KO,DHX36KO,parallel,up,128,DHX36KO
20,-1037.9746835443038,9.116104175510506,1.7306122259086425,gene,DHX36KO,DHX36KO,parallel,up,128,DHX36KO
21,-987.3417721518988,9.849874456450342,1.9579924224733851,gene,DHX36KO,DHX36KO,parallel,up,128,DHX36KO
22,-936.7088607594937,10.633573220651597,2.119548238660998,gene,DHX36KO,DHX36KO,parallel,up,128,DHX36KO
23,-886.0759493670887,10.840597977843135,2.1201664822005895,gene,DHX36KO,DHX36KO,parallel,up,128,DHX36KO
24,-835.4430379746836,11.147688548093042,1.9694065303433372,gene,DHX36KO,DHX36KO,parallel,up,128,DHX36KO
25,-784.8101265822784,11.607826504496236,1.9374519205449505,gene,DHX36KO,DHX36KO,parallel,up,128,DHX36KO
26,-734.1772151898733,12.122064920626581,1.9499552469808727,gene,DHX36KO,DHX36KO,parallel,up,128,DHX36KO
27,-683.5443037974683,12.4293102675428,2.0167801718009692,gene,DHX36KO,DHX36KO,parallel,up,128,DHX36KO
28,-632.9113924050632,12.45699575478832,1.9576446958747593,gene,DHX36KO,DHX36KO,parallel,up,128,DHX36KO
29,-582.2784810126582,12.80569254371648,1.9541650212319446,gene,DHX36KO,DHX36KO,parallel,up,128,DHX36KO
30,-531.6455696202531,12.984417281951755,1.9275395427490332,gene,DHX36KO,DHX36KO,parallel,up,128,DHX36KO
31,-481.0126582278481,13.76047634864226,2.039938101653118,gene,DHX36KO,DHX36KO,parallel,up,128,DHX36KO
32,-430.37974683544303,14.709962466421226,2.2538527483991126,gene,DHX36KO,DHX36KO,parallel,up,128,DHX36KO
33,-379.746835443038,16.145686250931274,2.789113203535881,gene,DHX36KO,DHX36KO,parallel,up,128,DHX36KO
34,-329.11392405063293,17.8473752158694,3.3283649444194605,gene,DHX36KO,DHX36KO,parallel,up,128,DHX36KO
35,-278.4810126582279,19.723191962894052,3.6220460675893666,gene,DHX36KO,DHX36KO,parallel,up,128,DHX36KO
36,-227.84810126582283,21.11875591225301,3.6314536840255793,gene,DHX36KO,DHX36KO,parallel,up,128,DHX36KO
37,-177.21518987341778,21.476739728382476,3.3011448365391285,gene,DHX36KO,DHX36KO,parallel,up,128,DHX36KO
38,-126.58227848101274,20.82665175139283,2.700446653398531,gene,DHX36KO,DHX36KO,parallel,up,128,DHX36KO
39,-75.94936708860769,20.112057452710967,2.2635079876864004,gene,DHX36KO,DHX36KO,parallel,up,128,DHX36KO
40,-25.316455696202638,19.948592762456585,2.130501947499759,gene,DHX36KO,DHX36KO,parallel,up,128,DHX36KO
41,25.31645569620241,19.260738560557364,1.9385021191913552,gene,DHX36KO,DHX36KO,parallel,up,128,DHX36KO
42,75.94936708860769,18.555376903247087,1.8646908764688592,gene,DHX36KO,DHX36KO,parallel,up,128,DHX36KO
43,126.58227848101251,17.908656091832867,1.726337676809528,gene,DHX36KO,DHX36KO,parallel,up,128,DHX36KO
44,177.21518987341778,17.29314296917369,1.599970563366074,gene,DHX36KO,DHX36KO,parallel,up,128,DHX36KO
45,227.8481012658226,16.559106615576894,1.5985684923722323,gene,DHX36KO,DHX36KO,parallel,up,128,DHX36KO
46,278.4810126582279,16.112364446570474,1.6877987790361144,gene,DHX36KO,DHX36KO,parallel,up,128,DHX36KO
47,329.1139240506327,15.50706331693257,1.6800973751946107,gene,DHX36KO,DHX36KO,parallel,up,128,DHX36KO
48,379.746835443038,15.40222695844248,1.7263879474371848,gene,DHX36KO,DHX36KO,parallel,up,128,DHX36KO
49,430.37974683544326,15.00129661426569,1.6989153965440333,gene,DHX36KO,DHX36KO,parallel,up,128,DHX36KO
50,481.0126582278481,14.217269322760403,1.6278669516464226,gene,DHX36KO,DHX36KO,parallel,up,128,DHX36KO
51,531.6455696202534,13.776259453867873,1.6372173094958076,gene,DHX36KO,DHX36KO,parallel,up,128,DHX36KO
52,582.2784810126582,13.411075204722584,1.707745510780153,gene,DHX36KO,DHX36KO,parallel,up,128,DHX36KO
53,632.9113924050635,13.057719981626917,1.8060842689376178,gene,DHX36KO,DHX36KO,parallel,up,128,DHX36KO
54,683.5443037974683,12.401610427306345,1.8414605302613336,gene,DHX36KO,DHX36KO,parallel,up,128,DHX36KO
55,734.1772151898736,11.885177339116732,1.7822733010408245,gene,DHX36KO,DHX36KO,parallel,up,128,DHX36KO
56,784.8101265822784,11.198406181850782,1.5813848119449359,gene,DHX36KO,DHX36KO,parallel,up,128,DHX36KO
57,835.4430379746836,10.37814318554476,1.3996425831235637,gene,DHX36KO,DHX36KO,parallel,up,128,DHX36KO
58,886.0759493670885,9.186037232857197,1.2146114982465213,gene,DHX36KO,DHX36KO,parallel,up,128,DHX36KO
59,936.7088607594937,8.78730791002512,1.1403194589600913,gene,DHX36KO,DHX36KO,parallel,up,128,DHX36KO
60,987.3417721518986,8.19783198804905,1.0627811033455665,gene,DHX36KO,DHX36KO,parallel,up,128,DHX36KO
61,1037.9746835443038,7.536665945481509,0.9653011682134548,gene,DHX36KO,DHX36KO,parallel,up,128,DHX36KO
62,1088.6075949367087,7.093743595375369,0.8911027326788743,gene,DHX36KO,DHX36KO,parallel,up,128,DHX36KO
63,1139.240506329114,6.633322348613292,0.8117286479908838,gene,DHX36KO,DHX36KO,parallel,up,128,DHX36KO
64,1189.8734177215188,6.360275664037714,0.7180694956989555,gene,DHX36KO,DHX36KO,parallel,up,128,DHX36KO
65,1240.506329113924,5.992154411586623,0.6361371965377624,gene,DHX36KO,DHX36KO,parallel,up,128,DHX36KO
66,1291.1392405063293,5.620132175876448,0.5692294000373357,gene,DHX36KO,DHX36KO,parallel,up,128,DHX36KO
67,1341.7721518987341,5.444184484320382,0.5382620845901115,gene,DHX36KO,DHX36KO,parallel,up,128,DHX36KO
68,1392.4050632911394,5.193533553195496,0.5175990013689311,gene,DHX36KO,DHX36KO,parallel,up,128,DHX36KO
69,1443.0379746835442,4.9008928316024445,0.4719389623776364,gene,DHX36KO,DHX36KO,parallel,up,128,DHX36KO
70,1493.6708860759495,4.566131275674949,0.43522300802973773,gene,DHX36KO,DHX36KO,parallel,up,128,DHX36KO
71,1544.3037974683543,4.3635674331523475,0.4250059763320091,gene,DHX36KO,DHX36KO,parallel,up,128,DHX36KO
72,1594.9367088607596,4.310784404656539,0.4352553336503182,gene,DHX36KO,DHX36KO,parallel,up,128,DHX36KO
73,1645.5696202531644,4.5232778039140005,0.5642996786571085,gene,DHX36KO,DHX36KO,parallel,up,128,DHX36KO
74,1696.2025316455697,4.521958730121454,0.7450873104663563,gene,DHX36KO,DHX36KO,parallel,up,128,DHX36KO
75,1746.8354430379745,4.624422697251042,0.819953777862752,gene,DHX36KO,DHX36KO,parallel,up,128,DHX36KO
76,1797.4683544303798,4.550824795706818,0.7351022087881497,gene,DHX36KO,DHX36KO,parallel,up,128,DHX36KO
77,1848.1012658227846,4.257557333540172,0.5832171775599477,gene,DHX36KO,DHX36KO,parallel,up,128,DHX36KO
78,1898.73417721519,4.172066840498398,0.5252721721518805,gene,DHX36KO,DHX36KO,parallel,up,128,DHX36KO
79,1949.3670886075947,4.021367765050382,0.48997866416932667,gene,DHX36KO,DHX36KO,parallel,up,128,DHX36KO
80,2000,4.16663905515646,0.477650687931491,gene,DHX36KO,DHX36KO,parallel,up,128,DHX36KO
1,-2000,8.882067562353377,2.132759939851065,gene,DHX36KO,DHX36KO,parallel,down,68,DHX36KO
2,-1949.367088607595,7.945077921292361,1.408440807139892,gene,DHX36KO,DHX36KO,parallel,down,68,DHX36KO
3,-1898.73417721519,7.748942921138277,1.1886536560652747,gene,DHX36KO,DHX36KO,parallel,down,68,DHX36KO
4,-1848.1012658227849,7.998788044207236,1.2410089112823417,gene,DHX36KO,DHX36KO,parallel,down,68,DHX36KO
5,-1797.4683544303798,7.865206689577477,1.3020233540624697,gene,DHX36KO,DHX36KO,parallel,down,68,DHX36KO
6,-1746.8354430379748,7.509461902976036,1.309321811757887,gene,DHX36KO,DHX36KO,parallel,down,68,DHX36KO
7,-1696.2025316455697,7.632070574550068,1.4644702277161625,gene,DHX36KO,DHX36KO,parallel,down,68,DHX36KO
8,-1645.5696202531644,8.559603101879942,1.8692787843083514,gene,DHX36KO,DHX36KO,parallel,down,68,DHX36KO
9,-1594.9367088607596,8.962948533682262,2.102303044587875,gene,DHX36KO,DHX36KO,parallel,down,68,DHX36KO
10,-1544.3037974683543,9.078602813026484,2.2184768043684726,gene,DHX36KO,DHX36KO,parallel,down,68,DHX36KO
11,-1493.6708860759495,8.879256542126338,2.151336098926303,gene,DHX36KO,DHX36KO,parallel,down,68,DHX36KO
12,-1443.0379746835442,9.139075881102507,2.2069124274001086,gene,DHX36KO,DHX36KO,parallel,down,68,DHX36KO
13,-1392.4050632911392,9.355615065039373,2.2100057410147613,gene,DHX36KO,DHX36KO,parallel,down,68,DHX36KO
14,-1341.7721518987341,9.543467806507559,2.1709590820897504,gene,DHX36KO,DHX36KO,parallel,down,68,DHX36KO
15,-1291.139240506329,9.197387309740572,1.7440334700270406,gene,DHX36KO,DHX36KO,parallel,down,68,DHX36KO
16,-1240.506329113924,9.270482445078738,1.6585975646815367,gene,DHX36KO,DHX36KO,parallel,down,68,DHX36KO
17,-1189.873417721519,9.39679501198086,1.735973788304787,gene,DHX36KO,DHX36KO,parallel,down,68,DHX36KO
18,-1139.240506329114,9.444878657693955,1.7250706400038869,gene,DHX36KO,DHX36KO,parallel,down,68,DHX36KO
19,-1088.607594936709,9.803173526735867,1.8417892147861514,gene,DHX36KO,DHX36KO,parallel,down,68,DHX36KO
20,-1037.9746835443038,10.87158870217847,2.4064182162357,gene,DHX36KO,DHX36KO,parallel,down,68,DHX36KO
21,-987.3417721518988,11.660164766463579,2.8520316569237427,gene,DHX36KO,DHX36KO,parallel,down,68,DHX36KO
22,-936.7088607594937,11.744721121156916,2.7972645550385473,gene,DHX36KO,DHX36KO,parallel,down,68,DHX36KO
23,-886.0759493670887,11.96522618991487,2.4766006822971134,gene,DHX36KO,DHX36KO,parallel,down,68,DHX36KO
24,-835.4430379746836,12.27999943635043,2.153053044824776,gene,DHX36KO,DHX36KO,parallel,down,68,DHX36KO
25,-784.8101265822784,12.841543068827367,2.048655537338899,gene,DHX36KO,DHX36KO,parallel,down,68,DHX36KO
26,-734.1772151898733,13.515348363974514,2.0226030298135096,gene,DHX36KO,DHX36KO,parallel,down,68,DHX36KO
27,-683.5443037974683,14.354094695273568,2.1008504212416774,gene,DHX36KO,DHX36KO,parallel,down,68,DHX36KO
28,-632.9113924050632,14.75443160550267,2.0329798750302093,gene,DHX36KO,DHX36KO,parallel,down,68,DHX36KO
29,-582.2784810126582,14.831084348863246,1.9161926822555029,gene,DHX36KO,DHX36KO,parallel,down,68,DHX36KO
30,-531.6455696202531,14.526481228926603,1.8434649242529673,gene,DHX36KO,DHX36KO,parallel,down,68,DHX36KO
31,-481.0126582278481,14.948299312030569,1.8808451787751828,gene,DHX36KO,DHX36KO,parallel,down,68,DHX36KO
32,-430.37974683544303,16.20394468170755,2.283871400157083,gene,DHX36KO,DHX36KO,parallel,down,68,DHX36KO
33,-379.746835443038,19.275509678055258,3.8596082824112954,gene,DHX36KO,DHX36KO,parallel,down,68,DHX36KO
34,-329.11392405063293,22.421139247861564,5.190864783450603,gene,DHX36KO,DHX36KO,parallel,down,68,DHX36KO
35,-278.4810126582279,24.502996775624798,6.269097440652385,gene,DHX36KO,DHX36KO,parallel,down,68,DHX36KO
36,-227.84810126582283,25.830196311847835,6.670886023937138,gene,DHX36KO,DHX36KO,parallel,down,68,DHX36KO
37,-177.21518987341778,26.46493151402941,6.495636627308331,gene,DHX36KO,DHX36KO,parallel,down,68,DHX36KO
38,-126.58227848101274,25.421842396703422,5.774518071164533,gene,DHX36KO,DHX36KO,parallel,down,68,DHX36KO
39,-75.94936708860769,26.297335086780436,5.714245812361887,gene,DHX36KO,DHX36KO,parallel,down,68,DHX36KO
40,-25.316455696202638,27.45788743194412,5.469989494933495,gene,DHX36KO,DHX36KO,parallel,down,68,DHX36KO
41,25.31645569620241,27.545842171942486,5.098011722390903,gene,DHX36KO,DHX36KO,parallel,down,68,DHX36KO
42,75.94936708860769,26.914466479046673,4.646288499438029,gene,DHX36KO,DHX36KO,parallel,down,68,DHX36KO
43,126.58227848101251,26.077051194578992,4.444653213535134,gene,DHX36KO,DHX36KO,parallel,down,68,DHX36KO
44,177.21518987341778,25.087799431786816,3.982362862327392,gene,DHX36KO,DHX36KO,parallel,down,68,DHX36KO
45,227.8481012658226,23.190732426561564,3.4978621193416775,gene,DHX36KO,DHX36KO,parallel,down,68,DHX36KO
46,278.4810126582279,22.315581470494177,3.4276853612775495,gene,DHX36KO,DHX36KO,parallel,down,68,DHX36KO
47,329.1139240506327,21.245647819743436,3.2526110434093063,gene,DHX36KO,DHX36KO,parallel,down,68,DHX36KO
48,379.746835443038,19.341948930387403,2.7229888991286892,gene,DHX36KO,DHX36KO,parallel,down,68,DHX36KO
49,430.37974683544326,16.71875663504881,2.2166373617570816,gene,DHX36KO,DHX36KO,parallel,down,68,DHX36KO
50,481.0126582278481,15.204229285974128,2.000691495847062,gene,DHX36KO,DHX36KO,parallel,down,68,DHX36KO
51,531.6455696202534,14.408486417929332,1.9164215981600339,gene,DHX36KO,DHX36KO,parallel,down,68,DHX36KO
52,582.2784810126582,14.214652623440704,2.0501784093862008,gene,DHX36KO,DHX36KO,parallel,down,68,DHX36KO
53,632.9113924050635,13.487255732241799,2.115244709494263,gene,DHX36KO,DHX36KO,parallel,down,68,DHX36KO
54,683.5443037974683,13.524869141602048,2.385370062593794,gene,DHX36KO,DHX36KO,parallel,down,68,DHX36KO
55,734.1772151898736,13.990576728535634,2.733119766987995,gene,DHX36KO,DHX36KO,parallel,down,68,DHX36KO
56,784.8101265822784,14.03844321959159,2.8971750713293356,gene,DHX36KO,DHX36KO,parallel,down,68,DHX36KO
57,835.4430379746836,13.918035308999174,3.0501340084338118,gene,DHX36KO,DHX36KO,parallel,down,68,DHX36KO
58,886.0759493670885,13.09748969492959,2.8352904874944986,gene,DHX36KO,DHX36KO,parallel,down,68,DHX36KO
59,936.7088607594937,11.52747882604599,2.4202661984898515,gene,DHX36KO,DHX36KO,parallel,down,68,DHX36KO
60,987.3417721518986,10.116898243801266,1.9232780361398019,gene,DHX36KO,DHX36KO,parallel,down,68,DHX36KO
61,1037.9746835443038,8.72770644678789,1.5618821820003952,gene,DHX36KO,DHX36KO,parallel,down,68,DHX36KO
62,1088.6075949367087,7.604788192136615,1.1582225080554271,gene,DHX36KO,DHX36KO,parallel,down,68,DHX36KO
63,1139.240506329114,6.988467712659462,1.0261921518887667,gene,DHX36KO,DHX36KO,parallel,down,68,DHX36KO
64,1189.8734177215188,6.85286617494097,1.0661151813843126,gene,DHX36KO,DHX36KO,parallel,down,68,DHX36KO
65,1240.506329113924,6.961686358147976,1.1729736799542336,gene,DHX36KO,DHX36KO,parallel,down,68,DHX36KO
66,1291.1392405063293,6.739380487729521,1.1832138809747232,gene,DHX36KO,DHX36KO,parallel,down,68,DHX36KO
67,1341.7721518987341,6.775920166887489,1.3381216027370295,gene,DHX36KO,DHX36KO,parallel,down,68,DHX36KO
68,1392.4050632911394,6.6212299999769995,1.4165644916958677,gene,DHX36KO,DHX36KO,parallel,down,68,DHX36KO
69,1443.0379746835442,6.4811316593137445,1.4720614122617433,gene,DHX36KO,DHX36KO,parallel,down,68,DHX36KO
70,1493.6708860759495,6.412706679655057,1.2951537446633385,gene,DHX36KO,DHX36KO,parallel,down,68,DHX36KO
71,1544.3037974683543,6.072350281056235,1.0483724007210358,gene,DHX36KO,DHX36KO,parallel,down,68,DHX36KO
72,1594.9367088607596,5.861792408660346,0.924548990314427,gene,DHX36KO,DHX36KO,parallel,down,68,DHX36KO
73,1645.5696202531644,5.87916986133538,0.9549276837984226,gene,DHX36KO,DHX36KO,parallel,down,68,DHX36KO
74,1696.2025316455697,5.6388720156164736,0.9948414762904161,gene,DHX36KO,DHX36KO,parallel,down,68,DHX36KO
75,1746.8354430379745,5.560600744065116,0.9706503840788686,gene,DHX36KO,DHX36KO,parallel,down,68,DHX36KO
76,1797.4683544303798,5.290184604969679,0.8605650646864432,gene,DHX36KO,DHX36KO,parallel,down,68,DHX36KO
77,1848.1012658227846,5.004926867227928,0.7852094874595725,gene,DHX36KO,DHX36KO,parallel,down,68,DHX36KO
78,1898.73417721519,4.8934265504046985,0.7662643610138585,gene,DHX36KO,DHX36KO,parallel,down,68,DHX36KO
79,1949.3670886075947,4.86745370342451,0.7696244979516336,gene,DHX36KO,DHX36KO,parallel,down,68,DHX36KO
80,2000,4.842758159543954,0.7499236293510808,gene,DHX36KO,DHX36KO,parallel,down,68,DHX36KO
1,-2000,4.307299367984136,1.1770409346573367,gene,DHX36KO,DHX36KO,antiparallel,down,6,DHX36KO
2,-1949.367088607595,3.94748096982638,1.20659532010247,gene,DHX36KO,DHX36KO,antiparallel,down,6,DHX36KO
3,-1898.73417721519,2.8770343907674154,0.6529987330637758,gene,DHX36KO,DHX36KO,antiparallel,down,6,DHX36KO
4,-1848.1012658227849,2.7843697738647464,0.6360456595866678,gene,DHX36KO,DHX36KO,antiparallel,down,6,DHX36KO
5,-1797.4683544303798,2.716728578408559,0.5197870086133274,gene,DHX36KO,DHX36KO,antiparallel,down,6,DHX36KO
6,-1746.8354430379748,2.7307932011286415,0.634566672900476,gene,DHX36KO,DHX36KO,antiparallel,down,6,DHX36KO
7,-1696.2025316455697,2.722486957973904,1.2576709710187108,gene,DHX36KO,DHX36KO,antiparallel,down,6,DHX36KO
8,-1645.5696202531644,3.8805711180633966,1.3102182900109856,gene,DHX36KO,DHX36KO,antiparallel,down,6,DHX36KO
9,-1594.9367088607596,4.029120817846722,1.1993660051290105,gene,DHX36KO,DHX36KO,antiparallel,down,6,DHX36KO
10,-1544.3037974683543,5.064937751293183,1.658531962793003,gene,DHX36KO,DHX36KO,antiparallel,down,6,DHX36KO
11,-1493.6708860759495,6.76310574359364,2.5752889227899245,gene,DHX36KO,DHX36KO,antiparallel,down,6,DHX36KO
12,-1443.0379746835442,7.74446078936259,3.5259359004282067,gene,DHX36KO,DHX36KO,antiparallel,down,6,DHX36KO
13,-1392.4050632911392,8.500552707513172,3.9256079406173137,gene,DHX36KO,DHX36KO,antiparallel,down,6,DHX36KO
14,-1341.7721518987341,10.036842195192973,4.527053871221693,gene,DHX36KO,DHX36KO,antiparallel,down,6,DHX36KO
15,-1291.139240506329,12.122571409013537,5.4078942959401095,gene,DHX36KO,DHX36KO,antiparallel,down,6,DHX36KO
16,-1240.506329113924,13.224296265708075,6.0348469263188464,gene,DHX36KO,DHX36KO,antiparallel,down,6,DHX36KO
17,-1189.873417721519,13.560124580860139,6.408225505373471,gene,DHX36KO,DHX36KO,antiparallel,down,6,DHX36KO
18,-1139.240506329114,12.345300970077515,5.917045263004984,gene,DHX36KO,DHX36KO,antiparallel,down,6,DHX36KO
19,-1088.607594936709,10.865551163885328,5.056535132682885,gene,DHX36KO,DHX36KO,antiparallel,down,6,DHX36KO
20,-1037.9746835443038,10.929436575836606,4.614299904314472,gene,DHX36KO,DHX36KO,antiparallel,down,6,DHX36KO
21,-987.3417721518988,11.165491615666284,4.562873045433814,gene,DHX36KO,DHX36KO,antiparallel,down,6,DHX36KO
22,-936.7088607594937,12.153196449544694,5.491843205896994,gene,DHX36KO,DHX36KO,antiparallel,down,6,DHX36KO
23,-886.0759493670887,13.220806824366251,5.777542040660985,gene,DHX36KO,DHX36KO,antiparallel,down,6,DHX36KO
24,-835.4430379746836,14.240190743340387,6.027015386676637,gene,DHX36KO,DHX36KO,antiparallel,down,6,DHX36KO
25,-784.8101265822784,15.743196000523037,7.36907268088532,gene,DHX36KO,DHX36KO,antiparallel,down,6,DHX36KO
26,-734.1772151898733,17.360795010195837,7.980342348871741,gene,DHX36KO,DHX36KO,antiparallel,down,6,DHX36KO
27,-683.5443037974683,18.624356514877743,8.165970017391626,gene,DHX36KO,DHX36KO,antiparallel,down,6,DHX36KO
28,-632.9113924050632,19.21197448465559,8.518350057758678,gene,DHX36KO,DHX36KO,antiparallel,down,6,DHX36KO
29,-582.2784810126582,19.267797643873426,7.834691561856777,gene,DHX36KO,DHX36KO,antiparallel,down,6,DHX36KO
30,-531.6455696202531,20.85471303065618,8.306982283938213,gene,DHX36KO,DHX36KO,antiparallel,down,6,DHX36KO
31,-481.0126582278481,24.86523781908883,10.14054952052829,gene,DHX36KO,DHX36KO,antiparallel,down,6,DHX36KO
32,-430.37974683544303,29.405437410142685,12.548973122131322,gene,DHX36KO,DHX36KO,antiparallel,down,6,DHX36KO
33,-379.746835443038,37.31780096054077,16.943923044160794,gene,DHX36KO,DHX36KO,antiparallel,down,6,DHX36KO
34,-329.11392405063293,40.60482361449136,19.96181199213628,gene,DHX36KO,DHX36KO,antiparallel,down,6,DHX36KO
35,-278.4810126582279,38.61441676775615,20.801749909037216,gene,DHX36KO,DHX36KO,antiparallel,down,6,DHX36KO
36,-227.84810126582283,32.863289244969685,17.52460566342662,gene,DHX36KO,DHX36KO,antiparallel,down,6,DHX36KO
37,-177.21518987341778,25.935678281254237,12.615575708840819,gene,DHX36KO,DHX36KO,antiparallel,down,6,DHX36KO
38,-126.58227848101274,21.775224007235632,10.59765969249159,gene,DHX36KO,DHX36KO,antiparallel,down,6,DHX36KO
39,-75.94936708860769,21.34405072848002,9.971364302431299,gene,DHX36KO,DHX36KO,antiparallel,down,6,DHX36KO
40,-25.316455696202638,21.176533626450436,9.321814290071368,gene,DHX36KO,DHX36KO,antiparallel,down,6,DHX36KO
41,25.31645569620241,18.73471611102422,7.097813409689242,gene,DHX36KO,DHX36KO,antiparallel,down,6,DHX36KO
42,75.94936708860769,12.653693175580766,2.803997772643292,gene,DHX36KO,DHX36KO,antiparallel,down,6,DHX36KO
43,126.58227848101251,11.853448686069912,2.4310410817224777,gene,DHX36KO,DHX36KO,antiparallel,down,6,DHX36KO
44,177.21518987341778,11.009728291564517,2.3785122285409597,gene,DHX36KO,DHX36KO,antiparallel,down,6,DHX36KO
45,227.8481012658226,10.000295258098179,2.3003553895981743,gene,DHX36KO,DHX36KO,antiparallel,down,6,DHX36KO
46,278.4810126582279,8.483217017120785,2.0353985208690926,gene,DHX36KO,DHX36KO,antiparallel,down,6,DHX36KO
47,329.1139240506327,6.679001242584652,1.8862389145080072,gene,DHX36KO,DHX36KO,antiparallel,down,6,DHX36KO
48,379.746835443038,6.226563560697767,2.0671693631599224,gene,DHX36KO,DHX36KO,antiparallel,down,6,DHX36KO
49,430.37974683544326,6.144631433486938,2.2703889696141366,gene,DHX36KO,DHX36KO,antiparallel,down,6,DHX36KO
50,481.0126582278481,6.392822744051616,2.273642216394458,gene,DHX36KO,DHX36KO,antiparallel,down,6,DHX36KO
51,531.6455696202534,7.004718701574538,2.820709376810083,gene,DHX36KO,DHX36KO,antiparallel,down,6,DHX36KO
52,582.2784810126582,7.90364271349377,3.9996877069499384,gene,DHX36KO,DHX36KO,antiparallel,down,6,DHX36KO
53,632.9113924050635,9.848096572558086,5.9498645092475,gene,DHX36KO,DHX36KO,antiparallel,down,6,DHX36KO
54,683.5443037974683,10.915993569956886,7.126587039294956,gene,DHX36KO,DHX36KO,antiparallel,down,6,DHX36KO
55,734.1772151898736,10.513106383217705,6.6294786337970475,gene,DHX36KO,DHX36KO,antiparallel,down,6,DHX36KO
56,784.8101265822784,8.935281143453386,5.441754860087743,gene,DHX36KO,DHX36KO,antiparallel,down,6,DHX36KO
57,835.4430379746836,7.5158734175893995,4.474539924505627,gene,DHX36KO,DHX36KO,antiparallel,down,6,DHX36KO
58,886.0759493670885,6.812425168090397,3.9629132167560828,gene,DHX36KO,DHX36KO,antiparallel,down,6,DHX36KO
59,936.7088607594937,5.761141200330522,3.2062799482090973,gene,DHX36KO,DHX36KO,antiparallel,down,6,DHX36KO
60,987.3417721518986,5.464236239592234,2.854756613020752,gene,DHX36KO,DHX36KO,antiparallel,down,6,DHX36KO
61,1037.9746835443038,4.864161820809047,2.292930438171966,gene,DHX36KO,DHX36KO,antiparallel,down,6,DHX36KO
62,1088.6075949367087,4.028272742430369,1.6884466909529363,gene,DHX36KO,DHX36KO,antiparallel,down,6,DHX36KO
63,1139.240506329114,3.8255997947851816,2.0205268842419453,gene,DHX36KO,DHX36KO,antiparallel,down,6,DHX36KO
64,1189.8734177215188,3.809981597794427,2.220527695643382,gene,DHX36KO,DHX36KO,antiparallel,down,6,DHX36KO
65,1240.506329113924,4.072054895957311,2.3175352047064286,gene,DHX36KO,DHX36KO,antiparallel,down,6,DHX36KO
66,1291.1392405063293,3.6766167924139235,1.94672969028698,gene,DHX36KO,DHX36KO,antiparallel,down,6,DHX36KO
67,1341.7721518987341,3.115333284669452,1.2359489620311748,gene,DHX36KO,DHX36KO,antiparallel,down,6,DHX36KO
68,1392.4050632911394,2.9698941576480866,1.171948599984219,gene,DHX36KO,DHX36KO,antiparallel,down,6,DHX36KO
69,1443.0379746835442,3.408562957180871,1.267299694854794,gene,DHX36KO,DHX36KO,antiparallel,down,6,DHX36KO
70,1493.6708860759495,3.974352361493641,1.306202161031157,gene,DHX36KO,DHX36KO,antiparallel,down,6,DHX36KO
71,1544.3037974683543,3.4984553980827333,1.090492702009986,gene,DHX36KO,DHX36KO,antiparallel,down,6,DHX36KO
72,1594.9367088607596,3.445779871675703,1.176556281500645,gene,DHX36KO,DHX36KO,antiparallel,down,6,DHX36KO
73,1645.5696202531644,3.4727257119284736,1.1309402401325954,gene,DHX36KO,DHX36KO,antiparallel,down,6,DHX36KO
74,1696.2025316455697,3.040832855966356,1.2204095308702056,gene,DHX36KO,DHX36KO,antiparallel,down,6,DHX36KO
75,1746.8354430379745,2.461037877135807,1.0893101621690144,gene,DHX36KO,DHX36KO,antiparallel,down,6,DHX36KO
76,1797.4683544303798,2.3374429451094736,0.835082488935351,gene,DHX36KO,DHX36KO,antiparallel,down,6,DHX36KO
77,1848.1012658227846,2.184291562769148,0.8047772505734317,gene,DHX36KO,DHX36KO,antiparallel,down,6,DHX36KO
78,1898.73417721519,2.3346949333614773,0.7003185584698077,gene,DHX36KO,DHX36KO,antiparallel,down,6,DHX36KO
79,1949.3670886075947,2.4628628677792017,0.7397762493937745,gene,DHX36KO,DHX36KO,antiparallel,down,6,DHX36KO
80,2000,2.406884276072184,0.792374303155028,gene,DHX36KO,DHX36KO,antiparallel,down,6,DHX36KO
1,-2000,10.111635204202988,3.855439846646434,gene,DHX36KO,DHX36KO,hybrid,up,17,DHX36KO
2,-1949.367088607595,10.187388717333477,3.88750065865376,gene,DHX36KO,DHX36KO,hybrid,up,17,DHX36KO
3,-1898.73417721519,10.828838609059652,4.106978565722864,gene,DHX36KO,DHX36KO,hybrid,up,17,DHX36KO
4,-1848.1012658227849,11.443805064500546,4.299177798156985,gene,DHX36KO,DHX36KO,hybrid,up,17,DHX36KO
5,-1797.4683544303798,11.946487743714277,4.795965351042094,gene,DHX36KO,DHX36KO,hybrid,up,17,DHX36KO
6,-1746.8354430379748,12.826502615610758,5.7368034801103756,gene,DHX36KO,DHX36KO,hybrid,up,17,DHX36KO
7,-1696.2025316455697,12.882906566788169,6.620897010942299,gene,DHX36KO,DHX36KO,hybrid,up,17,DHX36KO
8,-1645.5696202531644,11.447580424430324,5.842135155546802,gene,DHX36KO,DHX36KO,hybrid,up,17,DHX36KO
9,-1594.9367088607596,9.557395726372214,4.000460991886156,gene,DHX36KO,DHX36KO,hybrid,up,17,DHX36KO
10,-1544.3037974683543,8.277654699157265,3.04861500359339,gene,DHX36KO,DHX36KO,hybrid,up,17,DHX36KO
11,-1493.6708860759495,7.539101506308013,2.67365200266095,gene,DHX36KO,DHX36KO,hybrid,up,17,DHX36KO
12,-1443.0379746835442,7.401974092932308,2.6429588895237672,gene,DHX36KO,DHX36KO,hybrid,up,17,DHX36KO
13,-1392.4050632911392,7.328265493710836,2.6777205070704952,gene,DHX36KO,DHX36KO,hybrid,up,17,DHX36KO
14,-1341.7721518987341,6.501454720076392,2.1077289292773704,gene,DHX36KO,DHX36KO,hybrid,up,17,DHX36KO
15,-1291.139240506329,6.404031250149596,1.8421910864170268,gene,DHX36KO,DHX36KO,hybrid,up,17,DHX36KO
16,-1240.506329113924,6.40491665166967,1.7764586475862547,gene,DHX36KO,DHX36KO,hybrid,up,17,DHX36KO
17,-1189.873417721519,6.44327834335028,1.6604282518144693,gene,DHX36KO,DHX36KO,hybrid,up,17,DHX36KO
18,-1139.240506329114,5.886787323110243,1.5037531724889135,gene,DHX36KO,DHX36KO,hybrid,up,17,DHX36KO
19,-1088.607594936709,5.463942069493088,1.1536923630739164,gene,DHX36KO,DHX36KO,hybrid,up,17,DHX36KO
20,-1037.9746835443038,5.384188822390986,1.2271418159435201,gene,DHX36KO,DHX36KO,hybrid,up,17,DHX36KO
21,-987.3417721518988,5.143324968861599,1.1759586196268172,gene,DHX36KO,DHX36KO,hybrid,up,17,DHX36KO
22,-936.7088607594937,4.904998970919964,1.0502450241127055,gene,DHX36KO,DHX36KO,hybrid,up,17,DHX36KO
23,-886.0759493670887,4.9563150620928,0.8977349881574984,gene,DHX36KO,DHX36KO,hybrid,up,17,DHX36KO
24,-835.4430379746836,5.002869358343236,0.804901425157181,gene,DHX36KO,DHX36KO,hybrid,up,17,DHX36KO
25,-784.8101265822784,4.819725209497938,0.7764754297714693,gene,DHX36KO,DHX36KO,hybrid,up,17,DHX36KO
26,-734.1772151898733,5.004702561602873,0.815955609092597,gene,DHX36KO,DHX36KO,hybrid,up,17,DHX36KO
27,-683.5443037974683,4.852050002135482,0.9481940769617656,gene,DHX36KO,DHX36KO,hybrid,up,17,DHX36KO
28,-632.9113924050632,5.072174340322905,1.184295326331707,gene,DHX36KO,DHX36KO,hybrid,up,17,DHX36KO
29,-582.2784810126582,5.890776930322835,1.5212313608941623,gene,DHX36KO,DHX36KO,hybrid,up,17,DHX36KO
30,-531.6455696202531,7.524082256391937,1.971022302062756,gene,DHX36KO,DHX36KO,hybrid,up,17,DHX36KO
31,-481.0126582278481,10.011212566413132,3.365408284367585,gene,DHX36KO,DHX36KO,hybrid,up,17,DHX36KO
32,-430.37974683544303,11.341228124300638,4.110187744957978,gene,DHX36KO,DHX36KO,hybrid,up,17,DHX36KO
33,-379.746835443038,12.686456355300605,4.7145150705433965,gene,DHX36KO,DHX36KO,hybrid,up,17,DHX36KO
34,-329.11392405063293,14.131493277129005,5.518058617624473,gene,DHX36KO,DHX36KO,hybrid,up,17,DHX36KO
35,-278.4810126582279,17.015136465278328,6.912553971262295,gene,DHX36KO,DHX36KO,hybrid,up,17,DHX36KO
36,-227.84810126582283,20.225875950888092,9.653277484334328,gene,DHX36KO,DHX36KO,hybrid,up,17,DHX36KO
37,-177.21518987341778,22.83946975745407,12.435057117216964,gene,DHX36KO,DHX36KO,hybrid,up,17,DHX36KO
38,-126.58227848101274,24.28828831130383,14.237498461946343,gene,DHX36KO,DHX36KO,hybrid,up,17,DHX36KO
39,-75.94936708860769,25.022395854744257,14.73963080535614,gene,DHX36KO,DHX36KO,hybrid,up,17,DHX36KO
40,-25.316455696202638,26.310249086080812,14.656751776115085,gene,DHX36KO,DHX36KO,hybrid,up,17,DHX36KO
41,25.31645569620241,26.71377604746351,13.824777076329182,gene,DHX36KO,DHX36KO,hybrid,up,17,DHX36KO
42,75.94936708860769,26.615929056709888,11.859930043095508,gene,DHX36KO,DHX36KO,hybrid,up,17,DHX36KO
43,126.58227848101251,25.038414666886425,9.633406543024558,gene,DHX36KO,DHX36KO,hybrid,up,17,DHX36KO
44,177.21518987341778,21.02289673982882,6.145637091533877,gene,DHX36KO,DHX36KO,hybrid,up,17,DHX36KO
45,227.8481012658226,20.43591275514341,4.862866795781579,gene,DHX36KO,DHX36KO,hybrid,up,17,DHX36KO
46,278.4810126582279,19.150502045575312,4.384977295543709,gene,DHX36KO,DHX36KO,hybrid,up,17,DHX36KO
47,329.1139240506327,17.550863650172364,3.857424048180416,gene,DHX36KO,DHX36KO,hybrid,up,17,DHX36KO
48,379.746835443038,16.47397753238678,3.699726289151647,gene,DHX36KO,DHX36KO,hybrid,up,17,DHX36KO
49,430.37974683544326,15.25999252057543,3.2911290811322025,gene,DHX36KO,DHX36KO,hybrid,up,17,DHX36KO
50,481.0126582278481,14.585140119066425,3.285262433504982,gene,DHX36KO,DHX36KO,hybrid,up,17,DHX36KO
51,531.6455696202534,13.402713329464781,3.4246150890453935,gene,DHX36KO,DHX36KO,hybrid,up,17,DHX36KO
52,582.2784810126582,12.817321062742495,3.641108219718467,gene,DHX36KO,DHX36KO,hybrid,up,17,DHX36KO
53,632.9113924050635,12.796849173284045,4.297514183157695,gene,DHX36KO,DHX36KO,hybrid,up,17,DHX36KO
54,683.5443037974683,12.764032731056213,4.72358399862324,gene,DHX36KO,DHX36KO,hybrid,up,17,DHX36KO
55,734.1772151898736,13.013300501318538,4.627772565734232,gene,DHX36KO,DHX36KO,hybrid,up,17,DHX36KO
56,784.8101265822784,12.192417719317417,4.1281407205020795,gene,DHX36KO,DHX36KO,hybrid,up,17,DHX36KO
57,835.4430379746836,11.401561389904396,3.247968008051509,gene,DHX36KO,DHX36KO,hybrid,up,17,DHX36KO
58,886.0759493670885,10.824822920537462,2.729195557780277,gene,DHX36KO,DHX36KO,hybrid,up,17,DHX36KO
59,936.7088607594937,10.094447977776621,2.3648580797529535,gene,DHX36KO,DHX36KO,hybrid,up,17,DHX36KO
60,987.3417721518986,10.167433043788462,2.3406366559504486,gene,DHX36KO,DHX36KO,hybrid,up,17,DHX36KO
61,1037.9746835443038,10.363301765124003,2.4402201881517804,gene,DHX36KO,DHX36KO,hybrid,up,17,DHX36KO
62,1088.6075949367087,9.721882932373122,2.5877171143328623,gene,DHX36KO,DHX36KO,hybrid,up,17,DHX36KO
63,1139.240506329114,9.125376590186475,2.6002082378639666,gene,DHX36KO,DHX36KO,hybrid,up,17,DHX36KO
64,1189.8734177215188,8.411874657799215,2.604885072248021,gene,DHX36KO,DHX36KO,hybrid,up,17,DHX36KO
65,1240.506329113924,7.531739782352074,2.1670107798649316,gene,DHX36KO,DHX36KO,hybrid,up,17,DHX36KO
66,1291.1392405063293,6.687318654668098,1.8457982186084723,gene,DHX36KO,DHX36KO,hybrid,up,17,DHX36KO
67,1341.7721518987341,6.190994129928888,1.598802526013487,gene,DHX36KO,DHX36KO,hybrid,up,17,DHX36KO
68,1392.4050632911394,5.488151053400601,1.407645777405716,gene,DHX36KO,DHX36KO,hybrid,up,17,DHX36KO
69,1443.0379746835442,4.588917750237035,1.2151154026058766,gene,DHX36KO,DHX36KO,hybrid,up,17,DHX36KO
70,1493.6708860759495,3.873738826209424,0.9309406874773378,gene,DHX36KO,DHX36KO,hybrid,up,17,DHX36KO
71,1544.3037974683543,3.7587901264078476,0.9155573957940257,gene,DHX36KO,DHX36KO,hybrid,up,17,DHX36KO
72,1594.9367088607596,3.850977239936006,0.9499343000749316,gene,DHX36KO,DHX36KO,hybrid,up,17,DHX36KO
73,1645.5696202531644,3.959059818492216,0.9922304978536602,gene,DHX36KO,DHX36KO,hybrid,up,17,DHX36KO
74,1696.2025316455697,4.0747663309527375,1.0255189128363502,gene,DHX36KO,DHX36KO,hybrid,up,17,DHX36KO
75,1746.8354430379745,3.827029381078832,1.026984785627435,gene,DHX36KO,DHX36KO,hybrid,up,17,DHX36KO
76,1797.4683544303798,3.6322998639649033,1.1184137916764627,gene,DHX36KO,DHX36KO,hybrid,up,17,DHX36KO
77,1848.1012658227846,3.121073400880776,1.0068116009838515,gene,DHX36KO,DHX36KO,hybrid,up,17,DHX36KO
78,1898.73417721519,2.903159384587232,0.9625076689157337,gene,DHX36KO,DHX36KO,hybrid,up,17,DHX36KO
79,1949.3670886075947,2.9699787521362304,0.9902806845817225,gene,DHX36KO,DHX36KO,hybrid,up,17,DHX36KO
80,2000,3.362626926945705,1.2576725183812358,gene,DHX36KO,DHX36KO,hybrid,up,17,DHX36KO
1,-2000,9.646156419485044,3.846880999395907,gene,DHX36KO,DHX36KO,hybrid,down,13,DHX36KO
2,-1949.367088607595,8.764812441728054,3.6552169941702557,gene,DHX36KO,DHX36KO,hybrid,down,13,DHX36KO
3,-1898.73417721519,7.685889895512507,3.157359167243777,gene,DHX36KO,DHX36KO,hybrid,down,13,DHX36KO
4,-1848.1012658227849,7.483006828992795,3.1487919999839677,gene,DHX36KO,DHX36KO,hybrid,down,13,DHX36KO
5,-1797.4683544303798,6.52372536047911,2.6322473867118017,gene,DHX36KO,DHX36KO,hybrid,down,13,DHX36KO
6,-1746.8354430379748,5.923742622228769,1.9088878163614342,gene,DHX36KO,DHX36KO,hybrid,down,13,DHX36KO
7,-1696.2025316455697,5.499701281938798,1.5835174775879808,gene,DHX36KO,DHX36KO,hybrid,down,13,DHX36KO
8,-1645.5696202531644,5.829819471041361,1.6018163401596712,gene,DHX36KO,DHX36KO,hybrid,down,13,DHX36KO
9,-1594.9367088607596,6.677468477029067,2.362065704272686,gene,DHX36KO,DHX36KO,hybrid,down,13,DHX36KO
10,-1544.3037974683543,6.636492344538371,2.5003386585611183,gene,DHX36KO,DHX36KO,hybrid,down,13,DHX36KO
11,-1493.6708860759495,6.951492040952046,2.4102841050203585,gene,DHX36KO,DHX36KO,hybrid,down,13,DHX36KO
12,-1443.0379746835442,7.572306069594163,2.681396405786904,gene,DHX36KO,DHX36KO,hybrid,down,13,DHX36KO
13,-1392.4050632911392,8.121157139998216,2.891469671741129,gene,DHX36KO,DHX36KO,hybrid,down,13,DHX36KO
14,-1341.7721518987341,9.265176505064353,3.4614989529499947,gene,DHX36KO,DHX36KO,hybrid,down,13,DHX36KO
15,-1291.139240506329,10.331031276751787,3.982241375355515,gene,DHX36KO,DHX36KO,hybrid,down,13,DHX36KO
16,-1240.506329113924,10.933695109807527,4.648112763092974,gene,DHX36KO,DHX36KO,hybrid,down,13,DHX36KO
17,-1189.873417721519,11.271678120417473,5.011332760437342,gene,DHX36KO,DHX36KO,hybrid,down,13,DHX36KO
18,-1139.240506329114,12.129193507708035,5.424174454047909,gene,DHX36KO,DHX36KO,hybrid,down,13,DHX36KO
19,-1088.607594936709,13.098387158467219,6.0787320929849615,gene,DHX36KO,DHX36KO,hybrid,down,13,DHX36KO
20,-1037.9746835443038,14.891970508893332,6.88817290980187,gene,DHX36KO,DHX36KO,hybrid,down,13,DHX36KO
21,-987.3417721518988,16.039805506681784,7.268282177701437,gene,DHX36KO,DHX36KO,hybrid,down,13,DHX36KO
22,-936.7088607594937,18.057049716313678,8.35060829915108,gene,DHX36KO,DHX36KO,hybrid,down,13,DHX36KO
23,-886.0759493670887,19.11871077604783,9.076340300121691,gene,DHX36KO,DHX36KO,hybrid,down,13,DHX36KO
24,-835.4430379746836,17.23281427921393,8.147241092939757,gene,DHX36KO,DHX36KO,hybrid,down,13,DHX36KO
25,-784.8101265822784,16.137128356786874,7.214153375498971,gene,DHX36KO,DHX36KO,hybrid,down,13,DHX36KO
26,-734.1772151898733,15.070712743050013,6.21424184698608,gene,DHX36KO,DHX36KO,hybrid,down,13,DHX36KO
27,-683.5443037974683,15.09057554856325,5.254331914435572,gene,DHX36KO,DHX36KO,hybrid,down,13,DHX36KO
28,-632.9113924050632,15.169724104587848,4.307311395104707,gene,DHX36KO,DHX36KO,hybrid,down,13,DHX36KO
29,-582.2784810126582,16.69281217220502,4.077221606753263,gene,DHX36KO,DHX36KO,hybrid,down,13,DHX36KO
30,-531.6455696202531,20.322239672587468,4.313836346664236,gene,DHX36KO,DHX36KO,hybrid,down,13,DHX36KO
31,-481.0126582278481,21.85508555155534,4.790563602304433,gene,DHX36KO,DHX36KO,hybrid,down,13,DHX36KO
32,-430.37974683544303,23.833240775328417,5.322458308981984,gene,DHX36KO,DHX36KO,hybrid,down,13,DHX36KO
33,-379.746835443038,25.655150601374796,5.897755701078516,gene,DHX36KO,DHX36KO,hybrid,down,13,DHX36KO
34,-329.11392405063293,26.251938295608912,6.5871449374297075,gene,DHX36KO,DHX36KO,hybrid,down,13,DHX36KO
35,-278.4810126582279,27.46974984817016,7.8132733250881845,gene,DHX36KO,DHX36KO,hybrid,down,13,DHX36KO
36,-227.84810126582283,28.491476743893745,9.258753533632166,gene,DHX36KO,DHX36KO,hybrid,down,13,DHX36KO
37,-177.21518987341778,30.465691060775367,11.546109937932854,gene,DHX36KO,DHX36KO,hybrid,down,13,DHX36KO
38,-126.58227848101274,30.706342923824604,12.3919391641001,gene,DHX36KO,DHX36KO,hybrid,down,13,DHX36KO
39,-75.94936708860769,31.27311803243099,13.12454965081828,gene,DHX36KO,DHX36KO,hybrid,down,13,DHX36KO
40,-25.316455696202638,30.160137610435484,12.358031714332789,gene,DHX36KO,DHX36KO,hybrid,down,13,DHX36KO
41,25.31645569620241,28.46795807178204,11.345076562587337,gene,DHX36KO,DHX36KO,hybrid,down,13,DHX36KO
42,75.94936708860769,24.49888538819093,9.364027024237062,gene,DHX36KO,DHX36KO,hybrid,down,13,DHX36KO
43,126.58227848101251,20.704872570526906,7.509260847927217,gene,DHX36KO,DHX36KO,hybrid,down,13,DHX36KO
44,177.21518987341778,18.4469673319352,6.506979405251525,gene,DHX36KO,DHX36KO,hybrid,down,13,DHX36KO
45,227.8481012658226,16.578797029715318,5.460124644494018,gene,DHX36KO,DHX36KO,hybrid,down,13,DHX36KO
46,278.4810126582279,14.444430584173936,3.860854761371616,gene,DHX36KO,DHX36KO,hybrid,down,13,DHX36KO
47,329.1139240506327,12.284578119669206,2.893695708238528,gene,DHX36KO,DHX36KO,hybrid,down,13,DHX36KO
48,379.746835443038,10.630806763233283,2.381978296240893,gene,DHX36KO,DHX36KO,hybrid,down,13,DHX36KO
49,430.37974683544326,9.331955738312159,2.336497215311629,gene,DHX36KO,DHX36KO,hybrid,down,13,DHX36KO
50,481.0126582278481,9.514781948358584,2.535573116209656,gene,DHX36KO,DHX36KO,hybrid,down,13,DHX36KO
51,531.6455696202534,10.357266849248838,2.8842992814431963,gene,DHX36KO,DHX36KO,hybrid,down,13,DHX36KO
52,582.2784810126582,9.954188962227258,2.8630344445002796,gene,DHX36KO,DHX36KO,hybrid,down,13,DHX36KO
53,632.9113924050635,10.840335161747076,3.559725640573613,gene,DHX36KO,DHX36KO,hybrid,down,13,DHX36KO
54,683.5443037974683,11.123822902777256,3.9636023397512914,gene,DHX36KO,DHX36KO,hybrid,down,13,DHX36KO
55,734.1772151898736,11.731760594783685,4.391390458299259,gene,DHX36KO,DHX36KO,hybrid,down,13,DHX36KO
56,784.8101265822784,12.019183235902052,4.4502902743411585,gene,DHX36KO,DHX36KO,hybrid,down,13,DHX36KO
57,835.4430379746836,12.121004434243227,4.440263654901939,gene,DHX36KO,DHX36KO,hybrid,down,13,DHX36KO
58,886.0759493670885,11.048920787786827,3.9250167601329182,gene,DHX36KO,DHX36KO,hybrid,down,13,DHX36KO
59,936.7088607594937,10.94736201616434,3.6471680243952544,gene,DHX36KO,DHX36KO,hybrid,down,13,DHX36KO
60,987.3417721518986,10.031214296145317,3.4146545532998394,gene,DHX36KO,DHX36KO,hybrid,down,13,DHX36KO
61,1037.9746835443038,10.5960519915972,3.6836843677081186,gene,DHX36KO,DHX36KO,hybrid,down,13,DHX36KO
62,1088.6075949367087,11.103614529524094,3.86721989523516,gene,DHX36KO,DHX36KO,hybrid,down,13,DHX36KO
63,1139.240506329114,10.820803951728038,4.289305645611603,gene,DHX36KO,DHX36KO,hybrid,down,13,DHX36KO
64,1189.8734177215188,10.367286617572491,4.693987934653499,gene,DHX36KO,DHX36KO,hybrid,down,13,DHX36KO
65,1240.506329113924,10.410550103309827,5.1715867555280575,gene,DHX36KO,DHX36KO,hybrid,down,13,DHX36KO
66,1291.1392405063293,10.496407976150513,5.489242691956923,gene,DHX36KO,DHX36KO,hybrid,down,13,DHX36KO
67,1341.7721518987341,9.538664997357587,5.570114372146854,gene,DHX36KO,DHX36KO,hybrid,down,13,DHX36KO
68,1392.4050632911394,9.21097229963694,5.294313922983342,gene,DHX36KO,DHX36KO,hybrid,down,13,DHX36KO
69,1443.0379746835442,8.70036246593182,4.796772529291741,gene,DHX36KO,DHX36KO,hybrid,down,13,DHX36KO
70,1493.6708860759495,7.986377650040846,4.028874654701993,gene,DHX36KO,DHX36KO,hybrid,down,13,DHX36KO
71,1544.3037974683543,8.305261281820444,3.8359789734820104,gene,DHX36KO,DHX36KO,hybrid,down,13,DHX36KO
72,1594.9367088607596,8.358853798523928,3.6370887874350877,gene,DHX36KO,DHX36KO,hybrid,down,13,DHX36KO
73,1645.5696202531644,8.702484050163855,3.555724525550023,gene,DHX36KO,DHX36KO,hybrid,down,13,DHX36KO
74,1696.2025316455697,7.181626805403294,2.4801956206759863,gene,DHX36KO,DHX36KO,hybrid,down,13,DHX36KO
75,1746.8354430379745,6.992364664566822,2.283026773931319,gene,DHX36KO,DHX36KO,hybrid,down,13,DHX36KO
76,1797.4683544303798,6.927607928300515,2.0480434159718595,gene,DHX36KO,DHX36KO,hybrid,down,13,DHX36KO
77,1848.1012658227846,6.729541906087826,2.059693665800275,gene,DHX36KO,DHX36KO,hybrid,down,13,DHX36KO
78,1898.73417721519,6.258949230511983,2.1146955623337025,gene,DHX36KO,DHX36KO,hybrid,down,13,DHX36KO
79,1949.3670886075947,5.831419442861508,2.1014985268215365,gene,DHX36KO,DHX36KO,hybrid,down,13,DHX36KO
80,2000,5.095916209220886,2.0380754636573655,gene,DHX36KO,DHX36KO,hybrid,down,13,DHX36KO
1,-2000,4.170537696530756,0.3544288239831276,gene,DHX36KO,DHX36KO,unfiltered,up,743,DHX36KO
2,-1949.367088607595,4.241955175176229,0.34430577154036796,gene,DHX36KO,DHX36KO,unfiltered,up,743,DHX36KO
3,-1898.73417721519,4.273669978422453,0.3207860624593394,gene,DHX36KO,DHX36KO,unfiltered,up,743,DHX36KO
4,-1848.1012658227849,4.238115580951542,0.29297046225718265,gene,DHX36KO,DHX36KO,unfiltered,up,743,DHX36KO
5,-1797.4683544303798,4.251956424151584,0.2929313191949119,gene,DHX36KO,DHX36KO,unfiltered,up,743,DHX36KO
6,-1746.8354430379748,4.312322145585471,0.3017972556389461,gene,DHX36KO,DHX36KO,unfiltered,up,743,DHX36KO
7,-1696.2025316455697,4.455860077404238,0.3231278604007333,gene,DHX36KO,DHX36KO,unfiltered,up,743,DHX36KO
8,-1645.5696202531644,4.509515451229758,0.33959478312339864,gene,DHX36KO,DHX36KO,unfiltered,up,743,DHX36KO
9,-1594.9367088607596,4.551069088436766,0.33821403686806073,gene,DHX36KO,DHX36KO,unfiltered,up,743,DHX36KO
10,-1544.3037974683543,4.6077336999117495,0.3507622286017466,gene,DHX36KO,DHX36KO,unfiltered,up,743,DHX36KO
11,-1493.6708860759495,4.647182620866997,0.40371877219415586,gene,DHX36KO,DHX36KO,unfiltered,up,743,DHX36KO
12,-1443.0379746835442,4.6820764850800005,0.434697986623513,gene,DHX36KO,DHX36KO,unfiltered,up,743,DHX36KO
13,-1392.4050632911392,4.710658976971809,0.4660493730280262,gene,DHX36KO,DHX36KO,unfiltered,up,743,DHX36KO
14,-1341.7721518987341,4.713352687282913,0.4737592718967172,gene,DHX36KO,DHX36KO,unfiltered,up,743,DHX36KO
15,-1291.139240506329,4.652224223491802,0.4296191712325333,gene,DHX36KO,DHX36KO,unfiltered,up,743,DHX36KO
16,-1240.506329113924,4.715454204207635,0.388159175770815,gene,DHX36KO,DHX36KO,unfiltered,up,743,DHX36KO
17,-1189.873417721519,4.598249859299666,0.34311070441628316,gene,DHX36KO,DHX36KO,unfiltered,up,743,DHX36KO
18,-1139.240506329114,4.531457861667794,0.33944026558459583,gene,DHX36KO,DHX36KO,unfiltered,up,743,DHX36KO
19,-1088.607594936709,4.526360461342864,0.35624790968550907,gene,DHX36KO,DHX36KO,unfiltered,up,743,DHX36KO
20,-1037.9746835443038,4.526499741388683,0.37818326956290854,gene,DHX36KO,DHX36KO,unfiltered,up,743,DHX36KO
21,-987.3417721518988,4.637099413448195,0.4095827542471503,gene,DHX36KO,DHX36KO,unfiltered,up,743,DHX36KO
22,-936.7088607594937,4.759026998824312,0.4374256844363926,gene,DHX36KO,DHX36KO,unfiltered,up,743,DHX36KO
23,-886.0759493670887,4.816975839294196,0.44494080896508703,gene,DHX36KO,DHX36KO,unfiltered,up,743,DHX36KO
24,-835.4430379746836,4.86394746801467,0.42867580866025357,gene,DHX36KO,DHX36KO,unfiltered,up,743,DHX36KO
25,-784.8101265822784,4.919220899938735,0.42513260128928615,gene,DHX36KO,DHX36KO,unfiltered,up,743,DHX36KO
26,-734.1772151898733,4.905375408683459,0.42433353952871683,gene,DHX36KO,DHX36KO,unfiltered,up,743,DHX36KO
27,-683.5443037974683,4.87258878345498,0.42137891120084264,gene,DHX36KO,DHX36KO,unfiltered,up,743,DHX36KO
28,-632.9113924050632,4.800719837815091,0.40112088430145726,gene,DHX36KO,DHX36KO,unfiltered,up,743,DHX36KO
29,-582.2784810126582,4.831824179839104,0.39456848100443764,gene,DHX36KO,DHX36KO,unfiltered,up,743,DHX36KO
30,-531.6455696202531,4.789383023160624,0.391178575867948,gene,DHX36KO,DHX36KO,unfiltered,up,743,DHX36KO
31,-481.0126582278481,4.8869858834143445,0.40757788018064184,gene,DHX36KO,DHX36KO,unfiltered,up,743,DHX36KO
32,-430.37974683544303,4.925727185933458,0.4430179544745683,gene,DHX36KO,DHX36KO,unfiltered,up,743,DHX36KO
33,-379.746835443038,5.159863165966221,0.5343666826085118,gene,DHX36KO,DHX36KO,unfiltered,up,743,DHX36KO
34,-329.11392405063293,5.399239923645959,0.6297413751861088,gene,DHX36KO,DHX36KO,unfiltered,up,743,DHX36KO
35,-278.4810126582279,5.744648247945999,0.6917219585711875,gene,DHX36KO,DHX36KO,unfiltered,up,743,DHX36KO
36,-227.84810126582283,6.030649513282707,0.7173810160933429,gene,DHX36KO,DHX36KO,unfiltered,up,743,DHX36KO
37,-177.21518987341778,6.1166393840382485,0.6944808281485043,gene,DHX36KO,DHX36KO,unfiltered,up,743,DHX36KO
38,-126.58227848101274,6.010587396707273,0.6295771087296836,gene,DHX36KO,DHX36KO,unfiltered,up,743,DHX36KO
39,-75.94936708860769,5.863725089116608,0.5796548996063652,gene,DHX36KO,DHX36KO,unfiltered,up,743,DHX36KO
40,-25.316455696202638,5.8683436504550555,0.5640604769922787,gene,DHX36KO,DHX36KO,unfiltered,up,743,DHX36KO
41,25.31645569620241,5.765694961211991,0.5288586810025651,gene,DHX36KO,DHX36KO,unfiltered,up,743,DHX36KO
42,75.94936708860769,5.65591978381278,0.49229009720073846,gene,DHX36KO,DHX36KO,unfiltered,up,743,DHX36KO
43,126.58227848101251,5.572225918484247,0.44603228590714794,gene,DHX36KO,DHX36KO,unfiltered,up,743,DHX36KO
44,177.21518987341778,5.431126552049544,0.38989476666841105,gene,DHX36KO,DHX36KO,unfiltered,up,743,DHX36KO
45,227.8481012658226,5.294266854565793,0.3764457196294479,gene,DHX36KO,DHX36KO,unfiltered,up,743,DHX36KO
46,278.4810126582279,5.247434551686971,0.3825845705858207,gene,DHX36KO,DHX36KO,unfiltered,up,743,DHX36KO
47,329.1139240506327,5.163822886017525,0.3749763203810868,gene,DHX36KO,DHX36KO,unfiltered,up,743,DHX36KO
48,379.746835443038,5.2104607003117,0.37962053035855864,gene,DHX36KO,DHX36KO,unfiltered,up,743,DHX36KO
49,430.37974683544326,5.192893529088041,0.3723975181755572,gene,DHX36KO,DHX36KO,unfiltered,up,743,DHX36KO
50,481.0126582278481,5.026582713423421,0.35895288788984614,gene,DHX36KO,DHX36KO,unfiltered,up,743,DHX36KO
51,531.6455696202534,4.911656198375372,0.35615434301817606,gene,DHX36KO,DHX36KO,unfiltered,up,743,DHX36KO
52,582.2784810126582,4.9051134829908385,0.3668660715969057,gene,DHX36KO,DHX36KO,unfiltered,up,743,DHX36KO
53,632.9113924050635,4.892898552176021,0.3829861471631181,gene,DHX36KO,DHX36KO,unfiltered,up,743,DHX36KO
54,683.5443037974683,4.8204501614553505,0.38713989917699565,gene,DHX36KO,DHX36KO,unfiltered,up,743,DHX36KO
55,734.1772151898736,4.777776945079053,0.3759864687480587,gene,DHX36KO,DHX36KO,unfiltered,up,743,DHX36KO
56,784.8101265822784,4.738573137420665,0.34810335231989215,gene,DHX36KO,DHX36KO,unfiltered,up,743,DHX36KO
57,835.4430379746836,4.696584986682001,0.3210605018300598,gene,DHX36KO,DHX36KO,unfiltered,up,743,DHX36KO
58,886.0759493670885,4.531201467257329,0.29098217314761754,gene,DHX36KO,DHX36KO,unfiltered,up,743,DHX36KO
59,936.7088607594937,4.501566242576983,0.28691968909141136,gene,DHX36KO,DHX36KO,unfiltered,up,743,DHX36KO
60,987.3417721518986,4.4642104873404795,0.2963932006304614,gene,DHX36KO,DHX36KO,unfiltered,up,743,DHX36KO
61,1037.9746835443038,4.496928410027368,0.3570799715427349,gene,DHX36KO,DHX36KO,unfiltered,up,743,DHX36KO
62,1088.6075949367087,4.518910444193541,0.4064178595422952,gene,DHX36KO,DHX36KO,unfiltered,up,743,DHX36KO
63,1139.240506329114,4.488008863954813,0.4257972398629993,gene,DHX36KO,DHX36KO,unfiltered,up,743,DHX36KO
64,1189.8734177215188,4.563937407810627,0.44692011280224675,gene,DHX36KO,DHX36KO,unfiltered,up,743,DHX36KO
65,1240.506329113924,4.589485990153989,0.4372330854060473,gene,DHX36KO,DHX36KO,unfiltered,up,743,DHX36KO
66,1291.1392405063293,4.5267916341242955,0.3977855380388902,gene,DHX36KO,DHX36KO,unfiltered,up,743,DHX36KO
67,1341.7721518987341,4.480064897005629,0.35484262995022114,gene,DHX36KO,DHX36KO,unfiltered,up,743,DHX36KO
68,1392.4050632911394,4.394083294423507,0.3276662003008002,gene,DHX36KO,DHX36KO,unfiltered,up,743,DHX36KO
69,1443.0379746835442,4.2941067982564975,0.3153989476840294,gene,DHX36KO,DHX36KO,unfiltered,up,743,DHX36KO
70,1493.6708860759495,4.228541299676403,0.3170325022527901,gene,DHX36KO,DHX36KO,unfiltered,up,743,DHX36KO
71,1544.3037974683543,4.1446199601902025,0.3108468770756524,gene,DHX36KO,DHX36KO,unfiltered,up,743,DHX36KO
72,1594.9367088607596,4.177113811799687,0.34133201283637976,gene,DHX36KO,DHX36KO,unfiltered,up,743,DHX36KO
73,1645.5696202531644,4.300293228139574,0.38791149349054954,gene,DHX36KO,DHX36KO,unfiltered,up,743,DHX36KO
74,1696.2025316455697,4.333788000321164,0.422726960111855,gene,DHX36KO,DHX36KO,unfiltered,up,743,DHX36KO
75,1746.8354430379745,4.337999038573282,0.452389562428294,gene,DHX36KO,DHX36KO,unfiltered,up,743,DHX36KO
76,1797.4683544303798,4.365692370291941,0.45541191595238845,gene,DHX36KO,DHX36KO,unfiltered,up,743,DHX36KO
77,1848.1012658227846,4.3282207215201325,0.4433353323295721,gene,DHX36KO,DHX36KO,unfiltered,up,743,DHX36KO
78,1898.73417721519,4.385727134072871,0.4599427364401711,gene,DHX36KO,DHX36KO,unfiltered,up,743,DHX36KO
79,1949.3670886075947,4.2761688994901395,0.4048363568842115,gene,DHX36KO,DHX36KO,unfiltered,up,743,DHX36KO
80,2000,4.2269134615001365,0.363840898517706,gene,DHX36KO,DHX36KO,unfiltered,up,743,DHX36KO
1,-2000,4.552558786245786,0.3931395513427579,gene,DHX36KO,DHX36KO,unfiltered,down,586,DHX36KO
2,-1949.367088607595,4.428387057274988,0.3447152775287992,gene,DHX36KO,DHX36KO,unfiltered,down,586,DHX36KO
3,-1898.73417721519,4.3429794476388794,0.3268865560354043,gene,DHX36KO,DHX36KO,unfiltered,down,586,DHX36KO
4,-1848.1012658227849,4.259338615271327,0.31854324785043137,gene,DHX36KO,DHX36KO,unfiltered,down,586,DHX36KO
5,-1797.4683544303798,4.0704307057460145,0.3061009136510467,gene,DHX36KO,DHX36KO,unfiltered,down,586,DHX36KO
6,-1746.8354430379748,3.8417031396741734,0.2983610607421273,gene,DHX36KO,DHX36KO,unfiltered,down,586,DHX36KO
7,-1696.2025316455697,3.674397690822817,0.29752989625074505,gene,DHX36KO,DHX36KO,unfiltered,down,586,DHX36KO
8,-1645.5696202531644,3.6745879817036187,0.3179669240986621,gene,DHX36KO,DHX36KO,unfiltered,down,586,DHX36KO
9,-1594.9367088607596,3.689096494889967,0.3394445982383613,gene,DHX36KO,DHX36KO,unfiltered,down,586,DHX36KO
10,-1544.3037974683543,3.722344574686055,0.34903550127420535,gene,DHX36KO,DHX36KO,unfiltered,down,586,DHX36KO
11,-1493.6708860759495,3.7805593251692104,0.34506321025660097,gene,DHX36KO,DHX36KO,unfiltered,down,586,DHX36KO
12,-1443.0379746835442,3.832147067518539,0.3423682601938596,gene,DHX36KO,DHX36KO,unfiltered,down,586,DHX36KO
13,-1392.4050632911392,3.975278501294247,0.36134809742502594,gene,DHX36KO,DHX36KO,unfiltered,down,586,DHX36KO
14,-1341.7721518987341,4.14163217698058,0.41654031737479386,gene,DHX36KO,DHX36KO,unfiltered,down,586,DHX36KO
15,-1291.139240506329,4.1713008045497,0.4089645244802536,gene,DHX36KO,DHX36KO,unfiltered,down,586,DHX36KO
16,-1240.506329113924,4.073364051098693,0.4124385958105591,gene,DHX36KO,DHX36KO,unfiltered,down,586,DHX36KO
17,-1189.873417721519,4.00867716064328,0.4142718340194923,gene,DHX36KO,DHX36KO,unfiltered,down,586,DHX36KO
18,-1139.240506329114,3.9536446101181038,0.3960389180211692,gene,DHX36KO,DHX36KO,unfiltered,down,586,DHX36KO
19,-1088.607594936709,3.9280591142585832,0.3819044406245826,gene,DHX36KO,DHX36KO,unfiltered,down,586,DHX36KO
20,-1037.9746835443038,4.08060164291973,0.40805179331759134,gene,DHX36KO,DHX36KO,unfiltered,down,586,DHX36KO
21,-987.3417721518988,4.200473901719263,0.4450910812972612,gene,DHX36KO,DHX36KO,unfiltered,down,586,DHX36KO
22,-936.7088607594937,4.282867124041194,0.4597938494545238,gene,DHX36KO,DHX36KO,unfiltered,down,586,DHX36KO
23,-886.0759493670887,4.299305984060786,0.4522178891469304,gene,DHX36KO,DHX36KO,unfiltered,down,586,DHX36KO
24,-835.4430379746836,4.24673358771899,0.4238353138809609,gene,DHX36KO,DHX36KO,unfiltered,down,586,DHX36KO
25,-784.8101265822784,4.263490401500981,0.4055659492522994,gene,DHX36KO,DHX36KO,unfiltered,down,586,DHX36KO
26,-734.1772151898733,4.256033368371937,0.37801990495346893,gene,DHX36KO,DHX36KO,unfiltered,down,586,DHX36KO
27,-683.5443037974683,4.168625533407954,0.357688985064535,gene,DHX36KO,DHX36KO,unfiltered,down,586,DHX36KO
28,-632.9113924050632,4.141162976396682,0.34476519117407156,gene,DHX36KO,DHX36KO,unfiltered,down,586,DHX36KO
29,-582.2784810126582,4.138074859387526,0.33423095695254423,gene,DHX36KO,DHX36KO,unfiltered,down,586,DHX36KO
30,-531.6455696202531,4.1690737414550565,0.3357735039725484,gene,DHX36KO,DHX36KO,unfiltered,down,586,DHX36KO
31,-481.0126582278481,4.331866356774008,0.3548455621708898,gene,DHX36KO,DHX36KO,unfiltered,down,586,DHX36KO
32,-430.37974683544303,4.52308008882417,0.4087792161479778,gene,DHX36KO,DHX36KO,unfiltered,down,586,DHX36KO
33,-379.746835443038,4.926002708522424,0.580618956916223,gene,DHX36KO,DHX36KO,unfiltered,down,586,DHX36KO
34,-329.11392405063293,5.315799631009635,0.7323394713018204,gene,DHX36KO,DHX36KO,unfiltered,down,586,DHX36KO
35,-278.4810126582279,5.541032178997994,0.8524532068333602,gene,DHX36KO,DHX36KO,unfiltered,down,586,DHX36KO
36,-227.84810126582283,5.658511434665553,0.8955693536730962,gene,DHX36KO,DHX36KO,unfiltered,down,586,DHX36KO
37,-177.21518987341778,5.725592959762708,0.8847164233151255,gene,DHX36KO,DHX36KO,unfiltered,down,586,DHX36KO
38,-126.58227848101274,5.553659508550821,0.8115906651467536,gene,DHX36KO,DHX36KO,unfiltered,down,586,DHX36KO
39,-75.94936708860769,5.633893929945824,0.8154295796900393,gene,DHX36KO,DHX36KO,unfiltered,down,586,DHX36KO
40,-25.316455696202638,5.713057821737305,0.7909915978986686,gene,DHX36KO,DHX36KO,unfiltered,down,586,DHX36KO
41,25.31645569620241,5.636217201414718,0.7453628321668433,gene,DHX36KO,DHX36KO,unfiltered,down,586,DHX36KO
42,75.94936708860769,5.363874275243446,0.6787056302665319,gene,DHX36KO,DHX36KO,unfiltered,down,586,DHX36KO
43,126.58227848101251,5.182569482138712,0.6396405477195242,gene,DHX36KO,DHX36KO,unfiltered,down,586,DHX36KO
44,177.21518987341778,5.0147214903488555,0.5829155677776016,gene,DHX36KO,DHX36KO,unfiltered,down,586,DHX36KO
45,227.8481012658226,4.745169439213734,0.5185402553288108,gene,DHX36KO,DHX36KO,unfiltered,down,586,DHX36KO
46,278.4810126582279,4.545863561880643,0.49758042304079786,gene,DHX36KO,DHX36KO,unfiltered,down,586,DHX36KO
47,329.1139240506327,4.367478721614026,0.46955119408098206,gene,DHX36KO,DHX36KO,unfiltered,down,586,DHX36KO
48,379.746835443038,4.117526147224043,0.40462839030626013,gene,DHX36KO,DHX36KO,unfiltered,down,586,DHX36KO
49,430.37974683544326,3.8343586937831415,0.3394259504138501,gene,DHX36KO,DHX36KO,unfiltered,down,586,DHX36KO
50,481.0126582278481,3.6608700120857316,0.31090630209363945,gene,DHX36KO,DHX36KO,unfiltered,down,586,DHX36KO
51,531.6455696202534,3.6382058134008215,0.30184083199663775,gene,DHX36KO,DHX36KO,unfiltered,down,586,DHX36KO
52,582.2784810126582,3.6534140553539745,0.313586970761968,gene,DHX36KO,DHX36KO,unfiltered,down,586,DHX36KO
53,632.9113924050635,3.647761657342791,0.3237735428219646,gene,DHX36KO,DHX36KO,unfiltered,down,586,DHX36KO
54,683.5443037974683,3.7688981859542463,0.3566187285012279,gene,DHX36KO,DHX36KO,unfiltered,down,586,DHX36KO
55,734.1772151898736,3.9107097482830966,0.395956643498475,gene,DHX36KO,DHX36KO,unfiltered,down,586,DHX36KO
56,784.8101265822784,3.922348094952705,0.41040135966928976,gene,DHX36KO,DHX36KO,unfiltered,down,586,DHX36KO
57,835.4430379746836,3.9051167084433174,0.42279214615483535,gene,DHX36KO,DHX36KO,unfiltered,down,586,DHX36KO
58,886.0759493670885,3.7589758021932216,0.3944889491580409,gene,DHX36KO,DHX36KO,unfiltered,down,586,DHX36KO
59,936.7088607594937,3.6102182538065737,0.35420331273479055,gene,DHX36KO,DHX36KO,unfiltered,down,586,DHX36KO
60,987.3417721518986,3.5287115885174436,0.30994839491604287,gene,DHX36KO,DHX36KO,unfiltered,down,586,DHX36KO
61,1037.9746835443038,3.385984714635431,0.2801818754963102,gene,DHX36KO,DHX36KO,unfiltered,down,586,DHX36KO
62,1088.6075949367087,3.279735682165786,0.25438878842116314,gene,DHX36KO,DHX36KO,unfiltered,down,586,DHX36KO
63,1139.240506329114,3.208046096821898,0.25265373342766495,gene,DHX36KO,DHX36KO,unfiltered,down,586,DHX36KO
64,1189.8734177215188,3.2319979125465434,0.2572792863679626,gene,DHX36KO,DHX36KO,unfiltered,down,586,DHX36KO
65,1240.506329113924,3.2546955487703624,0.2642186890402544,gene,DHX36KO,DHX36KO,unfiltered,down,586,DHX36KO
66,1291.1392405063293,3.2737409550604757,0.2799915757765949,gene,DHX36KO,DHX36KO,unfiltered,down,586,DHX36KO
67,1341.7721518987341,3.2756820345605346,0.3078898129387309,gene,DHX36KO,DHX36KO,unfiltered,down,586,DHX36KO
68,1392.4050632911394,3.202820118909285,0.3065886252360518,gene,DHX36KO,DHX36KO,unfiltered,down,586,DHX36KO
69,1443.0379746835442,3.1335514209722275,0.2867498210713674,gene,DHX36KO,DHX36KO,unfiltered,down,586,DHX36KO
70,1493.6708860759495,3.044134210194355,0.23612583598185696,gene,DHX36KO,DHX36KO,unfiltered,down,586,DHX36KO
71,1544.3037974683543,2.9887402911831256,0.20601431475602824,gene,DHX36KO,DHX36KO,unfiltered,down,586,DHX36KO
72,1594.9367088607596,2.994543901547177,0.1985669602794087,gene,DHX36KO,DHX36KO,unfiltered,down,586,DHX36KO
73,1645.5696202531644,3.028440168705433,0.20811768820732585,gene,DHX36KO,DHX36KO,unfiltered,down,586,DHX36KO
74,1696.2025316455697,3.0123400832542546,0.2143910836144823,gene,DHX36KO,DHX36KO,unfiltered,down,586,DHX36KO
75,1746.8354430379745,3.012495435934905,0.2181610367221093,gene,DHX36KO,DHX36KO,unfiltered,down,586,DHX36KO
76,1797.4683544303798,3.0454611634609363,0.21290366733218366,gene,DHX36KO,DHX36KO,unfiltered,down,586,DHX36KO
77,1848.1012658227846,3.075175786246992,0.21028239077822783,gene,DHX36KO,DHX36KO,unfiltered,down,586,DHX36KO
78,1898.73417721519,3.141546979894921,0.21242139486294206,gene,DHX36KO,DHX36KO,unfiltered,down,586,DHX36KO
79,1949.3670886075947,3.1893120190215436,0.21418308062418395,gene,DHX36KO,DHX36KO,unfiltered,down,586,DHX36KO
80,2000,3.1950426524646205,0.2241283003441224,gene,DHX36KO,DHX36KO,unfiltered,down,586,DHX36KO
1,-2000,3.58301260299699,0.34045737067601245,fragment,dKO,WT,pooled,up,388,WT (dKO DEGs)
2,-1949.367088607595,3.5906185051460855,0.35269184115573704,fragment,dKO,WT,pooled,up,388,WT (dKO DEGs)
3,-1898.73417721519,3.6050544892430714,0.34309570397337374,fragment,dKO,WT,pooled,up,388,WT (dKO DEGs)
4,-1848.1012658227849,3.5258038681131048,0.3104834534961666,fragment,dKO,WT,pooled,up,388,WT (dKO DEGs)
5,-1797.4683544303798,3.5217541903748955,0.2846026208844679,fragment,dKO,WT,pooled,up,388,WT (dKO DEGs)
6,-1746.8354430379748,3.5247865794122832,0.2940723227436299,fragment,dKO,WT,pooled,up,388,WT (dKO DEGs)
7,-1696.2025316455697,3.493619256085137,0.31710873072790746,fragment,dKO,WT,pooled,up,388,WT (dKO DEGs)
8,-1645.5696202531644,3.5593781949953525,0.32467607294917306,fragment,dKO,WT,pooled,up,388,WT (dKO DEGs)
9,-1594.9367088607596,3.582275375342861,0.2924067634970696,fragment,dKO,WT,pooled,up,388,WT (dKO DEGs)
10,-1544.3037974683543,3.731092463021016,0.3353244035529732,fragment,dKO,WT,pooled,up,388,WT (dKO DEGs)
11,-1493.6708860759495,3.9617091001964515,0.4738690062019565,fragment,dKO,WT,pooled,up,388,WT (dKO DEGs)
12,-1443.0379746835442,4.233401602293617,0.5531653862171281,fragment,dKO,WT,pooled,up,388,WT (dKO DEGs)
13,-1392.4050632911392,4.441361047054074,0.6028231727427807,fragment,dKO,WT,pooled,up,388,WT (dKO DEGs)
14,-1341.7721518987341,4.59999503815297,0.6391801908777728,fragment,dKO,WT,pooled,up,388,WT (dKO DEGs)
15,-1291.139240506329,4.715237485047468,0.5963027895678821,fragment,dKO,WT,pooled,up,388,WT (dKO DEGs)
16,-1240.506329113924,4.716864056128407,0.4909735720000319,fragment,dKO,WT,pooled,up,388,WT (dKO DEGs)
17,-1189.873417721519,4.931170692046483,0.48315480032386293,fragment,dKO,WT,pooled,up,388,WT (dKO DEGs)
18,-1139.240506329114,5.225316694053178,0.5343041863457278,fragment,dKO,WT,pooled,up,388,WT (dKO DEGs)
19,-1088.607594936709,5.647250719775039,0.6158634518683205,fragment,dKO,WT,pooled,up,388,WT (dKO DEGs)
20,-1037.9746835443038,6.0245173278993756,0.694164692465784,fragment,dKO,WT,pooled,up,388,WT (dKO DEGs)
21,-987.3417721518988,6.235817283742207,0.7454110386237853,fragment,dKO,WT,pooled,up,388,WT (dKO DEGs)
22,-936.7088607594937,6.526594687333631,0.7682945510488115,fragment,dKO,WT,pooled,up,388,WT (dKO DEGs)
23,-886.0759493670887,6.954539154163751,0.7798002499056482,fragment,dKO,WT,pooled,up,388,WT (dKO DEGs)
24,-835.4430379746836,7.172947844047727,0.7331690985300898,fragment,dKO,WT,pooled,up,388,WT (dKO DEGs)
25,-784.8101265822784,7.5638591360718115,0.7316171457893708,fragment,dKO,WT,pooled,up,388,WT (dKO DEGs)
26,-734.1772151898733,7.623285769510924,0.697809128026282,fragment,dKO,WT,pooled,up,388,WT (dKO DEGs)
27,-683.5443037974683,7.6065096264073935,0.6520892468827978,fragment,dKO,WT,pooled,up,388,WT (dKO DEGs)
28,-632.9113924050632,7.682436073293391,0.6053385109437961,fragment,dKO,WT,pooled,up,388,WT (dKO DEGs)
29,-582.2784810126582,8.071717209025348,0.6155889749060978,fragment,dKO,WT,pooled,up,388,WT (dKO DEGs)
30,-531.6455696202531,8.591043390592759,0.6655000995868965,fragment,dKO,WT,pooled,up,388,WT (dKO DEGs)
31,-481.0126582278481,9.319445087713065,0.7529120577125232,fragment,dKO,WT,pooled,up,388,WT (dKO DEGs)
32,-430.37974683544303,9.786154701941202,0.8115261904405581,fragment,dKO,WT,pooled,up,388,WT (dKO DEGs)
33,-379.746835443038,10.113435800855921,0.8235932081499483,fragment,dKO,WT,pooled,up,388,WT (dKO DEGs)
34,-329.11392405063293,10.452704707646287,0.8311713159164392,fragment,dKO,WT,pooled,up,388,WT (dKO DEGs)
35,-278.4810126582279,11.039505293961243,0.8643949999978651,fragment,dKO,WT,pooled,up,388,WT (dKO DEGs)
36,-227.84810126582283,11.6562750808316,0.8877930292547397,fragment,dKO,WT,pooled,up,388,WT (dKO DEGs)
37,-177.21518987341778,12.240736029979699,0.9189575098441587,fragment,dKO,WT,pooled,up,388,WT (dKO DEGs)
38,-126.58227848101274,12.642625225071646,0.9337197091723798,fragment,dKO,WT,pooled,up,388,WT (dKO DEGs)
39,-75.94936708860769,12.908389254411063,0.9495306328241093,fragment,dKO,WT,pooled,up,388,WT (dKO DEGs)
40,-25.316455696202638,12.799100527011651,0.9312594310617218,fragment,dKO,WT,pooled,up,388,WT (dKO DEGs)
41,25.31645569620241,12.591276331324758,0.8907216537469443,fragment,dKO,WT,pooled,up,388,WT (dKO DEGs)
42,75.94936708860769,12.082716324464561,0.8281126015959642,fragment,dKO,WT,pooled,up,388,WT (dKO DEGs)
43,126.58227848101251,11.67277426846863,0.7599374611197864,fragment,dKO,WT,pooled,up,388,WT (dKO DEGs)
44,177.21518987341778,11.184228824481522,0.6799260326631683,fragment,dKO,WT,pooled,up,388,WT (dKO DEGs)
45,227.8481012658226,10.680857598523504,0.645583845917087,fragment,dKO,WT,pooled,up,388,WT (dKO DEGs)
46,278.4810126582279,10.358723728337239,0.6436108767186741,fragment,dKO,WT,pooled,up,388,WT (dKO DEGs)
47,329.1139240506327,10.05171881512678,0.6571722851992416,fragment,dKO,WT,pooled,up,388,WT (dKO DEGs)
48,379.746835443038,9.930920748770031,0.7050660116213319,fragment,dKO,WT,pooled,up,388,WT (dKO DEGs)
49,430.37974683544326,9.679598428258782,0.727880402737321,fragment,dKO,WT,pooled,up,388,WT (dKO DEGs)
50,481.0126582278481,9.365986405404163,0.7150398166050852,fragment,dKO,WT,pooled,up,388,WT (dKO DEGs)
51,531.6455696202534,8.940635408533808,0.680266562993373,fragment,dKO,WT,pooled,up,388,WT (dKO DEGs)
52,582.2784810126582,8.476954691913939,0.6586324485078553,fragment,dKO,WT,pooled,up,388,WT (dKO DEGs)
53,632.9113924050635,8.037717656413305,0.6487127426596896,fragment,dKO,WT,pooled,up,388,WT (dKO DEGs)
54,683.5443037974683,7.815260990507824,0.6569537694038267,fragment,dKO,WT,pooled,up,388,WT (dKO DEGs)
55,734.1772151898736,7.514757513297383,0.650123085944378,fragment,dKO,WT,pooled,up,388,WT (dKO DEGs)
56,784.8101265822784,7.157667406844519,0.6280991894312854,fragment,dKO,WT,pooled,up,388,WT (dKO DEGs)
57,835.4430379746836,6.881100815780384,0.6126003508504397,fragment,dKO,WT,pooled,up,388,WT (dKO DEGs)
58,886.0759493670885,6.475336331100398,0.5706791745681918,fragment,dKO,WT,pooled,up,388,WT (dKO DEGs)
59,936.7088607594937,6.025340263028325,0.5242153838079299,fragment,dKO,WT,pooled,up,388,WT (dKO DEGs)
60,987.3417721518986,5.547894012510162,0.47026550742912615,fragment,dKO,WT,pooled,up,388,WT (dKO DEGs)
61,1037.9746835443038,4.959235307254742,0.4124089792234743,fragment,dKO,WT,pooled,up,388,WT (dKO DEGs)
62,1088.6075949367087,4.625778035736576,0.3691681990229221,fragment,dKO,WT,pooled,up,388,WT (dKO DEGs)
63,1139.240506329114,4.559796736699199,0.37444341552880694,fragment,dKO,WT,pooled,up,388,WT (dKO DEGs)
64,1189.8734177215188,4.538912208969241,0.395578197827113,fragment,dKO,WT,pooled,up,388,WT (dKO DEGs)
65,1240.506329113924,4.511274317066694,0.4252922226558481,fragment,dKO,WT,pooled,up,388,WT (dKO DEGs)
66,1291.1392405063293,4.498574965579813,0.4842218514791428,fragment,dKO,WT,pooled,up,388,WT (dKO DEGs)
67,1341.7721518987341,4.338295334936007,0.4918324721215871,fragment,dKO,WT,pooled,up,388,WT (dKO DEGs)
68,1392.4050632911394,4.075321693719458,0.45294436895663864,fragment,dKO,WT,pooled,up,388,WT (dKO DEGs)
69,1443.0379746835442,3.7324375151911964,0.3588961861220007,fragment,dKO,WT,pooled,up,388,WT (dKO DEGs)
70,1493.6708860759495,3.5421535803259854,0.29735146679745317,fragment,dKO,WT,pooled,up,388,WT (dKO DEGs)
71,1544.3037974683543,3.5144882821913845,0.2979984603280614,fragment,dKO,WT,pooled,up,388,WT (dKO DEGs)
72,1594.9367088607596,3.5380156377377787,0.33309508972179447,fragment,dKO,WT,pooled,up,388,WT (dKO DEGs)
73,1645.5696202531644,3.548125104054143,0.38736314430099905,fragment,dKO,WT,pooled,up,388,WT (dKO DEGs)
74,1696.2025316455697,3.5795807227564023,0.41574590667690114,fragment,dKO,WT,pooled,up,388,WT (dKO DEGs)
75,1746.8354430379745,3.570047146827495,0.42359884438473105,fragment,dKO,WT,pooled,up,388,WT (dKO DEGs)
76,1797.4683544303798,3.5773053301138567,0.4399030453783449,fragment,dKO,WT,pooled,up,388,WT (dKO DEGs)
77,1848.1012658227846,3.4635124185261446,0.4131017759755804,fragment,dKO,WT,pooled,up,388,WT (dKO DEGs)
78,1898.73417721519,3.426441800532882,0.3836360423322065,fragment,dKO,WT,pooled,up,388,WT (dKO DEGs)
79,1949.3670886075947,3.370830844280236,0.35132130352645946,fragment,dKO,WT,pooled,up,388,WT (dKO DEGs)
80,2000,3.2984661643632087,0.3185520323011729,fragment,dKO,WT,pooled,up,388,WT (dKO DEGs)
1,-2000,4.499697512324908,0.49169941100798903,fragment,dKO,WT,pooled,down,433,WT (dKO DEGs)
2,-1949.367088607595,4.401143899004307,0.43583085721858594,fragment,dKO,WT,pooled,down,433,WT (dKO DEGs)
3,-1898.73417721519,4.279313122559915,0.3981975049851017,fragment,dKO,WT,pooled,down,433,WT (dKO DEGs)
4,-1848.1012658227849,4.19509768520712,0.3840767095345267,fragment,dKO,WT,pooled,down,433,WT (dKO DEGs)
5,-1797.4683544303798,4.156915225167748,0.392127823304954,fragment,dKO,WT,pooled,down,433,WT (dKO DEGs)
6,-1746.8354430379748,4.150473140223931,0.38769950561225475,fragment,dKO,WT,pooled,down,433,WT (dKO DEGs)
7,-1696.2025316455697,4.069861787083151,0.35643807091093366,fragment,dKO,WT,pooled,down,433,WT (dKO DEGs)
8,-1645.5696202531644,4.076982949400425,0.328253188915048,fragment,dKO,WT,pooled,down,433,WT (dKO DEGs)
9,-1594.9367088607596,4.043044446377317,0.31530092577545404,fragment,dKO,WT,pooled,down,433,WT (dKO DEGs)
10,-1544.3037974683543,4.049261693150562,0.3098956955367484,fragment,dKO,WT,pooled,down,433,WT (dKO DEGs)
11,-1493.6708860759495,4.155529424165927,0.3247790995795528,fragment,dKO,WT,pooled,down,433,WT (dKO DEGs)
12,-1443.0379746835442,4.250110732180233,0.35587924839186863,fragment,dKO,WT,pooled,down,433,WT (dKO DEGs)
13,-1392.4050632911392,4.478101936445684,0.3976363841020344,fragment,dKO,WT,pooled,down,433,WT (dKO DEGs)
14,-1341.7721518987341,4.7128921365958165,0.454780758017001,fragment,dKO,WT,pooled,down,433,WT (dKO DEGs)
15,-1291.139240506329,4.881654501543125,0.46739351403076124,fragment,dKO,WT,pooled,down,433,WT (dKO DEGs)
16,-1240.506329113924,5.130391724339074,0.47492645700450686,fragment,dKO,WT,pooled,down,433,WT (dKO DEGs)
17,-1189.873417721519,5.336061122424791,0.4982165317768176,fragment,dKO,WT,pooled,down,433,WT (dKO DEGs)
18,-1139.240506329114,5.680866977742674,0.5619770452094651,fragment,dKO,WT,pooled,down,433,WT (dKO DEGs)
19,-1088.607594936709,5.893990932691088,0.576354675061043,fragment,dKO,WT,pooled,down,433,WT (dKO DEGs)
20,-1037.9746835443038,6.115505007269568,0.5906922366638344,fragment,dKO,WT,pooled,down,433,WT (dKO DEGs)
21,-987.3417721518988,6.266750668141363,0.562844254263255,fragment,dKO,WT,pooled,down,433,WT (dKO DEGs)
22,-936.7088607594937,6.280861166949635,0.5350456813070926,fragment,dKO,WT,pooled,down,433,WT (dKO DEGs)
23,-886.0759493670887,6.34691465489767,0.5083958233977206,fragment,dKO,WT,pooled,down,433,WT (dKO DEGs)
24,-835.4430379746836,6.42491310012258,0.48053871255299613,fragment,dKO,WT,pooled,down,433,WT (dKO DEGs)
25,-784.8101265822784,6.653278335251195,0.48579490409383747,fragment,dKO,WT,pooled,down,433,WT (dKO DEGs)
26,-734.1772151898733,7.067790791171619,0.5383753316328609,fragment,dKO,WT,pooled,down,433,WT (dKO DEGs)
27,-683.5443037974683,7.613879917093751,0.5834076748407079,fragment,dKO,WT,pooled,down,433,WT (dKO DEGs)
28,-632.9113924050632,8.135999557072608,0.6377101140528042,fragment,dKO,WT,pooled,down,433,WT (dKO DEGs)
29,-582.2784810126582,8.709568197991501,0.7176512127188768,fragment,dKO,WT,pooled,down,433,WT (dKO DEGs)
30,-531.6455696202531,9.171811844854744,0.7618238649775874,fragment,dKO,WT,pooled,down,433,WT (dKO DEGs)
31,-481.0126582278481,9.494763428852869,0.7817432011944062,fragment,dKO,WT,pooled,down,433,WT (dKO DEGs)
32,-430.37974683544303,9.79550574220631,0.7870324249565239,fragment,dKO,WT,pooled,down,433,WT (dKO DEGs)
33,-379.746835443038,10.523756051303975,0.8421494261263999,fragment,dKO,WT,pooled,down,433,WT (dKO DEGs)
34,-329.11392405063293,11.262226937008052,0.9323042072915524,fragment,dKO,WT,pooled,down,433,WT (dKO DEGs)
35,-278.4810126582279,12.033322435249449,1.0161430557456035,fragment,dKO,WT,pooled,down,433,WT (dKO DEGs)
36,-227.84810126582283,12.556945463796135,1.0885774517345357,fragment,dKO,WT,pooled,down,433,WT (dKO DEGs)
37,-177.21518987341778,13.064689916409925,1.1723964179441204,fragment,dKO,WT,pooled,down,433,WT (dKO DEGs)
38,-126.58227848101274,13.212978359863701,1.1740674461203726,fragment,dKO,WT,pooled,down,433,WT (dKO DEGs)
39,-75.94936708860769,13.053041613577328,1.1088139085904463,fragment,dKO,WT,pooled,down,433,WT (dKO DEGs)
40,-25.316455696202638,12.699705355070114,0.9975260625387872,fragment,dKO,WT,pooled,down,433,WT (dKO DEGs)
41,25.31645569620241,12.305055833013357,0.9054221655562295,fragment,dKO,WT,pooled,down,433,WT (dKO DEGs)
42,75.94936708860769,11.728843258636745,0.8064227117744358,fragment,dKO,WT,pooled,down,433,WT (dKO DEGs)
43,126.58227848101251,11.356649779656744,0.7541540019883077,fragment,dKO,WT,pooled,down,433,WT (dKO DEGs)
44,177.21518987341778,10.912697236760017,0.6655194997152473,fragment,dKO,WT,pooled,down,433,WT (dKO DEGs)
45,227.8481012658226,10.516320401196117,0.6064400867425134,fragment,dKO,WT,pooled,down,433,WT (dKO DEGs)
46,278.4810126582279,10.261089052098637,0.6245879139349999,fragment,dKO,WT,pooled,down,433,WT (dKO DEGs)
47,329.1139240506327,9.964806537686906,0.6313963188474967,fragment,dKO,WT,pooled,down,433,WT (dKO DEGs)
48,379.746835443038,9.550146360184433,0.6044186691529854,fragment,dKO,WT,pooled,down,433,WT (dKO DEGs)
49,430.37974683544326,9.105187719607923,0.5789048733036095,fragment,dKO,WT,pooled,down,433,WT (dKO DEGs)
50,481.0126582278481,8.79849832887554,0.576972373228232,fragment,dKO,WT,pooled,down,433,WT (dKO DEGs)
51,531.6455696202534,8.703792799196398,0.607836341184077,fragment,dKO,WT,pooled,down,433,WT (dKO DEGs)
52,582.2784810126582,8.691309032352086,0.6740462900242009,fragment,dKO,WT,pooled,down,433,WT (dKO DEGs)
53,632.9113924050635,8.455690731077215,0.6985858497354662,fragment,dKO,WT,pooled,down,433,WT (dKO DEGs)
54,683.5443037974683,8.155884003888836,0.6808455209308859,fragment,dKO,WT,pooled,down,433,WT (dKO DEGs)
55,734.1772151898736,7.7863396822259094,0.6328320859699864,fragment,dKO,WT,pooled,down,433,WT (dKO DEGs)
56,784.8101265822784,7.400990462117786,0.5970488973283208,fragment,dKO,WT,pooled,down,433,WT (dKO DEGs)
57,835.4430379746836,7.040215851129982,0.5955056452562445,fragment,dKO,WT,pooled,down,433,WT (dKO DEGs)
58,886.0759493670885,6.619441622478215,0.5766560279981063,fragment,dKO,WT,pooled,down,433,WT (dKO DEGs)
59,936.7088607594937,6.088454926254384,0.5150766661391066,fragment,dKO,WT,pooled,down,433,WT (dKO DEGs)
60,987.3417721518986,5.776277206162474,0.4896163367625711,fragment,dKO,WT,pooled,down,433,WT (dKO DEGs)
61,1037.9746835443038,5.628307379916413,0.48940935420319415,fragment,dKO,WT,pooled,down,433,WT (dKO DEGs)
62,1088.6075949367087,5.35235870347012,0.46161678355893904,fragment,dKO,WT,pooled,down,433,WT (dKO DEGs)
63,1139.240506329114,5.065983199825463,0.41360341243156284,fragment,dKO,WT,pooled,down,433,WT (dKO DEGs)
64,1189.8734177215188,4.904447837184263,0.37893821034464964,fragment,dKO,WT,pooled,down,433,WT (dKO DEGs)
65,1240.506329113924,4.7497449345273,0.3732464033528934,fragment,dKO,WT,pooled,down,433,WT (dKO DEGs)
66,1291.1392405063293,4.576030138342816,0.3566117628826509,fragment,dKO,WT,pooled,down,433,WT (dKO DEGs)
67,1341.7721518987341,4.336909954166119,0.33920437468445946,fragment,dKO,WT,pooled,down,433,WT (dKO DEGs)
68,1392.4050632911394,4.190034516068768,0.3229474802240709,fragment,dKO,WT,pooled,down,433,WT (dKO DEGs)
69,1443.0379746835442,4.124982424369677,0.31175410810033743,fragment,dKO,WT,pooled,down,433,WT (dKO DEGs)
70,1493.6708860759495,3.9688591522836427,0.2904011432054323,fragment,dKO,WT,pooled,down,433,WT (dKO DEGs)
71,1544.3037974683543,3.7765603203035667,0.2607619416325066,fragment,dKO,WT,pooled,down,433,WT (dKO DEGs)
72,1594.9367088607596,3.6296156433713356,0.2388289891168437,fragment,dKO,WT,pooled,down,433,WT (dKO DEGs)
73,1645.5696202531644,3.613799897647987,0.24540630669921132,fragment,dKO,WT,pooled,down,433,WT (dKO DEGs)
74,1696.2025316455697,3.749154766464894,0.31531646101144295,fragment,dKO,WT,pooled,down,433,WT (dKO DEGs)
75,1746.8354430379745,3.8022670630733266,0.3680185080547737,fragment,dKO,WT,pooled,down,433,WT (dKO DEGs)
76,1797.4683544303798,3.801914722010941,0.4273328763961457,fragment,dKO,WT,pooled,down,433,WT (dKO DEGs)
77,1848.1012658227846,3.756162808602181,0.49883560967391616,fragment,dKO,WT,pooled,down,433,WT (dKO DEGs)
78,1898.73417721519,3.6937645590461337,0.5522466990145201,fragment,dKO,WT,pooled,down,433,WT (dKO DEGs)
79,1949.3670886075947,3.5740346630212434,0.4980156464312135,fragment,dKO,WT,pooled,down,433,WT (dKO DEGs)
80,2000,3.430307277965032,0.3783228128974144,fragment,dKO,WT,pooled,down,433,WT (dKO DEGs)
1,-2000,2.9852321563810262,0.2794118127018004,fragment,dKO,WT,parallel,up,323,WT (dKO DEGs)
2,-1949.367088607595,2.9467755749178868,0.2720617081185338,fragment,dKO,WT,parallel,up,323,WT (dKO DEGs)
3,-1898.73417721519,2.9729603594621516,0.2549849675263088,fragment,dKO,WT,parallel,up,323,WT (dKO DEGs)
4,-1848.1012658227849,2.951022820106109,0.24126579578449345,fragment,dKO,WT,parallel,up,323,WT (dKO DEGs)
5,-1797.4683544303798,3.027818082685441,0.23802396301829348,fragment,dKO,WT,parallel,up,323,WT (dKO DEGs)
6,-1746.8354430379748,3.034012388265293,0.21887579440032118,fragment,dKO,WT,parallel,up,323,WT (dKO DEGs)
7,-1696.2025316455697,2.998318919114407,0.22370993377768816,fragment,dKO,WT,parallel,up,323,WT (dKO DEGs)
8,-1645.5696202531644,3.0947028903966105,0.25677783266495313,fragment,dKO,WT,parallel,up,323,WT (dKO DEGs)
9,-1594.9367088607596,3.263440618478108,0.2733934272174916,fragment,dKO,WT,parallel,up,323,WT (dKO DEGs)
10,-1544.3037974683543,3.581378206874564,0.3658617977233097,fragment,dKO,WT,parallel,up,323,WT (dKO DEGs)
11,-1493.6708860759495,3.957105342259225,0.5492482457890753,fragment,dKO,WT,parallel,up,323,WT (dKO DEGs)
12,-1443.0379746835442,4.316747386317751,0.650275447051882,fragment,dKO,WT,parallel,up,323,WT (dKO DEGs)
13,-1392.4050632911392,4.577359779429756,0.7135997141836748,fragment,dKO,WT,parallel,up,323,WT (dKO DEGs)
14,-1341.7721518987341,4.801807426577136,0.7607099157784747,fragment,dKO,WT,parallel,up,323,WT (dKO DEGs)
15,-1291.139240506329,4.939907782021199,0.7090878159634558,fragment,dKO,WT,parallel,up,323,WT (dKO DEGs)
16,-1240.506329113924,4.964928360435616,0.5802178024267848,fragment,dKO,WT,parallel,up,323,WT (dKO DEGs)
17,-1189.873417721519,5.217890209834273,0.571443043589445,fragment,dKO,WT,parallel,up,323,WT (dKO DEGs)
18,-1139.240506329114,5.56826333246979,0.6335274064699582,fragment,dKO,WT,parallel,up,323,WT (dKO DEGs)
19,-1088.607594936709,6.0482776827142954,0.7320085281132589,fragment,dKO,WT,parallel,up,323,WT (dKO DEGs)
20,-1037.9746835443038,6.480773164244259,0.8254689931842357,fragment,dKO,WT,parallel,up,323,WT (dKO DEGs)
21,-987.3417721518988,6.727733151403374,0.8860769948821733,fragment,dKO,WT,parallel,up,323,WT (dKO DEGs)
22,-936.7088607594937,7.041534341796387,0.9107878311731775,fragment,dKO,WT,parallel,up,323,WT (dKO DEGs)
23,-886.0759493670887,7.5388488649313175,0.9217793674862723,fragment,dKO,WT,parallel,up,323,WT (dKO DEGs)
24,-835.4430379746836,7.754049639463179,0.8615339299218091,fragment,dKO,WT,parallel,up,323,WT (dKO DEGs)
25,-784.8101265822784,8.16872023055182,0.8564602938702446,fragment,dKO,WT,parallel,up,323,WT (dKO DEGs)
26,-734.1772151898733,8.1631109919612,0.8081661812359666,fragment,dKO,WT,parallel,up,323,WT (dKO DEGs)
27,-683.5443037974683,8.036854606900052,0.7373831142681899,fragment,dKO,WT,parallel,up,323,WT (dKO DEGs)
28,-632.9113924050632,8.04035871428725,0.6678348776957599,fragment,dKO,WT,parallel,up,323,WT (dKO DEGs)
29,-582.2784810126582,8.457564633411765,0.6925538753794392,fragment,dKO,WT,parallel,up,323,WT (dKO DEGs)
30,-531.6455696202531,9.045118535234216,0.7702727594034114,fragment,dKO,WT,parallel,up,323,WT (dKO DEGs)
31,-481.0126582278481,9.768731597264608,0.8755529091969712,fragment,dKO,WT,parallel,up,323,WT (dKO DEGs)
32,-430.37974683544303,10.242210776899375,0.9427894268563733,fragment,dKO,WT,parallel,up,323,WT (dKO DEGs)
33,-379.746835443038,10.46482142784524,0.9511139484323375,fragment,dKO,WT,parallel,up,323,WT (dKO DEGs)
34,-329.11392405063293,10.613143724051792,0.9464756361946509,fragment,dKO,WT,parallel,up,323,WT (dKO DEGs)
35,-278.4810126582279,10.97450436009219,0.961692491595244,fragment,dKO,WT,parallel,up,323,WT (dKO DEGs)
36,-227.84810126582283,11.451297797246369,0.949402927007835,fragment,dKO,WT,parallel,up,323,WT (dKO DEGs)
37,-177.21518987341778,11.968305767957887,0.943312474860277,fragment,dKO,WT,parallel,up,323,WT (dKO DEGs)
38,-126.58227848101274,12.354481808349444,0.9380112584526211,fragment,dKO,WT,parallel,up,323,WT (dKO DEGs)
39,-75.94936708860769,12.6136245483363,0.9453246088288586,fragment,dKO,WT,parallel,up,323,WT (dKO DEGs)
40,-25.316455696202638,12.337080946492707,0.9008860148593884,fragment,dKO,WT,parallel,up,323,WT (dKO DEGs)
41,25.31645569620241,12.026087472347776,0.846089941222254,fragment,dKO,WT,parallel,up,323,WT (dKO DEGs)
42,75.94936708860769,11.372598159185259,0.7545269665534299,fragment,dKO,WT,parallel,up,323,WT (dKO DEGs)
43,126.58227848101251,10.891226253064179,0.691513180376512,fragment,dKO,WT,parallel,up,323,WT (dKO DEGs)
44,177.21518987341778,10.464737495972523,0.655369687984634,fragment,dKO,WT,parallel,up,323,WT (dKO DEGs)
45,227.8481012658226,10.076294425463898,0.6522786837412976,fragment,dKO,WT,parallel,up,323,WT (dKO DEGs)
46,278.4810126582279,9.788489429377426,0.6617219492715725,fragment,dKO,WT,parallel,up,323,WT (dKO DEGs)
47,329.1139240506327,9.588225524649408,0.6978020318260568,fragment,dKO,WT,parallel,up,323,WT (dKO DEGs)
48,379.746835443038,9.536384759089525,0.7668284043025958,fragment,dKO,WT,parallel,up,323,WT (dKO DEGs)
49,430.37974683544326,9.317999605992261,0.7963776248681008,fragment,dKO,WT,parallel,up,323,WT (dKO DEGs)
50,481.0126582278481,9.045219930042546,0.7835907989290961,fragment,dKO,WT,parallel,up,323,WT (dKO DEGs)
51,531.6455696202534,8.709302246386052,0.7499715311238652,fragment,dKO,WT,parallel,up,323,WT (dKO DEGs)
52,582.2784810126582,8.302995569174504,0.7244573857895145,fragment,dKO,WT,parallel,up,323,WT (dKO DEGs)
53,632.9113924050635,7.902723318418359,0.7140011147911002,fragment,dKO,WT,parallel,up,323,WT (dKO DEGs)
54,683.5443037974683,7.656549277271156,0.7210582622595939,fragment,dKO,WT,parallel,up,323,WT (dKO DEGs)
55,734.1772151898736,7.254992291732961,0.6782939422781362,fragment,dKO,WT,parallel,up,323,WT (dKO DEGs)
56,784.8101265822784,6.7843707147225265,0.6160459510720068,fragment,dKO,WT,parallel,up,323,WT (dKO DEGs)
57,835.4430379746836,6.464593773124387,0.5790056660694132,fragment,dKO,WT,parallel,up,323,WT (dKO DEGs)
58,886.0759493670885,6.108457162756669,0.5460565586467854,fragment,dKO,WT,parallel,up,323,WT (dKO DEGs)
59,936.7088607594937,5.781582831635195,0.5221624608531966,fragment,dKO,WT,parallel,up,323,WT (dKO DEGs)
60,987.3417721518986,5.34924280150879,0.4969853758168102,fragment,dKO,WT,parallel,up,323,WT (dKO DEGs)
61,1037.9746835443038,4.718632750115035,0.4309450998306333,fragment,dKO,WT,parallel,up,323,WT (dKO DEGs)
62,1088.6075949367087,4.387141737714026,0.38862265153673864,fragment,dKO,WT,parallel,up,323,WT (dKO DEGs)
63,1139.240506329114,4.372529169349355,0.4057648822689098,fragment,dKO,WT,parallel,up,323,WT (dKO DEGs)
64,1189.8734177215188,4.418102557088322,0.4403154200730687,fragment,dKO,WT,parallel,up,323,WT (dKO DEGs)
65,1240.506329113924,4.475920381245844,0.48571586009664014,fragment,dKO,WT,parallel,up,323,WT (dKO DEGs)
66,1291.1392405063293,4.522151065911056,0.5642955834748072,fragment,dKO,WT,parallel,up,323,WT (dKO DEGs)
67,1341.7721518987341,4.394029954395058,0.5775908404345812,fragment,dKO,WT,parallel,up,323,WT (dKO DEGs)
68,1392.4050632911394,4.166325303738085,0.5307648531535057,fragment,dKO,WT,parallel,up,323,WT (dKO DEGs)
69,1443.0379746835442,3.795437519004101,0.41266063518196466,fragment,dKO,WT,parallel,up,323,WT (dKO DEGs)
70,1493.6708860759495,3.60668876507703,0.33544030895945315,fragment,dKO,WT,parallel,up,323,WT (dKO DEGs)
71,1544.3037974683543,3.578542961466546,0.3350804365315072,fragment,dKO,WT,parallel,up,323,WT (dKO DEGs)
72,1594.9367088607596,3.6266423108629398,0.37983977490124843,fragment,dKO,WT,parallel,up,323,WT (dKO DEGs)
73,1645.5696202531644,3.6241259644988646,0.4466394021455168,fragment,dKO,WT,parallel,up,323,WT (dKO DEGs)
74,1696.2025316455697,3.6415006758455646,0.48276993745818764,fragment,dKO,WT,parallel,up,323,WT (dKO DEGs)
75,1746.8354430379745,3.6488955101853677,0.4967400262012005,fragment,dKO,WT,parallel,up,323,WT (dKO DEGs)
76,1797.4683544303798,3.6923370905827935,0.5183678561346643,fragment,dKO,WT,parallel,up,323,WT (dKO DEGs)
77,1848.1012658227846,3.56814998225654,0.48563054579743814,fragment,dKO,WT,parallel,up,323,WT (dKO DEGs)
78,1898.73417721519,3.519264454912967,0.4492931033493256,fragment,dKO,WT,parallel,up,323,WT (dKO DEGs)
79,1949.3670886075947,3.448474130652637,0.4090053938641534,fragment,dKO,WT,parallel,up,323,WT (dKO DEGs)
80,2000,3.360877939446669,0.36803302675931976,fragment,dKO,WT,parallel,up,323,WT (dKO DEGs)
1,-2000,4.864990883289821,0.5858405950766804,fragment,dKO,WT,parallel,down,357,WT (dKO DEGs)
2,-1949.367088607595,4.7332386158627955,0.5168713432452138,fragment,dKO,WT,parallel,down,357,WT (dKO DEGs)
3,-1898.73417721519,4.604800243204047,0.47162516433891544,fragment,dKO,WT,parallel,down,357,WT (dKO DEGs)
4,-1848.1012658227849,4.522457691434385,0.45565715194764433,fragment,dKO,WT,parallel,down,357,WT (dKO DEGs)
5,-1797.4683544303798,4.498866924956844,0.4674817466231331,fragment,dKO,WT,parallel,down,357,WT (dKO DEGs)
6,-1746.8354430379748,4.463162130225384,0.46332380661575456,fragment,dKO,WT,parallel,down,357,WT (dKO DEGs)
7,-1696.2025316455697,4.371930153530185,0.4255033354189461,fragment,dKO,WT,parallel,down,357,WT (dKO DEGs)
8,-1645.5696202531644,4.35476784014457,0.3894289773215752,fragment,dKO,WT,parallel,down,357,WT (dKO DEGs)
9,-1594.9367088607596,4.301200595845918,0.37003077504941895,fragment,dKO,WT,parallel,down,357,WT (dKO DEGs)
10,-1544.3037974683543,4.229130904487535,0.35463835120334286,fragment,dKO,WT,parallel,down,357,WT (dKO DEGs)
11,-1493.6708860759495,4.212373282181448,0.337434327166973,fragment,dKO,WT,parallel,down,357,WT (dKO DEGs)
12,-1443.0379746835442,4.233543165242082,0.35007269389078244,fragment,dKO,WT,parallel,down,357,WT (dKO DEGs)
13,-1392.4050632911392,4.394628801388122,0.3729978317088974,fragment,dKO,WT,parallel,down,357,WT (dKO DEGs)
14,-1341.7721518987341,4.55104828254404,0.41837065202579393,fragment,dKO,WT,parallel,down,357,WT (dKO DEGs)
15,-1291.139240506329,4.6597832759622095,0.4233318990033893,fragment,dKO,WT,parallel,down,357,WT (dKO DEGs)
16,-1240.506329113924,4.875517168463556,0.4166416249929676,fragment,dKO,WT,parallel,down,357,WT (dKO DEGs)
17,-1189.873417721519,5.030482153153442,0.43438780738923,fragment,dKO,WT,parallel,down,357,WT (dKO DEGs)
18,-1139.240506329114,5.363471763040505,0.518989574236105,fragment,dKO,WT,parallel,down,357,WT (dKO DEGs)
19,-1088.607594936709,5.606642396979861,0.5678501462079897,fragment,dKO,WT,parallel,down,357,WT (dKO DEGs)
20,-1037.9746835443038,5.846389929035019,0.5935275277306665,fragment,dKO,WT,parallel,down,357,WT (dKO DEGs)
21,-987.3417721518988,5.980087079659007,0.5647030398554038,fragment,dKO,WT,parallel,down,357,WT (dKO DEGs)
22,-936.7088607594937,5.869967563029876,0.5111881452740248,fragment,dKO,WT,parallel,down,357,WT (dKO DEGs)
23,-886.0759493670887,5.8784355656372735,0.4677687841099424,fragment,dKO,WT,parallel,down,357,WT (dKO DEGs)
24,-835.4430379746836,5.901958513413491,0.4165273638931481,fragment,dKO,WT,parallel,down,357,WT (dKO DEGs)
25,-784.8101265822784,6.037561498917118,0.3957678332521464,fragment,dKO,WT,parallel,down,357,WT (dKO DEGs)
26,-734.1772151898733,6.416062426716229,0.4171985649416466,fragment,dKO,WT,parallel,down,357,WT (dKO DEGs)
27,-683.5443037974683,7.016820810584684,0.48001562515406054,fragment,dKO,WT,parallel,down,357,WT (dKO DEGs)
28,-632.9113924050632,7.591811955887842,0.5709101228864336,fragment,dKO,WT,parallel,down,357,WT (dKO DEGs)
29,-582.2784810126582,8.25680945123945,0.7134880557638531,fragment,dKO,WT,parallel,down,357,WT (dKO DEGs)
30,-531.6455696202531,8.825984175875297,0.806278373246548,fragment,dKO,WT,parallel,down,357,WT (dKO DEGs)
31,-481.0126582278481,9.274739803724707,0.8625358935954154,fragment,dKO,WT,parallel,down,357,WT (dKO DEGs)
32,-430.37974683544303,9.635264731283838,0.8932651191915907,fragment,dKO,WT,parallel,down,357,WT (dKO DEGs)
33,-379.746835443038,10.279859210650127,0.9597789712379889,fragment,dKO,WT,parallel,down,357,WT (dKO DEGs)
34,-329.11392405063293,10.900333579390212,1.0578136392120883,fragment,dKO,WT,parallel,down,357,WT (dKO DEGs)
35,-278.4810126582279,11.631908260867709,1.1488899552004508,fragment,dKO,WT,parallel,down,357,WT (dKO DEGs)
36,-227.84810126582283,12.227232360977863,1.2316409048676615,fragment,dKO,WT,parallel,down,357,WT (dKO DEGs)
37,-177.21518987341778,12.690944938895639,1.312086252693498,fragment,dKO,WT,parallel,down,357,WT (dKO DEGs)
38,-126.58227848101274,12.784912342815952,1.3049565404387666,fragment,dKO,WT,parallel,down,357,WT (dKO DEGs)
39,-75.94936708860769,12.640284043257756,1.222771891922677,fragment,dKO,WT,parallel,down,357,WT (dKO DEGs)
40,-25.316455696202638,12.375678618415064,1.098893283121433,fragment,dKO,WT,parallel,down,357,WT (dKO DEGs)
41,25.31645569620241,12.151745602717252,1.004638402114504,fragment,dKO,WT,parallel,down,357,WT (dKO DEGs)
42,75.94936708860769,11.767501471029277,0.9039276201951776,fragment,dKO,WT,parallel,down,357,WT (dKO DEGs)
43,126.58227848101251,11.467669491333789,0.8490970608130616,fragment,dKO,WT,parallel,down,357,WT (dKO DEGs)
44,177.21518987341778,11.070346815463653,0.743373867835785,fragment,dKO,WT,parallel,down,357,WT (dKO DEGs)
45,227.8481012658226,10.74058641650541,0.6729535539263836,fragment,dKO,WT,parallel,down,357,WT (dKO DEGs)
46,278.4810126582279,10.62028736995827,0.7033838693030113,fragment,dKO,WT,parallel,down,357,WT (dKO DEGs)
47,329.1139240506327,10.407645046105461,0.7244848782201407,fragment,dKO,WT,parallel,down,357,WT (dKO DEGs)
48,379.746835443038,9.987650924370069,0.6958231706323172,fragment,dKO,WT,parallel,down,357,WT (dKO DEGs)
49,430.37974683544326,9.559580585266474,0.6706308859615895,fragment,dKO,WT,parallel,down,357,WT (dKO DEGs)
50,481.0126582278481,9.350543651605298,0.6790682769765158,fragment,dKO,WT,parallel,down,357,WT (dKO DEGs)
51,531.6455696202534,9.316183934567912,0.7222551750854597,fragment,dKO,WT,parallel,down,357,WT (dKO DEGs)
52,582.2784810126582,9.36488729289711,0.8046785550672494,fragment,dKO,WT,parallel,down,357,WT (dKO DEGs)
53,632.9113924050635,9.13343407908519,0.8344528611516266,fragment,dKO,WT,parallel,down,357,WT (dKO DEGs)
54,683.5443037974683,8.862451156412297,0.8123689478606763,fragment,dKO,WT,parallel,down,357,WT (dKO DEGs)
55,734.1772151898736,8.477215388562499,0.7532925653996622,fragment,dKO,WT,parallel,down,357,WT (dKO DEGs)
56,784.8101265822784,8.022286390601531,0.7110469706938014,fragment,dKO,WT,parallel,down,357,WT (dKO DEGs)
57,835.4430379746836,7.615710432620721,0.710022595379261,fragment,dKO,WT,parallel,down,357,WT (dKO DEGs)
58,886.0759493670885,7.150766879989097,0.6881421985832843,fragment,dKO,WT,parallel,down,357,WT (dKO DEGs)
59,936.7088607594937,6.488267880701551,0.6114297724546146,fragment,dKO,WT,parallel,down,357,WT (dKO DEGs)
60,987.3417721518986,6.062509535147028,0.5703071155559286,fragment,dKO,WT,parallel,down,357,WT (dKO DEGs)
61,1037.9746835443038,5.861765930527955,0.561155120322407,fragment,dKO,WT,parallel,down,357,WT (dKO DEGs)
62,1088.6075949367087,5.568642206997876,0.5244760868243559,fragment,dKO,WT,parallel,down,357,WT (dKO DEGs)
63,1139.240506329114,5.266518558581002,0.4641409414953373,fragment,dKO,WT,parallel,down,357,WT (dKO DEGs)
64,1189.8734177215188,5.084569154564851,0.4121282486964803,fragment,dKO,WT,parallel,down,357,WT (dKO DEGs)
65,1240.506329113924,4.865229040759395,0.39378569786185863,fragment,dKO,WT,parallel,down,357,WT (dKO DEGs)
66,1291.1392405063293,4.636907822355614,0.36574114966269605,fragment,dKO,WT,parallel,down,357,WT (dKO DEGs)
67,1341.7721518987341,4.378989492593582,0.33140858054032335,fragment,dKO,WT,parallel,down,357,WT (dKO DEGs)
68,1392.4050632911394,4.20416265560688,0.3070041283669623,fragment,dKO,WT,parallel,down,357,WT (dKO DEGs)
69,1443.0379746835442,4.148019318001833,0.2993403550107322,fragment,dKO,WT,parallel,down,357,WT (dKO DEGs)
70,1493.6708860759495,3.980317988880987,0.28642141453609016,fragment,dKO,WT,parallel,down,357,WT (dKO DEGs)
71,1544.3037974683543,3.790252314110319,0.2671266228744097,fragment,dKO,WT,parallel,down,357,WT (dKO DEGs)
72,1594.9367088607596,3.6811228433153986,0.25741829209905553,fragment,dKO,WT,parallel,down,357,WT (dKO DEGs)
73,1645.5696202531644,3.646731505741258,0.27059940250977815,fragment,dKO,WT,parallel,down,357,WT (dKO DEGs)
74,1696.2025316455697,3.7699896169287594,0.36248988188170683,fragment,dKO,WT,parallel,down,357,WT (dKO DEGs)
75,1746.8354430379745,3.7908117666342456,0.4280186958316242,fragment,dKO,WT,parallel,down,357,WT (dKO DEGs)
76,1797.4683544303798,3.787236276296229,0.4997653487455863,fragment,dKO,WT,parallel,down,357,WT (dKO DEGs)
77,1848.1012658227846,3.8160108064581144,0.5949484204559635,fragment,dKO,WT,parallel,down,357,WT (dKO DEGs)
78,1898.73417721519,3.820805002294001,0.6635359742507048,fragment,dKO,WT,parallel,down,357,WT (dKO DEGs)
79,1949.3670886075947,3.6975804913878774,0.5977606518687048,fragment,dKO,WT,parallel,down,357,WT (dKO DEGs)
80,2000,3.504246744566382,0.4487902560739375,fragment,dKO,WT,parallel,down,357,WT (dKO DEGs)
1,-2000,5.833314453669083,1.9738252644308496,fragment,dKO,WT,antiparallel,up,26,WT (dKO DEGs)
2,-1949.367088607595,5.5024142672465395,1.8278677824639091,fragment,dKO,WT,antiparallel,up,26,WT (dKO DEGs)
3,-1898.73417721519,5.2394692926223465,1.6310239546052436,fragment,dKO,WT,antiparallel,up,26,WT (dKO DEGs)
4,-1848.1012658227849,4.929488656306878,1.517560390865369,fragment,dKO,WT,antiparallel,up,26,WT (dKO DEGs)
5,-1797.4683544303798,4.827795728597885,1.2798894993447167,fragment,dKO,WT,antiparallel,up,26,WT (dKO DEGs)
6,-1746.8354430379748,4.581038319086417,1.191000313907648,fragment,dKO,WT,antiparallel,up,26,WT (dKO DEGs)
7,-1696.2025316455697,4.060798016389211,1.0191068833431873,fragment,dKO,WT,antiparallel,up,26,WT (dKO DEGs)
8,-1645.5696202531644,4.045447915547934,1.0984181388403684,fragment,dKO,WT,antiparallel,up,26,WT (dKO DEGs)
9,-1594.9367088607596,3.711159180983519,1.1360523221313805,fragment,dKO,WT,antiparallel,up,26,WT (dKO DEGs)
10,-1544.3037974683543,3.3076151656187496,0.9254680794236676,fragment,dKO,WT,antiparallel,up,26,WT (dKO DEGs)
11,-1493.6708860759495,2.960021198682296,0.6876596117774009,fragment,dKO,WT,antiparallel,up,26,WT (dKO DEGs)
12,-1443.0379746835442,3.0164013286125964,0.7138749301733287,fragment,dKO,WT,antiparallel,up,26,WT (dKO DEGs)
13,-1392.4050632911392,3.0702559713522595,0.7046787889992164,fragment,dKO,WT,antiparallel,up,26,WT (dKO DEGs)
14,-1341.7721518987341,3.0205859347490165,0.6682591057032462,fragment,dKO,WT,antiparallel,up,26,WT (dKO DEGs)
15,-1291.139240506329,3.0112485218048097,0.6567449399812294,fragment,dKO,WT,antiparallel,up,26,WT (dKO DEGs)
16,-1240.506329113924,2.863768544869545,0.6467852470017738,fragment,dKO,WT,antiparallel,up,26,WT (dKO DEGs)
17,-1189.873417721519,3.0074360431157627,0.6223531602760035,fragment,dKO,WT,antiparallel,up,26,WT (dKO DEGs)
18,-1139.240506329114,3.1845906741802508,0.6681924394056769,fragment,dKO,WT,antiparallel,up,26,WT (dKO DEGs)
19,-1088.607594936709,3.497512341156984,0.7358315038820931,fragment,dKO,WT,antiparallel,up,26,WT (dKO DEGs)
20,-1037.9746835443038,3.706916632621716,0.7919372893646762,fragment,dKO,WT,antiparallel,up,26,WT (dKO DEGs)
21,-987.3417721518988,4.0590379199309226,0.9595275374600327,fragment,dKO,WT,antiparallel,up,26,WT (dKO DEGs)
22,-936.7088607594937,4.360330112622334,1.1810532925650314,fragment,dKO,WT,antiparallel,up,26,WT (dKO DEGs)
23,-886.0759493670887,4.558833654538179,1.346657882829665,fragment,dKO,WT,antiparallel,up,26,WT (dKO DEGs)
24,-835.4430379746836,4.930803163082172,1.593298956897019,fragment,dKO,WT,antiparallel,up,26,WT (dKO DEGs)
25,-784.8101265822784,5.486133280411745,1.8359958821515727,fragment,dKO,WT,antiparallel,up,26,WT (dKO DEGs)
26,-734.1772151898733,6.076751710634966,2.3255393410249785,fragment,dKO,WT,antiparallel,up,26,WT (dKO DEGs)
27,-683.5443037974683,7.109212824228482,3.013450233073757,fragment,dKO,WT,antiparallel,up,26,WT (dKO DEGs)
28,-632.9113924050632,7.75591106457588,3.3351879858890214,fragment,dKO,WT,antiparallel,up,26,WT (dKO DEGs)
29,-582.2784810126582,7.704885090406124,2.9365079192715977,fragment,dKO,WT,antiparallel,up,26,WT (dKO DEGs)
30,-531.6455696202531,7.186031001042097,2.2254498258016353,fragment,dKO,WT,antiparallel,up,26,WT (dKO DEGs)
31,-481.0126582278481,7.2008404840872835,1.960740055531613,fragment,dKO,WT,antiparallel,up,26,WT (dKO DEGs)
32,-430.37974683544303,6.9623188992647025,1.7749823716405437,fragment,dKO,WT,antiparallel,up,26,WT (dKO DEGs)
33,-379.746835443038,7.581079115011753,1.7883461401185596,fragment,dKO,WT,antiparallel,up,26,WT (dKO DEGs)
34,-329.11392405063293,8.756833390394847,2.249093517744108,fragment,dKO,WT,antiparallel,up,26,WT (dKO DEGs)
35,-278.4810126582279,9.930242955684662,2.648453938760085,fragment,dKO,WT,antiparallel,up,26,WT (dKO DEGs)
36,-227.84810126582283,10.683674895579998,2.6298860606605974,fragment,dKO,WT,antiparallel,up,26,WT (dKO DEGs)
37,-177.21518987341778,10.97279710946939,2.4225847857102085,fragment,dKO,WT,antiparallel,up,26,WT (dKO DEGs)
38,-126.58227848101274,11.053816905480165,2.099994549005987,fragment,dKO,WT,antiparallel,up,26,WT (dKO DEGs)
39,-75.94936708860769,11.261113953590392,1.9639607098892833,fragment,dKO,WT,antiparallel,up,26,WT (dKO DEGs)
40,-25.316455696202638,11.828171060727193,2.311703562975862,fragment,dKO,WT,antiparallel,up,26,WT (dKO DEGs)
41,25.31645569620241,12.681458860971988,3.0630307739416542,fragment,dKO,WT,antiparallel,up,26,WT (dKO DEGs)
42,75.94936708860769,13.61187296680915,3.597908433167122,fragment,dKO,WT,antiparallel,up,26,WT (dKO DEGs)
43,126.58227848101251,14.377232582355157,3.830360928156956,fragment,dKO,WT,antiparallel,up,26,WT (dKO DEGs)
44,177.21518987341778,14.674814530977836,3.8753231369508554,fragment,dKO,WT,antiparallel,up,26,WT (dKO DEGs)
45,227.8481012658226,13.580055703108128,3.8637013349115787,fragment,dKO,WT,antiparallel,up,26,WT (dKO DEGs)
46,278.4810126582279,13.069276715578177,3.9134273403429316,fragment,dKO,WT,antiparallel,up,26,WT (dKO DEGs)
47,329.1139240506327,12.10333973829563,3.666067205442112,fragment,dKO,WT,antiparallel,up,26,WT (dKO DEGs)
48,379.746835443038,11.467324298345126,3.5115848999226427,fragment,dKO,WT,antiparallel,up,26,WT (dKO DEGs)
49,430.37974683544326,11.117115163955933,3.519719853278204,fragment,dKO,WT,antiparallel,up,26,WT (dKO DEGs)
50,481.0126582278481,10.078755001043662,3.1335661779665656,fragment,dKO,WT,antiparallel,up,26,WT (dKO DEGs)
51,531.6455696202534,8.787463175394596,2.6264979684589624,fragment,dKO,WT,antiparallel,up,26,WT (dKO DEGs)
52,582.2784810126582,8.20021859719203,2.450627156175978,fragment,dKO,WT,antiparallel,up,26,WT (dKO DEGs)
53,632.9113924050635,8.223661565536107,2.6331477711651687,fragment,dKO,WT,antiparallel,up,26,WT (dKO DEGs)
54,683.5443037974683,8.589175531344535,2.9635432133385256,fragment,dKO,WT,antiparallel,up,26,WT (dKO DEGs)
55,734.1772151898736,9.889660941606913,4.136822879389643,fragment,dKO,WT,antiparallel,up,26,WT (dKO DEGs)
56,784.8101265822784,10.460260011599615,4.830296570945488,fragment,dKO,WT,antiparallel,up,26,WT (dKO DEGs)
57,835.4430379746836,10.656467641958823,5.194850329969187,fragment,dKO,WT,antiparallel,up,26,WT (dKO DEGs)
58,886.0759493670885,10.107685203216015,4.824559205266212,fragment,dKO,WT,antiparallel,up,26,WT (dKO DEGs)
59,936.7088607594937,8.723025636336741,4.146098819276363,fragment,dKO,WT,antiparallel,up,26,WT (dKO DEGs)
60,987.3417721518986,7.1388025266696244,2.9982592865631252,fragment,dKO,WT,antiparallel,up,26,WT (dKO DEGs)
61,1037.9746835443038,6.5088039720669775,2.602532307835904,fragment,dKO,WT,antiparallel,up,26,WT (dKO DEGs)
62,1088.6075949367087,6.146726983877329,2.186357587187228,fragment,dKO,WT,antiparallel,up,26,WT (dKO DEGs)
63,1139.240506329114,6.179208890107962,2.021054666601236,fragment,dKO,WT,antiparallel,up,26,WT (dKO DEGs)
64,1189.8734177215188,5.978536773492128,1.8849396844606678,fragment,dKO,WT,antiparallel,up,26,WT (dKO DEGs)
65,1240.506329113924,5.6302341902867346,1.701143308809852,fragment,dKO,WT,antiparallel,up,26,WT (dKO DEGs)
66,1291.1392405063293,5.080740945339203,1.4735541745976684,fragment,dKO,WT,antiparallel,up,26,WT (dKO DEGs)
67,1341.7721518987341,4.584236789941787,1.2320874156676116,fragment,dKO,WT,antiparallel,up,26,WT (dKO DEGs)
68,1392.4050632911394,4.281273664388901,1.290725328116051,fragment,dKO,WT,antiparallel,up,26,WT (dKO DEGs)
69,1443.0379746835442,4.310492885051629,1.3959625687883306,fragment,dKO,WT,antiparallel,up,26,WT (dKO DEGs)
70,1493.6708860759495,4.202958843555206,1.3791971019831641,fragment,dKO,WT,antiparallel,up,26,WT (dKO DEGs)
71,1544.3037974683543,4.129876651366552,1.4141970202680756,fragment,dKO,WT,antiparallel,up,26,WT (dKO DEGs)
72,1594.9367088607596,3.93647038041017,1.3733026017332637,fragment,dKO,WT,antiparallel,up,26,WT (dKO DEGs)
73,1645.5696202531644,4.005018218694589,1.393536723086099,fragment,dKO,WT,antiparallel,up,26,WT (dKO DEGs)
74,1696.2025316455697,3.904454508225123,1.311368530947496,fragment,dKO,WT,antiparallel,up,26,WT (dKO DEGs)
75,1746.8354430379745,3.4764291916749417,1.002022593939407,fragment,dKO,WT,antiparallel,up,26,WT (dKO DEGs)
76,1797.4683544303798,2.9996620810337555,0.8266810913781236,fragment,dKO,WT,antiparallel,up,26,WT (dKO DEGs)
77,1848.1012658227846,2.928033335025494,0.7847285996583285,fragment,dKO,WT,antiparallel,up,26,WT (dKO DEGs)
78,1898.73417721519,2.9115647312311026,0.7124290163042669,fragment,dKO,WT,antiparallel,up,26,WT (dKO DEGs)
79,1949.3670886075947,2.766607569884031,0.6420665553733692,fragment,dKO,WT,antiparallel,up,26,WT (dKO DEGs)
80,2000,2.6163663891951243,0.5534450269782564,fragment,dKO,WT,antiparallel,up,26,WT (dKO DEGs)
1,-2000,1.791243115632962,0.4423031630210893,fragment,dKO,WT,antiparallel,down,13,WT (dKO DEGs)
2,-1949.367088607595,1.657266378463843,0.3864629490911533,fragment,dKO,WT,antiparallel,down,13,WT (dKO DEGs)
3,-1898.73417721519,1.6205432557448363,0.343987272152068,fragment,dKO,WT,antiparallel,down,13,WT (dKO DEGs)
4,-1848.1012658227849,1.530124393548721,0.3497615423954838,fragment,dKO,WT,antiparallel,down,13,WT (dKO DEGs)
5,-1797.4683544303798,1.5283565326837392,0.3444991246731615,fragment,dKO,WT,antiparallel,down,13,WT (dKO DEGs)
6,-1746.8354430379748,1.7543678785593082,0.3711810738194617,fragment,dKO,WT,antiparallel,down,13,WT (dKO DEGs)
7,-1696.2025316455697,1.9037746138450427,0.46932868217717044,fragment,dKO,WT,antiparallel,down,13,WT (dKO DEGs)
8,-1645.5696202531644,2.0611474992067387,0.5602238658481098,fragment,dKO,WT,antiparallel,down,13,WT (dKO DEGs)
9,-1594.9367088607596,1.6890183117450812,0.44336843020000644,fragment,dKO,WT,antiparallel,down,13,WT (dKO DEGs)
10,-1544.3037974683543,1.857750628667,0.4909935949041035,fragment,dKO,WT,antiparallel,down,13,WT (dKO DEGs)
11,-1493.6708860759495,2.1810529692967733,0.4816044082311593,fragment,dKO,WT,antiparallel,down,13,WT (dKO DEGs)
12,-1443.0379746835442,2.4246876906737302,0.43262482617287734,fragment,dKO,WT,antiparallel,down,13,WT (dKO DEGs)
13,-1392.4050632911392,2.4856869339942933,0.5179416470901436,fragment,dKO,WT,antiparallel,down,13,WT (dKO DEGs)
14,-1341.7721518987341,2.324256443977356,0.43134986390360963,fragment,dKO,WT,antiparallel,down,13,WT (dKO DEGs)
15,-1291.139240506329,2.2527425523904654,0.39643262522050016,fragment,dKO,WT,antiparallel,down,13,WT (dKO DEGs)
16,-1240.506329113924,2.0316784048691776,0.515624254936635,fragment,dKO,WT,antiparallel,down,13,WT (dKO DEGs)
17,-1189.873417721519,2.363098992934594,0.6319794536622353,fragment,dKO,WT,antiparallel,down,13,WT (dKO DEGs)
18,-1139.240506329114,2.2401135661051823,0.6374544002927489,fragment,dKO,WT,antiparallel,down,13,WT (dKO DEGs)
19,-1088.607594936709,2.145831655844664,0.6442571463231195,fragment,dKO,WT,antiparallel,down,13,WT (dKO DEGs)
20,-1037.9746835443038,2.0777213965929473,0.6188649456082831,fragment,dKO,WT,antiparallel,down,13,WT (dKO DEGs)
21,-987.3417721518988,1.9797375718752543,0.5865458067078633,fragment,dKO,WT,antiparallel,down,13,WT (dKO DEGs)
22,-936.7088607594937,2.3435442145665486,0.7022302572677972,fragment,dKO,WT,antiparallel,down,13,WT (dKO DEGs)
23,-886.0759493670887,2.6634611478218666,0.826036927712581,fragment,dKO,WT,antiparallel,down,13,WT (dKO DEGs)
24,-835.4430379746836,2.5854753948480655,0.6911016286588556,fragment,dKO,WT,antiparallel,down,13,WT (dKO DEGs)
25,-784.8101265822784,2.6923819341415016,0.6297765136665864,fragment,dKO,WT,antiparallel,down,13,WT (dKO DEGs)
26,-734.1772151898733,2.8732034677725573,0.6697250114879665,fragment,dKO,WT,antiparallel,down,13,WT (dKO DEGs)
27,-683.5443037974683,3.770008567113143,0.8650161497044843,fragment,dKO,WT,antiparallel,down,13,WT (dKO DEGs)
28,-632.9113924050632,4.4487685715235195,1.0936739085180858,fragment,dKO,WT,antiparallel,down,13,WT (dKO DEGs)
29,-582.2784810126582,4.5537707746945895,1.2297122126025501,fragment,dKO,WT,antiparallel,down,13,WT (dKO DEGs)
30,-531.6455696202531,4.967492365348034,1.3872755450054766,fragment,dKO,WT,antiparallel,down,13,WT (dKO DEGs)
31,-481.0126582278481,5.302858945895464,1.4768025396137061,fragment,dKO,WT,antiparallel,down,13,WT (dKO DEGs)
32,-430.37974683544303,6.2801646401943305,1.8424232161070302,fragment,dKO,WT,antiparallel,down,13,WT (dKO DEGs)
33,-379.746835443038,7.3534065745427055,2.4872126429702366,fragment,dKO,WT,antiparallel,down,13,WT (dKO DEGs)
34,-329.11392405063293,8.37394320628582,2.9373845183134955,fragment,dKO,WT,antiparallel,down,13,WT (dKO DEGs)
35,-278.4810126582279,9.421389306569711,3.356719787035179,fragment,dKO,WT,antiparallel,down,13,WT (dKO DEGs)
36,-227.84810126582283,9.484787542330913,3.4446674408604085,fragment,dKO,WT,antiparallel,down,13,WT (dKO DEGs)
37,-177.21518987341778,9.406416534766173,3.1900614433224392,fragment,dKO,WT,antiparallel,down,13,WT (dKO DEGs)
38,-126.58227848101274,9.52347386311262,3.0074884016946255,fragment,dKO,WT,antiparallel,down,13,WT (dKO DEGs)
39,-75.94936708860769,9.454600120018691,3.2091631149803743,fragment,dKO,WT,antiparallel,down,13,WT (dKO DEGs)
40,-25.316455696202638,9.42772202772972,3.120737462444482,fragment,dKO,WT,antiparallel,down,13,WT (dKO DEGs)
41,25.31645569620241,8.535174570633815,2.5791804883603695,fragment,dKO,WT,antiparallel,down,13,WT (dKO DEGs)
42,75.94936708860769,6.923917622321691,1.8164652246042177,fragment,dKO,WT,antiparallel,down,13,WT (dKO DEGs)
43,126.58227848101251,6.033038215759473,1.3089245037002168,fragment,dKO,WT,antiparallel,down,13,WT (dKO DEGs)
44,177.21518987341778,5.298508565303607,1.2075126992520335,fragment,dKO,WT,antiparallel,down,13,WT (dKO DEGs)
45,227.8481012658226,4.984840630262326,1.123925818433874,fragment,dKO,WT,antiparallel,down,13,WT (dKO DEGs)
46,278.4810126582279,4.840483485551981,0.9732428097584777,fragment,dKO,WT,antiparallel,down,13,WT (dKO DEGs)
47,329.1139240506327,5.367339912500137,1.1696482835662012,fragment,dKO,WT,antiparallel,down,13,WT (dKO DEGs)
48,379.746835443038,5.656663710826483,1.227823047011365,fragment,dKO,WT,antiparallel,down,13,WT (dKO DEGs)
49,430.37974683544326,5.874799201366229,1.1966796670241242,fragment,dKO,WT,antiparallel,down,13,WT (dKO DEGs)
50,481.0126582278481,5.629482609003018,1.2050316199218836,fragment,dKO,WT,antiparallel,down,13,WT (dKO DEGs)
51,531.6455696202534,5.972270711324153,1.3502453289786034,fragment,dKO,WT,antiparallel,down,13,WT (dKO DEGs)
52,582.2784810126582,6.01961317001245,1.800433421034774,fragment,dKO,WT,antiparallel,down,13,WT (dKO DEGs)
53,632.9113924050635,6.358025676531669,2.1984845930610293,fragment,dKO,WT,antiparallel,down,13,WT (dKO DEGs)
54,683.5443037974683,6.3393648487482315,2.2342292342037307,fragment,dKO,WT,antiparallel,down,13,WT (dKO DEGs)
55,734.1772151898736,6.336416246401958,2.2820556079302827,fragment,dKO,WT,antiparallel,down,13,WT (dKO DEGs)
56,784.8101265822784,6.362534737036778,2.079872784755194,fragment,dKO,WT,antiparallel,down,13,WT (dKO DEGs)
57,835.4430379746836,5.286654588198051,1.6270318032720614,fragment,dKO,WT,antiparallel,down,13,WT (dKO DEGs)
58,886.0759493670885,4.287635436913906,1.2406643687587742,fragment,dKO,WT,antiparallel,down,13,WT (dKO DEGs)
59,936.7088607594937,3.6898625906308493,0.6945845500878222,fragment,dKO,WT,antiparallel,down,13,WT (dKO DEGs)
60,987.3417721518986,3.5271447039261843,0.8863300233225763,fragment,dKO,WT,antiparallel,down,13,WT (dKO DEGs)
61,1037.9746835443038,3.632770179540683,0.8897848537515376,fragment,dKO,WT,antiparallel,down,13,WT (dKO DEGs)
62,1088.6075949367087,3.316502693371895,0.8853308570547187,fragment,dKO,WT,antiparallel,down,13,WT (dKO DEGs)
63,1139.240506329114,3.2628472370979114,0.8035953990741727,fragment,dKO,WT,antiparallel,down,13,WT (dKO DEGs)
64,1189.8734177215188,3.2010611455868454,0.7865333242336426,fragment,dKO,WT,antiparallel,down,13,WT (dKO DEGs)
65,1240.506329113924,2.8968728672541104,0.8139641222990317,fragment,dKO,WT,antiparallel,down,13,WT (dKO DEGs)
66,1291.1392405063293,2.5521422148973514,0.7070453777622829,fragment,dKO,WT,antiparallel,down,13,WT (dKO DEGs)
67,1341.7721518987341,2.316274464986263,0.6004988011997253,fragment,dKO,WT,antiparallel,down,13,WT (dKO DEGs)
68,1392.4050632911394,2.376237358741271,0.5529570073815623,fragment,dKO,WT,antiparallel,down,13,WT (dKO DEGs)
69,1443.0379746835442,2.3192829413291736,0.5012000755753665,fragment,dKO,WT,antiparallel,down,13,WT (dKO DEGs)
70,1493.6708860759495,2.183702323864668,0.5218054751187559,fragment,dKO,WT,antiparallel,down,13,WT (dKO DEGs)
71,1544.3037974683543,1.9449922488897273,0.43019738786883455,fragment,dKO,WT,antiparallel,down,13,WT (dKO DEGs)
72,1594.9367088607596,1.8496736646921206,0.4237427131644868,fragment,dKO,WT,antiparallel,down,13,WT (dKO DEGs)
73,1645.5696202531644,2.026083280612261,0.4885847910280194,fragment,dKO,WT,antiparallel,down,13,WT (dKO DEGs)
74,1696.2025316455697,2.1760925896351155,0.43146259689223465,fragment,dKO,WT,antiparallel,down,13,WT (dKO DEGs)
75,1746.8354430379745,2.136896231235602,0.37700337495661573,fragment,dKO,WT,antiparallel,down,13,WT (dKO DEGs)
76,1797.4683544303798,2.111386584502,0.36102451724099627,fragment,dKO,WT,antiparallel,down,13,WT (dKO DEGs)
77,1848.1012658227846,2.0786618778033135,0.3127185178010304,fragment,dKO,WT,antiparallel,down,13,WT (dKO DEGs)
78,1898.73417721519,2.1971335025322745,0.4455085681863739,fragment,dKO,WT,antiparallel,down,13,WT (dKO DEGs)
79,1949.3670886075947,2.0687063021537586,0.5159685728526926,fragment,dKO,WT,antiparallel,down,13,WT (dKO DEGs)
80,2000,1.9680059113869302,0.5343346445933159,fragment,dKO,WT,antiparallel,down,13,WT (dKO DEGs)
1,-2000,7.033659683496524,2.0189842399907154,fragment,dKO,WT,hybrid,up,39,WT (dKO DEGs)
2,-1949.367088607595,7.648428162815224,2.314225475159094,fragment,dKO,WT,hybrid,up,39,WT (dKO DEGs)
3,-1898.73417721519,7.7504806182527135,2.3687561306550795,fragment,dKO,WT,hybrid,up,39,WT (dKO DEGs)
4,-1848.1012658227849,7.350380124862378,2.044640123097882,fragment,dKO,WT,hybrid,up,39,WT (dKO DEGs)
5,-1797.4683544303798,6.741864005500434,1.776592325478995,fragment,dKO,WT,hybrid,up,39,WT (dKO DEGs)
6,-1746.8354430379748,6.885235771949475,2.0996537349131765,fragment,dKO,WT,hybrid,up,39,WT (dKO DEGs)
7,-1696.2025316455697,7.2176028733579525,2.407639012988194,fragment,dKO,WT,hybrid,up,39,WT (dKO DEGs)
8,-1645.5696202531644,7.083796416816548,2.2684900676929822,fragment,dKO,WT,hybrid,up,39,WT (dKO DEGs)
9,-1594.9367088607596,6.1369586451033245,1.6301143872075512,fragment,dKO,WT,hybrid,up,39,WT (dKO DEGs)
10,-1544.3037974683543,5.253351808348272,1.2466435075832467,fragment,dKO,WT,hybrid,up,39,WT (dKO DEGs)
11,-1493.6708860759495,4.667629593865485,1.158503927033927,fragment,dKO,WT,hybrid,up,39,WT (dKO DEGs)
12,-1443.0379746835442,4.354461060650328,1.037152621668193,fragment,dKO,WT,hybrid,up,39,WT (dKO DEGs)
13,-1392.4050632911392,4.2290826216925925,0.9088951682004709,fragment,dKO,WT,hybrid,up,39,WT (dKO DEGs)
14,-1341.7721518987341,3.981513890140077,0.724117741081587,fragment,dKO,WT,hybrid,up,39,WT (dKO DEGs)
15,-1291.139240506329,3.9904992061191136,0.6895180414671515,fragment,dKO,WT,hybrid,up,39,WT (dKO DEGs)
16,-1240.506329113924,3.897779774115636,0.723017493293691,fragment,dKO,WT,hybrid,up,39,WT (dKO DEGs)
17,-1189.873417721519,3.8390347081168086,0.6715174634341768,fragment,dKO,WT,hybrid,up,39,WT (dKO DEGs)
18,-1139.240506329114,3.7454990609283123,0.6369532135394282,fragment,dKO,WT,hybrid,up,39,WT (dKO DEGs)
19,-1088.607594936709,3.7590837663055483,0.6141843661318361,fragment,dKO,WT,hybrid,up,39,WT (dKO DEGs)
20,-1037.9746835443038,3.7908502237409607,0.6754531115018146,fragment,dKO,WT,hybrid,up,39,WT (dKO DEGs)
21,-987.3417721518988,3.6129310838585225,0.6900720327783497,fragment,dKO,WT,hybrid,up,39,WT (dKO DEGs)
22,-936.7088607594937,3.7060144450521877,0.793186529501538,fragment,dKO,WT,hybrid,up,39,WT (dKO DEGs)
23,-886.0759493670887,3.712393164736593,0.8569714534738416,fragment,dKO,WT,hybrid,up,39,WT (dKO DEGs)
24,-835.4430379746836,3.854996094968584,0.89897789113439,fragment,dKO,WT,hybrid,up,39,WT (dKO DEGs)
25,-784.8101265822784,3.939519103510767,0.8802619053300448,fragment,dKO,WT,hybrid,up,39,WT (dKO DEGs)
26,-734.1772151898733,4.183448299750304,0.8432582520723022,fragment,dKO,WT,hybrid,up,39,WT (dKO DEGs)
27,-683.5443037974683,4.373901630446442,0.7885167386481396,fragment,dKO,WT,hybrid,up,39,WT (dKO DEGs)
28,-632.9113924050632,4.6691190780533685,0.8253060659983157,fragment,dKO,WT,hybrid,up,39,WT (dKO DEGs)
29,-582.2784810126582,5.12066379895577,0.8299668570978824,fragment,dKO,WT,hybrid,up,39,WT (dKO DEGs)
30,-531.6455696202531,5.767044683134454,0.8792253416124998,fragment,dKO,WT,hybrid,up,39,WT (dKO DEGs)
31,-481.0126582278481,7.010834244357215,1.2990633881837914,fragment,dKO,WT,hybrid,up,39,WT (dKO DEGs)
32,-430.37974683544303,7.891632103430919,1.6389058098362426,fragment,dKO,WT,hybrid,up,39,WT (dKO DEGs)
33,-379.746835443038,8.891479808917412,1.9127989752500292,fragment,dKO,WT,hybrid,up,39,WT (dKO DEGs)
34,-329.11392405063293,10.25452142430167,2.2028976474394866,fragment,dKO,WT,hybrid,up,39,WT (dKO DEGs)
35,-278.4810126582279,12.317354587163681,2.7670247591730117,fragment,dKO,WT,hybrid,up,39,WT (dKO DEGs)
36,-227.84810126582283,14.002307578641124,3.6601170662225284,fragment,dKO,WT,hybrid,up,39,WT (dKO DEGs)
37,-177.21518987341778,15.342310044500563,4.499205294288565,fragment,dKO,WT,hybrid,up,39,WT (dKO DEGs)
38,-126.58227848101274,16.088249325344705,4.927111977200005,fragment,dKO,WT,hybrid,up,39,WT (dKO DEGs)
39,-75.94936708860769,16.44782920014145,5.152453190505334,fragment,dKO,WT,hybrid,up,39,WT (dKO DEGs)
40,-25.316455696202638,17.27285669703769,5.289429376318511,fragment,dKO,WT,hybrid,up,39,WT (dKO DEGs)
41,25.31645569620241,17.212077758984687,5.039816365870977,fragment,dKO,WT,hybrid,up,39,WT (dKO DEGs)
42,75.94936708860769,16.944513624060868,4.80391929711827,fragment,dKO,WT,hybrid,up,39,WT (dKO DEGs)
43,126.58227848101251,16.342622802176027,4.2051490709558665,fragment,dKO,WT,hybrid,up,39,WT (dKO DEGs)
44,177.21518987341778,14.816035766520052,3.071931400915467,fragment,dKO,WT,hybrid,up,39,WT (dKO DEGs)
45,227.8481012658226,13.755082064653054,2.312046988681829,fragment,dKO,WT,hybrid,up,39,WT (dKO DEGs)
46,278.4810126582279,13.27439811027967,2.0247869326918355,fragment,dKO,WT,hybrid,up,39,WT (dKO DEGs)
47,329.1139240506327,12.522646733634492,1.8463796021353642,fragment,dKO,WT,hybrid,up,39,WT (dKO DEGs)
48,379.746835443038,12.174219014868777,1.8666469722983352,fragment,dKO,WT,hybrid,up,39,WT (dKO DEGs)
49,430.37974683544326,11.71603392733468,1.8878027848194312,fragment,dKO,WT,hybrid,up,39,WT (dKO DEGs)
50,481.0126582278481,11.547411740152246,2.0611962903616,fragment,dKO,WT,hybrid,up,39,WT (dKO DEGs)
51,531.6455696202534,10.958663342773406,2.0661964885881177,fragment,dKO,WT,hybrid,up,39,WT (dKO DEGs)
52,582.2784810126582,10.1021837972372,2.099486203826398,fragment,dKO,WT,hybrid,up,39,WT (dKO DEGs)
53,632.9113924050635,9.031785080392137,1.9466218348975939,fragment,dKO,WT,hybrid,up,39,WT (dKO DEGs)
54,683.5443037974683,8.613776511371645,1.8318272635697956,fragment,dKO,WT,hybrid,up,39,WT (dKO DEGs)
55,734.1772151898736,8.082877447380978,1.705137498260085,fragment,dKO,WT,hybrid,up,39,WT (dKO DEGs)
56,784.8101265822784,8.047601351248913,1.6916707515050573,fragment,dKO,WT,hybrid,up,39,WT (dKO DEGs)
57,835.4430379746836,7.813722284940573,1.532578177074092,fragment,dKO,WT,hybrid,up,39,WT (dKO DEGs)
58,886.0759493670885,7.092282502895746,1.2615811829794559,fragment,dKO,WT,hybrid,up,39,WT (dKO DEGs)
59,936.7088607594937,6.245694894668383,1.0132827564433158,fragment,dKO,WT,hybrid,up,39,WT (dKO DEGs)
60,987.3417721518986,6.132527853158804,1.0334960081021611,fragment,dKO,WT,hybrid,up,39,WT (dKO DEGs)
61,1037.9746835443038,5.918872247536977,1.072211732048666,fragment,dKO,WT,hybrid,up,39,WT (dKO DEGs)
62,1088.6075949367087,5.58821012829104,1.0175562746625606,fragment,dKO,WT,hybrid,up,39,WT (dKO DEGs)
63,1139.240506329114,5.03114823068309,0.8944888727187001,fragment,dKO,WT,hybrid,up,39,WT (dKO DEGs)
64,1189.8734177215188,4.579714231531844,0.8065913923110681,fragment,dKO,WT,hybrid,up,39,WT (dKO DEGs)
65,1240.506329113924,4.058104177743961,0.6873438399066957,fragment,dKO,WT,hybrid,up,39,WT (dKO DEGs)
66,1291.1392405063293,3.915205840432746,0.6647929614623564,fragment,dKO,WT,hybrid,up,39,WT (dKO DEGs)
67,1341.7721518987341,3.7127373883866857,0.6470559687819053,fragment,dKO,WT,hybrid,up,39,WT (dKO DEGs)
68,1392.4050632911394,3.184323814913758,0.5120054652930224,fragment,dKO,WT,hybrid,up,39,WT (dKO DEGs)
69,1443.0379746835442,2.825298006269667,0.4656067602594209,fragment,dKO,WT,hybrid,up,39,WT (dKO DEGs)
70,1493.6708860759495,2.5671330285683656,0.44045351562664625,fragment,dKO,WT,hybrid,up,39,WT (dKO DEGs)
71,1544.3037974683543,2.5737252307957053,0.4580800818834708,fragment,dKO,WT,hybrid,up,39,WT (dKO DEGs)
72,1594.9367088607596,2.5383684908426725,0.5082608716232954,fragment,dKO,WT,hybrid,up,39,WT (dKO DEGs)
73,1645.5696202531644,2.61408667061064,0.5688360106842768,fragment,dKO,WT,hybrid,up,39,WT (dKO DEGs)
74,1696.2025316455697,2.8501739722439368,0.6206016720666756,fragment,dKO,WT,hybrid,up,39,WT (dKO DEGs)
75,1746.8354430379745,2.979432928093478,0.6422844685636699,fragment,dKO,WT,hybrid,up,39,WT (dKO DEGs)
76,1797.4683544303798,3.0097018902322166,0.6575163702065393,fragment,dKO,WT,hybrid,up,39,WT (dKO DEGs)
77,1848.1012658227846,2.9538848053492033,0.6747456674301365,fragment,dKO,WT,hybrid,up,39,WT (dKO DEGs)
78,1898.73417721519,3.000931196355412,0.715033383514725,fragment,dKO,WT,hybrid,up,39,WT (dKO DEGs)
79,1949.3670886075947,3.130600681101155,0.7586275845703131,fragment,dKO,WT,hybrid,up,39,WT (dKO DEGs)
80,2000,3.236301825963534,0.7951868573259215,fragment,dKO,WT,hybrid,up,39,WT (dKO DEGs)
1,-2000,2.988589158714133,0.5741689685879945,fragment,dKO,WT,hybrid,down,63,WT (dKO DEGs)
2,-1949.367088607595,3.085470785489158,0.5786846402483834,fragment,dKO,WT,hybrid,down,63,WT (dKO DEGs)
3,-1898.73417721519,2.9835211574589766,0.5394718559494462,fragment,dKO,WT,hybrid,down,63,WT (dKO DEGs)
4,-1848.1012658227849,2.889972773594831,0.4929852242535938,fragment,dKO,WT,hybrid,down,63,WT (dKO DEGs)
5,-1797.4683544303798,2.761589926399251,0.4279063338478491,fragment,dKO,WT,hybrid,down,63,WT (dKO DEGs)
6,-1746.8354430379748,2.8730032826226855,0.3919320959018669,fragment,dKO,WT,hybrid,down,63,WT (dKO DEGs)
7,-1696.2025316455697,2.80511141296417,0.3669681234057156,fragment,dKO,WT,hybrid,down,63,WT (dKO DEGs)
8,-1645.5696202531644,2.9188346137950028,0.41334235185046536,fragment,dKO,WT,hybrid,down,63,WT (dKO DEGs)
9,-1594.9367088607596,3.0659110239952327,0.5079182528894284,fragment,dKO,WT,hybrid,down,63,WT (dKO DEGs)
10,-1544.3037974683543,3.4822193977694034,0.6878330876342137,fragment,dKO,WT,hybrid,down,63,WT (dKO DEGs)
11,-1493.6708860759495,4.240845878162081,1.1506498097128095,fragment,dKO,WT,hybrid,down,63,WT (dKO DEGs)
12,-1443.0379746835442,4.720668207362846,1.4337073414876582,fragment,dKO,WT,hybrid,down,63,WT (dKO DEGs)
13,-1392.4050632911392,5.362249622912634,1.7343502414933376,fragment,dKO,WT,hybrid,down,63,WT (dKO DEGs)
14,-1341.7721518987341,6.122900388985084,2.0368303147615565,fragment,dKO,WT,hybrid,down,63,WT (dKO DEGs)
15,-1291.139240506329,6.68139867410458,2.131823922205952,fragment,dKO,WT,hybrid,down,63,WT (dKO DEGs)
16,-1240.506329113924,7.214097908476673,2.2438675992542962,fragment,dKO,WT,hybrid,down,63,WT (dKO DEGs)
17,-1189.873417721519,7.681143657555656,2.367461607194619,fragment,dKO,WT,hybrid,down,63,WT (dKO DEGs)
18,-1139.240506329114,8.189436596789688,2.48877272191354,fragment,dKO,WT,hybrid,down,63,WT (dKO DEGs)
19,-1088.607594936709,8.295728993769046,2.2917950640306826,fragment,dKO,WT,hybrid,down,63,WT (dKO DEGs)
20,-1037.9746835443038,8.473683894071629,2.254191035905034,fragment,dKO,WT,hybrid,down,63,WT (dKO DEGs)
21,-987.3417721518988,8.775799419564544,2.1473685261743243,fragment,dKO,WT,hybrid,down,63,WT (dKO DEGs)
22,-936.7088607594937,9.421720484097799,2.2273601449946785,fragment,dKO,WT,hybrid,down,63,WT (dKO DEGs)
23,-886.0759493670887,9.761707201849216,2.2310914351886786,fragment,dKO,WT,hybrid,down,63,WT (dKO DEGs)
24,-835.4430379746836,10.18058734811803,2.256711215520232,fragment,dKO,WT,hybrid,down,63,WT (dKO DEGs)
25,-784.8101265822784,10.959668236611382,2.40904159640913,fragment,dKO,WT,hybrid,down,63,WT (dKO DEGs)
26,-734.1772151898733,11.626467954898008,2.786905303709497,fragment,dKO,WT,hybrid,down,63,WT (dKO DEGs)
27,-683.5443037974683,11.790394656355419,2.899949898655202,fragment,dKO,WT,hybrid,down,63,WT (dKO DEGs)
28,-632.9113924050632,11.980586484613873,2.917470098670886,fragment,dKO,WT,hybrid,down,63,WT (dKO DEGs)
29,-582.2784810126582,12.13274659629852,2.788326502406923,fragment,dKO,WT,hybrid,down,63,WT (dKO DEGs)
30,-531.6455696202531,11.999059956906335,2.523106938111158,fragment,dKO,WT,hybrid,down,63,WT (dKO DEGs)
31,-481.0126582278481,11.606560134395721,2.1994045845492045,fragment,dKO,WT,hybrid,down,63,WT (dKO DEGs)
32,-430.37974683544303,11.428925983880562,1.8652239302784743,fragment,dKO,WT,hybrid,down,63,WT (dKO DEGs)
33,-379.746835443038,12.560037246721762,1.9074064668396868,fragment,dKO,WT,hybrid,down,63,WT (dKO DEGs)
34,-329.11392405063293,13.908951019054998,2.172348040371427,fragment,dKO,WT,hybrid,down,63,WT (dKO DEGs)
35,-278.4810126582279,14.846973084886239,2.425885975194544,fragment,dKO,WT,hybrid,down,63,WT (dKO DEGs)
36,-227.84810126582283,15.059257061973451,2.6029067152144805,fragment,dKO,WT,hybrid,down,63,WT (dKO DEGs)
37,-177.21518987341778,15.937459931234834,3.0351182459412245,fragment,dKO,WT,hybrid,down,63,WT (dKO DEGs)
38,-126.58227848101274,16.400012114527364,3.1648949066543226,fragment,dKO,WT,hybrid,down,63,WT (dKO DEGs)
39,-75.94936708860769,16.13453672501145,3.099359602726772,fragment,dKO,WT,hybrid,down,63,WT (dKO DEGs)
40,-25.316455696202638,15.211028025566586,2.79740535736671,fragment,dKO,WT,hybrid,down,63,WT (dKO DEGs)
41,25.31645569620241,13.951725811214043,2.461742772493542,fragment,dKO,WT,hybrid,down,63,WT (dKO DEGs)
42,75.94936708860769,12.501272646699633,2.0830083126300183,fragment,dKO,WT,hybrid,down,63,WT (dKO DEGs)
43,126.58227848101251,11.826061101275146,1.9002789908887303,fragment,dKO,WT,hybrid,down,63,WT (dKO DEGs)
44,177.21518987341778,11.177833000755815,1.7504285673914277,fragment,dKO,WT,hybrid,down,63,WT (dKO DEGs)
45,227.8481012658226,10.386896108445667,1.649214548882679,fragment,dKO,WT,hybrid,down,63,WT (dKO DEGs)
46,278.4810126582279,9.344169574149703,1.5566643696142364,fragment,dKO,WT,hybrid,down,63,WT (dKO DEGs)
47,329.1139240506327,8.404071912639356,1.3532010814646975,fragment,dKO,WT,hybrid,down,63,WT (dKO DEGs)
48,379.746835443038,7.874370884428579,1.2521400581512945,fragment,dKO,WT,hybrid,down,63,WT (dKO DEGs)
49,430.37974683544326,7.196882921148229,1.1162525464267574,fragment,dKO,WT,hybrid,down,63,WT (dKO DEGs)
50,481.0126582278481,6.324165378777439,0.8485417562932293,fragment,dKO,WT,hybrid,down,63,WT (dKO DEGs)
51,531.6455696202534,5.7972237803822475,0.6722612163147598,fragment,dKO,WT,hybrid,down,63,WT (dKO DEGs)
52,582.2784810126582,5.42566787673052,0.5682733329588269,fragment,dKO,WT,hybrid,down,63,WT (dKO DEGs)
53,632.9113924050635,5.047996611557309,0.5270662020129526,fragment,dKO,WT,hybrid,down,63,WT (dKO DEGs)
54,683.5443037974683,4.526840758903948,0.5077135156502746,fragment,dKO,WT,hybrid,down,63,WT (dKO DEGs)
55,734.1772151898736,4.170567896567955,0.49560657144042486,fragment,dKO,WT,hybrid,down,63,WT (dKO DEGs)
56,784.8101265822784,4.094598048742486,0.48209327544868774,fragment,dKO,WT,hybrid,down,63,WT (dKO DEGs)
57,835.4430379746836,4.140925864239849,0.5457085444397836,fragment,dKO,WT,hybrid,down,63,WT (dKO DEGs)
58,886.0759493670885,4.089764852334583,0.5552633672473817,fragment,dKO,WT,hybrid,down,63,WT (dKO DEGs)
59,936.7088607594937,4.317795809198309,0.661496273800377,fragment,dKO,WT,hybrid,down,63,WT (dKO DEGs)
60,987.3417721518986,4.618400715393995,0.9055666495464438,fragment,dKO,WT,hybrid,down,63,WT (dKO DEGs)
61,1037.9746835443038,4.717153110655527,1.077662250945581,fragment,dKO,WT,hybrid,down,63,WT (dKO DEGs)
62,1088.6075949367087,4.546849455404534,1.0929869377208634,fragment,dKO,WT,hybrid,down,63,WT (dKO DEGs)
63,1139.240506329114,4.30169184172595,1.0644931307602457,fragment,dKO,WT,hybrid,down,63,WT (dKO DEGs)
64,1189.8734177215188,4.235252863944523,1.1426193277951928,fragment,dKO,WT,hybrid,down,63,WT (dKO DEGs)
65,1240.506329113924,4.4776736797605245,1.2592820669717673,fragment,dKO,WT,hybrid,down,63,WT (dKO DEGs)
66,1291.1392405063293,4.648684262346338,1.3052653645787347,fragment,dKO,WT,hybrid,down,63,WT (dKO DEGs)
67,1341.7721518987341,4.515415765923798,1.3812339204993767,fragment,dKO,WT,hybrid,down,63,WT (dKO DEGs)
68,1392.4050632911394,4.484250662579107,1.379612709376241,fragment,dKO,WT,hybrid,down,63,WT (dKO DEGs)
69,1443.0379746835442,4.36704468235137,1.3103432634059806,fragment,dKO,WT,hybrid,down,63,WT (dKO DEGs)
70,1493.6708860759495,4.272291439651812,1.1603332715613697,fragment,dKO,WT,hybrid,down,63,WT (dKO DEGs)
71,1544.3037974683543,4.076914973309431,0.9563058915220126,fragment,dKO,WT,hybrid,down,63,WT (dKO DEGs)
72,1594.9367088607596,3.705031125003068,0.7466242372076917,fragment,dKO,WT,hybrid,down,63,WT (dKO DEGs)
73,1645.5696202531644,3.7548115156188846,0.6951423594354701,fragment,dKO,WT,hybrid,down,63,WT (dKO DEGs)
74,1696.2025316455697,3.9556907455631034,0.6852518473249698,fragment,dKO,WT,hybrid,down,63,WT (dKO DEGs)
75,1746.8354430379745,4.210828358988283,0.7124046294121562,fragment,dKO,WT,hybrid,down,63,WT (dKO DEGs)
76,1797.4683544303798,4.233931720546945,0.7750633097341706,fragment,dKO,WT,hybrid,down,63,WT (dKO DEGs)
77,1848.1012658227846,3.763175139805627,0.6212203761108532,fragment,dKO,WT,hybrid,down,63,WT (dKO DEGs)
78,1898.73417721519,3.282697344684096,0.509790391669123,fragment,dKO,WT,hybrid,down,63,WT (dKO DEGs)
79,1949.3670886075947,3.1845649481702734,0.478766621550735,fragment,dKO,WT,hybrid,down,63,WT (dKO DEGs)
80,2000,3.3130616936607966,0.5306482829493429,fragment,dKO,WT,hybrid,down,63,WT (dKO DEGs)
1,-2000,2.6202381678417384,0.13513417260769806,fragment,dKO,WT,unfiltered,up,2429,WT (dKO DEGs)
2,-1949.367088607595,2.605233622974405,0.12855337170211797,fragment,dKO,WT,unfiltered,up,2429,WT (dKO DEGs)
3,-1898.73417721519,2.5996252530086053,0.12035080140245802,fragment,dKO,WT,unfiltered,up,2429,WT (dKO DEGs)
4,-1848.1012658227849,2.5838061224424544,0.11493812000622995,fragment,dKO,WT,unfiltered,up,2429,WT (dKO DEGs)
5,-1797.4683544303798,2.5943126148972735,0.11209990090154978,fragment,dKO,WT,unfiltered,up,2429,WT (dKO DEGs)
6,-1746.8354430379748,2.5953685929373784,0.11385474292902131,fragment,dKO,WT,unfiltered,up,2429,WT (dKO DEGs)
7,-1696.2025316455697,2.59428216394515,0.12053590639524732,fragment,dKO,WT,unfiltered,up,2429,WT (dKO DEGs)
8,-1645.5696202531644,2.611219937759482,0.12383050675640589,fragment,dKO,WT,unfiltered,up,2429,WT (dKO DEGs)
9,-1594.9367088607596,2.596536885520076,0.1197808114546501,fragment,dKO,WT,unfiltered,up,2429,WT (dKO DEGs)
10,-1544.3037974683543,2.578911019215061,0.12111398299980414,fragment,dKO,WT,unfiltered,up,2429,WT (dKO DEGs)
11,-1493.6708860759495,2.610809989501963,0.13150870549818514,fragment,dKO,WT,unfiltered,up,2429,WT (dKO DEGs)
12,-1443.0379746835442,2.6525039364347016,0.13807793495662138,fragment,dKO,WT,unfiltered,up,2429,WT (dKO DEGs)
13,-1392.4050632911392,2.6821600470527205,0.14097883888949367,fragment,dKO,WT,unfiltered,up,2429,WT (dKO DEGs)
14,-1341.7721518987341,2.7178856231813913,0.14531843885341392,fragment,dKO,WT,unfiltered,up,2429,WT (dKO DEGs)
15,-1291.139240506329,2.7115507382274706,0.1390832914879051,fragment,dKO,WT,unfiltered,up,2429,WT (dKO DEGs)
16,-1240.506329113924,2.6706547311724207,0.12726355154114047,fragment,dKO,WT,unfiltered,up,2429,WT (dKO DEGs)
17,-1189.873417721519,2.6692977473571236,0.12510906173983305,fragment,dKO,WT,unfiltered,up,2429,WT (dKO DEGs)
18,-1139.240506329114,2.6916148009158887,0.12652208811303947,fragment,dKO,WT,unfiltered,up,2429,WT (dKO DEGs)
19,-1088.607594936709,2.734198879259873,0.13046144076430338,fragment,dKO,WT,unfiltered,up,2429,WT (dKO DEGs)
20,-1037.9746835443038,2.7728524816656237,0.1384567249625417,fragment,dKO,WT,unfiltered,up,2429,WT (dKO DEGs)
21,-987.3417721518988,2.8044187017924767,0.14534406537819655,fragment,dKO,WT,unfiltered,up,2429,WT (dKO DEGs)
22,-936.7088607594937,2.832936629500428,0.1502178503987447,fragment,dKO,WT,unfiltered,up,2429,WT (dKO DEGs)
23,-886.0759493670887,2.877278992767538,0.1516181204334477,fragment,dKO,WT,unfiltered,up,2429,WT (dKO DEGs)
24,-835.4430379746836,2.8579043133458075,0.14371662847984865,fragment,dKO,WT,unfiltered,up,2429,WT (dKO DEGs)
25,-784.8101265822784,2.8650109875704404,0.14117762221646787,fragment,dKO,WT,unfiltered,up,2429,WT (dKO DEGs)
26,-734.1772151898733,2.819738756154682,0.13420209998392993,fragment,dKO,WT,unfiltered,up,2429,WT (dKO DEGs)
27,-683.5443037974683,2.7701950256651413,0.12696841878814893,fragment,dKO,WT,unfiltered,up,2429,WT (dKO DEGs)
28,-632.9113924050632,2.748818996272919,0.12128001377248461,fragment,dKO,WT,unfiltered,up,2429,WT (dKO DEGs)
29,-582.2784810126582,2.7875480514876845,0.12671120881993178,fragment,dKO,WT,unfiltered,up,2429,WT (dKO DEGs)
30,-531.6455696202531,2.8319099743987564,0.13641280469158518,fragment,dKO,WT,unfiltered,up,2429,WT (dKO DEGs)
31,-481.0126582278481,2.897556789288456,0.14803722843000516,fragment,dKO,WT,unfiltered,up,2429,WT (dKO DEGs)
32,-430.37974683544303,2.9263192488467626,0.15565662369301947,fragment,dKO,WT,unfiltered,up,2429,WT (dKO DEGs)
33,-379.746835443038,2.9468310344652724,0.15635726422044136,fragment,dKO,WT,unfiltered,up,2429,WT (dKO DEGs)
34,-329.11392405063293,2.9675780566677368,0.1554290873536837,fragment,dKO,WT,unfiltered,up,2429,WT (dKO DEGs)
35,-278.4810126582279,3.0202403778726876,0.16052506111456716,fragment,dKO,WT,unfiltered,up,2429,WT (dKO DEGs)
36,-227.84810126582283,3.1010817772373342,0.16445280667375634,fragment,dKO,WT,unfiltered,up,2429,WT (dKO DEGs)
37,-177.21518987341778,3.1641495754062126,0.16964783004361314,fragment,dKO,WT,unfiltered,up,2429,WT (dKO DEGs)
38,-126.58227848101274,3.2137043425437106,0.17277564959258784,fragment,dKO,WT,unfiltered,up,2429,WT (dKO DEGs)
39,-75.94936708860769,3.2523233838894083,0.17581723278633996,fragment,dKO,WT,unfiltered,up,2429,WT (dKO DEGs)
40,-25.316455696202638,3.229065579975749,0.1729055185036689,fragment,dKO,WT,unfiltered,up,2429,WT (dKO DEGs)
41,25.31645569620241,3.191074098317699,0.1666933424106554,fragment,dKO,WT,unfiltered,up,2429,WT (dKO DEGs)
42,75.94936708860769,3.1157811280911196,0.15625790339137247,fragment,dKO,WT,unfiltered,up,2429,WT (dKO DEGs)
43,126.58227848101251,3.065933283438355,0.14561150583204666,fragment,dKO,WT,unfiltered,up,2429,WT (dKO DEGs)
44,177.21518987341778,3.009433670622733,0.13321792635458446,fragment,dKO,WT,unfiltered,up,2429,WT (dKO DEGs)
45,227.8481012658226,2.9388717487579155,0.12685933084872375,fragment,dKO,WT,unfiltered,up,2429,WT (dKO DEGs)
46,278.4810126582279,2.9152919819902388,0.12551190382277522,fragment,dKO,WT,unfiltered,up,2429,WT (dKO DEGs)
47,329.1139240506327,2.8799593111800283,0.1263498144544813,fragment,dKO,WT,unfiltered,up,2429,WT (dKO DEGs)
48,379.746835443038,2.8823010143717407,0.13291776761241048,fragment,dKO,WT,unfiltered,up,2429,WT (dKO DEGs)
49,430.37974683544326,2.8591696158449427,0.1356699286430361,fragment,dKO,WT,unfiltered,up,2429,WT (dKO DEGs)
50,481.0126582278481,2.847857114688611,0.1335713239426188,fragment,dKO,WT,unfiltered,up,2429,WT (dKO DEGs)
51,531.6455696202534,2.8219676200738575,0.12847580716483453,fragment,dKO,WT,unfiltered,up,2429,WT (dKO DEGs)
52,582.2784810126582,2.7878552152794116,0.12485395220129404,fragment,dKO,WT,unfiltered,up,2429,WT (dKO DEGs)
53,632.9113924050635,2.7836507007384377,0.12390352978225895,fragment,dKO,WT,unfiltered,up,2429,WT (dKO DEGs)
54,683.5443037974683,2.795006190615458,0.12594091742296748,fragment,dKO,WT,unfiltered,up,2429,WT (dKO DEGs)
55,734.1772151898736,2.7739166946598934,0.12469317509188803,fragment,dKO,WT,unfiltered,up,2429,WT (dKO DEGs)
56,784.8101265822784,2.751250887544325,0.12229973680082472,fragment,dKO,WT,unfiltered,up,2429,WT (dKO DEGs)
57,835.4430379746836,2.730696662899495,0.12177670409158911,fragment,dKO,WT,unfiltered,up,2429,WT (dKO DEGs)
58,886.0759493670885,2.705162025486734,0.12235540629075864,fragment,dKO,WT,unfiltered,up,2429,WT (dKO DEGs)
59,936.7088607594937,2.671799640279911,0.12643926055244667,fragment,dKO,WT,unfiltered,up,2429,WT (dKO DEGs)
60,987.3417721518986,2.6432498406997444,0.13229915678821505,fragment,dKO,WT,unfiltered,up,2429,WT (dKO DEGs)
61,1037.9746835443038,2.6071943722023825,0.1388232959697716,fragment,dKO,WT,unfiltered,up,2429,WT (dKO DEGs)
62,1088.6075949367087,2.6080983764892647,0.14749059364006362,fragment,dKO,WT,unfiltered,up,2429,WT (dKO DEGs)
63,1139.240506329114,2.658303357914542,0.15268740522000643,fragment,dKO,WT,unfiltered,up,2429,WT (dKO DEGs)
64,1189.8734177215188,2.687371061619735,0.1533215045170613,fragment,dKO,WT,unfiltered,up,2429,WT (dKO DEGs)
65,1240.506329113924,2.6678360377055585,0.1519736824230028,fragment,dKO,WT,unfiltered,up,2429,WT (dKO DEGs)
66,1291.1392405063293,2.651383754175125,0.15200045925684127,fragment,dKO,WT,unfiltered,up,2429,WT (dKO DEGs)
67,1341.7721518987341,2.607492115924236,0.14425377715095108,fragment,dKO,WT,unfiltered,up,2429,WT (dKO DEGs)
68,1392.4050632911394,2.537604721059717,0.13338700486729296,fragment,dKO,WT,unfiltered,up,2429,WT (dKO DEGs)
69,1443.0379746835442,2.465457333966801,0.11830418733182099,fragment,dKO,WT,unfiltered,up,2429,WT (dKO DEGs)
70,1493.6708860759495,2.4095144386633085,0.10534984753769447,fragment,dKO,WT,unfiltered,up,2429,WT (dKO DEGs)
71,1544.3037974683543,2.3647614740324197,0.09648247090191112,fragment,dKO,WT,unfiltered,up,2429,WT (dKO DEGs)
72,1594.9367088607596,2.3645419788916806,0.09681140019231017,fragment,dKO,WT,unfiltered,up,2429,WT (dKO DEGs)
73,1645.5696202531644,2.397686357328361,0.10272289496772545,fragment,dKO,WT,unfiltered,up,2429,WT (dKO DEGs)
74,1696.2025316455697,2.4296485794308715,0.10758097317562333,fragment,dKO,WT,unfiltered,up,2429,WT (dKO DEGs)
75,1746.8354430379745,2.420912130809835,0.10988613129195754,fragment,dKO,WT,unfiltered,up,2429,WT (dKO DEGs)
76,1797.4683544303798,2.435633814747448,0.11245181201731791,fragment,dKO,WT,unfiltered,up,2429,WT (dKO DEGs)
77,1848.1012658227846,2.4234128357785973,0.110678882733067,fragment,dKO,WT,unfiltered,up,2429,WT (dKO DEGs)
78,1898.73417721519,2.456071853612175,0.11281842232475399,fragment,dKO,WT,unfiltered,up,2429,WT (dKO DEGs)
79,1949.3670886075947,2.4269892546305103,0.11073171620891459,fragment,dKO,WT,unfiltered,up,2429,WT (dKO DEGs)
80,2000,2.4027147602616177,0.10886367168859176,fragment,dKO,WT,unfiltered,up,2429,WT (dKO DEGs)
1,-2000,2.6295513466418834,0.1295622365839392,fragment,dKO,WT,unfiltered,down,2889,WT (dKO DEGs)
2,-1949.367088607595,2.5977586571521374,0.12647432692119445,fragment,dKO,WT,unfiltered,down,2889,WT (dKO DEGs)
3,-1898.73417721519,2.5276895957764167,0.12145430465032321,fragment,dKO,WT,unfiltered,down,2889,WT (dKO DEGs)
4,-1848.1012658227849,2.5038595207361634,0.12023365802596772,fragment,dKO,WT,unfiltered,down,2889,WT (dKO DEGs)
5,-1797.4683544303798,2.4946325559816422,0.12638856262245027,fragment,dKO,WT,unfiltered,down,2889,WT (dKO DEGs)
6,-1746.8354430379748,2.511269769446231,0.13692105038940688,fragment,dKO,WT,unfiltered,down,2889,WT (dKO DEGs)
7,-1696.2025316455697,2.5013211134898916,0.14583176052353786,fragment,dKO,WT,unfiltered,down,2889,WT (dKO DEGs)
8,-1645.5696202531644,2.491897421316867,0.1423675640754745,fragment,dKO,WT,unfiltered,down,2889,WT (dKO DEGs)
9,-1594.9367088607596,2.488055378791643,0.1397803325667794,fragment,dKO,WT,unfiltered,down,2889,WT (dKO DEGs)
10,-1544.3037974683543,2.4823335268094597,0.13825805698344823,fragment,dKO,WT,unfiltered,down,2889,WT (dKO DEGs)
11,-1493.6708860759495,2.4774084351182206,0.1353031988069869,fragment,dKO,WT,unfiltered,down,2889,WT (dKO DEGs)
12,-1443.0379746835442,2.4878429927516623,0.13309156345682888,fragment,dKO,WT,unfiltered,down,2889,WT (dKO DEGs)
13,-1392.4050632911392,2.533960969964333,0.13245304196635801,fragment,dKO,WT,unfiltered,down,2889,WT (dKO DEGs)
14,-1341.7721518987341,2.592745954495333,0.1396593020127512,fragment,dKO,WT,unfiltered,down,2889,WT (dKO DEGs)
15,-1291.139240506329,2.6193859796640173,0.14452857984856882,fragment,dKO,WT,unfiltered,down,2889,WT (dKO DEGs)
16,-1240.506329113924,2.6420483016296328,0.1494082934111982,fragment,dKO,WT,unfiltered,down,2889,WT (dKO DEGs)
17,-1189.873417721519,2.660776353666657,0.15432227336729906,fragment,dKO,WT,unfiltered,down,2889,WT (dKO DEGs)
18,-1139.240506329114,2.6991761740659634,0.15260450924330202,fragment,dKO,WT,unfiltered,down,2889,WT (dKO DEGs)
19,-1088.607594936709,2.70366826069322,0.1423475828896052,fragment,dKO,WT,unfiltered,down,2889,WT (dKO DEGs)
20,-1037.9746835443038,2.6859675573113884,0.1329028778446417,fragment,dKO,WT,unfiltered,down,2889,WT (dKO DEGs)
21,-987.3417721518988,2.6513271337554944,0.12559270210098872,fragment,dKO,WT,unfiltered,down,2889,WT (dKO DEGs)
22,-936.7088607594937,2.6244679764254384,0.11946239509572903,fragment,dKO,WT,unfiltered,down,2889,WT (dKO DEGs)
23,-886.0759493670887,2.5961871395021374,0.1140881910744782,fragment,dKO,WT,unfiltered,down,2889,WT (dKO DEGs)
24,-835.4430379746836,2.565468754658849,0.10887725907350122,fragment,dKO,WT,unfiltered,down,2889,WT (dKO DEGs)
25,-784.8101265822784,2.565234516745404,0.10839622630407807,fragment,dKO,WT,unfiltered,down,2889,WT (dKO DEGs)
26,-734.1772151898733,2.592150437047332,0.1137634481032985,fragment,dKO,WT,unfiltered,down,2889,WT (dKO DEGs)
27,-683.5443037974683,2.6190516459083293,0.11600611204668733,fragment,dKO,WT,unfiltered,down,2889,WT (dKO DEGs)
28,-632.9113924050632,2.6679587429968272,0.12114889179107156,fragment,dKO,WT,unfiltered,down,2889,WT (dKO DEGs)
29,-582.2784810126582,2.7116930352835222,0.1288540814479961,fragment,dKO,WT,unfiltered,down,2889,WT (dKO DEGs)
30,-531.6455696202531,2.7452368786515513,0.1330051923548412,fragment,dKO,WT,unfiltered,down,2889,WT (dKO DEGs)
31,-481.0126582278481,2.7374341522053998,0.1332175321339499,fragment,dKO,WT,unfiltered,down,2889,WT (dKO DEGs)
32,-430.37974683544303,2.7580469816133366,0.13406254171128668,fragment,dKO,WT,unfiltered,down,2889,WT (dKO DEGs)
33,-379.746835443038,2.836887940938618,0.14304361848842542,fragment,dKO,WT,unfiltered,down,2889,WT (dKO DEGs)
34,-329.11392405063293,2.915520821557426,0.1567889153701452,fragment,dKO,WT,unfiltered,down,2889,WT (dKO DEGs)
35,-278.4810126582279,3.017296517847978,0.17000053884891764,fragment,dKO,WT,unfiltered,down,2889,WT (dKO DEGs)
36,-227.84810126582283,3.0817765760501556,0.1810853327558477,fragment,dKO,WT,unfiltered,down,2889,WT (dKO DEGs)
37,-177.21518987341778,3.1329072655645214,0.1937605829369682,fragment,dKO,WT,unfiltered,down,2889,WT (dKO DEGs)
38,-126.58227848101274,3.123182551174503,0.19440284332687655,fragment,dKO,WT,unfiltered,down,2889,WT (dKO DEGs)
39,-75.94936708860769,3.0836036993270106,0.1851448676957623,fragment,dKO,WT,unfiltered,down,2889,WT (dKO DEGs)
40,-25.316455696202638,3.005865001514458,0.16923006832914717,fragment,dKO,WT,unfiltered,down,2889,WT (dKO DEGs)
41,25.31645569620241,2.9411346291694946,0.15591416700325159,fragment,dKO,WT,unfiltered,down,2889,WT (dKO DEGs)
42,75.94936708860769,2.8526509989755415,0.14124865140054887,fragment,dKO,WT,unfiltered,down,2889,WT (dKO DEGs)
43,126.58227848101251,2.7953928455102255,0.13338013202316737,fragment,dKO,WT,unfiltered,down,2889,WT (dKO DEGs)
44,177.21518987341778,2.7472662693105248,0.1207418610556507,fragment,dKO,WT,unfiltered,down,2889,WT (dKO DEGs)
45,227.8481012658226,2.707494348859963,0.11220616604044559,fragment,dKO,WT,unfiltered,down,2889,WT (dKO DEGs)
46,278.4810126582279,2.690845969646261,0.11373996382562178,fragment,dKO,WT,unfiltered,down,2889,WT (dKO DEGs)
47,329.1139240506327,2.6694276689855676,0.1138044107994604,fragment,dKO,WT,unfiltered,down,2889,WT (dKO DEGs)
48,379.746835443038,2.6342076222729265,0.10945359283359041,fragment,dKO,WT,unfiltered,down,2889,WT (dKO DEGs)
49,430.37974683544326,2.6082516773505993,0.10533395931547557,fragment,dKO,WT,unfiltered,down,2889,WT (dKO DEGs)
50,481.0126582278481,2.6042006082333358,0.10470601987274308,fragment,dKO,WT,unfiltered,down,2889,WT (dKO DEGs)
51,531.6455696202534,2.628610923012318,0.10922484126982866,fragment,dKO,WT,unfiltered,down,2889,WT (dKO DEGs)
52,582.2784810126582,2.6432382414452147,0.11834737883723204,fragment,dKO,WT,unfiltered,down,2889,WT (dKO DEGs)
53,632.9113924050635,2.6483047622610107,0.12240903465323623,fragment,dKO,WT,unfiltered,down,2889,WT (dKO DEGs)
54,683.5443037974683,2.6545173474428068,0.12224154173276779,fragment,dKO,WT,unfiltered,down,2889,WT (dKO DEGs)
55,734.1772151898736,2.626792667566464,0.11702780254494535,fragment,dKO,WT,unfiltered,down,2889,WT (dKO DEGs)
56,784.8101265822784,2.5992719962615056,0.11125676557896734,fragment,dKO,WT,unfiltered,down,2889,WT (dKO DEGs)
57,835.4430379746836,2.5721059621439855,0.10872225547740334,fragment,dKO,WT,unfiltered,down,2889,WT (dKO DEGs)
58,886.0759493670885,2.5179347273264345,0.10502274409257727,fragment,dKO,WT,unfiltered,down,2889,WT (dKO DEGs)
59,936.7088607594937,2.4618032970754835,0.09700627196394697,fragment,dKO,WT,unfiltered,down,2889,WT (dKO DEGs)
60,987.3417721518986,2.4380672685277758,0.09450788310547832,fragment,dKO,WT,unfiltered,down,2889,WT (dKO DEGs)
61,1037.9746835443038,2.4201620428160946,0.09610422082198304,fragment,dKO,WT,unfiltered,down,2889,WT (dKO DEGs)
62,1088.6075949367087,2.4097421486190043,0.09509133217196614,fragment,dKO,WT,unfiltered,down,2889,WT (dKO DEGs)
63,1139.240506329114,2.3830780985882627,0.09128065044846148,fragment,dKO,WT,unfiltered,down,2889,WT (dKO DEGs)
64,1189.8734177215188,2.362580989219475,0.09037642632744397,fragment,dKO,WT,unfiltered,down,2889,WT (dKO DEGs)
65,1240.506329113924,2.3441428783665295,0.09388452828827902,fragment,dKO,WT,unfiltered,down,2889,WT (dKO DEGs)
66,1291.1392405063293,2.3477700430190573,0.10183936130257677,fragment,dKO,WT,unfiltered,down,2889,WT (dKO DEGs)
67,1341.7721518987341,2.372433871778755,0.1242667047178384,fragment,dKO,WT,unfiltered,down,2889,WT (dKO DEGs)
68,1392.4050632911394,2.40263978965835,0.1559658335316496,fragment,dKO,WT,unfiltered,down,2889,WT (dKO DEGs)
69,1443.0379746835442,2.442904744877214,0.1791284366008454,fragment,dKO,WT,unfiltered,down,2889,WT (dKO DEGs)
70,1493.6708860759495,2.4631705679394313,0.18834021532588224,fragment,dKO,WT,unfiltered,down,2889,WT (dKO DEGs)
71,1544.3037974683543,2.4799807864188157,0.18662043674382067,fragment,dKO,WT,unfiltered,down,2889,WT (dKO DEGs)
72,1594.9367088607596,2.4894844562602287,0.17682946070972005,fragment,dKO,WT,unfiltered,down,2889,WT (dKO DEGs)
73,1645.5696202531644,2.496632402799026,0.15314219033329401,fragment,dKO,WT,unfiltered,down,2889,WT (dKO DEGs)
74,1696.2025316455697,2.47038679136739,0.12608126119767013,fragment,dKO,WT,unfiltered,down,2889,WT (dKO DEGs)
75,1746.8354430379745,2.501516288045866,0.13242049513527845,fragment,dKO,WT,unfiltered,down,2889,WT (dKO DEGs)
76,1797.4683544303798,2.563960989186143,0.15845253527957112,fragment,dKO,WT,unfiltered,down,2889,WT (dKO DEGs)
77,1848.1012658227846,2.6064089493933698,0.18343364805113416,fragment,dKO,WT,unfiltered,down,2889,WT (dKO DEGs)
78,1898.73417721519,2.629942186304462,0.20148925966129883,fragment,dKO,WT,unfiltered,down,2889,WT (dKO DEGs)
79,1949.3670886075947,2.6112407969688225,0.20304670302038091,fragment,dKO,WT,unfiltered,down,2889,WT (dKO DEGs)
80,2000,2.5657304058678703,0.18975462992767542,fragment,dKO,WT,unfiltered,down,2889,WT (dKO DEGs)
1,-2000,2.907551225527935,0.35034667926414836,gene,dKO,WT,pooled,up,187,WT (dKO DEGs)
2,-1949.367088607595,2.8946124398644595,0.3284984863995345,gene,dKO,WT,pooled,up,187,WT (dKO DEGs)
3,-1898.73417721519,2.9382360731641666,0.3140427069644643,gene,dKO,WT,pooled,up,187,WT (dKO DEGs)
4,-1848.1012658227849,2.976060417981921,0.32559575085552833,gene,dKO,WT,pooled,up,187,WT (dKO DEGs)
5,-1797.4683544303798,3.176389392901232,0.3630032707627748,gene,dKO,WT,pooled,up,187,WT (dKO DEGs)
6,-1746.8354430379748,3.4268095376317302,0.4500268144451548,gene,dKO,WT,pooled,up,187,WT (dKO DEGs)
7,-1696.2025316455697,3.5493877205024216,0.5193437591675744,gene,dKO,WT,pooled,up,187,WT (dKO DEGs)
8,-1645.5696202531644,3.618309831525765,0.5272703143598237,gene,dKO,WT,pooled,up,187,WT (dKO DEGs)
9,-1594.9367088607596,3.6061577992218274,0.45712673693619654,gene,dKO,WT,pooled,up,187,WT (dKO DEGs)
10,-1544.3037974683543,3.939369277091375,0.5938371750389897,gene,dKO,WT,pooled,up,187,WT (dKO DEGs)
11,-1493.6708860759495,4.406003671674167,0.911985866775595,gene,dKO,WT,pooled,up,187,WT (dKO DEGs)
12,-1443.0379746835442,4.795610338987089,1.0793359711188835,gene,dKO,WT,pooled,up,187,WT (dKO DEGs)
13,-1392.4050632911392,5.047341599902155,1.1823271821805232,gene,dKO,WT,pooled,up,187,WT (dKO DEGs)
14,-1341.7721518987341,5.209052690732926,1.250073691016781,gene,dKO,WT,pooled,up,187,WT (dKO DEGs)
15,-1291.139240506329,5.156028775692836,1.123739957697977,gene,dKO,WT,pooled,up,187,WT (dKO DEGs)
16,-1240.506329113924,4.871157254968735,0.8216880975607407,gene,dKO,WT,pooled,up,187,WT (dKO DEGs)
17,-1189.873417721519,4.80134259593678,0.6904479203225449,gene,dKO,WT,pooled,up,187,WT (dKO DEGs)
18,-1139.240506329114,4.849686767502477,0.697040775718844,gene,dKO,WT,pooled,up,187,WT (dKO DEGs)
19,-1088.607594936709,4.963713094444411,0.7930511538176401,gene,dKO,WT,pooled,up,187,WT (dKO DEGs)
20,-1037.9746835443038,5.228147806934282,0.9396843430551772,gene,dKO,WT,pooled,up,187,WT (dKO DEGs)
21,-987.3417721518988,5.536572938662374,1.051030781796735,gene,dKO,WT,pooled,up,187,WT (dKO DEGs)
22,-936.7088607594937,6.0624813348341755,1.1466022861263951,gene,dKO,WT,pooled,up,187,WT (dKO DEGs)
23,-886.0759493670887,6.731017243709156,1.2071627143676371,gene,dKO,WT,pooled,up,187,WT (dKO DEGs)
24,-835.4430379746836,7.128520853791432,1.1192965791351495,gene,dKO,WT,pooled,up,187,WT (dKO DEGs)
25,-784.8101265822784,7.887205359234529,1.1344544969859918,gene,dKO,WT,pooled,up,187,WT (dKO DEGs)
26,-734.1772151898733,8.182180081705784,1.1207839314160712,gene,dKO,WT,pooled,up,187,WT (dKO DEGs)
27,-683.5443037974683,8.160308561618315,1.0682884084932343,gene,dKO,WT,pooled,up,187,WT (dKO DEGs)
28,-632.9113924050632,8.269615364962933,0.9919432773258512,gene,dKO,WT,pooled,up,187,WT (dKO DEGs)
29,-582.2784810126582,8.583021516387689,0.9333742205508279,gene,dKO,WT,pooled,up,187,WT (dKO DEGs)
30,-531.6455696202531,8.876721306306155,0.8592271597977176,gene,dKO,WT,pooled,up,187,WT (dKO DEGs)
31,-481.0126582278481,9.560373471237972,0.9047893667911528,gene,dKO,WT,pooled,up,187,WT (dKO DEGs)
32,-430.37974683544303,10.054337864712599,0.9968255170138857,gene,dKO,WT,pooled,up,187,WT (dKO DEGs)
33,-379.746835443038,10.500683954204042,1.0658266033110855,gene,dKO,WT,pooled,up,187,WT (dKO DEGs)
34,-329.11392405063293,10.788320367965255,1.102885875334637,gene,dKO,WT,pooled,up,187,WT (dKO DEGs)
35,-278.4810126582279,11.322566078673923,1.1925887179304617,gene,dKO,WT,pooled,up,187,WT (dKO DEGs)
36,-227.84810126582283,12.16967450503997,1.3488335285694055,gene,dKO,WT,pooled,up,187,WT (dKO DEGs)
37,-177.21518987341778,12.929334953056513,1.510777542722646,gene,dKO,WT,pooled,up,187,WT (dKO DEGs)
38,-126.58227848101274,13.403272874011076,1.568287751808523,gene,dKO,WT,pooled,up,187,WT (dKO DEGs)
39,-75.94936708860769,13.796363848471174,1.5837790707266435,gene,dKO,WT,pooled,up,187,WT (dKO DEGs)
40,-25.316455696202638,13.570592400827934,1.546603205024808,gene,dKO,WT,pooled,up,187,WT (dKO DEGs)
41,25.31645569620241,13.494791447011332,1.4676243943473668,gene,dKO,WT,pooled,up,187,WT (dKO DEGs)
42,75.94936708860769,12.979264290621787,1.3503391866483747,gene,dKO,WT,pooled,up,187,WT (dKO DEGs)
43,126.58227848101251,12.616610940114699,1.2108395363621367,gene,dKO,WT,pooled,up,187,WT (dKO DEGs)
44,177.21518987341778,11.87290973220492,1.0220816732221691,gene,dKO,WT,pooled,up,187,WT (dKO DEGs)
45,227.8481012658226,11.301834620987455,0.967620635235037,gene,dKO,WT,pooled,up,187,WT (dKO DEGs)
46,278.4810126582279,10.937579808655908,0.9737253726184355,gene,dKO,WT,pooled,up,187,WT (dKO DEGs)
47,329.1139240506327,10.731833665213696,1.0397132083327365,gene,dKO,WT,pooled,up,187,WT (dKO DEGs)
48,379.746835443038,10.815543502635071,1.1506551612603435,gene,dKO,WT,pooled,up,187,WT (dKO DEGs)
49,430.37974683544326,10.601690725294239,1.1922723251581426,gene,dKO,WT,pooled,up,187,WT (dKO DEGs)
50,481.0126582278481,10.494242502967305,1.1881642660464806,gene,dKO,WT,pooled,up,187,WT (dKO DEGs)
51,531.6455696202534,10.152728402946085,1.1432304005389025,gene,dKO,WT,pooled,up,187,WT (dKO DEGs)
52,582.2784810126582,9.655194543682954,1.0976592118027981,gene,dKO,WT,pooled,up,187,WT (dKO DEGs)
53,632.9113924050635,9.180832856372929,1.1053746256814365,gene,dKO,WT,pooled,up,187,WT (dKO DEGs)
54,683.5443037974683,9.099484267243302,1.1557999361941909,gene,dKO,WT,pooled,up,187,WT (dKO DEGs)
55,734.1772151898736,8.866630139588885,1.155783002318792,gene,dKO,WT,pooled,up,187,WT (dKO DEGs)
56,784.8101265822784,8.392831741560801,1.113724878067824,gene,dKO,WT,pooled,up,187,WT (dKO DEGs)
57,835.4430379746836,8.007458279451585,1.0744772956139652,gene,dKO,WT,pooled,up,187,WT (dKO DEGs)
58,886.0759493670885,7.335510953382162,0.9884589245412337,gene,dKO,WT,pooled,up,187,WT (dKO DEGs)
59,936.7088607594937,6.619046711216211,0.8880495167572773,gene,dKO,WT,pooled,up,187,WT (dKO DEGs)
60,987.3417721518986,5.988413576739782,0.7755516638615628,gene,dKO,WT,pooled,up,187,WT (dKO DEGs)
61,1037.9746835443038,5.224178866668606,0.6713101459644577,gene,dKO,WT,pooled,up,187,WT (dKO DEGs)
62,1088.6075949367087,4.6066922950659634,0.5742360768281745,gene,dKO,WT,pooled,up,187,WT (dKO DEGs)
63,1139.240506329114,4.400331425756057,0.5851044077855815,gene,dKO,WT,pooled,up,187,WT (dKO DEGs)
64,1189.8734177215188,4.2578277801107385,0.5998049211417378,gene,dKO,WT,pooled,up,187,WT (dKO DEGs)
65,1240.506329113924,4.120884429448004,0.5939153847934471,gene,dKO,WT,pooled,up,187,WT (dKO DEGs)
66,1291.1392405063293,4.025204150302737,0.6467140462429418,gene,dKO,WT,pooled,up,187,WT (dKO DEGs)
67,1341.7721518987341,3.793421268909373,0.6469442004881372,gene,dKO,WT,pooled,up,187,WT (dKO DEGs)
68,1392.4050632911394,3.631816277376471,0.5965573770885046,gene,dKO,WT,pooled,up,187,WT (dKO DEGs)
69,1443.0379746835442,3.314586575345772,0.42676891881980766,gene,dKO,WT,pooled,up,187,WT (dKO DEGs)
70,1493.6708860759495,3.1655554848856253,0.3263653377871002,gene,dKO,WT,pooled,up,187,WT (dKO DEGs)
71,1544.3037974683543,3.0907880313383704,0.3193305433320948,gene,dKO,WT,pooled,up,187,WT (dKO DEGs)
72,1594.9367088607596,3.0507183539336165,0.3225990271793367,gene,dKO,WT,pooled,up,187,WT (dKO DEGs)
73,1645.5696202531644,3.0572218150973534,0.36915358065973014,gene,dKO,WT,pooled,up,187,WT (dKO DEGs)
74,1696.2025316455697,3.2303013936083587,0.4965064935224313,gene,dKO,WT,pooled,up,187,WT (dKO DEGs)
75,1746.8354430379745,3.3533245228743596,0.6046589309593735,gene,dKO,WT,pooled,up,187,WT (dKO DEGs)
76,1797.4683544303798,3.478161199058866,0.7199962364411627,gene,dKO,WT,pooled,up,187,WT (dKO DEGs)
77,1848.1012658227846,3.407070702826488,0.7063440683383811,gene,dKO,WT,pooled,up,187,WT (dKO DEGs)
78,1898.73417721519,3.35083990724329,0.6546715141268752,gene,dKO,WT,pooled,up,187,WT (dKO DEGs)
79,1949.3670886075947,3.309609362037849,0.5953707010427014,gene,dKO,WT,pooled,up,187,WT (dKO DEGs)
80,2000,3.119047182855759,0.5059198720323042,gene,dKO,WT,pooled,up,187,WT (dKO DEGs)
1,-2000,5.525653073493508,1.0364710573198594,gene,dKO,WT,pooled,down,181,WT (dKO DEGs)
2,-1949.367088607595,5.362100646719748,0.8812204637204948,gene,dKO,WT,pooled,down,181,WT (dKO DEGs)
3,-1898.73417721519,5.12470290671396,0.7675126136236895,gene,dKO,WT,pooled,down,181,WT (dKO DEGs)
4,-1848.1012658227849,4.905715957346542,0.6728516564510076,gene,dKO,WT,pooled,down,181,WT (dKO DEGs)
5,-1797.4683544303798,4.710946135683393,0.6041995271218772,gene,dKO,WT,pooled,down,181,WT (dKO DEGs)
6,-1746.8354430379748,4.540506498220876,0.5424802355806079,gene,dKO,WT,pooled,down,181,WT (dKO DEGs)
7,-1696.2025316455697,4.2916995089620515,0.46841533572509314,gene,dKO,WT,pooled,down,181,WT (dKO DEGs)
8,-1645.5696202531644,4.254839623984272,0.4363842506436298,gene,dKO,WT,pooled,down,181,WT (dKO DEGs)
9,-1594.9367088607596,4.154090117371982,0.44914033490381156,gene,dKO,WT,pooled,down,181,WT (dKO DEGs)
10,-1544.3037974683543,4.118546964388965,0.4843352843227136,gene,dKO,WT,pooled,down,181,WT (dKO DEGs)
11,-1493.6708860759495,4.268300554159596,0.5748953701259901,gene,dKO,WT,pooled,down,181,WT (dKO DEGs)
12,-1443.0379746835442,4.276062653473069,0.6448212569075724,gene,dKO,WT,pooled,down,181,WT (dKO DEGs)
13,-1392.4050632911392,4.518446983606117,0.7379809934790018,gene,dKO,WT,pooled,down,181,WT (dKO DEGs)
14,-1341.7721518987341,4.745985841417401,0.8465674360566986,gene,dKO,WT,pooled,down,181,WT (dKO DEGs)
15,-1291.139240506329,4.921624537313401,0.8502445682546448,gene,dKO,WT,pooled,down,181,WT (dKO DEGs)
16,-1240.506329113924,5.2279644890867765,0.869701351641502,gene,dKO,WT,pooled,down,181,WT (dKO DEGs)
17,-1189.873417721519,5.404360572365327,0.8956315713189809,gene,dKO,WT,pooled,down,181,WT (dKO DEGs)
18,-1139.240506329114,5.5568128356310105,0.925257411740375,gene,dKO,WT,pooled,down,181,WT (dKO DEGs)
19,-1088.607594936709,5.620925449982533,0.8508890625213954,gene,dKO,WT,pooled,down,181,WT (dKO DEGs)
20,-1037.9746835443038,5.968175414587692,0.9241906287190175,gene,dKO,WT,pooled,down,181,WT (dKO DEGs)
21,-987.3417721518988,6.243540605273695,0.9465249256618521,gene,dKO,WT,pooled,down,181,WT (dKO DEGs)
22,-936.7088607594937,6.314474564151869,0.9340363766388851,gene,dKO,WT,pooled,down,181,WT (dKO DEGs)
23,-886.0759493670887,6.35804920218487,0.865898443347808,gene,dKO,WT,pooled,down,181,WT (dKO DEGs)
24,-835.4430379746836,6.154557782396208,0.7503806994004649,gene,dKO,WT,pooled,down,181,WT (dKO DEGs)
25,-784.8101265822784,6.063123454094812,0.6604062549067213,gene,dKO,WT,pooled,down,181,WT (dKO DEGs)
26,-734.1772151898733,6.18962351906585,0.6184887749815884,gene,dKO,WT,pooled,down,181,WT (dKO DEGs)
27,-683.5443037974683,6.739381026747477,0.6464637009699112,gene,dKO,WT,pooled,down,181,WT (dKO DEGs)
28,-632.9113924050632,7.379770035216821,0.680003072529839,gene,dKO,WT,pooled,down,181,WT (dKO DEGs)
29,-582.2784810126582,7.910512151924506,0.7188609871362677,gene,dKO,WT,pooled,down,181,WT (dKO DEGs)
30,-531.6455696202531,8.391402406565172,0.753978446300067,gene,dKO,WT,pooled,down,181,WT (dKO DEGs)
31,-481.0126582278481,9.094770807174907,0.8222259700494939,gene,dKO,WT,pooled,down,181,WT (dKO DEGs)
32,-430.37974683544303,10.016895168108615,0.9588756164221028,gene,dKO,WT,pooled,down,181,WT (dKO DEGs)
33,-379.746835443038,11.549752771898309,1.313656633445659,gene,dKO,WT,pooled,down,181,WT (dKO DEGs)
34,-329.11392405063293,13.242976738273768,1.7099228213677173,gene,dKO,WT,pooled,down,181,WT (dKO DEGs)
35,-278.4810126582279,14.678122068061793,2.041685649563627,gene,dKO,WT,pooled,down,181,WT (dKO DEGs)
36,-227.84810126582283,15.61080160140113,2.280762311008704,gene,dKO,WT,pooled,down,181,WT (dKO DEGs)
37,-177.21518987341778,16.325448318924035,2.465382589874295,gene,dKO,WT,pooled,down,181,WT (dKO DEGs)
38,-126.58227848101274,16.62428701179462,2.457805154385932,gene,dKO,WT,pooled,down,181,WT (dKO DEGs)
39,-75.94936708860769,16.679162995802105,2.2954366449106542,gene,dKO,WT,pooled,down,181,WT (dKO DEGs)
40,-25.316455696202638,16.16126727780804,1.9952413716386574,gene,dKO,WT,pooled,down,181,WT (dKO DEGs)
41,25.31645569620241,15.62124229561558,1.7720775384762883,gene,dKO,WT,pooled,down,181,WT (dKO DEGs)
42,75.94936708860769,14.634801441270783,1.5463711718259407,gene,dKO,WT,pooled,down,181,WT (dKO DEGs)
43,126.58227848101251,14.017881002048542,1.4515586063732973,gene,dKO,WT,pooled,down,181,WT (dKO DEGs)
44,177.21518987341778,13.272112007716304,1.261806419120363,gene,dKO,WT,pooled,down,181,WT (dKO DEGs)
45,227.8481012658226,12.452721971411732,1.1188687016495653,gene,dKO,WT,pooled,down,181,WT (dKO DEGs)
46,278.4810126582279,11.838954446961209,1.0761325955405379,gene,dKO,WT,pooled,down,181,WT (dKO DEGs)
47,329.1139240506327,11.03554073321446,1.0100990758266342,gene,dKO,WT,pooled,down,181,WT (dKO DEGs)
48,379.746835443038,10.269548605305054,0.9250811453411554,gene,dKO,WT,pooled,down,181,WT (dKO DEGs)
49,430.37974683544326,9.526008554545555,0.8539714566607965,gene,dKO,WT,pooled,down,181,WT (dKO DEGs)
50,481.0126582278481,8.804636392536304,0.7567908657075996,gene,dKO,WT,pooled,down,181,WT (dKO DEGs)
51,531.6455696202534,8.52519497740554,0.727738900798303,gene,dKO,WT,pooled,down,181,WT (dKO DEGs)
52,582.2784810126582,8.349524198166792,0.7540470072975566,gene,dKO,WT,pooled,down,181,WT (dKO DEGs)
53,632.9113924050635,8.206585570532095,0.8018512948674198,gene,dKO,WT,pooled,down,181,WT (dKO DEGs)
54,683.5443037974683,8.203766759280562,0.8872064138817716,gene,dKO,WT,pooled,down,181,WT (dKO DEGs)
55,734.1772151898736,8.129481795857185,0.9796965581799116,gene,dKO,WT,pooled,down,181,WT (dKO DEGs)
56,784.8101265822784,8.007700096182182,1.0527600845367482,gene,dKO,WT,pooled,down,181,WT (dKO DEGs)
57,835.4430379746836,7.833360313706196,1.088666197302654,gene,dKO,WT,pooled,down,181,WT (dKO DEGs)
58,886.0759493670885,7.496549000691753,1.0779869838031744,gene,dKO,WT,pooled,down,181,WT (dKO DEGs)
59,936.7088607594937,6.99941326448711,1.004932236146125,gene,dKO,WT,pooled,down,181,WT (dKO DEGs)
60,987.3417721518986,6.576665420940568,0.9734271592172312,gene,dKO,WT,pooled,down,181,WT (dKO DEGs)
61,1037.9746835443038,6.601064014799248,1.0002247336300345,gene,dKO,WT,pooled,down,181,WT (dKO DEGs)
62,1088.6075949367087,6.362028773810104,0.9426813356474691,gene,dKO,WT,pooled,down,181,WT (dKO DEGs)
63,1139.240506329114,5.9068544393525375,0.8134055362706757,gene,dKO,WT,pooled,down,181,WT (dKO DEGs)
64,1189.8734177215188,5.405448192527062,0.666568881403602,gene,dKO,WT,pooled,down,181,WT (dKO DEGs)
65,1240.506329113924,5.124224996136477,0.6089650584159951,gene,dKO,WT,pooled,down,181,WT (dKO DEGs)
66,1291.1392405063293,4.813043194133273,0.5927061867555299,gene,dKO,WT,pooled,down,181,WT (dKO DEGs)
67,1341.7721518987341,4.508883564178017,0.5947751507492148,gene,dKO,WT,pooled,down,181,WT (dKO DEGs)
68,1392.4050632911394,4.381303352238285,0.5817390288902666,gene,dKO,WT,pooled,down,181,WT (dKO DEGs)
69,1443.0379746835442,4.314589031067562,0.5551669846825613,gene,dKO,WT,pooled,down,181,WT (dKO DEGs)
70,1493.6708860759495,4.263966082758227,0.5111083390003458,gene,dKO,WT,pooled,down,181,WT (dKO DEGs)
71,1544.3037974683543,4.067711226119082,0.45042870760382897,gene,dKO,WT,pooled,down,181,WT (dKO DEGs)
72,1594.9367088607596,3.8559543185207725,0.40474843442351816,gene,dKO,WT,pooled,down,181,WT (dKO DEGs)
73,1645.5696202531644,3.882851918226667,0.42291919632667274,gene,dKO,WT,pooled,down,181,WT (dKO DEGs)
74,1696.2025316455697,4.2710987591040945,0.6290403323626883,gene,dKO,WT,pooled,down,181,WT (dKO DEGs)
75,1746.8354430379745,4.461594595922291,0.7602158449917252,gene,dKO,WT,pooled,down,181,WT (dKO DEGs)
76,1797.4683544303798,4.525583443242103,0.9161539653328301,gene,dKO,WT,pooled,down,181,WT (dKO DEGs)
77,1848.1012658227846,4.526404348100307,1.109687145291105,gene,dKO,WT,pooled,down,181,WT (dKO DEGs)
78,1898.73417721519,4.514286223538014,1.246836170834997,gene,dKO,WT,pooled,down,181,WT (dKO DEGs)
79,1949.3670886075947,4.282805564697715,1.1162328515476072,gene,dKO,WT,pooled,down,181,WT (dKO DEGs)
80,2000,3.981480950742795,0.8042491872621559,gene,dKO,WT,pooled,down,181,WT (dKO DEGs)
1,-2000,2.468412408173959,0.2743502240450865,gene,dKO,WT,parallel,up,159,WT (dKO DEGs)
2,-1949.367088607595,2.5065271469781982,0.26413940916775247,gene,dKO,WT,parallel,up,159,WT (dKO DEGs)
3,-1898.73417721519,2.5386901734360108,0.22203899983021053,gene,dKO,WT,parallel,up,159,WT (dKO DEGs)
4,-1848.1012658227849,2.5702363760766245,0.20902643223500023,gene,dKO,WT,parallel,up,159,WT (dKO DEGs)
5,-1797.4683544303798,2.7674743622553923,0.23900841344981877,gene,dKO,WT,parallel,up,159,WT (dKO DEGs)
6,-1746.8354430379748,2.9897396774411953,0.2865892689987341,gene,dKO,WT,parallel,up,159,WT (dKO DEGs)
7,-1696.2025316455697,3.0927635260398034,0.32070626606948943,gene,dKO,WT,parallel,up,159,WT (dKO DEGs)
8,-1645.5696202531644,3.193179280822882,0.3812329791642099,gene,dKO,WT,parallel,up,159,WT (dKO DEGs)
9,-1594.9367088607596,3.3758791761078424,0.43178506742430983,gene,dKO,WT,parallel,up,159,WT (dKO DEGs)
10,-1544.3037974683543,3.9314121869725,0.6657099091830546,gene,dKO,WT,parallel,up,159,WT (dKO DEGs)
11,-1493.6708860759495,4.546476542919687,1.0560622180496564,gene,dKO,WT,parallel,up,159,WT (dKO DEGs)
12,-1443.0379746835442,5.017714092196658,1.2577910785030668,gene,dKO,WT,parallel,up,159,WT (dKO DEGs)
13,-1392.4050632911392,5.275206609871902,1.3815541542630734,gene,dKO,WT,parallel,up,159,WT (dKO DEGs)
14,-1341.7721518987341,5.467060245942769,1.4647153396583261,gene,dKO,WT,parallel,up,159,WT (dKO DEGs)
15,-1291.139240506329,5.419139870902527,1.3158729714575568,gene,dKO,WT,parallel,up,159,WT (dKO DEGs)
16,-1240.506329113924,5.096757654329016,0.9578825716759449,gene,dKO,WT,parallel,up,159,WT (dKO DEGs)
17,-1189.873417721519,5.019889398180964,0.8013273944242488,gene,dKO,WT,parallel,up,159,WT (dKO DEGs)
18,-1139.240506329114,5.108465851797748,0.8102064414877004,gene,dKO,WT,parallel,up,159,WT (dKO DEGs)
19,-1088.607594936709,5.277098124392127,0.9248794932306368,gene,dKO,WT,parallel,up,159,WT (dKO DEGs)
20,-1037.9746835443038,5.579653093050111,1.0971066148900959,gene,dKO,WT,parallel,up,159,WT (dKO DEGs)
21,-987.3417721518988,5.9211374215309975,1.2261981475612742,gene,dKO,WT,parallel,up,159,WT (dKO DEGs)
22,-936.7088607594937,6.459748169196227,1.3344362982875815,gene,dKO,WT,parallel,up,159,WT (dKO DEGs)
23,-886.0759493670887,7.200953966251709,1.401211402594256,gene,dKO,WT,parallel,up,159,WT (dKO DEGs)
24,-835.4430379746836,7.6088073782850865,1.289002499209377,gene,dKO,WT,parallel,up,159,WT (dKO DEGs)
25,-784.8101265822784,8.48116841228753,1.2999675470592462,gene,dKO,WT,parallel,up,159,WT (dKO DEGs)
26,-734.1772151898733,8.781095910342234,1.2734716845375234,gene,dKO,WT,parallel,up,159,WT (dKO DEGs)
27,-683.5443037974683,8.592643273506525,1.1748558639538818,gene,dKO,WT,parallel,up,159,WT (dKO DEGs)
28,-632.9113924050632,8.612024895190192,1.054115185425855,gene,dKO,WT,parallel,up,159,WT (dKO DEGs)
29,-582.2784810126582,8.96983602405844,1.008935361038039,gene,dKO,WT,parallel,up,159,WT (dKO DEGs)
30,-531.6455696202531,9.344130088093396,0.9602576610300199,gene,dKO,WT,parallel,up,159,WT (dKO DEGs)
31,-481.0126582278481,9.969648003368258,1.0048726629688851,gene,dKO,WT,parallel,up,159,WT (dKO DEGs)
32,-430.37974683544303,10.491667372460634,1.108654742359197,gene,dKO,WT,parallel,up,159,WT (dKO DEGs)
33,-379.746835443038,10.93472259177602,1.1927848663717413,gene,dKO,WT,parallel,up,159,WT (dKO DEGs)
34,-329.11392405063293,11.06256935374042,1.2235405619939679,gene,dKO,WT,parallel,up,159,WT (dKO DEGs)
35,-278.4810126582279,11.48364377729048,1.3051372251277082,gene,dKO,WT,parallel,up,159,WT (dKO DEGs)
36,-227.84810126582283,12.223120958870062,1.3922587319668502,gene,dKO,WT,parallel,up,159,WT (dKO DEGs)
37,-177.21518987341778,12.889466048721497,1.4830869826745177,gene,dKO,WT,parallel,up,159,WT (dKO DEGs)
38,-126.58227848101274,13.323551342962173,1.5033732847944574,gene,dKO,WT,parallel,up,159,WT (dKO DEGs)
39,-75.94936708860769,13.680846225735527,1.47531605522031,gene,dKO,WT,parallel,up,159,WT (dKO DEGs)
40,-25.316455696202638,13.304223368882633,1.382855211545066,gene,dKO,WT,parallel,up,159,WT (dKO DEGs)
41,25.31645569620241,13.152153415430018,1.3203273799981827,gene,dKO,WT,parallel,up,159,WT (dKO DEGs)
42,75.94936708860769,12.542250677314694,1.2079792902035484,gene,dKO,WT,parallel,up,159,WT (dKO DEGs)
43,126.58227848101251,12.155736716253452,1.1320726544329303,gene,dKO,WT,parallel,up,159,WT (dKO DEGs)
44,177.21518987341778,11.57452805182219,1.078937008415428,gene,dKO,WT,parallel,up,159,WT (dKO DEGs)
45,227.8481012658226,11.147199716922872,1.0852165373629885,gene,dKO,WT,parallel,up,159,WT (dKO DEGs)
46,278.4810126582279,10.876893495388751,1.1127379095244498,gene,dKO,WT,parallel,up,159,WT (dKO DEGs)
47,329.1139240506327,10.820075720186253,1.199229780722815,gene,dKO,WT,parallel,up,159,WT (dKO DEGs)
48,379.746835443038,10.973906525855794,1.332045600014824,gene,dKO,WT,parallel,up,159,WT (dKO DEGs)
49,430.37974683544326,10.764948756579832,1.379104921753603,gene,dKO,WT,parallel,up,159,WT (dKO DEGs)
50,481.0126582278481,10.540912995118514,1.3521890168362252,gene,dKO,WT,parallel,up,159,WT (dKO DEGs)
51,531.6455696202534,10.234289005137589,1.2910962568021793,gene,dKO,WT,parallel,up,159,WT (dKO DEGs)
52,582.2784810126582,9.77084246366029,1.2267893832992272,gene,dKO,WT,parallel,up,159,WT (dKO DEGs)
53,632.9113924050635,9.222504136502367,1.2166896233862774,gene,dKO,WT,parallel,up,159,WT (dKO DEGs)
54,683.5443037974683,9.022707964959135,1.2538216690169586,gene,dKO,WT,parallel,up,159,WT (dKO DEGs)
55,734.1772151898736,8.453383652539124,1.1645877923474905,gene,dKO,WT,parallel,up,159,WT (dKO DEGs)
56,784.8101265822784,7.739891401216918,1.0242818232993463,gene,dKO,WT,parallel,up,159,WT (dKO DEGs)
57,835.4430379746836,7.189601756381789,0.9184631782528573,gene,dKO,WT,parallel,up,159,WT (dKO DEGs)
58,886.0759493670885,6.515812725376033,0.8411022094812819,gene,dKO,WT,parallel,up,159,WT (dKO DEGs)
59,936.7088607594937,5.953373209410493,0.7883724760235453,gene,dKO,WT,parallel,up,159,WT (dKO DEGs)
60,987.3417721518986,5.499584196273636,0.7592434108491497,gene,dKO,WT,parallel,up,159,WT (dKO DEGs)
61,1037.9746835443038,4.760685288101373,0.6525702024288093,gene,dKO,WT,parallel,up,159,WT (dKO DEGs)
62,1088.6075949367087,4.214982921727299,0.5689236993495502,gene,dKO,WT,parallel,up,159,WT (dKO DEGs)
63,1139.240506329114,4.043994100788605,0.6023726104067445,gene,dKO,WT,parallel,up,159,WT (dKO DEGs)
64,1189.8734177215188,3.9202687651656207,0.6340144923994385,gene,dKO,WT,parallel,up,159,WT (dKO DEGs)
65,1240.506329113924,3.839831841486805,0.6424514751212693,gene,dKO,WT,parallel,up,159,WT (dKO DEGs)
66,1291.1392405063293,3.851961579037912,0.7256689177787338,gene,dKO,WT,parallel,up,159,WT (dKO DEGs)
67,1341.7721518987341,3.7042834551829213,0.7409493495494776,gene,dKO,WT,parallel,up,159,WT (dKO DEGs)
68,1392.4050632911394,3.6297257996755077,0.6797984161082836,gene,dKO,WT,parallel,up,159,WT (dKO DEGs)
69,1443.0379746835442,3.290896108025525,0.47079370507738333,gene,dKO,WT,parallel,up,159,WT (dKO DEGs)
70,1493.6708860759495,3.1231226312439397,0.33978161322428135,gene,dKO,WT,parallel,up,159,WT (dKO DEGs)
71,1544.3037974683543,3.0313652337172248,0.3200665776068921,gene,dKO,WT,parallel,up,159,WT (dKO DEGs)
72,1594.9367088607596,2.994149561223244,0.31976288136650993,gene,dKO,WT,parallel,up,159,WT (dKO DEGs)
73,1645.5696202531644,3.013675487091456,0.37617859060763337,gene,dKO,WT,parallel,up,159,WT (dKO DEGs)
74,1696.2025316455697,3.2209438416093152,0.5464330047340002,gene,dKO,WT,parallel,up,159,WT (dKO DEGs)
75,1746.8354430379745,3.3999639473821133,0.6928156773496338,gene,dKO,WT,parallel,up,159,WT (dKO DEGs)
76,1797.4683544303798,3.596213459098864,0.8357104479398126,gene,dKO,WT,parallel,up,159,WT (dKO DEGs)
77,1848.1012658227846,3.537173975993502,0.8199087844473903,gene,dKO,WT,parallel,up,159,WT (dKO DEGs)
78,1898.73417721519,3.482024544325015,0.7591504007474594,gene,dKO,WT,parallel,up,159,WT (dKO DEGs)
79,1949.3670886075947,3.4564172429858515,0.6897268871758949,gene,dKO,WT,parallel,up,159,WT (dKO DEGs)
80,2000,3.270685416272601,0.5867561989921216,gene,dKO,WT,parallel,up,159,WT (dKO DEGs)
1,-2000,6.004415618605262,1.2360171027060258,gene,dKO,WT,parallel,down,149,WT (dKO DEGs)
2,-1949.367088607595,5.790507990316523,1.0432305272644924,gene,dKO,WT,parallel,down,149,WT (dKO DEGs)
3,-1898.73417721519,5.517964893144782,0.9057186735036503,gene,dKO,WT,parallel,down,149,WT (dKO DEGs)
4,-1848.1012658227849,5.261770546276297,0.7921435746913603,gene,dKO,WT,parallel,down,149,WT (dKO DEGs)
5,-1797.4683544303798,5.061442925369979,0.7122697619516722,gene,dKO,WT,parallel,down,149,WT (dKO DEGs)
6,-1746.8354430379748,4.826468818049036,0.6402626230678815,gene,dKO,WT,parallel,down,149,WT (dKO DEGs)
7,-1696.2025316455697,4.567955377640607,0.5508263674661661,gene,dKO,WT,parallel,down,149,WT (dKO DEGs)
8,-1645.5696202531644,4.501062391166986,0.505752698238057,gene,dKO,WT,parallel,down,149,WT (dKO DEGs)
9,-1594.9367088607596,4.329074317198205,0.5075970332092928,gene,dKO,WT,parallel,down,149,WT (dKO DEGs)
10,-1544.3037974683543,4.141105716015135,0.5218804101707663,gene,dKO,WT,parallel,down,149,WT (dKO DEGs)
11,-1493.6708860759495,4.059957137203857,0.5175679500109838,gene,dKO,WT,parallel,down,149,WT (dKO DEGs)
12,-1443.0379746835442,3.9031124167474323,0.5186786207055155,gene,dKO,WT,parallel,down,149,WT (dKO DEGs)
13,-1392.4050632911392,3.957238590397291,0.541965106922578,gene,dKO,WT,parallel,down,149,WT (dKO DEGs)
14,-1341.7721518987341,4.04970789450127,0.5983061669653913,gene,dKO,WT,parallel,down,149,WT (dKO DEGs)
15,-1291.139240506329,4.24036257566755,0.5735643303303687,gene,dKO,WT,parallel,down,149,WT (dKO DEGs)
16,-1240.506329113924,4.558744129707883,0.5781060331541231,gene,dKO,WT,parallel,down,149,WT (dKO DEGs)
17,-1189.873417721519,4.7092355985662815,0.584642546844835,gene,dKO,WT,parallel,down,149,WT (dKO DEGs)
18,-1139.240506329114,4.827034353671191,0.5989012762274168,gene,dKO,WT,parallel,down,149,WT (dKO DEGs)
19,-1088.607594936709,5.081134606687814,0.6504649067101366,gene,dKO,WT,parallel,down,149,WT (dKO DEGs)
20,-1037.9746835443038,5.537656176719623,0.839386738768169,gene,dKO,WT,parallel,down,149,WT (dKO DEGs)
21,-987.3417721518988,5.968695859583699,0.9549517405674501,gene,dKO,WT,parallel,down,149,WT (dKO DEGs)
22,-936.7088607594937,5.984288777083625,0.9397006042662204,gene,dKO,WT,parallel,down,149,WT (dKO DEGs)
23,-886.0759493670887,6.024430092378484,0.8567600908099404,gene,dKO,WT,parallel,down,149,WT (dKO DEGs)
24,-835.4430379746836,5.865876034938249,0.7225565829997268,gene,dKO,WT,parallel,down,149,WT (dKO DEGs)
25,-784.8101265822784,5.889698207527733,0.6441259194614187,gene,dKO,WT,parallel,down,149,WT (dKO DEGs)
26,-734.1772151898733,6.1379628642453445,0.6345594738455946,gene,dKO,WT,parallel,down,149,WT (dKO DEGs)
27,-683.5443037974683,6.781879150563438,0.700754043777273,gene,dKO,WT,parallel,down,149,WT (dKO DEGs)
28,-632.9113924050632,7.399256679825068,0.7592733281051102,gene,dKO,WT,parallel,down,149,WT (dKO DEGs)
29,-582.2784810126582,7.865705498667638,0.7926097034377866,gene,dKO,WT,parallel,down,149,WT (dKO DEGs)
30,-531.6455696202531,8.305966709316177,0.8295971488404946,gene,dKO,WT,parallel,down,149,WT (dKO DEGs)
31,-481.0126582278481,9.042655929511026,0.9180177851892342,gene,dKO,WT,parallel,down,149,WT (dKO DEGs)
32,-430.37974683544303,9.93121673378635,1.0886318209574566,gene,dKO,WT,parallel,down,149,WT (dKO DEGs)
33,-379.746835443038,11.427468194758866,1.5185042030393232,gene,dKO,WT,parallel,down,149,WT (dKO DEGs)
34,-329.11392405063293,12.963216116231026,1.9724021261549631,gene,dKO,WT,parallel,down,149,WT (dKO DEGs)
35,-278.4810126582279,14.342644012513043,2.3468112721727903,gene,dKO,WT,parallel,down,149,WT (dKO DEGs)
36,-227.84810126582283,15.43555873306539,2.629350406406415,gene,dKO,WT,parallel,down,149,WT (dKO DEGs)
37,-177.21518987341778,16.125442453742828,2.814303522555943,gene,dKO,WT,parallel,down,149,WT (dKO DEGs)
38,-126.58227848101274,16.332063337508465,2.786348799503369,gene,dKO,WT,parallel,down,149,WT (dKO DEGs)
39,-75.94936708860769,16.14127346725272,2.558390367937709,gene,dKO,WT,parallel,down,149,WT (dKO DEGs)
40,-25.316455696202638,15.538333158514376,2.1967260344949615,gene,dKO,WT,parallel,down,149,WT (dKO DEGs)
41,25.31645569620241,15.163378645531017,1.949110358090296,gene,dKO,WT,parallel,down,149,WT (dKO DEGs)
42,75.94936708860769,14.3425447225464,1.7064089294856275,gene,dKO,WT,parallel,down,149,WT (dKO DEGs)
43,126.58227848101251,13.745919757396049,1.609611859375187,gene,dKO,WT,parallel,down,149,WT (dKO DEGs)
44,177.21518987341778,13.002561207559019,1.3792175304255903,gene,dKO,WT,parallel,down,149,WT (dKO DEGs)
45,227.8481012658226,12.197944660480124,1.1971478500980688,gene,dKO,WT,parallel,down,149,WT (dKO DEGs)
46,278.4810126582279,11.737568336594558,1.1555436833889736,gene,dKO,WT,parallel,down,149,WT (dKO DEGs)
47,329.1139240506327,11.075704024008724,1.1083350804739953,gene,dKO,WT,parallel,down,149,WT (dKO DEGs)
48,379.746835443038,10.316823198805986,1.0134819971426752,gene,dKO,WT,parallel,down,149,WT (dKO DEGs)
49,430.37974683544326,9.67078408650904,0.9438111488033563,gene,dKO,WT,parallel,down,149,WT (dKO DEGs)
50,481.0126582278481,9.078604597042604,0.8629891499869734,gene,dKO,WT,parallel,down,149,WT (dKO DEGs)
51,531.6455696202534,8.872592796479296,0.8483027371676518,gene,dKO,WT,parallel,down,149,WT (dKO DEGs)
52,582.2784810126582,8.667468089518664,0.8876153151373859,gene,dKO,WT,parallel,down,149,WT (dKO DEGs)
53,632.9113924050635,8.509731257959233,0.9458199207413336,gene,dKO,WT,parallel,down,149,WT (dKO DEGs)
54,683.5443037974683,8.621224976754029,1.0487400838704002,gene,dKO,WT,parallel,down,149,WT (dKO DEGs)
55,734.1772151898736,8.650172017388696,1.1615188717611342,gene,dKO,WT,parallel,down,149,WT (dKO DEGs)
56,784.8101265822784,8.55729759272313,1.2544394259868614,gene,dKO,WT,parallel,down,149,WT (dKO DEGs)
57,835.4430379746836,8.400306302146356,1.2992014947623296,gene,dKO,WT,parallel,down,149,WT (dKO DEGs)
58,886.0759493670885,8.064988901631144,1.288365868349583,gene,dKO,WT,parallel,down,149,WT (dKO DEGs)
59,936.7088607594937,7.435336820481874,1.19633827086528,gene,dKO,WT,parallel,down,149,WT (dKO DEGs)
60,987.3417721518986,6.801754195562145,1.1395980545758286,gene,dKO,WT,parallel,down,149,WT (dKO DEGs)
61,1037.9746835443038,6.70794216204543,1.1469188699041128,gene,dKO,WT,parallel,down,149,WT (dKO DEGs)
62,1088.6075949367087,6.377116436318263,1.0608191016614035,gene,dKO,WT,parallel,down,149,WT (dKO DEGs)
63,1139.240506329114,5.903368415992532,0.8931260810645042,gene,dKO,WT,parallel,down,149,WT (dKO DEGs)
64,1189.8734177215188,5.317629834240182,0.6675007273676762,gene,dKO,WT,parallel,down,149,WT (dKO DEGs)
65,1240.506329113924,4.872037596195869,0.5338941976648421,gene,dKO,WT,parallel,down,149,WT (dKO DEGs)
66,1291.1392405063293,4.4544687946850825,0.4842888778874382,gene,dKO,WT,parallel,down,149,WT (dKO DEGs)
67,1341.7721518987341,4.110459435172796,0.4468644112346507,gene,dKO,WT,parallel,down,149,WT (dKO DEGs)
68,1392.4050632911394,4.013567380174428,0.42701337449256693,gene,dKO,WT,parallel,down,149,WT (dKO DEGs)
69,1443.0379746835442,4.002478524289142,0.42418760831830865,gene,dKO,WT,parallel,down,149,WT (dKO DEGs)
70,1493.6708860759495,4.015283530643855,0.4379635893800225,gene,dKO,WT,parallel,down,149,WT (dKO DEGs)
71,1544.3037974683543,3.879258028100801,0.4184922439735501,gene,dKO,WT,parallel,down,149,WT (dKO DEGs)
72,1594.9367088607596,3.7709189676225052,0.40619608690392084,gene,dKO,WT,parallel,down,149,WT (dKO DEGs)
73,1645.5696202531644,3.781459193768384,0.44265271817809954,gene,dKO,WT,parallel,down,149,WT (dKO DEGs)
74,1696.2025316455697,4.174024515744024,0.7198142674156014,gene,dKO,WT,parallel,down,149,WT (dKO DEGs)
75,1746.8354430379745,4.361506319088691,0.8891584980373219,gene,dKO,WT,parallel,down,149,WT (dKO DEGs)
76,1797.4683544303798,4.465948319707141,1.087622638560595,gene,dKO,WT,parallel,down,149,WT (dKO DEGs)
77,1848.1012658227846,4.593179473946292,1.3334688143407327,gene,dKO,WT,parallel,down,149,WT (dKO DEGs)
78,1898.73417721519,4.671496099470979,1.5041091532038968,gene,dKO,WT,parallel,down,149,WT (dKO DEGs)
79,1949.3670886075947,4.471075140240475,1.3468421105006998,gene,dKO,WT,parallel,down,149,WT (dKO DEGs)
80,2000,4.102155846909389,0.960422978090588,gene,dKO,WT,parallel,down,149,WT (dKO DEGs)
1,-2000,5.807976036628087,2.3844098472179063,gene,dKO,WT,antiparallel,up,10,WT (dKO DEGs)
2,-1949.367088607595,5.377392234484354,2.16869094623991,gene,dKO,WT,antiparallel,up,10,WT (dKO DEGs)
3,-1898.73417721519,5.183759928146999,1.8245469821940854,gene,dKO,WT,antiparallel,up,10,WT (dKO DEGs)
4,-1848.1012658227849,4.594174827655157,1.6968097117679348,gene,dKO,WT,antiparallel,up,10,WT (dKO DEGs)
5,-1797.4683544303798,4.470859411557515,1.4992220602760338,gene,dKO,WT,antiparallel,up,10,WT (dKO DEGs)
6,-1746.8354430379748,4.26128053132693,1.3060756485956133,gene,dKO,WT,antiparallel,up,10,WT (dKO DEGs)
7,-1696.2025316455697,4.077428088108698,1.1228658423216842,gene,dKO,WT,antiparallel,up,10,WT (dKO DEGs)
8,-1645.5696202531644,4.089731700579326,1.0833436486903574,gene,dKO,WT,antiparallel,up,10,WT (dKO DEGs)
9,-1594.9367088607596,3.8606714951197305,1.1628415180867318,gene,dKO,WT,antiparallel,up,10,WT (dKO DEGs)
10,-1544.3037974683543,3.6168272531827292,1.0524981395391915,gene,dKO,WT,antiparallel,up,10,WT (dKO DEGs)
11,-1493.6708860759495,3.5581321714719136,1.0693795414378657,gene,dKO,WT,antiparallel,up,10,WT (dKO DEGs)
12,-1443.0379746835442,3.7610686503251394,0.9669087255891408,gene,dKO,WT,antiparallel,up,10,WT (dKO DEGs)
13,-1392.4050632911392,3.802259660482407,0.8981388555522496,gene,dKO,WT,antiparallel,up,10,WT (dKO DEGs)
14,-1341.7721518987341,3.79953501701355,0.8726206957592509,gene,dKO,WT,antiparallel,up,10,WT (dKO DEGs)
15,-1291.139240506329,3.550561171849569,0.8958552127319716,gene,dKO,WT,antiparallel,up,10,WT (dKO DEGs)
16,-1240.506329113924,3.2859065334002175,1.0179927028765083,gene,dKO,WT,antiparallel,up,10,WT (dKO DEGs)
17,-1189.873417721519,3.1839349047342935,1.017782577548812,gene,dKO,WT,antiparallel,up,10,WT (dKO DEGs)
18,-1139.240506329114,3.3719230321248372,1.1949292177444275,gene,dKO,WT,antiparallel,up,10,WT (dKO DEGs)
19,-1088.607594936709,3.6401319840749107,1.3385153834917287,gene,dKO,WT,antiparallel,up,10,WT (dKO DEGs)
20,-1037.9746835443038,4.175826011975606,1.566778811852271,gene,dKO,WT,antiparallel,up,10,WT (dKO DEGs)
21,-987.3417721518988,4.7712516009012855,2.0770318501480975,gene,dKO,WT,antiparallel,up,10,WT (dKO DEGs)
22,-936.7088607594937,5.984298073371251,2.7577474670892332,gene,dKO,WT,antiparallel,up,10,WT (dKO DEGs)
23,-886.0759493670887,6.5320097979704546,3.2847924802516144,gene,dKO,WT,antiparallel,up,10,WT (dKO DEGs)
24,-835.4430379746836,6.984677975177765,3.94118033984585,gene,dKO,WT,antiparallel,up,10,WT (dKO DEGs)
25,-784.8101265822784,7.396687988519669,4.342714431939946,gene,dKO,WT,antiparallel,up,10,WT (dKO DEGs)
26,-734.1772151898733,7.766720344384511,5.092672946803952,gene,dKO,WT,antiparallel,up,10,WT (dKO DEGs)
27,-683.5443037974683,9.92374819779396,7.016964387330665,gene,dKO,WT,antiparallel,up,10,WT (dKO DEGs)
28,-632.9113924050632,10.803283891995747,7.969322646647526,gene,dKO,WT,antiparallel,up,10,WT (dKO DEGs)
29,-582.2784810126582,9.95018784681956,6.781817279541035,gene,dKO,WT,antiparallel,up,10,WT (dKO DEGs)
30,-531.6455696202531,8.161533490101496,4.580609665248698,gene,dKO,WT,antiparallel,up,10,WT (dKO DEGs)
31,-481.0126582278481,7.726283890088399,3.9305184907502406,gene,dKO,WT,antiparallel,up,10,WT (dKO DEGs)
32,-430.37974683544303,7.041207694689433,3.2408538142634677,gene,dKO,WT,antiparallel,up,10,WT (dKO DEGs)
33,-379.746835443038,6.732366502523422,2.4217400472465913,gene,dKO,WT,antiparallel,up,10,WT (dKO DEGs)
34,-329.11392405063293,6.600005776246388,1.8443494484978424,gene,dKO,WT,antiparallel,up,10,WT (dKO DEGs)
35,-278.4810126582279,6.662430721362432,1.598420884096784,gene,dKO,WT,antiparallel,up,10,WT (dKO DEGs)
36,-227.84810126582283,6.838850001414617,1.8134833363429617,gene,dKO,WT,antiparallel,up,10,WT (dKO DEGs)
37,-177.21518987341778,6.900214795509974,1.7349524319322618,gene,dKO,WT,antiparallel,up,10,WT (dKO DEGs)
38,-126.58227848101274,7.333096851348877,1.9029440896117282,gene,dKO,WT,antiparallel,up,10,WT (dKO DEGs)
39,-75.94936708860769,7.218126544634501,1.7303783164945554,gene,dKO,WT,antiparallel,up,10,WT (dKO DEGs)
40,-25.316455696202638,6.903955669085184,1.4679802340520345,gene,dKO,WT,antiparallel,up,10,WT (dKO DEGs)
41,25.31645569620241,7.865430469592413,1.5656231167848376,gene,dKO,WT,antiparallel,up,10,WT (dKO DEGs)
42,75.94936708860769,8.995678878863652,2.022225504168148,gene,dKO,WT,antiparallel,up,10,WT (dKO DEGs)
43,126.58227848101251,10.639131102879842,2.6197952865244494,gene,dKO,WT,antiparallel,up,10,WT (dKO DEGs)
44,177.21518987341778,10.943477678457896,2.548370842707676,gene,dKO,WT,antiparallel,up,10,WT (dKO DEGs)
45,227.8481012658226,9.520067740360895,2.10968678411054,gene,dKO,WT,antiparallel,up,10,WT (dKO DEGs)
46,278.4810126582279,8.526335191090903,2.065764756092197,gene,dKO,WT,antiparallel,up,10,WT (dKO DEGs)
47,329.1139240506327,8.01695342683792,1.7999913672507184,gene,dKO,WT,antiparallel,up,10,WT (dKO DEGs)
48,379.746835443038,8.380882321596145,2.0486067299029593,gene,dKO,WT,antiparallel,up,10,WT (dKO DEGs)
49,430.37974683544326,8.732552806218465,2.527817007140886,gene,dKO,WT,antiparallel,up,10,WT (dKO DEGs)
50,481.0126582278481,10.144444525559743,4.434988285884046,gene,dKO,WT,antiparallel,up,10,WT (dKO DEGs)
51,531.6455696202534,10.335605567614238,5.008105918948089,gene,dKO,WT,antiparallel,up,10,WT (dKO DEGs)
52,582.2784810126582,10.025981769243876,5.305638709993749,gene,dKO,WT,antiparallel,up,10,WT (dKO DEGs)
53,632.9113924050635,11.08006335290273,6.156931066892819,gene,dKO,WT,antiparallel,up,10,WT (dKO DEGs)
54,683.5443037974683,12.518990784088771,7.199045492851565,gene,dKO,WT,antiparallel,up,10,WT (dKO DEGs)
55,734.1772151898736,17.18556737621625,10.317770392432369,gene,dKO,WT,antiparallel,up,10,WT (dKO DEGs)
56,784.8101265822784,20.314583386659624,12.18946918672726,gene,dKO,WT,antiparallel,up,10,WT (dKO DEGs)
57,835.4430379746836,21.639625332276026,13.092411644550891,gene,dKO,WT,antiparallel,up,10,WT (dKO DEGs)
58,886.0759493670885,20.34293786239624,12.140854316906712,gene,dKO,WT,antiparallel,up,10,WT (dKO DEGs)
59,936.7088607594937,17.641047537167868,10.408088984645822,gene,dKO,WT,antiparallel,up,10,WT (dKO DEGs)
60,987.3417721518986,13.77885714650154,7.449888490550713,gene,dKO,WT,antiparallel,up,10,WT (dKO DEGs)
61,1037.9746835443038,12.100219513893128,6.419366625992475,gene,dKO,WT,antiparallel,up,10,WT (dKO DEGs)
62,1088.6075949367087,10.733054336865743,5.275538228495126,gene,dKO,WT,antiparallel,up,10,WT (dKO DEGs)
63,1139.240506329114,10.655992268006006,4.798777873427333,gene,dKO,WT,antiparallel,up,10,WT (dKO DEGs)
64,1189.8734177215188,10.437873733361561,4.415058127379844,gene,dKO,WT,antiparallel,up,10,WT (dKO DEGs)
65,1240.506329113924,9.563685488541921,3.907898219957939,gene,dKO,WT,antiparallel,up,10,WT (dKO DEGs)
66,1291.1392405063293,8.12422891577085,3.2782691820933105,gene,dKO,WT,antiparallel,up,10,WT (dKO DEGs)
67,1341.7721518987341,6.625579956293106,2.4845912219915585,gene,dKO,WT,antiparallel,up,10,WT (dKO DEGs)
68,1392.4050632911394,5.778592923879623,2.6322170341942317,gene,dKO,WT,antiparallel,up,10,WT (dKO DEGs)
69,1443.0379746835442,5.683457148075104,2.608167567754233,gene,dKO,WT,antiparallel,up,10,WT (dKO DEGs)
70,1493.6708860759495,5.7839875446955364,2.6590097902413414,gene,dKO,WT,antiparallel,up,10,WT (dKO DEGs)
71,1544.3037974683543,5.984533854405085,2.935743339156783,gene,dKO,WT,antiparallel,up,10,WT (dKO DEGs)
72,1594.9367088607596,6.255019609371821,3.068157549042829,gene,dKO,WT,antiparallel,up,10,WT (dKO DEGs)
73,1645.5696202531644,6.319581508874893,3.2664767595384494,gene,dKO,WT,antiparallel,up,10,WT (dKO DEGs)
74,1696.2025316455697,6.069491384824118,3.1100559815704854,gene,dKO,WT,antiparallel,up,10,WT (dKO DEGs)
75,1746.8354430379745,5.229845774730046,2.3577198396979777,gene,dKO,WT,antiparallel,up,10,WT (dKO DEGs)
76,1797.4683544303798,4.388157869656881,1.9238369238391455,gene,dKO,WT,antiparallel,up,10,WT (dKO DEGs)
77,1848.1012658227846,4.120893886327743,1.8769590161698664,gene,dKO,WT,antiparallel,up,10,WT (dKO DEGs)
78,1898.73417721519,4.001196305036545,1.676539122791853,gene,dKO,WT,antiparallel,up,10,WT (dKO DEGs)
79,1949.3670886075947,3.7677464965979257,1.4886557824314135,gene,dKO,WT,antiparallel,up,10,WT (dKO DEGs)
80,2000,3.6934886489709218,1.2254656260343488,gene,dKO,WT,antiparallel,up,10,WT (dKO DEGs)
1,-2000,5.175263661543529,2.3286487542659273,gene,dKO,WT,hybrid,up,18,WT (dKO DEGs)
2,-1949.367088607595,4.943377085570936,2.151290870658426,gene,dKO,WT,hybrid,up,18,WT (dKO DEGs)
3,-1898.73417721519,5.2200449346613,2.372650584393788,gene,dKO,WT,hybrid,up,18,WT (dKO DEGs)
4,-1848.1012658227849,5.66188700499358,2.649675367185178,gene,dKO,WT,hybrid,up,18,WT (dKO DEGs)
5,-1797.4683544303798,6.069322153241546,2.998856487156743,gene,dKO,WT,hybrid,up,18,WT (dKO DEGs)
6,-1746.8354430379748,6.82399830615079,3.8697083394963943,gene,dKO,WT,hybrid,up,18,WT (dKO DEGs)
7,-1696.2025316455697,7.289545678474285,4.571957517468104,gene,dKO,WT,hybrid,up,18,WT (dKO DEGs)
8,-1645.5696202531644,7.111728657704813,4.30170528489674,gene,dKO,WT,hybrid,up,18,WT (dKO DEGs)
9,-1594.9367088607596,5.498889139007639,2.7942812608666916,gene,dKO,WT,hybrid,up,18,WT (dKO DEGs)
10,-1544.3037974683543,4.188846919757348,1.835059246363785,gene,dKO,WT,hybrid,up,18,WT (dKO DEGs)
11,-1493.6708860759495,3.6361996980066653,1.603876723317266,gene,dKO,WT,hybrid,up,18,WT (dKO DEGs)
12,-1443.0379746835442,3.408439234892527,1.4445738687236753,gene,dKO,WT,hybrid,up,18,WT (dKO DEGs)
13,-1392.4050632911392,3.726246200402578,1.3330191408813228,gene,dKO,WT,hybrid,up,18,WT (dKO DEGs)
14,-1341.7721518987341,3.71305132733451,1.0186200347055125,gene,dKO,WT,hybrid,up,18,WT (dKO DEGs)
15,-1291.139240506329,3.7238072145868233,0.951762986094293,gene,dKO,WT,hybrid,up,18,WT (dKO DEGs)
16,-1240.506329113924,3.7590485726020955,0.9644690110771151,gene,dKO,WT,hybrid,up,18,WT (dKO DEGs)
17,-1189.873417721519,3.7694056712256536,0.9960478602201964,gene,dKO,WT,hybrid,up,18,WT (dKO DEGs)
18,-1139.240506329114,3.384784709215164,0.8260848315096364,gene,dKO,WT,hybrid,up,18,WT (dKO DEGs)
19,-1088.607594936709,2.930801502333747,0.6190535798719355,gene,dKO,WT,hybrid,up,18,WT (dKO DEGs)
20,-1037.9746835443038,2.7078076656659444,0.5963707335495809,gene,dKO,WT,hybrid,up,18,WT (dKO DEGs)
21,-987.3417721518988,2.564765194301252,0.4897439479367554,gene,dKO,WT,hybrid,up,18,WT (dKO DEGs)
22,-936.7088607594937,2.596726109893234,0.46689120089821995,gene,dKO,WT,hybrid,up,18,WT (dKO DEGs)
23,-886.0759493670887,2.690469219993662,0.44630049241571645,gene,dKO,WT,hybrid,up,18,WT (dKO DEGs)
24,-835.4430379746836,2.9659025977717506,0.5366391872235735,gene,dKO,WT,hybrid,up,18,WT (dKO DEGs)
25,-784.8101265822784,2.9130413743301675,0.5961066885353578,gene,dKO,WT,hybrid,up,18,WT (dKO DEGs)
26,-734.1772151898733,3.122567893928952,0.5624499374126078,gene,dKO,WT,hybrid,up,18,WT (dKO DEGs)
27,-683.5443037974683,3.361663253174888,0.6059566726058611,gene,dKO,WT,hybrid,up,18,WT (dKO DEGs)
28,-632.9113924050632,3.8374042218261297,0.7161102619016204,gene,dKO,WT,hybrid,up,18,WT (dKO DEGs)
29,-582.2784810126582,4.406623181722782,0.872360445749041,gene,dKO,WT,hybrid,up,18,WT (dKO DEGs)
30,-531.6455696202531,5.1452702984103444,1.0460480966792978,gene,dKO,WT,hybrid,up,18,WT (dKO DEGs)
31,-481.0126582278481,6.964053760281316,2.2394518387688893,gene,dKO,WT,hybrid,up,18,WT (dKO DEGs)
32,-430.37974683544303,7.865221751840027,2.8759446923256258,gene,dKO,WT,hybrid,up,18,WT (dKO DEGs)
33,-379.746835443038,8.760185684363048,3.13924745224909,gene,dKO,WT,hybrid,up,18,WT (dKO DEGs)
34,-329.11392405063293,10.692629100128457,3.706874205895214,gene,dKO,WT,hybrid,up,18,WT (dKO DEGs)
35,-278.4810126582279,12.488677161622931,4.501710663221089,gene,dKO,WT,hybrid,up,18,WT (dKO DEGs)
36,-227.84810126582283,14.659133331554907,6.737960869854209,gene,dKO,WT,hybrid,up,18,WT (dKO DEGs)
37,-177.21518987341778,16.631021473319443,8.716637269554626,gene,dKO,WT,hybrid,up,18,WT (dKO DEGs)
38,-126.58227848101274,17.479799744199823,9.527003088079422,gene,dKO,WT,hybrid,up,18,WT (dKO DEGs)
39,-75.94936708860769,18.47134579587866,10.140908548039047,gene,dKO,WT,hybrid,up,18,WT (dKO DEGs)
40,-25.316455696202638,19.627205922868516,10.51724882228496,gene,dKO,WT,hybrid,up,18,WT (dKO DEGs)
41,25.31645569620241,19.648850157879018,9.88256723152389,gene,dKO,WT,hybrid,up,18,WT (dKO DEGs)
42,75.94936708860769,19.052654214700063,9.136336444430597,gene,dKO,WT,hybrid,up,18,WT (dKO DEGs)
43,126.58227848101251,17.786266493797303,7.589836286776018,gene,dKO,WT,hybrid,up,18,WT (dKO DEGs)
44,177.21518987341778,15.024965716556267,4.538971248842781,gene,dKO,WT,hybrid,up,18,WT (dKO DEGs)
45,227.8481012658226,13.657646762794919,2.826092086881204,gene,dKO,WT,hybrid,up,18,WT (dKO DEGs)
46,278.4810126582279,12.813222585607459,2.1131613473972677,gene,dKO,WT,hybrid,up,18,WT (dKO DEGs)
47,329.1139240506327,11.460628978720418,1.8909034460401084,gene,dKO,WT,hybrid,up,18,WT (dKO DEGs)
48,379.746835443038,10.76925967587365,1.8395632534703028,gene,dKO,WT,hybrid,up,18,WT (dKO DEGs)
49,430.37974683544326,10.197988070646922,1.8484977914080323,gene,dKO,WT,hybrid,up,18,WT (dKO DEGs)
50,481.0126582278481,10.276318698635809,2.13655738754434,gene,dKO,WT,hybrid,up,18,WT (dKO DEGs)
51,531.6455696202534,9.330677992105484,2.070465598630635,gene,dKO,WT,hybrid,up,18,WT (dKO DEGs)
52,582.2784810126582,8.427645014127096,2.239185272728366,gene,dKO,WT,hybrid,up,18,WT (dKO DEGs)
53,632.9113924050635,7.757608494935212,2.44216932296341,gene,dKO,WT,hybrid,up,18,WT (dKO DEGs)
54,683.5443037974683,7.877949094728187,2.6579211896729804,gene,dKO,WT,hybrid,up,18,WT (dKO DEGs)
55,734.1772151898736,7.895342310402128,2.603198076849762,gene,dKO,WT,hybrid,up,18,WT (dKO DEGs)
56,784.8101265822784,7.5372760562102,2.499312943828105,gene,dKO,WT,hybrid,up,18,WT (dKO DEGs)
57,835.4430379746836,7.658431426110091,2.2648714151430123,gene,dKO,WT,hybrid,up,18,WT (dKO DEGs)
58,886.0759493670885,7.349830351317371,1.935527790818693,gene,dKO,WT,hybrid,up,18,WT (dKO DEGs)
59,936.7088607594937,6.375828851638017,1.5967449597725818,gene,dKO,WT,hybrid,up,18,WT (dKO DEGs)
60,987.3417721518986,5.978382232100875,1.6160133118385036,gene,dKO,WT,hybrid,up,18,WT (dKO DEGs)
61,1037.9746835443038,5.498349562221104,1.5755054885841255,gene,dKO,WT,hybrid,up,18,WT (dKO DEGs)
62,1088.6075949367087,4.6632572918909565,1.1899986514511518,gene,dKO,WT,hybrid,up,18,WT (dKO DEGs)
63,1139.240506329114,4.07261066171858,0.9998897449456576,gene,dKO,WT,hybrid,up,18,WT (dKO DEGs)
64,1189.8734177215188,3.8062402158754844,0.9162912600584068,gene,dKO,WT,hybrid,up,18,WT (dKO DEGs)
65,1240.506329113924,3.579737256941972,0.8311182133224512,gene,dKO,WT,hybrid,up,18,WT (dKO DEGs)
66,1291.1392405063293,3.2782775489930756,0.7409434045295754,gene,dKO,WT,hybrid,up,18,WT (dKO DEGs)
67,1341.7721518987341,3.007383797168732,0.6189712101597296,gene,dKO,WT,hybrid,up,18,WT (dKO DEGs)
68,1392.4050632911394,2.457628471233227,0.4925624718310973,gene,dKO,WT,hybrid,up,18,WT (dKO DEGs)
69,1443.0379746835442,2.207813162936105,0.4990652338492789,gene,dKO,WT,hybrid,up,18,WT (dKO DEGs)
70,1493.6708860759495,2.0856945477150104,0.5056540725650345,gene,dKO,WT,hybrid,up,18,WT (dKO DEGs)
71,1544.3037974683543,2.008052841954761,0.5487741438279663,gene,dKO,WT,hybrid,up,18,WT (dKO DEGs)
72,1594.9367088607596,1.770241992076238,0.482250141890338,gene,dKO,WT,hybrid,up,18,WT (dKO DEGs)
73,1645.5696202531644,1.6294589937174762,0.5150022724306687,gene,dKO,WT,hybrid,up,18,WT (dKO DEGs)
74,1696.2025316455697,1.7356319967022649,0.5173552060396771,gene,dKO,WT,hybrid,up,18,WT (dKO DEGs)
75,1746.8354430379745,1.8988311331360428,0.5251767472541536,gene,dKO,WT,hybrid,up,18,WT (dKO DEGs)
76,1797.4683544303798,1.929812529484431,0.5674796155384305,gene,dKO,WT,hybrid,up,18,WT (dKO DEGs)
77,1848.1012658227846,1.8612566879060533,0.564070723475808,gene,dKO,WT,hybrid,up,18,WT (dKO DEGs)
78,1898.73417721519,1.830733169802913,0.6462853698687431,gene,dKO,WT,hybrid,up,18,WT (dKO DEGs)
79,1949.3670886075947,1.7582857833526753,0.6508789372060161,gene,dKO,WT,hybrid,up,18,WT (dKO DEGs)
80,2000,1.4604419731652296,0.44982990561222447,gene,dKO,WT,hybrid,up,18,WT (dKO DEGs)
1,-2000,3.3896078067166466,1.208404370585351,gene,dKO,WT,hybrid,down,28,WT (dKO DEGs)
2,-1949.367088607595,3.478320211086954,1.2232208613202658,gene,dKO,WT,hybrid,down,28,WT (dKO DEGs)
3,-1898.73417721519,3.3788658088729497,1.1288228794778257,gene,dKO,WT,hybrid,down,28,WT (dKO DEGs)
4,-1848.1012658227849,3.3463162316594808,1.0267934101523448,gene,dKO,WT,hybrid,down,28,WT (dKO DEGs)
5,-1797.4683544303798,3.173562906696683,0.8859321822645895,gene,dKO,WT,hybrid,down,28,WT (dKO DEGs)
6,-1746.8354430379748,3.2991368080604646,0.7869926802628856,gene,dKO,WT,hybrid,down,28,WT (dKO DEGs)
7,-1696.2025316455697,3.078825794940903,0.7073410465896267,gene,dKO,WT,hybrid,down,28,WT (dKO DEGs)
8,-1645.5696202531644,3.2050708428734827,0.8125872728998811,gene,dKO,WT,hybrid,down,28,WT (dKO DEGs)
9,-1594.9367088607596,3.5581623082501546,1.0596408656266165,gene,dKO,WT,hybrid,down,28,WT (dKO DEGs)
10,-1544.3037974683543,4.337179765076864,1.458543089805794,gene,dKO,WT,hybrid,down,28,WT (dKO DEGs)
11,-1493.6708860759495,5.628058576441947,2.5151047049312347,gene,dKO,WT,hybrid,down,28,WT (dKO DEGs)
12,-1443.0379746835442,6.475587834914525,3.1367597836228622,gene,dKO,WT,hybrid,down,28,WT (dKO DEGs)
13,-1392.4050632911392,7.6251529052144,3.802175919895326,gene,dKO,WT,hybrid,down,28,WT (dKO DEGs)
14,-1341.7721518987341,8.67545131427901,4.443952300772575,gene,dKO,WT,hybrid,down,28,WT (dKO DEGs)
15,-1291.139240506329,8.850869340981756,4.5672437127679935,gene,dKO,WT,hybrid,down,28,WT (dKO DEGs)
16,-1240.506329113924,9.123795860750334,4.705891603098588,gene,dKO,WT,hybrid,down,28,WT (dKO DEGs)
17,-1189.873417721519,9.416490069826445,4.883575835573861,gene,dKO,WT,hybrid,down,28,WT (dKO DEGs)
18,-1139.240506329114,9.838235034403347,5.05673711523737,gene,dKO,WT,hybrid,down,28,WT (dKO DEGs)
19,-1088.607594936709,8.904063645828337,4.2796864563978785,gene,dKO,WT,hybrid,down,28,WT (dKO DEGs)
20,-1037.9746835443038,8.697288421392441,3.981303265514918,gene,dKO,WT,hybrid,down,28,WT (dKO DEGs)
21,-987.3417721518988,8.164105281659536,3.430644126244334,gene,dKO,WT,hybrid,down,28,WT (dKO DEGs)
22,-936.7088607594937,8.369786841103009,3.4045108226324303,gene,dKO,WT,hybrid,down,28,WT (dKO DEGs)
23,-886.0759493670887,8.333350668691454,3.2639675838984674,gene,dKO,WT,hybrid,down,28,WT (dKO DEGs)
24,-835.4430379746836,7.943808543965931,2.972493490949407,gene,dKO,WT,hybrid,down,28,WT (dKO DEGs)
25,-784.8101265822784,7.24007697179204,2.5650036932324047,gene,dKO,WT,hybrid,down,28,WT (dKO DEGs)
26,-734.1772151898733,6.696973838181723,2.160439433000276,gene,dKO,WT,hybrid,down,28,WT (dKO DEGs)
27,-683.5443037974683,6.689371834993362,1.897741532160422,gene,dKO,WT,hybrid,down,28,WT (dKO DEGs)
28,-632.9113924050632,7.347010203713462,1.7317035556611549,gene,dKO,WT,hybrid,down,28,WT (dKO DEGs)
29,-582.2784810126582,8.283013388911883,1.949012792934442,gene,dKO,WT,hybrid,down,28,WT (dKO DEGs)
30,-531.6455696202531,8.930204603757177,2.054744669038177,gene,dKO,WT,hybrid,down,28,WT (dKO DEGs)
31,-481.0126582278481,9.366794083515803,2.082386864324964,gene,dKO,WT,hybrid,down,28,WT (dKO DEGs)
32,-430.37974683544303,10.269552753737994,2.1632295149703653,gene,dKO,WT,hybrid,down,28,WT (dKO DEGs)
33,-379.746835443038,11.748812712516104,2.5175115884706027,gene,dKO,WT,hybrid,down,28,WT (dKO DEGs)
34,-329.11392405063293,14.107471417444092,3.3801416332881407,gene,dKO,WT,hybrid,down,28,WT (dKO DEGs)
35,-278.4810126582279,15.711708248967216,4.181034929915045,gene,dKO,WT,hybrid,down,28,WT (dKO DEGs)
36,-227.84810126582283,16.043850842799458,4.571828052425299,gene,dKO,WT,hybrid,down,28,WT (dKO DEGs)
37,-177.21518987341778,17.38339393751962,5.436645669718552,gene,dKO,WT,hybrid,down,28,WT (dKO DEGs)
38,-126.58227848101274,18.86662134425981,5.750282933172314,gene,dKO,WT,hybrid,down,28,WT (dKO DEGs)
39,-75.94936708860769,20.584152986520813,5.9213494704976,gene,dKO,WT,hybrid,down,28,WT (dKO DEGs)
40,-25.316455696202638,20.364318528771403,5.44989109356905,gene,dKO,WT,hybrid,down,28,WT (dKO DEGs)
41,25.31645569620241,18.947104204666047,4.870588818806567,gene,dKO,WT,hybrid,down,28,WT (dKO DEGs)
42,75.94936708860769,17.199818557813053,4.186343752292469,gene,dKO,WT,hybrid,down,28,WT (dKO DEGs)
43,126.58227848101251,16.52958333421321,3.8282765577866353,gene,dKO,WT,hybrid,down,28,WT (dKO DEGs)
44,177.21518987341778,15.776179504877046,3.5409051169888195,gene,dKO,WT,hybrid,down,28,WT (dKO DEGs)
45,227.8481012658226,14.865662314607983,3.4048109426364754,gene,dKO,WT,hybrid,down,28,WT (dKO DEGs)
46,278.4810126582279,13.413419981513705,3.251208001609708,gene,dKO,WT,hybrid,down,28,WT (dKO DEGs)
47,329.1139240506327,11.800308812430927,2.801278387157417,gene,dKO,WT,hybrid,down,28,WT (dKO DEGs)
48,379.746835443038,10.94770574791091,2.579030823941655,gene,dKO,WT,hybrid,down,28,WT (dKO DEGs)
49,430.37974683544326,9.477468721412476,2.295081387016731,gene,dKO,WT,hybrid,down,28,WT (dKO DEGs)
50,481.0126582278481,7.951373265215329,1.6724974245274562,gene,dKO,WT,hybrid,down,28,WT (dKO DEGs)
51,531.6455696202534,7.017576981016568,1.2595606244512902,gene,dKO,WT,hybrid,down,28,WT (dKO DEGs)
52,582.2784810126582,6.639162633163589,1.0234258871877993,gene,dKO,WT,hybrid,down,28,WT (dKO DEGs)
53,632.9113924050635,6.136262404123942,0.8837865920504882,gene,dKO,WT,hybrid,down,28,WT (dKO DEGs)
54,683.5443037974683,5.417236785633223,0.8693781391633946,gene,dKO,WT,hybrid,down,28,WT (dKO DEGs)
55,734.1772151898736,4.78809138479687,0.8515118403020304,gene,dKO,WT,hybrid,down,28,WT (dKO DEGs)
56,784.8101265822784,4.598582309143884,0.8282939291170001,gene,dKO,WT,hybrid,down,28,WT (dKO DEGs)
57,835.4430379746836,4.75372179093815,0.9920365517433107,gene,dKO,WT,hybrid,down,28,WT (dKO DEGs)
58,886.0759493670885,4.658990201637859,1.00921042669273,gene,dKO,WT,hybrid,down,28,WT (dKO DEGs)
59,936.7088607594937,5.002752476249422,1.2184553915282101,gene,dKO,WT,hybrid,down,28,WT (dKO DEGs)
60,987.3417721518986,5.498287408238365,1.669691073450537,gene,dKO,WT,hybrid,down,28,WT (dKO DEGs)
61,1037.9746835443038,6.121720854838689,2.151311128860594,gene,dKO,WT,hybrid,down,28,WT (dKO DEGs)
62,1088.6075949367087,6.397029431888035,2.3157007259978726,gene,dKO,WT,hybrid,down,28,WT (dKO DEGs)
63,1139.240506329114,5.983707373170626,2.272417356201946,gene,dKO,WT,hybrid,down,28,WT (dKO DEGs)
64,1189.8734177215188,5.8580034573021385,2.465502406881591,gene,dKO,WT,hybrid,down,28,WT (dKO DEGs)
65,1240.506329113924,6.411205648439271,2.7437589117697723,gene,dKO,WT,hybrid,down,28,WT (dKO DEGs)
66,1291.1392405063293,6.751120783516338,2.8423638058385365,gene,dKO,WT,hybrid,down,28,WT (dKO DEGs)
67,1341.7721518987341,6.712592182471639,3.027213349510429,gene,dKO,WT,hybrid,down,28,WT (dKO DEGs)
68,1392.4050632911394,6.444766473287628,3.006224769977884,gene,dKO,WT,hybrid,down,28,WT (dKO DEGs)
69,1443.0379746835442,6.146647836338906,2.8023725625687295,gene,dKO,WT,hybrid,down,28,WT (dKO DEGs)
70,1493.6708860759495,5.798223760695684,2.348791956401739,gene,dKO,WT,hybrid,down,28,WT (dKO DEGs)
71,1544.3037974683543,5.32382929901282,1.87844165577892,gene,dKO,WT,hybrid,down,28,WT (dKO DEGs)
72,1594.9367088607596,4.558656899645215,1.47978648199829,gene,dKO,WT,hybrid,down,28,WT (dKO DEGs)
73,1645.5696202531644,4.713189259540467,1.3852801806521307,gene,dKO,WT,hybrid,down,28,WT (dKO DEGs)
74,1696.2025316455697,5.130472608747937,1.3652590615480622,gene,dKO,WT,hybrid,down,28,WT (dKO DEGs)
75,1746.8354430379745,5.35961506153856,1.3295274291550874,gene,dKO,WT,hybrid,down,28,WT (dKO DEGs)
76,1797.4683544303798,5.156633259909493,1.2709242718539837,gene,dKO,WT,hybrid,down,28,WT (dKO DEGs)
77,1848.1012658227846,4.4833362788529625,1.0794147025759868,gene,dKO,WT,hybrid,down,28,WT (dKO DEGs)
78,1898.73417721519,3.8988026461998624,0.9771570611429098,gene,dKO,WT,hybrid,down,28,WT (dKO DEGs)
79,1949.3670886075947,3.451926995288758,0.8496554949384618,gene,dKO,WT,hybrid,down,28,WT (dKO DEGs)
80,2000,3.4620397529715583,0.9638122630578924,gene,dKO,WT,hybrid,down,28,WT (dKO DEGs)
1,-2000,2.384714501290643,0.18308996495601043,gene,dKO,WT,unfiltered,up,993,WT (dKO DEGs)
2,-1949.367088607595,2.354980354963753,0.17242600870439775,gene,dKO,WT,unfiltered,up,993,WT (dKO DEGs)
3,-1898.73417721519,2.3382191646039066,0.1488836094058618,gene,dKO,WT,unfiltered,up,993,WT (dKO DEGs)
4,-1848.1012658227849,2.3107674684737423,0.13158976092165348,gene,dKO,WT,unfiltered,up,993,WT (dKO DEGs)
5,-1797.4683544303798,2.3447288007798632,0.12647810923535235,gene,dKO,WT,unfiltered,up,993,WT (dKO DEGs)
6,-1746.8354430379748,2.364343507654037,0.13288201181997947,gene,dKO,WT,unfiltered,up,993,WT (dKO DEGs)
7,-1696.2025316455697,2.3944860662026226,0.14287034084040556,gene,dKO,WT,unfiltered,up,993,WT (dKO DEGs)
8,-1645.5696202531644,2.4567208798214186,0.15428626582035887,gene,dKO,WT,unfiltered,up,993,WT (dKO DEGs)
9,-1594.9367088607596,2.4770141910882395,0.15294214127493072,gene,dKO,WT,unfiltered,up,993,WT (dKO DEGs)
10,-1544.3037974683543,2.524529756945866,0.1688185306227934,gene,dKO,WT,unfiltered,up,993,WT (dKO DEGs)
11,-1493.6708860759495,2.610321023982017,0.21299989426194008,gene,dKO,WT,unfiltered,up,993,WT (dKO DEGs)
12,-1443.0379746835442,2.672413866679194,0.23868349945047754,gene,dKO,WT,unfiltered,up,993,WT (dKO DEGs)
13,-1392.4050632911392,2.735499491165772,0.2564211720232607,gene,dKO,WT,unfiltered,up,993,WT (dKO DEGs)
14,-1341.7721518987341,2.7923851573007066,0.27475045405856724,gene,dKO,WT,unfiltered,up,993,WT (dKO DEGs)
15,-1291.139240506329,2.7568534948970695,0.257107525755612,gene,dKO,WT,unfiltered,up,993,WT (dKO DEGs)
16,-1240.506329113924,2.694850798087778,0.2120777494752519,gene,dKO,WT,unfiltered,up,993,WT (dKO DEGs)
17,-1189.873417721519,2.65030952363416,0.18777612158618967,gene,dKO,WT,unfiltered,up,993,WT (dKO DEGs)
18,-1139.240506329114,2.6521572153485833,0.18299237618314548,gene,dKO,WT,unfiltered,up,993,WT (dKO DEGs)
19,-1088.607594936709,2.6680916014834914,0.1884612353351071,gene,dKO,WT,unfiltered,up,993,WT (dKO DEGs)
20,-1037.9746835443038,2.6795488189354404,0.20932856590726057,gene,dKO,WT,unfiltered,up,993,WT (dKO DEGs)
21,-987.3417721518988,2.7043480018474546,0.22603958722771922,gene,dKO,WT,unfiltered,up,993,WT (dKO DEGs)
22,-936.7088607594937,2.7722216111415583,0.24377687365223755,gene,dKO,WT,unfiltered,up,993,WT (dKO DEGs)
23,-886.0759493670887,2.89361074302932,0.25623907405980606,gene,dKO,WT,unfiltered,up,993,WT (dKO DEGs)
24,-835.4430379746836,2.9288983367465016,0.23983110241565375,gene,dKO,WT,unfiltered,up,993,WT (dKO DEGs)
25,-784.8101265822784,3.054859955502901,0.24143090328523503,gene,dKO,WT,unfiltered,up,993,WT (dKO DEGs)
26,-734.1772151898733,3.0681101638889023,0.2383806262031413,gene,dKO,WT,unfiltered,up,993,WT (dKO DEGs)
27,-683.5443037974683,3.014543447388863,0.22842312074384805,gene,dKO,WT,unfiltered,up,993,WT (dKO DEGs)
28,-632.9113924050632,3.008287702353459,0.21469461800340567,gene,dKO,WT,unfiltered,up,993,WT (dKO DEGs)
29,-582.2784810126582,3.032989619761035,0.2057354128289429,gene,dKO,WT,unfiltered,up,993,WT (dKO DEGs)
30,-531.6455696202531,3.044413928938376,0.19393503002513357,gene,dKO,WT,unfiltered,up,993,WT (dKO DEGs)
31,-481.0126582278481,3.102531781449499,0.20354933050261417,gene,dKO,WT,unfiltered,up,993,WT (dKO DEGs)
32,-430.37974683544303,3.137530837808131,0.22029974735047464,gene,dKO,WT,unfiltered,up,993,WT (dKO DEGs)
33,-379.746835443038,3.1777902944970746,0.23389824725342867,gene,dKO,WT,unfiltered,up,993,WT (dKO DEGs)
34,-329.11392405063293,3.2235013240029566,0.24161081869381779,gene,dKO,WT,unfiltered,up,993,WT (dKO DEGs)
35,-278.4810126582279,3.3009708180936563,0.2593896555757277,gene,dKO,WT,unfiltered,up,993,WT (dKO DEGs)
36,-227.84810126582283,3.44222548053744,0.2894929366160324,gene,dKO,WT,unfiltered,up,993,WT (dKO DEGs)
37,-177.21518987341778,3.5519032496091865,0.32038454470033406,gene,dKO,WT,unfiltered,up,993,WT (dKO DEGs)
38,-126.58227848101274,3.625663323623296,0.3324790906438031,gene,dKO,WT,unfiltered,up,993,WT (dKO DEGs)
39,-75.94936708860769,3.7111286976762408,0.33709910675334986,gene,dKO,WT,unfiltered,up,993,WT (dKO DEGs)
40,-25.316455696202638,3.6742607609470967,0.3296249775675977,gene,dKO,WT,unfiltered,up,993,WT (dKO DEGs)
41,25.31645569620241,3.645299264857256,0.3163565238264214,gene,dKO,WT,unfiltered,up,993,WT (dKO DEGs)
42,75.94936708860769,3.5471625871488657,0.29414978748078613,gene,dKO,WT,unfiltered,up,993,WT (dKO DEGs)
43,126.58227848101251,3.4812759154744897,0.2696372217966634,gene,dKO,WT,unfiltered,up,993,WT (dKO DEGs)
44,177.21518987341778,3.3589631056473452,0.23531405485212514,gene,dKO,WT,unfiltered,up,993,WT (dKO DEGs)
45,227.8481012658226,3.2630301007827525,0.22330176729152082,gene,dKO,WT,unfiltered,up,993,WT (dKO DEGs)
46,278.4810126582279,3.235408540178602,0.2218782912161517,gene,dKO,WT,unfiltered,up,993,WT (dKO DEGs)
47,329.1139240506327,3.2047886499281337,0.2312176094889318,gene,dKO,WT,unfiltered,up,993,WT (dKO DEGs)
48,379.746835443038,3.233890640731625,0.25003063273661574,gene,dKO,WT,unfiltered,up,993,WT (dKO DEGs)
49,430.37974683544326,3.2128482473716913,0.2560589501120851,gene,dKO,WT,unfiltered,up,993,WT (dKO DEGs)
50,481.0126582278481,3.2215170427535598,0.2555184001843745,gene,dKO,WT,unfiltered,up,993,WT (dKO DEGs)
51,531.6455696202534,3.208121502353826,0.24653186886485123,gene,dKO,WT,unfiltered,up,993,WT (dKO DEGs)
52,582.2784810126582,3.164977519213653,0.23825072364520822,gene,dKO,WT,unfiltered,up,993,WT (dKO DEGs)
53,632.9113924050635,3.154703185093327,0.24007026059702702,gene,dKO,WT,unfiltered,up,993,WT (dKO DEGs)
54,683.5443037974683,3.20294193569467,0.24969903696719295,gene,dKO,WT,unfiltered,up,993,WT (dKO DEGs)
55,734.1772151898736,3.194197196952446,0.2484201135541642,gene,dKO,WT,unfiltered,up,993,WT (dKO DEGs)
56,784.8101265822784,3.164293819342175,0.24289449531323173,gene,dKO,WT,unfiltered,up,993,WT (dKO DEGs)
57,835.4430379746836,3.1103016964146337,0.23658023129053707,gene,dKO,WT,unfiltered,up,993,WT (dKO DEGs)
58,886.0759493670885,2.999000197786259,0.22088331865682154,gene,dKO,WT,unfiltered,up,993,WT (dKO DEGs)
59,936.7088607594937,2.8971249044449707,0.2072898279807811,gene,dKO,WT,unfiltered,up,993,WT (dKO DEGs)
60,987.3417721518986,2.8375320563967814,0.2013075042786,gene,dKO,WT,unfiltered,up,993,WT (dKO DEGs)
61,1037.9746835443038,2.7810809368053193,0.21534995261117898,gene,dKO,WT,unfiltered,up,993,WT (dKO DEGs)
62,1088.6075949367087,2.7156516771478194,0.23174683400280388,gene,dKO,WT,unfiltered,up,993,WT (dKO DEGs)
63,1139.240506329114,2.7637118666633818,0.251864381890091,gene,dKO,WT,unfiltered,up,993,WT (dKO DEGs)
64,1189.8734177215188,2.8208383806266415,0.26281122271137425,gene,dKO,WT,unfiltered,up,993,WT (dKO DEGs)
65,1240.506329113924,2.8301978622830606,0.27376517128781147,gene,dKO,WT,unfiltered,up,993,WT (dKO DEGs)
66,1291.1392405063293,2.809871512865532,0.2783395524295259,gene,dKO,WT,unfiltered,up,993,WT (dKO DEGs)
67,1341.7721518987341,2.6948389933908814,0.2572880488441789,gene,dKO,WT,unfiltered,up,993,WT (dKO DEGs)
68,1392.4050632911394,2.587551330628512,0.2304026661136121,gene,dKO,WT,unfiltered,up,993,WT (dKO DEGs)
69,1443.0379746835442,2.5263906582580713,0.19925905432475394,gene,dKO,WT,unfiltered,up,993,WT (dKO DEGs)
70,1493.6708860759495,2.4603842555384143,0.17701935893089935,gene,dKO,WT,unfiltered,up,993,WT (dKO DEGs)
71,1544.3037974683543,2.4010908583499875,0.1564847367548711,gene,dKO,WT,unfiltered,up,993,WT (dKO DEGs)
72,1594.9367088607596,2.393849551569659,0.1515643501800464,gene,dKO,WT,unfiltered,up,993,WT (dKO DEGs)
73,1645.5696202531644,2.451045072313202,0.15713940397802997,gene,dKO,WT,unfiltered,up,993,WT (dKO DEGs)
74,1696.2025316455697,2.549271612321822,0.17198027163159335,gene,dKO,WT,unfiltered,up,993,WT (dKO DEGs)
75,1746.8354430379745,2.578463351221523,0.18433477990985878,gene,dKO,WT,unfiltered,up,993,WT (dKO DEGs)
76,1797.4683544303798,2.6308463785015284,0.1990386068783201,gene,dKO,WT,unfiltered,up,993,WT (dKO DEGs)
77,1848.1012658227846,2.628203982777866,0.1992823512986421,gene,dKO,WT,unfiltered,up,993,WT (dKO DEGs)
78,1898.73417721519,2.6276425764816005,0.20097878316247708,gene,dKO,WT,unfiltered,up,993,WT (dKO DEGs)
79,1949.3670886075947,2.5252496255544576,0.18942902914895632,gene,dKO,WT,unfiltered,up,993,WT (dKO DEGs)
80,2000,2.4137313380454284,0.1759518809154965,gene,dKO,WT,unfiltered,up,993,WT (dKO DEGs)
1,-2000,2.935245000419797,0.23853915676921342,gene,dKO,WT,unfiltered,down,1128,WT (dKO DEGs)
2,-1949.367088607595,2.9376207023377745,0.22819588906236482,gene,dKO,WT,unfiltered,down,1128,WT (dKO DEGs)
3,-1898.73417721519,2.870057953659228,0.22047401584828172,gene,dKO,WT,unfiltered,down,1128,WT (dKO DEGs)
4,-1848.1012658227849,2.813254941748783,0.21889584429347828,gene,dKO,WT,unfiltered,down,1128,WT (dKO DEGs)
5,-1797.4683544303798,2.6973011521776904,0.21687453714185334,gene,dKO,WT,unfiltered,down,1128,WT (dKO DEGs)
6,-1746.8354430379748,2.629201023463701,0.22266435658636152,gene,dKO,WT,unfiltered,down,1128,WT (dKO DEGs)
7,-1696.2025316455697,2.5193807870091436,0.21997541077561922,gene,dKO,WT,unfiltered,down,1128,WT (dKO DEGs)
8,-1645.5696202531644,2.4665510461958724,0.20036753085561743,gene,dKO,WT,unfiltered,down,1128,WT (dKO DEGs)
9,-1594.9367088607596,2.458384653803372,0.18484924671937714,gene,dKO,WT,unfiltered,down,1128,WT (dKO DEGs)
10,-1544.3037974683543,2.459461202933851,0.1691471216936236,gene,dKO,WT,unfiltered,down,1128,WT (dKO DEGs)
11,-1493.6708860759495,2.467682280796444,0.16361415241495642,gene,dKO,WT,unfiltered,down,1128,WT (dKO DEGs)
12,-1443.0379746835442,2.4732077307589693,0.16562037181507824,gene,dKO,WT,unfiltered,down,1128,WT (dKO DEGs)
13,-1392.4050632911392,2.5633004126785703,0.1905603695291835,gene,dKO,WT,unfiltered,down,1128,WT (dKO DEGs)
14,-1341.7721518987341,2.7112467770476343,0.24514941813841462,gene,dKO,WT,unfiltered,down,1128,WT (dKO DEGs)
15,-1291.139240506329,2.787972266167728,0.27566414555898,gene,dKO,WT,unfiltered,down,1128,WT (dKO DEGs)
16,-1240.506329113924,2.8329416107341614,0.2979077017657075,gene,dKO,WT,unfiltered,down,1128,WT (dKO DEGs)
17,-1189.873417721519,2.8617415487050515,0.3159551938588838,gene,dKO,WT,unfiltered,down,1128,WT (dKO DEGs)
18,-1139.240506329114,2.8547915949140275,0.29984404203264814,gene,dKO,WT,unfiltered,down,1128,WT (dKO DEGs)
19,-1088.607594936709,2.7839228661692874,0.25565305545692596,gene,dKO,WT,unfiltered,down,1128,WT (dKO DEGs)
20,-1037.9746835443038,2.7079226335446815,0.21578135371722726,gene,dKO,WT,unfiltered,down,1128,WT (dKO DEGs)
21,-987.3417721518988,2.646886145864073,0.19745883000118922,gene,dKO,WT,unfiltered,down,1128,WT (dKO DEGs)
22,-936.7088607594937,2.614308444395181,0.1933401489535193,gene,dKO,WT,unfiltered,down,1128,WT (dKO DEGs)
23,-886.0759493670887,2.599335838359194,0.18915379143242483,gene,dKO,WT,unfiltered,down,1128,WT (dKO DEGs)
24,-835.4430379746836,2.544417114789512,0.17584853821770066,gene,dKO,WT,unfiltered,down,1128,WT (dKO DEGs)
25,-784.8101265822784,2.4846523046669824,0.16262980945389707,gene,dKO,WT,unfiltered,down,1128,WT (dKO DEGs)
26,-734.1772151898733,2.4480949666203213,0.1508445164456603,gene,dKO,WT,unfiltered,down,1128,WT (dKO DEGs)
27,-683.5443037974683,2.4876243677882535,0.1476496910267611,gene,dKO,WT,unfiltered,down,1128,WT (dKO DEGs)
28,-632.9113924050632,2.5346596758642765,0.14991656203956397,gene,dKO,WT,unfiltered,down,1128,WT (dKO DEGs)
29,-582.2784810126582,2.5853875717472232,0.15250678853196173,gene,dKO,WT,unfiltered,down,1128,WT (dKO DEGs)
30,-531.6455696202531,2.604218061485082,0.15416018009412893,gene,dKO,WT,unfiltered,down,1128,WT (dKO DEGs)
31,-481.0126582278481,2.681620355507073,0.16416380827688157,gene,dKO,WT,unfiltered,down,1128,WT (dKO DEGs)
32,-430.37974683544303,2.8066434876349717,0.18594510701286074,gene,dKO,WT,unfiltered,down,1128,WT (dKO DEGs)
33,-379.746835443038,3.0357729503333446,0.24199217418403773,gene,dKO,WT,unfiltered,down,1128,WT (dKO DEGs)
34,-329.11392405063293,3.2871308413429112,0.3059172903876344,gene,dKO,WT,unfiltered,down,1128,WT (dKO DEGs)
35,-278.4810126582279,3.515766547461721,0.36031641809516146,gene,dKO,WT,unfiltered,down,1128,WT (dKO DEGs)
36,-227.84810126582283,3.6603722222237076,0.3992929777785298,gene,dKO,WT,unfiltered,down,1128,WT (dKO DEGs)
37,-177.21518987341778,3.762095136265894,0.42946146402552926,gene,dKO,WT,unfiltered,down,1128,WT (dKO DEGs)
38,-126.58227848101274,3.7972419978267022,0.4295478400558038,gene,dKO,WT,unfiltered,down,1128,WT (dKO DEGs)
39,-75.94936708860769,3.790665154616461,0.40616419380114493,gene,dKO,WT,unfiltered,down,1128,WT (dKO DEGs)
40,-25.316455696202638,3.6684150438829133,0.36064540982966287,gene,dKO,WT,unfiltered,down,1128,WT (dKO DEGs)
41,25.31645569620241,3.576223978488553,0.3265231847285965,gene,dKO,WT,unfiltered,down,1128,WT (dKO DEGs)
42,75.94936708860769,3.4189642591795177,0.2900343090795782,gene,dKO,WT,unfiltered,down,1128,WT (dKO DEGs)
43,126.58227848101251,3.3036587544581977,0.27372439219181915,gene,dKO,WT,unfiltered,down,1128,WT (dKO DEGs)
44,177.21518987341778,3.2117138750776673,0.24391060760819647,gene,dKO,WT,unfiltered,down,1128,WT (dKO DEGs)
45,227.8481012658226,3.0916265338146274,0.2201708976680268,gene,dKO,WT,unfiltered,down,1128,WT (dKO DEGs)
46,278.4810126582279,2.998162314386207,0.21114849503090027,gene,dKO,WT,unfiltered,down,1128,WT (dKO DEGs)
47,329.1139240506327,2.887734770286157,0.1979232511045397,gene,dKO,WT,unfiltered,down,1128,WT (dKO DEGs)
48,379.746835443038,2.794895925905464,0.18237474086968233,gene,dKO,WT,unfiltered,down,1128,WT (dKO DEGs)
49,430.37974683544326,2.7148752442212967,0.16930101554626134,gene,dKO,WT,unfiltered,down,1128,WT (dKO DEGs)
50,481.0126582278481,2.6226242654452623,0.1534950241019007,gene,dKO,WT,unfiltered,down,1128,WT (dKO DEGs)
51,531.6455696202534,2.611715658530439,0.14986362908067913,gene,dKO,WT,unfiltered,down,1128,WT (dKO DEGs)
52,582.2784810126582,2.5911229406422818,0.15408106689647372,gene,dKO,WT,unfiltered,down,1128,WT (dKO DEGs)
53,632.9113924050635,2.602608169168102,0.16119865411466952,gene,dKO,WT,unfiltered,down,1128,WT (dKO DEGs)
54,683.5443037974683,2.647031746861216,0.17470125674800024,gene,dKO,WT,unfiltered,down,1128,WT (dKO DEGs)
55,734.1772151898736,2.658436430367236,0.1888050374135944,gene,dKO,WT,unfiltered,down,1128,WT (dKO DEGs)
56,784.8101265822784,2.712313654521484,0.20029786178106737,gene,dKO,WT,unfiltered,down,1128,WT (dKO DEGs)
57,835.4430379746836,2.7444037724366313,0.205699239127497,gene,dKO,WT,unfiltered,down,1128,WT (dKO DEGs)
58,886.0759493670885,2.7260631518771543,0.20356765010162314,gene,dKO,WT,unfiltered,down,1128,WT (dKO DEGs)
59,936.7088607594937,2.697040308059866,0.195631228184774,gene,dKO,WT,unfiltered,down,1128,WT (dKO DEGs)
60,987.3417721518986,2.6758076641010273,0.19428232734779494,gene,dKO,WT,unfiltered,down,1128,WT (dKO DEGs)
61,1037.9746835443038,2.6538979101625286,0.1988985827836001,gene,dKO,WT,unfiltered,down,1128,WT (dKO DEGs)
62,1088.6075949367087,2.5920939827303813,0.1886214923406359,gene,dKO,WT,unfiltered,down,1128,WT (dKO DEGs)
63,1139.240506329114,2.5090257234045894,0.1681065112838048,gene,dKO,WT,unfiltered,down,1128,WT (dKO DEGs)
64,1189.8734177215188,2.4021805744268456,0.14716866328309097,gene,dKO,WT,unfiltered,down,1128,WT (dKO DEGs)
65,1240.506329113924,2.3548599972487976,0.1400400383820565,gene,dKO,WT,unfiltered,down,1128,WT (dKO DEGs)
66,1291.1392405063293,2.326794806336976,0.14164630204322198,gene,dKO,WT,unfiltered,down,1128,WT (dKO DEGs)
67,1341.7721518987341,2.3357372629258166,0.1568544909648798,gene,dKO,WT,unfiltered,down,1128,WT (dKO DEGs)
68,1392.4050632911394,2.3254224936386003,0.1725329601121515,gene,dKO,WT,unfiltered,down,1128,WT (dKO DEGs)
69,1443.0379746835442,2.3282166450512336,0.18415299201343702,gene,dKO,WT,unfiltered,down,1128,WT (dKO DEGs)
70,1493.6708860759495,2.3196785599301815,0.18211185222960719,gene,dKO,WT,unfiltered,down,1128,WT (dKO DEGs)
71,1544.3037974683543,2.286891160148095,0.1784280361389961,gene,dKO,WT,unfiltered,down,1128,WT (dKO DEGs)
72,1594.9367088607596,2.260084523694891,0.16361605838175905,gene,dKO,WT,unfiltered,down,1128,WT (dKO DEGs)
73,1645.5696202531644,2.274499347342503,0.1564761748825234,gene,dKO,WT,unfiltered,down,1128,WT (dKO DEGs)
74,1696.2025316455697,2.3319026833164447,0.1604768748526646,gene,dKO,WT,unfiltered,down,1128,WT (dKO DEGs)
75,1746.8354430379745,2.3668404227648567,0.16629104275416437,gene,dKO,WT,unfiltered,down,1128,WT (dKO DEGs)
76,1797.4683544303798,2.4183897050398055,0.18530154074789784,gene,dKO,WT,unfiltered,down,1128,WT (dKO DEGs)
77,1848.1012658227846,2.464380820365179,0.2121996932979888,gene,dKO,WT,unfiltered,down,1128,WT (dKO DEGs)
78,1898.73417721519,2.5090269031478116,0.23265787892272802,gene,dKO,WT,unfiltered,down,1128,WT (dKO DEGs)
79,1949.3670886075947,2.4832427363951366,0.2143964090934168,gene,dKO,WT,unfiltered,down,1128,WT (dKO DEGs)
80,2000,2.4517810929255246,0.18253625366019968,gene,dKO,WT,unfiltered,down,1128,WT (dKO DEGs)
1,-2000,6.920120663345884,0.6246719737395473,fragment,dKO,dKO,pooled,up,388,dKO
2,-1949.367088607595,7.080239283839862,0.6515402113007337,fragment,dKO,dKO,pooled,up,388,dKO
3,-1898.73417721519,7.039508606576428,0.6361672969182699,fragment,dKO,dKO,pooled,up,388,dKO
4,-1848.1012658227849,6.822479341460258,0.5866131393200283,fragment,dKO,dKO,pooled,up,388,dKO
5,-1797.4683544303798,6.776856509850607,0.5683839069390323,fragment,dKO,dKO,pooled,up,388,dKO
6,-1746.8354430379748,6.924436394986008,0.5762888150007314,fragment,dKO,dKO,pooled,up,388,dKO
7,-1696.2025316455697,7.164720659489484,0.5918454997089196,fragment,dKO,dKO,pooled,up,388,dKO
8,-1645.5696202531644,7.3455536905863035,0.5839224122187073,fragment,dKO,dKO,pooled,up,388,dKO
9,-1594.9367088607596,7.218225142357685,0.5358904978421933,fragment,dKO,dKO,pooled,up,388,dKO
10,-1544.3037974683543,7.404821480565874,0.613802493073751,fragment,dKO,dKO,pooled,up,388,dKO
11,-1493.6708860759495,7.702279947522989,0.7983123915735243,fragment,dKO,dKO,pooled,up,388,dKO
12,-1443.0379746835442,7.932467464913207,0.9079989802804342,fragment,dKO,dKO,pooled,up,388,dKO
13,-1392.4050632911392,8.140544986286525,0.9414536437009825,fragment,dKO,dKO,pooled,up,388,dKO
14,-1341.7721518987341,8.396477487978247,0.9381826778074142,fragment,dKO,dKO,pooled,up,388,dKO
15,-1291.139240506329,8.695429170944847,0.8887038036351221,fragment,dKO,dKO,pooled,up,388,dKO
16,-1240.506329113924,8.653853038313873,0.7747286115133685,fragment,dKO,dKO,pooled,up,388,dKO
17,-1189.873417721519,9.02197033780547,0.7962253565275099,fragment,dKO,dKO,pooled,up,388,dKO
18,-1139.240506329114,9.686218303446099,0.9031139787613222,fragment,dKO,dKO,pooled,up,388,dKO
19,-1088.607594936709,10.321612236553042,1.0234443486926275,fragment,dKO,dKO,pooled,up,388,dKO
20,-1037.9746835443038,10.822144481033805,1.0995993284602144,fragment,dKO,dKO,pooled,up,388,dKO
21,-987.3417721518988,11.175404717969322,1.1558406185128274,fragment,dKO,dKO,pooled,up,388,dKO
22,-936.7088607594937,11.766493370002488,1.1914668090493032,fragment,dKO,dKO,pooled,up,388,dKO
23,-886.0759493670887,12.489906796737225,1.1949100945027695,fragment,dKO,dKO,pooled,up,388,dKO
24,-835.4430379746836,12.756961264585712,1.1310619891660054,fragment,dKO,dKO,pooled,up,388,dKO
25,-784.8101265822784,13.50815594918949,1.1500234745262012,fragment,dKO,dKO,pooled,up,388,dKO
26,-734.1772151898733,13.778098354589488,1.1257958573681277,fragment,dKO,dKO,pooled,up,388,dKO
27,-683.5443037974683,13.901768835897707,1.0720498839517392,fragment,dKO,dKO,pooled,up,388,dKO
28,-632.9113924050632,14.06619690604636,1.0151922148051975,fragment,dKO,dKO,pooled,up,388,dKO
29,-582.2784810126582,14.515531917783813,1.0097916511143583,fragment,dKO,dKO,pooled,up,388,dKO
30,-531.6455696202531,15.229832587500209,1.0556844809846821,fragment,dKO,dKO,pooled,up,388,dKO
31,-481.0126582278481,16.08815428902808,1.1386531405751836,fragment,dKO,dKO,pooled,up,388,dKO
32,-430.37974683544303,17.216909244672948,1.2376463257186057,fragment,dKO,dKO,pooled,up,388,dKO
33,-379.746835443038,18.195398463086573,1.3066336978049156,fragment,dKO,dKO,pooled,up,388,dKO
34,-329.11392405063293,18.978335990748047,1.3447753558845352,fragment,dKO,dKO,pooled,up,388,dKO
35,-278.4810126582279,19.89144607928201,1.3785332894678073,fragment,dKO,dKO,pooled,up,388,dKO
36,-227.84810126582283,20.737710168505043,1.3808467000915259,fragment,dKO,dKO,pooled,up,388,dKO
37,-177.21518987341778,21.47250488397182,1.375752226077343,fragment,dKO,dKO,pooled,up,388,dKO
38,-126.58227848101274,21.986149300906256,1.3510320831750473,fragment,dKO,dKO,pooled,up,388,dKO
39,-75.94936708860769,22.459578940458723,1.3775938231420104,fragment,dKO,dKO,pooled,up,388,dKO
40,-25.316455696202638,22.317136412844626,1.331604554244193,fragment,dKO,dKO,pooled,up,388,dKO
41,25.31645569620241,21.859991825337673,1.258309158572224,fragment,dKO,dKO,pooled,up,388,dKO
42,75.94936708860769,21.003784506912904,1.184093691049373,fragment,dKO,dKO,pooled,up,388,dKO
43,126.58227848101251,20.409035092606576,1.1302635842960724,fragment,dKO,dKO,pooled,up,388,dKO
44,177.21518987341778,19.71660240147122,1.0519729406025706,fragment,dKO,dKO,pooled,up,388,dKO
45,227.8481012658226,19.046271811076455,1.0296652068820908,fragment,dKO,dKO,pooled,up,388,dKO
46,278.4810126582279,18.634697149273048,1.0557004499832847,fragment,dKO,dKO,pooled,up,388,dKO
47,329.1139240506327,18.46608097397175,1.0874121710363964,fragment,dKO,dKO,pooled,up,388,dKO
48,379.746835443038,18.366928234061426,1.161590420262034,fragment,dKO,dKO,pooled,up,388,dKO
49,430.37974683544326,17.727720679587517,1.179148349069167,fragment,dKO,dKO,pooled,up,388,dKO
50,481.0126582278481,17.204290452130472,1.1623538892987413,fragment,dKO,dKO,pooled,up,388,dKO
51,531.6455696202534,16.365897624478308,1.1328594169726705,fragment,dKO,dKO,pooled,up,388,dKO
52,582.2784810126582,15.552834838972878,1.0963817495349568,fragment,dKO,dKO,pooled,up,388,dKO
53,632.9113924050635,14.89280958399535,1.1052181532294307,fragment,dKO,dKO,pooled,up,388,dKO
54,683.5443037974683,14.317985064694561,1.0950734379963742,fragment,dKO,dKO,pooled,up,388,dKO
55,734.1772151898736,13.711704869223215,1.0626625054547796,fragment,dKO,dKO,pooled,up,388,dKO
56,784.8101265822784,12.961490163719121,1.0155327343308251,fragment,dKO,dKO,pooled,up,388,dKO
57,835.4430379746836,12.311282669430746,0.9586502552921586,fragment,dKO,dKO,pooled,up,388,dKO
58,886.0759493670885,11.769121761424435,0.9073120466753071,fragment,dKO,dKO,pooled,up,388,dKO
59,936.7088607594937,11.033470676504459,0.8575542517272943,fragment,dKO,dKO,pooled,up,388,dKO
60,987.3417721518986,10.24864624706945,0.796060258444501,fragment,dKO,dKO,pooled,up,388,dKO
61,1037.9746835443038,9.26877140618067,0.7145040280220607,fragment,dKO,dKO,pooled,up,388,dKO
62,1088.6075949367087,8.487399524757542,0.6277667581259158,fragment,dKO,dKO,pooled,up,388,dKO
63,1139.240506329114,8.255082364864775,0.6299693379266519,fragment,dKO,dKO,pooled,up,388,dKO
64,1189.8734177215188,8.064064683570075,0.6342463258001012,fragment,dKO,dKO,pooled,up,388,dKO
65,1240.506329113924,7.780503177714512,0.6392758995633803,fragment,dKO,dKO,pooled,up,388,dKO
66,1291.1392405063293,7.805052491737805,0.7045956850951886,fragment,dKO,dKO,pooled,up,388,dKO
67,1341.7721518987341,7.662658094962438,0.7249996915049086,fragment,dKO,dKO,pooled,up,388,dKO
68,1392.4050632911394,7.376303607915685,0.6693927408589512,fragment,dKO,dKO,pooled,up,388,dKO
69,1443.0379746835442,6.897520968594502,0.5499427730194413,fragment,dKO,dKO,pooled,up,388,dKO
70,1493.6708860759495,6.596939592824359,0.481133438935647,fragment,dKO,dKO,pooled,up,388,dKO
71,1544.3037974683543,6.600306440157579,0.47847353304324586,fragment,dKO,dKO,pooled,up,388,dKO
72,1594.9367088607596,6.533368043821702,0.5074387874058311,fragment,dKO,dKO,pooled,up,388,dKO
73,1645.5696202531644,6.715334744295713,0.6056624385747812,fragment,dKO,dKO,pooled,up,388,dKO
74,1696.2025316455697,6.9279498092947955,0.6583331409624941,fragment,dKO,dKO,pooled,up,388,dKO
75,1746.8354430379745,6.880141206021161,0.6456310982985108,fragment,dKO,dKO,pooled,up,388,dKO
76,1797.4683544303798,6.679843794318409,0.6480552223618821,fragment,dKO,dKO,pooled,up,388,dKO
77,1848.1012658227846,6.485846782580683,0.6152835393591884,fragment,dKO,dKO,pooled,up,388,dKO
78,1898.73417721519,6.199237123768764,0.5498232543396931,fragment,dKO,dKO,pooled,up,388,dKO
79,1949.3670886075947,6.130972731736108,0.5096514427011737,fragment,dKO,dKO,pooled,up,388,dKO
80,2000,5.9816892988104184,0.4827550998211808,fragment,dKO,dKO,pooled,up,388,dKO
1,-2000,7.809430930385046,0.762678209253441,fragment,dKO,dKO,pooled,down,433,dKO
2,-1949.367088607595,7.7146983610179625,0.7002072087789963,fragment,dKO,dKO,pooled,down,433,dKO
3,-1898.73417721519,7.521906015120441,0.6472682511677249,fragment,dKO,dKO,pooled,down,433,dKO
4,-1848.1012658227849,7.333356754245714,0.6196447194388475,fragment,dKO,dKO,pooled,down,433,dKO
5,-1797.4683544303798,7.215577159043548,0.636719844571084,fragment,dKO,dKO,pooled,down,433,dKO
6,-1746.8354430379748,7.245172169069036,0.6726155304508833,fragment,dKO,dKO,pooled,down,433,dKO
7,-1696.2025316455697,7.15037485984952,0.6464453047369946,fragment,dKO,dKO,pooled,down,433,dKO
8,-1645.5696202531644,7.0700741828157865,0.6032894043399795,fragment,dKO,dKO,pooled,down,433,dKO
9,-1594.9367088607596,7.084312155903808,0.5795679657968215,fragment,dKO,dKO,pooled,down,433,dKO
10,-1544.3037974683543,7.11066555165804,0.5537850689713018,fragment,dKO,dKO,pooled,down,433,dKO
11,-1493.6708860759495,7.105632798572611,0.543815828557891,fragment,dKO,dKO,pooled,down,433,dKO
12,-1443.0379746835442,7.285570797580678,0.5595479401304908,fragment,dKO,dKO,pooled,down,433,dKO
13,-1392.4050632911392,7.826690383074924,0.6514031759142583,fragment,dKO,dKO,pooled,down,433,dKO
14,-1341.7721518987341,8.336508759683237,0.7293397868107413,fragment,dKO,dKO,pooled,down,433,dKO
15,-1291.139240506329,8.715986631175387,0.7553595348548482,fragment,dKO,dKO,pooled,down,433,dKO
16,-1240.506329113924,9.171628774368735,0.7879678595077034,fragment,dKO,dKO,pooled,down,433,dKO
17,-1189.873417721519,9.65124927463304,0.831651844772951,fragment,dKO,dKO,pooled,down,433,dKO
18,-1139.240506329114,10.15211415016073,0.9108664276350765,fragment,dKO,dKO,pooled,down,433,dKO
19,-1088.607594936709,10.543637338150823,0.9632420293832923,fragment,dKO,dKO,pooled,down,433,dKO
20,-1037.9746835443038,11.021974475725143,0.9785624969539863,fragment,dKO,dKO,pooled,down,433,dKO
21,-987.3417721518988,11.159199720741327,0.9304403041267592,fragment,dKO,dKO,pooled,down,433,dKO
22,-936.7088607594937,11.350358033635416,0.8926158443086573,fragment,dKO,dKO,pooled,down,433,dKO
23,-886.0759493670887,11.46464174290085,0.837550601604466,fragment,dKO,dKO,pooled,down,433,dKO
24,-835.4430379746836,11.596416851648282,0.7838310728757638,fragment,dKO,dKO,pooled,down,433,dKO
25,-784.8101265822784,11.856196120745224,0.7817740911815011,fragment,dKO,dKO,pooled,down,433,dKO
26,-734.1772151898733,12.517341180741557,0.8698143072272091,fragment,dKO,dKO,pooled,down,433,dKO
27,-683.5443037974683,13.313012059302032,0.9495868749641462,fragment,dKO,dKO,pooled,down,433,dKO
28,-632.9113924050632,14.176759921915261,1.0107922265932223,fragment,dKO,dKO,pooled,down,433,dKO
29,-582.2784810126582,15.032956853957247,1.0904195713882503,fragment,dKO,dKO,pooled,down,433,dKO
30,-531.6455696202531,15.726500255753207,1.129546355945762,fragment,dKO,dKO,pooled,down,433,dKO
31,-481.0126582278481,16.510158885097944,1.1561103961997374,fragment,dKO,dKO,pooled,down,433,dKO
32,-430.37974683544303,17.20398084063086,1.145750749223594,fragment,dKO,dKO,pooled,down,433,dKO
33,-379.746835443038,18.143648309215756,1.20732518102988,fragment,dKO,dKO,pooled,down,433,dKO
34,-329.11392405063293,19.559494026500136,1.3307659011362343,fragment,dKO,dKO,pooled,down,433,dKO
35,-278.4810126582279,20.73838436374855,1.4653134302130308,fragment,dKO,dKO,pooled,down,433,dKO
36,-227.84810126582283,22.071668144722366,1.655723316802996,fragment,dKO,dKO,pooled,down,433,dKO
37,-177.21518987341778,22.949714395056514,1.8049955142365934,fragment,dKO,dKO,pooled,down,433,dKO
38,-126.58227848101274,23.066474320547133,1.7706338995641642,fragment,dKO,dKO,pooled,down,433,dKO
39,-75.94936708860769,22.940358919198005,1.660153459986229,fragment,dKO,dKO,pooled,down,433,dKO
40,-25.316455696202638,22.50123325746366,1.5280760787218088,fragment,dKO,dKO,pooled,down,433,dKO
41,25.31645569620241,21.9246053104129,1.4314814055952831,fragment,dKO,dKO,pooled,down,433,dKO
42,75.94936708860769,21.08580048567887,1.3249165927398217,fragment,dKO,dKO,pooled,down,433,dKO
43,126.58227848101251,20.141066303313742,1.2298389639471612,fragment,dKO,dKO,pooled,down,433,dKO
44,177.21518987341778,19.145940035731172,1.0819729509312281,fragment,dKO,dKO,pooled,down,433,dKO
45,227.8481012658226,18.466693046788603,0.9723179042069101,fragment,dKO,dKO,pooled,down,433,dKO
46,278.4810126582279,18.01235037606344,0.9589672690133425,fragment,dKO,dKO,pooled,down,433,dKO
47,329.1139240506327,17.386170893194492,0.964366240179989,fragment,dKO,dKO,pooled,down,433,dKO
48,379.746835443038,16.55441321370967,0.9362365716942295,fragment,dKO,dKO,pooled,down,433,dKO
49,430.37974683544326,15.837771525718875,0.932126273295095,fragment,dKO,dKO,pooled,down,433,dKO
50,481.0126582278481,15.48492696341778,0.9855746405801353,fragment,dKO,dKO,pooled,down,433,dKO
51,531.6455696202534,15.446665125926518,1.037151082208051,fragment,dKO,dKO,pooled,down,433,dKO
52,582.2784810126582,15.417430084472992,1.1054866004108448,fragment,dKO,dKO,pooled,down,433,dKO
53,632.9113924050635,15.1216117673603,1.142872704296612,fragment,dKO,dKO,pooled,down,433,dKO
54,683.5443037974683,14.738181629815957,1.1365425475053197,fragment,dKO,dKO,pooled,down,433,dKO
55,734.1772151898736,14.15594085435302,1.0884053259867603,fragment,dKO,dKO,pooled,down,433,dKO
56,784.8101265822784,13.318084362358933,1.0475029255375725,fragment,dKO,dKO,pooled,down,433,dKO
57,835.4430379746836,12.730818321616765,0.9906592276668535,fragment,dKO,dKO,pooled,down,433,dKO
58,886.0759493670885,11.897385763455759,0.9033718502391755,fragment,dKO,dKO,pooled,down,433,dKO
59,936.7088607594937,11.003795294183506,0.7775332090907098,fragment,dKO,dKO,pooled,down,433,dKO
60,987.3417721518986,10.43563953852268,0.7448354405847204,fragment,dKO,dKO,pooled,down,433,dKO
61,1037.9746835443038,10.081772367963431,0.7325736154481544,fragment,dKO,dKO,pooled,down,433,dKO
62,1088.6075949367087,9.656612777990777,0.7199315515298798,fragment,dKO,dKO,pooled,down,433,dKO
63,1139.240506329114,9.135334642456531,0.6710674483914094,fragment,dKO,dKO,pooled,down,433,dKO
64,1189.8734177215188,8.83495184701805,0.6221790858558672,fragment,dKO,dKO,pooled,down,433,dKO
65,1240.506329113924,8.687265679674757,0.6030447782258325,fragment,dKO,dKO,pooled,down,433,dKO
66,1291.1392405063293,8.250014257069456,0.5797382615255499,fragment,dKO,dKO,pooled,down,433,dKO
67,1341.7721518987341,7.941908183374985,0.5568925335818178,fragment,dKO,dKO,pooled,down,433,dKO
68,1392.4050632911394,7.77672342680343,0.539193107083787,fragment,dKO,dKO,pooled,down,433,dKO
69,1443.0379746835442,7.631346650716431,0.5245259834565099,fragment,dKO,dKO,pooled,down,433,dKO
70,1493.6708860759495,7.357792412908009,0.49653062259164293,fragment,dKO,dKO,pooled,down,433,dKO
71,1544.3037974683543,6.927009799735559,0.4410724759628782,fragment,dKO,dKO,pooled,down,433,dKO
72,1594.9367088607596,6.7813671617217945,0.4308200408138439,fragment,dKO,dKO,pooled,down,433,dKO
73,1645.5696202531644,6.828395840117709,0.4603224914001615,fragment,dKO,dKO,pooled,down,433,dKO
74,1696.2025316455697,6.972048223596797,0.5548613229111724,fragment,dKO,dKO,pooled,down,433,dKO
75,1746.8354430379745,6.859332813414544,0.5883929527398125,fragment,dKO,dKO,pooled,down,433,dKO
76,1797.4683544303798,6.7647304255160305,0.6538788198608699,fragment,dKO,dKO,pooled,down,433,dKO
77,1848.1012658227846,6.780997790965417,0.7345018593687106,fragment,dKO,dKO,pooled,down,433,dKO
78,1898.73417721519,6.719741580025612,0.774284984646926,fragment,dKO,dKO,pooled,down,433,dKO
79,1949.3670886075947,6.605312671641188,0.7147099030157792,fragment,dKO,dKO,pooled,down,433,dKO
80,2000,6.289583972023486,0.597503679762464,fragment,dKO,dKO,pooled,down,433,dKO
1,-2000,5.776458014068957,0.4973388126628953,fragment,dKO,dKO,parallel,up,323,dKO
2,-1949.367088607595,5.823523333828024,0.4877567204660525,fragment,dKO,dKO,parallel,up,323,dKO
3,-1898.73417721519,5.77613650175071,0.4809180464254156,fragment,dKO,dKO,parallel,up,323,dKO
4,-1848.1012658227849,5.662344505356315,0.4636644072686672,fragment,dKO,dKO,parallel,up,323,dKO
5,-1797.4683544303798,5.739134136454362,0.46463679289731913,fragment,dKO,dKO,parallel,up,323,dKO
6,-1746.8354430379748,5.944413920088572,0.43926621749288264,fragment,dKO,dKO,parallel,up,323,dKO
7,-1696.2025316455697,6.286006688953553,0.43542683591193615,fragment,dKO,dKO,parallel,up,323,dKO
8,-1645.5696202531644,6.565071503331172,0.45928865393961826,fragment,dKO,dKO,parallel,up,323,dKO
9,-1594.9367088607596,6.607460682967868,0.478783189067825,fragment,dKO,dKO,parallel,up,323,dKO
10,-1544.3037974683543,7.046816527897605,0.6423427643694274,fragment,dKO,dKO,parallel,up,323,dKO
11,-1493.6708860759495,7.537439984421489,0.9026351741176079,fragment,dKO,dKO,parallel,up,323,dKO
12,-1443.0379746835442,7.980927011004666,1.0515636208604633,fragment,dKO,dKO,parallel,up,323,dKO
13,-1392.4050632911392,8.292548897359886,1.096307907010415,fragment,dKO,dKO,parallel,up,323,dKO
14,-1341.7721518987341,8.69649055807706,1.1027545387418565,fragment,dKO,dKO,parallel,up,323,dKO
15,-1291.139240506329,9.046067580455842,1.046197894891375,fragment,dKO,dKO,parallel,up,323,dKO
16,-1240.506329113924,9.030551653914653,0.9082186529409428,fragment,dKO,dKO,parallel,up,323,dKO
17,-1189.873417721519,9.454013459296172,0.9361284030738897,fragment,dKO,dKO,parallel,up,323,dKO
18,-1139.240506329114,10.230258403095052,1.0667805005754591,fragment,dKO,dKO,parallel,up,323,dKO
19,-1088.607594936709,10.950686217599364,1.213111589396957,fragment,dKO,dKO,parallel,up,323,dKO
20,-1037.9746835443038,11.45748123504798,1.3007437852818375,fragment,dKO,dKO,parallel,up,323,dKO
21,-987.3417721518988,11.851420095116977,1.3640408806407596,fragment,dKO,dKO,parallel,up,323,dKO
22,-936.7088607594937,12.494052799397577,1.4027285861386858,fragment,dKO,dKO,parallel,up,323,dKO
23,-886.0759493670887,13.364117542755,1.4025677893980675,fragment,dKO,dKO,parallel,up,323,dKO
24,-835.4430379746836,13.652983047974491,1.3241190140249228,fragment,dKO,dKO,parallel,up,323,dKO
25,-784.8101265822784,14.409430050741655,1.3442730605267763,fragment,dKO,dKO,parallel,up,323,dKO
26,-734.1772151898733,14.607895253602688,1.3060572896854272,fragment,dKO,dKO,parallel,up,323,dKO
27,-683.5443037974683,14.611799748684476,1.2266507428130478,fragment,dKO,dKO,parallel,up,323,dKO
28,-632.9113924050632,14.778653455169332,1.1506164658810103,fragment,dKO,dKO,parallel,up,323,dKO
29,-582.2784810126582,15.244758419107235,1.1453242757439213,fragment,dKO,dKO,parallel,up,323,dKO
30,-531.6455696202531,16.06729015693822,1.2152796278760085,fragment,dKO,dKO,parallel,up,323,dKO
31,-481.0126582278481,16.88608581368522,1.3142963447880809,fragment,dKO,dKO,parallel,up,323,dKO
32,-430.37974683544303,18.005497887041056,1.4273511619189683,fragment,dKO,dKO,parallel,up,323,dKO
33,-379.746835443038,18.879841086635647,1.5006867858608688,fragment,dKO,dKO,parallel,up,323,dKO
34,-329.11392405063293,19.45232621389769,1.5200156102605884,fragment,dKO,dKO,parallel,up,323,dKO
35,-278.4810126582279,19.987411453000533,1.5186522433294471,fragment,dKO,dKO,parallel,up,323,dKO
36,-227.84810126582283,20.64718090758112,1.4760616175765655,fragment,dKO,dKO,parallel,up,323,dKO
37,-177.21518987341778,21.188908694752474,1.4144069808784887,fragment,dKO,dKO,parallel,up,323,dKO
38,-126.58227848101274,21.61776670575511,1.3558922619205203,fragment,dKO,dKO,parallel,up,323,dKO
39,-75.94936708860769,22.082288479401477,1.3891173668303929,fragment,dKO,dKO,parallel,up,323,dKO
40,-25.316455696202638,21.817134248624768,1.3382468205522204,fragment,dKO,dKO,parallel,up,323,dKO
41,25.31645569620241,21.106622431558723,1.2301508201938465,fragment,dKO,dKO,parallel,up,323,dKO
42,75.94936708860769,20.042250552735954,1.1385081570194564,fragment,dKO,dKO,parallel,up,323,dKO
43,126.58227848101251,19.34174256938653,1.0960037842352195,fragment,dKO,dKO,parallel,up,323,dKO
44,177.21518987341778,18.72523092145398,1.0636462247744967,fragment,dKO,dKO,parallel,up,323,dKO
45,227.8481012658226,18.055647506792603,1.0639319583302616,fragment,dKO,dKO,parallel,up,323,dKO
46,278.4810126582279,17.747701585659424,1.1099281485020265,fragment,dKO,dKO,parallel,up,323,dKO
47,329.1139240506327,17.672304868250315,1.1690456367191504,fragment,dKO,dKO,parallel,up,323,dKO
48,379.746835443038,17.71518702180516,1.27254969470372,fragment,dKO,dKO,parallel,up,323,dKO
49,430.37974683544326,17.053318776530748,1.2946339713563333,fragment,dKO,dKO,parallel,up,323,dKO
50,481.0126582278481,16.456134339766606,1.2617811209066518,fragment,dKO,dKO,parallel,up,323,dKO
51,531.6455696202534,15.794780528882463,1.2410721418129975,fragment,dKO,dKO,parallel,up,323,dKO
52,582.2784810126582,15.068202460929212,1.2164579869370693,fragment,dKO,dKO,parallel,up,323,dKO
53,632.9113924050635,14.420312978414312,1.2343773993719165,fragment,dKO,dKO,parallel,up,323,dKO
54,683.5443037974683,13.793287540404789,1.2186761247698714,fragment,dKO,dKO,parallel,up,323,dKO
55,734.1772151898736,13.13639055951092,1.1440946762170499,fragment,dKO,dKO,parallel,up,323,dKO
56,784.8101265822784,12.38250946077646,1.0382495931537,fragment,dKO,dKO,parallel,up,323,dKO
57,835.4430379746836,11.675698222599777,0.9472621163977266,fragment,dKO,dKO,parallel,up,323,dKO
58,886.0759493670885,11.144071218512252,0.8941414026476399,fragment,dKO,dKO,parallel,up,323,dKO
59,936.7088607594937,10.517357649360278,0.8797481459150748,fragment,dKO,dKO,parallel,up,323,dKO
60,987.3417721518986,9.809233045762538,0.8501670024016512,fragment,dKO,dKO,parallel,up,323,dKO
61,1037.9746835443038,8.811791496444167,0.7631940931517895,fragment,dKO,dKO,parallel,up,323,dKO
62,1088.6075949367087,8.057811036474073,0.6701525654042326,fragment,dKO,dKO,parallel,up,323,dKO
63,1139.240506329114,7.944690123654986,0.6863400407372955,fragment,dKO,dKO,parallel,up,323,dKO
64,1189.8734177215188,7.881725946279748,0.7012176639512662,fragment,dKO,dKO,parallel,up,323,dKO
65,1240.506329113924,7.737455670252919,0.7195613264996806,fragment,dKO,dKO,parallel,up,323,dKO
66,1291.1392405063293,7.834668071461905,0.8101577900266014,fragment,dKO,dKO,parallel,up,323,dKO
67,1341.7721518987341,7.767177016634198,0.8450929368406741,fragment,dKO,dKO,parallel,up,323,dKO
68,1392.4050632911394,7.519669266470445,0.7825172768213725,fragment,dKO,dKO,parallel,up,323,dKO
69,1443.0379746835442,6.977940518336892,0.6333939690102126,fragment,dKO,dKO,parallel,up,323,dKO
70,1493.6708860759495,6.65696911509438,0.548277165398871,fragment,dKO,dKO,parallel,up,323,dKO
71,1544.3037974683543,6.65027184095176,0.5391609354445447,fragment,dKO,dKO,parallel,up,323,dKO
72,1594.9367088607596,6.577696725911277,0.5667810470946041,fragment,dKO,dKO,parallel,up,323,dKO
73,1645.5696202531644,6.721678531900648,0.6758748781412023,fragment,dKO,dKO,parallel,up,323,dKO
74,1696.2025316455697,6.972359615430252,0.7446321787429566,fragment,dKO,dKO,parallel,up,323,dKO
75,1746.8354430379745,6.994970782204186,0.7479497276672922,fragment,dKO,dKO,parallel,up,323,dKO
76,1797.4683544303798,6.846002469633632,0.7592766491493661,fragment,dKO,dKO,parallel,up,323,dKO
77,1848.1012658227846,6.67887203158978,0.7206825478053238,fragment,dKO,dKO,parallel,up,323,dKO
78,1898.73417721519,6.411183299545902,0.6422489746457695,fragment,dKO,dKO,parallel,up,323,dKO
79,1949.3670886075947,6.314135736442326,0.5885981705146913,fragment,dKO,dKO,parallel,up,323,dKO
80,2000,6.096594060700006,0.5489507631659108,fragment,dKO,dKO,parallel,up,323,dKO
1,-2000,8.376689691356583,0.893191214167189,fragment,dKO,dKO,parallel,down,357,dKO
2,-1949.367088607595,8.26827758475846,0.8183459266234815,fragment,dKO,dKO,parallel,down,357,dKO
3,-1898.73417721519,8.070979208302877,0.7590955361291918,fragment,dKO,dKO,parallel,down,357,dKO
4,-1848.1012658227849,7.870405330421989,0.7265290789949708,fragment,dKO,dKO,parallel,down,357,dKO
5,-1797.4683544303798,7.744461722463008,0.7515922849895026,fragment,dKO,dKO,parallel,down,357,dKO
6,-1746.8354430379748,7.780004056561895,0.7998138613234478,fragment,dKO,dKO,parallel,down,357,dKO
7,-1696.2025316455697,7.714044947317,0.7711386793284798,fragment,dKO,dKO,parallel,down,357,dKO
8,-1645.5696202531644,7.634066085541615,0.7175162760360793,fragment,dKO,dKO,parallel,down,357,dKO
9,-1594.9367088607596,7.626431698284897,0.6878467933091517,fragment,dKO,dKO,parallel,down,357,dKO
10,-1544.3037974683543,7.535010322901159,0.6470846588962128,fragment,dKO,dKO,parallel,down,357,dKO
11,-1493.6708860759495,7.324197927794648,0.5887366320658733,fragment,dKO,dKO,parallel,down,357,dKO
12,-1443.0379746835442,7.3560043401989725,0.5756799774944816,fragment,dKO,dKO,parallel,down,357,dKO
13,-1392.4050632911392,7.725805637702888,0.6192184178600573,fragment,dKO,dKO,parallel,down,357,dKO
14,-1341.7721518987341,8.117907417586315,0.6763023568783187,fragment,dKO,dKO,parallel,down,357,dKO
15,-1291.139240506329,8.410240106440169,0.684552677261038,fragment,dKO,dKO,parallel,down,357,dKO
16,-1240.506329113924,8.811028150218764,0.6844129980531761,fragment,dKO,dKO,parallel,down,357,dKO
17,-1189.873417721519,9.309182788270528,0.7119552081011062,fragment,dKO,dKO,parallel,down,357,dKO
18,-1139.240506329114,9.898158609953915,0.8735202868335226,fragment,dKO,dKO,parallel,down,357,dKO
19,-1088.607594936709,10.323295970610877,0.9831821277091806,fragment,dKO,dKO,parallel,down,357,dKO
20,-1037.9746835443038,10.780072751043,1.0167298577386148,fragment,dKO,dKO,parallel,down,357,dKO
21,-987.3417721518988,10.819114269524619,0.9537472051521002,fragment,dKO,dKO,parallel,down,357,dKO
22,-936.7088607594937,10.879103437133418,0.8984470598213811,fragment,dKO,dKO,parallel,down,357,dKO
23,-886.0759493670887,10.902381487057434,0.8179896395048345,fragment,dKO,dKO,parallel,down,357,dKO
24,-835.4430379746836,11.014105105522523,0.7375956879129052,fragment,dKO,dKO,parallel,down,357,dKO
25,-784.8101265822784,11.201870670518955,0.7133017102256477,fragment,dKO,dKO,parallel,down,357,dKO
26,-734.1772151898733,11.836992309930501,0.7450497254166973,fragment,dKO,dKO,parallel,down,357,dKO
27,-683.5443037974683,12.702789585507995,0.8273229732637312,fragment,dKO,dKO,parallel,down,357,dKO
28,-632.9113924050632,13.675476091658256,0.9358274902676628,fragment,dKO,dKO,parallel,down,357,dKO
29,-582.2784810126582,14.654119010648362,1.088097229255248,fragment,dKO,dKO,parallel,down,357,dKO
30,-531.6455696202531,15.48038740058573,1.1847500282930752,fragment,dKO,dKO,parallel,down,357,dKO
31,-481.0126582278481,16.367671323606167,1.255179606834676,fragment,dKO,dKO,parallel,down,357,dKO
32,-430.37974683544303,17.03050421196762,1.278777673485155,fragment,dKO,dKO,parallel,down,357,dKO
33,-379.746835443038,17.80266943323178,1.3552546755388484,fragment,dKO,dKO,parallel,down,357,dKO
34,-329.11392405063293,19.020022649466714,1.4963919210170766,fragment,dKO,dKO,parallel,down,357,dKO
35,-278.4810126582279,20.059373979846747,1.6442677036965523,fragment,dKO,dKO,parallel,down,357,dKO
36,-227.84810126582283,21.427277723291454,1.8589670564969711,fragment,dKO,dKO,parallel,down,357,dKO
37,-177.21518987341778,22.306966239094844,2.0183693954652244,fragment,dKO,dKO,parallel,down,357,dKO
38,-126.58227848101274,22.360732499257523,1.9600253191224304,fragment,dKO,dKO,parallel,down,357,dKO
39,-75.94936708860769,22.37449341605914,1.8251850603679955,fragment,dKO,dKO,parallel,down,357,dKO
40,-25.316455696202638,22.07515730539735,1.6743614093250454,fragment,dKO,dKO,parallel,down,357,dKO
41,25.31645569620241,21.704687810398283,1.5769435367511146,fragment,dKO,dKO,parallel,down,357,dKO
42,75.94936708860769,21.090149389887166,1.464645274745899,fragment,dKO,dKO,parallel,down,357,dKO
43,126.58227848101251,20.41129480764423,1.3662997672552577,fragment,dKO,dKO,parallel,down,357,dKO
44,177.21518987341778,19.528051864924997,1.1892809480701634,fragment,dKO,dKO,parallel,down,357,dKO
45,227.8481012658226,18.918200575566313,1.070608956272938,fragment,dKO,dKO,parallel,down,357,dKO
46,278.4810126582279,18.728496262392746,1.081289642432406,fragment,dKO,dKO,parallel,down,357,dKO
47,329.1139240506327,18.201479563621803,1.1051746941591283,fragment,dKO,dKO,parallel,down,357,dKO
48,379.746835443038,17.41296631423699,1.079547916185705,fragment,dKO,dKO,parallel,down,357,dKO
49,430.37974683544326,16.750484917499996,1.0861418297837082,fragment,dKO,dKO,parallel,down,357,dKO
50,481.0126582278481,16.48227125262457,1.1620918176896071,fragment,dKO,dKO,parallel,down,357,dKO
51,531.6455696202534,16.551194310219458,1.2288318404053213,fragment,dKO,dKO,parallel,down,357,dKO
52,582.2784810126582,16.56558848299121,1.3126964427615027,fragment,dKO,dKO,parallel,down,357,dKO
53,632.9113924050635,16.29230630745518,1.3575408367123531,fragment,dKO,dKO,parallel,down,357,dKO
54,683.5443037974683,15.907805079888451,1.3498944595240638,fragment,dKO,dKO,parallel,down,357,dKO
55,734.1772151898736,15.290200967684068,1.2924651464468144,fragment,dKO,dKO,parallel,down,357,dKO
56,784.8101265822784,14.371026277515401,1.2457714379113083,fragment,dKO,dKO,parallel,down,357,dKO
57,835.4430379746836,13.699711164177076,1.1784875037279237,fragment,dKO,dKO,parallel,down,357,dKO
58,886.0759493670885,12.701143995359832,1.072430405720043,fragment,dKO,dKO,parallel,down,357,dKO
59,936.7088607594937,11.543392079254938,0.9100195012810212,fragment,dKO,dKO,parallel,down,357,dKO
60,987.3417721518986,10.825944680711245,0.8542135865048417,fragment,dKO,dKO,parallel,down,357,dKO
61,1037.9746835443038,10.403620889772332,0.8362061458007586,fragment,dKO,dKO,parallel,down,357,dKO
62,1088.6075949367087,9.973232077955643,0.81814548929151,fragment,dKO,dKO,parallel,down,357,dKO
63,1139.240506329114,9.387604188086495,0.7482740154188715,fragment,dKO,dKO,parallel,down,357,dKO
64,1189.8734177215188,9.101127370169628,0.6805563684948798,fragment,dKO,dKO,parallel,down,357,dKO
65,1240.506329113924,8.949808852665898,0.650891652184257,fragment,dKO,dKO,parallel,down,357,dKO
66,1291.1392405063293,8.379776320493077,0.6085767020577989,fragment,dKO,dKO,parallel,down,357,dKO
67,1341.7721518987341,8.079676239421499,0.5760504101194023,fragment,dKO,dKO,parallel,down,357,dKO
68,1392.4050632911394,7.871739929835447,0.5413739143787925,fragment,dKO,dKO,parallel,down,357,dKO
69,1443.0379746835442,7.667615110669372,0.5213051388810068,fragment,dKO,dKO,parallel,down,357,dKO
70,1493.6708860759495,7.335941673411486,0.49508563751156426,fragment,dKO,dKO,parallel,down,357,dKO
71,1544.3037974683543,6.905245385434893,0.45894276271356144,fragment,dKO,dKO,parallel,down,357,dKO
72,1594.9367088607596,6.801873717049813,0.46569597596178053,fragment,dKO,dKO,parallel,down,357,dKO
73,1645.5696202531644,6.872253254239076,0.5145118704256041,fragment,dKO,dKO,parallel,down,357,dKO
74,1696.2025316455697,7.102269101020446,0.6439166042162302,fragment,dKO,dKO,parallel,down,357,dKO
75,1746.8354430379745,6.92046412001137,0.6807103786288695,fragment,dKO,dKO,parallel,down,357,dKO
76,1797.4683544303798,6.825081963305379,0.759411813603385,fragment,dKO,dKO,parallel,down,357,dKO
77,1848.1012658227846,6.986401497039919,0.874008201900763,fragment,dKO,dKO,parallel,down,357,dKO
78,1898.73417721519,7.017497662676482,0.9275490650653675,fragment,dKO,dKO,parallel,down,357,dKO
79,1949.3670886075947,6.87435252287586,0.8527650841912142,fragment,dKO,dKO,parallel,down,357,dKO
80,2000,6.479425442430263,0.7019308367186744,fragment,dKO,dKO,parallel,down,357,dKO
1,-2000,10.214619877032744,3.55455593457952,fragment,dKO,dKO,antiparallel,up,26,dKO
2,-1949.367088607595,10.146278058962945,3.540345410736751,fragment,dKO,dKO,antiparallel,up,26,dKO
3,-1898.73417721519,9.781186649065752,3.356726687935704,fragment,dKO,dKO,antiparallel,up,26,dKO
4,-1848.1012658227849,9.239830759091255,3.035752187069015,fragment,dKO,dKO,antiparallel,up,26,dKO
5,-1797.4683544303798,8.538596239028832,2.6097837735273166,fragment,dKO,dKO,antiparallel,up,26,dKO
6,-1746.8354430379748,7.896123296297514,2.204132623415323,fragment,dKO,dKO,antiparallel,up,26,dKO
7,-1696.2025316455697,6.785309998530607,1.7300818393636415,fragment,dKO,dKO,antiparallel,up,26,dKO
8,-1645.5696202531644,6.993813677445436,1.8805980671265352,fragment,dKO,dKO,antiparallel,up,26,dKO
9,-1594.9367088607596,7.012373603979746,1.9520374209654956,fragment,dKO,dKO,antiparallel,up,26,dKO
10,-1544.3037974683543,6.49535835877443,1.7078341727899218,fragment,dKO,dKO,antiparallel,up,26,dKO
11,-1493.6708860759495,6.277546293980036,1.470584953388905,fragment,dKO,dKO,antiparallel,up,26,dKO
12,-1443.0379746835442,5.907485153858478,1.2766252417022281,fragment,dKO,dKO,antiparallel,up,26,dKO
13,-1392.4050632911392,6.011106014618507,1.3019237961847885,fragment,dKO,dKO,antiparallel,up,26,dKO
14,-1341.7721518987341,6.163329206399428,1.325826536998085,fragment,dKO,dKO,antiparallel,up,26,dKO
15,-1291.139240506329,6.561704912369068,1.3419931330972987,fragment,dKO,dKO,antiparallel,up,26,dKO
16,-1240.506329113924,6.223482230810019,1.2124770152198396,fragment,dKO,dKO,antiparallel,up,26,dKO
17,-1189.873417721519,6.256591286353576,1.2258034642292799,fragment,dKO,dKO,antiparallel,up,26,dKO
18,-1139.240506329114,6.301693487534156,1.3165644175761124,fragment,dKO,dKO,antiparallel,up,26,dKO
19,-1088.607594936709,6.219437621617929,1.3593807239577993,fragment,dKO,dKO,antiparallel,up,26,dKO
20,-1037.9746835443038,6.828569924464593,1.5793456337411769,fragment,dKO,dKO,antiparallel,up,26,dKO
21,-987.3417721518988,7.937553683794462,2.1380776938198687,fragment,dKO,dKO,antiparallel,up,26,dKO
22,-936.7088607594937,8.682486934784132,2.340808960195749,fragment,dKO,dKO,antiparallel,up,26,dKO
23,-886.0759493670887,8.555079881961529,2.3693799938333444,fragment,dKO,dKO,antiparallel,up,26,dKO
24,-835.4430379746836,8.629139240888449,2.392813608316625,fragment,dKO,dKO,antiparallel,up,26,dKO
25,-784.8101265822784,10.03354003062615,2.762725004766532,fragment,dKO,dKO,antiparallel,up,26,dKO
26,-734.1772151898733,11.283325040768354,3.314815780843484,fragment,dKO,dKO,antiparallel,up,26,dKO
27,-683.5443037974683,12.638375944846715,4.035827600553692,fragment,dKO,dKO,antiparallel,up,26,dKO
28,-632.9113924050632,13.363760913579892,4.341700814290085,fragment,dKO,dKO,antiparallel,up,26,dKO
29,-582.2784810126582,13.94991546251835,4.349517917366786,fragment,dKO,dKO,antiparallel,up,26,dKO
30,-531.6455696202531,12.993364264720526,3.643799769154946,fragment,dKO,dKO,antiparallel,up,26,dKO
31,-481.0126582278481,13.337199344145946,3.4902618592513055,fragment,dKO,dKO,antiparallel,up,26,dKO
32,-430.37974683544303,14.291860057879717,3.5510188879523317,fragment,dKO,dKO,antiparallel,up,26,dKO
33,-379.746835443038,15.313444454761651,3.76626624616437,fragment,dKO,dKO,antiparallel,up,26,dKO
34,-329.11392405063293,16.99943939872277,4.642857612475769,fragment,dKO,dKO,antiparallel,up,26,dKO
35,-278.4810126582279,19.250139648333572,5.210876793964216,fragment,dKO,dKO,antiparallel,up,26,dKO
36,-227.84810126582283,20.002086652425618,5.321693696877496,fragment,dKO,dKO,antiparallel,up,26,dKO
37,-177.21518987341778,20.513902093324905,4.82889197272875,fragment,dKO,dKO,antiparallel,up,26,dKO
38,-126.58227848101274,20.88985874023193,3.9423117698189607,fragment,dKO,dKO,antiparallel,up,26,dKO
39,-75.94936708860769,21.36275610376627,3.5278719978069275,fragment,dKO,dKO,antiparallel,up,26,dKO
40,-25.316455696202638,21.75575889110565,3.8564653664093838,fragment,dKO,dKO,antiparallel,up,26,dKO
41,25.31645569620241,23.320690269225683,4.530425751018427,fragment,dKO,dKO,antiparallel,up,26,dKO
42,75.94936708860769,24.465451759864123,5.135763107346198,fragment,dKO,dKO,antiparallel,up,26,dKO
43,126.58227848101251,25.47075288112347,5.757832166865325,fragment,dKO,dKO,antiparallel,up,26,dKO
44,177.21518987341778,25.471785535567847,5.593310703188003,fragment,dKO,dKO,antiparallel,up,26,dKO
45,227.8481012658226,25.632286649117102,5.694209203918685,fragment,dKO,dKO,antiparallel,up,26,dKO
46,278.4810126582279,25.063188849626442,5.90035695286462,fragment,dKO,dKO,antiparallel,up,26,dKO
47,329.1139240506327,23.505309575673863,5.519139185004199,fragment,dKO,dKO,antiparallel,up,26,dKO
48,379.746835443038,21.490694854993087,5.103809246942531,fragment,dKO,dKO,antiparallel,up,26,dKO
49,430.37974683544326,20.131453714309593,4.7194998558990955,fragment,dKO,dKO,antiparallel,up,26,dKO
50,481.0126582278481,19.672804700839215,4.51664047117815,fragment,dKO,dKO,antiparallel,up,26,dKO
51,531.6455696202534,16.943350913799726,3.7645691115694357,fragment,dKO,dKO,antiparallel,up,26,dKO
52,582.2784810126582,16.083100356413766,3.5824216974171637,fragment,dKO,dKO,antiparallel,up,26,dKO
53,632.9113924050635,15.686302878306462,3.878692630226663,fragment,dKO,dKO,antiparallel,up,26,dKO
54,683.5443037974683,15.770072172177144,4.377857269781256,fragment,dKO,dKO,antiparallel,up,26,dKO
55,734.1772151898736,17.185556298341506,5.833374941420015,fragment,dKO,dKO,antiparallel,up,26,dKO
56,784.8101265822784,17.702385782584166,7.109607474488387,fragment,dKO,dKO,antiparallel,up,26,dKO
57,835.4430379746836,17.8613967139293,7.447523394139519,fragment,dKO,dKO,antiparallel,up,26,dKO
58,886.0759493670885,17.73684580112115,7.187584214999253,fragment,dKO,dKO,antiparallel,up,26,dKO
59,936.7088607594937,16.159902342741308,6.176763116431184,fragment,dKO,dKO,antiparallel,up,26,dKO
60,987.3417721518986,14.5636941130956,4.89784990551416,fragment,dKO,dKO,antiparallel,up,26,dKO
61,1037.9746835443038,12.958484429059885,4.21405318044575,fragment,dKO,dKO,antiparallel,up,26,dKO
62,1088.6075949367087,11.541576741597591,3.4556488614992973,fragment,dKO,dKO,antiparallel,up,26,dKO
63,1139.240506329114,10.83242327460876,3.100417035617655,fragment,dKO,dKO,antiparallel,up,26,dKO
64,1189.8734177215188,10.259159903342907,3.0495147891089687,fragment,dKO,dKO,antiparallel,up,26,dKO
65,1240.506329113924,9.781885035374225,2.888355157063764,fragment,dKO,dKO,antiparallel,up,26,dKO
66,1291.1392405063293,9.17809923450152,2.6198940555959966,fragment,dKO,dKO,antiparallel,up,26,dKO
67,1341.7721518987341,7.870537884357648,2.1041385506227916,fragment,dKO,dKO,antiparallel,up,26,dKO
68,1392.4050632911394,7.35984624722065,1.837618060895915,fragment,dKO,dKO,antiparallel,up,26,dKO
69,1443.0379746835442,7.598966900813274,1.9739992141224918,fragment,dKO,dKO,antiparallel,up,26,dKO
70,1493.6708860759495,7.237581253357423,1.9103991358391734,fragment,dKO,dKO,antiparallel,up,26,dKO
71,1544.3037974683543,7.469353317297422,2.127789108570543,fragment,dKO,dKO,antiparallel,up,26,dKO
72,1594.9367088607596,7.649022218355766,2.4837893650191813,fragment,dKO,dKO,antiparallel,up,26,dKO
73,1645.5696202531644,8.31401449839274,3.053372723236696,fragment,dKO,dKO,antiparallel,up,26,dKO
74,1696.2025316455697,8.121347649341974,2.9277330254036937,fragment,dKO,dKO,antiparallel,up,26,dKO
75,1746.8354430379745,7.121441040466993,2.0457097833597113,fragment,dKO,dKO,antiparallel,up,26,dKO
76,1797.4683544303798,6.304895183673271,1.5999428443465633,fragment,dKO,dKO,antiparallel,up,26,dKO
77,1848.1012658227846,5.74860092875285,1.481105581583091,fragment,dKO,dKO,antiparallel,up,26,dKO
78,1898.73417721519,5.422152791634584,1.2556793017215293,fragment,dKO,dKO,antiparallel,up,26,dKO
79,1949.3670886075947,4.963197240860034,0.9540283484314273,fragment,dKO,dKO,antiparallel,up,26,dKO
80,2000,4.825633110174766,0.824504544992424,fragment,dKO,dKO,antiparallel,up,26,dKO
1,-2000,2.54627829123766,0.5040277882128229,fragment,dKO,dKO,antiparallel,down,13,dKO
2,-1949.367088607595,2.7819002671119497,0.6423132296447497,fragment,dKO,dKO,antiparallel,down,13,dKO
3,-1898.73417721519,2.718941388007922,0.6863311330944105,fragment,dKO,dKO,antiparallel,down,13,dKO
4,-1848.1012658227849,1.892493804051326,0.5541268737863349,fragment,dKO,dKO,antiparallel,down,13,dKO
5,-1797.4683544303798,1.7482712947405301,0.5616356325089713,fragment,dKO,dKO,antiparallel,down,13,dKO
6,-1746.8354430379748,1.9470632456510495,0.5132585546617091,fragment,dKO,dKO,antiparallel,down,13,dKO
7,-1696.2025316455697,2.1074461125104857,0.5229374858177293,fragment,dKO,dKO,antiparallel,down,13,dKO
8,-1645.5696202531644,2.317446719438602,0.5958637755160071,fragment,dKO,dKO,antiparallel,down,13,dKO
9,-1594.9367088607596,2.839455111699227,0.7016485885836532,fragment,dKO,dKO,antiparallel,down,13,dKO
10,-1544.3037974683543,3.0392030901786606,0.7083642353514918,fragment,dKO,dKO,antiparallel,down,13,dKO
11,-1493.6708860759495,2.998238381055685,0.6922063157513428,fragment,dKO,dKO,antiparallel,down,13,dKO
12,-1443.0379746835442,3.016107260875213,0.6087738185162243,fragment,dKO,dKO,antiparallel,down,13,dKO
13,-1392.4050632911392,3.27079413383435,0.6481770130207689,fragment,dKO,dKO,antiparallel,down,13,dKO
14,-1341.7721518987341,3.8183218991450776,0.8537333941593009,fragment,dKO,dKO,antiparallel,down,13,dKO
15,-1291.139240506329,4.3756198826814305,1.178242889905968,fragment,dKO,dKO,antiparallel,down,13,dKO
16,-1240.506329113924,4.164547371130723,1.1470058225433555,fragment,dKO,dKO,antiparallel,down,13,dKO
17,-1189.873417721519,3.6445850899280647,0.9725880295613915,fragment,dKO,dKO,antiparallel,down,13,dKO
18,-1139.240506329114,3.1730218069369975,0.8607809903788758,fragment,dKO,dKO,antiparallel,down,13,dKO
19,-1088.607594936709,2.7675942537112115,0.8333474609726828,fragment,dKO,dKO,antiparallel,down,13,dKO
20,-1037.9746835443038,2.899857081633348,0.7859882957272738,fragment,dKO,dKO,antiparallel,down,13,dKO
21,-987.3417721518988,2.6384225374613055,0.6999630782654257,fragment,dKO,dKO,antiparallel,down,13,dKO
22,-936.7088607594937,2.9419992614403747,0.8438360998576979,fragment,dKO,dKO,antiparallel,down,13,dKO
23,-886.0759493670887,3.649751521868583,1.1545373585764156,fragment,dKO,dKO,antiparallel,down,13,dKO
24,-835.4430379746836,3.8843840805689496,1.1685496977025178,fragment,dKO,dKO,antiparallel,down,13,dKO
25,-784.8101265822784,3.8042767804708237,1.1163316099657494,fragment,dKO,dKO,antiparallel,down,13,dKO
26,-734.1772151898733,4.275722738168178,1.3135700731700544,fragment,dKO,dKO,antiparallel,down,13,dKO
27,-683.5443037974683,4.836857234759209,1.5311119844927341,fragment,dKO,dKO,antiparallel,down,13,dKO
28,-632.9113924050632,5.623963091679109,1.550049668864454,fragment,dKO,dKO,antiparallel,down,13,dKO
29,-582.2784810126582,6.325064271474496,1.8692267334954904,fragment,dKO,dKO,antiparallel,down,13,dKO
30,-531.6455696202531,7.080011765528948,2.3191717815108928,fragment,dKO,dKO,antiparallel,down,13,dKO
31,-481.0126582278481,8.05323193696829,2.466547608285041,fragment,dKO,dKO,antiparallel,down,13,dKO
32,-430.37974683544303,10.303719921967922,3.028946152499503,fragment,dKO,dKO,antiparallel,down,13,dKO
33,-379.746835443038,11.85542278809425,3.6796600481977384,fragment,dKO,dKO,antiparallel,down,13,dKO
34,-329.11392405063293,13.743996001206911,4.657993699032757,fragment,dKO,dKO,antiparallel,down,13,dKO
35,-278.4810126582279,16.70376616056149,6.5906054999137105,fragment,dKO,dKO,antiparallel,down,13,dKO
36,-227.84810126582283,18.10837488614596,7.4710184805213125,fragment,dKO,dKO,antiparallel,down,13,dKO
37,-177.21518987341778,18.387206015220055,6.8982249402864095,fragment,dKO,dKO,antiparallel,down,13,dKO
38,-126.58227848101274,17.079937980358416,5.484822913219736,fragment,dKO,dKO,antiparallel,down,13,dKO
39,-75.94936708860769,15.610935187462049,5.005270258789353,fragment,dKO,dKO,antiparallel,down,13,dKO
40,-25.316455696202638,14.803889422783485,4.949092769924884,fragment,dKO,dKO,antiparallel,down,13,dKO
41,25.31645569620241,14.62381643234155,4.546751676474176,fragment,dKO,dKO,antiparallel,down,13,dKO
42,75.94936708860769,13.601188259491552,4.130261730288277,fragment,dKO,dKO,antiparallel,down,13,dKO
43,126.58227848101251,11.18468117316564,2.9102886759474313,fragment,dKO,dKO,antiparallel,down,13,dKO
44,177.21518987341778,10.19361462042882,2.562044522850692,fragment,dKO,dKO,antiparallel,down,13,dKO
45,227.8481012658226,9.930853396440163,2.4259485545110633,fragment,dKO,dKO,antiparallel,down,13,dKO
46,278.4810126582279,9.751393267191373,2.4514595086225355,fragment,dKO,dKO,antiparallel,down,13,dKO
47,329.1139240506327,9.526767896505502,2.2580774391711453,fragment,dKO,dKO,antiparallel,down,13,dKO
48,379.746835443038,9.63403058052063,2.527990202023883,fragment,dKO,dKO,antiparallel,down,13,dKO
49,430.37974683544326,9.999020125010075,2.6946883021166435,fragment,dKO,dKO,antiparallel,down,13,dKO
50,481.0126582278481,10.340648066752996,2.844473937852515,fragment,dKO,dKO,antiparallel,down,13,dKO
51,531.6455696202534,11.026757686871749,3.2956070612657644,fragment,dKO,dKO,antiparallel,down,13,dKO
52,582.2784810126582,11.397404506389911,4.077605160407762,fragment,dKO,dKO,antiparallel,down,13,dKO
53,632.9113924050635,12.547407610599812,4.962490186541569,fragment,dKO,dKO,antiparallel,down,13,dKO
54,683.5443037974683,12.760943952707144,5.207676140748884,fragment,dKO,dKO,antiparallel,down,13,dKO
55,734.1772151898736,11.799366307380872,4.95892573393962,fragment,dKO,dKO,antiparallel,down,13,dKO
56,784.8101265822784,10.522176803197617,4.2446116973593755,fragment,dKO,dKO,antiparallel,down,13,dKO
57,835.4430379746836,8.186275429847914,3.2916007366636393,fragment,dKO,dKO,antiparallel,down,13,dKO
58,886.0759493670885,6.597379185358683,2.552229220261589,fragment,dKO,dKO,antiparallel,down,13,dKO
59,936.7088607594937,6.420303797966395,2.194460197597683,fragment,dKO,dKO,antiparallel,down,13,dKO
60,987.3417721518986,6.0165636984507245,2.4622983296859635,fragment,dKO,dKO,antiparallel,down,13,dKO
61,1037.9746835443038,6.155392826765011,2.194812492952648,fragment,dKO,dKO,antiparallel,down,13,dKO
62,1088.6075949367087,5.8907681897970345,2.1671947170686385,fragment,dKO,dKO,antiparallel,down,13,dKO
63,1139.240506329114,5.791391599361713,2.1402334426043668,fragment,dKO,dKO,antiparallel,down,13,dKO
64,1189.8734177215188,5.481826483653142,2.234699949235,fragment,dKO,dKO,antiparallel,down,13,dKO
65,1240.506329113924,4.419560120289142,1.751586499051406,fragment,dKO,dKO,antiparallel,down,13,dKO
66,1291.1392405063293,4.060505810762063,1.2221900612906325,fragment,dKO,dKO,antiparallel,down,13,dKO
67,1341.7721518987341,3.490027925723638,0.9929986822829933,fragment,dKO,dKO,antiparallel,down,13,dKO
68,1392.4050632911394,3.4782825309802323,1.0344452765604535,fragment,dKO,dKO,antiparallel,down,13,dKO
69,1443.0379746835442,3.2334111947891038,0.885055519539407,fragment,dKO,dKO,antiparallel,down,13,dKO
70,1493.6708860759495,3.068787996096489,0.6587258188568557,fragment,dKO,dKO,antiparallel,down,13,dKO
71,1544.3037974683543,2.841794595596118,0.437456991090264,fragment,dKO,dKO,antiparallel,down,13,dKO
72,1594.9367088607596,2.825225208844894,0.3929494084332735,fragment,dKO,dKO,antiparallel,down,13,dKO
73,1645.5696202531644,3.0031699661108164,0.5227357167196846,fragment,dKO,dKO,antiparallel,down,13,dKO
74,1696.2025316455697,3.2303209191102247,0.7405882272715375,fragment,dKO,dKO,antiparallel,down,13,dKO
75,1746.8354430379745,3.554175689403827,0.9473065061228221,fragment,dKO,dKO,antiparallel,down,13,dKO
76,1797.4683544303798,3.518836062260163,0.9094015468945331,fragment,dKO,dKO,antiparallel,down,13,dKO
77,1848.1012658227846,3.53198795575362,0.8494800344176622,fragment,dKO,dKO,antiparallel,down,13,dKO
78,1898.73417721519,3.098104431384649,0.8957397271671861,fragment,dKO,dKO,antiparallel,down,13,dKO
79,1949.3670886075947,3.525801034829555,0.8594951463520163,fragment,dKO,dKO,antiparallel,down,13,dKO
80,2000,3.421102741803878,0.860525733689386,fragment,dKO,dKO,antiparallel,down,13,dKO
1,-2000,14.195660564899445,3.8428947059559233,fragment,dKO,dKO,hybrid,up,39,dKO
2,-1949.367088607595,15.444399378727644,4.297327256274449,fragment,dKO,dKO,hybrid,up,39,dKO
3,-1898.73417721519,15.675035805396544,4.170091110564551,fragment,dKO,dKO,hybrid,up,39,dKO
4,-1848.1012658227849,14.819207936413267,3.6955990860660344,fragment,dKO,dKO,hybrid,up,39,dKO
5,-1797.4683544303798,14.196833270064786,3.5855662535484423,fragment,dKO,dKO,hybrid,up,39,dKO
6,-1746.8354430379748,14.393241522108388,4.035230263535369,fragment,dKO,dKO,hybrid,up,39,dKO
7,-1696.2025316455697,14.695215266362215,4.382773098648401,fragment,dKO,dKO,hybrid,up,39,dKO
8,-1645.5696202531644,14.044040532254765,4.107991225180024,fragment,dKO,dKO,hybrid,up,39,dKO
9,-1594.9367088607596,12.413842075197106,3.2474202072690685,fragment,dKO,dKO,hybrid,up,39,dKO
10,-1544.3037974683543,10.976145605653779,2.7493474597555547,fragment,dKO,dKO,hybrid,up,39,dKO
11,-1493.6708860759495,10.017315410956359,2.502311040250349,fragment,dKO,dKO,hybrid,up,39,dKO
12,-1443.0379746835442,8.881111226448645,2.262725710530321,fragment,dKO,dKO,hybrid,up,39,dKO
13,-1392.4050632911392,8.301266780816592,2.1509363517157616,fragment,dKO,dKO,hybrid,up,39,dKO
14,-1341.7721518987341,7.400519377186767,1.7126576219075371,fragment,dKO,dKO,hybrid,up,39,dKO
15,-1291.139240506329,7.213906720968393,1.5013229382501228,fragment,dKO,dKO,hybrid,up,39,dKO
16,-1240.506329113924,7.154262991033049,1.4442200347245246,fragment,dKO,dKO,hybrid,up,39,dKO
17,-1189.873417721519,7.287353083863217,1.3491951534883568,fragment,dKO,dKO,hybrid,up,39,dKO
18,-1139.240506329114,7.436800175935794,1.2701948061414108,fragment,dKO,dKO,hybrid,up,39,dKO
19,-1088.607594936709,7.846372341946659,1.2223603059678245,fragment,dKO,dKO,hybrid,up,39,dKO
20,-1037.9746835443038,8.222635940629193,1.4591133225884787,fragment,dKO,dKO,hybrid,up,39,dKO
21,-987.3417721518988,7.7351780530937715,1.4776891601500555,fragment,dKO,dKO,hybrid,up,39,dKO
22,-936.7088607594937,7.796813155157953,1.6261281925477724,fragment,dKO,dKO,hybrid,up,39,dKO
23,-886.0759493670887,7.872866510081495,1.7740412472872027,fragment,dKO,dKO,hybrid,up,39,dKO
24,-835.4430379746836,8.0879442538563,1.7362956174465776,fragment,dKO,dKO,hybrid,up,39,dKO
25,-784.8101265822784,8.36016823332534,1.6576467437034241,fragment,dKO,dKO,hybrid,up,39,dKO
26,-734.1772151898733,8.568860092489128,1.7060427509082225,fragment,dKO,dKO,hybrid,up,39,dKO
27,-683.5443037974683,8.863518331723336,1.702693039012965,fragment,dKO,dKO,hybrid,up,39,dKO
28,-632.9113924050632,8.63388589162093,1.531762119097183,fragment,dKO,dKO,hybrid,up,39,dKO
29,-582.2784810126582,8.853118274436037,1.4113006470244558,fragment,dKO,dKO,hybrid,up,39,dKO
30,-531.6455696202531,9.784944932725695,1.5573485412340047,fragment,dKO,dKO,hybrid,up,39,dKO
31,-481.0126582278481,11.313614445507017,1.9808177558641922,fragment,dKO,dKO,hybrid,up,39,dKO
32,-430.37974683544303,12.635810459332587,2.418916998461195,fragment,dKO,dKO,hybrid,up,39,dKO
33,-379.746835443038,14.448112227448032,2.8452250305867537,fragment,dKO,dKO,hybrid,up,39,dKO
34,-329.11392405063293,16.371989050115275,3.3663046051297814,fragment,dKO,dKO,hybrid,up,39,dKO
35,-278.4810126582279,19.524193553476252,4.331997190506808,fragment,dKO,dKO,hybrid,up,39,dKO
36,-227.84810126582283,21.977893827389448,5.2738259510011325,fragment,dKO,dKO,hybrid,up,39,dKO
37,-177.21518987341778,24.460331593578697,6.393296847921275,fragment,dKO,dKO,hybrid,up,39,dKO
38,-126.58227848101274,25.76797321914608,6.976616950674286,fragment,dKO,dKO,hybrid,up,39,dKO
39,-75.94936708860769,26.315533111625246,7.138448862687206,fragment,dKO,dKO,hybrid,up,39,dKO
40,-25.316455696202638,26.832431659209423,6.844933482129229,fragment,dKO,dKO,hybrid,up,39,dKO
41,25.31645569620241,27.125636816350823,6.658114283929956,fragment,dKO,dKO,hybrid,up,39,dKO
42,75.94936708860769,26.659479856205802,6.186246865000841,fragment,dKO,dKO,hybrid,up,39,dKO
43,126.58227848101251,25.873927977187,5.395373017926598,fragment,dKO,dKO,hybrid,up,39,dKO
44,177.21518987341778,24.090403082472648,4.2080809642829,fragment,dKO,dKO,hybrid,up,39,dKO
45,227.8481012658226,22.859996541707943,3.5216370326773943,fragment,dKO,dKO,hybrid,up,39,dKO
46,278.4810126582279,21.69517876050411,3.1704879832034063,fragment,dKO,dKO,hybrid,up,39,dKO
47,329.1139240506327,21.680689653555554,3.111323489772067,fragment,dKO,dKO,hybrid,up,39,dKO
48,379.746835443038,21.68217129597297,3.3293670067285404,fragment,dKO,dKO,hybrid,up,39,dKO
49,430.37974683544326,21.710663135601923,3.586198550801193,fragment,dKO,dKO,hybrid,up,39,dKO
50,481.0126582278481,21.754881575902303,3.9289240613925425,fragment,dKO,dKO,hybrid,up,39,dKO
51,531.6455696202534,20.710949838711667,3.891873207125069,fragment,dKO,dKO,hybrid,up,39,dKO
52,582.2784810126582,19.213074701912383,3.4503314674529486,fragment,dKO,dKO,hybrid,up,39,dKO
53,632.9113924050635,18.27705517247192,3.141947890291481,fragment,dKO,dKO,hybrid,up,39,dKO
54,683.5443037974683,17.695498796772753,2.910251786656343,fragment,dKO,dKO,hybrid,up,39,dKO
55,734.1772151898736,16.160586532812854,2.6809738455704504,fragment,dKO,dKO,hybrid,up,39,dKO
56,784.8101265822784,14.59604095756498,2.476647495120931,fragment,dKO,dKO,hybrid,up,39,dKO
57,835.4430379746836,13.87514962249332,2.26311603232777,fragment,dKO,dKO,hybrid,up,39,dKO
58,886.0759493670885,12.967339718565981,1.9733422309037176,fragment,dKO,dKO,hybrid,up,39,dKO
59,936.7088607594937,11.890324123822726,1.709591089376681,fragment,dKO,dKO,hybrid,up,39,dKO
60,987.3417721518986,11.011190336952861,1.6054526302820582,fragment,dKO,dKO,hybrid,up,39,dKO
61,1037.9746835443038,10.593693771566082,1.6519786152052987,fragment,dKO,dKO,hybrid,up,39,dKO
62,1088.6075949367087,10.009155270340097,1.7055822196473418,fragment,dKO,dKO,hybrid,up,39,dKO
63,1139.240506329114,9.107539550952422,1.6668197827272493,fragment,dKO,dKO,hybrid,up,39,dKO
64,1189.8734177215188,8.110806643331152,1.4420457279071504,fragment,dKO,dKO,hybrid,up,39,dKO
65,1240.506329113924,6.802770270302764,1.146802654669826,fragment,dKO,dKO,hybrid,up,39,dKO
66,1291.1392405063293,6.64441024653932,1.0765090928632615,fragment,dKO,dKO,hybrid,up,39,dKO
67,1341.7721518987341,6.658440499468746,1.078769678963725,fragment,dKO,dKO,hybrid,up,39,dKO
68,1392.4050632911394,6.199913445476793,0.9512396549334248,fragment,dKO,dKO,hybrid,up,39,dKO
69,1443.0379746835442,5.763851512069376,0.8571936427181442,fragment,dKO,dKO,hybrid,up,39,dKO
70,1493.6708860759495,5.672677570591625,0.8525159151921679,fragment,dKO,dKO,hybrid,up,39,dKO
71,1544.3037974683543,5.60712584369203,0.8772503246412684,fragment,dKO,dKO,hybrid,up,39,dKO
72,1594.9367088607596,5.422466175800714,0.885559960682258,fragment,dKO,dKO,hybrid,up,39,dKO
73,1645.5696202531644,5.597008667297852,0.9703346752058292,fragment,dKO,dKO,hybrid,up,39,dKO
74,1696.2025316455697,5.764546957423544,1.0857436338514683,fragment,dKO,dKO,hybrid,up,39,dKO
75,1746.8354430379745,5.768250211079915,1.0496483490227835,fragment,dKO,dKO,hybrid,up,39,dKO
76,1797.4683544303798,5.553674864830115,0.9637035557805745,fragment,dKO,dKO,hybrid,up,39,dKO
77,1848.1012658227846,5.378699007441855,0.9460086909581644,fragment,dKO,dKO,hybrid,up,39,dKO
78,1898.73417721519,4.961944248370635,0.9640737176138281,fragment,dKO,dKO,hybrid,up,39,dKO
79,1949.3670886075947,5.3925243277019925,1.2485858826764877,fragment,dKO,dKO,hybrid,up,39,dKO
80,2000,5.80074629404606,1.4625727988063228,fragment,dKO,dKO,hybrid,up,39,dKO
1,-2000,5.681011988195793,1.3012219722436391,fragment,dKO,dKO,hybrid,down,63,dKO
2,-1949.367088607595,5.595628398246866,1.2213410748351445,fragment,dKO,dKO,hybrid,down,63,dKO
3,-1898.73417721519,5.401579192681287,1.0577672843657522,fragment,dKO,dKO,hybrid,down,63,dKO
4,-1848.1012658227849,5.412799240874235,1.0080379987147265,fragment,dKO,dKO,hybrid,down,63,dKO
5,-1797.4683544303798,5.346738858967231,0.9169239552817892,fragment,dKO,dKO,hybrid,down,63,dKO
6,-1746.8354430379748,5.307718711441787,0.8128310900091698,fragment,dKO,dKO,hybrid,down,63,dKO
7,-1696.2025316455697,4.9968487088894715,0.681549806714023,fragment,dKO,dKO,hybrid,down,63,dKO
8,-1645.5696202531644,4.854820972510747,0.6934108945854212,fragment,dKO,dKO,hybrid,down,63,dKO
9,-1594.9367088607596,4.888224297881757,0.7121002258107915,fragment,dKO,dKO,hybrid,down,63,dKO
10,-1544.3037974683543,5.546188228887225,0.965071560918855,fragment,dKO,dKO,hybrid,down,63,dKO
11,-1493.6708860759495,6.714654644532178,1.6740936906654293,fragment,dKO,dKO,hybrid,down,63,dKO
12,-1443.0379746835442,7.767447801746389,2.032485503784299,fragment,dKO,dKO,hybrid,down,63,dKO
13,-1392.4050632911392,9.338476182089911,2.778689742887728,fragment,dKO,dKO,hybrid,down,63,dKO
14,-1341.7721518987341,10.507573971041927,3.2271435595585136,fragment,dKO,dKO,hybrid,down,63,dKO
15,-1291.139240506329,11.344181505157835,3.440715751267915,fragment,dKO,dKO,hybrid,down,63,dKO
16,-1240.506329113924,12.248239584902606,3.7672741347707905,fragment,dKO,dKO,hybrid,down,63,dKO
17,-1189.873417721519,12.82909641800734,4.037119471675813,fragment,dKO,dKO,hybrid,down,63,dKO
18,-1139.240506329114,13.031325710728055,3.8175935123537044,fragment,dKO,dKO,hybrid,down,63,dKO
19,-1088.607594936709,13.396818739888529,3.551949001214881,fragment,dKO,dKO,hybrid,down,63,dKO
20,-1037.9746835443038,14.068743393736542,3.438518202739524,fragment,dKO,dKO,hybrid,down,63,dKO
21,-987.3417721518988,14.844606220217608,3.3720312745781538,fragment,dKO,dKO,hybrid,down,63,dKO
22,-936.7088607594937,15.75585890648857,3.360775626418502,fragment,dKO,dKO,hybrid,down,63,dKO
23,-886.0759493670887,16.2633795874964,3.3415585087743818,fragment,dKO,dKO,hybrid,down,63,dKO
24,-835.4430379746836,16.487555254678878,3.324375871456602,fragment,dKO,dKO,hybrid,down,63,dKO
25,-784.8101265822784,17.225547504147524,3.455979265296978,fragment,dKO,dKO,hybrid,down,63,dKO
26,-734.1772151898733,18.07330287332888,4.163560647993851,fragment,dKO,dKO,hybrid,down,63,dKO
27,-683.5443037974683,18.519987231738984,4.484161859742714,fragment,dKO,dKO,hybrid,down,63,dKO
28,-632.9113924050632,18.78223113135686,4.441685774725804,fragment,dKO,dKO,hybrid,down,63,dKO
29,-582.2784810126582,18.97657135607704,4.2145250928171425,fragment,dKO,dKO,hybrid,down,63,dKO
30,-531.6455696202531,18.90533580603423,3.846797086196493,fragment,dKO,dKO,hybrid,down,63,dKO
31,-481.0126582278481,19.062668564117775,3.4868815439451764,fragment,dKO,dKO,hybrid,down,63,dKO
32,-430.37974683544303,19.610878433891074,3.0062591252329542,fragment,dKO,dKO,hybrid,down,63,dKO
33,-379.746835443038,21.37343228541985,3.0317669075830644,fragment,dKO,dKO,hybrid,down,63,dKO
34,-329.11392405063293,23.816521898400847,3.2639317839486393,fragment,dKO,dKO,hybrid,down,63,dKO
35,-278.4810126582279,25.418650136675154,3.5597387181716598,fragment,dKO,dKO,hybrid,down,63,dKO
36,-227.84810126582283,26.541036284600615,4.025060602752793,fragment,dKO,dKO,hybrid,down,63,dKO
37,-177.21518987341778,27.533423928646815,4.596234554176042,fragment,dKO,dKO,hybrid,down,63,dKO
38,-126.58227848101274,28.300994997100226,4.830337334714196,fragment,dKO,dKO,hybrid,down,63,dKO
39,-75.94936708860769,27.659350873692325,4.693398654826949,fragment,dKO,dKO,hybrid,down,63,dKO
40,-25.316455696202638,26.504004443789285,4.37644726195594,fragment,dKO,dKO,hybrid,down,63,dKO
41,25.31645569620241,24.677316467875528,4.011154970010769,fragment,dKO,dKO,hybrid,down,63,dKO
42,75.94936708860769,22.605600487870515,3.6552645442718443,fragment,dKO,dKO,hybrid,down,63,dKO
43,126.58227848101251,20.45791440880488,3.3285007761312553,fragment,dKO,dKO,hybrid,down,63,dKO
44,177.21518987341778,18.827944914726984,3.081836758118858,fragment,dKO,dKO,hybrid,down,63,dKO
45,227.8481012658226,17.6695141210884,2.733781956449069,fragment,dKO,dKO,hybrid,down,63,dKO
46,278.4810126582279,15.658832296631324,2.322502405579142,fragment,dKO,dKO,hybrid,down,63,dKO
47,329.1139240506327,14.387869998185092,2.0446131834822703,fragment,dKO,dKO,hybrid,down,63,dKO
48,379.746835443038,13.117294441379567,1.8396323832637003,fragment,dKO,dKO,hybrid,down,63,dKO
49,430.37974683544326,11.870550689899101,1.5782633137836415,fragment,dKO,dKO,hybrid,down,63,dKO
50,481.0126582278481,10.89482719214505,1.3172232821486225,fragment,dKO,dKO,hybrid,down,63,dKO
51,531.6455696202534,10.099710807119097,1.144391176776479,fragment,dKO,dKO,hybrid,down,63,dKO
52,582.2784810126582,9.740728247077376,1.048639553079077,fragment,dKO,dKO,hybrid,down,63,dKO
53,632.9113924050635,9.01886102488432,0.9248793960685746,fragment,dKO,dKO,hybrid,down,63,dKO
54,683.5443037974683,8.51831683817364,0.8511197585542305,fragment,dKO,dKO,hybrid,down,63,dKO
55,734.1772151898736,8.214744166280857,0.8309649431392145,fragment,dKO,dKO,hybrid,down,63,dKO
56,784.8101265822784,7.928346815664302,0.8573935198223503,fragment,dKO,dKO,hybrid,down,63,dKO
57,835.4430379746836,8.178188366044767,0.942360447449692,fragment,dKO,dKO,hybrid,down,63,dKO
58,886.0759493670885,8.436407933701913,1.0266285069970593,fragment,dKO,dKO,hybrid,down,63,dKO
59,936.7088607594937,8.891880011331468,1.282787697772758,fragment,dKO,dKO,hybrid,down,63,dKO
60,987.3417721518986,9.135783191849946,1.5740621248557227,fragment,dKO,dKO,hybrid,down,63,dKO
61,1037.9746835443038,9.06816937986505,1.6368090136856743,fragment,dKO,dKO,hybrid,down,63,dKO
62,1088.6075949367087,8.63951578686477,1.6676511156743667,fragment,dKO,dKO,hybrid,down,63,dKO
63,1139.240506329114,8.395827210239633,1.7643792445782032,fragment,dKO,dKO,hybrid,down,63,dKO
64,1189.8734177215188,8.018538640012185,1.7928151573922526,fragment,dKO,dKO,hybrid,down,63,dKO
65,1240.506329113924,8.08015868783628,1.8534602340746869,fragment,dKO,dKO,hybrid,down,63,dKO
66,1291.1392405063293,8.379197640557768,1.9810992237727905,fragment,dKO,dKO,hybrid,down,63,dKO
67,1341.7721518987341,8.079864490372794,1.9868126897307643,fragment,dKO,dKO,hybrid,down,63,dKO
68,1392.4050632911394,8.125276443680757,2.068699026467232,fragment,dKO,dKO,hybrid,down,63,dKO
69,1443.0379746835442,8.333335868555402,2.0565913482209566,fragment,dKO,dKO,hybrid,down,63,dKO
70,1493.6708860759495,8.366645927492273,1.9329960075578065,fragment,dKO,dKO,hybrid,down,63,dKO
71,1544.3037974683543,7.893322395912554,1.5443435102698404,fragment,dKO,dKO,hybrid,down,63,dKO
72,1594.9367088607596,7.4815101003772995,1.3288445728230467,fragment,dKO,dKO,hybrid,down,63,dKO
73,1645.5696202531644,7.369202816637736,1.212296104359055,fragment,dKO,dKO,hybrid,down,63,dKO
74,1696.2025316455697,7.006232377852082,1.087500705327754,fragment,dKO,dKO,hybrid,down,63,dKO
75,1746.8354430379745,7.194938625431565,1.1951572292857526,fragment,dKO,dKO,hybrid,down,63,dKO
76,1797.4683544303798,7.09252610379426,1.280879832329129,fragment,dKO,dKO,hybrid,down,63,dKO
77,1848.1012658227846,6.287474057459957,0.9534534100867746,fragment,dKO,dKO,hybrid,down,63,dKO
78,1898.73417721519,5.779779062977544,0.7866412147732081,fragment,dKO,dKO,hybrid,down,63,dKO
79,1949.3670886075947,5.716208296843938,0.8487207196615012,fragment,dKO,dKO,hybrid,down,63,dKO
80,2000,5.805724465001828,1.000739293973209,fragment,dKO,dKO,hybrid,down,63,dKO
1,-2000,4.562922836989226,0.21415941106378006,fragment,dKO,dKO,unfiltered,up,2429,dKO
2,-1949.367088607595,4.631097797903158,0.2119943034915694,fragment,dKO,dKO,unfiltered,up,2429,dKO
3,-1898.73417721519,4.635024835552325,0.2048789051446386,fragment,dKO,dKO,unfiltered,up,2429,dKO
4,-1848.1012658227849,4.599204273975418,0.19898576696996748,fragment,dKO,dKO,unfiltered,up,2429,dKO
5,-1797.4683544303798,4.600403869485796,0.20316597369249517,fragment,dKO,dKO,unfiltered,up,2429,dKO
6,-1746.8354430379748,4.6605550376921014,0.20569091599663303,fragment,dKO,dKO,unfiltered,up,2429,dKO
7,-1696.2025316455697,4.747478987808759,0.21238951156556615,fragment,dKO,dKO,unfiltered,up,2429,dKO
8,-1645.5696202531644,4.727656912562843,0.2119727220183883,fragment,dKO,dKO,unfiltered,up,2429,dKO
9,-1594.9367088607596,4.621499320926761,0.20304702640145494,fragment,dKO,dKO,unfiltered,up,2429,dKO
10,-1544.3037974683543,4.583047841786848,0.20636252967049323,fragment,dKO,dKO,unfiltered,up,2429,dKO
11,-1493.6708860759495,4.608573464706992,0.22161237293045755,fragment,dKO,dKO,unfiltered,up,2429,dKO
12,-1443.0379746835442,4.658022903453769,0.22941712253875246,fragment,dKO,dKO,unfiltered,up,2429,dKO
13,-1392.4050632911392,4.718637579993095,0.22936252777843158,fragment,dKO,dKO,unfiltered,up,2429,dKO
14,-1341.7721518987341,4.748001010379985,0.2284033528024508,fragment,dKO,dKO,unfiltered,up,2429,dKO
15,-1291.139240506329,4.722265189382721,0.2210217355286635,fragment,dKO,dKO,unfiltered,up,2429,dKO
16,-1240.506329113924,4.68823147995573,0.20825287324535263,fragment,dKO,dKO,unfiltered,up,2429,dKO
17,-1189.873417721519,4.707685641958436,0.20962215147095303,fragment,dKO,dKO,unfiltered,up,2429,dKO
18,-1139.240506329114,4.757613914662368,0.21678733645613935,fragment,dKO,dKO,unfiltered,up,2429,dKO
19,-1088.607594936709,4.79709506584552,0.22265784483407233,fragment,dKO,dKO,unfiltered,up,2429,dKO
20,-1037.9746835443038,4.804146062843885,0.2266515707696574,fragment,dKO,dKO,unfiltered,up,2429,dKO
21,-987.3417721518988,4.847581796301267,0.23293993891394013,fragment,dKO,dKO,unfiltered,up,2429,dKO
22,-936.7088607594937,4.9375454431962815,0.23932723526020427,fragment,dKO,dKO,unfiltered,up,2429,dKO
23,-886.0759493670887,4.9894057313012246,0.23860777585847787,fragment,dKO,dKO,unfiltered,up,2429,dKO
24,-835.4430379746836,4.963039222882578,0.22720967251206883,fragment,dKO,dKO,unfiltered,up,2429,dKO
25,-784.8101265822784,4.995298505917946,0.22657328572570773,fragment,dKO,dKO,unfiltered,up,2429,dKO
26,-734.1772151898733,4.944112189487123,0.21991665035090402,fragment,dKO,dKO,unfiltered,up,2429,dKO
27,-683.5443037974683,4.885688825923097,0.21215741060278473,fragment,dKO,dKO,unfiltered,up,2429,dKO
28,-632.9113924050632,4.86676482499341,0.2068399448744208,fragment,dKO,dKO,unfiltered,up,2429,dKO
29,-582.2784810126582,4.880624052979614,0.20952062894347748,fragment,dKO,dKO,unfiltered,up,2429,dKO
30,-531.6455696202531,4.91704777246806,0.2167321081324013,fragment,dKO,dKO,unfiltered,up,2429,dKO
31,-481.0126582278481,4.960254017575477,0.22683016447072496,fragment,dKO,dKO,unfiltered,up,2429,dKO
32,-430.37974683544303,5.059852571032642,0.2419375842083267,fragment,dKO,dKO,unfiltered,up,2429,dKO
33,-379.746835443038,5.17477242624709,0.253050510451657,fragment,dKO,dKO,unfiltered,up,2429,dKO
34,-329.11392405063293,5.229252395932527,0.2584837540114377,fragment,dKO,dKO,unfiltered,up,2429,dKO
35,-278.4810126582279,5.3254049679302815,0.26428491337426074,fragment,dKO,dKO,unfiltered,up,2429,dKO
36,-227.84810126582283,5.413361048739651,0.26615529882499744,fragment,dKO,dKO,unfiltered,up,2429,dKO
37,-177.21518987341778,5.465683986101194,0.2661092941380613,fragment,dKO,dKO,unfiltered,up,2429,dKO
38,-126.58227848101274,5.50608096340744,0.26452129793391815,fragment,dKO,dKO,unfiltered,up,2429,dKO
39,-75.94936708860769,5.569490337938508,0.26973678814090774,fragment,dKO,dKO,unfiltered,up,2429,dKO
40,-25.316455696202638,5.553214001230567,0.2630920316340115,fragment,dKO,dKO,unfiltered,up,2429,dKO
41,25.31645569620241,5.452530500781508,0.25185274252059553,fragment,dKO,dKO,unfiltered,up,2429,dKO
42,75.94936708860769,5.3015295478020645,0.23881026885458556,fragment,dKO,dKO,unfiltered,up,2429,dKO
43,126.58227848101251,5.2151960605912135,0.22962260012850796,fragment,dKO,dKO,unfiltered,up,2429,dKO
44,177.21518987341778,5.138047045994577,0.21677054422741926,fragment,dKO,dKO,unfiltered,up,2429,dKO
45,227.8481012658226,5.068675143575086,0.21115340873318328,fragment,dKO,dKO,unfiltered,up,2429,dKO
46,278.4810126582279,5.086711276153388,0.21314820738402865,fragment,dKO,dKO,unfiltered,up,2429,dKO
47,329.1139240506327,5.127691661409182,0.21722495173708908,fragment,dKO,dKO,unfiltered,up,2429,dKO
48,379.746835443038,5.144459978345164,0.2276670695551591,fragment,dKO,dKO,unfiltered,up,2429,dKO
49,430.37974683544326,5.100164249170067,0.22834954055154824,fragment,dKO,dKO,unfiltered,up,2429,dKO
50,481.0126582278481,5.088943709299465,0.22462685023152418,fragment,dKO,dKO,unfiltered,up,2429,dKO
51,531.6455696202534,5.006109353035128,0.2187302266666954,fragment,dKO,dKO,unfiltered,up,2429,dKO
52,582.2784810126582,4.95214083672126,0.21338413025629968,fragment,dKO,dKO,unfiltered,up,2429,dKO
53,632.9113924050635,4.9187533917567094,0.21566091762953907,fragment,dKO,dKO,unfiltered,up,2429,dKO
54,683.5443037974683,4.901011161061493,0.21495670915422932,fragment,dKO,dKO,unfiltered,up,2429,dKO
55,734.1772151898736,4.854727868009402,0.20971632605071508,fragment,dKO,dKO,unfiltered,up,2429,dKO
56,784.8101265822784,4.772139467225245,0.20309394063048833,fragment,dKO,dKO,unfiltered,up,2429,dKO
57,835.4430379746836,4.7412616215479195,0.1982547575272112,fragment,dKO,dKO,unfiltered,up,2429,dKO
58,886.0759493670885,4.739309653946609,0.198992961905449,fragment,dKO,dKO,unfiltered,up,2429,dKO
59,936.7088607594937,4.697243345134524,0.20674468568213245,fragment,dKO,dKO,unfiltered,up,2429,dKO
60,987.3417721518986,4.627089925280516,0.21007869849250232,fragment,dKO,dKO,unfiltered,up,2429,dKO
61,1037.9746835443038,4.556119597770557,0.21440283601014573,fragment,dKO,dKO,unfiltered,up,2429,dKO
62,1088.6075949367087,4.520253873151141,0.22188414729314768,fragment,dKO,dKO,unfiltered,up,2429,dKO
63,1139.240506329114,4.5375911420903545,0.22672386565394384,fragment,dKO,dKO,unfiltered,up,2429,dKO
64,1189.8734177215188,4.55407640918253,0.23208068602256093,fragment,dKO,dKO,unfiltered,up,2429,dKO
65,1240.506329113924,4.533004868279862,0.2297490610634879,fragment,dKO,dKO,unfiltered,up,2429,dKO
66,1291.1392405063293,4.538774309593479,0.2219153055892509,fragment,dKO,dKO,unfiltered,up,2429,dKO
67,1341.7721518987341,4.539246869667642,0.21656491992070753,fragment,dKO,dKO,unfiltered,up,2429,dKO
68,1392.4050632911394,4.495479386630856,0.20717270279446023,fragment,dKO,dKO,unfiltered,up,2429,dKO
69,1443.0379746835442,4.388362985641129,0.19341807154270022,fragment,dKO,dKO,unfiltered,up,2429,dKO
70,1493.6708860759495,4.297011858211618,0.17882994260726848,fragment,dKO,dKO,unfiltered,up,2429,dKO
71,1544.3037974683543,4.2517155486068,0.1697045488494141,fragment,dKO,dKO,unfiltered,up,2429,dKO
72,1594.9367088607596,4.295711670646914,0.17696425939593696,fragment,dKO,dKO,unfiltered,up,2429,dKO
73,1645.5696202531644,4.383324530625583,0.1958904053000312,fragment,dKO,dKO,unfiltered,up,2429,dKO
74,1696.2025316455697,4.487529443524184,0.211933780166371,fragment,dKO,dKO,unfiltered,up,2429,dKO
75,1746.8354430379745,4.498898750779003,0.21961900396932413,fragment,dKO,dKO,unfiltered,up,2429,dKO
76,1797.4683544303798,4.475598203335931,0.220944616820551,fragment,dKO,dKO,unfiltered,up,2429,dKO
77,1848.1012658227846,4.4550625995377775,0.21364780751028967,fragment,dKO,dKO,unfiltered,up,2429,dKO
78,1898.73417721519,4.444952435341329,0.21238901558631812,fragment,dKO,dKO,unfiltered,up,2429,dKO
79,1949.3670886075947,4.4242653938666185,0.20201355759971565,fragment,dKO,dKO,unfiltered,up,2429,dKO
80,2000,4.36967706375821,0.19340486810812174,fragment,dKO,dKO,unfiltered,up,2429,dKO
1,-2000,4.33020134562298,0.20379820821492842,fragment,dKO,dKO,unfiltered,down,2889,dKO
2,-1949.367088607595,4.305009737876643,0.19730459767226705,fragment,dKO,dKO,unfiltered,down,2889,dKO
3,-1898.73417721519,4.188520654189785,0.18995296021321,fragment,dKO,dKO,unfiltered,down,2889,dKO
4,-1848.1012658227849,4.122468608564947,0.1872661316206083,fragment,dKO,dKO,unfiltered,down,2889,dKO
5,-1797.4683544303798,4.0850551413267935,0.1944859143606106,fragment,dKO,dKO,unfiltered,down,2889,dKO
6,-1746.8354430379748,4.077321490368575,0.2062366719486787,fragment,dKO,dKO,unfiltered,down,2889,dKO
7,-1696.2025316455697,4.045725299171959,0.2146473222350206,fragment,dKO,dKO,unfiltered,down,2889,dKO
8,-1645.5696202531644,4.031459376364259,0.2132289940602825,fragment,dKO,dKO,unfiltered,down,2889,dKO
9,-1594.9367088607596,4.033113551092775,0.2101753799155532,fragment,dKO,dKO,unfiltered,down,2889,dKO
10,-1544.3037974683543,4.020920972425081,0.2062108619706807,fragment,dKO,dKO,unfiltered,down,2889,dKO
11,-1493.6708860759495,4.006203045574251,0.20039630616539358,fragment,dKO,dKO,unfiltered,down,2889,dKO
12,-1443.0379746835442,4.033698253976671,0.19877797174362027,fragment,dKO,dKO,unfiltered,down,2889,dKO
13,-1392.4050632911392,4.167766880376792,0.20494506410275537,fragment,dKO,dKO,unfiltered,down,2889,dKO
14,-1341.7721518987341,4.295284324969447,0.21399900818441653,fragment,dKO,dKO,unfiltered,down,2889,dKO
15,-1291.139240506329,4.36980629849687,0.21997447696240252,fragment,dKO,dKO,unfiltered,down,2889,dKO
16,-1240.506329113924,4.40617266384766,0.223349554496422,fragment,dKO,dKO,unfiltered,down,2889,dKO
17,-1189.873417721519,4.458372321058123,0.2280081635910319,fragment,dKO,dKO,unfiltered,down,2889,dKO
18,-1139.240506329114,4.510419861000661,0.22808162746287114,fragment,dKO,dKO,unfiltered,down,2889,dKO
19,-1088.607594936709,4.523797124925853,0.22367992912237677,fragment,dKO,dKO,unfiltered,down,2889,dKO
20,-1037.9746835443038,4.552675294436356,0.21503003405021792,fragment,dKO,dKO,unfiltered,down,2889,dKO
21,-987.3417721518988,4.511722959096192,0.20460066697184284,fragment,dKO,dKO,unfiltered,down,2889,dKO
22,-936.7088607594937,4.481413990204134,0.19585572958100977,fragment,dKO,dKO,unfiltered,down,2889,dKO
23,-886.0759493670887,4.442169976700046,0.18717795407717436,fragment,dKO,dKO,unfiltered,down,2889,dKO
24,-835.4430379746836,4.391316835647199,0.18033870976135355,fragment,dKO,dKO,unfiltered,down,2889,dKO
25,-784.8101265822784,4.329362736705377,0.18055486795704215,fragment,dKO,dKO,unfiltered,down,2889,dKO
26,-734.1772151898733,4.336558909682576,0.1877167286148428,fragment,dKO,dKO,unfiltered,down,2889,dKO
27,-683.5443037974683,4.343558599900726,0.19254997209617425,fragment,dKO,dKO,unfiltered,down,2889,dKO
28,-632.9113924050632,4.402032517210158,0.19753770263835838,fragment,dKO,dKO,unfiltered,down,2889,dKO
29,-582.2784810126582,4.503119882063962,0.20390662007159194,fragment,dKO,dKO,unfiltered,down,2889,dKO
30,-531.6455696202531,4.5511170658554505,0.20520880585407877,fragment,dKO,dKO,unfiltered,down,2889,dKO
31,-481.0126582278481,4.592118568344184,0.20551799614654404,fragment,dKO,dKO,unfiltered,down,2889,dKO
32,-430.37974683544303,4.663797044571306,0.2050550091681858,fragment,dKO,dKO,unfiltered,down,2889,dKO
33,-379.746835443038,4.751099265370508,0.21519927865976465,fragment,dKO,dKO,unfiltered,down,2889,dKO
34,-329.11392405063293,4.889388503227813,0.23476215199678277,fragment,dKO,dKO,unfiltered,down,2889,dKO
35,-278.4810126582279,5.022797533699681,0.25535519058083783,fragment,dKO,dKO,unfiltered,down,2889,dKO
36,-227.84810126582283,5.176900883552,0.28419815552915706,fragment,dKO,dKO,unfiltered,down,2889,dKO
37,-177.21518987341778,5.256092758669912,0.3065064170996282,fragment,dKO,dKO,unfiltered,down,2889,dKO
38,-126.58227848101274,5.233176345550012,0.3022470752843642,fragment,dKO,dKO,unfiltered,down,2889,dKO
39,-75.94936708860769,5.190789506705899,0.2873146129670713,fragment,dKO,dKO,unfiltered,down,2889,dKO
40,-25.316455696202638,5.091133622640773,0.26874062213368466,fragment,dKO,dKO,unfiltered,down,2889,dKO
41,25.31645569620241,4.983208061195532,0.2544255297371976,fragment,dKO,dKO,unfiltered,down,2889,dKO
42,75.94936708860769,4.882679921832496,0.2380701977784734,fragment,dKO,dKO,unfiltered,down,2889,dKO
43,126.58227848101251,4.7549051393256185,0.22305609794529913,fragment,dKO,dKO,unfiltered,down,2889,dKO
44,177.21518987341778,4.622060825262263,0.20150483507640135,fragment,dKO,dKO,unfiltered,down,2889,dKO
45,227.8481012658226,4.546380332945842,0.18599167356523333,fragment,dKO,dKO,unfiltered,down,2889,dKO
46,278.4810126582279,4.537134926365353,0.1832393593343063,fragment,dKO,dKO,unfiltered,down,2889,dKO
47,329.1139240506327,4.478512769987874,0.1819993151044777,fragment,dKO,dKO,unfiltered,down,2889,dKO
48,379.746835443038,4.423350507533341,0.17663471896360974,fragment,dKO,dKO,unfiltered,down,2889,dKO
49,430.37974683544326,4.370915514155053,0.17437059157517357,fragment,dKO,dKO,unfiltered,down,2889,dKO
50,481.0126582278481,4.356783319311294,0.18046247380385452,fragment,dKO,dKO,unfiltered,down,2889,dKO
51,531.6455696202534,4.431696203370559,0.18813333255149023,fragment,dKO,dKO,unfiltered,down,2889,dKO
52,582.2784810126582,4.4973538266687845,0.1983543727341822,fragment,dKO,dKO,unfiltered,down,2889,dKO
53,632.9113924050635,4.5267742230230645,0.20433680550956765,fragment,dKO,dKO,unfiltered,down,2889,dKO
54,683.5443037974683,4.52999579110937,0.205062309780081,fragment,dKO,dKO,unfiltered,down,2889,dKO
55,734.1772151898736,4.472485580592385,0.1997717856936341,fragment,dKO,dKO,unfiltered,down,2889,dKO
56,784.8101265822784,4.3840585946417585,0.19377749847806847,fragment,dKO,dKO,unfiltered,down,2889,dKO
57,835.4430379746836,4.301242485336704,0.18320135684132635,fragment,dKO,dKO,unfiltered,down,2889,dKO
58,886.0759493670885,4.209188651673957,0.17065395861954197,fragment,dKO,dKO,unfiltered,down,2889,dKO
59,936.7088607594937,4.141891265450697,0.1574228208161286,fragment,dKO,dKO,unfiltered,down,2889,dKO
60,987.3417721518986,4.089481514941072,0.15534044213766873,fragment,dKO,dKO,unfiltered,down,2889,dKO
61,1037.9746835443038,4.081842723010815,0.1569404662456847,fragment,dKO,dKO,unfiltered,down,2889,dKO
62,1088.6075949367087,4.061555041113829,0.1587424940564072,fragment,dKO,dKO,unfiltered,down,2889,dKO
63,1139.240506329114,4.015040141324808,0.15666198377261878,fragment,dKO,dKO,unfiltered,down,2889,dKO
64,1189.8734177215188,4.011010750054157,0.15539127934401814,fragment,dKO,dKO,unfiltered,down,2889,dKO
65,1240.506329113924,4.034141372237234,0.1572572156453365,fragment,dKO,dKO,unfiltered,down,2889,dKO
66,1291.1392405063293,4.014718211000425,0.17071100548314114,fragment,dKO,dKO,unfiltered,down,2889,dKO
67,1341.7721518987341,4.0738659265081525,0.20138932618339603,fragment,dKO,dKO,unfiltered,down,2889,dKO
68,1392.4050632911394,4.1423387058842875,0.23670643485077694,fragment,dKO,dKO,unfiltered,down,2889,dKO
69,1443.0379746835442,4.196944938758844,0.25889779718412725,fragment,dKO,dKO,unfiltered,down,2889,dKO
70,1493.6708860759495,4.215928727215567,0.2651978346289848,fragment,dKO,dKO,unfiltered,down,2889,dKO
71,1544.3037974683543,4.228858990694567,0.2633049567724044,fragment,dKO,dKO,unfiltered,down,2889,dKO
72,1594.9367088607596,4.225050878265008,0.25169771460688206,fragment,dKO,dKO,unfiltered,down,2889,dKO
73,1645.5696202531644,4.223857027013766,0.22829220719619464,fragment,dKO,dKO,unfiltered,down,2889,dKO
74,1696.2025316455697,4.190484072835987,0.20263913025905672,fragment,dKO,dKO,unfiltered,down,2889,dKO
75,1746.8354430379745,4.185979663182328,0.20861647444381107,fragment,dKO,dKO,unfiltered,down,2889,dKO
76,1797.4683544303798,4.226142533646891,0.23728002712735924,fragment,dKO,dKO,unfiltered,down,2889,dKO
77,1848.1012658227846,4.316306409161617,0.2640817311497793,fragment,dKO,dKO,unfiltered,down,2889,dKO
78,1898.73417721519,4.336090876390179,0.2767165098916632,fragment,dKO,dKO,unfiltered,down,2889,dKO
79,1949.3670886075947,4.356854407122481,0.27802911991088547,fragment,dKO,dKO,unfiltered,down,2889,dKO
80,2000,4.299374884519991,0.2697566294100778,fragment,dKO,dKO,unfiltered,down,2889,dKO
1,-2000,5.766567086548728,0.665415207790956,gene,dKO,dKO,pooled,up,187,dKO
2,-1949.367088607595,5.819685896866674,0.6284367558500018,gene,dKO,dKO,pooled,up,187,dKO
3,-1898.73417721519,5.849934755106873,0.606986693424657,gene,dKO,dKO,pooled,up,187,dKO
4,-1848.1012658227849,5.781510700780015,0.6029957468011381,gene,dKO,dKO,pooled,up,187,dKO
5,-1797.4683544303798,5.906597589273503,0.6627009038669863,gene,dKO,dKO,pooled,up,187,dKO
6,-1746.8354430379748,6.285928363315562,0.7926874144894102,gene,dKO,dKO,pooled,up,187,dKO
7,-1696.2025316455697,6.8156045283778255,0.909895719261955,gene,dKO,dKO,pooled,up,187,dKO
8,-1645.5696202531644,7.099945198031882,0.9013803776159056,gene,dKO,dKO,pooled,up,187,dKO
9,-1594.9367088607596,6.875099467402474,0.7710890975700334,gene,dKO,dKO,pooled,up,187,dKO
10,-1544.3037974683543,7.395964023008704,1.0194865601415921,gene,dKO,dKO,pooled,up,187,dKO
11,-1493.6708860759495,7.890645690729274,1.460876172531248,gene,dKO,dKO,pooled,up,187,dKO
12,-1443.0379746835442,8.33866724395922,1.7003168701676101,gene,dKO,dKO,pooled,up,187,dKO
13,-1392.4050632911392,8.521425229559608,1.7348447870350912,gene,dKO,dKO,pooled,up,187,dKO
14,-1341.7721518987341,8.584567368808276,1.6795802755148146,gene,dKO,dKO,pooled,up,187,dKO
15,-1291.139240506329,8.688498192581475,1.49877718571661,gene,dKO,dKO,pooled,up,187,dKO
16,-1240.506329113924,8.42680070033898,1.1356384784473856,gene,dKO,dKO,pooled,up,187,dKO
17,-1189.873417721519,8.241974936062851,0.9302681665917402,gene,dKO,dKO,pooled,up,187,dKO
18,-1139.240506329114,8.555601188477773,1.0227410256640475,gene,dKO,dKO,pooled,up,187,dKO
19,-1088.607594936709,8.89406876854718,1.1906338651345238,gene,dKO,dKO,pooled,up,187,dKO
20,-1037.9746835443038,9.103202451333642,1.3279437984217384,gene,dKO,dKO,pooled,up,187,dKO
21,-987.3417721518988,9.582883947465085,1.4689832150594004,gene,dKO,dKO,pooled,up,187,dKO
22,-936.7088607594937,10.602015248024953,1.6106150224869586,gene,dKO,dKO,pooled,up,187,dKO
23,-886.0759493670887,11.641245018186416,1.6841828741607883,gene,dKO,dKO,pooled,up,187,dKO
24,-835.4430379746836,12.168583143875136,1.5966893259385817,gene,dKO,dKO,pooled,up,187,dKO
25,-784.8101265822784,13.521818174788871,1.7195927336055659,gene,dKO,dKO,pooled,up,187,dKO
26,-734.1772151898733,14.356867036118226,1.8031473645461533,gene,dKO,dKO,pooled,up,187,dKO
27,-683.5443037974683,14.5226864528741,1.7373248123148852,gene,dKO,dKO,pooled,up,187,dKO
28,-632.9113924050632,14.640570839866598,1.6166683248384819,gene,dKO,dKO,pooled,up,187,dKO
29,-582.2784810126582,14.636966782572435,1.4579773522216823,gene,dKO,dKO,pooled,up,187,dKO
30,-531.6455696202531,14.810436293619839,1.3425696080103198,gene,dKO,dKO,pooled,up,187,dKO
31,-481.0126582278481,15.600716467736664,1.3875925659803727,gene,dKO,dKO,pooled,up,187,dKO
32,-430.37974683544303,16.550609801168324,1.5255895915084563,gene,dKO,dKO,pooled,up,187,dKO
33,-379.746835443038,17.790810072451777,1.720726802790928,gene,dKO,dKO,pooled,up,187,dKO
34,-329.11392405063293,18.69101217739085,1.8580406064106654,gene,dKO,dKO,pooled,up,187,dKO
35,-278.4810126582279,19.85494570131183,2.023083661613184,gene,dKO,dKO,pooled,up,187,dKO
36,-227.84810126582283,21.02660642886969,2.1826642973804673,gene,dKO,dKO,pooled,up,187,dKO
37,-177.21518987341778,21.939725341142392,2.2822930812337914,gene,dKO,dKO,pooled,up,187,dKO
38,-126.58227848101274,22.630780885644562,2.298250972343378,gene,dKO,dKO,pooled,up,187,dKO
39,-75.94936708860769,23.235522227606033,2.3381733390887853,gene,dKO,dKO,pooled,up,187,dKO
40,-25.316455696202638,23.06379866474665,2.2293587436192652,gene,dKO,dKO,pooled,up,187,dKO
41,25.31645569620241,23.07033539801358,2.1092712476538837,gene,dKO,dKO,pooled,up,187,dKO
42,75.94936708860769,22.44226535170261,1.9719293675236518,gene,dKO,dKO,pooled,up,187,dKO
43,126.58227848101251,21.88851564017634,1.8318078944866674,gene,dKO,dKO,pooled,up,187,dKO
44,177.21518987341778,20.824447933794556,1.6095544136973563,gene,dKO,dKO,pooled,up,187,dKO
45,227.8481012658226,19.979425050200838,1.5382962050702143,gene,dKO,dKO,pooled,up,187,dKO
46,278.4810126582279,19.567831552173153,1.6067174371776645,gene,dKO,dKO,pooled,up,187,dKO
47,329.1139240506327,19.940198904392766,1.749297683456397,gene,dKO,dKO,pooled,up,187,dKO
48,379.746835443038,20.390504169991097,1.9363766675446599,gene,dKO,dKO,pooled,up,187,dKO
49,430.37974683544326,19.89016895128869,1.980228455466621,gene,dKO,dKO,pooled,up,187,dKO
50,481.0126582278481,19.22961077607677,1.9261072045131296,gene,dKO,dKO,pooled,up,187,dKO
51,531.6455696202534,18.41729378404464,1.9022437239421397,gene,dKO,dKO,pooled,up,187,dKO
52,582.2784810126582,17.64661480140771,1.8581273939507559,gene,dKO,dKO,pooled,up,187,dKO
53,632.9113924050635,17.11224326395096,1.915251123868611,gene,dKO,dKO,pooled,up,187,dKO
54,683.5443037974683,16.733093731254606,1.953995479480596,gene,dKO,dKO,pooled,up,187,dKO
55,734.1772151898736,16.173915389094123,1.912150550678937,gene,dKO,dKO,pooled,up,187,dKO
56,784.8101265822784,15.27213194993728,1.8138512624109258,gene,dKO,dKO,pooled,up,187,dKO
57,835.4430379746836,14.15777657918964,1.6580016793040087,gene,dKO,dKO,pooled,up,187,dKO
58,886.0759493670885,12.933538046078674,1.5098131889076918,gene,dKO,dKO,pooled,up,187,dKO
59,936.7088607594937,11.734346185351013,1.3847293055030754,gene,dKO,dKO,pooled,up,187,dKO
60,987.3417721518986,10.799071894864985,1.2581526571948158,gene,dKO,dKO,pooled,up,187,dKO
61,1037.9746835443038,9.631676771985019,1.1249811029499526,gene,dKO,dKO,pooled,up,187,dKO
62,1088.6075949367087,8.428340215759482,0.942746576065339,gene,dKO,dKO,pooled,up,187,dKO
63,1139.240506329114,7.769309548813179,0.9041515643856877,gene,dKO,dKO,pooled,up,187,dKO
64,1189.8734177215188,7.403243732975128,0.8851327174683262,gene,dKO,dKO,pooled,up,187,dKO
65,1240.506329113924,7.164849625267022,0.8487897138277595,gene,dKO,dKO,pooled,up,187,dKO
66,1291.1392405063293,7.218829155575995,0.9457481798393196,gene,dKO,dKO,pooled,up,187,dKO
67,1341.7721518987341,7.09432572592601,0.9750471414653997,gene,dKO,dKO,pooled,up,187,dKO
68,1392.4050632911394,6.859310829864679,0.9134946622016572,gene,dKO,dKO,pooled,up,187,dKO
69,1443.0379746835442,6.274146297844974,0.7051582371116066,gene,dKO,dKO,pooled,up,187,dKO
70,1493.6708860759495,5.858976377391135,0.5582296656539046,gene,dKO,dKO,pooled,up,187,dKO
71,1544.3037974683543,5.745374953908291,0.5408751065508668,gene,dKO,dKO,pooled,up,187,dKO
72,1594.9367088607596,5.763923253137585,0.5727535675304849,gene,dKO,dKO,pooled,up,187,dKO
73,1645.5696202531644,6.159910254087465,0.7307757450133984,gene,dKO,dKO,pooled,up,187,dKO
74,1696.2025316455697,6.469624291282287,0.8735841564137384,gene,dKO,dKO,pooled,up,187,dKO
75,1746.8354430379745,6.498107658622524,0.9466010946373412,gene,dKO,dKO,pooled,up,187,dKO
76,1797.4683544303798,6.536722944199295,1.0566764266180861,gene,dKO,dKO,pooled,up,187,dKO
77,1848.1012658227846,6.473026224398145,1.0441552421567137,gene,dKO,dKO,pooled,up,187,dKO
78,1898.73417721519,6.114872819089634,0.9185826308193729,gene,dKO,dKO,pooled,up,187,dKO
79,1949.3670886075947,5.873992023315021,0.8191294043613171,gene,dKO,dKO,pooled,up,187,dKO
80,2000,5.517693014064149,0.7006790509612878,gene,dKO,dKO,pooled,up,187,dKO
1,-2000,9.602763187428645,1.5850584855728016,gene,dKO,dKO,pooled,down,181,dKO
2,-1949.367088607595,9.37809961521823,1.3929894808754246,gene,dKO,dKO,pooled,down,181,dKO
3,-1898.73417721519,8.832813383097148,1.2183539206173042,gene,dKO,dKO,pooled,down,181,dKO
4,-1848.1012658227849,8.359050338083868,1.080154742052258,gene,dKO,dKO,pooled,down,181,dKO
5,-1797.4683544303798,7.7184665344828405,0.9488676209814109,gene,dKO,dKO,pooled,down,181,dKO
6,-1746.8354430379748,7.36345787542301,0.9196816842514552,gene,dKO,dKO,pooled,down,181,dKO
7,-1696.2025316455697,7.038814792215934,0.8138789812689694,gene,dKO,dKO,pooled,down,181,dKO
8,-1645.5696202531644,6.97811189535573,0.7690330182575372,gene,dKO,dKO,pooled,down,181,dKO
9,-1594.9367088607596,7.004773706134072,0.8148143836040855,gene,dKO,dKO,pooled,down,181,dKO
10,-1544.3037974683543,7.128505033643206,0.8636505219892452,gene,dKO,dKO,pooled,down,181,dKO
11,-1493.6708860759495,7.201791256743022,0.9634099410305037,gene,dKO,dKO,pooled,down,181,dKO
12,-1443.0379746835442,7.302830383913732,1.0221769187032792,gene,dKO,dKO,pooled,down,181,dKO
13,-1392.4050632911392,7.955816296112911,1.2426997044436878,gene,dKO,dKO,pooled,down,181,dKO
14,-1341.7721518987341,8.565075372301632,1.406020433959361,gene,dKO,dKO,pooled,down,181,dKO
15,-1291.139240506329,8.750898562641215,1.4292131154239112,gene,dKO,dKO,pooled,down,181,dKO
16,-1240.506329113924,9.091155891681902,1.4869929245336881,gene,dKO,dKO,pooled,down,181,dKO
17,-1189.873417721519,9.624621704546787,1.5617548739523675,gene,dKO,dKO,pooled,down,181,dKO
18,-1139.240506329114,9.78028599494509,1.5010782676569139,gene,dKO,dKO,pooled,down,181,dKO
19,-1088.607594936709,9.904505154489373,1.409260003430023,gene,dKO,dKO,pooled,down,181,dKO
20,-1037.9746835443038,10.53256684884182,1.4670415503799952,gene,dKO,dKO,pooled,down,181,dKO
21,-987.3417721518988,11.055034069207053,1.5550483983324217,gene,dKO,dKO,pooled,down,181,dKO
22,-936.7088607594937,11.400430505446966,1.5703531571000382,gene,dKO,dKO,pooled,down,181,dKO
23,-886.0759493670887,11.408823525365545,1.4384154283741282,gene,dKO,dKO,pooled,down,181,dKO
24,-835.4430379746836,11.12402438694601,1.2416310340860632,gene,dKO,dKO,pooled,down,181,dKO
25,-784.8101265822784,10.931724567514317,1.0928985855865114,gene,dKO,dKO,pooled,down,181,dKO
26,-734.1772151898733,11.24418796448857,1.0426429978716494,gene,dKO,dKO,pooled,down,181,dKO
27,-683.5443037974683,11.982165561209726,1.064025047594472,gene,dKO,dKO,pooled,down,181,dKO
28,-632.9113924050632,12.859508953880429,1.1199585127054505,gene,dKO,dKO,pooled,down,181,dKO
29,-582.2784810126582,13.7591324592427,1.1807991498709158,gene,dKO,dKO,pooled,down,181,dKO
30,-531.6455696202531,14.399215338528705,1.2018866911534496,gene,dKO,dKO,pooled,down,181,dKO
31,-481.0126582278481,15.728275752945718,1.307767504785011,gene,dKO,dKO,pooled,down,181,dKO
32,-430.37974683544303,17.533227242940477,1.504978271791011,gene,dKO,dKO,pooled,down,181,dKO
33,-379.746835443038,19.47859548209561,1.9082215941888372,gene,dKO,dKO,pooled,down,181,dKO
34,-329.11392405063293,22.34408464440544,2.445854602585245,gene,dKO,dKO,pooled,down,181,dKO
35,-278.4810126582279,24.49423409679757,2.898719986251225,gene,dKO,dKO,pooled,down,181,dKO
36,-227.84810126582283,26.35579469088911,3.338710432275909,gene,dKO,dKO,pooled,down,181,dKO
37,-177.21518987341778,27.40218540860364,3.6416399767456302,gene,dKO,dKO,pooled,down,181,dKO
38,-126.58227848101274,27.43671434775681,3.5222511472994604,gene,dKO,dKO,pooled,down,181,dKO
39,-75.94936708860769,27.90030559986775,3.2547086972197627,gene,dKO,dKO,pooled,down,181,dKO
40,-25.316455696202638,27.452488514692085,2.930219281048924,gene,dKO,dKO,pooled,down,181,dKO
41,25.31645569620241,26.784912149633932,2.6763188578107675,gene,dKO,dKO,pooled,down,181,dKO
42,75.94936708860769,25.581121592921228,2.4397066692497513,gene,dKO,dKO,pooled,down,181,dKO
43,126.58227848101251,24.37644129547186,2.2565906384172116,gene,dKO,dKO,pooled,down,181,dKO
44,177.21518987341778,22.92136802828773,1.9764652880442375,gene,dKO,dKO,pooled,down,181,dKO
45,227.8481012658226,21.56554349590182,1.7182900763615572,gene,dKO,dKO,pooled,down,181,dKO
46,278.4810126582279,20.12492996868288,1.5895665651192048,gene,dKO,dKO,pooled,down,181,dKO
47,329.1139240506327,18.81651016167734,1.5073507681692708,gene,dKO,dKO,pooled,down,181,dKO
48,379.746835443038,17.584560952840807,1.393502371201774,gene,dKO,dKO,pooled,down,181,dKO
49,430.37974683544326,16.248820336646578,1.3271553907357527,gene,dKO,dKO,pooled,down,181,dKO
50,481.0126582278481,15.4399990650523,1.3184476737441053,gene,dKO,dKO,pooled,down,181,dKO
51,531.6455696202534,15.436922814468433,1.371169095397746,gene,dKO,dKO,pooled,down,181,dKO
52,582.2784810126582,15.230497499991957,1.4079021500188111,gene,dKO,dKO,pooled,down,181,dKO
53,632.9113924050635,15.229292682547596,1.501884849318393,gene,dKO,dKO,pooled,down,181,dKO
54,683.5443037974683,15.128558678280143,1.6017608316725374,gene,dKO,dKO,pooled,down,181,dKO
55,734.1772151898736,14.928481693043894,1.7485330135531727,gene,dKO,dKO,pooled,down,181,dKO
56,784.8101265822784,14.36933110463246,1.8386727095127635,gene,dKO,dKO,pooled,down,181,dKO
57,835.4430379746836,14.057220325325074,1.7602259783607621,gene,dKO,dKO,pooled,down,181,dKO
58,886.0759493670885,13.147396368400827,1.607050076594445,gene,dKO,dKO,pooled,down,181,dKO
59,936.7088607594937,12.109805905502805,1.4072563965704632,gene,dKO,dKO,pooled,down,181,dKO
60,987.3417721518986,11.453717451683945,1.3555251726074427,gene,dKO,dKO,pooled,down,181,dKO
61,1037.9746835443038,11.087188423342907,1.3754769072641702,gene,dKO,dKO,pooled,down,181,dKO
62,1088.6075949367087,10.781777191148937,1.4074014039854845,gene,dKO,dKO,pooled,down,181,dKO
63,1139.240506329114,10.045099237843333,1.3168875603827654,gene,dKO,dKO,pooled,down,181,dKO
64,1189.8734177215188,9.45907207548289,1.141039331460558,gene,dKO,dKO,pooled,down,181,dKO
65,1240.506329113924,9.235303209297784,1.0258363713366594,gene,dKO,dKO,pooled,down,181,dKO
66,1291.1392405063293,8.763669082077827,0.9915612861598659,gene,dKO,dKO,pooled,down,181,dKO
67,1341.7721518987341,8.399480698196488,0.9640137509416251,gene,dKO,dKO,pooled,down,181,dKO
68,1392.4050632911394,8.249938672998333,0.9410466395067825,gene,dKO,dKO,pooled,down,181,dKO
69,1443.0379746835442,8.224124325006706,0.9121732921251055,gene,dKO,dKO,pooled,down,181,dKO
70,1493.6708860759495,7.927756239336059,0.8585837395185738,gene,dKO,dKO,pooled,down,181,dKO
71,1544.3037974683543,7.601892132983023,0.7784291149561724,gene,dKO,dKO,pooled,down,181,dKO
72,1594.9367088607596,7.397032142480215,0.7611153613451316,gene,dKO,dKO,pooled,down,181,dKO
73,1645.5696202531644,7.374557033410608,0.7996055701444807,gene,dKO,dKO,pooled,down,181,dKO
74,1696.2025316455697,7.539524064380161,1.0007177091868407,gene,dKO,dKO,pooled,down,181,dKO
75,1746.8354430379745,7.391564382694483,1.0766591065925482,gene,dKO,dKO,pooled,down,181,dKO
76,1797.4683544303798,7.325904813431903,1.2410017414841348,gene,dKO,dKO,pooled,down,181,dKO
77,1848.1012658227846,7.424618299727501,1.4819384461633127,gene,dKO,dKO,pooled,down,181,dKO
78,1898.73417721519,7.451458720252,1.6068229784995154,gene,dKO,dKO,pooled,down,181,dKO
79,1949.3670886075947,7.312552964393166,1.4864879998025853,gene,dKO,dKO,pooled,down,181,dKO
80,2000,6.896654738554419,1.1894797207015309,gene,dKO,dKO,pooled,down,181,dKO
1,-2000,4.941416042345875,0.5179127079710723,gene,dKO,dKO,parallel,up,159,dKO
2,-1949.367088607595,5.0391911614316065,0.48439602547037824,gene,dKO,dKO,parallel,up,159,dKO
3,-1898.73417721519,5.048502403695129,0.43608978898590395,gene,dKO,dKO,parallel,up,159,dKO
4,-1848.1012658227849,5.048678170545046,0.4151344673987255,gene,dKO,dKO,parallel,up,159,dKO
5,-1797.4683544303798,5.181145876038749,0.45607927495001793,gene,dKO,dKO,parallel,up,159,dKO
6,-1746.8354430379748,5.490448098637523,0.49896753343147315,gene,dKO,dKO,parallel,up,159,dKO
7,-1696.2025316455697,6.042358355322224,0.5840718259474924,gene,dKO,dKO,parallel,up,159,dKO
8,-1645.5696202531644,6.460958836983335,0.6492271323246264,gene,dKO,dKO,parallel,up,159,dKO
9,-1594.9367088607596,6.452943346040554,0.6666285979629821,gene,dKO,dKO,parallel,up,159,dKO
10,-1544.3037974683543,7.231040495476632,1.0901213295029055,gene,dKO,dKO,parallel,up,159,dKO
11,-1493.6708860759495,7.907422448993978,1.6574522758847023,gene,dKO,dKO,parallel,up,159,dKO
12,-1443.0379746835442,8.447925973268426,1.9519814839388994,gene,dKO,dKO,parallel,up,159,dKO
13,-1392.4050632911392,8.653889229802466,1.9972461047258503,gene,dKO,dKO,parallel,up,159,dKO
14,-1341.7721518987341,8.797728428050906,1.9462877009827302,gene,dKO,dKO,parallel,up,159,dKO
15,-1291.139240506329,8.901217557619203,1.7357030741239985,gene,dKO,dKO,parallel,up,159,dKO
16,-1240.506329113924,8.611989086618964,1.2990586530212145,gene,dKO,dKO,parallel,up,159,dKO
17,-1189.873417721519,8.375494292672075,1.0545894032830299,gene,dKO,dKO,parallel,up,159,dKO
18,-1139.240506329114,8.732641234707783,1.1715479445748367,gene,dKO,dKO,parallel,up,159,dKO
19,-1088.607594936709,9.13000029899789,1.379748287949934,gene,dKO,dKO,parallel,up,159,dKO
20,-1037.9746835443038,9.340699429986861,1.5412005881263156,gene,dKO,dKO,parallel,up,159,dKO
21,-987.3417721518988,9.844166128580426,1.6954499004764467,gene,dKO,dKO,parallel,up,159,dKO
22,-936.7088607594937,11.006292972049874,1.8587633067815823,gene,dKO,dKO,parallel,up,159,dKO
23,-886.0759493670887,12.27688629371815,1.9428024520927938,gene,dKO,dKO,parallel,up,159,dKO
24,-835.4430379746836,12.883577077668669,1.835345540324535,gene,dKO,dKO,parallel,up,159,dKO
25,-784.8101265822784,14.39387544804899,1.9747693358522078,gene,dKO,dKO,parallel,up,159,dKO
26,-734.1772151898733,15.30223767542989,2.0598145537272177,gene,dKO,dKO,parallel,up,159,dKO
27,-683.5443037974683,15.361899464085417,1.9525638592185903,gene,dKO,dKO,parallel,up,159,dKO
28,-632.9113924050632,15.504937218090273,1.7935299559785722,gene,dKO,dKO,parallel,up,159,dKO
29,-582.2784810126582,15.493667989411943,1.5984720247145328,gene,dKO,dKO,parallel,up,159,dKO
30,-531.6455696202531,15.80078373178746,1.5006996965729933,gene,dKO,dKO,parallel,up,159,dKO
31,-481.0126582278481,16.585931633623392,1.555347991989906,gene,dKO,dKO,parallel,up,159,dKO
32,-430.37974683544303,17.565341619605537,1.718157646786347,gene,dKO,dKO,parallel,up,159,dKO
33,-379.746835443038,18.769570523497944,1.948989166834333,gene,dKO,dKO,parallel,up,159,dKO
34,-329.11392405063293,19.626162791172163,2.0894529599977445,gene,dKO,dKO,parallel,up,159,dKO
35,-278.4810126582279,20.610189632549726,2.2175153186793932,gene,dKO,dKO,parallel,up,159,dKO
36,-227.84810126582283,21.644581059154973,2.304345882454169,gene,dKO,dKO,parallel,up,159,dKO
37,-177.21518987341778,22.29893152164963,2.282166128749767,gene,dKO,dKO,parallel,up,159,dKO
38,-126.58227848101274,22.87602070725939,2.207520803916891,gene,dKO,dKO,parallel,up,159,dKO
39,-75.94936708860769,23.410001297416926,2.230005336418352,gene,dKO,dKO,parallel,up,159,dKO
40,-25.316455696202638,23.117894312525696,2.129460134770061,gene,dKO,dKO,parallel,up,159,dKO
41,25.31645569620241,22.8569737057166,1.9906135288877982,gene,dKO,dKO,parallel,up,159,dKO
42,75.94936708860769,21.860361437222743,1.8704702282570311,gene,dKO,dKO,parallel,up,159,dKO
43,126.58227848101251,21.102491805663398,1.7810815661189192,gene,dKO,dKO,parallel,up,159,dKO
44,177.21518987341778,20.12448076137207,1.688203074159159,gene,dKO,dKO,parallel,up,159,dKO
45,227.8481012658226,19.41610912780342,1.6917525732215994,gene,dKO,dKO,parallel,up,159,dKO
46,278.4810126582279,19.331785677114123,1.8092077009791112,gene,dKO,dKO,parallel,up,159,dKO
47,329.1139240506327,19.907404349095167,1.9908117601827364,gene,dKO,dKO,parallel,up,159,dKO
48,379.746835443038,20.453538280992888,2.2143467473634626,gene,dKO,dKO,parallel,up,159,dKO
49,430.37974683544326,19.99114119795633,2.267271040316297,gene,dKO,dKO,parallel,up,159,dKO
50,481.0126582278481,19.214518393420573,2.187712442544181,gene,dKO,dKO,parallel,up,159,dKO
51,531.6455696202534,18.52116037126857,2.156281874071164,gene,dKO,dKO,parallel,up,159,dKO
52,582.2784810126582,17.623204750359932,2.0903651944436707,gene,dKO,dKO,parallel,up,159,dKO
53,632.9113924050635,16.907140734495606,2.137464082456021,gene,dKO,dKO,parallel,up,159,dKO
54,683.5443037974683,16.272569414024833,2.150115624255635,gene,dKO,dKO,parallel,up,159,dKO
55,734.1772151898736,15.357568244319292,2.0050116780472833,gene,dKO,dKO,parallel,up,159,dKO
56,784.8101265822784,14.194269110366733,1.7584232233783559,gene,dKO,dKO,parallel,up,159,dKO
57,835.4430379746836,12.896300027110541,1.5034245776543074,gene,dKO,dKO,parallel,up,159,dKO
58,886.0759493670885,11.703488774069701,1.329342990829408,gene,dKO,dKO,parallel,up,159,dKO
59,936.7088607594937,10.741151141875445,1.2832006064800645,gene,dKO,dKO,parallel,up,159,dKO
60,987.3417721518986,10.010308776521583,1.2482255061550585,gene,dKO,dKO,parallel,up,159,dKO
61,1037.9746835443038,8.830952127714577,1.1282638553740603,gene,dKO,dKO,parallel,up,159,dKO
62,1088.6075949367087,7.737824913270819,0.9530632438853689,gene,dKO,dKO,parallel,up,159,dKO
63,1139.240506329114,7.153293118536848,0.9240091423388552,gene,dKO,dKO,parallel,up,159,dKO
64,1189.8734177215188,6.8098660741712065,0.8992648110155778,gene,dKO,dKO,parallel,up,159,dKO
65,1240.506329113924,6.664438716445579,0.869986982479647,gene,dKO,dKO,parallel,up,159,dKO
66,1291.1392405063293,6.842531306823594,1.0236061244114016,gene,dKO,dKO,parallel,up,159,dKO
67,1341.7721518987341,6.924231967086312,1.097044081670905,gene,dKO,dKO,parallel,up,159,dKO
68,1392.4050632911394,6.821821533044179,1.0385475080719508,gene,dKO,dKO,parallel,up,159,dKO
69,1443.0379746835442,6.210924011751291,0.7837611913284624,gene,dKO,dKO,parallel,up,159,dKO
70,1493.6708860759495,5.78076417456133,0.5988616210565599,gene,dKO,dKO,parallel,up,159,dKO
71,1544.3037974683543,5.6110315929618775,0.5509790148574757,gene,dKO,dKO,parallel,up,159,dKO
72,1594.9367088607596,5.58364608645689,0.5528414036540649,gene,dKO,dKO,parallel,up,159,dKO
73,1645.5696202531644,5.915400973655893,0.7090748071008184,gene,dKO,dKO,parallel,up,159,dKO
74,1696.2025316455697,6.311577829115046,0.9151255467572623,gene,dKO,dKO,parallel,up,159,dKO
75,1746.8354430379745,6.512458464794439,1.0654825627492526,gene,dKO,dKO,parallel,up,159,dKO
76,1797.4683544303798,6.673755752340552,1.2164287212820148,gene,dKO,dKO,parallel,up,159,dKO
77,1848.1012658227846,6.5977141644519834,1.201598237695534,gene,dKO,dKO,parallel,up,159,dKO
78,1898.73417721519,6.261287248249574,1.0594682604311427,gene,dKO,dKO,parallel,up,159,dKO
79,1949.3670886075947,6.0555045491194575,0.9492763533265248,gene,dKO,dKO,parallel,up,159,dKO
80,2000,5.668013412047732,0.8118782853653298,gene,dKO,dKO,parallel,up,159,dKO
1,-2000,10.254241538255807,1.853226790193483,gene,dKO,dKO,parallel,down,149,dKO
2,-1949.367088607595,10.047565310956115,1.6182988451864484,gene,dKO,dKO,parallel,down,149,dKO
3,-1898.73417721519,9.450221638103459,1.4184342536820758,gene,dKO,dKO,parallel,down,149,dKO
4,-1848.1012658227849,8.89119043512899,1.250621646158745,gene,dKO,dKO,parallel,down,149,dKO
5,-1797.4683544303798,8.218399350349802,1.0998295915377911,gene,dKO,dKO,parallel,down,149,dKO
6,-1746.8354430379748,7.821967615382516,1.08014759151427,gene,dKO,dKO,parallel,down,149,dKO
7,-1696.2025316455697,7.513499128178462,0.9644201901524118,gene,dKO,dKO,parallel,down,149,dKO
8,-1645.5696202531644,7.378513366946705,0.9072633135766743,gene,dKO,dKO,parallel,down,149,dKO
9,-1594.9367088607596,7.382905046353137,0.9575924128582972,gene,dKO,dKO,parallel,down,149,dKO
10,-1544.3037974683543,7.249453182337802,0.9835901010271748,gene,dKO,dKO,parallel,down,149,dKO
11,-1493.6708860759495,6.92762167259084,0.955295772801906,gene,dKO,dKO,parallel,down,149,dKO
12,-1443.0379746835442,6.803025518455761,0.9300056523938165,gene,dKO,dKO,parallel,down,149,dKO
13,-1392.4050632911392,7.152378443775561,0.9972252441799052,gene,dKO,dKO,parallel,down,149,dKO
14,-1341.7721518987341,7.5912380458951265,1.1053324453153828,gene,dKO,dKO,parallel,down,149,dKO
15,-1291.139240506329,7.748515857684799,1.0666070596184896,gene,dKO,dKO,parallel,down,149,dKO
16,-1240.506329113924,8.069239464094174,1.0298472490830273,gene,dKO,dKO,parallel,down,149,dKO
17,-1189.873417721519,8.611172946235477,1.063087632119865,gene,dKO,dKO,parallel,down,149,dKO
18,-1139.240506329114,8.861144599402511,1.1111234841158366,gene,dKO,dKO,parallel,down,149,dKO
19,-1088.607594936709,9.150788551304965,1.167868216138324,gene,dKO,dKO,parallel,down,149,dKO
20,-1037.9746835443038,9.8653636388384,1.3576217730690447,gene,dKO,dKO,parallel,down,149,dKO
21,-987.3417721518988,10.491582496715605,1.5543337749923356,gene,dKO,dKO,parallel,down,149,dKO
22,-936.7088607594937,10.943208834362244,1.633850935725848,gene,dKO,dKO,parallel,down,149,dKO
23,-886.0759493670887,11.02008443616914,1.4853943430835235,gene,dKO,dKO,parallel,down,149,dKO
24,-835.4430379746836,10.86957228869133,1.266430190169034,gene,dKO,dKO,parallel,down,149,dKO
25,-784.8101265822784,10.844779635846482,1.1402347286724923,gene,dKO,dKO,parallel,down,149,dKO
26,-734.1772151898733,11.379503956011744,1.1380890149269691,gene,dKO,dKO,parallel,down,149,dKO
27,-683.5443037974683,12.24181437747857,1.1938975740161255,gene,dKO,dKO,parallel,down,149,dKO
28,-632.9113924050632,13.12414633154069,1.288536833258057,gene,dKO,dKO,parallel,down,149,dKO
29,-582.2784810126582,13.905978585804336,1.3529740517970552,gene,dKO,dKO,parallel,down,149,dKO
30,-531.6455696202531,14.450789866287437,1.3659930798005675,gene,dKO,dKO,parallel,down,149,dKO
31,-481.0126582278481,15.812447548846004,1.5005494456882125,gene,dKO,dKO,parallel,down,149,dKO
32,-430.37974683544303,17.426292900740435,1.7222551512666608,gene,dKO,dKO,parallel,down,149,dKO
33,-379.746835443038,19.040103342239757,2.192293235594494,gene,dKO,dKO,parallel,down,149,dKO
34,-329.11392405063293,21.750991329800097,2.821035454894423,gene,dKO,dKO,parallel,down,149,dKO
35,-278.4810126582279,23.710960046989005,3.3226690795270484,gene,dKO,dKO,parallel,down,149,dKO
36,-227.84810126582283,25.69198137467873,3.826068714839768,gene,dKO,dKO,parallel,down,149,dKO
37,-177.21518987341778,26.79444794486833,4.143509659245615,gene,dKO,dKO,parallel,down,149,dKO
38,-126.58227848101274,26.756333704368114,3.96663631285949,gene,dKO,dKO,parallel,down,149,dKO
39,-75.94936708860769,27.06205594115076,3.605736265328504,gene,dKO,dKO,parallel,down,149,dKO
40,-25.316455696202638,26.562606558735737,3.1970113203303225,gene,dKO,dKO,parallel,down,149,dKO
41,25.31645569620241,25.97967274094588,2.902746409779027,gene,dKO,dKO,parallel,down,149,dKO
42,75.94936708860769,24.843173704024665,2.6388188432911166,gene,dKO,dKO,parallel,down,149,dKO
43,126.58227848101251,23.82126868161579,2.4519851956116936,gene,dKO,dKO,parallel,down,149,dKO
44,177.21518987341778,22.371322534687035,2.1146096487109305,gene,dKO,dKO,parallel,down,149,dKO
45,227.8481012658226,20.992800123728895,1.8128467232024073,gene,dKO,dKO,parallel,down,149,dKO
46,278.4810126582279,19.890415450529233,1.7116304044220438,gene,dKO,dKO,parallel,down,149,dKO
47,329.1139240506327,18.763943692672438,1.659653317703651,gene,dKO,dKO,parallel,down,149,dKO
48,379.746835443038,17.63727305386157,1.5445340482072487,gene,dKO,dKO,parallel,down,149,dKO
49,430.37974683544326,16.405155888787853,1.501112317322134,gene,dKO,dKO,parallel,down,149,dKO
50,481.0126582278481,15.796593870439253,1.531394037418975,gene,dKO,dKO,parallel,down,149,dKO
51,531.6455696202534,15.960514991955469,1.6097987289550106,gene,dKO,dKO,parallel,down,149,dKO
52,582.2784810126582,15.68565768433364,1.6544829971800001,gene,dKO,dKO,parallel,down,149,dKO
53,632.9113924050635,15.66974752528022,1.7599697572891813,gene,dKO,dKO,parallel,down,149,dKO
54,683.5443037974683,15.646942545780933,1.882800379324009,gene,dKO,dKO,parallel,down,149,dKO
55,734.1772151898736,15.547537924838013,2.0695945413794727,gene,dKO,dKO,parallel,down,149,dKO
56,784.8101265822784,15.089818044012825,2.188709797451781,gene,dKO,dKO,parallel,down,149,dKO
57,835.4430379746836,14.85394924378235,2.0988737523573047,gene,dKO,dKO,parallel,down,149,dKO
58,886.0759493670885,13.772011259930245,1.9132795913226324,gene,dKO,dKO,parallel,down,149,dKO
59,936.7088607594937,12.382689902505085,1.6545510250593813,gene,dKO,dKO,parallel,down,149,dKO
60,987.3417721518986,11.568587890012687,1.5740013643437378,gene,dKO,dKO,parallel,down,149,dKO
61,1037.9746835443038,11.043834649471096,1.570684091254017,gene,dKO,dKO,parallel,down,149,dKO
62,1088.6075949367087,10.636700728179624,1.5822340954488476,gene,dKO,dKO,parallel,down,149,dKO
63,1139.240506329114,9.766912521366573,1.4323008118724612,gene,dKO,dKO,parallel,down,149,dKO
64,1189.8734177215188,9.143116947953866,1.1744350488443651,gene,dKO,dKO,parallel,down,149,dKO
65,1240.506329113924,8.946070493030335,0.9861293297436764,gene,dKO,dKO,parallel,down,149,dKO
66,1291.1392405063293,8.320157872883799,0.8916415326940623,gene,dKO,dKO,parallel,down,149,dKO
67,1341.7721518987341,7.9894226001626425,0.8478665197252558,gene,dKO,dKO,parallel,down,149,dKO
68,1392.4050632911394,7.803888178917119,0.7853578605900966,gene,dKO,dKO,parallel,down,149,dKO
69,1443.0379746835442,7.712509044539475,0.7592206090270894,gene,dKO,dKO,parallel,down,149,dKO
70,1493.6708860759495,7.4401074296782745,0.7443382660512355,gene,dKO,dKO,parallel,down,149,dKO
71,1544.3037974683543,7.232504194785551,0.7535997190158104,gene,dKO,dKO,parallel,down,149,dKO
72,1594.9367088607596,7.119699000362848,0.775723065598875,gene,dKO,dKO,parallel,down,149,dKO
73,1645.5696202531644,7.169394896222441,0.8589892211504866,gene,dKO,dKO,parallel,down,149,dKO
74,1696.2025316455697,7.497680217745053,1.1529028107942587,gene,dKO,dKO,parallel,down,149,dKO
75,1746.8354430379745,7.329484594465636,1.2535962177845759,gene,dKO,dKO,parallel,down,149,dKO
76,1797.4683544303798,7.336170322222998,1.469578177914983,gene,dKO,dKO,parallel,down,149,dKO
77,1848.1012658227846,7.609278173526661,1.776907943360392,gene,dKO,dKO,parallel,down,149,dKO
78,1898.73417721519,7.716423765882283,1.931716411641208,gene,dKO,dKO,parallel,down,149,dKO
79,1949.3670886075947,7.58266015749383,1.777806269986599,gene,dKO,dKO,parallel,down,149,dKO
80,2000,7.117566899303888,1.3943347730312092,gene,dKO,dKO,parallel,down,149,dKO
1,-2000,9.572301406701406,4.787363514768887,gene,dKO,dKO,antiparallel,up,10,dKO
2,-1949.367088607595,8.821986228148143,4.243093317298704,gene,dKO,dKO,antiparallel,up,10,dKO
3,-1898.73417721519,8.742086928526561,4.000682313931028,gene,dKO,dKO,antiparallel,up,10,dKO
4,-1848.1012658227849,8.313269361337026,3.380937755471168,gene,dKO,dKO,antiparallel,up,10,dKO
5,-1797.4683544303798,7.634483414808909,2.8794115944371126,gene,dKO,dKO,antiparallel,up,10,dKO
6,-1746.8354430379748,6.769707935969035,2.4292751005692184,gene,dKO,dKO,antiparallel,up,10,dKO
7,-1696.2025316455697,6.290055160363515,2.1916794523584175,gene,dKO,dKO,antiparallel,up,10,dKO
8,-1645.5696202531644,6.128384617805481,2.2840512197882736,gene,dKO,dKO,antiparallel,up,10,dKO
9,-1594.9367088607596,6.33477454662323,2.4329107859772963,gene,dKO,dKO,antiparallel,up,10,dKO
10,-1544.3037974683543,6.341758386770884,2.2441487548768486,gene,dKO,dKO,antiparallel,up,10,dKO
11,-1493.6708860759495,6.157865239302317,1.653855364777965,gene,dKO,dKO,antiparallel,up,10,dKO
12,-1443.0379746835442,6.475639967600505,1.4734166899048013,gene,dKO,dKO,antiparallel,up,10,dKO
13,-1392.4050632911392,7.133393566449484,1.6315365196944023,gene,dKO,dKO,antiparallel,up,10,dKO
14,-1341.7721518987341,7.7263700029055276,1.9286815640566857,gene,dKO,dKO,antiparallel,up,10,dKO
15,-1291.139240506329,8.453730839093526,2.430063993132089,gene,dKO,dKO,antiparallel,up,10,dKO
16,-1240.506329113924,8.162833904743195,2.4972382474358024,gene,dKO,dKO,antiparallel,up,10,dKO
17,-1189.873417721519,7.783444473902384,2.536260313597296,gene,dKO,dKO,antiparallel,up,10,dKO
18,-1139.240506329114,7.858967916329703,2.6347865776282,gene,dKO,dKO,antiparallel,up,10,dKO
19,-1088.607594936709,8.146602354367575,2.7691516200004784,gene,dKO,dKO,antiparallel,up,10,dKO
20,-1037.9746835443038,9.701818960984548,3.2808450940414984,gene,dKO,dKO,antiparallel,up,10,dKO
21,-987.3417721518988,12.13235390520096,4.750650221423792,gene,dKO,dKO,antiparallel,up,10,dKO
22,-936.7088607594937,13.142977979660035,5.206307084320089,gene,dKO,dKO,antiparallel,up,10,dKO
23,-886.0759493670887,12.811817703564962,5.487086116190605,gene,dKO,dKO,antiparallel,up,10,dKO
24,-835.4430379746836,11.881402732372283,5.6949099712489675,gene,dKO,dKO,antiparallel,up,10,dKO
25,-784.8101265822784,12.287183465480805,6.273833225324028,gene,dKO,dKO,antiparallel,up,10,dKO
26,-734.1772151898733,12.990261623064676,7.3948191014533045,gene,dKO,dKO,antiparallel,up,10,dKO
27,-683.5443037974683,14.85211587190628,9.17777383971575,gene,dKO,dKO,antiparallel,up,10,dKO
28,-632.9113924050632,14.932892698287963,9.639605634933822,gene,dKO,dKO,antiparallel,up,10,dKO
29,-582.2784810126582,14.686217716534932,9.378783818240885,gene,dKO,dKO,antiparallel,up,10,dKO
30,-531.6455696202531,12.037244627952576,6.747969934760065,gene,dKO,dKO,antiparallel,up,10,dKO
31,-481.0126582278481,11.500898548285166,5.648063665342295,gene,dKO,dKO,antiparallel,up,10,dKO
32,-430.37974683544303,11.399904505411783,4.6680267046365005,gene,dKO,dKO,antiparallel,up,10,dKO
33,-379.746835443038,11.729987007459005,3.961341380984567,gene,dKO,dKO,antiparallel,up,10,dKO
34,-329.11392405063293,10.825584173838298,3.1713336102846768,gene,dKO,dKO,antiparallel,up,10,dKO
35,-278.4810126582279,10.821363415559132,2.999472363450183,gene,dKO,dKO,antiparallel,up,10,dKO
36,-227.84810126582283,10.881327447255453,3.00557856730414,gene,dKO,dKO,antiparallel,up,10,dKO
37,-177.21518987341778,11.889211509068806,3.2911054815058502,gene,dKO,dKO,antiparallel,up,10,dKO
38,-126.58227848101274,12.61471264330546,3.228122274526311,gene,dKO,dKO,antiparallel,up,10,dKO
39,-75.94936708860769,13.250329143047333,3.300278166661497,gene,dKO,dKO,antiparallel,up,10,dKO
40,-25.316455696202638,13.611841630617777,2.861356653270362,gene,dKO,dKO,antiparallel,up,10,dKO
41,25.31645569620241,16.36874413204193,3.610859614210544,gene,dKO,dKO,antiparallel,up,10,dKO
42,75.94936708860769,20.544194852987925,6.388724031870676,gene,dKO,dKO,antiparallel,up,10,dKO
43,126.58227848101251,23.461749705950417,8.299167341769072,gene,dKO,dKO,antiparallel,up,10,dKO
44,177.21518987341778,24.283989780505497,8.050557959688811,gene,dKO,dKO,antiparallel,up,10,dKO
45,227.8481012658226,23.602555717627208,6.932421303430596,gene,dKO,dKO,antiparallel,up,10,dKO
46,278.4810126582279,21.739687788883845,6.675493791692536,gene,dKO,dKO,antiparallel,up,10,dKO
47,329.1139240506327,21.464941682577134,6.386099717715192,gene,dKO,dKO,antiparallel,up,10,dKO
48,379.746835443038,20.842386283397676,6.154525726518577,gene,dKO,dKO,antiparallel,up,10,dKO
49,430.37974683544326,19.410953159888585,5.862573548859444,gene,dKO,dKO,antiparallel,up,10,dKO
50,481.0126582278481,19.849234931468963,6.910008117726615,gene,dKO,dKO,antiparallel,up,10,dKO
51,531.6455696202534,17.677819615205127,7.347949709652029,gene,dKO,dKO,antiparallel,up,10,dKO
52,582.2784810126582,18.56616554292043,7.973161415506969,gene,dKO,dKO,antiparallel,up,10,dKO
53,632.9113924050635,19.71783787838618,9.290953960816067,gene,dKO,dKO,antiparallel,up,10,dKO
54,683.5443037974683,21.749631884257,10.765331734912262,gene,dKO,dKO,antiparallel,up,10,dKO
55,734.1772151898736,27.84630954774221,14.489251103152963,gene,dKO,dKO,antiparallel,up,10,dKO
56,784.8101265822784,32.17218136882782,17.83663540201907,gene,dKO,dKO,antiparallel,up,10,dKO
57,835.4430379746836,33.501210760911306,18.56329245208323,gene,dKO,dKO,antiparallel,up,10,dKO
58,886.0759493670885,32.24062356440226,17.800756318245366,gene,dKO,dKO,antiparallel,up,10,dKO
59,936.7088607594937,27.85961082482338,15.279320195804637,gene,dKO,dKO,antiparallel,up,10,dKO
60,987.3417721518986,23.944615778605144,11.888300937691577,gene,dKO,dKO,antiparallel,up,10,dKO
61,1037.9746835443038,21.19888539950053,10.047420702831696,gene,dKO,dKO,antiparallel,up,10,dKO
62,1088.6075949367087,17.858077653884887,8.028410745444654,gene,dKO,dKO,antiparallel,up,10,dKO
63,1139.240506329114,16.64605704387029,7.28251837931804,gene,dKO,dKO,antiparallel,up,10,dKO
64,1189.8734177215188,16.150190404256186,7.2686667981383595,gene,dKO,dKO,antiparallel,up,10,dKO
65,1240.506329113924,15.342186197757721,6.8964706430919795,gene,dKO,dKO,antiparallel,up,10,dKO
66,1291.1392405063293,14.353803338686625,6.1752097834536,gene,dKO,dKO,antiparallel,up,10,dKO
67,1341.7721518987341,11.614158204078674,4.671671194233255,gene,dKO,dKO,antiparallel,up,10,dKO
68,1392.4050632911394,10.40325112056732,3.762411421225143,gene,dKO,dKO,antiparallel,up,10,dKO
69,1443.0379746835442,10.502031644821168,3.8487921165411065,gene,dKO,dKO,antiparallel,up,10,dKO
70,1493.6708860759495,10.254486395517986,3.9048430777314773,gene,dKO,dKO,antiparallel,up,10,dKO
71,1544.3037974683543,10.681755884965261,4.7237884188506065,gene,dKO,dKO,antiparallel,up,10,dKO
72,1594.9367088607596,11.39233920788765,5.86802175169472,gene,dKO,dKO,antiparallel,up,10,dKO
73,1645.5696202531644,13.547804708957672,7.501544271490812,gene,dKO,dKO,antiparallel,up,10,dKO
74,1696.2025316455697,13.242196419715881,7.204928039195486,gene,dKO,dKO,antiparallel,up,10,dKO
75,1746.8354430379745,10.954223197937011,4.798031826396358,gene,dKO,dKO,antiparallel,up,10,dKO
76,1797.4683544303798,9.150310153007508,3.598724828094097,gene,dKO,dKO,antiparallel,up,10,dKO
77,1848.1012658227846,8.657253361066182,3.449021869390677,gene,dKO,dKO,antiparallel,up,10,dKO
78,1898.73417721519,7.940098650296529,2.8156527628972814,gene,dKO,dKO,antiparallel,up,10,dKO
79,1949.3670886075947,7.017089752912521,1.9067870195936159,gene,dKO,dKO,antiparallel,up,10,dKO
80,2000,6.846091657559077,1.4666406534611998,gene,dKO,dKO,antiparallel,up,10,dKO
1,-2000,10.94110446581134,4.377737426669849,gene,dKO,dKO,hybrid,up,18,dKO
2,-1949.367088607595,11.046111431386736,4.256066730678535,gene,dKO,dKO,hybrid,up,18,dKO
3,-1898.73417721519,11.32250265178857,4.38056049166062,gene,dKO,dKO,hybrid,up,18,dKO
4,-1848.1012658227849,10.848332128657235,4.671239472995454,gene,dKO,dKO,hybrid,up,18,dKO
5,-1797.4683544303798,11.354817819771943,5.318512349682079,gene,dKO,dKO,hybrid,up,18,dKO
6,-1746.8354430379748,13.043904272052977,6.798849983192547,gene,dKO,dKO,hybrid,up,18,dKO
7,-1696.2025316455697,13.937917594821364,7.834694004727532,gene,dKO,dKO,hybrid,up,18,dKO
8,-1645.5696202531644,13.284080598530945,7.329505676288502,gene,dKO,dKO,hybrid,up,18,dKO
9,-1594.9367088607596,10.904325717643456,5.319950380136165,gene,dKO,dKO,hybrid,up,18,dKO
10,-1544.3037974683543,9.438458314118561,4.335930113849711,gene,dKO,dKO,hybrid,up,18,dKO
11,-1493.6708860759495,8.70510679907269,4.013168726209211,gene,dKO,dKO,hybrid,up,18,dKO
12,-1443.0379746835442,8.408563621927192,3.879194654878586,gene,dKO,dKO,hybrid,up,18,dKO
13,-1392.4050632911392,8.122455262475544,3.7078626184039436,gene,dKO,dKO,hybrid,up,18,dKO
14,-1341.7721518987341,7.178420993222131,2.8989922876477454,gene,dKO,dKO,hybrid,up,18,dKO
15,-1291.139240506329,6.939903442241527,2.46115621492304,gene,dKO,dKO,hybrid,up,18,dKO
16,-1240.506329113924,6.93761817464122,2.46241396987202,gene,dKO,dKO,hybrid,up,18,dKO
17,-1189.873417721519,7.317293098326083,2.25888688322427,gene,dKO,dKO,hybrid,up,18,dKO
18,-1139.240506329114,7.378765931306062,2.014512050703465,gene,dKO,dKO,hybrid,up,18,dKO
19,-1088.607594936709,7.2252660352212414,1.5420965134220905,gene,dKO,dKO,hybrid,up,18,dKO
20,-1037.9746835443038,6.672747745646371,1.3718508065567672,gene,dKO,dKO,hybrid,up,18,dKO
21,-987.3417721518988,5.858519148870751,1.2593704981141987,gene,dKO,dKO,hybrid,up,18,dKO
22,-936.7088607594937,5.619249390451996,1.2178125332436063,gene,dKO,dKO,hybrid,up,18,dKO
23,-886.0759493670887,5.376095592445798,1.0563128219726152,gene,dKO,dKO,hybrid,up,18,dKO
24,-835.4430379746836,6.0123480684227415,1.0956741228804956,gene,dKO,dKO,hybrid,up,18,dKO
25,-784.8101265822784,6.504553766162307,1.0173769683322396,gene,dKO,dKO,hybrid,up,18,dKO
26,-734.1772151898733,6.765318285006064,1.114297426713026,gene,dKO,dKO,hybrid,up,18,dKO
27,-683.5443037974683,6.9266218432673705,1.2421655948525794,gene,dKO,dKO,hybrid,up,18,dKO
28,-632.9113924050632,6.842933466434479,1.3017555432987882,gene,dKO,dKO,hybrid,up,18,dKO
29,-582.2784810126582,7.042077825510943,1.4851522982742293,gene,dKO,dKO,hybrid,up,18,dKO
30,-531.6455696202531,7.603029292954339,1.66766661231834,gene,dKO,dKO,hybrid,up,18,dKO
31,-481.0126582278481,9.175659124321408,2.7178693998400183,gene,dKO,dKO,hybrid,up,18,dKO
32,-430.37974683544303,10.448648347059885,3.491484945700875,gene,dKO,dKO,hybrid,up,18,dKO
33,-379.746835443038,12.512216679873289,4.092539931064343,gene,dKO,dKO,hybrid,up,18,dKO
34,-329.11392405063293,14.800197313185091,5.259630268032756,gene,dKO,dKO,hybrid,up,18,dKO
35,-278.4810126582279,18.20228113412857,7.466311253292862,gene,dKO,dKO,hybrid,up,18,dKO
36,-227.84810126582283,21.204096628913174,9.967368850548738,gene,dKO,dKO,hybrid,up,18,dKO
37,-177.21518987341778,24.350356208924893,12.553427429888357,gene,dKO,dKO,hybrid,up,18,dKO
38,-126.58227848101274,26.028978151568662,13.90153426453503,gene,dKO,dKO,hybrid,up,18,dKO
39,-75.94936708860769,27.24161993569798,14.343393061495606,gene,dKO,dKO,hybrid,up,18,dKO
40,-25.316455696202638,27.837041017214457,13.63732869974195,gene,dKO,dKO,hybrid,up,18,dKO
41,25.31645569620241,28.678136605510005,13.161038233498704,gene,dKO,dKO,hybrid,up,18,dKO
42,75.94936708860769,28.636900206671818,11.840811919426782,gene,dKO,dKO,hybrid,up,18,dKO
43,126.58227848101251,27.95770725294396,9.907006360424027,gene,dKO,dKO,hybrid,up,18,dKO
44,177.21518987341778,25.085523597576,6.301944383745593,gene,dKO,dKO,hybrid,up,18,dKO
45,227.8481012658226,22.942531993918948,4.3317128432162075,gene,dKO,dKO,hybrid,up,18,dKO
46,278.4810126582279,20.446316650355303,3.3725583612941366,gene,dKO,dKO,hybrid,up,18,dKO
47,329.1139240506327,19.382804821641358,3.2176825267077955,gene,dKO,dKO,hybrid,up,18,dKO
48,379.746835443038,19.582657237582737,3.529546626593385,gene,dKO,dKO,hybrid,up,18,dKO
49,430.37974683544326,19.26447843428011,3.6811147417622267,gene,dKO,dKO,hybrid,up,18,dKO
50,481.0126582278481,19.018691180988593,3.8345252868827977,gene,dKO,dKO,hybrid,up,18,dKO
51,531.6455696202534,17.91062457958857,3.6971111952110767,gene,dKO,dKO,hybrid,up,18,dKO
52,582.2784810126582,17.342542062600454,3.870556462242826,gene,dKO,dKO,hybrid,up,18,dKO
53,632.9113924050635,17.47642971056479,4.027981638119434,gene,dKO,dKO,hybrid,up,18,dKO
54,683.5443037974683,18.014092892894038,4.397315221551793,gene,dKO,dKO,hybrid,up,18,dKO
55,734.1772151898736,16.900318413133974,4.357213823699473,gene,dKO,dKO,hybrid,up,18,dKO
56,784.8101265822784,15.404337355649028,4.07525183478675,gene,dKO,dKO,hybrid,up,18,dKO
57,835.4430379746836,14.554467132709645,3.5335027794046,gene,dKO,dKO,hybrid,up,18,dKO
58,886.0759493670885,13.072814660867055,2.8039571740324303,gene,dKO,dKO,hybrid,up,18,dKO
59,936.7088607594937,11.549088714122773,2.2569822643373993,gene,dKO,dKO,hybrid,up,18,dKO
60,987.3417721518986,10.463399504820506,2.1139811232015315,gene,dKO,dKO,hybrid,up,18,dKO
61,1037.9746835443038,10.278517447754188,2.2189504218523584,gene,dKO,dKO,hybrid,up,18,dKO
62,1088.6075949367087,9.289149033228556,2.072893287454964,gene,dKO,dKO,hybrid,up,18,dKO
63,1139.240506329114,8.27926163011127,2.1072649754023507,gene,dKO,dKO,hybrid,up,18,dKO
64,1189.8734177215188,7.785331568364744,2.105079454247748,gene,dKO,dKO,hybrid,up,18,dKO
65,1240.506329113924,7.042181224028269,1.8567290300557526,gene,dKO,dKO,hybrid,up,18,dKO
66,1291.1392405063293,6.578918940049631,1.6343738055295616,gene,dKO,dKO,hybrid,up,18,dKO
67,1341.7721518987341,6.085802552258527,1.4484184989997058,gene,dKO,dKO,hybrid,up,18,dKO
68,1392.4050632911394,5.2216105680554,1.2529704561629407,gene,dKO,dKO,hybrid,up,18,dKO
69,1443.0379746835442,4.483784632241284,0.9785801513257459,gene,dKO,dKO,hybrid,up,18,dKO
70,1493.6708860759495,4.107900825650604,0.8234162405891009,gene,dKO,dKO,hybrid,up,18,dKO
71,1544.3037974683543,4.189640791681078,0.9047040220776188,gene,dKO,dKO,hybrid,up,18,dKO
72,1594.9367088607596,4.229473806178128,0.936932665238271,gene,dKO,dKO,hybrid,up,18,dKO
73,1645.5696202531644,4.215356422971796,0.9142329573205229,gene,dKO,dKO,hybrid,up,18,dKO
74,1696.2025316455697,4.103161302407583,0.9391260093508665,gene,dKO,dKO,hybrid,up,18,dKO
75,1746.8354430379745,3.8957224600403397,0.9116236858085714,gene,dKO,dKO,hybrid,up,18,dKO
76,1797.4683544303798,3.874273578502514,0.988345157768337,gene,dKO,dKO,hybrid,up,18,dKO
77,1848.1012658227846,4.158156566884783,1.188272630458709,gene,dKO,dKO,hybrid,up,18,dKO
78,1898.73417721519,3.807531010839674,0.9967514829493079,gene,dKO,dKO,hybrid,up,18,dKO
79,1949.3670886075947,3.635577084488339,0.9288151032760583,gene,dKO,dKO,hybrid,up,18,dKO
80,2000,3.4518635854897677,0.858516722492747,gene,dKO,dKO,hybrid,up,18,dKO
1,-2000,7.097103390750431,2.7418039295732113,gene,dKO,dKO,hybrid,down,28,dKO
2,-1949.367088607595,6.6425303960981825,2.5777651329573037,gene,dKO,dKO,hybrid,down,28,dKO
3,-1898.73417721519,6.2447434091568,2.1819146126222577,gene,dKO,dKO,hybrid,down,28,dKO
4,-1848.1012658227849,6.265556135631742,2.062858521067384,gene,dKO,dKO,hybrid,down,28,dKO
5,-1797.4683544303798,5.793642856507074,1.772852083702953,gene,dKO,dKO,hybrid,down,28,dKO
6,-1746.8354430379748,5.534546447822025,1.460610527059258,gene,dKO,dKO,hybrid,down,28,dKO
7,-1696.2025316455697,5.030400902600515,1.0660545851537506,gene,dKO,dKO,hybrid,down,28,dKO
8,-1645.5696202531644,5.2529387810116726,1.127017096497425,gene,dKO,dKO,hybrid,down,28,dKO
9,-1594.9367088607596,5.323884202156748,1.2873231118622497,gene,dKO,dKO,hybrid,down,28,dKO
10,-1544.3037974683543,6.811634591051511,1.9576144887106053,gene,dKO,dKO,hybrid,down,28,dKO
11,-1493.6708860759495,9.001365784179598,3.6264923999172214,gene,dKO,dKO,hybrid,down,28,dKO
12,-1443.0379746835442,10.343747652882621,4.396173621469593,gene,dKO,dKO,hybrid,down,28,dKO
13,-1392.4050632911392,12.608140016794204,6.0449649592452666,gene,dKO,dKO,hybrid,down,28,dKO
14,-1341.7721518987341,14.032147183106058,6.941599198704018,gene,dKO,dKO,hybrid,down,28,dKO
15,-1291.139240506329,14.29555005402792,7.304797463241242,gene,dKO,dKO,hybrid,down,28,dKO
16,-1240.506329113924,14.925943127189363,7.920030533816533,gene,dKO,dKO,hybrid,down,28,dKO
17,-1189.873417721519,15.567336352836518,8.39542469532432,gene,dKO,dKO,hybrid,down,28,dKO
18,-1139.240506329114,15.340877036338762,7.720254748268831,gene,dKO,dKO,hybrid,down,28,dKO
19,-1088.607594936709,14.645191337863604,6.683044751932564,gene,dKO,dKO,hybrid,down,28,dKO
20,-1037.9746835443038,14.880003645420075,6.163517421691939,gene,dKO,dKO,hybrid,down,28,dKO
21,-987.3417721518988,14.99384303967158,5.730048366118911,gene,dKO,dKO,hybrid,down,28,dKO
22,-936.7088607594937,14.660329945768629,5.266036220676674,gene,dKO,dKO,hybrid,down,28,dKO
23,-886.0759493670887,14.139360419398262,4.924073523383641,gene,dKO,dKO,hybrid,down,28,dKO
24,-835.4430379746836,13.102695924043655,4.387315685306758,gene,dKO,dKO,hybrid,down,28,dKO
25,-784.8101265822784,12.031989661171322,3.6395648620240517,gene,dKO,dKO,hybrid,down,28,dKO
26,-734.1772151898733,11.060675973324548,2.9616979565300516,gene,dKO,dKO,hybrid,down,28,dKO
27,-683.5443037974683,11.140107455480667,2.6082211813727816,gene,dKO,dKO,hybrid,down,28,dKO
28,-632.9113924050632,12.090624101786387,2.2858757331790467,gene,dKO,dKO,hybrid,down,28,dKO
29,-582.2784810126582,13.667819506923358,2.4927374256144867,gene,dKO,dKO,hybrid,down,28,dKO
30,-531.6455696202531,14.696872009918803,2.657487335069141,gene,dKO,dKO,hybrid,down,28,dKO
31,-481.0126582278481,15.698479594304448,2.6950618401379303,gene,dKO,dKO,hybrid,down,28,dKO
32,-430.37974683544303,17.806682245390757,3.1920516667917913,gene,dKO,dKO,hybrid,down,28,dKO
33,-379.746835443038,20.96418424612,3.9235087067881174,gene,dKO,dKO,hybrid,down,28,dKO
34,-329.11392405063293,24.286699033833685,4.821068350415178,gene,dKO,dKO,hybrid,down,28,dKO
35,-278.4810126582279,26.683035461249805,5.808293933742689,gene,dKO,dKO,hybrid,down,28,dKO
36,-227.84810126582283,27.887410117614838,6.707483931071359,gene,dKO,dKO,hybrid,down,28,dKO
37,-177.21518987341778,29.38768617215611,8.010119274256757,gene,dKO,dKO,hybrid,down,28,dKO
38,-126.58227848101274,31.21823211590449,8.554001148032267,gene,dKO,dKO,hybrid,down,28,dKO
39,-75.94936708860769,33.39351081161272,8.677837420317884,gene,dKO,dKO,hybrid,down,28,dKO
40,-25.316455696202638,33.51825412747406,8.339834051064885,gene,dKO,dKO,hybrid,down,28,dKO
41,25.31645569620241,32.27072201592582,7.805086182434943,gene,dKO,dKO,hybrid,down,28,dKO
42,75.94936708860769,30.850327382995967,7.185464368969246,gene,dKO,dKO,hybrid,down,28,dKO
43,126.58227848101251,28.779840865674473,6.533046486309005,gene,dKO,dKO,hybrid,down,28,dKO
44,177.21518987341778,27.293083325794765,6.041168492391965,gene,dKO,dKO,hybrid,down,28,dKO
45,227.8481012658226,26.076826859372,5.4661952077335725,gene,dKO,dKO,hybrid,down,28,dKO
46,278.4810126582279,22.926836697317306,4.733171477242647,gene,dKO,dKO,hybrid,down,28,dKO
47,329.1139240506327,20.539636883395058,4.0982400447477865,gene,dKO,dKO,hybrid,down,28,dKO
48,379.746835443038,18.51987596988678,3.6802491819873993,gene,dKO,dKO,hybrid,down,28,dKO
49,430.37974683544326,16.221955279111864,3.1276887047701107,gene,dKO,dKO,hybrid,down,28,dKO
50,481.0126582278481,13.940486592054366,2.4294964660111953,gene,dKO,dKO,hybrid,down,28,dKO
51,531.6455696202534,12.654137147040593,2.0091437912633086,gene,dKO,dKO,hybrid,down,28,dKO
52,582.2784810126582,12.100882338342213,1.7403292958771062,gene,dKO,dKO,hybrid,down,28,dKO
53,632.9113924050635,11.425155092335883,1.57082089027188,gene,dKO,dKO,hybrid,down,28,dKO
54,683.5443037974683,10.683009573845636,1.4265750016018894,gene,dKO,dKO,hybrid,down,28,dKO
55,734.1772151898736,10.087131067684718,1.3839717654058483,gene,dKO,dKO,hybrid,down,28,dKO
56,784.8101265822784,9.501734648545582,1.4668290915721816,gene,dKO,dKO,hybrid,down,28,dKO
57,835.4430379746836,9.643700341071401,1.5701269819506787,gene,dKO,dKO,hybrid,down,28,dKO
58,886.0759493670885,9.976149690264748,1.7330100877075585,gene,dKO,dKO,hybrid,down,28,dKO
59,936.7088607594937,10.616221686771938,2.1692068573316217,gene,dKO,dKO,hybrid,down,28,dKO
60,987.3417721518986,10.61858508331435,2.4541615951748277,gene,dKO,dKO,hybrid,down,28,dKO
61,1037.9746835443038,11.121498656585104,2.9849788560338997,gene,dKO,dKO,hybrid,down,28,dKO
62,1088.6075949367087,11.354047194123268,3.4202864823028833,gene,dKO,dKO,hybrid,down,28,dKO
63,1139.240506329114,11.367441386012805,3.7614134480351784,gene,dKO,dKO,hybrid,down,28,dKO
64,1189.8734177215188,11.006846424625033,3.8697385905222768,gene,dKO,dKO,hybrid,down,28,dKO
65,1240.506329113924,11.00200392620904,4.043996123537973,gene,dKO,dKO,hybrid,down,28,dKO
66,1291.1392405063293,11.446326488682201,4.316969812063067,gene,dKO,dKO,hybrid,down,28,dKO
67,1341.7721518987341,11.022607497260683,4.313411286620881,gene,dKO,dKO,hybrid,down,28,dKO
68,1392.4050632911394,11.087591491767338,4.431478800967876,gene,dKO,dKO,hybrid,down,28,dKO
69,1443.0379746835442,11.51279079914093,4.289582351720653,gene,dKO,dKO,hybrid,down,28,dKO
70,1493.6708860759495,11.14617239409969,3.873947874498707,gene,dKO,dKO,hybrid,down,28,dKO
71,1544.3037974683543,10.212566192604246,3.0210089329099343,gene,dKO,dKO,hybrid,down,28,dKO
72,1594.9367088607596,9.505602659810156,2.6663858215614566,gene,dKO,dKO,hybrid,down,28,dKO
73,1645.5696202531644,9.029005396451268,2.4115082704703634,gene,dKO,dKO,hybrid,down,28,dKO
74,1696.2025316455697,8.232554241872968,2.0628423745996027,gene,dKO,dKO,hybrid,down,28,dKO
75,1746.8354430379745,8.107121707655134,1.9840085803019483,gene,dKO,dKO,hybrid,down,28,dKO
76,1797.4683544303798,7.57462461681593,1.8004072482726616,gene,dKO,dKO,hybrid,down,28,dKO
77,1848.1012658227846,6.620285250686464,1.5619388240515244,gene,dKO,dKO,hybrid,down,28,dKO
78,1898.73417721519,6.1691569540614175,1.5085951789367373,gene,dKO,dKO,hybrid,down,28,dKO
79,1949.3670886075947,5.9484519704182945,1.7037680081308795,gene,dKO,dKO,hybrid,down,28,dKO
80,2000,5.856643168188277,2.033477088447689,gene,dKO,dKO,hybrid,down,28,dKO
1,-2000,4.099216259306972,0.2778648019134737,gene,dKO,dKO,unfiltered,up,993,dKO
2,-1949.367088607595,4.134546215261297,0.26808595357181464,gene,dKO,dKO,unfiltered,up,993,dKO
3,-1898.73417721519,4.0886336575542055,0.2431405015974018,gene,dKO,dKO,unfiltered,up,993,dKO
4,-1848.1012658227849,4.019697995222668,0.22148913140044202,gene,dKO,dKO,unfiltered,up,993,dKO
5,-1797.4683544303798,3.9539412674730996,0.2187619402079212,gene,dKO,dKO,unfiltered,up,993,dKO
6,-1746.8354430379748,4.030746997007791,0.23331447720440865,gene,dKO,dKO,unfiltered,up,993,dKO
7,-1696.2025316455697,4.239838766889229,0.26320608087743225,gene,dKO,dKO,unfiltered,up,993,dKO
8,-1645.5696202531644,4.353183539757276,0.27679497092828254,gene,dKO,dKO,unfiltered,up,993,dKO
9,-1594.9367088607596,4.330544425681679,0.2702980559062924,gene,dKO,dKO,unfiltered,up,993,dKO
10,-1544.3037974683543,4.411562548712141,0.3017376055336953,gene,dKO,dKO,unfiltered,up,993,dKO
11,-1493.6708860759495,4.4938320694149,0.36766790377817776,gene,dKO,dKO,unfiltered,up,993,dKO
12,-1443.0379746835442,4.61146560576187,0.4041269463806914,gene,dKO,dKO,unfiltered,up,993,dKO
13,-1392.4050632911392,4.752525389024818,0.4156099636046281,gene,dKO,dKO,unfiltered,up,993,dKO
14,-1341.7721518987341,4.805940102708944,0.4192925290821936,gene,dKO,dKO,unfiltered,up,993,dKO
15,-1291.139240506329,4.791995972376935,0.396474773363517,gene,dKO,dKO,unfiltered,up,993,dKO
16,-1240.506329113924,4.741723740052841,0.34044526419922594,gene,dKO,dKO,unfiltered,up,993,dKO
17,-1189.873417721519,4.649753960948456,0.3027784327931378,gene,dKO,dKO,unfiltered,up,993,dKO
18,-1139.240506329114,4.67564543099962,0.30231317690103754,gene,dKO,dKO,unfiltered,up,993,dKO
19,-1088.607594936709,4.636054673129258,0.30847612363564225,gene,dKO,dKO,unfiltered,up,993,dKO
20,-1037.9746835443038,4.567454733561253,0.31853690182092564,gene,dKO,dKO,unfiltered,up,993,dKO
21,-987.3417721518988,4.612270111302155,0.33708595145853526,gene,dKO,dKO,unfiltered,up,993,dKO
22,-936.7088607594937,4.786469793303696,0.36427968578891834,gene,dKO,dKO,unfiltered,up,993,dKO
23,-886.0759493670887,4.94177440603294,0.3773247648690829,gene,dKO,dKO,unfiltered,up,993,dKO
24,-835.4430379746836,4.96545036291908,0.36185292317067347,gene,dKO,dKO,unfiltered,up,993,dKO
25,-784.8101265822784,5.141462767058549,0.3814601735000004,gene,dKO,dKO,unfiltered,up,993,dKO
26,-734.1772151898733,5.219908941324304,0.39141560884773025,gene,dKO,dKO,unfiltered,up,993,dKO
27,-683.5443037974683,5.219292920565757,0.3784329219182898,gene,dKO,dKO,unfiltered,up,993,dKO
28,-632.9113924050632,5.190445642907494,0.35668307857356746,gene,dKO,dKO,unfiltered,up,993,dKO
29,-582.2784810126582,5.1046151326094025,0.32832270915665157,gene,dKO,dKO,unfiltered,up,993,dKO
30,-531.6455696202531,5.036542807343263,0.3093756573649744,gene,dKO,dKO,unfiltered,up,993,dKO
31,-481.0126582278481,5.117637841752729,0.3203823546430282,gene,dKO,dKO,unfiltered,up,993,dKO
32,-430.37974683544303,5.208263912217735,0.34670001443869125,gene,dKO,dKO,unfiltered,up,993,dKO
33,-379.746835443038,5.406425493697506,0.38460503235658405,gene,dKO,dKO,unfiltered,up,993,dKO
34,-329.11392405063293,5.517247166609596,0.41138627134346917,gene,dKO,dKO,unfiltered,up,993,dKO
35,-278.4810126582279,5.738430844223231,0.4442005538701653,gene,dKO,dKO,unfiltered,up,993,dKO
36,-227.84810126582283,5.943443222429257,0.4769665863043513,gene,dKO,dKO,unfiltered,up,993,dKO
37,-177.21518987341778,6.027591281763937,0.498261939348412,gene,dKO,dKO,unfiltered,up,993,dKO
38,-126.58227848101274,6.081490171102119,0.5048461524976102,gene,dKO,dKO,unfiltered,up,993,dKO
39,-75.94936708860769,6.180541337187877,0.514927139326764,gene,dKO,dKO,unfiltered,up,993,dKO
40,-25.316455696202638,6.164351893073962,0.4962335014693238,gene,dKO,dKO,unfiltered,up,993,dKO
41,25.31645569620241,6.1210087244780365,0.47777393092502446,gene,dKO,dKO,unfiltered,up,993,dKO
42,75.94936708860769,5.990339960740612,0.452490855794558,gene,dKO,dKO,unfiltered,up,993,dKO
43,126.58227848101251,5.910420391109015,0.42748915310974084,gene,dKO,dKO,unfiltered,up,993,dKO
44,177.21518987341778,5.768444341387113,0.3866934273551238,gene,dKO,dKO,unfiltered,up,993,dKO
45,227.8481012658226,5.641835740829882,0.3702393564466127,gene,dKO,dKO,unfiltered,up,993,dKO
46,278.4810126582279,5.6441894999435585,0.3777764065654274,gene,dKO,dKO,unfiltered,up,993,dKO
47,329.1139240506327,5.7724189420745216,0.4027387075008224,gene,dKO,dKO,unfiltered,up,993,dKO
48,379.746835443038,5.90680291085645,0.4363320393874623,gene,dKO,dKO,unfiltered,up,993,dKO
49,430.37974683544326,5.87005257999869,0.44163430611423793,gene,dKO,dKO,unfiltered,up,993,dKO
50,481.0126582278481,5.78204917085935,0.42976274536723236,gene,dKO,dKO,unfiltered,up,993,dKO
51,531.6455696202534,5.70021545496432,0.42264047372972835,gene,dKO,dKO,unfiltered,up,993,dKO
52,582.2784810126582,5.681424206197161,0.4167291506535851,gene,dKO,dKO,unfiltered,up,993,dKO
53,632.9113924050635,5.666750771984153,0.4292756120904472,gene,dKO,dKO,unfiltered,up,993,dKO
54,683.5443037974683,5.686038582937234,0.4359298426978668,gene,dKO,dKO,unfiltered,up,993,dKO
55,734.1772151898736,5.596971651377714,0.4250064160466936,gene,dKO,dKO,unfiltered,up,993,dKO
56,784.8101265822784,5.492169363469876,0.4070079166960041,gene,dKO,dKO,unfiltered,up,993,dKO
57,835.4430379746836,5.359155522982279,0.3790416853897319,gene,dKO,dKO,unfiltered,up,993,dKO
58,886.0759493670885,5.165833869344558,0.35019530594608966,gene,dKO,dKO,unfiltered,up,993,dKO
59,936.7088607594937,5.011283899871804,0.33186323916542687,gene,dKO,dKO,unfiltered,up,993,dKO
60,987.3417721518986,4.923563837552079,0.3248010872124861,gene,dKO,dKO,unfiltered,up,993,dKO
61,1037.9746835443038,4.798328490587799,0.33889666401297747,gene,dKO,dKO,unfiltered,up,993,dKO
62,1088.6075949367087,4.692621840516686,0.3585917471770617,gene,dKO,dKO,unfiltered,up,993,dKO
63,1139.240506329114,4.643496835160551,0.3793232160972978,gene,dKO,dKO,unfiltered,up,993,dKO
64,1189.8734177215188,4.689379565783818,0.40290150701394245,gene,dKO,dKO,unfiltered,up,993,dKO
65,1240.506329113924,4.70189087123349,0.41385499351918964,gene,dKO,dKO,unfiltered,up,993,dKO
66,1291.1392405063293,4.683473439557555,0.39814103056562966,gene,dKO,dKO,unfiltered,up,993,dKO
67,1341.7721518987341,4.659356079434501,0.3753894032897396,gene,dKO,dKO,unfiltered,up,993,dKO
68,1392.4050632911394,4.620270797057854,0.3472474776416505,gene,dKO,dKO,unfiltered,up,993,dKO
69,1443.0379746835442,4.486460403342021,0.32242088856340595,gene,dKO,dKO,unfiltered,up,993,dKO
70,1493.6708860759495,4.355885705730186,0.29909464929750296,gene,dKO,dKO,unfiltered,up,993,dKO
71,1544.3037974683543,4.265659743649482,0.28116860797402354,gene,dKO,dKO,unfiltered,up,993,dKO
72,1594.9367088607596,4.333804898096355,0.3066726965100014,gene,dKO,dKO,unfiltered,up,993,dKO
73,1645.5696202531644,4.549390382923589,0.3522712689337238,gene,dKO,dKO,unfiltered,up,993,dKO
74,1696.2025316455697,4.70001334602379,0.38582923799322655,gene,dKO,dKO,unfiltered,up,993,dKO
75,1746.8354430379745,4.734012132240006,0.4103808123702909,gene,dKO,dKO,unfiltered,up,993,dKO
76,1797.4683544303798,4.727376423698417,0.42271826809900037,gene,dKO,dKO,unfiltered,up,993,dKO
77,1848.1012658227846,4.7196069051940075,0.41412913639499543,gene,dKO,dKO,unfiltered,up,993,dKO
78,1898.73417721519,4.6736168987825435,0.41073759925958603,gene,dKO,dKO,unfiltered,up,993,dKO
79,1949.3670886075947,4.5141841106328355,0.36117655148461925,gene,dKO,dKO,unfiltered,up,993,dKO
80,2000,4.376578294127209,0.32131559375955876,gene,dKO,dKO,unfiltered,up,993,dKO
1,-2000,4.940303783151603,0.3825233031265054,gene,dKO,dKO,unfiltered,down,1128,dKO
2,-1949.367088607595,4.936641565420612,0.37090511366384477,gene,dKO,dKO,unfiltered,down,1128,dKO
3,-1898.73417721519,4.789028198585042,0.3545425144810751,gene,dKO,dKO,unfiltered,down,1128,dKO
4,-1848.1012658227849,4.616613619662502,0.3420908803259474,gene,dKO,dKO,unfiltered,down,1128,dKO
5,-1797.4683544303798,4.337326546625004,0.32579535953949534,gene,dKO,dKO,unfiltered,down,1128,dKO
6,-1746.8354430379748,4.21305654095461,0.3263061948754504,gene,dKO,dKO,unfiltered,down,1128,dKO
7,-1696.2025316455697,4.118867559980196,0.3210897132825761,gene,dKO,dKO,unfiltered,down,1128,dKO
8,-1645.5696202531644,4.054430779398845,0.31042782903650123,gene,dKO,dKO,unfiltered,down,1128,dKO
9,-1594.9367088607596,4.031569631206182,0.2976472097080282,gene,dKO,dKO,unfiltered,down,1128,dKO
10,-1544.3037974683543,4.031557788838299,0.2714871348138974,gene,dKO,dKO,unfiltered,down,1128,dKO
11,-1493.6708860759495,4.038073405082041,0.261652169283134,gene,dKO,dKO,unfiltered,down,1128,dKO
12,-1443.0379746835442,4.058135076101557,0.2584835903150582,gene,dKO,dKO,unfiltered,down,1128,dKO
13,-1392.4050632911392,4.285240511905509,0.2995000580728382,gene,dKO,dKO,unfiltered,down,1128,dKO
14,-1341.7721518987341,4.52084327679772,0.36091320640775687,gene,dKO,dKO,unfiltered,down,1128,dKO
15,-1291.139240506329,4.603442598925086,0.3901633154509861,gene,dKO,dKO,unfiltered,down,1128,dKO
16,-1240.506329113924,4.643424469215282,0.4169099532220867,gene,dKO,dKO,unfiltered,down,1128,dKO
17,-1189.873417721519,4.758292027523235,0.44740643709957867,gene,dKO,dKO,unfiltered,down,1128,dKO
18,-1139.240506329114,4.749203841697532,0.4321119391898199,gene,dKO,dKO,unfiltered,down,1128,dKO
19,-1088.607594936709,4.681346554711738,0.39376984674036947,gene,dKO,dKO,unfiltered,down,1128,dKO
20,-1037.9746835443038,4.601536933367368,0.3421087626073244,gene,dKO,dKO,unfiltered,down,1128,dKO
21,-987.3417721518988,4.530768840605604,0.3256554274629081,gene,dKO,dKO,unfiltered,down,1128,dKO
22,-936.7088607594937,4.50806683734196,0.32161431435990284,gene,dKO,dKO,unfiltered,down,1128,dKO
23,-886.0759493670887,4.4495682986203615,0.3062970884626974,gene,dKO,dKO,unfiltered,down,1128,dKO
24,-835.4430379746836,4.36397689854524,0.2863099701790484,gene,dKO,dKO,unfiltered,down,1128,dKO
25,-784.8101265822784,4.217988584691058,0.2676659627529314,gene,dKO,dKO,unfiltered,down,1128,dKO
26,-734.1772151898733,4.1232650549247465,0.251572369042118,gene,dKO,dKO,unfiltered,down,1128,dKO
27,-683.5443037974683,4.09692282326579,0.2429467174927183,gene,dKO,dKO,unfiltered,down,1128,dKO
28,-632.9113924050632,4.132359163531958,0.24435314235776137,gene,dKO,dKO,unfiltered,down,1128,dKO
29,-582.2784810126582,4.265493514752183,0.24978598112583078,gene,dKO,dKO,unfiltered,down,1128,dKO
30,-531.6455696202531,4.30224749745437,0.24943367984597523,gene,dKO,dKO,unfiltered,down,1128,dKO
31,-481.0126582278481,4.505037866484233,0.26741774672325924,gene,dKO,dKO,unfiltered,down,1128,dKO
32,-430.37974683544303,4.791303366980092,0.3026305062083951,gene,dKO,dKO,unfiltered,down,1128,dKO
33,-379.746835443038,5.076227816829523,0.36621476607156495,gene,dKO,dKO,unfiltered,down,1128,dKO
34,-329.11392405063293,5.48882335289947,0.454323624364288,gene,dKO,dKO,unfiltered,down,1128,dKO
35,-278.4810126582279,5.817417675766216,0.5286099322226897,gene,dKO,dKO,unfiltered,down,1128,dKO
36,-227.84810126582283,6.084849771279902,0.6003413977184112,gene,dKO,dKO,unfiltered,down,1128,dKO
37,-177.21518987341778,6.184001303459547,0.648861908105007,gene,dKO,dKO,unfiltered,down,1128,dKO
38,-126.58227848101274,6.1436025684142885,0.6318565686103339,gene,dKO,dKO,unfiltered,down,1128,dKO
39,-75.94936708860769,6.193516493535402,0.5962030503904997,gene,dKO,dKO,unfiltered,down,1128,dKO
40,-25.316455696202638,6.070676753092926,0.5488450012700776,gene,dKO,dKO,unfiltered,down,1128,dKO
41,25.31645569620241,5.941631650196945,0.5106388491212046,gene,dKO,dKO,unfiltered,down,1128,dKO
42,75.94936708860769,5.7516982177614775,0.47188647198973127,gene,dKO,dKO,unfiltered,down,1128,dKO
43,126.58227848101251,5.56975391519454,0.44050511277585985,gene,dKO,dKO,unfiltered,down,1128,dKO
44,177.21518987341778,5.333009272867037,0.3951121650392898,gene,dKO,dKO,unfiltered,down,1128,dKO
45,227.8481012658226,5.113294584112244,0.3537571215195181,gene,dKO,dKO,unfiltered,down,1128,dKO
46,278.4810126582279,4.9614210215506205,0.328443482161199,gene,dKO,dKO,unfiltered,down,1128,dKO
47,329.1139240506327,4.798969058065999,0.30986255138430424,gene,dKO,dKO,unfiltered,down,1128,dKO
48,379.746835443038,4.6647334753060195,0.2890410128597569,gene,dKO,dKO,unfiltered,down,1128,dKO
49,430.37974683544326,4.494763882995815,0.27391425953691445,gene,dKO,dKO,unfiltered,down,1128,dKO
50,481.0126582278481,4.376245451578548,0.26987237158641325,gene,dKO,dKO,unfiltered,down,1128,dKO
51,531.6455696202534,4.452999768281822,0.27954757556273063,gene,dKO,dKO,unfiltered,down,1128,dKO
52,582.2784810126582,4.499227434479601,0.2888009322967408,gene,dKO,dKO,unfiltered,down,1128,dKO
53,632.9113924050635,4.594465691324735,0.30407181593076754,gene,dKO,dKO,unfiltered,down,1128,dKO
54,683.5443037974683,4.647422540963524,0.31730606075480944,gene,dKO,dKO,unfiltered,down,1128,dKO
55,734.1772151898736,4.647448886274339,0.3386849984775324,gene,dKO,dKO,unfiltered,down,1128,dKO
56,784.8101265822784,4.631672060429009,0.3531539416108153,gene,dKO,dKO,unfiltered,down,1128,dKO
57,835.4430379746836,4.596821536989616,0.3401968420395922,gene,dKO,dKO,unfiltered,down,1128,dKO
58,886.0759493670885,4.512706876608508,0.3195486934849052,gene,dKO,dKO,unfiltered,down,1128,dKO
59,936.7088607594937,4.465461080988918,0.29892140209286594,gene,dKO,dKO,unfiltered,down,1128,dKO
60,987.3417721518986,4.418795358183397,0.29466998696551555,gene,dKO,dKO,unfiltered,down,1128,dKO
61,1037.9746835443038,4.3957128290494,0.30073827943015424,gene,dKO,dKO,unfiltered,down,1128,dKO
62,1088.6075949367087,4.343843412827331,0.30274523541632686,gene,dKO,dKO,unfiltered,down,1128,dKO
63,1139.240506329114,4.1959338819229615,0.2858532539530565,gene,dKO,dKO,unfiltered,down,1128,dKO
64,1189.8734177215188,4.101785256592559,0.26238298483657074,gene,dKO,dKO,unfiltered,down,1128,dKO
65,1240.506329113924,4.086274615666881,0.2483570567541898,gene,dKO,dKO,unfiltered,down,1128,dKO
66,1291.1392405063293,4.0227557899781985,0.2607622515754074,gene,dKO,dKO,unfiltered,down,1128,dKO
67,1341.7721518987341,4.044570530197811,0.29338781321928886,gene,dKO,dKO,unfiltered,down,1128,dKO
68,1392.4050632911394,4.063386152111472,0.3141710893640417,gene,dKO,dKO,unfiltered,down,1128,dKO
69,1443.0379746835442,4.106087978410848,0.3299832061134516,gene,dKO,dKO,unfiltered,down,1128,dKO
70,1493.6708860759495,4.113047395579669,0.3278278176806567,gene,dKO,dKO,unfiltered,down,1128,dKO
71,1544.3037974683543,4.079682427113383,0.31765484234086877,gene,dKO,dKO,unfiltered,down,1128,dKO
72,1594.9367088607596,4.027190063680921,0.2848611065840264,gene,dKO,dKO,unfiltered,down,1128,dKO
73,1645.5696202531644,4.040197543603575,0.2700804224000716,gene,dKO,dKO,unfiltered,down,1128,dKO
74,1696.2025316455697,4.036694782173024,0.26563720318701356,gene,dKO,dKO,unfiltered,down,1128,dKO
75,1746.8354430379745,3.9739045422819723,0.2595569904767694,gene,dKO,dKO,unfiltered,down,1128,dKO
76,1797.4683544303798,3.901609442700863,0.2718259573032134,gene,dKO,dKO,unfiltered,down,1128,dKO
77,1848.1012658227846,3.9596835893958464,0.30202604961602764,gene,dKO,dKO,unfiltered,down,1128,dKO
78,1898.73417721519,4.0248665777122925,0.3199393983225313,gene,dKO,dKO,unfiltered,down,1128,dKO
79,1949.3670886075947,4.042973325786348,0.30431270418574713,gene,dKO,dKO,unfiltered,down,1128,dKO
80,2000,4.0276425643448155,0.2793235790194473,gene,dKO,dKO,unfiltered,down,1128,dKO
