bin,position,mean,sem,genotype,region,group,n_regions
1,-2000,4.161240438084655,0.10136888847802034,WT,promoter,parallel,7385
2,-1949.367088607595,4.1741935788198505,0.09995010905734283,WT,promoter,parallel,7385
3,-1898.73417721519,4.1694330956031385,0.09790023960202796,WT,promoter,parallel,7385
4,-1848.1012658227849,4.17424663021494,0.0994240952245852,WT,promoter,parallel,7385
5,-1797.4683544303798,4.191958241210138,0.10281708236595996,WT,promoter,parallel,7385
6,-1746.8354430379748,4.207052932558574,0.10587024576165384,WT,promoter,parallel,7385
7,-1696.2025316455697,4.231102694270036,0.1072903228489024,WT,promoter,parallel,7385
8,-1645.5696202531644,4.248563933837713,0.10597111537300156,WT,promoter,parallel,7385
9,-1594.9367088607596,4.273375640042343,0.10478702734878126,WT,promoter,parallel,7385
10,-1544.3037974683543,4.275956300143597,0.10217682950963262,WT,promoter,parallel,7385
11,-1493.6708860759495,4.278258472131623,0.10325616647459374,WT,promoter,parallel,7385
12,-1443.0379746835442,4.282479962616035,0.10473903013202247,WT,promoter,parallel,7385
13,-1392.4050632911392,4.311491585898093,0.10668045315392884,WT,promoter,parallel,7385
14,-1341.772151898734,4.352375390961917,0.1130477452793223,WT,promoter,parallel,7385
15,-1291.139240506329,4.407294268540512,0.1196809428561702,WT,promoter,parallel,7385
16,-1240.506329113924,4.449612564173328,0.12278658179120396,WT,promoter,parallel,7385
17,-1189.873417721519,4.467016130389922,0.12397059227139344,WT,promoter,parallel,7385
18,-1139.240506329114,4.461944949259636,0.1221551549710823,WT,promoter,parallel,7385
19,-1088.607594936709,4.501287308922473,0.12324761146198177,WT,promoter,parallel,7385
20,-1037.9746835443038,4.545992410673242,0.12330967371502057,WT,promoter,parallel,7385
21,-987.3417721518988,4.581951009464221,0.12361834608606728,WT,promoter,parallel,7385
22,-936.7088607594936,4.576971706458285,0.12136078802263324,WT,promoter,parallel,7385
23,-886.0759493670887,4.5459893686200505,0.11717107302766626,WT,promoter,parallel,7385
24,-835.4430379746836,4.5162190006484675,0.1116096631405777,WT,promoter,parallel,7385
25,-784.8101265822784,4.53384519931668,0.10909844664908744,WT,promoter,parallel,7385
26,-734.1772151898733,4.588017382821174,0.11083306452525311,WT,promoter,parallel,7385
27,-683.5443037974683,4.653963296708606,0.11225273276923564,WT,promoter,parallel,7385
28,-632.9113924050632,4.73379298199458,0.11197284373401836,WT,promoter,parallel,7385
29,-582.2784810126582,4.813148715368218,0.11336953855246606,WT,promoter,parallel,7385
30,-531.6455696202531,4.918568152783014,0.11832623046065456,WT,promoter,parallel,7385
31,-481.0126582278481,5.014287464916881,0.12433221549396002,WT,promoter,parallel,7385
32,-430.37974683544303,5.158987501402252,0.1341647132022307,WT,promoter,parallel,7385
33,-379.746835443038,5.314490367993898,0.1412986789794235,WT,promoter,parallel,7385
34,-329.11392405063293,5.517612342111953,0.15010423391292857,WT,promoter,parallel,7385
35,-278.4810126582279,5.76045626150569,0.16240910039764825,WT,promoter,parallel,7385
36,-227.84810126582283,6.023428069901881,0.1766499459896198,WT,promoter,parallel,7385
37,-177.21518987341778,6.284598627692876,0.1930986717287633,WT,promoter,parallel,7385
38,-126.58227848101274,6.5531398673123205,0.20686430895352437,WT,promoter,parallel,7385
39,-75.94936708860769,6.743056824689308,0.2118792686744835,WT,promoter,parallel,7385
40,-25.31645569620264,6.742125459847938,0.2066194169817324,WT,promoter,parallel,7385
41,25.31645569620241,6.6339113274559,0.19441916032631465,WT,promoter,parallel,7385
42,75.94936708860769,6.4560506898097225,0.17981658883519944,WT,promoter,parallel,7385
43,126.58227848101252,6.2751524453822825,0.16653487403356554,WT,promoter,parallel,7385
44,177.21518987341778,6.125486764521288,0.1588410490813121,WT,promoter,parallel,7385
45,227.8481012658226,5.929546011496871,0.15110699887892157,WT,promoter,parallel,7385
46,278.4810126582279,5.699867599810039,0.14271353200629694,WT,promoter,parallel,7385
47,329.1139240506327,5.52473732515351,0.13735451117961534,WT,promoter,parallel,7385
48,379.746835443038,5.351602920927385,0.13166071484833144,WT,promoter,parallel,7385
49,430.37974683544326,5.188965945293768,0.12417533024447258,WT,promoter,parallel,7385
50,481.0126582278481,5.025964867715507,0.11845732332740842,WT,promoter,parallel,7385
51,531.6455696202534,4.919580480303622,0.11716332760356037,WT,promoter,parallel,7385
52,582.2784810126582,4.863107034183361,0.11743063858559338,WT,promoter,parallel,7385
53,632.9113924050635,4.801515812526571,0.11798646812425458,WT,promoter,parallel,7385
54,683.5443037974683,4.7227325779281655,0.11658834444528252,WT,promoter,parallel,7385
55,734.1772151898736,4.674281845177035,0.1142389207206695,WT,promoter,parallel,7385
56,784.8101265822784,4.642673482735629,0.11139028048315136,WT,promoter,parallel,7385
57,835.4430379746836,4.603004757634836,0.111463234270256,WT,promoter,parallel,7385
58,886.0759493670885,4.549134378303445,0.11416601288053742,WT,promoter,parallel,7385
59,936.7088607594936,4.527894023482026,0.11762671915722696,WT,promoter,parallel,7385
60,987.3417721518986,4.5119065183553655,0.11877020986365706,WT,promoter,parallel,7385
61,1037.9746835443038,4.503595084958947,0.1216967551343154,WT,promoter,parallel,7385
62,1088.607594936709,4.452056176733147,0.12114556353509116,WT,promoter,parallel,7385
63,1139.240506329114,4.4074411717029385,0.12107184752518556,WT,promoter,parallel,7385
64,1189.8734177215188,4.400501270421819,0.1217314798485602,WT,promoter,parallel,7385
65,1240.506329113924,4.388917490868987,0.12114635056387628,WT,promoter,parallel,7385
66,1291.139240506329,4.354980128123943,0.11708382042657274,WT,promoter,parallel,7385
67,1341.772151898734,4.313986772226228,0.11264035324953248,WT,promoter,parallel,7385
68,1392.4050632911394,4.310278682844226,0.10810414154348572,WT,promoter,parallel,7385
69,1443.0379746835442,4.297086911772799,0.10654810063304138,WT,promoter,parallel,7385
70,1493.6708860759495,4.259506868181635,0.10689603364433128,WT,promoter,parallel,7385
71,1544.3037974683543,4.253081402455568,0.10883648696207388,WT,promoter,parallel,7385
72,1594.9367088607596,4.220783847902677,0.10911821177403208,WT,promoter,parallel,7385
73,1645.5696202531644,4.178201404490284,0.10743136117021186,WT,promoter,parallel,7385
74,1696.2025316455697,4.154751444140021,0.10403108188988382,WT,promoter,parallel,7385
75,1746.8354430379743,4.147528223877754,0.09984736255226412,WT,promoter,parallel,7385
76,1797.4683544303798,4.13596706844759,0.09845181629349328,WT,promoter,parallel,7385
77,1848.1012658227849,4.150730838181068,0.1002117539211946,WT,promoter,parallel,7385
78,1898.73417721519,4.184160117913304,0.10638934460664018,WT,promoter,parallel,7385
79,1949.3670886075947,4.241122549315711,0.1126714999519114,WT,promoter,parallel,7385
80,2000,4.232624952259894,0.1147864251261508,WT,promoter,parallel,7385
1,-2000,5.031558035155434,0.5720551546041517,WT,promoter,antiparallel,670
2,-1949.367088607595,4.974091027767504,0.5670388696308514,WT,promoter,antiparallel,670
3,-1898.73417721519,4.886551304935816,0.5192731578626748,WT,promoter,antiparallel,670
4,-1848.1012658227849,4.713694439565365,0.4364913528414841,WT,promoter,antiparallel,670
5,-1797.4683544303798,4.4935609320906265,0.368631589541925,WT,promoter,antiparallel,670
6,-1746.8354430379748,4.353451990033856,0.3182775216132484,WT,promoter,antiparallel,670
7,-1696.2025316455697,4.246937643930093,0.2989596599215114,WT,promoter,antiparallel,670
8,-1645.5696202531644,4.1933318128917945,0.29541440990180057,WT,promoter,antiparallel,670
9,-1594.9367088607596,4.160057950644944,0.29900355173742704,WT,promoter,antiparallel,670
10,-1544.3037974683543,4.040853283871465,0.28985810298994086,WT,promoter,antiparallel,670
11,-1493.6708860759495,3.962025897101976,0.2693429004370363,WT,promoter,antiparallel,670
12,-1443.0379746835442,3.8438765232456262,0.2360539652112681,WT,promoter,antiparallel,670
13,-1392.4050632911392,3.722322552888547,0.21343745839460565,WT,promoter,antiparallel,670
14,-1341.772151898734,3.672495575202638,0.21501823719401697,WT,promoter,antiparallel,670
15,-1291.139240506329,3.680105074959608,0.2260053928915371,WT,promoter,antiparallel,670
16,-1240.506329113924,3.675511709871577,0.23758444012374488,WT,promoter,antiparallel,670
17,-1189.873417721519,3.756782284755612,0.25077037341933706,WT,promoter,antiparallel,670
18,-1139.240506329114,3.7454600073828623,0.25121654630743107,WT,promoter,antiparallel,670
19,-1088.607594936709,3.703693027269781,0.24185571090654223,WT,promoter,antiparallel,670
20,-1037.9746835443038,3.711612441223059,0.23561288966989585,WT,promoter,antiparallel,670
21,-987.3417721518988,3.737153698592637,0.2357075439924764,WT,promoter,antiparallel,670
22,-936.7088607594936,3.757968189710408,0.23590110341879275,WT,promoter,antiparallel,670
23,-886.0759493670887,3.816436994271492,0.23715263851807492,WT,promoter,antiparallel,670
24,-835.4430379746836,3.8409883229376662,0.23846754243603263,WT,promoter,antiparallel,670
25,-784.8101265822784,3.787701854092565,0.2273558768679881,WT,promoter,antiparallel,670
26,-734.1772151898733,3.788423186789698,0.22272612583920487,WT,promoter,antiparallel,670
27,-683.5443037974683,3.687850997255809,0.21650669118546317,WT,promoter,antiparallel,670
28,-632.9113924050632,3.684499596646769,0.2221000374708024,WT,promoter,antiparallel,670
29,-582.2784810126582,3.6111685702444904,0.22082728629298556,WT,promoter,antiparallel,670
30,-531.6455696202531,3.624026529232661,0.2349650443104168,WT,promoter,antiparallel,670
31,-481.0126582278481,3.6410694802780057,0.23824617609002433,WT,promoter,antiparallel,670
32,-430.37974683544303,3.678885858922456,0.2497978614061164,WT,promoter,antiparallel,670
33,-379.746835443038,3.703328688840961,0.2823768685239874,WT,promoter,antiparallel,670
34,-329.11392405063293,3.8103411548861224,0.3275973443242275,WT,promoter,antiparallel,670
35,-278.4810126582279,4.081705427517345,0.3839058500952019,WT,promoter,antiparallel,670
36,-227.84810126582283,4.337319957841095,0.4324228291817424,WT,promoter,antiparallel,670
37,-177.21518987341778,4.661209476893221,0.46165895503571386,WT,promoter,antiparallel,670
38,-126.58227848101274,4.912981616813745,0.4897926696022132,WT,promoter,antiparallel,670
39,-75.94936708860769,5.12866689643931,0.5178392800428381,WT,promoter,antiparallel,670
40,-25.31645569620264,5.301008855812586,0.5373373666013607,WT,promoter,antiparallel,670
41,25.31645569620241,5.329765642596715,0.5353615349944131,WT,promoter,antiparallel,670
42,75.94936708860769,5.3340393048673125,0.5393319454043197,WT,promoter,antiparallel,670
43,126.58227848101252,5.186545929548159,0.5128618357926236,WT,promoter,antiparallel,670
44,177.21518987341778,4.9949809409480785,0.46470196159805,WT,promoter,antiparallel,670
45,227.8481012658226,4.755126860756186,0.39427294392515266,WT,promoter,antiparallel,670
46,278.4810126582279,4.4713970096241775,0.33326977536374836,WT,promoter,antiparallel,670
47,329.1139240506327,4.30083313081988,0.3081836858336707,WT,promoter,antiparallel,670
48,379.746835443038,4.30470885288656,0.3000573815008033,WT,promoter,antiparallel,670
49,430.37974683544326,4.346722664595837,0.3067517126993457,WT,promoter,antiparallel,670
50,481.0126582278481,4.3086125128031965,0.30371890279229863,WT,promoter,antiparallel,670
51,531.6455696202534,4.211970588120655,0.2895098510480537,WT,promoter,antiparallel,670
52,582.2784810126582,4.16283240049514,0.2880125192712234,WT,promoter,antiparallel,670
53,632.9113924050635,4.087688594540554,0.28773323259285954,WT,promoter,antiparallel,670
54,683.5443037974683,3.9535686880391623,0.2772043064952292,WT,promoter,antiparallel,670
55,734.1772151898736,3.91070915614669,0.27091197528583116,WT,promoter,antiparallel,670
56,784.8101265822784,3.9954168313071503,0.2903447972530084,WT,promoter,antiparallel,670
57,835.4430379746836,4.112449596076463,0.31644713260042945,WT,promoter,antiparallel,670
58,886.0759493670885,4.212083114437796,0.35017885676276955,WT,promoter,antiparallel,670
59,936.7088607594936,4.288657476284017,0.3527607614973123,WT,promoter,antiparallel,670
60,987.3417721518986,4.320917646040371,0.343589701988993,WT,promoter,antiparallel,670
61,1037.9746835443038,4.274664128958289,0.3131564624055179,WT,promoter,antiparallel,670
62,1088.607594936709,4.273102654033632,0.2986365175200599,WT,promoter,antiparallel,670
63,1139.240506329114,4.234874459134999,0.28264546931587786,WT,promoter,antiparallel,670
64,1189.8734177215188,4.246305519703016,0.26761522843667135,WT,promoter,antiparallel,670
65,1240.506329113924,4.250122324493987,0.2590891451480108,WT,promoter,antiparallel,670
66,1291.139240506329,4.323821249123236,0.26432458547082116,WT,promoter,antiparallel,670
67,1341.772151898734,4.402467713819807,0.2749791742098516,WT,promoter,antiparallel,670
68,1392.4050632911394,4.3288609409735574,0.28716953004388535,WT,promoter,antiparallel,670
69,1443.0379746835442,4.319833318557312,0.3165048498309208,WT,promoter,antiparallel,670
70,1493.6708860759495,4.351988989484844,0.3481724296238999,WT,promoter,antiparallel,670
71,1544.3037974683543,4.431036275431884,0.4104618792597894,WT,promoter,antiparallel,670
72,1594.9367088607596,4.506037417704786,0.47323551927113094,WT,promoter,antiparallel,670
73,1645.5696202531644,4.464421333114899,0.4888219028311394,WT,promoter,antiparallel,670
74,1696.2025316455697,4.358227668834563,0.46299678264722377,WT,promoter,antiparallel,670
75,1746.8354430379743,4.295260639634298,0.4359971179424245,WT,promoter,antiparallel,670
76,1797.4683544303798,4.3167455066839855,0.4604965940404718,WT,promoter,antiparallel,670
77,1848.1012658227849,4.2487631239120045,0.4497233889737237,WT,promoter,antiparallel,670
78,1898.73417721519,4.166768642991337,0.4149420258097446,WT,promoter,antiparallel,670
79,1949.3670886075947,4.045493872805022,0.36546221025705783,WT,promoter,antiparallel,670
80,2000,3.985782887276133,0.35422745281742735,WT,promoter,antiparallel,670
1,-2000,4.410949514743345,0.33410168738693463,WT,promoter,hybrid,1113
2,-1949.367088607595,4.451887972292767,0.34843778724646324,WT,promoter,hybrid,1113
3,-1898.73417721519,4.552114446126762,0.35853031109288835,WT,promoter,hybrid,1113
4,-1848.1012658227849,4.640044653482086,0.3656036553917424,WT,promoter,hybrid,1113
5,-1797.4683544303798,4.611516254273101,0.35233474787346114,WT,promoter,hybrid,1113
6,-1746.8354430379748,4.562624302933623,0.3356564382088713,WT,promoter,hybrid,1113
7,-1696.2025316455697,4.511411098503502,0.31881024958600385,WT,promoter,hybrid,1113
8,-1645.5696202531644,4.432676016812412,0.2986708540119347,WT,promoter,hybrid,1113
9,-1594.9367088607596,4.309914864466268,0.2795905966108519,WT,promoter,hybrid,1113
10,-1544.3037974683543,4.195580252325081,0.2531750145020624,WT,promoter,hybrid,1113
11,-1493.6708860759495,4.0552636670559314,0.22797582448588616,WT,promoter,hybrid,1113
12,-1443.0379746835442,3.930878447375993,0.211455304353161,WT,promoter,hybrid,1113
13,-1392.4050632911392,3.865060610745474,0.2088194274033593,WT,promoter,hybrid,1113
14,-1341.772151898734,3.831754767144287,0.21168075193593425,WT,promoter,hybrid,1113
15,-1291.139240506329,3.780319924852241,0.21459675338992593,WT,promoter,hybrid,1113
16,-1240.506329113924,3.739577706938342,0.21394346521464813,WT,promoter,hybrid,1113
17,-1189.873417721519,3.6858529363324024,0.20070738662182244,WT,promoter,hybrid,1113
18,-1139.240506329114,3.6624445992931345,0.19620897666542875,WT,promoter,hybrid,1113
19,-1088.607594936709,3.669483985288945,0.18919869962934008,WT,promoter,hybrid,1113
20,-1037.9746835443038,3.670868689760401,0.1770767985052231,WT,promoter,hybrid,1113
21,-987.3417721518988,3.705203951077034,0.18489692610047437,WT,promoter,hybrid,1113
22,-936.7088607594936,3.793531184262878,0.19263377538530063,WT,promoter,hybrid,1113
23,-886.0759493670887,3.856868863529201,0.19565935744378393,WT,promoter,hybrid,1113
24,-835.4430379746836,3.948837725817711,0.1995470395212291,WT,promoter,hybrid,1113
25,-784.8101265822784,4.093520872944235,0.2097073842858903,WT,promoter,hybrid,1113
26,-734.1772151898733,4.2831671193010905,0.22769968053800824,WT,promoter,hybrid,1113
27,-683.5443037974683,4.446489951715529,0.2443493482740992,WT,promoter,hybrid,1113
28,-632.9113924050632,4.635026669091684,0.26719706582268316,WT,promoter,hybrid,1113
29,-582.2784810126582,4.8060971532406365,0.2880595669444968,WT,promoter,hybrid,1113
30,-531.6455696202531,5.062407235575137,0.31566817865116403,WT,promoter,hybrid,1113
31,-481.0126582278481,5.349926559634464,0.3635201676214048,WT,promoter,hybrid,1113
32,-430.37974683544303,5.637708394838757,0.4270526383518756,WT,promoter,hybrid,1113
33,-379.746835443038,5.972611442014249,0.4957984198959368,WT,promoter,hybrid,1113
34,-329.11392405063293,6.376859955485619,0.5544687162345797,WT,promoter,hybrid,1113
35,-278.4810126582279,6.832214541882232,0.6237389245785742,WT,promoter,hybrid,1113
36,-227.84810126582283,7.163272071627308,0.663173908877464,WT,promoter,hybrid,1113
37,-177.21518987341778,7.406214005767175,0.6727526869252592,WT,promoter,hybrid,1113
38,-126.58227848101274,7.585492846326009,0.6506456319362203,WT,promoter,hybrid,1113
39,-75.94936708860769,7.734670257541226,0.623552949447581,WT,promoter,hybrid,1113
40,-25.31645569620264,7.800047719518593,0.5959601961543501,WT,promoter,hybrid,1113
41,25.31645569620241,7.712944396084817,0.565154157676328,WT,promoter,hybrid,1113
42,75.94936708860769,7.461938252965288,0.5367048171721894,WT,promoter,hybrid,1113
43,126.58227848101252,7.239787902208673,0.5137724606350201,WT,promoter,hybrid,1113
44,177.21518987341778,6.904584358351142,0.47536652230612014,WT,promoter,hybrid,1113
45,227.8481012658226,6.5643264022856,0.43449448697596155,WT,promoter,hybrid,1113
46,278.4810126582279,6.162619746646755,0.3933529470613733,WT,promoter,hybrid,1113
47,329.1139240506327,5.868479597861983,0.3708967408420061,WT,promoter,hybrid,1113
48,379.746835443038,5.644474374094778,0.34901661349413543,WT,promoter,hybrid,1113
49,430.37974683544326,5.554331626117355,0.33673011289159965,WT,promoter,hybrid,1113
50,481.0126582278481,5.488421119526854,0.3412374652677499,WT,promoter,hybrid,1113
51,531.6455696202534,5.432112541435792,0.3613698477421752,WT,promoter,hybrid,1113
52,582.2784810126582,5.401724816254064,0.3800037828932381,WT,promoter,hybrid,1113
53,632.9113924050635,5.3554958772730705,0.4091265130281875,WT,promoter,hybrid,1113
54,683.5443037974683,5.344381616336923,0.4514495897452672,WT,promoter,hybrid,1113
55,734.1772151898736,5.271502852144267,0.49080006275936233,WT,promoter,hybrid,1113
56,784.8101265822784,5.208708026634072,0.5155404051385428,WT,promoter,hybrid,1113
57,835.4430379746836,5.157641357128832,0.5134945033137427,WT,promoter,hybrid,1113
58,886.0759493670885,5.133185472552667,0.4947449072605962,WT,promoter,hybrid,1113
59,936.7088607594936,5.130360576311747,0.4638998154670416,WT,promoter,hybrid,1113
60,987.3417721518986,5.130215915253363,0.4235116758980982,WT,promoter,hybrid,1113
61,1037.9746835443038,5.185534262657166,0.42324157958966274,WT,promoter,hybrid,1113
62,1088.607594936709,5.158476633360086,0.4226746311916363,WT,promoter,hybrid,1113
63,1139.240506329114,5.110260406509421,0.4187802801404512,WT,promoter,hybrid,1113
64,1189.8734177215188,5.1825185061350805,0.451039303130592,WT,promoter,hybrid,1113
65,1240.506329113924,5.3359450031897735,0.467099705546001,WT,promoter,hybrid,1113
66,1291.139240506329,5.388671475696364,0.4628091949856027,WT,promoter,hybrid,1113
67,1341.772151898734,5.432197404628958,0.45066656635405,WT,promoter,hybrid,1113
68,1392.4050632911394,5.313188566836671,0.4205179558938866,WT,promoter,hybrid,1113
69,1443.0379746835442,5.235366522915244,0.3975985544277767,WT,promoter,hybrid,1113
70,1493.6708860759495,5.1996518984823465,0.39117297472305174,WT,promoter,hybrid,1113
71,1544.3037974683543,5.150639493920982,0.3828403183729394,WT,promoter,hybrid,1113
72,1594.9367088607596,5.039244741718724,0.3723212331510789,WT,promoter,hybrid,1113
73,1645.5696202531644,4.8741160669231105,0.3447719517658628,WT,promoter,hybrid,1113
74,1696.2025316455697,4.880327019258758,0.3292628280424543,WT,promoter,hybrid,1113
75,1746.8354430379743,4.8030570770245395,0.31859226904806753,WT,promoter,hybrid,1113
76,1797.4683544303798,4.800192091601378,0.3331523671767437,WT,promoter,hybrid,1113
77,1848.1012658227849,4.817693454832258,0.3480708765124987,WT,promoter,hybrid,1113
78,1898.73417721519,4.825386479837732,0.35718492663101875,WT,promoter,hybrid,1113
79,1949.3670886075947,4.812645853109151,0.36563372743714434,WT,promoter,hybrid,1113
80,2000,4.761550340506087,0.3591544967020363,WT,promoter,hybrid,1113
1,-2000,1.0883618584382424,0.01037332339754232,WT,promoter,none,14910
2,-1949.367088607595,1.079287881411121,0.01019532601388214,WT,promoter,none,14910
3,-1898.73417721519,1.0677776106293602,0.00997740699270898,WT,promoter,none,14910
4,-1848.1012658227849,1.0657250791707935,0.00997330357739665,WT,promoter,none,14910
5,-1797.4683544303798,1.059970908959013,0.01003121416451571,WT,promoter,none,14910
6,-1746.8354430379748,1.0573308109793205,0.01007515128005734,WT,promoter,none,14910
7,-1696.2025316455697,1.0500019036473691,0.01002247086405938,WT,promoter,none,14910
8,-1645.5696202531644,1.046121184277137,0.00994387751579153,WT,promoter,none,14910
9,-1594.9367088607596,1.0465811398484717,0.00988038479214003,WT,promoter,none,14910
10,-1544.3037974683543,1.0506429854556594,0.00995785673589462,WT,promoter,none,14910
11,-1493.6708860759495,1.0592120992206575,0.01005133970797887,WT,promoter,none,14910
12,-1443.0379746835442,1.0645575228674349,0.01009418611938126,WT,promoter,none,14910
13,-1392.4050632911392,1.0601981404363623,0.01008963288680246,WT,promoter,none,14910
14,-1341.772151898734,1.0562914491833038,0.01005154448800088,WT,promoter,none,14910
15,-1291.139240506329,1.0441269216423827,0.00992187655133202,WT,promoter,none,14910
16,-1240.506329113924,1.0383041975397624,0.00987926942279239,WT,promoter,none,14910
17,-1189.873417721519,1.0381419918267962,0.0098606082257966,WT,promoter,none,14910
18,-1139.240506329114,1.0429281112965527,0.00990759325457807,WT,promoter,none,14910
19,-1088.607594936709,1.0509544813816774,0.00998674637799827,WT,promoter,none,14910
20,-1037.9746835443038,1.0554708775752637,0.01000890127641328,WT,promoter,none,14910
21,-987.3417721518988,1.0633456677514408,0.01010678894511878,WT,promoter,none,14910
22,-936.7088607594936,1.063933978188474,0.01009703518978647,WT,promoter,none,14910
23,-886.0759493670887,1.0655512896742452,0.01016640843633771,WT,promoter,none,14910
24,-835.4430379746836,1.060238484235689,0.01017344682734286,WT,promoter,none,14910
25,-784.8101265822784,1.0502673561026936,0.01012533845517432,WT,promoter,none,14910
26,-734.1772151898733,1.047619361241872,0.01007053260238616,WT,promoter,none,14910
27,-683.5443037974683,1.045772861918974,0.0099694183999211,WT,promoter,none,14910
28,-632.9113924050632,1.0470152911196036,0.009951270170603,WT,promoter,none,14910
29,-582.2784810126582,1.04930463604155,0.00999246679860172,WT,promoter,none,14910
30,-531.6455696202531,1.0521510548155166,0.01000797488979185,WT,promoter,none,14910
31,-481.0126582278481,1.051276789348718,0.00994705788470542,WT,promoter,none,14910
32,-430.37974683544303,1.0473142581174368,0.0098834403618965,WT,promoter,none,14910
33,-379.746835443038,1.0411564476006354,0.0098343927447069,WT,promoter,none,14910
34,-329.11392405063293,1.0364577179817835,0.00978175538814228,WT,promoter,none,14910
35,-278.4810126582279,1.0393266713927891,0.00981528135309724,WT,promoter,none,14910
36,-227.84810126582283,1.0440664664168506,0.00984827768186318,WT,promoter,none,14910
37,-177.21518987341778,1.0485160437793395,0.00988082866456271,WT,promoter,none,14910
38,-126.58227848101274,1.0539464129409737,0.00994122746792311,WT,promoter,none,14910
39,-75.94936708860769,1.056346322231596,0.01002110001223244,WT,promoter,none,14910
40,-25.31645569620264,1.0655534938577709,0.01013104042040605,WT,promoter,none,14910
41,25.31645569620241,1.0648242908430083,0.01008954646209656,WT,promoter,none,14910
42,75.94936708860769,1.0640246698586642,0.0100710698671601,WT,promoter,none,14910
43,126.58227848101252,1.0544922821275524,0.00997147447939092,WT,promoter,none,14910
44,177.21518987341778,1.0546176340896116,0.01001395080432457,WT,promoter,none,14910
45,227.8481012658226,1.0563143546213385,0.01000170870123872,WT,promoter,none,14910
46,278.4810126582279,1.057406798863739,0.01001621342063958,WT,promoter,none,14910
47,329.1139240506327,1.0514347885685025,0.00998389530133824,WT,promoter,none,14910
48,379.746835443038,1.0430124670645262,0.00992595736932668,WT,promoter,none,14910
49,430.37974683544326,1.0369130460588247,0.00993056519427203,WT,promoter,none,14910
50,481.0126582278481,1.0258556979094977,0.00983048531986436,WT,promoter,none,14910
51,531.6455696202534,1.0290684452813998,0.00981908811583884,WT,promoter,none,14910
52,582.2784810126582,1.0321994008033004,0.00987136222402591,WT,promoter,none,14910
53,632.9113924050635,1.039512455122522,0.00997379126369044,WT,promoter,none,14910
54,683.5443037974683,1.040672534403364,0.01002288252969658,WT,promoter,none,14910
55,734.1772151898736,1.0403135236511964,0.00997147607065465,WT,promoter,none,14910
56,784.8101265822784,1.0368547191244784,0.00989577801681971,WT,promoter,none,14910
57,835.4430379746836,1.042912999852573,0.00996640486989649,WT,promoter,none,14910
58,886.0759493670885,1.0442263018152544,0.01004714979655436,WT,promoter,none,14910
59,936.7088607594936,1.0463995175666827,0.0100354415890972,WT,promoter,none,14910
60,987.3417721518986,1.0436852559523653,0.00993147960384369,WT,promoter,none,14910
61,1037.9746835443038,1.0426863797845036,0.00986622052957339,WT,promoter,none,14910
62,1088.607594936709,1.0445195672367729,0.00989715971267343,WT,promoter,none,14910
63,1139.240506329114,1.045214312449096,0.00990959262094007,WT,promoter,none,14910
64,1189.8734177215188,1.044349077205203,0.00995163828506997,WT,promoter,none,14910
65,1240.506329113924,1.0488674453900433,0.00997329479474642,WT,promoter,none,14910
66,1291.139240506329,1.0524643802006293,0.00994902444097351,WT,promoter,none,14910
67,1341.772151898734,1.055083634728885,0.01002970023851823,WT,promoter,none,14910
68,1392.4050632911394,1.055450751081174,0.01003248476275659,WT,promoter,none,14910
69,1443.0379746835442,1.055948648587588,0.01003964818361819,WT,promoter,none,14910
70,1493.6708860759495,1.0527250677152302,0.01003361495101056,WT,promoter,none,14910
71,1544.3037974683543,1.0542407591134573,0.01002715086756625,WT,promoter,none,14910
72,1594.9367088607596,1.05862952947003,0.01008569674906042,WT,promoter,none,14910
73,1645.5696202531644,1.0610689816032064,0.0101518282684786,WT,promoter,none,14910
74,1696.2025316455697,1.0600465245792712,0.01014681811543594,WT,promoter,none,14910
75,1746.8354430379743,1.055423543004871,0.01006230148974135,WT,promoter,none,14910
76,1797.4683544303798,1.0570571969500109,0.00999712375334628,WT,promoter,none,14910
77,1848.1012658227849,1.061336466886566,0.0099768507642177,WT,promoter,none,14910
78,1898.73417721519,1.0687565551631146,0.01002743574397431,WT,promoter,none,14910
79,1949.3670886075947,1.0709967902292803,0.01012743562496677,WT,promoter,none,14910
80,2000,1.0753732464733148,0.01025527986676079,WT,promoter,none,14910
1,-2000,3.5295262847954505,0.09585589872319045,WT,intron1,parallel,7766
2,-1949.367088607595,3.5533162048485405,0.0973526820302952,WT,intron1,parallel,7766
3,-1898.73417721519,3.554404546412616,0.09862319339503946,WT,intron1,parallel,7766
4,-1848.1012658227849,3.527396724259703,0.09621730887830222,WT,intron1,parallel,7766
5,-1797.4683544303798,3.5182003124053516,0.09224234710719433,WT,intron1,parallel,7766
6,-1746.8354430379748,3.5099361888347587,0.08830457894225799,WT,intron1,parallel,7766
7,-1696.2025316455697,3.5058311465341387,0.0873222727831863,WT,intron1,parallel,7766
8,-1645.5696202531644,3.5380809106825963,0.09042198877441585,WT,intron1,parallel,7766
9,-1594.9367088607596,3.617967510054844,0.09632340803906232,WT,intron1,parallel,7766
10,-1544.3037974683543,3.6998010139016495,0.10404024467711652,WT,intron1,parallel,7766
11,-1493.6708860759495,3.735506930612005,0.10924998209383582,WT,intron1,parallel,7766
12,-1443.0379746835442,3.7823980490817912,0.11315323586648268,WT,intron1,parallel,7766
13,-1392.4050632911392,3.810947173592338,0.11418173077170173,WT,intron1,parallel,7766
14,-1341.772151898734,3.854509794911926,0.11484482025629922,WT,intron1,parallel,7766
15,-1291.139240506329,3.8676171744853214,0.1107850154204997,WT,intron1,parallel,7766
16,-1240.506329113924,3.865997685505522,0.10630184402916186,WT,intron1,parallel,7766
17,-1189.873417721519,3.88953843473856,0.1021559854660206,WT,intron1,parallel,7766
18,-1139.240506329114,3.915804235770453,0.1012069821918896,WT,intron1,parallel,7766
19,-1088.607594936709,3.953671645304708,0.10384531340946618,WT,intron1,parallel,7766
20,-1037.9746835443038,4.001907140597406,0.10600872363755122,WT,intron1,parallel,7766
21,-987.3417721518988,4.053334178776687,0.10779803037673924,WT,intron1,parallel,7766
22,-936.7088607594936,4.083618494396466,0.10784547643005006,WT,intron1,parallel,7766
23,-886.0759493670887,4.0976770924137265,0.10954247829094498,WT,intron1,parallel,7766
24,-835.4430379746836,4.124429419349729,0.11081694636841004,WT,intron1,parallel,7766
25,-784.8101265822784,4.166180985201499,0.1125915465608246,WT,intron1,parallel,7766
26,-734.1772151898733,4.1996946994711255,0.1124969224322198,WT,intron1,parallel,7766
27,-683.5443037974683,4.229166431873282,0.11214678130010608,WT,intron1,parallel,7766
28,-632.9113924050632,4.259577346953601,0.11150481070330862,WT,intron1,parallel,7766
29,-582.2784810126582,4.281351315041798,0.10964163997439456,WT,intron1,parallel,7766
30,-531.6455696202531,4.280757602512892,0.10716255811927536,WT,intron1,parallel,7766
31,-481.0126582278481,4.291873746948167,0.10805000041772478,WT,intron1,parallel,7766
32,-430.37974683544303,4.355171816386177,0.10982366101119556,WT,intron1,parallel,7766
33,-379.746835443038,4.390174866067318,0.1113999102937444,WT,intron1,parallel,7766
34,-329.11392405063293,4.389708815559071,0.11371172422796338,WT,intron1,parallel,7766
35,-278.4810126582279,4.38691890461116,0.1152375686257813,WT,intron1,parallel,7766
36,-227.84810126582283,4.370170867255813,0.11551034695862192,WT,intron1,parallel,7766
37,-177.21518987341778,4.353545493387809,0.11385364373080648,WT,intron1,parallel,7766
38,-126.58227848101274,4.321396464809183,0.11242762255575264,WT,intron1,parallel,7766
39,-75.94936708860769,4.278652267609556,0.11113073553967784,WT,intron1,parallel,7766
40,-25.31645569620264,4.2429373708915605,0.11057779664441268,WT,intron1,parallel,7766
41,25.31645569620241,4.213348734661974,0.10961610078241524,WT,intron1,parallel,7766
42,75.94936708860769,4.182896529980428,0.10874154119173916,WT,intron1,parallel,7766
43,126.58227848101252,4.169156789686744,0.10671804020172374,WT,intron1,parallel,7766
44,177.21518987341778,4.177220493202936,0.10610810360888308,WT,intron1,parallel,7766
45,227.8481012658226,4.186610215019183,0.10881448998385385,WT,intron1,parallel,7766
46,278.4810126582279,4.176065982272363,0.11368347697881982,WT,intron1,parallel,7766
47,329.1139240506327,4.1474602518222685,0.11483735215075495,WT,intron1,parallel,7766
48,379.746835443038,4.12077842517087,0.1146786557947138,WT,intron1,parallel,7766
49,430.37974683544326,4.075138854372398,0.1143793617819716,WT,intron1,parallel,7766
50,481.0126582278481,4.015143904411514,0.1112063358751062,WT,intron1,parallel,7766
51,531.6455696202534,3.968274830820755,0.10839048354884764,WT,intron1,parallel,7766
52,582.2784810126582,3.958953021650141,0.11059735894320372,WT,intron1,parallel,7766
53,632.9113924050635,3.946660854458471,0.1106035616974528,WT,intron1,parallel,7766
54,683.5443037974683,3.889747637570575,0.1065981380226476,WT,intron1,parallel,7766
55,734.1772151898736,3.8337778735921177,0.10271757533960382,WT,intron1,parallel,7766
56,784.8101265822784,3.7774556407389985,0.10269434469662989,WT,intron1,parallel,7766
57,835.4430379746836,3.6975221185305975,0.10025852983683647,WT,intron1,parallel,7766
58,886.0759493670885,3.642043465797006,0.09718261920709335,WT,intron1,parallel,7766
59,936.7088607594936,3.5847579487018475,0.0937102254440752,WT,intron1,parallel,7766
60,987.3417721518986,3.5420658587967337,0.0907378928174008,WT,intron1,parallel,7766
61,1037.9746835443038,3.5080982086625525,0.08834567635200817,WT,intron1,parallel,7766
62,1088.607594936709,3.490422808278711,0.08790945838563399,WT,intron1,parallel,7766
63,1139.240506329114,3.4628229262281542,0.08693812324083305,WT,intron1,parallel,7766
64,1189.8734177215188,3.4374238858920676,0.08500583336392574,WT,intron1,parallel,7766
65,1240.506329113924,3.4274675782128603,0.08338678779436057,WT,intron1,parallel,7766
66,1291.139240506329,3.3971979635752816,0.0820142828753329,WT,intron1,parallel,7766
67,1341.772151898734,3.388015352577209,0.08290117550584002,WT,intron1,parallel,7766
68,1392.4050632911394,3.3864102358793087,0.08559167423023413,WT,intron1,parallel,7766
69,1443.0379746835442,3.3806944129359353,0.08815645248919866,WT,intron1,parallel,7766
70,1493.6708860759495,3.3817927175102773,0.09014924441989026,WT,intron1,parallel,7766
71,1544.3037974683543,3.380452390654587,0.0906261300696771,WT,intron1,parallel,7766
72,1594.9367088607596,3.389527578844882,0.09404539377361572,WT,intron1,parallel,7766
73,1645.5696202531644,3.39896764578405,0.10066513818934324,WT,intron1,parallel,7766
74,1696.2025316455697,3.353675692592202,0.10301804803762823,WT,intron1,parallel,7766
75,1746.8354430379743,3.31079592748613,0.10099196617960908,WT,intron1,parallel,7766
76,1797.4683544303798,3.2749640216714004,0.09342862105433804,WT,intron1,parallel,7766
77,1848.1012658227849,3.264020594252528,0.0875996421698567,WT,intron1,parallel,7766
78,1898.73417721519,3.28259215202124,0.08707468142892881,WT,intron1,parallel,7766
79,1949.3670886075947,3.280240361044382,0.08793230518477112,WT,intron1,parallel,7766
80,2000,3.301260851283208,0.08907442159954601,WT,intron1,parallel,7766
1,-2000,3.436331495373462,0.3206531813730516,WT,intron1,antiparallel,710
2,-1949.367088607595,3.5198430760567176,0.3808848280728402,WT,intron1,antiparallel,710
3,-1898.73417721519,3.678047666952643,0.4313778044135221,WT,intron1,antiparallel,710
4,-1848.1012658227849,3.8644390370107033,0.4907870058937518,WT,intron1,antiparallel,710
5,-1797.4683544303798,3.9657701265319414,0.5701998410377813,WT,intron1,antiparallel,710
6,-1746.8354430379748,4.039611309774605,0.6133361558450637,WT,intron1,antiparallel,710
7,-1696.2025316455697,4.137267557702714,0.7013315014901594,WT,intron1,antiparallel,710
8,-1645.5696202531644,4.218123991754693,0.766814605302993,WT,intron1,antiparallel,710
9,-1594.9367088607596,4.2085318575924,0.7949415445649548,WT,intron1,antiparallel,710
10,-1544.3037974683543,4.201413934696448,0.7944580047312103,WT,intron1,antiparallel,710
11,-1493.6708860759495,4.210493567278688,0.8019692436554304,WT,intron1,antiparallel,710
12,-1443.0379746835442,4.212175261446008,0.749882150791102,WT,intron1,antiparallel,710
13,-1392.4050632911392,4.190721848424052,0.6496416223701225,WT,intron1,antiparallel,710
14,-1341.772151898734,4.217294983420573,0.6010186847128244,WT,intron1,antiparallel,710
15,-1291.139240506329,4.138708510717875,0.5488683174733724,WT,intron1,antiparallel,710
16,-1240.506329113924,4.0038656446653915,0.5133550443969541,WT,intron1,antiparallel,710
17,-1189.873417721519,3.936551125480535,0.48877106440823953,WT,intron1,antiparallel,710
18,-1139.240506329114,3.9716652687636897,0.48063597336338865,WT,intron1,antiparallel,710
19,-1088.607594936709,3.926549934613313,0.44558072349889394,WT,intron1,antiparallel,710
20,-1037.9746835443038,3.834082639773687,0.4049340903905666,WT,intron1,antiparallel,710
21,-987.3417721518988,3.776642089627718,0.3657742813502026,WT,intron1,antiparallel,710
22,-936.7088607594936,3.654127006478153,0.3400688623360507,WT,intron1,antiparallel,710
23,-886.0759493670887,3.650634047961571,0.3325877800144216,WT,intron1,antiparallel,710
24,-835.4430379746836,3.6444608902069326,0.3277966730460906,WT,intron1,antiparallel,710
25,-784.8101265822784,3.629398561956737,0.3090705260484917,WT,intron1,antiparallel,710
26,-734.1772151898733,3.6724399662745393,0.31411430146366504,WT,intron1,antiparallel,710
27,-683.5443037974683,3.719257821725568,0.3205690806468261,WT,intron1,antiparallel,710
28,-632.9113924050632,3.7556708405387234,0.3171020272373414,WT,intron1,antiparallel,710
29,-582.2784810126582,3.8052153619779663,0.3158246468325341,WT,intron1,antiparallel,710
30,-531.6455696202531,3.938079145978874,0.32076880800663676,WT,intron1,antiparallel,710
31,-481.0126582278481,4.014080728129042,0.3372604073815669,WT,intron1,antiparallel,710
32,-430.37974683544303,4.0552401865334575,0.3524875287525475,WT,intron1,antiparallel,710
33,-379.746835443038,4.098101630832108,0.3647654634793056,WT,intron1,antiparallel,710
34,-329.11392405063293,4.088874038831729,0.3650798287669945,WT,intron1,antiparallel,710
35,-278.4810126582279,4.206891945758336,0.4000447096878054,WT,intron1,antiparallel,710
36,-227.84810126582283,4.154537408806348,0.39955938412318726,WT,intron1,antiparallel,710
37,-177.21518987341778,4.01253782386735,0.3884770894283656,WT,intron1,antiparallel,710
38,-126.58227848101274,3.841852975405438,0.3709846780273264,WT,intron1,antiparallel,710
39,-75.94936708860769,3.715142706034889,0.33812498116030315,WT,intron1,antiparallel,710
40,-25.31645569620264,3.5588038181419104,0.2984701176995246,WT,intron1,antiparallel,710
41,25.31645569620241,3.442976637992501,0.25595063205150775,WT,intron1,antiparallel,710
42,75.94936708860769,3.3516037763508275,0.22628169866068815,WT,intron1,antiparallel,710
43,126.58227848101252,3.312754401452105,0.21601756372858155,WT,intron1,antiparallel,710
44,177.21518987341778,3.2978899733561304,0.2111643963319296,WT,intron1,antiparallel,710
45,227.8481012658226,3.397205910682678,0.2180729056854506,WT,intron1,antiparallel,710
46,278.4810126582279,3.3971753725065312,0.22267910779123729,WT,intron1,antiparallel,710
47,329.1139240506327,3.397726138707058,0.22258146577373625,WT,intron1,antiparallel,710
48,379.746835443038,3.4172196223590294,0.2249459103060932,WT,intron1,antiparallel,710
49,430.37974683544326,3.4333355862389148,0.24685386510513332,WT,intron1,antiparallel,710
50,481.0126582278481,3.4150863853295643,0.27252201022263933,WT,intron1,antiparallel,710
51,531.6455696202534,3.475563865437754,0.2989929734283806,WT,intron1,antiparallel,710
52,582.2784810126582,3.494558234693858,0.29945828855804696,WT,intron1,antiparallel,710
53,632.9113924050635,3.5008682466090564,0.27316284211418307,WT,intron1,antiparallel,710
54,683.5443037974683,3.4608581163636956,0.24611445697826248,WT,intron1,antiparallel,710
55,734.1772151898736,3.326985690082183,0.23172245890455168,WT,intron1,antiparallel,710
56,784.8101265822784,3.2738876257435257,0.2281679394045422,WT,intron1,antiparallel,710
57,835.4430379746836,3.221117666545608,0.22790027914880095,WT,intron1,antiparallel,710
58,886.0759493670885,3.1051820864319244,0.2200474058620423,WT,intron1,antiparallel,710
59,936.7088607594936,3.040723784023607,0.2109980089268252,WT,intron1,antiparallel,710
60,987.3417721518986,3.015500215649045,0.2097347314651191,WT,intron1,antiparallel,710
61,1037.9746835443038,2.9744380553496277,0.2081385099306507,WT,intron1,antiparallel,710
62,1088.607594936709,2.906031316711309,0.19729813028873025,WT,intron1,antiparallel,710
63,1139.240506329114,2.8956140226556664,0.19517709668457783,WT,intron1,antiparallel,710
64,1189.8734177215188,2.954590632868485,0.21533586057039697,WT,intron1,antiparallel,710
65,1240.506329113924,2.9964675328328574,0.2295563967221863,WT,intron1,antiparallel,710
66,1291.139240506329,3.0052450343723027,0.22801463853577492,WT,intron1,antiparallel,710
67,1341.772151898734,2.998991788794737,0.21921354162096812,WT,intron1,antiparallel,710
68,1392.4050632911394,2.921320115211424,0.2128407984481975,WT,intron1,antiparallel,710
69,1443.0379746835442,2.9152811091091713,0.21778077446075791,WT,intron1,antiparallel,710
70,1493.6708860759495,3.041401067208796,0.2506523051522813,WT,intron1,antiparallel,710
71,1544.3037974683543,3.0518128434749836,0.2570422869275231,WT,intron1,antiparallel,710
72,1594.9367088607596,3.011477600203994,0.25022294014112156,WT,intron1,antiparallel,710
73,1645.5696202531644,2.933573249586311,0.24510584053067003,WT,intron1,antiparallel,710
74,1696.2025316455697,2.90016782086444,0.23853128305029137,WT,intron1,antiparallel,710
75,1746.8354430379743,2.885579903466041,0.2488690152920119,WT,intron1,antiparallel,710
76,1797.4683544303798,2.9318224415241834,0.3016905596227587,WT,intron1,antiparallel,710
77,1848.1012658227849,3.0357923543968113,0.3721226236832862,WT,intron1,antiparallel,710
78,1898.73417721519,3.068191481993232,0.3963468379154222,WT,intron1,antiparallel,710
79,1949.3670886075947,3.049755064349779,0.3545115451614566,WT,intron1,antiparallel,710
80,2000,3.027426583445688,0.3159200739010528,WT,intron1,antiparallel,710
1,-2000,3.131516093963232,0.21006110304994408,WT,intron1,hybrid,1092
2,-1949.367088607595,3.1739749682124283,0.21220995366421577,WT,intron1,hybrid,1092
3,-1898.73417721519,3.25992648397901,0.22095615878543157,WT,intron1,hybrid,1092
4,-1848.1012658227849,3.319450600916504,0.22849029275054028,WT,intron1,hybrid,1092
5,-1797.4683544303798,3.414494470643182,0.22806163553236097,WT,intron1,hybrid,1092
6,-1746.8354430379748,3.49514464479663,0.23515224137666155,WT,intron1,hybrid,1092
7,-1696.2025316455697,3.479945808216766,0.24232752742101707,WT,intron1,hybrid,1092
8,-1645.5696202531644,3.463578290477922,0.25432520228386313,WT,intron1,hybrid,1092
9,-1594.9367088607596,3.4595715074457676,0.26445585178483255,WT,intron1,hybrid,1092
10,-1544.3037974683543,3.444221571152609,0.26786557104137865,WT,intron1,hybrid,1092
11,-1493.6708860759495,3.4397922616141767,0.2686050705476559,WT,intron1,hybrid,1092
12,-1443.0379746835442,3.4589156975363347,0.26536395169521254,WT,intron1,hybrid,1092
13,-1392.4050632911392,3.4597172352318655,0.25835187022872175,WT,intron1,hybrid,1092
14,-1341.772151898734,3.523378417285953,0.2719388049533706,WT,intron1,hybrid,1092
15,-1291.139240506329,3.5870461968471714,0.2770883363846072,WT,intron1,hybrid,1092
16,-1240.506329113924,3.5444579611418447,0.25656220881617287,WT,intron1,hybrid,1092
17,-1189.873417721519,3.5895902646228364,0.2387490381808522,WT,intron1,hybrid,1092
18,-1139.240506329114,3.682185916256555,0.25619420836125434,WT,intron1,hybrid,1092
19,-1088.607594936709,3.90888842081485,0.28305086325623174,WT,intron1,hybrid,1092
20,-1037.9746835443038,4.183161758483548,0.32282845604610455,WT,intron1,hybrid,1092
21,-987.3417721518988,4.318743359070266,0.342925689107995,WT,intron1,hybrid,1092
22,-936.7088607594936,4.4236268214523,0.35092501004083976,WT,intron1,hybrid,1092
23,-886.0759493670887,4.452360415090426,0.34251828784706645,WT,intron1,hybrid,1092
24,-835.4430379746836,4.467601189546387,0.31944226672334997,WT,intron1,hybrid,1092
25,-784.8101265822784,4.484759682326672,0.32523906096567634,WT,intron1,hybrid,1092
26,-734.1772151898733,4.549155808660283,0.34796999114944915,WT,intron1,hybrid,1092
27,-683.5443037974683,4.60352370832502,0.35719769997469253,WT,intron1,hybrid,1092
28,-632.9113924050632,4.5402254178119374,0.34976710581647386,WT,intron1,hybrid,1092
29,-582.2784810126582,4.432527703048255,0.33241712142530827,WT,intron1,hybrid,1092
30,-531.6455696202531,4.317748976320719,0.30598597161011165,WT,intron1,hybrid,1092
31,-481.0126582278481,4.297773490234463,0.30049477678396064,WT,intron1,hybrid,1092
32,-430.37974683544303,4.280985864141776,0.29996337069118995,WT,intron1,hybrid,1092
33,-379.746835443038,4.310108600779185,0.29546064794837995,WT,intron1,hybrid,1092
34,-329.11392405063293,4.297532565893562,0.2935426909686857,WT,intron1,hybrid,1092
35,-278.4810126582279,4.276859703422029,0.3130338997817574,WT,intron1,hybrid,1092
36,-227.84810126582283,4.319369511241878,0.33713035734854163,WT,intron1,hybrid,1092
37,-177.21518987341778,4.318876369853159,0.34908161164376295,WT,intron1,hybrid,1092
38,-126.58227848101274,4.3216277978206294,0.33673391888978277,WT,intron1,hybrid,1092
39,-75.94936708860769,4.382720421685841,0.31662783756383056,WT,intron1,hybrid,1092
40,-25.31645569620264,4.363540562651824,0.30140999434448107,WT,intron1,hybrid,1092
41,25.31645569620241,4.414061472068048,0.2924619109428844,WT,intron1,hybrid,1092
42,75.94936708860769,4.4242543201772575,0.2888978748819125,WT,intron1,hybrid,1092
43,126.58227848101252,4.422210691307781,0.2778535012187331,WT,intron1,hybrid,1092
44,177.21518987341778,4.398533997791154,0.2620373895728984,WT,intron1,hybrid,1092
45,227.8481012658226,4.385550949730716,0.26543766767644095,WT,intron1,hybrid,1092
46,278.4810126582279,4.386389644253676,0.2721860142577431,WT,intron1,hybrid,1092
47,329.1139240506327,4.36902292428727,0.2832293127266558,WT,intron1,hybrid,1092
48,379.746835443038,4.419917228613436,0.2935489548435201,WT,intron1,hybrid,1092
49,430.37974683544326,4.528566369862638,0.32622756465254027,WT,intron1,hybrid,1092
50,481.0126582278481,4.632527672176833,0.34606219678650635,WT,intron1,hybrid,1092
51,531.6455696202534,4.733063655345722,0.37160177967914126,WT,intron1,hybrid,1092
52,582.2784810126582,4.887363743199097,0.4028381427469008,WT,intron1,hybrid,1092
53,632.9113924050635,4.9905569981611695,0.4206753883992683,WT,intron1,hybrid,1092
54,683.5443037974683,5.015941047822017,0.4296115426197426,WT,intron1,hybrid,1092
55,734.1772151898736,5.0272918906243875,0.4502732647098107,WT,intron1,hybrid,1092
56,784.8101265822784,4.984763112057988,0.4535785192581142,WT,intron1,hybrid,1092
57,835.4430379746836,4.986926225066476,0.4538059774446996,WT,intron1,hybrid,1092
58,886.0759493670885,4.950692104844237,0.4354493895418953,WT,intron1,hybrid,1092
59,936.7088607594936,4.825283373174359,0.40689836122545336,WT,intron1,hybrid,1092
60,987.3417721518986,4.679579954115317,0.3728136549204252,WT,intron1,hybrid,1092
61,1037.9746835443038,4.482157487236828,0.339044034905767,WT,intron1,hybrid,1092
62,1088.607594936709,4.268125083776184,0.3189054496151917,WT,intron1,hybrid,1092
63,1139.240506329114,4.157967989002974,0.32426694661081723,WT,intron1,hybrid,1092
64,1189.8734177215188,4.174643081583819,0.34353490082126903,WT,intron1,hybrid,1092
65,1240.506329113924,4.037510528098678,0.34002667564630834,WT,intron1,hybrid,1092
66,1291.139240506329,3.870391159045245,0.3120373974718877,WT,intron1,hybrid,1092
67,1341.772151898734,3.759551088610557,0.2881128477367276,WT,intron1,hybrid,1092
68,1392.4050632911394,3.603987536273888,0.2545757494737903,WT,intron1,hybrid,1092
69,1443.0379746835442,3.431830183849085,0.2276516790324605,WT,intron1,hybrid,1092
70,1493.6708860759495,3.364849339942647,0.22122762173923913,WT,intron1,hybrid,1092
71,1544.3037974683543,3.319426844937315,0.21538855433408352,WT,intron1,hybrid,1092
72,1594.9367088607596,3.307672248720686,0.2096790939062188,WT,intron1,hybrid,1092
73,1645.5696202531644,3.2292892253384338,0.20278505330260327,WT,intron1,hybrid,1092
74,1696.2025316455697,3.1633888958923984,0.21207991886045363,WT,intron1,hybrid,1092
75,1746.8354430379743,3.13601612737109,0.23665658573224124,WT,intron1,hybrid,1092
76,1797.4683544303798,3.15201646120557,0.2785395335034932,WT,intron1,hybrid,1092
77,1848.1012658227849,3.209809893825261,0.3015230400497624,WT,intron1,hybrid,1092
78,1898.73417721519,3.286229022329398,0.31351701736289517,WT,intron1,hybrid,1092
79,1949.3670886075947,3.3177561736550816,0.30726618384687476,WT,intron1,hybrid,1092
80,2000,3.376535513601169,0.28930114363752435,WT,intron1,hybrid,1092
1,-2000,1.8555488564264373,0.04631143633249108,WT,intron1,none,12787
2,-1949.367088607595,1.8494158374878888,0.04588343534711242,WT,intron1,none,12787
3,-1898.73417721519,1.8394210326989953,0.04540575980412722,WT,intron1,none,12787
4,-1848.1012658227849,1.805170087543343,0.04384471389372388,WT,intron1,none,12787
5,-1797.4683544303798,1.768104502016405,0.0419811467739009,WT,intron1,none,12787
6,-1746.8354430379748,1.7432251667525147,0.03963383055633236,WT,intron1,none,12787
7,-1696.2025316455697,1.73709054498493,0.04057792136036136,WT,intron1,none,12787
8,-1645.5696202531644,1.7312342191570893,0.041055536996661,WT,intron1,none,12787
9,-1594.9367088607596,1.7100330171756988,0.0404105234525683,WT,intron1,none,12787
10,-1544.3037974683543,1.6865028578237948,0.03866821637463552,WT,intron1,none,12787
11,-1493.6708860759495,1.6553821968803248,0.03661042294992587,WT,intron1,none,12787
12,-1443.0379746835442,1.624068254168145,0.03459694982037008,WT,intron1,none,12787
13,-1392.4050632911392,1.611019662857541,0.03242813024819271,WT,intron1,none,12787
14,-1341.772151898734,1.6031389406567798,0.03146798126587693,WT,intron1,none,12787
15,-1291.139240506329,1.5891188093654158,0.03174734574452914,WT,intron1,none,12787
16,-1240.506329113924,1.5743766986047552,0.03181073987136214,WT,intron1,none,12787
17,-1189.873417721519,1.552618027901436,0.03066494998041715,WT,intron1,none,12787
18,-1139.240506329114,1.5174225206911247,0.0292691572369964,WT,intron1,none,12787
19,-1088.607594936709,1.4951402278444632,0.02878562409382581,WT,intron1,none,12787
20,-1037.9746835443038,1.485861313819798,0.02815862832060749,WT,intron1,none,12787
21,-987.3417721518988,1.460955614548841,0.02803901523140151,WT,intron1,none,12787
22,-936.7088607594936,1.431368189483222,0.02716067321460655,WT,intron1,none,12787
23,-886.0759493670887,1.404611900969443,0.02531256074302436,WT,intron1,none,12787
24,-835.4430379746836,1.381729760148137,0.02338406057279099,WT,intron1,none,12787
25,-784.8101265822784,1.352660570406866,0.02066693469623155,WT,intron1,none,12787
26,-734.1772151898733,1.325728577158167,0.01836519565719155,WT,intron1,none,12787
27,-683.5443037974683,1.2946204812967914,0.01633030110372586,WT,intron1,none,12787
28,-632.9113924050632,1.266379550219945,0.01502585185264896,WT,intron1,none,12787
29,-582.2784810126582,1.2496987832614213,0.01477761665345177,WT,intron1,none,12787
30,-531.6455696202531,1.2337113174473628,0.01415643167201335,WT,intron1,none,12787
31,-481.0126582278481,1.2163333597058004,0.01324562298026665,WT,intron1,none,12787
32,-430.37974683544303,1.2053071974970475,0.0126586180877166,WT,intron1,none,12787
33,-379.746835443038,1.203165008238109,0.01231823835664794,WT,intron1,none,12787
34,-329.11392405063293,1.1973661993200728,0.01209049269023051,WT,intron1,none,12787
35,-278.4810126582279,1.1912979671700987,0.01195602472863232,WT,intron1,none,12787
36,-227.84810126582283,1.1822576584850708,0.01162586727002078,WT,intron1,none,12787
37,-177.21518987341778,1.1709318201015422,0.01144588765345145,WT,intron1,none,12787
38,-126.58227848101274,1.1653447252194715,0.01133101485140074,WT,intron1,none,12787
39,-75.94936708860769,1.1659376792655398,0.01132348892100224,WT,intron1,none,12787
40,-25.31645569620264,1.1678339027583584,0.01133565165928172,WT,intron1,none,12787
41,25.31645569620241,1.1650338571487442,0.01130008577656024,WT,intron1,none,12787
42,75.94936708860769,1.1552189023449846,0.01123874970422157,WT,intron1,none,12787
43,126.58227848101252,1.1611045518911545,0.01125794632865442,WT,intron1,none,12787
44,177.21518987341778,1.1722179161953652,0.01134800894913217,WT,intron1,none,12787
45,227.8481012658226,1.1892074069178409,0.01161760094745004,WT,intron1,none,12787
46,278.4810126582279,1.1985099590232653,0.011775004125434,WT,intron1,none,12787
47,329.1139240506327,1.2083000808670583,0.01198953614330027,WT,intron1,none,12787
48,379.746835443038,1.2161767292946952,0.01212983246221111,WT,intron1,none,12787
49,430.37974683544326,1.2240823749126406,0.01252549356732131,WT,intron1,none,12787
50,481.0126582278481,1.2377566945553138,0.01300631162271097,WT,intron1,none,12787
51,531.6455696202534,1.2544256499593047,0.01370064032148567,WT,intron1,none,12787
52,582.2784810126582,1.268959287405481,0.01439189309316083,WT,intron1,none,12787
53,632.9113924050635,1.2919793677443914,0.01542403858504983,WT,intron1,none,12787
54,683.5443037974683,1.3092937225465453,0.016329568300499,WT,intron1,none,12787
55,734.1772151898736,1.3262415836322752,0.0174053716807704,WT,intron1,none,12787
56,784.8101265822784,1.3503580750693238,0.01843098437167612,WT,intron1,none,12787
57,835.4430379746836,1.3630702331239966,0.01965055964476628,WT,intron1,none,12787
58,886.0759493670885,1.3811859602317225,0.02114733982824088,WT,intron1,none,12787
59,936.7088607594936,1.4069768463924528,0.02284045234825089,WT,intron1,none,12787
60,987.3417721518986,1.4363512267086642,0.02489088114370068,WT,intron1,none,12787
61,1037.9746835443038,1.4693541855204248,0.0269705213716498,WT,intron1,none,12787
62,1088.607594936709,1.4927080573948386,0.02819850071722274,WT,intron1,none,12787
63,1139.240506329114,1.5088496031544454,0.02905527167030389,WT,intron1,none,12787
64,1189.8734177215188,1.536978852935712,0.0310710422008749,WT,intron1,none,12787
65,1240.506329113924,1.556257292550723,0.03252634342504166,WT,intron1,none,12787
66,1291.139240506329,1.593162486646177,0.03460466786111269,WT,intron1,none,12787
67,1341.772151898734,1.6215480086442886,0.0353773750438023,WT,intron1,none,12787
68,1392.4050632911394,1.6375359854489182,0.03604451822735625,WT,intron1,none,12787
69,1443.0379746835442,1.6622885091093726,0.03683027409239441,WT,intron1,none,12787
70,1493.6708860759495,1.6819685802326028,0.03768215031863757,WT,intron1,none,12787
71,1544.3037974683543,1.6907064605493014,0.0389639809629616,WT,intron1,none,12787
72,1594.9367088607596,1.7027244056127868,0.04258326527817541,WT,intron1,none,12787
73,1645.5696202531644,1.718777966376407,0.04696766933298536,WT,intron1,none,12787
74,1696.2025316455697,1.7453332971835076,0.05137535474216714,WT,intron1,none,12787
75,1746.8354430379743,1.7697376763556445,0.05333396145817604,WT,intron1,none,12787
76,1797.4683544303798,1.7832680099322968,0.05365431877219748,WT,intron1,none,12787
77,1848.1012658227849,1.7874339531153052,0.05269237581975592,WT,intron1,none,12787
78,1898.73417721519,1.7883677938943754,0.04850369988173964,WT,intron1,none,12787
79,1949.3670886075947,1.785531087552172,0.04428892721093804,WT,intron1,none,12787
80,2000,1.8066839279175475,0.04331381053686534,WT,intron1,none,12787
1,-2000,3.30085300278306,0.05158867548019803,WT,enhancer,parallel,16000
2,-1949.367088607595,3.328692660705596,0.05224619494538244,WT,enhancer,parallel,16000
3,-1898.73417721519,3.3577507868153353,0.05351114837540247,WT,enhancer,parallel,16000
4,-1848.1012658227849,3.41427512507389,0.05635512587746,WT,enhancer,parallel,16000
5,-1797.4683544303798,3.4701574776967368,0.05927013368477409,WT,enhancer,parallel,16000
6,-1746.8354430379748,3.52165886498183,0.06122892103787149,WT,enhancer,parallel,16000
7,-1696.2025316455697,3.5800617698357007,0.06223969413680572,WT,enhancer,parallel,16000
8,-1645.5696202531644,3.6482440415719153,0.06341754882102471,WT,enhancer,parallel,16000
9,-1594.9367088607596,3.725995513881643,0.06680401633280451,WT,enhancer,parallel,16000
10,-1544.3037974683543,3.781918379628261,0.07012193425377196,WT,enhancer,parallel,16000
11,-1493.6708860759495,3.8498402824308977,0.07362971282402152,WT,enhancer,parallel,16000
12,-1443.0379746835442,3.941047429644167,0.07534152815482537,WT,enhancer,parallel,16000
13,-1392.4050632911392,4.034699936803927,0.07562100953142398,WT,enhancer,parallel,16000
14,-1341.772151898734,4.145749864605566,0.07646624641361588,WT,enhancer,parallel,16000
15,-1291.139240506329,4.231335734056979,0.0754896843780088,WT,enhancer,parallel,16000
16,-1240.506329113924,4.330868845284979,0.07479698272273891,WT,enhancer,parallel,16000
17,-1189.873417721519,4.463253075252125,0.07777259178487295,WT,enhancer,parallel,16000
18,-1139.240506329114,4.623724664056251,0.0828983684889235,WT,enhancer,parallel,16000
19,-1088.607594936709,4.791187252432953,0.08808751469079694,WT,enhancer,parallel,16000
20,-1037.9746835443038,4.957084491211126,0.09132094871977332,WT,enhancer,parallel,16000
21,-987.3417721518988,5.128289851110577,0.09366596602103672,WT,enhancer,parallel,16000
22,-936.7088607594936,5.308081586667498,0.09595821272893,WT,enhancer,parallel,16000
23,-886.0759493670887,5.494776741010298,0.097797686192688,WT,enhancer,parallel,16000
24,-835.4430379746836,5.696227211141189,0.09889722798772752,WT,enhancer,parallel,16000
25,-784.8101265822784,5.93884256021743,0.099294110298255,WT,enhancer,parallel,16000
26,-734.1772151898733,6.141566709241668,0.0986760429714488,WT,enhancer,parallel,16000
27,-683.5443037974683,6.352718700429201,0.09784225933688862,WT,enhancer,parallel,16000
28,-632.9113924050632,6.573980824526747,0.09642014700930274,WT,enhancer,parallel,16000
29,-582.2784810126582,6.809214064193169,0.09528019835332643,WT,enhancer,parallel,16000
30,-531.6455696202531,7.047913972362131,0.09463464357029812,WT,enhancer,parallel,16000
31,-481.0126582278481,7.304896697196613,0.0954268828978313,WT,enhancer,parallel,16000
32,-430.37974683544303,7.556362922162315,0.09715644365192862,WT,enhancer,parallel,16000
33,-379.746835443038,7.814223502105723,0.09910330702801418,WT,enhancer,parallel,16000
34,-329.11392405063293,8.067862112691602,0.1004156611228325,WT,enhancer,parallel,16000
35,-278.4810126582279,8.286461496752997,0.10050948669348787,WT,enhancer,parallel,16000
36,-227.84810126582283,8.48896633568878,0.101454980469694,WT,enhancer,parallel,16000
37,-177.21518987341778,8.67993722038726,0.1030271128132448,WT,enhancer,parallel,16000
38,-126.58227848101274,8.892198847035418,0.10548372541373974,WT,enhancer,parallel,16000
39,-75.94936708860769,9.066904568788608,0.106491470173236,WT,enhancer,parallel,16000
40,-25.31645569620264,9.179627172953287,0.10805549806623305,WT,enhancer,parallel,16000
41,25.31645569620241,9.180966525216798,0.10931648572284934,WT,enhancer,parallel,16000
42,75.94936708860769,9.074890778786092,0.10903885929660108,WT,enhancer,parallel,16000
43,126.58227848101252,8.922878289540758,0.10737666402338283,WT,enhancer,parallel,16000
44,177.21518987341778,8.773544333857398,0.10574382599212076,WT,enhancer,parallel,16000
45,227.8481012658226,8.615998994289637,0.10361685242791475,WT,enhancer,parallel,16000
46,278.4810126582279,8.43095753066639,0.10326768444179192,WT,enhancer,parallel,16000
47,329.1139240506327,8.237542886098922,0.10375400515123116,WT,enhancer,parallel,16000
48,379.746835443038,8.073496303656547,0.10407628295954678,WT,enhancer,parallel,16000
49,430.37974683544326,7.890698686018784,0.10510216307001062,WT,enhancer,parallel,16000
50,481.0126582278481,7.670501529780776,0.10635515496375296,WT,enhancer,parallel,16000
51,531.6455696202534,7.438248909464032,0.10862513494710414,WT,enhancer,parallel,16000
52,582.2784810126582,7.178776122487883,0.10958083616591084,WT,enhancer,parallel,16000
53,632.9113924050635,6.923530393675367,0.10920256314016132,WT,enhancer,parallel,16000
54,683.5443037974683,6.640334706466695,0.10764426345928065,WT,enhancer,parallel,16000
55,734.1772151898736,6.372418302849581,0.10499793071493238,WT,enhancer,parallel,16000
56,784.8101265822784,6.096710642092427,0.10135450035409702,WT,enhancer,parallel,16000
57,835.4430379746836,5.834819241264065,0.0969619234165543,WT,enhancer,parallel,16000
58,886.0759493670885,5.5712573508822425,0.09198413860083948,WT,enhancer,parallel,16000
59,936.7088607594936,5.371439724161178,0.08936446726917666,WT,enhancer,parallel,16000
60,987.3417721518986,5.195615072001914,0.08796842074410953,WT,enhancer,parallel,16000
61,1037.9746835443038,5.0221849445948505,0.0862488636603366,WT,enhancer,parallel,16000
62,1088.607594936709,4.856461169170191,0.0846356535571533,WT,enhancer,parallel,16000
63,1139.240506329114,4.715108044484059,0.08293571111396175,WT,enhancer,parallel,16000
64,1189.8734177215188,4.570243347917497,0.08036023476526115,WT,enhancer,parallel,16000
65,1240.506329113924,4.403287609881262,0.0761290204232355,WT,enhancer,parallel,16000
66,1291.139240506329,4.267231304223538,0.07224167846519414,WT,enhancer,parallel,16000
67,1341.772151898734,4.169891464172105,0.06968450221409489,WT,enhancer,parallel,16000
68,1392.4050632911394,4.067504260179649,0.06706172593009149,WT,enhancer,parallel,16000
69,1443.0379746835442,3.990626097938617,0.06496290338073361,WT,enhancer,parallel,16000
70,1493.6708860759495,3.90903721763134,0.06383140046594359,WT,enhancer,parallel,16000
71,1544.3037974683543,3.835591801218341,0.06519963166757962,WT,enhancer,parallel,16000
72,1594.9367088607596,3.771439952366352,0.06524454376886084,WT,enhancer,parallel,16000
73,1645.5696202531644,3.7154734256189066,0.06369466216913244,WT,enhancer,parallel,16000
74,1696.2025316455697,3.664384113172491,0.06421434843207534,WT,enhancer,parallel,16000
75,1746.8354430379743,3.605507435738792,0.06489089731615603,WT,enhancer,parallel,16000
76,1797.4683544303798,3.5739956280430656,0.06630644173933925,WT,enhancer,parallel,16000
77,1848.1012658227849,3.5353344868238765,0.06553903016030646,WT,enhancer,parallel,16000
78,1898.73417721519,3.4940199984828633,0.06379062508927223,WT,enhancer,parallel,16000
79,1949.3670886075947,3.4417106916570166,0.06126364422524485,WT,enhancer,parallel,16000
80,2000,3.380303889209976,0.05854751830951463,WT,enhancer,parallel,16000
1,-2000,2.8077829051592653,0.13685635858944165,WT,enhancer,antiparallel,1728
2,-1949.367088607595,2.7429746989675876,0.12539437193275932,WT,enhancer,antiparallel,1728
3,-1898.73417721519,2.691459201268024,0.11291701243605538,WT,enhancer,antiparallel,1728
4,-1848.1012658227849,2.665890210924417,0.10291579456814892,WT,enhancer,antiparallel,1728
5,-1797.4683544303798,2.675304888771088,0.09803430550101094,WT,enhancer,antiparallel,1728
6,-1746.8354430379748,2.7213618942428335,0.09906009549575982,WT,enhancer,antiparallel,1728
7,-1696.2025316455697,2.765784955509467,0.10474536035359866,WT,enhancer,antiparallel,1728
8,-1645.5696202531644,2.8105189834475333,0.11269357341903646,WT,enhancer,antiparallel,1728
9,-1594.9367088607596,2.9028667056298367,0.12461929630918676,WT,enhancer,antiparallel,1728
10,-1544.3037974683543,2.9715162239278907,0.13312219744894596,WT,enhancer,antiparallel,1728
11,-1493.6708860759495,3.040405838409048,0.13980330576577277,WT,enhancer,antiparallel,1728
12,-1443.0379746835442,3.0990077698442304,0.14671600433058796,WT,enhancer,antiparallel,1728
13,-1392.4050632911392,3.1858629110598087,0.15711643480339643,WT,enhancer,antiparallel,1728
14,-1341.772151898734,3.3045526945407007,0.17116890276359129,WT,enhancer,antiparallel,1728
15,-1291.139240506329,3.4391858632526833,0.19065581793964473,WT,enhancer,antiparallel,1728
16,-1240.506329113924,3.555994330936192,0.1988984173338972,WT,enhancer,antiparallel,1728
17,-1189.873417721519,3.6811672563101223,0.20710351434620183,WT,enhancer,antiparallel,1728
18,-1139.240506329114,3.884881033770924,0.222235015414206,WT,enhancer,antiparallel,1728
19,-1088.607594936709,4.064382244564685,0.2391331202257972,WT,enhancer,antiparallel,1728
20,-1037.9746835443038,4.225291045424931,0.24969047023969976,WT,enhancer,antiparallel,1728
21,-987.3417721518988,4.369367613980984,0.2572025397292913,WT,enhancer,antiparallel,1728
22,-936.7088607594936,4.530942334125255,0.2655205118807123,WT,enhancer,antiparallel,1728
23,-886.0759493670887,4.724592691727074,0.2784695624290759,WT,enhancer,antiparallel,1728
24,-835.4430379746836,4.950648102404803,0.28739828970599246,WT,enhancer,antiparallel,1728
25,-784.8101265822784,5.157346199736643,0.2756590510878684,WT,enhancer,antiparallel,1728
26,-734.1772151898733,5.387625724693048,0.2649258233582784,WT,enhancer,antiparallel,1728
27,-683.5443037974683,5.6018871124134755,0.25987566817229185,WT,enhancer,antiparallel,1728
28,-632.9113924050632,5.907998543003643,0.2643646832578963,WT,enhancer,antiparallel,1728
29,-582.2784810126582,6.190950408086272,0.27068843017145366,WT,enhancer,antiparallel,1728
30,-531.6455696202531,6.543725601781482,0.28749050924586333,WT,enhancer,antiparallel,1728
31,-481.0126582278481,6.827112537195193,0.3005636042053481,WT,enhancer,antiparallel,1728
32,-430.37974683544303,7.094883449684231,0.30223101450868006,WT,enhancer,antiparallel,1728
33,-379.746835443038,7.310699608606964,0.29045271542633005,WT,enhancer,antiparallel,1728
34,-329.11392405063293,7.542417928041592,0.2843993945202348,WT,enhancer,antiparallel,1728
35,-278.4810126582279,7.635596325205248,0.2754090160628682,WT,enhancer,antiparallel,1728
36,-227.84810126582283,7.719614262197305,0.26271065181532977,WT,enhancer,antiparallel,1728
37,-177.21518987341778,7.956444194721127,0.25796299567282227,WT,enhancer,antiparallel,1728
38,-126.58227848101274,8.156325580778498,0.25949155311272465,WT,enhancer,antiparallel,1728
39,-75.94936708860769,8.326142190249614,0.2638719494777496,WT,enhancer,antiparallel,1728
40,-25.31645569620264,8.395034028801746,0.26884225482962487,WT,enhancer,antiparallel,1728
41,25.31645569620241,8.377683236019939,0.2741244496513823,WT,enhancer,antiparallel,1728
42,75.94936708860769,8.31174984605454,0.2819114819105617,WT,enhancer,antiparallel,1728
43,126.58227848101252,8.216548944930144,0.27922721261032235,WT,enhancer,antiparallel,1728
44,177.21518987341778,8.076507932415899,0.2749607941912838,WT,enhancer,antiparallel,1728
45,227.8481012658226,7.824099172035485,0.2633105339029395,WT,enhancer,antiparallel,1728
46,278.4810126582279,7.4605904615698035,0.247608051505405,WT,enhancer,antiparallel,1728
47,329.1139240506327,7.246298968816337,0.2454819627422268,WT,enhancer,antiparallel,1728
48,379.746835443038,7.132762918332476,0.2626389082686007,WT,enhancer,antiparallel,1728
49,430.37974683544326,7.022700938355223,0.2919091064110527,WT,enhancer,antiparallel,1728
50,481.0126582278481,6.845000776626906,0.32100293336250574,WT,enhancer,antiparallel,1728
51,531.6455696202534,6.663902403319508,0.3477316948228005,WT,enhancer,antiparallel,1728
52,582.2784810126582,6.412722600858061,0.35665163489892204,WT,enhancer,antiparallel,1728
53,632.9113924050635,6.132584576632506,0.3613901675706601,WT,enhancer,antiparallel,1728
54,683.5443037974683,5.844017141643958,0.3547446150387003,WT,enhancer,antiparallel,1728
55,734.1772151898736,5.553194207536218,0.3471986586410747,WT,enhancer,antiparallel,1728
56,784.8101265822784,5.345990263744729,0.3364180992295906,WT,enhancer,antiparallel,1728
57,835.4430379746836,5.155518200677118,0.3221603553145536,WT,enhancer,antiparallel,1728
58,886.0759493670885,4.895880211289098,0.3039247824591587,WT,enhancer,antiparallel,1728
59,936.7088607594936,4.657922234809785,0.28426767570125283,WT,enhancer,antiparallel,1728
60,987.3417721518986,4.478049428365021,0.26805567517938805,WT,enhancer,antiparallel,1728
61,1037.9746835443038,4.258894466600944,0.24032337356829656,WT,enhancer,antiparallel,1728
62,1088.607594936709,4.068636762510387,0.21277615274177197,WT,enhancer,antiparallel,1728
63,1139.240506329114,3.8585658127575377,0.19368826932875255,WT,enhancer,antiparallel,1728
64,1189.8734177215188,3.7210853455565225,0.18795134776830769,WT,enhancer,antiparallel,1728
65,1240.506329113924,3.570163671141606,0.1789475921593723,WT,enhancer,antiparallel,1728
66,1291.139240506329,3.4564352913936713,0.17032561478204528,WT,enhancer,antiparallel,1728
67,1341.772151898734,3.374803152813312,0.1649408116111225,WT,enhancer,antiparallel,1728
68,1392.4050632911394,3.291722792978916,0.15117243799052155,WT,enhancer,antiparallel,1728
69,1443.0379746835442,3.1948742225545423,0.1396924087121563,WT,enhancer,antiparallel,1728
70,1493.6708860759495,3.1390053992525293,0.13220847834528784,WT,enhancer,antiparallel,1728
71,1544.3037974683543,3.1029034006843963,0.13234128141132578,WT,enhancer,antiparallel,1728
72,1594.9367088607596,3.0547887735919637,0.13217151176980138,WT,enhancer,antiparallel,1728
73,1645.5696202531644,2.9891216011106234,0.12609971454088112,WT,enhancer,antiparallel,1728
74,1696.2025316455697,2.9423106017101692,0.12350589844778188,WT,enhancer,antiparallel,1728
75,1746.8354430379743,2.8715465504069018,0.12019008416140788,WT,enhancer,antiparallel,1728
76,1797.4683544303798,2.7959468179522657,0.11412989285232494,WT,enhancer,antiparallel,1728
77,1848.1012658227849,2.754219702223753,0.112071739095126,WT,enhancer,antiparallel,1728
78,1898.73417721519,2.746129875259911,0.122184461311705,WT,enhancer,antiparallel,1728
79,1949.3670886075947,2.773957945174641,0.13775060412161536,WT,enhancer,antiparallel,1728
80,2000,2.801890957032181,0.15162900635970197,WT,enhancer,antiparallel,1728
1,-2000,3.360440864749059,0.12948051357010204,WT,enhancer,hybrid,2883
2,-1949.367088607595,3.348624397507016,0.1281589496875443,WT,enhancer,hybrid,2883
3,-1898.73417721519,3.363907229527116,0.12593398376744133,WT,enhancer,hybrid,2883
4,-1848.1012658227849,3.412832169623468,0.1289876230839925,WT,enhancer,hybrid,2883
5,-1797.4683544303798,3.4692164776256034,0.1379997326099374,WT,enhancer,hybrid,2883
6,-1746.8354430379748,3.5696987615727127,0.153540927538854,WT,enhancer,hybrid,2883
7,-1696.2025316455697,3.6522327784745454,0.16375646055145454,WT,enhancer,hybrid,2883
8,-1645.5696202531644,3.72248389487846,0.16559958585182746,WT,enhancer,hybrid,2883
9,-1594.9367088607596,3.789693327555699,0.16629380492765097,WT,enhancer,hybrid,2883
10,-1544.3037974683543,3.823423300550251,0.1624298443012416,WT,enhancer,hybrid,2883
11,-1493.6708860759495,3.866412106186051,0.16053327360490935,WT,enhancer,hybrid,2883
12,-1443.0379746835442,3.947314591015511,0.16947052407048424,WT,enhancer,hybrid,2883
13,-1392.4050632911392,4.039325183476585,0.18199100686895928,WT,enhancer,hybrid,2883
14,-1341.772151898734,4.143239262310228,0.19070731978127245,WT,enhancer,hybrid,2883
15,-1291.139240506329,4.281499363959821,0.1979752049024877,WT,enhancer,hybrid,2883
16,-1240.506329113924,4.376596879550302,0.20353567389644656,WT,enhancer,hybrid,2883
17,-1189.873417721519,4.473666361269751,0.20113955811050116,WT,enhancer,hybrid,2883
18,-1139.240506329114,4.575988304949672,0.19345124103968145,WT,enhancer,hybrid,2883
19,-1088.607594936709,4.73587074651072,0.1954210012849792,WT,enhancer,hybrid,2883
20,-1037.9746835443038,4.88927409197281,0.19685255725248071,WT,enhancer,hybrid,2883
21,-987.3417721518988,5.134388015656158,0.2095476073437873,WT,enhancer,hybrid,2883
22,-936.7088607594936,5.370522708308147,0.21788553410650108,WT,enhancer,hybrid,2883
23,-886.0759493670887,5.612055588095488,0.22395775179236113,WT,enhancer,hybrid,2883
24,-835.4430379746836,5.800323937487252,0.23056373072315553,WT,enhancer,hybrid,2883
25,-784.8101265822784,5.962436324451022,0.22522357611581784,WT,enhancer,hybrid,2883
26,-734.1772151898733,6.159995636188001,0.2183890621711912,WT,enhancer,hybrid,2883
27,-683.5443037974683,6.35976166918369,0.223443355570604,WT,enhancer,hybrid,2883
28,-632.9113924050632,6.590071622071645,0.22795787524744987,WT,enhancer,hybrid,2883
29,-582.2784810126582,6.861869340912154,0.22987047848798303,WT,enhancer,hybrid,2883
30,-531.6455696202531,7.115914640180747,0.23359208568827364,WT,enhancer,hybrid,2883
31,-481.0126582278481,7.363389301433744,0.23374945903457164,WT,enhancer,hybrid,2883
32,-430.37974683544303,7.633660540604456,0.23315361631973236,WT,enhancer,hybrid,2883
33,-379.746835443038,7.812816472138156,0.23289955704495904,WT,enhancer,hybrid,2883
34,-329.11392405063293,7.972026620944093,0.23250541665265467,WT,enhancer,hybrid,2883
35,-278.4810126582279,8.0799693387857765,0.2309676771517815,WT,enhancer,hybrid,2883
36,-227.84810126582283,8.21113239573611,0.22994488847903408,WT,enhancer,hybrid,2883
37,-177.21518987341778,8.292069060470013,0.22472345616365355,WT,enhancer,hybrid,2883
38,-126.58227848101274,8.40034253822474,0.2213504942626841,WT,enhancer,hybrid,2883
39,-75.94936708860769,8.509534365797556,0.219683478289082,WT,enhancer,hybrid,2883
40,-25.31645569620264,8.583756503085207,0.2136613536827137,WT,enhancer,hybrid,2883
41,25.31645569620241,8.575458004541074,0.21202134469648348,WT,enhancer,hybrid,2883
42,75.94936708860769,8.541763924193914,0.21547460722843312,WT,enhancer,hybrid,2883
43,126.58227848101252,8.436634868251229,0.21808075558009357,WT,enhancer,hybrid,2883
44,177.21518987341778,8.374110119291256,0.21822535929016892,WT,enhancer,hybrid,2883
45,227.8481012658226,8.309158984837415,0.2225340762683777,WT,enhancer,hybrid,2883
46,278.4810126582279,8.158242503569875,0.2215109181309227,WT,enhancer,hybrid,2883
47,329.1139240506327,7.942537197352475,0.21542545196885127,WT,enhancer,hybrid,2883
48,379.746835443038,7.766713419504174,0.2142011301511875,WT,enhancer,hybrid,2883
49,430.37974683544326,7.530356631753954,0.2116766101237108,WT,enhancer,hybrid,2883
50,481.0126582278481,7.312223665194093,0.2164861578001342,WT,enhancer,hybrid,2883
51,531.6455696202534,7.113265959151371,0.2225529068869325,WT,enhancer,hybrid,2883
52,582.2784810126582,6.894665155855682,0.2251702564553838,WT,enhancer,hybrid,2883
53,632.9113924050635,6.672303789239465,0.2261645770019461,WT,enhancer,hybrid,2883
54,683.5443037974683,6.434859187786587,0.22470540559785696,WT,enhancer,hybrid,2883
55,734.1772151898736,6.1259916335360165,0.2167804326156713,WT,enhancer,hybrid,2883
56,784.8101265822784,5.7802106564854565,0.20362101728728016,WT,enhancer,hybrid,2883
57,835.4430379746836,5.4590328252595315,0.1891952155509024,WT,enhancer,hybrid,2883
58,886.0759493670885,5.239776507660286,0.1830902091443133,WT,enhancer,hybrid,2883
59,936.7088607594936,5.078969458054223,0.1842950033384704,WT,enhancer,hybrid,2883
60,987.3417721518986,4.9221048834258,0.18748121599598577,WT,enhancer,hybrid,2883
61,1037.9746835443038,4.75273227000763,0.18856992677365103,WT,enhancer,hybrid,2883
62,1088.607594936709,4.637832880024828,0.19746511216468185,WT,enhancer,hybrid,2883
63,1139.240506329114,4.4933806731227035,0.203279088417839,WT,enhancer,hybrid,2883
64,1189.8734177215188,4.386588637960868,0.2054940017387695,WT,enhancer,hybrid,2883
65,1240.506329113924,4.291676400954605,0.2042734418474268,WT,enhancer,hybrid,2883
66,1291.139240506329,4.162713687137615,0.20060207870477276,WT,enhancer,hybrid,2883
67,1341.772151898734,4.075323254915176,0.19484555662291533,WT,enhancer,hybrid,2883
68,1392.4050632911394,4.016671931706959,0.1892838574594334,WT,enhancer,hybrid,2883
69,1443.0379746835442,3.9426684807071606,0.18484749291152425,WT,enhancer,hybrid,2883
70,1493.6708860759495,3.854372842372504,0.18199197335672224,WT,enhancer,hybrid,2883
71,1544.3037974683543,3.7969214832800664,0.18377766410922255,WT,enhancer,hybrid,2883
72,1594.9367088607596,3.766911706719072,0.18205961803797713,WT,enhancer,hybrid,2883
73,1645.5696202531644,3.715304100666726,0.17612688024465026,WT,enhancer,hybrid,2883
74,1696.2025316455697,3.6383112579980383,0.16790708418477088,WT,enhancer,hybrid,2883
75,1746.8354430379743,3.556205496555643,0.153997384034282,WT,enhancer,hybrid,2883
76,1797.4683544303798,3.4842155580860243,0.14622854873577804,WT,enhancer,hybrid,2883
77,1848.1012658227849,3.39520209875034,0.13505995111759989,WT,enhancer,hybrid,2883
78,1898.73417721519,3.2839165677595914,0.11907846517860587,WT,enhancer,hybrid,2883
79,1949.3670886075947,3.1603481206804056,0.10264985724402186,WT,enhancer,hybrid,2883
80,2000,3.070585984226899,0.09406714774993193,WT,enhancer,hybrid,2883
1,-2000,2.0386112934127696,0.03649016639971021,WT,enhancer,none,16000
2,-1949.367088607595,2.0345630458317068,0.03721268101152424,WT,enhancer,none,16000
3,-1898.73417721519,2.0152489256700785,0.0375189179588996,WT,enhancer,none,16000
4,-1848.1012658227849,2.007525454374459,0.03706913796988914,WT,enhancer,none,16000
5,-1797.4683544303798,1.9975926789115632,0.03664682074424299,WT,enhancer,none,16000
6,-1746.8354430379748,1.983133300731164,0.03535754661252652,WT,enhancer,none,16000
7,-1696.2025316455697,1.9777046349399832,0.03439448453782366,WT,enhancer,none,16000
8,-1645.5696202531644,1.970669536551712,0.03379743128378494,WT,enhancer,none,16000
9,-1594.9367088607596,1.9707318848274715,0.0337028287531549,WT,enhancer,none,16000
10,-1544.3037974683543,1.9687915312961828,0.033372170335973,WT,enhancer,none,16000
11,-1493.6708860759495,1.9677197406899924,0.03346386127359862,WT,enhancer,none,16000
12,-1443.0379746835442,1.960363542238921,0.03357085732289691,WT,enhancer,none,16000
13,-1392.4050632911392,1.9419655509033624,0.03288307916037933,WT,enhancer,none,16000
14,-1341.772151898734,1.9326091324730652,0.03265392786732684,WT,enhancer,none,16000
15,-1291.139240506329,1.9201673017067409,0.0322045911281539,WT,enhancer,none,16000
16,-1240.506329113924,1.8920711352437865,0.0312370451367711,WT,enhancer,none,16000
17,-1189.873417721519,1.861423055664091,0.02980064896015869,WT,enhancer,none,16000
18,-1139.240506329114,1.8258769058891968,0.02851896326167015,WT,enhancer,none,16000
19,-1088.607594936709,1.8072593183990884,0.02795195375686703,WT,enhancer,none,16000
20,-1037.9746835443038,1.793668471939993,0.02744870408940749,WT,enhancer,none,16000
21,-987.3417721518988,1.7773746179165169,0.02754715011222719,WT,enhancer,none,16000
22,-936.7088607594936,1.7528672868155395,0.02685008346718576,WT,enhancer,none,16000
23,-886.0759493670887,1.7198493830653194,0.02605944243462756,WT,enhancer,none,16000
24,-835.4430379746836,1.6755822185296352,0.02438770830612655,WT,enhancer,none,16000
25,-784.8101265822784,1.6345963200550626,0.02196801088663307,WT,enhancer,none,16000
26,-734.1772151898733,1.601034736239043,0.01979331193032509,WT,enhancer,none,16000
27,-683.5443037974683,1.575841929164257,0.01808693578011567,WT,enhancer,none,16000
28,-632.9113924050632,1.5426518062698564,0.01685483898142088,WT,enhancer,none,16000
29,-582.2784810126582,1.517265904232025,0.01594807195686571,WT,enhancer,none,16000
30,-531.6455696202531,1.4863541402384497,0.01529327043221521,WT,enhancer,none,16000
31,-481.0126582278481,1.4598892879705752,0.01459859597835606,WT,enhancer,none,16000
32,-430.37974683544303,1.4368482879035989,0.01386377067206939,WT,enhancer,none,16000
33,-379.746835443038,1.4123684793216085,0.01312306863913078,WT,enhancer,none,16000
34,-329.11392405063293,1.3910531298624649,0.01244985574071421,WT,enhancer,none,16000
35,-278.4810126582279,1.368082306556202,0.01174568665767534,WT,enhancer,none,16000
36,-227.84810126582283,1.347411619735212,0.0111651192003999,WT,enhancer,none,16000
37,-177.21518987341778,1.3347379131530146,0.0107995261548591,WT,enhancer,none,16000
38,-126.58227848101274,1.331061769174699,0.01046291213575143,WT,enhancer,none,16000
39,-75.94936708860769,1.3278566912518028,0.01039811385072905,WT,enhancer,none,16000
40,-25.31645569620264,1.3274192415316388,0.01035679049744722,WT,enhancer,none,16000
41,25.31645569620241,1.3230005674485634,0.01037596821019894,WT,enhancer,none,16000
42,75.94936708860769,1.329635137414514,0.01050220593635689,WT,enhancer,none,16000
43,126.58227848101252,1.3405125242374658,0.01069138659516364,WT,enhancer,none,16000
44,177.21518987341778,1.356019677579697,0.01101653575411478,WT,enhancer,none,16000
45,227.8481012658226,1.3632768194577989,0.01139927786438827,WT,enhancer,none,16000
46,278.4810126582279,1.3813503815008914,0.01176813344045904,WT,enhancer,none,16000
47,329.1139240506327,1.4032615682485514,0.01235441399201832,WT,enhancer,none,16000
48,379.746835443038,1.4297472684445467,0.01312984763873202,WT,enhancer,none,16000
49,430.37974683544326,1.4665272461312664,0.01406664705672459,WT,enhancer,none,16000
50,481.0126582278481,1.4970999601558577,0.01495408153739455,WT,enhancer,none,16000
51,531.6455696202534,1.5350699736728426,0.01635476213635164,WT,enhancer,none,16000
52,582.2784810126582,1.5670369543763945,0.01766897387638352,WT,enhancer,none,16000
53,632.9113924050635,1.6011813957428338,0.01900250592579831,WT,enhancer,none,16000
54,683.5443037974683,1.6372758496216917,0.02042647249377162,WT,enhancer,none,16000
55,734.1772151898736,1.6762072425055796,0.02203981050262642,WT,enhancer,none,16000
56,784.8101265822784,1.7100612830220654,0.02426459040988479,WT,enhancer,none,16000
57,835.4430379746836,1.7431952036059506,0.02758196557494018,WT,enhancer,none,16000
58,886.0759493670885,1.778896910299581,0.03043901257684476,WT,enhancer,none,16000
59,936.7088607594936,1.799897065805658,0.03223715901357733,WT,enhancer,none,16000
60,987.3417721518986,1.8208438980894712,0.03330542265250839,WT,enhancer,none,16000
61,1037.9746835443038,1.8320520117747896,0.03257030822211589,WT,enhancer,none,16000
62,1088.607594936709,1.844822033976628,0.0310532416571961,WT,enhancer,none,16000
63,1139.240506329114,1.865441431365849,0.03039019744306032,WT,enhancer,none,16000
64,1189.8734177215188,1.8855354310377177,0.03047410021842357,WT,enhancer,none,16000
65,1240.506329113924,1.8933512031675424,0.03096803033233357,WT,enhancer,none,16000
66,1291.139240506329,1.9047742465076,0.03165928759274306,WT,enhancer,none,16000
67,1341.772151898734,1.927189383872506,0.03280068238880115,WT,enhancer,none,16000
68,1392.4050632911394,1.9485092759413185,0.03408552273636264,WT,enhancer,none,16000
69,1443.0379746835442,1.9744166378279335,0.03484742763019752,WT,enhancer,none,16000
70,1493.6708860759495,1.9939428802381236,0.03568999727627484,WT,enhancer,none,16000
71,1544.3037974683543,2.0036935495815387,0.03632274383599077,WT,enhancer,none,16000
72,1594.9367088607596,2.010678115780506,0.03659663278817435,WT,enhancer,none,16000
73,1645.5696202531644,2.017203910947728,0.03716630944289124,WT,enhancer,none,16000
74,1696.2025316455697,2.0156261020288895,0.03656430127792665,WT,enhancer,none,16000
75,1746.8354430379743,2.0026414509746258,0.03483002879852558,WT,enhancer,none,16000
76,1797.4683544303798,1.997812299856417,0.03406979342365195,WT,enhancer,none,16000
77,1848.1012658227849,1.9994494025450251,0.03443303035805732,WT,enhancer,none,16000
78,1898.73417721519,2.0092682826582875,0.03662180306017636,WT,enhancer,none,16000
79,1949.3670886075947,2.0149394008364503,0.03813492447736856,WT,enhancer,none,16000
80,2000,2.013217344968207,0.03816391436088684,WT,enhancer,none,16000
1,-2000,6.761603038098575,0.14756140728612255,DHX36KO,promoter,parallel,7385
2,-1949.367088607595,6.7695475127677085,0.1453358771396007,DHX36KO,promoter,parallel,7385
3,-1898.73417721519,6.776005353103613,0.14261735617472984,DHX36KO,promoter,parallel,7385
4,-1848.1012658227849,6.793909532091145,0.1448481627119365,DHX36KO,promoter,parallel,7385
5,-1797.4683544303798,6.799721621410165,0.1497453695323553,DHX36KO,promoter,parallel,7385
6,-1746.8354430379748,6.821840581537611,0.15471459559442355,DHX36KO,promoter,parallel,7385
7,-1696.2025316455697,6.877378296723298,0.15716802110937053,DHX36KO,promoter,parallel,7385
8,-1645.5696202531644,6.912294362118755,0.15701588749203155,DHX36KO,promoter,parallel,7385
9,-1594.9367088607596,6.9612548645019965,0.15709134454579915,DHX36KO,promoter,parallel,7385
10,-1544.3037974683543,6.963494985760482,0.15450952054133896,DHX36KO,promoter,parallel,7385
11,-1493.6708860759495,6.979473029456702,0.1534429982312445,DHX36KO,promoter,parallel,7385
12,-1443.0379746835442,7.0001444351666136,0.15389091124733173,DHX36KO,promoter,parallel,7385
13,-1392.4050632911392,7.019163646847904,0.1566412554992095,DHX36KO,promoter,parallel,7385
14,-1341.772151898734,7.0952597947295,0.1638863984267395,DHX36KO,promoter,parallel,7385
15,-1291.139240506329,7.137673714310072,0.1696842781769898,DHX36KO,promoter,parallel,7385
16,-1240.506329113924,7.1637446826402345,0.17203756350641491,DHX36KO,promoter,parallel,7385
17,-1189.873417721519,7.18479348649023,0.1722264349387705,DHX36KO,promoter,parallel,7385
18,-1139.240506329114,7.183469435425167,0.17029373969105102,DHX36KO,promoter,parallel,7385
19,-1088.607594936709,7.225414788435555,0.1717075402831576,DHX36KO,promoter,parallel,7385
20,-1037.9746835443038,7.2870184205366675,0.1722585071092763,DHX36KO,promoter,parallel,7385
21,-987.3417721518988,7.343819035413329,0.1739593236284034,DHX36KO,promoter,parallel,7385
22,-936.7088607594936,7.338754866755323,0.1725886848760693,DHX36KO,promoter,parallel,7385
23,-886.0759493670887,7.321123489515154,0.1677877862485117,DHX36KO,promoter,parallel,7385
24,-835.4430379746836,7.321329099354048,0.16219823530815028,DHX36KO,promoter,parallel,7385
25,-784.8101265822784,7.367027330384462,0.15922824367776264,DHX36KO,promoter,parallel,7385
26,-734.1772151898733,7.4590518832255155,0.16107992021033285,DHX36KO,promoter,parallel,7385
27,-683.5443037974683,7.556849558799053,0.16227897688393916,DHX36KO,promoter,parallel,7385
28,-632.9113924050632,7.665869869878614,0.16384736855556742,DHX36KO,promoter,parallel,7385
29,-582.2784810126582,7.753768118970041,0.16555997678649476,DHX36KO,promoter,parallel,7385
30,-531.6455696202531,7.873987642555198,0.1702825125430505,DHX36KO,promoter,parallel,7385
31,-481.0126582278481,8.021155781007572,0.17663937724734063,DHX36KO,promoter,parallel,7385
32,-430.37974683544303,8.219799161815665,0.1873323143657949,DHX36KO,promoter,parallel,7385
33,-379.746835443038,8.4481190469610965,0.1954446976883458,DHX36KO,promoter,parallel,7385
34,-329.11392405063293,8.779594711921952,0.2086538269184366,DHX36KO,promoter,parallel,7385
35,-278.4810126582279,9.127312414285534,0.2251986382093228,DHX36KO,promoter,parallel,7385
36,-227.84810126582283,9.464835421948743,0.2440225125314626,DHX36KO,promoter,parallel,7385
37,-177.21518987341778,9.849941390848835,0.26501027156758544,DHX36KO,promoter,parallel,7385
38,-126.58227848101274,10.176654622465998,0.28032696787146966,DHX36KO,promoter,parallel,7385
39,-75.94936708860769,10.444767769927823,0.28861739929306196,DHX36KO,promoter,parallel,7385
40,-25.31645569620264,10.46816707801453,0.28294496227781324,DHX36KO,promoter,parallel,7385
41,25.31645569620241,10.31230484708516,0.2686550864730764,DHX36KO,promoter,parallel,7385
42,75.94936708860769,10.100490495461584,0.25180908805256796,DHX36KO,promoter,parallel,7385
43,126.58227848101252,9.877896234528473,0.23589298465626868,DHX36KO,promoter,parallel,7385
44,177.21518987341778,9.68063389559778,0.22618165060838735,DHX36KO,promoter,parallel,7385
45,227.8481012658226,9.386299844353765,0.21583046585450344,DHX36KO,promoter,parallel,7385
46,278.4810126582279,9.049714640904591,0.2037283770306477,DHX36KO,promoter,parallel,7385
47,329.1139240506327,8.78074753164949,0.19496912944458683,DHX36KO,promoter,parallel,7385
48,379.746835443038,8.543112835716217,0.18561264107394185,DHX36KO,promoter,parallel,7385
49,430.37974683544326,8.300172729170315,0.17514641467638176,DHX36KO,promoter,parallel,7385
50,481.0126582278481,8.07933608524419,0.16847996492088027,DHX36KO,promoter,parallel,7385
51,531.6455696202534,7.91033690139473,0.16815662193974196,DHX36KO,promoter,parallel,7385
52,582.2784810126582,7.81303974527851,0.16947317531524514,DHX36KO,promoter,parallel,7385
53,632.9113924050635,7.744968571806029,0.16872700261666412,DHX36KO,promoter,parallel,7385
54,683.5443037974683,7.639231552319665,0.16625575195637438,DHX36KO,promoter,parallel,7385
55,734.1772151898736,7.538770052950745,0.16341639368218075,DHX36KO,promoter,parallel,7385
56,784.8101265822784,7.448495781487305,0.1607604709096699,DHX36KO,promoter,parallel,7385
57,835.4430379746836,7.410447604424096,0.16080624202398586,DHX36KO,promoter,parallel,7385
58,886.0759493670885,7.331354206135999,0.16404328397924892,DHX36KO,promoter,parallel,7385
59,936.7088607594936,7.312414448484344,0.17038782971622016,DHX36KO,promoter,parallel,7385
60,987.3417721518986,7.292088320884821,0.1740515908805039,DHX36KO,promoter,parallel,7385
61,1037.9746835443038,7.261779217164206,0.17619682711913506,DHX36KO,promoter,parallel,7385
62,1088.607594936709,7.211158361799748,0.17513158346299476,DHX36KO,promoter,parallel,7385
63,1139.240506329114,7.136271924385715,0.17401700047685012,DHX36KO,promoter,parallel,7385
64,1189.8734177215188,7.090438170999094,0.17444750057068495,DHX36KO,promoter,parallel,7385
65,1240.506329113924,7.061774259684775,0.1722017941335693,DHX36KO,promoter,parallel,7385
66,1291.139240506329,7.036738834579006,0.16787030901291647,DHX36KO,promoter,parallel,7385
67,1341.772151898734,7.016788796274314,0.16131948227791257,DHX36KO,promoter,parallel,7385
68,1392.4050632911394,7.02276274414069,0.15710751177315554,DHX36KO,promoter,parallel,7385
69,1443.0379746835442,7.031262126392609,0.158401521863314,DHX36KO,promoter,parallel,7385
70,1493.6708860759495,7.001657842393223,0.15938753009050274,DHX36KO,promoter,parallel,7385
71,1544.3037974683543,6.974423974574163,0.16038434704513138,DHX36KO,promoter,parallel,7385
72,1594.9367088607596,6.888469366796021,0.1608501523546317,DHX36KO,promoter,parallel,7385
73,1645.5696202531644,6.8225257229455245,0.15871396057333376,DHX36KO,promoter,parallel,7385
74,1696.2025316455697,6.80438590346715,0.15572858938606676,DHX36KO,promoter,parallel,7385
75,1746.8354430379743,6.797274239182714,0.15152930603879164,DHX36KO,promoter,parallel,7385
76,1797.4683544303798,6.7747640476551805,0.14955867634590936,DHX36KO,promoter,parallel,7385
77,1848.1012658227849,6.798319479687062,0.1514901024958204,DHX36KO,promoter,parallel,7385
78,1898.73417721519,6.8881721350180865,0.16140087505824108,DHX36KO,promoter,parallel,7385
79,1949.3670886075947,6.961366416073362,0.16999472144575337,DHX36KO,promoter,parallel,7385
80,2000,6.952028299678397,0.17206165326004635,DHX36KO,promoter,parallel,7385
1,-2000,7.840954721453178,0.8032604170785548,DHX36KO,promoter,antiparallel,670
2,-1949.367088607595,7.799945463397609,0.7764859680762757,DHX36KO,promoter,antiparallel,670
3,-1898.73417721519,7.7052485938416195,0.7195074658550603,DHX36KO,promoter,antiparallel,670
4,-1848.1012658227849,7.488977952181403,0.6335852285641113,DHX36KO,promoter,antiparallel,670
5,-1797.4683544303798,7.358830431942916,0.5616074677994954,DHX36KO,promoter,antiparallel,670
6,-1746.8354430379748,7.13158407817907,0.4886112401775086,DHX36KO,promoter,antiparallel,670
7,-1696.2025316455697,7.012958302319939,0.47095273347751,DHX36KO,promoter,antiparallel,670
8,-1645.5696202531644,6.934692945035536,0.47493046136527295,DHX36KO,promoter,antiparallel,670
9,-1594.9367088607596,6.800711880019648,0.4688559886820585,DHX36KO,promoter,antiparallel,670
10,-1544.3037974683543,6.634936142875188,0.46170951340970384,DHX36KO,promoter,antiparallel,670
11,-1493.6708860759495,6.604930484546358,0.4449303058190943,DHX36KO,promoter,antiparallel,670
12,-1443.0379746835442,6.5036618283933665,0.4110798931175655,DHX36KO,promoter,antiparallel,670
13,-1392.4050632911392,6.394612872461774,0.3860016739100319,DHX36KO,promoter,antiparallel,670
14,-1341.772151898734,6.277913188825199,0.36057025830193173,DHX36KO,promoter,antiparallel,670
15,-1291.139240506329,6.249302764856993,0.351024568548297,DHX36KO,promoter,antiparallel,670
16,-1240.506329113924,6.318791287942905,0.3626364608372325,DHX36KO,promoter,antiparallel,670
17,-1189.873417721519,6.388508526602788,0.3814623131648471,DHX36KO,promoter,antiparallel,670
18,-1139.240506329114,6.353051671744579,0.3937631525854454,DHX36KO,promoter,antiparallel,670
19,-1088.607594936709,6.195410246218022,0.3849732845547638,DHX36KO,promoter,antiparallel,670
20,-1037.9746835443038,6.156683395035825,0.37918312742185833,DHX36KO,promoter,antiparallel,670
21,-987.3417721518988,6.14544117347518,0.3670796047561159,DHX36KO,promoter,antiparallel,670
22,-936.7088607594936,6.20441827664921,0.3673591371779635,DHX36KO,promoter,antiparallel,670
23,-886.0759493670887,6.309159006590867,0.3660718090814527,DHX36KO,promoter,antiparallel,670
24,-835.4430379746836,6.390902551862138,0.3766437325587807,DHX36KO,promoter,antiparallel,670
25,-784.8101265822784,6.393851552117523,0.37236192408767055,DHX36KO,promoter,antiparallel,670
26,-734.1772151898733,6.3267240859797935,0.35636860540919846,DHX36KO,promoter,antiparallel,670
27,-683.5443037974683,6.25999007129432,0.3449320618755321,DHX36KO,promoter,antiparallel,670
28,-632.9113924050632,6.162506117501662,0.34492570675650097,DHX36KO,promoter,antiparallel,670
29,-582.2784810126582,6.074223948947233,0.3439255313360391,DHX36KO,promoter,antiparallel,670
30,-531.6455696202531,5.9934432227575956,0.3507507439567606,DHX36KO,promoter,antiparallel,670
31,-481.0126582278481,6.063055410722002,0.3597157658679157,DHX36KO,promoter,antiparallel,670
32,-430.37974683544303,6.155361752623943,0.38065327621077566,DHX36KO,promoter,antiparallel,670
33,-379.746835443038,6.221834500041174,0.4232688550261005,DHX36KO,promoter,antiparallel,670
34,-329.11392405063293,6.332794797339843,0.4782637057026636,DHX36KO,promoter,antiparallel,670
35,-278.4810126582279,6.680138794375889,0.5449849876276356,DHX36KO,promoter,antiparallel,670
36,-227.84810126582283,7.043562630679477,0.6064018234116634,DHX36KO,promoter,antiparallel,670
37,-177.21518987341778,7.402550558405729,0.6393808380398482,DHX36KO,promoter,antiparallel,670
38,-126.58227848101274,7.66855932732008,0.677775866648736,DHX36KO,promoter,antiparallel,670
39,-75.94936708860769,7.939353680993787,0.712834349521022,DHX36KO,promoter,antiparallel,670
40,-25.31645569620264,8.138692287351361,0.7356152841864688,DHX36KO,promoter,antiparallel,670
41,25.31645569620241,8.351710318540459,0.7450586519872372,DHX36KO,promoter,antiparallel,670
42,75.94936708860769,8.282601654642257,0.7319190358330566,DHX36KO,promoter,antiparallel,670
43,126.58227848101252,8.036076865367036,0.6986362734624463,DHX36KO,promoter,antiparallel,670
44,177.21518987341778,7.708253349861695,0.640743383873136,DHX36KO,promoter,antiparallel,670
45,227.8481012658226,7.3980163754301875,0.5710736072921484,DHX36KO,promoter,antiparallel,670
46,278.4810126582279,7.093750129055621,0.5031951094201349,DHX36KO,promoter,antiparallel,670
47,329.1139240506327,6.963422503305312,0.46953658122395503,DHX36KO,promoter,antiparallel,670
48,379.746835443038,6.98536381721378,0.45022198615776526,DHX36KO,promoter,antiparallel,670
49,430.37974683544326,6.993818570772807,0.4590677452601154,DHX36KO,promoter,antiparallel,670
50,481.0126582278481,6.9628803658639615,0.460260921800982,DHX36KO,promoter,antiparallel,670
51,531.6455696202534,6.852750097803809,0.4549020085701298,DHX36KO,promoter,antiparallel,670
52,582.2784810126582,6.767122445805156,0.4582181589404401,DHX36KO,promoter,antiparallel,670
53,632.9113924050635,6.7072476465298765,0.4584842798760605,DHX36KO,promoter,antiparallel,670
54,683.5443037974683,6.57599547848654,0.4434256219307369,DHX36KO,promoter,antiparallel,670
55,734.1772151898736,6.54513013009171,0.4306627377537727,DHX36KO,promoter,antiparallel,670
56,784.8101265822784,6.6388565805788655,0.4478665944442661,DHX36KO,promoter,antiparallel,670
57,835.4430379746836,6.769807483622091,0.4758519061948828,DHX36KO,promoter,antiparallel,670
58,886.0759493670885,6.953889959096909,0.514333989324494,DHX36KO,promoter,antiparallel,670
59,936.7088607594936,7.064552946214059,0.5224584194225249,DHX36KO,promoter,antiparallel,670
60,987.3417721518986,7.19875610675622,0.51167433600274,DHX36KO,promoter,antiparallel,670
61,1037.9746835443038,7.244241849045255,0.4859872206451509,DHX36KO,promoter,antiparallel,670
62,1088.607594936709,7.214595833395251,0.45950011474281177,DHX36KO,promoter,antiparallel,670
63,1139.240506329114,7.073465386573355,0.42859517402428854,DHX36KO,promoter,antiparallel,670
64,1189.8734177215188,6.904161248060008,0.40102787556933994,DHX36KO,promoter,antiparallel,670
65,1240.506329113924,6.831487749441346,0.4042936672839533,DHX36KO,promoter,antiparallel,670
66,1291.139240506329,6.84572754613084,0.4089490512317155,DHX36KO,promoter,antiparallel,670
67,1341.772151898734,6.9786962982089955,0.4278948536769296,DHX36KO,promoter,antiparallel,670
68,1392.4050632911394,6.905329339635906,0.4472379711996912,DHX36KO,promoter,antiparallel,670
69,1443.0379746835442,6.926415412611036,0.48188361434348825,DHX36KO,promoter,antiparallel,670
70,1493.6708860759495,6.997475198790801,0.5221665929385754,DHX36KO,promoter,antiparallel,670
71,1544.3037974683543,7.099869223441651,0.6211302681128424,DHX36KO,promoter,antiparallel,670
72,1594.9367088607596,7.156130421671701,0.7215540959734454,DHX36KO,promoter,antiparallel,670
73,1645.5696202531644,7.197381877660751,0.7509891916510714,DHX36KO,promoter,antiparallel,670
74,1696.2025316455697,7.0937514575963,0.7078674230036613,DHX36KO,promoter,antiparallel,670
75,1746.8354430379743,6.946419314764032,0.6546823691955306,DHX36KO,promoter,antiparallel,670
76,1797.4683544303798,6.841413022652194,0.6399362533232047,DHX36KO,promoter,antiparallel,670
77,1848.1012658227849,6.699154682149935,0.6234020660056985,DHX36KO,promoter,antiparallel,670
78,1898.73417721519,6.579713974730885,0.5882629716781103,DHX36KO,promoter,antiparallel,670
79,1949.3670886075947,6.453405207947119,0.5365093776488425,DHX36KO,promoter,antiparallel,670
80,2000,6.35677433624315,0.5179929274337006,DHX36KO,promoter,antiparallel,670
1,-2000,7.0688095588489865,0.46888389038161216,DHX36KO,promoter,hybrid,1113
2,-1949.367088607595,7.24945207101851,0.4989833725772124,DHX36KO,promoter,hybrid,1113
3,-1898.73417721519,7.374522070476273,0.5122687002204468,DHX36KO,promoter,hybrid,1113
4,-1848.1012658227849,7.369859217867662,0.5200975533612519,DHX36KO,promoter,hybrid,1113
5,-1797.4683544303798,7.317992898203292,0.5000774744808242,DHX36KO,promoter,hybrid,1113
6,-1746.8354430379748,7.230763603003663,0.4762947507447056,DHX36KO,promoter,hybrid,1113
7,-1696.2025316455697,7.260395827301251,0.47253353179266416,DHX36KO,promoter,hybrid,1113
8,-1645.5696202531644,7.229294728792938,0.4527720444558734,DHX36KO,promoter,hybrid,1113
9,-1594.9367088607596,7.121974297922933,0.4280466778764805,DHX36KO,promoter,hybrid,1113
10,-1544.3037974683543,6.923380424959212,0.3905548967101036,DHX36KO,promoter,hybrid,1113
11,-1493.6708860759495,6.656299529330536,0.34634285371547513,DHX36KO,promoter,hybrid,1113
12,-1443.0379746835442,6.554411519105008,0.33296175565169867,DHX36KO,promoter,hybrid,1113
13,-1392.4050632911392,6.477843581095682,0.33288596042018553,DHX36KO,promoter,hybrid,1113
14,-1341.772151898734,6.438143291411267,0.3421018824058948,DHX36KO,promoter,hybrid,1113
15,-1291.139240506329,6.377698861797186,0.34641688505595364,DHX36KO,promoter,hybrid,1113
16,-1240.506329113924,6.342996397145532,0.34272772576047167,DHX36KO,promoter,hybrid,1113
17,-1189.873417721519,6.290270051270697,0.326158194957728,DHX36KO,promoter,hybrid,1113
18,-1139.240506329114,6.223961719101366,0.30717625838099,DHX36KO,promoter,hybrid,1113
19,-1088.607594936709,6.152145000448053,0.28777716034692047,DHX36KO,promoter,hybrid,1113
20,-1037.9746835443038,6.1386216876334725,0.27468378020943934,DHX36KO,promoter,hybrid,1113
21,-987.3417721518988,6.2050919640696165,0.2793714055893917,DHX36KO,promoter,hybrid,1113
22,-936.7088607594936,6.275326841003919,0.2869580261037552,DHX36KO,promoter,hybrid,1113
23,-886.0759493670887,6.36086227746951,0.29130761431069274,DHX36KO,promoter,hybrid,1113
24,-835.4430379746836,6.5728292278752205,0.30364744554231854,DHX36KO,promoter,hybrid,1113
25,-784.8101265822784,6.751271313781259,0.32408509406921504,DHX36KO,promoter,hybrid,1113
26,-734.1772151898733,7.0393627230055,0.35109709453119525,DHX36KO,promoter,hybrid,1113
27,-683.5443037974683,7.318485676419703,0.3727772952798272,DHX36KO,promoter,hybrid,1113
28,-632.9113924050632,7.542430368142415,0.3924207865276739,DHX36KO,promoter,hybrid,1113
29,-582.2784810126582,7.760474745148347,0.422606601624839,DHX36KO,promoter,hybrid,1113
30,-531.6455696202531,8.038025158086413,0.45516952970417673,DHX36KO,promoter,hybrid,1113
31,-481.0126582278481,8.396191502361463,0.5147432908882714,DHX36KO,promoter,hybrid,1113
32,-430.37974683544303,8.785711971043327,0.5805913599846612,DHX36KO,promoter,hybrid,1113
33,-379.746835443038,9.352811974085316,0.6628874617371773,DHX36KO,promoter,hybrid,1113
34,-329.11392405063293,9.93359494923617,0.7359008115457092,DHX36KO,promoter,hybrid,1113
35,-278.4810126582279,10.660055512524394,0.8122581743321599,DHX36KO,promoter,hybrid,1113
36,-227.84810126582283,11.1187962959269,0.8568500518507042,DHX36KO,promoter,hybrid,1113
37,-177.21518987341778,11.393952309832526,0.8696742607742464,DHX36KO,promoter,hybrid,1113
38,-126.58227848101274,11.753087724176986,0.8706771522116002,DHX36KO,promoter,hybrid,1113
39,-75.94936708860769,11.993505914573293,0.8554724191589901,DHX36KO,promoter,hybrid,1113
40,-25.31645569620264,12.130639473091668,0.8377079076512322,DHX36KO,promoter,hybrid,1113
41,25.31645569620241,12.131395619451087,0.8153372791670601,DHX36KO,promoter,hybrid,1113
42,75.94936708860769,11.804522604094752,0.7765627274188184,DHX36KO,promoter,hybrid,1113
43,126.58227848101252,11.411073227535647,0.7443345200220842,DHX36KO,promoter,hybrid,1113
44,177.21518987341778,10.901009591571867,0.692431965694098,DHX36KO,promoter,hybrid,1113
45,227.8481012658226,10.32153138245248,0.6342686615369292,DHX36KO,promoter,hybrid,1113
46,278.4810126582279,9.7626819545775,0.5736233412230004,DHX36KO,promoter,hybrid,1113
47,329.1139240506327,9.367215892352467,0.5361828205212816,DHX36KO,promoter,hybrid,1113
48,379.746835443038,9.030408641025312,0.5038236545702838,DHX36KO,promoter,hybrid,1113
49,430.37974683544326,8.760741559779369,0.4804451593558065,DHX36KO,promoter,hybrid,1113
50,481.0126582278481,8.58437200924564,0.4799585380510276,DHX36KO,promoter,hybrid,1113
51,531.6455696202534,8.512452037809995,0.5006354132036366,DHX36KO,promoter,hybrid,1113
52,582.2784810126582,8.461134306976058,0.5172194931082804,DHX36KO,promoter,hybrid,1113
53,632.9113924050635,8.4760870660697325,0.5432622263109292,DHX36KO,promoter,hybrid,1113
54,683.5443037974683,8.492548018482925,0.5927567025021435,DHX36KO,promoter,hybrid,1113
55,734.1772151898736,8.444972150073005,0.6338176151614224,DHX36KO,promoter,hybrid,1113
56,784.8101265822784,8.395352575421226,0.6743571176817421,DHX36KO,promoter,hybrid,1113
57,835.4430379746836,8.354949562198282,0.6761915275744903,DHX36KO,promoter,hybrid,1113
58,886.0759493670885,8.28676063839923,0.6588484513425464,DHX36KO,promoter,hybrid,1113
59,936.7088607594936,8.136946603523539,0.6157334299809882,DHX36KO,promoter,hybrid,1113
60,987.3417721518986,8.09474482329815,0.583921651629814,DHX36KO,promoter,hybrid,1113
61,1037.9746835443038,8.189096203629362,0.5931180972052871,DHX36KO,promoter,hybrid,1113
62,1088.607594936709,8.237452505679501,0.5948364599333513,DHX36KO,promoter,hybrid,1113
63,1139.240506329114,8.220781944732032,0.5995852439473626,DHX36KO,promoter,hybrid,1113
64,1189.8734177215188,8.365143720902308,0.6344405882190525,DHX36KO,promoter,hybrid,1113
65,1240.506329113924,8.561489723729816,0.6640226446731878,DHX36KO,promoter,hybrid,1113
66,1291.139240506329,8.680198548764803,0.6694998246903612,DHX36KO,promoter,hybrid,1113
67,1341.772151898734,8.732842669410598,0.6485190836397188,DHX36KO,promoter,hybrid,1113
68,1392.4050632911394,8.60172240451911,0.6211691692834027,DHX36KO,promoter,hybrid,1113
69,1443.0379746835442,8.477313653229595,0.5989180001176048,DHX36KO,promoter,hybrid,1113
70,1493.6708860759495,8.394208653850733,0.5959352881693564,DHX36KO,promoter,hybrid,1113
71,1544.3037974683543,8.291893814918202,0.5925198064115583,DHX36KO,promoter,hybrid,1113
72,1594.9367088607596,8.18761943613494,0.5808594552478034,DHX36KO,promoter,hybrid,1113
73,1645.5696202531644,7.95815787164563,0.5344328630774283,DHX36KO,promoter,hybrid,1113
74,1696.2025316455697,7.867597495212138,0.5087190598727801,DHX36KO,promoter,hybrid,1113
75,1746.8354430379743,7.760385049374812,0.4795378515605074,DHX36KO,promoter,hybrid,1113
76,1797.4683544303798,7.846307512824141,0.48403605082197915,DHX36KO,promoter,hybrid,1113
77,1848.1012658227849,7.829707800126712,0.49267987856272033,DHX36KO,promoter,hybrid,1113
78,1898.73417721519,7.84124969001229,0.49869761766590787,DHX36KO,promoter,hybrid,1113
79,1949.3670886075947,7.846806667402998,0.5180123920268663,DHX36KO,promoter,hybrid,1113
80,2000,7.8355577482039,0.5105797647709273,DHX36KO,promoter,hybrid,1113
1,-2000,1.6458330294971992,0.01529932707498456,DHX36KO,promoter,none,14910
2,-1949.367088607595,1.6290632212780674,0.01504743888677242,DHX36KO,promoter,none,14910
3,-1898.73417721519,1.6190305709377877,0.01483223040089702,DHX36KO,promoter,none,14910
4,-1848.1012658227849,1.6122071846909367,0.01480003499683397,DHX36KO,promoter,none,14910
5,-1797.4683544303798,1.6044299284681132,0.014793833815587,DHX36KO,promoter,none,14910
6,-1746.8354430379748,1.5980649429600655,0.01478693572534672,DHX36KO,promoter,none,14910
7,-1696.2025316455697,1.592764356128372,0.01482296177838651,DHX36KO,promoter,none,14910
8,-1645.5696202531644,1.591297791729014,0.01478106971505073,DHX36KO,promoter,none,14910
9,-1594.9367088607596,1.5928753854643916,0.01472204441705559,DHX36KO,promoter,none,14910
10,-1544.3037974683543,1.58902594163544,0.01464640638108004,DHX36KO,promoter,none,14910
11,-1493.6708860759495,1.5837592923995751,0.01463425428913267,DHX36KO,promoter,none,14910
12,-1443.0379746835442,1.587435977832495,0.01466084537725073,DHX36KO,promoter,none,14910
13,-1392.4050632911392,1.5890956415600246,0.01471366140373835,DHX36KO,promoter,none,14910
14,-1341.772151898734,1.5720700065266089,0.01459583166205634,DHX36KO,promoter,none,14910
15,-1291.139240506329,1.5682626046958326,0.01445448790347147,DHX36KO,promoter,none,14910
16,-1240.506329113924,1.5669287109779968,0.01434738919599771,DHX36KO,promoter,none,14910
17,-1189.873417721519,1.5695223175967394,0.01436162010617972,DHX36KO,promoter,none,14910
18,-1139.240506329114,1.5833332857333855,0.01449768931532923,DHX36KO,promoter,none,14910
19,-1088.607594936709,1.5969761405842169,0.01478773113423507,DHX36KO,promoter,none,14910
20,-1037.9746835443038,1.6017378146922387,0.01489241616363279,DHX36KO,promoter,none,14910
21,-987.3417721518988,1.6018192925067427,0.01483289284250487,DHX36KO,promoter,none,14910
22,-936.7088607594936,1.5990784000322245,0.01475676119816053,DHX36KO,promoter,none,14910
23,-886.0759493670887,1.5933632053070266,0.01468371153122173,DHX36KO,promoter,none,14910
24,-835.4430379746836,1.5842887951861668,0.01464000352224204,DHX36KO,promoter,none,14910
25,-784.8101265822784,1.5774647619298765,0.01465545946930351,DHX36KO,promoter,none,14910
26,-734.1772151898733,1.576369307969232,0.0146658641381689,DHX36KO,promoter,none,14910
27,-683.5443037974683,1.5712681924987055,0.01465026111990091,DHX36KO,promoter,none,14910
28,-632.9113924050632,1.568525998509409,0.0145331428778425,DHX36KO,promoter,none,14910
29,-582.2784810126582,1.5677619268628753,0.01452632488014504,DHX36KO,promoter,none,14910
30,-531.6455696202531,1.559143985090579,0.01451447512859219,DHX36KO,promoter,none,14910
31,-481.0126582278481,1.566255451859891,0.0145650966058414,DHX36KO,promoter,none,14910
32,-430.37974683544303,1.5713309695694262,0.01464929460184385,DHX36KO,promoter,none,14910
33,-379.746835443038,1.5748858767003435,0.01470728175086074,DHX36KO,promoter,none,14910
34,-329.11392405063293,1.576612842557947,0.01457342556141333,DHX36KO,promoter,none,14910
35,-278.4810126582279,1.573105305688232,0.01453773851184736,DHX36KO,promoter,none,14910
36,-227.84810126582283,1.5731741096907526,0.01452306814476289,DHX36KO,promoter,none,14910
37,-177.21518987341778,1.580466538456098,0.01457952850199651,DHX36KO,promoter,none,14910
38,-126.58227848101274,1.5823218929683571,0.01462440130319905,DHX36KO,promoter,none,14910
39,-75.94936708860769,1.5896084504451904,0.014750187114715,DHX36KO,promoter,none,14910
40,-25.31645569620264,1.5845998073925545,0.01461598615866196,DHX36KO,promoter,none,14910
41,25.31645569620241,1.5832229360954146,0.01453261668920098,DHX36KO,promoter,none,14910
42,75.94936708860769,1.5782466419703265,0.01449879460745116,DHX36KO,promoter,none,14910
43,126.58227848101252,1.5770005437497312,0.01456504508012481,DHX36KO,promoter,none,14910
44,177.21518987341778,1.5807978646244871,0.01457238795003686,DHX36KO,promoter,none,14910
45,227.8481012658226,1.5817925803126458,0.01462425442586345,DHX36KO,promoter,none,14910
46,278.4810126582279,1.5835551374718635,0.01482591373129604,DHX36KO,promoter,none,14910
47,329.1139240506327,1.57182674129065,0.01482453925561621,DHX36KO,promoter,none,14910
48,379.746835443038,1.566207629715688,0.01479040970049678,DHX36KO,promoter,none,14910
49,430.37974683544326,1.5621883071789715,0.01469503172611437,DHX36KO,promoter,none,14910
50,481.0126582278481,1.5668061166310103,0.01467261306659983,DHX36KO,promoter,none,14910
51,531.6455696202534,1.5688988811213445,0.01466599730387535,DHX36KO,promoter,none,14910
52,582.2784810126582,1.5799856418626372,0.01471597063679977,DHX36KO,promoter,none,14910
53,632.9113924050635,1.5745249258626477,0.01460065707484712,DHX36KO,promoter,none,14910
54,683.5443037974683,1.5713959862196407,0.01448369626306355,DHX36KO,promoter,none,14910
55,734.1772151898736,1.57023241966566,0.01439337800607576,DHX36KO,promoter,none,14910
56,784.8101265822784,1.5709947482195292,0.0144235388769133,DHX36KO,promoter,none,14910
57,835.4430379746836,1.5720572628979717,0.01449618160829949,DHX36KO,promoter,none,14910
58,886.0759493670885,1.5740583697641084,0.01458124281124037,DHX36KO,promoter,none,14910
59,936.7088607594936,1.5778823517632588,0.01466813680531018,DHX36KO,promoter,none,14910
60,987.3417721518986,1.5771718350057569,0.014625297697453,DHX36KO,promoter,none,14910
61,1037.9746835443038,1.5745861289951244,0.01456658893755334,DHX36KO,promoter,none,14910
62,1088.607594936709,1.5782923715809547,0.01462286102404628,DHX36KO,promoter,none,14910
63,1139.240506329114,1.572523052230889,0.01455988075076424,DHX36KO,promoter,none,14910
64,1189.8734177215188,1.5705884905895475,0.01446802015183806,DHX36KO,promoter,none,14910
65,1240.506329113924,1.5811311275456674,0.01449219140107604,DHX36KO,promoter,none,14910
66,1291.139240506329,1.5853893923836293,0.01452672419311302,DHX36KO,promoter,none,14910
67,1341.772151898734,1.5935787344494294,0.01460350080995593,DHX36KO,promoter,none,14910
68,1392.4050632911394,1.5994882892540028,0.01477347914785302,DHX36KO,promoter,none,14910
69,1443.0379746835442,1.5914333372886007,0.01483653087075981,DHX36KO,promoter,none,14910
70,1493.6708860759495,1.598206679419355,0.01492179999467001,DHX36KO,promoter,none,14910
71,1544.3037974683543,1.5968700321565554,0.01481236154464429,DHX36KO,promoter,none,14910
72,1594.9367088607596,1.5935448637057754,0.01480167444174674,DHX36KO,promoter,none,14910
73,1645.5696202531644,1.5972315419315424,0.01485552791525505,DHX36KO,promoter,none,14910
74,1696.2025316455697,1.5972011399607378,0.01484669496336555,DHX36KO,promoter,none,14910
75,1746.8354430379743,1.5954547929374834,0.01470115438709706,DHX36KO,promoter,none,14910
76,1797.4683544303798,1.5932295064904272,0.01464142481329182,DHX36KO,promoter,none,14910
77,1848.1012658227849,1.5896800314272703,0.01446651414374983,DHX36KO,promoter,none,14910
78,1898.73417721519,1.5943578589386995,0.01444147221218909,DHX36KO,promoter,none,14910
79,1949.3670886075947,1.6091522721377771,0.01462609176993221,DHX36KO,promoter,none,14910
80,2000,1.6303236879994034,0.01492514465614486,DHX36KO,promoter,none,14910
1,-2000,5.6509582965175875,0.13911414475007244,DHX36KO,intron1,parallel,7766
2,-1949.367088607595,5.715524093204224,0.14066604326183726,DHX36KO,intron1,parallel,7766
3,-1898.73417721519,5.681747792595722,0.14043270778957206,DHX36KO,intron1,parallel,7766
4,-1848.1012658227849,5.641165182204479,0.13728388456073487,DHX36KO,intron1,parallel,7766
5,-1797.4683544303798,5.6192212255919625,0.13207041739077588,DHX36KO,intron1,parallel,7766
6,-1746.8354430379748,5.641555257697649,0.1289465813909493,DHX36KO,intron1,parallel,7766
7,-1696.2025316455697,5.684483207904767,0.1298292260003659,DHX36KO,intron1,parallel,7766
8,-1645.5696202531644,5.736146069437928,0.1339374833981583,DHX36KO,intron1,parallel,7766
9,-1594.9367088607596,5.860361213193798,0.14093116255777757,DHX36KO,intron1,parallel,7766
10,-1544.3037974683543,5.981547803202251,0.15008493187720184,DHX36KO,intron1,parallel,7766
11,-1493.6708860759495,6.050784903810161,0.1581690153302078,DHX36KO,intron1,parallel,7766
12,-1443.0379746835442,6.098389971301079,0.1629519085732846,DHX36KO,intron1,parallel,7766
13,-1392.4050632911392,6.1433386075672685,0.16564586022829644,DHX36KO,intron1,parallel,7766
14,-1341.772151898734,6.200431541148987,0.1660666476719812,DHX36KO,intron1,parallel,7766
15,-1291.139240506329,6.189102621434,0.16066738027021374,DHX36KO,intron1,parallel,7766
16,-1240.506329113924,6.202236849183903,0.15582520903643118,DHX36KO,intron1,parallel,7766
17,-1189.873417721519,6.238723783866256,0.1526610116675688,DHX36KO,intron1,parallel,7766
18,-1139.240506329114,6.343068947027001,0.15392210223935726,DHX36KO,intron1,parallel,7766
19,-1088.607594936709,6.421443790332556,0.15713919670595372,DHX36KO,intron1,parallel,7766
20,-1037.9746835443038,6.487188257358854,0.1589885391991538,DHX36KO,intron1,parallel,7766
21,-987.3417721518988,6.533428593546508,0.16018954844040795,DHX36KO,intron1,parallel,7766
22,-936.7088607594936,6.584218937099845,0.16015119777281192,DHX36KO,intron1,parallel,7766
23,-886.0759493670887,6.6129240262889075,0.1593464320151119,DHX36KO,intron1,parallel,7766
24,-835.4430379746836,6.638426617283055,0.1601220211173682,DHX36KO,intron1,parallel,7766
25,-784.8101265822784,6.68477673295711,0.16138435391627154,DHX36KO,intron1,parallel,7766
26,-734.1772151898733,6.719656729796524,0.16082171728919167,DHX36KO,intron1,parallel,7766
27,-683.5443037974683,6.786891185724947,0.15972833417692542,DHX36KO,intron1,parallel,7766
28,-632.9113924050632,6.840669925590576,0.15812603694467456,DHX36KO,intron1,parallel,7766
29,-582.2784810126582,6.844417719588238,0.15517425383466407,DHX36KO,intron1,parallel,7766
30,-531.6455696202531,6.841914782544371,0.15259398408238997,DHX36KO,intron1,parallel,7766
31,-481.0126582278481,6.887054890289011,0.1548349658254738,DHX36KO,intron1,parallel,7766
32,-430.37974683544303,6.956618929388431,0.15857717616662884,DHX36KO,intron1,parallel,7766
33,-379.746835443038,6.9691008180875675,0.16022266649808745,DHX36KO,intron1,parallel,7766
34,-329.11392405063293,6.952018771607002,0.16192207036719738,DHX36KO,intron1,parallel,7766
35,-278.4810126582279,6.949445314754262,0.16449963961780484,DHX36KO,intron1,parallel,7766
36,-227.84810126582283,6.955358566251863,0.16481073640003369,DHX36KO,intron1,parallel,7766
37,-177.21518987341778,6.9483587639052855,0.16441400578013143,DHX36KO,intron1,parallel,7766
38,-126.58227848101274,6.931495386333115,0.16543721955670468,DHX36KO,intron1,parallel,7766
39,-75.94936708860769,6.879292798233355,0.1650289504398204,DHX36KO,intron1,parallel,7766
40,-25.31645569620264,6.840199580154702,0.16673973693380148,DHX36KO,intron1,parallel,7766
41,25.31645569620241,6.807452186616319,0.1662150382423471,DHX36KO,intron1,parallel,7766
42,75.94936708860769,6.783994364002885,0.16564347283091674,DHX36KO,intron1,parallel,7766
43,126.58227848101252,6.7649623890532595,0.16079361115333052,DHX36KO,intron1,parallel,7766
44,177.21518987341778,6.7774755001285065,0.15657461876688675,DHX36KO,intron1,parallel,7766
45,227.8481012658226,6.764646017902327,0.1564142734272319,DHX36KO,intron1,parallel,7766
46,278.4810126582279,6.744466224804754,0.1612724558609186,DHX36KO,intron1,parallel,7766
47,329.1139240506327,6.709530018467239,0.16366630629697096,DHX36KO,intron1,parallel,7766
48,379.746835443038,6.64423167055897,0.1612200936334409,DHX36KO,intron1,parallel,7766
49,430.37974683544326,6.555454808517079,0.15978612693836589,DHX36KO,intron1,parallel,7766
50,481.0126582278481,6.452511592465866,0.15539987411479947,DHX36KO,intron1,parallel,7766
51,531.6455696202534,6.4001727970673485,0.15401126591858869,DHX36KO,intron1,parallel,7766
52,582.2784810126582,6.366506064868667,0.15537025281738157,DHX36KO,intron1,parallel,7766
53,632.9113924050635,6.328394383810264,0.15640748185479947,DHX36KO,intron1,parallel,7766
54,683.5443037974683,6.253778035383653,0.15244027422100606,DHX36KO,intron1,parallel,7766
55,734.1772151898736,6.167304617631731,0.14755699696072774,DHX36KO,intron1,parallel,7766
56,784.8101265822784,6.092024148187368,0.14626361739212423,DHX36KO,intron1,parallel,7766
57,835.4430379746836,5.991621716215391,0.14407089516222366,DHX36KO,intron1,parallel,7766
58,886.0759493670885,5.89105576577151,0.14125340769741282,DHX36KO,intron1,parallel,7766
59,936.7088607594936,5.827958626992222,0.13839967061733863,DHX36KO,intron1,parallel,7766
60,987.3417721518986,5.777864762077476,0.1349228683224626,DHX36KO,intron1,parallel,7766
61,1037.9746835443038,5.724090822667602,0.13263766201743826,DHX36KO,intron1,parallel,7766
62,1088.607594936709,5.703792593767739,0.1319233020628901,DHX36KO,intron1,parallel,7766
63,1139.240506329114,5.6906740189206495,0.13203157831637305,DHX36KO,intron1,parallel,7766
64,1189.8734177215188,5.647520513290683,0.12953119548992795,DHX36KO,intron1,parallel,7766
65,1240.506329113924,5.615187414479528,0.1272587585910626,DHX36KO,intron1,parallel,7766
66,1291.139240506329,5.611550799892311,0.12617418524338264,DHX36KO,intron1,parallel,7766
67,1341.772151898734,5.600779992661892,0.1284573887679832,DHX36KO,intron1,parallel,7766
68,1392.4050632911394,5.59339961471655,0.13075554941047088,DHX36KO,intron1,parallel,7766
69,1443.0379746835442,5.549753497562057,0.13260987111519745,DHX36KO,intron1,parallel,7766
70,1493.6708860759495,5.516487790706772,0.13481152985309383,DHX36KO,intron1,parallel,7766
71,1544.3037974683543,5.4906727968607765,0.13594840888510074,DHX36KO,intron1,parallel,7766
72,1594.9367088607596,5.484905038521478,0.1414426223569402,DHX36KO,intron1,parallel,7766
73,1645.5696202531644,5.456224917655278,0.1505250058336976,DHX36KO,intron1,parallel,7766
74,1696.2025316455697,5.380289093401005,0.151507791495008,DHX36KO,intron1,parallel,7766
75,1746.8354430379743,5.342293783551951,0.14819391822464448,DHX36KO,intron1,parallel,7766
76,1797.4683544303798,5.256560291564867,0.1351863472194532,DHX36KO,intron1,parallel,7766
77,1848.1012658227849,5.224148257997417,0.12599243774012228,DHX36KO,intron1,parallel,7766
78,1898.73417721519,5.221545717267992,0.1238218448984646,DHX36KO,intron1,parallel,7766
79,1949.3670886075947,5.217263542044591,0.12374930938046942,DHX36KO,intron1,parallel,7766
80,2000,5.259916127942869,0.12506774031603876,DHX36KO,intron1,parallel,7766
1,-2000,5.614801233296103,0.484502157329964,DHX36KO,intron1,antiparallel,710
2,-1949.367088607595,5.711606742537637,0.5459572303562734,DHX36KO,intron1,antiparallel,710
3,-1898.73417721519,5.9517906004946,0.6170957979197705,DHX36KO,intron1,antiparallel,710
4,-1848.1012658227849,6.21354450986307,0.7075912084870924,DHX36KO,intron1,antiparallel,710
5,-1797.4683544303798,6.329585485929615,0.8119182474118166,DHX36KO,intron1,antiparallel,710
6,-1746.8354430379748,6.395730657625646,0.8658050759045217,DHX36KO,intron1,antiparallel,710
7,-1696.2025316455697,6.453763174481235,0.9808963658949,DHX36KO,intron1,antiparallel,710
8,-1645.5696202531644,6.470135358598871,1.0633186673378818,DHX36KO,intron1,antiparallel,710
9,-1594.9367088607596,6.421596508222007,1.1079665039337163,DHX36KO,intron1,antiparallel,710
10,-1544.3037974683543,6.425189803021614,1.0855844881135273,DHX36KO,intron1,antiparallel,710
11,-1493.6708860759495,6.51889308549093,1.0633273672335228,DHX36KO,intron1,antiparallel,710
12,-1443.0379746835442,6.5922799093219595,1.017540183761653,DHX36KO,intron1,antiparallel,710
13,-1392.4050632911392,6.550465676127465,0.9291039273393816,DHX36KO,intron1,antiparallel,710
14,-1341.772151898734,6.517978917947957,0.8815439482570467,DHX36KO,intron1,antiparallel,710
15,-1291.139240506329,6.4206223833751235,0.798133548785652,DHX36KO,intron1,antiparallel,710
16,-1240.506329113924,6.313421160430416,0.7421279976861401,DHX36KO,intron1,antiparallel,710
17,-1189.873417721519,6.220152252164805,0.7037807593861607,DHX36KO,intron1,antiparallel,710
18,-1139.240506329114,6.213547677398288,0.6816225209140923,DHX36KO,intron1,antiparallel,710
19,-1088.607594936709,6.195196504356716,0.6276685852916388,DHX36KO,intron1,antiparallel,710
20,-1037.9746835443038,6.116555982860601,0.577993057189142,DHX36KO,intron1,antiparallel,710
21,-987.3417721518988,6.0497184408584115,0.5114694862831073,DHX36KO,intron1,antiparallel,710
22,-936.7088607594936,5.937601939323363,0.47470075274217144,DHX36KO,intron1,antiparallel,710
23,-886.0759493670887,5.890382950872323,0.4676365936334614,DHX36KO,intron1,antiparallel,710
24,-835.4430379746836,5.789959946511497,0.4641573457230347,DHX36KO,intron1,antiparallel,710
25,-784.8101265822784,5.799587301031525,0.4540319404958222,DHX36KO,intron1,antiparallel,710
26,-734.1772151898733,5.883521538004629,0.48575351301116376,DHX36KO,intron1,antiparallel,710
27,-683.5443037974683,5.9550415680083875,0.5097994685030472,DHX36KO,intron1,antiparallel,710
28,-632.9113924050632,5.990737232821648,0.5022706460265336,DHX36KO,intron1,antiparallel,710
29,-582.2784810126582,6.0148010243485235,0.48137507940322194,DHX36KO,intron1,antiparallel,710
30,-531.6455696202531,6.054591625331153,0.4728049059600906,DHX36KO,intron1,antiparallel,710
31,-481.0126582278481,6.073389030824805,0.4721576561439601,DHX36KO,intron1,antiparallel,710
32,-430.37974683544303,6.13757159247085,0.4879581119401842,DHX36KO,intron1,antiparallel,710
33,-379.746835443038,6.3289980083284245,0.5104137761187597,DHX36KO,intron1,antiparallel,710
34,-329.11392405063293,6.438384498035404,0.5189145068888017,DHX36KO,intron1,antiparallel,710
35,-278.4810126582279,6.498436862294103,0.5448499059649318,DHX36KO,intron1,antiparallel,710
36,-227.84810126582283,6.487512504035878,0.543214216584326,DHX36KO,intron1,antiparallel,710
37,-177.21518987341778,6.305203883192349,0.5339911991819362,DHX36KO,intron1,antiparallel,710
38,-126.58227848101274,6.1192731559780285,0.5148348084285045,DHX36KO,intron1,antiparallel,710
39,-75.94936708860769,6.064448567041209,0.4791820110821218,DHX36KO,intron1,antiparallel,710
40,-25.31645569620264,5.896995292731853,0.4496508397382374,DHX36KO,intron1,antiparallel,710
41,25.31645569620241,5.69276422973306,0.3950359213045263,DHX36KO,intron1,antiparallel,710
42,75.94936708860769,5.554995763043283,0.35709568839958633,DHX36KO,intron1,antiparallel,710
43,126.58227848101252,5.477881641325257,0.3443011991138975,DHX36KO,intron1,antiparallel,710
44,177.21518987341778,5.47379031141599,0.34028044060227797,DHX36KO,intron1,antiparallel,710
45,227.8481012658226,5.601043197884806,0.3538191076817709,DHX36KO,intron1,antiparallel,710
46,278.4810126582279,5.677432662293385,0.36467324814388347,DHX36KO,intron1,antiparallel,710
47,329.1139240506327,5.640720650033772,0.36179639572972766,DHX36KO,intron1,antiparallel,710
48,379.746835443038,5.68762608907816,0.3724921639217366,DHX36KO,intron1,antiparallel,710
49,430.37974683544326,5.719091822880534,0.39763072878388334,DHX36KO,intron1,antiparallel,710
50,481.0126582278481,5.633445827660986,0.4100505704310103,DHX36KO,intron1,antiparallel,710
51,531.6455696202534,5.680726930719026,0.4326735962881446,DHX36KO,intron1,antiparallel,710
52,582.2784810126582,5.651639588733234,0.4253135160502566,DHX36KO,intron1,antiparallel,710
53,632.9113924050635,5.541737808761463,0.4010123701406112,DHX36KO,intron1,antiparallel,710
54,683.5443037974683,5.41619536270446,0.3694483311417681,DHX36KO,intron1,antiparallel,710
55,734.1772151898736,5.391086489105448,0.3565751614344349,DHX36KO,intron1,antiparallel,710
56,784.8101265822784,5.3475623469654945,0.3526701229471087,DHX36KO,intron1,antiparallel,710
57,835.4430379746836,5.26062691381056,0.3461216905010733,DHX36KO,intron1,antiparallel,710
58,886.0759493670885,5.196826340166056,0.33675128357295003,DHX36KO,intron1,antiparallel,710
59,936.7088607594936,5.098928774247147,0.3332119373064363,DHX36KO,intron1,antiparallel,710
60,987.3417721518986,4.967349686995359,0.3305792408165831,DHX36KO,intron1,antiparallel,710
61,1037.9746835443038,4.892740966655839,0.32937389815664997,DHX36KO,intron1,antiparallel,710
62,1088.607594936709,4.782538541011407,0.32286971329056685,DHX36KO,intron1,antiparallel,710
63,1139.240506329114,4.723939389074353,0.32441828425362224,DHX36KO,intron1,antiparallel,710
64,1189.8734177215188,4.714517231007697,0.3451794798263124,DHX36KO,intron1,antiparallel,710
65,1240.506329113924,4.7511933202732335,0.3585371754995316,DHX36KO,intron1,antiparallel,710
66,1291.139240506329,4.740945051708132,0.34733380451197543,DHX36KO,intron1,antiparallel,710
67,1341.772151898734,4.709295620517552,0.3304430411721863,DHX36KO,intron1,antiparallel,710
68,1392.4050632911394,4.623671513707425,0.3258478069774055,DHX36KO,intron1,antiparallel,710
69,1443.0379746835442,4.655858066631595,0.32982355410731506,DHX36KO,intron1,antiparallel,710
70,1493.6708860759495,4.7216384339444515,0.3608771162073568,DHX36KO,intron1,antiparallel,710
71,1544.3037974683543,4.649091303514203,0.3577367317453751,DHX36KO,intron1,antiparallel,710
72,1594.9367088607596,4.549056160768992,0.3534321115989757,DHX36KO,intron1,antiparallel,710
73,1645.5696202531644,4.362168027496114,0.3317317573823428,DHX36KO,intron1,antiparallel,710
74,1696.2025316455697,4.3241845939181784,0.31401718328270306,DHX36KO,intron1,antiparallel,710
75,1746.8354430379743,4.337250391684788,0.32382232146616885,DHX36KO,intron1,antiparallel,710
76,1797.4683544303798,4.489132980484358,0.39211250842193096,DHX36KO,intron1,antiparallel,710
77,1848.1012658227849,4.618089338105609,0.4611639988179709,DHX36KO,intron1,antiparallel,710
78,1898.73417721519,4.706966475391612,0.494925498144164,DHX36KO,intron1,antiparallel,710
79,1949.3670886075947,4.760199608634895,0.46453588426796255,DHX36KO,intron1,antiparallel,710
80,2000,4.79537847791927,0.4364886347521763,DHX36KO,intron1,antiparallel,710
1,-2000,5.06547165416827,0.3166933270772307,DHX36KO,intron1,hybrid,1092
2,-1949.367088607595,5.074052450471308,0.3182671495367643,DHX36KO,intron1,hybrid,1092
3,-1898.73417721519,5.260222009213707,0.33166498915479353,DHX36KO,intron1,hybrid,1092
4,-1848.1012658227849,5.447926713448741,0.348622072572066,DHX36KO,intron1,hybrid,1092
5,-1797.4683544303798,5.578464635919157,0.35208280244698625,DHX36KO,intron1,hybrid,1092
6,-1746.8354430379748,5.657491551596895,0.3582797891481532,DHX36KO,intron1,hybrid,1092
7,-1696.2025316455697,5.578720107452628,0.3666729193121403,DHX36KO,intron1,hybrid,1092
8,-1645.5696202531644,5.579165330155865,0.3807755443539977,DHX36KO,intron1,hybrid,1092
9,-1594.9367088607596,5.586207393949285,0.39434824488250214,DHX36KO,intron1,hybrid,1092
10,-1544.3037974683543,5.582802181937464,0.3983919574758829,DHX36KO,intron1,hybrid,1092
11,-1493.6708860759495,5.597480683535593,0.40247669705607736,DHX36KO,intron1,hybrid,1092
12,-1443.0379746835442,5.604756780374473,0.39581992142038186,DHX36KO,intron1,hybrid,1092
13,-1392.4050632911392,5.599447306396033,0.38720420043870973,DHX36KO,intron1,hybrid,1092
14,-1341.772151898734,5.721175733435722,0.39283084981924415,DHX36KO,intron1,hybrid,1092
15,-1291.139240506329,5.8217110373758425,0.39559027293909793,DHX36KO,intron1,hybrid,1092
16,-1240.506329113924,5.798736008525768,0.3650115968615744,DHX36KO,intron1,hybrid,1092
17,-1189.873417721519,5.891303417303478,0.3500388644634164,DHX36KO,intron1,hybrid,1092
18,-1139.240506329114,6.102662100096907,0.3747761723845621,DHX36KO,intron1,hybrid,1092
19,-1088.607594936709,6.3533895009210255,0.41759767013693433,DHX36KO,intron1,hybrid,1092
20,-1037.9746835443038,6.667860095701812,0.48039365584404525,DHX36KO,intron1,hybrid,1092
21,-987.3417721518988,6.807020329108896,0.504341852814432,DHX36KO,intron1,hybrid,1092
22,-936.7088607594936,6.938377861237206,0.5065257034142886,DHX36KO,intron1,hybrid,1092
23,-886.0759493670887,7.000048059408481,0.49383765327377466,DHX36KO,intron1,hybrid,1092
24,-835.4430379746836,6.9876083912641285,0.4595892711216258,DHX36KO,intron1,hybrid,1092
25,-784.8101265822784,6.995767599360993,0.4620740137512218,DHX36KO,intron1,hybrid,1092
26,-734.1772151898733,7.079025625914007,0.4866214204901812,DHX36KO,intron1,hybrid,1092
27,-683.5443037974683,7.287682099431135,0.5134230722508208,DHX36KO,intron1,hybrid,1092
28,-632.9113924050632,7.324983559806123,0.5156259722169436,DHX36KO,intron1,hybrid,1092
29,-582.2784810126582,7.21668798690605,0.48643408604702443,DHX36KO,intron1,hybrid,1092
30,-531.6455696202531,7.052911935887494,0.4464226189497785,DHX36KO,intron1,hybrid,1092
31,-481.0126582278481,7.049958074739128,0.4421442132737338,DHX36KO,intron1,hybrid,1092
32,-430.37974683544303,7.017611795652917,0.4439866323939111,DHX36KO,intron1,hybrid,1092
33,-379.746835443038,7.044712812651644,0.4467839250757355,DHX36KO,intron1,hybrid,1092
34,-329.11392405063293,7.071119892810436,0.44757539749883385,DHX36KO,intron1,hybrid,1092
35,-278.4810126582279,7.060756887760792,0.4657027493252927,DHX36KO,intron1,hybrid,1092
36,-227.84810126582283,7.076814064104769,0.48982603144414305,DHX36KO,intron1,hybrid,1092
37,-177.21518987341778,7.139190815628957,0.5053751822991926,DHX36KO,intron1,hybrid,1092
38,-126.58227848101274,7.143447595801982,0.48524742063668574,DHX36KO,intron1,hybrid,1092
39,-75.94936708860769,7.130515123263675,0.4603509735528627,DHX36KO,intron1,hybrid,1092
40,-25.31645569620264,7.04550064010789,0.43324088887100864,DHX36KO,intron1,hybrid,1092
41,25.31645569620241,7.028429372096673,0.42249699883501346,DHX36KO,intron1,hybrid,1092
42,75.94936708860769,7.041479482228648,0.42483040945438455,DHX36KO,intron1,hybrid,1092
43,126.58227848101252,6.970025770157685,0.4172654692580401,DHX36KO,intron1,hybrid,1092
44,177.21518987341778,6.878791907772476,0.4021112498095395,DHX36KO,intron1,hybrid,1092
45,227.8481012658226,6.930355307805524,0.41946540718772135,DHX36KO,intron1,hybrid,1092
46,278.4810126582279,6.964240076223136,0.4328894596195551,DHX36KO,intron1,hybrid,1092
47,329.1139240506327,7.047254482749326,0.44513248840371944,DHX36KO,intron1,hybrid,1092
48,379.746835443038,7.163934497899479,0.4540104233029202,DHX36KO,intron1,hybrid,1092
49,430.37974683544326,7.31104447682553,0.4808200595943592,DHX36KO,intron1,hybrid,1092
50,481.0126582278481,7.362824977682915,0.512108027227187,DHX36KO,intron1,hybrid,1092
51,531.6455696202534,7.450388045738177,0.5372470100824951,DHX36KO,intron1,hybrid,1092
52,582.2784810126582,7.571032411524519,0.5694990490353554,DHX36KO,intron1,hybrid,1092
53,632.9113924050635,7.714193891708231,0.5982427260564991,DHX36KO,intron1,hybrid,1092
54,683.5443037974683,7.794760344890157,0.6223073409001827,DHX36KO,intron1,hybrid,1092
55,734.1772151898736,7.8439014694695075,0.6396807269599383,DHX36KO,intron1,hybrid,1092
56,784.8101265822784,7.88686270330779,0.6521656176947516,DHX36KO,intron1,hybrid,1092
57,835.4430379746836,7.904561646430775,0.6532251112340395,DHX36KO,intron1,hybrid,1092
58,886.0759493670885,7.805913936640608,0.6373028334622477,DHX36KO,intron1,hybrid,1092
59,936.7088607594936,7.661291636930135,0.6004947433358948,DHX36KO,intron1,hybrid,1092
60,987.3417721518986,7.456862304181552,0.5511050063459643,DHX36KO,intron1,hybrid,1092
61,1037.9746835443038,7.108277981405002,0.5054294872110064,DHX36KO,intron1,hybrid,1092
62,1088.607594936709,6.734392995895484,0.4750436840142383,DHX36KO,intron1,hybrid,1092
63,1139.240506329114,6.501694085972067,0.4689697371751526,DHX36KO,intron1,hybrid,1092
64,1189.8734177215188,6.478757143212762,0.4929087629105941,DHX36KO,intron1,hybrid,1092
65,1240.506329113924,6.277533866383218,0.4844837535765905,DHX36KO,intron1,hybrid,1092
66,1291.139240506329,6.128844563609515,0.4634909978093405,DHX36KO,intron1,hybrid,1092
67,1341.772151898734,5.966348053845002,0.4358185797143702,DHX36KO,intron1,hybrid,1092
68,1392.4050632911394,5.734226441703582,0.38975273858126097,DHX36KO,intron1,hybrid,1092
69,1443.0379746835442,5.517718769509131,0.34926270994862185,DHX36KO,intron1,hybrid,1092
70,1493.6708860759495,5.407620537390202,0.3372406023382969,DHX36KO,intron1,hybrid,1092
71,1544.3037974683543,5.342674723363621,0.32486539717356666,DHX36KO,intron1,hybrid,1092
72,1594.9367088607596,5.315539324386216,0.3085000617232014,DHX36KO,intron1,hybrid,1092
73,1645.5696202531644,5.219220676655007,0.3041355700977945,DHX36KO,intron1,hybrid,1092
74,1696.2025316455697,5.17064046277668,0.3176176383822704,DHX36KO,intron1,hybrid,1092
75,1746.8354430379743,5.109099330987977,0.32788328508199693,DHX36KO,intron1,hybrid,1092
76,1797.4683544303798,5.0703815552304805,0.34401739940112946,DHX36KO,intron1,hybrid,1092
77,1848.1012658227849,5.100842413780745,0.3757420783526338,DHX36KO,intron1,hybrid,1092
78,1898.73417721519,5.206523408674349,0.40517214803590534,DHX36KO,intron1,hybrid,1092
79,1949.3670886075947,5.274110348913114,0.4065528010030174,DHX36KO,intron1,hybrid,1092
80,2000,5.361494024963606,0.4030803763997232,DHX36KO,intron1,hybrid,1092
1,-2000,2.928697055570483,0.0670092546935065,DHX36KO,intron1,none,12787
2,-1949.367088607595,2.910203049466141,0.06661365197015841,DHX36KO,intron1,none,12787
3,-1898.73417721519,2.895623925210203,0.06754402434645757,DHX36KO,intron1,none,12787
4,-1848.1012658227849,2.8586979813883455,0.06721239798726952,DHX36KO,intron1,none,12787
5,-1797.4683544303798,2.8157813039982886,0.0649836490880877,DHX36KO,intron1,none,12787
6,-1746.8354430379748,2.7956838812910716,0.06224534949897279,DHX36KO,intron1,none,12787
7,-1696.2025316455697,2.773893545739699,0.06214429911448302,DHX36KO,intron1,none,12787
8,-1645.5696202531644,2.75772102869789,0.06196697020986352,DHX36KO,intron1,none,12787
9,-1594.9367088607596,2.7221013120785607,0.05989366504825378,DHX36KO,intron1,none,12787
10,-1544.3037974683543,2.6836677098211994,0.05745288575683683,DHX36KO,intron1,none,12787
11,-1493.6708860759495,2.6372107244257386,0.05506054925081993,DHX36KO,intron1,none,12787
12,-1443.0379746835442,2.6086032814489983,0.05284371135792551,DHX36KO,intron1,none,12787
13,-1392.4050632911392,2.580318308709717,0.05052017579198637,DHX36KO,intron1,none,12787
14,-1341.772151898734,2.550421692219555,0.04906612268957668,DHX36KO,intron1,none,12787
15,-1291.139240506329,2.520240179906484,0.04860314542830017,DHX36KO,intron1,none,12787
16,-1240.506329113924,2.478303215211419,0.0472654943069904,DHX36KO,intron1,none,12787
17,-1189.873417721519,2.428622924075459,0.04593808255324819,DHX36KO,intron1,none,12787
18,-1139.240506329114,2.3867618977568874,0.04455272111731541,DHX36KO,intron1,none,12787
19,-1088.607594936709,2.3548399428112985,0.04362352079802379,DHX36KO,intron1,none,12787
20,-1037.9746835443038,2.3278166368020297,0.04302270090256518,DHX36KO,intron1,none,12787
21,-987.3417721518988,2.2822673194661167,0.04187894947129745,DHX36KO,intron1,none,12787
22,-936.7088607594936,2.23578028906315,0.03897372891063326,DHX36KO,intron1,none,12787
23,-886.0759493670887,2.1957852020590924,0.03682939514845016,DHX36KO,intron1,none,12787
24,-835.4430379746836,2.158041927654343,0.03353232954869795,DHX36KO,intron1,none,12787
25,-784.8101265822784,2.107150958847333,0.03001636857347504,DHX36KO,intron1,none,12787
26,-734.1772151898733,2.065987687624372,0.02764384879814073,DHX36KO,intron1,none,12787
27,-683.5443037974683,2.014733391508978,0.02516854902466619,DHX36KO,intron1,none,12787
28,-632.9113924050632,1.979351692239291,0.02330715472750911,DHX36KO,intron1,none,12787
29,-582.2784810126582,1.9600294566244727,0.0229228396251855,DHX36KO,intron1,none,12787
30,-531.6455696202531,1.9461680763929232,0.02226135008417585,DHX36KO,intron1,none,12787
31,-481.0126582278481,1.9208311207982145,0.02087288153039793,DHX36KO,intron1,none,12787
32,-430.37974683544303,1.8875084739308712,0.01965866759190416,DHX36KO,intron1,none,12787
33,-379.746835443038,1.8650037653205271,0.01889793942226432,DHX36KO,intron1,none,12787
34,-329.11392405063293,1.8539599259860595,0.01853573287513717,DHX36KO,intron1,none,12787
35,-278.4810126582279,1.842976397538604,0.01826558168689871,DHX36KO,intron1,none,12787
36,-227.84810126582283,1.835794941023061,0.0179381407113134,DHX36KO,intron1,none,12787
37,-177.21518987341778,1.813741472262287,0.0174570851676225,DHX36KO,intron1,none,12787
38,-126.58227848101274,1.7974336360975138,0.01707979106598419,DHX36KO,intron1,none,12787
39,-75.94936708860769,1.7870519247906358,0.01684855135654858,DHX36KO,intron1,none,12787
40,-25.31645569620264,1.7824932625190602,0.01667646606445657,DHX36KO,intron1,none,12787
41,25.31645569620241,1.78493535125676,0.01673937436496649,DHX36KO,intron1,none,12787
42,75.94936708860769,1.7863311623191953,0.01690701218768875,DHX36KO,intron1,none,12787
43,126.58227848101252,1.7968690657656117,0.01711485642056016,DHX36KO,intron1,none,12787
44,177.21518987341778,1.8147605191845024,0.01741956141232932,DHX36KO,intron1,none,12787
45,227.8481012658226,1.8333438127822024,0.0176905424883761,DHX36KO,intron1,none,12787
46,278.4810126582279,1.853933400722467,0.01800909534144403,DHX36KO,intron1,none,12787
47,329.1139240506327,1.8702780062436504,0.01836837037112297,DHX36KO,intron1,none,12787
48,379.746835443038,1.8842030528700369,0.01867819237963331,DHX36KO,intron1,none,12787
49,430.37974683544326,1.9096415808829013,0.01920570724500585,DHX36KO,intron1,none,12787
50,481.0126582278481,1.9326264830516549,0.01989257814686409,DHX36KO,intron1,none,12787
51,531.6455696202534,1.9579164124899433,0.02095359987590717,DHX36KO,intron1,none,12787
52,582.2784810126582,1.9930210048852943,0.02248220827011337,DHX36KO,intron1,none,12787
53,632.9113924050635,2.0271023153484475,0.02459836561981071,DHX36KO,intron1,none,12787
54,683.5443037974683,2.065324471826252,0.02684927555436754,DHX36KO,intron1,none,12787
55,734.1772151898736,2.0937887925938243,0.02858658303081531,DHX36KO,intron1,none,12787
56,784.8101265822784,2.1251238060401487,0.0302883242802873,DHX36KO,intron1,none,12787
57,835.4430379746836,2.150387684755076,0.03165414983318807,DHX36KO,intron1,none,12787
58,886.0759493670885,2.18216310762863,0.03354019087148834,DHX36KO,intron1,none,12787
59,936.7088607594936,2.2145676274629116,0.03542780422694556,DHX36KO,intron1,none,12787
60,987.3417721518986,2.2545115930040693,0.0380673067211232,DHX36KO,intron1,none,12787
61,1037.9746835443038,2.3039058036322717,0.04124135548626592,DHX36KO,intron1,none,12787
62,1088.607594936709,2.351143082598224,0.04368250505842573,DHX36KO,intron1,none,12787
63,1139.240506329114,2.3849887788253734,0.04481242203279096,DHX36KO,intron1,none,12787
64,1189.8734177215188,2.4193079075653463,0.04661974479767718,DHX36KO,intron1,none,12787
65,1240.506329113924,2.4527235668576943,0.04791849612230442,DHX36KO,intron1,none,12787
66,1291.139240506329,2.500611478800837,0.04976496404589689,DHX36KO,intron1,none,12787
67,1341.772151898734,2.524811625682119,0.05071375078291282,DHX36KO,intron1,none,12787
68,1392.4050632911394,2.559270438219967,0.05207666919252753,DHX36KO,intron1,none,12787
69,1443.0379746835442,2.599082405065897,0.05301863217053474,DHX36KO,intron1,none,12787
70,1493.6708860759495,2.628862730889698,0.05410335929549843,DHX36KO,intron1,none,12787
71,1544.3037974683543,2.648361579790296,0.0561192007571811,DHX36KO,intron1,none,12787
72,1594.9367088607596,2.6665795473831855,0.0601297777679247,DHX36KO,intron1,none,12787
73,1645.5696202531644,2.684910117174261,0.06396738139617683,DHX36KO,intron1,none,12787
74,1696.2025316455697,2.7279793249363595,0.06975339936164339,DHX36KO,intron1,none,12787
75,1746.8354430379743,2.757933261331266,0.0728799873854796,DHX36KO,intron1,none,12787
76,1797.4683544303798,2.793709072086822,0.07446731051445693,DHX36KO,intron1,none,12787
77,1848.1012658227849,2.813246827370024,0.07430636369647876,DHX36KO,intron1,none,12787
78,1898.73417721519,2.8281237489911955,0.07055445787618041,DHX36KO,intron1,none,12787
79,1949.3670886075947,2.8385025073242973,0.06639208160290277,DHX36KO,intron1,none,12787
80,2000,2.842541474289057,0.06412384565738095,DHX36KO,intron1,none,12787
1,-2000,5.445962577490012,0.08062989642431222,DHX36KO,enhancer,parallel,16000
2,-1949.367088607595,5.489615726283838,0.08099173625179074,DHX36KO,enhancer,parallel,16000
3,-1898.73417721519,5.52395223574698,0.08152677885233295,DHX36KO,enhancer,parallel,16000
4,-1848.1012658227849,5.610114368794212,0.08481798056637119,DHX36KO,enhancer,parallel,16000
5,-1797.4683544303798,5.717684364230732,0.08898432394519015,DHX36KO,enhancer,parallel,16000
6,-1746.8354430379748,5.793926903495391,0.09116286679982497,DHX36KO,enhancer,parallel,16000
7,-1696.2025316455697,5.8643810423212255,0.09168223166472646,DHX36KO,enhancer,parallel,16000
8,-1645.5696202531644,5.988028082296451,0.09329481302055162,DHX36KO,enhancer,parallel,16000
9,-1594.9367088607596,6.11376728398641,0.09756325048304997,DHX36KO,enhancer,parallel,16000
10,-1544.3037974683543,6.226538737811297,0.10108192309124964,DHX36KO,enhancer,parallel,16000
11,-1493.6708860759495,6.341369101436387,0.10476602836237012,DHX36KO,enhancer,parallel,16000
12,-1443.0379746835442,6.490619643668532,0.10829052900454086,DHX36KO,enhancer,parallel,16000
13,-1392.4050632911392,6.636120309013973,0.11053390589425031,DHX36KO,enhancer,parallel,16000
14,-1341.772151898734,6.790891130814155,0.11269406307936576,DHX36KO,enhancer,parallel,16000
15,-1291.139240506329,6.923508169779132,0.11292931009732662,DHX36KO,enhancer,parallel,16000
16,-1240.506329113924,7.068898159754922,0.11088865092762976,DHX36KO,enhancer,parallel,16000
17,-1189.873417721519,7.27049203576232,0.11470957169460634,DHX36KO,enhancer,parallel,16000
18,-1139.240506329114,7.508735843322178,0.12096635261380004,DHX36KO,enhancer,parallel,16000
19,-1088.607594936709,7.780445005982965,0.12768036785376355,DHX36KO,enhancer,parallel,16000
20,-1037.9746835443038,8.053900714370707,0.13140625839437683,DHX36KO,enhancer,parallel,16000
21,-987.3417721518988,8.349984612907816,0.13468300041780135,DHX36KO,enhancer,parallel,16000
22,-936.7088607594936,8.647400762298505,0.13776992187929807,DHX36KO,enhancer,parallel,16000
23,-886.0759493670887,8.926680007909685,0.13969503240636938,DHX36KO,enhancer,parallel,16000
24,-835.4430379746836,9.242325964115809,0.14105416693245798,DHX36KO,enhancer,parallel,16000
25,-784.8101265822784,9.571865475492626,0.14145048386651332,DHX36KO,enhancer,parallel,16000
26,-734.1772151898733,9.908883346685569,0.1416108005253304,DHX36KO,enhancer,parallel,16000
27,-683.5443037974683,10.258807289044608,0.14082200216566654,DHX36KO,enhancer,parallel,16000
28,-632.9113924050632,10.641585546342284,0.13968840296760027,DHX36KO,enhancer,parallel,16000
29,-582.2784810126582,11.072211063522449,0.1392261989506902,DHX36KO,enhancer,parallel,16000
30,-531.6455696202531,11.491131795196484,0.13975625152449406,DHX36KO,enhancer,parallel,16000
31,-481.0126582278481,11.90265128182292,0.14174407018425708,DHX36KO,enhancer,parallel,16000
32,-430.37974683544303,12.304486269498964,0.14462074378448345,DHX36KO,enhancer,parallel,16000
33,-379.746835443038,12.689752559675178,0.14722569138257147,DHX36KO,enhancer,parallel,16000
34,-329.11392405063293,13.068795645366809,0.14801456109319955,DHX36KO,enhancer,parallel,16000
35,-278.4810126582279,13.401636529782564,0.14731444026557988,DHX36KO,enhancer,parallel,16000
36,-227.84810126582283,13.73710684451128,0.14751395335958917,DHX36KO,enhancer,parallel,16000
37,-177.21518987341778,14.058251533371555,0.1484704582994774,DHX36KO,enhancer,parallel,16000
38,-126.58227848101274,14.393318069423737,0.151003842826697,DHX36KO,enhancer,parallel,16000
39,-75.94936708860769,14.66076837134833,0.15292890635809234,DHX36KO,enhancer,parallel,16000
40,-25.31645569620264,14.83802813081046,0.15515320915370392,DHX36KO,enhancer,parallel,16000
41,25.31645569620241,14.81678236889844,0.1549577759690376,DHX36KO,enhancer,parallel,16000
42,75.94936708860769,14.657396755381674,0.15405111027043408,DHX36KO,enhancer,parallel,16000
43,126.58227848101252,14.459674689534603,0.15280401068913255,DHX36KO,enhancer,parallel,16000
44,177.21518987341778,14.21978455193594,0.150603274190187,DHX36KO,enhancer,parallel,16000
45,227.8481012658226,13.95869651205202,0.14866507860888856,DHX36KO,enhancer,parallel,16000
46,278.4810126582279,13.644262300929377,0.14887269904278852,DHX36KO,enhancer,parallel,16000
47,329.1139240506327,13.323621071495364,0.14939654024619725,DHX36KO,enhancer,parallel,16000
48,379.746835443038,13.043689109012137,0.1511713451326515,DHX36KO,enhancer,parallel,16000
49,430.37974683544326,12.762645249195794,0.15336349360655793,DHX36KO,enhancer,parallel,16000
50,481.0126582278481,12.403555291050472,0.1551489685280154,DHX36KO,enhancer,parallel,16000
51,531.6455696202534,12.001528305404634,0.15736773729222955,DHX36KO,enhancer,parallel,16000
52,582.2784810126582,11.561165178126297,0.1581629380814248,DHX36KO,enhancer,parallel,16000
53,632.9113924050635,11.133635715963097,0.15665294816024083,DHX36KO,enhancer,parallel,16000
54,683.5443037974683,10.689536752093682,0.1540744743632174,DHX36KO,enhancer,parallel,16000
55,734.1772151898736,10.259150729408114,0.15055199504550784,DHX36KO,enhancer,parallel,16000
56,784.8101265822784,9.82383242500628,0.1463875917231158,DHX36KO,enhancer,parallel,16000
57,835.4430379746836,9.428935539759944,0.14170450774218082,DHX36KO,enhancer,parallel,16000
58,886.0759493670885,9.060625877910008,0.13708461474844102,DHX36KO,enhancer,parallel,16000
59,936.7088607594936,8.741359668958436,0.1338017974445549,DHX36KO,enhancer,parallel,16000
60,987.3417721518986,8.457212093736876,0.13139000460433112,DHX36KO,enhancer,parallel,16000
61,1037.9746835443038,8.178913673096845,0.1274198527189126,DHX36KO,enhancer,parallel,16000
62,1088.607594936709,7.894269055184623,0.1233015319587615,DHX36KO,enhancer,parallel,16000
63,1139.240506329114,7.640904741301933,0.12009375697330808,DHX36KO,enhancer,parallel,16000
64,1189.8734177215188,7.4083980320927,0.11622949017127696,DHX36KO,enhancer,parallel,16000
65,1240.506329113924,7.172747359873106,0.11079869772784834,DHX36KO,enhancer,parallel,16000
66,1291.139240506329,6.987369634036968,0.10599933919032,DHX36KO,enhancer,parallel,16000
67,1341.772151898734,6.832435664430956,0.1029120162599488,DHX36KO,enhancer,parallel,16000
68,1392.4050632911394,6.666758162707935,0.09974397626561692,DHX36KO,enhancer,parallel,16000
69,1443.0379746835442,6.538221447276821,0.0977090221590264,DHX36KO,enhancer,parallel,16000
70,1493.6708860759495,6.4374553556404015,0.096880527826129,DHX36KO,enhancer,parallel,16000
71,1544.3037974683543,6.344124738125255,0.09984828145842288,DHX36KO,enhancer,parallel,16000
72,1594.9367088607596,6.243497165175031,0.09922641239595176,DHX36KO,enhancer,parallel,16000
73,1645.5696202531644,6.142214930292964,0.09518720104461638,DHX36KO,enhancer,parallel,16000
74,1696.2025316455697,6.0460713858937725,0.09484952221330006,DHX36KO,enhancer,parallel,16000
75,1746.8354430379743,5.9553110177654025,0.09556135825302405,DHX36KO,enhancer,parallel,16000
76,1797.4683544303798,5.911747414175322,0.09755068125506744,DHX36KO,enhancer,parallel,16000
77,1848.1012658227849,5.84336914096574,0.09652069128588008,DHX36KO,enhancer,parallel,16000
78,1898.73417721519,5.731498058671951,0.09376332040463647,DHX36KO,enhancer,parallel,16000
79,1949.3670886075947,5.652011254226118,0.09060615404124794,DHX36KO,enhancer,parallel,16000
80,2000,5.5686138413920006,0.0871452641294256,DHX36KO,enhancer,parallel,16000
1,-2000,4.582361489345354,0.19005944923245363,DHX36KO,enhancer,antiparallel,1728
2,-1949.367088607595,4.561109371392723,0.17773035012785826,DHX36KO,enhancer,antiparallel,1728
3,-1898.73417721519,4.55166576244259,0.16829890625682822,DHX36KO,enhancer,antiparallel,1728
4,-1848.1012658227849,4.5472545463495235,0.1660103982846185,DHX36KO,enhancer,antiparallel,1728
5,-1797.4683544303798,4.580980678599006,0.1675243862439756,DHX36KO,enhancer,antiparallel,1728
6,-1746.8354430379748,4.638969748689345,0.17402471517818974,DHX36KO,enhancer,antiparallel,1728
7,-1696.2025316455697,4.6600761762537335,0.17988899656579668,DHX36KO,enhancer,antiparallel,1728
8,-1645.5696202531644,4.672562884157639,0.18005296268417215,DHX36KO,enhancer,antiparallel,1728
9,-1594.9367088607596,4.757737130182853,0.1884143953592974,DHX36KO,enhancer,antiparallel,1728
10,-1544.3037974683543,4.868224381540476,0.19920150644810591,DHX36KO,enhancer,antiparallel,1728
11,-1493.6708860759495,4.980393564811919,0.2085182262333662,DHX36KO,enhancer,antiparallel,1728
12,-1443.0379746835442,5.136887692294003,0.2235499774159854,DHX36KO,enhancer,antiparallel,1728
13,-1392.4050632911392,5.339019210429655,0.2430477064799736,DHX36KO,enhancer,antiparallel,1728
14,-1341.772151898734,5.521129582589147,0.2584432446400098,DHX36KO,enhancer,antiparallel,1728
15,-1291.139240506329,5.670139214628272,0.27383906385407275,DHX36KO,enhancer,antiparallel,1728
16,-1240.506329113924,5.863690190957285,0.281573034565577,DHX36KO,enhancer,antiparallel,1728
17,-1189.873417721519,6.144579655582338,0.2997289368096408,DHX36KO,enhancer,antiparallel,1728
18,-1139.240506329114,6.476307950929543,0.3243630950874811,DHX36KO,enhancer,antiparallel,1728
19,-1088.607594936709,6.754394114243763,0.3442602304288329,DHX36KO,enhancer,antiparallel,1728
20,-1037.9746835443038,6.981041366673638,0.3610521729450992,DHX36KO,enhancer,antiparallel,1728
21,-987.3417721518988,7.181946884138441,0.37072058732375457,DHX36KO,enhancer,antiparallel,1728
22,-936.7088607594936,7.389840458795244,0.3824676485368923,DHX36KO,enhancer,antiparallel,1728
23,-886.0759493670887,7.689723242627526,0.40278208474695887,DHX36KO,enhancer,antiparallel,1728
24,-835.4430379746836,8.030591506219848,0.4172629930871643,DHX36KO,enhancer,antiparallel,1728
25,-784.8101265822784,8.417523011920261,0.41687175548914707,DHX36KO,enhancer,antiparallel,1728
26,-734.1772151898733,8.747320935866899,0.3981679461524928,DHX36KO,enhancer,antiparallel,1728
27,-683.5443037974683,9.1174105001172,0.3847696116554458,DHX36KO,enhancer,antiparallel,1728
28,-632.9113924050632,9.597070891885664,0.38528355670785086,DHX36KO,enhancer,antiparallel,1728
29,-582.2784810126582,9.984127770678406,0.3872117259589136,DHX36KO,enhancer,antiparallel,1728
30,-531.6455696202531,10.40891499867088,0.4000058624987341,DHX36KO,enhancer,antiparallel,1728
31,-481.0126582278481,10.892795741769175,0.4187346727070925,DHX36KO,enhancer,antiparallel,1728
32,-430.37974683544303,11.38272872503019,0.4186549112018805,DHX36KO,enhancer,antiparallel,1728
33,-379.746835443038,11.860649720701725,0.4048940967387534,DHX36KO,enhancer,antiparallel,1728
34,-329.11392405063293,12.242071804984668,0.3976012722909673,DHX36KO,enhancer,antiparallel,1728
35,-278.4810126582279,12.361972142869124,0.38048144637099934,DHX36KO,enhancer,antiparallel,1728
36,-227.84810126582283,12.532369994350974,0.3698581806892148,DHX36KO,enhancer,antiparallel,1728
37,-177.21518987341778,12.841749120900108,0.3683835931813142,DHX36KO,enhancer,antiparallel,1728
38,-126.58227848101274,13.257768709980136,0.3764557542045837,DHX36KO,enhancer,antiparallel,1728
39,-75.94936708860769,13.51152538017864,0.3880321498601892,DHX36KO,enhancer,antiparallel,1728
40,-25.31645569620264,13.571850927042556,0.3909013098141649,DHX36KO,enhancer,antiparallel,1728
41,25.31645569620241,13.55753807530957,0.3991171940393404,DHX36KO,enhancer,antiparallel,1728
42,75.94936708860769,13.418042451785302,0.4064984316969812,DHX36KO,enhancer,antiparallel,1728
43,126.58227848101252,13.23828540082607,0.4022915255893136,DHX36KO,enhancer,antiparallel,1728
44,177.21518987341778,12.971714816619585,0.40248924563469374,DHX36KO,enhancer,antiparallel,1728
45,227.8481012658226,12.537790541758325,0.3946399992456775,DHX36KO,enhancer,antiparallel,1728
46,278.4810126582279,12.14442330994448,0.3775541372484379,DHX36KO,enhancer,antiparallel,1728
47,329.1139240506327,11.771023229017484,0.36870950754990583,DHX36KO,enhancer,antiparallel,1728
48,379.746835443038,11.559584024792285,0.3868509895801977,DHX36KO,enhancer,antiparallel,1728
49,430.37974683544326,11.250817617543593,0.42169651026801247,DHX36KO,enhancer,antiparallel,1728
50,481.0126582278481,10.986083126686236,0.4572146416466314,DHX36KO,enhancer,antiparallel,1728
51,531.6455696202534,10.691544745215388,0.49481740411971553,DHX36KO,enhancer,antiparallel,1728
52,582.2784810126582,10.389102082338049,0.5148582619321027,DHX36KO,enhancer,antiparallel,1728
53,632.9113924050635,10.042998861563335,0.5181910698228495,DHX36KO,enhancer,antiparallel,1728
54,683.5443037974683,9.62904145066339,0.5108831325227978,DHX36KO,enhancer,antiparallel,1728
55,734.1772151898736,9.175637485995704,0.4981469452244185,DHX36KO,enhancer,antiparallel,1728
56,784.8101265822784,8.674368442645596,0.4783667925385425,DHX36KO,enhancer,antiparallel,1728
57,835.4430379746836,8.25692118803798,0.4524637561785386,DHX36KO,enhancer,antiparallel,1728
58,886.0759493670885,7.849655547545832,0.42695805788325947,DHX36KO,enhancer,antiparallel,1728
59,936.7088607594936,7.510636959790172,0.4025460380685259,DHX36KO,enhancer,antiparallel,1728
60,987.3417721518986,7.246085831678852,0.3810927984015348,DHX36KO,enhancer,antiparallel,1728
61,1037.9746835443038,6.897613713103864,0.3462014139912104,DHX36KO,enhancer,antiparallel,1728
62,1088.607594936709,6.5912029528976595,0.3170196106844996,DHX36KO,enhancer,antiparallel,1728
63,1139.240506329114,6.258968571475995,0.28632899727912103,DHX36KO,enhancer,antiparallel,1728
64,1189.8734177215188,6.0211019021672785,0.27571397370469813,DHX36KO,enhancer,antiparallel,1728
65,1240.506329113924,5.795601901002688,0.26265495945844036,DHX36KO,enhancer,antiparallel,1728
66,1291.139240506329,5.582895972196151,0.2448105648510744,DHX36KO,enhancer,antiparallel,1728
67,1341.772151898734,5.414715165803094,0.23645049687549827,DHX36KO,enhancer,antiparallel,1728
68,1392.4050632911394,5.305026363444825,0.21980360243269512,DHX36KO,enhancer,antiparallel,1728
69,1443.0379746835442,5.2216520501779,0.2131325812486013,DHX36KO,enhancer,antiparallel,1728
70,1493.6708860759495,5.102614161226852,0.20430734936154352,DHX36KO,enhancer,antiparallel,1728
71,1544.3037974683543,4.975083528309141,0.1995761326390539,DHX36KO,enhancer,antiparallel,1728
72,1594.9367088607596,4.921069074303464,0.1992648475449226,DHX36KO,enhancer,antiparallel,1728
73,1645.5696202531644,4.813028415043689,0.19108528827272503,DHX36KO,enhancer,antiparallel,1728
74,1696.2025316455697,4.7517257484816655,0.18550510743289644,DHX36KO,enhancer,antiparallel,1728
75,1746.8354430379743,4.656231518325247,0.1806743287901261,DHX36KO,enhancer,antiparallel,1728
76,1797.4683544303798,4.59319517440404,0.17696642695975537,DHX36KO,enhancer,antiparallel,1728
77,1848.1012658227849,4.570439041835474,0.1796813894552188,DHX36KO,enhancer,antiparallel,1728
78,1898.73417721519,4.6081489081680775,0.19626438006223831,DHX36KO,enhancer,antiparallel,1728
79,1949.3670886075947,4.6923896351125505,0.22213167920914767,DHX36KO,enhancer,antiparallel,1728
80,2000,4.772006579368939,0.2434743942613892,DHX36KO,enhancer,antiparallel,1728
1,-2000,5.575301950987343,0.19362240167301592,DHX36KO,enhancer,hybrid,2883
2,-1949.367088607595,5.61854272105264,0.19417142099360815,DHX36KO,enhancer,hybrid,2883
3,-1898.73417721519,5.675659886012671,0.19381784085720363,DHX36KO,enhancer,hybrid,2883
4,-1848.1012658227849,5.766776270542769,0.20126598825234815,DHX36KO,enhancer,hybrid,2883
5,-1797.4683544303798,5.854661909334231,0.21345226447843288,DHX36KO,enhancer,hybrid,2883
6,-1746.8354430379748,5.986330056749254,0.23645209084208432,DHX36KO,enhancer,hybrid,2883
7,-1696.2025316455697,6.126980185736148,0.24931785503669643,DHX36KO,enhancer,hybrid,2883
8,-1645.5696202531644,6.21807000169893,0.2502494954567311,DHX36KO,enhancer,hybrid,2883
9,-1594.9367088607596,6.325575128579667,0.24800669324354177,DHX36KO,enhancer,hybrid,2883
10,-1544.3037974683543,6.406289299216928,0.2455714432255788,DHX36KO,enhancer,hybrid,2883
11,-1493.6708860759495,6.5074739535511785,0.2459019659849941,DHX36KO,enhancer,hybrid,2883
12,-1443.0379746835442,6.6249630507087005,0.2560022134959306,DHX36KO,enhancer,hybrid,2883
13,-1392.4050632911392,6.754762491506157,0.2684493774076752,DHX36KO,enhancer,hybrid,2883
14,-1341.772151898734,6.934645431950294,0.2803684107784187,DHX36KO,enhancer,hybrid,2883
15,-1291.139240506329,7.114073162889299,0.2844606689342808,DHX36KO,enhancer,hybrid,2883
16,-1240.506329113924,7.269844962291627,0.28652735714743166,DHX36KO,enhancer,hybrid,2883
17,-1189.873417721519,7.38002486317926,0.27855026085863094,DHX36KO,enhancer,hybrid,2883
18,-1139.240506329114,7.537876885744144,0.27212346742944926,DHX36KO,enhancer,hybrid,2883
19,-1088.607594936709,7.802808008056966,0.2748768088905826,DHX36KO,enhancer,hybrid,2883
20,-1037.9746835443038,8.070267132446661,0.2816451112962291,DHX36KO,enhancer,hybrid,2883
21,-987.3417721518988,8.417937049349963,0.2996588523892248,DHX36KO,enhancer,hybrid,2883
22,-936.7088607594936,8.810838998547178,0.3146660894370855,DHX36KO,enhancer,hybrid,2883
23,-886.0759493670887,9.109821644882093,0.3253025435659868,DHX36KO,enhancer,hybrid,2883
24,-835.4430379746836,9.363356057268884,0.33175959065266614,DHX36KO,enhancer,hybrid,2883
25,-784.8101265822784,9.551834081338171,0.3230390775761218,DHX36KO,enhancer,hybrid,2883
26,-734.1772151898733,9.86041619623916,0.31678799706613914,DHX36KO,enhancer,hybrid,2883
27,-683.5443037974683,10.218751332245477,0.32474398641900715,DHX36KO,enhancer,hybrid,2883
28,-632.9113924050632,10.556995971589329,0.33072236131607047,DHX36KO,enhancer,hybrid,2883
29,-582.2784810126582,11.026480897231824,0.333112249491177,DHX36KO,enhancer,hybrid,2883
30,-531.6455696202531,11.43535369294684,0.33175247107934613,DHX36KO,enhancer,hybrid,2883
31,-481.0126582278481,11.798550868735092,0.32725839434810594,DHX36KO,enhancer,hybrid,2883
32,-430.37974683544303,12.273565138043496,0.3287353155162975,DHX36KO,enhancer,hybrid,2883
33,-379.746835443038,12.577884196118132,0.33329360768721633,DHX36KO,enhancer,hybrid,2883
34,-329.11392405063293,12.816747433237015,0.33382236438465507,DHX36KO,enhancer,hybrid,2883
35,-278.4810126582279,13.03624659591554,0.33160571466819294,DHX36KO,enhancer,hybrid,2883
36,-227.84810126582283,13.261664809095665,0.3283404799666079,DHX36KO,enhancer,hybrid,2883
37,-177.21518987341778,13.41732561546001,0.32062957373500933,DHX36KO,enhancer,hybrid,2883
38,-126.58227848101274,13.627999823030564,0.31589220901157083,DHX36KO,enhancer,hybrid,2883
39,-75.94936708860769,13.803956026175848,0.3125680859158725,DHX36KO,enhancer,hybrid,2883
40,-25.31645569620264,13.853923146125416,0.30904581010606674,DHX36KO,enhancer,hybrid,2883
41,25.31645569620241,13.85523046435421,0.31243946423800095,DHX36KO,enhancer,hybrid,2883
42,75.94936708860769,13.84182391459769,0.31968630705858925,DHX36KO,enhancer,hybrid,2883
43,126.58227848101252,13.680109996051923,0.32387001782066543,DHX36KO,enhancer,hybrid,2883
44,177.21518987341778,13.48248839849984,0.31942482688833335,DHX36KO,enhancer,hybrid,2883
45,227.8481012658226,13.332974473006024,0.3210282047201927,DHX36KO,enhancer,hybrid,2883
46,278.4810126582279,13.090412951662769,0.3181689040166889,DHX36KO,enhancer,hybrid,2883
47,329.1139240506327,12.759511366984324,0.3084836148959821,DHX36KO,enhancer,hybrid,2883
48,379.746835443038,12.459648121684284,0.30581062045403534,DHX36KO,enhancer,hybrid,2883
49,430.37974683544326,12.128239741188375,0.30576423684363685,DHX36KO,enhancer,hybrid,2883
50,481.0126582278481,11.765391229540644,0.31140404903068425,DHX36KO,enhancer,hybrid,2883
51,531.6455696202534,11.411637215198072,0.3213918516874558,DHX36KO,enhancer,hybrid,2883
52,582.2784810126582,11.096290741632242,0.3252935542391851,DHX36KO,enhancer,hybrid,2883
53,632.9113924050635,10.799644538223268,0.32673174778921027,DHX36KO,enhancer,hybrid,2883
54,683.5443037974683,10.43012423513528,0.3256460025974762,DHX36KO,enhancer,hybrid,2883
55,734.1772151898736,9.974352512764288,0.31468955581285535,DHX36KO,enhancer,hybrid,2883
56,784.8101265822784,9.464995873553834,0.2992171310174962,DHX36KO,enhancer,hybrid,2883
57,835.4430379746836,9.0144916421921355,0.28176414663541594,DHX36KO,enhancer,hybrid,2883
58,886.0759493670885,8.664317689558333,0.2722422909035908,DHX36KO,enhancer,hybrid,2883
59,936.7088607594936,8.295810002190128,0.2679946621068416,DHX36KO,enhancer,hybrid,2883
60,987.3417721518986,7.996711316134616,0.26846505810264865,DHX36KO,enhancer,hybrid,2883
61,1037.9746835443038,7.734792279076033,0.2689367411182045,DHX36KO,enhancer,hybrid,2883
62,1088.607594936709,7.492270459873798,0.2726855131610752,DHX36KO,enhancer,hybrid,2883
63,1139.240506329114,7.295423946280275,0.2773480096818466,DHX36KO,enhancer,hybrid,2883
64,1189.8734177215188,7.117176682899172,0.28033845236733446,DHX36KO,enhancer,hybrid,2883
65,1240.506329113924,7.0173911235778785,0.2811314737510732,DHX36KO,enhancer,hybrid,2883
66,1291.139240506329,6.893450266690265,0.2758061009911549,DHX36KO,enhancer,hybrid,2883
67,1341.772151898734,6.788663837688619,0.27058968138098466,DHX36KO,enhancer,hybrid,2883
68,1392.4050632911394,6.660901502838768,0.2662753261534365,DHX36KO,enhancer,hybrid,2883
69,1443.0379746835442,6.486517475182258,0.25651655097191667,DHX36KO,enhancer,hybrid,2883
70,1493.6708860759495,6.354823891905115,0.2537341346149772,DHX36KO,enhancer,hybrid,2883
71,1544.3037974683543,6.2740717666956,0.26060290883685017,DHX36KO,enhancer,hybrid,2883
72,1594.9367088607596,6.168222110736493,0.25862632332456753,DHX36KO,enhancer,hybrid,2883
73,1645.5696202531644,6.047432194128245,0.25093224913995754,DHX36KO,enhancer,hybrid,2883
74,1696.2025316455697,5.921130266076554,0.239094953663571,DHX36KO,enhancer,hybrid,2883
75,1746.8354430379743,5.8167845810379015,0.2252780075896203,DHX36KO,enhancer,hybrid,2883
76,1797.4683544303798,5.743847218676239,0.2171497176279489,DHX36KO,enhancer,hybrid,2883
77,1848.1012658227849,5.639000192642598,0.2043606139510956,DHX36KO,enhancer,hybrid,2883
78,1898.73417721519,5.50081520783445,0.18345185198936592,DHX36KO,enhancer,hybrid,2883
79,1949.3670886075947,5.35971382964924,0.164062383534602,DHX36KO,enhancer,hybrid,2883
80,2000,5.265854614278818,0.1544424268736469,DHX36KO,enhancer,hybrid,2883
1,-2000,3.1775645439512417,0.0552658111983759,DHX36KO,enhancer,none,16000
2,-1949.367088607595,3.175431469036004,0.05607124794379938,DHX36KO,enhancer,none,16000
3,-1898.73417721519,3.163190391735912,0.05576284614644631,DHX36KO,enhancer,none,16000
4,-1848.1012658227849,3.158073234711525,0.05574869968269435,DHX36KO,enhancer,none,16000
5,-1797.4683544303798,3.128430098030741,0.05456084073654005,DHX36KO,enhancer,none,16000
6,-1746.8354430379748,3.101658035953365,0.05207709793997425,DHX36KO,enhancer,none,16000
7,-1696.2025316455697,3.088860201921958,0.05040346050484216,DHX36KO,enhancer,none,16000
8,-1645.5696202531644,3.075241021950702,0.05003638830265462,DHX36KO,enhancer,none,16000
9,-1594.9367088607596,3.0685194670901303,0.05001991509877888,DHX36KO,enhancer,none,16000
10,-1544.3037974683543,3.054593272383361,0.04928725256996225,DHX36KO,enhancer,none,16000
11,-1493.6708860759495,3.0523455389727374,0.04977626078344402,DHX36KO,enhancer,none,16000
12,-1443.0379746835442,3.044215107684789,0.04951540436259354,DHX36KO,enhancer,none,16000
13,-1392.4050632911392,3.029195026656843,0.04923339322572175,DHX36KO,enhancer,none,16000
14,-1341.772151898734,3.0278949267851356,0.04929966291444043,DHX36KO,enhancer,none,16000
15,-1291.139240506329,3.001870731738287,0.04912727467969331,DHX36KO,enhancer,none,16000
16,-1240.506329113924,2.978503647720757,0.04854621311079083,DHX36KO,enhancer,none,16000
17,-1189.873417721519,2.946473348730091,0.04702224087744935,DHX36KO,enhancer,none,16000
18,-1139.240506329114,2.917619417770255,0.04573721918012715,DHX36KO,enhancer,none,16000
19,-1088.607594936709,2.8854358371097346,0.04545298926278044,DHX36KO,enhancer,none,16000
20,-1037.9746835443038,2.84091581307599,0.04449941500671561,DHX36KO,enhancer,none,16000
21,-987.3417721518988,2.793019634760947,0.04308615949920963,DHX36KO,enhancer,none,16000
22,-936.7088607594936,2.7384529778148923,0.0421615830869566,DHX36KO,enhancer,none,16000
23,-886.0759493670887,2.681710542381298,0.04047051742243788,DHX36KO,enhancer,none,16000
24,-835.4430379746836,2.628789672188684,0.03770576485000963,DHX36KO,enhancer,none,16000
25,-784.8101265822784,2.5714399989783954,0.0344261173630477,DHX36KO,enhancer,none,16000
26,-734.1772151898733,2.5186784529997586,0.03162583088523277,DHX36KO,enhancer,none,16000
27,-683.5443037974683,2.47671509946933,0.02934750885699535,DHX36KO,enhancer,none,16000
28,-632.9113924050632,2.4270354073184257,0.02710204041660267,DHX36KO,enhancer,none,16000
29,-582.2784810126582,2.3860007097925213,0.02541731231042145,DHX36KO,enhancer,none,16000
30,-531.6455696202531,2.3409215011493405,0.02432278990492661,DHX36KO,enhancer,none,16000
31,-481.0126582278481,2.2878539732138523,0.02310620508541111,DHX36KO,enhancer,none,16000
32,-430.37974683544303,2.233013846415371,0.02191232909826442,DHX36KO,enhancer,none,16000
33,-379.746835443038,2.1908855072181654,0.02070837587420084,DHX36KO,enhancer,none,16000
34,-329.11392405063293,2.150948411829935,0.01966589024879764,DHX36KO,enhancer,none,16000
35,-278.4810126582279,2.115459420482653,0.01851511560672058,DHX36KO,enhancer,none,16000
36,-227.84810126582283,2.089329616594421,0.01734953337745657,DHX36KO,enhancer,none,16000
37,-177.21518987341778,2.057725323765536,0.01649652050013528,DHX36KO,enhancer,none,16000
38,-126.58227848101274,2.0451243144673708,0.01603407191762954,DHX36KO,enhancer,none,16000
39,-75.94936708860769,2.035892302333045,0.01572943892527922,DHX36KO,enhancer,none,16000
40,-25.31645569620264,2.039854084780786,0.01561818873986295,DHX36KO,enhancer,none,16000
41,25.31645569620241,2.0426256572701003,0.01580437758436437,DHX36KO,enhancer,none,16000
42,75.94936708860769,2.0399678188961348,0.0159798986989942,DHX36KO,enhancer,none,16000
43,126.58227848101252,2.04718057583046,0.01616285562050828,DHX36KO,enhancer,none,16000
44,177.21518987341778,2.069208831375109,0.0165916310622815,DHX36KO,enhancer,none,16000
45,227.8481012658226,2.102511832118693,0.01731614488953233,DHX36KO,enhancer,none,16000
46,278.4810126582279,2.1416988247764808,0.0181259546163801,DHX36KO,enhancer,none,16000
47,329.1139240506327,2.1855476551438784,0.01927176121562781,DHX36KO,enhancer,none,16000
48,379.746835443038,2.2304072684844907,0.02056539600054598,DHX36KO,enhancer,none,16000
49,430.37974683544326,2.2795979903482464,0.02220711845572473,DHX36KO,enhancer,none,16000
50,481.0126582278481,2.329094778126356,0.02362656094997433,DHX36KO,enhancer,none,16000
51,531.6455696202534,2.3824371720946727,0.02549165068381653,DHX36KO,enhancer,none,16000
52,582.2784810126582,2.4548020162730597,0.02757831264946456,DHX36KO,enhancer,none,16000
53,632.9113924050635,2.5294550483813665,0.02991749602784163,DHX36KO,enhancer,none,16000
54,683.5443037974683,2.5960424794468993,0.0323595788721863,DHX36KO,enhancer,none,16000
55,734.1772151898736,2.6477459939600188,0.03487367410755825,DHX36KO,enhancer,none,16000
56,784.8101265822784,2.7028918642926474,0.03817308143125586,DHX36KO,enhancer,none,16000
57,835.4430379746836,2.759001989923931,0.04236288704664395,DHX36KO,enhancer,none,16000
58,886.0759493670885,2.8081694900319847,0.04673534200633761,DHX36KO,enhancer,none,16000
59,936.7088607594936,2.8581208301916967,0.04983054005659129,DHX36KO,enhancer,none,16000
60,987.3417721518986,2.88314928320945,0.05043640407079472,DHX36KO,enhancer,none,16000
61,1037.9746835443038,2.915606262986532,0.05020885422108281,DHX36KO,enhancer,none,16000
62,1088.607594936709,2.9329298437557885,0.0482900668370865,DHX36KO,enhancer,none,16000
63,1139.240506329114,2.956896497110905,0.04729599121752329,DHX36KO,enhancer,none,16000
64,1189.8734177215188,2.979567231539701,0.04688711566590359,DHX36KO,enhancer,none,16000
65,1240.506329113924,2.999413349504898,0.04743727390025127,DHX36KO,enhancer,none,16000
66,1291.139240506329,3.0174773633718375,0.04787013998269658,DHX36KO,enhancer,none,16000
67,1341.772151898734,3.04289376184362,0.04905743446593903,DHX36KO,enhancer,none,16000
68,1392.4050632911394,3.0668645006886264,0.05145894507276426,DHX36KO,enhancer,none,16000
69,1443.0379746835442,3.0994519410605896,0.05357197437674992,DHX36KO,enhancer,none,16000
70,1493.6708860759495,3.127449241224384,0.05502849307916682,DHX36KO,enhancer,none,16000
71,1544.3037974683543,3.146922647514544,0.05609821594344631,DHX36KO,enhancer,none,16000
72,1594.9367088607596,3.179156981580509,0.0574274033964549,DHX36KO,enhancer,none,16000
73,1645.5696202531644,3.201621654109103,0.05759520550529357,DHX36KO,enhancer,none,16000
74,1696.2025316455697,3.2029247577560205,0.05657289740934793,DHX36KO,enhancer,none,16000
75,1746.8354430379743,3.191297983375069,0.05428110677670076,DHX36KO,enhancer,none,16000
76,1797.4683544303798,3.169429891095004,0.05280187601911593,DHX36KO,enhancer,none,16000
77,1848.1012658227849,3.1494261083550623,0.05217801763982484,DHX36KO,enhancer,none,16000
78,1898.73417721519,3.150193890827253,0.05409391574991665,DHX36KO,enhancer,none,16000
79,1949.3670886075947,3.1476729241577046,0.05523556601639073,DHX36KO,enhancer,none,16000
80,2000,3.1469806534755502,0.05574239419456332,DHX36KO,enhancer,none,16000
1,-2000,4.803569525137466,0.11239468574170342,FANCJKO,promoter,parallel,7385
2,-1949.367088607595,4.811879346542772,0.11131059730651144,FANCJKO,promoter,parallel,7385
3,-1898.73417721519,4.8177953322136595,0.10911912756112845,FANCJKO,promoter,parallel,7385
4,-1848.1012658227849,4.809063268111915,0.11003803920497952,FANCJKO,promoter,parallel,7385
5,-1797.4683544303798,4.8197086052469515,0.1130915493349275,FANCJKO,promoter,parallel,7385
6,-1746.8354430379748,4.838294010318071,0.11717706599968676,FANCJKO,promoter,parallel,7385
7,-1696.2025316455697,4.88363855683521,0.11897195667604392,FANCJKO,promoter,parallel,7385
8,-1645.5696202531644,4.9200702230588655,0.11766696522346226,FANCJKO,promoter,parallel,7385
9,-1594.9367088607596,4.954312590536537,0.11658785258189323,FANCJKO,promoter,parallel,7385
10,-1544.3037974683543,4.973647171679535,0.11578888748981618,FANCJKO,promoter,parallel,7385
11,-1493.6708860759495,4.998087275757635,0.11802913680914012,FANCJKO,promoter,parallel,7385
12,-1443.0379746835442,5.016963047649812,0.12116324279598951,FANCJKO,promoter,parallel,7385
13,-1392.4050632911392,5.054433066686532,0.1258226811409981,FANCJKO,promoter,parallel,7385
14,-1341.772151898734,5.119087033346797,0.13518747446652266,FANCJKO,promoter,parallel,7385
15,-1291.139240506329,5.166450502722238,0.14183255089704327,FANCJKO,promoter,parallel,7385
16,-1240.506329113924,5.190000591635677,0.14530084872061094,FANCJKO,promoter,parallel,7385
17,-1189.873417721519,5.179693142493404,0.143588253573929,FANCJKO,promoter,parallel,7385
18,-1139.240506329114,5.174823004856897,0.14042073093212687,FANCJKO,promoter,parallel,7385
19,-1088.607594936709,5.241630223965865,0.14139386608004512,FANCJKO,promoter,parallel,7385
20,-1037.9746835443038,5.316867253015553,0.14071241722834496,FANCJKO,promoter,parallel,7385
21,-987.3417721518988,5.361089688115776,0.14092199497539598,FANCJKO,promoter,parallel,7385
22,-936.7088607594936,5.3526553873794125,0.1392610750116388,FANCJKO,promoter,parallel,7385
23,-886.0759493670887,5.3234239766066676,0.13492291049868385,FANCJKO,promoter,parallel,7385
24,-835.4430379746836,5.306021884080869,0.12971167083211438,FANCJKO,promoter,parallel,7385
25,-784.8101265822784,5.321701574532395,0.12770346624797302,FANCJKO,promoter,parallel,7385
26,-734.1772151898733,5.366123641602209,0.12905963350810806,FANCJKO,promoter,parallel,7385
27,-683.5443037974683,5.438633734747186,0.1299926224900093,FANCJKO,promoter,parallel,7385
28,-632.9113924050632,5.501788100003927,0.12983884531389914,FANCJKO,promoter,parallel,7385
29,-582.2784810126582,5.565840535478112,0.13187052535044694,FANCJKO,promoter,parallel,7385
30,-531.6455696202531,5.657872289087131,0.1361879697364544,FANCJKO,promoter,parallel,7385
31,-481.0126582278481,5.764814241252724,0.14266853495275308,FANCJKO,promoter,parallel,7385
32,-430.37974683544303,5.942482182274498,0.15248967753689982,FANCJKO,promoter,parallel,7385
33,-379.746835443038,6.113002682978454,0.15892040818437492,FANCJKO,promoter,parallel,7385
34,-329.11392405063293,6.34394459590038,0.16766025198442217,FANCJKO,promoter,parallel,7385
35,-278.4810126582279,6.607517266194833,0.1802357567004861,FANCJKO,promoter,parallel,7385
36,-227.84810126582283,6.921245304623567,0.19787784780794343,FANCJKO,promoter,parallel,7385
37,-177.21518987341778,7.237887047763873,0.2168774093876243,FANCJKO,promoter,parallel,7385
38,-126.58227848101274,7.533484580964166,0.23235740775828848,FANCJKO,promoter,parallel,7385
39,-75.94936708860769,7.738981603580467,0.23870649584407488,FANCJKO,promoter,parallel,7385
40,-25.31645569620264,7.743116685141992,0.23417640544813623,FANCJKO,promoter,parallel,7385
41,25.31645569620241,7.604952664092711,0.2189267206641176,FANCJKO,promoter,parallel,7385
42,75.94936708860769,7.408547882382473,0.20152740454006168,FANCJKO,promoter,parallel,7385
43,126.58227848101252,7.20958639468783,0.1865940496087853,FANCJKO,promoter,parallel,7385
44,177.21518987341778,7.077483102929213,0.1780260745168829,FANCJKO,promoter,parallel,7385
45,227.8481012658226,6.876775962095017,0.17034163752603818,FANCJKO,promoter,parallel,7385
46,278.4810126582279,6.599889255112381,0.16039678378781588,FANCJKO,promoter,parallel,7385
47,329.1139240506327,6.3765381543999515,0.15385954135519608,FANCJKO,promoter,parallel,7385
48,379.746835443038,6.190941366061161,0.1471212072691084,FANCJKO,promoter,parallel,7385
49,430.37974683544326,5.979242438925548,0.13806497600615925,FANCJKO,promoter,parallel,7385
50,481.0126582278481,5.816466539062353,0.13307648058862348,FANCJKO,promoter,parallel,7385
51,531.6455696202534,5.7010045624847905,0.13227139573620372,FANCJKO,promoter,parallel,7385
52,582.2784810126582,5.644302147973124,0.13345754691047104,FANCJKO,promoter,parallel,7385
53,632.9113924050635,5.589614423377227,0.13309035820569368,FANCJKO,promoter,parallel,7385
54,683.5443037974683,5.5153055197308545,0.13054414678916682,FANCJKO,promoter,parallel,7385
55,734.1772151898736,5.427673056258006,0.12669442142186146,FANCJKO,promoter,parallel,7385
56,784.8101265822784,5.374019056321481,0.12580339670254218,FANCJKO,promoter,parallel,7385
57,835.4430379746836,5.3241127250446905,0.12576240977538536,FANCJKO,promoter,parallel,7385
58,886.0759493670885,5.286064880519493,0.12935741056052863,FANCJKO,promoter,parallel,7385
59,936.7088607594936,5.274819347741345,0.13670738745474403,FANCJKO,promoter,parallel,7385
60,987.3417721518986,5.2659160226712345,0.14053789186380403,FANCJKO,promoter,parallel,7385
61,1037.9746835443038,5.265801616187452,0.14356867326979236,FANCJKO,promoter,parallel,7385
62,1088.607594936709,5.236295550576022,0.14344728568911827,FANCJKO,promoter,parallel,7385
63,1139.240506329114,5.207249304985252,0.14300521591076085,FANCJKO,promoter,parallel,7385
64,1189.8734177215188,5.166382832650593,0.14260059214956264,FANCJKO,promoter,parallel,7385
65,1240.506329113924,5.158927471453814,0.14040241325115935,FANCJKO,promoter,parallel,7385
66,1291.139240506329,5.1046215306247396,0.13398311552560604,FANCJKO,promoter,parallel,7385
67,1341.772151898734,5.045282903616274,0.1280807015899073,FANCJKO,promoter,parallel,7385
68,1392.4050632911394,5.031792459671396,0.12381529633006028,FANCJKO,promoter,parallel,7385
69,1443.0379746835442,5.020806734180106,0.12130251166481754,FANCJKO,promoter,parallel,7385
70,1493.6708860759495,5.013895074547346,0.12129887736054128,FANCJKO,promoter,parallel,7385
71,1544.3037974683543,4.997262253932505,0.1231307827837056,FANCJKO,promoter,parallel,7385
72,1594.9367088607596,4.935122148462354,0.12271272584868624,FANCJKO,promoter,parallel,7385
73,1645.5696202531644,4.8782428401300475,0.12173367836374334,FANCJKO,promoter,parallel,7385
74,1696.2025316455697,4.842568861954263,0.119613638666321,FANCJKO,promoter,parallel,7385
75,1746.8354430379743,4.831824609982674,0.11604223937809474,FANCJKO,promoter,parallel,7385
76,1797.4683544303798,4.811171612001116,0.11364133588482078,FANCJKO,promoter,parallel,7385
77,1848.1012658227849,4.82266738045864,0.11518102107070344,FANCJKO,promoter,parallel,7385
78,1898.73417721519,4.86154174457439,0.12319191992726344,FANCJKO,promoter,parallel,7385
79,1949.3670886075947,4.902423989108389,0.12902960741831493,FANCJKO,promoter,parallel,7385
80,2000,4.902983377116605,0.13101817028902313,FANCJKO,promoter,parallel,7385
1,-2000,5.902892099333046,0.6297644086352842,FANCJKO,promoter,antiparallel,670
2,-1949.367088607595,5.827638305578659,0.6188551501014933,FANCJKO,promoter,antiparallel,670
3,-1898.73417721519,5.680691176546154,0.5742532456194537,FANCJKO,promoter,antiparallel,670
4,-1848.1012658227849,5.560004817704063,0.49839651994807777,FANCJKO,promoter,antiparallel,670
5,-1797.4683544303798,5.343636489623814,0.4218429109710225,FANCJKO,promoter,antiparallel,670
6,-1746.8354430379748,5.188398597096922,0.3740036674484192,FANCJKO,promoter,antiparallel,670
7,-1696.2025316455697,5.062419964529389,0.3530581540736977,FANCJKO,promoter,antiparallel,670
8,-1645.5696202531644,4.952514407089101,0.3426058425388953,FANCJKO,promoter,antiparallel,670
9,-1594.9367088607596,4.861652411229575,0.34819556339013663,FANCJKO,promoter,antiparallel,670
10,-1544.3037974683543,4.755076093037923,0.34168080907831244,FANCJKO,promoter,antiparallel,670
11,-1493.6708860759495,4.675787701174987,0.3273964698548613,FANCJKO,promoter,antiparallel,670
12,-1443.0379746835442,4.506825063898789,0.28501976577758736,FANCJKO,promoter,antiparallel,670
13,-1392.4050632911392,4.403819718375135,0.26913267936265983,FANCJKO,promoter,antiparallel,670
14,-1341.772151898734,4.350538485932706,0.26286937147936656,FANCJKO,promoter,antiparallel,670
15,-1291.139240506329,4.276327727254944,0.2609148432297501,FANCJKO,promoter,antiparallel,670
16,-1240.506329113924,4.303368341460157,0.27441455835963613,FANCJKO,promoter,antiparallel,670
17,-1189.873417721519,4.396680255709596,0.2846460743859422,FANCJKO,promoter,antiparallel,670
18,-1139.240506329114,4.414590593321407,0.2879735702052126,FANCJKO,promoter,antiparallel,670
19,-1088.607594936709,4.37260266890336,0.2736553685237789,FANCJKO,promoter,antiparallel,670
20,-1037.9746835443038,4.420343558822698,0.2675229756300735,FANCJKO,promoter,antiparallel,670
21,-987.3417721518988,4.452027685121517,0.2679798617256035,FANCJKO,promoter,antiparallel,670
22,-936.7088607594936,4.42616819217549,0.27414160734467824,FANCJKO,promoter,antiparallel,670
23,-886.0759493670887,4.407321050092356,0.28163747117364246,FANCJKO,promoter,antiparallel,670
24,-835.4430379746836,4.429292599487067,0.2886713663469744,FANCJKO,promoter,antiparallel,670
25,-784.8101265822784,4.3304272306795735,0.2795251317444739,FANCJKO,promoter,antiparallel,670
26,-734.1772151898733,4.301075214702691,0.26366102858135537,FANCJKO,promoter,antiparallel,670
27,-683.5443037974683,4.250571197456388,0.2475892559493692,FANCJKO,promoter,antiparallel,670
28,-632.9113924050632,4.280694717738165,0.25418324749529314,FANCJKO,promoter,antiparallel,670
29,-582.2784810126582,4.295537469476017,0.2630873273164969,FANCJKO,promoter,antiparallel,670
30,-531.6455696202531,4.291317874615466,0.2819937395957132,FANCJKO,promoter,antiparallel,670
31,-481.0126582278481,4.290762070067486,0.27568026054081557,FANCJKO,promoter,antiparallel,670
32,-430.37974683544303,4.360635626667174,0.29221923572393155,FANCJKO,promoter,antiparallel,670
33,-379.746835443038,4.452354629406289,0.33150201607856605,FANCJKO,promoter,antiparallel,670
34,-329.11392405063293,4.5343500051071395,0.3861093999740385,FANCJKO,promoter,antiparallel,670
35,-278.4810126582279,4.791817261264098,0.45656652969444744,FANCJKO,promoter,antiparallel,670
36,-227.84810126582283,5.120963354081064,0.5063288244295374,FANCJKO,promoter,antiparallel,670
37,-177.21518987341778,5.409553147022997,0.53785705017042,FANCJKO,promoter,antiparallel,670
38,-126.58227848101274,5.712941007990149,0.5669268996810791,FANCJKO,promoter,antiparallel,670
39,-75.94936708860769,5.962648180478841,0.6006441303143348,FANCJKO,promoter,antiparallel,670
40,-25.31645569620264,6.141372754527562,0.6146183496851308,FANCJKO,promoter,antiparallel,670
41,25.31645569620241,6.334516215744303,0.6130996935808367,FANCJKO,promoter,antiparallel,670
42,75.94936708860769,6.257135442062397,0.6053939920589125,FANCJKO,promoter,antiparallel,670
43,126.58227848101252,5.985936795756592,0.5695296265026454,FANCJKO,promoter,antiparallel,670
44,177.21518987341778,5.766787422181362,0.5165086545051314,FANCJKO,promoter,antiparallel,670
45,227.8481012658226,5.481717936439893,0.44258478737962975,FANCJKO,promoter,antiparallel,670
46,278.4810126582279,5.281667520404455,0.3953984119588811,FANCJKO,promoter,antiparallel,670
47,329.1139240506327,5.132214455007913,0.362555051666388,FANCJKO,promoter,antiparallel,670
48,379.746835443038,5.100371958905785,0.35233670695097924,FANCJKO,promoter,antiparallel,670
49,430.37974683544326,5.099318430162781,0.3541876751310048,FANCJKO,promoter,antiparallel,670
50,481.0126582278481,5.023059136605381,0.34673392758139177,FANCJKO,promoter,antiparallel,670
51,531.6455696202534,4.948993593514855,0.3364433989581477,FANCJKO,promoter,antiparallel,670
52,582.2784810126582,4.964118652088725,0.33808874750719936,FANCJKO,promoter,antiparallel,670
53,632.9113924050635,4.900771559729505,0.3401926375495929,FANCJKO,promoter,antiparallel,670
54,683.5443037974683,4.789759836540886,0.33035720716105,FANCJKO,promoter,antiparallel,670
55,734.1772151898736,4.736619876573335,0.31707088725747434,FANCJKO,promoter,antiparallel,670
56,784.8101265822784,4.824676701703475,0.3262464681294301,FANCJKO,promoter,antiparallel,670
57,835.4430379746836,4.911609940758985,0.35147033137229866,FANCJKO,promoter,antiparallel,670
58,886.0759493670885,5.061824944791509,0.3867438764204639,FANCJKO,promoter,antiparallel,670
59,936.7088607594936,5.2219985091377845,0.40802365828364584,FANCJKO,promoter,antiparallel,670
60,987.3417721518986,5.300871688122773,0.4043156849180739,FANCJKO,promoter,antiparallel,670
61,1037.9746835443038,5.3035067716890305,0.3770019570249441,FANCJKO,promoter,antiparallel,670
62,1088.607594936709,5.161894520127358,0.34546746115184096,FANCJKO,promoter,antiparallel,670
63,1139.240506329114,5.016563334995241,0.3182093452994571,FANCJKO,promoter,antiparallel,670
64,1189.8734177215188,4.865938787943095,0.3012865961518193,FANCJKO,promoter,antiparallel,670
65,1240.506329113924,4.851354254341837,0.2938302422437599,FANCJKO,promoter,antiparallel,670
66,1291.139240506329,4.911670485399256,0.2965474810444588,FANCJKO,promoter,antiparallel,670
67,1341.772151898734,5.054943086424871,0.32589712229876283,FANCJKO,promoter,antiparallel,670
68,1392.4050632911394,5.042065323448893,0.3489693240575569,FANCJKO,promoter,antiparallel,670
69,1443.0379746835442,4.980800281155762,0.3798669272293876,FANCJKO,promoter,antiparallel,670
70,1493.6708860759495,4.968853641460191,0.4090151995030036,FANCJKO,promoter,antiparallel,670
71,1544.3037974683543,5.05344951437006,0.46030169428894846,FANCJKO,promoter,antiparallel,670
72,1594.9367088607596,5.1442913752408765,0.5338161926864803,FANCJKO,promoter,antiparallel,670
73,1645.5696202531644,5.1384808746297566,0.5434061944882241,FANCJKO,promoter,antiparallel,670
74,1696.2025316455697,5.1027158698881445,0.521154449268227,FANCJKO,promoter,antiparallel,670
75,1746.8354430379743,5.056899864299973,0.49629928172224025,FANCJKO,promoter,antiparallel,670
76,1797.4683544303798,5.011999834122349,0.50197040866156,FANCJKO,promoter,antiparallel,670
77,1848.1012658227849,4.8563934981206165,0.4895703677203008,FANCJKO,promoter,antiparallel,670
78,1898.73417721519,4.769531260703927,0.4546924332088475,FANCJKO,promoter,antiparallel,670
79,1949.3670886075947,4.625663092311935,0.4140710220782718,FANCJKO,promoter,antiparallel,670
80,2000,4.514293465151716,0.3923751078744243,FANCJKO,promoter,antiparallel,670
1,-2000,5.0367877460975565,0.36826966175440334,FANCJKO,promoter,hybrid,1113
2,-1949.367088607595,5.133351520305267,0.3799335274164839,FANCJKO,promoter,hybrid,1113
3,-1898.73417721519,5.216753656940568,0.3917234229921122,FANCJKO,promoter,hybrid,1113
4,-1848.1012658227849,5.201971920504831,0.3993645016801083,FANCJKO,promoter,hybrid,1113
5,-1797.4683544303798,5.134299284805613,0.38452926927023073,FANCJKO,promoter,hybrid,1113
6,-1746.8354430379748,5.102741155958562,0.3716312195482311,FANCJKO,promoter,hybrid,1113
7,-1696.2025316455697,5.091736374016328,0.3569250813289591,FANCJKO,promoter,hybrid,1113
8,-1645.5696202531644,5.065423426193261,0.3328769407537976,FANCJKO,promoter,hybrid,1113
9,-1594.9367088607596,4.998575834628171,0.3107950709724132,FANCJKO,promoter,hybrid,1113
10,-1544.3037974683543,4.861714835788147,0.28547127414095524,FANCJKO,promoter,hybrid,1113
11,-1493.6708860759495,4.713090143560756,0.2558900583237727,FANCJKO,promoter,hybrid,1113
12,-1443.0379746835442,4.606968884923638,0.24298641653133335,FANCJKO,promoter,hybrid,1113
13,-1392.4050632911392,4.5399394781827285,0.2414845171505236,FANCJKO,promoter,hybrid,1113
14,-1341.772151898734,4.549967319361997,0.254275870168507,FANCJKO,promoter,hybrid,1113
15,-1291.139240506329,4.533326627054269,0.2652908431401966,FANCJKO,promoter,hybrid,1113
16,-1240.506329113924,4.447986286823248,0.25775428876160955,FANCJKO,promoter,hybrid,1113
17,-1189.873417721519,4.369793949869087,0.24708507968771115,FANCJKO,promoter,hybrid,1113
18,-1139.240506329114,4.342306320241698,0.2398942274775919,FANCJKO,promoter,hybrid,1113
19,-1088.607594936709,4.329159377558783,0.2223132278620877,FANCJKO,promoter,hybrid,1113
20,-1037.9746835443038,4.303664084653292,0.20570934269190624,FANCJKO,promoter,hybrid,1113
21,-987.3417721518988,4.296839494700202,0.21231677871812293,FANCJKO,promoter,hybrid,1113
22,-936.7088607594936,4.3678737589719585,0.22445159832158412,FANCJKO,promoter,hybrid,1113
23,-886.0759493670887,4.437001575426843,0.2265479307686424,FANCJKO,promoter,hybrid,1113
24,-835.4430379746836,4.566632571743076,0.22751997403908375,FANCJKO,promoter,hybrid,1113
25,-784.8101265822784,4.728980169402657,0.2432583085957888,FANCJKO,promoter,hybrid,1113
26,-734.1772151898733,4.959790888253926,0.2642257945585236,FANCJKO,promoter,hybrid,1113
27,-683.5443037974683,5.1817767644021355,0.2866616691178716,FANCJKO,promoter,hybrid,1113
28,-632.9113924050632,5.423293682479258,0.31160544134170565,FANCJKO,promoter,hybrid,1113
29,-582.2784810126582,5.676623878583254,0.33820563196514064,FANCJKO,promoter,hybrid,1113
30,-531.6455696202531,5.918761718895808,0.3723113412874281,FANCJKO,promoter,hybrid,1113
31,-481.0126582278481,6.229434099191676,0.41658270839985984,FANCJKO,promoter,hybrid,1113
32,-430.37974683544303,6.5366708569913685,0.48198903029816315,FANCJKO,promoter,hybrid,1113
33,-379.746835443038,6.919219248139883,0.5543125318038755,FANCJKO,promoter,hybrid,1113
34,-329.11392405063293,7.314105380363327,0.6169798459708373,FANCJKO,promoter,hybrid,1113
35,-278.4810126582279,7.82386013278707,0.6751206406960741,FANCJKO,promoter,hybrid,1113
36,-227.84810126582283,8.22096349983381,0.7202541642076444,FANCJKO,promoter,hybrid,1113
37,-177.21518987341778,8.53328412881259,0.7331715023756389,FANCJKO,promoter,hybrid,1113
38,-126.58227848101274,8.750807924356314,0.7292706097930077,FANCJKO,promoter,hybrid,1113
39,-75.94936708860769,9.011699323179338,0.705078500860984,FANCJKO,promoter,hybrid,1113
40,-25.31645569620264,9.100190033256457,0.6711890420054726,FANCJKO,promoter,hybrid,1113
41,25.31645569620241,8.968697231594907,0.6406724139217845,FANCJKO,promoter,hybrid,1113
42,75.94936708860769,8.669968120547674,0.609029768422004,FANCJKO,promoter,hybrid,1113
43,126.58227848101252,8.423839748788287,0.5852790959344091,FANCJKO,promoter,hybrid,1113
44,177.21518987341778,8.050987203745972,0.5432470694728689,FANCJKO,promoter,hybrid,1113
45,227.8481012658226,7.573226741201402,0.4987412071970091,FANCJKO,promoter,hybrid,1113
46,278.4810126582279,7.108223460600311,0.4553286688422781,FANCJKO,promoter,hybrid,1113
47,329.1139240506327,6.795187192222393,0.4289076520382932,FANCJKO,promoter,hybrid,1113
48,379.746835443038,6.5288504295671865,0.405949060266471,FANCJKO,promoter,hybrid,1113
49,430.37974683544326,6.319913971355555,0.3836165215553117,FANCJKO,promoter,hybrid,1113
50,481.0126582278481,6.182665942461414,0.38289607958214095,FANCJKO,promoter,hybrid,1113
51,531.6455696202534,6.089591657009336,0.3947233782840726,FANCJKO,promoter,hybrid,1113
52,582.2784810126582,6.042756439851908,0.41086390712797993,FANCJKO,promoter,hybrid,1113
53,632.9113924050635,6.074388288062788,0.44846346903237594,FANCJKO,promoter,hybrid,1113
54,683.5443037974683,6.136313736362349,0.5022981855569405,FANCJKO,promoter,hybrid,1113
55,734.1772151898736,6.110173027325477,0.5489879830814751,FANCJKO,promoter,hybrid,1113
56,784.8101265822784,6.089344038112894,0.57301464432836,FANCJKO,promoter,hybrid,1113
57,835.4430379746836,6.023752763147089,0.5654517205903907,FANCJKO,promoter,hybrid,1113
58,886.0759493670885,6.0025710619263535,0.5488157543320508,FANCJKO,promoter,hybrid,1113
59,936.7088607594936,5.912472100950494,0.5146501131678132,FANCJKO,promoter,hybrid,1113
60,987.3417721518986,5.897139045149668,0.470503755442071,FANCJKO,promoter,hybrid,1113
61,1037.9746835443038,5.975855523076875,0.4774625483649802,FANCJKO,promoter,hybrid,1113
62,1088.607594936709,6.00182655018652,0.4878839545206367,FANCJKO,promoter,hybrid,1113
63,1139.240506329114,5.996811634940849,0.49834823229857567,FANCJKO,promoter,hybrid,1113
64,1189.8734177215188,6.069976275726934,0.5233351248478381,FANCJKO,promoter,hybrid,1113
65,1240.506329113924,6.217884014271876,0.5362168924544388,FANCJKO,promoter,hybrid,1113
66,1291.139240506329,6.219578157083187,0.5224380179058914,FANCJKO,promoter,hybrid,1113
67,1341.772151898734,6.2183954239462835,0.5029767380007975,FANCJKO,promoter,hybrid,1113
68,1392.4050632911394,6.104701950704312,0.4688965961483083,FANCJKO,promoter,hybrid,1113
69,1443.0379746835442,6.040524402143856,0.4460658666875879,FANCJKO,promoter,hybrid,1113
70,1493.6708860759495,6.008776150640166,0.4369905861032533,FANCJKO,promoter,hybrid,1113
71,1544.3037974683543,5.9837803021952505,0.4300998374536269,FANCJKO,promoter,hybrid,1113
72,1594.9367088607596,5.856606330951554,0.419835488406075,FANCJKO,promoter,hybrid,1113
73,1645.5696202531644,5.633897880066937,0.3947350122029026,FANCJKO,promoter,hybrid,1113
74,1696.2025316455697,5.540641491089655,0.3740192247645669,FANCJKO,promoter,hybrid,1113
75,1746.8354430379743,5.451350174664237,0.35032178097615085,FANCJKO,promoter,hybrid,1113
76,1797.4683544303798,5.453566905318994,0.36633775914388894,FANCJKO,promoter,hybrid,1113
77,1848.1012658227849,5.423201721727795,0.3846497118711071,FANCJKO,promoter,hybrid,1113
78,1898.73417721519,5.412351130861549,0.3939944631636928,FANCJKO,promoter,hybrid,1113
79,1949.3670886075947,5.516074576819861,0.40863839425124737,FANCJKO,promoter,hybrid,1113
80,2000,5.4878320686557975,0.4092455410733729,FANCJKO,promoter,hybrid,1113
1,-2000,1.3332924397954529,0.01226143051336498,FANCJKO,promoter,none,14910
2,-1949.367088607595,1.325751275937536,0.01213855642066871,FANCJKO,promoter,none,14910
3,-1898.73417721519,1.315357954371705,0.01204996494327281,FANCJKO,promoter,none,14910
4,-1848.1012658227849,1.308592360476993,0.01195652682469373,FANCJKO,promoter,none,14910
5,-1797.4683544303798,1.3039041256511372,0.01186348884363019,FANCJKO,promoter,none,14910
6,-1746.8354430379748,1.3043496163019708,0.01188617142970244,FANCJKO,promoter,none,14910
7,-1696.2025316455697,1.306824526056369,0.01191114861331733,FANCJKO,promoter,none,14910
8,-1645.5696202531644,1.30337355850313,0.01198852845371789,FANCJKO,promoter,none,14910
9,-1594.9367088607596,1.2973708356259932,0.01195397932703843,FANCJKO,promoter,none,14910
10,-1544.3037974683543,1.2986993627559955,0.0119420000231858,FANCJKO,promoter,none,14910
11,-1493.6708860759495,1.3075393583707606,0.01201019409598771,FANCJKO,promoter,none,14910
12,-1443.0379746835442,1.3079062102642105,0.01200278974455909,FANCJKO,promoter,none,14910
13,-1392.4050632911392,1.3052280263304243,0.01197863680954785,FANCJKO,promoter,none,14910
14,-1341.772151898734,1.3056796328466291,0.01203358070854432,FANCJKO,promoter,none,14910
15,-1291.139240506329,1.3021455750757247,0.0119631978572905,FANCJKO,promoter,none,14910
16,-1240.506329113924,1.3003914839470962,0.01193333432341632,FANCJKO,promoter,none,14910
17,-1189.873417721519,1.3036955049552543,0.01186642556225022,FANCJKO,promoter,none,14910
18,-1139.240506329114,1.3043590132919376,0.01187137316059885,FANCJKO,promoter,none,14910
19,-1088.607594936709,1.306463532006939,0.01194410555984706,FANCJKO,promoter,none,14910
20,-1037.9746835443038,1.3066796091732675,0.0119672317406664,FANCJKO,promoter,none,14910
21,-987.3417721518988,1.3099127381168865,0.01197903435809791,FANCJKO,promoter,none,14910
22,-936.7088607594936,1.3067237058256755,0.01198682557847496,FANCJKO,promoter,none,14910
23,-886.0759493670887,1.2995273159853469,0.01202365768998659,FANCJKO,promoter,none,14910
24,-835.4430379746836,1.2955958085550456,0.01199146902267717,FANCJKO,promoter,none,14910
25,-784.8101265822784,1.294342049808754,0.01192027134664728,FANCJKO,promoter,none,14910
26,-734.1772151898733,1.2961369465302606,0.01193101884948822,FANCJKO,promoter,none,14910
27,-683.5443037974683,1.294577933706666,0.01202279767625112,FANCJKO,promoter,none,14910
28,-632.9113924050632,1.2942299487850897,0.01199914455330951,FANCJKO,promoter,none,14910
29,-582.2784810126582,1.2941401854129635,0.01195651142054805,FANCJKO,promoter,none,14910
30,-531.6455696202531,1.296455989039183,0.01188211692847983,FANCJKO,promoter,none,14910
31,-481.0126582278481,1.2908672758082995,0.01179099037744076,FANCJKO,promoter,none,14910
32,-430.37974683544303,1.2806502875099384,0.01166435539295054,FANCJKO,promoter,none,14910
33,-379.746835443038,1.2923611200936518,0.0117117529311278,FANCJKO,promoter,none,14910
34,-329.11392405063293,1.2952582396287118,0.01181766558630732,FANCJKO,promoter,none,14910
35,-278.4810126582279,1.2994147849024789,0.01186649403335549,FANCJKO,promoter,none,14910
36,-227.84810126582283,1.2956863424957523,0.01183845104484053,FANCJKO,promoter,none,14910
37,-177.21518987341778,1.2978189128901556,0.01193212784502672,FANCJKO,promoter,none,14910
38,-126.58227848101274,1.2994295291111508,0.01213081406885351,FANCJKO,promoter,none,14910
39,-75.94936708860769,1.2962318888939346,0.01213920771011075,FANCJKO,promoter,none,14910
40,-25.31645569620264,1.2941311068210983,0.01210130541590552,FANCJKO,promoter,none,14910
41,25.31645569620241,1.296659280785461,0.01187614854723814,FANCJKO,promoter,none,14910
42,75.94936708860769,1.3007776911838405,0.01181692432792851,FANCJKO,promoter,none,14910
43,126.58227848101252,1.3067863413259142,0.01186660649393623,FANCJKO,promoter,none,14910
44,177.21518987341778,1.3011744085412518,0.01196302788945358,FANCJKO,promoter,none,14910
45,227.8481012658226,1.2988601584566295,0.01200355083365701,FANCJKO,promoter,none,14910
46,278.4810126582279,1.2903996169136798,0.01195124032399033,FANCJKO,promoter,none,14910
47,329.1139240506327,1.2827072118260496,0.01187629228708039,FANCJKO,promoter,none,14910
48,379.746835443038,1.2805041962986734,0.01187712336995172,FANCJKO,promoter,none,14910
49,430.37974683544326,1.2825152540947482,0.01192034295610694,FANCJKO,promoter,none,14910
50,481.0126582278481,1.2840874946806486,0.01193384953423341,FANCJKO,promoter,none,14910
51,531.6455696202534,1.285751173228509,0.01193101918390693,FANCJKO,promoter,none,14910
52,582.2784810126582,1.2829857385977277,0.01186617977039629,FANCJKO,promoter,none,14910
53,632.9113924050635,1.285670092288661,0.01187110649367383,FANCJKO,promoter,none,14910
54,683.5443037974683,1.2895258484799097,0.01186724906548996,FANCJKO,promoter,none,14910
55,734.1772151898736,1.284913377535294,0.01178251555508309,FANCJKO,promoter,none,14910
56,784.8101265822784,1.2838969055774216,0.0117763631769013,FANCJKO,promoter,none,14910
57,835.4430379746836,1.2821346099217945,0.01177162965593723,FANCJKO,promoter,none,14910
58,886.0759493670885,1.279109029449445,0.01175841269227644,FANCJKO,promoter,none,14910
59,936.7088607594936,1.2791128043584192,0.01172315331220086,FANCJKO,promoter,none,14910
60,987.3417721518986,1.2779803259154754,0.01167647020881189,FANCJKO,promoter,none,14910
61,1037.9746835443038,1.280428651568686,0.0116780728245543,FANCJKO,promoter,none,14910
62,1088.607594936709,1.2889311785630708,0.0117703254976286,FANCJKO,promoter,none,14910
63,1139.240506329114,1.3013543093535036,0.01188111244462562,FANCJKO,promoter,none,14910
64,1189.8734177215188,1.3094909199792772,0.01192009304661468,FANCJKO,promoter,none,14910
65,1240.506329113924,1.3076706004100611,0.0119132727856899,FANCJKO,promoter,none,14910
66,1291.139240506329,1.307016055754691,0.0119029766595866,FANCJKO,promoter,none,14910
67,1341.772151898734,1.305672213367585,0.01191942872986422,FANCJKO,promoter,none,14910
68,1392.4050632911394,1.2989364345916985,0.01197946327662702,FANCJKO,promoter,none,14910
69,1443.0379746835442,1.2966001383532904,0.01197033842921056,FANCJKO,promoter,none,14910
70,1493.6708860759495,1.298027267441382,0.01198363844652395,FANCJKO,promoter,none,14910
71,1544.3037974683543,1.3027760070318128,0.01207733408508544,FANCJKO,promoter,none,14910
72,1594.9367088607596,1.3045869350230066,0.01199630834494915,FANCJKO,promoter,none,14910
73,1645.5696202531644,1.305753912937245,0.01201114799816891,FANCJKO,promoter,none,14910
74,1696.2025316455697,1.3074169553129469,0.01197759137521181,FANCJKO,promoter,none,14910
75,1746.8354430379743,1.312857786948934,0.01190049419336346,FANCJKO,promoter,none,14910
76,1797.4683544303798,1.3166306227771738,0.01196631679992344,FANCJKO,promoter,none,14910
77,1848.1012658227849,1.3124448742836103,0.01187920981632609,FANCJKO,promoter,none,14910
78,1898.73417721519,1.312869761384866,0.01186427572204003,FANCJKO,promoter,none,14910
79,1949.3670886075947,1.3180726472452422,0.01198783472096349,FANCJKO,promoter,none,14910
80,2000,1.3238042289627816,0.0121337424657581,FANCJKO,promoter,none,14910
1,-2000,4.124534564410292,0.10967069171126856,FANCJKO,intron1,parallel,7766
2,-1949.367088607595,4.124099702475583,0.1109154092514271,FANCJKO,intron1,parallel,7766
3,-1898.73417721519,4.115559012989843,0.11118806837314445,FANCJKO,intron1,parallel,7766
4,-1848.1012658227849,4.087958882532464,0.10833531361840976,FANCJKO,intron1,parallel,7766
5,-1797.4683544303798,4.063085019110876,0.10398268577312994,FANCJKO,intron1,parallel,7766
6,-1746.8354430379748,4.053115328602325,0.10149635317149616,FANCJKO,intron1,parallel,7766
7,-1696.2025316455697,4.056983926761037,0.1012953823351283,FANCJKO,intron1,parallel,7766
8,-1645.5696202531644,4.1049757661398045,0.10358511653873592,FANCJKO,intron1,parallel,7766
9,-1594.9367088607596,4.188162813387323,0.1079274620490846,FANCJKO,intron1,parallel,7766
10,-1544.3037974683543,4.2976770603915675,0.11627316567194762,FANCJKO,intron1,parallel,7766
11,-1493.6708860759495,4.358223593372144,0.12379091538053529,FANCJKO,intron1,parallel,7766
12,-1443.0379746835442,4.38674940713261,0.1262565247912619,FANCJKO,intron1,parallel,7766
13,-1392.4050632911392,4.426505889276321,0.1290010128959749,FANCJKO,intron1,parallel,7766
14,-1341.772151898734,4.457592279307883,0.1288087928879928,FANCJKO,intron1,parallel,7766
15,-1291.139240506329,4.468477653512137,0.1248955192852375,FANCJKO,intron1,parallel,7766
16,-1240.506329113924,4.470879742500761,0.11976813515010352,FANCJKO,intron1,parallel,7766
17,-1189.873417721519,4.513722951424686,0.11794041790874964,FANCJKO,intron1,parallel,7766
18,-1139.240506329114,4.580262184450172,0.11875378243769708,FANCJKO,intron1,parallel,7766
19,-1088.607594936709,4.616378395781413,0.12155777643664809,FANCJKO,intron1,parallel,7766
20,-1037.9746835443038,4.663230446538799,0.1222292544634086,FANCJKO,intron1,parallel,7766
21,-987.3417721518988,4.703900626350835,0.12321417706853964,FANCJKO,intron1,parallel,7766
22,-936.7088607594936,4.739283472548351,0.12250941361327188,FANCJKO,intron1,parallel,7766
23,-886.0759493670887,4.773877020443506,0.12334570672426091,FANCJKO,intron1,parallel,7766
24,-835.4430379746836,4.797623927145928,0.12541260095897608,FANCJKO,intron1,parallel,7766
25,-784.8101265822784,4.807255250702233,0.12601356694799584,FANCJKO,intron1,parallel,7766
26,-734.1772151898733,4.833613322874192,0.12572081810916422,FANCJKO,intron1,parallel,7766
27,-683.5443037974683,4.881142786060836,0.1246556580200726,FANCJKO,intron1,parallel,7766
28,-632.9113924050632,4.943621108468607,0.12381553265434266,FANCJKO,intron1,parallel,7766
29,-582.2784810126582,4.975100585069152,0.12159466733435384,FANCJKO,intron1,parallel,7766
30,-531.6455696202531,4.9623651801472475,0.1186876254551926,FANCJKO,intron1,parallel,7766
31,-481.0126582278481,4.98909720869287,0.12082357788209808,FANCJKO,intron1,parallel,7766
32,-430.37974683544303,5.035435694268419,0.12348165934673,FANCJKO,intron1,parallel,7766
33,-379.746835443038,5.048465176806019,0.12500931454086245,FANCJKO,intron1,parallel,7766
34,-329.11392405063293,5.060252886916836,0.12648590812134788,FANCJKO,intron1,parallel,7766
35,-278.4810126582279,5.066998895347574,0.128245089030678,FANCJKO,intron1,parallel,7766
36,-227.84810126582283,5.059263313532551,0.12791739707761624,FANCJKO,intron1,parallel,7766
37,-177.21518987341778,5.033039750826595,0.12685804274045082,FANCJKO,intron1,parallel,7766
38,-126.58227848101274,5.010913967522687,0.1271218627092375,FANCJKO,intron1,parallel,7766
39,-75.94936708860769,4.967129391735639,0.12698208114897191,FANCJKO,intron1,parallel,7766
40,-25.31645569620264,4.951692705940961,0.12715397480315538,FANCJKO,intron1,parallel,7766
41,25.31645569620241,4.936493546518197,0.12709832747165276,FANCJKO,intron1,parallel,7766
42,75.94936708860769,4.93810217657287,0.1263699154314769,FANCJKO,intron1,parallel,7766
43,126.58227848101252,4.920580367304775,0.12388265260512908,FANCJKO,intron1,parallel,7766
44,177.21518987341778,4.908693879058775,0.1225130423036535,FANCJKO,intron1,parallel,7766
45,227.8481012658226,4.903961529176791,0.12404208545441124,FANCJKO,intron1,parallel,7766
46,278.4810126582279,4.888334312000053,0.13016764295509164,FANCJKO,intron1,parallel,7766
47,329.1139240506327,4.862270881546158,0.13245447338661462,FANCJKO,intron1,parallel,7766
48,379.746835443038,4.821289739215903,0.13037332844962204,FANCJKO,intron1,parallel,7766
49,430.37974683544326,4.777682296871085,0.12849023538639912,FANCJKO,intron1,parallel,7766
50,481.0126582278481,4.71214211161039,0.1251487737013751,FANCJKO,intron1,parallel,7766
51,531.6455696202534,4.648667004489317,0.12208245680692216,FANCJKO,intron1,parallel,7766
52,582.2784810126582,4.627921139043599,0.12380379739515378,FANCJKO,intron1,parallel,7766
53,632.9113924050635,4.602679225903784,0.12393929684465052,FANCJKO,intron1,parallel,7766
54,683.5443037974683,4.528504467233177,0.11900710250556223,FANCJKO,intron1,parallel,7766
55,734.1772151898736,4.4555976922045,0.1159118032215546,FANCJKO,intron1,parallel,7766
56,784.8101265822784,4.386167385173833,0.11503373053785183,FANCJKO,intron1,parallel,7766
57,835.4430379746836,4.31019084581603,0.11353835163375504,FANCJKO,intron1,parallel,7766
58,886.0759493670885,4.228005435239891,0.11068878861671556,FANCJKO,intron1,parallel,7766
59,936.7088607594936,4.181696442039814,0.10828949890751063,FANCJKO,intron1,parallel,7766
60,987.3417721518986,4.139226573728494,0.10530153196140173,FANCJKO,intron1,parallel,7766
61,1037.9746835443038,4.100486743961836,0.10293528700783253,FANCJKO,intron1,parallel,7766
62,1088.607594936709,4.06716291436587,0.10136701877426516,FANCJKO,intron1,parallel,7766
63,1139.240506329114,4.036837172895575,0.10030136227771155,FANCJKO,intron1,parallel,7766
64,1189.8734177215188,4.008327746647234,0.09768312228929105,FANCJKO,intron1,parallel,7766
65,1240.506329113924,4.009705592088919,0.09572620749589653,FANCJKO,intron1,parallel,7766
66,1291.139240506329,3.99602751163047,0.09430205320520714,FANCJKO,intron1,parallel,7766
67,1341.772151898734,3.9907596059014985,0.09609351933587366,FANCJKO,intron1,parallel,7766
68,1392.4050632911394,3.984601060051971,0.09942603645251584,FANCJKO,intron1,parallel,7766
69,1443.0379746835442,3.972362924743511,0.10250191459382628,FANCJKO,intron1,parallel,7766
70,1493.6708860759495,3.9650150213276167,0.10531061880448214,FANCJKO,intron1,parallel,7766
71,1544.3037974683543,3.955396367225824,0.10563773401054784,FANCJKO,intron1,parallel,7766
72,1594.9367088607596,3.9454646928664063,0.10861450510084976,FANCJKO,intron1,parallel,7766
73,1645.5696202531644,3.9451626518285576,0.11520305274494566,FANCJKO,intron1,parallel,7766
74,1696.2025316455697,3.906759229227856,0.11733041462606496,FANCJKO,intron1,parallel,7766
75,1746.8354430379743,3.8557155591004375,0.11256195574011664,FANCJKO,intron1,parallel,7766
76,1797.4683544303798,3.7935449264896657,0.10276597639407932,FANCJKO,intron1,parallel,7766
77,1848.1012658227849,3.763807848533527,0.09637796247793344,FANCJKO,intron1,parallel,7766
78,1898.73417721519,3.788549764672005,0.09667659962910602,FANCJKO,intron1,parallel,7766
79,1949.3670886075947,3.793413568986149,0.09737226260990443,FANCJKO,intron1,parallel,7766
80,2000,3.7937639579863824,0.09782546184657905,FANCJKO,intron1,parallel,7766
1,-2000,4.065556845771315,0.3630608065805232,FANCJKO,intron1,antiparallel,710
2,-1949.367088607595,4.198202074800858,0.41677823127231417,FANCJKO,intron1,antiparallel,710
3,-1898.73417721519,4.348145313777834,0.4776056951421654,FANCJKO,intron1,antiparallel,710
4,-1848.1012658227849,4.502718336382942,0.553560103989019,FANCJKO,intron1,antiparallel,710
5,-1797.4683544303798,4.639838576451154,0.6471077174344771,FANCJKO,intron1,antiparallel,710
6,-1746.8354430379748,4.749410096123745,0.6875367804466543,FANCJKO,intron1,antiparallel,710
7,-1696.2025316455697,4.904098937098409,0.7942005555175811,FANCJKO,intron1,antiparallel,710
8,-1645.5696202531644,5.003370818031786,0.8815617571404017,FANCJKO,intron1,antiparallel,710
9,-1594.9367088607596,4.993431464152716,0.9176454159404278,FANCJKO,intron1,antiparallel,710
10,-1544.3037974683543,4.952191640843808,0.9137726916408953,FANCJKO,intron1,antiparallel,710
11,-1493.6708860759495,5.015804594075735,0.919022690536674,FANCJKO,intron1,antiparallel,710
12,-1443.0379746835442,5.05039098896443,0.8910503663041196,FANCJKO,intron1,antiparallel,710
13,-1392.4050632911392,5.058731381832714,0.8027909138627287,FANCJKO,intron1,antiparallel,710
14,-1341.772151898734,5.0177265053243145,0.7362329416339582,FANCJKO,intron1,antiparallel,710
15,-1291.139240506329,4.897906142520233,0.6424939850006439,FANCJKO,intron1,antiparallel,710
16,-1240.506329113924,4.8409798978203336,0.5920497142928938,FANCJKO,intron1,antiparallel,710
17,-1189.873417721519,4.807298022857854,0.5609071751315352,FANCJKO,intron1,antiparallel,710
18,-1139.240506329114,4.830233640530859,0.5499133328958997,FANCJKO,intron1,antiparallel,710
19,-1088.607594936709,4.805461039899101,0.5122989689021434,FANCJKO,intron1,antiparallel,710
20,-1037.9746835443038,4.66800574648884,0.4651574970257348,FANCJKO,intron1,antiparallel,710
21,-987.3417721518988,4.529980869031288,0.4199722611621546,FANCJKO,intron1,antiparallel,710
22,-936.7088607594936,4.439801245858412,0.3940502619334525,FANCJKO,intron1,antiparallel,710
23,-886.0759493670887,4.341073560320716,0.379742393401498,FANCJKO,intron1,antiparallel,710
24,-835.4430379746836,4.235954361718585,0.3567571408346281,FANCJKO,intron1,antiparallel,710
25,-784.8101265822784,4.169158855827761,0.3336462395466747,FANCJKO,intron1,antiparallel,710
26,-734.1772151898733,4.2247814530318895,0.3549394364203387,FANCJKO,intron1,antiparallel,710
27,-683.5443037974683,4.379404151177742,0.3839000528863936,FANCJKO,intron1,antiparallel,710
28,-632.9113924050632,4.462117718614882,0.37680073691287747,FANCJKO,intron1,antiparallel,710
29,-582.2784810126582,4.561923664531798,0.36868513393674696,FANCJKO,intron1,antiparallel,710
30,-531.6455696202531,4.664270386595121,0.3677204989208172,FANCJKO,intron1,antiparallel,710
31,-481.0126582278481,4.764352205382826,0.3843485966880114,FANCJKO,intron1,antiparallel,710
32,-430.37974683544303,4.830214237006057,0.40246378840409425,FANCJKO,intron1,antiparallel,710
33,-379.746835443038,4.950790886643907,0.4275195155256388,FANCJKO,intron1,antiparallel,710
34,-329.11392405063293,4.986026274025161,0.43955780243908943,FANCJKO,intron1,antiparallel,710
35,-278.4810126582279,5.0065782390939235,0.45283657389974674,FANCJKO,intron1,antiparallel,710
36,-227.84810126582283,4.953546690215528,0.4500380480945235,FANCJKO,intron1,antiparallel,710
37,-177.21518987341778,4.861946397097458,0.4482642337994725,FANCJKO,intron1,antiparallel,710
38,-126.58227848101274,4.724439495199722,0.4352152783596133,FANCJKO,intron1,antiparallel,710
39,-75.94936708860769,4.531077079153956,0.391493423726936,FANCJKO,intron1,antiparallel,710
40,-25.31645569620264,4.364693493751293,0.35969428494288047,FANCJKO,intron1,antiparallel,710
41,25.31645569620241,4.16427592412183,0.3185537118675558,FANCJKO,intron1,antiparallel,710
42,75.94936708860769,3.9761908592618127,0.2760032629912973,FANCJKO,intron1,antiparallel,710
43,126.58227848101252,3.892838454216299,0.2605493878731912,FANCJKO,intron1,antiparallel,710
44,177.21518987341778,3.8777971800134776,0.25534478271248884,FANCJKO,intron1,antiparallel,710
45,227.8481012658226,3.9812476746106937,0.2560191355037338,FANCJKO,intron1,antiparallel,710
46,278.4810126582279,4.043832846213954,0.26431060124566313,FANCJKO,intron1,antiparallel,710
47,329.1139240506327,4.052115331731492,0.2687272285348062,FANCJKO,intron1,antiparallel,710
48,379.746835443038,4.02041747288189,0.26652514327462173,FANCJKO,intron1,antiparallel,710
49,430.37974683544326,4.064722221564799,0.2886788137393086,FANCJKO,intron1,antiparallel,710
50,481.0126582278481,4.0367801923874955,0.309717292514832,FANCJKO,intron1,antiparallel,710
51,531.6455696202534,4.117165490940703,0.3392288997181577,FANCJKO,intron1,antiparallel,710
52,582.2784810126582,4.1437289039070055,0.3402480505574609,FANCJKO,intron1,antiparallel,710
53,632.9113924050635,4.192640801092828,0.3197154542684438,FANCJKO,intron1,antiparallel,710
54,683.5443037974683,4.060215649585769,0.28822356737863203,FANCJKO,intron1,antiparallel,710
55,734.1772151898736,3.931657715078811,0.2810971649596237,FANCJKO,intron1,antiparallel,710
56,784.8101265822784,3.9016475813142577,0.2847644313632376,FANCJKO,intron1,antiparallel,710
57,835.4430379746836,3.79740739309396,0.26933706424650894,FANCJKO,intron1,antiparallel,710
58,886.0759493670885,3.712840346010638,0.2517956594891663,FANCJKO,intron1,antiparallel,710
59,936.7088607594936,3.676192410425401,0.23672118218582647,FANCJKO,intron1,antiparallel,710
60,987.3417721518986,3.6852868236644727,0.23508400286887304,FANCJKO,intron1,antiparallel,710
61,1037.9746835443038,3.657671125897779,0.23810346497333684,FANCJKO,intron1,antiparallel,710
62,1088.607594936709,3.5494287013190453,0.23332975000208303,FANCJKO,intron1,antiparallel,710
63,1139.240506329114,3.5542509991428664,0.23366203835775837,FANCJKO,intron1,antiparallel,710
64,1189.8734177215188,3.5619143867425516,0.25550212300027086,FANCJKO,intron1,antiparallel,710
65,1240.506329113924,3.5865038518133296,0.27321198610697717,FANCJKO,intron1,antiparallel,710
66,1291.139240506329,3.519145153467644,0.2672857512112689,FANCJKO,intron1,antiparallel,710
67,1341.772151898734,3.4311278037398076,0.25109909800379443,FANCJKO,intron1,antiparallel,710
68,1392.4050632911394,3.2998199649719004,0.23746763994222805,FANCJKO,intron1,antiparallel,710
69,1443.0379746835442,3.3214178260021927,0.23923022623774465,FANCJKO,intron1,antiparallel,710
70,1493.6708860759495,3.458994553921928,0.26875691454267214,FANCJKO,intron1,antiparallel,710
71,1544.3037974683543,3.46123606438592,0.27444367595216823,FANCJKO,intron1,antiparallel,710
72,1594.9367088607596,3.4239799390342873,0.27148701266198055,FANCJKO,intron1,antiparallel,710
73,1645.5696202531644,3.407971377874204,0.26871222028775865,FANCJKO,intron1,antiparallel,710
74,1696.2025316455697,3.415231194722261,0.25890990507716033,FANCJKO,intron1,antiparallel,710
75,1746.8354430379743,3.46628563102758,0.27750242162962896,FANCJKO,intron1,antiparallel,710
76,1797.4683544303798,3.486391828879504,0.3279796219757558,FANCJKO,intron1,antiparallel,710
77,1848.1012658227849,3.620149425736056,0.4117019153979808,FANCJKO,intron1,antiparallel,710
78,1898.73417721519,3.6717635945188047,0.4440724836022743,FANCJKO,intron1,antiparallel,710
79,1949.3670886075947,3.64275653974551,0.3941503832955632,FANCJKO,intron1,antiparallel,710
80,2000,3.6329857537141983,0.3617616032049294,FANCJKO,intron1,antiparallel,710
1,-2000,3.729210425771782,0.2561788274837385,FANCJKO,intron1,hybrid,1092
2,-1949.367088607595,3.7412470911201248,0.25545415546830597,FANCJKO,intron1,hybrid,1092
3,-1898.73417721519,3.793962348451399,0.25802785968460523,FANCJKO,intron1,hybrid,1092
4,-1848.1012658227849,3.896807233956853,0.26840691861749105,FANCJKO,intron1,hybrid,1092
5,-1797.4683544303798,3.989242730095564,0.2699870078712833,FANCJKO,intron1,hybrid,1092
6,-1746.8354430379748,4.021081020660307,0.2714706800404383,FANCJKO,intron1,hybrid,1092
7,-1696.2025316455697,3.945879996100188,0.2740576293261823,FANCJKO,intron1,hybrid,1092
8,-1645.5696202531644,3.980360074337294,0.3016363796177582,FANCJKO,intron1,hybrid,1092
9,-1594.9367088607596,3.98642741498493,0.31569021368448963,FANCJKO,intron1,hybrid,1092
10,-1544.3037974683543,3.98367305923367,0.31613662473611875,FANCJKO,intron1,hybrid,1092
11,-1493.6708860759495,3.927029469650744,0.3062706597932423,FANCJKO,intron1,hybrid,1092
12,-1443.0379746835442,3.916450058822958,0.30324706542120783,FANCJKO,intron1,hybrid,1092
13,-1392.4050632911392,3.979882368268547,0.3015681124074184,FANCJKO,intron1,hybrid,1092
14,-1341.772151898734,4.054563242210136,0.30378329310186275,FANCJKO,intron1,hybrid,1092
15,-1291.139240506329,4.140265018635763,0.30839550663418247,FANCJKO,intron1,hybrid,1092
16,-1240.506329113924,4.138469041596839,0.2793461348057689,FANCJKO,intron1,hybrid,1092
17,-1189.873417721519,4.204551910949423,0.26384988384908303,FANCJKO,intron1,hybrid,1092
18,-1139.240506329114,4.276091274092923,0.27872899711333576,FANCJKO,intron1,hybrid,1092
19,-1088.607594936709,4.448488105220381,0.3121356782473346,FANCJKO,intron1,hybrid,1092
20,-1037.9746835443038,4.654733293481508,0.3616635453617826,FANCJKO,intron1,hybrid,1092
21,-987.3417721518988,4.792522465032099,0.3778484248358119,FANCJKO,intron1,hybrid,1092
22,-936.7088607594936,4.902104115471589,0.3832684095448302,FANCJKO,intron1,hybrid,1092
23,-886.0759493670887,5.003253514568011,0.37672120227466765,FANCJKO,intron1,hybrid,1092
24,-835.4430379746836,4.994080852347998,0.35323968651781407,FANCJKO,intron1,hybrid,1092
25,-784.8101265822784,5.033115219040086,0.35581424223567376,FANCJKO,intron1,hybrid,1092
26,-734.1772151898733,5.05456299552769,0.3657041430842864,FANCJKO,intron1,hybrid,1092
27,-683.5443037974683,5.194333305006644,0.3780678908898076,FANCJKO,intron1,hybrid,1092
28,-632.9113924050632,5.246436065494359,0.37843625456229313,FANCJKO,intron1,hybrid,1092
29,-582.2784810126582,5.134296462751279,0.3568068742076257,FANCJKO,intron1,hybrid,1092
30,-531.6455696202531,5.050754102844022,0.33044837262449506,FANCJKO,intron1,hybrid,1092
31,-481.0126582278481,5.038631297519501,0.33661833948079023,FANCJKO,intron1,hybrid,1092
32,-430.37974683544303,4.998095194449209,0.3380207692286895,FANCJKO,intron1,hybrid,1092
33,-379.746835443038,5.021620773655591,0.33716860147945604,FANCJKO,intron1,hybrid,1092
34,-329.11392405063293,4.961482851158132,0.3294421743593691,FANCJKO,intron1,hybrid,1092
35,-278.4810126582279,4.966711190950594,0.3418199349979713,FANCJKO,intron1,hybrid,1092
36,-227.84810126582283,5.025218846793576,0.3676950309178257,FANCJKO,intron1,hybrid,1092
37,-177.21518987341778,5.047301416629255,0.3860437012911976,FANCJKO,intron1,hybrid,1092
38,-126.58227848101274,5.078915557845317,0.3873328098643341,FANCJKO,intron1,hybrid,1092
39,-75.94936708860769,5.119378841403639,0.37880631501425166,FANCJKO,intron1,hybrid,1092
40,-25.31645569620264,5.058777392935258,0.3590342634516032,FANCJKO,intron1,hybrid,1092
41,25.31645569620241,5.004687859991677,0.33796319725972024,FANCJKO,intron1,hybrid,1092
42,75.94936708860769,5.053965079777844,0.3241670777330841,FANCJKO,intron1,hybrid,1092
43,126.58227848101252,5.050096545877329,0.3124591034279348,FANCJKO,intron1,hybrid,1092
44,177.21518987341778,4.999282712857802,0.31123164174734863,FANCJKO,intron1,hybrid,1092
45,227.8481012658226,5.077906770318274,0.3221032126775507,FANCJKO,intron1,hybrid,1092
46,278.4810126582279,5.071398798882306,0.32506906141118225,FANCJKO,intron1,hybrid,1092
47,329.1139240506327,5.118162926388165,0.3312873012138974,FANCJKO,intron1,hybrid,1092
48,379.746835443038,5.220333879127899,0.33980436731137353,FANCJKO,intron1,hybrid,1092
49,430.37974683544326,5.3279098807673755,0.37009842166726586,FANCJKO,intron1,hybrid,1092
50,481.0126582278481,5.3484324173445525,0.3967538777997881,FANCJKO,intron1,hybrid,1092
51,531.6455696202534,5.373701559487862,0.41893258157722874,FANCJKO,intron1,hybrid,1092
52,582.2784810126582,5.410653341189118,0.4369409591752729,FANCJKO,intron1,hybrid,1092
53,632.9113924050635,5.529470805796511,0.4597297960102182,FANCJKO,intron1,hybrid,1092
54,683.5443037974683,5.607410728898677,0.4749842994275579,FANCJKO,intron1,hybrid,1092
55,734.1772151898736,5.7017648111049075,0.500288178861157,FANCJKO,intron1,hybrid,1092
56,784.8101265822784,5.718646436802342,0.5007951833993189,FANCJKO,intron1,hybrid,1092
57,835.4430379746836,5.699592272340888,0.4901678275050254,FANCJKO,intron1,hybrid,1092
58,886.0759493670885,5.614012983147332,0.47013806276656206,FANCJKO,intron1,hybrid,1092
59,936.7088607594936,5.512587771889491,0.4455036739668487,FANCJKO,intron1,hybrid,1092
60,987.3417721518986,5.351908012320707,0.4086122714570195,FANCJKO,intron1,hybrid,1092
61,1037.9746835443038,5.117949145965378,0.367602121509684,FANCJKO,intron1,hybrid,1092
62,1088.607594936709,4.909398071462419,0.35313855557857493,FANCJKO,intron1,hybrid,1092
63,1139.240506329114,4.8105214592970915,0.3733364510510888,FANCJKO,intron1,hybrid,1092
64,1189.8734177215188,4.76073870501821,0.381713581176479,FANCJKO,intron1,hybrid,1092
65,1240.506329113924,4.57546239677803,0.37060527308842933,FANCJKO,intron1,hybrid,1092
66,1291.139240506329,4.338230906505142,0.34463015466074937,FANCJKO,intron1,hybrid,1092
67,1341.772151898734,4.212294485895042,0.3142839901806215,FANCJKO,intron1,hybrid,1092
68,1392.4050632911394,4.003296257697037,0.27306011683939485,FANCJKO,intron1,hybrid,1092
69,1443.0379746835442,3.849531085231366,0.2534266009458782,FANCJKO,intron1,hybrid,1092
70,1493.6708860759495,3.7968530250025023,0.24269432843670968,FANCJKO,intron1,hybrid,1092
71,1544.3037974683543,3.777916748700561,0.2330800025311484,FANCJKO,intron1,hybrid,1092
72,1594.9367088607596,3.7259163541584224,0.2194289565368309,FANCJKO,intron1,hybrid,1092
73,1645.5696202531644,3.676456246616203,0.21514762058358036,FANCJKO,intron1,hybrid,1092
74,1696.2025316455697,3.651026815039916,0.22186301836751876,FANCJKO,intron1,hybrid,1092
75,1746.8354430379743,3.63253643348904,0.2312912974341988,FANCJKO,intron1,hybrid,1092
76,1797.4683544303798,3.630724832929389,0.2451283011736443,FANCJKO,intron1,hybrid,1092
77,1848.1012658227849,3.641883776675505,0.27090852668211485,FANCJKO,intron1,hybrid,1092
78,1898.73417721519,3.712495108794817,0.2837008716200508,FANCJKO,intron1,hybrid,1092
79,1949.3670886075947,3.7671435397776056,0.28903228604409975,FANCJKO,intron1,hybrid,1092
80,2000,3.835858742927311,0.29491304279551234,FANCJKO,intron1,hybrid,1092
1,-2000,2.2091374006752345,0.05145463791147219,FANCJKO,intron1,none,12787
2,-1949.367088607595,2.207325563879342,0.05155234069353121,FANCJKO,intron1,none,12787
3,-1898.73417721519,2.1971315252497416,0.05149501981073717,FANCJKO,intron1,none,12787
4,-1848.1012658227849,2.15774596554623,0.05009867159073293,FANCJKO,intron1,none,12787
5,-1797.4683544303798,2.1156255576536935,0.04754311423065355,FANCJKO,intron1,none,12787
6,-1746.8354430379748,2.096304401292571,0.04537798965861321,FANCJKO,intron1,none,12787
7,-1696.2025316455697,2.0849258170527567,0.04631858877803384,FANCJKO,intron1,none,12787
8,-1645.5696202531644,2.0738594336653104,0.04702833577598372,FANCJKO,intron1,none,12787
9,-1594.9367088607596,2.053806192382972,0.04535965876652909,FANCJKO,intron1,none,12787
10,-1544.3037974683543,2.029376835562963,0.04360963388709126,FANCJKO,intron1,none,12787
11,-1493.6708860759495,2.002356125662401,0.04154587177418442,FANCJKO,intron1,none,12787
12,-1443.0379746835442,1.9740971673461991,0.03923077044482578,FANCJKO,intron1,none,12787
13,-1392.4050632911392,1.936145897115391,0.03706460359264105,FANCJKO,intron1,none,12787
14,-1341.772151898734,1.9134269041504963,0.03619318668317785,FANCJKO,intron1,none,12787
15,-1291.139240506329,1.9026501433481564,0.03626395933400433,FANCJKO,intron1,none,12787
16,-1240.506329113924,1.8818633326019152,0.03593659347209883,FANCJKO,intron1,none,12787
17,-1189.873417721519,1.862614967923669,0.03529333569354294,FANCJKO,intron1,none,12787
18,-1139.240506329114,1.8366452688426087,0.0340992345982734,FANCJKO,intron1,none,12787
19,-1088.607594936709,1.8108669560647757,0.033267251398295,FANCJKO,intron1,none,12787
20,-1037.9746835443038,1.780093202136785,0.03271013874345983,FANCJKO,intron1,none,12787
21,-987.3417721518988,1.7602200087689506,0.03245823551791099,FANCJKO,intron1,none,12787
22,-936.7088607594936,1.7270047462484142,0.03054869885879455,FANCJKO,intron1,none,12787
23,-886.0759493670887,1.6855747071593874,0.02830524625645105,FANCJKO,intron1,none,12787
24,-835.4430379746836,1.6539608301548652,0.02576990301242655,FANCJKO,intron1,none,12787
25,-784.8101265822784,1.618297436555003,0.0225964609472345,FANCJKO,intron1,none,12787
26,-734.1772151898733,1.5859665412524668,0.02068771598937528,FANCJKO,intron1,none,12787
27,-683.5443037974683,1.554010096180799,0.01859062496710784,FANCJKO,intron1,none,12787
28,-632.9113924050632,1.5265858964528936,0.0172159393809514,FANCJKO,intron1,none,12787
29,-582.2784810126582,1.5185047380605,0.01709276291530261,FANCJKO,intron1,none,12787
30,-531.6455696202531,1.5091412154458796,0.01662744298688675,FANCJKO,intron1,none,12787
31,-481.0126582278481,1.491198818371994,0.01571409513769819,FANCJKO,intron1,none,12787
32,-430.37974683544303,1.4749207971247715,0.01505125426622094,FANCJKO,intron1,none,12787
33,-379.746835443038,1.4653325131743176,0.01470449016613999,FANCJKO,intron1,none,12787
34,-329.11392405063293,1.4540338674001645,0.01423700585057602,FANCJKO,intron1,none,12787
35,-278.4810126582279,1.4297187563920974,0.01376561875414659,FANCJKO,intron1,none,12787
36,-227.84810126582283,1.4132742662399562,0.0135128738156416,FANCJKO,intron1,none,12787
37,-177.21518987341778,1.4169768634406228,0.0134562634995807,FANCJKO,intron1,none,12787
38,-126.58227848101274,1.4126206518744395,0.01336610631199397,FANCJKO,intron1,none,12787
39,-75.94936708860769,1.4109112235086776,0.01339658984854611,FANCJKO,intron1,none,12787
40,-25.31645569620264,1.3994582848047616,0.0132979866778475,FANCJKO,intron1,none,12787
41,25.31645569620241,1.4030424383571838,0.0132867571571843,FANCJKO,intron1,none,12787
42,75.94936708860769,1.4029500147963192,0.01332965776473915,FANCJKO,intron1,none,12787
43,126.58227848101252,1.4053642143460552,0.01335948326411388,FANCJKO,intron1,none,12787
44,177.21518987341778,1.4090352427644823,0.01347573453126604,FANCJKO,intron1,none,12787
45,227.8481012658226,1.4139180544379495,0.01356180116061096,FANCJKO,intron1,none,12787
46,278.4810126582279,1.425719246640072,0.01366304008968232,FANCJKO,intron1,none,12787
47,329.1139240506327,1.440165535875061,0.01388241375143271,FANCJKO,intron1,none,12787
48,379.746835443038,1.4583703408481017,0.01418532267662137,FANCJKO,intron1,none,12787
49,430.37974683544326,1.474582964823552,0.01447886656096152,FANCJKO,intron1,none,12787
50,481.0126582278481,1.4855863331506125,0.01504201664160215,FANCJKO,intron1,none,12787
51,531.6455696202534,1.4956237595501505,0.01579760135726266,FANCJKO,intron1,none,12787
52,582.2784810126582,1.5176977284414503,0.01672887694295399,FANCJKO,intron1,none,12787
53,632.9113924050635,1.5466690765049076,0.01809427507939668,FANCJKO,intron1,none,12787
54,683.5443037974683,1.574835407059434,0.01961693535488199,FANCJKO,intron1,none,12787
55,734.1772151898736,1.5997269916042736,0.02078304081156273,FANCJKO,intron1,none,12787
56,784.8101265822784,1.619215077671868,0.02188686245458898,FANCJKO,intron1,none,12787
57,835.4430379746836,1.6380914227920855,0.02311903605746453,FANCJKO,intron1,none,12787
58,886.0759493670885,1.6629146309115763,0.02471819714547354,FANCJKO,intron1,none,12787
59,936.7088607594936,1.6930374346306083,0.02622406014241093,FANCJKO,intron1,none,12787
60,987.3417721518986,1.7244125805693549,0.02815599389191204,FANCJKO,intron1,none,12787
61,1037.9746835443038,1.763460431588696,0.03034823709484916,FANCJKO,intron1,none,12787
62,1088.607594936709,1.7893678802210582,0.0318815230982911,FANCJKO,intron1,none,12787
63,1139.240506329114,1.80625375593851,0.03292348546632717,FANCJKO,intron1,none,12787
64,1189.8734177215188,1.826796167042148,0.03414321323639498,FANCJKO,intron1,none,12787
65,1240.506329113924,1.840455500354974,0.03489079440131239,FANCJKO,intron1,none,12787
66,1291.139240506329,1.8724089861516744,0.03646928723186443,FANCJKO,intron1,none,12787
67,1341.772151898734,1.908028827854588,0.03770034716524649,FANCJKO,intron1,none,12787
68,1392.4050632911394,1.936672246723338,0.03865012677442973,FANCJKO,intron1,none,12787
69,1443.0379746835442,1.9542414335202232,0.03954173272965498,FANCJKO,intron1,none,12787
70,1493.6708860759495,1.963204314689976,0.04068939597959764,FANCJKO,intron1,none,12787
71,1544.3037974683543,1.9805490335570584,0.04213647668052803,FANCJKO,intron1,none,12787
72,1594.9367088607596,2.001307637594343,0.04575790942772512,FANCJKO,intron1,none,12787
73,1645.5696202531644,2.0346500731962824,0.04989715048021287,FANCJKO,intron1,none,12787
74,1696.2025316455697,2.052882947108228,0.05379567672370535,FANCJKO,intron1,none,12787
75,1746.8354430379743,2.080222265444649,0.05616429859697956,FANCJKO,intron1,none,12787
76,1797.4683544303798,2.0981075701205816,0.05901462996842916,FANCJKO,intron1,none,12787
77,1848.1012658227849,2.110213834620009,0.05889081112023568,FANCJKO,intron1,none,12787
78,1898.73417721519,2.1227762070205536,0.05561980458999345,FANCJKO,intron1,none,12787
79,1949.3670886075947,2.1369451322106054,0.05072884685371434,FANCJKO,intron1,none,12787
80,2000,2.16237006838321,0.04856612620915616,FANCJKO,intron1,none,12787
1,-2000,3.828444572042972,0.05944529630860636,FANCJKO,enhancer,parallel,16000
2,-1949.367088607595,3.85900499868388,0.06044469610332946,FANCJKO,enhancer,parallel,16000
3,-1898.73417721519,3.8945020958886047,0.06181119771021307,FANCJKO,enhancer,parallel,16000
4,-1848.1012658227849,3.955016685651292,0.06489264091816188,FANCJKO,enhancer,parallel,16000
5,-1797.4683544303798,4.024438673094064,0.06778515549224433,FANCJKO,enhancer,parallel,16000
6,-1746.8354430379748,4.0976455466874935,0.0698120256327591,FANCJKO,enhancer,parallel,16000
7,-1696.2025316455697,4.167259704517672,0.07129777882011867,FANCJKO,enhancer,parallel,16000
8,-1645.5696202531644,4.23871166011711,0.07271750024452162,FANCJKO,enhancer,parallel,16000
9,-1594.9367088607596,4.3286521015675365,0.07606465586014488,FANCJKO,enhancer,parallel,16000
10,-1544.3037974683543,4.407061272586931,0.07921136946383824,FANCJKO,enhancer,parallel,16000
11,-1493.6708860759495,4.484858964809229,0.0820308496334862,FANCJKO,enhancer,parallel,16000
12,-1443.0379746835442,4.589272480055839,0.08364432402997933,FANCJKO,enhancer,parallel,16000
13,-1392.4050632911392,4.6915845632477104,0.08504764193198368,FANCJKO,enhancer,parallel,16000
14,-1341.772151898734,4.797157732734233,0.08576507870842169,FANCJKO,enhancer,parallel,16000
15,-1291.139240506329,4.909972267925392,0.08553293697252166,FANCJKO,enhancer,parallel,16000
16,-1240.506329113924,5.018486534965585,0.08408901215188638,FANCJKO,enhancer,parallel,16000
17,-1189.873417721519,5.171460811729233,0.08747680508283216,FANCJKO,enhancer,parallel,16000
18,-1139.240506329114,5.333064843761722,0.09274189066311816,FANCJKO,enhancer,parallel,16000
19,-1088.607594936709,5.52657593406866,0.09864441970993428,FANCJKO,enhancer,parallel,16000
20,-1037.9746835443038,5.718446969297727,0.10239800163560814,FANCJKO,enhancer,parallel,16000
21,-987.3417721518988,5.920542370818257,0.10548923033979926,FANCJKO,enhancer,parallel,16000
22,-936.7088607594936,6.146230076542646,0.10794628545475855,FANCJKO,enhancer,parallel,16000
23,-886.0759493670887,6.352598654213647,0.1103611287189927,FANCJKO,enhancer,parallel,16000
24,-835.4430379746836,6.582669787990401,0.11176370611600048,FANCJKO,enhancer,parallel,16000
25,-784.8101265822784,6.8153790273747346,0.1122590122127618,FANCJKO,enhancer,parallel,16000
26,-734.1772151898733,7.056795711896867,0.11140378183657056,FANCJKO,enhancer,parallel,16000
27,-683.5443037974683,7.334806556633612,0.11038515827461172,FANCJKO,enhancer,parallel,16000
28,-632.9113924050632,7.617015475897342,0.10951316359606558,FANCJKO,enhancer,parallel,16000
29,-582.2784810126582,7.903847208758941,0.1088257340393937,FANCJKO,enhancer,parallel,16000
30,-531.6455696202531,8.195139072355529,0.10866860937008714,FANCJKO,enhancer,parallel,16000
31,-481.0126582278481,8.494967895502896,0.1096780995331504,FANCJKO,enhancer,parallel,16000
32,-430.37974683544303,8.799311203730703,0.11208840297369951,FANCJKO,enhancer,parallel,16000
33,-379.746835443038,9.084482503321718,0.11462784721102194,FANCJKO,enhancer,parallel,16000
34,-329.11392405063293,9.35620201005598,0.11551883093550444,FANCJKO,enhancer,parallel,16000
35,-278.4810126582279,9.605670692765962,0.11558854043702066,FANCJKO,enhancer,parallel,16000
36,-227.84810126582283,9.853735869689585,0.1164945654325661,FANCJKO,enhancer,parallel,16000
37,-177.21518987341778,10.120439413352807,0.118096828477383,FANCJKO,enhancer,parallel,16000
38,-126.58227848101274,10.363305007468613,0.1207175377026014,FANCJKO,enhancer,parallel,16000
39,-75.94936708860769,10.577004382767528,0.1219285607129314,FANCJKO,enhancer,parallel,16000
40,-25.31645569620264,10.699396880631149,0.12365017818000491,FANCJKO,enhancer,parallel,16000
41,25.31645569620241,10.68247721599559,0.1238407380114201,FANCJKO,enhancer,parallel,16000
42,75.94936708860769,10.558401943697978,0.12294451251078709,FANCJKO,enhancer,parallel,16000
43,126.58227848101252,10.38171519619142,0.12128290681222342,FANCJKO,enhancer,parallel,16000
44,177.21518987341778,10.195904722570528,0.11924081090879748,FANCJKO,enhancer,parallel,16000
45,227.8481012658226,9.975967263389528,0.11758077442243592,FANCJKO,enhancer,parallel,16000
46,278.4810126582279,9.753880569104505,0.1168678814527013,FANCJKO,enhancer,parallel,16000
47,329.1139240506327,9.543719290339151,0.11661258821633956,FANCJKO,enhancer,parallel,16000
48,379.746835443038,9.33238522326385,0.11731162126353722,FANCJKO,enhancer,parallel,16000
49,430.37974683544326,9.144697882368217,0.11976599411222034,FANCJKO,enhancer,parallel,16000
50,481.0126582278481,8.900588026347757,0.12136448195622242,FANCJKO,enhancer,parallel,16000
51,531.6455696202534,8.625351049457441,0.12338384325891436,FANCJKO,enhancer,parallel,16000
52,582.2784810126582,8.304242597956558,0.12326445535715784,FANCJKO,enhancer,parallel,16000
53,632.9113924050635,8.003720923971484,0.12213687132788408,FANCJKO,enhancer,parallel,16000
54,683.5443037974683,7.669583803039392,0.1207606693596498,FANCJKO,enhancer,parallel,16000
55,734.1772151898736,7.343357397489598,0.11785606708912706,FANCJKO,enhancer,parallel,16000
56,784.8101265822784,7.02469192733268,0.11425006236860784,FANCJKO,enhancer,parallel,16000
57,835.4430379746836,6.732098073692322,0.11031731168340468,FANCJKO,enhancer,parallel,16000
58,886.0759493670885,6.453467908149561,0.10536496181488604,FANCJKO,enhancer,parallel,16000
59,936.7088607594936,6.235261932087541,0.10145746624545822,FANCJKO,enhancer,parallel,16000
60,987.3417721518986,6.039705224370211,0.0998515525729884,FANCJKO,enhancer,parallel,16000
61,1037.9746835443038,5.835406525492917,0.09841364891126902,FANCJKO,enhancer,parallel,16000
62,1088.607594936709,5.630861655053943,0.09625689917321004,FANCJKO,enhancer,parallel,16000
63,1139.240506329114,5.466389420913011,0.09390103781791737,FANCJKO,enhancer,parallel,16000
64,1189.8734177215188,5.300264845788032,0.09014056055734204,FANCJKO,enhancer,parallel,16000
65,1240.506329113924,5.126519260327717,0.08583213148570097,FANCJKO,enhancer,parallel,16000
66,1291.139240506329,4.978251113583098,0.08157703428087659,FANCJKO,enhancer,parallel,16000
67,1341.772151898734,4.85306925493454,0.07875502613366243,FANCJKO,enhancer,parallel,16000
68,1392.4050632911394,4.7324649955806635,0.07621218257095927,FANCJKO,enhancer,parallel,16000
69,1443.0379746835442,4.616898874265998,0.07370851201596981,FANCJKO,enhancer,parallel,16000
70,1493.6708860759495,4.533646200032781,0.0729343266254501,FANCJKO,enhancer,parallel,16000
71,1544.3037974683543,4.458891911763052,0.0748221512032981,FANCJKO,enhancer,parallel,16000
72,1594.9367088607596,4.395007053214113,0.07446324787348989,FANCJKO,enhancer,parallel,16000
73,1645.5696202531644,4.3188386843085285,0.07209326221983514,FANCJKO,enhancer,parallel,16000
74,1696.2025316455697,4.266735622710437,0.07277280904272329,FANCJKO,enhancer,parallel,16000
75,1746.8354430379743,4.203685762928227,0.07325618854721559,FANCJKO,enhancer,parallel,16000
76,1797.4683544303798,4.153808258683582,0.07407582011749804,FANCJKO,enhancer,parallel,16000
77,1848.1012658227849,4.0953833271590865,0.07361610863829142,FANCJKO,enhancer,parallel,16000
78,1898.73417721519,4.016100588309666,0.07167359457780188,FANCJKO,enhancer,parallel,16000
79,1949.3670886075947,3.954040449848076,0.06887898871237234,FANCJKO,enhancer,parallel,16000
80,2000,3.893109451889048,0.06609583101021661,FANCJKO,enhancer,parallel,16000
1,-2000,3.2998935621296184,0.14785779037742183,FANCJKO,enhancer,antiparallel,1728
2,-1949.367088607595,3.2630706250810144,0.13578184870007393,FANCJKO,enhancer,antiparallel,1728
3,-1898.73417721519,3.192759307368578,0.12356241799265676,FANCJKO,enhancer,antiparallel,1728
4,-1848.1012658227849,3.156531181423752,0.11794023568729849,FANCJKO,enhancer,antiparallel,1728
5,-1797.4683544303798,3.1600148072420264,0.1169533010719878,FANCJKO,enhancer,antiparallel,1728
6,-1746.8354430379748,3.2200178489015427,0.12038263467020162,FANCJKO,enhancer,antiparallel,1728
7,-1696.2025316455697,3.2258725591312034,0.12169525803056404,FANCJKO,enhancer,antiparallel,1728
8,-1645.5696202531644,3.292534125690107,0.12736124717863262,FANCJKO,enhancer,antiparallel,1728
9,-1594.9367088607596,3.3957833000419684,0.13746412565187374,FANCJKO,enhancer,antiparallel,1728
10,-1544.3037974683543,3.4819034767583195,0.1469231201278327,FANCJKO,enhancer,antiparallel,1728
11,-1493.6708860759495,3.5752351555655952,0.15785221869896898,FANCJKO,enhancer,antiparallel,1728
12,-1443.0379746835442,3.642131261014736,0.16977309870039936,FANCJKO,enhancer,antiparallel,1728
13,-1392.4050632911392,3.745988340558094,0.18285535172170905,FANCJKO,enhancer,antiparallel,1728
14,-1341.772151898734,3.8739988146179622,0.1949841013152069,FANCJKO,enhancer,antiparallel,1728
15,-1291.139240506329,4.000459930927113,0.20778697915635497,FANCJKO,enhancer,antiparallel,1728
16,-1240.506329113924,4.104936612334424,0.2070456866209602,FANCJKO,enhancer,antiparallel,1728
17,-1189.873417721519,4.251468017869802,0.2145417165889807,FANCJKO,enhancer,antiparallel,1728
18,-1139.240506329114,4.47544730151877,0.238717479739184,FANCJKO,enhancer,antiparallel,1728
19,-1088.607594936709,4.690365697025885,0.2645749872814303,FANCJKO,enhancer,antiparallel,1728
20,-1037.9746835443038,4.907969038434051,0.28585829256243345,FANCJKO,enhancer,antiparallel,1728
21,-987.3417721518988,5.120391408947331,0.30109335432000295,FANCJKO,enhancer,antiparallel,1728
22,-936.7088607594936,5.336684297920193,0.31403970001154763,FANCJKO,enhancer,antiparallel,1728
23,-886.0759493670887,5.564355174453906,0.328677204212266,FANCJKO,enhancer,antiparallel,1728
24,-835.4430379746836,5.790297840423422,0.3370480676086812,FANCJKO,enhancer,antiparallel,1728
25,-784.8101265822784,6.003636854124014,0.3245298934236589,FANCJKO,enhancer,antiparallel,1728
26,-734.1772151898733,6.291815136752011,0.30965062633805684,FANCJKO,enhancer,antiparallel,1728
27,-683.5443037974683,6.615916792049452,0.3051018283756195,FANCJKO,enhancer,antiparallel,1728
28,-632.9113924050632,6.963552254270533,0.302122006507493,FANCJKO,enhancer,antiparallel,1728
29,-582.2784810126582,7.249208426633275,0.30183173505239796,FANCJKO,enhancer,antiparallel,1728
30,-531.6455696202531,7.616976654107832,0.31741275054629386,FANCJKO,enhancer,antiparallel,1728
31,-481.0126582278481,7.982338797923775,0.3394300139834713,FANCJKO,enhancer,antiparallel,1728
32,-430.37974683544303,8.30241639205197,0.34446172911979717,FANCJKO,enhancer,antiparallel,1728
33,-379.746835443038,8.59005971390938,0.33452782209018456,FANCJKO,enhancer,antiparallel,1728
34,-329.11392405063293,8.847002122397592,0.32648148133078414,FANCJKO,enhancer,antiparallel,1728
35,-278.4810126582279,8.988295892811852,0.31362981891498093,FANCJKO,enhancer,antiparallel,1728
36,-227.84810126582283,9.101581743784983,0.2961437081035787,FANCJKO,enhancer,antiparallel,1728
37,-177.21518987341778,9.362950934597096,0.29077451387660314,FANCJKO,enhancer,antiparallel,1728
38,-126.58227848101274,9.653706364405377,0.29844380512701363,FANCJKO,enhancer,antiparallel,1728
39,-75.94936708860769,9.908132263179178,0.3121964152872467,FANCJKO,enhancer,antiparallel,1728
40,-25.31645569620264,10.075753688008788,0.31820149236384676,FANCJKO,enhancer,antiparallel,1728
41,25.31645569620241,10.026742226073496,0.3214820355315396,FANCJKO,enhancer,antiparallel,1728
42,75.94936708860769,9.8520651613985315,0.3255638106429144,FANCJKO,enhancer,antiparallel,1728
43,126.58227848101252,9.658979540923957,0.3257551917784055,FANCJKO,enhancer,antiparallel,1728
44,177.21518987341778,9.575419385406065,0.3285133152003826,FANCJKO,enhancer,antiparallel,1728
45,227.8481012658226,9.35321739004488,0.3182820742032085,FANCJKO,enhancer,antiparallel,1728
46,278.4810126582279,9.009945528268078,0.29918781146045936,FANCJKO,enhancer,antiparallel,1728
47,329.1139240506327,8.648295326406757,0.28965237737435884,FANCJKO,enhancer,antiparallel,1728
48,379.746835443038,8.457870160695855,0.3033935785973382,FANCJKO,enhancer,antiparallel,1728
49,430.37974683544326,8.287727534788441,0.3399350659151135,FANCJKO,enhancer,antiparallel,1728
50,481.0126582278481,8.066305562834957,0.37960373081830456,FANCJKO,enhancer,antiparallel,1728
51,531.6455696202534,7.847045593212968,0.4139348632357672,FANCJKO,enhancer,antiparallel,1728
52,582.2784810126582,7.598799755598108,0.42800138486792766,FANCJKO,enhancer,antiparallel,1728
53,632.9113924050635,7.2640812113503985,0.4311120992999913,FANCJKO,enhancer,antiparallel,1728
54,683.5443037974683,6.913537074103491,0.4196825514711772,FANCJKO,enhancer,antiparallel,1728
55,734.1772151898736,6.568192434164201,0.4112858020261599,FANCJKO,enhancer,antiparallel,1728
56,784.8101265822784,6.227174252566456,0.3957728936307821,FANCJKO,enhancer,antiparallel,1728
57,835.4430379746836,5.991432409984646,0.3741700606011169,FANCJKO,enhancer,antiparallel,1728
58,886.0759493670885,5.746918549440617,0.3505649194657375,FANCJKO,enhancer,antiparallel,1728
59,936.7088607594936,5.45021692517501,0.3284472278779637,FANCJKO,enhancer,antiparallel,1728
60,987.3417721518986,5.24247157321438,0.3027593243923645,FANCJKO,enhancer,antiparallel,1728
61,1037.9746835443038,4.924229891895788,0.2718811441179871,FANCJKO,enhancer,antiparallel,1728
62,1088.607594936709,4.673778797938592,0.24738288085135032,FANCJKO,enhancer,antiparallel,1728
63,1139.240506329114,4.419964794496787,0.22138436527607017,FANCJKO,enhancer,antiparallel,1728
64,1189.8734177215188,4.186840790412217,0.20835119924760911,FANCJKO,enhancer,antiparallel,1728
65,1240.506329113924,4.013550822010931,0.19939451165005065,FANCJKO,enhancer,antiparallel,1728
66,1291.139240506329,3.906483551093182,0.19277117714180708,FANCJKO,enhancer,antiparallel,1728
67,1341.772151898734,3.808747616431871,0.1822002038628349,FANCJKO,enhancer,antiparallel,1728
68,1392.4050632911394,3.7289719889708506,0.16875407048158833,FANCJKO,enhancer,antiparallel,1728
69,1443.0379746835442,3.648871902659259,0.1592132127374445,FANCJKO,enhancer,antiparallel,1728
70,1493.6708860759495,3.5716610020141544,0.15458466127881088,FANCJKO,enhancer,antiparallel,1728
71,1544.3037974683543,3.508917418990606,0.15319271898467177,FANCJKO,enhancer,antiparallel,1728
72,1594.9367088607596,3.4528057388648574,0.14882837170000884,FANCJKO,enhancer,antiparallel,1728
73,1645.5696202531644,3.3860059345026077,0.13929172843482426,FANCJKO,enhancer,antiparallel,1728
74,1696.2025316455697,3.359149108806418,0.1367753856575334,FANCJKO,enhancer,antiparallel,1728
75,1746.8354430379743,3.2478375930826604,0.13407411450287723,FANCJKO,enhancer,antiparallel,1728
76,1797.4683544303798,3.159119286239147,0.13007390579383943,FANCJKO,enhancer,antiparallel,1728
77,1848.1012658227849,3.142364120798898,0.1290517143559463,FANCJKO,enhancer,antiparallel,1728
78,1898.73417721519,3.2178462093939753,0.1447827399879702,FANCJKO,enhancer,antiparallel,1728
79,1949.3670886075947,3.31058674502152,0.16510679262190786,FANCJKO,enhancer,antiparallel,1728
80,2000,3.3749948385413044,0.18446232277452665,FANCJKO,enhancer,antiparallel,1728
1,-2000,3.883112919936498,0.14939190751895567,FANCJKO,enhancer,hybrid,2883
2,-1949.367088607595,3.928142404989612,0.14845403984382988,FANCJKO,enhancer,hybrid,2883
3,-1898.73417721519,3.952506790023854,0.14539950224945214,FANCJKO,enhancer,hybrid,2883
4,-1848.1012658227849,3.989312633831579,0.14967719355241302,FANCJKO,enhancer,hybrid,2883
5,-1797.4683544303798,4.053482334781677,0.1642367016000419,FANCJKO,enhancer,hybrid,2883
6,-1746.8354430379748,4.167738007281279,0.1833388448678164,FANCJKO,enhancer,hybrid,2883
7,-1696.2025316455697,4.265215087521075,0.1923608327839743,FANCJKO,enhancer,hybrid,2883
8,-1645.5696202531644,4.354653346069646,0.1920117350991874,FANCJKO,enhancer,hybrid,2883
9,-1594.9367088607596,4.4123009994427225,0.18747863396081163,FANCJKO,enhancer,hybrid,2883
10,-1544.3037974683543,4.491565019959231,0.18623756003604383,FANCJKO,enhancer,hybrid,2883
11,-1493.6708860759495,4.545891891614125,0.18538048606963023,FANCJKO,enhancer,hybrid,2883
12,-1443.0379746835442,4.647334544362877,0.19757187360613293,FANCJKO,enhancer,hybrid,2883
13,-1392.4050632911392,4.744642855317238,0.20828965719004677,FANCJKO,enhancer,hybrid,2883
14,-1341.772151898734,4.876057533601182,0.21729433951978663,FANCJKO,enhancer,hybrid,2883
15,-1291.139240506329,5.008766235249458,0.21969814264867785,FANCJKO,enhancer,hybrid,2883
16,-1240.506329113924,5.11775281016903,0.21708714234659057,FANCJKO,enhancer,hybrid,2883
17,-1189.873417721519,5.185083101063412,0.21095827036931647,FANCJKO,enhancer,hybrid,2883
18,-1139.240506329114,5.263586708218366,0.20018384376848877,FANCJKO,enhancer,hybrid,2883
19,-1088.607594936709,5.4243055029207055,0.2022683802841568,FANCJKO,enhancer,hybrid,2883
20,-1037.9746835443038,5.636853013119679,0.21098400076095924,FANCJKO,enhancer,hybrid,2883
21,-987.3417721518988,5.9600793540754795,0.23043321923553664,FANCJKO,enhancer,hybrid,2883
22,-936.7088607594936,6.243938398811084,0.24300607142025585,FANCJKO,enhancer,hybrid,2883
23,-886.0759493670887,6.458135185669524,0.24998688493011215,FANCJKO,enhancer,hybrid,2883
24,-835.4430379746836,6.628497568014826,0.25196700802425837,FANCJKO,enhancer,hybrid,2883
25,-784.8101265822784,6.809427330344519,0.24913899811834928,FANCJKO,enhancer,hybrid,2883
26,-734.1772151898733,7.0112067755011,0.24440329673143177,FANCJKO,enhancer,hybrid,2883
27,-683.5443037974683,7.245895007570185,0.25289815588319026,FANCJKO,enhancer,hybrid,2883
28,-632.9113924050632,7.531846406814859,0.2549241680852338,FANCJKO,enhancer,hybrid,2883
29,-582.2784810126582,7.840457441255473,0.25501848922505366,FANCJKO,enhancer,hybrid,2883
30,-531.6455696202531,8.195528233900333,0.2571281922553689,FANCJKO,enhancer,hybrid,2883
31,-481.0126582278481,8.511753141284334,0.2585675237904324,FANCJKO,enhancer,hybrid,2883
32,-430.37974683544303,8.840583651192079,0.26114018991084376,FANCJKO,enhancer,hybrid,2883
33,-379.746835443038,9.022745497725383,0.26197130572219324,FANCJKO,enhancer,hybrid,2883
34,-329.11392405063293,9.15257075849,0.2607667266999182,FANCJKO,enhancer,hybrid,2883
35,-278.4810126582279,9.285948806287568,0.25910675389892573,FANCJKO,enhancer,hybrid,2883
36,-227.84810126582283,9.439852333205025,0.25580812164352346,FANCJKO,enhancer,hybrid,2883
37,-177.21518987341778,9.576462865153385,0.25123345706247835,FANCJKO,enhancer,hybrid,2883
38,-126.58227848101274,9.707832579019788,0.24516430654505195,FANCJKO,enhancer,hybrid,2883
39,-75.94936708860769,9.85247206982746,0.2446050931288892,FANCJKO,enhancer,hybrid,2883
40,-25.31645569620264,9.87902480931954,0.23899335045337292,FANCJKO,enhancer,hybrid,2883
41,25.31645569620241,9.855169219719023,0.24061881041573668,FANCJKO,enhancer,hybrid,2883
42,75.94936708860769,9.80006614409481,0.24401603903269617,FANCJKO,enhancer,hybrid,2883
43,126.58227848101252,9.74527958790985,0.2475389428461511,FANCJKO,enhancer,hybrid,2883
44,177.21518987341778,9.64707077414359,0.24579188039239097,FANCJKO,enhancer,hybrid,2883
45,227.8481012658226,9.54114223034096,0.24917066517379688,FANCJKO,enhancer,hybrid,2883
46,278.4810126582279,9.328429013742216,0.24982582781216095,FANCJKO,enhancer,hybrid,2883
47,329.1139240506327,9.09431545703063,0.2457480522165696,FANCJKO,enhancer,hybrid,2883
48,379.746835443038,8.903016113731844,0.2460271573315359,FANCJKO,enhancer,hybrid,2883
49,430.37974683544326,8.663844648524783,0.2431479620490456,FANCJKO,enhancer,hybrid,2883
50,481.0126582278481,8.391817441536023,0.24587409158688653,FANCJKO,enhancer,hybrid,2883
51,531.6455696202534,8.153151644304153,0.25133811444456544,FANCJKO,enhancer,hybrid,2883
52,582.2784810126582,7.914875339279975,0.2554433222781639,FANCJKO,enhancer,hybrid,2883
53,632.9113924050635,7.646966210884198,0.2571595603315903,FANCJKO,enhancer,hybrid,2883
54,683.5443037974683,7.35643270049099,0.2523834396714541,FANCJKO,enhancer,hybrid,2883
55,734.1772151898736,7.003895595558862,0.239339641996885,FANCJKO,enhancer,hybrid,2883
56,784.8101265822784,6.623167597470166,0.22510235990451272,FANCJKO,enhancer,hybrid,2883
57,835.4430379746836,6.299432827084171,0.21339201962265816,FANCJKO,enhancer,hybrid,2883
58,886.0759493670885,6.028644074913201,0.2096949252377963,FANCJKO,enhancer,hybrid,2883
59,936.7088607594936,5.868111341009527,0.2118814181822779,FANCJKO,enhancer,hybrid,2883
60,987.3417721518986,5.68985055514134,0.21521847363126576,FANCJKO,enhancer,hybrid,2883
61,1037.9746835443038,5.509597980435535,0.2155929379765215,FANCJKO,enhancer,hybrid,2883
62,1088.607594936709,5.33521533693464,0.22182465994909023,FANCJKO,enhancer,hybrid,2883
63,1139.240506329114,5.139484699719599,0.2237691637059167,FANCJKO,enhancer,hybrid,2883
64,1189.8734177215188,4.982608393276203,0.2199434995618361,FANCJKO,enhancer,hybrid,2883
65,1240.506329113924,4.868583475703765,0.21615303940506805,FANCJKO,enhancer,hybrid,2883
66,1291.139240506329,4.79415357680028,0.21483613819734945,FANCJKO,enhancer,hybrid,2883
67,1341.772151898734,4.720312509544186,0.21203816311844423,FANCJKO,enhancer,hybrid,2883
68,1392.4050632911394,4.648766541058155,0.20443955425396432,FANCJKO,enhancer,hybrid,2883
69,1443.0379746835442,4.58023211109692,0.19545773336446737,FANCJKO,enhancer,hybrid,2883
70,1493.6708860759495,4.488823968106053,0.1931290538177101,FANCJKO,enhancer,hybrid,2883
71,1544.3037974683543,4.433657906705458,0.19340556103944323,FANCJKO,enhancer,hybrid,2883
72,1594.9367088607596,4.382606958314468,0.19229171752549856,FANCJKO,enhancer,hybrid,2883
73,1645.5696202531644,4.308930020393533,0.19075048978282025,FANCJKO,enhancer,hybrid,2883
74,1696.2025316455697,4.206860941152157,0.18040665467315908,FANCJKO,enhancer,hybrid,2883
75,1746.8354430379743,4.1224974302250965,0.16870219175791162,FANCJKO,enhancer,hybrid,2883
76,1797.4683544303798,4.0334737335473685,0.1616451154070077,FANCJKO,enhancer,hybrid,2883
77,1848.1012658227849,3.9427243256775655,0.15139114683689478,FANCJKO,enhancer,hybrid,2883
78,1898.73417721519,3.811600405111356,0.13453320616235248,FANCJKO,enhancer,hybrid,2883
79,1949.3670886075947,3.673764795513012,0.11637432618718328,FANCJKO,enhancer,hybrid,2883
80,2000,3.5593875746730297,0.10715864726888118,FANCJKO,enhancer,hybrid,2883
1,-2000,2.410440316817909,0.04164550626606288,FANCJKO,enhancer,none,16000
2,-1949.367088607595,2.399382826949966,0.04309200261918187,FANCJKO,enhancer,none,16000
3,-1898.73417721519,2.3975706456961094,0.04351499038295751,FANCJKO,enhancer,none,16000
4,-1848.1012658227849,2.3965616868814696,0.04333580620351261,FANCJKO,enhancer,none,16000
5,-1797.4683544303798,2.3816136409935535,0.04257075554934986,FANCJKO,enhancer,none,16000
6,-1746.8354430379748,2.360718198087514,0.04050374197464291,FANCJKO,enhancer,none,16000
7,-1696.2025316455697,2.348178950755042,0.03896766014329677,FANCJKO,enhancer,none,16000
8,-1645.5696202531644,2.3410271199281367,0.03845820172027457,FANCJKO,enhancer,none,16000
9,-1594.9367088607596,2.347485759490064,0.03821276267027507,FANCJKO,enhancer,none,16000
10,-1544.3037974683543,2.338877058925388,0.03793203713530658,FANCJKO,enhancer,none,16000
11,-1493.6708860759495,2.3235484845890793,0.03792615719407644,FANCJKO,enhancer,none,16000
12,-1443.0379746835442,2.3087452054420834,0.0377757475022172,FANCJKO,enhancer,none,16000
13,-1392.4050632911392,2.3002947559707163,0.03773839081061492,FANCJKO,enhancer,none,16000
14,-1341.772151898734,2.294536940103087,0.03741282921584221,FANCJKO,enhancer,none,16000
15,-1291.139240506329,2.2789645275851864,0.03692760839943306,FANCJKO,enhancer,none,16000
16,-1240.506329113924,2.257912176456107,0.03622077233484189,FANCJKO,enhancer,none,16000
17,-1189.873417721519,2.2302179321916613,0.0351515007181386,FANCJKO,enhancer,none,16000
18,-1139.240506329114,2.2022387160937407,0.03416995908712304,FANCJKO,enhancer,none,16000
19,-1088.607594936709,2.1713953955152667,0.03341218526947377,FANCJKO,enhancer,none,16000
20,-1037.9746835443038,2.1469281388398613,0.03251151361149158,FANCJKO,enhancer,none,16000
21,-987.3417721518988,2.1166732935758548,0.03195720145353641,FANCJKO,enhancer,none,16000
22,-936.7088607594936,2.0912954798769134,0.03159156646513311,FANCJKO,enhancer,none,16000
23,-886.0759493670887,2.0651983620911074,0.03066042542992584,FANCJKO,enhancer,none,16000
24,-835.4430379746836,2.0286540387969096,0.02857397742238308,FANCJKO,enhancer,none,16000
25,-784.8101265822784,1.9846486354654471,0.02624385143004238,FANCJKO,enhancer,none,16000
26,-734.1772151898733,1.9406901086395807,0.02424547023072818,FANCJKO,enhancer,none,16000
27,-683.5443037974683,1.9048939902737263,0.02229253952883068,FANCJKO,enhancer,none,16000
28,-632.9113924050632,1.8651750747806084,0.02065900454771261,FANCJKO,enhancer,none,16000
29,-582.2784810126582,1.82523151395245,0.01909808655840169,FANCJKO,enhancer,none,16000
30,-531.6455696202531,1.791035373407067,0.01795002101451535,FANCJKO,enhancer,none,16000
31,-481.0126582278481,1.7576614673096465,0.01694878609632838,FANCJKO,enhancer,none,16000
32,-430.37974683544303,1.7303538765443205,0.01620951860590232,FANCJKO,enhancer,none,16000
33,-379.746835443038,1.6948347423768582,0.01534787483147667,FANCJKO,enhancer,none,16000
34,-329.11392405063293,1.6659243277725837,0.01458871256797495,FANCJKO,enhancer,none,16000
35,-278.4810126582279,1.6411252948379182,0.01390750024863398,FANCJKO,enhancer,none,16000
36,-227.84810126582283,1.62819182041719,0.01330659221056485,FANCJKO,enhancer,none,16000
37,-177.21518987341778,1.6190499739187896,0.0128097850362886,FANCJKO,enhancer,none,16000
38,-126.58227848101274,1.600588932809022,0.01247207388514222,FANCJKO,enhancer,none,16000
39,-75.94936708860769,1.593673406617293,0.01234446141968055,FANCJKO,enhancer,none,16000
40,-25.31645569620264,1.5962619975399768,0.01237811197616913,FANCJKO,enhancer,none,16000
41,25.31645569620241,1.5994606129183788,0.01244054930455922,FANCJKO,enhancer,none,16000
42,75.94936708860769,1.6038916973809454,0.01251578038665173,FANCJKO,enhancer,none,16000
43,126.58227848101252,1.6066560979372335,0.01261221797584408,FANCJKO,enhancer,none,16000
44,177.21518987341778,1.622473509261679,0.01289744938726101,FANCJKO,enhancer,none,16000
45,227.8481012658226,1.631535818594257,0.0132360718791788,FANCJKO,enhancer,none,16000
46,278.4810126582279,1.6501503337732442,0.01364047577601215,FANCJKO,enhancer,none,16000
47,329.1139240506327,1.6885551110502852,0.01453155867050004,FANCJKO,enhancer,none,16000
48,379.746835443038,1.7280570031896187,0.01544133174500191,FANCJKO,enhancer,none,16000
49,430.37974683544326,1.7689928247614872,0.01649118092175141,FANCJKO,enhancer,none,16000
50,481.0126582278481,1.808241457874341,0.01748738014695467,FANCJKO,enhancer,none,16000
51,531.6455696202534,1.8488841266651264,0.01887576475813344,FANCJKO,enhancer,none,16000
52,582.2784810126582,1.9013632786630048,0.02058792489792744,FANCJKO,enhancer,none,16000
53,632.9113924050635,1.949544395976623,0.02248320513056572,FANCJKO,enhancer,none,16000
54,683.5443037974683,1.991245255614799,0.02394001740005517,FANCJKO,enhancer,none,16000
55,734.1772151898736,2.024279042328783,0.0256316557251672,FANCJKO,enhancer,none,16000
56,784.8101265822784,2.065976043776853,0.02819362407832804,FANCJKO,enhancer,none,16000
57,835.4430379746836,2.1044934007967573,0.0314693083649227,FANCJKO,enhancer,none,16000
58,886.0759493670885,2.1262420670732665,0.03492814821783847,FANCJKO,enhancer,none,16000
59,936.7088607594936,2.153618824576938,0.03732712427584039,FANCJKO,enhancer,none,16000
60,987.3417721518986,2.17275184310524,0.03762922683322827,FANCJKO,enhancer,none,16000
61,1037.9746835443038,2.1923411918069142,0.03697794628200294,FANCJKO,enhancer,none,16000
62,1088.607594936709,2.2163504019408378,0.0357497652572086,FANCJKO,enhancer,none,16000
63,1139.240506329114,2.2385688136490822,0.03539124787995305,FANCJKO,enhancer,none,16000
64,1189.8734177215188,2.2554475079800773,0.03528180430530038,FANCJKO,enhancer,none,16000
65,1240.506329113924,2.2779392587639857,0.03586826044800375,FANCJKO,enhancer,none,16000
66,1291.139240506329,2.2804043240590715,0.03609920644515818,FANCJKO,enhancer,none,16000
67,1341.772151898734,2.294567443074626,0.03709491540206258,FANCJKO,enhancer,none,16000
68,1392.4050632911394,2.318827331767725,0.03847135687574181,FANCJKO,enhancer,none,16000
69,1443.0379746835442,2.3561647360918707,0.03940501461843677,FANCJKO,enhancer,none,16000
70,1493.6708860759495,2.381898500003647,0.04038025707496873,FANCJKO,enhancer,none,16000
71,1544.3037974683543,2.4020675511679532,0.04137047590911474,FANCJKO,enhancer,none,16000
72,1594.9367088607596,2.419430433684312,0.04237282084399357,FANCJKO,enhancer,none,16000
73,1645.5696202531644,2.430402356588979,0.04310073335576602,FANCJKO,enhancer,none,16000
74,1696.2025316455697,2.428666035923743,0.04241728724058356,FANCJKO,enhancer,none,16000
75,1746.8354430379743,2.410133765774154,0.04030805434184829,FANCJKO,enhancer,none,16000
76,1797.4683544303798,2.398005389298159,0.0391703639297271,FANCJKO,enhancer,none,16000
77,1848.1012658227849,2.3927357159828206,0.03965555118985337,FANCJKO,enhancer,none,16000
78,1898.73417721519,2.399626964042198,0.04267821697520377,FANCJKO,enhancer,none,16000
79,1949.3670886075947,2.4098381595216667,0.04431601610819962,FANCJKO,enhancer,none,16000
80,2000,2.399820348939193,0.04385798894274032,FANCJKO,enhancer,none,16000
1,-2000,7.392621708250508,0.15878449443265766,dKO,promoter,parallel,7385
2,-1949.367088607595,7.409282192889145,0.1565724657151188,dKO,promoter,parallel,7385
3,-1898.73417721519,7.409835944965176,0.1552244114561223,dKO,promoter,parallel,7385
4,-1848.1012658227849,7.417763944474765,0.15778488310346142,dKO,promoter,parallel,7385
5,-1797.4683544303798,7.421445205576989,0.16209783204668232,dKO,promoter,parallel,7385
6,-1746.8354430379748,7.443723018793671,0.16771070040473696,dKO,promoter,parallel,7385
7,-1696.2025316455697,7.5250710092392605,0.17316773215365866,dKO,promoter,parallel,7385
8,-1645.5696202531644,7.58248837266316,0.17390135683131397,dKO,promoter,parallel,7385
9,-1594.9367088607596,7.655861149933935,0.1748370178391287,dKO,promoter,parallel,7385
10,-1544.3037974683543,7.686343679206093,0.17273474547765,dKO,promoter,parallel,7385
11,-1493.6708860759495,7.657802623828844,0.17108195934403683,dKO,promoter,parallel,7385
12,-1443.0379746835442,7.686596801094695,0.1730396743261692,dKO,promoter,parallel,7385
13,-1392.4050632911392,7.731355798145687,0.1760988483233311,dKO,promoter,parallel,7385
14,-1341.772151898734,7.811092212124512,0.1837247921045583,dKO,promoter,parallel,7385
15,-1291.139240506329,7.865283301850308,0.1892577948858642,dKO,promoter,parallel,7385
16,-1240.506329113924,7.917001712255084,0.18996052485751969,dKO,promoter,parallel,7385
17,-1189.873417721519,7.887868025511227,0.185689151866084,dKO,promoter,parallel,7385
18,-1139.240506329114,7.863263743942948,0.18344501533086977,dKO,promoter,parallel,7385
19,-1088.607594936709,7.904615843871032,0.1857551008038189,dKO,promoter,parallel,7385
20,-1037.9746835443038,7.938730736330007,0.18684029797411167,dKO,promoter,parallel,7385
21,-987.3417721518988,7.973443535190704,0.18842534505372951,dKO,promoter,parallel,7385
22,-936.7088607594936,8.011457296276868,0.18864218834736257,dKO,promoter,parallel,7385
23,-886.0759493670887,8.01233824725023,0.18404132150267055,dKO,promoter,parallel,7385
24,-835.4430379746836,8.00731026051314,0.1776430000698219,dKO,promoter,parallel,7385
25,-784.8101265822784,8.082908371442706,0.17599223090907856,dKO,promoter,parallel,7385
26,-734.1772151898733,8.196647831454822,0.1774958806719226,dKO,promoter,parallel,7385
27,-683.5443037974683,8.26947065696047,0.17943413866048538,dKO,promoter,parallel,7385
28,-632.9113924050632,8.36633063448947,0.1814088412371754,dKO,promoter,parallel,7385
29,-582.2784810126582,8.480800077588368,0.18382887436130535,dKO,promoter,parallel,7385
30,-531.6455696202531,8.657422777092288,0.18779339893584512,dKO,promoter,parallel,7385
31,-481.0126582278481,8.811533323174215,0.19401770855656764,dKO,promoter,parallel,7385
32,-430.37974683544303,9.015082206547545,0.2049691709395181,dKO,promoter,parallel,7385
33,-379.746835443038,9.24265998418195,0.2140353878121526,dKO,promoter,parallel,7385
34,-329.11392405063293,9.557153728962913,0.2254573211261264,dKO,promoter,parallel,7385
35,-278.4810126582279,9.909104881044597,0.2418086674249877,dKO,promoter,parallel,7385
36,-227.84810126582283,10.261022292556948,0.2600871873873087,dKO,promoter,parallel,7385
37,-177.21518987341778,10.639596043721031,0.2815137409171629,dKO,promoter,parallel,7385
38,-126.58227848101274,10.976203418830048,0.29671725931465537,dKO,promoter,parallel,7385
39,-75.94936708860769,11.2380738264343,0.3043021203753242,dKO,promoter,parallel,7385
40,-25.31645569620264,11.256239183479172,0.2980561998391938,dKO,promoter,parallel,7385
41,25.31645569620241,11.08597980309426,0.2826616450851313,dKO,promoter,parallel,7385
42,75.94936708860769,10.840522002746386,0.26334741309502063,dKO,promoter,parallel,7385
43,126.58227848101252,10.62220323601772,0.2482676606368824,dKO,promoter,parallel,7385
44,177.21518987341778,10.431098649745977,0.2388643409992674,dKO,promoter,parallel,7385
45,227.8481012658226,10.171390254096345,0.2294022512498198,dKO,promoter,parallel,7385
46,278.4810126582279,9.83923230269369,0.21850219036760385,dKO,promoter,parallel,7385
47,329.1139240506327,9.5402179306911,0.21010530722886991,dKO,promoter,parallel,7385
48,379.746835443038,9.298757983063393,0.20209069547609035,dKO,promoter,parallel,7385
49,430.37974683544326,9.062510360609943,0.1920556032405728,dKO,promoter,parallel,7385
50,481.0126582278481,8.842871062260777,0.1841100428920289,dKO,promoter,parallel,7385
51,531.6455696202534,8.692028107287571,0.1818128806053958,dKO,promoter,parallel,7385
52,582.2784810126582,8.58057504200069,0.18171998913435491,dKO,promoter,parallel,7385
53,632.9113924050635,8.497104314398696,0.18243190999202535,dKO,promoter,parallel,7385
54,683.5443037974683,8.364101470697493,0.18132038121997895,dKO,promoter,parallel,7385
55,734.1772151898736,8.23088370945211,0.1775236530124178,dKO,promoter,parallel,7385
56,784.8101265822784,8.149705518088473,0.1748648370625638,dKO,promoter,parallel,7385
57,835.4430379746836,8.093074956865726,0.1737210472706788,dKO,promoter,parallel,7385
58,886.0759493670885,8.026316924623753,0.17476873318274905,dKO,promoter,parallel,7385
59,936.7088607594936,7.955747493473786,0.17845268627946903,dKO,promoter,parallel,7385
60,987.3417721518986,7.937309767751924,0.1805831435211668,dKO,promoter,parallel,7385
61,1037.9746835443038,7.949045890844694,0.18414315717541843,dKO,promoter,parallel,7385
62,1088.607594936709,7.885036037258143,0.18528990937390477,dKO,promoter,parallel,7385
63,1139.240506329114,7.814615695905373,0.18578605895882672,dKO,promoter,parallel,7385
64,1189.8734177215188,7.760852645513301,0.18560402369724105,dKO,promoter,parallel,7385
65,1240.506329113924,7.753029159973448,0.18315123939584463,dKO,promoter,parallel,7385
66,1291.139240506329,7.730428825581808,0.17785901369004964,dKO,promoter,parallel,7385
67,1341.772151898734,7.709725224965207,0.1711976369975881,dKO,promoter,parallel,7385
68,1392.4050632911394,7.6907027475802145,0.16619030089644635,dKO,promoter,parallel,7385
69,1443.0379746835442,7.662412939807627,0.16600469450240526,dKO,promoter,parallel,7385
70,1493.6708860759495,7.635112381519299,0.1689086847461569,dKO,promoter,parallel,7385
71,1544.3037974683543,7.661175116460013,0.1753386108034941,dKO,promoter,parallel,7385
72,1594.9367088607596,7.630078448071219,0.17832819634676805,dKO,promoter,parallel,7385
73,1645.5696202531644,7.566897260644048,0.17709692410463132,dKO,promoter,parallel,7385
74,1696.2025316455697,7.5324097154810365,0.17377920633508656,dKO,promoter,parallel,7385
75,1746.8354430379743,7.479388924836735,0.1695065304737501,dKO,promoter,parallel,7385
76,1797.4683544303798,7.391787267320663,0.16683762691748935,dKO,promoter,parallel,7385
77,1848.1012658227849,7.390732653876886,0.16750201123569783,dKO,promoter,parallel,7385
78,1898.73417721519,7.478177955776056,0.17574897043935842,dKO,promoter,parallel,7385
79,1949.3670886075947,7.546206978248006,0.1828010096586943,dKO,promoter,parallel,7385
80,2000,7.524522558721294,0.1832166698751907,dKO,promoter,parallel,7385
1,-2000,8.565514371940745,0.8306322703336042,dKO,promoter,antiparallel,670
2,-1949.367088607595,8.469324849227174,0.8039358029870366,dKO,promoter,antiparallel,670
3,-1898.73417721519,8.310761643388378,0.7454969352082916,dKO,promoter,antiparallel,670
4,-1848.1012658227849,8.087382623014166,0.6553575546348797,dKO,promoter,antiparallel,670
5,-1797.4683544303798,7.873248652617137,0.570412728947948,dKO,promoter,antiparallel,670
6,-1746.8354430379748,7.706951192486939,0.5117005532734795,dKO,promoter,antiparallel,670
7,-1696.2025316455697,7.55163758665175,0.4922159732115497,dKO,promoter,antiparallel,670
8,-1645.5696202531644,7.381981160908789,0.4880721048401595,dKO,promoter,antiparallel,670
9,-1594.9367088607596,7.317066382435424,0.492613965931021,dKO,promoter,antiparallel,670
10,-1544.3037974683543,7.172524215815672,0.4791000499400394,dKO,promoter,antiparallel,670
11,-1493.6708860759495,7.101645036187338,0.4704024822400659,dKO,promoter,antiparallel,670
12,-1443.0379746835442,6.9427700698102885,0.44197796613089735,dKO,promoter,antiparallel,670
13,-1392.4050632911392,6.893320576813683,0.4339992422399459,dKO,promoter,antiparallel,670
14,-1341.772151898734,6.943436747221211,0.42623425533519377,dKO,promoter,antiparallel,670
15,-1291.139240506329,6.864641551628635,0.4103795659028336,dKO,promoter,antiparallel,670
16,-1240.506329113924,6.892286177095489,0.4217392312640368,dKO,promoter,antiparallel,670
17,-1189.873417721519,6.947562013031831,0.42706222032764785,dKO,promoter,antiparallel,670
18,-1139.240506329114,6.958765608233599,0.4315063405439182,dKO,promoter,antiparallel,670
19,-1088.607594936709,6.859978164803329,0.4269085959543456,dKO,promoter,antiparallel,670
20,-1037.9746835443038,6.908776532182646,0.4219462613654983,dKO,promoter,antiparallel,670
21,-987.3417721518988,6.87354651436521,0.4108380234744003,dKO,promoter,antiparallel,670
22,-936.7088607594936,6.825827486636034,0.4194318617480685,dKO,promoter,antiparallel,670
23,-886.0759493670887,6.960953979445927,0.4375561045261221,dKO,promoter,antiparallel,670
24,-835.4430379746836,6.950600367767894,0.44906883565904,dKO,promoter,antiparallel,670
25,-784.8101265822784,6.814068301569763,0.42382388265793375,dKO,promoter,antiparallel,670
26,-734.1772151898733,6.743803975123078,0.39146756021283985,dKO,promoter,antiparallel,670
27,-683.5443037974683,6.636146292133711,0.37063128706324394,dKO,promoter,antiparallel,670
28,-632.9113924050632,6.628929924144081,0.3706079706608699,dKO,promoter,antiparallel,670
29,-582.2784810126582,6.6448444753630245,0.37899482728194983,dKO,promoter,antiparallel,670
30,-531.6455696202531,6.572154376618305,0.39237552916885293,dKO,promoter,antiparallel,670
31,-481.0126582278481,6.5632937938585805,0.4047912430627546,dKO,promoter,antiparallel,670
32,-430.37974683544303,6.588174142163784,0.419222298048602,dKO,promoter,antiparallel,670
33,-379.746835443038,6.632258198999054,0.4347882073928481,dKO,promoter,antiparallel,670
34,-329.11392405063293,6.762455474008968,0.46967974162988846,dKO,promoter,antiparallel,670
35,-278.4810126582279,7.077273272800208,0.5438336863784853,dKO,promoter,antiparallel,670
36,-227.84810126582283,7.397000390202252,0.6011744111147717,dKO,promoter,antiparallel,670
37,-177.21518987341778,7.8647950324336096,0.6442463386303111,dKO,promoter,antiparallel,670
38,-126.58227848101274,8.230862634757266,0.6921259721145359,dKO,promoter,antiparallel,670
39,-75.94936708860769,8.57374241396681,0.7425351519861385,dKO,promoter,antiparallel,670
40,-25.31645569620264,8.901446719683225,0.7726189824578357,dKO,promoter,antiparallel,670
41,25.31645569620241,9.031349684892009,0.7779488097377731,dKO,promoter,antiparallel,670
42,75.94936708860769,8.984633642473032,0.7777840887971688,dKO,promoter,antiparallel,670
43,126.58227848101252,8.656214610714224,0.7432959031140037,dKO,promoter,antiparallel,670
44,177.21518987341778,8.258978851065708,0.6776412572124884,dKO,promoter,antiparallel,670
45,227.8481012658226,8.015383219471024,0.6042974132911241,dKO,promoter,antiparallel,670
46,278.4810126582279,7.708198356177676,0.5420087063740263,dKO,promoter,antiparallel,670
47,329.1139240506327,7.514321941348451,0.5076083513832745,dKO,promoter,antiparallel,670
48,379.746835443038,7.574219675525504,0.4999300926587598,dKO,promoter,antiparallel,670
49,430.37974683544326,7.63071324922908,0.5117557575141384,dKO,promoter,antiparallel,670
50,481.0126582278481,7.556968247012713,0.5097637527097305,dKO,promoter,antiparallel,670
51,531.6455696202534,7.493533333570803,0.5078945998437239,dKO,promoter,antiparallel,670
52,582.2784810126582,7.537407230151827,0.5163805510920276,dKO,promoter,antiparallel,670
53,632.9113924050635,7.454335533202584,0.5064684792568035,dKO,promoter,antiparallel,670
54,683.5443037974683,7.35064968072004,0.4868698888703288,dKO,promoter,antiparallel,670
55,734.1772151898736,7.272298125947886,0.4756089762899513,dKO,promoter,antiparallel,670
56,784.8101265822784,7.316373651650415,0.4863056324133109,dKO,promoter,antiparallel,670
57,835.4430379746836,7.442094976146423,0.5166285541654584,dKO,promoter,antiparallel,670
58,886.0759493670885,7.561002618108816,0.5379371094085473,dKO,promoter,antiparallel,670
59,936.7088607594936,7.720316087891213,0.5569191903449873,dKO,promoter,antiparallel,670
60,987.3417721518986,7.808180701381532,0.5528665542795042,dKO,promoter,antiparallel,670
61,1037.9746835443038,7.840314797613751,0.5253361150347083,dKO,promoter,antiparallel,670
62,1088.607594936709,7.768268366515933,0.5080388149618844,dKO,promoter,antiparallel,670
63,1139.240506329114,7.654957369765239,0.4786105109154384,dKO,promoter,antiparallel,670
64,1189.8734177215188,7.549015437251893,0.4496856390038657,dKO,promoter,antiparallel,670
65,1240.506329113924,7.474882919515543,0.44157143360512846,dKO,promoter,antiparallel,670
66,1291.139240506329,7.41609596201555,0.4452496700638108,dKO,promoter,antiparallel,670
67,1341.772151898734,7.47694883309668,0.4598715486196237,dKO,promoter,antiparallel,670
68,1392.4050632911394,7.541931210211853,0.4769906907486564,dKO,promoter,antiparallel,670
69,1443.0379746835442,7.593885425982784,0.5215949872664234,dKO,promoter,antiparallel,670
70,1493.6708860759495,7.677290142018997,0.5786738521755148,dKO,promoter,antiparallel,670
71,1544.3037974683543,7.684901033782247,0.674001708712774,dKO,promoter,antiparallel,670
72,1594.9367088607596,7.787774881507627,0.7913985030141405,dKO,promoter,antiparallel,670
73,1645.5696202531644,7.766671057109216,0.8151882398213398,dKO,promoter,antiparallel,670
74,1696.2025316455697,7.723410879791079,0.7925994599069783,dKO,promoter,antiparallel,670
75,1746.8354430379743,7.606211071450912,0.7405655271207088,dKO,promoter,antiparallel,670
76,1797.4683544303798,7.393880353671402,0.6883383320133074,dKO,promoter,antiparallel,670
77,1848.1012658227849,7.22933359250619,0.6556393735305995,dKO,promoter,antiparallel,670
78,1898.73417721519,7.263359339854017,0.6255059182013867,dKO,promoter,antiparallel,670
79,1949.3670886075947,7.124306436657313,0.5953956062369575,dKO,promoter,antiparallel,670
80,2000,6.996923213443946,0.5736606470663442,dKO,promoter,antiparallel,670
1,-2000,7.618827793227587,0.5015211479853595,dKO,promoter,hybrid,1113
2,-1949.367088607595,7.759763635482999,0.515068250224706,dKO,promoter,hybrid,1113
3,-1898.73417721519,7.927391838946004,0.5384768378527588,dKO,promoter,hybrid,1113
4,-1848.1012658227849,7.977878609324116,0.5511713963536304,dKO,promoter,hybrid,1113
5,-1797.4683544303798,7.98587985312164,0.5409307384571403,dKO,promoter,hybrid,1113
6,-1746.8354430379748,7.954198975159616,0.5272495579579697,dKO,promoter,hybrid,1113
7,-1696.2025316455697,7.948905184529576,0.5205727168753481,dKO,promoter,hybrid,1113
8,-1645.5696202531644,7.857451629474443,0.49922872780695937,dKO,promoter,hybrid,1113
9,-1594.9367088607596,7.6780083553617535,0.4657262995022607,dKO,promoter,hybrid,1113
10,-1544.3037974683543,7.417496505327016,0.42280964620581835,dKO,promoter,hybrid,1113
11,-1493.6708860759495,7.227490595480252,0.3791282840978388,dKO,promoter,hybrid,1113
12,-1443.0379746835442,7.088666500152675,0.3604976000223111,dKO,promoter,hybrid,1113
13,-1392.4050632911392,6.9577494700949645,0.3510963357740714,dKO,promoter,hybrid,1113
14,-1341.772151898734,6.9771083795949345,0.36333979972707015,dKO,promoter,hybrid,1113
15,-1291.139240506329,6.994091872514883,0.37171873166072394,dKO,promoter,hybrid,1113
16,-1240.506329113924,6.963112424080441,0.36779769587941213,dKO,promoter,hybrid,1113
17,-1189.873417721519,6.8872935923676035,0.3541436366881406,dKO,promoter,hybrid,1113
18,-1139.240506329114,6.833705088531017,0.339451731692431,dKO,promoter,hybrid,1113
19,-1088.607594936709,6.886385271180065,0.32181154291334674,dKO,promoter,hybrid,1113
20,-1037.9746835443038,6.901827294276695,0.30837853514140506,dKO,promoter,hybrid,1113
21,-987.3417721518988,6.981835714200543,0.31775895525442727,dKO,promoter,hybrid,1113
22,-936.7088607594936,6.965394839089443,0.32398186001429957,dKO,promoter,hybrid,1113
23,-886.0759493670887,7.107480095663125,0.32595435114358107,dKO,promoter,hybrid,1113
24,-835.4430379746836,7.314634359557673,0.33864129492150363,dKO,promoter,hybrid,1113
25,-784.8101265822784,7.485576223104648,0.361224793698012,dKO,promoter,hybrid,1113
26,-734.1772151898733,7.736728390598412,0.3836972725135798,dKO,promoter,hybrid,1113
27,-683.5443037974683,8.091529545357,0.41088868543995366,dKO,promoter,hybrid,1113
28,-632.9113924050632,8.366359166471357,0.44478126939368623,dKO,promoter,hybrid,1113
29,-582.2784810126582,8.571392638058532,0.4663738111407173,dKO,promoter,hybrid,1113
30,-531.6455696202531,8.909516094038679,0.5012510839029481,dKO,promoter,hybrid,1113
31,-481.0126582278481,9.280198349519988,0.5598609618476061,dKO,promoter,hybrid,1113
32,-430.37974683544303,9.802552503970398,0.6313478500116919,dKO,promoter,hybrid,1113
33,-379.746835443038,10.31527897712748,0.7142043609266419,dKO,promoter,hybrid,1113
34,-329.11392405063293,10.83862186406322,0.7908349585410558,dKO,promoter,hybrid,1113
35,-278.4810126582279,11.568637200318683,0.8680962135878736,dKO,promoter,hybrid,1113
36,-227.84810126582283,12.00685491814232,0.9093691934027756,dKO,promoter,hybrid,1113
37,-177.21518987341778,12.34805750102474,0.9229867588252528,dKO,promoter,hybrid,1113
38,-126.58227848101274,12.667969260896957,0.9211282528568316,dKO,promoter,hybrid,1113
39,-75.94936708860769,12.93382266734167,0.909799720870228,dKO,promoter,hybrid,1113
40,-25.31645569620264,12.975098130791514,0.8761687278672685,dKO,promoter,hybrid,1113
41,25.31645569620241,12.874734646160826,0.8511457276090889,dKO,promoter,hybrid,1113
42,75.94936708860769,12.5623110744117,0.8168616621430999,dKO,promoter,hybrid,1113
43,126.58227848101252,12.178857011336628,0.783503784594365,dKO,promoter,hybrid,1113
44,177.21518987341778,11.635907744627293,0.7300133684838399,dKO,promoter,hybrid,1113
45,227.8481012658226,11.139194651095586,0.6787628753750871,dKO,promoter,hybrid,1113
46,278.4810126582279,10.60254913745222,0.6291434812871158,dKO,promoter,hybrid,1113
47,329.1139240506327,10.151000817022698,0.5826595109094815,dKO,promoter,hybrid,1113
48,379.746835443038,9.799261971889552,0.5353611382528436,dKO,promoter,hybrid,1113
49,430.37974683544326,9.635547521095784,0.509315159387744,dKO,promoter,hybrid,1113
50,481.0126582278481,9.497957207872398,0.5087600846248163,dKO,promoter,hybrid,1113
51,531.6455696202534,9.36010832289944,0.524506894458486,dKO,promoter,hybrid,1113
52,582.2784810126582,9.232535795332891,0.5398808141186207,dKO,promoter,hybrid,1113
53,632.9113924050635,9.210933209123208,0.5705086440832867,dKO,promoter,hybrid,1113
54,683.5443037974683,9.205572441196898,0.6202597969178592,dKO,promoter,hybrid,1113
55,734.1772151898736,9.075899371252548,0.6606610938052714,dKO,promoter,hybrid,1113
56,784.8101265822784,9.048511961491815,0.7081426523906111,dKO,promoter,hybrid,1113
57,835.4430379746836,9.01232067517086,0.7104796401851704,dKO,promoter,hybrid,1113
58,886.0759493670885,8.962320256313902,0.7020640049605607,dKO,promoter,hybrid,1113
59,936.7088607594936,8.8157139772075,0.6589734487182439,dKO,promoter,hybrid,1113
60,987.3417721518986,8.795583577699453,0.6173068175039675,dKO,promoter,hybrid,1113
61,1037.9746835443038,8.929836783532648,0.6332957760230236,dKO,promoter,hybrid,1113
62,1088.607594936709,8.963104296924469,0.6469312367295698,dKO,promoter,hybrid,1113
63,1139.240506329114,8.94646547721724,0.6608486623321358,dKO,promoter,hybrid,1113
64,1189.8734177215188,9.08698867105945,0.7015370434890427,dKO,promoter,hybrid,1113
65,1240.506329113924,9.270879681365296,0.7287754258149629,dKO,promoter,hybrid,1113
66,1291.139240506329,9.289799944134163,0.7290722087442212,dKO,promoter,hybrid,1113
67,1341.772151898734,9.289131259067789,0.7091860386190866,dKO,promoter,hybrid,1113
68,1392.4050632911394,9.145762332299045,0.6684734632991451,dKO,promoter,hybrid,1113
69,1443.0379746835442,9.074391945540889,0.6472384761839435,dKO,promoter,hybrid,1113
70,1493.6708860759495,9.14205613124367,0.6476101693569473,dKO,promoter,hybrid,1113
71,1544.3037974683543,9.11704401545269,0.6381639629758954,dKO,promoter,hybrid,1113
72,1594.9367088607596,8.94698870826246,0.6140425058581186,dKO,promoter,hybrid,1113
73,1645.5696202531644,8.686163500806249,0.5616449021900918,dKO,promoter,hybrid,1113
74,1696.2025316455697,8.72518139824106,0.54646026780332,dKO,promoter,hybrid,1113
75,1746.8354430379743,8.649929652195485,0.5189240894406617,dKO,promoter,hybrid,1113
76,1797.4683544303798,8.676049237495484,0.5341984455016715,dKO,promoter,hybrid,1113
77,1848.1012658227849,8.644144265461767,0.54277646239969,dKO,promoter,hybrid,1113
78,1898.73417721519,8.57753094200461,0.5490539631344521,dKO,promoter,hybrid,1113
79,1949.3670886075947,8.524340373566494,0.5466904676041211,dKO,promoter,hybrid,1113
80,2000,8.424104610445543,0.5331573369378372,dKO,promoter,hybrid,1113
1,-2000,1.6387865911556114,0.01561285067135175,dKO,promoter,none,14910
2,-1949.367088607595,1.6256590449978898,0.01533699393825899,dKO,promoter,none,14910
3,-1898.73417721519,1.6125520243719411,0.01519552895419176,dKO,promoter,none,14910
4,-1848.1012658227849,1.601563060460534,0.01523479832605918,dKO,promoter,none,14910
5,-1797.4683544303798,1.5905977140720944,0.01514092640365039,dKO,promoter,none,14910
6,-1746.8354430379748,1.5871787789460996,0.01511555488044565,dKO,promoter,none,14910
7,-1696.2025316455697,1.5755542293507288,0.01503970750662499,dKO,promoter,none,14910
8,-1645.5696202531644,1.5648222689301532,0.01504166781563899,dKO,promoter,none,14910
9,-1594.9367088607596,1.5622980699444746,0.01500314312262207,dKO,promoter,none,14910
10,-1544.3037974683543,1.5665090774918904,0.01504065891369989,dKO,promoter,none,14910
11,-1493.6708860759495,1.562916461687247,0.01505151767561388,dKO,promoter,none,14910
12,-1443.0379746835442,1.561439621873706,0.01495117948128928,dKO,promoter,none,14910
13,-1392.4050632911392,1.573120005583755,0.01507937130367419,dKO,promoter,none,14910
14,-1341.772151898734,1.5780198063957114,0.01503164028989412,dKO,promoter,none,14910
15,-1291.139240506329,1.572997373765062,0.01497967460890654,dKO,promoter,none,14910
16,-1240.506329113924,1.567653742275556,0.01500065967095429,dKO,promoter,none,14910
17,-1189.873417721519,1.570199565452978,0.01507652554843852,dKO,promoter,none,14910
18,-1139.240506329114,1.5786237352823562,0.01516129481480305,dKO,promoter,none,14910
19,-1088.607594936709,1.5883667474383674,0.01525051805581799,dKO,promoter,none,14910
20,-1037.9746835443038,1.5907381125014006,0.01528062579572609,dKO,promoter,none,14910
21,-987.3417721518988,1.5900928004328752,0.01511669514573882,dKO,promoter,none,14910
22,-936.7088607594936,1.5899981154231293,0.0149183790680455,dKO,promoter,none,14910
23,-886.0759493670887,1.585486231734852,0.01478485660800739,dKO,promoter,none,14910
24,-835.4430379746836,1.5804172308373214,0.01472485452095637,dKO,promoter,none,14910
25,-784.8101265822784,1.5750987507716727,0.01495852064527754,dKO,promoter,none,14910
26,-734.1772151898733,1.5675113970120642,0.01499282903508911,dKO,promoter,none,14910
27,-683.5443037974683,1.561822057034754,0.01488432266084345,dKO,promoter,none,14910
28,-632.9113924050632,1.552897321877443,0.01474520388463961,dKO,promoter,none,14910
29,-582.2784810126582,1.5509123952377826,0.01472977737430971,dKO,promoter,none,14910
30,-531.6455696202531,1.554590057989942,0.01481945006430612,dKO,promoter,none,14910
31,-481.0126582278481,1.5521442940472303,0.01496388378541057,dKO,promoter,none,14910
32,-430.37974683544303,1.5552731635729258,0.0149200504802198,dKO,promoter,none,14910
33,-379.746835443038,1.5556828696479916,0.01499704613955857,dKO,promoter,none,14910
34,-329.11392405063293,1.56217214083098,0.01504185718217162,dKO,promoter,none,14910
35,-278.4810126582279,1.5611157037440038,0.01498690574647053,dKO,promoter,none,14910
36,-227.84810126582283,1.5562363674477655,0.01483275463380878,dKO,promoter,none,14910
37,-177.21518987341778,1.5572819840148002,0.01481294547467139,dKO,promoter,none,14910
38,-126.58227848101274,1.5608680930573549,0.01489683673697288,dKO,promoter,none,14910
39,-75.94936708860769,1.5596556821175172,0.01495057539330643,dKO,promoter,none,14910
40,-25.31645569620264,1.5637756143964563,0.01497156782746986,dKO,promoter,none,14910
41,25.31645569620241,1.5583484615648409,0.01494373587519462,dKO,promoter,none,14910
42,75.94936708860769,1.5625228660281931,0.01484681642898201,dKO,promoter,none,14910
43,126.58227848101252,1.5564603036435722,0.01474052999156945,dKO,promoter,none,14910
44,177.21518987341778,1.5579972279076344,0.01485868734370803,dKO,promoter,none,14910
45,227.8481012658226,1.5540531725153048,0.01490731159010771,dKO,promoter,none,14910
46,278.4810126582279,1.564325803879538,0.01506480663138173,dKO,promoter,none,14910
47,329.1139240506327,1.5609335515952902,0.01505006482921799,dKO,promoter,none,14910
48,379.746835443038,1.5600858341935524,0.01498575414565523,dKO,promoter,none,14910
49,430.37974683544326,1.5511824670309613,0.01479479480194652,dKO,promoter,none,14910
50,481.0126582278481,1.5411090533212353,0.01457095841715565,dKO,promoter,none,14910
51,531.6455696202534,1.5352037348880645,0.01468263040955423,dKO,promoter,none,14910
52,582.2784810126582,1.534307162301605,0.014752897227918369,dKO,promoter,none,14910
53,632.9113924050635,1.5435012313451786,0.01471173983601847,dKO,promoter,none,14910
54,683.5443037974683,1.5569820762160802,0.01480090481837952,dKO,promoter,none,14910
55,734.1772151898736,1.5681553911959496,0.01481581328015353,dKO,promoter,none,14910
56,784.8101265822784,1.5631618064563653,0.01484658928397929,dKO,promoter,none,14910
57,835.4430379746836,1.5523589833494773,0.01490398838866663,dKO,promoter,none,14910
58,886.0759493670885,1.5522354706769237,0.01494710381693368,dKO,promoter,none,14910
59,936.7088607594936,1.555511084965442,0.01492078551370088,dKO,promoter,none,14910
60,987.3417721518986,1.5547132540507325,0.014867565602212,dKO,promoter,none,14910
61,1037.9746835443038,1.5531075634127216,0.01476882229142773,dKO,promoter,none,14910
62,1088.607594936709,1.5567499125941535,0.01480509285902168,dKO,promoter,none,14910
63,1139.240506329114,1.5608485785015107,0.01481296691572272,dKO,promoter,none,14910
64,1189.8734177215188,1.5645773527303424,0.01488458316124584,dKO,promoter,none,14910
65,1240.506329113924,1.5631326177207443,0.01489655307655563,dKO,promoter,none,14910
66,1291.139240506329,1.5650030551219234,0.01483923038187178,dKO,promoter,none,14910
67,1341.772151898734,1.561295859600642,0.0148118116060907,dKO,promoter,none,14910
68,1392.4050632911394,1.5575814118912463,0.01476618814832469,dKO,promoter,none,14910
69,1443.0379746835442,1.5574726773105478,0.0148225580274262,dKO,promoter,none,14910
70,1493.6708860759495,1.5586047335477755,0.01479573113389019,dKO,promoter,none,14910
71,1544.3037974683543,1.5616885888275316,0.01480616978512489,dKO,promoter,none,14910
72,1594.9367088607596,1.5744672866178142,0.01489119512984494,dKO,promoter,none,14910
73,1645.5696202531644,1.577270270691791,0.01494406135313106,dKO,promoter,none,14910
74,1696.2025316455697,1.5810928894265248,0.01510495949204812,dKO,promoter,none,14910
75,1746.8354430379743,1.5882006684203829,0.01509531406080205,dKO,promoter,none,14910
76,1797.4683544303798,1.596915932342085,0.01507499000405046,dKO,promoter,none,14910
77,1848.1012658227849,1.6021623468770936,0.01515679307952984,dKO,promoter,none,14910
78,1898.73417721519,1.6125937723247503,0.015156962291644911,dKO,promoter,none,14910
79,1949.3670886075947,1.6124911896347185,0.01519614049865081,dKO,promoter,none,14910
80,2000,1.6197128447574485,0.01542604701701199,dKO,promoter,none,14910
1,-2000,6.184624139708361,0.15140744176664375,dKO,intron1,parallel,7766
2,-1949.367088607595,6.213144477994997,0.15207032487640745,dKO,intron1,parallel,7766
3,-1898.73417721519,6.206447750031462,0.15253468897941952,dKO,intron1,parallel,7766
4,-1848.1012658227849,6.1824065192826,0.15051873618467587,dKO,intron1,parallel,7766
5,-1797.4683544303798,6.141457095694487,0.1453248677288142,dKO,intron1,parallel,7766
6,-1746.8354430379748,6.164813357791283,0.143017175338698,dKO,intron1,parallel,7766
7,-1696.2025316455697,6.200289131074067,0.14275484411498737,dKO,intron1,parallel,7766
8,-1645.5696202531644,6.259305518714335,0.14599718684807414,dKO,intron1,parallel,7766
9,-1594.9367088607596,6.371731056611275,0.15164604715948177,dKO,intron1,parallel,7766
10,-1544.3037974683543,6.496838521827024,0.16064871823994328,dKO,intron1,parallel,7766
11,-1493.6708860759495,6.571226062568864,0.16798945720161337,dKO,intron1,parallel,7766
12,-1443.0379746835442,6.629876163519752,0.17345207207084734,dKO,intron1,parallel,7766
13,-1392.4050632911392,6.698822029173266,0.17810779205873753,dKO,intron1,parallel,7766
14,-1341.772151898734,6.751982763821664,0.1782163792991754,dKO,intron1,parallel,7766
15,-1291.139240506329,6.7483313331479975,0.1742933780452728,dKO,intron1,parallel,7766
16,-1240.506329113924,6.74035616773742,0.17024864036218768,dKO,intron1,parallel,7766
17,-1189.873417721519,6.808002487045571,0.16830767132189284,dKO,intron1,parallel,7766
18,-1139.240506329114,6.896442190242106,0.1679982472213447,dKO,intron1,parallel,7766
19,-1088.607594936709,6.939220791235432,0.16855670361057884,dKO,intron1,parallel,7766
20,-1037.9746835443038,7.011641866024374,0.17000996239202026,dKO,intron1,parallel,7766
21,-987.3417721518988,7.103726819028915,0.17246712821365004,dKO,intron1,parallel,7766
22,-936.7088607594936,7.179936054177382,0.1750320603711489,dKO,intron1,parallel,7766
23,-886.0759493670887,7.236427909786051,0.1756050434714145,dKO,intron1,parallel,7766
24,-835.4430379746836,7.25704990512476,0.1750286952451392,dKO,intron1,parallel,7766
25,-784.8101265822784,7.281184285331851,0.1752967936909378,dKO,intron1,parallel,7766
26,-734.1772151898733,7.316241562858203,0.17413847793505974,dKO,intron1,parallel,7766
27,-683.5443037974683,7.386801829220287,0.1734468908787471,dKO,intron1,parallel,7766
28,-632.9113924050632,7.434513176552614,0.17188456887695436,dKO,intron1,parallel,7766
29,-582.2784810126582,7.453997088891568,0.17017779360917287,dKO,intron1,parallel,7766
30,-531.6455696202531,7.440260395594692,0.1678422894031872,dKO,intron1,parallel,7766
31,-481.0126582278481,7.481404126072986,0.1694851833492311,dKO,intron1,parallel,7766
32,-430.37974683544303,7.551885498283206,0.17240279857481608,dKO,intron1,parallel,7766
33,-379.746835443038,7.5740024571297395,0.174490044219965,dKO,intron1,parallel,7766
34,-329.11392405063293,7.597691646174654,0.17709339372546304,dKO,intron1,parallel,7766
35,-278.4810126582279,7.625018141822596,0.17894478397133567,dKO,intron1,parallel,7766
36,-227.84810126582283,7.617663563750048,0.17837762656912243,dKO,intron1,parallel,7766
37,-177.21518987341778,7.604667978206104,0.17585833603821469,dKO,intron1,parallel,7766
38,-126.58227848101274,7.577415884297563,0.17434830137111326,dKO,intron1,parallel,7766
39,-75.94936708860769,7.517790459443575,0.17258600857074868,dKO,intron1,parallel,7766
40,-25.31645569620264,7.4834976224105585,0.17215190098797808,dKO,intron1,parallel,7766
41,25.31645569620241,7.4300242486240755,0.1721392095932144,dKO,intron1,parallel,7766
42,75.94936708860769,7.41556296571149,0.1742884415200394,dKO,intron1,parallel,7766
43,126.58227848101252,7.395298136775714,0.17286483966541596,dKO,intron1,parallel,7766
44,177.21518987341778,7.410675077588274,0.17217253142845285,dKO,intron1,parallel,7766
45,227.8481012658226,7.3952661029881535,0.17183469003918733,dKO,intron1,parallel,7766
46,278.4810126582279,7.347193587658098,0.17473936844068866,dKO,intron1,parallel,7766
47,329.1139240506327,7.284337227990448,0.17475661771655182,dKO,intron1,parallel,7766
48,379.746835443038,7.206564352540706,0.17122629980973245,dKO,intron1,parallel,7766
49,430.37974683544326,7.150377911325074,0.1684057814667093,dKO,intron1,parallel,7766
50,481.0126582278481,7.056396273874052,0.1629716893892202,dKO,intron1,parallel,7766
51,531.6455696202534,6.950939879262076,0.1598567692516131,dKO,intron1,parallel,7766
52,582.2784810126582,6.925076298844467,0.16175666772975844,dKO,intron1,parallel,7766
53,632.9113924050635,6.894653171695796,0.16151028305268736,dKO,intron1,parallel,7766
54,683.5443037974683,6.811785306532155,0.15806788149592904,dKO,intron1,parallel,7766
55,734.1772151898736,6.741883707591337,0.15593773342428227,dKO,intron1,parallel,7766
56,784.8101265822784,6.6383010318251845,0.1550425130213745,dKO,intron1,parallel,7766
57,835.4430379746836,6.4994360135010725,0.15166475913976876,dKO,intron1,parallel,7766
58,886.0759493670885,6.389271216502629,0.14838743190475506,dKO,intron1,parallel,7766
59,936.7088607594936,6.322328820486357,0.1451980502685033,dKO,intron1,parallel,7766
60,987.3417721518986,6.287260776759524,0.14417061092196437,dKO,intron1,parallel,7766
61,1037.9746835443038,6.245130518302967,0.1448753133562197,dKO,intron1,parallel,7766
62,1088.607594936709,6.23672458152227,0.14758695183148524,dKO,intron1,parallel,7766
63,1139.240506329114,6.2307434729086255,0.14804429491172544,dKO,intron1,parallel,7766
64,1189.8734177215188,6.169884805771013,0.14406940968876322,dKO,intron1,parallel,7766
65,1240.506329113924,6.1203774483661935,0.1408108730165331,dKO,intron1,parallel,7766
66,1291.139240506329,6.066317755370419,0.1381354388541777,dKO,intron1,parallel,7766
67,1341.772151898734,6.029697030365482,0.13976008566071133,dKO,intron1,parallel,7766
68,1392.4050632911394,6.024295809193941,0.14325915271237738,dKO,intron1,parallel,7766
69,1443.0379746835442,6.016607275511207,0.1462449987579757,dKO,intron1,parallel,7766
70,1493.6708860759495,6.009942942586658,0.15008749990956913,dKO,intron1,parallel,7766
71,1544.3037974683543,5.990110624611598,0.1500444527033848,dKO,intron1,parallel,7766
72,1594.9367088607596,5.967006095913165,0.1544750303231012,dKO,intron1,parallel,7766
73,1645.5696202531644,5.929411559091104,0.16159793992627436,dKO,intron1,parallel,7766
74,1696.2025316455697,5.836683795342722,0.1627520263884177,dKO,intron1,parallel,7766
75,1746.8354430379743,5.768247254222993,0.15802056526254304,dKO,intron1,parallel,7766
76,1797.4683544303798,5.717640090044071,0.14490177804650056,dKO,intron1,parallel,7766
77,1848.1012658227849,5.713584800164826,0.1363332851932673,dKO,intron1,parallel,7766
78,1898.73417721519,5.712006130416728,0.13528347577537328,dKO,intron1,parallel,7766
79,1949.3670886075947,5.715531631814061,0.13661257179292008,dKO,intron1,parallel,7766
80,2000,5.733251057416035,0.13829389741627143,dKO,intron1,parallel,7766
1,-2000,6.287950361852914,0.5453955225953936,dKO,intron1,antiparallel,710
2,-1949.367088607595,6.385479031441917,0.6105386085842675,dKO,intron1,antiparallel,710
3,-1898.73417721519,6.578207332333489,0.6879023696003665,dKO,intron1,antiparallel,710
4,-1848.1012658227849,6.712144845431959,0.7773013511590581,dKO,intron1,antiparallel,710
5,-1797.4683544303798,6.834899523857054,0.8827213330789886,dKO,intron1,antiparallel,710
6,-1746.8354430379748,6.917971067459931,0.9441718237558882,dKO,intron1,antiparallel,710
7,-1696.2025316455697,6.974242454944083,1.0398679096010546,dKO,intron1,antiparallel,710
8,-1645.5696202531644,7.067069499708677,1.1179149236315566,dKO,intron1,antiparallel,710
9,-1594.9367088607596,6.991391270722581,1.1690447675463884,dKO,intron1,antiparallel,710
10,-1544.3037974683543,7.004523762153348,1.1726286425701606,dKO,intron1,antiparallel,710
11,-1493.6708860759495,7.0134580175943775,1.1482764430113668,dKO,intron1,antiparallel,710
12,-1443.0379746835442,7.085160851775201,1.09725253324384,dKO,intron1,antiparallel,710
13,-1392.4050632911392,7.087089784270721,1.0104041947476865,dKO,intron1,antiparallel,710
14,-1341.772151898734,7.133446822301883,0.9730164990027512,dKO,intron1,antiparallel,710
15,-1291.139240506329,7.036090368245129,0.8973722044597809,dKO,intron1,antiparallel,710
16,-1240.506329113924,6.937697964031372,0.8438962791900764,dKO,intron1,antiparallel,710
17,-1189.873417721519,6.863412335638709,0.7867354878160939,dKO,intron1,antiparallel,710
18,-1139.240506329114,6.7846899858047145,0.7241522928084488,dKO,intron1,antiparallel,710
19,-1088.607594936709,6.711876583725074,0.6620292188234491,dKO,intron1,antiparallel,710
20,-1037.9746835443038,6.5744939921641015,0.5948680738167867,dKO,intron1,antiparallel,710
21,-987.3417721518988,6.473540443149531,0.5228711072221106,dKO,intron1,antiparallel,710
22,-936.7088607594936,6.371308704093028,0.4880451235611239,dKO,intron1,antiparallel,710
23,-886.0759493670887,6.270729032083296,0.4833061034241774,dKO,intron1,antiparallel,710
24,-835.4430379746836,6.1500916437957205,0.4771062729262926,dKO,intron1,antiparallel,710
25,-784.8101265822784,6.0881328532304,0.4658731227199063,dKO,intron1,antiparallel,710
26,-734.1772151898733,6.195332084790082,0.5056369700417976,dKO,intron1,antiparallel,710
27,-683.5443037974683,6.373636385094952,0.5541785795569263,dKO,intron1,antiparallel,710
28,-632.9113924050632,6.457820252714023,0.5496081676692475,dKO,intron1,antiparallel,710
29,-582.2784810126582,6.412770591827625,0.5072891544920962,dKO,intron1,antiparallel,710
30,-531.6455696202531,6.4931064053578,0.4975234955260237,dKO,intron1,antiparallel,710
31,-481.0126582278481,6.557830220863853,0.5098227029709854,dKO,intron1,antiparallel,710
32,-430.37974683544303,6.54128412100183,0.5128819691860605,dKO,intron1,antiparallel,710
33,-379.746835443038,6.577253415095415,0.5131544941408593,dKO,intron1,antiparallel,710
34,-329.11392405063293,6.679510169733298,0.5287800055479237,dKO,intron1,antiparallel,710
35,-278.4810126582279,6.798389806291866,0.5556711301139267,dKO,intron1,antiparallel,710
36,-227.84810126582283,6.783152748775034,0.5544518204640777,dKO,intron1,antiparallel,710
37,-177.21518987341778,6.7538305182401,0.5497475390853271,dKO,intron1,antiparallel,710
38,-126.58227848101274,6.741437205507162,0.5538027367071066,dKO,intron1,antiparallel,710
39,-75.94936708860769,6.633121459898255,0.5288591175489843,dKO,intron1,antiparallel,710
40,-25.31645569620264,6.396876923649524,0.47349082821326294,dKO,intron1,antiparallel,710
41,25.31645569620241,6.137284854416556,0.4234284950229738,dKO,intron1,antiparallel,710
42,75.94936708860769,6.049409541179317,0.3921034146260641,dKO,intron1,antiparallel,710
43,126.58227848101252,6.026430566056793,0.3873376081246553,dKO,intron1,antiparallel,710
44,177.21518987341778,5.982704498980526,0.39502212135341336,dKO,intron1,antiparallel,710
45,227.8481012658226,6.141802947557029,0.406224456948423,dKO,intron1,antiparallel,710
46,278.4810126582279,6.19949184361422,0.41609220750612047,dKO,intron1,antiparallel,710
47,329.1139240506327,6.1201127143085285,0.41686380051920513,dKO,intron1,antiparallel,710
48,379.746835443038,6.091500378303125,0.4154251581836159,dKO,intron1,antiparallel,710
49,430.37974683544326,6.029113312036219,0.4237574025045104,dKO,intron1,antiparallel,710
50,481.0126582278481,6.028478716055552,0.4304291720151643,dKO,intron1,antiparallel,710
51,531.6455696202534,6.123835882174577,0.4514351702234965,dKO,intron1,antiparallel,710
52,582.2784810126582,6.199502692700552,0.4631767413771273,dKO,intron1,antiparallel,710
53,632.9113924050635,6.238523664550602,0.4540144038199769,dKO,intron1,antiparallel,710
54,683.5443037974683,6.108420976515667,0.42367701358471255,dKO,intron1,antiparallel,710
55,734.1772151898736,5.864803726802969,0.4044366700694543,dKO,intron1,antiparallel,710
56,784.8101265822784,5.878455044737445,0.4067245828876816,dKO,intron1,antiparallel,710
57,835.4430379746836,5.81781221675537,0.4048495295001308,dKO,intron1,antiparallel,710
58,886.0759493670885,5.648753818055273,0.4014961941787239,dKO,intron1,antiparallel,710
59,936.7088607594936,5.47169029550933,0.3970691869040066,dKO,intron1,antiparallel,710
60,987.3417721518986,5.445777974182452,0.40434636497646254,dKO,intron1,antiparallel,710
61,1037.9746835443038,5.413954403731744,0.40315993984705584,dKO,intron1,antiparallel,710
62,1088.607594936709,5.326215305889156,0.39160954852741503,dKO,intron1,antiparallel,710
63,1139.240506329114,5.243436605972863,0.38124884422945265,dKO,intron1,antiparallel,710
64,1189.8734177215188,5.247950608626218,0.3981340781793326,dKO,intron1,antiparallel,710
65,1240.506329113924,5.299710494867513,0.4127066931420797,dKO,intron1,antiparallel,710
66,1291.139240506329,5.2572218218241495,0.4136599266847764,dKO,intron1,antiparallel,710
67,1341.772151898734,5.189112796550625,0.4153605040549391,dKO,intron1,antiparallel,710
68,1392.4050632911394,5.064966446351558,0.4078654863151238,dKO,intron1,antiparallel,710
69,1443.0379746835442,4.9890725708813735,0.3858750306785557,dKO,intron1,antiparallel,710
70,1493.6708860759495,5.192095185284323,0.408042795880711,dKO,intron1,antiparallel,710
71,1544.3037974683543,5.146656959980307,0.41034656047731066,dKO,intron1,antiparallel,710
72,1594.9367088607596,5.016756395513463,0.3882918612907439,dKO,intron1,antiparallel,710
73,1645.5696202531644,4.900340061359002,0.3730039873123281,dKO,intron1,antiparallel,710
74,1696.2025316455697,4.906550407826061,0.3687684127511347,dKO,intron1,antiparallel,710
75,1746.8354430379743,4.868113761047802,0.3756184278355491,dKO,intron1,antiparallel,710
76,1797.4683544303798,4.8850855095229795,0.43034140235566,dKO,intron1,antiparallel,710
77,1848.1012658227849,4.991252339335115,0.5026523010932599,dKO,intron1,antiparallel,710
78,1898.73417721519,5.116194869003386,0.5345212364243371,dKO,intron1,antiparallel,710
79,1949.3670886075947,5.145570287006002,0.4985750643519464,dKO,intron1,antiparallel,710
80,2000,5.163207951743837,0.4814193355052048,dKO,intron1,antiparallel,710
1,-2000,5.4339024028862495,0.3529694239681177,dKO,intron1,hybrid,1092
2,-1949.367088607595,5.477226354350974,0.34535992676373595,dKO,intron1,hybrid,1092
3,-1898.73417721519,5.582955571854798,0.3477232753752148,dKO,intron1,hybrid,1092
4,-1848.1012658227849,5.759471619166297,0.3622580201137146,dKO,intron1,hybrid,1092
5,-1797.4683544303798,5.899534301850967,0.3761583989003828,dKO,intron1,hybrid,1092
6,-1746.8354430379748,5.974456868951138,0.3794087301927181,dKO,intron1,hybrid,1092
7,-1696.2025316455697,6.05141438830976,0.3932871500161897,dKO,intron1,hybrid,1092
8,-1645.5696202531644,6.098668753774757,0.4181198431216175,dKO,intron1,hybrid,1092
9,-1594.9367088607596,6.137657428751353,0.4398758249538054,dKO,intron1,hybrid,1092
10,-1544.3037974683543,6.13253021209959,0.45497194125993146,dKO,intron1,hybrid,1092
11,-1493.6708860759495,6.107920306374448,0.462421206539955,dKO,intron1,hybrid,1092
12,-1443.0379746835442,6.092948724987015,0.4617429489762644,dKO,intron1,hybrid,1092
13,-1392.4050632911392,6.1670581992518185,0.464244556951708,dKO,intron1,hybrid,1092
14,-1341.772151898734,6.178303689592778,0.4502497356910023,dKO,intron1,hybrid,1092
15,-1291.139240506329,6.2897343672420805,0.4368654607771597,dKO,intron1,hybrid,1092
16,-1240.506329113924,6.288891323184065,0.3990639911959374,dKO,intron1,hybrid,1092
17,-1189.873417721519,6.3353548036674,0.373208857724522,dKO,intron1,hybrid,1092
18,-1139.240506329114,6.484116251615669,0.3856352853082224,dKO,intron1,hybrid,1092
19,-1088.607594936709,6.78417350421895,0.4225166034384992,dKO,intron1,hybrid,1092
20,-1037.9746835443038,7.171581648331276,0.4910748615992717,dKO,intron1,hybrid,1092
21,-987.3417721518988,7.365998239725355,0.5227274539763243,dKO,intron1,hybrid,1092
22,-936.7088607594936,7.489647186756571,0.530735068563269,dKO,intron1,hybrid,1092
23,-886.0759493670887,7.561587124574607,0.5228414959063348,dKO,intron1,hybrid,1092
24,-835.4430379746836,7.626558374937201,0.5007340557808971,dKO,intron1,hybrid,1092
25,-784.8101265822784,7.635125036120997,0.4973262721841551,dKO,intron1,hybrid,1092
26,-734.1772151898733,7.679148572636029,0.5182296991484333,dKO,intron1,hybrid,1092
27,-683.5443037974683,7.82633906806345,0.5303981760205091,dKO,intron1,hybrid,1092
28,-632.9113924050632,7.840737957546853,0.5299290235370164,dKO,intron1,hybrid,1092
29,-582.2784810126582,7.7660709178658784,0.524096431675497,dKO,intron1,hybrid,1092
30,-531.6455696202531,7.602675098170582,0.4803645938593031,dKO,intron1,hybrid,1092
31,-481.0126582278481,7.499065838274938,0.46629633643209256,dKO,intron1,hybrid,1092
32,-430.37974683544303,7.51076534711252,0.4646883082434401,dKO,intron1,hybrid,1092
33,-379.746835443038,7.585438780751857,0.47334558361110496,dKO,intron1,hybrid,1092
34,-329.11392405063293,7.54611568584547,0.47678355665911226,dKO,intron1,hybrid,1092
35,-278.4810126582279,7.577149975528356,0.4907151179234839,dKO,intron1,hybrid,1092
36,-227.84810126582283,7.58861959609211,0.5050917509376733,dKO,intron1,hybrid,1092
37,-177.21518987341778,7.5830819262354945,0.5132414420374117,dKO,intron1,hybrid,1092
38,-126.58227848101274,7.620794883136784,0.5083573789491554,dKO,intron1,hybrid,1092
39,-75.94936708860769,7.6902223424415155,0.4902310981960468,dKO,intron1,hybrid,1092
40,-25.31645569620264,7.735933604329934,0.47360878245421006,dKO,intron1,hybrid,1092
41,25.31645569620241,7.734240022821304,0.4624471846094804,dKO,intron1,hybrid,1092
42,75.94936708860769,7.581082572252905,0.44859251142412904,dKO,intron1,hybrid,1092
43,126.58227848101252,7.537214588667738,0.44342736291546225,dKO,intron1,hybrid,1092
44,177.21518987341778,7.516976770605797,0.4410780995689412,dKO,intron1,hybrid,1092
45,227.8481012658226,7.591642354908007,0.46570465462228766,dKO,intron1,hybrid,1092
46,278.4810126582279,7.634303981445648,0.48101783575598966,dKO,intron1,hybrid,1092
47,329.1139240506327,7.731886175265388,0.49208677943335855,dKO,intron1,hybrid,1092
48,379.746835443038,7.840208855136701,0.5057384041199616,dKO,intron1,hybrid,1092
49,430.37974683544326,7.909385386374989,0.5309197831601087,dKO,intron1,hybrid,1092
50,481.0126582278481,8.007385739804915,0.5658616993489137,dKO,intron1,hybrid,1092
51,531.6455696202534,8.075291486611006,0.5900385252415732,dKO,intron1,hybrid,1092
52,582.2784810126582,8.19889242639399,0.6188963223385096,dKO,intron1,hybrid,1092
53,632.9113924050635,8.323925587635337,0.6522021110289731,dKO,intron1,hybrid,1092
54,683.5443037974683,8.407566268807221,0.6853439406108393,dKO,intron1,hybrid,1092
55,734.1772151898736,8.422725249004161,0.6988386402545859,dKO,intron1,hybrid,1092
56,784.8101265822784,8.468275832651008,0.706193126140501,dKO,intron1,hybrid,1092
57,835.4430379746836,8.462070897890388,0.7054334290246391,dKO,intron1,hybrid,1092
58,886.0759493670885,8.375897953950588,0.6779467587423733,dKO,intron1,hybrid,1092
59,936.7088607594936,8.21694599550795,0.6405885837501988,dKO,intron1,hybrid,1092
60,987.3417721518986,8.026818204877287,0.5847276575555428,dKO,intron1,hybrid,1092
61,1037.9746835443038,7.689259160063496,0.5339893546349435,dKO,intron1,hybrid,1092
62,1088.607594936709,7.350711991278243,0.5002187227765822,dKO,intron1,hybrid,1092
63,1139.240506329114,7.154831096741742,0.5014492327180546,dKO,intron1,hybrid,1092
64,1189.8734177215188,7.084757531498523,0.5254852750631015,dKO,intron1,hybrid,1092
65,1240.506329113924,6.915800950290665,0.5302654861948212,dKO,intron1,hybrid,1092
66,1291.139240506329,6.741965839005506,0.5042854875171408,dKO,intron1,hybrid,1092
67,1341.772151898734,6.577145720856385,0.4752424459136821,dKO,intron1,hybrid,1092
68,1392.4050632911394,6.421870910734193,0.43199365226666425,dKO,intron1,hybrid,1092
69,1443.0379746835442,6.137121487530597,0.38193959013859874,dKO,intron1,hybrid,1092
70,1493.6708860759495,5.958208178909125,0.36771283461634097,dKO,intron1,hybrid,1092
71,1544.3037974683543,5.86501701679713,0.36058158988596184,dKO,intron1,hybrid,1092
72,1594.9367088607596,5.806904613970983,0.34649791259399654,dKO,intron1,hybrid,1092
73,1645.5696202531644,5.683997612250594,0.34204133005835424,dKO,intron1,hybrid,1092
74,1696.2025316455697,5.636963617706328,0.3509059145685194,dKO,intron1,hybrid,1092
75,1746.8354430379743,5.554571673632105,0.3482809721925068,dKO,intron1,hybrid,1092
76,1797.4683544303798,5.468114100257992,0.35418886122763604,dKO,intron1,hybrid,1092
77,1848.1012658227849,5.450072496440967,0.3735492485170108,dKO,intron1,hybrid,1092
78,1898.73417721519,5.505812516559612,0.3836886407290452,dKO,intron1,hybrid,1092
79,1949.3670886075947,5.623156672636814,0.3975961892584583,dKO,intron1,hybrid,1092
80,2000,5.768915058836541,0.411539360387138,dKO,intron1,hybrid,1092
1,-2000,3.0987952601216606,0.07499366275987487,dKO,intron1,none,12787
2,-1949.367088607595,3.081213919424079,0.0751949353593436,dKO,intron1,none,12787
3,-1898.73417721519,3.0599958876639604,0.07577827144309723,dKO,intron1,none,12787
4,-1848.1012658227849,3.015425933784166,0.0743338271765197,dKO,intron1,none,12787
5,-1797.4683544303798,2.956941941668807,0.07074481503848333,dKO,intron1,none,12787
6,-1746.8354430379748,2.914628911090071,0.0675968896342422,dKO,intron1,none,12787
7,-1696.2025316455697,2.884289323537542,0.06682434472333135,dKO,intron1,none,12787
8,-1645.5696202531644,2.8638699136906363,0.06684254020869612,dKO,intron1,none,12787
9,-1594.9367088607596,2.834562568380679,0.06563307919068331,dKO,intron1,none,12787
10,-1544.3037974683543,2.7972681676448645,0.06288879803311512,dKO,intron1,none,12787
11,-1493.6708860759495,2.748217332656772,0.06052034600695635,dKO,intron1,none,12787
12,-1443.0379746835442,2.7082550238618204,0.05722762530745325,dKO,intron1,none,12787
13,-1392.4050632911392,2.685213099688375,0.05468912004215191,dKO,intron1,none,12787
14,-1341.772151898734,2.658502244125422,0.05359419073661341,dKO,intron1,none,12787
15,-1291.139240506329,2.6293930139717014,0.05344609652360883,dKO,intron1,none,12787
16,-1240.506329113924,2.5850765668686435,0.05303609839794408,dKO,intron1,none,12787
17,-1189.873417721519,2.5163044905894068,0.05096508411290747,dKO,intron1,none,12787
18,-1139.240506329114,2.467232443712006,0.04896404976085076,dKO,intron1,none,12787
19,-1088.607594936709,2.437825330370703,0.0481009890362589,dKO,intron1,none,12787
20,-1037.9746835443038,2.395102590501836,0.04691441474654725,dKO,intron1,none,12787
21,-987.3417721518988,2.3548242824149868,0.0459795497032535,dKO,intron1,none,12787
22,-936.7088607594936,2.297574147334141,0.04351246717004191,dKO,intron1,none,12787
23,-886.0759493670887,2.241125210730083,0.04024983720956214,dKO,intron1,none,12787
24,-835.4430379746836,2.1842321928918516,0.03699953131433682,dKO,intron1,none,12787
25,-784.8101265822784,2.141480324268341,0.03337598847586312,dKO,intron1,none,12787
26,-734.1772151898733,2.1103505010101595,0.03122843371109258,dKO,intron1,none,12787
27,-683.5443037974683,2.0683508616470054,0.0286314119837226,dKO,intron1,none,12787
28,-632.9113924050632,2.036509674216448,0.02639619469368204,dKO,intron1,none,12787
29,-582.2784810126582,2.0151998625477052,0.02627644043782494,dKO,intron1,none,12787
30,-531.6455696202531,1.999120777547974,0.02549195224214509,dKO,intron1,none,12787
31,-481.0126582278481,1.9787567948859373,0.02364678132263266,dKO,intron1,none,12787
32,-430.37974683544303,1.9505058935103263,0.02200824037104877,dKO,intron1,none,12787
33,-379.746835443038,1.935239938317953,0.02076776683131926,dKO,intron1,none,12787
34,-329.11392405063293,1.9157572731499473,0.020104320509023572,dKO,intron1,none,12787
35,-278.4810126582279,1.8978118097917505,0.01959837845287464,dKO,intron1,none,12787
36,-227.84810126582283,1.8773573594645756,0.01902523767387597,dKO,intron1,none,12787
37,-177.21518987341778,1.8454238181700864,0.01836163644189042,dKO,intron1,none,12787
38,-126.58227848101274,1.8269852598179577,0.01783979106044176,dKO,intron1,none,12787
39,-75.94936708860769,1.815722396762244,0.01764777913894189,dKO,intron1,none,12787
40,-25.31645569620264,1.8188816819342344,0.01765871300165806,dKO,intron1,none,12787
41,25.31645569620241,1.8263256336952003,0.01781148704685179,dKO,intron1,none,12787
42,75.94936708860769,1.825680341002344,0.01783728973708077,dKO,intron1,none,12787
43,126.58227848101252,1.8226486982346253,0.01780825088531924,dKO,intron1,none,12787
44,177.21518987341778,1.8258522664268,0.01799862967714827,dKO,intron1,none,12787
45,227.8481012658226,1.835631804910571,0.01817586937358026,dKO,intron1,none,12787
46,278.4810126582279,1.8608225597226664,0.01865928137112397,dKO,intron1,none,12787
47,329.1139240506327,1.88802077280998,0.01923198975410662,dKO,intron1,none,12787
48,379.746835443038,1.9163625256708452,0.01981832140309057,dKO,intron1,none,12787
49,430.37974683544326,1.9436274511178595,0.02062913206432958,dKO,intron1,none,12787
50,481.0126582278481,1.9794816609274408,0.02186927458215147,dKO,intron1,none,12787
51,531.6455696202534,2.0076612005269987,0.02325250145859218,dKO,intron1,none,12787
52,582.2784810126582,2.025545066465029,0.02448952694370679,dKO,intron1,none,12787
53,632.9113924050635,2.054988372367099,0.02647769471955524,dKO,intron1,none,12787
54,683.5443037974683,2.0944687598226563,0.0289318876638419,dKO,intron1,none,12787
55,734.1772151898736,2.1244039791520417,0.03096131644497843,dKO,intron1,none,12787
56,784.8101265822784,2.1648173167375857,0.03264620264158413,dKO,intron1,none,12787
57,835.4430379746836,2.1919271548429116,0.03425776491298286,dKO,intron1,none,12787
58,886.0759493670885,2.22942763056562,0.03621180328746488,dKO,intron1,none,12787
59,936.7088607594936,2.276146411715757,0.03885330026591433,dKO,intron1,none,12787
60,987.3417721518986,2.3280834372459926,0.04152323392626696,dKO,intron1,none,12787
61,1037.9746835443038,2.3830666781576544,0.0447222395448003,dKO,intron1,none,12787
62,1088.607594936709,2.416138856252333,0.04658128722525923,dKO,intron1,none,12787
63,1139.240506329114,2.4490292887018987,0.04806932122328643,dKO,intron1,none,12787
64,1189.8734177215188,2.493273750501863,0.05011105705508142,dKO,intron1,none,12787
65,1240.506329113924,2.524381456752601,0.05160333232191513,dKO,intron1,none,12787
66,1291.139240506329,2.5755930059609717,0.05402821630676523,dKO,intron1,none,12787
67,1341.772151898734,2.6236248852464312,0.05480556808928413,dKO,intron1,none,12787
68,1392.4050632911394,2.655416793309398,0.05572695108742931,dKO,intron1,none,12787
69,1443.0379746835442,2.686487651425763,0.05731421677911547,dKO,intron1,none,12787
70,1493.6708860759495,2.7047663451253094,0.05882632259578106,dKO,intron1,none,12787
71,1544.3037974683543,2.721288577807607,0.06034204516642841,dKO,intron1,none,12787
72,1594.9367088607596,2.758596502192744,0.06543311157612626,dKO,intron1,none,12787
73,1645.5696202531644,2.799954522515306,0.07096792894737157,dKO,intron1,none,12787
74,1696.2025316455697,2.8451664571227204,0.07496274710411918,dKO,intron1,none,12787
75,1746.8354430379743,2.8752377064152688,0.0771364911479007,dKO,intron1,none,12787
76,1797.4683544303798,2.9090138088668165,0.07904774020653467,dKO,intron1,none,12787
77,1848.1012658227849,2.9240752028255077,0.07863654633041797,dKO,intron1,none,12787
78,1898.73417721519,2.9494681738049504,0.07494252537081664,dKO,intron1,none,12787
79,1949.3670886075947,2.976467272451546,0.07125134462515019,dKO,intron1,none,12787
80,2000,3.0039277704188327,0.06980888505672679,dKO,intron1,none,12787
1,-2000,5.965916406718393,0.08886745184086406,dKO,enhancer,parallel,16000
2,-1949.367088607595,6.008197514783144,0.08838382603431767,dKO,enhancer,parallel,16000
3,-1898.73417721519,6.055257552760988,0.08905170834452741,dKO,enhancer,parallel,16000
4,-1848.1012658227849,6.144329180210282,0.0921543344066994,dKO,enhancer,parallel,16000
5,-1797.4683544303798,6.268133254237771,0.09635670497050453,dKO,enhancer,parallel,16000
6,-1746.8354430379748,6.366407771671663,0.09918345338062254,dKO,enhancer,parallel,16000
7,-1696.2025316455697,6.456064315389543,0.09971533930651716,dKO,enhancer,parallel,16000
8,-1645.5696202531644,6.586060689837932,0.10162525383922016,dKO,enhancer,parallel,16000
9,-1594.9367088607596,6.70428587120836,0.10537372668995086,dKO,enhancer,parallel,16000
10,-1544.3037974683543,6.817170777471264,0.1090844116808215,dKO,enhancer,parallel,16000
11,-1493.6708860759495,6.9467482243592045,0.11141046497381736,dKO,enhancer,parallel,16000
12,-1443.0379746835442,7.10237357739523,0.11399424686465708,dKO,enhancer,parallel,16000
13,-1392.4050632911392,7.266476224451959,0.11713270894554106,dKO,enhancer,parallel,16000
14,-1341.772151898734,7.438955287639449,0.11969975428970238,dKO,enhancer,parallel,16000
15,-1291.139240506329,7.604068069482198,0.12007138856693568,dKO,enhancer,parallel,16000
16,-1240.506329113924,7.765494940668394,0.11898176176110836,dKO,enhancer,parallel,16000
17,-1189.873417721519,7.985166452693145,0.12252465700718648,dKO,enhancer,parallel,16000
18,-1139.240506329114,8.235640992408692,0.12830323870821825,dKO,enhancer,parallel,16000
19,-1088.607594936709,8.515791266601036,0.13468354569616553,dKO,enhancer,parallel,16000
20,-1037.9746835443038,8.807117365237225,0.13923263142807024,dKO,enhancer,parallel,16000
21,-987.3417721518988,9.126081710309386,0.14291577792591514,dKO,enhancer,parallel,16000
22,-936.7088607594936,9.430458892800909,0.14569971834429493,dKO,enhancer,parallel,16000
23,-886.0759493670887,9.762785591048052,0.148507644836254,dKO,enhancer,parallel,16000
24,-835.4430379746836,10.130446892525056,0.15193384645383343,dKO,enhancer,parallel,16000
25,-784.8101265822784,10.505600070977012,0.1534964253549167,dKO,enhancer,parallel,16000
26,-734.1772151898733,10.859147536451816,0.15315215738670934,dKO,enhancer,parallel,16000
27,-683.5443037974683,11.2543892768009,0.15229711049125952,dKO,enhancer,parallel,16000
28,-632.9113924050632,11.679358281137048,0.15102501230390464,dKO,enhancer,parallel,16000
29,-582.2784810126582,12.143417905923824,0.15054001105129494,dKO,enhancer,parallel,16000
30,-531.6455696202531,12.594733479741564,0.15102591824409536,dKO,enhancer,parallel,16000
31,-481.0126582278481,13.044065937718054,0.15304407784419757,dKO,enhancer,parallel,16000
32,-430.37974683544303,13.508652318442612,0.1557625420749222,dKO,enhancer,parallel,16000
33,-379.746835443038,13.973982101768604,0.1583390625440854,dKO,enhancer,parallel,16000
34,-329.11392405063293,14.418672500243485,0.1598849906073391,dKO,enhancer,parallel,16000
35,-278.4810126582279,14.830490408308757,0.16032085878516572,dKO,enhancer,parallel,16000
36,-227.84810126582283,15.19017657563607,0.16034486434530476,dKO,enhancer,parallel,16000
37,-177.21518987341778,15.533015226279248,0.16174490758550714,dKO,enhancer,parallel,16000
38,-126.58227848101274,15.8944420313629,0.1647582965604561,dKO,enhancer,parallel,16000
39,-75.94936708860769,16.20124650712694,0.16704090775914815,dKO,enhancer,parallel,16000
40,-25.31645569620264,16.427443437942216,0.1698083627361459,dKO,enhancer,parallel,16000
41,25.31645569620241,16.450825359505068,0.1712976795787066,dKO,enhancer,parallel,16000
42,75.94936708860769,16.284000881303598,0.17037711108190448,dKO,enhancer,parallel,16000
43,126.58227848101252,16.01104419877961,0.16776598923199212,dKO,enhancer,parallel,16000
44,177.21518987341778,15.713198607733796,0.16557761520095546,dKO,enhancer,parallel,16000
45,227.8481012658226,15.37508320199887,0.16213240382736238,dKO,enhancer,parallel,16000
46,278.4810126582279,15.027396910461436,0.16283054094760144,dKO,enhancer,parallel,16000
47,329.1139240506327,14.68836214259555,0.16410466574929414,dKO,enhancer,parallel,16000
48,379.746835443038,14.373898649488735,0.16564307405790613,dKO,enhancer,parallel,16000
49,430.37974683544326,14.00911482964928,0.167605469109081,dKO,enhancer,parallel,16000
50,481.0126582278481,13.611954833031495,0.16957227310425715,dKO,enhancer,parallel,16000
51,531.6455696202534,13.204818168685636,0.17219791022677916,dKO,enhancer,parallel,16000
52,582.2784810126582,12.74138973944197,0.17289933268154983,dKO,enhancer,parallel,16000
53,632.9113924050635,12.26672986225774,0.17130995733977306,dKO,enhancer,parallel,16000
54,683.5443037974683,11.78293770315374,0.16991570428959096,dKO,enhancer,parallel,16000
55,734.1772151898736,11.29998688661466,0.16699145810285612,dKO,enhancer,parallel,16000
56,784.8101265822784,10.835935462520473,0.16245220764376173,dKO,enhancer,parallel,16000
57,835.4430379746836,10.39231225322778,0.1576934536450471,dKO,enhancer,parallel,16000
58,886.0759493670885,9.93763293260316,0.1510109285219884,dKO,enhancer,parallel,16000
59,936.7088607594936,9.55505351846685,0.14612647914186405,dKO,enhancer,parallel,16000
60,987.3417721518986,9.225038841250589,0.14369110323009668,dKO,enhancer,parallel,16000
61,1037.9746835443038,8.925354072086215,0.14057167188476155,dKO,enhancer,parallel,16000
62,1088.607594936709,8.639615013442338,0.1366033142560532,dKO,enhancer,parallel,16000
63,1139.240506329114,8.397715371852716,0.13222689712657726,dKO,enhancer,parallel,16000
64,1189.8734177215188,8.152561181999545,0.12678411003938497,dKO,enhancer,parallel,16000
65,1240.506329113924,7.897321716785182,0.12056158944695604,dKO,enhancer,parallel,16000
66,1291.139240506329,7.676174844002227,0.11554385060379652,dKO,enhancer,parallel,16000
67,1341.772151898734,7.497301861443272,0.11221780725831272,dKO,enhancer,parallel,16000
68,1392.4050632911394,7.343116748185058,0.11014605790752108,dKO,enhancer,parallel,16000
69,1443.0379746835442,7.217251543087314,0.1086764053578599,dKO,enhancer,parallel,16000
70,1493.6708860759495,7.087276881599923,0.1077314967939272,dKO,enhancer,parallel,16000
71,1544.3037974683543,6.967112882981897,0.11012614188396626,dKO,enhancer,parallel,16000
72,1594.9367088607596,6.840830509252399,0.10869833049617372,dKO,enhancer,parallel,16000
73,1645.5696202531644,6.714926766624352,0.10460494922124712,dKO,enhancer,parallel,16000
74,1696.2025316455697,6.6280246068345505,0.10463851401129108,dKO,enhancer,parallel,16000
75,1746.8354430379743,6.5235061073581875,0.10483209332100547,dKO,enhancer,parallel,16000
76,1797.4683544303798,6.449190811292628,0.10625479047843822,dKO,enhancer,parallel,16000
77,1848.1012658227849,6.381165363957634,0.10526332803839993,dKO,enhancer,parallel,16000
78,1898.73417721519,6.287798575586428,0.10215675268224726,dKO,enhancer,parallel,16000
79,1949.3670886075947,6.185624159194529,0.098149372687012,dKO,enhancer,parallel,16000
80,2000,6.079454432563781,0.09417508352257165,dKO,enhancer,parallel,16000
1,-2000,4.9527064302559065,0.2153973863488964,dKO,enhancer,antiparallel,1728
2,-1949.367088607595,4.905677669588246,0.19919561499381463,dKO,enhancer,antiparallel,1728
3,-1898.73417721519,4.860421261419485,0.18954099123184545,dKO,enhancer,antiparallel,1728
4,-1848.1012658227849,4.87925833016634,0.18652959817158887,dKO,enhancer,antiparallel,1728
5,-1797.4683544303798,4.898359473266259,0.1877192210607991,dKO,enhancer,antiparallel,1728
6,-1746.8354430379748,4.963737235584377,0.19555519899773355,dKO,enhancer,antiparallel,1728
7,-1696.2025316455697,5.0211795999077555,0.2001947924283704,dKO,enhancer,antiparallel,1728
8,-1645.5696202531644,5.136370073333842,0.20500538296776671,dKO,enhancer,antiparallel,1728
9,-1594.9367088607596,5.224037120810445,0.21103762851985272,dKO,enhancer,antiparallel,1728
10,-1544.3037974683543,5.312380761436566,0.21769402899981152,dKO,enhancer,antiparallel,1728
11,-1493.6708860759495,5.422834420172888,0.22409785686833764,dKO,enhancer,antiparallel,1728
12,-1443.0379746835442,5.5650074509844,0.23384415504885936,dKO,enhancer,antiparallel,1728
13,-1392.4050632911392,5.775590541430829,0.25395293567996957,dKO,enhancer,antiparallel,1728
14,-1341.772151898734,5.981387973830656,0.27428357771331413,dKO,enhancer,antiparallel,1728
15,-1291.139240506329,6.161639441923227,0.29305306172307355,dKO,enhancer,antiparallel,1728
16,-1240.506329113924,6.33072627497584,0.2984640324321667,dKO,enhancer,antiparallel,1728
17,-1189.873417721519,6.58112511218422,0.312554058428567,dKO,enhancer,antiparallel,1728
18,-1139.240506329114,6.971066034654225,0.3481248858932667,dKO,enhancer,antiparallel,1728
19,-1088.607594936709,7.304388644356786,0.3811861368194312,dKO,enhancer,antiparallel,1728
20,-1037.9746835443038,7.6002151927692285,0.40570765132662073,dKO,enhancer,antiparallel,1728
21,-987.3417721518988,7.8146078810463715,0.4140912754056122,dKO,enhancer,antiparallel,1728
22,-936.7088607594936,8.042925168601451,0.4218384198185045,dKO,enhancer,antiparallel,1728
23,-886.0759493670887,8.446357162903857,0.44390214691913454,dKO,enhancer,antiparallel,1728
24,-835.4430379746836,8.834758394151741,0.45348231336861017,dKO,enhancer,antiparallel,1728
25,-784.8101265822784,9.248512250856486,0.4474168371737796,dKO,enhancer,antiparallel,1728
26,-734.1772151898733,9.636468508844208,0.4360090648762416,dKO,enhancer,antiparallel,1728
27,-683.5443037974683,10.130063950422644,0.4328777290119468,dKO,enhancer,antiparallel,1728
28,-632.9113924050632,10.576341228218816,0.4259386855033101,dKO,enhancer,antiparallel,1728
29,-582.2784810126582,10.967662473929884,0.4223325356709799,dKO,enhancer,antiparallel,1728
30,-531.6455696202531,11.432471807662996,0.4304832798811425,dKO,enhancer,antiparallel,1728
31,-481.0126582278481,12.00100937253531,0.4498265965285407,dKO,enhancer,antiparallel,1728
32,-430.37974683544303,12.467989244015405,0.4510585612675261,dKO,enhancer,antiparallel,1728
33,-379.746835443038,12.94041932054646,0.443583029749231,dKO,enhancer,antiparallel,1728
34,-329.11392405063293,13.42103367921011,0.4431908517454171,dKO,enhancer,antiparallel,1728
35,-278.4810126582279,13.671935867059654,0.4319182325056362,dKO,enhancer,antiparallel,1728
36,-227.84810126582283,13.793181104041452,0.4173324728827516,dKO,enhancer,antiparallel,1728
37,-177.21518987341778,14.059917410793313,0.4087367953393012,dKO,enhancer,antiparallel,1728
38,-126.58227848101274,14.477706990494957,0.4148437750319946,dKO,enhancer,antiparallel,1728
39,-75.94936708860769,14.775141840940456,0.41948995142554574,dKO,enhancer,antiparallel,1728
40,-25.31645569620264,14.941730283908546,0.4240185197446,dKO,enhancer,antiparallel,1728
41,25.31645569620241,14.968340603015212,0.4341818209916746,dKO,enhancer,antiparallel,1728
42,75.94936708860769,14.839836874246414,0.44121921730916247,dKO,enhancer,antiparallel,1728
43,126.58227848101252,14.55544161386466,0.44233655681087863,dKO,enhancer,antiparallel,1728
44,177.21518987341778,14.2721381958942,0.4454492414796836,dKO,enhancer,antiparallel,1728
45,227.8481012658226,13.943148512756569,0.44168646606992,dKO,enhancer,antiparallel,1728
46,278.4810126582279,13.51486153880479,0.42644353945083463,dKO,enhancer,antiparallel,1728
47,329.1139240506327,13.154690237838176,0.42285460826192334,dKO,enhancer,antiparallel,1728
48,379.746835443038,12.780136101118025,0.4358361723986515,dKO,enhancer,antiparallel,1728
49,430.37974683544326,12.388759034028576,0.46956888710055417,dKO,enhancer,antiparallel,1728
50,481.0126582278481,12.006830853464336,0.5030638586247402,dKO,enhancer,antiparallel,1728
51,531.6455696202534,11.670316722135944,0.5397855338342,dKO,enhancer,antiparallel,1728
52,582.2784810126582,11.308520270421363,0.5614350460592508,dKO,enhancer,antiparallel,1728
53,632.9113924050635,10.892558168481438,0.5675959416343108,dKO,enhancer,antiparallel,1728
54,683.5443037974683,10.411991648860276,0.5550935791951879,dKO,enhancer,antiparallel,1728
55,734.1772151898736,9.880087477244713,0.5383734692276692,dKO,enhancer,antiparallel,1728
56,784.8101265822784,9.439547682282182,0.5178688376789556,dKO,enhancer,antiparallel,1728
57,835.4430379746836,9.021529182180949,0.4859109213716464,dKO,enhancer,antiparallel,1728
58,886.0759493670885,8.61058117572632,0.46558586043776384,dKO,enhancer,antiparallel,1728
59,936.7088607594936,8.19755532949841,0.4386079681827565,dKO,enhancer,antiparallel,1728
60,987.3417721518986,7.926160976818222,0.41321743511041226,dKO,enhancer,antiparallel,1728
61,1037.9746835443038,7.503387384047203,0.3659044478854396,dKO,enhancer,antiparallel,1728
62,1088.607594936709,7.157804524847479,0.340743924299675,dKO,enhancer,antiparallel,1728
63,1139.240506329114,6.8622208093217125,0.31379638224091555,dKO,enhancer,antiparallel,1728
64,1189.8734177215188,6.616905199858693,0.3039553882045873,dKO,enhancer,antiparallel,1728
65,1240.506329113924,6.374384978779212,0.2916260780513136,dKO,enhancer,antiparallel,1728
66,1291.139240506329,6.0891535794739555,0.27258954427017723,dKO,enhancer,antiparallel,1728
67,1341.772151898734,5.92112132538018,0.25934204746265754,dKO,enhancer,antiparallel,1728
68,1392.4050632911394,5.778524332140331,0.23876734822493156,dKO,enhancer,antiparallel,1728
69,1443.0379746835442,5.674706710752238,0.22731883797269495,dKO,enhancer,antiparallel,1728
70,1493.6708860759495,5.553535397856692,0.21796895691500073,dKO,enhancer,antiparallel,1728
71,1544.3037974683543,5.390707039426046,0.21130409910052464,dKO,enhancer,antiparallel,1728
72,1594.9367088607596,5.2521103380611285,0.20635222529991332,dKO,enhancer,antiparallel,1728
73,1645.5696202531644,5.074516427941896,0.1982495175849636,dKO,enhancer,antiparallel,1728
74,1696.2025316455697,5.042168173607393,0.1965414777500825,dKO,enhancer,antiparallel,1728
75,1746.8354430379743,5.01540093863084,0.1959665110608409,dKO,enhancer,antiparallel,1728
76,1797.4683544303798,4.950457674526138,0.19138975765667865,dKO,enhancer,antiparallel,1728
77,1848.1012658227849,4.955803190576901,0.1961767699116869,dKO,enhancer,antiparallel,1728
78,1898.73417721519,5.007527063637512,0.21517880493882952,dKO,enhancer,antiparallel,1728
79,1949.3670886075947,5.032938173252767,0.23782455625529417,dKO,enhancer,antiparallel,1728
80,2000,5.075585857050746,0.25044986545526843,dKO,enhancer,antiparallel,1728
1,-2000,6.1435418596837215,0.2215797677589283,dKO,enhancer,hybrid,2883
2,-1949.367088607595,6.167838569206507,0.21963018458299405,dKO,enhancer,hybrid,2883
3,-1898.73417721519,6.217418929455748,0.2186646213343924,dKO,enhancer,hybrid,2883
4,-1848.1012658227849,6.331089507704016,0.22672829880206108,dKO,enhancer,hybrid,2883
5,-1797.4683544303798,6.491346299536091,0.24425223091440745,dKO,enhancer,hybrid,2883
6,-1746.8354430379748,6.645026288861442,0.26492223429174705,dKO,enhancer,hybrid,2883
7,-1696.2025316455697,6.775458267048227,0.2775998275167372,dKO,enhancer,hybrid,2883
8,-1645.5696202531644,6.869088737957463,0.27835495995895293,dKO,enhancer,hybrid,2883
9,-1594.9367088607596,6.975943631359243,0.27597191941883775,dKO,enhancer,hybrid,2883
10,-1544.3037974683543,7.087125725421427,0.27365665698972885,dKO,enhancer,hybrid,2883
11,-1493.6708860759495,7.186924751401981,0.2729809792638861,dKO,enhancer,hybrid,2883
12,-1443.0379746835442,7.263327704504441,0.28288496313959016,dKO,enhancer,hybrid,2883
13,-1392.4050632911392,7.417789949190135,0.2920003593711547,dKO,enhancer,hybrid,2883
14,-1341.772151898734,7.616646419491627,0.30819577460033165,dKO,enhancer,hybrid,2883
15,-1291.139240506329,7.838984186403434,0.31491743028361413,dKO,enhancer,hybrid,2883
16,-1240.506329113924,7.999554827710578,0.3148718314025565,dKO,enhancer,hybrid,2883
17,-1189.873417721519,8.107828072887692,0.30415099096909887,dKO,enhancer,hybrid,2883
18,-1139.240506329114,8.28151443196192,0.2914308249426791,dKO,enhancer,hybrid,2883
19,-1088.607594936709,8.549681154479732,0.2923819321833303,dKO,enhancer,hybrid,2883
20,-1037.9746835443038,8.875628883300841,0.3009927520098444,dKO,enhancer,hybrid,2883
21,-987.3417721518988,9.24571735698042,0.32368089012040036,dKO,enhancer,hybrid,2883
22,-936.7088607594936,9.639824139624473,0.34381419938284924,dKO,enhancer,hybrid,2883
23,-886.0759493670887,9.941516699773864,0.35633994102149996,dKO,enhancer,hybrid,2883
24,-835.4430379746836,10.285295019311594,0.3639339689167475,dKO,enhancer,hybrid,2883
25,-784.8101265822784,10.563174438719145,0.3606674695993502,dKO,enhancer,hybrid,2883
26,-734.1772151898733,10.828828472322307,0.3516193966202204,dKO,enhancer,hybrid,2883
27,-683.5443037974683,11.183792811186551,0.35762167693853947,dKO,enhancer,hybrid,2883
28,-632.9113924050632,11.628732973960028,0.3621106488490109,dKO,enhancer,hybrid,2883
29,-582.2784810126582,12.11444984480582,0.3633355914809064,dKO,enhancer,hybrid,2883
30,-531.6455696202531,12.587183733212216,0.3643047840876796,dKO,enhancer,hybrid,2883
31,-481.0126582278481,13.031091084882474,0.3605827612542916,dKO,enhancer,hybrid,2883
32,-430.37974683544303,13.522316977500031,0.3614135848472563,dKO,enhancer,hybrid,2883
33,-379.746835443038,13.896691574225027,0.3615207247135064,dKO,enhancer,hybrid,2883
34,-329.11392405063293,14.203373256496286,0.36163728533829104,dKO,enhancer,hybrid,2883
35,-278.4810126582279,14.44382502466478,0.35910688784869604,dKO,enhancer,hybrid,2883
36,-227.84810126582283,14.731123367411676,0.3558769383720489,dKO,enhancer,hybrid,2883
37,-177.21518987341778,14.865837361180503,0.34749265177533945,dKO,enhancer,hybrid,2883
38,-126.58227848101274,15.016867923830572,0.3405257689598128,dKO,enhancer,hybrid,2883
39,-75.94936708860769,15.258063104265975,0.3390582931246408,dKO,enhancer,hybrid,2883
40,-25.31645569620264,15.308730101060256,0.3333399673543823,dKO,enhancer,hybrid,2883
41,25.31645569620241,15.295732138007208,0.339575201179263,dKO,enhancer,hybrid,2883
42,75.94936708860769,15.238365670974192,0.3467112817967496,dKO,enhancer,hybrid,2883
43,126.58227848101252,15.109912875517074,0.3498128239744985,dKO,enhancer,hybrid,2883
44,177.21518987341778,14.96117765412522,0.3486253995930621,dKO,enhancer,hybrid,2883
45,227.8481012658226,14.907142197772634,0.3540908421440041,dKO,enhancer,hybrid,2883
46,278.4810126582279,14.670058812742798,0.3516426127508246,dKO,enhancer,hybrid,2883
47,329.1139240506327,14.283663460684036,0.34075561884542616,dKO,enhancer,hybrid,2883
48,379.746835443038,13.949862219033896,0.33920647196318077,dKO,enhancer,hybrid,2883
49,430.37974683544326,13.53872230104662,0.3395068528614649,dKO,enhancer,hybrid,2883
50,481.0126582278481,13.160557292179782,0.3471677996482697,dKO,enhancer,hybrid,2883
51,531.6455696202534,12.804404697157436,0.3593365265846654,dKO,enhancer,hybrid,2883
52,582.2784810126582,12.404572290588575,0.36452017526680314,dKO,enhancer,hybrid,2883
53,632.9113924050635,11.971685347263763,0.3657954356753916,dKO,enhancer,hybrid,2883
54,683.5443037974683,11.43482392138588,0.35715578472774073,dKO,enhancer,hybrid,2883
55,734.1772151898736,10.887302737926552,0.3402911934298274,dKO,enhancer,hybrid,2883
56,784.8101265822784,10.35076951407824,0.32435282429819684,dKO,enhancer,hybrid,2883
57,835.4430379746836,9.87442077428044,0.3072941121288684,dKO,enhancer,hybrid,2883
58,886.0759493670885,9.459704879829822,0.2931711873486145,dKO,enhancer,hybrid,2883
59,936.7088607594936,9.157494287558382,0.2928832805244197,dKO,enhancer,hybrid,2883
60,987.3417721518986,8.822568793466896,0.29708527011233604,dKO,enhancer,hybrid,2883
61,1037.9746835443038,8.525231611098784,0.30192746070825915,dKO,enhancer,hybrid,2883
62,1088.607594936709,8.297202653511368,0.30918842723308304,dKO,enhancer,hybrid,2883
63,1139.240506329114,8.08750330327246,0.3127790179056071,dKO,enhancer,hybrid,2883
64,1189.8734177215188,7.906092261776289,0.3150216771009578,dKO,enhancer,hybrid,2883
65,1240.506329113924,7.727827791690771,0.31225859674870987,dKO,enhancer,hybrid,2883
66,1291.139240506329,7.580476610303298,0.31017353819963667,dKO,enhancer,hybrid,2883
67,1341.772151898734,7.454070993185126,0.30289752945686865,dKO,enhancer,hybrid,2883
68,1392.4050632911394,7.314725622438891,0.2939783540523122,dKO,enhancer,hybrid,2883
69,1443.0379746835442,7.188101143593015,0.2841047620829415,dKO,enhancer,hybrid,2883
70,1493.6708860759495,7.019079816778873,0.27457532200868145,dKO,enhancer,hybrid,2883
71,1544.3037974683543,6.90343708212189,0.2734099263392179,dKO,enhancer,hybrid,2883
72,1594.9367088607596,6.814055931398339,0.27310147352944336,dKO,enhancer,hybrid,2883
73,1645.5696202531644,6.6589173615021515,0.266765585349152,dKO,enhancer,hybrid,2883
74,1696.2025316455697,6.578561222910509,0.25726735790577376,dKO,enhancer,hybrid,2883
75,1746.8354430379743,6.462757607122724,0.24857466217165328,dKO,enhancer,hybrid,2883
76,1797.4683544303798,6.380791825156554,0.2429022770239004,dKO,enhancer,hybrid,2883
77,1848.1012658227849,6.259473628018382,0.23072737690841577,dKO,enhancer,hybrid,2883
78,1898.73417721519,6.112108963920775,0.21198245543953967,dKO,enhancer,hybrid,2883
79,1949.3670886075947,5.974465586070119,0.194937852841411,dKO,enhancer,hybrid,2883
80,2000,5.84287026053013,0.18684741350242143,dKO,enhancer,hybrid,2883
1,-2000,3.2895338768332647,0.05896069973359994,dKO,enhancer,none,16000
2,-1949.367088607595,3.287983981453301,0.06012046824867032,dKO,enhancer,none,16000
3,-1898.73417721519,3.2699204755050566,0.05964477532949266,dKO,enhancer,none,16000
4,-1848.1012658227849,3.2530126112874074,0.05890075949881036,dKO,enhancer,none,16000
5,-1797.4683544303798,3.2222369742312984,0.05735353322917563,dKO,enhancer,none,16000
6,-1746.8354430379748,3.194028032645597,0.05478395885208415,dKO,enhancer,none,16000
7,-1696.2025316455697,3.18220970382531,0.05326097373000616,dKO,enhancer,none,16000
8,-1645.5696202531644,3.178498303908418,0.05266009927977416,dKO,enhancer,none,16000
9,-1594.9367088607596,3.1852603637399586,0.05261220207881962,dKO,enhancer,none,16000
10,-1544.3037974683543,3.177415471062702,0.05230955069928639,dKO,enhancer,none,16000
11,-1493.6708860759495,3.167370770451494,0.05267015547068281,dKO,enhancer,none,16000
12,-1443.0379746835442,3.1612591211563665,0.05314960652095416,dKO,enhancer,none,16000
13,-1392.4050632911392,3.1519905814128952,0.05350809108261756,dKO,enhancer,none,16000
14,-1341.772151898734,3.143531764148461,0.05376194198067864,dKO,enhancer,none,16000
15,-1291.139240506329,3.1278458392831054,0.05336197110656089,dKO,enhancer,none,16000
16,-1240.506329113924,3.0980978088973004,0.05258233880077886,dKO,enhancer,none,16000
17,-1189.873417721519,3.0595136574249344,0.05179664644241033,dKO,enhancer,none,16000
18,-1139.240506329114,3.018680107231085,0.05133068252994067,dKO,enhancer,none,16000
19,-1088.607594936709,2.9831902095922285,0.05098557766965155,dKO,enhancer,none,16000
20,-1037.9746835443038,2.94967991576301,0.04992273903812726,dKO,enhancer,none,16000
21,-987.3417721518988,2.9120448746665906,0.04867606816778117,dKO,enhancer,none,16000
22,-936.7088607594936,2.867799076970134,0.04697093577315738,dKO,enhancer,none,16000
23,-886.0759493670887,2.829798668883515,0.04487065654042029,dKO,enhancer,none,16000
24,-835.4430379746836,2.773602340935075,0.04199372430595255,dKO,enhancer,none,16000
25,-784.8101265822784,2.7125658506526387,0.03837480355258303,dKO,enhancer,none,16000
26,-734.1772151898733,2.653639519977502,0.03539469104609489,dKO,enhancer,none,16000
27,-683.5443037974683,2.5795074615303974,0.03294145715345212,dKO,enhancer,none,16000
28,-632.9113924050632,2.5054392877313982,0.0304744874044005,dKO,enhancer,none,16000
29,-582.2784810126582,2.4345727834538926,0.02801688803914125,dKO,enhancer,none,16000
30,-531.6455696202531,2.3797643360487677,0.02652803680292775,dKO,enhancer,none,16000
31,-481.0126582278481,2.3273518751982247,0.02485706065393894,dKO,enhancer,none,16000
32,-430.37974683544303,2.266605737408661,0.02346824504037461,dKO,enhancer,none,16000
33,-379.746835443038,2.2214044395866868,0.02211441692468325,dKO,enhancer,none,16000
34,-329.11392405063293,2.1861882373322152,0.02097517541820353,dKO,enhancer,none,16000
35,-278.4810126582279,2.1468349411420338,0.01968741664498501,dKO,enhancer,none,16000
36,-227.84810126582283,2.10616152810133,0.01814092004702545,dKO,enhancer,none,16000
37,-177.21518987341778,2.083955247343746,0.01728928787776114,dKO,enhancer,none,16000
38,-126.58227848101274,2.0683706554959884,0.01663096723318106,dKO,enhancer,none,16000
39,-75.94936708860769,2.0588900941181065,0.01638269219491456,dKO,enhancer,none,16000
40,-25.31645569620264,2.059691226594213,0.01638313703538043,dKO,enhancer,none,16000
41,25.31645569620241,2.0647424484685346,0.01648170196057846,dKO,enhancer,none,16000
42,75.94936708860769,2.068933140438498,0.01653099820040395,dKO,enhancer,none,16000
43,126.58227848101252,2.0855063937514133,0.01688254156814052,dKO,enhancer,none,16000
44,177.21518987341778,2.0953069543687417,0.01744208416734724,dKO,enhancer,none,16000
45,227.8481012658226,2.1224884347036186,0.01825904198355795,dKO,enhancer,none,16000
46,278.4810126582279,2.147836068752318,0.01916615649539323,dKO,enhancer,none,16000
47,329.1139240506327,2.1955136749805693,0.02079218728166699,dKO,enhancer,none,16000
48,379.746835443038,2.2536056777704,0.02250492274023376,dKO,enhancer,none,16000
49,430.37974683544326,2.314268562150484,0.02400000971053628,dKO,enhancer,none,16000
50,481.0126582278481,2.3865715954342654,0.02591595510035354,dKO,enhancer,none,16000
51,531.6455696202534,2.4645571756741123,0.02845092538586498,dKO,enhancer,none,16000
52,582.2784810126582,2.5276753372869036,0.03089530811290998,dKO,enhancer,none,16000
53,632.9113924050635,2.5932997961478974,0.03364351954454109,dKO,enhancer,none,16000
54,683.5443037974683,2.6655069636570503,0.03610908528341079,dKO,enhancer,none,16000
55,734.1772151898736,2.727203459588751,0.03814387180133741,dKO,enhancer,none,16000
56,784.8101265822784,2.7918335138808903,0.04140302716075486,dKO,enhancer,none,16000
57,835.4430379746836,2.846221589482559,0.04520466972196355,dKO,enhancer,none,16000
58,886.0759493670885,2.9024396144637814,0.04935270931221282,dKO,enhancer,none,16000
59,936.7088607594936,2.952923362327855,0.05261662190247535,dKO,enhancer,none,16000
60,987.3417721518986,2.980325173217027,0.05427006427032264,dKO,enhancer,none,16000
61,1037.9746835443038,2.9902266982647223,0.05382827522821092,dKO,enhancer,none,16000
62,1088.607594936709,3.006638880364282,0.05228327389275102,dKO,enhancer,none,16000
63,1139.240506329114,3.0272182405105545,0.05099091910062528,dKO,enhancer,none,16000
64,1189.8734177215188,3.0621983520201352,0.05087871863626414,dKO,enhancer,none,16000
65,1240.506329113924,3.089768794512278,0.05158348923544242,dKO,enhancer,none,16000
66,1291.139240506329,3.111680705356093,0.05170602964548197,dKO,enhancer,none,16000
67,1341.772151898734,3.1384947772140666,0.05336248027026524,dKO,enhancer,none,16000
68,1392.4050632911394,3.1734738490454433,0.05648578487677407,dKO,enhancer,none,16000
69,1443.0379746835442,3.218514594475612,0.05860215307417471,dKO,enhancer,none,16000
70,1493.6708860759495,3.243766487184222,0.05950423894599335,dKO,enhancer,none,16000
71,1544.3037974683543,3.270510992084572,0.06018823016276051,dKO,enhancer,none,16000
72,1594.9367088607596,3.301921886312401,0.06172826033071677,dKO,enhancer,none,16000
73,1645.5696202531644,3.322361951547445,0.06256118727673725,dKO,enhancer,none,16000
74,1696.2025316455697,3.3186558320835258,0.06167043616256326,dKO,enhancer,none,16000
75,1746.8354430379743,3.314072751312068,0.05924641910874916,dKO,enhancer,none,16000
76,1797.4683544303798,3.30357542842329,0.05790138021169865,dKO,enhancer,none,16000
77,1848.1012658227849,3.2976827485532096,0.05785914726557661,dKO,enhancer,none,16000
78,1898.73417721519,3.294470673371884,0.06024505876376621,dKO,enhancer,none,16000
79,1949.3670886075947,3.2830130751821835,0.0617728847867221,dKO,enhancer,none,16000
80,2000,3.280125918553217,0.06166710075828421,dKO,enhancer,none,16000
1,-2000,3.862064004244488,0.18813719772501827,WT,5UTR,parallel,2402
2,-1949.367088607595,3.8474741558286834,0.17838352745947544,WT,5UTR,parallel,2402
3,-1898.73417721519,3.834505025123246,0.17099893056454066,WT,5UTR,parallel,2402
4,-1848.1012658227849,3.86477971053408,0.16773604735505146,WT,5UTR,parallel,2402
5,-1797.4683544303798,3.870634724282239,0.16828786370675547,WT,5UTR,parallel,2402
6,-1746.8354430379748,3.94846351452513,0.1810509624752492,WT,5UTR,parallel,2402
7,-1696.2025316455697,4.00569588389623,0.19375686819816818,WT,5UTR,parallel,2402
8,-1645.5696202531644,4.130834878687723,0.20084127109061153,WT,5UTR,parallel,2402
9,-1594.9367088607596,4.211222758561811,0.20564283430978766,WT,5UTR,parallel,2402
10,-1544.3037974683543,4.3097703591575565,0.21478827513933563,WT,5UTR,parallel,2402
11,-1493.6708860759495,4.393088203549153,0.22896031367089217,WT,5UTR,parallel,2402
12,-1443.0379746835442,4.509945720303829,0.24889181322100468,WT,5UTR,parallel,2402
13,-1392.4050632911392,4.641666913088447,0.26822816467007077,WT,5UTR,parallel,2402
14,-1341.7721518987341,4.7644782772221035,0.27659491631290406,WT,5UTR,parallel,2402
15,-1291.139240506329,4.855284227472261,0.2751292045498153,WT,5UTR,parallel,2402
16,-1240.506329113924,4.916115728608112,0.26244500930336606,WT,5UTR,parallel,2402
17,-1189.873417721519,5.0195752312096165,0.2536699832580604,WT,5UTR,parallel,2402
18,-1139.240506329114,5.122616800197521,0.24872403253129102,WT,5UTR,parallel,2402
19,-1088.607594936709,5.28079245288472,0.25026444135265824,WT,5UTR,parallel,2402
20,-1037.9746835443038,5.422875739173892,0.2510226181747858,WT,5UTR,parallel,2402
21,-987.3417721518988,5.621412648129324,0.2590914659423193,WT,5UTR,parallel,2402
22,-936.7088607594937,5.862247606419935,0.2689803466417719,WT,5UTR,parallel,2402
23,-886.0759493670887,6.204322776836453,0.2820088935235863,WT,5UTR,parallel,2402
24,-835.4430379746836,6.580939260223922,0.29084712530556944,WT,5UTR,parallel,2402
25,-784.8101265822784,7.005849541780388,0.3022248894258512,WT,5UTR,parallel,2402
26,-734.1772151898733,7.41554992854314,0.3083000179853252,WT,5UTR,parallel,2402
27,-683.5443037974683,7.829855923592102,0.3096893892608621,WT,5UTR,parallel,2402
28,-632.9113924050632,8.360413943278667,0.3237324023856163,WT,5UTR,parallel,2402
29,-582.2784810126582,8.948968753667463,0.3487365056511261,WT,5UTR,parallel,2402
30,-531.6455696202531,9.679611245766633,0.37931789558086904,WT,5UTR,parallel,2402
31,-481.0126582278481,10.547182132431841,0.41452425740868176,WT,5UTR,parallel,2402
32,-430.37974683544303,11.31267677756637,0.4454089715555799,WT,5UTR,parallel,2402
33,-379.746835443038,12.16185598112165,0.4738548726442963,WT,5UTR,parallel,2402
34,-329.11392405063293,13.060580151393419,0.5107999681567734,WT,5UTR,parallel,2402
35,-278.4810126582279,13.994041856870762,0.5457107617569341,WT,5UTR,parallel,2402
36,-227.84810126582283,14.563589165790393,0.5605651151293373,WT,5UTR,parallel,2402
37,-177.21518987341778,15.086450843919227,0.5682073101388848,WT,5UTR,parallel,2402
38,-126.58227848101274,15.38238154683317,0.5563634838592646,WT,5UTR,parallel,2402
39,-75.94936708860769,15.37353516178266,0.5255356008845568,WT,5UTR,parallel,2402
40,-25.316455696202638,14.981534195764839,0.4859339316639408,WT,5UTR,parallel,2402
41,25.31645569620241,14.425324663139534,0.44517668378786246,WT,5UTR,parallel,2402
42,75.94936708860769,13.801937067703244,0.4137393609792904,WT,5UTR,parallel,2402
43,126.58227848101251,13.212302436596017,0.39207647622483627,WT,5UTR,parallel,2402
44,177.21518987341778,12.56485196128376,0.3709345780158438,WT,5UTR,parallel,2402
45,227.8481012658226,11.8291870697882,0.34304011650964195,WT,5UTR,parallel,2402
46,278.4810126582279,11.118401189272252,0.323392705690815,WT,5UTR,parallel,2402
47,329.1139240506327,10.558641948660247,0.3123355800420149,WT,5UTR,parallel,2402
48,379.746835443038,9.97998929109535,0.30491579855111667,WT,5UTR,parallel,2402
49,430.37974683544326,9.376806761677518,0.3005918755446591,WT,5UTR,parallel,2402
50,481.0126582278481,8.866759629891444,0.30214212773771104,WT,5UTR,parallel,2402
51,531.6455696202534,8.521458259474196,0.3055185916411612,WT,5UTR,parallel,2402
52,582.2784810126582,8.216563775554619,0.3127044932687404,WT,5UTR,parallel,2402
53,632.9113924050635,7.805506236993238,0.31348925189811294,WT,5UTR,parallel,2402
54,683.5443037974683,7.447506376273626,0.31559153949912055,WT,5UTR,parallel,2402
55,734.1772151898736,7.117278770432021,0.31565226915652894,WT,5UTR,parallel,2402
56,784.8101265822784,6.798989290598198,0.3091774271066774,WT,5UTR,parallel,2402
57,835.4430379746836,6.596974569405577,0.30528170671541116,WT,5UTR,parallel,2402
58,886.0759493670885,6.403258320427655,0.3107706523321085,WT,5UTR,parallel,2402
59,936.7088607594937,6.129286520137676,0.3041477455921359,WT,5UTR,parallel,2402
60,987.3417721518986,5.896092360903083,0.2898002048685019,WT,5UTR,parallel,2402
61,1037.9746835443038,5.634915865270621,0.2741400120115988,WT,5UTR,parallel,2402
62,1088.6075949367087,5.373259259097416,0.25552223681329866,WT,5UTR,parallel,2402
63,1139.240506329114,5.1592632444898125,0.23994835274989768,WT,5UTR,parallel,2402
64,1189.8734177215188,4.94880219982162,0.22246386064237833,WT,5UTR,parallel,2402
65,1240.506329113924,4.6835237384047606,0.20110564630234648,WT,5UTR,parallel,2402
66,1291.1392405063293,4.493271338772913,0.19063683905991208,WT,5UTR,parallel,2402
67,1341.7721518987341,4.277259076988568,0.18019916553116824,WT,5UTR,parallel,2402
68,1392.4050632911394,4.138913010096768,0.17270433670548824,WT,5UTR,parallel,2402
69,1443.0379746835442,3.992151586491301,0.16567214014630471,WT,5UTR,parallel,2402
70,1493.6708860759495,3.922693366248046,0.1627932540916306,WT,5UTR,parallel,2402
71,1544.3037974683543,3.8360242720636895,0.16582843390642105,WT,5UTR,parallel,2402
72,1594.9367088607596,3.7192051255163667,0.16217095533579196,WT,5UTR,parallel,2402
73,1645.5696202531644,3.6473837108652427,0.15954108028902164,WT,5UTR,parallel,2402
74,1696.2025316455697,3.6334288394600027,0.16100211178614934,WT,5UTR,parallel,2402
75,1746.8354430379745,3.6498676680350615,0.1617287541812382,WT,5UTR,parallel,2402
76,1797.4683544303798,3.6801508340814397,0.16668984506540035,WT,5UTR,parallel,2402
77,1848.1012658227846,3.6433545439361765,0.17156652511500875,WT,5UTR,parallel,2402
78,1898.73417721519,3.5809830520191426,0.1729889946305885,WT,5UTR,parallel,2402
79,1949.3670886075947,3.5056319643496274,0.16391563086919952,WT,5UTR,parallel,2402
80,2000,3.423498071338149,0.15197776272230465,WT,5UTR,parallel,2402
1,-2000,6.082935097110885,2.077854431098728,WT,5UTR,antiparallel,149
2,-1949.367088607595,5.79716046188235,1.930183338078607,WT,5UTR,antiparallel,149
3,-1898.73417721519,5.1802884883741935,1.5021965227190939,WT,5UTR,antiparallel,149
4,-1848.1012658227849,4.72354930186965,1.207400115382679,WT,5UTR,antiparallel,149
5,-1797.4683544303798,4.16127920092619,0.8361545786716744,WT,5UTR,antiparallel,149
6,-1746.8354430379748,3.8337977173877777,0.6229357565170146,WT,5UTR,antiparallel,149
7,-1696.2025316455697,3.5860970601512814,0.5000105543285531,WT,5UTR,antiparallel,149
8,-1645.5696202531644,3.463256741892838,0.4652470559024443,WT,5UTR,antiparallel,149
9,-1594.9367088607596,3.4080191279684406,0.45631386460815493,WT,5UTR,antiparallel,149
10,-1544.3037974683543,3.4471901031468537,0.44647331679114055,WT,5UTR,antiparallel,149
11,-1493.6708860759495,3.367029242600904,0.40644364589126347,WT,5UTR,antiparallel,149
12,-1443.0379746835442,3.1897934441438456,0.31512082740024266,WT,5UTR,antiparallel,149
13,-1392.4050632911392,3.197349514577213,0.27635346624676255,WT,5UTR,antiparallel,149
14,-1341.7721518987341,3.242872567176819,0.2877347409094795,WT,5UTR,antiparallel,149
15,-1291.139240506329,3.2137005814556576,0.30131312345010125,WT,5UTR,antiparallel,149
16,-1240.506329113924,3.3390602152192885,0.34588292041814567,WT,5UTR,antiparallel,149
17,-1189.873417721519,3.4772537333586606,0.377549436904444,WT,5UTR,antiparallel,149
18,-1139.240506329114,3.6251275783737236,0.41948765554247175,WT,5UTR,antiparallel,149
19,-1088.607594936709,3.903576260381097,0.49716830125026196,WT,5UTR,antiparallel,149
20,-1037.9746835443038,4.230393522633802,0.5848518995775417,WT,5UTR,antiparallel,149
21,-987.3417721518988,4.5959682934449555,0.6978793479439086,WT,5UTR,antiparallel,149
22,-936.7088607594937,4.912344812466794,0.7583784031990968,WT,5UTR,antiparallel,149
23,-886.0759493670887,5.026254583023805,0.7313695363555547,WT,5UTR,antiparallel,149
24,-835.4430379746836,5.220797759361182,0.7297687879945102,WT,5UTR,antiparallel,149
25,-784.8101265822784,5.4537490692181345,0.7270606397291246,WT,5UTR,antiparallel,149
26,-734.1772151898733,5.625426098132293,0.7217163674708719,WT,5UTR,antiparallel,149
27,-683.5443037974683,5.9903897870307,0.7799180265271684,WT,5UTR,antiparallel,149
28,-632.9113924050632,6.621633146673241,0.8587631267369285,WT,5UTR,antiparallel,149
29,-582.2784810126582,6.977260368163687,0.8648200171304236,WT,5UTR,antiparallel,149
30,-531.6455696202531,7.481703864306678,0.9334443184712009,WT,5UTR,antiparallel,149
31,-481.0126582278481,8.217658763673215,1.1449072217862153,WT,5UTR,antiparallel,149
32,-430.37974683544303,9.065207851493119,1.3412179016063113,WT,5UTR,antiparallel,149
33,-379.746835443038,10.012486864352386,1.5905199647926527,WT,5UTR,antiparallel,149
34,-329.11392405063293,10.77825906723671,1.7327843269491194,WT,5UTR,antiparallel,149
35,-278.4810126582279,11.507994794088189,1.8024281310124965,WT,5UTR,antiparallel,149
36,-227.84810126582283,12.75014526940032,1.9174897712625227,WT,5UTR,antiparallel,149
37,-177.21518987341778,13.797939204678972,2.0266781382734234,WT,5UTR,antiparallel,149
38,-126.58227848101274,14.171196074213757,2.0437119876707426,WT,5UTR,antiparallel,149
39,-75.94936708860769,14.195300048197677,1.9642284174616718,WT,5UTR,antiparallel,149
40,-25.316455696202638,14.033725547091807,1.9376482564258677,WT,5UTR,antiparallel,149
41,25.31645569620241,13.724013071934916,1.9101115005612004,WT,5UTR,antiparallel,149
42,75.94936708860769,13.321342421804765,1.873873951496214,WT,5UTR,antiparallel,149
43,126.58227848101251,12.828788302350098,1.7349345009393131,WT,5UTR,antiparallel,149
44,177.21518987341778,12.046452956738355,1.458474575908076,WT,5UTR,antiparallel,149
45,227.8481012658226,10.977042312307379,1.1680333390287092,WT,5UTR,antiparallel,149
46,278.4810126582279,10.177201889852016,1.0314250729659395,WT,5UTR,antiparallel,149
47,329.1139240506327,9.58992682172148,0.944465267361624,WT,5UTR,antiparallel,149
48,379.746835443038,9.267647865202603,0.9490363179640987,WT,5UTR,antiparallel,149
49,430.37974683544326,8.89963523950086,0.9475871813506841,WT,5UTR,antiparallel,149
50,481.0126582278481,8.573395770204147,0.9490024255756199,WT,5UTR,antiparallel,149
51,531.6455696202534,7.993780156557992,0.892555282958753,WT,5UTR,antiparallel,149
52,582.2784810126582,7.579281454203646,0.8513981011265869,WT,5UTR,antiparallel,149
53,632.9113924050635,7.230936715826892,0.815009925013755,WT,5UTR,antiparallel,149
54,683.5443037974683,6.887817833636965,0.8094718595996541,WT,5UTR,antiparallel,149
55,734.1772151898736,6.848816061190577,0.9382977475486175,WT,5UTR,antiparallel,149
56,784.8101265822784,6.828074253282824,1.039105239152014,WT,5UTR,antiparallel,149
57,835.4430379746836,6.484091854996863,1.0851691668010035,WT,5UTR,antiparallel,149
58,886.0759493670885,6.034126598189608,1.0081927156813368,WT,5UTR,antiparallel,149
59,936.7088607594937,5.6403450965081285,0.8959222238327651,WT,5UTR,antiparallel,149
60,987.3417721518986,5.282698952324972,0.7145680062582601,WT,5UTR,antiparallel,149
61,1037.9746835443038,5.14037479459306,0.6431215879004839,WT,5UTR,antiparallel,149
62,1088.6075949367087,5.2011981169542745,0.5935135434404687,WT,5UTR,antiparallel,149
63,1139.240506329114,5.498274890517762,0.6235881645346382,WT,5UTR,antiparallel,149
64,1189.8734177215188,5.703997361339979,0.6692263491034083,WT,5UTR,antiparallel,149
65,1240.506329113924,5.806235808579447,0.721463783695277,WT,5UTR,antiparallel,149
66,1291.1392405063293,5.830903509356565,0.7846905404700166,WT,5UTR,antiparallel,149
67,1341.7721518987341,5.831317550202611,0.8181831154622934,WT,5UTR,antiparallel,149
68,1392.4050632911394,5.893438849731846,0.9223825456041408,WT,5UTR,antiparallel,149
69,1443.0379746835442,5.760417460483192,0.9723168347782444,WT,5UTR,antiparallel,149
70,1493.6708860759495,5.8472937361719355,1.1462971366501256,WT,5UTR,antiparallel,149
71,1544.3037974683543,5.89722225527902,1.3033841797760544,WT,5UTR,antiparallel,149
72,1594.9367088607596,6.102286071708005,1.5333300075639442,WT,5UTR,antiparallel,149
73,1645.5696202531644,5.96835516607468,1.5958982864444207,WT,5UTR,antiparallel,149
74,1696.2025316455697,5.760969941824075,1.501813667300831,WT,5UTR,antiparallel,149
75,1746.8354430379745,5.362006555622322,1.2147198786283036,WT,5UTR,antiparallel,149
76,1797.4683544303798,4.767021173972145,1.014067716376128,WT,5UTR,antiparallel,149
77,1848.1012658227846,4.374112930175175,0.8873484308991345,WT,5UTR,antiparallel,149
78,1898.73417721519,4.002736081810339,0.7300145085019936,WT,5UTR,antiparallel,149
79,1949.3670886075947,3.7923348373374686,0.6108493858595861,WT,5UTR,antiparallel,149
80,2000,3.7150871201649607,0.5648128645444055,WT,5UTR,antiparallel,149
1,-2000,3.103134332110402,0.32084008391723584,WT,5UTR,hybrid,363
2,-1949.367088607595,3.153692318092693,0.32204058854626605,WT,5UTR,hybrid,363
3,-1898.73417721519,3.207324972695665,0.3379119020709806,WT,5UTR,hybrid,363
4,-1848.1012658227849,3.2614956193894176,0.3643211720023454,WT,5UTR,hybrid,363
5,-1797.4683544303798,3.313423710635652,0.3666640233394557,WT,5UTR,hybrid,363
6,-1746.8354430379748,3.3849787899701282,0.3676867928878737,WT,5UTR,hybrid,363
7,-1696.2025316455697,3.403219720078128,0.3809038266219285,WT,5UTR,hybrid,363
8,-1645.5696202531644,3.4118211209850644,0.3591554901984808,WT,5UTR,hybrid,363
9,-1594.9367088607596,3.4097254044578316,0.3180428404176435,WT,5UTR,hybrid,363
10,-1544.3037974683543,3.397348246799903,0.30622628608063296,WT,5UTR,hybrid,363
11,-1493.6708860759495,3.4059577737344964,0.3294306287688331,WT,5UTR,hybrid,363
12,-1443.0379746835442,3.354425496109261,0.3472132406575301,WT,5UTR,hybrid,363
13,-1392.4050632911392,3.422632495056499,0.37639805949541294,WT,5UTR,hybrid,363
14,-1341.7721518987341,3.5069111310724166,0.41245654017155475,WT,5UTR,hybrid,363
15,-1291.139240506329,3.4904405094243933,0.4134110178967054,WT,5UTR,hybrid,363
16,-1240.506329113924,3.5072557791074117,0.4188272038441131,WT,5UTR,hybrid,363
17,-1189.873417721519,3.6005242501539962,0.4265678244473738,WT,5UTR,hybrid,363
18,-1139.240506329114,3.7438758456499013,0.4393113695920274,WT,5UTR,hybrid,363
19,-1088.607594936709,3.797278752075192,0.4000747212728491,WT,5UTR,hybrid,363
20,-1037.9746835443038,3.984155084828481,0.40258372610944,WT,5UTR,hybrid,363
21,-987.3417721518988,4.276345549400407,0.400084343324096,WT,5UTR,hybrid,363
22,-936.7088607594937,4.710309250724764,0.4390974898637787,WT,5UTR,hybrid,363
23,-886.0759493670887,5.159002960343444,0.47201388740545175,WT,5UTR,hybrid,363
24,-835.4430379746836,5.740623983437036,0.5366983915880621,WT,5UTR,hybrid,363
25,-784.8101265822784,6.291075389017415,0.5879491878541642,WT,5UTR,hybrid,363
26,-734.1772151898733,7.018774290454837,0.658672058638524,WT,5UTR,hybrid,363
27,-683.5443037974683,7.726339832096608,0.7432926463668477,WT,5UTR,hybrid,363
28,-632.9113924050632,8.664258535567285,0.8654868312355984,WT,5UTR,hybrid,363
29,-582.2784810126582,9.723274619811384,0.9978774422084472,WT,5UTR,hybrid,363
30,-531.6455696202531,10.846141594053957,1.1589278981796924,WT,5UTR,hybrid,363
31,-481.0126582278481,11.885741217405672,1.2992877201402062,WT,5UTR,hybrid,363
32,-430.37974683544303,12.845045735857923,1.4067203011131897,WT,5UTR,hybrid,363
33,-379.746835443038,13.829330851589463,1.48261871053158,WT,5UTR,hybrid,363
34,-329.11392405063293,14.868931858631534,1.5266733953408667,WT,5UTR,hybrid,363
35,-278.4810126582279,15.501124515730487,1.5224382453559695,WT,5UTR,hybrid,363
36,-227.84810126582283,16.13451767920353,1.5421974706588413,WT,5UTR,hybrid,363
37,-177.21518987341778,17.075356307417238,1.5739024458206952,WT,5UTR,hybrid,363
38,-126.58227848101274,17.82955464689747,1.5781005441275608,WT,5UTR,hybrid,363
39,-75.94936708860769,18.062343290373203,1.4942746168567527,WT,5UTR,hybrid,363
40,-25.316455696202638,17.87943695306559,1.4258972693429184,WT,5UTR,hybrid,363
41,25.31645569620241,16.914502149871776,1.3273938133482848,WT,5UTR,hybrid,363
42,75.94936708860769,15.719280180517307,1.2054571657264117,WT,5UTR,hybrid,363
43,126.58227848101251,14.668883002426123,1.0744200155489154,WT,5UTR,hybrid,363
44,177.21518987341778,13.580182355575545,0.9455422969792612,WT,5UTR,hybrid,363
45,227.8481012658226,12.587868767347327,0.8874515678564096,WT,5UTR,hybrid,363
46,278.4810126582279,11.752559286280441,0.8793105007071336,WT,5UTR,hybrid,363
47,329.1139240506327,11.158773628551003,0.8676467064127729,WT,5UTR,hybrid,363
48,379.746835443038,10.688368790918146,0.8259766966606209,WT,5UTR,hybrid,363
49,430.37974683544326,10.178353734294465,0.8209605200088121,WT,5UTR,hybrid,363
50,481.0126582278481,9.66846009549578,0.8566315113081849,WT,5UTR,hybrid,363
51,531.6455696202534,9.19420391542524,0.9706823061719494,WT,5UTR,hybrid,363
52,582.2784810126582,8.624263846983704,1.036914222248155,WT,5UTR,hybrid,363
53,632.9113924050635,8.284756913555118,1.1733311586425987,WT,5UTR,hybrid,363
54,683.5443037974683,7.9592030370158815,1.271270937956228,WT,5UTR,hybrid,363
55,734.1772151898736,7.543739951955167,1.2919630210698527,WT,5UTR,hybrid,363
56,784.8101265822784,7.107561915908197,1.2538779400658215,WT,5UTR,hybrid,363
57,835.4430379746836,6.904429528351986,1.1570197903669652,WT,5UTR,hybrid,363
58,886.0759493670885,6.965448548548587,1.0457527487289675,WT,5UTR,hybrid,363
59,936.7088607594937,7.198619057438152,1.096372083970964,WT,5UTR,hybrid,363
60,987.3417721518986,7.265223928410816,1.1499078509012868,WT,5UTR,hybrid,363
61,1037.9746835443038,7.250310673886641,1.179566993433875,WT,5UTR,hybrid,363
62,1088.6075949367087,6.9874115266156265,1.146832415851784,WT,5UTR,hybrid,363
63,1139.240506329114,6.739805337587993,1.1242821916199257,WT,5UTR,hybrid,363
64,1189.8734177215188,6.466186364450183,1.0449034092406637,WT,5UTR,hybrid,363
65,1240.506329113924,6.139628726293233,0.929327814533994,WT,5UTR,hybrid,363
66,1291.1392405063293,5.762133124570873,0.8056995877022602,WT,5UTR,hybrid,363
67,1341.7721518987341,5.426206276701392,0.7196078897002163,WT,5UTR,hybrid,363
68,1392.4050632911394,5.149631178035333,0.6677079589666778,WT,5UTR,hybrid,363
69,1443.0379746835442,4.84207388149039,0.6266903077261589,WT,5UTR,hybrid,363
70,1493.6708860759495,4.509414820443391,0.548464760083349,WT,5UTR,hybrid,363
71,1544.3037974683543,4.205680468726093,0.4468836376459719,WT,5UTR,hybrid,363
72,1594.9367088607596,3.9840483412620014,0.38857218652311665,WT,5UTR,hybrid,363
73,1645.5696202531644,3.8328794617604727,0.3474652969505243,WT,5UTR,hybrid,363
74,1696.2025316455697,3.7521128749146824,0.32997161674585396,WT,5UTR,hybrid,363
75,1746.8354430379745,3.772734356635858,0.3337333078996678,WT,5UTR,hybrid,363
76,1797.4683544303798,3.6842455009061115,0.32328549673168494,WT,5UTR,hybrid,363
77,1848.1012658227846,3.3884154297541436,0.28260650304280627,WT,5UTR,hybrid,363
78,1898.73417721519,3.196489723133756,0.269519025625714,WT,5UTR,hybrid,363
79,1949.3670886075947,3.096929988110142,0.2566011189286285,WT,5UTR,hybrid,363
80,2000,3.0002106164506643,0.2507598870932288,WT,5UTR,hybrid,363
1,-2000,2.128960569247655,0.04217787252679127,WT,5UTR,none,16000
2,-1949.367088607595,2.1319802613366043,0.042884441306781346,WT,5UTR,none,16000
3,-1898.73417721519,2.1235608827043175,0.04318858552797695,WT,5UTR,none,16000
4,-1848.1012658227849,2.1140628857996204,0.04309417182889193,WT,5UTR,none,16000
5,-1797.4683544303798,2.105093376332454,0.04275312617804389,WT,5UTR,none,16000
6,-1746.8354430379748,2.096158961860793,0.0420862904941957,WT,5UTR,none,16000
7,-1696.2025316455697,2.077550243359351,0.04123853854297187,WT,5UTR,none,16000
8,-1645.5696202531644,2.0718765020248684,0.040516198904396915,WT,5UTR,none,16000
9,-1594.9367088607596,2.064188423795713,0.03969715443707083,WT,5UTR,none,16000
10,-1544.3037974683543,2.049579892294476,0.0390359986640735,WT,5UTR,none,16000
11,-1493.6708860759495,2.040227184121158,0.038798538115107785,WT,5UTR,none,16000
12,-1443.0379746835442,2.0382268707742983,0.039295732192598326,WT,5UTR,none,16000
13,-1392.4050632911392,2.040161886037184,0.0411234601268685,WT,5UTR,none,16000
14,-1341.7721518987341,2.044537798387751,0.04259500918433457,WT,5UTR,none,16000
15,-1291.139240506329,2.027866164089179,0.0427776264469376,WT,5UTR,none,16000
16,-1240.506329113924,2.010091180710514,0.04289493416685443,WT,5UTR,none,16000
17,-1189.873417721519,1.9974577943328882,0.04359908945648387,WT,5UTR,none,16000
18,-1139.240506329114,1.980985956435168,0.04214845231432603,WT,5UTR,none,16000
19,-1088.607594936709,1.9493410100370747,0.03973621315549994,WT,5UTR,none,16000
20,-1037.9746835443038,1.9256102700487796,0.03763759711738813,WT,5UTR,none,16000
21,-987.3417721518988,1.894368562150068,0.036334232170395116,WT,5UTR,none,16000
22,-936.7088607594937,1.857236025633379,0.03418209702000944,WT,5UTR,none,16000
23,-886.0759493670887,1.8198234433379412,0.03136728073782897,WT,5UTR,none,16000
24,-835.4430379746836,1.776092255283244,0.02894261972413956,WT,5UTR,none,16000
25,-784.8101265822784,1.737719719835992,0.027019095184670147,WT,5UTR,none,16000
26,-734.1772151898733,1.6962992159202412,0.025599686631042996,WT,5UTR,none,16000
27,-683.5443037974683,1.6637446454834155,0.023948524264734625,WT,5UTR,none,16000
28,-632.9113924050632,1.6193773714412993,0.02153846817487187,WT,5UTR,none,16000
29,-582.2784810126582,1.585605037454877,0.01950432297843232,WT,5UTR,none,16000
30,-531.6455696202531,1.533140082985512,0.017268006511022047,WT,5UTR,none,16000
31,-481.0126582278481,1.4818547576220191,0.015547695568182453,WT,5UTR,none,16000
32,-430.37974683544303,1.4367172173133032,0.014548245365670842,WT,5UTR,none,16000
33,-379.746835443038,1.3954854430153192,0.01373076427497807,WT,5UTR,none,16000
34,-329.11392405063293,1.3715190170823328,0.012931163288040436,WT,5UTR,none,16000
35,-278.4810126582279,1.3486461734158754,0.012167408161884182,WT,5UTR,none,16000
36,-227.84810126582283,1.3334278053432793,0.01173474009006475,WT,5UTR,none,16000
37,-177.21518987341778,1.3060929312185587,0.011197538515472574,WT,5UTR,none,16000
38,-126.58227848101274,1.291082465276442,0.010876646565019372,WT,5UTR,none,16000
39,-75.94936708860769,1.2720480300912447,0.010634485845842832,WT,5UTR,none,16000
40,-25.316455696202638,1.262706051855351,0.010490005350836612,WT,5UTR,none,16000
41,25.31645569620241,1.2605582584785537,0.010490993904457607,WT,5UTR,none,16000
42,75.94936708860769,1.2596473842427005,0.010520744811487705,WT,5UTR,none,16000
43,126.58227848101251,1.267836793584707,0.010719810967264426,WT,5UTR,none,16000
44,177.21518987341778,1.2881762059376503,0.011155964787742724,WT,5UTR,none,16000
45,227.8481012658226,1.3111067406567636,0.011593611496904391,WT,5UTR,none,16000
46,278.4810126582279,1.3299579288943695,0.012299501289182712,WT,5UTR,none,16000
47,329.1139240506327,1.3502930714892776,0.013556216671476466,WT,5UTR,none,16000
48,379.746835443038,1.3801628856831145,0.015006887921582552,WT,5UTR,none,16000
49,430.37974683544326,1.4147246493322894,0.016719228454273354,WT,5UTR,none,16000
50,481.0126582278481,1.4527142954428485,0.018089753819536574,WT,5UTR,none,16000
51,531.6455696202534,1.4892371303683012,0.01870356835088365,WT,5UTR,none,16000
52,582.2784810126582,1.5178965748337272,0.019088848644197118,WT,5UTR,none,16000
53,632.9113924050635,1.5540580801507133,0.019972516280645,WT,5UTR,none,16000
54,683.5443037974683,1.592834274194682,0.021257826826819357,WT,5UTR,none,16000
55,734.1772151898736,1.6384938009850918,0.023415501441863742,WT,5UTR,none,16000
56,784.8101265822784,1.7063393659493042,0.02746787837738936,WT,5UTR,none,16000
57,835.4430379746836,1.7570043314035206,0.03087187837028436,WT,5UTR,none,16000
58,886.0759493670885,1.7991830813351801,0.033087489012077524,WT,5UTR,none,16000
59,936.7088607594937,1.8410402335585783,0.03418504020284129,WT,5UTR,none,16000
60,987.3417721518986,1.8652776337707453,0.033699151656225314,WT,5UTR,none,16000
61,1037.9746835443038,1.8854855467946143,0.03401436110893896,WT,5UTR,none,16000
62,1088.6075949367087,1.8979425337451916,0.034115874241603394,WT,5UTR,none,16000
63,1139.240506329114,1.9163146177174983,0.03468482657547015,WT,5UTR,none,16000
64,1189.8734177215188,1.943030426898051,0.0359342359315659,WT,5UTR,none,16000
65,1240.506329113924,1.9807575387825753,0.0383738659034924,WT,5UTR,none,16000
66,1291.1392405063293,2.0093822974678752,0.04006595940193238,WT,5UTR,none,16000
67,1341.7721518987341,2.03022815936908,0.040898947319018615,WT,5UTR,none,16000
68,1392.4050632911394,2.0495387076094658,0.042497348121664925,WT,5UTR,none,16000
69,1443.0379746835442,2.066929600366217,0.04427350919844194,WT,5UTR,none,16000
70,1493.6708860759495,2.0699419979623284,0.04588767808544856,WT,5UTR,none,16000
71,1544.3037974683543,2.064178698608707,0.04555262129243658,WT,5UTR,none,16000
72,1594.9367088607596,2.072569713712489,0.04515639394062475,WT,5UTR,none,16000
73,1645.5696202531644,2.066229424064246,0.043606813177180445,WT,5UTR,none,16000
74,1696.2025316455697,2.0607339352561453,0.04164752545349343,WT,5UTR,none,16000
75,1746.8354430379745,2.05274248246937,0.040544449578366115,WT,5UTR,none,16000
76,1797.4683544303798,2.067388885966572,0.04086646588702363,WT,5UTR,none,16000
77,1848.1012658227846,2.0830597786902585,0.04139540152107435,WT,5UTR,none,16000
78,1898.73417721519,2.0908137029290343,0.04243972065199137,WT,5UTR,none,16000
79,1949.3670886075947,2.0888924375553883,0.04213109455145852,WT,5UTR,none,16000
80,2000,2.096839846536064,0.0428525392739493,WT,5UTR,none,16000
1,-2000,6.213673811980562,0.2621114411182689,DHX36KO,5UTR,parallel,2402
2,-1949.367088607595,6.24879633445029,0.257473731742021,DHX36KO,5UTR,parallel,2402
3,-1898.73417721519,6.261697952995491,0.2520163154605445,DHX36KO,5UTR,parallel,2402
4,-1848.1012658227849,6.3105729268168265,0.24705450289084938,DHX36KO,5UTR,parallel,2402
5,-1797.4683544303798,6.314762032411841,0.24440964659364758,DHX36KO,5UTR,parallel,2402
6,-1746.8354430379748,6.3739798087713755,0.2563042639080364,DHX36KO,5UTR,parallel,2402
7,-1696.2025316455697,6.52285451503684,0.27710717594759077,DHX36KO,5UTR,parallel,2402
8,-1645.5696202531644,6.712335103587776,0.2930127710970233,DHX36KO,5UTR,parallel,2402
9,-1594.9367088607596,6.8633225666771915,0.29862750083480305,DHX36KO,5UTR,parallel,2402
10,-1544.3037974683543,7.00350803838516,0.30404778501842844,DHX36KO,5UTR,parallel,2402
11,-1493.6708860759495,7.1222582122897755,0.31991265068327684,DHX36KO,5UTR,parallel,2402
12,-1443.0379746835442,7.28401768837973,0.3459375895384198,DHX36KO,5UTR,parallel,2402
13,-1392.4050632911392,7.422832706329924,0.36538325739192024,DHX36KO,5UTR,parallel,2402
14,-1341.7721518987341,7.588442241528482,0.3702101886933876,DHX36KO,5UTR,parallel,2402
15,-1291.139240506329,7.729516476962158,0.36604851327453103,DHX36KO,5UTR,parallel,2402
16,-1240.506329113924,7.838313263852564,0.3544096404838448,DHX36KO,5UTR,parallel,2402
17,-1189.873417721519,7.990321165217713,0.34928222010506565,DHX36KO,5UTR,parallel,2402
18,-1139.240506329114,8.171555343458728,0.34683288707072724,DHX36KO,5UTR,parallel,2402
19,-1088.607594936709,8.522724555841657,0.36016810417725964,DHX36KO,5UTR,parallel,2402
20,-1037.9746835443038,8.759943565064392,0.3648619721662024,DHX36KO,5UTR,parallel,2402
21,-987.3417721518988,8.99688014229205,0.3715182948861291,DHX36KO,5UTR,parallel,2402
22,-936.7088607594937,9.377027109396183,0.3804697307602426,DHX36KO,5UTR,parallel,2402
23,-886.0759493670887,9.900593523379667,0.39411059243998814,DHX36KO,5UTR,parallel,2402
24,-835.4430379746836,10.524933638501889,0.4085710068981819,DHX36KO,5UTR,parallel,2402
25,-784.8101265822784,11.199176444762488,0.4252452222663635,DHX36KO,5UTR,parallel,2402
26,-734.1772151898733,11.808727972834037,0.43222264087512385,DHX36KO,5UTR,parallel,2402
27,-683.5443037974683,12.4164252874347,0.4340909030672522,DHX36KO,5UTR,parallel,2402
28,-632.9113924050632,13.21151999617695,0.45288927074962937,DHX36KO,5UTR,parallel,2402
29,-582.2784810126582,14.1149516466499,0.4906240671703292,DHX36KO,5UTR,parallel,2402
30,-531.6455696202531,15.13760794220684,0.5269393533136014,DHX36KO,5UTR,parallel,2402
31,-481.0126582278481,16.402374901413555,0.5673007548737294,DHX36KO,5UTR,parallel,2402
32,-430.37974683544303,17.61575504860347,0.6026259477406932,DHX36KO,5UTR,parallel,2402
33,-379.746835443038,18.89734389984075,0.6410016562468054,DHX36KO,5UTR,parallel,2402
34,-329.11392405063293,20.16981872307073,0.6907407811433469,DHX36KO,5UTR,parallel,2402
35,-278.4810126582279,21.403548278531662,0.7375763463544566,DHX36KO,5UTR,parallel,2402
36,-227.84810126582283,22.23707541105253,0.7608492599478681,DHX36KO,5UTR,parallel,2402
37,-177.21518987341778,22.952378883365785,0.768235593329158,DHX36KO,5UTR,parallel,2402
38,-126.58227848101274,23.379540113286115,0.7466832635227383,DHX36KO,5UTR,parallel,2402
39,-75.94936708860769,23.434635594645837,0.7098698960422604,DHX36KO,5UTR,parallel,2402
40,-25.316455696202638,23.020787014322682,0.665412761907939,DHX36KO,5UTR,parallel,2402
41,25.31645569620241,22.286677207992767,0.61396291286005,DHX36KO,5UTR,parallel,2402
42,75.94936708860769,21.52788730949188,0.5761566907507264,DHX36KO,5UTR,parallel,2402
43,126.58227848101251,20.718777506311437,0.5536409304195402,DHX36KO,5UTR,parallel,2402
44,177.21518987341778,19.751720480454686,0.5229841968899199,DHX36KO,5UTR,parallel,2402
45,227.8481012658226,18.588656976658076,0.4808538911346761,DHX36KO,5UTR,parallel,2402
46,278.4810126582279,17.57248576503279,0.45411682096082606,DHX36KO,5UTR,parallel,2402
47,329.1139240506327,16.705586047949076,0.4348061080943124,DHX36KO,5UTR,parallel,2402
48,379.746835443038,15.884178366848671,0.42361482576406073,DHX36KO,5UTR,parallel,2402
49,430.37974683544326,14.950899451115777,0.4142056614878493,DHX36KO,5UTR,parallel,2402
50,481.0126582278481,14.211480201406014,0.41682307993536083,DHX36KO,5UTR,parallel,2402
51,531.6455696202534,13.673598584630176,0.4241545882311339,DHX36KO,5UTR,parallel,2402
52,582.2784810126582,13.153338402846837,0.4361178876567444,DHX36KO,5UTR,parallel,2402
53,632.9113924050635,12.502996786757704,0.43362323290492644,DHX36KO,5UTR,parallel,2402
54,683.5443037974683,11.912614771276257,0.43401496444715815,DHX36KO,5UTR,parallel,2402
55,734.1772151898736,11.383998478996135,0.4354839584707212,DHX36KO,5UTR,parallel,2402
56,784.8101265822784,10.884975792662223,0.43088792351444216,DHX36KO,5UTR,parallel,2402
57,835.4430379746836,10.50982016324269,0.4325388785318912,DHX36KO,5UTR,parallel,2402
58,886.0759493670885,10.115410942334849,0.4355604575597414,DHX36KO,5UTR,parallel,2402
59,936.7088607594937,9.748153265108838,0.4232362422632976,DHX36KO,5UTR,parallel,2402
60,987.3417721518986,9.382467190907658,0.4060735422651565,DHX36KO,5UTR,parallel,2402
61,1037.9746835443038,9.009933829776386,0.3833149990026529,DHX36KO,5UTR,parallel,2402
62,1088.6075949367087,8.667855549220604,0.36668264520951127,DHX36KO,5UTR,parallel,2402
63,1139.240506329114,8.307706979622683,0.3449279385157814,DHX36KO,5UTR,parallel,2402
64,1189.8734177215188,7.96145303799449,0.3176829125199558,DHX36KO,5UTR,parallel,2402
65,1240.506329113924,7.597232037507723,0.29174088456870184,DHX36KO,5UTR,parallel,2402
66,1291.1392405063293,7.3255857905466755,0.2756964732686219,DHX36KO,5UTR,parallel,2402
67,1341.7721518987341,7.087769110189885,0.263783451057561,DHX36KO,5UTR,parallel,2402
68,1392.4050632911394,6.921548871323694,0.25775582548819576,DHX36KO,5UTR,parallel,2402
69,1443.0379746835442,6.711086492916957,0.25517505781750616,DHX36KO,5UTR,parallel,2402
70,1493.6708860759495,6.482565507742884,0.24899401572157884,DHX36KO,5UTR,parallel,2402
71,1544.3037974683543,6.29512648648333,0.24735783910041775,DHX36KO,5UTR,parallel,2402
72,1594.9367088607596,6.092170663091033,0.23755483377219547,DHX36KO,5UTR,parallel,2402
73,1645.5696202531644,6.053918177053527,0.23306889873937822,DHX36KO,5UTR,parallel,2402
74,1696.2025316455697,6.043716219119022,0.23499888927653972,DHX36KO,5UTR,parallel,2402
75,1746.8354430379745,6.035405577319283,0.23175130611219236,DHX36KO,5UTR,parallel,2402
76,1797.4683544303798,6.036623188757811,0.234702923900533,DHX36KO,5UTR,parallel,2402
77,1848.1012658227846,5.977936425682839,0.24088706235126278,DHX36KO,5UTR,parallel,2402
78,1898.73417721519,5.894094165984439,0.2445362774621824,DHX36KO,5UTR,parallel,2402
79,1949.3670886075947,5.818727050714283,0.2432054204606093,DHX36KO,5UTR,parallel,2402
80,2000,5.7639426546122605,0.23230954331996376,DHX36KO,5UTR,parallel,2402
1,-2000,9.605979514159346,2.760670496610004,DHX36KO,5UTR,antiparallel,149
2,-1949.367088607595,9.055807981491089,2.597372510163529,DHX36KO,5UTR,antiparallel,149
3,-1898.73417721519,8.262805924996966,2.2124617340066113,DHX36KO,5UTR,antiparallel,149
4,-1848.1012658227849,7.583163496397219,1.8505437979386725,DHX36KO,5UTR,antiparallel,149
5,-1797.4683544303798,6.603233165031578,1.296088389842448,DHX36KO,5UTR,antiparallel,149
6,-1746.8354430379748,6.0968260660747555,0.9645332388760667,DHX36KO,5UTR,antiparallel,149
7,-1696.2025316455697,5.937707659627501,0.8532614573106679,DHX36KO,5UTR,antiparallel,149
8,-1645.5696202531644,5.85724694116537,0.8274477860584374,DHX36KO,5UTR,antiparallel,149
9,-1594.9367088607596,5.768504623929393,0.8485737644606255,DHX36KO,5UTR,antiparallel,149
10,-1544.3037974683543,5.744943122474406,0.8477686627211296,DHX36KO,5UTR,antiparallel,149
11,-1493.6708860759495,5.648402864031611,0.7923341432949744,DHX36KO,5UTR,antiparallel,149
12,-1443.0379746835442,5.602218328285004,0.720841105898542,DHX36KO,5UTR,antiparallel,149
13,-1392.4050632911392,5.489127187872893,0.6469865660416091,DHX36KO,5UTR,antiparallel,149
14,-1341.7721518987341,5.598649130000897,0.6163942881147771,DHX36KO,5UTR,antiparallel,149
15,-1291.139240506329,5.85094125452191,0.6140674502590405,DHX36KO,5UTR,antiparallel,149
16,-1240.506329113924,5.949047988293155,0.6245721904822804,DHX36KO,5UTR,antiparallel,149
17,-1189.873417721519,5.958604135790661,0.636263171231421,DHX36KO,5UTR,antiparallel,149
18,-1139.240506329114,5.978659159379784,0.6820957545185063,DHX36KO,5UTR,antiparallel,149
19,-1088.607594936709,6.312132373544194,0.7615107818668221,DHX36KO,5UTR,antiparallel,149
20,-1037.9746835443038,6.718412332486786,0.8478446686469029,DHX36KO,5UTR,antiparallel,149
21,-987.3417721518988,7.34058163480204,0.9968342465531542,DHX36KO,5UTR,antiparallel,149
22,-936.7088607594937,7.962031337132124,1.1116717273869408,DHX36KO,5UTR,antiparallel,149
23,-886.0759493670887,8.173660842604285,1.1168163456662088,DHX36KO,5UTR,antiparallel,149
24,-835.4430379746836,8.595222439877938,1.1171133908410587,DHX36KO,5UTR,antiparallel,149
25,-784.8101265822784,8.993890026618438,1.1361679257603887,DHX36KO,5UTR,antiparallel,149
26,-734.1772151898733,9.33439586956229,1.1584605859209294,DHX36KO,5UTR,antiparallel,149
27,-683.5443037974683,9.6549417200344525,1.1810995423296744,DHX36KO,5UTR,antiparallel,149
28,-632.9113924050632,10.362282035734829,1.2306902606548424,DHX36KO,5UTR,antiparallel,149
29,-582.2784810126582,11.137199642236867,1.295493661371269,DHX36KO,5UTR,antiparallel,149
30,-531.6455696202531,11.963811376590856,1.4076394513590207,DHX36KO,5UTR,antiparallel,149
31,-481.0126582278481,13.303081789347416,1.6488293865099493,DHX36KO,5UTR,antiparallel,149
32,-430.37974683544303,14.697950250643744,1.9095519577754667,DHX36KO,5UTR,antiparallel,149
33,-379.746835443038,16.186744841046515,2.1839424754435646,DHX36KO,5UTR,antiparallel,149
34,-329.11392405063293,17.284166721812298,2.331991370406833,DHX36KO,5UTR,antiparallel,149
35,-278.4810126582279,18.076543890896527,2.401752279977684,DHX36KO,5UTR,antiparallel,149
36,-227.84810126582283,19.654110501772607,2.552298228973221,DHX36KO,5UTR,antiparallel,149
37,-177.21518987341778,20.951442842798212,2.717939918719076,DHX36KO,5UTR,antiparallel,149
38,-126.58227848101274,21.5802506463213,2.7737691422147264,DHX36KO,5UTR,antiparallel,149
39,-75.94936708860769,21.6686813305155,2.6726026731636483,DHX36KO,5UTR,antiparallel,149
40,-25.316455696202638,21.47115266639381,2.521200022946568,DHX36KO,5UTR,antiparallel,149
41,25.31645569620241,21.083305111864803,2.4394709632125964,DHX36KO,5UTR,antiparallel,149
42,75.94936708860769,20.47255316238809,2.463064773699929,DHX36KO,5UTR,antiparallel,149
43,126.58227848101251,19.94553089978711,2.294165851506233,DHX36KO,5UTR,antiparallel,149
44,177.21518987341778,18.82088722890389,2.0126973102086363,DHX36KO,5UTR,antiparallel,149
45,227.8481012658226,17.494386636357447,1.7467166008708805,DHX36KO,5UTR,antiparallel,149
46,278.4810126582279,16.596142958965345,1.599151710138315,DHX36KO,5UTR,antiparallel,149
47,329.1139240506327,15.812450806390519,1.437167790498641,DHX36KO,5UTR,antiparallel,149
48,379.746835443038,15.106569030487565,1.4007369159850733,DHX36KO,5UTR,antiparallel,149
49,430.37974683544326,14.70703773117172,1.4253872079280725,DHX36KO,5UTR,antiparallel,149
50,481.0126582278481,14.551996396201302,1.462787284620621,DHX36KO,5UTR,antiparallel,149
51,531.6455696202534,13.953060596357256,1.4545299851759779,DHX36KO,5UTR,antiparallel,149
52,582.2784810126582,13.287362333869508,1.406673804620523,DHX36KO,5UTR,antiparallel,149
53,632.9113924050635,12.395985492961252,1.3627854974827602,DHX36KO,5UTR,antiparallel,149
54,683.5443037974683,11.53095209899898,1.3018835029854368,DHX36KO,5UTR,antiparallel,149
55,734.1772151898736,11.371556310605683,1.4613981016803494,DHX36KO,5UTR,antiparallel,149
56,784.8101265822784,11.09455134742212,1.609171210764225,DHX36KO,5UTR,antiparallel,149
57,835.4430379746836,10.855209546195848,1.6416739057608198,DHX36KO,5UTR,antiparallel,149
58,886.0759493670885,10.365264098473576,1.4851062426655532,DHX36KO,5UTR,antiparallel,149
59,936.7088607594937,9.839742980936762,1.2762219958267613,DHX36KO,5UTR,antiparallel,149
60,987.3417721518986,9.131316401862458,1.0928116269612842,DHX36KO,5UTR,antiparallel,149
61,1037.9746835443038,8.549697820953607,0.9910753272213867,DHX36KO,5UTR,antiparallel,149
62,1088.6075949367087,8.477679385653545,0.9478377578027456,DHX36KO,5UTR,antiparallel,149
63,1139.240506329114,8.719825420027611,1.0026645752297585,DHX36KO,5UTR,antiparallel,149
64,1189.8734177215188,8.92978396287167,1.0748738078679023,DHX36KO,5UTR,antiparallel,149
65,1240.506329113924,9.031184515323682,1.1189117691721084,DHX36KO,5UTR,antiparallel,149
66,1291.1392405063293,9.198193860182027,1.2170042352211623,DHX36KO,5UTR,antiparallel,149
67,1341.7721518987341,9.259488259439234,1.316079576172963,DHX36KO,5UTR,antiparallel,149
68,1392.4050632911394,9.279779346421261,1.3998785600839303,DHX36KO,5UTR,antiparallel,149
69,1443.0379746835442,9.193104127445476,1.4934609780535097,DHX36KO,5UTR,antiparallel,149
70,1493.6708860759495,9.300469294714448,1.7200579835018301,DHX36KO,5UTR,antiparallel,149
71,1544.3037974683543,9.39898450664226,1.940347709822346,DHX36KO,5UTR,antiparallel,149
72,1594.9367088607596,9.559583299618707,2.1510881056947517,DHX36KO,5UTR,antiparallel,149
73,1645.5696202531644,9.501909336707737,2.2067227951125123,DHX36KO,5UTR,antiparallel,149
74,1696.2025316455697,9.10232258421196,2.1223745607992823,DHX36KO,5UTR,antiparallel,149
75,1746.8354430379745,8.380896528028535,1.8479533547140137,DHX36KO,5UTR,antiparallel,149
76,1797.4683544303798,7.635396587240616,1.608124755174378,DHX36KO,5UTR,antiparallel,149
77,1848.1012658227846,7.054402963992467,1.3559307599930588,DHX36KO,5UTR,antiparallel,149
78,1898.73417721519,6.497166805726036,1.100800245915834,DHX36KO,5UTR,antiparallel,149
79,1949.3670886075947,6.075371238033243,0.9590474218190461,DHX36KO,5UTR,antiparallel,149
80,2000,6.0226721199940245,0.8931437875037644,DHX36KO,5UTR,antiparallel,149
1,-2000,5.211274154389857,0.5212139560344629,DHX36KO,5UTR,hybrid,363
2,-1949.367088607595,5.078171350914366,0.5027707134123702,DHX36KO,5UTR,hybrid,363
3,-1898.73417721519,5.129252290732276,0.5538515005348463,DHX36KO,5UTR,hybrid,363
4,-1848.1012658227849,5.2358502899560495,0.6073642650915001,DHX36KO,5UTR,hybrid,363
5,-1797.4683544303798,5.300610688091748,0.6215972235060991,DHX36KO,5UTR,hybrid,363
6,-1746.8354430379748,5.427441225489747,0.60952429933487,DHX36KO,5UTR,hybrid,363
7,-1696.2025316455697,5.587055271799352,0.6174786285799293,DHX36KO,5UTR,hybrid,363
8,-1645.5696202531644,5.630204542186744,0.5696530076546383,DHX36KO,5UTR,hybrid,363
9,-1594.9367088607596,5.661956414138647,0.5115278035479134,DHX36KO,5UTR,hybrid,363
10,-1544.3037974683543,5.739052024082485,0.5084266550471412,DHX36KO,5UTR,hybrid,363
11,-1493.6708860759495,5.800532350023478,0.5457734100649818,DHX36KO,5UTR,hybrid,363
12,-1443.0379746835442,5.859613073461093,0.5740991046202734,DHX36KO,5UTR,hybrid,363
13,-1392.4050632911392,5.823694786539419,0.6100228818987915,DHX36KO,5UTR,hybrid,363
14,-1341.7721518987341,5.753381238384352,0.6377568828140863,DHX36KO,5UTR,hybrid,363
15,-1291.139240506329,5.685320163556915,0.6326949473244273,DHX36KO,5UTR,hybrid,363
16,-1240.506329113924,5.769954988597401,0.6449941947139549,DHX36KO,5UTR,hybrid,363
17,-1189.873417721519,5.849403782028797,0.6344296857059468,DHX36KO,5UTR,hybrid,363
18,-1139.240506329114,6.008860426345366,0.6214830297617423,DHX36KO,5UTR,hybrid,363
19,-1088.607594936709,6.246513070050897,0.5806652359983382,DHX36KO,5UTR,hybrid,363
20,-1037.9746835443038,6.658813793438087,0.5869046197131355,DHX36KO,5UTR,hybrid,363
21,-987.3417721518988,7.162798326343872,0.5932665617832038,DHX36KO,5UTR,hybrid,363
22,-936.7088607594937,7.724523745789454,0.6437255785633567,DHX36KO,5UTR,hybrid,363
23,-886.0759493670887,8.378811848943007,0.7038898625356499,DHX36KO,5UTR,hybrid,363
24,-835.4430379746836,9.306518929475375,0.786697840005236,DHX36KO,5UTR,hybrid,363
25,-784.8101265822784,10.265224011016615,0.8684618973687793,DHX36KO,5UTR,hybrid,363
26,-734.1772151898733,11.261774911637477,0.9734764883616379,DHX36KO,5UTR,hybrid,363
27,-683.5443037974683,12.233662719100412,1.0880012132949892,DHX36KO,5UTR,hybrid,363
28,-632.9113924050632,13.655586496152607,1.2662004615958555,DHX36KO,5UTR,hybrid,363
29,-582.2784810126582,15.080119621042158,1.4132167860916696,DHX36KO,5UTR,hybrid,363
30,-531.6455696202531,16.75029830185835,1.6148264253052742,DHX36KO,5UTR,hybrid,363
31,-481.0126582278481,18.277324326692973,1.786665504174229,DHX36KO,5UTR,hybrid,363
32,-430.37974683544303,19.831024478797634,1.8844465865126387,DHX36KO,5UTR,hybrid,363
33,-379.746835443038,21.269213453225852,1.9665829560270187,DHX36KO,5UTR,hybrid,363
34,-329.11392405063293,22.678981610679976,1.9755110915939136,DHX36KO,5UTR,hybrid,363
35,-278.4810126582279,23.649665778062012,1.982340246568783,DHX36KO,5UTR,hybrid,363
36,-227.84810126582283,24.707555018086516,2.007562391266832,DHX36KO,5UTR,hybrid,363
37,-177.21518987341778,26.037164339605443,2.113831880525416,DHX36KO,5UTR,hybrid,363
38,-126.58227848101274,27.15603318759123,2.1995228847982307,DHX36KO,5UTR,hybrid,363
39,-75.94936708860769,27.520597567348112,2.1442250062779373,DHX36KO,5UTR,hybrid,363
40,-25.316455696202638,27.183716681585935,2.065855568006683,DHX36KO,5UTR,hybrid,363
41,25.31645569620241,25.91346327824807,1.8818339041375625,DHX36KO,5UTR,hybrid,363
42,75.94936708860769,24.35750253446612,1.6902921561897182,DHX36KO,5UTR,hybrid,363
43,126.58227848101251,22.743457718460355,1.5250555562883767,DHX36KO,5UTR,hybrid,363
44,177.21518987341778,21.103913946475753,1.3707134604661344,DHX36KO,5UTR,hybrid,363
45,227.8481012658226,19.677479052068556,1.2903893839052016,DHX36KO,5UTR,hybrid,363
46,278.4810126582279,18.427160130420663,1.251172349774525,DHX36KO,5UTR,hybrid,363
47,329.1139240506327,17.670601646869525,1.2237429953489976,DHX36KO,5UTR,hybrid,363
48,379.746835443038,16.840013242711485,1.1527134854341967,DHX36KO,5UTR,hybrid,363
49,430.37974683544326,15.887263113081838,1.1367306194680982,DHX36KO,5UTR,hybrid,363
50,481.0126582278481,15.138282422010127,1.1559375885113523,DHX36KO,5UTR,hybrid,363
51,531.6455696202534,14.333686993973751,1.234997581653174,DHX36KO,5UTR,hybrid,363
52,582.2784810126582,13.357318849504487,1.302223583935646,DHX36KO,5UTR,hybrid,363
53,632.9113924050635,12.934222143898326,1.4481239486874677,DHX36KO,5UTR,hybrid,363
54,683.5443037974683,12.568478240636207,1.5743035257828049,DHX36KO,5UTR,hybrid,363
55,734.1772151898736,12.100158318321677,1.6693152948501895,DHX36KO,5UTR,hybrid,363
56,784.8101265822784,11.372983840348198,1.620203753365969,DHX36KO,5UTR,hybrid,363
57,835.4430379746836,11.062333314254593,1.5147906814281868,DHX36KO,5UTR,hybrid,363
58,886.0759493670885,10.798411477036822,1.39563030370419,DHX36KO,5UTR,hybrid,363
59,936.7088607594937,11.011443914285595,1.497478563208646,DHX36KO,5UTR,hybrid,363
60,987.3417721518986,11.14537621273701,1.5961968097503996,DHX36KO,5UTR,hybrid,363
61,1037.9746835443038,11.09574946786856,1.5941748185128144,DHX36KO,5UTR,hybrid,363
62,1088.6075949367087,10.763271016592931,1.5713893555863514,DHX36KO,5UTR,hybrid,363
63,1139.240506329114,10.444584819171492,1.5481666598895014,DHX36KO,5UTR,hybrid,363
64,1189.8734177215188,10.045826074420257,1.4568152332117,DHX36KO,5UTR,hybrid,363
65,1240.506329113924,9.514168396690113,1.2847815096006385,DHX36KO,5UTR,hybrid,363
66,1291.1392405063293,8.8676672453197245,1.1158308829174999,DHX36KO,5UTR,hybrid,363
67,1341.7721518987341,8.348122836753138,0.9859023987886577,DHX36KO,5UTR,hybrid,363
68,1392.4050632911394,7.931950473897056,0.9022562019449459,DHX36KO,5UTR,hybrid,363
69,1443.0379746835442,7.522005524655019,0.8385825150549645,DHX36KO,5UTR,hybrid,363
70,1493.6708860759495,7.2076774037968026,0.7521997238974336,DHX36KO,5UTR,hybrid,363
71,1544.3037974683543,6.947214519625087,0.6538623729376212,DHX36KO,5UTR,hybrid,363
72,1594.9367088607596,6.614946273629878,0.5783483237217341,DHX36KO,5UTR,hybrid,363
73,1645.5696202531644,6.333260168641724,0.5196998079926592,DHX36KO,5UTR,hybrid,363
74,1696.2025316455697,6.2070396390543605,0.5004956271205798,DHX36KO,5UTR,hybrid,363
75,1746.8354430379745,6.1539059708816835,0.503709303467751,DHX36KO,5UTR,hybrid,363
76,1797.4683544303798,5.990341137738486,0.47776774056191434,DHX36KO,5UTR,hybrid,363
77,1848.1012658227846,5.690263718192571,0.44374662268782167,DHX36KO,5UTR,hybrid,363
78,1898.73417721519,5.398280641599135,0.42374912092533024,DHX36KO,5UTR,hybrid,363
79,1949.3670886075947,5.246025235265411,0.40997746431234716,DHX36KO,5UTR,hybrid,363
80,2000,5.0521152852170506,0.38826518452310343,DHX36KO,5UTR,hybrid,363
1,-2000,3.376752094270847,0.06317388252236376,DHX36KO,5UTR,none,16000
2,-1949.367088607595,3.375890156897817,0.06438803542086809,DHX36KO,5UTR,none,16000
3,-1898.73417721519,3.3609051157336074,0.0643457772160664,DHX36KO,5UTR,none,16000
4,-1848.1012658227849,3.3396289741550493,0.06360449527479405,DHX36KO,5UTR,none,16000
5,-1797.4683544303798,3.318852534304817,0.06292285971541907,DHX36KO,5UTR,none,16000
6,-1746.8354430379748,3.3088476902828874,0.06210143563354374,DHX36KO,5UTR,none,16000
7,-1696.2025316455697,3.301855880193413,0.061596905743098194,DHX36KO,5UTR,none,16000
8,-1645.5696202531644,3.2816631436181916,0.06103904915324976,DHX36KO,5UTR,none,16000
9,-1594.9367088607596,3.2719377256561804,0.06010206132390244,DHX36KO,5UTR,none,16000
10,-1544.3037974683543,3.2567174876096665,0.05868248644671508,DHX36KO,5UTR,none,16000
11,-1493.6708860759495,3.234025015107406,0.05802204485176834,DHX36KO,5UTR,none,16000
12,-1443.0379746835442,3.2373817436246877,0.05830875636862714,DHX36KO,5UTR,none,16000
13,-1392.4050632911392,3.2428503687053434,0.06044635816753727,DHX36KO,5UTR,none,16000
14,-1341.7721518987341,3.2465324900914303,0.06199037125479604,DHX36KO,5UTR,none,16000
15,-1291.139240506329,3.2388172254030336,0.06237982130493691,DHX36KO,5UTR,none,16000
16,-1240.506329113924,3.225600004528207,0.06189794156025905,DHX36KO,5UTR,none,16000
17,-1189.873417721519,3.2069276586325226,0.06220390505118642,DHX36KO,5UTR,none,16000
18,-1139.240506329114,3.1702736585511295,0.06075964077248692,DHX36KO,5UTR,none,16000
19,-1088.607594936709,3.1026334672985065,0.057873260430732425,DHX36KO,5UTR,none,16000
20,-1037.9746835443038,3.039976624009597,0.054903875495402404,DHX36KO,5UTR,none,16000
21,-987.3417721518988,2.989002402182332,0.05303339327624396,DHX36KO,5UTR,none,16000
22,-936.7088607594937,2.934716636715065,0.05047288021896124,DHX36KO,5UTR,none,16000
23,-886.0759493670887,2.876732559000771,0.04696299697887999,DHX36KO,5UTR,none,16000
24,-835.4430379746836,2.8143910691541163,0.04404829818430184,DHX36KO,5UTR,none,16000
25,-784.8101265822784,2.7637462485646918,0.041593147316325865,DHX36KO,5UTR,none,16000
26,-734.1772151898733,2.699489816958475,0.03979197557789873,DHX36KO,5UTR,none,16000
27,-683.5443037974683,2.634508996893295,0.03721827742843392,DHX36KO,5UTR,none,16000
28,-632.9113924050632,2.559169696117592,0.033576827300136516,DHX36KO,5UTR,none,16000
29,-582.2784810126582,2.4935326101542903,0.030443000216943454,DHX36KO,5UTR,none,16000
30,-531.6455696202531,2.416911355900135,0.02737076750932037,DHX36KO,5UTR,none,16000
31,-481.0126582278481,2.3483227604435464,0.02515503455190815,DHX36KO,5UTR,none,16000
32,-430.37974683544303,2.2759467363628487,0.023824530228297593,DHX36KO,5UTR,none,16000
33,-379.746835443038,2.215721840058163,0.022466010775763,DHX36KO,5UTR,none,16000
34,-329.11392405063293,2.153821575413743,0.020865310954818014,DHX36KO,5UTR,none,16000
35,-278.4810126582279,2.1096867154605436,0.019556168099548188,DHX36KO,5UTR,none,16000
36,-227.84810126582283,2.083891543070704,0.018552828871073294,DHX36KO,5UTR,none,16000
37,-177.21518987341778,2.054384950353115,0.017555479815681823,DHX36KO,5UTR,none,16000
38,-126.58227848101274,2.0311404557817996,0.016789967342277248,DHX36KO,5UTR,none,16000
39,-75.94936708860769,1.9925080231499386,0.01616621139937752,DHX36KO,5UTR,none,16000
40,-25.316455696202638,1.9786686369531015,0.015959118612188905,DHX36KO,5UTR,none,16000
41,25.31645569620241,1.9855814577479831,0.01612329989764656,DHX36KO,5UTR,none,16000
42,75.94936708860769,1.995262691922142,0.016450129900480955,DHX36KO,5UTR,none,16000
43,126.58227848101251,2.008903761286817,0.016844129297839364,DHX36KO,5UTR,none,16000
44,177.21518987341778,2.0255734640059853,0.01726896650206361,DHX36KO,5UTR,none,16000
45,227.8481012658226,2.049390126262824,0.017869930924313337,DHX36KO,5UTR,none,16000
46,278.4810126582279,2.0796748227758233,0.019058700925094037,DHX36KO,5UTR,none,16000
47,329.1139240506327,2.1316607483549697,0.0211532409494402,DHX36KO,5UTR,none,16000
48,379.746835443038,2.1811657694167184,0.023643335735184526,DHX36KO,5UTR,none,16000
49,430.37974683544326,2.235307193693603,0.026509555200706178,DHX36KO,5UTR,none,16000
50,481.0126582278481,2.285674184437137,0.02836261569905887,DHX36KO,5UTR,none,16000
51,531.6455696202534,2.3487838678682826,0.028904270538889387,DHX36KO,5UTR,none,16000
52,582.2784810126582,2.412787052095073,0.02991074974337031,DHX36KO,5UTR,none,16000
53,632.9113924050635,2.477759885567184,0.0320968694155743,DHX36KO,5UTR,none,16000
54,683.5443037974683,2.5506950848445795,0.03495424199111804,DHX36KO,5UTR,none,16000
55,734.1772151898736,2.627762658092038,0.03832081314423202,DHX36KO,5UTR,none,16000
56,784.8101265822784,2.712128503204978,0.04328372374111743,DHX36KO,5UTR,none,16000
57,835.4430379746836,2.786369457419369,0.04724121009596914,DHX36KO,5UTR,none,16000
58,886.0759493670885,2.8480736610541832,0.050591994682101134,DHX36KO,5UTR,none,16000
59,936.7088607594937,2.9183052673338947,0.05247231937024399,DHX36KO,5UTR,none,16000
60,987.3417721518986,2.9739289464670273,0.0519873508101099,DHX36KO,5UTR,none,16000
61,1037.9746835443038,3.0087240994438935,0.05241008014996337,DHX36KO,5UTR,none,16000
62,1088.6075949367087,3.0327722393196206,0.052468918588547686,DHX36KO,5UTR,none,16000
63,1139.240506329114,3.0652388666177135,0.05302920181574687,DHX36KO,5UTR,none,16000
64,1189.8734177215188,3.101583121673116,0.05527946781517435,DHX36KO,5UTR,none,16000
65,1240.506329113924,3.139966158537477,0.05819719629091976,DHX36KO,5UTR,none,16000
66,1291.1392405063293,3.182056668945009,0.060491236556703916,DHX36KO,5UTR,none,16000
67,1341.7721518987341,3.222928371765908,0.06313212077903121,DHX36KO,5UTR,none,16000
68,1392.4050632911394,3.2515200098218897,0.06540271913352905,DHX36KO,5UTR,none,16000
69,1443.0379746835442,3.270465233677635,0.06710232203316528,DHX36KO,5UTR,none,16000
70,1493.6708860759495,3.282921937869634,0.06880049493708816,DHX36KO,5UTR,none,16000
71,1544.3037974683543,3.275636449958849,0.06874415573155264,DHX36KO,5UTR,none,16000
72,1594.9367088607596,3.2829441830091675,0.06840717503083998,DHX36KO,5UTR,none,16000
73,1645.5696202531644,3.2804165563495777,0.06738193217504229,DHX36KO,5UTR,none,16000
74,1696.2025316455697,3.2707027890542624,0.06478458058686058,DHX36KO,5UTR,none,16000
75,1746.8354430379745,3.254284747073378,0.06280226367356602,DHX36KO,5UTR,none,16000
76,1797.4683544303798,3.269940056637432,0.06270468471691215,DHX36KO,5UTR,none,16000
77,1848.1012658227846,3.293015044028867,0.06302923190854604,DHX36KO,5UTR,none,16000
78,1898.73417721519,3.3438498294123806,0.0652093323892728,DHX36KO,5UTR,none,16000
79,1949.3670886075947,3.3551929888819636,0.06497242908007954,DHX36KO,5UTR,none,16000
80,2000,3.3737620439270506,0.06533820841887587,DHX36KO,5UTR,none,16000
1,-2000,4.482530129230787,0.21191746960174232,FANCJKO,5UTR,parallel,2402
2,-1949.367088607595,4.439410660326762,0.20116605390640296,FANCJKO,5UTR,parallel,2402
3,-1898.73417721519,4.418483667027245,0.19242338451926397,FANCJKO,5UTR,parallel,2402
4,-1848.1012658227849,4.41663673799335,0.1828019640199846,FANCJKO,5UTR,parallel,2402
5,-1797.4683544303798,4.449160990653818,0.18682347962934703,FANCJKO,5UTR,parallel,2402
6,-1746.8354430379748,4.577831609995869,0.20097215744762112,FANCJKO,5UTR,parallel,2402
7,-1696.2025316455697,4.676560258955681,0.21607608493089428,FANCJKO,5UTR,parallel,2402
8,-1645.5696202531644,4.80755066256903,0.22430690720003654,FANCJKO,5UTR,parallel,2402
9,-1594.9367088607596,4.940797977372404,0.2369909304950887,FANCJKO,5UTR,parallel,2402
10,-1544.3037974683543,5.026722903542475,0.2510256320759021,FANCJKO,5UTR,parallel,2402
11,-1493.6708860759495,5.17338997801575,0.27488954523446035,FANCJKO,5UTR,parallel,2402
12,-1443.0379746835442,5.311598022430432,0.30385475063051987,FANCJKO,5UTR,parallel,2402
13,-1392.4050632911392,5.460271954371008,0.3267358243495035,FANCJKO,5UTR,parallel,2402
14,-1341.7721518987341,5.5729985946842016,0.3304438747345251,FANCJKO,5UTR,parallel,2402
15,-1291.139240506329,5.68294717778969,0.32657455986749573,FANCJKO,5UTR,parallel,2402
16,-1240.506329113924,5.743239855935697,0.31117406925514163,FANCJKO,5UTR,parallel,2402
17,-1189.873417721519,5.844127311640371,0.30090565064750685,FANCJKO,5UTR,parallel,2402
18,-1139.240506329114,5.999093481513682,0.285109394852887,FANCJKO,5UTR,parallel,2402
19,-1088.607594936709,6.223503141847214,0.2903362140614587,FANCJKO,5UTR,parallel,2402
20,-1037.9746835443038,6.382738974734276,0.2900579993869344,FANCJKO,5UTR,parallel,2402
21,-987.3417721518988,6.593225603537728,0.2997588218960638,FANCJKO,5UTR,parallel,2402
22,-936.7088607594937,6.9460622277056014,0.31385248039424596,FANCJKO,5UTR,parallel,2402
23,-886.0759493670887,7.35103671700697,0.32943511383515833,FANCJKO,5UTR,parallel,2402
24,-835.4430379746836,7.7744020996578795,0.3394044085461997,FANCJKO,5UTR,parallel,2402
25,-784.8101265822784,8.197870560847088,0.35294078255040545,FANCJKO,5UTR,parallel,2402
26,-734.1772151898733,8.605106218837879,0.35934651879890916,FANCJKO,5UTR,parallel,2402
27,-683.5443037974683,9.091815254804725,0.3570204871693732,FANCJKO,5UTR,parallel,2402
28,-632.9113924050632,9.757590886650236,0.3760600551109549,FANCJKO,5UTR,parallel,2402
29,-582.2784810126582,10.462989332614063,0.4084404356089081,FANCJKO,5UTR,parallel,2402
30,-531.6455696202531,11.253554975141462,0.440548007892266,FANCJKO,5UTR,parallel,2402
31,-481.0126582278481,12.18987629599284,0.4791179898812155,FANCJKO,5UTR,parallel,2402
32,-430.37974683544303,13.011414020827768,0.5043737421786503,FANCJKO,5UTR,parallel,2402
33,-379.746835443038,13.878300139619482,0.5294807340656166,FANCJKO,5UTR,parallel,2402
34,-329.11392405063293,14.86754803278431,0.5658936686866682,FANCJKO,5UTR,parallel,2402
35,-278.4810126582279,15.962418882856428,0.610807399422185,FANCJKO,5UTR,parallel,2402
36,-227.84810126582283,16.70146750410001,0.634587630228291,FANCJKO,5UTR,parallel,2402
37,-177.21518987341778,17.28098687680966,0.6415360730842026,FANCJKO,5UTR,parallel,2402
38,-126.58227848101274,17.48249237052573,0.6167798940923616,FANCJKO,5UTR,parallel,2402
39,-75.94936708860769,17.417534961582984,0.5811417184000083,FANCJKO,5UTR,parallel,2402
40,-25.316455696202638,17.02960357403378,0.5403319646694945,FANCJKO,5UTR,parallel,2402
41,25.31645569620241,16.481987703561188,0.4955256477678336,FANCJKO,5UTR,parallel,2402
42,75.94936708860769,15.850876622131192,0.4639494690816391,FANCJKO,5UTR,parallel,2402
43,126.58227848101251,15.236939927529798,0.44143237656661966,FANCJKO,5UTR,parallel,2402
44,177.21518987341778,14.520490658403999,0.416498164727967,FANCJKO,5UTR,parallel,2402
45,227.8481012658226,13.657118136738527,0.3859622046043322,FANCJKO,5UTR,parallel,2402
46,278.4810126582279,12.880172474152374,0.3629105088544229,FANCJKO,5UTR,parallel,2402
47,329.1139240506327,12.23554259447035,0.35022432825484345,FANCJKO,5UTR,parallel,2402
48,379.746835443038,11.604393286019143,0.3437359672836953,FANCJKO,5UTR,parallel,2402
49,430.37974683544326,10.934737523840164,0.3384786672407898,FANCJKO,5UTR,parallel,2402
50,481.0126582278481,10.35669122167372,0.34234470458835764,FANCJKO,5UTR,parallel,2402
51,531.6455696202534,9.9378086526603,0.34954803416037267,FANCJKO,5UTR,parallel,2402
52,582.2784810126582,9.580405893310585,0.36456239239708194,FANCJKO,5UTR,parallel,2402
53,632.9113924050635,9.040579534328351,0.361325281657048,FANCJKO,5UTR,parallel,2402
54,683.5443037974683,8.633409620677304,0.3673008660809431,FANCJKO,5UTR,parallel,2402
55,734.1772151898736,8.274656961326496,0.3708301371252628,FANCJKO,5UTR,parallel,2402
56,784.8101265822784,7.923630231464369,0.3669750588351309,FANCJKO,5UTR,parallel,2402
57,835.4430379746836,7.624043846641882,0.36142348924499035,FANCJKO,5UTR,parallel,2402
58,886.0759493670885,7.356940869767567,0.35994778494083457,FANCJKO,5UTR,parallel,2402
59,936.7088607594937,7.042663647973005,0.3469510789227836,FANCJKO,5UTR,parallel,2402
60,987.3417721518986,6.784632491131077,0.3252949794883366,FANCJKO,5UTR,parallel,2402
61,1037.9746835443038,6.5223381886656275,0.3047017326043986,FANCJKO,5UTR,parallel,2402
62,1088.6075949367087,6.236451372426316,0.28621953921392024,FANCJKO,5UTR,parallel,2402
63,1139.240506329114,5.93919470238679,0.2662353269842312,FANCJKO,5UTR,parallel,2402
64,1189.8734177215188,5.692741364716425,0.24664988206041952,FANCJKO,5UTR,parallel,2402
65,1240.506329113924,5.431245823586083,0.22874448668162653,FANCJKO,5UTR,parallel,2402
66,1291.1392405063293,5.263878303334808,0.22226122841883242,FANCJKO,5UTR,parallel,2402
67,1341.7721518987341,5.09828600936554,0.21296751397804772,FANCJKO,5UTR,parallel,2402
68,1392.4050632911394,4.9789648546015854,0.2039240262597327,FANCJKO,5UTR,parallel,2402
69,1443.0379746835442,4.797972291351324,0.19621514864436623,FANCJKO,5UTR,parallel,2402
70,1493.6708860759495,4.617223368540691,0.18790919617125262,FANCJKO,5UTR,parallel,2402
71,1544.3037974683543,4.500868077514703,0.1901321116782552,FANCJKO,5UTR,parallel,2402
72,1594.9367088607596,4.344474145100245,0.18751024933374222,FANCJKO,5UTR,parallel,2402
73,1645.5696202531644,4.279909511280166,0.18913167387845817,FANCJKO,5UTR,parallel,2402
74,1696.2025316455697,4.247796852463588,0.19204349505687549,FANCJKO,5UTR,parallel,2402
75,1746.8354430379745,4.232747800782955,0.1878922964638576,FANCJKO,5UTR,parallel,2402
76,1797.4683544303798,4.251344400800469,0.1921382465780373,FANCJKO,5UTR,parallel,2402
77,1848.1012658227846,4.231086730201344,0.19711026460672612,FANCJKO,5UTR,parallel,2402
78,1898.73417721519,4.178499913914085,0.19306165397129538,FANCJKO,5UTR,parallel,2402
79,1949.3670886075947,4.099003650024802,0.1825182586733927,FANCJKO,5UTR,parallel,2402
80,2000,4.007099966909235,0.17438081533211441,FANCJKO,5UTR,parallel,2402
1,-2000,7.090365617525924,2.144761461402812,FANCJKO,5UTR,antiparallel,149
2,-1949.367088607595,6.737708766881785,1.9886016644968623,FANCJKO,5UTR,antiparallel,149
3,-1898.73417721519,6.068078762930245,1.6526424235252666,FANCJKO,5UTR,antiparallel,149
4,-1848.1012658227849,5.486828156376312,1.308800374475304,FANCJKO,5UTR,antiparallel,149
5,-1797.4683544303798,4.687322277916091,0.864039537966235,FANCJKO,5UTR,antiparallel,149
6,-1746.8354430379748,4.326232894528365,0.6462495537171035,FANCJKO,5UTR,antiparallel,149
7,-1696.2025316455697,4.110448728738482,0.5326569835678383,FANCJKO,5UTR,antiparallel,149
8,-1645.5696202531644,3.9125639027770465,0.49409495963520095,FANCJKO,5UTR,antiparallel,149
9,-1594.9367088607596,3.771176417577987,0.5280854501945299,FANCJKO,5UTR,antiparallel,149
10,-1544.3037974683543,3.7576695659389965,0.549920325102042,FANCJKO,5UTR,antiparallel,149
11,-1493.6708860759495,3.7018757919337126,0.4883061528796252,FANCJKO,5UTR,antiparallel,149
12,-1443.0379746835442,3.593482699778256,0.4080906268946997,FANCJKO,5UTR,antiparallel,149
13,-1392.4050632911392,3.560105108830753,0.37393858582869527,FANCJKO,5UTR,antiparallel,149
14,-1341.7721518987341,3.6788873058570846,0.36093691015323015,FANCJKO,5UTR,antiparallel,149
15,-1291.139240506329,3.7975267846632326,0.3718661914880963,FANCJKO,5UTR,antiparallel,149
16,-1240.506329113924,4.000204403224408,0.4185024444158344,FANCJKO,5UTR,antiparallel,149
17,-1189.873417721519,4.042831779049013,0.44178728325889116,FANCJKO,5UTR,antiparallel,149
18,-1139.240506329114,4.2567720628744805,0.4877930930544726,FANCJKO,5UTR,antiparallel,149
19,-1088.607594936709,4.565767770282908,0.5475868670725883,FANCJKO,5UTR,antiparallel,149
20,-1037.9746835443038,5.055210201270895,0.6382960210936864,FANCJKO,5UTR,antiparallel,149
21,-987.3417721518988,5.359576322045635,0.7048305456412378,FANCJKO,5UTR,antiparallel,149
22,-936.7088607594937,5.563103649706915,0.7733251195282316,FANCJKO,5UTR,antiparallel,149
23,-886.0759493670887,5.790170467065218,0.782179661766325,FANCJKO,5UTR,antiparallel,149
24,-835.4430379746836,5.997502513539871,0.7803934129515192,FANCJKO,5UTR,antiparallel,149
25,-784.8101265822784,6.346684084359965,0.7996584387453508,FANCJKO,5UTR,antiparallel,149
26,-734.1772151898733,6.561556265194144,0.8180638341567495,FANCJKO,5UTR,antiparallel,149
27,-683.5443037974683,6.884500284824329,0.8994015845881055,FANCJKO,5UTR,antiparallel,149
28,-632.9113924050632,7.675497809133807,0.9834103242135737,FANCJKO,5UTR,antiparallel,149
29,-582.2784810126582,8.3235993514445,0.9905496649982791,FANCJKO,5UTR,antiparallel,149
30,-531.6455696202531,8.926114572790645,1.081958616306099,FANCJKO,5UTR,antiparallel,149
31,-481.0126582278481,9.771052739273514,1.3014659189852795,FANCJKO,5UTR,antiparallel,149
32,-430.37974683544303,10.652640725414225,1.5401418085533707,FANCJKO,5UTR,antiparallel,149
33,-379.746835443038,11.790851083425867,1.8767051699439394,FANCJKO,5UTR,antiparallel,149
34,-329.11392405063293,12.559172796792366,2.020033150683224,FANCJKO,5UTR,antiparallel,149
35,-278.4810126582279,13.44017990189644,2.0657678651371763,FANCJKO,5UTR,antiparallel,149
36,-227.84810126582283,14.837494742566307,2.2072445790998865,FANCJKO,5UTR,antiparallel,149
37,-177.21518987341778,15.745096079108432,2.3162710965547393,FANCJKO,5UTR,antiparallel,149
38,-126.58227848101274,16.322901299303812,2.3400530910699593,FANCJKO,5UTR,antiparallel,149
39,-75.94936708860769,16.525710371255343,2.243246299494087,FANCJKO,5UTR,antiparallel,149
40,-25.316455696202638,16.395155653825544,2.1592988975884984,FANCJKO,5UTR,antiparallel,149
41,25.31645569620241,15.983568420964867,2.113662674734733,FANCJKO,5UTR,antiparallel,149
42,75.94936708860769,15.555192739254142,2.0629342961918606,FANCJKO,5UTR,antiparallel,149
43,126.58227848101251,15.210377485576092,1.9202010517159562,FANCJKO,5UTR,antiparallel,149
44,177.21518987341778,14.281925300330391,1.6545804027202307,FANCJKO,5UTR,antiparallel,149
45,227.8481012658226,13.27830776044453,1.42940051030542,FANCJKO,5UTR,antiparallel,149
46,278.4810126582279,12.341157761244165,1.2789537987602153,FANCJKO,5UTR,antiparallel,149
47,329.1139240506327,11.82357977579104,1.195208955625047,FANCJKO,5UTR,antiparallel,149
48,379.746835443038,11.307230836070357,1.1245295727595948,FANCJKO,5UTR,antiparallel,149
49,430.37974683544326,10.948386301210263,1.1180333960435838,FANCJKO,5UTR,antiparallel,149
50,481.0126582278481,10.653476115729184,1.1297220756016573,FANCJKO,5UTR,antiparallel,149
51,531.6455696202534,9.887755249490674,1.0695439505714959,FANCJKO,5UTR,antiparallel,149
52,582.2784810126582,9.266326088259952,1.0162478292071497,FANCJKO,5UTR,antiparallel,149
53,632.9113924050635,8.597055045427625,0.9704482639833754,FANCJKO,5UTR,antiparallel,149
54,683.5443037974683,8.028364207957948,0.9568372069342046,FANCJKO,5UTR,antiparallel,149
55,734.1772151898736,7.938130533156512,1.0746379827172114,FANCJKO,5UTR,antiparallel,149
56,784.8101265822784,7.8014879336293115,1.1902744200871718,FANCJKO,5UTR,antiparallel,149
57,835.4430379746836,7.6289916418596135,1.248429052793372,FANCJKO,5UTR,antiparallel,149
58,886.0759493670885,7.3657551827846754,1.2018121535050919,FANCJKO,5UTR,antiparallel,149
59,936.7088607594937,6.971742493770266,1.0377050074197316,FANCJKO,5UTR,antiparallel,149
60,987.3417721518986,6.523116337586303,0.837960159653355,FANCJKO,5UTR,antiparallel,149
61,1037.9746835443038,6.282003239230555,0.7356221207577875,FANCJKO,5UTR,antiparallel,149
62,1088.6075949367087,6.170037252081587,0.6605288056965652,FANCJKO,5UTR,antiparallel,149
63,1139.240506329114,6.290684851704028,0.6565790905045715,FANCJKO,5UTR,antiparallel,149
64,1189.8734177215188,6.444282835879315,0.7463735380435514,FANCJKO,5UTR,antiparallel,149
65,1240.506329113924,6.4911986433152915,0.8192449279279579,FANCJKO,5UTR,antiparallel,149
66,1291.1392405063293,6.7155982436109705,0.9379521131316978,FANCJKO,5UTR,antiparallel,149
67,1341.7721518987341,6.757646528591779,1.0030063147467894,FANCJKO,5UTR,antiparallel,149
68,1392.4050632911394,6.664870361151045,1.0444161417304387,FANCJKO,5UTR,antiparallel,149
69,1443.0379746835442,6.62283538566073,1.067483642970229,FANCJKO,5UTR,antiparallel,149
70,1493.6708860759495,6.548637679481933,1.2083847300694757,FANCJKO,5UTR,antiparallel,149
71,1544.3037974683543,6.647751242410417,1.4189837798940559,FANCJKO,5UTR,antiparallel,149
72,1594.9367088607596,6.6206713063018165,1.6019010367648214,FANCJKO,5UTR,antiparallel,149
73,1645.5696202531644,6.613352161664557,1.681596624512246,FANCJKO,5UTR,antiparallel,149
74,1696.2025316455697,6.530942545518513,1.5802240910189085,FANCJKO,5UTR,antiparallel,149
75,1746.8354430379745,6.0798691415893416,1.3796366435554603,FANCJKO,5UTR,antiparallel,149
76,1797.4683544303798,5.584645320441099,1.174460199615828,FANCJKO,5UTR,antiparallel,149
77,1848.1012658227846,5.218077297744069,0.9699874965047341,FANCJKO,5UTR,antiparallel,149
78,1898.73417721519,4.804458459538368,0.7631056123450315,FANCJKO,5UTR,antiparallel,149
79,1949.3670886075947,4.466840490686813,0.6611554640924454,FANCJKO,5UTR,antiparallel,149
80,2000,4.313799280768273,0.6146198821266541,FANCJKO,5UTR,antiparallel,149
1,-2000,3.586506397890541,0.3629497147558235,FANCJKO,5UTR,hybrid,363
2,-1949.367088607595,3.6445619557974425,0.38732060370075944,FANCJKO,5UTR,hybrid,363
3,-1898.73417721519,3.63494313859852,0.4145377373463101,FANCJKO,5UTR,hybrid,363
4,-1848.1012658227849,3.656376763357823,0.4432145477062239,FANCJKO,5UTR,hybrid,363
5,-1797.4683544303798,3.7321311286329895,0.44429039294636186,FANCJKO,5UTR,hybrid,363
6,-1746.8354430379748,3.7678567837617942,0.4346789352659121,FANCJKO,5UTR,hybrid,363
7,-1696.2025316455697,3.836243710136939,0.42860572895805926,FANCJKO,5UTR,hybrid,363
8,-1645.5696202531644,3.803554300335813,0.40029702566231484,FANCJKO,5UTR,hybrid,363
9,-1594.9367088607596,3.8328874892177005,0.3619451591863121,FANCJKO,5UTR,hybrid,363
10,-1544.3037974683543,4.0113424976294585,0.3631730083816797,FANCJKO,5UTR,hybrid,363
11,-1493.6708860759495,4.154055932152698,0.39548095140882056,FANCJKO,5UTR,hybrid,363
12,-1443.0379746835442,4.127876243696397,0.42061878187793905,FANCJKO,5UTR,hybrid,363
13,-1392.4050632911392,4.0986783097839,0.46372925817013577,FANCJKO,5UTR,hybrid,363
14,-1341.7721518987341,4.164454950329577,0.5140842399115807,FANCJKO,5UTR,hybrid,363
15,-1291.139240506329,4.155988747559084,0.5314210952485267,FANCJKO,5UTR,hybrid,363
16,-1240.506329113924,4.156386518338276,0.5462976319744686,FANCJKO,5UTR,hybrid,363
17,-1189.873417721519,4.269767154843792,0.5589907296792432,FANCJKO,5UTR,hybrid,363
18,-1139.240506329114,4.415104509466169,0.5240347778782016,FANCJKO,5UTR,hybrid,363
19,-1088.607594936709,4.479567041013961,0.4444306868881208,FANCJKO,5UTR,hybrid,363
20,-1037.9746835443038,4.807005774580743,0.4476325650213305,FANCJKO,5UTR,hybrid,363
21,-987.3417721518988,5.140296249407163,0.47012856445782536,FANCJKO,5UTR,hybrid,363
22,-936.7088607594937,5.525566622315469,0.49753486533875724,FANCJKO,5UTR,hybrid,363
23,-886.0759493670887,5.996738671936827,0.5344016272239878,FANCJKO,5UTR,hybrid,363
24,-835.4430379746836,6.648614059451307,0.5974736227357356,FANCJKO,5UTR,hybrid,363
25,-784.8101265822784,7.419932114896257,0.6661430433704749,FANCJKO,5UTR,hybrid,363
26,-734.1772151898733,8.198712015423455,0.7478610782707129,FANCJKO,5UTR,hybrid,363
27,-683.5443037974683,9.052152024184595,0.8575830752476572,FANCJKO,5UTR,hybrid,363
28,-632.9113924050632,10.178107122326248,1.0020920098466521,FANCJKO,5UTR,hybrid,363
29,-582.2784810126582,11.47195377967027,1.1451445244925496,FANCJKO,5UTR,hybrid,363
30,-531.6455696202531,12.694901363068047,1.3394482090907978,FANCJKO,5UTR,hybrid,363
31,-481.0126582278481,13.804633536520521,1.5108810818238017,FANCJKO,5UTR,hybrid,363
32,-430.37974683544303,14.73538551154106,1.5642442533204974,FANCJKO,5UTR,hybrid,363
33,-379.746835443038,15.743068139990937,1.605143824471523,FANCJKO,5UTR,hybrid,363
34,-329.11392405063293,17.064103985316606,1.6684089943445137,FANCJKO,5UTR,hybrid,363
35,-278.4810126582279,17.876165990087284,1.6826024980346885,FANCJKO,5UTR,hybrid,363
36,-227.84810126582283,18.76219041158783,1.6793411061443022,FANCJKO,5UTR,hybrid,363
37,-177.21518987341778,19.65366736106636,1.733931857920671,FANCJKO,5UTR,hybrid,363
38,-126.58227848101274,20.69693152051108,1.779084840735094,FANCJKO,5UTR,hybrid,363
39,-75.94936708860769,20.797568399290956,1.7026679136325453,FANCJKO,5UTR,hybrid,363
40,-25.316455696202638,20.35124276426541,1.6358772476079548,FANCJKO,5UTR,hybrid,363
41,25.31645569620241,19.391359299030515,1.5097627547456718,FANCJKO,5UTR,hybrid,363
42,75.94936708860769,18.28560668495185,1.3887354160705447,FANCJKO,5UTR,hybrid,363
43,126.58227848101251,17.01382020892519,1.2322997097220871,FANCJKO,5UTR,hybrid,363
44,177.21518987341778,15.700822825648567,1.113403101908975,FANCJKO,5UTR,hybrid,363
45,227.8481012658226,14.58397902753618,1.0496749588348542,FANCJKO,5UTR,hybrid,363
46,278.4810126582279,13.63127909510151,1.0262421984271302,FANCJKO,5UTR,hybrid,363
47,329.1139240506327,13.017293655454182,1.0172651811252007,FANCJKO,5UTR,hybrid,363
48,379.746835443038,12.40888639233329,0.951989737736562,FANCJKO,5UTR,hybrid,363
49,430.37974683544326,11.74125859511238,0.9363584690165514,FANCJKO,5UTR,hybrid,363
50,481.0126582278481,11.009098397117892,0.9602468268973912,FANCJKO,5UTR,hybrid,363
51,531.6455696202534,10.304287185942613,1.071071540236134,FANCJKO,5UTR,hybrid,363
52,582.2784810126582,9.705440922678886,1.1300524747656993,FANCJKO,5UTR,hybrid,363
53,632.9113924050635,9.544505186667674,1.3046042509591502,FANCJKO,5UTR,hybrid,363
54,683.5443037974683,9.258220284433952,1.4159891849730475,FANCJKO,5UTR,hybrid,363
55,734.1772151898736,8.874486467308468,1.4502274487496185,FANCJKO,5UTR,hybrid,363
56,784.8101265822784,8.417282461235565,1.4065348179294406,FANCJKO,5UTR,hybrid,363
57,835.4430379746836,8.131616359402873,1.3045199440003616,FANCJKO,5UTR,hybrid,363
58,886.0759493670885,7.987507966766673,1.167588657972218,FANCJKO,5UTR,hybrid,363
59,936.7088607594937,8.175565393222813,1.207463793195034,FANCJKO,5UTR,hybrid,363
60,987.3417721518986,8.254600187414168,1.2947980109081902,FANCJKO,5UTR,hybrid,363
61,1037.9746835443038,8.196094051699117,1.3181586891328216,FANCJKO,5UTR,hybrid,363
62,1088.6075949367087,7.913109670543583,1.285968539903699,FANCJKO,5UTR,hybrid,363
63,1139.240506329114,7.690153096120658,1.284873105434481,FANCJKO,5UTR,hybrid,363
64,1189.8734177215188,7.466734306696251,1.2163087130378343,FANCJKO,5UTR,hybrid,363
65,1240.506329113924,6.97415542085856,1.0593180499568964,FANCJKO,5UTR,hybrid,363
66,1291.1392405063293,6.593416644703696,0.8994580572531428,FANCJKO,5UTR,hybrid,363
67,1341.7721518987341,6.250211326977438,0.7876218089605388,FANCJKO,5UTR,hybrid,363
68,1392.4050632911394,5.945862964795641,0.7220055263960417,FANCJKO,5UTR,hybrid,363
69,1443.0379746835442,5.701047830754622,0.6894806219066725,FANCJKO,5UTR,hybrid,363
70,1493.6708860759495,5.357493948833564,0.6146589884040602,FANCJKO,5UTR,hybrid,363
71,1544.3037974683543,5.0404183604194,0.5094623456756968,FANCJKO,5UTR,hybrid,363
72,1594.9367088607596,4.7518540843831385,0.45483434884241303,FANCJKO,5UTR,hybrid,363
73,1645.5696202531644,4.3826398389880215,0.3882115988637219,FANCJKO,5UTR,hybrid,363
74,1696.2025316455697,4.20410406191487,0.369333297122641,FANCJKO,5UTR,hybrid,363
75,1746.8354430379745,4.066135629394713,0.3505935222003257,FANCJKO,5UTR,hybrid,363
76,1797.4683544303798,3.8724360596378316,0.32248885823189966,FANCJKO,5UTR,hybrid,363
77,1848.1012658227846,3.7286605497256016,0.29432158684343596,FANCJKO,5UTR,hybrid,363
78,1898.73417721519,3.6354460696018105,0.2869536005833217,FANCJKO,5UTR,hybrid,363
79,1949.3670886075947,3.5453092376018907,0.29120836239651926,FANCJKO,5UTR,hybrid,363
80,2000,3.488934508015849,0.2992932511007635,FANCJKO,5UTR,hybrid,363
1,-2000,2.5102867739427985,0.04751017103331583,FANCJKO,5UTR,none,16000
2,-1949.367088607595,2.506737059400221,0.04796375187844767,FANCJKO,5UTR,none,16000
3,-1898.73417721519,2.510607577604241,0.04821135783044089,FANCJKO,5UTR,none,16000
4,-1848.1012658227849,2.5163896316378143,0.04844417932372519,FANCJKO,5UTR,none,16000
5,-1797.4683544303798,2.5008013141780148,0.047961958896121926,FANCJKO,5UTR,none,16000
6,-1746.8354430379748,2.499185288235296,0.04727844225271447,FANCJKO,5UTR,none,16000
7,-1696.2025316455697,2.496201413117883,0.046777811287607496,FANCJKO,5UTR,none,16000
8,-1645.5696202531644,2.4813606305383673,0.04595971401254241,FANCJKO,5UTR,none,16000
9,-1594.9367088607596,2.476708771209859,0.045416517103604566,FANCJKO,5UTR,none,16000
10,-1544.3037974683543,2.46327602346072,0.04474301307886815,FANCJKO,5UTR,none,16000
11,-1493.6708860759495,2.4398023158233046,0.04457462309390018,FANCJKO,5UTR,none,16000
12,-1443.0379746835442,2.433515108752536,0.0455427785470493,FANCJKO,5UTR,none,16000
13,-1392.4050632911392,2.4407254490333243,0.0475237500304815,FANCJKO,5UTR,none,16000
14,-1341.7721518987341,2.441280963066854,0.0493266457700479,FANCJKO,5UTR,none,16000
15,-1291.139240506329,2.428197936709358,0.04928917893194497,FANCJKO,5UTR,none,16000
16,-1240.506329113924,2.4021628877576116,0.04833414269379499,FANCJKO,5UTR,none,16000
17,-1189.873417721519,2.3934213485529954,0.04866584065475428,FANCJKO,5UTR,none,16000
18,-1139.240506329114,2.3612721498530362,0.047526984626563754,FANCJKO,5UTR,none,16000
19,-1088.607594936709,2.3123100671078056,0.045105043374520724,FANCJKO,5UTR,none,16000
20,-1037.9746835443038,2.269548758552472,0.042601246824276656,FANCJKO,5UTR,none,16000
21,-987.3417721518988,2.224282539519025,0.04071738928617479,FANCJKO,5UTR,none,16000
22,-936.7088607594937,2.1846742214403485,0.03866192934551037,FANCJKO,5UTR,none,16000
23,-886.0759493670887,2.1470253677891953,0.036022990739546505,FANCJKO,5UTR,none,16000
24,-835.4430379746836,2.098858227282371,0.03369345153205805,FANCJKO,5UTR,none,16000
25,-784.8101265822784,2.0659153239333485,0.03134856704387185,FANCJKO,5UTR,none,16000
26,-734.1772151898733,2.0233063052697258,0.02937825720981526,FANCJKO,5UTR,none,16000
27,-683.5443037974683,1.9845901216580792,0.02739097310008853,FANCJKO,5UTR,none,16000
28,-632.9113924050632,1.9285920517534791,0.024721447429877582,FANCJKO,5UTR,none,16000
29,-582.2784810126582,1.8868562768639026,0.02248454516249323,FANCJKO,5UTR,none,16000
30,-531.6455696202531,1.8269612186654722,0.02016654933469504,FANCJKO,5UTR,none,16000
31,-481.0126582278481,1.757827669676999,0.018167746710488247,FANCJKO,5UTR,none,16000
32,-430.37974683544303,1.7157327144503112,0.01705195544947211,FANCJKO,5UTR,none,16000
33,-379.746835443038,1.6778695730957904,0.01610013565127238,FANCJKO,5UTR,none,16000
34,-329.11392405063293,1.6439695894618245,0.015176381455424643,FANCJKO,5UTR,none,16000
35,-278.4810126582279,1.620120651570227,0.014427858638824323,FANCJKO,5UTR,none,16000
36,-227.84810126582283,1.6109637954390283,0.01404854709439974,FANCJKO,5UTR,none,16000
37,-177.21518987341778,1.5877249388229142,0.013546210764619508,FANCJKO,5UTR,none,16000
38,-126.58227848101274,1.5628072172352876,0.01302645908862088,FANCJKO,5UTR,none,16000
39,-75.94936708860769,1.5407617104415416,0.01267220172380456,FANCJKO,5UTR,none,16000
40,-25.316455696202638,1.5310355499867647,0.012424033253553037,FANCJKO,5UTR,none,16000
41,25.31645569620241,1.5310510775613309,0.01232094716297207,FANCJKO,5UTR,none,16000
42,75.94936708860769,1.5360216269878288,0.012419422307959692,FANCJKO,5UTR,none,16000
43,126.58227848101251,1.5390777706188656,0.012626667935751613,FANCJKO,5UTR,none,16000
44,177.21518987341778,1.5460134605101337,0.01301323814291961,FANCJKO,5UTR,none,16000
45,227.8481012658226,1.5631374789731478,0.013540894501352306,FANCJKO,5UTR,none,16000
46,278.4810126582279,1.589100467519797,0.014407589265071583,FANCJKO,5UTR,none,16000
47,329.1139240506327,1.622064647563052,0.01573220872382498,FANCJKO,5UTR,none,16000
48,379.746835443038,1.6564503607550487,0.01727024177792549,FANCJKO,5UTR,none,16000
49,430.37974683544326,1.700013731321246,0.01919862065284939,FANCJKO,5UTR,none,16000
50,481.0126582278481,1.7420139346460697,0.020654077668932198,FANCJKO,5UTR,none,16000
51,531.6455696202534,1.785704447744716,0.02162465725901572,FANCJKO,5UTR,none,16000
52,582.2784810126582,1.8263642620482552,0.02221843470301456,FANCJKO,5UTR,none,16000
53,632.9113924050635,1.8763799271632675,0.0233137889471385,FANCJKO,5UTR,none,16000
54,683.5443037974683,1.9269836104547537,0.02522210640419037,FANCJKO,5UTR,none,16000
55,734.1772151898736,1.9884068004704878,0.028190492254456398,FANCJKO,5UTR,none,16000
56,784.8101265822784,2.05779282602438,0.03217979384028353,FANCJKO,5UTR,none,16000
57,835.4430379746836,2.106847262996973,0.035362263935484126,FANCJKO,5UTR,none,16000
58,886.0759493670885,2.1452215950064684,0.03766227370027136,FANCJKO,5UTR,none,16000
59,936.7088607594937,2.199645074172684,0.03941621204214534,FANCJKO,5UTR,none,16000
60,987.3417721518986,2.2429354026114368,0.03959537163670568,FANCJKO,5UTR,none,16000
61,1037.9746835443038,2.2725587082431176,0.03980717930519046,FANCJKO,5UTR,none,16000
62,1088.6075949367087,2.286832291237173,0.03946368973257941,FANCJKO,5UTR,none,16000
63,1139.240506329114,2.3049371028595242,0.03978716365935249,FANCJKO,5UTR,none,16000
64,1189.8734177215188,2.3314024128744952,0.04122379247855204,FANCJKO,5UTR,none,16000
65,1240.506329113924,2.3713643689999526,0.04356548261958485,FANCJKO,5UTR,none,16000
66,1291.1392405063293,2.401201665637501,0.04522256690189914,FANCJKO,5UTR,none,16000
67,1341.7721518987341,2.417952064413549,0.04678769350119308,FANCJKO,5UTR,none,16000
68,1392.4050632911394,2.4358345938208124,0.04839094651930878,FANCJKO,5UTR,none,16000
69,1443.0379746835442,2.457794841505816,0.050259175223498924,FANCJKO,5UTR,none,16000
70,1493.6708860759495,2.464833054814676,0.052066676434359346,FANCJKO,5UTR,none,16000
71,1544.3037974683543,2.4599913635952984,0.051773325688296234,FANCJKO,5UTR,none,16000
72,1594.9367088607596,2.444627674098329,0.05108362841681065,FANCJKO,5UTR,none,16000
73,1645.5696202531644,2.4297448365025835,0.04976470594355618,FANCJKO,5UTR,none,16000
74,1696.2025316455697,2.4204970958059975,0.047685866308119725,FANCJKO,5UTR,none,16000
75,1746.8354430379745,2.4100518892885097,0.0461921427187437,FANCJKO,5UTR,none,16000
76,1797.4683544303798,2.4208603563790048,0.04607694391233462,FANCJKO,5UTR,none,16000
77,1848.1012658227846,2.44700543017944,0.04678736297913922,FANCJKO,5UTR,none,16000
78,1898.73417721519,2.4671342206441746,0.04812258119329464,FANCJKO,5UTR,none,16000
79,1949.3670886075947,2.4767298347186175,0.04811063483019548,FANCJKO,5UTR,none,16000
80,2000,2.480019091279529,0.048487827659807525,FANCJKO,5UTR,none,16000
1,-2000,6.876807768317087,0.30120179784918644,dKO,5UTR,parallel,2402
2,-1949.367088607595,6.922761121637584,0.2994196234381695,dKO,5UTR,parallel,2402
3,-1898.73417721519,6.944957085292669,0.29016851811828404,dKO,5UTR,parallel,2402
4,-1848.1012658227849,7.002799626575918,0.2803944496409223,dKO,5UTR,parallel,2402
5,-1797.4683544303798,6.966356782904937,0.27618939923267527,dKO,5UTR,parallel,2402
6,-1746.8354430379748,7.079901662133582,0.29732344280477657,dKO,5UTR,parallel,2402
7,-1696.2025316455697,7.261227242746784,0.3185675155515821,dKO,5UTR,parallel,2402
8,-1645.5696202531644,7.486048922588386,0.32931461462965195,dKO,5UTR,parallel,2402
9,-1594.9367088607596,7.670188659116224,0.3352561113940359,dKO,5UTR,parallel,2402
10,-1544.3037974683543,7.778794942514254,0.3428810881344026,dKO,5UTR,parallel,2402
11,-1493.6708860759495,7.874000585695918,0.3616355174943353,dKO,5UTR,parallel,2402
12,-1443.0379746835442,8.066744426679783,0.3900365692593569,dKO,5UTR,parallel,2402
13,-1392.4050632911392,8.243423929999281,0.4069670956717907,dKO,5UTR,parallel,2402
14,-1341.7721518987341,8.417699023297585,0.40605005941746825,dKO,5UTR,parallel,2402
15,-1291.139240506329,8.58646119742072,0.39884470893166385,dKO,5UTR,parallel,2402
16,-1240.506329113924,8.704777846414778,0.3867341977936626,dKO,5UTR,parallel,2402
17,-1189.873417721519,8.877328505044575,0.3783432283377321,dKO,5UTR,parallel,2402
18,-1139.240506329114,9.137475508209933,0.37492849456367816,dKO,5UTR,parallel,2402
19,-1088.607594936709,9.479393762613778,0.3902218788774405,dKO,5UTR,parallel,2402
20,-1037.9746835443038,9.741001146739302,0.3977936216096854,dKO,5UTR,parallel,2402
21,-987.3417721518988,10.0568478703254,0.4085039572422324,dKO,5UTR,parallel,2402
22,-936.7088607594937,10.502627627711279,0.42020228983254704,dKO,5UTR,parallel,2402
23,-886.0759493670887,11.004019667237062,0.43167982058272714,dKO,5UTR,parallel,2402
24,-835.4430379746836,11.569989735938892,0.44344055939489174,dKO,5UTR,parallel,2402
25,-784.8101265822784,12.273336722327377,0.46232698100868425,dKO,5UTR,parallel,2402
26,-734.1772151898733,12.918736910827947,0.47454831697431454,dKO,5UTR,parallel,2402
27,-683.5443037974683,13.589893407380286,0.47845579708970615,dKO,5UTR,parallel,2402
28,-632.9113924050632,14.532873342694954,0.5024671325819319,dKO,5UTR,parallel,2402
29,-582.2784810126582,15.58461138344592,0.5353611981054297,dKO,5UTR,parallel,2402
30,-531.6455696202531,16.669281068849724,0.5715686863133033,dKO,5UTR,parallel,2402
31,-481.0126582278481,17.958516814886384,0.6108272732699069,dKO,5UTR,parallel,2402
32,-430.37974683544303,19.26793988990777,0.645436474124776,dKO,5UTR,parallel,2402
33,-379.746835443038,20.533808664024917,0.6804369009457621,dKO,5UTR,parallel,2402
34,-329.11392405063293,21.858008876013287,0.726443435461319,dKO,5UTR,parallel,2402
35,-278.4810126582279,23.20617460126881,0.7734115111247978,dKO,5UTR,parallel,2402
36,-227.84810126582283,24.198621849587585,0.8025934364961361,dKO,5UTR,parallel,2402
37,-177.21518987341778,24.99622560443231,0.808440930865613,dKO,5UTR,parallel,2402
38,-126.58227848101274,25.4652739593002,0.787842586714356,dKO,5UTR,parallel,2402
39,-75.94936708860769,25.44930109530828,0.7429058114674134,dKO,5UTR,parallel,2402
40,-25.316455696202638,24.936364576381806,0.6913671838619598,dKO,5UTR,parallel,2402
41,25.31645569620241,24.106155049766464,0.6387895317185988,dKO,5UTR,parallel,2402
42,75.94936708860769,23.30130997419291,0.6071566067925966,dKO,5UTR,parallel,2402
43,126.58227848101251,22.5741783953699,0.5882998837813755,dKO,5UTR,parallel,2402
44,177.21518987341778,21.596318587391966,0.5551410285904227,dKO,5UTR,parallel,2402
45,227.8481012658226,20.39921998009065,0.5146255279099756,dKO,5UTR,parallel,2402
46,278.4810126582279,19.33234382940007,0.48878079528782686,dKO,5UTR,parallel,2402
47,329.1139240506327,18.429306602753634,0.47326386176444984,dKO,5UTR,parallel,2402
48,379.746835443038,17.544848153821434,0.46456646348700825,dKO,5UTR,parallel,2402
49,430.37974683544326,16.536665528487603,0.45506799337003956,dKO,5UTR,parallel,2402
50,481.0126582278481,15.668507567602761,0.45199881364523625,dKO,5UTR,parallel,2402
51,531.6455696202534,15.025338025918908,0.4569645533491614,dKO,5UTR,parallel,2402
52,582.2784810126582,14.423919954450799,0.46856606799072853,dKO,5UTR,parallel,2402
53,632.9113924050635,13.735255956529347,0.4654681020425628,dKO,5UTR,parallel,2402
54,683.5443037974683,13.108049818984078,0.4646705877692041,dKO,5UTR,parallel,2402
55,734.1772151898736,12.528499048051986,0.4675191115018491,dKO,5UTR,parallel,2402
56,784.8101265822784,11.9816313532975,0.4627339561002777,dKO,5UTR,parallel,2402
57,835.4430379746836,11.590987935901648,0.4546918869488061,dKO,5UTR,parallel,2402
58,886.0759493670885,11.10564413361572,0.44942758222141344,dKO,5UTR,parallel,2402
59,936.7088607594937,10.661581624008834,0.4341513012314351,dKO,5UTR,parallel,2402
60,987.3417721518986,10.241061625672552,0.4148660515201906,dKO,5UTR,parallel,2402
61,1037.9746835443038,9.814132996261236,0.3933728134279217,dKO,5UTR,parallel,2402
62,1088.6075949367087,9.383335609106497,0.37539756297378146,dKO,5UTR,parallel,2402
63,1139.240506329114,8.972670561330636,0.3580074946845569,dKO,5UTR,parallel,2402
64,1189.8734177215188,8.616287293017589,0.3377848553084046,dKO,5UTR,parallel,2402
65,1240.506329113924,8.298797585254174,0.3159519760366123,dKO,5UTR,parallel,2402
66,1291.1392405063293,8.018178718135385,0.2978561960487806,dKO,5UTR,parallel,2402
67,1341.7721518987341,7.765201724332933,0.2848912235357207,dKO,5UTR,parallel,2402
68,1392.4050632911394,7.567140271480369,0.2778717164509514,dKO,5UTR,parallel,2402
69,1443.0379746835442,7.3796905015261345,0.2753768838685831,dKO,5UTR,parallel,2402
70,1493.6708860759495,7.237769589876089,0.27551727834367984,dKO,5UTR,parallel,2402
71,1544.3037974683543,7.040315864826288,0.2742218043965346,dKO,5UTR,parallel,2402
72,1594.9367088607596,6.835827516645913,0.2675458131334573,dKO,5UTR,parallel,2402
73,1645.5696202531644,6.731374744399534,0.2656272720574056,dKO,5UTR,parallel,2402
74,1696.2025316455697,6.646175251650274,0.26612795406593204,dKO,5UTR,parallel,2402
75,1746.8354430379745,6.520586388946539,0.2553602145887964,dKO,5UTR,parallel,2402
76,1797.4683544303798,6.550603736681373,0.263431163481271,dKO,5UTR,parallel,2402
77,1848.1012658227846,6.557708199652506,0.27253728141455047,dKO,5UTR,parallel,2402
78,1898.73417721519,6.462367902962393,0.27144401624953207,dKO,5UTR,parallel,2402
79,1949.3670886075947,6.368193850864677,0.2638937979094464,dKO,5UTR,parallel,2402
80,2000,6.2469945224093095,0.25009855465560876,dKO,5UTR,parallel,2402
1,-2000,9.479079441960225,2.6606599637566135,dKO,5UTR,antiparallel,149
2,-1949.367088607595,9.083160324624721,2.5440621346732004,dKO,5UTR,antiparallel,149
3,-1898.73417721519,8.45923204703619,2.188618168804398,dKO,5UTR,antiparallel,149
4,-1848.1012658227849,7.779752295646625,1.7731909187888522,dKO,5UTR,antiparallel,149
5,-1797.4683544303798,6.770363601998195,1.24325996967913,dKO,5UTR,antiparallel,149
6,-1746.8354430379748,6.352183527770459,0.9680149599502812,dKO,5UTR,antiparallel,149
7,-1696.2025316455697,6.331277137256042,0.8836648627481798,dKO,5UTR,antiparallel,149
8,-1645.5696202531644,6.205996514753474,0.8835103635214491,dKO,5UTR,antiparallel,149
9,-1594.9367088607596,6.398216557417406,1.0548657777903554,dKO,5UTR,antiparallel,149
10,-1544.3037974683543,6.638909563026172,1.141101141029802,dKO,5UTR,antiparallel,149
11,-1493.6708860759495,6.4880658460890155,1.0359444086404288,dKO,5UTR,antiparallel,149
12,-1443.0379746835442,6.432390093803406,0.9302476530040403,dKO,5UTR,antiparallel,149
13,-1392.4050632911392,6.370785921937401,0.8473189718438756,dKO,5UTR,antiparallel,149
14,-1341.7721518987341,6.371307179517127,0.7685638325521965,dKO,5UTR,antiparallel,149
15,-1291.139240506329,6.427882543799594,0.7186076805597907,dKO,5UTR,antiparallel,149
16,-1240.506329113924,6.4754730354592835,0.7262798983239812,dKO,5UTR,antiparallel,149
17,-1189.873417721519,6.322248955807696,0.7069777048883588,dKO,5UTR,antiparallel,149
18,-1139.240506329114,6.361621356698491,0.7270720362186968,dKO,5UTR,antiparallel,149
19,-1088.607594936709,6.6447637647697055,0.7695334703930984,dKO,5UTR,antiparallel,149
20,-1037.9746835443038,7.3713114378809665,0.9113381265882882,dKO,5UTR,antiparallel,149
21,-987.3417721518988,8.043190253762324,1.1523235960962668,dKO,5UTR,antiparallel,149
22,-936.7088607594937,8.450058162895091,1.2240006931063172,dKO,5UTR,antiparallel,149
23,-886.0759493670887,8.64365949159234,1.1772153604312996,dKO,5UTR,antiparallel,149
24,-835.4430379746836,8.950620150438091,1.1580585084179422,dKO,5UTR,antiparallel,149
25,-784.8101265822784,9.42222303409171,1.1495302517979076,dKO,5UTR,antiparallel,149
26,-734.1772151898733,9.709404373584977,1.1221065663295704,dKO,5UTR,antiparallel,149
27,-683.5443037974683,10.213644609904662,1.175292561871582,dKO,5UTR,antiparallel,149
28,-632.9113924050632,11.22174833664158,1.281340899854214,dKO,5UTR,antiparallel,149
29,-582.2784810126582,12.231172348023527,1.4074965681711853,dKO,5UTR,antiparallel,149
30,-531.6455696202531,13.109738844150398,1.5223142684552609,dKO,5UTR,antiparallel,149
31,-481.0126582278481,14.524585428077902,1.7079436546665674,dKO,5UTR,antiparallel,149
32,-430.37974683544303,15.755852206382709,1.8338094655750834,dKO,5UTR,antiparallel,149
33,-379.746835443038,16.999029737164243,2.080711798745818,dKO,5UTR,antiparallel,149
34,-329.11392405063293,18.247964660817345,2.230003076765101,dKO,5UTR,antiparallel,149
35,-278.4810126582279,19.33974887964176,2.322681234205067,dKO,5UTR,antiparallel,149
36,-227.84810126582283,21.059101997093865,2.550662076268151,dKO,5UTR,antiparallel,149
37,-177.21518987341778,22.433849332577964,2.7273148446607167,dKO,5UTR,antiparallel,149
38,-126.58227848101274,23.307694547128357,2.790451840082186,dKO,5UTR,antiparallel,149
39,-75.94936708860769,23.41780602351131,2.752145965521344,dKO,5UTR,antiparallel,149
40,-25.316455696202638,23.109373878947306,2.6914678641354053,dKO,5UTR,antiparallel,149
41,25.31645569620241,22.759477156680703,2.647923741803363,dKO,5UTR,antiparallel,149
42,75.94936708860769,22.40485076254113,2.5861105133906745,dKO,5UTR,antiparallel,149
43,126.58227848101251,22.194566553284393,2.4683990053560025,dKO,5UTR,antiparallel,149
44,177.21518987341778,21.689511334010685,2.220748072311672,dKO,5UTR,antiparallel,149
45,227.8481012658226,20.62501055668398,2.0093475504095357,dKO,5UTR,antiparallel,149
46,278.4810126582279,19.229089386761856,1.804401652354425,dKO,5UTR,antiparallel,149
47,329.1139240506327,18.14065175446888,1.6945079342394973,dKO,5UTR,antiparallel,149
48,379.746835443038,17.379102849656302,1.6604655937416737,dKO,5UTR,antiparallel,149
49,430.37974683544326,17.01521607709411,1.7067857656369478,dKO,5UTR,antiparallel,149
50,481.0126582278481,16.8916095606326,1.7272835617214848,dKO,5UTR,antiparallel,149
51,531.6455696202534,16.144744282003483,1.6800186863886666,dKO,5UTR,antiparallel,149
52,582.2784810126582,15.116013892358314,1.586908803062795,dKO,5UTR,antiparallel,149
53,632.9113924050635,13.903633837262523,1.4995438613722714,dKO,5UTR,antiparallel,149
54,683.5443037974683,12.764620748696977,1.4503433564713948,dKO,5UTR,antiparallel,149
55,734.1772151898736,12.503633404140771,1.5745826474100322,dKO,5UTR,antiparallel,149
56,784.8101265822784,11.969828002799543,1.6971177006167608,dKO,5UTR,antiparallel,149
57,835.4430379746836,11.491033696333567,1.70618176900374,dKO,5UTR,antiparallel,149
58,886.0759493670885,11.093276124112558,1.6214235219464375,dKO,5UTR,antiparallel,149
59,936.7088607594937,10.728108416862403,1.4368218012525178,dKO,5UTR,antiparallel,149
60,987.3417721518986,10.167513899600479,1.2400111528431796,dKO,5UTR,antiparallel,149
61,1037.9746835443038,9.896158053949643,1.1560314439863246,dKO,5UTR,antiparallel,149
62,1088.6075949367087,10.054357356102408,1.1287756129537014,dKO,5UTR,antiparallel,149
63,1139.240506329114,10.31266322247934,1.1923642541835013,dKO,5UTR,antiparallel,149
64,1189.8734177215188,10.559433744967118,1.2982371769636651,dKO,5UTR,antiparallel,149
65,1240.506329113924,10.54904237484772,1.3633662352935594,dKO,5UTR,antiparallel,149
66,1291.1392405063293,10.502067572062447,1.4278435404968413,dKO,5UTR,antiparallel,149
67,1341.7721518987341,10.420903574967012,1.4461633299309276,dKO,5UTR,antiparallel,149
68,1392.4050632911394,10.37466070818421,1.4944077660658752,dKO,5UTR,antiparallel,149
69,1443.0379746835442,10.324930476358272,1.5971206225816836,dKO,5UTR,antiparallel,149
70,1493.6708860759495,10.50650366666333,1.8489251084947103,dKO,5UTR,antiparallel,149
71,1544.3037974683543,10.54101030669223,2.0467782335628284,dKO,5UTR,antiparallel,149
72,1594.9367088607596,10.720212308789794,2.240239106432094,dKO,5UTR,antiparallel,149
73,1645.5696202531644,10.640081173029522,2.282440130069423,dKO,5UTR,antiparallel,149
74,1696.2025316455697,10.227075184618334,2.2398841257060456,dKO,5UTR,antiparallel,149
75,1746.8354430379745,9.610588011101589,2.0614411478646857,dKO,5UTR,antiparallel,149
76,1797.4683544303798,8.760976738337703,1.8090801439584285,dKO,5UTR,antiparallel,149
77,1848.1012658227846,8.174206404712642,1.5292670425718948,dKO,5UTR,antiparallel,149
78,1898.73417721519,7.535961345868889,1.2746312707593432,dKO,5UTR,antiparallel,149
79,1949.3670886075947,6.973058127503534,1.055117718899964,dKO,5UTR,antiparallel,149
80,2000,6.588276098062528,0.9436652580600242,dKO,5UTR,antiparallel,149
1,-2000,5.721589095894627,0.5477338175528083,dKO,5UTR,hybrid,363
2,-1949.367088607595,5.675784674279727,0.5581661658662861,dKO,5UTR,hybrid,363
3,-1898.73417721519,5.700379694215303,0.6056417648214552,dKO,5UTR,hybrid,363
4,-1848.1012658227849,5.764901713164604,0.6310549765956979,dKO,5UTR,hybrid,363
5,-1797.4683544303798,5.959998707764734,0.660997031055981,dKO,5UTR,hybrid,363
6,-1746.8354430379748,6.135906968797643,0.6906388076653717,dKO,5UTR,hybrid,363
7,-1696.2025316455697,6.30480850491423,0.6956407390388093,dKO,5UTR,hybrid,363
8,-1645.5696202531644,6.3293836680719675,0.6607885066403143,dKO,5UTR,hybrid,363
9,-1594.9367088607596,6.212860079788089,0.5803233423182174,dKO,5UTR,hybrid,363
10,-1544.3037974683543,6.325531350090703,0.5398085513768099,dKO,5UTR,hybrid,363
11,-1493.6708860759495,6.434630795687683,0.5641362275580908,dKO,5UTR,hybrid,363
12,-1443.0379746835442,6.409016595075062,0.5689504031075435,dKO,5UTR,hybrid,363
13,-1392.4050632911392,6.348028325090943,0.6260430347176333,dKO,5UTR,hybrid,363
14,-1341.7721518987341,6.279852249917905,0.6585729662429267,dKO,5UTR,hybrid,363
15,-1291.139240506329,6.260873119375703,0.6766268199848277,dKO,5UTR,hybrid,363
16,-1240.506329113924,6.332694280467195,0.7089295119850004,dKO,5UTR,hybrid,363
17,-1189.873417721519,6.646635226246629,0.7356841735945374,dKO,5UTR,hybrid,363
18,-1139.240506329114,6.994979474844464,0.6993173342374982,dKO,5UTR,hybrid,363
19,-1088.607594936709,7.288058777796882,0.6477515374218265,dKO,5UTR,hybrid,363
20,-1037.9746835443038,7.682405293692789,0.6417671386314865,dKO,5UTR,hybrid,363
21,-987.3417721518988,8.187152086510585,0.6710532443105273,dKO,5UTR,hybrid,363
22,-936.7088607594937,8.855676566499215,0.714143966115186,dKO,5UTR,hybrid,363
23,-886.0759493670887,9.494030070552265,0.7816004941778376,dKO,5UTR,hybrid,363
24,-835.4430379746836,10.360217717171153,0.8721335266656884,dKO,5UTR,hybrid,363
25,-784.8101265822784,11.397564518414471,0.9658766819037725,dKO,5UTR,hybrid,363
26,-734.1772151898733,12.567540723767381,1.0684258641043693,dKO,5UTR,hybrid,363
27,-683.5443037974683,13.665934922283565,1.1817504206988927,dKO,5UTR,hybrid,363
28,-632.9113924050632,15.046089423153793,1.3201874146917894,dKO,5UTR,hybrid,363
29,-582.2784810126582,16.589815948532742,1.4616845594448047,dKO,5UTR,hybrid,363
30,-531.6455696202531,18.05615989617189,1.6651043012313727,dKO,5UTR,hybrid,363
31,-481.0126582278481,19.554607247375806,1.8610874090887624,dKO,5UTR,hybrid,363
32,-430.37974683544303,21.126098896979848,1.9584188527291178,dKO,5UTR,hybrid,363
33,-379.746835443038,22.769315351139415,2.058844044219178,dKO,5UTR,hybrid,363
34,-329.11392405063293,24.259662454323117,2.1089527636623586,dKO,5UTR,hybrid,363
35,-278.4810126582279,25.58259904424897,2.141200164812988,dKO,5UTR,hybrid,363
36,-227.84810126582283,26.755277219933035,2.145299271236062,dKO,5UTR,hybrid,363
37,-177.21518987341778,28.19987722882007,2.2214901564691973,dKO,5UTR,hybrid,363
38,-126.58227848101274,29.417137801745707,2.277872309945051,dKO,5UTR,hybrid,363
39,-75.94936708860769,29.504304899827837,2.189505973257084,dKO,5UTR,hybrid,363
40,-25.316455696202638,28.940986043239974,2.1021374463643205,dKO,5UTR,hybrid,363
41,25.31645569620241,28.01322344651892,1.9830901267444063,dKO,5UTR,hybrid,363
42,75.94936708860769,26.537527956402116,1.8103411819853794,dKO,5UTR,hybrid,363
43,126.58227848101251,24.878287366515895,1.6415614537874574,dKO,5UTR,hybrid,363
44,177.21518987341778,23.193911148389617,1.509252261090741,dKO,5UTR,hybrid,363
45,227.8481012658226,21.762766921581534,1.4531624591179997,dKO,5UTR,hybrid,363
46,278.4810126582279,20.333613386386244,1.3828942326978408,dKO,5UTR,hybrid,363
47,329.1139240506327,19.542418325766167,1.3374844088450366,dKO,5UTR,hybrid,363
48,379.746835443038,18.72304073271125,1.2672657976747275,dKO,5UTR,hybrid,363
49,430.37974683544326,17.812504036774648,1.2457925608478244,dKO,5UTR,hybrid,363
50,481.0126582278481,16.80850661692869,1.2729015525446659,dKO,5UTR,hybrid,363
51,531.6455696202534,15.766455509511564,1.369329660010384,dKO,5UTR,hybrid,363
52,582.2784810126582,14.853307132692485,1.4393541897659055,dKO,5UTR,hybrid,363
53,632.9113924050635,14.254322006987037,1.5627689381861638,dKO,5UTR,hybrid,363
54,683.5443037974683,13.951561336626801,1.6967129102896723,dKO,5UTR,hybrid,363
55,734.1772151898736,13.417236547343112,1.765663594513652,dKO,5UTR,hybrid,363
56,784.8101265822784,12.584368368256957,1.740940308553098,dKO,5UTR,hybrid,363
57,835.4430379746836,12.245047835388569,1.6717816533027419,dKO,5UTR,hybrid,363
58,886.0759493670885,12.159432596748744,1.5470797371108629,dKO,5UTR,hybrid,363
59,936.7088607594937,12.251858628509897,1.6410849643086722,dKO,5UTR,hybrid,363
60,987.3417721518986,12.170936203230621,1.7294973077432616,dKO,5UTR,hybrid,363
61,1037.9746835443038,12.131973692363726,1.7383357239006625,dKO,5UTR,hybrid,363
62,1088.6075949367087,11.711781932582978,1.7031157011476923,dKO,5UTR,hybrid,363
63,1139.240506329114,11.48821689029042,1.7047726443440783,dKO,5UTR,hybrid,363
64,1189.8734177215188,11.132645297707276,1.6257328062270422,dKO,5UTR,hybrid,363
65,1240.506329113924,10.480786552814521,1.4087872688912677,dKO,5UTR,hybrid,363
66,1291.1392405063293,9.973280898033751,1.2368155662916078,dKO,5UTR,hybrid,363
67,1341.7721518987341,9.397029744133805,1.1011645282192235,dKO,5UTR,hybrid,363
68,1392.4050632911394,8.856945184218544,0.9960605701465571,dKO,5UTR,hybrid,363
69,1443.0379746835442,8.413392496610367,0.9143387592456466,dKO,5UTR,hybrid,363
70,1493.6708860759495,8.015427711296782,0.8207247957993763,dKO,5UTR,hybrid,363
71,1544.3037974683543,7.532290835698007,0.6843526582106293,dKO,5UTR,hybrid,363
72,1594.9367088607596,7.270616772884179,0.6280687422364428,dKO,5UTR,hybrid,363
73,1645.5696202531644,6.981273134113781,0.5741817120546596,dKO,5UTR,hybrid,363
74,1696.2025316455697,6.701463154283984,0.5407941314425765,dKO,5UTR,hybrid,363
75,1746.8354430379745,6.692981177160124,0.537468245719091,dKO,5UTR,hybrid,363
76,1797.4683544303798,6.605947166279547,0.5276954866350151,dKO,5UTR,hybrid,363
77,1848.1012658227846,6.302709367846655,0.48283559272008364,dKO,5UTR,hybrid,363
78,1898.73417721519,6.061584303779707,0.45146033534744945,dKO,5UTR,hybrid,363
79,1949.3670886075947,5.866857699386783,0.4414016500787373,dKO,5UTR,hybrid,363
80,2000,5.724519889978667,0.43089441494026337,dKO,5UTR,hybrid,363
1,-2000,3.5689281090962646,0.06766149035988728,dKO,5UTR,none,16000
2,-1949.367088607595,3.5692891296202838,0.06883002875721067,dKO,5UTR,none,16000
3,-1898.73417721519,3.558576054369828,0.06911604123483435,dKO,5UTR,none,16000
4,-1848.1012658227849,3.543398799387218,0.06930770736749807,dKO,5UTR,none,16000
5,-1797.4683544303798,3.5097763713927708,0.06923968973991823,dKO,5UTR,none,16000
6,-1746.8354430379748,3.4896039963469025,0.06853767873952143,dKO,5UTR,none,16000
7,-1696.2025316455697,3.4786429271536825,0.06874099655509355,dKO,5UTR,none,16000
8,-1645.5696202531644,3.4625780949678,0.06808865217198515,dKO,5UTR,none,16000
9,-1594.9367088607596,3.4604691714082936,0.06670995082100926,dKO,5UTR,none,16000
10,-1544.3037974683543,3.4417962765377483,0.06510845852854243,dKO,5UTR,none,16000
11,-1493.6708860759495,3.427280539571108,0.06404923735522813,dKO,5UTR,none,16000
12,-1443.0379746835442,3.429377797795096,0.06470734113195588,dKO,5UTR,none,16000
13,-1392.4050632911392,3.4385736950141603,0.06711994128379592,dKO,5UTR,none,16000
14,-1341.7721518987341,3.439054339486995,0.0680209358890803,dKO,5UTR,none,16000
15,-1291.139240506329,3.409492616671439,0.06670985741457376,dKO,5UTR,none,16000
16,-1240.506329113924,3.3899706918530876,0.06590998558774647,dKO,5UTR,none,16000
17,-1189.873417721519,3.3751068849060792,0.06683812732681164,dKO,5UTR,none,16000
18,-1139.240506329114,3.327680551503159,0.06560031999450205,dKO,5UTR,none,16000
19,-1088.607594936709,3.2554167300460484,0.06366083528602032,dKO,5UTR,none,16000
20,-1037.9746835443038,3.1929608751288883,0.06126766132266945,dKO,5UTR,none,16000
21,-987.3417721518988,3.1402063875885116,0.059103787649246016,dKO,5UTR,none,16000
22,-936.7088607594937,3.0880240082608545,0.056486720727537215,dKO,5UTR,none,16000
23,-886.0759493670887,3.027225409650968,0.05213957224001179,dKO,5UTR,none,16000
24,-835.4430379746836,2.9687180857658584,0.04914376857128927,dKO,5UTR,none,16000
25,-784.8101265822784,2.917534279517761,0.04668181381227671,dKO,5UTR,none,16000
26,-734.1772151898733,2.8444645174385146,0.04396630789237389,dKO,5UTR,none,16000
27,-683.5443037974683,2.76581670629744,0.041043270014882574,dKO,5UTR,none,16000
28,-632.9113924050632,2.6796408400939162,0.03721133272973395,dKO,5UTR,none,16000
29,-582.2784810126582,2.602564829244015,0.03383822980224222,dKO,5UTR,none,16000
30,-531.6455696202531,2.5085030155680217,0.03035238972725456,dKO,5UTR,none,16000
31,-481.0126582278481,2.42400362811085,0.02745113352911281,dKO,5UTR,none,16000
32,-430.37974683544303,2.349166904426336,0.02553689662568853,dKO,5UTR,none,16000
33,-379.746835443038,2.2811427020311723,0.023991204421198162,dKO,5UTR,none,16000
34,-329.11392405063293,2.2192702801697664,0.0224648221592794,dKO,5UTR,none,16000
35,-278.4810126582279,2.1774035789608246,0.021098269469057376,dKO,5UTR,none,16000
36,-227.84810126582283,2.145456017321207,0.02003785114566442,dKO,5UTR,none,16000
37,-177.21518987341778,2.099010862423156,0.01881814033834252,dKO,5UTR,none,16000
38,-126.58227848101274,2.0665741711844245,0.017854764526299555,dKO,5UTR,none,16000
39,-75.94936708860769,2.0409890473264785,0.01722198274637663,dKO,5UTR,none,16000
40,-25.316455696202638,2.0191394812409307,0.016773502022817285,dKO,5UTR,none,16000
41,25.31645569620241,2.0101292585803607,0.01672855664706944,dKO,5UTR,none,16000
42,75.94936708860769,2.0089215244251712,0.016879623457016216,dKO,5UTR,none,16000
43,126.58227848101251,2.029297876917017,0.01730622605695106,dKO,5UTR,none,16000
44,177.21518987341778,2.063758278868605,0.018008672341391214,dKO,5UTR,none,16000
45,227.8481012658226,2.0965726278297914,0.018984791988593732,dKO,5UTR,none,16000
46,278.4810126582279,2.1346795110043506,0.02034728175765177,dKO,5UTR,none,16000
47,329.1139240506327,2.17924071531299,0.022509247290248287,dKO,5UTR,none,16000
48,379.746835443038,2.2371865404686244,0.025146801696410776,dKO,5UTR,none,16000
49,430.37974683544326,2.3037914877501824,0.02783925994244941,dKO,5UTR,none,16000
50,481.0126582278481,2.3700466594551775,0.029899680834962708,dKO,5UTR,none,16000
51,531.6455696202534,2.4446329518570367,0.031094921858817126,dKO,5UTR,none,16000
52,582.2784810126582,2.52911153674071,0.0327385528345869,dKO,5UTR,none,16000
53,632.9113924050635,2.6031817791481235,0.03477788992207087,dKO,5UTR,none,16000
54,683.5443037974683,2.6746886904771396,0.03723792066370093,dKO,5UTR,none,16000
55,734.1772151898736,2.7417222077225896,0.040595904208803,dKO,5UTR,none,16000
56,784.8101265822784,2.826165819376343,0.04529207556072718,dKO,5UTR,none,16000
57,835.4430379746836,2.904110361835846,0.04894783254449063,dKO,5UTR,none,16000
58,886.0759493670885,2.9721245808740875,0.051946894696484024,dKO,5UTR,none,16000
59,936.7088607594937,3.0502447659600254,0.054224584186094764,dKO,5UTR,none,16000
60,987.3417721518986,3.112381389048167,0.05492175106720895,dKO,5UTR,none,16000
61,1037.9746835443038,3.1673978773302935,0.05607423022886992,dKO,5UTR,none,16000
62,1088.6075949367087,3.200893338175958,0.05648665509574589,dKO,5UTR,none,16000
63,1139.240506329114,3.2211289962577214,0.057002152483907,dKO,5UTR,none,16000
64,1189.8734177215188,3.2714791613339216,0.05907091211220291,dKO,5UTR,none,16000
65,1240.506329113924,3.3198850850724084,0.062302147601238936,dKO,5UTR,none,16000
66,1291.1392405063293,3.3568665499808796,0.06537886847324018,dKO,5UTR,none,16000
67,1341.7721518987341,3.3920386000053715,0.06865052735210654,dKO,5UTR,none,16000
68,1392.4050632911394,3.4328102722520044,0.07177683867635946,dKO,5UTR,none,16000
69,1443.0379746835442,3.4614870527382315,0.07407154729828085,dKO,5UTR,none,16000
70,1493.6708860759495,3.4745561477347415,0.07540233482954461,dKO,5UTR,none,16000
71,1544.3037974683543,3.4664624782080664,0.07479814250445285,dKO,5UTR,none,16000
72,1594.9367088607596,3.462023522205779,0.0741691405703928,dKO,5UTR,none,16000
73,1645.5696202531644,3.4524965947811506,0.07320706295754506,dKO,5UTR,none,16000
74,1696.2025316455697,3.4445482197895205,0.07097690976486738,dKO,5UTR,none,16000
75,1746.8354430379745,3.436645470160381,0.06923429174450255,dKO,5UTR,none,16000
76,1797.4683544303798,3.453431034860492,0.06913078496063643,dKO,5UTR,none,16000
77,1848.1012658227846,3.4824571798781276,0.06940277346657106,dKO,5UTR,none,16000
78,1898.73417721519,3.5042344845468296,0.07044867388728604,dKO,5UTR,none,16000
79,1949.3670886075947,3.504724860154706,0.06952189953013076,dKO,5UTR,none,16000
80,2000,3.5196386123427885,0.06942683033078105,dKO,5UTR,none,16000
