bin,position,mean,sem,genotype,region,group,n_regions
1,-2000,4.161240438084655,0.10136888847802034,WT,promoter,parallel,7385
2,-1949.367088607595,4.1741935788198505,0.09995010905734285,WT,promoter,parallel,7385
3,-1898.73417721519,4.1694330956031385,0.09790023960202797,WT,promoter,parallel,7385
4,-1848.1012658227849,4.17424663021494,0.09942409522458519,WT,promoter,parallel,7385
5,-1797.4683544303798,4.191958241210138,0.10281708236595997,WT,promoter,parallel,7385
6,-1746.8354430379748,4.207052932558574,0.10587024576165383,WT,promoter,parallel,7385
7,-1696.2025316455697,4.231102694270036,0.10729032284890241,WT,promoter,parallel,7385
8,-1645.5696202531644,4.248563933837713,0.10597111537300156,WT,promoter,parallel,7385
9,-1594.9367088607596,4.273375640042343,0.10478702734878126,WT,promoter,parallel,7385
10,-1544.3037974683543,4.275956300143597,0.10217682950963262,WT,promoter,parallel,7385
11,-1493.6708860759495,4.278258472131623,0.10325616647459374,WT,promoter,parallel,7385
12,-1443.0379746835442,4.282479962616035,0.10473903013202249,WT,promoter,parallel,7385
13,-1392.4050632911392,4.311491585898093,0.10668045315392884,WT,promoter,parallel,7385
14,-1341.7721518987341,4.352375390961917,0.1130477452793223,WT,promoter,parallel,7385
15,-1291.139240506329,4.407294268540512,0.11968094285617019,WT,promoter,parallel,7385
16,-1240.506329113924,4.449612564173328,0.12278658179120396,WT,promoter,parallel,7385
17,-1189.873417721519,4.467016130389922,0.12397059227139344,WT,promoter,parallel,7385
18,-1139.240506329114,4.461944949259636,0.1221551549710823,WT,promoter,parallel,7385
19,-1088.607594936709,4.501287308922473,0.12324761146198177,WT,promoter,parallel,7385
20,-1037.9746835443038,4.545992410673242,0.12330967371502055,WT,promoter,parallel,7385
21,-987.3417721518988,4.581951009464221,0.12361834608606728,WT,promoter,parallel,7385
22,-936.7088607594937,4.576971706458285,0.12136078802263324,WT,promoter,parallel,7385
23,-886.0759493670887,4.5459893686200505,0.11717107302766626,WT,promoter,parallel,7385
24,-835.4430379746836,4.5162190006484675,0.1116096631405777,WT,promoter,parallel,7385
25,-784.8101265822784,4.53384519931668,0.10909844664908745,WT,promoter,parallel,7385
26,-734.1772151898733,4.588017382821174,0.11083306452525313,WT,promoter,parallel,7385
27,-683.5443037974683,4.653963296708606,0.11225273276923564,WT,promoter,parallel,7385
28,-632.9113924050632,4.73379298199458,0.11197284373401836,WT,promoter,parallel,7385
29,-582.2784810126582,4.813148715368218,0.11336953855246606,WT,promoter,parallel,7385
30,-531.6455696202531,4.918568152783014,0.11832623046065457,WT,promoter,parallel,7385
31,-481.0126582278481,5.014287464916881,0.12433221549396002,WT,promoter,parallel,7385
32,-430.37974683544303,5.158987501402252,0.1341647132022307,WT,promoter,parallel,7385
33,-379.746835443038,5.314490367993898,0.1412986789794235,WT,promoter,parallel,7385
34,-329.11392405063293,5.517612342111953,0.15010423391292857,WT,promoter,parallel,7385
35,-278.4810126582279,5.76045626150569,0.16240910039764825,WT,promoter,parallel,7385
36,-227.84810126582283,6.023428069901881,0.1766499459896198,WT,promoter,parallel,7385
37,-177.21518987341778,6.284598627692876,0.1930986717287633,WT,promoter,parallel,7385
38,-126.58227848101274,6.5531398673123205,0.20686430895352437,WT,promoter,parallel,7385
39,-75.94936708860769,6.743056824689308,0.2118792686744835,WT,promoter,parallel,7385
40,-25.316455696202638,6.742125459847938,0.2066194169817324,WT,promoter,parallel,7385
41,25.31645569620241,6.6339113274559,0.19441916032631462,WT,promoter,parallel,7385
42,75.94936708860769,6.4560506898097225,0.17981658883519944,WT,promoter,parallel,7385
43,126.58227848101251,6.2751524453822825,0.16653487403356554,WT,promoter,parallel,7385
44,177.21518987341778,6.125486764521288,0.1588410490813121,WT,promoter,parallel,7385
45,227.8481012658226,5.929546011496871,0.15110699887892157,WT,promoter,parallel,7385
46,278.4810126582279,5.699867599810039,0.14271353200629694,WT,promoter,parallel,7385
47,329.1139240506327,5.52473732515351,0.13735451117961534,WT,promoter,parallel,7385
48,379.746835443038,5.351602920927385,0.13166071484833144,WT,promoter,parallel,7385
49,430.37974683544326,5.188965945293768,0.12417533024447258,WT,promoter,parallel,7385
50,481.0126582278481,5.025964867715507,0.11845732332740842,WT,promoter,parallel,7385
51,531.6455696202534,4.919580480303622,0.11716332760356035,WT,promoter,parallel,7385
52,582.2784810126582,4.863107034183361,0.11743063858559338,WT,promoter,parallel,7385
53,632.9113924050635,4.801515812526571,0.11798646812425458,WT,promoter,parallel,7385
54,683.5443037974683,4.7227325779281655,0.11658834444528252,WT,promoter,parallel,7385
55,734.1772151898736,4.674281845177035,0.1142389207206695,WT,promoter,parallel,7385
56,784.8101265822784,4.642673482735629,0.11139028048315136,WT,promoter,parallel,7385
57,835.4430379746836,4.603004757634836,0.111463234270256,WT,promoter,parallel,7385
58,886.0759493670885,4.549134378303445,0.11416601288053742,WT,promoter,parallel,7385
59,936.7088607594937,4.527894023482026,0.11762671915722697,WT,promoter,parallel,7385
60,987.3417721518986,4.5119065183553655,0.11877020986365706,WT,promoter,parallel,7385
61,1037.9746835443038,4.503595084958947,0.12169675513431541,WT,promoter,parallel,7385
62,1088.6075949367087,4.452056176733147,0.12114556353509116,WT,promoter,parallel,7385
63,1139.240506329114,4.4074411717029385,0.12107184752518556,WT,promoter,parallel,7385
64,1189.8734177215188,4.400501270421819,0.12173147984856021,WT,promoter,parallel,7385
65,1240.506329113924,4.388917490868987,0.12114635056387628,WT,promoter,parallel,7385
66,1291.1392405063293,4.354980128123943,0.11708382042657274,WT,promoter,parallel,7385
67,1341.7721518987341,4.313986772226228,0.11264035324953249,WT,promoter,parallel,7385
68,1392.4050632911394,4.310278682844226,0.10810414154348573,WT,promoter,parallel,7385
69,1443.0379746835442,4.297086911772799,0.10654810063304138,WT,promoter,parallel,7385
70,1493.6708860759495,4.259506868181635,0.10689603364433128,WT,promoter,parallel,7385
71,1544.3037974683543,4.253081402455568,0.10883648696207388,WT,promoter,parallel,7385
72,1594.9367088607596,4.220783847902677,0.10911821177403208,WT,promoter,parallel,7385
73,1645.5696202531644,4.178201404490284,0.10743136117021186,WT,promoter,parallel,7385
74,1696.2025316455697,4.154751444140021,0.10403108188988382,WT,promoter,parallel,7385
75,1746.8354430379745,4.147528223877754,0.09984736255226413,WT,promoter,parallel,7385
76,1797.4683544303798,4.13596706844759,0.09845181629349328,WT,promoter,parallel,7385
77,1848.1012658227846,4.150730838181068,0.10021175392119461,WT,promoter,parallel,7385
78,1898.73417721519,4.184160117913304,0.10638934460664018,WT,promoter,parallel,7385
79,1949.3670886075947,4.241122549315711,0.1126714999519114,WT,promoter,parallel,7385
80,2000,4.232624952259894,0.11478642512615081,WT,promoter,parallel,7385
1,-2000,5.031558035155434,0.5720551546041517,WT,promoter,antiparallel,670
2,-1949.367088607595,4.974091027767504,0.5670388696308514,WT,promoter,antiparallel,670
3,-1898.73417721519,4.886551304935816,0.5192731578626748,WT,promoter,antiparallel,670
4,-1848.1012658227849,4.713694439565365,0.43649135284148405,WT,promoter,antiparallel,670
5,-1797.4683544303798,4.4935609320906265,0.368631589541925,WT,promoter,antiparallel,670
6,-1746.8354430379748,4.353451990033856,0.3182775216132484,WT,promoter,antiparallel,670
7,-1696.2025316455697,4.246937643930093,0.2989596599215114,WT,promoter,antiparallel,670
8,-1645.5696202531644,4.1933318128917945,0.29541440990180057,WT,promoter,antiparallel,670
9,-1594.9367088607596,4.160057950644944,0.29900355173742704,WT,promoter,antiparallel,670
10,-1544.3037974683543,4.040853283871465,0.28985810298994086,WT,promoter,antiparallel,670
11,-1493.6708860759495,3.9620258971019764,0.2693429004370363,WT,promoter,antiparallel,670
12,-1443.0379746835442,3.8438765232456262,0.23605396521126806,WT,promoter,antiparallel,670
13,-1392.4050632911392,3.7223225528885475,0.21343745839460565,WT,promoter,antiparallel,670
14,-1341.7721518987341,3.672495575202638,0.21501823719401694,WT,promoter,antiparallel,670
15,-1291.139240506329,3.680105074959608,0.2260053928915371,WT,promoter,antiparallel,670
16,-1240.506329113924,3.675511709871577,0.23758444012374488,WT,promoter,antiparallel,670
17,-1189.873417721519,3.756782284755612,0.25077037341933706,WT,promoter,antiparallel,670
18,-1139.240506329114,3.7454600073828628,0.25121654630743107,WT,promoter,antiparallel,670
19,-1088.607594936709,3.703693027269781,0.24185571090654223,WT,promoter,antiparallel,670
20,-1037.9746835443038,3.711612441223059,0.23561288966989583,WT,promoter,antiparallel,670
21,-987.3417721518988,3.737153698592637,0.2357075439924764,WT,promoter,antiparallel,670
22,-936.7088607594937,3.7579681897104082,0.23590110341879275,WT,promoter,antiparallel,670
23,-886.0759493670887,3.8164369942714917,0.23715263851807492,WT,promoter,antiparallel,670
24,-835.4430379746836,3.8409883229376667,0.23846754243603263,WT,promoter,antiparallel,670
25,-784.8101265822784,3.787701854092565,0.2273558768679881,WT,promoter,antiparallel,670
26,-734.1772151898733,3.788423186789698,0.22272612583920487,WT,promoter,antiparallel,670
27,-683.5443037974683,3.687850997255809,0.21650669118546317,WT,promoter,antiparallel,670
28,-632.9113924050632,3.684499596646769,0.22210003747080242,WT,promoter,antiparallel,670
29,-582.2784810126582,3.6111685702444904,0.22082728629298556,WT,promoter,antiparallel,670
30,-531.6455696202531,3.624026529232661,0.2349650443104168,WT,promoter,antiparallel,670
31,-481.0126582278481,3.6410694802780057,0.23824617609002433,WT,promoter,antiparallel,670
32,-430.37974683544303,3.6788858589224556,0.2497978614061164,WT,promoter,antiparallel,670
33,-379.746835443038,3.703328688840961,0.2823768685239874,WT,promoter,antiparallel,670
34,-329.11392405063293,3.8103411548861224,0.3275973443242275,WT,promoter,antiparallel,670
35,-278.4810126582279,4.081705427517345,0.38390585009520195,WT,promoter,antiparallel,670
36,-227.84810126582283,4.337319957841095,0.4324228291817424,WT,promoter,antiparallel,670
37,-177.21518987341778,4.661209476893221,0.46165895503571386,WT,promoter,antiparallel,670
38,-126.58227848101274,4.912981616813745,0.4897926696022132,WT,promoter,antiparallel,670
39,-75.94936708860769,5.12866689643931,0.5178392800428381,WT,promoter,antiparallel,670
40,-25.316455696202638,5.301008855812586,0.5373373666013607,WT,promoter,antiparallel,670
41,25.31645569620241,5.329765642596715,0.5353615349944131,WT,promoter,antiparallel,670
42,75.94936708860769,5.3340393048673125,0.5393319454043197,WT,promoter,antiparallel,670
43,126.58227848101251,5.186545929548159,0.5128618357926236,WT,promoter,antiparallel,670
44,177.21518987341778,4.9949809409480785,0.46470196159805,WT,promoter,antiparallel,670
45,227.8481012658226,4.755126860756186,0.39427294392515266,WT,promoter,antiparallel,670
46,278.4810126582279,4.4713970096241775,0.33326977536374836,WT,promoter,antiparallel,670
47,329.1139240506327,4.30083313081988,0.3081836858336707,WT,promoter,antiparallel,670
48,379.746835443038,4.30470885288656,0.3000573815008033,WT,promoter,antiparallel,670
49,430.37974683544326,4.346722664595837,0.3067517126993457,WT,promoter,antiparallel,670
50,481.0126582278481,4.3086125128031965,0.30371890279229863,WT,promoter,antiparallel,670
51,531.6455696202534,4.211970588120655,0.2895098510480537,WT,promoter,antiparallel,670
52,582.2784810126582,4.16283240049514,0.2880125192712234,WT,promoter,antiparallel,670
53,632.9113924050635,4.087688594540554,0.28773323259285954,WT,promoter,antiparallel,670
54,683.5443037974683,3.9535686880391627,0.2772043064952292,WT,promoter,antiparallel,670
55,734.1772151898736,3.91070915614669,0.27091197528583116,WT,promoter,antiparallel,670
56,784.8101265822784,3.9954168313071503,0.2903447972530084,WT,promoter,antiparallel,670
57,835.4430379746836,4.112449596076463,0.31644713260042945,WT,promoter,antiparallel,670
58,886.0759493670885,4.212083114437796,0.35017885676276955,WT,promoter,antiparallel,670
59,936.7088607594937,4.288657476284017,0.3527607614973123,WT,promoter,antiparallel,670
60,987.3417721518986,4.320917646040371,0.343589701988993,WT,promoter,antiparallel,670
61,1037.9746835443038,4.274664128958289,0.3131564624055179,WT,promoter,antiparallel,670
62,1088.6075949367087,4.273102654033632,0.2986365175200599,WT,promoter,antiparallel,670
63,1139.240506329114,4.234874459134999,0.28264546931587786,WT,promoter,antiparallel,670
64,1189.8734177215188,4.246305519703016,0.26761522843667135,WT,promoter,antiparallel,670
65,1240.506329113924,4.250122324493987,0.2590891451480108,WT,promoter,antiparallel,670
66,1291.1392405063293,4.323821249123236,0.26432458547082116,WT,promoter,antiparallel,670
67,1341.7721518987341,4.402467713819807,0.2749791742098516,WT,promoter,antiparallel,670
68,1392.4050632911394,4.3288609409735574,0.28716953004388535,WT,promoter,antiparallel,670
69,1443.0379746835442,4.319833318557312,0.3165048498309208,WT,promoter,antiparallel,670
70,1493.6708860759495,4.351988989484844,0.3481724296238999,WT,promoter,antiparallel,670
71,1544.3037974683543,4.431036275431884,0.4104618792597894,WT,promoter,antiparallel,670
72,1594.9367088607596,4.506037417704786,0.47323551927113094,WT,promoter,antiparallel,670
73,1645.5696202531644,4.464421333114899,0.4888219028311394,WT,promoter,antiparallel,670
74,1696.2025316455697,4.358227668834563,0.46299678264722377,WT,promoter,antiparallel,670
75,1746.8354430379745,4.295260639634298,0.4359971179424245,WT,promoter,antiparallel,670
76,1797.4683544303798,4.3167455066839855,0.4604965940404718,WT,promoter,antiparallel,670
77,1848.1012658227846,4.2487631239120045,0.4497233889737237,WT,promoter,antiparallel,670
78,1898.73417721519,4.166768642991337,0.4149420258097446,WT,promoter,antiparallel,670
79,1949.3670886075947,4.045493872805022,0.36546221025705783,WT,promoter,antiparallel,670
80,2000,3.9857828872761325,0.35422745281742735,WT,promoter,antiparallel,670
1,-2000,4.410949514743345,0.33410168738693463,WT,promoter,hybrid,1113
2,-1949.367088607595,4.451887972292767,0.34843778724646324,WT,promoter,hybrid,1113
3,-1898.73417721519,4.552114446126762,0.35853031109288835,WT,promoter,hybrid,1113
4,-1848.1012658227849,4.640044653482086,0.36560365539174244,WT,promoter,hybrid,1113
5,-1797.4683544303798,4.611516254273101,0.35233474787346114,WT,promoter,hybrid,1113
6,-1746.8354430379748,4.562624302933623,0.3356564382088713,WT,promoter,hybrid,1113
7,-1696.2025316455697,4.511411098503502,0.31881024958600385,WT,promoter,hybrid,1113
8,-1645.5696202531644,4.432676016812412,0.2986708540119347,WT,promoter,hybrid,1113
9,-1594.9367088607596,4.309914864466268,0.2795905966108519,WT,promoter,hybrid,1113
10,-1544.3037974683543,4.195580252325081,0.2531750145020624,WT,promoter,hybrid,1113
11,-1493.6708860759495,4.0552636670559314,0.22797582448588616,WT,promoter,hybrid,1113
12,-1443.0379746835442,3.930878447375993,0.211455304353161,WT,promoter,hybrid,1113
13,-1392.4050632911392,3.865060610745474,0.20881942740335926,WT,promoter,hybrid,1113
14,-1341.7721518987341,3.831754767144287,0.21168075193593422,WT,promoter,hybrid,1113
15,-1291.139240506329,3.7803199248522406,0.21459675338992593,WT,promoter,hybrid,1113
16,-1240.506329113924,3.7395777069383414,0.21394346521464813,WT,promoter,hybrid,1113
17,-1189.873417721519,3.6858529363324024,0.20070738662182244,WT,promoter,hybrid,1113
18,-1139.240506329114,3.6624445992931345,0.19620897666542877,WT,promoter,hybrid,1113
19,-1088.607594936709,3.669483985288945,0.18919869962934008,WT,promoter,hybrid,1113
20,-1037.9746835443038,3.670868689760401,0.1770767985052231,WT,promoter,hybrid,1113
21,-987.3417721518988,3.705203951077034,0.18489692610047437,WT,promoter,hybrid,1113
22,-936.7088607594937,3.793531184262878,0.19263377538530066,WT,promoter,hybrid,1113
23,-886.0759493670887,3.8568688635292006,0.19565935744378393,WT,promoter,hybrid,1113
24,-835.4430379746836,3.948837725817711,0.1995470395212291,WT,promoter,hybrid,1113
25,-784.8101265822784,4.093520872944235,0.20970738428589034,WT,promoter,hybrid,1113
26,-734.1772151898733,4.2831671193010905,0.22769968053800826,WT,promoter,hybrid,1113
27,-683.5443037974683,4.446489951715529,0.24434934827409918,WT,promoter,hybrid,1113
28,-632.9113924050632,4.635026669091684,0.26719706582268316,WT,promoter,hybrid,1113
29,-582.2784810126582,4.8060971532406365,0.2880595669444968,WT,promoter,hybrid,1113
30,-531.6455696202531,5.062407235575137,0.31566817865116403,WT,promoter,hybrid,1113
31,-481.0126582278481,5.349926559634464,0.36352016762140477,WT,promoter,hybrid,1113
32,-430.37974683544303,5.637708394838757,0.42705263835187557,WT,promoter,hybrid,1113
33,-379.746835443038,5.972611442014249,0.49579841989593676,WT,promoter,hybrid,1113
34,-329.11392405063293,6.376859955485619,0.5544687162345797,WT,promoter,hybrid,1113
35,-278.4810126582279,6.832214541882232,0.6237389245785742,WT,promoter,hybrid,1113
36,-227.84810126582283,7.163272071627308,0.663173908877464,WT,promoter,hybrid,1113
37,-177.21518987341778,7.406214005767175,0.6727526869252592,WT,promoter,hybrid,1113
38,-126.58227848101274,7.585492846326009,0.6506456319362203,WT,promoter,hybrid,1113
39,-75.94936708860769,7.734670257541226,0.623552949447581,WT,promoter,hybrid,1113
40,-25.316455696202638,7.800047719518593,0.5959601961543501,WT,promoter,hybrid,1113
41,25.31645569620241,7.712944396084817,0.565154157676328,WT,promoter,hybrid,1113
42,75.94936708860769,7.461938252965288,0.5367048171721894,WT,promoter,hybrid,1113
43,126.58227848101251,7.239787902208673,0.5137724606350201,WT,promoter,hybrid,1113
44,177.21518987341778,6.904584358351142,0.47536652230612014,WT,promoter,hybrid,1113
45,227.8481012658226,6.5643264022856,0.43449448697596155,WT,promoter,hybrid,1113
46,278.4810126582279,6.162619746646755,0.3933529470613733,WT,promoter,hybrid,1113
47,329.1139240506327,5.868479597861983,0.3708967408420061,WT,promoter,hybrid,1113
48,379.746835443038,5.644474374094778,0.34901661349413543,WT,promoter,hybrid,1113
49,430.37974683544326,5.554331626117355,0.33673011289159965,WT,promoter,hybrid,1113
50,481.0126582278481,5.488421119526854,0.3412374652677499,WT,promoter,hybrid,1113
51,531.6455696202534,5.432112541435792,0.3613698477421752,WT,promoter,hybrid,1113
52,582.2784810126582,5.401724816254064,0.3800037828932381,WT,promoter,hybrid,1113
53,632.9113924050635,5.3554958772730705,0.4091265130281875,WT,promoter,hybrid,1113
54,683.5443037974683,5.344381616336923,0.4514495897452672,WT,promoter,hybrid,1113
55,734.1772151898736,5.271502852144267,0.49080006275936233,WT,promoter,hybrid,1113
56,784.8101265822784,5.208708026634072,0.5155404051385428,WT,promoter,hybrid,1113
57,835.4430379746836,5.157641357128832,0.5134945033137427,WT,promoter,hybrid,1113
58,886.0759493670885,5.133185472552667,0.4947449072605962,WT,promoter,hybrid,1113
59,936.7088607594937,5.130360576311747,0.46389981546704157,WT,promoter,hybrid,1113
60,987.3417721518986,5.130215915253363,0.42351167589809813,WT,promoter,hybrid,1113
61,1037.9746835443038,5.185534262657166,0.42324157958966274,WT,promoter,hybrid,1113
62,1088.6075949367087,5.158476633360086,0.4226746311916363,WT,promoter,hybrid,1113
63,1139.240506329114,5.110260406509421,0.41878028014045116,WT,promoter,hybrid,1113
64,1189.8734177215188,5.1825185061350805,0.451039303130592,WT,promoter,hybrid,1113
65,1240.506329113924,5.3359450031897735,0.467099705546001,WT,promoter,hybrid,1113
66,1291.1392405063293,5.388671475696364,0.4628091949856027,WT,promoter,hybrid,1113
67,1341.7721518987341,5.432197404628958,0.45066656635405,WT,promoter,hybrid,1113
68,1392.4050632911394,5.313188566836671,0.4205179558938866,WT,promoter,hybrid,1113
69,1443.0379746835442,5.235366522915244,0.3975985544277767,WT,promoter,hybrid,1113
70,1493.6708860759495,5.1996518984823465,0.39117297472305174,WT,promoter,hybrid,1113
71,1544.3037974683543,5.150639493920982,0.38284031837293947,WT,promoter,hybrid,1113
72,1594.9367088607596,5.039244741718724,0.37232123315107885,WT,promoter,hybrid,1113
73,1645.5696202531644,4.8741160669231105,0.3447719517658628,WT,promoter,hybrid,1113
74,1696.2025316455697,4.880327019258758,0.3292628280424543,WT,promoter,hybrid,1113
75,1746.8354430379745,4.8030570770245395,0.31859226904806753,WT,promoter,hybrid,1113
76,1797.4683544303798,4.800192091601378,0.3331523671767437,WT,promoter,hybrid,1113
77,1848.1012658227846,4.817693454832258,0.3480708765124987,WT,promoter,hybrid,1113
78,1898.73417721519,4.825386479837732,0.35718492663101875,WT,promoter,hybrid,1113
79,1949.3670886075947,4.812645853109151,0.36563372743714434,WT,promoter,hybrid,1113
80,2000,4.761550340506087,0.3591544967020363,WT,promoter,hybrid,1113
1,-2000,1.0883618584382424,0.010373323397542322,WT,promoter,none,14910
2,-1949.367088607595,1.079287881411121,0.010195326013882143,WT,promoter,none,14910
3,-1898.73417721519,1.0677776106293602,0.009977406992708982,WT,promoter,none,14910
4,-1848.1012658227849,1.0657250791707935,0.00997330357739665,WT,promoter,none,14910
5,-1797.4683544303798,1.059970908959013,0.010031214164515714,WT,promoter,none,14910
6,-1746.8354430379748,1.0573308109793205,0.010075151280057343,WT,promoter,none,14910
7,-1696.2025316455697,1.0500019036473691,0.01002247086405938,WT,promoter,none,14910
8,-1645.5696202531644,1.046121184277137,0.009943877515791535,WT,promoter,none,14910
9,-1594.9367088607596,1.0465811398484715,0.009880384792140038,WT,promoter,none,14910
10,-1544.3037974683543,1.0506429854556594,0.009957856735894628,WT,promoter,none,14910
11,-1493.6708860759495,1.0592120992206575,0.010051339707978875,WT,promoter,none,14910
12,-1443.0379746835442,1.0645575228674347,0.010094186119381262,WT,promoter,none,14910
13,-1392.4050632911392,1.0601981404363623,0.010089632886802468,WT,promoter,none,14910
14,-1341.7721518987341,1.0562914491833038,0.010051544488000889,WT,promoter,none,14910
15,-1291.139240506329,1.0441269216423827,0.009921876551332025,WT,promoter,none,14910
16,-1240.506329113924,1.0383041975397624,0.009879269422792398,WT,promoter,none,14910
17,-1189.873417721519,1.0381419918267962,0.009860608225796605,WT,promoter,none,14910
18,-1139.240506329114,1.0429281112965527,0.009907593254578073,WT,promoter,none,14910
19,-1088.607594936709,1.0509544813816774,0.009986746377998275,WT,promoter,none,14910
20,-1037.9746835443038,1.0554708775752635,0.010008901276413282,WT,promoter,none,14910
21,-987.3417721518988,1.0633456677514408,0.010106788945118789,WT,promoter,none,14910
22,-936.7088607594937,1.063933978188474,0.010097035189786477,WT,promoter,none,14910
23,-886.0759493670887,1.0655512896742452,0.010166408436337716,WT,promoter,none,14910
24,-835.4430379746836,1.0602384842356887,0.010173446827342862,WT,promoter,none,14910
25,-784.8101265822784,1.0502673561026936,0.010125338455174325,WT,promoter,none,14910
26,-734.1772151898733,1.047619361241872,0.01007053260238616,WT,promoter,none,14910
27,-683.5443037974683,1.0457728619189741,0.009969418399921104,WT,promoter,none,14910
28,-632.9113924050632,1.0470152911196036,0.009951270170603007,WT,promoter,none,14910
29,-582.2784810126582,1.04930463604155,0.009992466798601728,WT,promoter,none,14910
30,-531.6455696202531,1.0521510548155166,0.010007974889791856,WT,promoter,none,14910
31,-481.0126582278481,1.051276789348718,0.009947057884705426,WT,promoter,none,14910
32,-430.37974683544303,1.0473142581174368,0.0098834403618965,WT,promoter,none,14910
33,-379.746835443038,1.0411564476006354,0.009834392744706905,WT,promoter,none,14910
34,-329.11392405063293,1.0364577179817835,0.009781755388142282,WT,promoter,none,14910
35,-278.4810126582279,1.0393266713927893,0.009815281353097241,WT,promoter,none,14910
36,-227.84810126582283,1.0440664664168506,0.009848277681863188,WT,promoter,none,14910
37,-177.21518987341778,1.0485160437793397,0.009880828664562715,WT,promoter,none,14910
38,-126.58227848101274,1.0539464129409735,0.009941227467923117,WT,promoter,none,14910
39,-75.94936708860769,1.0563463222315959,0.01002110001223244,WT,promoter,none,14910
40,-25.316455696202638,1.0655534938577707,0.010131040420406053,WT,promoter,none,14910
41,25.31645569620241,1.0648242908430083,0.010089546462096565,WT,promoter,none,14910
42,75.94936708860769,1.0640246698586642,0.010071069867160104,WT,promoter,none,14910
43,126.58227848101251,1.0544922821275524,0.009971474479390927,WT,promoter,none,14910
44,177.21518987341778,1.0546176340896116,0.01001395080432457,WT,promoter,none,14910
45,227.8481012658226,1.0563143546213383,0.010001708701238723,WT,promoter,none,14910
46,278.4810126582279,1.057406798863739,0.010016213420639583,WT,promoter,none,14910
47,329.1139240506327,1.0514347885685025,0.009983895301338246,WT,promoter,none,14910
48,379.746835443038,1.0430124670645262,0.00992595736932668,WT,promoter,none,14910
49,430.37974683544326,1.0369130460588247,0.009930565194272035,WT,promoter,none,14910
50,481.0126582278481,1.0258556979094975,0.009830485319864368,WT,promoter,none,14910
51,531.6455696202534,1.0290684452813998,0.009819088115838844,WT,promoter,none,14910
52,582.2784810126582,1.0321994008033004,0.009871362224025917,WT,promoter,none,14910
53,632.9113924050635,1.0395124551225219,0.009973791263690445,WT,promoter,none,14910
54,683.5443037974683,1.040672534403364,0.01002288252969658,WT,promoter,none,14910
55,734.1772151898736,1.0403135236511964,0.009971476070654657,WT,promoter,none,14910
56,784.8101265822784,1.0368547191244784,0.009895778016819713,WT,promoter,none,14910
57,835.4430379746836,1.042912999852573,0.009966404869896497,WT,promoter,none,14910
58,886.0759493670885,1.0442263018152544,0.01004714979655436,WT,promoter,none,14910
59,936.7088607594937,1.0463995175666827,0.0100354415890972,WT,promoter,none,14910
60,987.3417721518986,1.0436852559523653,0.009931479603843694,WT,promoter,none,14910
61,1037.9746835443038,1.0426863797845036,0.009866220529573394,WT,promoter,none,14910
62,1088.6075949367087,1.0445195672367729,0.009897159712673433,WT,promoter,none,14910
63,1139.240506329114,1.045214312449096,0.009909592620940072,WT,promoter,none,14910
64,1189.8734177215188,1.0443490772052033,0.009951638285069977,WT,promoter,none,14910
65,1240.506329113924,1.0488674453900433,0.009973294794746422,WT,promoter,none,14910
66,1291.1392405063293,1.0524643802006293,0.009949024440973517,WT,promoter,none,14910
67,1341.7721518987341,1.055083634728885,0.010029700238518235,WT,promoter,none,14910
68,1392.4050632911394,1.0554507510811741,0.01003248476275659,WT,promoter,none,14910
69,1443.0379746835442,1.055948648587588,0.010039648183618197,WT,promoter,none,14910
70,1493.6708860759495,1.0527250677152302,0.010033614951010569,WT,promoter,none,14910
71,1544.3037974683543,1.0542407591134573,0.010027150867566255,WT,promoter,none,14910
72,1594.9367088607596,1.0586295294700299,0.01008569674906042,WT,promoter,none,14910
73,1645.5696202531644,1.0610689816032064,0.010151828268478606,WT,promoter,none,14910
74,1696.2025316455697,1.0600465245792712,0.010146818115435947,WT,promoter,none,14910
75,1746.8354430379745,1.055423543004871,0.010062301489741358,WT,promoter,none,14910
76,1797.4683544303798,1.0570571969500107,0.009997123753346288,WT,promoter,none,14910
77,1848.1012658227846,1.061336466886566,0.009976850764217709,WT,promoter,none,14910
78,1898.73417721519,1.0687565551631146,0.010027435743974314,WT,promoter,none,14910
79,1949.3670886075947,1.0709967902292805,0.010127435624966775,WT,promoter,none,14910
80,2000,1.0753732464733148,0.010255279866760798,WT,promoter,none,14910
1,-2000,3.9101795313326813,0.1343787819129054,WT,5UTR,parallel,4744
2,-1949.367088607595,3.893225438706221,0.13144637392941225,WT,5UTR,parallel,4744
3,-1898.73417721519,3.8993559768760786,0.12938555943074825,WT,5UTR,parallel,4744
4,-1848.1012658227849,3.939881808205124,0.12732046575375688,WT,5UTR,parallel,4744
5,-1797.4683544303798,3.9693737561065134,0.12613556554267621,WT,5UTR,parallel,4744
6,-1746.8354430379748,4.005823921947214,0.12468804697940074,WT,5UTR,parallel,4744
7,-1696.2025316455697,4.0453739993521305,0.12713195355878437,WT,5UTR,parallel,4744
8,-1645.5696202531644,4.159951953451207,0.13410027941201816,WT,5UTR,parallel,4744
9,-1594.9367088607596,4.277182274664333,0.14728924319563347,WT,5UTR,parallel,4744
10,-1544.3037974683543,4.362348348841599,0.14885804023271318,WT,5UTR,parallel,4744
11,-1493.6708860759495,4.393148627568324,0.15028545049312325,WT,5UTR,parallel,4744
12,-1443.0379746835442,4.492286398055649,0.16045781620024063,WT,5UTR,parallel,4744
13,-1392.4050632911392,4.597291957642202,0.16837188781112913,WT,5UTR,parallel,4744
14,-1341.7721518987341,4.695073786877293,0.16925356290186291,WT,5UTR,parallel,4744
15,-1291.139240506329,4.772976470062276,0.16660544465587754,WT,5UTR,parallel,4744
16,-1240.506329113924,4.881013037811142,0.1615783545433051,WT,5UTR,parallel,4744
17,-1189.873417721519,5.0762792946340465,0.16400977756271415,WT,5UTR,parallel,4744
18,-1139.240506329114,5.29463083485042,0.17027571443627748,WT,5UTR,parallel,4744
19,-1088.607594936709,5.527594667136535,0.17826971379217715,WT,5UTR,parallel,4744
20,-1037.9746835443038,5.745239576914459,0.18517126662084296,WT,5UTR,parallel,4744
21,-987.3417721518988,6.002773838314935,0.19308278660709552,WT,5UTR,parallel,4744
22,-936.7088607594937,6.273651512056472,0.20099974413809008,WT,5UTR,parallel,4744
23,-886.0759493670887,6.606317659978152,0.21099950214146002,WT,5UTR,parallel,4744
24,-835.4430379746836,6.950951900766297,0.21723075271403294,WT,5UTR,parallel,4744
25,-784.8101265822784,7.337686941084934,0.22449732502474462,WT,5UTR,parallel,4744
26,-734.1772151898733,7.639267556746064,0.22222122016607643,WT,5UTR,parallel,4744
27,-683.5443037974683,7.956306473044715,0.21910346238531445,WT,5UTR,parallel,4744
28,-632.9113924050632,8.382108956896367,0.2248796190625257,WT,5UTR,parallel,4744
29,-582.2784810126582,8.854993256552458,0.23808393988368243,WT,5UTR,parallel,4744
30,-531.6455696202531,9.36799651593841,0.25239501112067364,WT,5UTR,parallel,4744
31,-481.0126582278481,9.932030241585402,0.2675970072401265,WT,5UTR,parallel,4744
32,-430.37974683544303,10.463945999540025,0.2817989078187786,WT,5UTR,parallel,4744
33,-379.746835443038,11.02630062664557,0.29275780090980374,WT,5UTR,parallel,4744
34,-329.11392405063293,11.594944086300986,0.30834501298481,WT,5UTR,parallel,4744
35,-278.4810126582279,12.197298611640562,0.32321047313442913,WT,5UTR,parallel,4744
36,-227.84810126582283,12.622651912531637,0.32888958489943193,WT,5UTR,parallel,4744
37,-177.21518987341778,13.024557938551956,0.3334708135319629,WT,5UTR,parallel,4744
38,-126.58227848101274,13.277214682738455,0.32881624072265275,WT,5UTR,parallel,4744
39,-75.94936708860769,13.281860825218063,0.31567106364162684,WT,5UTR,parallel,4744
40,-25.316455696202638,13.004996604097064,0.29723059952404207,WT,5UTR,parallel,4744
41,25.31645569620241,12.658644692779022,0.27990067047442796,WT,5UTR,parallel,4744
42,75.94936708860769,12.313772669641773,0.27032787003388503,WT,5UTR,parallel,4744
43,126.58227848101251,11.894028159393864,0.261811306989498,WT,5UTR,parallel,4744
44,177.21518987341778,11.3988722178412,0.2483164614448167,WT,5UTR,parallel,4744
45,227.8481012658226,10.890912933821522,0.23403643604341035,WT,5UTR,parallel,4744
46,278.4810126582279,10.37204586295364,0.2265824375748002,WT,5UTR,parallel,4744
47,329.1139240506327,9.942565707463002,0.22266894203198298,WT,5UTR,parallel,4744
48,379.746835443038,9.535398860736601,0.2208629151997693,WT,5UTR,parallel,4744
49,430.37974683544326,9.114864995742595,0.21997167128239908,WT,5UTR,parallel,4744
50,481.0126582278481,8.722585520874322,0.21926902773578277,WT,5UTR,parallel,4744
51,531.6455696202534,8.432730776474106,0.220048448338776,WT,5UTR,parallel,4744
52,582.2784810126582,8.164033287658055,0.2219279834772858,WT,5UTR,parallel,4744
53,632.9113924050635,7.8418104156578705,0.22171326591655957,WT,5UTR,parallel,4744
54,683.5443037974683,7.5180266707815635,0.21966803634039386,WT,5UTR,parallel,4744
55,734.1772151898736,7.181674612398527,0.2148258657802659,WT,5UTR,parallel,4744
56,784.8101265822784,6.857705292970428,0.21039191604088886,WT,5UTR,parallel,4744
57,835.4430379746836,6.635531268259694,0.21084222765912558,WT,5UTR,parallel,4744
58,886.0759493670885,6.455058255005982,0.21351264892560604,WT,5UTR,parallel,4744
59,936.7088607594937,6.177467581054312,0.20777148335347717,WT,5UTR,parallel,4744
60,987.3417721518986,5.942874532662596,0.20016968511551161,WT,5UTR,parallel,4744
61,1037.9746835443038,5.725104151331789,0.19415800485002258,WT,5UTR,parallel,4744
62,1088.6075949367087,5.520673162170077,0.18535609762666014,WT,5UTR,parallel,4744
63,1139.240506329114,5.340618396575127,0.17584138290965198,WT,5UTR,parallel,4744
64,1189.8734177215188,5.170688154436418,0.16678282635219274,WT,5UTR,parallel,4744
65,1240.506329113924,4.949531364410428,0.1580392728795843,WT,5UTR,parallel,4744
66,1291.1392405063293,4.774893861504134,0.1555553848896914,WT,5UTR,parallel,4744
67,1341.7721518987341,4.620973824159927,0.15459910284678854,WT,5UTR,parallel,4744
68,1392.4050632911394,4.469917271059172,0.14995630918317235,WT,5UTR,parallel,4744
69,1443.0379746835442,4.317506620841726,0.1449961126381432,WT,5UTR,parallel,4744
70,1493.6708860759495,4.231361720425115,0.14377463995956638,WT,5UTR,parallel,4744
71,1544.3037974683543,4.127428236073192,0.1431623883151398,WT,5UTR,parallel,4744
72,1594.9367088607596,4.021749872433094,0.1385792354959273,WT,5UTR,parallel,4744
73,1645.5696202531644,3.9216940462339656,0.13516814727492524,WT,5UTR,parallel,4744
74,1696.2025316455697,3.85937961311857,0.13358125178359487,WT,5UTR,parallel,4744
75,1746.8354430379745,3.8255301955188172,0.1310303502597783,WT,5UTR,parallel,4744
76,1797.4683544303798,3.8147668755275603,0.12966510252918007,WT,5UTR,parallel,4744
77,1848.1012658227846,3.7689172491610488,0.1263966888348385,WT,5UTR,parallel,4744
78,1898.73417721519,3.6930563477376928,0.12229156310445732,WT,5UTR,parallel,4744
79,1949.3670886075947,3.6141888194133753,0.11678928898114406,WT,5UTR,parallel,4744
80,2000,3.532884038294749,0.11172702259979939,WT,5UTR,parallel,4744
1,-2000,4.766902682206605,0.9649900339291055,WT,5UTR,antiparallel,343
2,-1949.367088607595,4.672347372623181,0.8951292756938586,WT,5UTR,antiparallel,343
3,-1898.73417721519,4.439222493000234,0.7209033742077235,WT,5UTR,antiparallel,343
4,-1848.1012658227849,4.427556545389174,0.6349771400360992,WT,5UTR,antiparallel,343
5,-1797.4683544303798,4.300947906051132,0.5371721118402902,WT,5UTR,antiparallel,343
6,-1746.8354430379748,4.229904625019596,0.5078008637066833,WT,5UTR,antiparallel,343
7,-1696.2025316455697,4.183999921851534,0.5086665712569554,WT,5UTR,antiparallel,343
8,-1645.5696202531644,4.144274558872708,0.4992286319586402,WT,5UTR,antiparallel,343
9,-1594.9367088607596,3.9965495586395265,0.46301556247686154,WT,5UTR,antiparallel,343
10,-1544.3037974683543,3.931341013690589,0.423513594260215,WT,5UTR,antiparallel,343
11,-1493.6708860759495,3.765644756867193,0.3647352368382813,WT,5UTR,antiparallel,343
12,-1443.0379746835442,3.6296508749812637,0.31617822716142846,WT,5UTR,antiparallel,343
13,-1392.4050632911392,3.5523196103575163,0.2767612202685631,WT,5UTR,antiparallel,343
14,-1341.7721518987341,3.5614346809730124,0.26162472519296315,WT,5UTR,antiparallel,343
15,-1291.139240506329,3.646749951802375,0.3138710581768668,WT,5UTR,antiparallel,343
16,-1240.506329113924,3.7149702568350773,0.35750796215870256,WT,5UTR,antiparallel,343
17,-1189.873417721519,3.7982122598723143,0.3556660908468981,WT,5UTR,antiparallel,343
18,-1139.240506329114,3.9052321328203927,0.35475067365796786,WT,5UTR,antiparallel,343
19,-1088.607594936709,4.019272246970148,0.3528723717887837,WT,5UTR,antiparallel,343
20,-1037.9746835443038,4.143183696309378,0.3672729969933361,WT,5UTR,antiparallel,343
21,-987.3417721518988,4.446076384582371,0.4172794741564063,WT,5UTR,antiparallel,343
22,-936.7088607594937,4.735741175300758,0.45268981646069073,WT,5UTR,antiparallel,343
23,-886.0759493670887,4.8637949210214195,0.4471858626937594,WT,5UTR,antiparallel,343
24,-835.4430379746836,5.073267089938283,0.4550629886844944,WT,5UTR,antiparallel,343
25,-784.8101265822784,5.448297043344833,0.4801114205424908,WT,5UTR,antiparallel,343
26,-734.1772151898733,5.86808217753706,0.5241632486883371,WT,5UTR,antiparallel,343
27,-683.5443037974683,6.296180407843391,0.5579597978611193,WT,5UTR,antiparallel,343
28,-632.9113924050632,6.870341514401116,0.6019696262877269,WT,5UTR,antiparallel,343
29,-582.2784810126582,7.446604278363338,0.6491416870013936,WT,5UTR,antiparallel,343
30,-531.6455696202531,8.05484249152062,0.7051490813756188,WT,5UTR,antiparallel,343
31,-481.0126582278481,8.599843193011104,0.7846325678547033,WT,5UTR,antiparallel,343
32,-430.37974683544303,9.312978226561588,0.8844926662821597,WT,5UTR,antiparallel,343
33,-379.746835443038,10.051594405823014,0.9981259527733207,WT,5UTR,antiparallel,343
34,-329.11392405063293,10.684864383705387,1.0938843023712648,WT,5UTR,antiparallel,343
35,-278.4810126582279,11.186977425034007,1.1316851356921998,WT,5UTR,antiparallel,343
36,-227.84810126582283,11.851248117139667,1.1377407192881563,WT,5UTR,antiparallel,343
37,-177.21518987341778,12.196955494171677,1.1123729533497326,WT,5UTR,antiparallel,343
38,-126.58227848101274,12.12066426397876,1.0484994664032632,WT,5UTR,antiparallel,343
39,-75.94936708860769,11.943446618611658,0.9795267407318007,WT,5UTR,antiparallel,343
40,-25.316455696202638,11.872840307942864,0.9617708896194266,WT,5UTR,antiparallel,343
41,25.31645569620241,11.775924408836662,0.9531734322387108,WT,5UTR,antiparallel,343
42,75.94936708860769,11.629157624249324,0.9433932143241484,WT,5UTR,antiparallel,343
43,126.58227848101251,11.360195454119246,0.8925121144179072,WT,5UTR,antiparallel,343
44,177.21518987341778,10.889331830708695,0.7885231416427023,WT,5UTR,antiparallel,343
45,227.8481012658226,10.27276171557989,0.6857151675595543,WT,5UTR,antiparallel,343
46,278.4810126582279,9.925516857072147,0.6603271519497805,WT,5UTR,antiparallel,343
47,329.1139240506327,9.617022755113588,0.6542871298249076,WT,5UTR,antiparallel,343
48,379.746835443038,9.450952314385173,0.6906160218159713,WT,5UTR,antiparallel,343
49,430.37974683544326,9.281146298441874,0.7229711182416891,WT,5UTR,antiparallel,343
50,481.0126582278481,9.12575238830494,0.7670890327371677,WT,5UTR,antiparallel,343
51,531.6455696202534,8.818025384512309,0.8056236321726796,WT,5UTR,antiparallel,343
52,582.2784810126582,8.523003037219144,0.8374574306766159,WT,5UTR,antiparallel,343
53,632.9113924050635,8.408427534868002,0.9141859451977493,WT,5UTR,antiparallel,343
54,683.5443037974683,8.052118398547751,0.9214352072145255,WT,5UTR,antiparallel,343
55,734.1772151898736,7.728448071039569,0.9058240701916033,WT,5UTR,antiparallel,343
56,784.8101265822784,7.452165748681457,0.886523332160271,WT,5UTR,antiparallel,343
57,835.4430379746836,7.1881236765567715,0.8747080040823,WT,5UTR,antiparallel,343
58,886.0759493670885,6.858446704474784,0.8594669539536539,WT,5UTR,antiparallel,343
59,936.7088607594937,6.568875632677644,0.8618635505366599,WT,5UTR,antiparallel,343
60,987.3417721518986,6.202258171981926,0.8179121602466876,WT,5UTR,antiparallel,343
61,1037.9746835443038,5.856383968979786,0.7333705680211811,WT,5UTR,antiparallel,343
62,1088.6075949367087,5.589620562992244,0.628967485344085,WT,5UTR,antiparallel,343
63,1139.240506329114,5.339851760917549,0.5186999618609259,WT,5UTR,antiparallel,343
64,1189.8734177215188,5.183930856430844,0.4592356883384646,WT,5UTR,antiparallel,343
65,1240.506329113924,5.128045970594223,0.4556460253046596,WT,5UTR,antiparallel,343
66,1291.1392405063293,5.088279853026999,0.46406194407323675,WT,5UTR,antiparallel,343
67,1341.7721518987341,4.946061681088484,0.454931860821608,WT,5UTR,antiparallel,343
68,1392.4050632911394,4.91025918160977,0.4821265623820745,WT,5UTR,antiparallel,343
69,1443.0379746835442,4.794498467165018,0.4919954136794258,WT,5UTR,antiparallel,343
70,1493.6708860759495,4.79261146059305,0.5591998785445457,WT,5UTR,antiparallel,343
71,1544.3037974683543,4.838719813154089,0.6242764464348632,WT,5UTR,antiparallel,343
72,1594.9367088607596,4.890694605928815,0.7166389840387191,WT,5UTR,antiparallel,343
73,1645.5696202531644,4.813193329274944,0.7499018131147106,WT,5UTR,antiparallel,343
74,1696.2025316455697,4.758078103640105,0.7180625831089923,WT,5UTR,antiparallel,343
75,1746.8354430379745,4.644090541873427,0.6129941876361572,WT,5UTR,antiparallel,343
76,1797.4683544303798,4.429857098358829,0.5494695736530119,WT,5UTR,antiparallel,343
77,1848.1012658227846,4.281038082283139,0.5103103080700389,WT,5UTR,antiparallel,343
78,1898.73417721519,4.012950581139564,0.4605927464605282,WT,5UTR,antiparallel,343
79,1949.3670886075947,3.7948168526191637,0.4155498660341279,WT,5UTR,antiparallel,343
80,2000,3.7243915760459196,0.40074681926800226,WT,5UTR,antiparallel,343
1,-2000,3.6969873513406886,0.3059023294003099,WT,5UTR,hybrid,728
2,-1949.367088607595,3.844449560730667,0.3375045564765733,WT,5UTR,hybrid,728
3,-1898.73417721519,3.89422831235242,0.32878522648587516,WT,5UTR,hybrid,728
4,-1848.1012658227849,3.921642683758622,0.31686482974432373,WT,5UTR,hybrid,728
5,-1797.4683544303798,3.990686936252938,0.32173220214833986,WT,5UTR,hybrid,728
6,-1746.8354430379748,4.147599542319993,0.3483604937802681,WT,5UTR,hybrid,728
7,-1696.2025316455697,4.314951559628322,0.3822045879411548,WT,5UTR,hybrid,728
8,-1645.5696202531644,4.525759857394101,0.41068665463176285,WT,5UTR,hybrid,728
9,-1594.9367088607596,4.623532712372231,0.42483489921879714,WT,5UTR,hybrid,728
10,-1544.3037974683543,4.697654695989011,0.43431932876113966,WT,5UTR,hybrid,728
11,-1493.6708860759495,4.689985901302907,0.4212670438350224,WT,5UTR,hybrid,728
12,-1443.0379746835442,4.6161038610994165,0.4134544509244924,WT,5UTR,hybrid,728
13,-1392.4050632911392,4.695477679059619,0.4376493265721831,WT,5UTR,hybrid,728
14,-1341.7721518987341,4.950871422228578,0.48921619928213333,WT,5UTR,hybrid,728
15,-1291.139240506329,5.179357564911083,0.5248855021827281,WT,5UTR,hybrid,728
16,-1240.506329113924,5.38332406314083,0.5459200726424259,WT,5UTR,hybrid,728
17,-1189.873417721519,5.552245175885412,0.5484121378938561,WT,5UTR,hybrid,728
18,-1139.240506329114,5.602408106306315,0.5162547253301897,WT,5UTR,hybrid,728
19,-1088.607594936709,5.647159982489579,0.4723986668403627,WT,5UTR,hybrid,728
20,-1037.9746835443038,5.807749600031656,0.45170979777899267,WT,5UTR,hybrid,728
21,-987.3417721518988,6.138496213386128,0.4988590222877143,WT,5UTR,hybrid,728
22,-936.7088607594937,6.61304426698021,0.5996027967162346,WT,5UTR,hybrid,728
23,-886.0759493670887,7.0635740032180765,0.6635753824794262,WT,5UTR,hybrid,728
24,-835.4430379746836,7.577846455044581,0.7097968241591859,WT,5UTR,hybrid,728
25,-784.8101265822784,8.023816723354134,0.6888882050868552,WT,5UTR,hybrid,728
26,-734.1772151898733,8.57921160121868,0.6742040825896068,WT,5UTR,hybrid,728
27,-683.5443037974683,9.084238509299992,0.6768210598468005,WT,5UTR,hybrid,728
28,-632.9113924050632,9.683967035239215,0.708915919994795,WT,5UTR,hybrid,728
29,-582.2784810126582,10.276947825024854,0.7371708290929241,WT,5UTR,hybrid,728
30,-531.6455696202531,10.76917514896109,0.7675689353928044,WT,5UTR,hybrid,728
31,-481.0126582278481,11.321474761801325,0.8040325501184712,WT,5UTR,hybrid,728
32,-430.37974683544303,11.848948689989555,0.8311807369147318,WT,5UTR,hybrid,728
33,-379.746835443038,12.58504871845682,0.8638525033593514,WT,5UTR,hybrid,728
34,-329.11392405063293,13.423770211144681,0.8970671006080647,WT,5UTR,hybrid,728
35,-278.4810126582279,14.071890715954504,0.9086058357202119,WT,5UTR,hybrid,728
36,-227.84810126582283,14.58195409637886,0.9257081597599781,WT,5UTR,hybrid,728
37,-177.21518987341778,15.3352995672691,0.9819161012883677,WT,5UTR,hybrid,728
38,-126.58227848101274,15.753543403880064,1.0164579597083392,WT,5UTR,hybrid,728
39,-75.94936708860769,15.785568748536782,0.984273735461865,WT,5UTR,hybrid,728
40,-25.316455696202638,15.624100622149395,0.9520831415725125,WT,5UTR,hybrid,728
41,25.31645569620241,15.025749257804055,0.911987586740054,WT,5UTR,hybrid,728
42,75.94936708860769,14.298095172997359,0.8926031640176986,WT,5UTR,hybrid,728
43,126.58227848101251,13.5821038784376,0.8615644144585601,WT,5UTR,hybrid,728
44,177.21518987341778,12.960587475975572,0.8262290158320751,WT,5UTR,hybrid,728
45,227.8481012658226,12.331062729693812,0.8043792731174306,WT,5UTR,hybrid,728
46,278.4810126582279,11.746099394662476,0.7950623393665248,WT,5UTR,hybrid,728
47,329.1139240506327,11.093169559852763,0.74922872441404,WT,5UTR,hybrid,728
48,379.746835443038,10.555470900606542,0.7013894427554356,WT,5UTR,hybrid,728
49,430.37974683544326,10.069834315178595,0.6701230245055664,WT,5UTR,hybrid,728
50,481.0126582278481,9.596417112867911,0.6622319016301405,WT,5UTR,hybrid,728
51,531.6455696202534,9.115472225757527,0.670451588521887,WT,5UTR,hybrid,728
52,582.2784810126582,8.55380355079532,0.6726677212005241,WT,5UTR,hybrid,728
53,632.9113924050635,8.050424154839673,0.70982373938118,WT,5UTR,hybrid,728
54,683.5443037974683,7.5393656284184685,0.7276366365763932,WT,5UTR,hybrid,728
55,734.1772151898736,7.154981280092573,0.7237757320530174,WT,5UTR,hybrid,728
56,784.8101265822784,6.844655059720133,0.7039200457702448,WT,5UTR,hybrid,728
57,835.4430379746836,6.61758673193363,0.6613573213380062,WT,5UTR,hybrid,728
58,886.0759493670885,6.435772804961755,0.6051030219782051,WT,5UTR,hybrid,728
59,936.7088607594937,6.315950414063511,0.6126102290991517,WT,5UTR,hybrid,728
60,987.3417721518986,6.166029131128674,0.624863249926057,WT,5UTR,hybrid,728
61,1037.9746835443038,6.0225541274211345,0.6335988896189678,WT,5UTR,hybrid,728
62,1088.6075949367087,5.823630210483249,0.6150446545918611,WT,5UTR,hybrid,728
63,1139.240506329114,5.630984427578501,0.6043616101689094,WT,5UTR,hybrid,728
64,1189.8734177215188,5.409924886654585,0.5657915057110297,WT,5UTR,hybrid,728
65,1240.506329113924,5.114450671742687,0.5060733565451561,WT,5UTR,hybrid,728
66,1291.1392405063293,4.93043717927221,0.44792011621293765,WT,5UTR,hybrid,728
67,1341.7721518987341,4.706679406032894,0.4062409228282275,WT,5UTR,hybrid,728
68,1392.4050632911394,4.522117093883373,0.3815229868654435,WT,5UTR,hybrid,728
69,1443.0379746835442,4.334057812523711,0.3640124167942155,WT,5UTR,hybrid,728
70,1493.6708860759495,4.174252000626845,0.33947841885368574,WT,5UTR,hybrid,728
71,1544.3037974683543,4.028602972148539,0.30229088825234457,WT,5UTR,hybrid,728
72,1594.9367088607596,3.9104923787603885,0.2804408928511692,WT,5UTR,hybrid,728
73,1645.5696202531644,3.83416363876927,0.26058805420771297,WT,5UTR,hybrid,728
74,1696.2025316455697,3.786153720550703,0.25429191734643464,WT,5UTR,hybrid,728
75,1746.8354430379745,3.866501082496329,0.26005193082145844,WT,5UTR,hybrid,728
76,1797.4683544303798,3.8720445888590462,0.26260940650285214,WT,5UTR,hybrid,728
77,1848.1012658227846,3.7059036580142957,0.24857846117042562,WT,5UTR,hybrid,728
78,1898.73417721519,3.54695161660294,0.2379680485082954,WT,5UTR,hybrid,728
79,1949.3670886075947,3.476819112380564,0.2291740628966342,WT,5UTR,hybrid,728
80,2000,3.4307167612763987,0.23713632024639392,WT,5UTR,hybrid,728
1,-2000,2.1808148010551918,0.04665752340996794,WT,5UTR,none,16000
2,-1949.367088607595,2.1695286012754074,0.045342236759393,WT,5UTR,none,16000
3,-1898.73417721519,2.1590163923798533,0.04482485682449979,WT,5UTR,none,16000
4,-1848.1012658227849,2.1487295418246704,0.04431218196272267,WT,5UTR,none,16000
5,-1797.4683544303798,2.1492708669782523,0.04363533306783198,WT,5UTR,none,16000
6,-1746.8354430379748,2.1560603550270394,0.04367300401173774,WT,5UTR,none,16000
7,-1696.2025316455697,2.140137031070883,0.04348827150651066,WT,5UTR,none,16000
8,-1645.5696202531644,2.138911420047416,0.04353118557962795,WT,5UTR,none,16000
9,-1594.9367088607596,2.126132955548911,0.042722292411541976,WT,5UTR,none,16000
10,-1544.3037974683543,2.1097811917466176,0.04169248352502334,WT,5UTR,none,16000
11,-1493.6708860759495,2.0984721652162723,0.0414150008970181,WT,5UTR,none,16000
12,-1443.0379746835442,2.093151563303425,0.041454351728929445,WT,5UTR,none,16000
13,-1392.4050632911392,2.083821936426595,0.04214206088440189,WT,5UTR,none,16000
14,-1341.7721518987341,2.0841121962325104,0.04193703116646745,WT,5UTR,none,16000
15,-1291.139240506329,2.0703308439784114,0.04153623155583662,WT,5UTR,none,16000
16,-1240.506329113924,2.0521281544474834,0.041124476237452995,WT,5UTR,none,16000
17,-1189.873417721519,2.0335330787442536,0.04107768734599434,WT,5UTR,none,16000
18,-1139.240506329114,2.013809723080113,0.03955606200284489,WT,5UTR,none,16000
19,-1088.607594936709,1.9910694131622158,0.036983493553302986,WT,5UTR,none,16000
20,-1037.9746835443038,1.9701248336493924,0.03550316892769212,WT,5UTR,none,16000
21,-987.3417721518988,1.9315295690604635,0.03422133728980236,WT,5UTR,none,16000
22,-936.7088607594937,1.899224156360951,0.03294771451547072,WT,5UTR,none,16000
23,-886.0759493670887,1.8671958230804129,0.031568094528399565,WT,5UTR,none,16000
24,-835.4430379746836,1.8267095815249916,0.030394407220098292,WT,5UTR,none,16000
25,-784.8101265822784,1.7869814884846287,0.029119689463408094,WT,5UTR,none,16000
26,-734.1772151898733,1.7497435726329043,0.02807505794162883,WT,5UTR,none,16000
27,-683.5443037974683,1.712702641402872,0.026463460479633633,WT,5UTR,none,16000
28,-632.9113924050632,1.6681551466793474,0.024510085322454352,WT,5UTR,none,16000
29,-582.2784810126582,1.6243805888911573,0.02202402182053488,WT,5UTR,none,16000
30,-531.6455696202531,1.5718955772935104,0.019568976086822603,WT,5UTR,none,16000
31,-481.0126582278481,1.5209104785827334,0.017239573403937076,WT,5UTR,none,16000
32,-430.37974683544303,1.473209478798768,0.015622015168911228,WT,5UTR,none,16000
33,-379.746835443038,1.4336054913234235,0.014511206116153969,WT,5UTR,none,16000
34,-329.11392405063293,1.4036742674868752,0.013590049604355432,WT,5UTR,none,16000
35,-278.4810126582279,1.3754067369583194,0.012770320007082463,WT,5UTR,none,16000
36,-227.84810126582283,1.3525182998953547,0.01204030130745846,WT,5UTR,none,16000
37,-177.21518987341778,1.3295674585471977,0.011379904384961856,WT,5UTR,none,16000
38,-126.58227848101274,1.3130394196429793,0.011022143119172422,WT,5UTR,none,16000
39,-75.94936708860769,1.2942305898527209,0.01073484943970669,WT,5UTR,none,16000
40,-25.316455696202638,1.2904839997358468,0.01061098561928863,WT,5UTR,none,16000
41,25.31645569620241,1.2962447047064585,0.010731454172214246,WT,5UTR,none,16000
42,75.94936708860769,1.2967271424823033,0.010792697665025094,WT,5UTR,none,16000
43,126.58227848101251,1.3127139072192853,0.011114076807741135,WT,5UTR,none,16000
44,177.21518987341778,1.335447038941325,0.011512231531372019,WT,5UTR,none,16000
45,227.8481012658226,1.3621706426433176,0.012118160425276392,WT,5UTR,none,16000
46,278.4810126582279,1.3841740432358083,0.012888915193214376,WT,5UTR,none,16000
47,329.1139240506327,1.404608876835396,0.014085322441838596,WT,5UTR,none,16000
48,379.746835443038,1.4285439321395195,0.015293699854665868,WT,5UTR,none,16000
49,430.37974683544326,1.453557689740291,0.016880052676369613,WT,5UTR,none,16000
50,481.0126582278481,1.4836234696006791,0.018224786010529927,WT,5UTR,none,16000
51,531.6455696202534,1.5174071843513721,0.019149595151998582,WT,5UTR,none,16000
52,582.2784810126582,1.5470948077341673,0.020363851929873777,WT,5UTR,none,16000
53,632.9113924050635,1.5935622958785849,0.021749734529957647,WT,5UTR,none,16000
54,683.5443037974683,1.6353255037650345,0.02267119252802843,WT,5UTR,none,16000
55,734.1772151898736,1.675480463230968,0.02437738280191259,WT,5UTR,none,16000
56,784.8101265822784,1.7348181267458365,0.02841799436272275,WT,5UTR,none,16000
57,835.4430379746836,1.7787554727226529,0.031607744880525895,WT,5UTR,none,16000
58,886.0759493670885,1.8089108902168365,0.0337797594624129,WT,5UTR,none,16000
59,936.7088607594937,1.8457576116375936,0.03511209937550776,WT,5UTR,none,16000
60,987.3417721518986,1.8751953393925342,0.03521175083955301,WT,5UTR,none,16000
61,1037.9746835443038,1.9145233890181061,0.03626334489237188,WT,5UTR,none,16000
62,1088.6075949367087,1.9463851846147937,0.037652282343293715,WT,5UTR,none,16000
63,1139.240506329114,1.9715387613401008,0.038793272945941565,WT,5UTR,none,16000
64,1189.8734177215188,1.989410012530016,0.03941768263253197,WT,5UTR,none,16000
65,1240.506329113924,2.0027369281536203,0.03996215661624488,WT,5UTR,none,16000
66,1291.1392405063293,2.0114574979009534,0.04028796011188161,WT,5UTR,none,16000
67,1341.7721518987341,2.0129449577211456,0.03995516222368944,WT,5UTR,none,16000
68,1392.4050632911394,2.011870940376119,0.039370239192467966,WT,5UTR,none,16000
69,1443.0379746835442,2.01955019321113,0.03913669558215996,WT,5UTR,none,16000
70,1493.6708860759495,2.0282941050517254,0.03984099554303255,WT,5UTR,none,16000
71,1544.3037974683543,2.032401691873533,0.040599717878515386,WT,5UTR,none,16000
72,1594.9367088607596,2.0497894269615804,0.04119694551125556,WT,5UTR,none,16000
73,1645.5696202531644,2.0617883329813274,0.041304734227503005,WT,5UTR,none,16000
74,1696.2025316455697,2.0725749576649704,0.0408613087941209,WT,5UTR,none,16000
75,1746.8354430379745,2.0732044423118325,0.041037763040516505,WT,5UTR,none,16000
76,1797.4683544303798,2.0745664989693537,0.04131690274402403,WT,5UTR,none,16000
77,1848.1012658227846,2.087203286907762,0.04166057531287484,WT,5UTR,none,16000
78,1898.73417721519,2.101006481642173,0.042841319872722966,WT,5UTR,none,16000
79,1949.3670886075947,2.100606218372518,0.042659680760712144,WT,5UTR,none,16000
80,2000,2.0995611516969137,0.04261723915229952,WT,5UTR,none,16000
1,-2000,3.5295262847954505,0.09585589872319043,WT,intron1,parallel,7766
2,-1949.367088607595,3.5533162048485405,0.0973526820302952,WT,intron1,parallel,7766
3,-1898.73417721519,3.554404546412616,0.09862319339503946,WT,intron1,parallel,7766
4,-1848.1012658227849,3.527396724259703,0.09621730887830222,WT,intron1,parallel,7766
5,-1797.4683544303798,3.5182003124053516,0.09224234710719431,WT,intron1,parallel,7766
6,-1746.8354430379748,3.5099361888347587,0.08830457894225799,WT,intron1,parallel,7766
7,-1696.2025316455697,3.5058311465341387,0.0873222727831863,WT,intron1,parallel,7766
8,-1645.5696202531644,3.5380809106825963,0.09042198877441585,WT,intron1,parallel,7766
9,-1594.9367088607596,3.617967510054844,0.09632340803906232,WT,intron1,parallel,7766
10,-1544.3037974683543,3.6998010139016495,0.10404024467711653,WT,intron1,parallel,7766
11,-1493.6708860759495,3.7355069306120052,0.10924998209383582,WT,intron1,parallel,7766
12,-1443.0379746835442,3.7823980490817912,0.11315323586648267,WT,intron1,parallel,7766
13,-1392.4050632911392,3.810947173592338,0.11418173077170171,WT,intron1,parallel,7766
14,-1341.7721518987341,3.854509794911926,0.11484482025629922,WT,intron1,parallel,7766
15,-1291.139240506329,3.8676171744853214,0.1107850154204997,WT,intron1,parallel,7766
16,-1240.506329113924,3.8659976855055214,0.10630184402916186,WT,intron1,parallel,7766
17,-1189.873417721519,3.8895384347385598,0.10215598546602059,WT,intron1,parallel,7766
18,-1139.240506329114,3.915804235770453,0.1012069821918896,WT,intron1,parallel,7766
19,-1088.607594936709,3.9536716453047083,0.10384531340946618,WT,intron1,parallel,7766
20,-1037.9746835443038,4.001907140597406,0.10600872363755122,WT,intron1,parallel,7766
21,-987.3417721518988,4.053334178776687,0.10779803037673925,WT,intron1,parallel,7766
22,-936.7088607594937,4.083618494396466,0.10784547643005006,WT,intron1,parallel,7766
23,-886.0759493670887,4.0976770924137265,0.10954247829094498,WT,intron1,parallel,7766
24,-835.4430379746836,4.124429419349729,0.11081694636841004,WT,intron1,parallel,7766
25,-784.8101265822784,4.166180985201499,0.1125915465608246,WT,intron1,parallel,7766
26,-734.1772151898733,4.1996946994711255,0.11249692243221981,WT,intron1,parallel,7766
27,-683.5443037974683,4.229166431873282,0.11214678130010607,WT,intron1,parallel,7766
28,-632.9113924050632,4.259577346953601,0.11150481070330862,WT,intron1,parallel,7766
29,-582.2784810126582,4.281351315041798,0.10964163997439456,WT,intron1,parallel,7766
30,-531.6455696202531,4.280757602512892,0.10716255811927536,WT,intron1,parallel,7766
31,-481.0126582278481,4.291873746948167,0.10805000041772478,WT,intron1,parallel,7766
32,-430.37974683544303,4.355171816386177,0.10982366101119556,WT,intron1,parallel,7766
33,-379.746835443038,4.390174866067318,0.1113999102937444,WT,intron1,parallel,7766
34,-329.11392405063293,4.389708815559071,0.11371172422796338,WT,intron1,parallel,7766
35,-278.4810126582279,4.38691890461116,0.1152375686257813,WT,intron1,parallel,7766
36,-227.84810126582283,4.370170867255813,0.11551034695862192,WT,intron1,parallel,7766
37,-177.21518987341778,4.353545493387809,0.11385364373080649,WT,intron1,parallel,7766
38,-126.58227848101274,4.321396464809183,0.11242762255575263,WT,intron1,parallel,7766
39,-75.94936708860769,4.278652267609556,0.11113073553967784,WT,intron1,parallel,7766
40,-25.316455696202638,4.2429373708915605,0.11057779664441268,WT,intron1,parallel,7766
41,25.31645569620241,4.213348734661974,0.10961610078241525,WT,intron1,parallel,7766
42,75.94936708860769,4.182896529980428,0.10874154119173915,WT,intron1,parallel,7766
43,126.58227848101251,4.169156789686744,0.10671804020172374,WT,intron1,parallel,7766
44,177.21518987341778,4.177220493202936,0.10610810360888309,WT,intron1,parallel,7766
45,227.8481012658226,4.186610215019183,0.10881448998385383,WT,intron1,parallel,7766
46,278.4810126582279,4.176065982272363,0.11368347697881982,WT,intron1,parallel,7766
47,329.1139240506327,4.1474602518222685,0.11483735215075495,WT,intron1,parallel,7766
48,379.746835443038,4.12077842517087,0.1146786557947138,WT,intron1,parallel,7766
49,430.37974683544326,4.075138854372398,0.11437936178197161,WT,intron1,parallel,7766
50,481.0126582278481,4.015143904411514,0.11120633587510621,WT,intron1,parallel,7766
51,531.6455696202534,3.968274830820755,0.10839048354884763,WT,intron1,parallel,7766
52,582.2784810126582,3.958953021650141,0.11059735894320372,WT,intron1,parallel,7766
53,632.9113924050635,3.946660854458471,0.1106035616974528,WT,intron1,parallel,7766
54,683.5443037974683,3.889747637570575,0.1065981380226476,WT,intron1,parallel,7766
55,734.1772151898736,3.8337778735921173,0.10271757533960382,WT,intron1,parallel,7766
56,784.8101265822784,3.7774556407389985,0.10269434469662987,WT,intron1,parallel,7766
57,835.4430379746836,3.6975221185305975,0.10025852983683647,WT,intron1,parallel,7766
58,886.0759493670885,3.642043465797006,0.09718261920709335,WT,intron1,parallel,7766
59,936.7088607594937,3.5847579487018475,0.0937102254440752,WT,intron1,parallel,7766
60,987.3417721518986,3.5420658587967337,0.0907378928174008,WT,intron1,parallel,7766
61,1037.9746835443038,3.5080982086625525,0.08834567635200817,WT,intron1,parallel,7766
62,1088.6075949367087,3.490422808278711,0.08790945838563399,WT,intron1,parallel,7766
63,1139.240506329114,3.4628229262281542,0.08693812324083305,WT,intron1,parallel,7766
64,1189.8734177215188,3.4374238858920676,0.08500583336392574,WT,intron1,parallel,7766
65,1240.506329113924,3.4274675782128603,0.08338678779436057,WT,intron1,parallel,7766
66,1291.1392405063293,3.3971979635752816,0.0820142828753329,WT,intron1,parallel,7766
67,1341.7721518987341,3.388015352577209,0.08290117550584002,WT,intron1,parallel,7766
68,1392.4050632911394,3.3864102358793087,0.08559167423023413,WT,intron1,parallel,7766
69,1443.0379746835442,3.3806944129359353,0.08815645248919866,WT,intron1,parallel,7766
70,1493.6708860759495,3.3817927175102773,0.09014924441989026,WT,intron1,parallel,7766
71,1544.3037974683543,3.380452390654587,0.0906261300696771,WT,intron1,parallel,7766
72,1594.9367088607596,3.389527578844882,0.09404539377361572,WT,intron1,parallel,7766
73,1645.5696202531644,3.39896764578405,0.10066513818934325,WT,intron1,parallel,7766
74,1696.2025316455697,3.353675692592202,0.10301804803762825,WT,intron1,parallel,7766
75,1746.8354430379745,3.31079592748613,0.10099196617960907,WT,intron1,parallel,7766
76,1797.4683544303798,3.2749640216714004,0.09342862105433805,WT,intron1,parallel,7766
77,1848.1012658227846,3.264020594252528,0.0875996421698567,WT,intron1,parallel,7766
78,1898.73417721519,3.28259215202124,0.08707468142892881,WT,intron1,parallel,7766
79,1949.3670886075947,3.280240361044382,0.08793230518477112,WT,intron1,parallel,7766
80,2000,3.301260851283208,0.08907442159954601,WT,intron1,parallel,7766
1,-2000,3.436331495373462,0.3206531813730516,WT,intron1,antiparallel,710
2,-1949.367088607595,3.5198430760567176,0.3808848280728402,WT,intron1,antiparallel,710
3,-1898.73417721519,3.6780476669526436,0.4313778044135221,WT,intron1,antiparallel,710
4,-1848.1012658227849,3.8644390370107033,0.4907870058937518,WT,intron1,antiparallel,710
5,-1797.4683544303798,3.9657701265319414,0.5701998410377813,WT,intron1,antiparallel,710
6,-1746.8354430379748,4.039611309774605,0.6133361558450637,WT,intron1,antiparallel,710
7,-1696.2025316455697,4.137267557702714,0.7013315014901594,WT,intron1,antiparallel,710
8,-1645.5696202531644,4.218123991754693,0.766814605302993,WT,intron1,antiparallel,710
9,-1594.9367088607596,4.2085318575924,0.7949415445649548,WT,intron1,antiparallel,710
10,-1544.3037974683543,4.201413934696448,0.7944580047312103,WT,intron1,antiparallel,710
11,-1493.6708860759495,4.210493567278688,0.8019692436554304,WT,intron1,antiparallel,710
12,-1443.0379746835442,4.212175261446008,0.749882150791102,WT,intron1,antiparallel,710
13,-1392.4050632911392,4.190721848424052,0.6496416223701225,WT,intron1,antiparallel,710
14,-1341.7721518987341,4.217294983420573,0.6010186847128244,WT,intron1,antiparallel,710
15,-1291.139240506329,4.138708510717875,0.5488683174733724,WT,intron1,antiparallel,710
16,-1240.506329113924,4.0038656446653915,0.5133550443969541,WT,intron1,antiparallel,710
17,-1189.873417721519,3.9365511254805354,0.48877106440823953,WT,intron1,antiparallel,710
18,-1139.240506329114,3.9716652687636897,0.48063597336338865,WT,intron1,antiparallel,710
19,-1088.607594936709,3.926549934613313,0.44558072349889394,WT,intron1,antiparallel,710
20,-1037.9746835443038,3.834082639773687,0.4049340903905666,WT,intron1,antiparallel,710
21,-987.3417721518988,3.776642089627718,0.3657742813502026,WT,intron1,antiparallel,710
22,-936.7088607594937,3.654127006478153,0.3400688623360507,WT,intron1,antiparallel,710
23,-886.0759493670887,3.650634047961571,0.3325877800144216,WT,intron1,antiparallel,710
24,-835.4430379746836,3.6444608902069326,0.3277966730460906,WT,intron1,antiparallel,710
25,-784.8101265822784,3.629398561956737,0.3090705260484917,WT,intron1,antiparallel,710
26,-734.1772151898733,3.6724399662745393,0.31411430146366504,WT,intron1,antiparallel,710
27,-683.5443037974683,3.719257821725568,0.3205690806468261,WT,intron1,antiparallel,710
28,-632.9113924050632,3.7556708405387234,0.3171020272373414,WT,intron1,antiparallel,710
29,-582.2784810126582,3.8052153619779667,0.3158246468325341,WT,intron1,antiparallel,710
30,-531.6455696202531,3.938079145978874,0.32076880800663676,WT,intron1,antiparallel,710
31,-481.0126582278481,4.014080728129042,0.3372604073815669,WT,intron1,antiparallel,710
32,-430.37974683544303,4.0552401865334575,0.3524875287525475,WT,intron1,antiparallel,710
33,-379.746835443038,4.098101630832108,0.3647654634793056,WT,intron1,antiparallel,710
34,-329.11392405063293,4.088874038831729,0.3650798287669945,WT,intron1,antiparallel,710
35,-278.4810126582279,4.206891945758336,0.4000447096878054,WT,intron1,antiparallel,710
36,-227.84810126582283,4.154537408806348,0.39955938412318726,WT,intron1,antiparallel,710
37,-177.21518987341778,4.01253782386735,0.3884770894283656,WT,intron1,antiparallel,710
38,-126.58227848101274,3.841852975405438,0.3709846780273264,WT,intron1,antiparallel,710
39,-75.94936708860769,3.7151427060348885,0.33812498116030315,WT,intron1,antiparallel,710
40,-25.316455696202638,3.5588038181419104,0.2984701176995246,WT,intron1,antiparallel,710
41,25.31645569620241,3.442976637992501,0.25595063205150775,WT,intron1,antiparallel,710
42,75.94936708860769,3.3516037763508275,0.22628169866068815,WT,intron1,antiparallel,710
43,126.58227848101251,3.312754401452105,0.21601756372858155,WT,intron1,antiparallel,710
44,177.21518987341778,3.2978899733561304,0.2111643963319296,WT,intron1,antiparallel,710
45,227.8481012658226,3.397205910682678,0.2180729056854506,WT,intron1,antiparallel,710
46,278.4810126582279,3.3971753725065312,0.22267910779123729,WT,intron1,antiparallel,710
47,329.1139240506327,3.397726138707058,0.22258146577373622,WT,intron1,antiparallel,710
48,379.746835443038,3.4172196223590294,0.2249459103060932,WT,intron1,antiparallel,710
49,430.37974683544326,3.4333355862389148,0.24685386510513332,WT,intron1,antiparallel,710
50,481.0126582278481,3.4150863853295643,0.27252201022263933,WT,intron1,antiparallel,710
51,531.6455696202534,3.475563865437754,0.2989929734283806,WT,intron1,antiparallel,710
52,582.2784810126582,3.4945582346938586,0.29945828855804696,WT,intron1,antiparallel,710
53,632.9113924050635,3.5008682466090564,0.27316284211418307,WT,intron1,antiparallel,710
54,683.5443037974683,3.4608581163636956,0.24611445697826248,WT,intron1,antiparallel,710
55,734.1772151898736,3.326985690082183,0.23172245890455168,WT,intron1,antiparallel,710
56,784.8101265822784,3.2738876257435257,0.2281679394045422,WT,intron1,antiparallel,710
57,835.4430379746836,3.221117666545608,0.22790027914880095,WT,intron1,antiparallel,710
58,886.0759493670885,3.1051820864319244,0.2200474058620423,WT,intron1,antiparallel,710
59,936.7088607594937,3.040723784023607,0.21099800892682521,WT,intron1,antiparallel,710
60,987.3417721518986,3.015500215649045,0.2097347314651191,WT,intron1,antiparallel,710
61,1037.9746835443038,2.9744380553496277,0.2081385099306507,WT,intron1,antiparallel,710
62,1088.6075949367087,2.906031316711309,0.19729813028873025,WT,intron1,antiparallel,710
63,1139.240506329114,2.8956140226556664,0.19517709668457786,WT,intron1,antiparallel,710
64,1189.8734177215188,2.954590632868485,0.21533586057039697,WT,intron1,antiparallel,710
65,1240.506329113924,2.9964675328328574,0.2295563967221863,WT,intron1,antiparallel,710
66,1291.1392405063293,3.0052450343723027,0.22801463853577492,WT,intron1,antiparallel,710
67,1341.7721518987341,2.998991788794737,0.21921354162096812,WT,intron1,antiparallel,710
68,1392.4050632911394,2.921320115211424,0.2128407984481975,WT,intron1,antiparallel,710
69,1443.0379746835442,2.9152811091091713,0.21778077446075794,WT,intron1,antiparallel,710
70,1493.6708860759495,3.041401067208796,0.2506523051522813,WT,intron1,antiparallel,710
71,1544.3037974683543,3.0518128434749836,0.2570422869275231,WT,intron1,antiparallel,710
72,1594.9367088607596,3.0114776002039934,0.25022294014112156,WT,intron1,antiparallel,710
73,1645.5696202531644,2.933573249586311,0.24510584053067003,WT,intron1,antiparallel,710
74,1696.2025316455697,2.90016782086444,0.23853128305029134,WT,intron1,antiparallel,710
75,1746.8354430379745,2.885579903466041,0.2488690152920119,WT,intron1,antiparallel,710
76,1797.4683544303798,2.9318224415241834,0.3016905596227587,WT,intron1,antiparallel,710
77,1848.1012658227846,3.0357923543968113,0.3721226236832862,WT,intron1,antiparallel,710
78,1898.73417721519,3.068191481993232,0.3963468379154222,WT,intron1,antiparallel,710
79,1949.3670886075947,3.049755064349779,0.3545115451614566,WT,intron1,antiparallel,710
80,2000,3.027426583445688,0.3159200739010528,WT,intron1,antiparallel,710
1,-2000,3.131516093963232,0.21006110304994408,WT,intron1,hybrid,1092
2,-1949.367088607595,3.1739749682124283,0.21220995366421574,WT,intron1,hybrid,1092
3,-1898.73417721519,3.25992648397901,0.22095615878543157,WT,intron1,hybrid,1092
4,-1848.1012658227849,3.319450600916504,0.22849029275054028,WT,intron1,hybrid,1092
5,-1797.4683544303798,3.414494470643182,0.22806163553236097,WT,intron1,hybrid,1092
6,-1746.8354430379748,3.49514464479663,0.23515224137666157,WT,intron1,hybrid,1092
7,-1696.2025316455697,3.479945808216766,0.24232752742101707,WT,intron1,hybrid,1092
8,-1645.5696202531644,3.4635782904779226,0.25432520228386313,WT,intron1,hybrid,1092
9,-1594.9367088607596,3.4595715074457676,0.26445585178483255,WT,intron1,hybrid,1092
10,-1544.3037974683543,3.444221571152609,0.26786557104137865,WT,intron1,hybrid,1092
11,-1493.6708860759495,3.4397922616141767,0.2686050705476559,WT,intron1,hybrid,1092
12,-1443.0379746835442,3.4589156975363347,0.26536395169521254,WT,intron1,hybrid,1092
13,-1392.4050632911392,3.4597172352318655,0.25835187022872175,WT,intron1,hybrid,1092
14,-1341.7721518987341,3.523378417285953,0.2719388049533706,WT,intron1,hybrid,1092
15,-1291.139240506329,3.5870461968471714,0.2770883363846072,WT,intron1,hybrid,1092
16,-1240.506329113924,3.5444579611418447,0.25656220881617287,WT,intron1,hybrid,1092
17,-1189.873417721519,3.5895902646228364,0.2387490381808522,WT,intron1,hybrid,1092
18,-1139.240506329114,3.682185916256555,0.25619420836125434,WT,intron1,hybrid,1092
19,-1088.607594936709,3.9088884208148507,0.28305086325623174,WT,intron1,hybrid,1092
20,-1037.9746835443038,4.183161758483548,0.32282845604610455,WT,intron1,hybrid,1092
21,-987.3417721518988,4.318743359070266,0.342925689107995,WT,intron1,hybrid,1092
22,-936.7088607594937,4.4236268214523,0.35092501004083976,WT,intron1,hybrid,1092
23,-886.0759493670887,4.452360415090426,0.34251828784706645,WT,intron1,hybrid,1092
24,-835.4430379746836,4.467601189546387,0.31944226672334997,WT,intron1,hybrid,1092
25,-784.8101265822784,4.484759682326672,0.32523906096567634,WT,intron1,hybrid,1092
26,-734.1772151898733,4.549155808660283,0.34796999114944915,WT,intron1,hybrid,1092
27,-683.5443037974683,4.60352370832502,0.35719769997469253,WT,intron1,hybrid,1092
28,-632.9113924050632,4.5402254178119374,0.34976710581647386,WT,intron1,hybrid,1092
29,-582.2784810126582,4.432527703048255,0.33241712142530827,WT,intron1,hybrid,1092
30,-531.6455696202531,4.317748976320719,0.30598597161011165,WT,intron1,hybrid,1092
31,-481.0126582278481,4.297773490234463,0.30049477678396064,WT,intron1,hybrid,1092
32,-430.37974683544303,4.280985864141776,0.29996337069118995,WT,intron1,hybrid,1092
33,-379.746835443038,4.310108600779185,0.29546064794837995,WT,intron1,hybrid,1092
34,-329.11392405063293,4.297532565893562,0.2935426909686857,WT,intron1,hybrid,1092
35,-278.4810126582279,4.276859703422029,0.3130338997817574,WT,intron1,hybrid,1092
36,-227.84810126582283,4.319369511241878,0.33713035734854163,WT,intron1,hybrid,1092
37,-177.21518987341778,4.318876369853159,0.34908161164376295,WT,intron1,hybrid,1092
38,-126.58227848101274,4.3216277978206294,0.33673391888978277,WT,intron1,hybrid,1092
39,-75.94936708860769,4.382720421685841,0.31662783756383056,WT,intron1,hybrid,1092
40,-25.316455696202638,4.363540562651824,0.30140999434448107,WT,intron1,hybrid,1092
41,25.31645569620241,4.414061472068048,0.2924619109428844,WT,intron1,hybrid,1092
42,75.94936708860769,4.4242543201772575,0.2888978748819125,WT,intron1,hybrid,1092
43,126.58227848101251,4.422210691307781,0.2778535012187331,WT,intron1,hybrid,1092
44,177.21518987341778,4.398533997791154,0.2620373895728984,WT,intron1,hybrid,1092
45,227.8481012658226,4.385550949730716,0.26543766767644095,WT,intron1,hybrid,1092
46,278.4810126582279,4.386389644253676,0.2721860142577431,WT,intron1,hybrid,1092
47,329.1139240506327,4.36902292428727,0.2832293127266558,WT,intron1,hybrid,1092
48,379.746835443038,4.419917228613436,0.2935489548435201,WT,intron1,hybrid,1092
49,430.37974683544326,4.528566369862638,0.32622756465254027,WT,intron1,hybrid,1092
50,481.0126582278481,4.632527672176833,0.34606219678650635,WT,intron1,hybrid,1092
51,531.6455696202534,4.733063655345722,0.37160177967914126,WT,intron1,hybrid,1092
52,582.2784810126582,4.887363743199097,0.4028381427469008,WT,intron1,hybrid,1092
53,632.9113924050635,4.9905569981611695,0.4206753883992683,WT,intron1,hybrid,1092
54,683.5443037974683,5.015941047822017,0.4296115426197426,WT,intron1,hybrid,1092
55,734.1772151898736,5.0272918906243875,0.4502732647098107,WT,intron1,hybrid,1092
56,784.8101265822784,4.984763112057988,0.4535785192581142,WT,intron1,hybrid,1092
57,835.4430379746836,4.986926225066476,0.4538059774446996,WT,intron1,hybrid,1092
58,886.0759493670885,4.950692104844237,0.4354493895418953,WT,intron1,hybrid,1092
59,936.7088607594937,4.825283373174359,0.40689836122545336,WT,intron1,hybrid,1092
60,987.3417721518986,4.679579954115317,0.3728136549204252,WT,intron1,hybrid,1092
61,1037.9746835443038,4.482157487236828,0.339044034905767,WT,intron1,hybrid,1092
62,1088.6075949367087,4.268125083776184,0.3189054496151917,WT,intron1,hybrid,1092
63,1139.240506329114,4.157967989002974,0.32426694661081723,WT,intron1,hybrid,1092
64,1189.8734177215188,4.174643081583819,0.34353490082126903,WT,intron1,hybrid,1092
65,1240.506329113924,4.037510528098678,0.34002667564630834,WT,intron1,hybrid,1092
66,1291.1392405063293,3.870391159045245,0.3120373974718877,WT,intron1,hybrid,1092
67,1341.7721518987341,3.759551088610557,0.2881128477367276,WT,intron1,hybrid,1092
68,1392.4050632911394,3.6039875362738876,0.2545757494737903,WT,intron1,hybrid,1092
69,1443.0379746835442,3.4318301838490846,0.2276516790324605,WT,intron1,hybrid,1092
70,1493.6708860759495,3.364849339942647,0.22122762173923913,WT,intron1,hybrid,1092
71,1544.3037974683543,3.319426844937315,0.21538855433408352,WT,intron1,hybrid,1092
72,1594.9367088607596,3.307672248720686,0.20967909390621878,WT,intron1,hybrid,1092
73,1645.5696202531644,3.2292892253384338,0.20278505330260327,WT,intron1,hybrid,1092
74,1696.2025316455697,3.1633888958923984,0.21207991886045363,WT,intron1,hybrid,1092
75,1746.8354430379745,3.1360161273710894,0.23665658573224124,WT,intron1,hybrid,1092
76,1797.4683544303798,3.15201646120557,0.2785395335034932,WT,intron1,hybrid,1092
77,1848.1012658227846,3.209809893825261,0.3015230400497624,WT,intron1,hybrid,1092
78,1898.73417721519,3.286229022329398,0.31351701736289517,WT,intron1,hybrid,1092
79,1949.3670886075947,3.3177561736550816,0.30726618384687476,WT,intron1,hybrid,1092
80,2000,3.376535513601169,0.28930114363752435,WT,intron1,hybrid,1092
1,-2000,1.8555488564264373,0.04631143633249108,WT,intron1,none,12787
2,-1949.367088607595,1.8494158374878888,0.04588343534711242,WT,intron1,none,12787
3,-1898.73417721519,1.8394210326989953,0.04540575980412722,WT,intron1,none,12787
4,-1848.1012658227849,1.805170087543343,0.04384471389372388,WT,intron1,none,12787
5,-1797.4683544303798,1.768104502016405,0.041981146773900906,WT,intron1,none,12787
6,-1746.8354430379748,1.7432251667525147,0.039633830556332364,WT,intron1,none,12787
7,-1696.2025316455697,1.7370905449849299,0.04057792136036136,WT,intron1,none,12787
8,-1645.5696202531644,1.7312342191570893,0.041055536996661,WT,intron1,none,12787
9,-1594.9367088607596,1.7100330171756988,0.040410523452568306,WT,intron1,none,12787
10,-1544.3037974683543,1.6865028578237948,0.03866821637463552,WT,intron1,none,12787
11,-1493.6708860759495,1.6553821968803248,0.03661042294992587,WT,intron1,none,12787
12,-1443.0379746835442,1.624068254168145,0.03459694982037008,WT,intron1,none,12787
13,-1392.4050632911392,1.611019662857541,0.032428130248192716,WT,intron1,none,12787
14,-1341.7721518987341,1.6031389406567798,0.03146798126587693,WT,intron1,none,12787
15,-1291.139240506329,1.5891188093654158,0.03174734574452914,WT,intron1,none,12787
16,-1240.506329113924,1.5743766986047552,0.03181073987136214,WT,intron1,none,12787
17,-1189.873417721519,1.552618027901436,0.030664949980417158,WT,intron1,none,12787
18,-1139.240506329114,1.5174225206911247,0.029269157236996406,WT,intron1,none,12787
19,-1088.607594936709,1.4951402278444632,0.028785624093825814,WT,intron1,none,12787
20,-1037.9746835443038,1.485861313819798,0.02815862832060749,WT,intron1,none,12787
21,-987.3417721518988,1.460955614548841,0.02803901523140151,WT,intron1,none,12787
22,-936.7088607594937,1.431368189483222,0.027160673214606558,WT,intron1,none,12787
23,-886.0759493670887,1.404611900969443,0.025312560743024362,WT,intron1,none,12787
24,-835.4430379746836,1.381729760148137,0.02338406057279099,WT,intron1,none,12787
25,-784.8101265822784,1.352660570406866,0.020666934696231556,WT,intron1,none,12787
26,-734.1772151898733,1.325728577158167,0.01836519565719155,WT,intron1,none,12787
27,-683.5443037974683,1.2946204812967914,0.016330301103725863,WT,intron1,none,12787
28,-632.9113924050632,1.266379550219945,0.015025851852648969,WT,intron1,none,12787
29,-582.2784810126582,1.2496987832614213,0.014777616653451777,WT,intron1,none,12787
30,-531.6455696202531,1.2337113174473628,0.014156431672013352,WT,intron1,none,12787
31,-481.0126582278481,1.2163333597058004,0.013245622980266658,WT,intron1,none,12787
32,-430.37974683544303,1.2053071974970477,0.012658618087716605,WT,intron1,none,12787
33,-379.746835443038,1.203165008238109,0.012318238356647943,WT,intron1,none,12787
34,-329.11392405063293,1.1973661993200728,0.012090492690230515,WT,intron1,none,12787
35,-278.4810126582279,1.1912979671700987,0.011956024728632327,WT,intron1,none,12787
36,-227.84810126582283,1.1822576584850708,0.011625867270020787,WT,intron1,none,12787
37,-177.21518987341778,1.1709318201015422,0.011445887653451451,WT,intron1,none,12787
38,-126.58227848101274,1.1653447252194715,0.011331014851400742,WT,intron1,none,12787
39,-75.94936708860769,1.1659376792655398,0.011323488921002246,WT,intron1,none,12787
40,-25.316455696202638,1.1678339027583584,0.011335651659281723,WT,intron1,none,12787
41,25.31645569620241,1.1650338571487442,0.01130008577656024,WT,intron1,none,12787
42,75.94936708860769,1.1552189023449846,0.011238749704221571,WT,intron1,none,12787
43,126.58227848101251,1.1611045518911545,0.011257946328654421,WT,intron1,none,12787
44,177.21518987341778,1.1722179161953652,0.01134800894913217,WT,intron1,none,12787
45,227.8481012658226,1.1892074069178407,0.011617600947450048,WT,intron1,none,12787
46,278.4810126582279,1.1985099590232653,0.011775004125434,WT,intron1,none,12787
47,329.1139240506327,1.2083000808670585,0.011989536143300273,WT,intron1,none,12787
48,379.746835443038,1.2161767292946952,0.012129832462211115,WT,intron1,none,12787
49,430.37974683544326,1.2240823749126406,0.012525493567321314,WT,intron1,none,12787
50,481.0126582278481,1.2377566945553138,0.013006311622710973,WT,intron1,none,12787
51,531.6455696202534,1.2544256499593047,0.013700640321485675,WT,intron1,none,12787
52,582.2784810126582,1.268959287405481,0.014391893093160833,WT,intron1,none,12787
53,632.9113924050635,1.2919793677443914,0.015424038585049833,WT,intron1,none,12787
54,683.5443037974683,1.3092937225465453,0.016329568300499003,WT,intron1,none,12787
55,734.1772151898736,1.3262415836322752,0.0174053716807704,WT,intron1,none,12787
56,784.8101265822784,1.3503580750693238,0.01843098437167612,WT,intron1,none,12787
57,835.4430379746836,1.3630702331239966,0.01965055964476628,WT,intron1,none,12787
58,886.0759493670885,1.3811859602317225,0.021147339828240883,WT,intron1,none,12787
59,936.7088607594937,1.4069768463924528,0.02284045234825089,WT,intron1,none,12787
60,987.3417721518986,1.4363512267086642,0.024890881143700683,WT,intron1,none,12787
61,1037.9746835443038,1.4693541855204248,0.026970521371649802,WT,intron1,none,12787
62,1088.6075949367087,1.4927080573948386,0.028198500717222748,WT,intron1,none,12787
63,1139.240506329114,1.5088496031544454,0.029055271670303896,WT,intron1,none,12787
64,1189.8734177215188,1.536978852935712,0.0310710422008749,WT,intron1,none,12787
65,1240.506329113924,1.556257292550723,0.03252634342504166,WT,intron1,none,12787
66,1291.1392405063293,1.593162486646177,0.03460466786111269,WT,intron1,none,12787
67,1341.7721518987341,1.6215480086442886,0.035377375043802305,WT,intron1,none,12787
68,1392.4050632911394,1.6375359854489182,0.03604451822735625,WT,intron1,none,12787
69,1443.0379746835442,1.6622885091093726,0.036830274092394415,WT,intron1,none,12787
70,1493.6708860759495,1.6819685802326028,0.03768215031863757,WT,intron1,none,12787
71,1544.3037974683543,1.6907064605493014,0.0389639809629616,WT,intron1,none,12787
72,1594.9367088607596,1.7027244056127868,0.04258326527817541,WT,intron1,none,12787
73,1645.5696202531644,1.7187779663764067,0.046967669332985365,WT,intron1,none,12787
74,1696.2025316455697,1.7453332971835076,0.051375354742167145,WT,intron1,none,12787
75,1746.8354430379745,1.7697376763556445,0.053333961458176045,WT,intron1,none,12787
76,1797.4683544303798,1.7832680099322968,0.053654318772197486,WT,intron1,none,12787
77,1848.1012658227846,1.7874339531153052,0.05269237581975592,WT,intron1,none,12787
78,1898.73417721519,1.7883677938943754,0.04850369988173964,WT,intron1,none,12787
79,1949.3670886075947,1.785531087552172,0.04428892721093804,WT,intron1,none,12787
80,2000,1.8066839279175477,0.04331381053686534,WT,intron1,none,12787
1,-2000,3.30085300278306,0.051588675480198035,WT,enhancer,parallel,16000
2,-1949.367088607595,3.328692660705596,0.05224619494538244,WT,enhancer,parallel,16000
3,-1898.73417721519,3.3577507868153353,0.053511148375402474,WT,enhancer,parallel,16000
4,-1848.1012658227849,3.41427512507389,0.05635512587746,WT,enhancer,parallel,16000
5,-1797.4683544303798,3.4701574776967368,0.059270133684774094,WT,enhancer,parallel,16000
6,-1746.8354430379748,3.52165886498183,0.061228921037871496,WT,enhancer,parallel,16000
7,-1696.2025316455697,3.5800617698357007,0.06223969413680572,WT,enhancer,parallel,16000
8,-1645.5696202531644,3.6482440415719153,0.06341754882102471,WT,enhancer,parallel,16000
9,-1594.9367088607596,3.7259955138816436,0.06680401633280451,WT,enhancer,parallel,16000
10,-1544.3037974683543,3.781918379628261,0.07012193425377196,WT,enhancer,parallel,16000
11,-1493.6708860759495,3.8498402824308973,0.07362971282402152,WT,enhancer,parallel,16000
12,-1443.0379746835442,3.9410474296441675,0.07534152815482537,WT,enhancer,parallel,16000
13,-1392.4050632911392,4.034699936803927,0.07562100953142398,WT,enhancer,parallel,16000
14,-1341.7721518987341,4.145749864605566,0.07646624641361588,WT,enhancer,parallel,16000
15,-1291.139240506329,4.231335734056979,0.0754896843780088,WT,enhancer,parallel,16000
16,-1240.506329113924,4.330868845284979,0.07479698272273891,WT,enhancer,parallel,16000
17,-1189.873417721519,4.463253075252125,0.07777259178487295,WT,enhancer,parallel,16000
18,-1139.240506329114,4.623724664056251,0.0828983684889235,WT,enhancer,parallel,16000
19,-1088.607594936709,4.791187252432953,0.08808751469079694,WT,enhancer,parallel,16000
20,-1037.9746835443038,4.957084491211126,0.09132094871977331,WT,enhancer,parallel,16000
21,-987.3417721518988,5.128289851110577,0.09366596602103672,WT,enhancer,parallel,16000
22,-936.7088607594937,5.308081586667498,0.09595821272893001,WT,enhancer,parallel,16000
23,-886.0759493670887,5.494776741010298,0.09779768619268799,WT,enhancer,parallel,16000
24,-835.4430379746836,5.696227211141189,0.09889722798772752,WT,enhancer,parallel,16000
25,-784.8101265822784,5.93884256021743,0.099294110298255,WT,enhancer,parallel,16000
26,-734.1772151898733,6.141566709241668,0.0986760429714488,WT,enhancer,parallel,16000
27,-683.5443037974683,6.352718700429201,0.09784225933688862,WT,enhancer,parallel,16000
28,-632.9113924050632,6.573980824526747,0.09642014700930274,WT,enhancer,parallel,16000
29,-582.2784810126582,6.809214064193169,0.09528019835332643,WT,enhancer,parallel,16000
30,-531.6455696202531,7.047913972362131,0.09463464357029813,WT,enhancer,parallel,16000
31,-481.0126582278481,7.304896697196613,0.0954268828978313,WT,enhancer,parallel,16000
32,-430.37974683544303,7.5563629221623145,0.09715644365192862,WT,enhancer,parallel,16000
33,-379.746835443038,7.8142235021057225,0.09910330702801418,WT,enhancer,parallel,16000
34,-329.11392405063293,8.067862112691602,0.1004156611228325,WT,enhancer,parallel,16000
35,-278.4810126582279,8.286461496752997,0.10050948669348789,WT,enhancer,parallel,16000
36,-227.84810126582283,8.48896633568878,0.101454980469694,WT,enhancer,parallel,16000
37,-177.21518987341778,8.67993722038726,0.1030271128132448,WT,enhancer,parallel,16000
38,-126.58227848101274,8.892198847035418,0.10548372541373974,WT,enhancer,parallel,16000
39,-75.94936708860769,9.066904568788608,0.10649147017323601,WT,enhancer,parallel,16000
40,-25.316455696202638,9.179627172953287,0.10805549806623305,WT,enhancer,parallel,16000
41,25.31645569620241,9.180966525216798,0.10931648572284934,WT,enhancer,parallel,16000
42,75.94936708860769,9.074890778786093,0.10903885929660109,WT,enhancer,parallel,16000
43,126.58227848101251,8.922878289540758,0.10737666402338283,WT,enhancer,parallel,16000
44,177.21518987341778,8.773544333857398,0.10574382599212075,WT,enhancer,parallel,16000
45,227.8481012658226,8.615998994289637,0.10361685242791477,WT,enhancer,parallel,16000
46,278.4810126582279,8.43095753066639,0.10326768444179193,WT,enhancer,parallel,16000
47,329.1139240506327,8.237542886098922,0.10375400515123116,WT,enhancer,parallel,16000
48,379.746835443038,8.073496303656547,0.10407628295954678,WT,enhancer,parallel,16000
49,430.37974683544326,7.890698686018784,0.10510216307001062,WT,enhancer,parallel,16000
50,481.0126582278481,7.6705015297807755,0.10635515496375295,WT,enhancer,parallel,16000
51,531.6455696202534,7.438248909464032,0.10862513494710414,WT,enhancer,parallel,16000
52,582.2784810126582,7.178776122487883,0.10958083616591084,WT,enhancer,parallel,16000
53,632.9113924050635,6.923530393675367,0.10920256314016133,WT,enhancer,parallel,16000
54,683.5443037974683,6.640334706466695,0.10764426345928063,WT,enhancer,parallel,16000
55,734.1772151898736,6.372418302849581,0.10499793071493238,WT,enhancer,parallel,16000
56,784.8101265822784,6.096710642092427,0.10135450035409702,WT,enhancer,parallel,16000
57,835.4430379746836,5.834819241264065,0.0969619234165543,WT,enhancer,parallel,16000
58,886.0759493670885,5.5712573508822425,0.09198413860083947,WT,enhancer,parallel,16000
59,936.7088607594937,5.371439724161178,0.08936446726917666,WT,enhancer,parallel,16000
60,987.3417721518986,5.195615072001914,0.08796842074410953,WT,enhancer,parallel,16000
61,1037.9746835443038,5.0221849445948505,0.0862488636603366,WT,enhancer,parallel,16000
62,1088.6075949367087,4.856461169170191,0.0846356535571533,WT,enhancer,parallel,16000
63,1139.240506329114,4.715108044484059,0.08293571111396175,WT,enhancer,parallel,16000
64,1189.8734177215188,4.570243347917497,0.08036023476526115,WT,enhancer,parallel,16000
65,1240.506329113924,4.403287609881262,0.0761290204232355,WT,enhancer,parallel,16000
66,1291.1392405063293,4.267231304223538,0.07224167846519414,WT,enhancer,parallel,16000
67,1341.7721518987341,4.169891464172105,0.06968450221409489,WT,enhancer,parallel,16000
68,1392.4050632911394,4.067504260179649,0.06706172593009149,WT,enhancer,parallel,16000
69,1443.0379746835442,3.990626097938617,0.06496290338073361,WT,enhancer,parallel,16000
70,1493.6708860759495,3.90903721763134,0.06383140046594359,WT,enhancer,parallel,16000
71,1544.3037974683543,3.835591801218341,0.06519963166757962,WT,enhancer,parallel,16000
72,1594.9367088607596,3.771439952366352,0.06524454376886084,WT,enhancer,parallel,16000
73,1645.5696202531644,3.7154734256189066,0.06369466216913244,WT,enhancer,parallel,16000
74,1696.2025316455697,3.6643841131724915,0.06421434843207534,WT,enhancer,parallel,16000
75,1746.8354430379745,3.605507435738792,0.06489089731615603,WT,enhancer,parallel,16000
76,1797.4683544303798,3.5739956280430656,0.06630644173933925,WT,enhancer,parallel,16000
77,1848.1012658227846,3.5353344868238765,0.06553903016030646,WT,enhancer,parallel,16000
78,1898.73417721519,3.4940199984828633,0.06379062508927223,WT,enhancer,parallel,16000
79,1949.3670886075947,3.4417106916570166,0.06126364422524485,WT,enhancer,parallel,16000
80,2000,3.380303889209976,0.058547518309514636,WT,enhancer,parallel,16000
1,-2000,2.8077829051592653,0.13685635858944165,WT,enhancer,antiparallel,1728
2,-1949.367088607595,2.7429746989675876,0.12539437193275932,WT,enhancer,antiparallel,1728
3,-1898.73417721519,2.691459201268024,0.11291701243605538,WT,enhancer,antiparallel,1728
4,-1848.1012658227849,2.665890210924417,0.10291579456814891,WT,enhancer,antiparallel,1728
5,-1797.4683544303798,2.675304888771088,0.09803430550101094,WT,enhancer,antiparallel,1728
6,-1746.8354430379748,2.7213618942428335,0.09906009549575982,WT,enhancer,antiparallel,1728
7,-1696.2025316455697,2.765784955509467,0.10474536035359866,WT,enhancer,antiparallel,1728
8,-1645.5696202531644,2.8105189834475333,0.11269357341903646,WT,enhancer,antiparallel,1728
9,-1594.9367088607596,2.9028667056298367,0.12461929630918675,WT,enhancer,antiparallel,1728
10,-1544.3037974683543,2.9715162239278907,0.13312219744894596,WT,enhancer,antiparallel,1728
11,-1493.6708860759495,3.0404058384090478,0.13980330576577277,WT,enhancer,antiparallel,1728
12,-1443.0379746835442,3.0990077698442304,0.14671600433058796,WT,enhancer,antiparallel,1728
13,-1392.4050632911392,3.1858629110598087,0.15711643480339643,WT,enhancer,antiparallel,1728
14,-1341.7721518987341,3.3045526945407007,0.17116890276359129,WT,enhancer,antiparallel,1728
15,-1291.139240506329,3.4391858632526833,0.19065581793964473,WT,enhancer,antiparallel,1728
16,-1240.506329113924,3.555994330936192,0.1988984173338972,WT,enhancer,antiparallel,1728
17,-1189.873417721519,3.6811672563101223,0.20710351434620186,WT,enhancer,antiparallel,1728
18,-1139.240506329114,3.884881033770924,0.22223501541420598,WT,enhancer,antiparallel,1728
19,-1088.607594936709,4.064382244564685,0.2391331202257972,WT,enhancer,antiparallel,1728
20,-1037.9746835443038,4.225291045424931,0.24969047023969976,WT,enhancer,antiparallel,1728
21,-987.3417721518988,4.369367613980984,0.2572025397292913,WT,enhancer,antiparallel,1728
22,-936.7088607594937,4.530942334125255,0.2655205118807123,WT,enhancer,antiparallel,1728
23,-886.0759493670887,4.724592691727074,0.2784695624290759,WT,enhancer,antiparallel,1728
24,-835.4430379746836,4.950648102404803,0.28739828970599246,WT,enhancer,antiparallel,1728
25,-784.8101265822784,5.157346199736643,0.2756590510878684,WT,enhancer,antiparallel,1728
26,-734.1772151898733,5.387625724693048,0.2649258233582784,WT,enhancer,antiparallel,1728
27,-683.5443037974683,5.6018871124134755,0.25987566817229185,WT,enhancer,antiparallel,1728
28,-632.9113924050632,5.907998543003643,0.2643646832578963,WT,enhancer,antiparallel,1728
29,-582.2784810126582,6.190950408086272,0.27068843017145366,WT,enhancer,antiparallel,1728
30,-531.6455696202531,6.543725601781482,0.28749050924586333,WT,enhancer,antiparallel,1728
31,-481.0126582278481,6.827112537195193,0.3005636042053481,WT,enhancer,antiparallel,1728
32,-430.37974683544303,7.094883449684231,0.30223101450868006,WT,enhancer,antiparallel,1728
33,-379.746835443038,7.310699608606964,0.29045271542633005,WT,enhancer,antiparallel,1728
34,-329.11392405063293,7.5424179280415915,0.2843993945202348,WT,enhancer,antiparallel,1728
35,-278.4810126582279,7.635596325205248,0.2754090160628682,WT,enhancer,antiparallel,1728
36,-227.84810126582283,7.719614262197305,0.26271065181532977,WT,enhancer,antiparallel,1728
37,-177.21518987341778,7.956444194721127,0.25796299567282227,WT,enhancer,antiparallel,1728
38,-126.58227848101274,8.156325580778498,0.25949155311272465,WT,enhancer,antiparallel,1728
39,-75.94936708860769,8.326142190249614,0.2638719494777496,WT,enhancer,antiparallel,1728
40,-25.316455696202638,8.395034028801746,0.26884225482962487,WT,enhancer,antiparallel,1728
41,25.31645569620241,8.377683236019939,0.2741244496513823,WT,enhancer,antiparallel,1728
42,75.94936708860769,8.31174984605454,0.2819114819105617,WT,enhancer,antiparallel,1728
43,126.58227848101251,8.216548944930144,0.27922721261032235,WT,enhancer,antiparallel,1728
44,177.21518987341778,8.076507932415899,0.2749607941912838,WT,enhancer,antiparallel,1728
45,227.8481012658226,7.824099172035485,0.2633105339029395,WT,enhancer,antiparallel,1728
46,278.4810126582279,7.4605904615698035,0.247608051505405,WT,enhancer,antiparallel,1728
47,329.1139240506327,7.246298968816337,0.2454819627422268,WT,enhancer,antiparallel,1728
48,379.746835443038,7.132762918332476,0.2626389082686007,WT,enhancer,antiparallel,1728
49,430.37974683544326,7.022700938355223,0.2919091064110527,WT,enhancer,antiparallel,1728
50,481.0126582278481,6.845000776626906,0.32100293336250574,WT,enhancer,antiparallel,1728
51,531.6455696202534,6.663902403319508,0.3477316948228005,WT,enhancer,antiparallel,1728
52,582.2784810126582,6.412722600858061,0.35665163489892204,WT,enhancer,antiparallel,1728
53,632.9113924050635,6.132584576632506,0.3613901675706601,WT,enhancer,antiparallel,1728
54,683.5443037974683,5.844017141643958,0.3547446150387003,WT,enhancer,antiparallel,1728
55,734.1772151898736,5.553194207536218,0.3471986586410747,WT,enhancer,antiparallel,1728
56,784.8101265822784,5.345990263744729,0.3364180992295906,WT,enhancer,antiparallel,1728
57,835.4430379746836,5.155518200677118,0.3221603553145536,WT,enhancer,antiparallel,1728
58,886.0759493670885,4.895880211289098,0.3039247824591587,WT,enhancer,antiparallel,1728
59,936.7088607594937,4.657922234809785,0.28426767570125283,WT,enhancer,antiparallel,1728
60,987.3417721518986,4.478049428365021,0.26805567517938805,WT,enhancer,antiparallel,1728
61,1037.9746835443038,4.258894466600944,0.24032337356829658,WT,enhancer,antiparallel,1728
62,1088.6075949367087,4.068636762510387,0.21277615274177195,WT,enhancer,antiparallel,1728
63,1139.240506329114,3.8585658127575377,0.19368826932875258,WT,enhancer,antiparallel,1728
64,1189.8734177215188,3.7210853455565225,0.18795134776830769,WT,enhancer,antiparallel,1728
65,1240.506329113924,3.5701636711416054,0.1789475921593723,WT,enhancer,antiparallel,1728
66,1291.1392405063293,3.4564352913936713,0.17032561478204528,WT,enhancer,antiparallel,1728
67,1341.7721518987341,3.374803152813312,0.1649408116111225,WT,enhancer,antiparallel,1728
68,1392.4050632911394,3.291722792978916,0.15117243799052155,WT,enhancer,antiparallel,1728
69,1443.0379746835442,3.1948742225545423,0.1396924087121563,WT,enhancer,antiparallel,1728
70,1493.6708860759495,3.1390053992525293,0.13220847834528784,WT,enhancer,antiparallel,1728
71,1544.3037974683543,3.1029034006843963,0.13234128141132578,WT,enhancer,antiparallel,1728
72,1594.9367088607596,3.0547887735919637,0.13217151176980138,WT,enhancer,antiparallel,1728
73,1645.5696202531644,2.9891216011106234,0.12609971454088112,WT,enhancer,antiparallel,1728
74,1696.2025316455697,2.9423106017101692,0.12350589844778188,WT,enhancer,antiparallel,1728
75,1746.8354430379745,2.8715465504069018,0.12019008416140789,WT,enhancer,antiparallel,1728
76,1797.4683544303798,2.7959468179522657,0.11412989285232494,WT,enhancer,antiparallel,1728
77,1848.1012658227846,2.754219702223753,0.11207173909512601,WT,enhancer,antiparallel,1728
78,1898.73417721519,2.746129875259911,0.12218446131170499,WT,enhancer,antiparallel,1728
79,1949.3670886075947,2.773957945174641,0.13775060412161536,WT,enhancer,antiparallel,1728
80,2000,2.801890957032181,0.15162900635970195,WT,enhancer,antiparallel,1728
1,-2000,3.360440864749059,0.12948051357010204,WT,enhancer,hybrid,2883
2,-1949.367088607595,3.348624397507016,0.12815894968754427,WT,enhancer,hybrid,2883
3,-1898.73417721519,3.363907229527116,0.12593398376744133,WT,enhancer,hybrid,2883
4,-1848.1012658227849,3.412832169623468,0.1289876230839925,WT,enhancer,hybrid,2883
5,-1797.4683544303798,3.4692164776256034,0.1379997326099374,WT,enhancer,hybrid,2883
6,-1746.8354430379748,3.5696987615727127,0.153540927538854,WT,enhancer,hybrid,2883
7,-1696.2025316455697,3.6522327784745454,0.16375646055145454,WT,enhancer,hybrid,2883
8,-1645.5696202531644,3.7224838948784598,0.16559958585182746,WT,enhancer,hybrid,2883
9,-1594.9367088607596,3.7896933275556988,0.16629380492765095,WT,enhancer,hybrid,2883
10,-1544.3037974683543,3.823423300550251,0.1624298443012416,WT,enhancer,hybrid,2883
11,-1493.6708860759495,3.8664121061860515,0.16053327360490935,WT,enhancer,hybrid,2883
12,-1443.0379746835442,3.947314591015511,0.16947052407048424,WT,enhancer,hybrid,2883
13,-1392.4050632911392,4.039325183476585,0.18199100686895928,WT,enhancer,hybrid,2883
14,-1341.7721518987341,4.143239262310228,0.19070731978127245,WT,enhancer,hybrid,2883
15,-1291.139240506329,4.281499363959821,0.1979752049024877,WT,enhancer,hybrid,2883
16,-1240.506329113924,4.376596879550302,0.20353567389644656,WT,enhancer,hybrid,2883
17,-1189.873417721519,4.473666361269751,0.20113955811050116,WT,enhancer,hybrid,2883
18,-1139.240506329114,4.575988304949672,0.19345124103968145,WT,enhancer,hybrid,2883
19,-1088.607594936709,4.73587074651072,0.19542100128497922,WT,enhancer,hybrid,2883
20,-1037.9746835443038,4.88927409197281,0.19685255725248074,WT,enhancer,hybrid,2883
21,-987.3417721518988,5.134388015656158,0.2095476073437873,WT,enhancer,hybrid,2883
22,-936.7088607594937,5.370522708308147,0.21788553410650108,WT,enhancer,hybrid,2883
23,-886.0759493670887,5.612055588095488,0.22395775179236113,WT,enhancer,hybrid,2883
24,-835.4430379746836,5.800323937487252,0.23056373072315553,WT,enhancer,hybrid,2883
25,-784.8101265822784,5.962436324451022,0.22522357611581784,WT,enhancer,hybrid,2883
26,-734.1772151898733,6.159995636188001,0.2183890621711912,WT,enhancer,hybrid,2883
27,-683.5443037974683,6.35976166918369,0.223443355570604,WT,enhancer,hybrid,2883
28,-632.9113924050632,6.590071622071645,0.22795787524744987,WT,enhancer,hybrid,2883
29,-582.2784810126582,6.861869340912154,0.22987047848798303,WT,enhancer,hybrid,2883
30,-531.6455696202531,7.115914640180747,0.23359208568827364,WT,enhancer,hybrid,2883
31,-481.0126582278481,7.363389301433744,0.23374945903457164,WT,enhancer,hybrid,2883
32,-430.37974683544303,7.633660540604456,0.23315361631973236,WT,enhancer,hybrid,2883
33,-379.746835443038,7.812816472138156,0.23289955704495904,WT,enhancer,hybrid,2883
34,-329.11392405063293,7.972026620944093,0.23250541665265467,WT,enhancer,hybrid,2883
35,-278.4810126582279,8.0799693387857765,0.2309676771517815,WT,enhancer,hybrid,2883
36,-227.84810126582283,8.21113239573611,0.22994488847903408,WT,enhancer,hybrid,2883
37,-177.21518987341778,8.292069060470013,0.22472345616365355,WT,enhancer,hybrid,2883
38,-126.58227848101274,8.40034253822474,0.2213504942626841,WT,enhancer,hybrid,2883
39,-75.94936708860769,8.509534365797556,0.219683478289082,WT,enhancer,hybrid,2883
40,-25.316455696202638,8.583756503085207,0.2136613536827137,WT,enhancer,hybrid,2883
41,25.31645569620241,8.575458004541074,0.21202134469648348,WT,enhancer,hybrid,2883
42,75.94936708860769,8.541763924193914,0.21547460722843312,WT,enhancer,hybrid,2883
43,126.58227848101251,8.436634868251229,0.21808075558009357,WT,enhancer,hybrid,2883
44,177.21518987341778,8.374110119291256,0.21822535929016892,WT,enhancer,hybrid,2883
45,227.8481012658226,8.309158984837415,0.22253407626837773,WT,enhancer,hybrid,2883
46,278.4810126582279,8.158242503569875,0.2215109181309227,WT,enhancer,hybrid,2883
47,329.1139240506327,7.942537197352475,0.21542545196885127,WT,enhancer,hybrid,2883
48,379.746835443038,7.766713419504174,0.2142011301511875,WT,enhancer,hybrid,2883
49,430.37974683544326,7.530356631753954,0.2116766101237108,WT,enhancer,hybrid,2883
50,481.0126582278481,7.312223665194093,0.2164861578001342,WT,enhancer,hybrid,2883
51,531.6455696202534,7.113265959151371,0.2225529068869325,WT,enhancer,hybrid,2883
52,582.2784810126582,6.894665155855682,0.2251702564553838,WT,enhancer,hybrid,2883
53,632.9113924050635,6.672303789239465,0.22616457700194606,WT,enhancer,hybrid,2883
54,683.5443037974683,6.434859187786587,0.22470540559785696,WT,enhancer,hybrid,2883
55,734.1772151898736,6.1259916335360165,0.2167804326156713,WT,enhancer,hybrid,2883
56,784.8101265822784,5.7802106564854565,0.20362101728728016,WT,enhancer,hybrid,2883
57,835.4430379746836,5.4590328252595315,0.18919521555090238,WT,enhancer,hybrid,2883
58,886.0759493670885,5.239776507660286,0.18309020914431326,WT,enhancer,hybrid,2883
59,936.7088607594937,5.078969458054223,0.18429500333847038,WT,enhancer,hybrid,2883
60,987.3417721518986,4.9221048834258,0.18748121599598577,WT,enhancer,hybrid,2883
61,1037.9746835443038,4.75273227000763,0.18856992677365106,WT,enhancer,hybrid,2883
62,1088.6075949367087,4.637832880024828,0.19746511216468182,WT,enhancer,hybrid,2883
63,1139.240506329114,4.4933806731227035,0.203279088417839,WT,enhancer,hybrid,2883
64,1189.8734177215188,4.386588637960868,0.2054940017387695,WT,enhancer,hybrid,2883
65,1240.506329113924,4.291676400954605,0.20427344184742682,WT,enhancer,hybrid,2883
66,1291.1392405063293,4.162713687137615,0.20060207870477276,WT,enhancer,hybrid,2883
67,1341.7721518987341,4.075323254915176,0.19484555662291533,WT,enhancer,hybrid,2883
68,1392.4050632911394,4.016671931706959,0.1892838574594334,WT,enhancer,hybrid,2883
69,1443.0379746835442,3.9426684807071606,0.18484749291152422,WT,enhancer,hybrid,2883
70,1493.6708860759495,3.8543728423725043,0.18199197335672224,WT,enhancer,hybrid,2883
71,1544.3037974683543,3.7969214832800664,0.18377766410922258,WT,enhancer,hybrid,2883
72,1594.9367088607596,3.7669117067190716,0.18205961803797713,WT,enhancer,hybrid,2883
73,1645.5696202531644,3.7153041006667253,0.17612688024465026,WT,enhancer,hybrid,2883
74,1696.2025316455697,3.6383112579980383,0.16790708418477088,WT,enhancer,hybrid,2883
75,1746.8354430379745,3.556205496555643,0.153997384034282,WT,enhancer,hybrid,2883
76,1797.4683544303798,3.4842155580860243,0.14622854873577804,WT,enhancer,hybrid,2883
77,1848.1012658227846,3.39520209875034,0.13505995111759989,WT,enhancer,hybrid,2883
78,1898.73417721519,3.2839165677595914,0.11907846517860589,WT,enhancer,hybrid,2883
79,1949.3670886075947,3.1603481206804056,0.10264985724402186,WT,enhancer,hybrid,2883
80,2000,3.070585984226899,0.09406714774993193,WT,enhancer,hybrid,2883
1,-2000,2.0386112934127696,0.036490166399710214,WT,enhancer,none,16000
2,-1949.367088607595,2.0345630458317068,0.03721268101152424,WT,enhancer,none,16000
3,-1898.73417721519,2.0152489256700785,0.0375189179588996,WT,enhancer,none,16000
4,-1848.1012658227849,2.007525454374459,0.03706913796988914,WT,enhancer,none,16000
5,-1797.4683544303798,1.9975926789115632,0.03664682074424299,WT,enhancer,none,16000
6,-1746.8354430379748,1.9831333007311638,0.03535754661252652,WT,enhancer,none,16000
7,-1696.2025316455697,1.9777046349399834,0.034394484537823664,WT,enhancer,none,16000
8,-1645.5696202531644,1.970669536551712,0.03379743128378494,WT,enhancer,none,16000
9,-1594.9367088607596,1.9707318848274717,0.033702828753154904,WT,enhancer,none,16000
10,-1544.3037974683543,1.9687915312961828,0.033372170335973,WT,enhancer,none,16000
11,-1493.6708860759495,1.9677197406899924,0.03346386127359862,WT,enhancer,none,16000
12,-1443.0379746835442,1.960363542238921,0.03357085732289691,WT,enhancer,none,16000
13,-1392.4050632911392,1.9419655509033622,0.03288307916037933,WT,enhancer,none,16000
14,-1341.7721518987341,1.9326091324730652,0.03265392786732684,WT,enhancer,none,16000
15,-1291.139240506329,1.9201673017067407,0.0322045911281539,WT,enhancer,none,16000
16,-1240.506329113924,1.8920711352437865,0.031237045136771103,WT,enhancer,none,16000
17,-1189.873417721519,1.861423055664091,0.029800648960158698,WT,enhancer,none,16000
18,-1139.240506329114,1.8258769058891968,0.028518963261670156,WT,enhancer,none,16000
19,-1088.607594936709,1.8072593183990884,0.027951953756867036,WT,enhancer,none,16000
20,-1037.9746835443038,1.7936684719399927,0.02744870408940749,WT,enhancer,none,16000
21,-987.3417721518988,1.7773746179165169,0.027547150112227196,WT,enhancer,none,16000
22,-936.7088607594937,1.7528672868155395,0.026850083467185763,WT,enhancer,none,16000
23,-886.0759493670887,1.7198493830653194,0.026059442434627565,WT,enhancer,none,16000
24,-835.4430379746836,1.6755822185296352,0.024387708306126552,WT,enhancer,none,16000
25,-784.8101265822784,1.6345963200550626,0.021968010886633072,WT,enhancer,none,16000
26,-734.1772151898733,1.6010347362390427,0.019793311930325096,WT,enhancer,none,16000
27,-683.5443037974683,1.575841929164257,0.018086935780115675,WT,enhancer,none,16000
28,-632.9113924050632,1.5426518062698564,0.01685483898142088,WT,enhancer,none,16000
29,-582.2784810126582,1.517265904232025,0.015948071956865716,WT,enhancer,none,16000
30,-531.6455696202531,1.4863541402384495,0.015293270432215218,WT,enhancer,none,16000
31,-481.0126582278481,1.4598892879705752,0.014598595978356065,WT,enhancer,none,16000
32,-430.37974683544303,1.4368482879035989,0.013863770672069394,WT,enhancer,none,16000
33,-379.746835443038,1.4123684793216085,0.013123068639130785,WT,enhancer,none,16000
34,-329.11392405063293,1.3910531298624647,0.012449855740714211,WT,enhancer,none,16000
35,-278.4810126582279,1.368082306556202,0.011745686657675346,WT,enhancer,none,16000
36,-227.84810126582283,1.347411619735212,0.011165119200399904,WT,enhancer,none,16000
37,-177.21518987341778,1.3347379131530146,0.010799526154859108,WT,enhancer,none,16000
38,-126.58227848101274,1.331061769174699,0.010462912135751432,WT,enhancer,none,16000
39,-75.94936708860769,1.3278566912518028,0.010398113850729052,WT,enhancer,none,16000
40,-25.316455696202638,1.3274192415316388,0.010356790497447229,WT,enhancer,none,16000
41,25.31645569620241,1.3230005674485634,0.010375968210198943,WT,enhancer,none,16000
42,75.94936708860769,1.329635137414514,0.010502205936356892,WT,enhancer,none,16000
43,126.58227848101251,1.3405125242374658,0.010691386595163641,WT,enhancer,none,16000
44,177.21518987341778,1.3560196775796973,0.011016535754114785,WT,enhancer,none,16000
45,227.8481012658226,1.3632768194577987,0.01139927786438827,WT,enhancer,none,16000
46,278.4810126582279,1.3813503815008914,0.011768133440459046,WT,enhancer,none,16000
47,329.1139240506327,1.4032615682485514,0.012354413992018325,WT,enhancer,none,16000
48,379.746835443038,1.4297472684445467,0.013129847638732024,WT,enhancer,none,16000
49,430.37974683544326,1.4665272461312664,0.014066647056724595,WT,enhancer,none,16000
50,481.0126582278481,1.4970999601558577,0.014954081537394552,WT,enhancer,none,16000
51,531.6455696202534,1.5350699736728426,0.016354762136351647,WT,enhancer,none,16000
52,582.2784810126582,1.5670369543763945,0.017668973876383522,WT,enhancer,none,16000
53,632.9113924050635,1.6011813957428338,0.019002505925798316,WT,enhancer,none,16000
54,683.5443037974683,1.6372758496216915,0.020426472493771625,WT,enhancer,none,16000
55,734.1772151898736,1.6762072425055796,0.022039810502626423,WT,enhancer,none,16000
56,784.8101265822784,1.7100612830220654,0.02426459040988479,WT,enhancer,none,16000
57,835.4430379746836,1.7431952036059506,0.027581965574940182,WT,enhancer,none,16000
58,886.0759493670885,1.778896910299581,0.030439012576844768,WT,enhancer,none,16000
59,936.7088607594937,1.799897065805658,0.03223715901357733,WT,enhancer,none,16000
60,987.3417721518986,1.8208438980894712,0.033305422652508396,WT,enhancer,none,16000
61,1037.9746835443038,1.8320520117747896,0.032570308222115894,WT,enhancer,none,16000
62,1088.6075949367087,1.844822033976628,0.0310532416571961,WT,enhancer,none,16000
63,1139.240506329114,1.865441431365849,0.03039019744306032,WT,enhancer,none,16000
64,1189.8734177215188,1.8855354310377175,0.030474100218423575,WT,enhancer,none,16000
65,1240.506329113924,1.8933512031675426,0.030968030332333574,WT,enhancer,none,16000
66,1291.1392405063293,1.9047742465076,0.031659287592743064,WT,enhancer,none,16000
67,1341.7721518987341,1.927189383872506,0.03280068238880115,WT,enhancer,none,16000
68,1392.4050632911394,1.9485092759413183,0.034085522736362645,WT,enhancer,none,16000
69,1443.0379746835442,1.9744166378279335,0.034847427630197526,WT,enhancer,none,16000
70,1493.6708860759495,1.9939428802381236,0.03568999727627484,WT,enhancer,none,16000
71,1544.3037974683543,2.0036935495815387,0.03632274383599077,WT,enhancer,none,16000
72,1594.9367088607596,2.010678115780506,0.036596632788174356,WT,enhancer,none,16000
73,1645.5696202531644,2.017203910947728,0.03716630944289124,WT,enhancer,none,16000
74,1696.2025316455697,2.0156261020288895,0.036564301277926654,WT,enhancer,none,16000
75,1746.8354430379745,2.0026414509746258,0.03483002879852558,WT,enhancer,none,16000
76,1797.4683544303798,1.997812299856417,0.034069793423651955,WT,enhancer,none,16000
77,1848.1012658227846,1.9994494025450253,0.03443303035805732,WT,enhancer,none,16000
78,1898.73417721519,2.0092682826582875,0.036621803060176365,WT,enhancer,none,16000
79,1949.3670886075947,2.0149394008364503,0.03813492447736856,WT,enhancer,none,16000
80,2000,2.013217344968207,0.03816391436088684,WT,enhancer,none,16000
1,-2000,6.761603038098575,0.14756140728612255,DHX36KO,promoter,parallel,7385
2,-1949.367088607595,6.7695475127677085,0.1453358771396007,DHX36KO,promoter,parallel,7385
3,-1898.73417721519,6.776005353103613,0.14261735617472984,DHX36KO,promoter,parallel,7385
4,-1848.1012658227849,6.793909532091145,0.1448481627119365,DHX36KO,promoter,parallel,7385
5,-1797.4683544303798,6.799721621410165,0.1497453695323553,DHX36KO,promoter,parallel,7385
6,-1746.8354430379748,6.821840581537611,0.15471459559442355,DHX36KO,promoter,parallel,7385
7,-1696.2025316455697,6.877378296723298,0.15716802110937053,DHX36KO,promoter,parallel,7385
8,-1645.5696202531644,6.912294362118755,0.15701588749203155,DHX36KO,promoter,parallel,7385
9,-1594.9367088607596,6.9612548645019965,0.15709134454579915,DHX36KO,promoter,parallel,7385
10,-1544.3037974683543,6.963494985760482,0.15450952054133896,DHX36KO,promoter,parallel,7385
11,-1493.6708860759495,6.979473029456702,0.1534429982312445,DHX36KO,promoter,parallel,7385
12,-1443.0379746835442,7.0001444351666136,0.15389091124733173,DHX36KO,promoter,parallel,7385
13,-1392.4050632911392,7.019163646847904,0.1566412554992095,DHX36KO,promoter,parallel,7385
14,-1341.7721518987341,7.0952597947295,0.1638863984267395,DHX36KO,promoter,parallel,7385
15,-1291.139240506329,7.137673714310072,0.1696842781769898,DHX36KO,promoter,parallel,7385
16,-1240.506329113924,7.1637446826402345,0.17203756350641491,DHX36KO,promoter,parallel,7385
17,-1189.873417721519,7.18479348649023,0.1722264349387705,DHX36KO,promoter,parallel,7385
18,-1139.240506329114,7.183469435425167,0.17029373969105102,DHX36KO,promoter,parallel,7385
19,-1088.607594936709,7.225414788435555,0.1717075402831576,DHX36KO,promoter,parallel,7385
20,-1037.9746835443038,7.2870184205366675,0.1722585071092763,DHX36KO,promoter,parallel,7385
21,-987.3417721518988,7.343819035413329,0.1739593236284034,DHX36KO,promoter,parallel,7385
22,-936.7088607594937,7.338754866755323,0.1725886848760693,DHX36KO,promoter,parallel,7385
23,-886.0759493670887,7.321123489515154,0.1677877862485117,DHX36KO,promoter,parallel,7385
24,-835.4430379746836,7.321329099354048,0.16219823530815028,DHX36KO,promoter,parallel,7385
25,-784.8101265822784,7.367027330384462,0.15922824367776264,DHX36KO,promoter,parallel,7385
26,-734.1772151898733,7.4590518832255155,0.16107992021033285,DHX36KO,promoter,parallel,7385
27,-683.5443037974683,7.556849558799053,0.16227897688393916,DHX36KO,promoter,parallel,7385
28,-632.9113924050632,7.665869869878614,0.16384736855556742,DHX36KO,promoter,parallel,7385
29,-582.2784810126582,7.753768118970041,0.16555997678649476,DHX36KO,promoter,parallel,7385
30,-531.6455696202531,7.873987642555198,0.1702825125430505,DHX36KO,promoter,parallel,7385
31,-481.0126582278481,8.021155781007572,0.17663937724734063,DHX36KO,promoter,parallel,7385
32,-430.37974683544303,8.219799161815665,0.1873323143657949,DHX36KO,promoter,parallel,7385
33,-379.746835443038,8.4481190469610965,0.1954446976883458,DHX36KO,promoter,parallel,7385
34,-329.11392405063293,8.779594711921952,0.2086538269184366,DHX36KO,promoter,parallel,7385
35,-278.4810126582279,9.127312414285534,0.2251986382093228,DHX36KO,promoter,parallel,7385
36,-227.84810126582283,9.464835421948743,0.2440225125314626,DHX36KO,promoter,parallel,7385
37,-177.21518987341778,9.849941390848837,0.26501027156758544,DHX36KO,promoter,parallel,7385
38,-126.58227848101274,10.176654622465998,0.28032696787146966,DHX36KO,promoter,parallel,7385
39,-75.94936708860769,10.444767769927823,0.28861739929306196,DHX36KO,promoter,parallel,7385
40,-25.316455696202638,10.46816707801453,0.28294496227781324,DHX36KO,promoter,parallel,7385
41,25.31645569620241,10.31230484708516,0.2686550864730764,DHX36KO,promoter,parallel,7385
42,75.94936708860769,10.100490495461585,0.25180908805256796,DHX36KO,promoter,parallel,7385
43,126.58227848101251,9.877896234528471,0.23589298465626868,DHX36KO,promoter,parallel,7385
44,177.21518987341778,9.68063389559778,0.22618165060838738,DHX36KO,promoter,parallel,7385
45,227.8481012658226,9.386299844353765,0.21583046585450344,DHX36KO,promoter,parallel,7385
46,278.4810126582279,9.049714640904591,0.2037283770306477,DHX36KO,promoter,parallel,7385
47,329.1139240506327,8.78074753164949,0.19496912944458683,DHX36KO,promoter,parallel,7385
48,379.746835443038,8.543112835716217,0.18561264107394185,DHX36KO,promoter,parallel,7385
49,430.37974683544326,8.300172729170315,0.17514641467638176,DHX36KO,promoter,parallel,7385
50,481.0126582278481,8.07933608524419,0.16847996492088027,DHX36KO,promoter,parallel,7385
51,531.6455696202534,7.9103369013947304,0.16815662193974196,DHX36KO,promoter,parallel,7385
52,582.2784810126582,7.81303974527851,0.16947317531524514,DHX36KO,promoter,parallel,7385
53,632.9113924050635,7.744968571806029,0.16872700261666412,DHX36KO,promoter,parallel,7385
54,683.5443037974683,7.639231552319665,0.16625575195637438,DHX36KO,promoter,parallel,7385
55,734.1772151898736,7.538770052950745,0.16341639368218075,DHX36KO,promoter,parallel,7385
56,784.8101265822784,7.448495781487305,0.1607604709096699,DHX36KO,promoter,parallel,7385
57,835.4430379746836,7.410447604424096,0.16080624202398586,DHX36KO,promoter,parallel,7385
58,886.0759493670885,7.331354206135999,0.16404328397924892,DHX36KO,promoter,parallel,7385
59,936.7088607594937,7.312414448484344,0.17038782971622016,DHX36KO,promoter,parallel,7385
60,987.3417721518986,7.292088320884821,0.1740515908805039,DHX36KO,promoter,parallel,7385
61,1037.9746835443038,7.261779217164206,0.17619682711913506,DHX36KO,promoter,parallel,7385
62,1088.6075949367087,7.211158361799748,0.17513158346299476,DHX36KO,promoter,parallel,7385
63,1139.240506329114,7.136271924385715,0.17401700047685012,DHX36KO,promoter,parallel,7385
64,1189.8734177215188,7.090438170999094,0.17444750057068495,DHX36KO,promoter,parallel,7385
65,1240.506329113924,7.061774259684775,0.1722017941335693,DHX36KO,promoter,parallel,7385
66,1291.1392405063293,7.036738834579006,0.16787030901291647,DHX36KO,promoter,parallel,7385
67,1341.7721518987341,7.016788796274314,0.16131948227791257,DHX36KO,promoter,parallel,7385
68,1392.4050632911394,7.02276274414069,0.15710751177315554,DHX36KO,promoter,parallel,7385
69,1443.0379746835442,7.031262126392609,0.158401521863314,DHX36KO,promoter,parallel,7385
70,1493.6708860759495,7.001657842393223,0.15938753009050274,DHX36KO,promoter,parallel,7385
71,1544.3037974683543,6.974423974574163,0.16038434704513138,DHX36KO,promoter,parallel,7385
72,1594.9367088607596,6.888469366796021,0.1608501523546317,DHX36KO,promoter,parallel,7385
73,1645.5696202531644,6.8225257229455245,0.15871396057333376,DHX36KO,promoter,parallel,7385
74,1696.2025316455697,6.80438590346715,0.15572858938606676,DHX36KO,promoter,parallel,7385
75,1746.8354430379745,6.797274239182714,0.15152930603879164,DHX36KO,promoter,parallel,7385
76,1797.4683544303798,6.7747640476551805,0.14955867634590936,DHX36KO,promoter,parallel,7385
77,1848.1012658227846,6.798319479687062,0.1514901024958204,DHX36KO,promoter,parallel,7385
78,1898.73417721519,6.8881721350180865,0.16140087505824108,DHX36KO,promoter,parallel,7385
79,1949.3670886075947,6.961366416073362,0.16999472144575337,DHX36KO,promoter,parallel,7385
80,2000,6.952028299678397,0.17206165326004635,DHX36KO,promoter,parallel,7385
1,-2000,7.840954721453178,0.8032604170785548,DHX36KO,promoter,antiparallel,670
2,-1949.367088607595,7.799945463397609,0.7764859680762757,DHX36KO,promoter,antiparallel,670
3,-1898.73417721519,7.7052485938416195,0.7195074658550603,DHX36KO,promoter,antiparallel,670
4,-1848.1012658227849,7.488977952181403,0.6335852285641113,DHX36KO,promoter,antiparallel,670
5,-1797.4683544303798,7.358830431942916,0.5616074677994954,DHX36KO,promoter,antiparallel,670
6,-1746.8354430379748,7.13158407817907,0.4886112401775086,DHX36KO,promoter,antiparallel,670
7,-1696.2025316455697,7.012958302319939,0.47095273347751,DHX36KO,promoter,antiparallel,670
8,-1645.5696202531644,6.934692945035536,0.47493046136527295,DHX36KO,promoter,antiparallel,670
9,-1594.9367088607596,6.800711880019648,0.4688559886820585,DHX36KO,promoter,antiparallel,670
10,-1544.3037974683543,6.634936142875188,0.46170951340970384,DHX36KO,promoter,antiparallel,670
11,-1493.6708860759495,6.604930484546358,0.4449303058190943,DHX36KO,promoter,antiparallel,670
12,-1443.0379746835442,6.5036618283933665,0.4110798931175655,DHX36KO,promoter,antiparallel,670
13,-1392.4050632911392,6.394612872461774,0.3860016739100319,DHX36KO,promoter,antiparallel,670
14,-1341.7721518987341,6.277913188825199,0.36057025830193173,DHX36KO,promoter,antiparallel,670
15,-1291.139240506329,6.249302764856993,0.351024568548297,DHX36KO,promoter,antiparallel,670
16,-1240.506329113924,6.318791287942905,0.3626364608372325,DHX36KO,promoter,antiparallel,670
17,-1189.873417721519,6.388508526602788,0.3814623131648471,DHX36KO,promoter,antiparallel,670
18,-1139.240506329114,6.353051671744579,0.3937631525854454,DHX36KO,promoter,antiparallel,670
19,-1088.607594936709,6.195410246218022,0.3849732845547638,DHX36KO,promoter,antiparallel,670
20,-1037.9746835443038,6.156683395035825,0.37918312742185833,DHX36KO,promoter,antiparallel,670
21,-987.3417721518988,6.14544117347518,0.36707960475611595,DHX36KO,promoter,antiparallel,670
22,-936.7088607594937,6.20441827664921,0.3673591371779635,DHX36KO,promoter,antiparallel,670
23,-886.0759493670887,6.309159006590867,0.3660718090814527,DHX36KO,promoter,antiparallel,670
24,-835.4430379746836,6.390902551862138,0.3766437325587807,DHX36KO,promoter,antiparallel,670
25,-784.8101265822784,6.393851552117523,0.37236192408767055,DHX36KO,promoter,antiparallel,670
26,-734.1772151898733,6.3267240859797935,0.35636860540919846,DHX36KO,promoter,antiparallel,670
27,-683.5443037974683,6.25999007129432,0.3449320618755321,DHX36KO,promoter,antiparallel,670
28,-632.9113924050632,6.162506117501662,0.34492570675650097,DHX36KO,promoter,antiparallel,670
29,-582.2784810126582,6.074223948947233,0.3439255313360391,DHX36KO,promoter,antiparallel,670
30,-531.6455696202531,5.9934432227575956,0.3507507439567606,DHX36KO,promoter,antiparallel,670
31,-481.0126582278481,6.063055410722002,0.3597157658679157,DHX36KO,promoter,antiparallel,670
32,-430.37974683544303,6.155361752623943,0.38065327621077566,DHX36KO,promoter,antiparallel,670
33,-379.746835443038,6.221834500041174,0.4232688550261005,DHX36KO,promoter,antiparallel,670
34,-329.11392405063293,6.332794797339843,0.47826370570266363,DHX36KO,promoter,antiparallel,670
35,-278.4810126582279,6.680138794375889,0.5449849876276356,DHX36KO,promoter,antiparallel,670
36,-227.84810126582283,7.043562630679477,0.6064018234116634,DHX36KO,promoter,antiparallel,670
37,-177.21518987341778,7.402550558405729,0.6393808380398482,DHX36KO,promoter,antiparallel,670
38,-126.58227848101274,7.66855932732008,0.677775866648736,DHX36KO,promoter,antiparallel,670
39,-75.94936708860769,7.939353680993787,0.712834349521022,DHX36KO,promoter,antiparallel,670
40,-25.316455696202638,8.138692287351361,0.7356152841864688,DHX36KO,promoter,antiparallel,670
41,25.31645569620241,8.351710318540459,0.7450586519872372,DHX36KO,promoter,antiparallel,670
42,75.94936708860769,8.282601654642257,0.7319190358330566,DHX36KO,promoter,antiparallel,670
43,126.58227848101251,8.036076865367036,0.6986362734624463,DHX36KO,promoter,antiparallel,670
44,177.21518987341778,7.708253349861695,0.640743383873136,DHX36KO,promoter,antiparallel,670
45,227.8481012658226,7.3980163754301875,0.5710736072921484,DHX36KO,promoter,antiparallel,670
46,278.4810126582279,7.093750129055621,0.5031951094201349,DHX36KO,promoter,antiparallel,670
47,329.1139240506327,6.963422503305312,0.46953658122395503,DHX36KO,promoter,antiparallel,670
48,379.746835443038,6.98536381721378,0.45022198615776526,DHX36KO,promoter,antiparallel,670
49,430.37974683544326,6.993818570772807,0.4590677452601154,DHX36KO,promoter,antiparallel,670
50,481.0126582278481,6.9628803658639615,0.460260921800982,DHX36KO,promoter,antiparallel,670
51,531.6455696202534,6.852750097803809,0.4549020085701298,DHX36KO,promoter,antiparallel,670
52,582.2784810126582,6.767122445805156,0.4582181589404401,DHX36KO,promoter,antiparallel,670
53,632.9113924050635,6.7072476465298765,0.45848427987606044,DHX36KO,promoter,antiparallel,670
54,683.5443037974683,6.57599547848654,0.4434256219307369,DHX36KO,promoter,antiparallel,670
55,734.1772151898736,6.54513013009171,0.4306627377537727,DHX36KO,promoter,antiparallel,670
56,784.8101265822784,6.6388565805788655,0.4478665944442661,DHX36KO,promoter,antiparallel,670
57,835.4430379746836,6.769807483622091,0.4758519061948828,DHX36KO,promoter,antiparallel,670
58,886.0759493670885,6.953889959096909,0.514333989324494,DHX36KO,promoter,antiparallel,670
59,936.7088607594937,7.064552946214059,0.5224584194225249,DHX36KO,promoter,antiparallel,670
60,987.3417721518986,7.19875610675622,0.51167433600274,DHX36KO,promoter,antiparallel,670
61,1037.9746835443038,7.244241849045255,0.4859872206451509,DHX36KO,promoter,antiparallel,670
62,1088.6075949367087,7.214595833395251,0.45950011474281177,DHX36KO,promoter,antiparallel,670
63,1139.240506329114,7.073465386573355,0.42859517402428854,DHX36KO,promoter,antiparallel,670
64,1189.8734177215188,6.904161248060008,0.40102787556933994,DHX36KO,promoter,antiparallel,670
65,1240.506329113924,6.831487749441346,0.4042936672839533,DHX36KO,promoter,antiparallel,670
66,1291.1392405063293,6.84572754613084,0.4089490512317155,DHX36KO,promoter,antiparallel,670
67,1341.7721518987341,6.9786962982089955,0.42789485367692964,DHX36KO,promoter,antiparallel,670
68,1392.4050632911394,6.905329339635906,0.4472379711996912,DHX36KO,promoter,antiparallel,670
69,1443.0379746835442,6.926415412611036,0.48188361434348825,DHX36KO,promoter,antiparallel,670
70,1493.6708860759495,6.997475198790801,0.5221665929385754,DHX36KO,promoter,antiparallel,670
71,1544.3037974683543,7.099869223441651,0.6211302681128424,DHX36KO,promoter,antiparallel,670
72,1594.9367088607596,7.156130421671701,0.7215540959734454,DHX36KO,promoter,antiparallel,670
73,1645.5696202531644,7.197381877660751,0.7509891916510714,DHX36KO,promoter,antiparallel,670
74,1696.2025316455697,7.0937514575963,0.7078674230036613,DHX36KO,promoter,antiparallel,670
75,1746.8354430379745,6.946419314764032,0.6546823691955306,DHX36KO,promoter,antiparallel,670
76,1797.4683544303798,6.841413022652194,0.6399362533232047,DHX36KO,promoter,antiparallel,670
77,1848.1012658227846,6.699154682149935,0.6234020660056985,DHX36KO,promoter,antiparallel,670
78,1898.73417721519,6.579713974730885,0.5882629716781103,DHX36KO,promoter,antiparallel,670
79,1949.3670886075947,6.453405207947119,0.5365093776488425,DHX36KO,promoter,antiparallel,670
80,2000,6.35677433624315,0.5179929274337006,DHX36KO,promoter,antiparallel,670
1,-2000,7.0688095588489865,0.46888389038161216,DHX36KO,promoter,hybrid,1113
2,-1949.367088607595,7.24945207101851,0.49898337257721237,DHX36KO,promoter,hybrid,1113
3,-1898.73417721519,7.374522070476273,0.5122687002204468,DHX36KO,promoter,hybrid,1113
4,-1848.1012658227849,7.369859217867662,0.5200975533612519,DHX36KO,promoter,hybrid,1113
5,-1797.4683544303798,7.317992898203292,0.5000774744808242,DHX36KO,promoter,hybrid,1113
6,-1746.8354430379748,7.230763603003663,0.47629475074470556,DHX36KO,promoter,hybrid,1113
7,-1696.2025316455697,7.2603958273012505,0.47253353179266416,DHX36KO,promoter,hybrid,1113
8,-1645.5696202531644,7.229294728792938,0.4527720444558734,DHX36KO,promoter,hybrid,1113
9,-1594.9367088607596,7.121974297922933,0.4280466778764805,DHX36KO,promoter,hybrid,1113
10,-1544.3037974683543,6.923380424959212,0.39055489671010357,DHX36KO,promoter,hybrid,1113
11,-1493.6708860759495,6.656299529330536,0.34634285371547513,DHX36KO,promoter,hybrid,1113
12,-1443.0379746835442,6.554411519105008,0.33296175565169867,DHX36KO,promoter,hybrid,1113
13,-1392.4050632911392,6.477843581095682,0.33288596042018553,DHX36KO,promoter,hybrid,1113
14,-1341.7721518987341,6.438143291411267,0.3421018824058948,DHX36KO,promoter,hybrid,1113
15,-1291.139240506329,6.377698861797186,0.34641688505595364,DHX36KO,promoter,hybrid,1113
16,-1240.506329113924,6.342996397145532,0.34272772576047167,DHX36KO,promoter,hybrid,1113
17,-1189.873417721519,6.290270051270697,0.326158194957728,DHX36KO,promoter,hybrid,1113
18,-1139.240506329114,6.223961719101366,0.30717625838099,DHX36KO,promoter,hybrid,1113
19,-1088.607594936709,6.152145000448053,0.28777716034692047,DHX36KO,promoter,hybrid,1113
20,-1037.9746835443038,6.1386216876334725,0.27468378020943934,DHX36KO,promoter,hybrid,1113
21,-987.3417721518988,6.2050919640696165,0.2793714055893917,DHX36KO,promoter,hybrid,1113
22,-936.7088607594937,6.275326841003919,0.2869580261037552,DHX36KO,promoter,hybrid,1113
23,-886.0759493670887,6.36086227746951,0.29130761431069274,DHX36KO,promoter,hybrid,1113
24,-835.4430379746836,6.5728292278752205,0.30364744554231854,DHX36KO,promoter,hybrid,1113
25,-784.8101265822784,6.751271313781259,0.32408509406921504,DHX36KO,promoter,hybrid,1113
26,-734.1772151898733,7.0393627230055,0.35109709453119525,DHX36KO,promoter,hybrid,1113
27,-683.5443037974683,7.318485676419703,0.3727772952798272,DHX36KO,promoter,hybrid,1113
28,-632.9113924050632,7.542430368142415,0.3924207865276739,DHX36KO,promoter,hybrid,1113
29,-582.2784810126582,7.760474745148347,0.42260660162483893,DHX36KO,promoter,hybrid,1113
30,-531.6455696202531,8.038025158086413,0.45516952970417673,DHX36KO,promoter,hybrid,1113
31,-481.0126582278481,8.396191502361463,0.5147432908882714,DHX36KO,promoter,hybrid,1113
32,-430.37974683544303,8.785711971043327,0.5805913599846612,DHX36KO,promoter,hybrid,1113
33,-379.746835443038,9.352811974085316,0.6628874617371773,DHX36KO,promoter,hybrid,1113
34,-329.11392405063293,9.93359494923617,0.7359008115457092,DHX36KO,promoter,hybrid,1113
35,-278.4810126582279,10.660055512524394,0.8122581743321599,DHX36KO,promoter,hybrid,1113
36,-227.84810126582283,11.118796295926899,0.8568500518507042,DHX36KO,promoter,hybrid,1113
37,-177.21518987341778,11.393952309832526,0.8696742607742464,DHX36KO,promoter,hybrid,1113
38,-126.58227848101274,11.753087724176986,0.8706771522116002,DHX36KO,promoter,hybrid,1113
39,-75.94936708860769,11.993505914573293,0.8554724191589901,DHX36KO,promoter,hybrid,1113
40,-25.316455696202638,12.130639473091668,0.8377079076512322,DHX36KO,promoter,hybrid,1113
41,25.31645569620241,12.131395619451089,0.8153372791670601,DHX36KO,promoter,hybrid,1113
42,75.94936708860769,11.804522604094753,0.7765627274188184,DHX36KO,promoter,hybrid,1113
43,126.58227848101251,11.411073227535647,0.7443345200220842,DHX36KO,promoter,hybrid,1113
44,177.21518987341778,10.901009591571869,0.692431965694098,DHX36KO,promoter,hybrid,1113
45,227.8481012658226,10.32153138245248,0.6342686615369292,DHX36KO,promoter,hybrid,1113
46,278.4810126582279,9.762681954577499,0.5736233412230004,DHX36KO,promoter,hybrid,1113
47,329.1139240506327,9.367215892352469,0.5361828205212816,DHX36KO,promoter,hybrid,1113
48,379.746835443038,9.030408641025312,0.5038236545702838,DHX36KO,promoter,hybrid,1113
49,430.37974683544326,8.760741559779369,0.4804451593558065,DHX36KO,promoter,hybrid,1113
50,481.0126582278481,8.58437200924564,0.4799585380510276,DHX36KO,promoter,hybrid,1113
51,531.6455696202534,8.512452037809995,0.5006354132036366,DHX36KO,promoter,hybrid,1113
52,582.2784810126582,8.461134306976058,0.5172194931082804,DHX36KO,promoter,hybrid,1113
53,632.9113924050635,8.4760870660697325,0.5432622263109292,DHX36KO,promoter,hybrid,1113
54,683.5443037974683,8.492548018482925,0.5927567025021435,DHX36KO,promoter,hybrid,1113
55,734.1772151898736,8.444972150073005,0.6338176151614224,DHX36KO,promoter,hybrid,1113
56,784.8101265822784,8.395352575421226,0.6743571176817421,DHX36KO,promoter,hybrid,1113
57,835.4430379746836,8.354949562198282,0.6761915275744903,DHX36KO,promoter,hybrid,1113
58,886.0759493670885,8.28676063839923,0.6588484513425464,DHX36KO,promoter,hybrid,1113
59,936.7088607594937,8.136946603523539,0.6157334299809882,DHX36KO,promoter,hybrid,1113
60,987.3417721518986,8.09474482329815,0.583921651629814,DHX36KO,promoter,hybrid,1113
61,1037.9746835443038,8.189096203629362,0.5931180972052871,DHX36KO,promoter,hybrid,1113
62,1088.6075949367087,8.237452505679501,0.5948364599333513,DHX36KO,promoter,hybrid,1113
63,1139.240506329114,8.220781944732032,0.5995852439473626,DHX36KO,promoter,hybrid,1113
64,1189.8734177215188,8.365143720902308,0.6344405882190525,DHX36KO,promoter,hybrid,1113
65,1240.506329113924,8.561489723729816,0.6640226446731878,DHX36KO,promoter,hybrid,1113
66,1291.1392405063293,8.680198548764803,0.6694998246903612,DHX36KO,promoter,hybrid,1113
67,1341.7721518987341,8.732842669410598,0.6485190836397188,DHX36KO,promoter,hybrid,1113
68,1392.4050632911394,8.60172240451911,0.6211691692834027,DHX36KO,promoter,hybrid,1113
69,1443.0379746835442,8.477313653229595,0.5989180001176048,DHX36KO,promoter,hybrid,1113
70,1493.6708860759495,8.394208653850733,0.5959352881693564,DHX36KO,promoter,hybrid,1113
71,1544.3037974683543,8.291893814918202,0.5925198064115583,DHX36KO,promoter,hybrid,1113
72,1594.9367088607596,8.18761943613494,0.5808594552478034,DHX36KO,promoter,hybrid,1113
73,1645.5696202531644,7.95815787164563,0.5344328630774283,DHX36KO,promoter,hybrid,1113
74,1696.2025316455697,7.867597495212138,0.5087190598727801,DHX36KO,promoter,hybrid,1113
75,1746.8354430379745,7.760385049374812,0.4795378515605074,DHX36KO,promoter,hybrid,1113
76,1797.4683544303798,7.846307512824141,0.48403605082197915,DHX36KO,promoter,hybrid,1113
77,1848.1012658227846,7.8297078001267115,0.49267987856272033,DHX36KO,promoter,hybrid,1113
78,1898.73417721519,7.84124969001229,0.49869761766590787,DHX36KO,promoter,hybrid,1113
79,1949.3670886075947,7.846806667402998,0.5180123920268663,DHX36KO,promoter,hybrid,1113
80,2000,7.8355577482039,0.5105797647709273,DHX36KO,promoter,hybrid,1113
1,-2000,1.6458330294971992,0.01529932707498456,DHX36KO,promoter,none,14910
2,-1949.367088607595,1.6290632212780674,0.015047438886772423,DHX36KO,promoter,none,14910
3,-1898.73417721519,1.6190305709377877,0.014832230400897022,DHX36KO,promoter,none,14910
4,-1848.1012658227849,1.6122071846909367,0.014800034996833977,DHX36KO,promoter,none,14910
5,-1797.4683544303798,1.6044299284681132,0.014793833815587009,DHX36KO,promoter,none,14910
6,-1746.8354430379748,1.5980649429600657,0.014786935725346723,DHX36KO,promoter,none,14910
7,-1696.2025316455697,1.592764356128372,0.014822961778386516,DHX36KO,promoter,none,14910
8,-1645.5696202531644,1.5912977917290139,0.01478106971505073,DHX36KO,promoter,none,14910
9,-1594.9367088607596,1.5928753854643916,0.014722044417055595,DHX36KO,promoter,none,14910
10,-1544.3037974683543,1.58902594163544,0.014646406381080048,DHX36KO,promoter,none,14910
11,-1493.6708860759495,1.5837592923995751,0.01463425428913267,DHX36KO,promoter,none,14910
12,-1443.0379746835442,1.587435977832495,0.014660845377250736,DHX36KO,promoter,none,14910
13,-1392.4050632911392,1.5890956415600246,0.014713661403738358,DHX36KO,promoter,none,14910
14,-1341.7721518987341,1.5720700065266089,0.014595831662056347,DHX36KO,promoter,none,14910
15,-1291.139240506329,1.5682626046958326,0.01445448790347147,DHX36KO,promoter,none,14910
16,-1240.506329113924,1.5669287109779968,0.014347389195997717,DHX36KO,promoter,none,14910
17,-1189.873417721519,1.5695223175967394,0.014361620106179723,DHX36KO,promoter,none,14910
18,-1139.240506329114,1.5833332857333855,0.014497689315329234,DHX36KO,promoter,none,14910
19,-1088.607594936709,1.5969761405842169,0.014787731134235076,DHX36KO,promoter,none,14910
20,-1037.9746835443038,1.6017378146922387,0.01489241616363279,DHX36KO,promoter,none,14910
21,-987.3417721518988,1.6018192925067427,0.01483289284250487,DHX36KO,promoter,none,14910
22,-936.7088607594937,1.5990784000322245,0.014756761198160537,DHX36KO,promoter,none,14910
23,-886.0759493670887,1.5933632053070266,0.014683711531221735,DHX36KO,promoter,none,14910
24,-835.4430379746836,1.5842887951861668,0.014640003522242042,DHX36KO,promoter,none,14910
25,-784.8101265822784,1.5774647619298765,0.01465545946930351,DHX36KO,promoter,none,14910
26,-734.1772151898733,1.576369307969232,0.014665864138168902,DHX36KO,promoter,none,14910
27,-683.5443037974683,1.5712681924987055,0.014650261119900919,DHX36KO,promoter,none,14910
28,-632.9113924050632,1.568525998509409,0.0145331428778425,DHX36KO,promoter,none,14910
29,-582.2784810126582,1.5677619268628753,0.014526324880145044,DHX36KO,promoter,none,14910
30,-531.6455696202531,1.559143985090579,0.01451447512859219,DHX36KO,promoter,none,14910
31,-481.0126582278481,1.566255451859891,0.014565096605841403,DHX36KO,promoter,none,14910
32,-430.37974683544303,1.5713309695694262,0.014649294601843858,DHX36KO,promoter,none,14910
33,-379.746835443038,1.5748858767003437,0.014707281750860744,DHX36KO,promoter,none,14910
34,-329.11392405063293,1.576612842557947,0.014573425561413335,DHX36KO,promoter,none,14910
35,-278.4810126582279,1.573105305688232,0.014537738511847363,DHX36KO,promoter,none,14910
36,-227.84810126582283,1.5731741096907526,0.014523068144762894,DHX36KO,promoter,none,14910
37,-177.21518987341778,1.580466538456098,0.014579528501996513,DHX36KO,promoter,none,14910
38,-126.58227848101274,1.5823218929683573,0.014624401303199053,DHX36KO,promoter,none,14910
39,-75.94936708860769,1.5896084504451904,0.014750187114715008,DHX36KO,promoter,none,14910
40,-25.316455696202638,1.5845998073925545,0.014615986158661961,DHX36KO,promoter,none,14910
41,25.31645569620241,1.5832229360954146,0.014532616689200983,DHX36KO,promoter,none,14910
42,75.94936708860769,1.5782466419703265,0.014498794607451161,DHX36KO,promoter,none,14910
43,126.58227848101251,1.5770005437497312,0.014565045080124819,DHX36KO,promoter,none,14910
44,177.21518987341778,1.5807978646244873,0.014572387950036863,DHX36KO,promoter,none,14910
45,227.8481012658226,1.5817925803126458,0.014624254425863454,DHX36KO,promoter,none,14910
46,278.4810126582279,1.5835551374718635,0.014825913731296042,DHX36KO,promoter,none,14910
47,329.1139240506327,1.5718267412906501,0.014824539255616219,DHX36KO,promoter,none,14910
48,379.746835443038,1.566207629715688,0.014790409700496785,DHX36KO,promoter,none,14910
49,430.37974683544326,1.5621883071789715,0.01469503172611437,DHX36KO,promoter,none,14910
50,481.0126582278481,1.5668061166310105,0.014672613066599838,DHX36KO,promoter,none,14910
51,531.6455696202534,1.5688988811213445,0.014665997303875355,DHX36KO,promoter,none,14910
52,582.2784810126582,1.5799856418626372,0.014715970636799774,DHX36KO,promoter,none,14910
53,632.9113924050635,1.5745249258626477,0.014600657074847121,DHX36KO,promoter,none,14910
54,683.5443037974683,1.5713959862196407,0.014483696263063551,DHX36KO,promoter,none,14910
55,734.1772151898736,1.5702324196656599,0.014393378006075765,DHX36KO,promoter,none,14910
56,784.8101265822784,1.5709947482195292,0.014423538876913309,DHX36KO,promoter,none,14910
57,835.4430379746836,1.5720572628979717,0.01449618160829949,DHX36KO,promoter,none,14910
58,886.0759493670885,1.5740583697641084,0.014581242811240373,DHX36KO,promoter,none,14910
59,936.7088607594937,1.5778823517632588,0.014668136805310181,DHX36KO,promoter,none,14910
60,987.3417721518986,1.5771718350057569,0.014625297697453007,DHX36KO,promoter,none,14910
61,1037.9746835443038,1.5745861289951244,0.014566588937553344,DHX36KO,promoter,none,14910
62,1088.6075949367087,1.5782923715809547,0.014622861024046285,DHX36KO,promoter,none,14910
63,1139.240506329114,1.572523052230889,0.014559880750764248,DHX36KO,promoter,none,14910
64,1189.8734177215188,1.5705884905895477,0.014468020151838068,DHX36KO,promoter,none,14910
65,1240.506329113924,1.5811311275456674,0.01449219140107604,DHX36KO,promoter,none,14910
66,1291.1392405063293,1.5853893923836293,0.014526724193113027,DHX36KO,promoter,none,14910
67,1341.7721518987341,1.5935787344494294,0.014603500809955932,DHX36KO,promoter,none,14910
68,1392.4050632911394,1.5994882892540028,0.014773479147853024,DHX36KO,promoter,none,14910
69,1443.0379746835442,1.5914333372886007,0.014836530870759814,DHX36KO,promoter,none,14910
70,1493.6708860759495,1.598206679419355,0.014921799994670016,DHX36KO,promoter,none,14910
71,1544.3037974683543,1.5968700321565554,0.014812361544644291,DHX36KO,promoter,none,14910
72,1594.9367088607596,1.5935448637057754,0.01480167444174674,DHX36KO,promoter,none,14910
73,1645.5696202531644,1.5972315419315424,0.014855527915255053,DHX36KO,promoter,none,14910
74,1696.2025316455697,1.5972011399607378,0.014846694963365553,DHX36KO,promoter,none,14910
75,1746.8354430379745,1.5954547929374834,0.014701154387097067,DHX36KO,promoter,none,14910
76,1797.4683544303798,1.5932295064904272,0.014641424813291823,DHX36KO,promoter,none,14910
77,1848.1012658227846,1.5896800314272705,0.014466514143749831,DHX36KO,promoter,none,14910
78,1898.73417721519,1.5943578589386997,0.014441472212189098,DHX36KO,promoter,none,14910
79,1949.3670886075947,1.6091522721377771,0.014626091769932213,DHX36KO,promoter,none,14910
80,2000,1.6303236879994034,0.014925144656144865,DHX36KO,promoter,none,14910
1,-2000,6.345304198959625,0.18817930848106884,DHX36KO,5UTR,parallel,4744
2,-1949.367088607595,6.398443748940236,0.18764456723551187,DHX36KO,5UTR,parallel,4744
3,-1898.73417721519,6.4239309635344615,0.18858829528480656,DHX36KO,5UTR,parallel,4744
4,-1848.1012658227849,6.4884391080718355,0.18685315881459222,DHX36KO,5UTR,parallel,4744
5,-1797.4683544303798,6.527378168609318,0.18379072641151803,DHX36KO,5UTR,parallel,4744
6,-1746.8354430379748,6.5716524779689385,0.18113404292688653,DHX36KO,5UTR,parallel,4744
7,-1696.2025316455697,6.674992611447434,0.18670659759741876,DHX36KO,5UTR,parallel,4744
8,-1645.5696202531644,6.856478772980568,0.20391201924181368,DHX36KO,5UTR,parallel,4744
9,-1594.9367088607596,7.065170435610448,0.2261635305379343,DHX36KO,5UTR,parallel,4744
10,-1544.3037974683543,7.170828106348571,0.21876614328499874,DHX36KO,5UTR,parallel,4744
11,-1493.6708860759495,7.228031390220882,0.21544828556728599,DHX36KO,5UTR,parallel,4744
12,-1443.0379746835442,7.348284134089846,0.22784470716362787,DHX36KO,5UTR,parallel,4744
13,-1392.4050632911392,7.472363994786785,0.23465599707835205,DHX36KO,5UTR,parallel,4744
14,-1341.7721518987341,7.641285632768328,0.23341547898000728,DHX36KO,5UTR,parallel,4744
15,-1291.139240506329,7.786148472494158,0.22928989994937815,DHX36KO,5UTR,parallel,4744
16,-1240.506329113924,7.943660614132512,0.22496384359085256,DHX36KO,5UTR,parallel,4744
17,-1189.873417721519,8.226368509882317,0.23194968844826563,DHX36KO,5UTR,parallel,4744
18,-1139.240506329114,8.552505775306452,0.24364856917745942,DHX36KO,5UTR,parallel,4744
19,-1088.607594936709,8.95405225962836,0.2598137171226937,DHX36KO,5UTR,parallel,4744
20,-1037.9746835443038,9.278606012990597,0.2675664371700029,DHX36KO,5UTR,parallel,4744
21,-987.3417721518988,9.608847584486377,0.2748386810017401,DHX36KO,5UTR,parallel,4744
22,-936.7088607594937,10.031352585902571,0.28340715821966045,DHX36KO,5UTR,parallel,4744
23,-886.0759493670887,10.509347432174664,0.2941327169042766,DHX36KO,5UTR,parallel,4744
24,-835.4430379746836,11.05201951782495,0.3030882823351296,DHX36KO,5UTR,parallel,4744
25,-784.8101265822784,11.621563099556052,0.31146514141500087,DHX36KO,5UTR,parallel,4744
26,-734.1772151898733,12.101456847896129,0.30890115603145474,DHX36KO,5UTR,parallel,4744
27,-683.5443037974683,12.586911339003963,0.3041928898986505,DHX36KO,5UTR,parallel,4744
28,-632.9113924050632,13.236831939569043,0.31169159296953736,DHX36KO,5UTR,parallel,4744
29,-582.2784810126582,14.001611771961489,0.33177727803578516,DHX36KO,5UTR,parallel,4744
30,-531.6455696202531,14.755963156850001,0.3502053499332449,DHX36KO,5UTR,parallel,4744
31,-481.0126582278481,15.602209820671488,0.3682928824238341,DHX36KO,5UTR,parallel,4744
32,-430.37974683544303,16.427537017560795,0.3840726857978789,DHX36KO,5UTR,parallel,4744
33,-379.746835443038,17.29355346252705,0.40114815625043526,DHX36KO,5UTR,parallel,4744
34,-329.11392405063293,18.146734557001526,0.4223171372348052,DHX36KO,5UTR,parallel,4744
35,-278.4810126582279,18.948084663086522,0.4406198610835517,DHX36KO,5UTR,parallel,4744
36,-227.84810126582283,19.59066976434029,0.4501465067287773,DHX36KO,5UTR,parallel,4744
37,-177.21518987341778,20.171025313862994,0.45611898681476176,DHX36KO,5UTR,parallel,4744
38,-126.58227848101274,20.559637064112916,0.44814251260386645,DHX36KO,5UTR,parallel,4744
39,-75.94936708860769,20.645591690510326,0.4342657683078271,DHX36KO,5UTR,parallel,4744
40,-25.316455696202638,20.405764538312877,0.41503830309188755,DHX36KO,5UTR,parallel,4744
41,25.31645569620241,19.955119736913787,0.3932631362258951,DHX36KO,5UTR,parallel,4744
42,75.94936708860769,19.542118943148512,0.38174255935703916,DHX36KO,5UTR,parallel,4744
43,126.58227848101251,18.96915136017027,0.3725422242125613,DHX36KO,5UTR,parallel,4744
44,177.21518987341778,18.2411295176715,0.35426811080359544,DHX36KO,5UTR,parallel,4744
45,227.8481012658226,17.398150886799627,0.33363707127318815,DHX36KO,5UTR,parallel,4744
46,278.4810126582279,16.617719042412414,0.32100196939614384,DHX36KO,5UTR,parallel,4744
47,329.1139240506327,15.932202209938504,0.3127682395879445,DHX36KO,5UTR,parallel,4744
48,379.746835443038,15.292461290565718,0.3103137480486041,DHX36KO,5UTR,parallel,4744
49,430.37974683544326,14.590051236974515,0.3073758434202577,DHX36KO,5UTR,parallel,4744
50,481.0126582278481,14.012120724740056,0.30900461202511126,DHX36KO,5UTR,parallel,4744
51,531.6455696202534,13.521200987741544,0.3114797380203163,DHX36KO,5UTR,parallel,4744
52,582.2784810126582,13.067848426311823,0.3156523528894086,DHX36KO,5UTR,parallel,4744
53,632.9113924050635,12.556304527717135,0.31455118611418836,DHX36KO,5UTR,parallel,4744
54,683.5443037974683,12.025726851025379,0.30976303962585305,DHX36KO,5UTR,parallel,4744
55,734.1772151898736,11.539744339988532,0.3047505228506799,DHX36KO,5UTR,parallel,4744
56,784.8101265822784,11.072580000905088,0.2996127006780292,DHX36KO,5UTR,parallel,4744
57,835.4430379746836,10.663999293232447,0.30013347090560893,DHX36KO,5UTR,parallel,4744
58,886.0759493670885,10.314712994977992,0.30026380230256255,DHX36KO,5UTR,parallel,4744
59,936.7088607594937,9.920365829063039,0.2916841711416063,DHX36KO,5UTR,parallel,4744
60,987.3417721518986,9.55499943511214,0.28209379680619256,DHX36KO,5UTR,parallel,4744
61,1037.9746835443038,9.21803820040502,0.2721336968804264,DHX36KO,5UTR,parallel,4744
62,1088.6075949367087,8.898773216977254,0.2642775077733255,DHX36KO,5UTR,parallel,4744
63,1139.240506329114,8.619015018703095,0.2517291765539433,DHX36KO,5UTR,parallel,4744
64,1189.8734177215188,8.338942004120236,0.23631081410862836,DHX36KO,5UTR,parallel,4744
65,1240.506329113924,8.02838805554555,0.22511186523172977,DHX36KO,5UTR,parallel,4744
66,1291.1392405063293,7.785642078590064,0.22119572149264316,DHX36KO,5UTR,parallel,4744
67,1341.7721518987341,7.575845949541256,0.21834834444718978,DHX36KO,5UTR,parallel,4744
68,1392.4050632911394,7.3553321892689825,0.21322154990653552,DHX36KO,5UTR,parallel,4744
69,1443.0379746835442,7.13730483731924,0.2110229828481102,DHX36KO,5UTR,parallel,4744
70,1493.6708860759495,6.942213775783258,0.20728136696161237,DHX36KO,5UTR,parallel,4744
71,1544.3037974683543,6.760326537763623,0.2044965032388911,DHX36KO,5UTR,parallel,4744
72,1594.9367088607596,6.599448878267563,0.19769013069482738,DHX36KO,5UTR,parallel,4744
73,1645.5696202531644,6.504148876426795,0.1940198206824658,DHX36KO,5UTR,parallel,4744
74,1696.2025316455697,6.448571632226208,0.19461354049504037,DHX36KO,5UTR,parallel,4744
75,1746.8354430379745,6.405792019000678,0.1934166312838436,DHX36KO,5UTR,parallel,4744
76,1797.4683544303798,6.333932036045329,0.18992340459707965,DHX36KO,5UTR,parallel,4744
77,1848.1012658227846,6.218106980248908,0.1811529172997179,DHX36KO,5UTR,parallel,4744
78,1898.73417721519,6.073127972651325,0.17401180764253765,DHX36KO,5UTR,parallel,4744
79,1949.3670886075947,5.968558914475792,0.17106333460678969,DHX36KO,5UTR,parallel,4744
80,2000,5.88186394358616,0.16584842631014,DHX36KO,5UTR,parallel,4744
1,-2000,7.7677662578268585,1.3343504320167998,DHX36KO,5UTR,antiparallel,343
2,-1949.367088607595,7.4756985788697525,1.247838141808128,DHX36KO,5UTR,antiparallel,343
3,-1898.73417721519,7.1834139164427855,1.0869895201715252,DHX36KO,5UTR,antiparallel,343
4,-1848.1012658227849,7.027687601897181,0.9704265084651484,DHX36KO,5UTR,antiparallel,343
5,-1797.4683544303798,6.81559266432613,0.8327989527308266,DHX36KO,5UTR,antiparallel,343
6,-1746.8354430379748,6.765507180547112,0.7909083562156207,DHX36KO,5UTR,antiparallel,343
7,-1696.2025316455697,6.800704153262955,0.7950059105867644,DHX36KO,5UTR,antiparallel,343
8,-1645.5696202531644,6.848772421877169,0.7794251584338969,DHX36KO,5UTR,antiparallel,343
9,-1594.9367088607596,6.764732806858678,0.7440766498596184,DHX36KO,5UTR,antiparallel,343
10,-1544.3037974683543,6.647348071004258,0.6964256920634683,DHX36KO,5UTR,antiparallel,343
11,-1493.6708860759495,6.296825081294202,0.5880894361194026,DHX36KO,5UTR,antiparallel,343
12,-1443.0379746835442,6.048070237740831,0.5252376253729006,DHX36KO,5UTR,antiparallel,343
13,-1392.4050632911392,5.7572163955185225,0.4487316821168469,DHX36KO,5UTR,antiparallel,343
14,-1341.7721518987341,5.757573300357926,0.4293337645445158,DHX36KO,5UTR,antiparallel,343
15,-1291.139240506329,6.043846331344749,0.4923021394718282,DHX36KO,5UTR,antiparallel,343
16,-1240.506329113924,6.311017506449285,0.5761183685545394,DHX36KO,5UTR,antiparallel,343
17,-1189.873417721519,6.388247652540402,0.6212380762664461,DHX36KO,5UTR,antiparallel,343
18,-1139.240506329114,6.4571044887189615,0.6168066904015492,DHX36KO,5UTR,antiparallel,343
19,-1088.607594936709,6.537931883814731,0.5874624919109089,DHX36KO,5UTR,antiparallel,343
20,-1037.9746835443038,6.7262049981317436,0.596514962577566,DHX36KO,5UTR,antiparallel,343
21,-987.3417721518988,7.1743181604801505,0.6451831231714666,DHX36KO,5UTR,antiparallel,343
22,-936.7088607594937,7.658441231906472,0.6873987450265139,DHX36KO,5UTR,antiparallel,343
23,-886.0759493670887,7.851632322989353,0.691249081847498,DHX36KO,5UTR,antiparallel,343
24,-835.4430379746836,8.281708508258427,0.7129178938582915,DHX36KO,5UTR,antiparallel,343
25,-784.8101265822784,8.927802736731381,0.7554359131400643,DHX36KO,5UTR,antiparallel,343
26,-734.1772151898733,9.514053697398383,0.8014338175195496,DHX36KO,5UTR,antiparallel,343
27,-683.5443037974683,10.263980985102547,0.8560449514993556,DHX36KO,5UTR,antiparallel,343
28,-632.9113924050632,11.138423092844883,0.9234109233272151,DHX36KO,5UTR,antiparallel,343
29,-582.2784810126582,12.061508057506718,0.9873954427757379,DHX36KO,5UTR,antiparallel,343
30,-531.6455696202531,13.003809333280874,1.0709624765490882,DHX36KO,5UTR,antiparallel,343
31,-481.0126582278481,13.95536155128618,1.1677805733024704,DHX36KO,5UTR,antiparallel,343
32,-430.37974683544303,14.934380119402972,1.2886547895850033,DHX36KO,5UTR,antiparallel,343
33,-379.746835443038,16.116004019772927,1.4114229724870115,DHX36KO,5UTR,antiparallel,343
34,-329.11392405063293,17.029170988477237,1.5037252413016868,DHX36KO,5UTR,antiparallel,343
35,-278.4810126582279,17.724403795721,1.5591068607004772,DHX36KO,5UTR,antiparallel,343
36,-227.84810126582283,18.559752330636375,1.5509453530139838,DHX36KO,5UTR,antiparallel,343
37,-177.21518987341778,18.79857791723385,1.5179828752254654,DHX36KO,5UTR,antiparallel,343
38,-126.58227848101274,18.894047911741758,1.461917190365326,DHX36KO,5UTR,antiparallel,343
39,-75.94936708860769,18.811873572472813,1.3727691030247595,DHX36KO,5UTR,antiparallel,343
40,-25.316455696202638,18.82895361409359,1.2950781325881329,DHX36KO,5UTR,antiparallel,343
41,25.31645569620241,18.82497554582572,1.2692759335360293,DHX36KO,5UTR,antiparallel,343
42,75.94936708860769,18.56818773720772,1.285167934316026,DHX36KO,5UTR,antiparallel,343
43,126.58227848101251,18.2899280287434,1.2291068366791083,DHX36KO,5UTR,antiparallel,343
44,177.21518987341778,17.603564584051323,1.1246492287393428,DHX36KO,5UTR,antiparallel,343
45,227.8481012658226,16.92145920085258,1.028704718408115,DHX36KO,5UTR,antiparallel,343
46,278.4810126582279,16.502960715615945,1.021352861497438,DHX36KO,5UTR,antiparallel,343
47,329.1139240506327,16.03310166831846,1.0124378457169287,DHX36KO,5UTR,antiparallel,343
48,379.746835443038,15.533404872500862,1.0591975385458794,DHX36KO,5UTR,antiparallel,343
49,430.37974683544326,15.223084249487192,1.1067988936726967,DHX36KO,5UTR,antiparallel,343
50,481.0126582278481,15.070396643122848,1.163912756523708,DHX36KO,5UTR,antiparallel,343
51,531.6455696202534,14.640321807761698,1.2188764305637112,DHX36KO,5UTR,antiparallel,343
52,582.2784810126582,14.085067971450131,1.2303189957165805,DHX36KO,5UTR,antiparallel,343
53,632.9113924050635,13.57667176963289,1.2656816100285013,DHX36KO,5UTR,antiparallel,343
54,683.5443037974683,12.938309260244157,1.2515976644870874,DHX36KO,5UTR,antiparallel,343
55,734.1772151898736,12.509142859236956,1.2658361143286727,DHX36KO,5UTR,antiparallel,343
56,784.8101265822784,12.200079496914721,1.2651263575533072,DHX36KO,5UTR,antiparallel,343
57,835.4430379746836,12.068603036748888,1.3579510784742477,DHX36KO,5UTR,antiparallel,343
58,886.0759493670885,11.689489105790418,1.4002847454247158,DHX36KO,5UTR,antiparallel,343
59,936.7088607594937,11.318521987003997,1.4210990918338735,DHX36KO,5UTR,antiparallel,343
60,987.3417721518986,10.794514573415121,1.3811227862306177,DHX36KO,5UTR,antiparallel,343
61,1037.9746835443038,10.06493884316918,1.2670412991755804,DHX36KO,5UTR,antiparallel,343
62,1088.6075949367087,9.425571939836322,1.0529159206324128,DHX36KO,5UTR,antiparallel,343
63,1139.240506329114,8.916647743703788,0.8890002431379128,DHX36KO,5UTR,antiparallel,343
64,1189.8734177215188,8.543271179403114,0.7933171379195465,DHX36KO,5UTR,antiparallel,343
65,1240.506329113924,8.337272139313848,0.746989939387101,DHX36KO,5UTR,antiparallel,343
66,1291.1392405063293,8.2437885079648,0.7375409844403229,DHX36KO,5UTR,antiparallel,343
67,1341.7721518987341,8.119087881782429,0.7203682973807406,DHX36KO,5UTR,antiparallel,343
68,1392.4050632911394,8.007075597018844,0.7319755508702891,DHX36KO,5UTR,antiparallel,343
69,1443.0379746835442,7.872608193665366,0.7611256473679081,DHX36KO,5UTR,antiparallel,343
70,1493.6708860759495,7.827303270239408,0.8538013859466179,DHX36KO,5UTR,antiparallel,343
71,1544.3037974683543,7.958334945464621,0.9509981726370211,DHX36KO,5UTR,antiparallel,343
72,1594.9367088607596,7.9509056439529475,1.0362958112876095,DHX36KO,5UTR,antiparallel,343
73,1645.5696202531644,7.966902258815525,1.0722520008276526,DHX36KO,5UTR,antiparallel,343
74,1696.2025316455697,7.8623893138688095,1.0543500598203999,DHX36KO,5UTR,antiparallel,343
75,1746.8354430379745,7.635968188840979,0.9698646867339038,DHX36KO,5UTR,antiparallel,343
76,1797.4683544303798,7.352890539257357,0.8954049369281607,DHX36KO,5UTR,antiparallel,343
77,1848.1012658227846,7.040622289289654,0.8175778830889896,DHX36KO,5UTR,antiparallel,343
78,1898.73417721519,6.687134041695831,0.7321895961631392,DHX36KO,5UTR,antiparallel,343
79,1949.3670886075947,6.374262045648518,0.6717979109618601,DHX36KO,5UTR,antiparallel,343
80,2000,6.231109483443613,0.6455394039912451,DHX36KO,5UTR,antiparallel,343
1,-2000,6.202022653348717,0.45761410726125223,DHX36KO,5UTR,hybrid,728
2,-1949.367088607595,6.255212320794553,0.4767108016229633,DHX36KO,5UTR,hybrid,728
3,-1898.73417721519,6.33075128577786,0.4804254781782073,DHX36KO,5UTR,hybrid,728
4,-1848.1012658227849,6.427107412926444,0.48139918554000327,DHX36KO,5UTR,hybrid,728
5,-1797.4683544303798,6.553505341344046,0.49616681237637467,DHX36KO,5UTR,hybrid,728
6,-1746.8354430379748,6.827203291398047,0.5285493627030715,DHX36KO,5UTR,hybrid,728
7,-1696.2025316455697,7.172683682353287,0.5712861617059738,DHX36KO,5UTR,hybrid,728
8,-1645.5696202531644,7.441942278186043,0.593118728822324,DHX36KO,5UTR,hybrid,728
9,-1594.9367088607596,7.637307585961435,0.6117047482619172,DHX36KO,5UTR,hybrid,728
10,-1544.3037974683543,7.658127570198133,0.6141745772082918,DHX36KO,5UTR,hybrid,728
11,-1493.6708860759495,7.691973117152195,0.6048588134027791,DHX36KO,5UTR,hybrid,728
12,-1443.0379746835442,7.643167438169757,0.6070687831972338,DHX36KO,5UTR,hybrid,728
13,-1392.4050632911392,7.744991311080508,0.6420849764429429,DHX36KO,5UTR,hybrid,728
14,-1341.7721518987341,7.972365587622255,0.6976904331141087,DHX36KO,5UTR,hybrid,728
15,-1291.139240506329,8.223175350296628,0.7321742422423599,DHX36KO,5UTR,hybrid,728
16,-1240.506329113924,8.648863416584856,0.7688228352471241,DHX36KO,5UTR,hybrid,728
17,-1189.873417721519,8.990061652900534,0.7892162199486007,DHX36KO,5UTR,hybrid,728
18,-1139.240506329114,9.155756280202787,0.7534895082427734,DHX36KO,5UTR,hybrid,728
19,-1088.607594936709,9.326495290999011,0.7021104284299552,DHX36KO,5UTR,hybrid,728
20,-1037.9746835443038,9.657482803076396,0.681583556133393,DHX36KO,5UTR,hybrid,728
21,-987.3417721518988,10.171604757198702,0.733335960612527,DHX36KO,5UTR,hybrid,728
22,-936.7088607594937,10.705866852126498,0.8330538330599124,DHX36KO,5UTR,hybrid,728
23,-886.0759493670887,11.205105629717256,0.8927674307847034,DHX36KO,5UTR,hybrid,728
24,-835.4430379746836,11.91531272889166,0.95607426251422,DHX36KO,5UTR,hybrid,728
25,-784.8101265822784,12.635963679791152,0.9490311856192998,DHX36KO,5UTR,hybrid,728
26,-734.1772151898733,13.376735087608026,0.9592854790624965,DHX36KO,5UTR,hybrid,728
27,-683.5443037974683,14.196357391428599,0.9823861474189987,DHX36KO,5UTR,hybrid,728
28,-632.9113924050632,15.184785964778273,1.0348798794079797,DHX36KO,5UTR,hybrid,728
29,-582.2784810126582,15.983743323577848,1.0623806449256796,DHX36KO,5UTR,hybrid,728
30,-531.6455696202531,16.81009067726441,1.0943571341086074,DHX36KO,5UTR,hybrid,728
31,-481.0126582278481,17.627244238361115,1.1301525225484415,DHX36KO,5UTR,hybrid,728
32,-430.37974683544303,18.4366288112426,1.129855092305342,DHX36KO,5UTR,hybrid,728
33,-379.746835443038,19.51393633568789,1.1553588516325646,DHX36KO,5UTR,hybrid,728
34,-329.11392405063293,20.64962598749351,1.1851154596687377,DHX36KO,5UTR,hybrid,728
35,-278.4810126582279,21.64011085042259,1.21264128240703,DHX36KO,5UTR,hybrid,728
36,-227.84810126582283,22.700744282351092,1.2439936136726424,DHX36KO,5UTR,hybrid,728
37,-177.21518987341778,23.78508494187078,1.3399523824448873,DHX36KO,5UTR,hybrid,728
38,-126.58227848101274,24.40797485964202,1.4099887978442027,DHX36KO,5UTR,hybrid,728
39,-75.94936708860769,24.514815339896924,1.3920921131654822,DHX36KO,5UTR,hybrid,728
40,-25.316455696202638,24.260828119275114,1.3514447649013863,DHX36KO,5UTR,hybrid,728
41,25.31645569620241,23.284046591648032,1.2598052876259749,DHX36KO,5UTR,hybrid,728
42,75.94936708860769,22.251773644211966,1.1981418712861696,DHX36KO,5UTR,hybrid,728
43,126.58227848101251,21.170116531249587,1.162860715438314,DHX36KO,5UTR,hybrid,728
44,177.21518987341778,20.20650447136426,1.1405830074200365,DHX36KO,5UTR,hybrid,728
45,227.8481012658226,19.28175769837348,1.123242872535177,DHX36KO,5UTR,hybrid,728
46,278.4810126582279,18.41419776817927,1.113502696882212,DHX36KO,5UTR,hybrid,728
47,329.1139240506327,17.550000659445704,1.0376788420124197,DHX36KO,5UTR,hybrid,728
48,379.746835443038,16.562377628276856,0.9445487622749372,DHX36KO,5UTR,hybrid,728
49,430.37974683544326,15.66925516942591,0.9091412898020529,DHX36KO,5UTR,hybrid,728
50,481.0126582278481,14.990539218399114,0.9007350014966432,DHX36KO,5UTR,hybrid,728
51,531.6455696202534,14.157164910374544,0.8998163305538125,DHX36KO,5UTR,hybrid,728
52,582.2784810126582,13.244688418751016,0.8878194530012228,DHX36KO,5UTR,hybrid,728
53,632.9113924050635,12.596631972120576,0.923933744574537,DHX36KO,5UTR,hybrid,728
54,683.5443037974683,11.972090607921938,0.9565877679964045,DHX36KO,5UTR,hybrid,728
55,734.1772151898736,11.482051351890242,0.9827884209868325,DHX36KO,5UTR,hybrid,728
56,784.8101265822784,10.962454743235757,0.9465618448033071,DHX36KO,5UTR,hybrid,728
57,835.4430379746836,10.593175445254687,0.8986283492075687,DHX36KO,5UTR,hybrid,728
58,886.0759493670885,10.118018177839426,0.8288625573742423,DHX36KO,5UTR,hybrid,728
59,936.7088607594937,9.841143851532387,0.8478322567130511,DHX36KO,5UTR,hybrid,728
60,987.3417721518986,9.682998512699491,0.8748508963235593,DHX36KO,5UTR,hybrid,728
61,1037.9746835443038,9.467738372591826,0.8621340739947314,DHX36KO,5UTR,hybrid,728
62,1088.6075949367087,9.202644041283227,0.8444242758512381,DHX36KO,5UTR,hybrid,728
63,1139.240506329114,8.87332454944814,0.8292221950331277,DHX36KO,5UTR,hybrid,728
64,1189.8734177215188,8.579135151699786,0.7835804455638704,DHX36KO,5UTR,hybrid,728
65,1240.506329113924,8.176645889254935,0.7026010388340195,DHX36KO,5UTR,hybrid,728
66,1291.1392405063293,7.819497658920375,0.629452781385062,DHX36KO,5UTR,hybrid,728
67,1341.7721518987341,7.443607271699023,0.5635967756560056,DHX36KO,5UTR,hybrid,728
68,1392.4050632911394,7.176470547418892,0.5231703611130722,DHX36KO,5UTR,hybrid,728
69,1443.0379746835442,7.013364732117006,0.5020687089827911,DHX36KO,5UTR,hybrid,728
70,1493.6708860759495,6.772183106746866,0.46777163824367907,DHX36KO,5UTR,hybrid,728
71,1544.3037974683543,6.608275096998328,0.4256293221489486,DHX36KO,5UTR,hybrid,728
72,1594.9367088607596,6.416851894411193,0.3963482041558315,DHX36KO,5UTR,hybrid,728
73,1645.5696202531644,6.205547669917454,0.3684137228384433,DHX36KO,5UTR,hybrid,728
74,1696.2025316455697,6.160770511902296,0.36642893332230136,DHX36KO,5UTR,hybrid,728
75,1746.8354430379745,6.2537848151265045,0.38027437843842143,DHX36KO,5UTR,hybrid,728
76,1797.4683544303798,6.237213534755366,0.3837858678336472,DHX36KO,5UTR,hybrid,728
77,1848.1012658227846,6.102667750490236,0.37491496745595315,DHX36KO,5UTR,hybrid,728
78,1898.73417721519,5.9034525982877275,0.36656361497119444,DHX36KO,5UTR,hybrid,728
79,1949.3670886075947,5.732930543880105,0.35561614694305466,DHX36KO,5UTR,hybrid,728
80,2000,5.571287345139535,0.3518476708834385,DHX36KO,5UTR,hybrid,728
1,-2000,3.4164516590706095,0.06794971661908618,DHX36KO,5UTR,none,16000
2,-1949.367088607595,3.4013603938467636,0.067164441585543,DHX36KO,5UTR,none,16000
3,-1898.73417721519,3.3909360733940233,0.06632545288386463,DHX36KO,5UTR,none,16000
4,-1848.1012658227849,3.383718581351991,0.06547896602134388,DHX36KO,5UTR,none,16000
5,-1797.4683544303798,3.3883006721504,0.0648288822440111,DHX36KO,5UTR,none,16000
6,-1746.8354430379748,3.396499843307733,0.06414841309449348,DHX36KO,5UTR,none,16000
7,-1696.2025316455697,3.3753640983498716,0.06324007190152485,DHX36KO,5UTR,none,16000
8,-1645.5696202531644,3.3548083091425345,0.06284094791963316,DHX36KO,5UTR,none,16000
9,-1594.9367088607596,3.334350084115077,0.06215990315907951,DHX36KO,5UTR,none,16000
10,-1544.3037974683543,3.32196401756034,0.061139859668621614,DHX36KO,5UTR,none,16000
11,-1493.6708860759495,3.3083444099721815,0.060287541857477533,DHX36KO,5UTR,none,16000
12,-1443.0379746835442,3.3143173809450843,0.060499927668809385,DHX36KO,5UTR,none,16000
13,-1392.4050632911392,3.304976383843868,0.061668802824928266,DHX36KO,5UTR,none,16000
14,-1341.7721518987341,3.2994325045485366,0.06209019229304528,DHX36KO,5UTR,none,16000
15,-1291.139240506329,3.283796515484714,0.0627845692664147,DHX36KO,5UTR,none,16000
16,-1240.506329113924,3.280063887946757,0.06258186944544776,DHX36KO,5UTR,none,16000
17,-1189.873417721519,3.2659317439744213,0.06186351368166975,DHX36KO,5UTR,none,16000
18,-1139.240506329114,3.2276263978932263,0.05908084078858223,DHX36KO,5UTR,none,16000
19,-1088.607594936709,3.1770949462700395,0.055210192380267614,DHX36KO,5UTR,none,16000
20,-1037.9746835443038,3.1346647665479614,0.05315254774700849,DHX36KO,5UTR,none,16000
21,-987.3417721518988,3.081566380835992,0.0519020758868302,DHX36KO,5UTR,none,16000
22,-936.7088607594937,3.016909100581163,0.050147189460762596,DHX36KO,5UTR,none,16000
23,-886.0759493670887,2.9561874645719644,0.04807752311380541,DHX36KO,5UTR,none,16000
24,-835.4430379746836,2.9031399881440874,0.0463624250339358,DHX36KO,5UTR,none,16000
25,-784.8101265822784,2.853412653808485,0.044450478092107955,DHX36KO,5UTR,none,16000
26,-734.1772151898733,2.782982638371327,0.04235828027102263,DHX36KO,5UTR,none,16000
27,-683.5443037974683,2.7070088800718026,0.040519802602708974,DHX36KO,5UTR,none,16000
28,-632.9113924050632,2.642134619723178,0.03783400751050718,DHX36KO,5UTR,none,16000
29,-582.2784810126582,2.5639724276424047,0.034064934167415684,DHX36KO,5UTR,none,16000
30,-531.6455696202531,2.484395020449465,0.03041649875971297,DHX36KO,5UTR,none,16000
31,-481.0126582278481,2.4056880662704043,0.02734336170613045,DHX36KO,5UTR,none,16000
32,-430.37974683544303,2.3264238290814876,0.024972103370343605,DHX36KO,5UTR,none,16000
33,-379.746835443038,2.253831046251587,0.02307404296129485,DHX36KO,5UTR,none,16000
34,-329.11392405063293,2.192335800247931,0.021480865177563317,DHX36KO,5UTR,none,16000
35,-278.4810126582279,2.15416667507561,0.020193800436675114,DHX36KO,5UTR,none,16000
36,-227.84810126582283,2.12387499917189,0.018844336459420564,DHX36KO,5UTR,none,16000
37,-177.21518987341778,2.1029673668531865,0.017879652773994996,DHX36KO,5UTR,none,16000
38,-126.58227848101274,2.080124590543858,0.01722574281995983,DHX36KO,5UTR,none,16000
39,-75.94936708860769,2.0478887121513423,0.01666488166657049,DHX36KO,5UTR,none,16000
40,-25.316455696202638,2.0303071087455526,0.016370240344240936,DHX36KO,5UTR,none,16000
41,25.31645569620241,2.022572189599321,0.01637182750200241,DHX36KO,5UTR,none,16000
42,75.94936708860769,2.0335469243358806,0.01666466255837329,DHX36KO,5UTR,none,16000
43,126.58227848101251,2.0499739952529477,0.017193766983162453,DHX36KO,5UTR,none,16000
44,177.21518987341778,2.0740023938638843,0.017847963932124768,DHX36KO,5UTR,none,16000
45,227.8481012658226,2.11106739784392,0.01868931854606271,DHX36KO,5UTR,none,16000
46,278.4810126582279,2.147889312476123,0.019904798958525618,DHX36KO,5UTR,none,16000
47,329.1139240506327,2.200833670445285,0.021943689399465706,DHX36KO,5UTR,none,16000
48,379.746835443038,2.257149927739238,0.02409006199507071,DHX36KO,5UTR,none,16000
49,430.37974683544326,2.311580215575689,0.026921244094505137,DHX36KO,5UTR,none,16000
50,481.0126582278481,2.360541466024631,0.02873921300734578,DHX36KO,5UTR,none,16000
51,531.6455696202534,2.405628133596119,0.02947068770440259,DHX36KO,5UTR,none,16000
52,582.2784810126582,2.46127551578955,0.03112702461048051,DHX36KO,5UTR,none,16000
53,632.9113924050635,2.5220751371844825,0.0331533342395341,DHX36KO,5UTR,none,16000
54,683.5443037974683,2.5899640263021855,0.035226758918360156,DHX36KO,5UTR,none,16000
55,734.1772151898736,2.6614040402003982,0.038197424809880254,DHX36KO,5UTR,none,16000
56,784.8101265822784,2.7371278543510265,0.04331024426960988,DHX36KO,5UTR,none,16000
57,835.4430379746836,2.8145016255357747,0.0474743870819439,DHX36KO,5UTR,none,16000
58,886.0759493670885,2.875035956198675,0.05108539500407846,DHX36KO,5UTR,none,16000
59,936.7088607594937,2.944477816749738,0.05362059630148018,DHX36KO,5UTR,none,16000
60,987.3417721518986,2.9898333388063087,0.0532364639643892,DHX36KO,5UTR,none,16000
61,1037.9746835443038,3.027981878618741,0.05400724214802744,DHX36KO,5UTR,none,16000
62,1088.6075949367087,3.0564037249487765,0.05538119164459196,DHX36KO,5UTR,none,16000
63,1139.240506329114,3.0874224412154705,0.0560264749836877,DHX36KO,5UTR,none,16000
64,1189.8734177215188,3.1153719807141846,0.057601609538747545,DHX36KO,5UTR,none,16000
65,1240.506329113924,3.1508520821664936,0.058455170477604936,DHX36KO,5UTR,none,16000
66,1291.1392405063293,3.1773543143995107,0.05880977323212024,DHX36KO,5UTR,none,16000
67,1341.7721518987341,3.198579671570987,0.05911495818014847,DHX36KO,5UTR,none,16000
68,1392.4050632911394,3.199772871608077,0.058747867046793426,DHX36KO,5UTR,none,16000
69,1443.0379746835442,3.209585605723044,0.05882688125374346,DHX36KO,5UTR,none,16000
70,1493.6708860759495,3.2257485800293235,0.059974602643726144,DHX36KO,5UTR,none,16000
71,1544.3037974683543,3.2463471480494186,0.06192690617747541,DHX36KO,5UTR,none,16000
72,1594.9367088607596,3.2686725564425183,0.06294768795499166,DHX36KO,5UTR,none,16000
73,1645.5696202531644,3.294299772630567,0.06375855085514702,DHX36KO,5UTR,none,16000
74,1696.2025316455697,3.3022410906339115,0.06278063358359932,DHX36KO,5UTR,none,16000
75,1746.8354430379745,3.309413350854266,0.06265330588507283,DHX36KO,5UTR,none,16000
76,1797.4683544303798,3.3200418177403432,0.06342957338887188,DHX36KO,5UTR,none,16000
77,1848.1012658227846,3.3344905369876288,0.06364659796547165,DHX36KO,5UTR,none,16000
78,1898.73417721519,3.364209323501583,0.06552784129941638,DHX36KO,5UTR,none,16000
79,1949.3670886075947,3.370751006637537,0.06525805224539466,DHX36KO,5UTR,none,16000
80,2000,3.3833685725882496,0.06561975070775952,DHX36KO,5UTR,none,16000
1,-2000,5.6509582965175875,0.13911414475007244,DHX36KO,intron1,parallel,7766
2,-1949.367088607595,5.715524093204224,0.14066604326183726,DHX36KO,intron1,parallel,7766
3,-1898.73417721519,5.681747792595722,0.14043270778957206,DHX36KO,intron1,parallel,7766
4,-1848.1012658227849,5.641165182204479,0.13728388456073487,DHX36KO,intron1,parallel,7766
5,-1797.4683544303798,5.6192212255919625,0.13207041739077588,DHX36KO,intron1,parallel,7766
6,-1746.8354430379748,5.641555257697649,0.1289465813909493,DHX36KO,intron1,parallel,7766
7,-1696.2025316455697,5.684483207904767,0.12982922600036587,DHX36KO,intron1,parallel,7766
8,-1645.5696202531644,5.736146069437928,0.1339374833981583,DHX36KO,intron1,parallel,7766
9,-1594.9367088607596,5.860361213193798,0.14093116255777755,DHX36KO,intron1,parallel,7766
10,-1544.3037974683543,5.981547803202251,0.15008493187720184,DHX36KO,intron1,parallel,7766
11,-1493.6708860759495,6.050784903810161,0.1581690153302078,DHX36KO,intron1,parallel,7766
12,-1443.0379746835442,6.098389971301079,0.1629519085732846,DHX36KO,intron1,parallel,7766
13,-1392.4050632911392,6.1433386075672685,0.16564586022829644,DHX36KO,intron1,parallel,7766
14,-1341.7721518987341,6.200431541148987,0.1660666476719812,DHX36KO,intron1,parallel,7766
15,-1291.139240506329,6.189102621434,0.16066738027021374,DHX36KO,intron1,parallel,7766
16,-1240.506329113924,6.202236849183903,0.15582520903643118,DHX36KO,intron1,parallel,7766
17,-1189.873417721519,6.238723783866256,0.1526610116675688,DHX36KO,intron1,parallel,7766
18,-1139.240506329114,6.343068947027001,0.15392210223935726,DHX36KO,intron1,parallel,7766
19,-1088.607594936709,6.421443790332556,0.15713919670595372,DHX36KO,intron1,parallel,7766
20,-1037.9746835443038,6.487188257358854,0.1589885391991538,DHX36KO,intron1,parallel,7766
21,-987.3417721518988,6.533428593546508,0.16018954844040795,DHX36KO,intron1,parallel,7766
22,-936.7088607594937,6.584218937099845,0.16015119777281192,DHX36KO,intron1,parallel,7766
23,-886.0759493670887,6.6129240262889075,0.1593464320151119,DHX36KO,intron1,parallel,7766
24,-835.4430379746836,6.638426617283055,0.1601220211173682,DHX36KO,intron1,parallel,7766
25,-784.8101265822784,6.68477673295711,0.16138435391627154,DHX36KO,intron1,parallel,7766
26,-734.1772151898733,6.719656729796524,0.16082171728919167,DHX36KO,intron1,parallel,7766
27,-683.5443037974683,6.786891185724947,0.15972833417692542,DHX36KO,intron1,parallel,7766
28,-632.9113924050632,6.840669925590576,0.15812603694467456,DHX36KO,intron1,parallel,7766
29,-582.2784810126582,6.844417719588238,0.15517425383466407,DHX36KO,intron1,parallel,7766
30,-531.6455696202531,6.841914782544371,0.15259398408238997,DHX36KO,intron1,parallel,7766
31,-481.0126582278481,6.887054890289011,0.1548349658254738,DHX36KO,intron1,parallel,7766
32,-430.37974683544303,6.956618929388431,0.15857717616662884,DHX36KO,intron1,parallel,7766
33,-379.746835443038,6.9691008180875675,0.16022266649808745,DHX36KO,intron1,parallel,7766
34,-329.11392405063293,6.952018771607002,0.16192207036719738,DHX36KO,intron1,parallel,7766
35,-278.4810126582279,6.949445314754262,0.16449963961780484,DHX36KO,intron1,parallel,7766
36,-227.84810126582283,6.955358566251863,0.16481073640003369,DHX36KO,intron1,parallel,7766
37,-177.21518987341778,6.9483587639052855,0.16441400578013143,DHX36KO,intron1,parallel,7766
38,-126.58227848101274,6.931495386333115,0.16543721955670468,DHX36KO,intron1,parallel,7766
39,-75.94936708860769,6.879292798233355,0.1650289504398204,DHX36KO,intron1,parallel,7766
40,-25.316455696202638,6.840199580154702,0.16673973693380148,DHX36KO,intron1,parallel,7766
41,25.31645569620241,6.807452186616319,0.1662150382423471,DHX36KO,intron1,parallel,7766
42,75.94936708860769,6.783994364002885,0.16564347283091674,DHX36KO,intron1,parallel,7766
43,126.58227848101251,6.7649623890532595,0.16079361115333052,DHX36KO,intron1,parallel,7766
44,177.21518987341778,6.7774755001285065,0.15657461876688675,DHX36KO,intron1,parallel,7766
45,227.8481012658226,6.764646017902327,0.1564142734272319,DHX36KO,intron1,parallel,7766
46,278.4810126582279,6.744466224804754,0.1612724558609186,DHX36KO,intron1,parallel,7766
47,329.1139240506327,6.709530018467239,0.16366630629697096,DHX36KO,intron1,parallel,7766
48,379.746835443038,6.64423167055897,0.1612200936334409,DHX36KO,intron1,parallel,7766
49,430.37974683544326,6.555454808517079,0.15978612693836589,DHX36KO,intron1,parallel,7766
50,481.0126582278481,6.452511592465866,0.15539987411479947,DHX36KO,intron1,parallel,7766
51,531.6455696202534,6.4001727970673485,0.15401126591858869,DHX36KO,intron1,parallel,7766
52,582.2784810126582,6.366506064868667,0.15537025281738157,DHX36KO,intron1,parallel,7766
53,632.9113924050635,6.328394383810264,0.15640748185479947,DHX36KO,intron1,parallel,7766
54,683.5443037974683,6.253778035383653,0.15244027422100606,DHX36KO,intron1,parallel,7766
55,734.1772151898736,6.167304617631731,0.14755699696072774,DHX36KO,intron1,parallel,7766
56,784.8101265822784,6.092024148187368,0.14626361739212423,DHX36KO,intron1,parallel,7766
57,835.4430379746836,5.991621716215391,0.14407089516222366,DHX36KO,intron1,parallel,7766
58,886.0759493670885,5.89105576577151,0.14125340769741282,DHX36KO,intron1,parallel,7766
59,936.7088607594937,5.827958626992222,0.13839967061733865,DHX36KO,intron1,parallel,7766
60,987.3417721518986,5.777864762077476,0.1349228683224626,DHX36KO,intron1,parallel,7766
61,1037.9746835443038,5.724090822667602,0.13263766201743826,DHX36KO,intron1,parallel,7766
62,1088.6075949367087,5.703792593767739,0.1319233020628901,DHX36KO,intron1,parallel,7766
63,1139.240506329114,5.6906740189206495,0.13203157831637305,DHX36KO,intron1,parallel,7766
64,1189.8734177215188,5.647520513290683,0.12953119548992797,DHX36KO,intron1,parallel,7766
65,1240.506329113924,5.615187414479528,0.1272587585910626,DHX36KO,intron1,parallel,7766
66,1291.1392405063293,5.611550799892311,0.12617418524338264,DHX36KO,intron1,parallel,7766
67,1341.7721518987341,5.600779992661892,0.1284573887679832,DHX36KO,intron1,parallel,7766
68,1392.4050632911394,5.59339961471655,0.13075554941047088,DHX36KO,intron1,parallel,7766
69,1443.0379746835442,5.549753497562057,0.13260987111519743,DHX36KO,intron1,parallel,7766
70,1493.6708860759495,5.516487790706772,0.13481152985309383,DHX36KO,intron1,parallel,7766
71,1544.3037974683543,5.4906727968607765,0.13594840888510074,DHX36KO,intron1,parallel,7766
72,1594.9367088607596,5.484905038521478,0.1414426223569402,DHX36KO,intron1,parallel,7766
73,1645.5696202531644,5.456224917655278,0.1505250058336976,DHX36KO,intron1,parallel,7766
74,1696.2025316455697,5.380289093401005,0.151507791495008,DHX36KO,intron1,parallel,7766
75,1746.8354430379745,5.342293783551951,0.14819391822464448,DHX36KO,intron1,parallel,7766
76,1797.4683544303798,5.256560291564867,0.1351863472194532,DHX36KO,intron1,parallel,7766
77,1848.1012658227846,5.224148257997417,0.12599243774012228,DHX36KO,intron1,parallel,7766
78,1898.73417721519,5.221545717267992,0.12382184489846461,DHX36KO,intron1,parallel,7766
79,1949.3670886075947,5.217263542044591,0.12374930938046942,DHX36KO,intron1,parallel,7766
80,2000,5.259916127942869,0.12506774031603876,DHX36KO,intron1,parallel,7766
1,-2000,5.614801233296103,0.48450215732996404,DHX36KO,intron1,antiparallel,710
2,-1949.367088607595,5.711606742537637,0.5459572303562734,DHX36KO,intron1,antiparallel,710
3,-1898.73417721519,5.9517906004946,0.6170957979197705,DHX36KO,intron1,antiparallel,710
4,-1848.1012658227849,6.21354450986307,0.7075912084870924,DHX36KO,intron1,antiparallel,710
5,-1797.4683544303798,6.329585485929615,0.8119182474118166,DHX36KO,intron1,antiparallel,710
6,-1746.8354430379748,6.395730657625646,0.8658050759045217,DHX36KO,intron1,antiparallel,710
7,-1696.2025316455697,6.453763174481235,0.9808963658949,DHX36KO,intron1,antiparallel,710
8,-1645.5696202531644,6.470135358598871,1.0633186673378818,DHX36KO,intron1,antiparallel,710
9,-1594.9367088607596,6.421596508222007,1.1079665039337163,DHX36KO,intron1,antiparallel,710
10,-1544.3037974683543,6.425189803021614,1.0855844881135273,DHX36KO,intron1,antiparallel,710
11,-1493.6708860759495,6.51889308549093,1.0633273672335228,DHX36KO,intron1,antiparallel,710
12,-1443.0379746835442,6.5922799093219595,1.017540183761653,DHX36KO,intron1,antiparallel,710
13,-1392.4050632911392,6.550465676127465,0.9291039273393816,DHX36KO,intron1,antiparallel,710
14,-1341.7721518987341,6.517978917947957,0.8815439482570467,DHX36KO,intron1,antiparallel,710
15,-1291.139240506329,6.4206223833751235,0.798133548785652,DHX36KO,intron1,antiparallel,710
16,-1240.506329113924,6.313421160430416,0.7421279976861401,DHX36KO,intron1,antiparallel,710
17,-1189.873417721519,6.220152252164805,0.7037807593861607,DHX36KO,intron1,antiparallel,710
18,-1139.240506329114,6.213547677398288,0.6816225209140923,DHX36KO,intron1,antiparallel,710
19,-1088.607594936709,6.195196504356716,0.6276685852916388,DHX36KO,intron1,antiparallel,710
20,-1037.9746835443038,6.116555982860601,0.577993057189142,DHX36KO,intron1,antiparallel,710
21,-987.3417721518988,6.0497184408584115,0.5114694862831073,DHX36KO,intron1,antiparallel,710
22,-936.7088607594937,5.937601939323363,0.47470075274217144,DHX36KO,intron1,antiparallel,710
23,-886.0759493670887,5.890382950872323,0.4676365936334614,DHX36KO,intron1,antiparallel,710
24,-835.4430379746836,5.789959946511497,0.4641573457230347,DHX36KO,intron1,antiparallel,710
25,-784.8101265822784,5.799587301031525,0.45403194049582213,DHX36KO,intron1,antiparallel,710
26,-734.1772151898733,5.883521538004629,0.48575351301116376,DHX36KO,intron1,antiparallel,710
27,-683.5443037974683,5.9550415680083875,0.5097994685030472,DHX36KO,intron1,antiparallel,710
28,-632.9113924050632,5.990737232821648,0.5022706460265336,DHX36KO,intron1,antiparallel,710
29,-582.2784810126582,6.0148010243485235,0.48137507940322194,DHX36KO,intron1,antiparallel,710
30,-531.6455696202531,6.054591625331153,0.4728049059600906,DHX36KO,intron1,antiparallel,710
31,-481.0126582278481,6.073389030824805,0.47215765614396005,DHX36KO,intron1,antiparallel,710
32,-430.37974683544303,6.13757159247085,0.4879581119401842,DHX36KO,intron1,antiparallel,710
33,-379.746835443038,6.3289980083284245,0.5104137761187597,DHX36KO,intron1,antiparallel,710
34,-329.11392405063293,6.438384498035404,0.5189145068888017,DHX36KO,intron1,antiparallel,710
35,-278.4810126582279,6.498436862294103,0.5448499059649318,DHX36KO,intron1,antiparallel,710
36,-227.84810126582283,6.487512504035878,0.543214216584326,DHX36KO,intron1,antiparallel,710
37,-177.21518987341778,6.305203883192349,0.5339911991819362,DHX36KO,intron1,antiparallel,710
38,-126.58227848101274,6.1192731559780285,0.5148348084285045,DHX36KO,intron1,antiparallel,710
39,-75.94936708860769,6.064448567041209,0.4791820110821218,DHX36KO,intron1,antiparallel,710
40,-25.316455696202638,5.896995292731853,0.4496508397382374,DHX36KO,intron1,antiparallel,710
41,25.31645569620241,5.69276422973306,0.3950359213045263,DHX36KO,intron1,antiparallel,710
42,75.94936708860769,5.554995763043283,0.35709568839958633,DHX36KO,intron1,antiparallel,710
43,126.58227848101251,5.477881641325257,0.3443011991138975,DHX36KO,intron1,antiparallel,710
44,177.21518987341778,5.47379031141599,0.34028044060227797,DHX36KO,intron1,antiparallel,710
45,227.8481012658226,5.601043197884806,0.3538191076817709,DHX36KO,intron1,antiparallel,710
46,278.4810126582279,5.677432662293385,0.36467324814388347,DHX36KO,intron1,antiparallel,710
47,329.1139240506327,5.640720650033772,0.36179639572972766,DHX36KO,intron1,antiparallel,710
48,379.746835443038,5.68762608907816,0.3724921639217366,DHX36KO,intron1,antiparallel,710
49,430.37974683544326,5.719091822880534,0.39763072878388334,DHX36KO,intron1,antiparallel,710
50,481.0126582278481,5.633445827660986,0.4100505704310103,DHX36KO,intron1,antiparallel,710
51,531.6455696202534,5.680726930719026,0.43267359628814467,DHX36KO,intron1,antiparallel,710
52,582.2784810126582,5.651639588733234,0.4253135160502566,DHX36KO,intron1,antiparallel,710
53,632.9113924050635,5.541737808761463,0.4010123701406112,DHX36KO,intron1,antiparallel,710
54,683.5443037974683,5.41619536270446,0.3694483311417681,DHX36KO,intron1,antiparallel,710
55,734.1772151898736,5.391086489105448,0.3565751614344349,DHX36KO,intron1,antiparallel,710
56,784.8101265822784,5.3475623469654945,0.3526701229471087,DHX36KO,intron1,antiparallel,710
57,835.4430379746836,5.26062691381056,0.3461216905010733,DHX36KO,intron1,antiparallel,710
58,886.0759493670885,5.196826340166056,0.33675128357295003,DHX36KO,intron1,antiparallel,710
59,936.7088607594937,5.098928774247147,0.3332119373064363,DHX36KO,intron1,antiparallel,710
60,987.3417721518986,4.967349686995359,0.3305792408165831,DHX36KO,intron1,antiparallel,710
61,1037.9746835443038,4.892740966655839,0.32937389815664997,DHX36KO,intron1,antiparallel,710
62,1088.6075949367087,4.782538541011407,0.32286971329056685,DHX36KO,intron1,antiparallel,710
63,1139.240506329114,4.723939389074353,0.32441828425362224,DHX36KO,intron1,antiparallel,710
64,1189.8734177215188,4.714517231007697,0.3451794798263124,DHX36KO,intron1,antiparallel,710
65,1240.506329113924,4.7511933202732335,0.3585371754995316,DHX36KO,intron1,antiparallel,710
66,1291.1392405063293,4.740945051708132,0.34733380451197543,DHX36KO,intron1,antiparallel,710
67,1341.7721518987341,4.709295620517552,0.3304430411721863,DHX36KO,intron1,antiparallel,710
68,1392.4050632911394,4.623671513707425,0.3258478069774055,DHX36KO,intron1,antiparallel,710
69,1443.0379746835442,4.655858066631595,0.32982355410731506,DHX36KO,intron1,antiparallel,710
70,1493.6708860759495,4.7216384339444515,0.3608771162073568,DHX36KO,intron1,antiparallel,710
71,1544.3037974683543,4.649091303514203,0.3577367317453751,DHX36KO,intron1,antiparallel,710
72,1594.9367088607596,4.549056160768992,0.3534321115989757,DHX36KO,intron1,antiparallel,710
73,1645.5696202531644,4.362168027496114,0.3317317573823428,DHX36KO,intron1,antiparallel,710
74,1696.2025316455697,4.3241845939181784,0.31401718328270306,DHX36KO,intron1,antiparallel,710
75,1746.8354430379745,4.337250391684788,0.32382232146616885,DHX36KO,intron1,antiparallel,710
76,1797.4683544303798,4.489132980484358,0.39211250842193096,DHX36KO,intron1,antiparallel,710
77,1848.1012658227846,4.618089338105609,0.4611639988179709,DHX36KO,intron1,antiparallel,710
78,1898.73417721519,4.706966475391612,0.494925498144164,DHX36KO,intron1,antiparallel,710
79,1949.3670886075947,4.760199608634895,0.46453588426796255,DHX36KO,intron1,antiparallel,710
80,2000,4.79537847791927,0.43648863475217636,DHX36KO,intron1,antiparallel,710
1,-2000,5.06547165416827,0.3166933270772307,DHX36KO,intron1,hybrid,1092
2,-1949.367088607595,5.074052450471308,0.3182671495367643,DHX36KO,intron1,hybrid,1092
3,-1898.73417721519,5.260222009213707,0.33166498915479353,DHX36KO,intron1,hybrid,1092
4,-1848.1012658227849,5.447926713448741,0.348622072572066,DHX36KO,intron1,hybrid,1092
5,-1797.4683544303798,5.578464635919157,0.35208280244698625,DHX36KO,intron1,hybrid,1092
6,-1746.8354430379748,5.657491551596895,0.3582797891481532,DHX36KO,intron1,hybrid,1092
7,-1696.2025316455697,5.578720107452628,0.36667291931214036,DHX36KO,intron1,hybrid,1092
8,-1645.5696202531644,5.579165330155865,0.3807755443539977,DHX36KO,intron1,hybrid,1092
9,-1594.9367088607596,5.586207393949285,0.39434824488250214,DHX36KO,intron1,hybrid,1092
10,-1544.3037974683543,5.582802181937464,0.3983919574758829,DHX36KO,intron1,hybrid,1092
11,-1493.6708860759495,5.597480683535593,0.40247669705607736,DHX36KO,intron1,hybrid,1092
12,-1443.0379746835442,5.604756780374473,0.39581992142038186,DHX36KO,intron1,hybrid,1092
13,-1392.4050632911392,5.599447306396033,0.38720420043870973,DHX36KO,intron1,hybrid,1092
14,-1341.7721518987341,5.721175733435722,0.39283084981924415,DHX36KO,intron1,hybrid,1092
15,-1291.139240506329,5.8217110373758425,0.39559027293909793,DHX36KO,intron1,hybrid,1092
16,-1240.506329113924,5.798736008525768,0.36501159686157436,DHX36KO,intron1,hybrid,1092
17,-1189.873417721519,5.891303417303478,0.3500388644634164,DHX36KO,intron1,hybrid,1092
18,-1139.240506329114,6.102662100096907,0.3747761723845621,DHX36KO,intron1,hybrid,1092
19,-1088.607594936709,6.3533895009210255,0.41759767013693433,DHX36KO,intron1,hybrid,1092
20,-1037.9746835443038,6.667860095701812,0.48039365584404525,DHX36KO,intron1,hybrid,1092
21,-987.3417721518988,6.807020329108896,0.504341852814432,DHX36KO,intron1,hybrid,1092
22,-936.7088607594937,6.938377861237206,0.5065257034142886,DHX36KO,intron1,hybrid,1092
23,-886.0759493670887,7.000048059408481,0.49383765327377466,DHX36KO,intron1,hybrid,1092
24,-835.4430379746836,6.9876083912641285,0.4595892711216258,DHX36KO,intron1,hybrid,1092
25,-784.8101265822784,6.995767599360993,0.46207401375122187,DHX36KO,intron1,hybrid,1092
26,-734.1772151898733,7.079025625914007,0.4866214204901812,DHX36KO,intron1,hybrid,1092
27,-683.5443037974683,7.287682099431135,0.5134230722508208,DHX36KO,intron1,hybrid,1092
28,-632.9113924050632,7.324983559806123,0.5156259722169436,DHX36KO,intron1,hybrid,1092
29,-582.2784810126582,7.21668798690605,0.48643408604702443,DHX36KO,intron1,hybrid,1092
30,-531.6455696202531,7.052911935887494,0.4464226189497785,DHX36KO,intron1,hybrid,1092
31,-481.0126582278481,7.049958074739128,0.4421442132737338,DHX36KO,intron1,hybrid,1092
32,-430.37974683544303,7.017611795652917,0.4439866323939111,DHX36KO,intron1,hybrid,1092
33,-379.746835443038,7.044712812651644,0.44678392507573556,DHX36KO,intron1,hybrid,1092
34,-329.11392405063293,7.071119892810436,0.44757539749883385,DHX36KO,intron1,hybrid,1092
35,-278.4810126582279,7.060756887760792,0.4657027493252927,DHX36KO,intron1,hybrid,1092
36,-227.84810126582283,7.076814064104769,0.48982603144414305,DHX36KO,intron1,hybrid,1092
37,-177.21518987341778,7.139190815628957,0.5053751822991926,DHX36KO,intron1,hybrid,1092
38,-126.58227848101274,7.143447595801982,0.48524742063668574,DHX36KO,intron1,hybrid,1092
39,-75.94936708860769,7.130515123263675,0.4603509735528627,DHX36KO,intron1,hybrid,1092
40,-25.316455696202638,7.04550064010789,0.43324088887100864,DHX36KO,intron1,hybrid,1092
41,25.31645569620241,7.028429372096673,0.42249699883501346,DHX36KO,intron1,hybrid,1092
42,75.94936708860769,7.041479482228648,0.42483040945438455,DHX36KO,intron1,hybrid,1092
43,126.58227848101251,6.970025770157685,0.4172654692580401,DHX36KO,intron1,hybrid,1092
44,177.21518987341778,6.878791907772476,0.4021112498095395,DHX36KO,intron1,hybrid,1092
45,227.8481012658226,6.930355307805524,0.41946540718772135,DHX36KO,intron1,hybrid,1092
46,278.4810126582279,6.964240076223136,0.4328894596195551,DHX36KO,intron1,hybrid,1092
47,329.1139240506327,7.047254482749326,0.44513248840371944,DHX36KO,intron1,hybrid,1092
48,379.746835443038,7.163934497899479,0.4540104233029202,DHX36KO,intron1,hybrid,1092
49,430.37974683544326,7.31104447682553,0.4808200595943592,DHX36KO,intron1,hybrid,1092
50,481.0126582278481,7.362824977682915,0.512108027227187,DHX36KO,intron1,hybrid,1092
51,531.6455696202534,7.450388045738177,0.5372470100824951,DHX36KO,intron1,hybrid,1092
52,582.2784810126582,7.571032411524519,0.5694990490353554,DHX36KO,intron1,hybrid,1092
53,632.9113924050635,7.714193891708231,0.5982427260564991,DHX36KO,intron1,hybrid,1092
54,683.5443037974683,7.794760344890157,0.6223073409001827,DHX36KO,intron1,hybrid,1092
55,734.1772151898736,7.8439014694695075,0.6396807269599383,DHX36KO,intron1,hybrid,1092
56,784.8101265822784,7.88686270330779,0.6521656176947516,DHX36KO,intron1,hybrid,1092
57,835.4430379746836,7.904561646430775,0.6532251112340395,DHX36KO,intron1,hybrid,1092
58,886.0759493670885,7.805913936640608,0.6373028334622477,DHX36KO,intron1,hybrid,1092
59,936.7088607594937,7.661291636930135,0.6004947433358948,DHX36KO,intron1,hybrid,1092
60,987.3417721518986,7.456862304181552,0.5511050063459643,DHX36KO,intron1,hybrid,1092
61,1037.9746835443038,7.108277981405002,0.5054294872110064,DHX36KO,intron1,hybrid,1092
62,1088.6075949367087,6.734392995895484,0.47504368401423835,DHX36KO,intron1,hybrid,1092
63,1139.240506329114,6.501694085972067,0.4689697371751526,DHX36KO,intron1,hybrid,1092
64,1189.8734177215188,6.478757143212762,0.49290876291059404,DHX36KO,intron1,hybrid,1092
65,1240.506329113924,6.277533866383218,0.4844837535765905,DHX36KO,intron1,hybrid,1092
66,1291.1392405063293,6.128844563609515,0.46349099780934044,DHX36KO,intron1,hybrid,1092
67,1341.7721518987341,5.966348053845002,0.43581857971437027,DHX36KO,intron1,hybrid,1092
68,1392.4050632911394,5.734226441703582,0.38975273858126097,DHX36KO,intron1,hybrid,1092
69,1443.0379746835442,5.517718769509131,0.34926270994862185,DHX36KO,intron1,hybrid,1092
70,1493.6708860759495,5.407620537390202,0.3372406023382969,DHX36KO,intron1,hybrid,1092
71,1544.3037974683543,5.342674723363621,0.32486539717356666,DHX36KO,intron1,hybrid,1092
72,1594.9367088607596,5.315539324386216,0.3085000617232014,DHX36KO,intron1,hybrid,1092
73,1645.5696202531644,5.219220676655007,0.3041355700977945,DHX36KO,intron1,hybrid,1092
74,1696.2025316455697,5.17064046277668,0.3176176383822704,DHX36KO,intron1,hybrid,1092
75,1746.8354430379745,5.109099330987977,0.32788328508199693,DHX36KO,intron1,hybrid,1092
76,1797.4683544303798,5.0703815552304805,0.34401739940112946,DHX36KO,intron1,hybrid,1092
77,1848.1012658227846,5.100842413780745,0.3757420783526338,DHX36KO,intron1,hybrid,1092
78,1898.73417721519,5.206523408674349,0.40517214803590534,DHX36KO,intron1,hybrid,1092
79,1949.3670886075947,5.274110348913114,0.40655280100301733,DHX36KO,intron1,hybrid,1092
80,2000,5.361494024963606,0.40308037639972316,DHX36KO,intron1,hybrid,1092
1,-2000,2.928697055570483,0.0670092546935065,DHX36KO,intron1,none,12787
2,-1949.367088607595,2.910203049466141,0.06661365197015841,DHX36KO,intron1,none,12787
3,-1898.73417721519,2.895623925210203,0.06754402434645757,DHX36KO,intron1,none,12787
4,-1848.1012658227849,2.8586979813883455,0.06721239798726952,DHX36KO,intron1,none,12787
5,-1797.4683544303798,2.8157813039982886,0.0649836490880877,DHX36KO,intron1,none,12787
6,-1746.8354430379748,2.7956838812910716,0.06224534949897279,DHX36KO,intron1,none,12787
7,-1696.2025316455697,2.773893545739699,0.06214429911448302,DHX36KO,intron1,none,12787
8,-1645.5696202531644,2.75772102869789,0.061966970209863526,DHX36KO,intron1,none,12787
9,-1594.9367088607596,2.7221013120785607,0.05989366504825378,DHX36KO,intron1,none,12787
10,-1544.3037974683543,2.6836677098211994,0.05745288575683683,DHX36KO,intron1,none,12787
11,-1493.6708860759495,2.6372107244257386,0.055060549250819935,DHX36KO,intron1,none,12787
12,-1443.0379746835442,2.6086032814489983,0.05284371135792551,DHX36KO,intron1,none,12787
13,-1392.4050632911392,2.580318308709717,0.05052017579198637,DHX36KO,intron1,none,12787
14,-1341.7721518987341,2.550421692219555,0.04906612268957668,DHX36KO,intron1,none,12787
15,-1291.139240506329,2.520240179906484,0.048603145428300173,DHX36KO,intron1,none,12787
16,-1240.506329113924,2.478303215211419,0.047265494306990403,DHX36KO,intron1,none,12787
17,-1189.873417721519,2.428622924075459,0.04593808255324819,DHX36KO,intron1,none,12787
18,-1139.240506329114,2.3867618977568874,0.04455272111731541,DHX36KO,intron1,none,12787
19,-1088.607594936709,2.3548399428112985,0.04362352079802379,DHX36KO,intron1,none,12787
20,-1037.9746835443038,2.3278166368020297,0.043022700902565186,DHX36KO,intron1,none,12787
21,-987.3417721518988,2.2822673194661167,0.04187894947129745,DHX36KO,intron1,none,12787
22,-936.7088607594937,2.23578028906315,0.03897372891063326,DHX36KO,intron1,none,12787
23,-886.0759493670887,2.1957852020590924,0.03682939514845016,DHX36KO,intron1,none,12787
24,-835.4430379746836,2.158041927654343,0.03353232954869795,DHX36KO,intron1,none,12787
25,-784.8101265822784,2.107150958847333,0.030016368573475047,DHX36KO,intron1,none,12787
26,-734.1772151898733,2.065987687624372,0.02764384879814073,DHX36KO,intron1,none,12787
27,-683.5443037974683,2.014733391508978,0.025168549024666198,DHX36KO,intron1,none,12787
28,-632.9113924050632,1.979351692239291,0.023307154727509112,DHX36KO,intron1,none,12787
29,-582.2784810126582,1.9600294566244727,0.022922839625185508,DHX36KO,intron1,none,12787
30,-531.6455696202531,1.9461680763929232,0.02226135008417585,DHX36KO,intron1,none,12787
31,-481.0126582278481,1.9208311207982143,0.020872881530397937,DHX36KO,intron1,none,12787
32,-430.37974683544303,1.8875084739308712,0.019658667591904166,DHX36KO,intron1,none,12787
33,-379.746835443038,1.8650037653205271,0.018897939422264323,DHX36KO,intron1,none,12787
34,-329.11392405063293,1.8539599259860595,0.018535732875137177,DHX36KO,intron1,none,12787
35,-278.4810126582279,1.842976397538604,0.018265581686898718,DHX36KO,intron1,none,12787
36,-227.84810126582283,1.835794941023061,0.017938140711313402,DHX36KO,intron1,none,12787
37,-177.21518987341778,1.813741472262287,0.0174570851676225,DHX36KO,intron1,none,12787
38,-126.58227848101274,1.7974336360975138,0.017079791065984194,DHX36KO,intron1,none,12787
39,-75.94936708860769,1.7870519247906358,0.016848551356548586,DHX36KO,intron1,none,12787
40,-25.316455696202638,1.7824932625190602,0.016676466064456573,DHX36KO,intron1,none,12787
41,25.31645569620241,1.78493535125676,0.016739374364966496,DHX36KO,intron1,none,12787
42,75.94936708860769,1.7863311623191953,0.016907012187688756,DHX36KO,intron1,none,12787
43,126.58227848101251,1.7968690657656117,0.01711485642056016,DHX36KO,intron1,none,12787
44,177.21518987341778,1.8147605191845022,0.017419561412329327,DHX36KO,intron1,none,12787
45,227.8481012658226,1.8333438127822024,0.017690542488376107,DHX36KO,intron1,none,12787
46,278.4810126582279,1.853933400722467,0.01800909534144403,DHX36KO,intron1,none,12787
47,329.1139240506327,1.8702780062436504,0.01836837037112297,DHX36KO,intron1,none,12787
48,379.746835443038,1.8842030528700366,0.018678192379633314,DHX36KO,intron1,none,12787
49,430.37974683544326,1.9096415808829013,0.01920570724500585,DHX36KO,intron1,none,12787
50,481.0126582278481,1.9326264830516549,0.019892578146864095,DHX36KO,intron1,none,12787
51,531.6455696202534,1.9579164124899433,0.02095359987590717,DHX36KO,intron1,none,12787
52,582.2784810126582,1.9930210048852943,0.02248220827011337,DHX36KO,intron1,none,12787
53,632.9113924050635,2.0271023153484475,0.024598365619810717,DHX36KO,intron1,none,12787
54,683.5443037974683,2.0653244718262522,0.026849275554367544,DHX36KO,intron1,none,12787
55,734.1772151898736,2.0937887925938243,0.028586583030815318,DHX36KO,intron1,none,12787
56,784.8101265822784,2.1251238060401487,0.030288324280287302,DHX36KO,intron1,none,12787
57,835.4430379746836,2.150387684755076,0.031654149833188074,DHX36KO,intron1,none,12787
58,886.0759493670885,2.18216310762863,0.033540190871488344,DHX36KO,intron1,none,12787
59,936.7088607594937,2.2145676274629116,0.03542780422694556,DHX36KO,intron1,none,12787
60,987.3417721518986,2.2545115930040693,0.038067306721123205,DHX36KO,intron1,none,12787
61,1037.9746835443038,2.3039058036322717,0.041241355486265924,DHX36KO,intron1,none,12787
62,1088.6075949367087,2.3511430825982242,0.04368250505842573,DHX36KO,intron1,none,12787
63,1139.240506329114,2.3849887788253734,0.04481242203279096,DHX36KO,intron1,none,12787
64,1189.8734177215188,2.4193079075653463,0.04661974479767718,DHX36KO,intron1,none,12787
65,1240.506329113924,2.4527235668576943,0.04791849612230442,DHX36KO,intron1,none,12787
66,1291.1392405063293,2.500611478800837,0.04976496404589689,DHX36KO,intron1,none,12787
67,1341.7721518987341,2.524811625682119,0.05071375078291282,DHX36KO,intron1,none,12787
68,1392.4050632911394,2.559270438219967,0.05207666919252753,DHX36KO,intron1,none,12787
69,1443.0379746835442,2.599082405065897,0.05301863217053474,DHX36KO,intron1,none,12787
70,1493.6708860759495,2.628862730889698,0.05410335929549843,DHX36KO,intron1,none,12787
71,1544.3037974683543,2.648361579790296,0.0561192007571811,DHX36KO,intron1,none,12787
72,1594.9367088607596,2.6665795473831855,0.060129777767924705,DHX36KO,intron1,none,12787
73,1645.5696202531644,2.684910117174261,0.06396738139617683,DHX36KO,intron1,none,12787
74,1696.2025316455697,2.7279793249363595,0.06975339936164339,DHX36KO,intron1,none,12787
75,1746.8354430379745,2.757933261331266,0.0728799873854796,DHX36KO,intron1,none,12787
76,1797.4683544303798,2.793709072086822,0.07446731051445693,DHX36KO,intron1,none,12787
77,1848.1012658227846,2.813246827370024,0.07430636369647876,DHX36KO,intron1,none,12787
78,1898.73417721519,2.8281237489911955,0.07055445787618041,DHX36KO,intron1,none,12787
79,1949.3670886075947,2.8385025073242973,0.06639208160290277,DHX36KO,intron1,none,12787
80,2000,2.842541474289057,0.06412384565738095,DHX36KO,intron1,none,12787
1,-2000,5.445962577490012,0.08062989642431222,DHX36KO,enhancer,parallel,16000
2,-1949.367088607595,5.489615726283838,0.08099173625179074,DHX36KO,enhancer,parallel,16000
3,-1898.73417721519,5.52395223574698,0.08152677885233295,DHX36KO,enhancer,parallel,16000
4,-1848.1012658227849,5.610114368794212,0.08481798056637119,DHX36KO,enhancer,parallel,16000
5,-1797.4683544303798,5.717684364230732,0.08898432394519015,DHX36KO,enhancer,parallel,16000
6,-1746.8354430379748,5.793926903495391,0.09116286679982497,DHX36KO,enhancer,parallel,16000
7,-1696.2025316455697,5.8643810423212255,0.09168223166472646,DHX36KO,enhancer,parallel,16000
8,-1645.5696202531644,5.988028082296451,0.09329481302055162,DHX36KO,enhancer,parallel,16000
9,-1594.9367088607596,6.11376728398641,0.09756325048304997,DHX36KO,enhancer,parallel,16000
10,-1544.3037974683543,6.226538737811297,0.10108192309124964,DHX36KO,enhancer,parallel,16000
11,-1493.6708860759495,6.341369101436387,0.10476602836237012,DHX36KO,enhancer,parallel,16000
12,-1443.0379746835442,6.490619643668532,0.10829052900454086,DHX36KO,enhancer,parallel,16000
13,-1392.4050632911392,6.636120309013973,0.11053390589425033,DHX36KO,enhancer,parallel,16000
14,-1341.7721518987341,6.790891130814155,0.11269406307936575,DHX36KO,enhancer,parallel,16000
15,-1291.139240506329,6.923508169779132,0.11292931009732662,DHX36KO,enhancer,parallel,16000
16,-1240.506329113924,7.068898159754922,0.11088865092762976,DHX36KO,enhancer,parallel,16000
17,-1189.873417721519,7.27049203576232,0.11470957169460634,DHX36KO,enhancer,parallel,16000
18,-1139.240506329114,7.508735843322178,0.12096635261380004,DHX36KO,enhancer,parallel,16000
19,-1088.607594936709,7.7804450059829655,0.12768036785376355,DHX36KO,enhancer,parallel,16000
20,-1037.9746835443038,8.053900714370707,0.13140625839437683,DHX36KO,enhancer,parallel,16000
21,-987.3417721518988,8.349984612907816,0.13468300041780135,DHX36KO,enhancer,parallel,16000
22,-936.7088607594937,8.647400762298505,0.13776992187929807,DHX36KO,enhancer,parallel,16000
23,-886.0759493670887,8.926680007909685,0.13969503240636938,DHX36KO,enhancer,parallel,16000
24,-835.4430379746836,9.242325964115809,0.14105416693245798,DHX36KO,enhancer,parallel,16000
25,-784.8101265822784,9.571865475492626,0.14145048386651332,DHX36KO,enhancer,parallel,16000
26,-734.1772151898733,9.908883346685569,0.1416108005253304,DHX36KO,enhancer,parallel,16000
27,-683.5443037974683,10.258807289044608,0.14082200216566654,DHX36KO,enhancer,parallel,16000
28,-632.9113924050632,10.641585546342284,0.13968840296760027,DHX36KO,enhancer,parallel,16000
29,-582.2784810126582,11.072211063522449,0.1392261989506902,DHX36KO,enhancer,parallel,16000
30,-531.6455696202531,11.491131795196484,0.13975625152449406,DHX36KO,enhancer,parallel,16000
31,-481.0126582278481,11.90265128182292,0.14174407018425708,DHX36KO,enhancer,parallel,16000
32,-430.37974683544303,12.304486269498964,0.14462074378448345,DHX36KO,enhancer,parallel,16000
33,-379.746835443038,12.689752559675178,0.14722569138257147,DHX36KO,enhancer,parallel,16000
34,-329.11392405063293,13.068795645366809,0.14801456109319955,DHX36KO,enhancer,parallel,16000
35,-278.4810126582279,13.401636529782563,0.14731444026557988,DHX36KO,enhancer,parallel,16000
36,-227.84810126582283,13.737106844511281,0.14751395335958917,DHX36KO,enhancer,parallel,16000
37,-177.21518987341778,14.058251533371557,0.14847045829947741,DHX36KO,enhancer,parallel,16000
38,-126.58227848101274,14.393318069423735,0.151003842826697,DHX36KO,enhancer,parallel,16000
39,-75.94936708860769,14.66076837134833,0.15292890635809234,DHX36KO,enhancer,parallel,16000
40,-25.316455696202638,14.838028130810459,0.15515320915370392,DHX36KO,enhancer,parallel,16000
41,25.31645569620241,14.81678236889844,0.1549577759690376,DHX36KO,enhancer,parallel,16000
42,75.94936708860769,14.657396755381674,0.15405111027043408,DHX36KO,enhancer,parallel,16000
43,126.58227848101251,14.459674689534605,0.15280401068913255,DHX36KO,enhancer,parallel,16000
44,177.21518987341778,14.219784551935941,0.15060327419018701,DHX36KO,enhancer,parallel,16000
45,227.8481012658226,13.95869651205202,0.14866507860888856,DHX36KO,enhancer,parallel,16000
46,278.4810126582279,13.644262300929377,0.14887269904278852,DHX36KO,enhancer,parallel,16000
47,329.1139240506327,13.323621071495364,0.14939654024619725,DHX36KO,enhancer,parallel,16000
48,379.746835443038,13.043689109012137,0.1511713451326515,DHX36KO,enhancer,parallel,16000
49,430.37974683544326,12.762645249195794,0.15336349360655793,DHX36KO,enhancer,parallel,16000
50,481.0126582278481,12.403555291050473,0.1551489685280154,DHX36KO,enhancer,parallel,16000
51,531.6455696202534,12.001528305404634,0.15736773729222955,DHX36KO,enhancer,parallel,16000
52,582.2784810126582,11.561165178126295,0.1581629380814248,DHX36KO,enhancer,parallel,16000
53,632.9113924050635,11.133635715963095,0.15665294816024083,DHX36KO,enhancer,parallel,16000
54,683.5443037974683,10.689536752093682,0.1540744743632174,DHX36KO,enhancer,parallel,16000
55,734.1772151898736,10.259150729408114,0.15055199504550784,DHX36KO,enhancer,parallel,16000
56,784.8101265822784,9.82383242500628,0.1463875917231158,DHX36KO,enhancer,parallel,16000
57,835.4430379746836,9.428935539759944,0.14170450774218082,DHX36KO,enhancer,parallel,16000
58,886.0759493670885,9.060625877910008,0.13708461474844102,DHX36KO,enhancer,parallel,16000
59,936.7088607594937,8.741359668958436,0.1338017974445549,DHX36KO,enhancer,parallel,16000
60,987.3417721518986,8.457212093736876,0.13139000460433112,DHX36KO,enhancer,parallel,16000
61,1037.9746835443038,8.178913673096845,0.1274198527189126,DHX36KO,enhancer,parallel,16000
62,1088.6075949367087,7.894269055184623,0.1233015319587615,DHX36KO,enhancer,parallel,16000
63,1139.240506329114,7.6409047413019335,0.12009375697330807,DHX36KO,enhancer,parallel,16000
64,1189.8734177215188,7.4083980320927,0.11622949017127697,DHX36KO,enhancer,parallel,16000
65,1240.506329113924,7.172747359873106,0.11079869772784834,DHX36KO,enhancer,parallel,16000
66,1291.1392405063293,6.987369634036968,0.10599933919032,DHX36KO,enhancer,parallel,16000
67,1341.7721518987341,6.832435664430956,0.10291201625994881,DHX36KO,enhancer,parallel,16000
68,1392.4050632911394,6.666758162707935,0.09974397626561693,DHX36KO,enhancer,parallel,16000
69,1443.0379746835442,6.538221447276821,0.0977090221590264,DHX36KO,enhancer,parallel,16000
70,1493.6708860759495,6.4374553556404015,0.09688052782612899,DHX36KO,enhancer,parallel,16000
71,1544.3037974683543,6.344124738125255,0.09984828145842287,DHX36KO,enhancer,parallel,16000
72,1594.9367088607596,6.243497165175031,0.09922641239595176,DHX36KO,enhancer,parallel,16000
73,1645.5696202531644,6.142214930292964,0.09518720104461638,DHX36KO,enhancer,parallel,16000
74,1696.2025316455697,6.0460713858937725,0.09484952221330006,DHX36KO,enhancer,parallel,16000
75,1746.8354430379745,5.9553110177654025,0.09556135825302405,DHX36KO,enhancer,parallel,16000
76,1797.4683544303798,5.911747414175322,0.09755068125506745,DHX36KO,enhancer,parallel,16000
77,1848.1012658227846,5.84336914096574,0.09652069128588009,DHX36KO,enhancer,parallel,16000
78,1898.73417721519,5.731498058671951,0.09376332040463647,DHX36KO,enhancer,parallel,16000
79,1949.3670886075947,5.652011254226118,0.09060615404124794,DHX36KO,enhancer,parallel,16000
80,2000,5.5686138413920006,0.0871452641294256,DHX36KO,enhancer,parallel,16000
1,-2000,4.582361489345354,0.19005944923245363,DHX36KO,enhancer,antiparallel,1728
2,-1949.367088607595,4.561109371392723,0.17773035012785826,DHX36KO,enhancer,antiparallel,1728
3,-1898.73417721519,4.55166576244259,0.16829890625682822,DHX36KO,enhancer,antiparallel,1728
4,-1848.1012658227849,4.5472545463495235,0.1660103982846185,DHX36KO,enhancer,antiparallel,1728
5,-1797.4683544303798,4.580980678599006,0.16752438624397561,DHX36KO,enhancer,antiparallel,1728
6,-1746.8354430379748,4.638969748689345,0.17402471517818974,DHX36KO,enhancer,antiparallel,1728
7,-1696.2025316455697,4.6600761762537335,0.17988899656579668,DHX36KO,enhancer,antiparallel,1728
8,-1645.5696202531644,4.672562884157639,0.18005296268417217,DHX36KO,enhancer,antiparallel,1728
9,-1594.9367088607596,4.757737130182853,0.1884143953592974,DHX36KO,enhancer,antiparallel,1728
10,-1544.3037974683543,4.868224381540476,0.19920150644810594,DHX36KO,enhancer,antiparallel,1728
11,-1493.6708860759495,4.980393564811919,0.2085182262333662,DHX36KO,enhancer,antiparallel,1728
12,-1443.0379746835442,5.136887692294003,0.2235499774159854,DHX36KO,enhancer,antiparallel,1728
13,-1392.4050632911392,5.339019210429655,0.2430477064799736,DHX36KO,enhancer,antiparallel,1728
14,-1341.7721518987341,5.521129582589147,0.2584432446400098,DHX36KO,enhancer,antiparallel,1728
15,-1291.139240506329,5.670139214628272,0.27383906385407275,DHX36KO,enhancer,antiparallel,1728
16,-1240.506329113924,5.863690190957285,0.281573034565577,DHX36KO,enhancer,antiparallel,1728
17,-1189.873417721519,6.144579655582338,0.2997289368096408,DHX36KO,enhancer,antiparallel,1728
18,-1139.240506329114,6.476307950929543,0.3243630950874811,DHX36KO,enhancer,antiparallel,1728
19,-1088.607594936709,6.754394114243763,0.3442602304288329,DHX36KO,enhancer,antiparallel,1728
20,-1037.9746835443038,6.981041366673638,0.3610521729450992,DHX36KO,enhancer,antiparallel,1728
21,-987.3417721518988,7.181946884138441,0.37072058732375457,DHX36KO,enhancer,antiparallel,1728
22,-936.7088607594937,7.389840458795244,0.3824676485368923,DHX36KO,enhancer,antiparallel,1728
23,-886.0759493670887,7.689723242627526,0.40278208474695887,DHX36KO,enhancer,antiparallel,1728
24,-835.4430379746836,8.030591506219848,0.4172629930871643,DHX36KO,enhancer,antiparallel,1728
25,-784.8101265822784,8.417523011920261,0.41687175548914707,DHX36KO,enhancer,antiparallel,1728
26,-734.1772151898733,8.747320935866899,0.3981679461524928,DHX36KO,enhancer,antiparallel,1728
27,-683.5443037974683,9.117410500117199,0.3847696116554458,DHX36KO,enhancer,antiparallel,1728
28,-632.9113924050632,9.597070891885663,0.38528355670785086,DHX36KO,enhancer,antiparallel,1728
29,-582.2784810126582,9.984127770678406,0.38721172595891357,DHX36KO,enhancer,antiparallel,1728
30,-531.6455696202531,10.408914998670879,0.4000058624987341,DHX36KO,enhancer,antiparallel,1728
31,-481.0126582278481,10.892795741769175,0.4187346727070925,DHX36KO,enhancer,antiparallel,1728
32,-430.37974683544303,11.38272872503019,0.4186549112018805,DHX36KO,enhancer,antiparallel,1728
33,-379.746835443038,11.860649720701723,0.4048940967387534,DHX36KO,enhancer,antiparallel,1728
34,-329.11392405063293,12.242071804984668,0.3976012722909673,DHX36KO,enhancer,antiparallel,1728
35,-278.4810126582279,12.361972142869124,0.38048144637099934,DHX36KO,enhancer,antiparallel,1728
36,-227.84810126582283,12.532369994350974,0.3698581806892148,DHX36KO,enhancer,antiparallel,1728
37,-177.21518987341778,12.841749120900108,0.3683835931813142,DHX36KO,enhancer,antiparallel,1728
38,-126.58227848101274,13.257768709980136,0.3764557542045837,DHX36KO,enhancer,antiparallel,1728
39,-75.94936708860769,13.511525380178641,0.3880321498601892,DHX36KO,enhancer,antiparallel,1728
40,-25.316455696202638,13.571850927042556,0.3909013098141649,DHX36KO,enhancer,antiparallel,1728
41,25.31645569620241,13.55753807530957,0.39911719403934043,DHX36KO,enhancer,antiparallel,1728
42,75.94936708860769,13.418042451785302,0.4064984316969812,DHX36KO,enhancer,antiparallel,1728
43,126.58227848101251,13.23828540082607,0.40229152558931364,DHX36KO,enhancer,antiparallel,1728
44,177.21518987341778,12.971714816619585,0.40248924563469374,DHX36KO,enhancer,antiparallel,1728
45,227.8481012658226,12.537790541758325,0.3946399992456775,DHX36KO,enhancer,antiparallel,1728
46,278.4810126582279,12.144423309944479,0.37755413724843795,DHX36KO,enhancer,antiparallel,1728
47,329.1139240506327,11.771023229017485,0.36870950754990583,DHX36KO,enhancer,antiparallel,1728
48,379.746835443038,11.559584024792285,0.38685098958019765,DHX36KO,enhancer,antiparallel,1728
49,430.37974683544326,11.250817617543593,0.42169651026801247,DHX36KO,enhancer,antiparallel,1728
50,481.0126582278481,10.986083126686237,0.4572146416466314,DHX36KO,enhancer,antiparallel,1728
51,531.6455696202534,10.691544745215387,0.49481740411971553,DHX36KO,enhancer,antiparallel,1728
52,582.2784810126582,10.389102082338047,0.5148582619321027,DHX36KO,enhancer,antiparallel,1728
53,632.9113924050635,10.042998861563335,0.5181910698228495,DHX36KO,enhancer,antiparallel,1728
54,683.5443037974683,9.62904145066339,0.5108831325227978,DHX36KO,enhancer,antiparallel,1728
55,734.1772151898736,9.175637485995704,0.4981469452244185,DHX36KO,enhancer,antiparallel,1728
56,784.8101265822784,8.674368442645596,0.4783667925385425,DHX36KO,enhancer,antiparallel,1728
57,835.4430379746836,8.25692118803798,0.4524637561785386,DHX36KO,enhancer,antiparallel,1728
58,886.0759493670885,7.849655547545832,0.42695805788325947,DHX36KO,enhancer,antiparallel,1728
59,936.7088607594937,7.510636959790172,0.4025460380685259,DHX36KO,enhancer,antiparallel,1728
60,987.3417721518986,7.246085831678852,0.3810927984015348,DHX36KO,enhancer,antiparallel,1728
61,1037.9746835443038,6.897613713103864,0.3462014139912104,DHX36KO,enhancer,antiparallel,1728
62,1088.6075949367087,6.5912029528976595,0.3170196106844996,DHX36KO,enhancer,antiparallel,1728
63,1139.240506329114,6.258968571475995,0.28632899727912103,DHX36KO,enhancer,antiparallel,1728
64,1189.8734177215188,6.0211019021672785,0.27571397370469813,DHX36KO,enhancer,antiparallel,1728
65,1240.506329113924,5.795601901002688,0.26265495945844036,DHX36KO,enhancer,antiparallel,1728
66,1291.1392405063293,5.582895972196151,0.2448105648510744,DHX36KO,enhancer,antiparallel,1728
67,1341.7721518987341,5.414715165803094,0.23645049687549827,DHX36KO,enhancer,antiparallel,1728
68,1392.4050632911394,5.305026363444825,0.21980360243269512,DHX36KO,enhancer,antiparallel,1728
69,1443.0379746835442,5.2216520501779,0.2131325812486013,DHX36KO,enhancer,antiparallel,1728
70,1493.6708860759495,5.102614161226852,0.20430734936154352,DHX36KO,enhancer,antiparallel,1728
71,1544.3037974683543,4.975083528309141,0.1995761326390539,DHX36KO,enhancer,antiparallel,1728
72,1594.9367088607596,4.921069074303464,0.1992648475449226,DHX36KO,enhancer,antiparallel,1728
73,1645.5696202531644,4.813028415043689,0.19108528827272506,DHX36KO,enhancer,antiparallel,1728
74,1696.2025316455697,4.7517257484816655,0.18550510743289644,DHX36KO,enhancer,antiparallel,1728
75,1746.8354430379745,4.656231518325247,0.1806743287901261,DHX36KO,enhancer,antiparallel,1728
76,1797.4683544303798,4.59319517440404,0.17696642695975537,DHX36KO,enhancer,antiparallel,1728
77,1848.1012658227846,4.570439041835474,0.1796813894552188,DHX36KO,enhancer,antiparallel,1728
78,1898.73417721519,4.6081489081680775,0.19626438006223834,DHX36KO,enhancer,antiparallel,1728
79,1949.3670886075947,4.6923896351125505,0.22213167920914767,DHX36KO,enhancer,antiparallel,1728
80,2000,4.772006579368939,0.2434743942613892,DHX36KO,enhancer,antiparallel,1728
1,-2000,5.575301950987343,0.19362240167301592,DHX36KO,enhancer,hybrid,2883
2,-1949.367088607595,5.61854272105264,0.19417142099360815,DHX36KO,enhancer,hybrid,2883
3,-1898.73417721519,5.675659886012671,0.19381784085720363,DHX36KO,enhancer,hybrid,2883
4,-1848.1012658227849,5.766776270542769,0.20126598825234818,DHX36KO,enhancer,hybrid,2883
5,-1797.4683544303798,5.854661909334231,0.21345226447843288,DHX36KO,enhancer,hybrid,2883
6,-1746.8354430379748,5.986330056749254,0.23645209084208432,DHX36KO,enhancer,hybrid,2883
7,-1696.2025316455697,6.126980185736148,0.24931785503669643,DHX36KO,enhancer,hybrid,2883
8,-1645.5696202531644,6.21807000169893,0.2502494954567311,DHX36KO,enhancer,hybrid,2883
9,-1594.9367088607596,6.325575128579667,0.24800669324354174,DHX36KO,enhancer,hybrid,2883
10,-1544.3037974683543,6.406289299216928,0.24557144322557878,DHX36KO,enhancer,hybrid,2883
11,-1493.6708860759495,6.5074739535511785,0.2459019659849941,DHX36KO,enhancer,hybrid,2883
12,-1443.0379746835442,6.6249630507087005,0.2560022134959306,DHX36KO,enhancer,hybrid,2883
13,-1392.4050632911392,6.754762491506157,0.2684493774076752,DHX36KO,enhancer,hybrid,2883
14,-1341.7721518987341,6.934645431950294,0.2803684107784187,DHX36KO,enhancer,hybrid,2883
15,-1291.139240506329,7.114073162889299,0.2844606689342808,DHX36KO,enhancer,hybrid,2883
16,-1240.506329113924,7.269844962291627,0.28652735714743166,DHX36KO,enhancer,hybrid,2883
17,-1189.873417721519,7.38002486317926,0.27855026085863094,DHX36KO,enhancer,hybrid,2883
18,-1139.240506329114,7.537876885744144,0.27212346742944926,DHX36KO,enhancer,hybrid,2883
19,-1088.607594936709,7.802808008056966,0.2748768088905826,DHX36KO,enhancer,hybrid,2883
20,-1037.9746835443038,8.070267132446661,0.2816451112962291,DHX36KO,enhancer,hybrid,2883
21,-987.3417721518988,8.417937049349963,0.2996588523892248,DHX36KO,enhancer,hybrid,2883
22,-936.7088607594937,8.810838998547178,0.3146660894370855,DHX36KO,enhancer,hybrid,2883
23,-886.0759493670887,9.109821644882093,0.3253025435659868,DHX36KO,enhancer,hybrid,2883
24,-835.4430379746836,9.363356057268883,0.33175959065266614,DHX36KO,enhancer,hybrid,2883
25,-784.8101265822784,9.551834081338173,0.3230390775761218,DHX36KO,enhancer,hybrid,2883
26,-734.1772151898733,9.86041619623916,0.31678799706613914,DHX36KO,enhancer,hybrid,2883
27,-683.5443037974683,10.218751332245475,0.32474398641900715,DHX36KO,enhancer,hybrid,2883
28,-632.9113924050632,10.556995971589327,0.33072236131607047,DHX36KO,enhancer,hybrid,2883
29,-582.2784810126582,11.026480897231824,0.333112249491177,DHX36KO,enhancer,hybrid,2883
30,-531.6455696202531,11.43535369294684,0.33175247107934613,DHX36KO,enhancer,hybrid,2883
31,-481.0126582278481,11.798550868735092,0.32725839434810594,DHX36KO,enhancer,hybrid,2883
32,-430.37974683544303,12.273565138043496,0.3287353155162975,DHX36KO,enhancer,hybrid,2883
33,-379.746835443038,12.577884196118132,0.33329360768721633,DHX36KO,enhancer,hybrid,2883
34,-329.11392405063293,12.816747433237015,0.33382236438465507,DHX36KO,enhancer,hybrid,2883
35,-278.4810126582279,13.036246595915541,0.33160571466819294,DHX36KO,enhancer,hybrid,2883
36,-227.84810126582283,13.261664809095665,0.3283404799666079,DHX36KO,enhancer,hybrid,2883
37,-177.21518987341778,13.41732561546001,0.32062957373500933,DHX36KO,enhancer,hybrid,2883
38,-126.58227848101274,13.627999823030564,0.31589220901157083,DHX36KO,enhancer,hybrid,2883
39,-75.94936708860769,13.803956026175847,0.3125680859158725,DHX36KO,enhancer,hybrid,2883
40,-25.316455696202638,13.853923146125416,0.30904581010606674,DHX36KO,enhancer,hybrid,2883
41,25.31645569620241,13.85523046435421,0.31243946423800095,DHX36KO,enhancer,hybrid,2883
42,75.94936708860769,13.84182391459769,0.31968630705858925,DHX36KO,enhancer,hybrid,2883
43,126.58227848101251,13.680109996051923,0.32387001782066543,DHX36KO,enhancer,hybrid,2883
44,177.21518987341778,13.482488398499841,0.31942482688833335,DHX36KO,enhancer,hybrid,2883
45,227.8481012658226,13.332974473006024,0.3210282047201927,DHX36KO,enhancer,hybrid,2883
46,278.4810126582279,13.090412951662769,0.3181689040166889,DHX36KO,enhancer,hybrid,2883
47,329.1139240506327,12.759511366984324,0.3084836148959821,DHX36KO,enhancer,hybrid,2883
48,379.746835443038,12.459648121684284,0.30581062045403534,DHX36KO,enhancer,hybrid,2883
49,430.37974683544326,12.128239741188375,0.30576423684363685,DHX36KO,enhancer,hybrid,2883
50,481.0126582278481,11.765391229540644,0.31140404903068425,DHX36KO,enhancer,hybrid,2883
51,531.6455696202534,11.411637215198072,0.3213918516874558,DHX36KO,enhancer,hybrid,2883
52,582.2784810126582,11.096290741632242,0.3252935542391851,DHX36KO,enhancer,hybrid,2883
53,632.9113924050635,10.799644538223268,0.32673174778921027,DHX36KO,enhancer,hybrid,2883
54,683.5443037974683,10.430124235135281,0.3256460025974762,DHX36KO,enhancer,hybrid,2883
55,734.1772151898736,9.974352512764288,0.31468955581285535,DHX36KO,enhancer,hybrid,2883
56,784.8101265822784,9.464995873553834,0.2992171310174962,DHX36KO,enhancer,hybrid,2883
57,835.4430379746836,9.0144916421921355,0.28176414663541594,DHX36KO,enhancer,hybrid,2883
58,886.0759493670885,8.664317689558333,0.2722422909035908,DHX36KO,enhancer,hybrid,2883
59,936.7088607594937,8.295810002190128,0.2679946621068416,DHX36KO,enhancer,hybrid,2883
60,987.3417721518986,7.996711316134616,0.26846505810264865,DHX36KO,enhancer,hybrid,2883
61,1037.9746835443038,7.734792279076033,0.2689367411182045,DHX36KO,enhancer,hybrid,2883
62,1088.6075949367087,7.492270459873798,0.2726855131610752,DHX36KO,enhancer,hybrid,2883
63,1139.240506329114,7.295423946280275,0.2773480096818466,DHX36KO,enhancer,hybrid,2883
64,1189.8734177215188,7.117176682899172,0.28033845236733446,DHX36KO,enhancer,hybrid,2883
65,1240.506329113924,7.0173911235778785,0.2811314737510732,DHX36KO,enhancer,hybrid,2883
66,1291.1392405063293,6.893450266690265,0.2758061009911549,DHX36KO,enhancer,hybrid,2883
67,1341.7721518987341,6.788663837688619,0.27058968138098466,DHX36KO,enhancer,hybrid,2883
68,1392.4050632911394,6.660901502838768,0.2662753261534365,DHX36KO,enhancer,hybrid,2883
69,1443.0379746835442,6.486517475182258,0.25651655097191667,DHX36KO,enhancer,hybrid,2883
70,1493.6708860759495,6.354823891905115,0.2537341346149772,DHX36KO,enhancer,hybrid,2883
71,1544.3037974683543,6.2740717666956,0.26060290883685017,DHX36KO,enhancer,hybrid,2883
72,1594.9367088607596,6.168222110736493,0.25862632332456753,DHX36KO,enhancer,hybrid,2883
73,1645.5696202531644,6.047432194128245,0.25093224913995754,DHX36KO,enhancer,hybrid,2883
74,1696.2025316455697,5.921130266076554,0.239094953663571,DHX36KO,enhancer,hybrid,2883
75,1746.8354430379745,5.8167845810379015,0.2252780075896203,DHX36KO,enhancer,hybrid,2883
76,1797.4683544303798,5.743847218676239,0.21714971762794893,DHX36KO,enhancer,hybrid,2883
77,1848.1012658227846,5.639000192642598,0.2043606139510956,DHX36KO,enhancer,hybrid,2883
78,1898.73417721519,5.50081520783445,0.18345185198936592,DHX36KO,enhancer,hybrid,2883
79,1949.3670886075947,5.35971382964924,0.164062383534602,DHX36KO,enhancer,hybrid,2883
80,2000,5.265854614278818,0.1544424268736469,DHX36KO,enhancer,hybrid,2883
1,-2000,3.1775645439512417,0.055265811198375904,DHX36KO,enhancer,none,16000
2,-1949.367088607595,3.175431469036004,0.05607124794379938,DHX36KO,enhancer,none,16000
3,-1898.73417721519,3.163190391735912,0.05576284614644631,DHX36KO,enhancer,none,16000
4,-1848.1012658227849,3.158073234711525,0.05574869968269435,DHX36KO,enhancer,none,16000
5,-1797.4683544303798,3.128430098030741,0.05456084073654005,DHX36KO,enhancer,none,16000
6,-1746.8354430379748,3.101658035953365,0.052077097939974254,DHX36KO,enhancer,none,16000
7,-1696.2025316455697,3.0888602019219586,0.05040346050484216,DHX36KO,enhancer,none,16000
8,-1645.5696202531644,3.075241021950702,0.05003638830265462,DHX36KO,enhancer,none,16000
9,-1594.9367088607596,3.0685194670901303,0.05001991509877888,DHX36KO,enhancer,none,16000
10,-1544.3037974683543,3.054593272383361,0.04928725256996225,DHX36KO,enhancer,none,16000
11,-1493.6708860759495,3.0523455389727374,0.04977626078344402,DHX36KO,enhancer,none,16000
12,-1443.0379746835442,3.044215107684789,0.04951540436259354,DHX36KO,enhancer,none,16000
13,-1392.4050632911392,3.029195026656843,0.04923339322572175,DHX36KO,enhancer,none,16000
14,-1341.7721518987341,3.0278949267851356,0.04929966291444043,DHX36KO,enhancer,none,16000
15,-1291.139240506329,3.001870731738287,0.04912727467969331,DHX36KO,enhancer,none,16000
16,-1240.506329113924,2.978503647720757,0.04854621311079083,DHX36KO,enhancer,none,16000
17,-1189.873417721519,2.946473348730091,0.04702224087744935,DHX36KO,enhancer,none,16000
18,-1139.240506329114,2.917619417770255,0.04573721918012715,DHX36KO,enhancer,none,16000
19,-1088.607594936709,2.8854358371097346,0.04545298926278044,DHX36KO,enhancer,none,16000
20,-1037.9746835443038,2.84091581307599,0.044499415006715615,DHX36KO,enhancer,none,16000
21,-987.3417721518988,2.793019634760947,0.04308615949920963,DHX36KO,enhancer,none,16000
22,-936.7088607594937,2.7384529778148923,0.042161583086956604,DHX36KO,enhancer,none,16000
23,-886.0759493670887,2.681710542381298,0.04047051742243788,DHX36KO,enhancer,none,16000
24,-835.4430379746836,2.628789672188684,0.037705764850009635,DHX36KO,enhancer,none,16000
25,-784.8101265822784,2.5714399989783954,0.0344261173630477,DHX36KO,enhancer,none,16000
26,-734.1772151898733,2.5186784529997586,0.03162583088523277,DHX36KO,enhancer,none,16000
27,-683.5443037974683,2.47671509946933,0.029347508856995358,DHX36KO,enhancer,none,16000
28,-632.9113924050632,2.4270354073184257,0.027102040416602673,DHX36KO,enhancer,none,16000
29,-582.2784810126582,2.3860007097925213,0.025417312310421457,DHX36KO,enhancer,none,16000
30,-531.6455696202531,2.3409215011493405,0.024322789904926617,DHX36KO,enhancer,none,16000
31,-481.0126582278481,2.2878539732138523,0.02310620508541111,DHX36KO,enhancer,none,16000
32,-430.37974683544303,2.233013846415371,0.021912329098264426,DHX36KO,enhancer,none,16000
33,-379.746835443038,2.1908855072181654,0.020708375874200848,DHX36KO,enhancer,none,16000
34,-329.11392405063293,2.150948411829935,0.019665890248797648,DHX36KO,enhancer,none,16000
35,-278.4810126582279,2.115459420482653,0.01851511560672058,DHX36KO,enhancer,none,16000
36,-227.84810126582283,2.089329616594421,0.01734953337745657,DHX36KO,enhancer,none,16000
37,-177.21518987341778,2.057725323765536,0.016496520500135288,DHX36KO,enhancer,none,16000
38,-126.58227848101274,2.0451243144673708,0.016034071917629542,DHX36KO,enhancer,none,16000
39,-75.94936708860769,2.035892302333045,0.015729438925279223,DHX36KO,enhancer,none,16000
40,-25.316455696202638,2.039854084780786,0.015618188739862952,DHX36KO,enhancer,none,16000
41,25.31645569620241,2.0426256572701003,0.015804377584364374,DHX36KO,enhancer,none,16000
42,75.94936708860769,2.0399678188961348,0.015979898698994202,DHX36KO,enhancer,none,16000
43,126.58227848101251,2.0471805758304598,0.016162855620508287,DHX36KO,enhancer,none,16000
44,177.21518987341778,2.069208831375109,0.016591631062281505,DHX36KO,enhancer,none,16000
45,227.8481012658226,2.102511832118693,0.017316144889532332,DHX36KO,enhancer,none,16000
46,278.4810126582279,2.1416988247764808,0.018125954616380103,DHX36KO,enhancer,none,16000
47,329.1139240506327,2.1855476551438784,0.01927176121562781,DHX36KO,enhancer,none,16000
48,379.746835443038,2.2304072684844907,0.020565396000545987,DHX36KO,enhancer,none,16000
49,430.37974683544326,2.2795979903482464,0.02220711845572473,DHX36KO,enhancer,none,16000
50,481.0126582278481,2.3290947781263562,0.023626560949974333,DHX36KO,enhancer,none,16000
51,531.6455696202534,2.3824371720946727,0.025491650683816532,DHX36KO,enhancer,none,16000
52,582.2784810126582,2.4548020162730597,0.02757831264946456,DHX36KO,enhancer,none,16000
53,632.9113924050635,2.5294550483813665,0.02991749602784163,DHX36KO,enhancer,none,16000
54,683.5443037974683,2.5960424794468993,0.0323595788721863,DHX36KO,enhancer,none,16000
55,734.1772151898736,2.6477459939600188,0.03487367410755825,DHX36KO,enhancer,none,16000
56,784.8101265822784,2.7028918642926474,0.03817308143125586,DHX36KO,enhancer,none,16000
57,835.4430379746836,2.759001989923931,0.042362887046643954,DHX36KO,enhancer,none,16000
58,886.0759493670885,2.8081694900319847,0.04673534200633761,DHX36KO,enhancer,none,16000
59,936.7088607594937,2.8581208301916967,0.04983054005659129,DHX36KO,enhancer,none,16000
60,987.3417721518986,2.88314928320945,0.05043640407079472,DHX36KO,enhancer,none,16000
61,1037.9746835443038,2.915606262986532,0.050208854221082816,DHX36KO,enhancer,none,16000
62,1088.6075949367087,2.9329298437557885,0.048290066837086504,DHX36KO,enhancer,none,16000
63,1139.240506329114,2.956896497110905,0.04729599121752329,DHX36KO,enhancer,none,16000
64,1189.8734177215188,2.979567231539701,0.046887115665903596,DHX36KO,enhancer,none,16000
65,1240.506329113924,2.999413349504898,0.04743727390025127,DHX36KO,enhancer,none,16000
66,1291.1392405063293,3.0174773633718375,0.04787013998269658,DHX36KO,enhancer,none,16000
67,1341.7721518987341,3.04289376184362,0.04905743446593903,DHX36KO,enhancer,none,16000
68,1392.4050632911394,3.0668645006886264,0.05145894507276426,DHX36KO,enhancer,none,16000
69,1443.0379746835442,3.0994519410605896,0.05357197437674992,DHX36KO,enhancer,none,16000
70,1493.6708860759495,3.127449241224384,0.055028493079166824,DHX36KO,enhancer,none,16000
71,1544.3037974683543,3.1469226475145438,0.05609821594344631,DHX36KO,enhancer,none,16000
72,1594.9367088607596,3.179156981580509,0.0574274033964549,DHX36KO,enhancer,none,16000
73,1645.5696202531644,3.201621654109103,0.057595205505293574,DHX36KO,enhancer,none,16000
74,1696.2025316455697,3.2029247577560205,0.056572897409347934,DHX36KO,enhancer,none,16000
75,1746.8354430379745,3.191297983375069,0.05428110677670076,DHX36KO,enhancer,none,16000
76,1797.4683544303798,3.169429891095004,0.05280187601911593,DHX36KO,enhancer,none,16000
77,1848.1012658227846,3.1494261083550623,0.052178017639824846,DHX36KO,enhancer,none,16000
78,1898.73417721519,3.150193890827253,0.05409391574991665,DHX36KO,enhancer,none,16000
79,1949.3670886075947,3.1476729241577046,0.055235566016390736,DHX36KO,enhancer,none,16000
80,2000,3.1469806534755502,0.055742394194563324,DHX36KO,enhancer,none,16000
1,-2000,4.803569525137466,0.11239468574170342,FANCJKO,promoter,parallel,7385
2,-1949.367088607595,4.811879346542772,0.11131059730651144,FANCJKO,promoter,parallel,7385
3,-1898.73417721519,4.8177953322136595,0.10911912756112843,FANCJKO,promoter,parallel,7385
4,-1848.1012658227849,4.809063268111915,0.11003803920497952,FANCJKO,promoter,parallel,7385
5,-1797.4683544303798,4.8197086052469515,0.1130915493349275,FANCJKO,promoter,parallel,7385
6,-1746.8354430379748,4.838294010318071,0.11717706599968676,FANCJKO,promoter,parallel,7385
7,-1696.2025316455697,4.88363855683521,0.11897195667604393,FANCJKO,promoter,parallel,7385
8,-1645.5696202531644,4.9200702230588655,0.11766696522346226,FANCJKO,promoter,parallel,7385
9,-1594.9367088607596,4.954312590536537,0.11658785258189325,FANCJKO,promoter,parallel,7385
10,-1544.3037974683543,4.973647171679535,0.11578888748981618,FANCJKO,promoter,parallel,7385
11,-1493.6708860759495,4.998087275757635,0.11802913680914012,FANCJKO,promoter,parallel,7385
12,-1443.0379746835442,5.016963047649812,0.12116324279598951,FANCJKO,promoter,parallel,7385
13,-1392.4050632911392,5.054433066686532,0.12582268114099807,FANCJKO,promoter,parallel,7385
14,-1341.7721518987341,5.119087033346797,0.13518747446652266,FANCJKO,promoter,parallel,7385
15,-1291.139240506329,5.166450502722238,0.14183255089704327,FANCJKO,promoter,parallel,7385
16,-1240.506329113924,5.190000591635677,0.14530084872061094,FANCJKO,promoter,parallel,7385
17,-1189.873417721519,5.179693142493404,0.143588253573929,FANCJKO,promoter,parallel,7385
18,-1139.240506329114,5.174823004856897,0.14042073093212687,FANCJKO,promoter,parallel,7385
19,-1088.607594936709,5.241630223965865,0.14139386608004512,FANCJKO,promoter,parallel,7385
20,-1037.9746835443038,5.316867253015553,0.14071241722834496,FANCJKO,promoter,parallel,7385
21,-987.3417721518988,5.361089688115776,0.14092199497539598,FANCJKO,promoter,parallel,7385
22,-936.7088607594937,5.3526553873794125,0.1392610750116388,FANCJKO,promoter,parallel,7385
23,-886.0759493670887,5.3234239766066676,0.13492291049868385,FANCJKO,promoter,parallel,7385
24,-835.4430379746836,5.306021884080869,0.12971167083211438,FANCJKO,promoter,parallel,7385
25,-784.8101265822784,5.321701574532395,0.12770346624797302,FANCJKO,promoter,parallel,7385
26,-734.1772151898733,5.366123641602209,0.12905963350810806,FANCJKO,promoter,parallel,7385
27,-683.5443037974683,5.438633734747186,0.1299926224900093,FANCJKO,promoter,parallel,7385
28,-632.9113924050632,5.501788100003927,0.12983884531389914,FANCJKO,promoter,parallel,7385
29,-582.2784810126582,5.565840535478112,0.13187052535044694,FANCJKO,promoter,parallel,7385
30,-531.6455696202531,5.657872289087131,0.1361879697364544,FANCJKO,promoter,parallel,7385
31,-481.0126582278481,5.764814241252724,0.14266853495275308,FANCJKO,promoter,parallel,7385
32,-430.37974683544303,5.942482182274498,0.15248967753689982,FANCJKO,promoter,parallel,7385
33,-379.746835443038,6.113002682978454,0.15892040818437492,FANCJKO,promoter,parallel,7385
34,-329.11392405063293,6.34394459590038,0.16766025198442217,FANCJKO,promoter,parallel,7385
35,-278.4810126582279,6.607517266194833,0.1802357567004861,FANCJKO,promoter,parallel,7385
36,-227.84810126582283,6.921245304623567,0.19787784780794346,FANCJKO,promoter,parallel,7385
37,-177.21518987341778,7.237887047763873,0.2168774093876243,FANCJKO,promoter,parallel,7385
38,-126.58227848101274,7.533484580964166,0.23235740775828848,FANCJKO,promoter,parallel,7385
39,-75.94936708860769,7.738981603580467,0.23870649584407486,FANCJKO,promoter,parallel,7385
40,-25.316455696202638,7.743116685141992,0.23417640544813623,FANCJKO,promoter,parallel,7385
41,25.31645569620241,7.604952664092711,0.21892672066411759,FANCJKO,promoter,parallel,7385
42,75.94936708860769,7.408547882382473,0.20152740454006168,FANCJKO,promoter,parallel,7385
43,126.58227848101251,7.20958639468783,0.1865940496087853,FANCJKO,promoter,parallel,7385
44,177.21518987341778,7.077483102929213,0.1780260745168829,FANCJKO,promoter,parallel,7385
45,227.8481012658226,6.876775962095017,0.17034163752603818,FANCJKO,promoter,parallel,7385
46,278.4810126582279,6.599889255112381,0.16039678378781588,FANCJKO,promoter,parallel,7385
47,329.1139240506327,6.3765381543999515,0.15385954135519608,FANCJKO,promoter,parallel,7385
48,379.746835443038,6.190941366061161,0.1471212072691084,FANCJKO,promoter,parallel,7385
49,430.37974683544326,5.979242438925548,0.13806497600615925,FANCJKO,promoter,parallel,7385
50,481.0126582278481,5.816466539062353,0.13307648058862348,FANCJKO,promoter,parallel,7385
51,531.6455696202534,5.7010045624847905,0.13227139573620372,FANCJKO,promoter,parallel,7385
52,582.2784810126582,5.644302147973124,0.13345754691047104,FANCJKO,promoter,parallel,7385
53,632.9113924050635,5.589614423377227,0.13309035820569368,FANCJKO,promoter,parallel,7385
54,683.5443037974683,5.5153055197308545,0.13054414678916682,FANCJKO,promoter,parallel,7385
55,734.1772151898736,5.427673056258006,0.12669442142186146,FANCJKO,promoter,parallel,7385
56,784.8101265822784,5.374019056321481,0.12580339670254218,FANCJKO,promoter,parallel,7385
57,835.4430379746836,5.3241127250446905,0.12576240977538536,FANCJKO,promoter,parallel,7385
58,886.0759493670885,5.286064880519493,0.12935741056052863,FANCJKO,promoter,parallel,7385
59,936.7088607594937,5.274819347741345,0.13670738745474403,FANCJKO,promoter,parallel,7385
60,987.3417721518986,5.2659160226712345,0.14053789186380405,FANCJKO,promoter,parallel,7385
61,1037.9746835443038,5.265801616187452,0.14356867326979236,FANCJKO,promoter,parallel,7385
62,1088.6075949367087,5.236295550576022,0.14344728568911827,FANCJKO,promoter,parallel,7385
63,1139.240506329114,5.207249304985252,0.14300521591076085,FANCJKO,promoter,parallel,7385
64,1189.8734177215188,5.166382832650593,0.14260059214956264,FANCJKO,promoter,parallel,7385
65,1240.506329113924,5.158927471453814,0.14040241325115937,FANCJKO,promoter,parallel,7385
66,1291.1392405063293,5.1046215306247396,0.13398311552560604,FANCJKO,promoter,parallel,7385
67,1341.7721518987341,5.045282903616274,0.1280807015899073,FANCJKO,promoter,parallel,7385
68,1392.4050632911394,5.031792459671396,0.12381529633006028,FANCJKO,promoter,parallel,7385
69,1443.0379746835442,5.020806734180106,0.12130251166481754,FANCJKO,promoter,parallel,7385
70,1493.6708860759495,5.013895074547346,0.12129887736054129,FANCJKO,promoter,parallel,7385
71,1544.3037974683543,4.997262253932505,0.1231307827837056,FANCJKO,promoter,parallel,7385
72,1594.9367088607596,4.935122148462354,0.12271272584868623,FANCJKO,promoter,parallel,7385
73,1645.5696202531644,4.8782428401300475,0.12173367836374334,FANCJKO,promoter,parallel,7385
74,1696.2025316455697,4.842568861954263,0.11961363866632099,FANCJKO,promoter,parallel,7385
75,1746.8354430379745,4.831824609982674,0.11604223937809474,FANCJKO,promoter,parallel,7385
76,1797.4683544303798,4.811171612001116,0.11364133588482078,FANCJKO,promoter,parallel,7385
77,1848.1012658227846,4.82266738045864,0.11518102107070345,FANCJKO,promoter,parallel,7385
78,1898.73417721519,4.86154174457439,0.12319191992726343,FANCJKO,promoter,parallel,7385
79,1949.3670886075947,4.902423989108389,0.12902960741831493,FANCJKO,promoter,parallel,7385
80,2000,4.902983377116605,0.13101817028902313,FANCJKO,promoter,parallel,7385
1,-2000,5.902892099333046,0.6297644086352842,FANCJKO,promoter,antiparallel,670
2,-1949.367088607595,5.827638305578659,0.6188551501014933,FANCJKO,promoter,antiparallel,670
3,-1898.73417721519,5.680691176546154,0.5742532456194537,FANCJKO,promoter,antiparallel,670
4,-1848.1012658227849,5.560004817704063,0.49839651994807777,FANCJKO,promoter,antiparallel,670
5,-1797.4683544303798,5.343636489623814,0.4218429109710225,FANCJKO,promoter,antiparallel,670
6,-1746.8354430379748,5.188398597096922,0.37400366744841923,FANCJKO,promoter,antiparallel,670
7,-1696.2025316455697,5.062419964529389,0.3530581540736977,FANCJKO,promoter,antiparallel,670
8,-1645.5696202531644,4.952514407089101,0.3426058425388953,FANCJKO,promoter,antiparallel,670
9,-1594.9367088607596,4.861652411229575,0.34819556339013663,FANCJKO,promoter,antiparallel,670
10,-1544.3037974683543,4.755076093037923,0.34168080907831244,FANCJKO,promoter,antiparallel,670
11,-1493.6708860759495,4.675787701174987,0.3273964698548613,FANCJKO,promoter,antiparallel,670
12,-1443.0379746835442,4.506825063898789,0.28501976577758736,FANCJKO,promoter,antiparallel,670
13,-1392.4050632911392,4.403819718375135,0.26913267936265983,FANCJKO,promoter,antiparallel,670
14,-1341.7721518987341,4.350538485932706,0.26286937147936656,FANCJKO,promoter,antiparallel,670
15,-1291.139240506329,4.276327727254944,0.2609148432297501,FANCJKO,promoter,antiparallel,670
16,-1240.506329113924,4.303368341460157,0.27441455835963613,FANCJKO,promoter,antiparallel,670
17,-1189.873417721519,4.396680255709596,0.2846460743859422,FANCJKO,promoter,antiparallel,670
18,-1139.240506329114,4.414590593321407,0.2879735702052126,FANCJKO,promoter,antiparallel,670
19,-1088.607594936709,4.37260266890336,0.2736553685237789,FANCJKO,promoter,antiparallel,670
20,-1037.9746835443038,4.420343558822698,0.2675229756300735,FANCJKO,promoter,antiparallel,670
21,-987.3417721518988,4.452027685121517,0.2679798617256035,FANCJKO,promoter,antiparallel,670
22,-936.7088607594937,4.42616819217549,0.27414160734467824,FANCJKO,promoter,antiparallel,670
23,-886.0759493670887,4.407321050092356,0.28163747117364246,FANCJKO,promoter,antiparallel,670
24,-835.4430379746836,4.429292599487067,0.2886713663469744,FANCJKO,promoter,antiparallel,670
25,-784.8101265822784,4.3304272306795735,0.2795251317444739,FANCJKO,promoter,antiparallel,670
26,-734.1772151898733,4.301075214702691,0.26366102858135537,FANCJKO,promoter,antiparallel,670
27,-683.5443037974683,4.250571197456388,0.2475892559493692,FANCJKO,promoter,antiparallel,670
28,-632.9113924050632,4.280694717738165,0.25418324749529314,FANCJKO,promoter,antiparallel,670
29,-582.2784810126582,4.295537469476017,0.2630873273164969,FANCJKO,promoter,antiparallel,670
30,-531.6455696202531,4.291317874615466,0.2819937395957132,FANCJKO,promoter,antiparallel,670
31,-481.0126582278481,4.290762070067486,0.27568026054081557,FANCJKO,promoter,antiparallel,670
32,-430.37974683544303,4.360635626667174,0.29221923572393155,FANCJKO,promoter,antiparallel,670
33,-379.746835443038,4.452354629406289,0.33150201607856605,FANCJKO,promoter,antiparallel,670
34,-329.11392405063293,4.5343500051071395,0.3861093999740385,FANCJKO,promoter,antiparallel,670
35,-278.4810126582279,4.791817261264098,0.45656652969444744,FANCJKO,promoter,antiparallel,670
36,-227.84810126582283,5.120963354081064,0.5063288244295374,FANCJKO,promoter,antiparallel,670
37,-177.21518987341778,5.409553147022997,0.53785705017042,FANCJKO,promoter,antiparallel,670
38,-126.58227848101274,5.712941007990149,0.5669268996810791,FANCJKO,promoter,antiparallel,670
39,-75.94936708860769,5.962648180478841,0.6006441303143348,FANCJKO,promoter,antiparallel,670
40,-25.316455696202638,6.141372754527562,0.6146183496851308,FANCJKO,promoter,antiparallel,670
41,25.31645569620241,6.334516215744303,0.6130996935808367,FANCJKO,promoter,antiparallel,670
42,75.94936708860769,6.257135442062397,0.6053939920589125,FANCJKO,promoter,antiparallel,670
43,126.58227848101251,5.985936795756592,0.5695296265026454,FANCJKO,promoter,antiparallel,670
44,177.21518987341778,5.766787422181362,0.5165086545051314,FANCJKO,promoter,antiparallel,670
45,227.8481012658226,5.481717936439893,0.44258478737962975,FANCJKO,promoter,antiparallel,670
46,278.4810126582279,5.281667520404455,0.3953984119588811,FANCJKO,promoter,antiparallel,670
47,329.1139240506327,5.132214455007913,0.36255505166638796,FANCJKO,promoter,antiparallel,670
48,379.746835443038,5.100371958905785,0.35233670695097924,FANCJKO,promoter,antiparallel,670
49,430.37974683544326,5.099318430162781,0.3541876751310048,FANCJKO,promoter,antiparallel,670
50,481.0126582278481,5.023059136605381,0.34673392758139177,FANCJKO,promoter,antiparallel,670
51,531.6455696202534,4.948993593514855,0.3364433989581477,FANCJKO,promoter,antiparallel,670
52,582.2784810126582,4.964118652088725,0.33808874750719936,FANCJKO,promoter,antiparallel,670
53,632.9113924050635,4.900771559729505,0.3401926375495929,FANCJKO,promoter,antiparallel,670
54,683.5443037974683,4.789759836540886,0.33035720716105,FANCJKO,promoter,antiparallel,670
55,734.1772151898736,4.736619876573335,0.31707088725747434,FANCJKO,promoter,antiparallel,670
56,784.8101265822784,4.824676701703475,0.3262464681294301,FANCJKO,promoter,antiparallel,670
57,835.4430379746836,4.911609940758985,0.35147033137229866,FANCJKO,promoter,antiparallel,670
58,886.0759493670885,5.061824944791509,0.3867438764204639,FANCJKO,promoter,antiparallel,670
59,936.7088607594937,5.2219985091377845,0.40802365828364584,FANCJKO,promoter,antiparallel,670
60,987.3417721518986,5.300871688122773,0.4043156849180739,FANCJKO,promoter,antiparallel,670
61,1037.9746835443038,5.3035067716890305,0.37700195702494405,FANCJKO,promoter,antiparallel,670
62,1088.6075949367087,5.161894520127358,0.34546746115184096,FANCJKO,promoter,antiparallel,670
63,1139.240506329114,5.016563334995241,0.3182093452994571,FANCJKO,promoter,antiparallel,670
64,1189.8734177215188,4.865938787943095,0.3012865961518193,FANCJKO,promoter,antiparallel,670
65,1240.506329113924,4.851354254341837,0.2938302422437599,FANCJKO,promoter,antiparallel,670
66,1291.1392405063293,4.911670485399256,0.2965474810444588,FANCJKO,promoter,antiparallel,670
67,1341.7721518987341,5.054943086424871,0.32589712229876283,FANCJKO,promoter,antiparallel,670
68,1392.4050632911394,5.042065323448893,0.3489693240575569,FANCJKO,promoter,antiparallel,670
69,1443.0379746835442,4.980800281155762,0.3798669272293876,FANCJKO,promoter,antiparallel,670
70,1493.6708860759495,4.968853641460191,0.4090151995030036,FANCJKO,promoter,antiparallel,670
71,1544.3037974683543,5.05344951437006,0.46030169428894846,FANCJKO,promoter,antiparallel,670
72,1594.9367088607596,5.1442913752408765,0.5338161926864803,FANCJKO,promoter,antiparallel,670
73,1645.5696202531644,5.1384808746297566,0.5434061944882241,FANCJKO,promoter,antiparallel,670
74,1696.2025316455697,5.1027158698881445,0.521154449268227,FANCJKO,promoter,antiparallel,670
75,1746.8354430379745,5.056899864299973,0.49629928172224025,FANCJKO,promoter,antiparallel,670
76,1797.4683544303798,5.011999834122349,0.50197040866156,FANCJKO,promoter,antiparallel,670
77,1848.1012658227846,4.8563934981206165,0.48957036772030077,FANCJKO,promoter,antiparallel,670
78,1898.73417721519,4.769531260703927,0.4546924332088475,FANCJKO,promoter,antiparallel,670
79,1949.3670886075947,4.625663092311935,0.4140710220782718,FANCJKO,promoter,antiparallel,670
80,2000,4.514293465151716,0.3923751078744243,FANCJKO,promoter,antiparallel,670
1,-2000,5.0367877460975565,0.36826966175440334,FANCJKO,promoter,hybrid,1113
2,-1949.367088607595,5.133351520305267,0.3799335274164839,FANCJKO,promoter,hybrid,1113
3,-1898.73417721519,5.216753656940568,0.39172342299211227,FANCJKO,promoter,hybrid,1113
4,-1848.1012658227849,5.201971920504831,0.3993645016801083,FANCJKO,promoter,hybrid,1113
5,-1797.4683544303798,5.134299284805613,0.38452926927023073,FANCJKO,promoter,hybrid,1113
6,-1746.8354430379748,5.102741155958562,0.3716312195482311,FANCJKO,promoter,hybrid,1113
7,-1696.2025316455697,5.091736374016328,0.3569250813289591,FANCJKO,promoter,hybrid,1113
8,-1645.5696202531644,5.065423426193261,0.3328769407537976,FANCJKO,promoter,hybrid,1113
9,-1594.9367088607596,4.998575834628171,0.3107950709724132,FANCJKO,promoter,hybrid,1113
10,-1544.3037974683543,4.861714835788147,0.28547127414095524,FANCJKO,promoter,hybrid,1113
11,-1493.6708860759495,4.713090143560756,0.2558900583237727,FANCJKO,promoter,hybrid,1113
12,-1443.0379746835442,4.606968884923638,0.24298641653133338,FANCJKO,promoter,hybrid,1113
13,-1392.4050632911392,4.5399394781827285,0.24148451715052358,FANCJKO,promoter,hybrid,1113
14,-1341.7721518987341,4.549967319361997,0.254275870168507,FANCJKO,promoter,hybrid,1113
15,-1291.139240506329,4.533326627054269,0.2652908431401966,FANCJKO,promoter,hybrid,1113
16,-1240.506329113924,4.447986286823248,0.25775428876160955,FANCJKO,promoter,hybrid,1113
17,-1189.873417721519,4.369793949869087,0.24708507968771115,FANCJKO,promoter,hybrid,1113
18,-1139.240506329114,4.342306320241698,0.2398942274775919,FANCJKO,promoter,hybrid,1113
19,-1088.607594936709,4.329159377558783,0.2223132278620877,FANCJKO,promoter,hybrid,1113
20,-1037.9746835443038,4.303664084653292,0.20570934269190622,FANCJKO,promoter,hybrid,1113
21,-987.3417721518988,4.296839494700202,0.21231677871812293,FANCJKO,promoter,hybrid,1113
22,-936.7088607594937,4.3678737589719585,0.22445159832158412,FANCJKO,promoter,hybrid,1113
23,-886.0759493670887,4.437001575426843,0.2265479307686424,FANCJKO,promoter,hybrid,1113
24,-835.4430379746836,4.566632571743076,0.22751997403908375,FANCJKO,promoter,hybrid,1113
25,-784.8101265822784,4.728980169402657,0.24325830859578879,FANCJKO,promoter,hybrid,1113
26,-734.1772151898733,4.959790888253926,0.2642257945585236,FANCJKO,promoter,hybrid,1113
27,-683.5443037974683,5.1817767644021355,0.2866616691178716,FANCJKO,promoter,hybrid,1113
28,-632.9113924050632,5.423293682479258,0.31160544134170565,FANCJKO,promoter,hybrid,1113
29,-582.2784810126582,5.676623878583254,0.33820563196514064,FANCJKO,promoter,hybrid,1113
30,-531.6455696202531,5.918761718895808,0.3723113412874281,FANCJKO,promoter,hybrid,1113
31,-481.0126582278481,6.229434099191676,0.41658270839985984,FANCJKO,promoter,hybrid,1113
32,-430.37974683544303,6.5366708569913685,0.48198903029816315,FANCJKO,promoter,hybrid,1113
33,-379.746835443038,6.919219248139883,0.5543125318038755,FANCJKO,promoter,hybrid,1113
34,-329.11392405063293,7.314105380363327,0.6169798459708373,FANCJKO,promoter,hybrid,1113
35,-278.4810126582279,7.82386013278707,0.6751206406960741,FANCJKO,promoter,hybrid,1113
36,-227.84810126582283,8.22096349983381,0.7202541642076444,FANCJKO,promoter,hybrid,1113
37,-177.21518987341778,8.53328412881259,0.7331715023756389,FANCJKO,promoter,hybrid,1113
38,-126.58227848101274,8.750807924356314,0.7292706097930077,FANCJKO,promoter,hybrid,1113
39,-75.94936708860769,9.011699323179338,0.705078500860984,FANCJKO,promoter,hybrid,1113
40,-25.316455696202638,9.100190033256455,0.6711890420054726,FANCJKO,promoter,hybrid,1113
41,25.31645569620241,8.968697231594907,0.6406724139217845,FANCJKO,promoter,hybrid,1113
42,75.94936708860769,8.669968120547674,0.609029768422004,FANCJKO,promoter,hybrid,1113
43,126.58227848101251,8.423839748788287,0.5852790959344091,FANCJKO,promoter,hybrid,1113
44,177.21518987341778,8.050987203745972,0.5432470694728689,FANCJKO,promoter,hybrid,1113
45,227.8481012658226,7.573226741201402,0.49874120719700915,FANCJKO,promoter,hybrid,1113
46,278.4810126582279,7.108223460600311,0.4553286688422781,FANCJKO,promoter,hybrid,1113
47,329.1139240506327,6.795187192222393,0.42890765203829323,FANCJKO,promoter,hybrid,1113
48,379.746835443038,6.5288504295671865,0.405949060266471,FANCJKO,promoter,hybrid,1113
49,430.37974683544326,6.319913971355555,0.3836165215553117,FANCJKO,promoter,hybrid,1113
50,481.0126582278481,6.182665942461414,0.38289607958214095,FANCJKO,promoter,hybrid,1113
51,531.6455696202534,6.089591657009336,0.39472337828407267,FANCJKO,promoter,hybrid,1113
52,582.2784810126582,6.042756439851908,0.41086390712797993,FANCJKO,promoter,hybrid,1113
53,632.9113924050635,6.074388288062788,0.44846346903237594,FANCJKO,promoter,hybrid,1113
54,683.5443037974683,6.136313736362349,0.5022981855569405,FANCJKO,promoter,hybrid,1113
55,734.1772151898736,6.110173027325477,0.5489879830814751,FANCJKO,promoter,hybrid,1113
56,784.8101265822784,6.089344038112894,0.57301464432836,FANCJKO,promoter,hybrid,1113
57,835.4430379746836,6.023752763147089,0.5654517205903907,FANCJKO,promoter,hybrid,1113
58,886.0759493670885,6.0025710619263535,0.5488157543320508,FANCJKO,promoter,hybrid,1113
59,936.7088607594937,5.912472100950494,0.5146501131678132,FANCJKO,promoter,hybrid,1113
60,987.3417721518986,5.897139045149668,0.470503755442071,FANCJKO,promoter,hybrid,1113
61,1037.9746835443038,5.975855523076875,0.4774625483649802,FANCJKO,promoter,hybrid,1113
62,1088.6075949367087,6.00182655018652,0.4878839545206367,FANCJKO,promoter,hybrid,1113
63,1139.240506329114,5.996811634940849,0.49834823229857567,FANCJKO,promoter,hybrid,1113
64,1189.8734177215188,6.069976275726934,0.5233351248478381,FANCJKO,promoter,hybrid,1113
65,1240.506329113924,6.217884014271876,0.5362168924544388,FANCJKO,promoter,hybrid,1113
66,1291.1392405063293,6.219578157083187,0.5224380179058914,FANCJKO,promoter,hybrid,1113
67,1341.7721518987341,6.2183954239462835,0.5029767380007975,FANCJKO,promoter,hybrid,1113
68,1392.4050632911394,6.104701950704312,0.46889659614830836,FANCJKO,promoter,hybrid,1113
69,1443.0379746835442,6.040524402143856,0.4460658666875879,FANCJKO,promoter,hybrid,1113
70,1493.6708860759495,6.008776150640166,0.4369905861032533,FANCJKO,promoter,hybrid,1113
71,1544.3037974683543,5.9837803021952505,0.43009983745362684,FANCJKO,promoter,hybrid,1113
72,1594.9367088607596,5.856606330951554,0.419835488406075,FANCJKO,promoter,hybrid,1113
73,1645.5696202531644,5.633897880066937,0.3947350122029026,FANCJKO,promoter,hybrid,1113
74,1696.2025316455697,5.540641491089655,0.3740192247645669,FANCJKO,promoter,hybrid,1113
75,1746.8354430379745,5.451350174664237,0.35032178097615085,FANCJKO,promoter,hybrid,1113
76,1797.4683544303798,5.453566905318994,0.36633775914388894,FANCJKO,promoter,hybrid,1113
77,1848.1012658227846,5.423201721727795,0.3846497118711071,FANCJKO,promoter,hybrid,1113
78,1898.73417721519,5.412351130861549,0.3939944631636928,FANCJKO,promoter,hybrid,1113
79,1949.3670886075947,5.516074576819861,0.40863839425124737,FANCJKO,promoter,hybrid,1113
80,2000,5.4878320686557975,0.4092455410733729,FANCJKO,promoter,hybrid,1113
1,-2000,1.3332924397954529,0.012261430513364983,FANCJKO,promoter,none,14910
2,-1949.367088607595,1.325751275937536,0.012138556420668719,FANCJKO,promoter,none,14910
3,-1898.73417721519,1.315357954371705,0.012049964943272812,FANCJKO,promoter,none,14910
4,-1848.1012658227849,1.308592360476993,0.011956526824693737,FANCJKO,promoter,none,14910
5,-1797.4683544303798,1.3039041256511372,0.011863488843630192,FANCJKO,promoter,none,14910
6,-1746.8354430379748,1.3043496163019708,0.011886171429702448,FANCJKO,promoter,none,14910
7,-1696.2025316455697,1.306824526056369,0.011911148613317334,FANCJKO,promoter,none,14910
8,-1645.5696202531644,1.3033735585031299,0.011988528453717898,FANCJKO,promoter,none,14910
9,-1594.9367088607596,1.2973708356259932,0.011953979327038438,FANCJKO,promoter,none,14910
10,-1544.3037974683543,1.2986993627559955,0.011942000023185802,FANCJKO,promoter,none,14910
11,-1493.6708860759495,1.3075393583707606,0.01201019409598771,FANCJKO,promoter,none,14910
12,-1443.0379746835442,1.3079062102642105,0.01200278974455909,FANCJKO,promoter,none,14910
13,-1392.4050632911392,1.3052280263304243,0.011978636809547855,FANCJKO,promoter,none,14910
14,-1341.7721518987341,1.3056796328466291,0.012033580708544324,FANCJKO,promoter,none,14910
15,-1291.139240506329,1.3021455750757247,0.011963197857290504,FANCJKO,promoter,none,14910
16,-1240.506329113924,1.3003914839470962,0.011933334323416325,FANCJKO,promoter,none,14910
17,-1189.873417721519,1.3036955049552545,0.011866425562250227,FANCJKO,promoter,none,14910
18,-1139.240506329114,1.3043590132919376,0.011871373160598855,FANCJKO,promoter,none,14910
19,-1088.607594936709,1.3064635320069393,0.011944105559847061,FANCJKO,promoter,none,14910
20,-1037.9746835443038,1.3066796091732675,0.011967231740666402,FANCJKO,promoter,none,14910
21,-987.3417721518988,1.3099127381168865,0.011979034358097919,FANCJKO,promoter,none,14910
22,-936.7088607594937,1.3067237058256755,0.011986825578474964,FANCJKO,promoter,none,14910
23,-886.0759493670887,1.2995273159853469,0.012023657689986597,FANCJKO,promoter,none,14910
24,-835.4430379746836,1.2955958085550456,0.011991469022677177,FANCJKO,promoter,none,14910
25,-784.8101265822784,1.2943420498087541,0.011920271346647285,FANCJKO,promoter,none,14910
26,-734.1772151898733,1.2961369465302606,0.011931018849488226,FANCJKO,promoter,none,14910
27,-683.5443037974683,1.2945779337066659,0.012022797676251123,FANCJKO,promoter,none,14910
28,-632.9113924050632,1.2942299487850897,0.011999144553309516,FANCJKO,promoter,none,14910
29,-582.2784810126582,1.2941401854129637,0.011956511420548056,FANCJKO,promoter,none,14910
30,-531.6455696202531,1.296455989039183,0.011882116928479836,FANCJKO,promoter,none,14910
31,-481.0126582278481,1.2908672758082995,0.011790990377440766,FANCJKO,promoter,none,14910
32,-430.37974683544303,1.2806502875099384,0.011664355392950543,FANCJKO,promoter,none,14910
33,-379.746835443038,1.2923611200936518,0.011711752931127807,FANCJKO,promoter,none,14910
34,-329.11392405063293,1.2952582396287118,0.011817665586307324,FANCJKO,promoter,none,14910
35,-278.4810126582279,1.2994147849024789,0.011866494033355494,FANCJKO,promoter,none,14910
36,-227.84810126582283,1.2956863424957525,0.011838451044840532,FANCJKO,promoter,none,14910
37,-177.21518987341778,1.2978189128901556,0.01193212784502672,FANCJKO,promoter,none,14910
38,-126.58227848101274,1.2994295291111508,0.012130814068853512,FANCJKO,promoter,none,14910
39,-75.94936708860769,1.2962318888939346,0.012139207710110754,FANCJKO,promoter,none,14910
40,-25.316455696202638,1.2941311068210983,0.012101305415905523,FANCJKO,promoter,none,14910
41,25.31645569620241,1.296659280785461,0.011876148547238142,FANCJKO,promoter,none,14910
42,75.94936708860769,1.3007776911838405,0.011816924327928517,FANCJKO,promoter,none,14910
43,126.58227848101251,1.3067863413259142,0.011866606493936236,FANCJKO,promoter,none,14910
44,177.21518987341778,1.3011744085412518,0.011963027889453588,FANCJKO,promoter,none,14910
45,227.8481012658226,1.2988601584566297,0.012003550833657013,FANCJKO,promoter,none,14910
46,278.4810126582279,1.2903996169136798,0.011951240323990335,FANCJKO,promoter,none,14910
47,329.1139240506327,1.2827072118260496,0.011876292287080396,FANCJKO,promoter,none,14910
48,379.746835443038,1.2805041962986734,0.011877123369951729,FANCJKO,promoter,none,14910
49,430.37974683544326,1.2825152540947482,0.011920342956106944,FANCJKO,promoter,none,14910
50,481.0126582278481,1.2840874946806486,0.01193384953423341,FANCJKO,promoter,none,14910
51,531.6455696202534,1.285751173228509,0.011931019183906934,FANCJKO,promoter,none,14910
52,582.2784810126582,1.2829857385977277,0.011866179770396298,FANCJKO,promoter,none,14910
53,632.9113924050635,1.285670092288661,0.011871106493673834,FANCJKO,promoter,none,14910
54,683.5443037974683,1.2895258484799097,0.011867249065489966,FANCJKO,promoter,none,14910
55,734.1772151898736,1.2849133775352939,0.011782515555083098,FANCJKO,promoter,none,14910
56,784.8101265822784,1.2838969055774216,0.011776363176901302,FANCJKO,promoter,none,14910
57,835.4430379746836,1.2821346099217945,0.011771629655937239,FANCJKO,promoter,none,14910
58,886.0759493670885,1.279109029449445,0.011758412692276442,FANCJKO,promoter,none,14910
59,936.7088607594937,1.2791128043584192,0.011723153312200868,FANCJKO,promoter,none,14910
60,987.3417721518986,1.2779803259154754,0.011676470208811898,FANCJKO,promoter,none,14910
61,1037.9746835443038,1.280428651568686,0.0116780728245543,FANCJKO,promoter,none,14910
62,1088.6075949367087,1.2889311785630708,0.011770325497628608,FANCJKO,promoter,none,14910
63,1139.240506329114,1.3013543093535036,0.011881112444625622,FANCJKO,promoter,none,14910
64,1189.8734177215188,1.3094909199792772,0.011920093046614682,FANCJKO,promoter,none,14910
65,1240.506329113924,1.3076706004100611,0.011913272785689908,FANCJKO,promoter,none,14910
66,1291.1392405063293,1.307016055754691,0.011902976659586603,FANCJKO,promoter,none,14910
67,1341.7721518987341,1.305672213367585,0.011919428729864226,FANCJKO,promoter,none,14910
68,1392.4050632911394,1.2989364345916983,0.011979463276627023,FANCJKO,promoter,none,14910
69,1443.0379746835442,1.2966001383532904,0.01197033842921056,FANCJKO,promoter,none,14910
70,1493.6708860759495,1.298027267441382,0.011983638446523956,FANCJKO,promoter,none,14910
71,1544.3037974683543,1.3027760070318128,0.01207733408508544,FANCJKO,promoter,none,14910
72,1594.9367088607596,1.3045869350230066,0.01199630834494915,FANCJKO,promoter,none,14910
73,1645.5696202531644,1.305753912937245,0.012011147998168912,FANCJKO,promoter,none,14910
74,1696.2025316455697,1.3074169553129469,0.011977591375211812,FANCJKO,promoter,none,14910
75,1746.8354430379745,1.312857786948934,0.011900494193363465,FANCJKO,promoter,none,14910
76,1797.4683544303798,1.3166306227771738,0.011966316799923445,FANCJKO,promoter,none,14910
77,1848.1012658227846,1.3124448742836103,0.011879209816326097,FANCJKO,promoter,none,14910
78,1898.73417721519,1.312869761384866,0.011864275722040038,FANCJKO,promoter,none,14910
79,1949.3670886075947,1.3180726472452422,0.011987834720963497,FANCJKO,promoter,none,14910
80,2000,1.3238042289627816,0.012133742465758102,FANCJKO,promoter,none,14910
1,-2000,4.493549128860286,0.14917969755921956,FANCJKO,5UTR,parallel,4744
2,-1949.367088607595,4.488548359649613,0.14601094369251252,FANCJKO,5UTR,parallel,4744
3,-1898.73417721519,4.528134129198332,0.14447377638936237,FANCJKO,5UTR,parallel,4744
4,-1848.1012658227849,4.568602889390257,0.14218942813241078,FANCJKO,5UTR,parallel,4744
5,-1797.4683544303798,4.5961016692880365,0.1408283382209636,FANCJKO,5UTR,parallel,4744
6,-1746.8354430379748,4.656542874032724,0.14011231294211976,FANCJKO,5UTR,parallel,4744
7,-1696.2025316455697,4.727155780297374,0.14350052170902436,FANCJKO,5UTR,parallel,4744
8,-1645.5696202531644,4.844194439324587,0.1536602203167414,FANCJKO,5UTR,parallel,4744
9,-1594.9367088607596,5.035336551530063,0.1732936293174828,FANCJKO,5UTR,parallel,4744
10,-1544.3037974683543,5.121314294861568,0.17248714656126982,FANCJKO,5UTR,parallel,4744
11,-1493.6708860759495,5.196439735791434,0.17597845186758104,FANCJKO,5UTR,parallel,4744
12,-1443.0379746835442,5.281460786287774,0.18802304919463783,FANCJKO,5UTR,parallel,4744
13,-1392.4050632911392,5.395966057553092,0.1978591475119367,FANCJKO,5UTR,parallel,4744
14,-1341.7721518987341,5.504839673631308,0.19760341237781726,FANCJKO,5UTR,parallel,4744
15,-1291.139240506329,5.634102178588384,0.1952796762709581,FANCJKO,5UTR,parallel,4744
16,-1240.506329113924,5.752683879078574,0.19029471767138742,FANCJKO,5UTR,parallel,4744
17,-1189.873417721519,5.931638494309849,0.19141680903037714,FANCJKO,5UTR,parallel,4744
18,-1139.240506329114,6.1868628746326415,0.1952983997968563,FANCJKO,5UTR,parallel,4744
19,-1088.607594936709,6.48674882135879,0.2070654861406923,FANCJKO,5UTR,parallel,4744
20,-1037.9746835443038,6.7401563419419235,0.21443995989626052,FANCJKO,5UTR,parallel,4744
21,-987.3417721518988,7.000889371334669,0.22246015074533565,FANCJKO,5UTR,parallel,4744
22,-936.7088607594937,7.340012676313126,0.2312253096867572,FANCJKO,5UTR,parallel,4744
23,-886.0759493670887,7.7246163962190915,0.24205342249575704,FANCJKO,5UTR,parallel,4744
24,-835.4430379746836,8.115217242687857,0.2494139541306308,FANCJKO,5UTR,parallel,4744
25,-784.8101265822784,8.52284610290987,0.25600152790417857,FANCJKO,5UTR,parallel,4744
26,-734.1772151898733,8.831124479158197,0.25420623525635383,FANCJKO,5UTR,parallel,4744
27,-683.5443037974683,9.216796280648214,0.2510135595117885,FANCJKO,5UTR,parallel,4744
28,-632.9113924050632,9.730974471838772,0.25814890445065536,FANCJKO,5UTR,parallel,4744
29,-582.2784810126582,10.293282741552963,0.2742268675529936,FANCJKO,5UTR,parallel,4744
30,-531.6455696202531,10.873828155555673,0.2898599224597644,FANCJKO,5UTR,parallel,4744
31,-481.0126582278481,11.48510005783455,0.30663052100435323,FANCJKO,5UTR,parallel,4744
32,-430.37974683544303,12.044702061265456,0.3174299592795791,FANCJKO,5UTR,parallel,4744
33,-379.746835443038,12.63914750452203,0.32762517187291396,FANCJKO,5UTR,parallel,4744
34,-329.11392405063293,13.265179261744793,0.34211903840505864,FANCJKO,5UTR,parallel,4744
35,-278.4810126582279,13.94807363302035,0.36078064145401506,FANCJKO,5UTR,parallel,4744
36,-227.84810126582283,14.475489419110374,0.3706796057814962,FANCJKO,5UTR,parallel,4744
37,-177.21518987341778,14.949715094647091,0.3757546724040984,FANCJKO,5UTR,parallel,4744
38,-126.58227848101274,15.173452748826142,0.36637769958510014,FANCJKO,5UTR,parallel,4744
39,-75.94936708860769,15.184882724291324,0.35201081449948585,FANCJKO,5UTR,parallel,4744
40,-25.316455696202638,14.95418433194267,0.33464612149027245,FANCJKO,5UTR,parallel,4744
41,25.31645569620241,14.635463437574375,0.3166230751076609,FANCJKO,5UTR,parallel,4744
42,75.94936708860769,14.283718154225342,0.3081516477697638,FANCJKO,5UTR,parallel,4744
43,126.58227848101251,13.859177853189506,0.2993330763509626,FANCJKO,5UTR,parallel,4744
44,177.21518987341778,13.292894387432469,0.28316730294612863,FANCJKO,5UTR,parallel,4744
45,227.8481012658226,12.68887939555649,0.2668957422234078,FANCJKO,5UTR,parallel,4744
46,278.4810126582279,12.119876166498011,0.25628514568369665,FANCJKO,5UTR,parallel,4744
47,329.1139240506327,11.596387059377143,0.25076738082547684,FANCJKO,5UTR,parallel,4744
48,379.746835443038,11.093176829908556,0.2490608522394617,FANCJKO,5UTR,parallel,4744
49,430.37974683544326,10.582091949676919,0.247394819693297,FANCJKO,5UTR,parallel,4744
50,481.0126582278481,10.135631106034332,0.24815240550521434,FANCJKO,5UTR,parallel,4744
51,531.6455696202534,9.788222868277526,0.24981212864054753,FANCJKO,5UTR,parallel,4744
52,582.2784810126582,9.510749439335962,0.2567676195873599,FANCJKO,5UTR,parallel,4744
53,632.9113924050635,9.104298245122823,0.25569271445716774,FANCJKO,5UTR,parallel,4744
54,683.5443037974683,8.701604514012617,0.2544007462795699,FANCJKO,5UTR,parallel,4744
55,734.1772151898736,8.329870241183857,0.25047309480332625,FANCJKO,5UTR,parallel,4744
56,784.8101265822784,7.973865773780685,0.2450751209002805,FANCJKO,5UTR,parallel,4744
57,835.4430379746836,7.6850355427413595,0.24348291140413708,FANCJKO,5UTR,parallel,4744
58,886.0759493670885,7.432861308926877,0.24259540538498467,FANCJKO,5UTR,parallel,4744
59,936.7088607594937,7.132532545924187,0.2339715842398824,FANCJKO,5UTR,parallel,4744
60,987.3417721518986,6.8754142719545746,0.22369940380010944,FANCJKO,5UTR,parallel,4744
61,1037.9746835443038,6.623218595448875,0.21406622501615685,FANCJKO,5UTR,parallel,4744
62,1088.6075949367087,6.388616162663333,0.20638180418701405,FANCJKO,5UTR,parallel,4744
63,1139.240506329114,6.134199864201964,0.196228255251813,FANCJKO,5UTR,parallel,4744
64,1189.8734177215188,5.9400479025524815,0.18684277932932605,FANCJKO,5UTR,parallel,4744
65,1240.506329113924,5.720133999939914,0.17874947390950413,FANCJKO,5UTR,parallel,4744
66,1291.1392405063293,5.570312673102409,0.17874624061311595,FANCJKO,5UTR,parallel,4744
67,1341.7721518987341,5.411185948605314,0.17602060563693595,FANCJKO,5UTR,parallel,4744
68,1392.4050632911394,5.263137633773703,0.1718392116778019,FANCJKO,5UTR,parallel,4744
69,1443.0379746835442,5.092332178951985,0.16624796938719139,FANCJKO,5UTR,parallel,4744
70,1493.6708860759495,4.925030944652776,0.16102065262176424,FANCJKO,5UTR,parallel,4744
71,1544.3037974683543,4.799941188555008,0.15851134851014095,FANCJKO,5UTR,parallel,4744
72,1594.9367088607596,4.669012762745858,0.1543854145112946,FANCJKO,5UTR,parallel,4744
73,1645.5696202531644,4.576316619745261,0.15172023078542848,FANCJKO,5UTR,parallel,4744
74,1696.2025316455697,4.511667379567535,0.15079624829538105,FANCJKO,5UTR,parallel,4744
75,1746.8354430379745,4.4552391676062815,0.14847610777278838,FANCJKO,5UTR,parallel,4744
76,1797.4683544303798,4.424765935747425,0.14711907920632322,FANCJKO,5UTR,parallel,4744
77,1848.1012658227846,4.3769235385514635,0.1444989125754799,FANCJKO,5UTR,parallel,4744
78,1898.73417721519,4.273094916891656,0.13621027772864613,FANCJKO,5UTR,parallel,4744
79,1949.3670886075947,4.1857959153497735,0.12997783750558653,FANCJKO,5UTR,parallel,4744
80,2000,4.087395189466639,0.12566017022151285,FANCJKO,5UTR,parallel,4744
1,-2000,5.526101428781237,1.0001585757501967,FANCJKO,5UTR,antiparallel,343
2,-1949.367088607595,5.319644526061326,0.9293537101718116,FANCJKO,5UTR,antiparallel,343
3,-1898.73417721519,5.02663742619191,0.7903165087305266,FANCJKO,5UTR,antiparallel,343
4,-1848.1012658227849,4.928470852986717,0.6747204198472012,FANCJKO,5UTR,antiparallel,343
5,-1797.4683544303798,4.733998826875399,0.5616099802949437,FANCJKO,5UTR,antiparallel,343
6,-1746.8354430379748,4.699742012204651,0.558094318807471,FANCJKO,5UTR,antiparallel,343
7,-1696.2025316455697,4.685618299518081,0.5658701275149379,FANCJKO,5UTR,antiparallel,343
8,-1645.5696202531644,4.593867941743778,0.5382246710799425,FANCJKO,5UTR,antiparallel,343
9,-1594.9367088607596,4.542303228932057,0.5321402504166325,FANCJKO,5UTR,antiparallel,343
10,-1544.3037974683543,4.444970442113422,0.5029419621949122,FANCJKO,5UTR,antiparallel,343
11,-1493.6708860759495,4.314427409012185,0.4330803672909034,FANCJKO,5UTR,antiparallel,343
12,-1443.0379746835442,4.153965520844863,0.38652221787040675,FANCJKO,5UTR,antiparallel,343
13,-1392.4050632911392,4.0261741694162145,0.33856398300462104,FANCJKO,5UTR,antiparallel,343
14,-1341.7721518987341,4.070526906500984,0.31684671594523695,FANCJKO,5UTR,antiparallel,343
15,-1291.139240506329,4.204395292993885,0.3386632813918138,FANCJKO,5UTR,antiparallel,343
16,-1240.506329113924,4.397300812171662,0.38759020943631617,FANCJKO,5UTR,antiparallel,343
17,-1189.873417721519,4.549476252098009,0.41780247224202904,FANCJKO,5UTR,antiparallel,343
18,-1139.240506329114,4.650585318872139,0.42057672555624276,FANCJKO,5UTR,antiparallel,343
19,-1088.607594936709,4.714235634120259,0.4051980648679346,FANCJKO,5UTR,antiparallel,343
20,-1037.9746835443038,4.96238063527034,0.4281303091954199,FANCJKO,5UTR,antiparallel,343
21,-987.3417721518988,5.158330730015613,0.46133069066746313,FANCJKO,5UTR,antiparallel,343
22,-936.7088607594937,5.348514966123653,0.49423405344752525,FANCJKO,5UTR,antiparallel,343
23,-886.0759493670887,5.644790806698498,0.5091593096773116,FANCJKO,5UTR,antiparallel,343
24,-835.4430379746836,5.974281743837863,0.5350949511306168,FANCJKO,5UTR,antiparallel,343
25,-784.8101265822784,6.403010222341854,0.5625381951880498,FANCJKO,5UTR,antiparallel,343
26,-734.1772151898733,6.842064221857588,0.5981838750447852,FANCJKO,5UTR,antiparallel,343
27,-683.5443037974683,7.291555068539229,0.6448757544217731,FANCJKO,5UTR,antiparallel,343
28,-632.9113924050632,8.051041841926335,0.7017678938741653,FANCJKO,5UTR,antiparallel,343
29,-582.2784810126582,8.7730438260527,0.7357287147986319,FANCJKO,5UTR,antiparallel,343
30,-531.6455696202531,9.316021819545647,0.797878998898408,FANCJKO,5UTR,antiparallel,343
31,-481.0126582278481,9.877741542856478,0.8813351942979512,FANCJKO,5UTR,antiparallel,343
32,-430.37974683544303,10.678169084712067,1.0116461364152844,FANCJKO,5UTR,antiparallel,343
33,-379.746835443038,11.545620725154876,1.1481226419455575,FANCJKO,5UTR,antiparallel,343
34,-329.11392405063293,12.346653298286702,1.2580834534341,FANCJKO,5UTR,antiparallel,343
35,-278.4810126582279,13.031641255829147,1.2918417360088947,FANCJKO,5UTR,antiparallel,343
36,-227.84810126582283,13.761704440988073,1.3018884082828406,FANCJKO,5UTR,antiparallel,343
37,-177.21518987341778,14.020688382569045,1.269040807211306,FANCJKO,5UTR,antiparallel,343
38,-126.58227848101274,14.088608383469726,1.210825263553243,FANCJKO,5UTR,antiparallel,343
39,-75.94936708860769,14.015330486348581,1.1215112463824746,FANCJKO,5UTR,antiparallel,343
40,-25.316455696202638,13.968845979479243,1.079708320926498,FANCJKO,5UTR,antiparallel,343
41,25.31645569620241,13.749456779938281,1.0647412787399775,FANCJKO,5UTR,antiparallel,343
42,75.94936708860769,13.479750242110475,1.0432164575807963,FANCJKO,5UTR,antiparallel,343
43,126.58227848101251,13.287353261374408,0.9932656818417334,FANCJKO,5UTR,antiparallel,343
44,177.21518987341778,12.745709698105228,0.8885215300531275,FANCJKO,5UTR,antiparallel,343
45,227.8481012658226,12.261513214678992,0.8064861543272451,FANCJKO,5UTR,antiparallel,343
46,278.4810126582279,11.781414984011674,0.7674815613788695,FANCJKO,5UTR,antiparallel,343
47,329.1139240506327,11.405141720943247,0.7609769434278734,FANCJKO,5UTR,antiparallel,343
48,379.746835443038,10.98906503327039,0.7740899201225626,FANCJKO,5UTR,antiparallel,343
49,430.37974683544326,10.893411629790815,0.8201657362617283,FANCJKO,5UTR,antiparallel,343
50,481.0126582278481,10.771476378964497,0.8662606590137224,FANCJKO,5UTR,antiparallel,343
51,531.6455696202534,10.331416555268888,0.8778288274759856,FANCJKO,5UTR,antiparallel,343
52,582.2784810126582,9.979143897317009,0.913931616434198,FANCJKO,5UTR,antiparallel,343
53,632.9113924050635,9.480866864494494,0.9220108910212415,FANCJKO,5UTR,antiparallel,343
54,683.5443037974683,9.03566036056615,0.925393899012026,FANCJKO,5UTR,antiparallel,343
55,734.1772151898736,8.760228921067263,0.9027913403134146,FANCJKO,5UTR,antiparallel,343
56,784.8101265822784,8.549551354937465,0.9133631895569568,FANCJKO,5UTR,antiparallel,343
57,835.4430379746836,8.446189441428356,0.9604483521393483,FANCJKO,5UTR,antiparallel,343
58,886.0759493670885,8.09420812503242,0.9767162652282421,FANCJKO,5UTR,antiparallel,343
59,936.7088607594937,7.790540646640158,0.9842315577248748,FANCJKO,5UTR,antiparallel,343
60,987.3417721518986,7.368201889535313,0.9105819857824253,FANCJKO,5UTR,antiparallel,343
61,1037.9746835443038,6.967794902132366,0.8191016197489848,FANCJKO,5UTR,antiparallel,343
62,1088.6075949367087,6.550818734104131,0.6752752388831127,FANCJKO,5UTR,antiparallel,343
63,1139.240506329114,6.1719643545266605,0.5646060761016434,FANCJKO,5UTR,antiparallel,343
64,1189.8734177215188,5.990938917443634,0.5305902588177578,FANCJKO,5UTR,antiparallel,343
65,1240.506329113924,5.9082224497827545,0.5481908617703025,FANCJKO,5UTR,antiparallel,343
66,1291.1392405063293,5.99967329634406,0.5768171508053245,FANCJKO,5UTR,antiparallel,343
67,1341.7721518987341,6.001167664025106,0.5740554533597151,FANCJKO,5UTR,antiparallel,343
68,1392.4050632911394,5.860198727059527,0.569304111947065,FANCJKO,5UTR,antiparallel,343
69,1443.0379746835442,5.710708374029462,0.5612618413512497,FANCJKO,5UTR,antiparallel,343
70,1493.6708860759495,5.518733118671718,0.6028106059622652,FANCJKO,5UTR,antiparallel,343
71,1544.3037974683543,5.569566599152642,0.6882182355000961,FANCJKO,5UTR,antiparallel,343
72,1594.9367088607596,5.5318247350335,0.7577619894259061,FANCJKO,5UTR,antiparallel,343
73,1645.5696202531644,5.523802351536857,0.8022802441354908,FANCJKO,5UTR,antiparallel,343
74,1696.2025316455697,5.493929157604629,0.7819088477665588,FANCJKO,5UTR,antiparallel,343
75,1746.8354430379745,5.387550782705535,0.7325612865089982,FANCJKO,5UTR,antiparallel,343
76,1797.4683544303798,5.219830618312454,0.6780656416102151,FANCJKO,5UTR,antiparallel,343
77,1848.1012658227846,4.984409550939287,0.5875886931243537,FANCJKO,5UTR,antiparallel,343
78,1898.73417721519,4.707060288379677,0.5077732674542438,FANCJKO,5UTR,antiparallel,343
79,1949.3670886075947,4.5156924425617255,0.4737163784277807,FANCJKO,5UTR,antiparallel,343
80,2000,4.409214383464513,0.4838818733184471,FANCJKO,5UTR,antiparallel,343
1,-2000,4.384806763205554,0.36412641812440644,FANCJKO,5UTR,hybrid,728
2,-1949.367088607595,4.480835005782899,0.38826084243727926,FANCJKO,5UTR,hybrid,728
3,-1898.73417721519,4.485887244761863,0.38525149488268945,FANCJKO,5UTR,hybrid,728
4,-1848.1012658227849,4.525683596379809,0.37604341251481155,FANCJKO,5UTR,hybrid,728
5,-1797.4683544303798,4.6098050831689505,0.3855450484327815,FANCJKO,5UTR,hybrid,728
6,-1746.8354430379748,4.778308582843005,0.40514616085752986,FANCJKO,5UTR,hybrid,728
7,-1696.2025316455697,4.958346366637793,0.4268755070617439,FANCJKO,5UTR,hybrid,728
8,-1645.5696202531644,5.0947029891730224,0.45288598530372803,FANCJKO,5UTR,hybrid,728
9,-1594.9367088607596,5.263343837607256,0.4746204357922482,FANCJKO,5UTR,hybrid,728
10,-1544.3037974683543,5.415755825233765,0.4842573865147261,FANCJKO,5UTR,hybrid,728
11,-1493.6708860759495,5.513594832200925,0.46945169413471116,FANCJKO,5UTR,hybrid,728
12,-1443.0379746835442,5.478874233122711,0.45739428936543264,FANCJKO,5UTR,hybrid,728
13,-1392.4050632911392,5.611955768664678,0.49163150764104335,FANCJKO,5UTR,hybrid,728
14,-1341.7721518987341,5.868689978099786,0.5444260723266978,FANCJKO,5UTR,hybrid,728
15,-1291.139240506329,6.073976112214418,0.5870092647913531,FANCJKO,5UTR,hybrid,728
16,-1240.506329113924,6.266474799834765,0.6254160494110758,FANCJKO,5UTR,hybrid,728
17,-1189.873417721519,6.531938005734931,0.653405125284218,FANCJKO,5UTR,hybrid,728
18,-1139.240506329114,6.686516437217211,0.6209286280381523,FANCJKO,5UTR,hybrid,728
19,-1088.607594936709,6.742250524797501,0.5576376157895365,FANCJKO,5UTR,hybrid,728
20,-1037.9746835443038,6.935609955845517,0.5222650850070225,FANCJKO,5UTR,hybrid,728
21,-987.3417721518988,7.293549555397077,0.5719996540977065,FANCJKO,5UTR,hybrid,728
22,-936.7088607594937,7.694313066957634,0.6703161472906106,FANCJKO,5UTR,hybrid,728
23,-886.0759493670887,8.18435107601322,0.7374227757539715,FANCJKO,5UTR,hybrid,728
24,-835.4430379746836,8.80916955367222,0.8031125408493106,FANCJKO,5UTR,hybrid,728
25,-784.8101265822784,9.383437322097603,0.7828737224269534,FANCJKO,5UTR,hybrid,728
26,-734.1772151898733,9.879555016094512,0.7669727269642025,FANCJKO,5UTR,hybrid,728
27,-683.5443037974683,10.461195058233136,0.7732838335871459,FANCJKO,5UTR,hybrid,728
28,-632.9113924050632,11.077045243993783,0.804401786119916,FANCJKO,5UTR,hybrid,728
29,-582.2784810126582,11.756232355938945,0.8282291113004865,FANCJKO,5UTR,hybrid,728
30,-531.6455696202531,12.424705682701461,0.8799135597159543,FANCJKO,5UTR,hybrid,728
31,-481.0126582278481,13.009138595016449,0.9240617024742311,FANCJKO,5UTR,hybrid,728
32,-430.37974683544303,13.489275818153834,0.9252904848998468,FANCJKO,5UTR,hybrid,728
33,-379.746835443038,14.285165808572001,0.9453176009067388,FANCJKO,5UTR,hybrid,728
34,-329.11392405063293,15.257301369380384,0.98675480734560606,FANCJKO,5UTR,hybrid,728
35,-278.4810126582279,16.05579515228123,1.006195646216911,FANCJKO,5UTR,hybrid,728
36,-227.84810126582283,16.82398749104131,1.0128075213968317,FANCJKO,5UTR,hybrid,728
37,-177.21518987341778,17.61611177504172,1.0839955432522121,FANCJKO,5UTR,hybrid,728
38,-126.58227848101274,18.20582811495105,1.142827223021909,FANCJKO,5UTR,hybrid,728
39,-75.94936708860769,18.164507153740516,1.1191377785417838,FANCJKO,5UTR,hybrid,728
40,-25.316455696202638,17.871031386970163,1.0908791526945656,FANCJKO,5UTR,hybrid,728
41,25.31645569620241,17.135787650451554,1.0182025607200895,FANCJKO,5UTR,hybrid,728
42,75.94936708860769,16.320655182877303,0.9750280167161349,FANCJKO,5UTR,hybrid,728
43,126.58227848101251,15.441670393392497,0.9271871713819307,FANCJKO,5UTR,hybrid,728
44,177.21518987341778,14.755415206181478,0.905307748064291,FANCJKO,5UTR,hybrid,728
45,227.8481012658226,14.082124040216316,0.905007895045093,FANCJKO,5UTR,hybrid,728
46,278.4810126582279,13.395655148542408,0.8981659970003883,FANCJKO,5UTR,hybrid,728
47,329.1139240506327,12.749505835666762,0.84468531125251,FANCJKO,5UTR,hybrid,728
48,379.746835443038,12.040038042601212,0.7695768767784864,FANCJKO,5UTR,hybrid,728
49,430.37974683544326,11.443674725227522,0.7346427113274068,FANCJKO,5UTR,hybrid,728
50,481.0126582278481,10.833655327798683,0.7336870701010446,FANCJKO,5UTR,hybrid,728
51,531.6455696202534,10.185182534756459,0.7500941510739653,FANCJKO,5UTR,hybrid,728
52,582.2784810126582,9.581226652210011,0.7364329265701199,FANCJKO,5UTR,hybrid,728
53,632.9113924050635,9.150218035263238,0.7814416269447793,FANCJKO,5UTR,hybrid,728
54,683.5443037974683,8.652054044190562,0.8070409117219131,FANCJKO,5UTR,hybrid,728
55,734.1772151898736,8.224140283585468,0.8106229745589031,FANCJKO,5UTR,hybrid,728
56,784.8101265822784,7.85507723234512,0.7884313980930001,FANCJKO,5UTR,hybrid,728
57,835.4430379746836,7.563744292083459,0.7451916213306237,FANCJKO,5UTR,hybrid,728
58,886.0759493670885,7.284915503033133,0.674923871622154,FANCJKO,5UTR,hybrid,728
59,936.7088607594937,7.17234795829752,0.6777319965386257,FANCJKO,5UTR,hybrid,728
60,987.3417721518986,7.046044235646506,0.7069772218975255,FANCJKO,5UTR,hybrid,728
61,1037.9746835443038,6.857546692175088,0.7111310022567654,FANCJKO,5UTR,hybrid,728
62,1088.6075949367087,6.657871754871402,0.6911292751807664,FANCJKO,5UTR,hybrid,728
63,1139.240506329114,6.409502917299996,0.6857069252097361,FANCJKO,5UTR,hybrid,728
64,1189.8734177215188,6.203892385949801,0.6489702177120338,FANCJKO,5UTR,hybrid,728
65,1240.506329113924,5.878274930552903,0.5733122795279519,FANCJKO,5UTR,hybrid,728
66,1291.1392405063293,5.620980650718177,0.4940853173692707,FANCJKO,5UTR,hybrid,728
67,1341.7721518987341,5.375564727690412,0.43857466325032546,FANCJKO,5UTR,hybrid,728
68,1392.4050632911394,5.221037743368865,0.4077803818576556,FANCJKO,5UTR,hybrid,728
69,1443.0379746835442,5.089653320000285,0.39749089503554974,FANCJKO,5UTR,hybrid,728
70,1493.6708860759495,4.945472480621967,0.37184498535744603,FANCJKO,5UTR,hybrid,728
71,1544.3037974683543,4.729216764092227,0.3320794388449042,FANCJKO,5UTR,hybrid,728
72,1594.9367088607596,4.55471775964612,0.31080268531294325,FANCJKO,5UTR,hybrid,728
73,1645.5696202531644,4.404806191179997,0.29062350395230874,FANCJKO,5UTR,hybrid,728
74,1696.2025316455697,4.309871134207799,0.28768184918797696,FANCJKO,5UTR,hybrid,728
75,1746.8354430379745,4.262416802924195,0.28748460229590567,FANCJKO,5UTR,hybrid,728
76,1797.4683544303798,4.232119075903744,0.28360998943364835,FANCJKO,5UTR,hybrid,728
77,1848.1012658227846,4.14442775668242,0.2736238801999257,FANCJKO,5UTR,hybrid,728
78,1898.73417721519,4.0143160512170075,0.262146233374538,FANCJKO,5UTR,hybrid,728
79,1949.3670886075947,3.9302890916730893,0.2593409678818144,FANCJKO,5UTR,hybrid,728
80,2000,3.8989165905423655,0.27378209429491085,FANCJKO,5UTR,hybrid,728
1,-2000,2.5870694912349035,0.053118216334987235,FANCJKO,5UTR,none,16000
2,-1949.367088607595,2.573484098340278,0.052097396630232926,FANCJKO,5UTR,none,16000
3,-1898.73417721519,2.568646737460206,0.051405919747192115,FANCJKO,5UTR,none,16000
4,-1848.1012658227849,2.559629267051216,0.050861285075073086,FANCJKO,5UTR,none,16000
5,-1797.4683544303798,2.5351003050616256,0.05000734211778001,FANCJKO,5UTR,none,16000
6,-1746.8354430379748,2.539593120931642,0.049782672984770245,FANCJKO,5UTR,none,16000
7,-1696.2025316455697,2.541830866388068,0.04965706963369646,FANCJKO,5UTR,none,16000
8,-1645.5696202531644,2.5314362685223655,0.04944821594629788,FANCJKO,5UTR,none,16000
9,-1594.9367088607596,2.5268271813478727,0.048951187069899545,FANCJKO,5UTR,none,16000
10,-1544.3037974683543,2.5181787411808276,0.04798241136947494,FANCJKO,5UTR,none,16000
11,-1493.6708860759495,2.497448485087038,0.04732954340005348,FANCJKO,5UTR,none,16000
12,-1443.0379746835442,2.4964126294399365,0.047595270489333805,FANCJKO,5UTR,none,16000
13,-1392.4050632911392,2.494609945677462,0.04854385707502211,FANCJKO,5UTR,none,16000
14,-1341.7721518987341,2.4857934684947467,0.048668614894983794,FANCJKO,5UTR,none,16000
15,-1291.139240506329,2.465902752402198,0.04849387415211763,FANCJKO,5UTR,none,16000
16,-1240.506329113924,2.450327011661473,0.047450755743595474,FANCJKO,5UTR,none,16000
17,-1189.873417721519,2.4396403436090455,0.046599194295891586,FANCJKO,5UTR,none,16000
18,-1139.240506329114,2.4035929912443414,0.04442190127131449,FANCJKO,5UTR,none,16000
19,-1088.607594936709,2.3635452469047804,0.04169843534302102,FANCJKO,5UTR,none,16000
20,-1037.9746835443038,2.333830806592925,0.040148221475667746,FANCJKO,5UTR,none,16000
21,-987.3417721518988,2.287984163007168,0.03853058413799812,FANCJKO,5UTR,none,16000
22,-936.7088607594937,2.243537948679655,0.03697915968245726,FANCJKO,5UTR,none,16000
23,-886.0759493670887,2.207567638930141,0.03559414534546157,FANCJKO,5UTR,none,16000
24,-835.4430379746836,2.161784520677194,0.034359698082246766,FANCJKO,5UTR,none,16000
25,-784.8101265822784,2.1265710267240365,0.032776254830048146,FANCJKO,5UTR,none,16000
26,-734.1772151898733,2.0706196625427986,0.03093754671314698,FANCJKO,5UTR,none,16000
27,-683.5443037974683,2.025166276040796,0.02958401373595098,FANCJKO,5UTR,none,16000
28,-632.9113924050632,1.9769390644561329,0.02780494385386483,FANCJKO,5UTR,none,16000
29,-582.2784810126582,1.9243056563309922,0.02525433086354349,FANCJKO,5UTR,none,16000
30,-531.6455696202531,1.8647784021451106,0.022635188985683362,FANCJKO,5UTR,none,16000
31,-481.0126582278481,1.8003235461375533,0.020175688926251413,FANCJKO,5UTR,none,16000
32,-430.37974683544303,1.748314432053941,0.018340302781531738,FANCJKO,5UTR,none,16000
33,-379.746835443038,1.7089668450803965,0.016979884424019178,FANCJKO,5UTR,none,16000
34,-329.11392405063293,1.6762995770874392,0.015934457247972465,FANCJKO,5UTR,none,16000
35,-278.4810126582279,1.6572749328283243,0.015101376946692014,FANCJKO,5UTR,none,16000
36,-227.84810126582283,1.6477319432768736,0.01440246036673072,FANCJKO,5UTR,none,16000
37,-177.21518987341778,1.6275472811598153,0.013751010155607427,FANCJKO,5UTR,none,16000
38,-126.58227848101274,1.6043829097295887,0.013271118216294595,FANCJKO,5UTR,none,16000
39,-75.94936708860769,1.5848438736276407,0.012982947241070278,FANCJKO,5UTR,none,16000
40,-25.316455696202638,1.5787862631645218,0.01274726501222295,FANCJKO,5UTR,none,16000
41,25.31645569620241,1.5732041388132372,0.01264679448415588,FANCJKO,5UTR,none,16000
42,75.94936708860769,1.581221107000715,0.012792272716746956,FANCJKO,5UTR,none,16000
43,126.58227848101251,1.5919622696274343,0.01308268902873989,FANCJKO,5UTR,none,16000
44,177.21518987341778,1.6001541065377942,0.013494415561329453,FANCJKO,5UTR,none,16000
45,227.8481012658226,1.618599731661349,0.014072964281336513,FANCJKO,5UTR,none,16000
46,278.4810126582279,1.636735493204847,0.014925564517565637,FANCJKO,5UTR,none,16000
47,329.1139240506327,1.6616397858965297,0.01612360248632091,FANCJKO,5UTR,none,16000
48,379.746835443038,1.6869245412830494,0.017397749407772875,FANCJKO,5UTR,none,16000
49,430.37974683544326,1.725258646013987,0.01930787152024942,FANCJKO,5UTR,none,16000
50,481.0126582278481,1.7647037812064332,0.0207050026929146,FANCJKO,5UTR,none,16000
51,531.6455696202534,1.8131902621041758,0.021779120696988355,FANCJKO,5UTR,none,16000
52,582.2784810126582,1.862619813645582,0.023329980855207315,FANCJKO,5UTR,none,16000
53,632.9113924050635,1.9206171891927237,0.025003429111657403,FANCJKO,5UTR,none,16000
54,683.5443037974683,1.9736104331917785,0.026945746921705215,FANCJKO,5UTR,none,16000
55,734.1772151898736,2.025873166948068,0.029128879661871245,FANCJKO,5UTR,none,16000
56,784.8101265822784,2.0861002937501856,0.032941425823150634,FANCJKO,5UTR,none,16000
57,835.4430379746836,2.1274488238081797,0.03601747855321605,FANCJKO,5UTR,none,16000
58,886.0759493670885,2.169671708381971,0.038616397711412155,FANCJKO,5UTR,none,16000
59,936.7088607594937,2.2218230608653964,0.04087823035099337,FANCJKO,5UTR,none,16000
60,987.3417721518986,2.2435788312112797,0.04098963351203253,FANCJKO,5UTR,none,16000
61,1037.9746835443038,2.2744822165417147,0.041558257133091234,FANCJKO,5UTR,none,16000
62,1088.6075949367087,2.297120710055421,0.04240962833868377,FANCJKO,5UTR,none,16000
63,1139.240506329114,2.31923709198063,0.04304642218828088,FANCJKO,5UTR,none,16000
64,1189.8734177215188,2.3384888276544955,0.04440064966933601,FANCJKO,5UTR,none,16000
65,1240.506329113924,2.355925460393248,0.045250706212605664,FANCJKO,5UTR,none,16000
66,1291.1392405063293,2.370782058696465,0.04548765848703534,FANCJKO,5UTR,none,16000
67,1341.7721518987341,2.383192495676695,0.0451595235896257,FANCJKO,5UTR,none,16000
68,1392.4050632911394,2.3857367126676805,0.044420667934051035,FANCJKO,5UTR,none,16000
69,1443.0379746835442,2.390851963969987,0.043921673055892334,FANCJKO,5UTR,none,16000
70,1493.6708860759495,2.4056341536221972,0.0447954128493269,FANCJKO,5UTR,none,16000
71,1544.3037974683543,2.4199444212921866,0.04580482955770098,FANCJKO,5UTR,none,16000
72,1594.9367088607596,2.435087534050275,0.04605065336339114,FANCJKO,5UTR,none,16000
73,1645.5696202531644,2.4451599260319625,0.046672392679043134,FANCJKO,5UTR,none,16000
74,1696.2025316455697,2.453076860802401,0.04620413343044287,FANCJKO,5UTR,none,16000
75,1746.8354430379745,2.4557585392628645,0.04611359648269062,FANCJKO,5UTR,none,16000
76,1797.4683544303798,2.4504594650120834,0.0458692859845678,FANCJKO,5UTR,none,16000
77,1848.1012658227846,2.456784360423297,0.046489655394260546,FANCJKO,5UTR,none,16000
78,1898.73417721519,2.4758774699464854,0.04790616367664128,FANCJKO,5UTR,none,16000
79,1949.3670886075947,2.4869181334593384,0.047433128286075765,FANCJKO,5UTR,none,16000
80,2000,2.4872870453214655,0.04708911861388577,FANCJKO,5UTR,none,16000
1,-2000,4.124534564410292,0.10967069171126856,FANCJKO,intron1,parallel,7766
2,-1949.367088607595,4.124099702475583,0.1109154092514271,FANCJKO,intron1,parallel,7766
3,-1898.73417721519,4.115559012989843,0.11118806837314443,FANCJKO,intron1,parallel,7766
4,-1848.1012658227849,4.087958882532464,0.10833531361840976,FANCJKO,intron1,parallel,7766
5,-1797.4683544303798,4.063085019110876,0.10398268577312994,FANCJKO,intron1,parallel,7766
6,-1746.8354430379748,4.053115328602325,0.10149635317149616,FANCJKO,intron1,parallel,7766
7,-1696.2025316455697,4.056983926761037,0.1012953823351283,FANCJKO,intron1,parallel,7766
8,-1645.5696202531644,4.1049757661398045,0.10358511653873592,FANCJKO,intron1,parallel,7766
9,-1594.9367088607596,4.188162813387323,0.10792746204908459,FANCJKO,intron1,parallel,7766
10,-1544.3037974683543,4.2976770603915675,0.11627316567194762,FANCJKO,intron1,parallel,7766
11,-1493.6708860759495,4.358223593372144,0.12379091538053527,FANCJKO,intron1,parallel,7766
12,-1443.0379746835442,4.38674940713261,0.1262565247912619,FANCJKO,intron1,parallel,7766
13,-1392.4050632911392,4.426505889276321,0.1290010128959749,FANCJKO,intron1,parallel,7766
14,-1341.7721518987341,4.457592279307883,0.1288087928879928,FANCJKO,intron1,parallel,7766
15,-1291.139240506329,4.468477653512137,0.1248955192852375,FANCJKO,intron1,parallel,7766
16,-1240.506329113924,4.470879742500761,0.11976813515010352,FANCJKO,intron1,parallel,7766
17,-1189.873417721519,4.513722951424686,0.11794041790874965,FANCJKO,intron1,parallel,7766
18,-1139.240506329114,4.580262184450172,0.11875378243769708,FANCJKO,intron1,parallel,7766
19,-1088.607594936709,4.616378395781413,0.12155777643664807,FANCJKO,intron1,parallel,7766
20,-1037.9746835443038,4.663230446538799,0.12222925446340861,FANCJKO,intron1,parallel,7766
21,-987.3417721518988,4.703900626350835,0.12321417706853964,FANCJKO,intron1,parallel,7766
22,-936.7088607594937,4.739283472548351,0.12250941361327188,FANCJKO,intron1,parallel,7766
23,-886.0759493670887,4.773877020443506,0.12334570672426093,FANCJKO,intron1,parallel,7766
24,-835.4430379746836,4.797623927145928,0.12541260095897608,FANCJKO,intron1,parallel,7766
25,-784.8101265822784,4.807255250702233,0.12601356694799584,FANCJKO,intron1,parallel,7766
26,-734.1772151898733,4.833613322874192,0.12572081810916422,FANCJKO,intron1,parallel,7766
27,-683.5443037974683,4.881142786060836,0.1246556580200726,FANCJKO,intron1,parallel,7766
28,-632.9113924050632,4.943621108468607,0.12381553265434266,FANCJKO,intron1,parallel,7766
29,-582.2784810126582,4.975100585069152,0.12159466733435383,FANCJKO,intron1,parallel,7766
30,-531.6455696202531,4.9623651801472475,0.11868762545519261,FANCJKO,intron1,parallel,7766
31,-481.0126582278481,4.98909720869287,0.12082357788209808,FANCJKO,intron1,parallel,7766
32,-430.37974683544303,5.035435694268419,0.12348165934673001,FANCJKO,intron1,parallel,7766
33,-379.746835443038,5.048465176806019,0.12500931454086245,FANCJKO,intron1,parallel,7766
34,-329.11392405063293,5.060252886916836,0.12648590812134788,FANCJKO,intron1,parallel,7766
35,-278.4810126582279,5.066998895347574,0.128245089030678,FANCJKO,intron1,parallel,7766
36,-227.84810126582283,5.059263313532551,0.12791739707761624,FANCJKO,intron1,parallel,7766
37,-177.21518987341778,5.033039750826595,0.12685804274045082,FANCJKO,intron1,parallel,7766
38,-126.58227848101274,5.010913967522687,0.1271218627092375,FANCJKO,intron1,parallel,7766
39,-75.94936708860769,4.967129391735639,0.12698208114897191,FANCJKO,intron1,parallel,7766
40,-25.316455696202638,4.951692705940961,0.12715397480315538,FANCJKO,intron1,parallel,7766
41,25.31645569620241,4.936493546518197,0.12709832747165276,FANCJKO,intron1,parallel,7766
42,75.94936708860769,4.93810217657287,0.1263699154314769,FANCJKO,intron1,parallel,7766
43,126.58227848101251,4.920580367304775,0.12388265260512907,FANCJKO,intron1,parallel,7766
44,177.21518987341778,4.908693879058775,0.1225130423036535,FANCJKO,intron1,parallel,7766
45,227.8481012658226,4.903961529176791,0.12404208545441123,FANCJKO,intron1,parallel,7766
46,278.4810126582279,4.888334312000053,0.13016764295509164,FANCJKO,intron1,parallel,7766
47,329.1139240506327,4.862270881546158,0.13245447338661462,FANCJKO,intron1,parallel,7766
48,379.746835443038,4.821289739215903,0.13037332844962204,FANCJKO,intron1,parallel,7766
49,430.37974683544326,4.777682296871085,0.12849023538639912,FANCJKO,intron1,parallel,7766
50,481.0126582278481,4.71214211161039,0.1251487737013751,FANCJKO,intron1,parallel,7766
51,531.6455696202534,4.648667004489317,0.12208245680692217,FANCJKO,intron1,parallel,7766
52,582.2784810126582,4.627921139043599,0.12380379739515378,FANCJKO,intron1,parallel,7766
53,632.9113924050635,4.602679225903784,0.12393929684465052,FANCJKO,intron1,parallel,7766
54,683.5443037974683,4.528504467233177,0.11900710250556223,FANCJKO,intron1,parallel,7766
55,734.1772151898736,4.4555976922045,0.1159118032215546,FANCJKO,intron1,parallel,7766
56,784.8101265822784,4.386167385173833,0.11503373053785185,FANCJKO,intron1,parallel,7766
57,835.4430379746836,4.31019084581603,0.11353835163375503,FANCJKO,intron1,parallel,7766
58,886.0759493670885,4.228005435239891,0.11068878861671556,FANCJKO,intron1,parallel,7766
59,936.7088607594937,4.181696442039814,0.10828949890751065,FANCJKO,intron1,parallel,7766
60,987.3417721518986,4.139226573728494,0.10530153196140173,FANCJKO,intron1,parallel,7766
61,1037.9746835443038,4.100486743961836,0.10293528700783251,FANCJKO,intron1,parallel,7766
62,1088.6075949367087,4.06716291436587,0.10136701877426516,FANCJKO,intron1,parallel,7766
63,1139.240506329114,4.036837172895575,0.10030136227771155,FANCJKO,intron1,parallel,7766
64,1189.8734177215188,4.008327746647234,0.09768312228929105,FANCJKO,intron1,parallel,7766
65,1240.506329113924,4.009705592088919,0.09572620749589653,FANCJKO,intron1,parallel,7766
66,1291.1392405063293,3.9960275116304707,0.09430205320520714,FANCJKO,intron1,parallel,7766
67,1341.7721518987341,3.9907596059014985,0.09609351933587366,FANCJKO,intron1,parallel,7766
68,1392.4050632911394,3.984601060051971,0.09942603645251584,FANCJKO,intron1,parallel,7766
69,1443.0379746835442,3.972362924743511,0.10250191459382628,FANCJKO,intron1,parallel,7766
70,1493.6708860759495,3.9650150213276167,0.10531061880448214,FANCJKO,intron1,parallel,7766
71,1544.3037974683543,3.955396367225824,0.10563773401054785,FANCJKO,intron1,parallel,7766
72,1594.9367088607596,3.9454646928664063,0.10861450510084976,FANCJKO,intron1,parallel,7766
73,1645.5696202531644,3.9451626518285576,0.11520305274494566,FANCJKO,intron1,parallel,7766
74,1696.2025316455697,3.906759229227856,0.11733041462606497,FANCJKO,intron1,parallel,7766
75,1746.8354430379745,3.8557155591004375,0.11256195574011664,FANCJKO,intron1,parallel,7766
76,1797.4683544303798,3.7935449264896652,0.10276597639407932,FANCJKO,intron1,parallel,7766
77,1848.1012658227846,3.763807848533527,0.09637796247793344,FANCJKO,intron1,parallel,7766
78,1898.73417721519,3.7885497646720045,0.09667659962910602,FANCJKO,intron1,parallel,7766
79,1949.3670886075947,3.793413568986149,0.09737226260990445,FANCJKO,intron1,parallel,7766
80,2000,3.7937639579863824,0.09782546184657905,FANCJKO,intron1,parallel,7766
1,-2000,4.065556845771315,0.3630608065805232,FANCJKO,intron1,antiparallel,710
2,-1949.367088607595,4.198202074800858,0.41677823127231417,FANCJKO,intron1,antiparallel,710
3,-1898.73417721519,4.348145313777834,0.47760569514216533,FANCJKO,intron1,antiparallel,710
4,-1848.1012658227849,4.502718336382942,0.553560103989019,FANCJKO,intron1,antiparallel,710
5,-1797.4683544303798,4.639838576451154,0.6471077174344771,FANCJKO,intron1,antiparallel,710
6,-1746.8354430379748,4.749410096123745,0.6875367804466543,FANCJKO,intron1,antiparallel,710
7,-1696.2025316455697,4.904098937098409,0.7942005555175811,FANCJKO,intron1,antiparallel,710
8,-1645.5696202531644,5.003370818031786,0.8815617571404017,FANCJKO,intron1,antiparallel,710
9,-1594.9367088607596,4.993431464152716,0.9176454159404278,FANCJKO,intron1,antiparallel,710
10,-1544.3037974683543,4.952191640843808,0.9137726916408951,FANCJKO,intron1,antiparallel,710
11,-1493.6708860759495,5.015804594075735,0.919022690536674,FANCJKO,intron1,antiparallel,710
12,-1443.0379746835442,5.05039098896443,0.8910503663041196,FANCJKO,intron1,antiparallel,710
13,-1392.4050632911392,5.058731381832714,0.8027909138627287,FANCJKO,intron1,antiparallel,710
14,-1341.7721518987341,5.0177265053243145,0.7362329416339582,FANCJKO,intron1,antiparallel,710
15,-1291.139240506329,4.897906142520233,0.6424939850006439,FANCJKO,intron1,antiparallel,710
16,-1240.506329113924,4.8409798978203336,0.5920497142928938,FANCJKO,intron1,antiparallel,710
17,-1189.873417721519,4.807298022857854,0.5609071751315352,FANCJKO,intron1,antiparallel,710
18,-1139.240506329114,4.830233640530859,0.5499133328958997,FANCJKO,intron1,antiparallel,710
19,-1088.607594936709,4.805461039899101,0.5122989689021434,FANCJKO,intron1,antiparallel,710
20,-1037.9746835443038,4.66800574648884,0.46515749702573483,FANCJKO,intron1,antiparallel,710
21,-987.3417721518988,4.529980869031288,0.4199722611621546,FANCJKO,intron1,antiparallel,710
22,-936.7088607594937,4.439801245858412,0.39405026193345244,FANCJKO,intron1,antiparallel,710
23,-886.0759493670887,4.341073560320716,0.379742393401498,FANCJKO,intron1,antiparallel,710
24,-835.4430379746836,4.235954361718585,0.3567571408346281,FANCJKO,intron1,antiparallel,710
25,-784.8101265822784,4.169158855827761,0.3336462395466747,FANCJKO,intron1,antiparallel,710
26,-734.1772151898733,4.2247814530318895,0.3549394364203387,FANCJKO,intron1,antiparallel,710
27,-683.5443037974683,4.379404151177742,0.3839000528863936,FANCJKO,intron1,antiparallel,710
28,-632.9113924050632,4.462117718614882,0.37680073691287747,FANCJKO,intron1,antiparallel,710
29,-582.2784810126582,4.561923664531798,0.36868513393674696,FANCJKO,intron1,antiparallel,710
30,-531.6455696202531,4.664270386595121,0.3677204989208172,FANCJKO,intron1,antiparallel,710
31,-481.0126582278481,4.764352205382826,0.3843485966880114,FANCJKO,intron1,antiparallel,710
32,-430.37974683544303,4.830214237006057,0.40246378840409425,FANCJKO,intron1,antiparallel,710
33,-379.746835443038,4.950790886643907,0.4275195155256388,FANCJKO,intron1,antiparallel,710
34,-329.11392405063293,4.986026274025161,0.43955780243908943,FANCJKO,intron1,antiparallel,710
35,-278.4810126582279,5.0065782390939235,0.45283657389974674,FANCJKO,intron1,antiparallel,710
36,-227.84810126582283,4.953546690215528,0.4500380480945235,FANCJKO,intron1,antiparallel,710
37,-177.21518987341778,4.861946397097458,0.44826423379947244,FANCJKO,intron1,antiparallel,710
38,-126.58227848101274,4.724439495199722,0.4352152783596133,FANCJKO,intron1,antiparallel,710
39,-75.94936708860769,4.531077079153956,0.39149342372693596,FANCJKO,intron1,antiparallel,710
40,-25.316455696202638,4.364693493751293,0.35969428494288047,FANCJKO,intron1,antiparallel,710
41,25.31645569620241,4.16427592412183,0.3185537118675558,FANCJKO,intron1,antiparallel,710
42,75.94936708860769,3.9761908592618127,0.2760032629912973,FANCJKO,intron1,antiparallel,710
43,126.58227848101251,3.892838454216299,0.2605493878731912,FANCJKO,intron1,antiparallel,710
44,177.21518987341778,3.8777971800134776,0.25534478271248884,FANCJKO,intron1,antiparallel,710
45,227.8481012658226,3.9812476746106933,0.2560191355037338,FANCJKO,intron1,antiparallel,710
46,278.4810126582279,4.043832846213954,0.26431060124566313,FANCJKO,intron1,antiparallel,710
47,329.1139240506327,4.052115331731492,0.2687272285348062,FANCJKO,intron1,antiparallel,710
48,379.746835443038,4.02041747288189,0.26652514327462173,FANCJKO,intron1,antiparallel,710
49,430.37974683544326,4.064722221564799,0.2886788137393086,FANCJKO,intron1,antiparallel,710
50,481.0126582278481,4.0367801923874955,0.309717292514832,FANCJKO,intron1,antiparallel,710
51,531.6455696202534,4.117165490940703,0.3392288997181577,FANCJKO,intron1,antiparallel,710
52,582.2784810126582,4.1437289039070055,0.3402480505574609,FANCJKO,intron1,antiparallel,710
53,632.9113924050635,4.192640801092828,0.3197154542684438,FANCJKO,intron1,antiparallel,710
54,683.5443037974683,4.060215649585769,0.28822356737863203,FANCJKO,intron1,antiparallel,710
55,734.1772151898736,3.931657715078811,0.2810971649596237,FANCJKO,intron1,antiparallel,710
56,784.8101265822784,3.9016475813142573,0.2847644313632376,FANCJKO,intron1,antiparallel,710
57,835.4430379746836,3.79740739309396,0.26933706424650894,FANCJKO,intron1,antiparallel,710
58,886.0759493670885,3.712840346010638,0.2517956594891663,FANCJKO,intron1,antiparallel,710
59,936.7088607594937,3.676192410425401,0.23672118218582647,FANCJKO,intron1,antiparallel,710
60,987.3417721518986,3.6852868236644727,0.23508400286887304,FANCJKO,intron1,antiparallel,710
61,1037.9746835443038,3.657671125897779,0.23810346497333684,FANCJKO,intron1,antiparallel,710
62,1088.6075949367087,3.5494287013190453,0.23332975000208306,FANCJKO,intron1,antiparallel,710
63,1139.240506329114,3.5542509991428664,0.23366203835775837,FANCJKO,intron1,antiparallel,710
64,1189.8734177215188,3.5619143867425516,0.25550212300027086,FANCJKO,intron1,antiparallel,710
65,1240.506329113924,3.5865038518133296,0.27321198610697717,FANCJKO,intron1,antiparallel,710
66,1291.1392405063293,3.519145153467644,0.2672857512112689,FANCJKO,intron1,antiparallel,710
67,1341.7721518987341,3.4311278037398076,0.25109909800379443,FANCJKO,intron1,antiparallel,710
68,1392.4050632911394,3.2998199649719004,0.23746763994222805,FANCJKO,intron1,antiparallel,710
69,1443.0379746835442,3.3214178260021927,0.23923022623774465,FANCJKO,intron1,antiparallel,710
70,1493.6708860759495,3.458994553921928,0.26875691454267214,FANCJKO,intron1,antiparallel,710
71,1544.3037974683543,3.46123606438592,0.27444367595216823,FANCJKO,intron1,antiparallel,710
72,1594.9367088607596,3.4239799390342873,0.27148701266198055,FANCJKO,intron1,antiparallel,710
73,1645.5696202531644,3.4079713778742042,0.26871222028775865,FANCJKO,intron1,antiparallel,710
74,1696.2025316455697,3.415231194722261,0.25890990507716033,FANCJKO,intron1,antiparallel,710
75,1746.8354430379745,3.46628563102758,0.27750242162962896,FANCJKO,intron1,antiparallel,710
76,1797.4683544303798,3.486391828879504,0.3279796219757558,FANCJKO,intron1,antiparallel,710
77,1848.1012658227846,3.620149425736056,0.41170191539798084,FANCJKO,intron1,antiparallel,710
78,1898.73417721519,3.6717635945188047,0.4440724836022743,FANCJKO,intron1,antiparallel,710
79,1949.3670886075947,3.64275653974551,0.3941503832955632,FANCJKO,intron1,antiparallel,710
80,2000,3.6329857537141987,0.3617616032049294,FANCJKO,intron1,antiparallel,710
1,-2000,3.729210425771782,0.2561788274837385,FANCJKO,intron1,hybrid,1092
2,-1949.367088607595,3.7412470911201248,0.25545415546830597,FANCJKO,intron1,hybrid,1092
3,-1898.73417721519,3.793962348451399,0.25802785968460523,FANCJKO,intron1,hybrid,1092
4,-1848.1012658227849,3.896807233956853,0.26840691861749105,FANCJKO,intron1,hybrid,1092
5,-1797.4683544303798,3.989242730095564,0.2699870078712833,FANCJKO,intron1,hybrid,1092
6,-1746.8354430379748,4.021081020660307,0.2714706800404383,FANCJKO,intron1,hybrid,1092
7,-1696.2025316455697,3.9458799961001882,0.2740576293261823,FANCJKO,intron1,hybrid,1092
8,-1645.5696202531644,3.980360074337294,0.3016363796177582,FANCJKO,intron1,hybrid,1092
9,-1594.9367088607596,3.98642741498493,0.31569021368448963,FANCJKO,intron1,hybrid,1092
10,-1544.3037974683543,3.98367305923367,0.31613662473611875,FANCJKO,intron1,hybrid,1092
11,-1493.6708860759495,3.9270294696507437,0.3062706597932423,FANCJKO,intron1,hybrid,1092
12,-1443.0379746835442,3.916450058822958,0.30324706542120783,FANCJKO,intron1,hybrid,1092
13,-1392.4050632911392,3.9798823682685476,0.3015681124074184,FANCJKO,intron1,hybrid,1092
14,-1341.7721518987341,4.054563242210136,0.30378329310186275,FANCJKO,intron1,hybrid,1092
15,-1291.139240506329,4.140265018635763,0.30839550663418247,FANCJKO,intron1,hybrid,1092
16,-1240.506329113924,4.138469041596839,0.2793461348057689,FANCJKO,intron1,hybrid,1092
17,-1189.873417721519,4.204551910949423,0.26384988384908303,FANCJKO,intron1,hybrid,1092
18,-1139.240506329114,4.276091274092923,0.27872899711333576,FANCJKO,intron1,hybrid,1092
19,-1088.607594936709,4.448488105220381,0.3121356782473346,FANCJKO,intron1,hybrid,1092
20,-1037.9746835443038,4.654733293481508,0.3616635453617826,FANCJKO,intron1,hybrid,1092
21,-987.3417721518988,4.792522465032099,0.3778484248358119,FANCJKO,intron1,hybrid,1092
22,-936.7088607594937,4.902104115471589,0.38326840954483027,FANCJKO,intron1,hybrid,1092
23,-886.0759493670887,5.003253514568011,0.37672120227466765,FANCJKO,intron1,hybrid,1092
24,-835.4430379746836,4.994080852347998,0.35323968651781407,FANCJKO,intron1,hybrid,1092
25,-784.8101265822784,5.033115219040086,0.35581424223567376,FANCJKO,intron1,hybrid,1092
26,-734.1772151898733,5.05456299552769,0.3657041430842864,FANCJKO,intron1,hybrid,1092
27,-683.5443037974683,5.194333305006644,0.3780678908898076,FANCJKO,intron1,hybrid,1092
28,-632.9113924050632,5.246436065494359,0.37843625456229313,FANCJKO,intron1,hybrid,1092
29,-582.2784810126582,5.134296462751279,0.3568068742076257,FANCJKO,intron1,hybrid,1092
30,-531.6455696202531,5.050754102844022,0.33044837262449506,FANCJKO,intron1,hybrid,1092
31,-481.0126582278481,5.038631297519501,0.33661833948079023,FANCJKO,intron1,hybrid,1092
32,-430.37974683544303,4.998095194449209,0.3380207692286895,FANCJKO,intron1,hybrid,1092
33,-379.746835443038,5.021620773655591,0.33716860147945604,FANCJKO,intron1,hybrid,1092
34,-329.11392405063293,4.961482851158132,0.3294421743593691,FANCJKO,intron1,hybrid,1092
35,-278.4810126582279,4.966711190950594,0.3418199349979713,FANCJKO,intron1,hybrid,1092
36,-227.84810126582283,5.025218846793576,0.3676950309178257,FANCJKO,intron1,hybrid,1092
37,-177.21518987341778,5.047301416629255,0.38604370129119764,FANCJKO,intron1,hybrid,1092
38,-126.58227848101274,5.078915557845317,0.3873328098643341,FANCJKO,intron1,hybrid,1092
39,-75.94936708860769,5.119378841403639,0.37880631501425166,FANCJKO,intron1,hybrid,1092
40,-25.316455696202638,5.058777392935258,0.3590342634516032,FANCJKO,intron1,hybrid,1092
41,25.31645569620241,5.004687859991677,0.33796319725972024,FANCJKO,intron1,hybrid,1092
42,75.94936708860769,5.053965079777844,0.3241670777330841,FANCJKO,intron1,hybrid,1092
43,126.58227848101251,5.050096545877329,0.3124591034279348,FANCJKO,intron1,hybrid,1092
44,177.21518987341778,4.999282712857802,0.31123164174734863,FANCJKO,intron1,hybrid,1092
45,227.8481012658226,5.077906770318274,0.3221032126775507,FANCJKO,intron1,hybrid,1092
46,278.4810126582279,5.071398798882306,0.32506906141118225,FANCJKO,intron1,hybrid,1092
47,329.1139240506327,5.118162926388165,0.3312873012138974,FANCJKO,intron1,hybrid,1092
48,379.746835443038,5.220333879127899,0.33980436731137353,FANCJKO,intron1,hybrid,1092
49,430.37974683544326,5.3279098807673755,0.37009842166726586,FANCJKO,intron1,hybrid,1092
50,481.0126582278481,5.3484324173445525,0.3967538777997881,FANCJKO,intron1,hybrid,1092
51,531.6455696202534,5.373701559487862,0.41893258157722874,FANCJKO,intron1,hybrid,1092
52,582.2784810126582,5.410653341189118,0.4369409591752729,FANCJKO,intron1,hybrid,1092
53,632.9113924050635,5.529470805796511,0.45972979601021813,FANCJKO,intron1,hybrid,1092
54,683.5443037974683,5.607410728898677,0.4749842994275579,FANCJKO,intron1,hybrid,1092
55,734.1772151898736,5.7017648111049075,0.500288178861157,FANCJKO,intron1,hybrid,1092
56,784.8101265822784,5.718646436802342,0.5007951833993189,FANCJKO,intron1,hybrid,1092
57,835.4430379746836,5.699592272340888,0.4901678275050254,FANCJKO,intron1,hybrid,1092
58,886.0759493670885,5.614012983147332,0.47013806276656206,FANCJKO,intron1,hybrid,1092
59,936.7088607594937,5.512587771889491,0.4455036739668487,FANCJKO,intron1,hybrid,1092
60,987.3417721518986,5.351908012320707,0.40861227145701956,FANCJKO,intron1,hybrid,1092
61,1037.9746835443038,5.117949145965378,0.36760212150968397,FANCJKO,intron1,hybrid,1092
62,1088.6075949367087,4.909398071462419,0.35313855557857493,FANCJKO,intron1,hybrid,1092
63,1139.240506329114,4.8105214592970915,0.37333645105108876,FANCJKO,intron1,hybrid,1092
64,1189.8734177215188,4.76073870501821,0.381713581176479,FANCJKO,intron1,hybrid,1092
65,1240.506329113924,4.57546239677803,0.37060527308842933,FANCJKO,intron1,hybrid,1092
66,1291.1392405063293,4.338230906505142,0.34463015466074937,FANCJKO,intron1,hybrid,1092
67,1341.7721518987341,4.212294485895042,0.3142839901806215,FANCJKO,intron1,hybrid,1092
68,1392.4050632911394,4.003296257697037,0.27306011683939485,FANCJKO,intron1,hybrid,1092
69,1443.0379746835442,3.8495310852313653,0.2534266009458782,FANCJKO,intron1,hybrid,1092
70,1493.6708860759495,3.7968530250025028,0.24269432843670968,FANCJKO,intron1,hybrid,1092
71,1544.3037974683543,3.777916748700561,0.23308000253114838,FANCJKO,intron1,hybrid,1092
72,1594.9367088607596,3.7259163541584224,0.2194289565368309,FANCJKO,intron1,hybrid,1092
73,1645.5696202531644,3.676456246616203,0.21514762058358036,FANCJKO,intron1,hybrid,1092
74,1696.2025316455697,3.6510268150399163,0.22186301836751876,FANCJKO,intron1,hybrid,1092
75,1746.8354430379745,3.63253643348904,0.2312912974341988,FANCJKO,intron1,hybrid,1092
76,1797.4683544303798,3.630724832929389,0.2451283011736443,FANCJKO,intron1,hybrid,1092
77,1848.1012658227846,3.641883776675505,0.27090852668211485,FANCJKO,intron1,hybrid,1092
78,1898.73417721519,3.712495108794817,0.2837008716200508,FANCJKO,intron1,hybrid,1092
79,1949.3670886075947,3.7671435397776056,0.28903228604409975,FANCJKO,intron1,hybrid,1092
80,2000,3.835858742927311,0.29491304279551234,FANCJKO,intron1,hybrid,1092
1,-2000,2.2091374006752345,0.051454637911472194,FANCJKO,intron1,none,12787
2,-1949.367088607595,2.207325563879342,0.051552340693531214,FANCJKO,intron1,none,12787
3,-1898.73417721519,2.1971315252497416,0.05149501981073717,FANCJKO,intron1,none,12787
4,-1848.1012658227849,2.15774596554623,0.05009867159073293,FANCJKO,intron1,none,12787
5,-1797.4683544303798,2.1156255576536935,0.047543114230653556,FANCJKO,intron1,none,12787
6,-1746.8354430379748,2.096304401292571,0.04537798965861321,FANCJKO,intron1,none,12787
7,-1696.2025316455697,2.0849258170527567,0.046318588778033846,FANCJKO,intron1,none,12787
8,-1645.5696202531644,2.0738594336653104,0.04702833577598372,FANCJKO,intron1,none,12787
9,-1594.9367088607596,2.053806192382972,0.045359658766529094,FANCJKO,intron1,none,12787
10,-1544.3037974683543,2.029376835562963,0.04360963388709126,FANCJKO,intron1,none,12787
11,-1493.6708860759495,2.002356125662401,0.04154587177418442,FANCJKO,intron1,none,12787
12,-1443.0379746835442,1.9740971673461991,0.03923077044482578,FANCJKO,intron1,none,12787
13,-1392.4050632911392,1.9361458971153913,0.037064603592641056,FANCJKO,intron1,none,12787
14,-1341.7721518987341,1.9134269041504965,0.03619318668317785,FANCJKO,intron1,none,12787
15,-1291.139240506329,1.9026501433481564,0.036263959334004336,FANCJKO,intron1,none,12787
16,-1240.506329113924,1.8818633326019152,0.035936593472098835,FANCJKO,intron1,none,12787
17,-1189.873417721519,1.862614967923669,0.03529333569354294,FANCJKO,intron1,none,12787
18,-1139.240506329114,1.8366452688426087,0.0340992345982734,FANCJKO,intron1,none,12787
19,-1088.607594936709,1.8108669560647757,0.033267251398295,FANCJKO,intron1,none,12787
20,-1037.9746835443038,1.780093202136785,0.03271013874345983,FANCJKO,intron1,none,12787
21,-987.3417721518988,1.7602200087689506,0.03245823551791099,FANCJKO,intron1,none,12787
22,-936.7088607594937,1.7270047462484142,0.030548698858794552,FANCJKO,intron1,none,12787
23,-886.0759493670887,1.6855747071593874,0.02830524625645105,FANCJKO,intron1,none,12787
24,-835.4430379746836,1.6539608301548652,0.025769903012426553,FANCJKO,intron1,none,12787
25,-784.8101265822784,1.6182974365550027,0.022596460947234505,FANCJKO,intron1,none,12787
26,-734.1772151898733,1.5859665412524668,0.02068771598937528,FANCJKO,intron1,none,12787
27,-683.5443037974683,1.554010096180799,0.01859062496710784,FANCJKO,intron1,none,12787
28,-632.9113924050632,1.5265858964528936,0.0172159393809514,FANCJKO,intron1,none,12787
29,-582.2784810126582,1.5185047380605001,0.017092762915302612,FANCJKO,intron1,none,12787
30,-531.6455696202531,1.5091412154458796,0.016627442986886756,FANCJKO,intron1,none,12787
31,-481.0126582278481,1.491198818371994,0.015714095137698197,FANCJKO,intron1,none,12787
32,-430.37974683544303,1.4749207971247715,0.015051254266220948,FANCJKO,intron1,none,12787
33,-379.746835443038,1.4653325131743176,0.014704490166139993,FANCJKO,intron1,none,12787
34,-329.11392405063293,1.4540338674001643,0.014237005850576029,FANCJKO,intron1,none,12787
35,-278.4810126582279,1.4297187563920974,0.013765618754146593,FANCJKO,intron1,none,12787
36,-227.84810126582283,1.4132742662399562,0.013512873815641606,FANCJKO,intron1,none,12787
37,-177.21518987341778,1.4169768634406228,0.0134562634995807,FANCJKO,intron1,none,12787
38,-126.58227848101274,1.4126206518744397,0.013366106311993971,FANCJKO,intron1,none,12787
39,-75.94936708860769,1.4109112235086776,0.013396589848546112,FANCJKO,intron1,none,12787
40,-25.316455696202638,1.3994582848047616,0.013297986677847507,FANCJKO,intron1,none,12787
41,25.31645569620241,1.4030424383571838,0.013286757157184302,FANCJKO,intron1,none,12787
42,75.94936708860769,1.4029500147963192,0.01332965776473915,FANCJKO,intron1,none,12787
43,126.58227848101251,1.4053642143460552,0.013359483264113889,FANCJKO,intron1,none,12787
44,177.21518987341778,1.4090352427644823,0.013475734531266041,FANCJKO,intron1,none,12787
45,227.8481012658226,1.4139180544379497,0.013561801160610962,FANCJKO,intron1,none,12787
46,278.4810126582279,1.425719246640072,0.013663040089682322,FANCJKO,intron1,none,12787
47,329.1139240506327,1.440165535875061,0.01388241375143271,FANCJKO,intron1,none,12787
48,379.746835443038,1.4583703408481017,0.014185322676621375,FANCJKO,intron1,none,12787
49,430.37974683544326,1.474582964823552,0.014478866560961522,FANCJKO,intron1,none,12787
50,481.0126582278481,1.4855863331506125,0.015042016641602157,FANCJKO,intron1,none,12787
51,531.6455696202534,1.4956237595501505,0.015797601357262662,FANCJKO,intron1,none,12787
52,582.2784810126582,1.5176977284414503,0.016728876942953993,FANCJKO,intron1,none,12787
53,632.9113924050635,1.5466690765049076,0.018094275079396684,FANCJKO,intron1,none,12787
54,683.5443037974683,1.5748354070594341,0.019616935354881994,FANCJKO,intron1,none,12787
55,734.1772151898736,1.5997269916042736,0.020783040811562736,FANCJKO,intron1,none,12787
56,784.8101265822784,1.619215077671868,0.021886862454588984,FANCJKO,intron1,none,12787
57,835.4430379746836,1.6380914227920855,0.023119036057464536,FANCJKO,intron1,none,12787
58,886.0759493670885,1.6629146309115765,0.024718197145473544,FANCJKO,intron1,none,12787
59,936.7088607594937,1.6930374346306085,0.026224060142410934,FANCJKO,intron1,none,12787
60,987.3417721518986,1.7244125805693549,0.02815599389191204,FANCJKO,intron1,none,12787
61,1037.9746835443038,1.763460431588696,0.030348237094849163,FANCJKO,intron1,none,12787
62,1088.6075949367087,1.7893678802210582,0.0318815230982911,FANCJKO,intron1,none,12787
63,1139.240506329114,1.80625375593851,0.032923485466327174,FANCJKO,intron1,none,12787
64,1189.8734177215188,1.826796167042148,0.034143213236394986,FANCJKO,intron1,none,12787
65,1240.506329113924,1.840455500354974,0.034890794401312396,FANCJKO,intron1,none,12787
66,1291.1392405063293,1.8724089861516744,0.03646928723186443,FANCJKO,intron1,none,12787
67,1341.7721518987341,1.9080288278545878,0.03770034716524649,FANCJKO,intron1,none,12787
68,1392.4050632911394,1.936672246723338,0.038650126774429736,FANCJKO,intron1,none,12787
69,1443.0379746835442,1.9542414335202234,0.03954173272965498,FANCJKO,intron1,none,12787
70,1493.6708860759495,1.9632043146899758,0.04068939597959764,FANCJKO,intron1,none,12787
71,1544.3037974683543,1.9805490335570584,0.04213647668052803,FANCJKO,intron1,none,12787
72,1594.9367088607596,2.001307637594343,0.04575790942772512,FANCJKO,intron1,none,12787
73,1645.5696202531644,2.0346500731962824,0.04989715048021287,FANCJKO,intron1,none,12787
74,1696.2025316455697,2.052882947108228,0.05379567672370535,FANCJKO,intron1,none,12787
75,1746.8354430379745,2.080222265444649,0.05616429859697956,FANCJKO,intron1,none,12787
76,1797.4683544303798,2.0981075701205816,0.05901462996842916,FANCJKO,intron1,none,12787
77,1848.1012658227846,2.110213834620009,0.058890811120235684,FANCJKO,intron1,none,12787
78,1898.73417721519,2.1227762070205536,0.05561980458999345,FANCJKO,intron1,none,12787
79,1949.3670886075947,2.1369451322106054,0.05072884685371434,FANCJKO,intron1,none,12787
80,2000,2.16237006838321,0.04856612620915616,FANCJKO,intron1,none,12787
1,-2000,3.828444572042972,0.05944529630860636,FANCJKO,enhancer,parallel,16000
2,-1949.367088607595,3.8590049986838797,0.06044469610332946,FANCJKO,enhancer,parallel,16000
3,-1898.73417721519,3.8945020958886047,0.06181119771021307,FANCJKO,enhancer,parallel,16000
4,-1848.1012658227849,3.9550166856512923,0.06489264091816188,FANCJKO,enhancer,parallel,16000
5,-1797.4683544303798,4.024438673094064,0.06778515549224433,FANCJKO,enhancer,parallel,16000
6,-1746.8354430379748,4.0976455466874935,0.0698120256327591,FANCJKO,enhancer,parallel,16000
7,-1696.2025316455697,4.167259704517672,0.07129777882011867,FANCJKO,enhancer,parallel,16000
8,-1645.5696202531644,4.23871166011711,0.07271750024452162,FANCJKO,enhancer,parallel,16000
9,-1594.9367088607596,4.3286521015675365,0.07606465586014488,FANCJKO,enhancer,parallel,16000
10,-1544.3037974683543,4.407061272586931,0.07921136946383824,FANCJKO,enhancer,parallel,16000
11,-1493.6708860759495,4.484858964809229,0.0820308496334862,FANCJKO,enhancer,parallel,16000
12,-1443.0379746835442,4.589272480055839,0.08364432402997933,FANCJKO,enhancer,parallel,16000
13,-1392.4050632911392,4.6915845632477104,0.08504764193198368,FANCJKO,enhancer,parallel,16000
14,-1341.7721518987341,4.797157732734233,0.08576507870842169,FANCJKO,enhancer,parallel,16000
15,-1291.139240506329,4.909972267925392,0.08553293697252166,FANCJKO,enhancer,parallel,16000
16,-1240.506329113924,5.018486534965585,0.08408901215188638,FANCJKO,enhancer,parallel,16000
17,-1189.873417721519,5.171460811729233,0.08747680508283216,FANCJKO,enhancer,parallel,16000
18,-1139.240506329114,5.333064843761722,0.09274189066311816,FANCJKO,enhancer,parallel,16000
19,-1088.607594936709,5.52657593406866,0.09864441970993429,FANCJKO,enhancer,parallel,16000
20,-1037.9746835443038,5.718446969297727,0.10239800163560814,FANCJKO,enhancer,parallel,16000
21,-987.3417721518988,5.920542370818257,0.10548923033979926,FANCJKO,enhancer,parallel,16000
22,-936.7088607594937,6.146230076542646,0.10794628545475855,FANCJKO,enhancer,parallel,16000
23,-886.0759493670887,6.352598654213647,0.1103611287189927,FANCJKO,enhancer,parallel,16000
24,-835.4430379746836,6.582669787990401,0.11176370611600049,FANCJKO,enhancer,parallel,16000
25,-784.8101265822784,6.8153790273747346,0.11225901221276179,FANCJKO,enhancer,parallel,16000
26,-734.1772151898733,7.056795711896867,0.11140378183657057,FANCJKO,enhancer,parallel,16000
27,-683.5443037974683,7.334806556633612,0.11038515827461173,FANCJKO,enhancer,parallel,16000
28,-632.9113924050632,7.617015475897342,0.10951316359606558,FANCJKO,enhancer,parallel,16000
29,-582.2784810126582,7.903847208758941,0.1088257340393937,FANCJKO,enhancer,parallel,16000
30,-531.6455696202531,8.195139072355529,0.10866860937008714,FANCJKO,enhancer,parallel,16000
31,-481.0126582278481,8.494967895502896,0.10967809953315041,FANCJKO,enhancer,parallel,16000
32,-430.37974683544303,8.799311203730703,0.11208840297369951,FANCJKO,enhancer,parallel,16000
33,-379.746835443038,9.084482503321718,0.11462784721102194,FANCJKO,enhancer,parallel,16000
34,-329.11392405063293,9.356202010055979,0.11551883093550445,FANCJKO,enhancer,parallel,16000
35,-278.4810126582279,9.605670692765962,0.11558854043702066,FANCJKO,enhancer,parallel,16000
36,-227.84810126582283,9.853735869689583,0.1164945654325661,FANCJKO,enhancer,parallel,16000
37,-177.21518987341778,10.120439413352807,0.118096828477383,FANCJKO,enhancer,parallel,16000
38,-126.58227848101274,10.363305007468611,0.1207175377026014,FANCJKO,enhancer,parallel,16000
39,-75.94936708860769,10.577004382767528,0.1219285607129314,FANCJKO,enhancer,parallel,16000
40,-25.316455696202638,10.699396880631149,0.12365017818000493,FANCJKO,enhancer,parallel,16000
41,25.31645569620241,10.68247721599559,0.1238407380114201,FANCJKO,enhancer,parallel,16000
42,75.94936708860769,10.558401943697978,0.12294451251078707,FANCJKO,enhancer,parallel,16000
43,126.58227848101251,10.38171519619142,0.12128290681222342,FANCJKO,enhancer,parallel,16000
44,177.21518987341778,10.195904722570528,0.11924081090879747,FANCJKO,enhancer,parallel,16000
45,227.8481012658226,9.975967263389528,0.11758077442243592,FANCJKO,enhancer,parallel,16000
46,278.4810126582279,9.753880569104503,0.1168678814527013,FANCJKO,enhancer,parallel,16000
47,329.1139240506327,9.543719290339151,0.11661258821633956,FANCJKO,enhancer,parallel,16000
48,379.746835443038,9.33238522326385,0.11731162126353722,FANCJKO,enhancer,parallel,16000
49,430.37974683544326,9.144697882368217,0.11976599411222034,FANCJKO,enhancer,parallel,16000
50,481.0126582278481,8.900588026347757,0.12136448195622242,FANCJKO,enhancer,parallel,16000
51,531.6455696202534,8.625351049457441,0.12338384325891436,FANCJKO,enhancer,parallel,16000
52,582.2784810126582,8.304242597956558,0.12326445535715785,FANCJKO,enhancer,parallel,16000
53,632.9113924050635,8.003720923971484,0.12213687132788408,FANCJKO,enhancer,parallel,16000
54,683.5443037974683,7.669583803039392,0.1207606693596498,FANCJKO,enhancer,parallel,16000
55,734.1772151898736,7.343357397489598,0.11785606708912706,FANCJKO,enhancer,parallel,16000
56,784.8101265822784,7.02469192733268,0.11425006236860785,FANCJKO,enhancer,parallel,16000
57,835.4430379746836,6.732098073692322,0.11031731168340468,FANCJKO,enhancer,parallel,16000
58,886.0759493670885,6.453467908149561,0.10536496181488604,FANCJKO,enhancer,parallel,16000
59,936.7088607594937,6.235261932087541,0.10145746624545822,FANCJKO,enhancer,parallel,16000
60,987.3417721518986,6.039705224370211,0.09985155257298839,FANCJKO,enhancer,parallel,16000
61,1037.9746835443038,5.835406525492917,0.09841364891126902,FANCJKO,enhancer,parallel,16000
62,1088.6075949367087,5.630861655053943,0.09625689917321005,FANCJKO,enhancer,parallel,16000
63,1139.240506329114,5.466389420913011,0.09390103781791737,FANCJKO,enhancer,parallel,16000
64,1189.8734177215188,5.300264845788032,0.09014056055734204,FANCJKO,enhancer,parallel,16000
65,1240.506329113924,5.126519260327717,0.08583213148570097,FANCJKO,enhancer,parallel,16000
66,1291.1392405063293,4.978251113583098,0.08157703428087659,FANCJKO,enhancer,parallel,16000
67,1341.7721518987341,4.85306925493454,0.07875502613366243,FANCJKO,enhancer,parallel,16000
68,1392.4050632911394,4.7324649955806635,0.07621218257095927,FANCJKO,enhancer,parallel,16000
69,1443.0379746835442,4.616898874265998,0.07370851201596981,FANCJKO,enhancer,parallel,16000
70,1493.6708860759495,4.533646200032781,0.0729343266254501,FANCJKO,enhancer,parallel,16000
71,1544.3037974683543,4.458891911763052,0.0748221512032981,FANCJKO,enhancer,parallel,16000
72,1594.9367088607596,4.395007053214113,0.07446324787348989,FANCJKO,enhancer,parallel,16000
73,1645.5696202531644,4.3188386843085285,0.07209326221983514,FANCJKO,enhancer,parallel,16000
74,1696.2025316455697,4.266735622710437,0.07277280904272329,FANCJKO,enhancer,parallel,16000
75,1746.8354430379745,4.203685762928227,0.07325618854721559,FANCJKO,enhancer,parallel,16000
76,1797.4683544303798,4.153808258683582,0.07407582011749804,FANCJKO,enhancer,parallel,16000
77,1848.1012658227846,4.0953833271590865,0.07361610863829142,FANCJKO,enhancer,parallel,16000
78,1898.73417721519,4.016100588309666,0.07167359457780188,FANCJKO,enhancer,parallel,16000
79,1949.3670886075947,3.9540404498480757,0.06887898871237234,FANCJKO,enhancer,parallel,16000
80,2000,3.893109451889048,0.06609583101021661,FANCJKO,enhancer,parallel,16000
1,-2000,3.2998935621296184,0.14785779037742183,FANCJKO,enhancer,antiparallel,1728
2,-1949.367088607595,3.2630706250810144,0.13578184870007393,FANCJKO,enhancer,antiparallel,1728
3,-1898.73417721519,3.192759307368578,0.12356241799265677,FANCJKO,enhancer,antiparallel,1728
4,-1848.1012658227849,3.156531181423752,0.11794023568729849,FANCJKO,enhancer,antiparallel,1728
5,-1797.4683544303798,3.1600148072420264,0.1169533010719878,FANCJKO,enhancer,antiparallel,1728
6,-1746.8354430379748,3.2200178489015427,0.12038263467020162,FANCJKO,enhancer,antiparallel,1728
7,-1696.2025316455697,3.2258725591312034,0.12169525803056405,FANCJKO,enhancer,antiparallel,1728
8,-1645.5696202531644,3.292534125690107,0.12736124717863262,FANCJKO,enhancer,antiparallel,1728
9,-1594.9367088607596,3.3957833000419684,0.13746412565187374,FANCJKO,enhancer,antiparallel,1728
10,-1544.3037974683543,3.4819034767583195,0.1469231201278327,FANCJKO,enhancer,antiparallel,1728
11,-1493.6708860759495,3.5752351555655952,0.15785221869896898,FANCJKO,enhancer,antiparallel,1728
12,-1443.0379746835442,3.642131261014736,0.16977309870039936,FANCJKO,enhancer,antiparallel,1728
13,-1392.4050632911392,3.7459883405580934,0.18285535172170903,FANCJKO,enhancer,antiparallel,1728
14,-1341.7721518987341,3.8739988146179622,0.1949841013152069,FANCJKO,enhancer,antiparallel,1728
15,-1291.139240506329,4.000459930927113,0.20778697915635494,FANCJKO,enhancer,antiparallel,1728
16,-1240.506329113924,4.104936612334424,0.2070456866209602,FANCJKO,enhancer,antiparallel,1728
17,-1189.873417721519,4.251468017869802,0.2145417165889807,FANCJKO,enhancer,antiparallel,1728
18,-1139.240506329114,4.47544730151877,0.238717479739184,FANCJKO,enhancer,antiparallel,1728
19,-1088.607594936709,4.690365697025885,0.2645749872814303,FANCJKO,enhancer,antiparallel,1728
20,-1037.9746835443038,4.907969038434051,0.28585829256243345,FANCJKO,enhancer,antiparallel,1728
21,-987.3417721518988,5.120391408947331,0.30109335432000295,FANCJKO,enhancer,antiparallel,1728
22,-936.7088607594937,5.336684297920193,0.31403970001154763,FANCJKO,enhancer,antiparallel,1728
23,-886.0759493670887,5.564355174453906,0.328677204212266,FANCJKO,enhancer,antiparallel,1728
24,-835.4430379746836,5.790297840423422,0.3370480676086812,FANCJKO,enhancer,antiparallel,1728
25,-784.8101265822784,6.003636854124014,0.3245298934236589,FANCJKO,enhancer,antiparallel,1728
26,-734.1772151898733,6.291815136752011,0.30965062633805684,FANCJKO,enhancer,antiparallel,1728
27,-683.5443037974683,6.615916792049452,0.3051018283756195,FANCJKO,enhancer,antiparallel,1728
28,-632.9113924050632,6.963552254270533,0.302122006507493,FANCJKO,enhancer,antiparallel,1728
29,-582.2784810126582,7.249208426633275,0.30183173505239796,FANCJKO,enhancer,antiparallel,1728
30,-531.6455696202531,7.616976654107832,0.31741275054629386,FANCJKO,enhancer,antiparallel,1728
31,-481.0126582278481,7.982338797923775,0.3394300139834713,FANCJKO,enhancer,antiparallel,1728
32,-430.37974683544303,8.30241639205197,0.34446172911979717,FANCJKO,enhancer,antiparallel,1728
33,-379.746835443038,8.59005971390938,0.33452782209018456,FANCJKO,enhancer,antiparallel,1728
34,-329.11392405063293,8.847002122397592,0.32648148133078414,FANCJKO,enhancer,antiparallel,1728
35,-278.4810126582279,8.988295892811852,0.31362981891498093,FANCJKO,enhancer,antiparallel,1728
36,-227.84810126582283,9.101581743784985,0.2961437081035787,FANCJKO,enhancer,antiparallel,1728
37,-177.21518987341778,9.362950934597096,0.29077451387660314,FANCJKO,enhancer,antiparallel,1728
38,-126.58227848101274,9.653706364405377,0.29844380512701363,FANCJKO,enhancer,antiparallel,1728
39,-75.94936708860769,9.908132263179178,0.3121964152872467,FANCJKO,enhancer,antiparallel,1728
40,-25.316455696202638,10.075753688008788,0.31820149236384676,FANCJKO,enhancer,antiparallel,1728
41,25.31645569620241,10.026742226073495,0.3214820355315396,FANCJKO,enhancer,antiparallel,1728
42,75.94936708860769,9.8520651613985315,0.3255638106429144,FANCJKO,enhancer,antiparallel,1728
43,126.58227848101251,9.658979540923955,0.3257551917784055,FANCJKO,enhancer,antiparallel,1728
44,177.21518987341778,9.575419385406063,0.3285133152003826,FANCJKO,enhancer,antiparallel,1728
45,227.8481012658226,9.353217390044879,0.3182820742032085,FANCJKO,enhancer,antiparallel,1728
46,278.4810126582279,9.009945528268078,0.29918781146045936,FANCJKO,enhancer,antiparallel,1728
47,329.1139240506327,8.648295326406757,0.28965237737435884,FANCJKO,enhancer,antiparallel,1728
48,379.746835443038,8.457870160695855,0.3033935785973382,FANCJKO,enhancer,antiparallel,1728
49,430.37974683544326,8.287727534788441,0.3399350659151135,FANCJKO,enhancer,antiparallel,1728
50,481.0126582278481,8.066305562834957,0.37960373081830456,FANCJKO,enhancer,antiparallel,1728
51,531.6455696202534,7.847045593212968,0.41393486323576717,FANCJKO,enhancer,antiparallel,1728
52,582.2784810126582,7.598799755598108,0.42800138486792766,FANCJKO,enhancer,antiparallel,1728
53,632.9113924050635,7.2640812113503985,0.4311120992999913,FANCJKO,enhancer,antiparallel,1728
54,683.5443037974683,6.913537074103491,0.4196825514711772,FANCJKO,enhancer,antiparallel,1728
55,734.1772151898736,6.568192434164201,0.4112858020261599,FANCJKO,enhancer,antiparallel,1728
56,784.8101265822784,6.227174252566456,0.39577289363078205,FANCJKO,enhancer,antiparallel,1728
57,835.4430379746836,5.991432409984646,0.37417006060111685,FANCJKO,enhancer,antiparallel,1728
58,886.0759493670885,5.746918549440617,0.3505649194657375,FANCJKO,enhancer,antiparallel,1728
59,936.7088607594937,5.45021692517501,0.3284472278779637,FANCJKO,enhancer,antiparallel,1728
60,987.3417721518986,5.24247157321438,0.3027593243923645,FANCJKO,enhancer,antiparallel,1728
61,1037.9746835443038,4.924229891895788,0.2718811441179871,FANCJKO,enhancer,antiparallel,1728
62,1088.6075949367087,4.673778797938592,0.24738288085135032,FANCJKO,enhancer,antiparallel,1728
63,1139.240506329114,4.419964794496787,0.22138436527607017,FANCJKO,enhancer,antiparallel,1728
64,1189.8734177215188,4.186840790412217,0.20835119924760914,FANCJKO,enhancer,antiparallel,1728
65,1240.506329113924,4.013550822010931,0.19939451165005062,FANCJKO,enhancer,antiparallel,1728
66,1291.1392405063293,3.906483551093182,0.19277117714180708,FANCJKO,enhancer,antiparallel,1728
67,1341.7721518987341,3.808747616431871,0.1822002038628349,FANCJKO,enhancer,antiparallel,1728
68,1392.4050632911394,3.7289719889708506,0.16875407048158833,FANCJKO,enhancer,antiparallel,1728
69,1443.0379746835442,3.6488719026592595,0.1592132127374445,FANCJKO,enhancer,antiparallel,1728
70,1493.6708860759495,3.5716610020141544,0.15458466127881088,FANCJKO,enhancer,antiparallel,1728
71,1544.3037974683543,3.508917418990606,0.15319271898467177,FANCJKO,enhancer,antiparallel,1728
72,1594.9367088607596,3.4528057388648574,0.14882837170000884,FANCJKO,enhancer,antiparallel,1728
73,1645.5696202531644,3.3860059345026077,0.13929172843482426,FANCJKO,enhancer,antiparallel,1728
74,1696.2025316455697,3.359149108806418,0.1367753856575334,FANCJKO,enhancer,antiparallel,1728
75,1746.8354430379745,3.2478375930826604,0.13407411450287723,FANCJKO,enhancer,antiparallel,1728
76,1797.4683544303798,3.159119286239147,0.13007390579383943,FANCJKO,enhancer,antiparallel,1728
77,1848.1012658227846,3.142364120798898,0.1290517143559463,FANCJKO,enhancer,antiparallel,1728
78,1898.73417721519,3.2178462093939753,0.1447827399879702,FANCJKO,enhancer,antiparallel,1728
79,1949.3670886075947,3.31058674502152,0.16510679262190786,FANCJKO,enhancer,antiparallel,1728
80,2000,3.3749948385413044,0.18446232277452662,FANCJKO,enhancer,antiparallel,1728
1,-2000,3.883112919936498,0.14939190751895567,FANCJKO,enhancer,hybrid,2883
2,-1949.367088607595,3.9281424049896123,0.14845403984382988,FANCJKO,enhancer,hybrid,2883
3,-1898.73417721519,3.952506790023854,0.14539950224945214,FANCJKO,enhancer,hybrid,2883
4,-1848.1012658227849,3.989312633831579,0.14967719355241302,FANCJKO,enhancer,hybrid,2883
5,-1797.4683544303798,4.053482334781677,0.1642367016000419,FANCJKO,enhancer,hybrid,2883
6,-1746.8354430379748,4.167738007281279,0.1833388448678164,FANCJKO,enhancer,hybrid,2883
7,-1696.2025316455697,4.265215087521075,0.1923608327839743,FANCJKO,enhancer,hybrid,2883
8,-1645.5696202531644,4.354653346069646,0.1920117350991874,FANCJKO,enhancer,hybrid,2883
9,-1594.9367088607596,4.4123009994427225,0.18747863396081163,FANCJKO,enhancer,hybrid,2883
10,-1544.3037974683543,4.491565019959231,0.18623756003604386,FANCJKO,enhancer,hybrid,2883
11,-1493.6708860759495,4.545891891614125,0.18538048606963023,FANCJKO,enhancer,hybrid,2883
12,-1443.0379746835442,4.647334544362877,0.19757187360613293,FANCJKO,enhancer,hybrid,2883
13,-1392.4050632911392,4.744642855317238,0.20828965719004677,FANCJKO,enhancer,hybrid,2883
14,-1341.7721518987341,4.876057533601182,0.21729433951978663,FANCJKO,enhancer,hybrid,2883
15,-1291.139240506329,5.008766235249458,0.21969814264867785,FANCJKO,enhancer,hybrid,2883
16,-1240.506329113924,5.11775281016903,0.21708714234659054,FANCJKO,enhancer,hybrid,2883
17,-1189.873417721519,5.185083101063412,0.21095827036931647,FANCJKO,enhancer,hybrid,2883
18,-1139.240506329114,5.263586708218366,0.20018384376848875,FANCJKO,enhancer,hybrid,2883
19,-1088.607594936709,5.4243055029207055,0.20226838028415678,FANCJKO,enhancer,hybrid,2883
20,-1037.9746835443038,5.636853013119679,0.21098400076095924,FANCJKO,enhancer,hybrid,2883
21,-987.3417721518988,5.9600793540754795,0.23043321923553664,FANCJKO,enhancer,hybrid,2883
22,-936.7088607594937,6.243938398811084,0.24300607142025585,FANCJKO,enhancer,hybrid,2883
23,-886.0759493670887,6.458135185669524,0.24998688493011215,FANCJKO,enhancer,hybrid,2883
24,-835.4430379746836,6.628497568014826,0.25196700802425837,FANCJKO,enhancer,hybrid,2883
25,-784.8101265822784,6.809427330344519,0.24913899811834928,FANCJKO,enhancer,hybrid,2883
26,-734.1772151898733,7.0112067755011,0.24440329673143174,FANCJKO,enhancer,hybrid,2883
27,-683.5443037974683,7.245895007570185,0.25289815588319026,FANCJKO,enhancer,hybrid,2883
28,-632.9113924050632,7.531846406814859,0.2549241680852338,FANCJKO,enhancer,hybrid,2883
29,-582.2784810126582,7.840457441255473,0.25501848922505366,FANCJKO,enhancer,hybrid,2883
30,-531.6455696202531,8.195528233900333,0.2571281922553689,FANCJKO,enhancer,hybrid,2883
31,-481.0126582278481,8.511753141284334,0.2585675237904324,FANCJKO,enhancer,hybrid,2883
32,-430.37974683544303,8.840583651192079,0.26114018991084376,FANCJKO,enhancer,hybrid,2883
33,-379.746835443038,9.022745497725385,0.26197130572219324,FANCJKO,enhancer,hybrid,2883
34,-329.11392405063293,9.15257075849,0.2607667266999182,FANCJKO,enhancer,hybrid,2883
35,-278.4810126582279,9.285948806287568,0.25910675389892573,FANCJKO,enhancer,hybrid,2883
36,-227.84810126582283,9.439852333205025,0.25580812164352346,FANCJKO,enhancer,hybrid,2883
37,-177.21518987341778,9.576462865153383,0.25123345706247835,FANCJKO,enhancer,hybrid,2883
38,-126.58227848101274,9.707832579019787,0.24516430654505195,FANCJKO,enhancer,hybrid,2883
39,-75.94936708860769,9.85247206982746,0.2446050931288892,FANCJKO,enhancer,hybrid,2883
40,-25.316455696202638,9.87902480931954,0.23899335045337292,FANCJKO,enhancer,hybrid,2883
41,25.31645569620241,9.855169219719025,0.24061881041573668,FANCJKO,enhancer,hybrid,2883
42,75.94936708860769,9.80006614409481,0.24401603903269614,FANCJKO,enhancer,hybrid,2883
43,126.58227848101251,9.74527958790985,0.2475389428461511,FANCJKO,enhancer,hybrid,2883
44,177.21518987341778,9.64707077414359,0.24579188039239097,FANCJKO,enhancer,hybrid,2883
45,227.8481012658226,9.54114223034096,0.24917066517379688,FANCJKO,enhancer,hybrid,2883
46,278.4810126582279,9.328429013742216,0.24982582781216098,FANCJKO,enhancer,hybrid,2883
47,329.1139240506327,9.09431545703063,0.2457480522165696,FANCJKO,enhancer,hybrid,2883
48,379.746835443038,8.903016113731844,0.2460271573315359,FANCJKO,enhancer,hybrid,2883
49,430.37974683544326,8.663844648524783,0.2431479620490456,FANCJKO,enhancer,hybrid,2883
50,481.0126582278481,8.391817441536023,0.24587409158688653,FANCJKO,enhancer,hybrid,2883
51,531.6455696202534,8.153151644304153,0.25133811444456544,FANCJKO,enhancer,hybrid,2883
52,582.2784810126582,7.914875339279975,0.2554433222781639,FANCJKO,enhancer,hybrid,2883
53,632.9113924050635,7.646966210884198,0.2571595603315903,FANCJKO,enhancer,hybrid,2883
54,683.5443037974683,7.35643270049099,0.2523834396714541,FANCJKO,enhancer,hybrid,2883
55,734.1772151898736,7.003895595558862,0.239339641996885,FANCJKO,enhancer,hybrid,2883
56,784.8101265822784,6.623167597470166,0.22510235990451274,FANCJKO,enhancer,hybrid,2883
57,835.4430379746836,6.299432827084171,0.21339201962265814,FANCJKO,enhancer,hybrid,2883
58,886.0759493670885,6.028644074913201,0.2096949252377963,FANCJKO,enhancer,hybrid,2883
59,936.7088607594937,5.868111341009527,0.2118814181822779,FANCJKO,enhancer,hybrid,2883
60,987.3417721518986,5.68985055514134,0.21521847363126576,FANCJKO,enhancer,hybrid,2883
61,1037.9746835443038,5.509597980435535,0.2155929379765215,FANCJKO,enhancer,hybrid,2883
62,1088.6075949367087,5.33521533693464,0.22182465994909026,FANCJKO,enhancer,hybrid,2883
63,1139.240506329114,5.139484699719599,0.2237691637059167,FANCJKO,enhancer,hybrid,2883
64,1189.8734177215188,4.982608393276203,0.2199434995618361,FANCJKO,enhancer,hybrid,2883
65,1240.506329113924,4.868583475703765,0.21615303940506805,FANCJKO,enhancer,hybrid,2883
66,1291.1392405063293,4.79415357680028,0.21483613819734945,FANCJKO,enhancer,hybrid,2883
67,1341.7721518987341,4.720312509544186,0.21203816311844423,FANCJKO,enhancer,hybrid,2883
68,1392.4050632911394,4.648766541058155,0.20443955425396432,FANCJKO,enhancer,hybrid,2883
69,1443.0379746835442,4.58023211109692,0.19545773336446737,FANCJKO,enhancer,hybrid,2883
70,1493.6708860759495,4.488823968106053,0.19312905381771006,FANCJKO,enhancer,hybrid,2883
71,1544.3037974683543,4.433657906705458,0.19340556103944323,FANCJKO,enhancer,hybrid,2883
72,1594.9367088607596,4.382606958314468,0.19229171752549856,FANCJKO,enhancer,hybrid,2883
73,1645.5696202531644,4.308930020393533,0.19075048978282022,FANCJKO,enhancer,hybrid,2883
74,1696.2025316455697,4.206860941152157,0.18040665467315908,FANCJKO,enhancer,hybrid,2883
75,1746.8354430379745,4.1224974302250965,0.16870219175791162,FANCJKO,enhancer,hybrid,2883
76,1797.4683544303798,4.0334737335473685,0.1616451154070077,FANCJKO,enhancer,hybrid,2883
77,1848.1012658227846,3.9427243256775655,0.15139114683689478,FANCJKO,enhancer,hybrid,2883
78,1898.73417721519,3.811600405111356,0.13453320616235248,FANCJKO,enhancer,hybrid,2883
79,1949.3670886075947,3.673764795513012,0.11637432618718327,FANCJKO,enhancer,hybrid,2883
80,2000,3.5593875746730297,0.10715864726888118,FANCJKO,enhancer,hybrid,2883
1,-2000,2.410440316817909,0.041645506266062886,FANCJKO,enhancer,none,16000
2,-1949.367088607595,2.399382826949966,0.04309200261918187,FANCJKO,enhancer,none,16000
3,-1898.73417721519,2.3975706456961094,0.04351499038295751,FANCJKO,enhancer,none,16000
4,-1848.1012658227849,2.3965616868814696,0.04333580620351261,FANCJKO,enhancer,none,16000
5,-1797.4683544303798,2.3816136409935535,0.04257075554934986,FANCJKO,enhancer,none,16000
6,-1746.8354430379748,2.3607181980875134,0.04050374197464291,FANCJKO,enhancer,none,16000
7,-1696.2025316455697,2.348178950755042,0.03896766014329677,FANCJKO,enhancer,none,16000
8,-1645.5696202531644,2.3410271199281367,0.03845820172027457,FANCJKO,enhancer,none,16000
9,-1594.9367088607596,2.347485759490064,0.038212762670275076,FANCJKO,enhancer,none,16000
10,-1544.3037974683543,2.3388770589253878,0.03793203713530658,FANCJKO,enhancer,none,16000
11,-1493.6708860759495,2.3235484845890793,0.03792615719407644,FANCJKO,enhancer,none,16000
12,-1443.0379746835442,2.3087452054420834,0.0377757475022172,FANCJKO,enhancer,none,16000
13,-1392.4050632911392,2.3002947559707163,0.037738390810614926,FANCJKO,enhancer,none,16000
14,-1341.7721518987341,2.294536940103087,0.037412829215842214,FANCJKO,enhancer,none,16000
15,-1291.139240506329,2.2789645275851864,0.036927608399433064,FANCJKO,enhancer,none,16000
16,-1240.506329113924,2.257912176456107,0.036220772334841896,FANCJKO,enhancer,none,16000
17,-1189.873417721519,2.2302179321916613,0.0351515007181386,FANCJKO,enhancer,none,16000
18,-1139.240506329114,2.2022387160937407,0.034169959087123045,FANCJKO,enhancer,none,16000
19,-1088.607594936709,2.1713953955152667,0.03341218526947377,FANCJKO,enhancer,none,16000
20,-1037.9746835443038,2.1469281388398613,0.03251151361149158,FANCJKO,enhancer,none,16000
21,-987.3417721518988,2.1166732935758548,0.031957201453536414,FANCJKO,enhancer,none,16000
22,-936.7088607594937,2.0912954798769134,0.03159156646513311,FANCJKO,enhancer,none,16000
23,-886.0759493670887,2.0651983620911074,0.030660425429925843,FANCJKO,enhancer,none,16000
24,-835.4430379746836,2.0286540387969096,0.028573977422383084,FANCJKO,enhancer,none,16000
25,-784.8101265822784,1.9846486354654473,0.026243851430042386,FANCJKO,enhancer,none,16000
26,-734.1772151898733,1.9406901086395807,0.02424547023072818,FANCJKO,enhancer,none,16000
27,-683.5443037974683,1.9048939902737265,0.02229253952883068,FANCJKO,enhancer,none,16000
28,-632.9113924050632,1.8651750747806084,0.020659004547712616,FANCJKO,enhancer,none,16000
29,-582.2784810126582,1.82523151395245,0.019098086558401697,FANCJKO,enhancer,none,16000
30,-531.6455696202531,1.791035373407067,0.017950021014515358,FANCJKO,enhancer,none,16000
31,-481.0126582278481,1.7576614673096465,0.01694878609632838,FANCJKO,enhancer,none,16000
32,-430.37974683544303,1.7303538765443203,0.01620951860590232,FANCJKO,enhancer,none,16000
33,-379.746835443038,1.6948347423768582,0.015347874831476677,FANCJKO,enhancer,none,16000
34,-329.11392405063293,1.6659243277725835,0.014588712567974957,FANCJKO,enhancer,none,16000
35,-278.4810126582279,1.6411252948379182,0.01390750024863398,FANCJKO,enhancer,none,16000
36,-227.84810126582283,1.62819182041719,0.013306592210564851,FANCJKO,enhancer,none,16000
37,-177.21518987341778,1.6190499739187896,0.012809785036288605,FANCJKO,enhancer,none,16000
38,-126.58227848101274,1.600588932809022,0.012472073885142227,FANCJKO,enhancer,none,16000
39,-75.94936708860769,1.593673406617293,0.012344461419680557,FANCJKO,enhancer,none,16000
40,-25.316455696202638,1.5962619975399768,0.012378111976169134,FANCJKO,enhancer,none,16000
41,25.31645569620241,1.5994606129183788,0.012440549304559224,FANCJKO,enhancer,none,16000
42,75.94936708860769,1.6038916973809454,0.01251578038665173,FANCJKO,enhancer,none,16000
43,126.58227848101251,1.6066560979372335,0.012612217975844085,FANCJKO,enhancer,none,16000
44,177.21518987341778,1.6224735092616793,0.012897449387261017,FANCJKO,enhancer,none,16000
45,227.8481012658226,1.631535818594257,0.013236071879178805,FANCJKO,enhancer,none,16000
46,278.4810126582279,1.6501503337732442,0.013640475776012153,FANCJKO,enhancer,none,16000
47,329.1139240506327,1.6885551110502852,0.014531558670500048,FANCJKO,enhancer,none,16000
48,379.746835443038,1.7280570031896187,0.01544133174500191,FANCJKO,enhancer,none,16000
49,430.37974683544326,1.7689928247614872,0.01649118092175141,FANCJKO,enhancer,none,16000
50,481.0126582278481,1.808241457874341,0.017487380146954678,FANCJKO,enhancer,none,16000
51,531.6455696202534,1.8488841266651264,0.01887576475813344,FANCJKO,enhancer,none,16000
52,582.2784810126582,1.9013632786630046,0.02058792489792744,FANCJKO,enhancer,none,16000
53,632.9113924050635,1.949544395976623,0.022483205130565724,FANCJKO,enhancer,none,16000
54,683.5443037974683,1.991245255614799,0.023940017400055174,FANCJKO,enhancer,none,16000
55,734.1772151898736,2.024279042328783,0.0256316557251672,FANCJKO,enhancer,none,16000
56,784.8101265822784,2.065976043776853,0.028193624078328046,FANCJKO,enhancer,none,16000
57,835.4430379746836,2.1044934007967573,0.0314693083649227,FANCJKO,enhancer,none,16000
58,886.0759493670885,2.1262420670732665,0.034928148217838476,FANCJKO,enhancer,none,16000
59,936.7088607594937,2.153618824576938,0.03732712427584039,FANCJKO,enhancer,none,16000
60,987.3417721518986,2.17275184310524,0.03762922683322827,FANCJKO,enhancer,none,16000
61,1037.9746835443038,2.1923411918069142,0.036977946282002946,FANCJKO,enhancer,none,16000
62,1088.6075949367087,2.2163504019408378,0.035749765257208604,FANCJKO,enhancer,none,16000
63,1139.240506329114,2.2385688136490822,0.035391247879953056,FANCJKO,enhancer,none,16000
64,1189.8734177215188,2.2554475079800773,0.03528180430530038,FANCJKO,enhancer,none,16000
65,1240.506329113924,2.2779392587639857,0.03586826044800375,FANCJKO,enhancer,none,16000
66,1291.1392405063293,2.2804043240590715,0.03609920644515818,FANCJKO,enhancer,none,16000
67,1341.7721518987341,2.294567443074626,0.03709491540206258,FANCJKO,enhancer,none,16000
68,1392.4050632911394,2.318827331767725,0.03847135687574181,FANCJKO,enhancer,none,16000
69,1443.0379746835442,2.3561647360918707,0.03940501461843677,FANCJKO,enhancer,none,16000
70,1493.6708860759495,2.3818985000036474,0.04038025707496873,FANCJKO,enhancer,none,16000
71,1544.3037974683543,2.4020675511679532,0.041370475909114746,FANCJKO,enhancer,none,16000
72,1594.9367088607596,2.419430433684312,0.04237282084399357,FANCJKO,enhancer,none,16000
73,1645.5696202531644,2.430402356588979,0.04310073335576602,FANCJKO,enhancer,none,16000
74,1696.2025316455697,2.428666035923743,0.04241728724058356,FANCJKO,enhancer,none,16000
75,1746.8354430379745,2.410133765774154,0.040308054341848296,FANCJKO,enhancer,none,16000
76,1797.4683544303798,2.398005389298159,0.0391703639297271,FANCJKO,enhancer,none,16000
77,1848.1012658227846,2.3927357159828206,0.03965555118985337,FANCJKO,enhancer,none,16000
78,1898.73417721519,2.399626964042198,0.04267821697520377,FANCJKO,enhancer,none,16000
79,1949.3670886075947,2.4098381595216667,0.04431601610819962,FANCJKO,enhancer,none,16000
80,2000,2.399820348939193,0.043857988942740324,FANCJKO,enhancer,none,16000
1,-2000,7.392621708250508,0.15878449443265766,dKO,promoter,parallel,7385
2,-1949.367088607595,7.409282192889145,0.1565724657151188,dKO,promoter,parallel,7385
3,-1898.73417721519,7.409835944965176,0.1552244114561223,dKO,promoter,parallel,7385
4,-1848.1012658227849,7.417763944474765,0.15778488310346142,dKO,promoter,parallel,7385
5,-1797.4683544303798,7.421445205576989,0.16209783204668232,dKO,promoter,parallel,7385
6,-1746.8354430379748,7.443723018793671,0.16771070040473696,dKO,promoter,parallel,7385
7,-1696.2025316455697,7.5250710092392605,0.17316773215365866,dKO,promoter,parallel,7385
8,-1645.5696202531644,7.58248837266316,0.17390135683131397,dKO,promoter,parallel,7385
9,-1594.9367088607596,7.655861149933935,0.1748370178391287,dKO,promoter,parallel,7385
10,-1544.3037974683543,7.686343679206093,0.17273474547765,dKO,promoter,parallel,7385
11,-1493.6708860759495,7.657802623828844,0.17108195934403683,dKO,promoter,parallel,7385
12,-1443.0379746835442,7.686596801094695,0.1730396743261692,dKO,promoter,parallel,7385
13,-1392.4050632911392,7.731355798145687,0.1760988483233311,dKO,promoter,parallel,7385
14,-1341.7721518987341,7.811092212124512,0.1837247921045583,dKO,promoter,parallel,7385
15,-1291.139240506329,7.865283301850308,0.1892577948858642,dKO,promoter,parallel,7385
16,-1240.506329113924,7.917001712255084,0.18996052485751969,dKO,promoter,parallel,7385
17,-1189.873417721519,7.887868025511227,0.185689151866084,dKO,promoter,parallel,7385
18,-1139.240506329114,7.863263743942948,0.18344501533086974,dKO,promoter,parallel,7385
19,-1088.607594936709,7.904615843871032,0.18575510080381893,dKO,promoter,parallel,7385
20,-1037.9746835443038,7.938730736330007,0.18684029797411167,dKO,promoter,parallel,7385
21,-987.3417721518988,7.973443535190704,0.18842534505372951,dKO,promoter,parallel,7385
22,-936.7088607594937,8.011457296276868,0.18864218834736257,dKO,promoter,parallel,7385
23,-886.0759493670887,8.01233824725023,0.18404132150267055,dKO,promoter,parallel,7385
24,-835.4430379746836,8.00731026051314,0.17764300006982187,dKO,promoter,parallel,7385
25,-784.8101265822784,8.082908371442706,0.17599223090907856,dKO,promoter,parallel,7385
26,-734.1772151898733,8.196647831454822,0.1774958806719226,dKO,promoter,parallel,7385
27,-683.5443037974683,8.26947065696047,0.17943413866048538,dKO,promoter,parallel,7385
28,-632.9113924050632,8.36633063448947,0.1814088412371754,dKO,promoter,parallel,7385
29,-582.2784810126582,8.480800077588368,0.18382887436130535,dKO,promoter,parallel,7385
30,-531.6455696202531,8.657422777092288,0.18779339893584512,dKO,promoter,parallel,7385
31,-481.0126582278481,8.811533323174215,0.19401770855656764,dKO,promoter,parallel,7385
32,-430.37974683544303,9.015082206547543,0.2049691709395181,dKO,promoter,parallel,7385
33,-379.746835443038,9.24265998418195,0.2140353878121526,dKO,promoter,parallel,7385
34,-329.11392405063293,9.557153728962913,0.2254573211261264,dKO,promoter,parallel,7385
35,-278.4810126582279,9.909104881044597,0.24180866742498766,dKO,promoter,parallel,7385
36,-227.84810126582283,10.261022292556948,0.2600871873873087,dKO,promoter,parallel,7385
37,-177.21518987341778,10.639596043721033,0.2815137409171629,dKO,promoter,parallel,7385
38,-126.58227848101274,10.976203418830048,0.29671725931465537,dKO,promoter,parallel,7385
39,-75.94936708860769,11.2380738264343,0.3043021203753242,dKO,promoter,parallel,7385
40,-25.316455696202638,11.256239183479172,0.2980561998391938,dKO,promoter,parallel,7385
41,25.31645569620241,11.08597980309426,0.2826616450851313,dKO,promoter,parallel,7385
42,75.94936708860769,10.840522002746386,0.26334741309502063,dKO,promoter,parallel,7385
43,126.58227848101251,10.62220323601772,0.2482676606368824,dKO,promoter,parallel,7385
44,177.21518987341778,10.431098649745977,0.2388643409992674,dKO,promoter,parallel,7385
45,227.8481012658226,10.171390254096343,0.2294022512498198,dKO,promoter,parallel,7385
46,278.4810126582279,9.83923230269369,0.21850219036760382,dKO,promoter,parallel,7385
47,329.1139240506327,9.5402179306911,0.21010530722886991,dKO,promoter,parallel,7385
48,379.746835443038,9.298757983063393,0.20209069547609035,dKO,promoter,parallel,7385
49,430.37974683544326,9.062510360609945,0.1920556032405728,dKO,promoter,parallel,7385
50,481.0126582278481,8.842871062260777,0.1841100428920289,dKO,promoter,parallel,7385
51,531.6455696202534,8.692028107287571,0.1818128806053958,dKO,promoter,parallel,7385
52,582.2784810126582,8.58057504200069,0.18171998913435491,dKO,promoter,parallel,7385
53,632.9113924050635,8.497104314398696,0.18243190999202538,dKO,promoter,parallel,7385
54,683.5443037974683,8.364101470697493,0.18132038121997895,dKO,promoter,parallel,7385
55,734.1772151898736,8.23088370945211,0.1775236530124178,dKO,promoter,parallel,7385
56,784.8101265822784,8.149705518088473,0.1748648370625638,dKO,promoter,parallel,7385
57,835.4430379746836,8.093074956865726,0.1737210472706788,dKO,promoter,parallel,7385
58,886.0759493670885,8.026316924623753,0.17476873318274905,dKO,promoter,parallel,7385
59,936.7088607594937,7.955747493473786,0.17845268627946903,dKO,promoter,parallel,7385
60,987.3417721518986,7.937309767751924,0.18058314352116678,dKO,promoter,parallel,7385
61,1037.9746835443038,7.949045890844694,0.18414315717541843,dKO,promoter,parallel,7385
62,1088.6075949367087,7.885036037258143,0.18528990937390477,dKO,promoter,parallel,7385
63,1139.240506329114,7.814615695905373,0.18578605895882674,dKO,promoter,parallel,7385
64,1189.8734177215188,7.760852645513301,0.18560402369724105,dKO,promoter,parallel,7385
65,1240.506329113924,7.753029159973448,0.18315123939584466,dKO,promoter,parallel,7385
66,1291.1392405063293,7.730428825581808,0.17785901369004964,dKO,promoter,parallel,7385
67,1341.7721518987341,7.709725224965207,0.1711976369975881,dKO,promoter,parallel,7385
68,1392.4050632911394,7.6907027475802145,0.16619030089644635,dKO,promoter,parallel,7385
69,1443.0379746835442,7.662412939807627,0.16600469450240526,dKO,promoter,parallel,7385
70,1493.6708860759495,7.635112381519299,0.1689086847461569,dKO,promoter,parallel,7385
71,1544.3037974683543,7.661175116460013,0.1753386108034941,dKO,promoter,parallel,7385
72,1594.9367088607596,7.6300784480712185,0.17832819634676805,dKO,promoter,parallel,7385
73,1645.5696202531644,7.566897260644048,0.17709692410463132,dKO,promoter,parallel,7385
74,1696.2025316455697,7.5324097154810365,0.17377920633508656,dKO,promoter,parallel,7385
75,1746.8354430379745,7.479388924836735,0.1695065304737501,dKO,promoter,parallel,7385
76,1797.4683544303798,7.391787267320663,0.16683762691748935,dKO,promoter,parallel,7385
77,1848.1012658227846,7.390732653876886,0.16750201123569783,dKO,promoter,parallel,7385
78,1898.73417721519,7.478177955776056,0.17574897043935842,dKO,promoter,parallel,7385
79,1949.3670886075947,7.546206978248006,0.18280100965869434,dKO,promoter,parallel,7385
80,2000,7.524522558721294,0.1832166698751907,dKO,promoter,parallel,7385
1,-2000,8.565514371940745,0.8306322703336042,dKO,promoter,antiparallel,670
2,-1949.367088607595,8.469324849227174,0.8039358029870366,dKO,promoter,antiparallel,670
3,-1898.73417721519,8.310761643388378,0.7454969352082916,dKO,promoter,antiparallel,670
4,-1848.1012658227849,8.087382623014166,0.6553575546348797,dKO,promoter,antiparallel,670
5,-1797.4683544303798,7.873248652617137,0.570412728947948,dKO,promoter,antiparallel,670
6,-1746.8354430379748,7.7069511924869385,0.5117005532734795,dKO,promoter,antiparallel,670
7,-1696.2025316455697,7.55163758665175,0.4922159732115497,dKO,promoter,antiparallel,670
8,-1645.5696202531644,7.381981160908789,0.48807210484015956,dKO,promoter,antiparallel,670
9,-1594.9367088607596,7.317066382435424,0.492613965931021,dKO,promoter,antiparallel,670
10,-1544.3037974683543,7.172524215815672,0.4791000499400394,dKO,promoter,antiparallel,670
11,-1493.6708860759495,7.101645036187338,0.4704024822400659,dKO,promoter,antiparallel,670
12,-1443.0379746835442,6.9427700698102885,0.44197796613089735,dKO,promoter,antiparallel,670
13,-1392.4050632911392,6.893320576813683,0.43399924223994596,dKO,promoter,antiparallel,670
14,-1341.7721518987341,6.943436747221211,0.42623425533519377,dKO,promoter,antiparallel,670
15,-1291.139240506329,6.864641551628635,0.41037956590283364,dKO,promoter,antiparallel,670
16,-1240.506329113924,6.892286177095489,0.4217392312640368,dKO,promoter,antiparallel,670
17,-1189.873417721519,6.947562013031831,0.42706222032764785,dKO,promoter,antiparallel,670
18,-1139.240506329114,6.958765608233599,0.4315063405439182,dKO,promoter,antiparallel,670
19,-1088.607594936709,6.859978164803329,0.4269085959543456,dKO,promoter,antiparallel,670
20,-1037.9746835443038,6.908776532182646,0.4219462613654983,dKO,promoter,antiparallel,670
21,-987.3417721518988,6.87354651436521,0.4108380234744003,dKO,promoter,antiparallel,670
22,-936.7088607594937,6.825827486636034,0.4194318617480685,dKO,promoter,antiparallel,670
23,-886.0759493670887,6.960953979445927,0.4375561045261221,dKO,promoter,antiparallel,670
24,-835.4430379746836,6.950600367767894,0.44906883565904004,dKO,promoter,antiparallel,670
25,-784.8101265822784,6.814068301569763,0.42382388265793375,dKO,promoter,antiparallel,670
26,-734.1772151898733,6.743803975123078,0.39146756021283985,dKO,promoter,antiparallel,670
27,-683.5443037974683,6.636146292133711,0.37063128706324394,dKO,promoter,antiparallel,670
28,-632.9113924050632,6.628929924144081,0.3706079706608699,dKO,promoter,antiparallel,670
29,-582.2784810126582,6.6448444753630245,0.37899482728194983,dKO,promoter,antiparallel,670
30,-531.6455696202531,6.572154376618305,0.39237552916885293,dKO,promoter,antiparallel,670
31,-481.0126582278481,6.5632937938585805,0.4047912430627546,dKO,promoter,antiparallel,670
32,-430.37974683544303,6.588174142163784,0.419222298048602,dKO,promoter,antiparallel,670
33,-379.746835443038,6.632258198999054,0.4347882073928481,dKO,promoter,antiparallel,670
34,-329.11392405063293,6.762455474008968,0.46967974162988846,dKO,promoter,antiparallel,670
35,-278.4810126582279,7.077273272800208,0.5438336863784853,dKO,promoter,antiparallel,670
36,-227.84810126582283,7.397000390202252,0.6011744111147717,dKO,promoter,antiparallel,670
37,-177.21518987341778,7.8647950324336096,0.6442463386303111,dKO,promoter,antiparallel,670
38,-126.58227848101274,8.230862634757266,0.6921259721145359,dKO,promoter,antiparallel,670
39,-75.94936708860769,8.57374241396681,0.7425351519861385,dKO,promoter,antiparallel,670
40,-25.316455696202638,8.901446719683225,0.7726189824578357,dKO,promoter,antiparallel,670
41,25.31645569620241,9.031349684892009,0.7779488097377731,dKO,promoter,antiparallel,670
42,75.94936708860769,8.984633642473032,0.7777840887971688,dKO,promoter,antiparallel,670
43,126.58227848101251,8.656214610714224,0.7432959031140037,dKO,promoter,antiparallel,670
44,177.21518987341778,8.258978851065708,0.6776412572124884,dKO,promoter,antiparallel,670
45,227.8481012658226,8.015383219471024,0.6042974132911241,dKO,promoter,antiparallel,670
46,278.4810126582279,7.708198356177676,0.5420087063740263,dKO,promoter,antiparallel,670
47,329.1139240506327,7.5143219413484506,0.5076083513832745,dKO,promoter,antiparallel,670
48,379.746835443038,7.574219675525504,0.4999300926587598,dKO,promoter,antiparallel,670
49,430.37974683544326,7.63071324922908,0.5117557575141384,dKO,promoter,antiparallel,670
50,481.0126582278481,7.556968247012713,0.5097637527097305,dKO,promoter,antiparallel,670
51,531.6455696202534,7.493533333570803,0.5078945998437239,dKO,promoter,antiparallel,670
52,582.2784810126582,7.5374072301518265,0.5163805510920276,dKO,promoter,antiparallel,670
53,632.9113924050635,7.454335533202584,0.5064684792568035,dKO,promoter,antiparallel,670
54,683.5443037974683,7.35064968072004,0.4868698888703288,dKO,promoter,antiparallel,670
55,734.1772151898736,7.272298125947886,0.47560897628995125,dKO,promoter,antiparallel,670
56,784.8101265822784,7.316373651650415,0.4863056324133109,dKO,promoter,antiparallel,670
57,835.4430379746836,7.442094976146423,0.5166285541654584,dKO,promoter,antiparallel,670
58,886.0759493670885,7.561002618108816,0.5379371094085473,dKO,promoter,antiparallel,670
59,936.7088607594937,7.720316087891213,0.5569191903449873,dKO,promoter,antiparallel,670
60,987.3417721518986,7.808180701381532,0.5528665542795042,dKO,promoter,antiparallel,670
61,1037.9746835443038,7.840314797613751,0.5253361150347083,dKO,promoter,antiparallel,670
62,1088.6075949367087,7.768268366515933,0.5080388149618844,dKO,promoter,antiparallel,670
63,1139.240506329114,7.654957369765239,0.47861051091543844,dKO,promoter,antiparallel,670
64,1189.8734177215188,7.549015437251893,0.4496856390038657,dKO,promoter,antiparallel,670
65,1240.506329113924,7.474882919515543,0.44157143360512846,dKO,promoter,antiparallel,670
66,1291.1392405063293,7.41609596201555,0.44524967006381083,dKO,promoter,antiparallel,670
67,1341.7721518987341,7.47694883309668,0.45987154861962365,dKO,promoter,antiparallel,670
68,1392.4050632911394,7.541931210211853,0.4769906907486564,dKO,promoter,antiparallel,670
69,1443.0379746835442,7.5938854259827835,0.5215949872664234,dKO,promoter,antiparallel,670
70,1493.6708860759495,7.677290142018997,0.5786738521755148,dKO,promoter,antiparallel,670
71,1544.3037974683543,7.684901033782247,0.674001708712774,dKO,promoter,antiparallel,670
72,1594.9367088607596,7.787774881507627,0.7913985030141405,dKO,promoter,antiparallel,670
73,1645.5696202531644,7.766671057109216,0.8151882398213398,dKO,promoter,antiparallel,670
74,1696.2025316455697,7.723410879791079,0.7925994599069783,dKO,promoter,antiparallel,670
75,1746.8354430379745,7.606211071450912,0.7405655271207088,dKO,promoter,antiparallel,670
76,1797.4683544303798,7.393880353671402,0.6883383320133074,dKO,promoter,antiparallel,670
77,1848.1012658227846,7.22933359250619,0.6556393735305995,dKO,promoter,antiparallel,670
78,1898.73417721519,7.263359339854017,0.6255059182013867,dKO,promoter,antiparallel,670
79,1949.3670886075947,7.124306436657313,0.5953956062369575,dKO,promoter,antiparallel,670
80,2000,6.996923213443946,0.5736606470663442,dKO,promoter,antiparallel,670
1,-2000,7.618827793227587,0.5015211479853595,dKO,promoter,hybrid,1113
2,-1949.367088607595,7.759763635482999,0.515068250224706,dKO,promoter,hybrid,1113
3,-1898.73417721519,7.927391838946004,0.5384768378527588,dKO,promoter,hybrid,1113
4,-1848.1012658227849,7.977878609324116,0.5511713963536304,dKO,promoter,hybrid,1113
5,-1797.4683544303798,7.98587985312164,0.5409307384571403,dKO,promoter,hybrid,1113
6,-1746.8354430379748,7.954198975159616,0.5272495579579697,dKO,promoter,hybrid,1113
7,-1696.2025316455697,7.948905184529576,0.5205727168753481,dKO,promoter,hybrid,1113
8,-1645.5696202531644,7.8574516294744425,0.49922872780695937,dKO,promoter,hybrid,1113
9,-1594.9367088607596,7.6780083553617535,0.4657262995022607,dKO,promoter,hybrid,1113
10,-1544.3037974683543,7.4174965053270165,0.42280964620581835,dKO,promoter,hybrid,1113
11,-1493.6708860759495,7.227490595480252,0.3791282840978388,dKO,promoter,hybrid,1113
12,-1443.0379746835442,7.088666500152675,0.3604976000223111,dKO,promoter,hybrid,1113
13,-1392.4050632911392,6.9577494700949645,0.3510963357740714,dKO,promoter,hybrid,1113
14,-1341.7721518987341,6.9771083795949345,0.36333979972707015,dKO,promoter,hybrid,1113
15,-1291.139240506329,6.994091872514883,0.37171873166072394,dKO,promoter,hybrid,1113
16,-1240.506329113924,6.963112424080441,0.36779769587941213,dKO,promoter,hybrid,1113
17,-1189.873417721519,6.8872935923676035,0.3541436366881406,dKO,promoter,hybrid,1113
18,-1139.240506329114,6.833705088531017,0.339451731692431,dKO,promoter,hybrid,1113
19,-1088.607594936709,6.886385271180065,0.32181154291334674,dKO,promoter,hybrid,1113
20,-1037.9746835443038,6.901827294276695,0.30837853514140506,dKO,promoter,hybrid,1113
21,-987.3417721518988,6.981835714200543,0.31775895525442727,dKO,promoter,hybrid,1113
22,-936.7088607594937,6.965394839089443,0.32398186001429957,dKO,promoter,hybrid,1113
23,-886.0759493670887,7.107480095663125,0.32595435114358107,dKO,promoter,hybrid,1113
24,-835.4430379746836,7.314634359557673,0.33864129492150363,dKO,promoter,hybrid,1113
25,-784.8101265822784,7.485576223104648,0.361224793698012,dKO,promoter,hybrid,1113
26,-734.1772151898733,7.736728390598412,0.3836972725135798,dKO,promoter,hybrid,1113
27,-683.5443037974683,8.091529545357,0.41088868543995366,dKO,promoter,hybrid,1113
28,-632.9113924050632,8.366359166471357,0.44478126939368623,dKO,promoter,hybrid,1113
29,-582.2784810126582,8.571392638058532,0.46637381114071724,dKO,promoter,hybrid,1113
30,-531.6455696202531,8.909516094038679,0.5012510839029481,dKO,promoter,hybrid,1113
31,-481.0126582278481,9.280198349519988,0.5598609618476061,dKO,promoter,hybrid,1113
32,-430.37974683544303,9.802552503970398,0.6313478500116919,dKO,promoter,hybrid,1113
33,-379.746835443038,10.31527897712748,0.7142043609266419,dKO,promoter,hybrid,1113
34,-329.11392405063293,10.83862186406322,0.7908349585410558,dKO,promoter,hybrid,1113
35,-278.4810126582279,11.568637200318685,0.8680962135878736,dKO,promoter,hybrid,1113
36,-227.84810126582283,12.00685491814232,0.9093691934027756,dKO,promoter,hybrid,1113
37,-177.21518987341778,12.34805750102474,0.9229867588252529,dKO,promoter,hybrid,1113
38,-126.58227848101274,12.667969260896955,0.9211282528568316,dKO,promoter,hybrid,1113
39,-75.94936708860769,12.93382266734167,0.9097997208702281,dKO,promoter,hybrid,1113
40,-25.316455696202638,12.975098130791514,0.8761687278672685,dKO,promoter,hybrid,1113
41,25.31645569620241,12.874734646160826,0.8511457276090889,dKO,promoter,hybrid,1113
42,75.94936708860769,12.562311074411701,0.8168616621430999,dKO,promoter,hybrid,1113
43,126.58227848101251,12.178857011336628,0.783503784594365,dKO,promoter,hybrid,1113
44,177.21518987341778,11.635907744627293,0.7300133684838399,dKO,promoter,hybrid,1113
45,227.8481012658226,11.139194651095586,0.6787628753750871,dKO,promoter,hybrid,1113
46,278.4810126582279,10.60254913745222,0.6291434812871158,dKO,promoter,hybrid,1113
47,329.1139240506327,10.151000817022698,0.5826595109094815,dKO,promoter,hybrid,1113
48,379.746835443038,9.799261971889552,0.5353611382528436,dKO,promoter,hybrid,1113
49,430.37974683544326,9.635547521095784,0.509315159387744,dKO,promoter,hybrid,1113
50,481.0126582278481,9.497957207872398,0.5087600846248163,dKO,promoter,hybrid,1113
51,531.6455696202534,9.360108322899439,0.524506894458486,dKO,promoter,hybrid,1113
52,582.2784810126582,9.232535795332893,0.5398808141186207,dKO,promoter,hybrid,1113
53,632.9113924050635,9.210933209123208,0.5705086440832867,dKO,promoter,hybrid,1113
54,683.5443037974683,9.205572441196898,0.6202597969178592,dKO,promoter,hybrid,1113
55,734.1772151898736,9.075899371252548,0.6606610938052714,dKO,promoter,hybrid,1113
56,784.8101265822784,9.048511961491817,0.7081426523906111,dKO,promoter,hybrid,1113
57,835.4430379746836,9.01232067517086,0.7104796401851704,dKO,promoter,hybrid,1113
58,886.0759493670885,8.962320256313902,0.7020640049605607,dKO,promoter,hybrid,1113
59,936.7088607594937,8.8157139772075,0.6589734487182439,dKO,promoter,hybrid,1113
60,987.3417721518986,8.795583577699453,0.6173068175039675,dKO,promoter,hybrid,1113
61,1037.9746835443038,8.929836783532648,0.6332957760230236,dKO,promoter,hybrid,1113
62,1088.6075949367087,8.963104296924469,0.6469312367295698,dKO,promoter,hybrid,1113
63,1139.240506329114,8.94646547721724,0.6608486623321358,dKO,promoter,hybrid,1113
64,1189.8734177215188,9.08698867105945,0.7015370434890427,dKO,promoter,hybrid,1113
65,1240.506329113924,9.270879681365296,0.7287754258149629,dKO,promoter,hybrid,1113
66,1291.1392405063293,9.289799944134165,0.7290722087442212,dKO,promoter,hybrid,1113
67,1341.7721518987341,9.289131259067789,0.7091860386190866,dKO,promoter,hybrid,1113
68,1392.4050632911394,9.145762332299043,0.6684734632991451,dKO,promoter,hybrid,1113
69,1443.0379746835442,9.074391945540887,0.6472384761839435,dKO,promoter,hybrid,1113
70,1493.6708860759495,9.14205613124367,0.6476101693569473,dKO,promoter,hybrid,1113
71,1544.3037974683543,9.11704401545269,0.6381639629758954,dKO,promoter,hybrid,1113
72,1594.9367088607596,8.94698870826246,0.6140425058581186,dKO,promoter,hybrid,1113
73,1645.5696202531644,8.686163500806249,0.5616449021900918,dKO,promoter,hybrid,1113
74,1696.2025316455697,8.72518139824106,0.54646026780332,dKO,promoter,hybrid,1113
75,1746.8354430379745,8.649929652195485,0.5189240894406617,dKO,promoter,hybrid,1113
76,1797.4683544303798,8.676049237495484,0.5341984455016715,dKO,promoter,hybrid,1113
77,1848.1012658227846,8.644144265461767,0.54277646239969,dKO,promoter,hybrid,1113
78,1898.73417721519,8.57753094200461,0.5490539631344521,dKO,promoter,hybrid,1113
79,1949.3670886075947,8.524340373566494,0.5466904676041211,dKO,promoter,hybrid,1113
80,2000,8.424104610445543,0.5331573369378372,dKO,promoter,hybrid,1113
1,-2000,1.6387865911556114,0.015612850671351758,dKO,promoter,none,14910
2,-1949.367088607595,1.6256590449978898,0.015336993938258993,dKO,promoter,none,14910
3,-1898.73417721519,1.6125520243719411,0.015195528954191769,dKO,promoter,none,14910
4,-1848.1012658227849,1.601563060460534,0.015234798326059184,dKO,promoter,none,14910
5,-1797.4683544303798,1.5905977140720944,0.015140926403650392,dKO,promoter,none,14910
6,-1746.8354430379748,1.5871787789460996,0.015115554880445652,dKO,promoter,none,14910
7,-1696.2025316455697,1.5755542293507288,0.015039707506624991,dKO,promoter,none,14910
8,-1645.5696202531644,1.5648222689301532,0.015041667815638992,dKO,promoter,none,14910
9,-1594.9367088607596,1.5622980699444746,0.015003143122622072,dKO,promoter,none,14910
10,-1544.3037974683543,1.5665090774918904,0.015040658913699894,dKO,promoter,none,14910
11,-1493.6708860759495,1.562916461687247,0.01505151767561388,dKO,promoter,none,14910
12,-1443.0379746835442,1.5614396218737059,0.014951179481289285,dKO,promoter,none,14910
13,-1392.4050632911392,1.573120005583755,0.015079371303674191,dKO,promoter,none,14910
14,-1341.7721518987341,1.5780198063957114,0.015031640289894125,dKO,promoter,none,14910
15,-1291.139240506329,1.572997373765062,0.014979674608906549,dKO,promoter,none,14910
16,-1240.506329113924,1.567653742275556,0.015000659670954299,dKO,promoter,none,14910
17,-1189.873417721519,1.5701995654529781,0.015076525548438526,dKO,promoter,none,14910
18,-1139.240506329114,1.5786237352823562,0.015161294814803059,dKO,promoter,none,14910
19,-1088.607594936709,1.5883667474383674,0.015250518055817995,dKO,promoter,none,14910
20,-1037.9746835443038,1.5907381125014006,0.015280625795726093,dKO,promoter,none,14910
21,-987.3417721518988,1.5900928004328752,0.01511669514573882,dKO,promoter,none,14910
22,-936.7088607594937,1.5899981154231293,0.014918379068045507,dKO,promoter,none,14910
23,-886.0759493670887,1.5854862317348521,0.014784856608007395,dKO,promoter,none,14910
24,-835.4430379746836,1.5804172308373214,0.014724854520956374,dKO,promoter,none,14910
25,-784.8101265822784,1.5750987507716727,0.014958520645277546,dKO,promoter,none,14910
26,-734.1772151898733,1.5675113970120642,0.01499282903508911,dKO,promoter,none,14910
27,-683.5443037974683,1.561822057034754,0.014884322660843451,dKO,promoter,none,14910
28,-632.9113924050632,1.5528973218774427,0.014745203884639615,dKO,promoter,none,14910
29,-582.2784810126582,1.5509123952377826,0.01472977737430971,dKO,promoter,none,14910
30,-531.6455696202531,1.5545900579899419,0.014819450064306123,dKO,promoter,none,14910
31,-481.0126582278481,1.5521442940472303,0.014963883785410574,dKO,promoter,none,14910
32,-430.37974683544303,1.5552731635729258,0.014920050480219809,dKO,promoter,none,14910
33,-379.746835443038,1.5556828696479916,0.014997046139558575,dKO,promoter,none,14910
34,-329.11392405063293,1.56217214083098,0.015041857182171625,dKO,promoter,none,14910
35,-278.4810126582279,1.5611157037440038,0.014986905746470535,dKO,promoter,none,14910
36,-227.84810126582283,1.5562363674477655,0.014832754633808782,dKO,promoter,none,14910
37,-177.21518987341778,1.5572819840148002,0.01481294547467139,dKO,promoter,none,14910
38,-126.58227848101274,1.5608680930573549,0.014896836736972886,dKO,promoter,none,14910
39,-75.94936708860769,1.5596556821175172,0.014950575393306431,dKO,promoter,none,14910
40,-25.316455696202638,1.5637756143964563,0.014971567827469863,dKO,promoter,none,14910
41,25.31645569620241,1.5583484615648409,0.014943735875194621,dKO,promoter,none,14910
42,75.94936708860769,1.5625228660281931,0.014846816428982012,dKO,promoter,none,14910
43,126.58227848101251,1.5564603036435722,0.014740529991569455,dKO,promoter,none,14910
44,177.21518987341778,1.5579972279076344,0.014858687343708035,dKO,promoter,none,14910
45,227.8481012658226,1.5540531725153048,0.014907311590107719,dKO,promoter,none,14910
46,278.4810126582279,1.564325803879538,0.015064806631381739,dKO,promoter,none,14910
47,329.1139240506327,1.5609335515952902,0.015050064829217998,dKO,promoter,none,14910
48,379.746835443038,1.5600858341935524,0.01498575414565523,dKO,promoter,none,14910
49,430.37974683544326,1.5511824670309613,0.014794794801946527,dKO,promoter,none,14910
50,481.0126582278481,1.5411090533212353,0.014570958417155654,dKO,promoter,none,14910
51,531.6455696202534,1.5352037348880643,0.014682630409554233,dKO,promoter,none,14910
52,582.2784810126582,1.5343071623016047,0.014752897227918378,dKO,promoter,none,14910
53,632.9113924050635,1.5435012313451786,0.014711739836018471,dKO,promoter,none,14910
54,683.5443037974683,1.5569820762160802,0.014800904818379527,dKO,promoter,none,14910
55,734.1772151898736,1.5681553911959496,0.01481581328015353,dKO,promoter,none,14910
56,784.8101265822784,1.5631618064563653,0.014846589283979294,dKO,promoter,none,14910
57,835.4430379746836,1.5523589833494773,0.014903988388666634,dKO,promoter,none,14910
58,886.0759493670885,1.5522354706769237,0.014947103816933685,dKO,promoter,none,14910
59,936.7088607594937,1.5555110849654419,0.014920785513700881,dKO,promoter,none,14910
60,987.3417721518986,1.5547132540507325,0.014867565602212009,dKO,promoter,none,14910
61,1037.9746835443038,1.5531075634127216,0.014768822291427732,dKO,promoter,none,14910
62,1088.6075949367087,1.5567499125941535,0.014805092859021683,dKO,promoter,none,14910
63,1139.240506329114,1.5608485785015107,0.014812966915722727,dKO,promoter,none,14910
64,1189.8734177215188,1.5645773527303424,0.014884583161245843,dKO,promoter,none,14910
65,1240.506329113924,1.5631326177207445,0.014896553076555635,dKO,promoter,none,14910
66,1291.1392405063293,1.5650030551219234,0.014839230381871786,dKO,promoter,none,14910
67,1341.7721518987341,1.561295859600642,0.014811811606090708,dKO,promoter,none,14910
68,1392.4050632911394,1.5575814118912465,0.014766188148324694,dKO,promoter,none,14910
69,1443.0379746835442,1.5574726773105478,0.014822558027426205,dKO,promoter,none,14910
70,1493.6708860759495,1.5586047335477755,0.014795731133890197,dKO,promoter,none,14910
71,1544.3037974683543,1.5616885888275316,0.014806169785124895,dKO,promoter,none,14910
72,1594.9367088607596,1.5744672866178142,0.014891195129844948,dKO,promoter,none,14910
73,1645.5696202531644,1.577270270691791,0.014944061353131062,dKO,promoter,none,14910
74,1696.2025316455697,1.5810928894265248,0.015104959492048122,dKO,promoter,none,14910
75,1746.8354430379745,1.5882006684203829,0.015095314060802053,dKO,promoter,none,14910
76,1797.4683544303798,1.596915932342085,0.015074990004050461,dKO,promoter,none,14910
77,1848.1012658227846,1.6021623468770936,0.015156793079529843,dKO,promoter,none,14910
78,1898.73417721519,1.6125937723247505,0.015156962291644913,dKO,promoter,none,14910
79,1949.3670886075947,1.6124911896347185,0.015196140498650814,dKO,promoter,none,14910
80,2000,1.6197128447574485,0.015426047017011996,dKO,promoter,none,14910
1,-2000,6.967487316992827,0.21011863570740225,dKO,5UTR,parallel,4744
2,-1949.367088607595,6.993036144265068,0.20891663309888484,dKO,5UTR,parallel,4744
3,-1898.73417721519,7.076504410913213,0.20738872401272596,dKO,5UTR,parallel,4744
4,-1848.1012658227849,7.174906477050007,0.20521932251560188,dKO,5UTR,parallel,4744
5,-1797.4683544303798,7.219314165240496,0.2027516792146422,dKO,5UTR,parallel,4744
6,-1746.8354430379748,7.308069260916963,0.2060462239599001,dKO,5UTR,parallel,4744
7,-1696.2025316455697,7.424819243444426,0.21204461466223815,dKO,5UTR,parallel,4744
8,-1645.5696202531644,7.627574675431273,0.22434440828933352,dKO,5UTR,parallel,4744
9,-1594.9367088607596,7.858002934051136,0.24472751206341511,dKO,5UTR,parallel,4744
10,-1544.3037974683543,7.96450890916797,0.24036025045401824,dKO,5UTR,parallel,4744
11,-1493.6708860759495,8.040118371305036,0.24067900890410793,dKO,5UTR,parallel,4744
12,-1443.0379746835442,8.194484161027969,0.25527812556959595,dKO,5UTR,parallel,4744
13,-1392.4050632911392,8.343680357592806,0.26081300650706146,dKO,5UTR,parallel,4744
14,-1341.7721518987341,8.523451789423882,0.2586258597118752,dKO,5UTR,parallel,4744
15,-1291.139240506329,8.685694677685003,0.2529287483383395,dKO,5UTR,parallel,4744
16,-1240.506329113924,8.823922439055238,0.24778650823225354,dKO,5UTR,parallel,4744
17,-1189.873417721519,9.112999770383174,0.2535425052941698,dKO,5UTR,parallel,4744
18,-1139.240506329114,9.504585142019527,0.2672186648920525,dKO,5UTR,parallel,4744
19,-1088.607594936709,9.93662734588138,0.2866715152212716,dKO,5UTR,parallel,4744
20,-1037.9746835443038,10.343824366126723,0.29792287668412587,dKO,5UTR,parallel,4744
21,-987.3417721518988,10.696730128053435,0.3049648006000592,dKO,5UTR,parallel,4744
22,-936.7088607594937,11.172049386255221,0.3152941457690074,dKO,5UTR,parallel,4744
23,-886.0759493670887,11.676124177274575,0.325522097360672,dKO,5UTR,parallel,4744
24,-835.4430379746836,12.185112125636689,0.331532415407403,dKO,5UTR,parallel,4744
25,-784.8101265822784,12.798912734081231,0.3398824155662219,dKO,5UTR,parallel,4744
26,-734.1772151898733,13.274107617419412,0.337439026766042,dKO,5UTR,parallel,4744
27,-683.5443037974683,13.835890959308113,0.33402870902634585,dKO,5UTR,parallel,4744
28,-632.9113924050632,14.587029721781636,0.34297420461014133,dKO,5UTR,parallel,4744
29,-582.2784810126582,15.474060067954259,0.3610568344444387,dKO,5UTR,parallel,4744
30,-531.6455696202531,16.292158513032465,0.3788829609433763,dKO,5UTR,parallel,4744
31,-481.0126582278481,17.137215917628925,0.39570710271486387,dKO,5UTR,parallel,4744
32,-430.37974683544303,18.06206872484971,0.4127833635230514,dKO,5UTR,parallel,4744
33,-379.746835443038,19.00575389971637,0.42942766545623706,dKO,5UTR,parallel,4744
34,-329.11392405063293,19.91972774176818,0.4486684272733236,dKO,5UTR,parallel,4744
35,-278.4810126582279,20.831235342812445,0.46726460869045106,dKO,5UTR,parallel,4744
36,-227.84810126582283,21.57842985234229,0.4800984424683834,dKO,5UTR,parallel,4744
37,-177.21518987341778,22.2378239224795,0.4860203179660453,dKO,5UTR,parallel,4744
38,-126.58227848101274,22.58310831465267,0.4786171781892241,dKO,5UTR,parallel,4744
39,-75.94936708860769,22.607386964201222,0.45977028010247173,dKO,5UTR,parallel,4744
40,-25.316455696202638,22.322756841337334,0.4377048364986505,dKO,5UTR,parallel,4744
41,25.31645569620241,21.810215924493445,0.41657669270037406,dKO,5UTR,parallel,4744
42,75.94936708860769,21.31546090660486,0.4062339828761971,dKO,5UTR,parallel,4744
43,126.58227848101251,20.74786220547522,0.39699795481016,dKO,5UTR,parallel,4744
44,177.21518987341778,20.039906612373322,0.377877457851841,dKO,5UTR,parallel,4744
45,227.8481012658226,19.19748704241108,0.35678891192755813,dKO,5UTR,parallel,4744
46,278.4810126582279,18.40061521545597,0.34419624621852124,dKO,5UTR,parallel,4744
47,329.1139240506327,17.682045554646017,0.3350250167258882,dKO,5UTR,parallel,4744
48,379.746835443038,16.99565361274284,0.3342713346504064,dKO,5UTR,parallel,4744
49,430.37974683544326,16.22893492065098,0.3335665074942827,dKO,5UTR,parallel,4744
50,481.0126582278481,15.555399356628985,0.3349503095002037,dKO,5UTR,parallel,4744
51,531.6455696202534,14.984325203105364,0.33913907415444267,dKO,5UTR,parallel,4744
52,582.2784810126582,14.47065785032015,0.34534375320947613,dKO,5UTR,parallel,4744
53,632.9113924050635,13.924691049468155,0.3450970410828907,dKO,5UTR,parallel,4744
54,683.5443037974683,13.354905307163444,0.3392688089650079,dKO,5UTR,parallel,4744
55,734.1772151898736,12.795162884581954,0.3317857790177104,dKO,5UTR,parallel,4744
56,784.8101265822784,12.24098630090387,0.3249867995634428,dKO,5UTR,parallel,4744
57,835.4430379746836,11.796906567027289,0.32052356905614826,dKO,5UTR,parallel,4744
58,886.0759493670885,11.349840464621966,0.31625217955439144,dKO,5UTR,parallel,4744
59,936.7088607594937,10.917760946453289,0.3064677009861594,dKO,5UTR,parallel,4744
60,987.3417721518986,10.512906565691997,0.29542123835834583,dKO,5UTR,parallel,4744
61,1037.9746835443038,10.09921348133236,0.2844235390799962,dKO,5UTR,parallel,4744
62,1088.6075949367087,9.700703271294056,0.274237364625318,dKO,5UTR,parallel,4744
63,1139.240506329114,9.342528622568894,0.2627610634101386,dKO,5UTR,parallel,4744
64,1189.8734177215188,9.010752689404525,0.25182232776311764,dKO,5UTR,parallel,4744
65,1240.506329113924,8.699177676497415,0.24117539730670015,dKO,5UTR,parallel,4744
66,1291.1392405063293,8.460406434687588,0.23582550067947708,dKO,5UTR,parallel,4744
67,1341.7721518987341,8.252620254319126,0.23015202234543788,dKO,5UTR,parallel,4744
68,1392.4050632911394,8.061990635179113,0.22584922138018831,dKO,5UTR,parallel,4744
69,1443.0379746835442,7.854721164315386,0.22251614014849838,dKO,5UTR,parallel,4744
70,1493.6708860759495,7.68618558181076,0.22125610332562376,dKO,5UTR,parallel,4744
71,1544.3037974683543,7.472440291196694,0.21693484474432786,dKO,5UTR,parallel,4744
72,1594.9367088607596,7.27150809932653,0.21143684675535346,dKO,5UTR,parallel,4744
73,1645.5696202531644,7.1526979533102555,0.20900442960981444,dKO,5UTR,parallel,4744
74,1696.2025316455697,7.074995228912369,0.2108340839426997,dKO,5UTR,parallel,4744
75,1746.8354430379745,6.940092125467667,0.20543815419156908,dKO,5UTR,parallel,4744
76,1797.4683544303798,6.887802413754279,0.20492352311914686,dKO,5UTR,parallel,4744
77,1848.1012658227846,6.825485072579861,0.20240180291785456,dKO,5UTR,parallel,4744
78,1898.73417721519,6.663974967260184,0.19288525389623326,dKO,5UTR,parallel,4744
79,1949.3670886075947,6.54668722603514,0.18603094570291281,dKO,5UTR,parallel,4744
80,2000,6.423163609935736,0.1778853264425883,dKO,5UTR,parallel,4744
1,-2000,7.980204931345811,1.2957796796662264,dKO,5UTR,antiparallel,343
2,-1949.367088607595,7.795402650453143,1.2360015560720734,dKO,5UTR,antiparallel,343
3,-1898.73417721519,7.558118530589475,1.0944283461166218,dKO,5UTR,antiparallel,343
4,-1848.1012658227849,7.41123715428268,0.985128044751698,dKO,5UTR,antiparallel,343
5,-1797.4683544303798,7.158393787302011,0.8594883170330548,dKO,5UTR,antiparallel,343
6,-1746.8354430379748,7.231084009975455,0.8652738688064144,dKO,5UTR,antiparallel,343
7,-1696.2025316455697,7.4194113823531085,0.9110963644755562,dKO,5UTR,antiparallel,343
8,-1645.5696202531644,7.372732909075604,0.890614047345293,dKO,5UTR,antiparallel,343
9,-1594.9367088607596,7.3996017298615016,0.9035872122020014,dKO,5UTR,antiparallel,343
10,-1544.3037974683543,7.353481026692108,0.8526247137003218,dKO,5UTR,antiparallel,343
11,-1493.6708860759495,7.126309961301824,0.7616443504036023,dKO,5UTR,antiparallel,343
12,-1443.0379746835442,6.883200363294955,0.6840917968641035,dKO,5UTR,antiparallel,343
13,-1392.4050632911392,6.698338589443526,0.5995092880131996,dKO,5UTR,antiparallel,343
14,-1341.7721518987341,6.701551965784401,0.5493770709809,dKO,5UTR,antiparallel,343
15,-1291.139240506329,6.951054478803807,0.5954650066411007,dKO,5UTR,antiparallel,343
16,-1240.506329113924,7.261195235609197,0.6964205761435873,dKO,5UTR,antiparallel,343
17,-1189.873417721519,7.35258607169282,0.752325071975793,dKO,5UTR,antiparallel,343
18,-1139.240506329114,7.274581922405083,0.7192338132338778,dKO,5UTR,antiparallel,343
19,-1088.607594936709,7.202665576142403,0.6428369191083355,dKO,5UTR,antiparallel,343
20,-1037.9746835443038,7.58128330690636,0.6412103549406256,dKO,5UTR,antiparallel,343
21,-987.3417721518988,8.063303902390167,0.7250313436120208,dKO,5UTR,antiparallel,343
22,-936.7088607594937,8.613686964453947,0.7906038257141557,dKO,5UTR,antiparallel,343
23,-886.0759493670887,8.805582282063565,0.7971873445240971,dKO,5UTR,antiparallel,343
24,-835.4430379746836,9.137880209388955,0.8133349852069424,dKO,5UTR,antiparallel,343
25,-784.8101265822784,9.752697739214197,0.8292308732668022,dKO,5UTR,antiparallel,343
26,-734.1772151898733,10.243643303916105,0.8470842889288719,dKO,5UTR,antiparallel,343
27,-683.5443037974683,10.905388072338697,0.8823975900598429,dKO,5UTR,antiparallel,343
28,-632.9113924050632,12.037438857944645,0.9594143341685241,dKO,5UTR,antiparallel,343
29,-582.2784810126582,13.11094622783457,1.0452320708622844,dKO,5UTR,antiparallel,343
30,-531.6455696202531,13.918417791553326,1.1200048744011324,dKO,5UTR,antiparallel,343
31,-481.0126582278481,14.902862647140454,1.1859172756964398,dKO,5UTR,antiparallel,343
32,-430.37974683544303,16.042637609988308,1.2966987638599203,dKO,5UTR,antiparallel,343
33,-379.746835443038,17.059237053563457,1.435814581161386,dKO,5UTR,antiparallel,343
34,-329.11392405063293,18.029704863663664,1.5398265778331295,dKO,5UTR,antiparallel,343
35,-278.4810126582279,18.838118394806735,1.5723653762085894,dKO,5UTR,antiparallel,343
36,-227.84810126582283,19.720597273763577,1.5933140423536962,dKO,5UTR,antiparallel,343
37,-177.21518987341778,20.276363912963312,1.5739627336196593,dKO,5UTR,antiparallel,343
38,-126.58227848101274,20.735211234477333,1.5136189227139063,dKO,5UTR,antiparallel,343
39,-75.94936708860769,20.844755622979157,1.4471822741506808,dKO,5UTR,antiparallel,343
40,-25.316455696202638,20.9478947423035,1.417398168649021,dKO,5UTR,antiparallel,343
41,25.31645569620241,20.88141264723156,1.4144626320496347,dKO,5UTR,antiparallel,343
42,75.94936708860769,20.609549113561854,1.3863116933285997,dKO,5UTR,antiparallel,343
43,126.58227848101251,20.29738063473975,1.3424598464106625,dKO,5UTR,antiparallel,343
44,177.21518987341778,19.95741952923459,1.2460764773764972,dKO,5UTR,antiparallel,343
45,227.8481012658226,19.341468314042476,1.179564889605506,dKO,5UTR,antiparallel,343
46,278.4810126582279,18.702585573062027,1.1421988539486718,dKO,5UTR,antiparallel,343
47,329.1139240506327,18.19910257627248,1.1626944144942826,dKO,5UTR,antiparallel,343
48,379.746835443038,17.642778772795744,1.2221922883568423,dKO,5UTR,antiparallel,343
49,430.37974683544326,17.383844166114795,1.2927072352131304,dKO,5UTR,antiparallel,343
50,481.0126582278481,17.249028709219775,1.3490639539743083,dKO,5UTR,antiparallel,343
51,531.6455696202534,16.772987050748313,1.404793130907696,dKO,5UTR,antiparallel,343
52,582.2784810126582,16.135576012410272,1.4407256462485936,dKO,5UTR,antiparallel,343
53,632.9113924050635,15.475004021755344,1.4617553772910412,dKO,5UTR,antiparallel,343
54,683.5443037974683,14.652087250976914,1.4567345529472167,dKO,5UTR,antiparallel,343
55,734.1772151898736,14.120416848464888,1.4313449273723533,dKO,5UTR,antiparallel,343
56,784.8101265822784,13.617354368971203,1.4172057611077788,dKO,5UTR,antiparallel,343
57,835.4430379746836,13.391728427301228,1.49325985264913,dKO,5UTR,antiparallel,343
58,886.0759493670885,12.939925293716211,1.516927437922947,dKO,5UTR,antiparallel,343
59,936.7088607594937,12.583685354187839,1.5470846853825744,dKO,5UTR,antiparallel,343
60,987.3417721518986,11.93498462911945,1.474195899901115,dKO,5UTR,antiparallel,343
61,1037.9746835443038,11.373963692350452,1.3640068957637816,dKO,5UTR,antiparallel,343
62,1088.6075949367087,10.762079171416131,1.1668838747615868,dKO,5UTR,antiparallel,343
63,1139.240506329114,10.212329683215787,1.0041845618200576,dKO,5UTR,antiparallel,343
64,1189.8734177215188,9.970470016850674,0.9288916342196774,dKO,5UTR,antiparallel,343
65,1240.506329113924,9.765034434614654,0.9058614137726393,dKO,5UTR,antiparallel,343
66,1291.1392405063293,9.560489670850329,0.8866538844243451,dKO,5UTR,antiparallel,343
67,1341.7721518987341,9.283853092385915,0.835087529670211,dKO,5UTR,antiparallel,343
68,1392.4050632911394,9.122846445395485,0.830814518380691,dKO,5UTR,antiparallel,343
69,1443.0379746835442,9.034143719828394,0.8584162308788953,dKO,5UTR,antiparallel,343
70,1493.6708860759495,8.967901039035489,0.9553406607239288,dKO,5UTR,antiparallel,343
71,1544.3037974683543,9.031978477426126,1.044355343402119,dKO,5UTR,antiparallel,343
72,1594.9367088607596,9.114740184013767,1.1204898182310814,dKO,5UTR,antiparallel,343
73,1645.5696202531644,9.185842631794621,1.1513767864992508,dKO,5UTR,antiparallel,343
74,1696.2025316455697,9.160710569517025,1.1729726684676005,dKO,5UTR,antiparallel,343
75,1746.8354430379745,9.101501594861812,1.1435954018490029,dKO,5UTR,antiparallel,343
76,1797.4683544303798,8.762401887805167,1.0712298628740902,dKO,5UTR,antiparallel,343
77,1848.1012658227846,8.430458084021643,0.9853041252754547,dKO,5UTR,antiparallel,343
78,1898.73417721519,7.900927927503317,0.8980336952702306,dKO,5UTR,antiparallel,343
79,1949.3670886075947,7.454599442454191,0.8093881410249361,dKO,5UTR,antiparallel,343
80,2000,7.0739484310636715,0.7619137131637018,dKO,5UTR,antiparallel,343
1,-2000,6.911055672949269,0.5145138477713775,dKO,5UTR,hybrid,728
2,-1949.367088607595,6.992553610961079,0.5488765160417655,dKO,5UTR,hybrid,728
3,-1898.73417721519,7.092381304963168,0.5531549796253855,dKO,5UTR,hybrid,728
4,-1848.1012658227849,7.168484858689291,0.5355268389851627,dKO,5UTR,hybrid,728
5,-1797.4683544303798,7.369276188236453,0.5486854417529435,dKO,5UTR,hybrid,728
6,-1746.8354430379748,7.650028760813095,0.5820708863622708,dKO,5UTR,hybrid,728
7,-1696.2025316455697,7.979510796400872,0.6292540362278205,dKO,5UTR,hybrid,728
8,-1645.5696202531644,8.209717658849863,0.6588993512971147,dKO,5UTR,hybrid,728
9,-1594.9367088607596,8.300806757149461,0.662343724746609,dKO,5UTR,hybrid,728
10,-1544.3037974683543,8.455603612380806,0.6757191667050627,dKO,5UTR,hybrid,728
11,-1493.6708860759495,8.509424489087019,0.6684784040794483,dKO,5UTR,hybrid,728
12,-1443.0379746835442,8.49373195159348,0.6551867652286217,dKO,5UTR,hybrid,728
13,-1392.4050632911392,8.620797613174705,0.6950657714131714,dKO,5UTR,hybrid,728
14,-1341.7721518987341,8.871511208076617,0.7576403340838264,dKO,5UTR,hybrid,728
15,-1291.139240506329,9.130325991972025,0.802111979785195,dKO,5UTR,hybrid,728
16,-1240.506329113924,9.567598753399029,0.8483331807749933,dKO,5UTR,hybrid,728
17,-1189.873417721519,10.041948115445756,0.8862040306675568,dKO,5UTR,hybrid,728
18,-1139.240506329114,10.318131328013354,0.8480845330596871,dKO,5UTR,hybrid,728
19,-1088.607594936709,10.506041858118751,0.7735696383290608,dKO,5UTR,hybrid,728
20,-1037.9746835443038,10.74407232097872,0.7164622010719578,dKO,5UTR,hybrid,728
21,-987.3417721518988,11.27276020497957,0.7825227266424328,dKO,5UTR,hybrid,728
22,-936.7088607594937,11.933911828435821,0.882610478781664,dKO,5UTR,hybrid,728
23,-886.0759493670887,12.588659291051247,0.9634315766137975,dKO,5UTR,hybrid,728
24,-835.4430379746836,13.400413595647603,1.0520891918653656,dKO,5UTR,hybrid,728
25,-784.8101265822784,14.207879394923811,1.0494633613949427,dKO,5UTR,hybrid,728
26,-734.1772151898733,15.03347188559098,1.0657260933690564,dKO,5UTR,hybrid,728
27,-683.5443037974683,15.920026889546014,1.093861897802507,dKO,5UTR,hybrid,728
28,-632.9113924050632,16.816045952919637,1.1291836329677811,dKO,5UTR,hybrid,728
29,-582.2784810126582,17.750076085680572,1.1618641310894708,dKO,5UTR,hybrid,728
30,-531.6455696202531,18.54469858605128,1.1860015361479612,dKO,5UTR,hybrid,728
31,-481.0126582278481,19.30653970625047,1.2143021509546115,dKO,5UTR,hybrid,728
32,-430.37974683544303,20.04855269023787,1.210731543914378,dKO,5UTR,hybrid,728
33,-379.746835443038,21.173886157156346,1.2480853155033085,dKO,5UTR,hybrid,728
34,-329.11392405063293,22.337219069850097,1.2914649563688176,dKO,5UTR,hybrid,728
35,-278.4810126582279,23.583468626966845,1.3208561099489997,dKO,5UTR,hybrid,728
36,-227.84810126582283,24.731242651940484,1.3352212286438536,dKO,5UTR,hybrid,728
37,-177.21518987341778,25.855249675801605,1.406742241315141,dKO,5UTR,hybrid,728
38,-126.58227848101274,26.530840896496844,1.4602139699598418,dKO,5UTR,hybrid,728
39,-75.94936708860769,26.498065879097133,1.4340575718218274,dKO,5UTR,hybrid,728
40,-25.316455696202638,26.073168774962205,1.3925653112553456,dKO,5UTR,hybrid,728
41,25.31645569620241,25.309697890672492,1.3183691024546143,dKO,5UTR,hybrid,728
42,75.94936708860769,24.135943839415745,1.262248987977406,dKO,5UTR,hybrid,728
43,126.58227848101251,22.967185062811925,1.221869965621506,dKO,5UTR,hybrid,728
44,177.21518987341778,22.00371563511781,1.1979439687630813,dKO,5UTR,hybrid,728
45,227.8481012658226,21.111759364423733,1.1976249543917175,dKO,5UTR,hybrid,728
46,278.4810126582279,20.02210339232242,1.1723734887505435,dKO,5UTR,hybrid,728
47,329.1139240506327,19.088237897015752,1.1096194671246904,dKO,5UTR,hybrid,728
48,379.746835443038,18.13106713616586,1.0339684892304406,dKO,5UTR,hybrid,728
49,430.37974683544326,17.268704546739112,0.9912448194136333,dKO,5UTR,hybrid,728
50,481.0126582278481,16.486478436770458,0.998624099134122,dKO,5UTR,hybrid,728
51,531.6455696202534,15.55747288222933,0.9997438887338516,dKO,5UTR,hybrid,728
52,582.2784810126582,14.57471886637119,0.9742587296141855,dKO,5UTR,hybrid,728
53,632.9113924050635,13.933875544939067,1.0113332190395043,dKO,5UTR,hybrid,728
54,683.5443037974683,13.365063517030341,1.0405182265369481,dKO,5UTR,hybrid,728
55,734.1772151898736,12.821668634674488,1.0509761943308347,dKO,5UTR,hybrid,728
56,784.8101265822784,12.062404032659618,1.0177708989087835,dKO,5UTR,hybrid,728
57,835.4430379746836,11.61519898105672,0.9811095930661708,dKO,5UTR,hybrid,728
58,886.0759493670885,11.297620570671645,0.9105080251690796,dKO,5UTR,hybrid,728
59,936.7088607594937,11.03699633611755,0.932417470091862,dKO,5UTR,hybrid,728
60,987.3417721518986,10.691380873438202,0.9529431499251347,dKO,5UTR,hybrid,728
61,1037.9746835443038,10.487358772298355,0.9496199169751444,dKO,5UTR,hybrid,728
62,1088.6075949367087,10.212415147570027,0.9319012929079779,dKO,5UTR,hybrid,728
63,1139.240506329114,9.92909540846125,0.9259877615182419,dKO,5UTR,hybrid,728
64,1189.8734177215188,9.54930563594832,0.8823052137704045,dKO,5UTR,hybrid,728
65,1240.506329113924,9.038692061756993,0.7758312351766128,dKO,5UTR,hybrid,728
66,1291.1392405063293,8.69254837788505,0.6922844420652661,dKO,5UTR,hybrid,728
67,1341.7721518987341,8.292899899368102,0.6247408773178071,dKO,5UTR,hybrid,728
68,1392.4050632911394,7.994060786308605,0.5800653020088001,dKO,5UTR,hybrid,728
69,1443.0379746835442,7.707970867074017,0.5479251450526271,dKO,5UTR,hybrid,728
70,1493.6708860759495,7.52977592499374,0.5119381316211324,dKO,5UTR,hybrid,728
71,1544.3037974683543,7.2382823975990105,0.4527943298264979,dKO,5UTR,hybrid,728
72,1594.9367088607596,7.07495450322008,0.4366799975383508,dKO,5UTR,hybrid,728
73,1645.5696202531644,6.933617622416753,0.41621079152441054,dKO,5UTR,hybrid,728
74,1696.2025316455697,6.765854942287717,0.39863983144910203,dKO,5UTR,hybrid,728
75,1746.8354430379745,6.828327089130005,0.4070306461866011,dKO,5UTR,hybrid,728
76,1797.4683544303798,6.794777155566565,0.41484886401018384,dKO,5UTR,hybrid,728
77,1848.1012658227846,6.558622204265097,0.3936419407035305,dKO,5UTR,hybrid,728
78,1898.73417721519,6.347891925566799,0.3773920456808561,dKO,5UTR,hybrid,728
79,1949.3670886075947,6.217019212036343,0.37295415076463895,dKO,5UTR,hybrid,728
80,2000,6.154494843441488,0.3829601589016135,dKO,5UTR,hybrid,728
1,-2000,3.6206599605329255,0.07371120653320695,dKO,5UTR,none,16000
2,-1949.367088607595,3.6028142696002323,0.07263533563100975,dKO,5UTR,none,16000
3,-1898.73417721519,3.58620701509089,0.07202714295728875,dKO,5UTR,none,16000
4,-1848.1012658227849,3.5705957477587353,0.07093915446094856,dKO,5UTR,none,16000
5,-1797.4683544303798,3.551211365924175,0.06993425739526704,dKO,5UTR,none,16000
6,-1746.8354430379748,3.560954614996669,0.06971898186502036,dKO,5UTR,none,16000
7,-1696.2025316455697,3.556974502614682,0.06994364340501841,dKO,5UTR,none,16000
8,-1645.5696202531644,3.553730432707028,0.06992045184982691,dKO,5UTR,none,16000
9,-1594.9367088607596,3.5361342209215585,0.06864232014836168,dKO,5UTR,none,16000
10,-1544.3037974683543,3.5102983030653667,0.0672201937752156,dKO,5UTR,none,16000
11,-1493.6708860759495,3.4919496083555326,0.06638161487449706,dKO,5UTR,none,16000
12,-1443.0379746835442,3.491756807221708,0.06701045135316587,dKO,5UTR,none,16000
13,-1392.4050632911392,3.4860097797765373,0.06835246529424747,dKO,5UTR,none,16000
14,-1341.7721518987341,3.4769551186995806,0.06771042972849413,dKO,5UTR,none,16000
15,-1291.139240506329,3.444887812107831,0.06648245340901066,dKO,5UTR,none,16000
16,-1240.506329113924,3.4205202959346153,0.06530376114083324,dKO,5UTR,none,16000
17,-1189.873417721519,3.4035890126763153,0.06480428205639589,dKO,5UTR,none,16000
18,-1139.240506329114,3.3644899883201074,0.06221628305320912,dKO,5UTR,none,16000
19,-1088.607594936709,3.318396606294409,0.05895872836992298,dKO,5UTR,none,16000
20,-1037.9746835443038,3.2799953082199456,0.05811530102961851,dKO,5UTR,none,16000
21,-987.3417721518988,3.2312250845435813,0.05683119498157272,dKO,5UTR,none,16000
22,-936.7088607594937,3.173436768118087,0.054944577006385054,dKO,5UTR,none,16000
23,-886.0759493670887,3.1145303221512566,0.05285279719489061,dKO,5UTR,none,16000
24,-835.4430379746836,3.0624159524774632,0.05158376993467581,dKO,5UTR,none,16000
25,-784.8101265822784,3.002182111407389,0.04977943466794269,dKO,5UTR,none,16000
26,-734.1772151898733,2.923827167774779,0.04735888996057148,dKO,5UTR,none,16000
27,-683.5443037974683,2.8425914359605167,0.04472733778253845,dKO,5UTR,none,16000
28,-632.9113924050632,2.766117390334988,0.041809061694627406,dKO,5UTR,none,16000
29,-582.2784810126582,2.67646932284589,0.038070231897232694,dKO,5UTR,none,16000
30,-531.6455696202531,2.5780750971219004,0.034012526074907574,dKO,5UTR,none,16000
31,-481.0126582278481,2.4857264013194675,0.030120703473667906,dKO,5UTR,none,16000
32,-430.37974683544303,2.3951290542595203,0.02690889644411082,dKO,5UTR,none,16000
33,-379.746835443038,2.320014669091944,0.024756036734040948,dKO,5UTR,none,16000
34,-329.11392405063293,2.2582762100055027,0.022959746092640166,dKO,5UTR,none,16000
35,-278.4810126582279,2.2183547625837035,0.02160034833875899,dKO,5UTR,none,16000
36,-227.84810126582283,2.182037799752576,0.020371673707052073,dKO,5UTR,none,16000
37,-177.21518987341778,2.153420369916659,0.01920722522482019,dKO,5UTR,none,16000
38,-126.58227848101274,2.1219203003398186,0.018206757146303588,dKO,5UTR,none,16000
39,-75.94936708860769,2.0982607437305925,0.017519356182132195,dKO,5UTR,none,16000
40,-25.316455696202638,2.076975896630623,0.017116474765318544,dKO,5UTR,none,16000
41,25.31645569620241,2.0642773578667337,0.017133428814994463,dKO,5UTR,none,16000
42,75.94936708860769,2.0641941620186346,0.017310344424501137,dKO,5UTR,none,16000
43,126.58227848101251,2.0974468728173212,0.018000866808117955,dKO,5UTR,none,16000
44,177.21518987341778,2.124310256093514,0.01877600519220723,dKO,5UTR,none,16000
45,227.8481012658226,2.1561248197768177,0.019852464930086675,dKO,5UTR,none,16000
46,278.4810126582279,2.2020441682608562,0.02129162034552687,dKO,5UTR,none,16000
47,329.1139240506327,2.2550717838528205,0.023278618851371828,dKO,5UTR,none,16000
48,379.746835443038,2.3189415153418365,0.025387770527233598,dKO,5UTR,none,16000
49,430.37974683544326,2.380738653089081,0.02789991536625865,dKO,5UTR,none,16000
50,481.0126582278481,2.4385098133568897,0.029853009236462415,dKO,5UTR,none,16000
51,531.6455696202534,2.5029470217575622,0.031132677725380652,dKO,5UTR,none,16000
52,582.2784810126582,2.5849185316636265,0.033380702970831164,dKO,5UTR,none,16000
53,632.9113924050635,2.650754536506539,0.035371816076899654,dKO,5UTR,none,16000
54,683.5443037974683,2.725737482051846,0.03776952930990427,dKO,5UTR,none,16000
55,734.1772151898736,2.79766795104397,0.040817127954779986,dKO,5UTR,none,16000
56,784.8101265822784,2.8760310876879696,0.04575618235457955,dKO,5UTR,none,16000
57,835.4430379746836,2.945566185769602,0.04995264789140998,dKO,5UTR,none,16000
58,886.0759493670885,3.0049371442733266,0.053442506014691436,dKO,5UTR,none,16000
59,936.7088607594937,3.0671024206958246,0.05600523876171573,dKO,5UTR,none,16000
60,987.3417721518986,3.1148752587137873,0.056579058957114806,dKO,5UTR,none,16000
61,1037.9746835443038,3.167618930857637,0.05799155805658539,dKO,5UTR,none,16000
62,1088.6075949367087,3.211654841556512,0.059587617811916564,dKO,5UTR,none,16000
63,1139.240506329114,3.2402013555157487,0.0605423524573425,dKO,5UTR,none,16000
64,1189.8734177215188,3.2821680789355985,0.06263285080438123,dKO,5UTR,none,16000
65,1240.506329113924,3.3236551450608927,0.06375462110823348,dKO,5UTR,none,16000
66,1291.1392405063293,3.3391587993690934,0.06345384204948312,dKO,5UTR,none,16000
67,1341.7721518987341,3.359496261060535,0.0636300975692011,dKO,5UTR,none,16000
68,1392.4050632911394,3.367289383938178,0.06408865975496347,dKO,5UTR,none,16000
69,1443.0379746835442,3.3852939811761775,0.06478659711942537,dKO,5UTR,none,16000
70,1493.6708860759495,3.4170628124437332,0.06589525850628147,dKO,5UTR,none,16000
71,1544.3037974683543,3.4427657615884715,0.06693736384789724,dKO,5UTR,none,16000
72,1594.9367088607596,3.458984596258426,0.06769481724921213,dKO,5UTR,none,16000
73,1645.5696202531644,3.4817076054080545,0.06865098172698611,dKO,5UTR,none,16000
74,1696.2025316455697,3.496469570345022,0.06865299089751575,dKO,5UTR,none,16000
75,1746.8354430379745,3.5110677410091595,0.0692114434972943,dKO,5UTR,none,16000
76,1797.4683544303798,3.515155895373252,0.06946446624688402,dKO,5UTR,none,16000
77,1848.1012658227846,3.5372000596137925,0.06994227074375302,dKO,5UTR,none,16000
78,1898.73417721519,3.5483113490896234,0.07167588427565254,dKO,5UTR,none,16000
79,1949.3670886075947,3.5387397896651267,0.07078534716964525,dKO,5UTR,none,16000
80,2000,3.5469916765222176,0.07019957503426184,dKO,5UTR,none,16000
1,-2000,6.184624139708361,0.15140744176664375,dKO,intron1,parallel,7766
2,-1949.367088607595,6.213144477994997,0.15207032487640743,dKO,intron1,parallel,7766
3,-1898.73417721519,6.206447750031462,0.15253468897941952,dKO,intron1,parallel,7766
4,-1848.1012658227849,6.1824065192826,0.15051873618467587,dKO,intron1,parallel,7766
5,-1797.4683544303798,6.141457095694487,0.1453248677288142,dKO,intron1,parallel,7766
6,-1746.8354430379748,6.164813357791283,0.143017175338698,dKO,intron1,parallel,7766
7,-1696.2025316455697,6.200289131074067,0.14275484411498737,dKO,intron1,parallel,7766
8,-1645.5696202531644,6.259305518714335,0.14599718684807414,dKO,intron1,parallel,7766
9,-1594.9367088607596,6.371731056611275,0.15164604715948177,dKO,intron1,parallel,7766
10,-1544.3037974683543,6.496838521827024,0.16064871823994328,dKO,intron1,parallel,7766
11,-1493.6708860759495,6.571226062568864,0.16798945720161337,dKO,intron1,parallel,7766
12,-1443.0379746835442,6.629876163519752,0.17345207207084734,dKO,intron1,parallel,7766
13,-1392.4050632911392,6.698822029173266,0.17810779205873753,dKO,intron1,parallel,7766
14,-1341.7721518987341,6.751982763821664,0.1782163792991754,dKO,intron1,parallel,7766
15,-1291.139240506329,6.7483313331479975,0.1742933780452728,dKO,intron1,parallel,7766
16,-1240.506329113924,6.74035616773742,0.17024864036218768,dKO,intron1,parallel,7766
17,-1189.873417721519,6.808002487045571,0.16830767132189284,dKO,intron1,parallel,7766
18,-1139.240506329114,6.896442190242106,0.1679982472213447,dKO,intron1,parallel,7766
19,-1088.607594936709,6.939220791235432,0.16855670361057884,dKO,intron1,parallel,7766
20,-1037.9746835443038,7.011641866024374,0.17000996239202026,dKO,intron1,parallel,7766
21,-987.3417721518988,7.103726819028915,0.17246712821365004,dKO,intron1,parallel,7766
22,-936.7088607594937,7.179936054177382,0.17503206037114893,dKO,intron1,parallel,7766
23,-886.0759493670887,7.236427909786051,0.17560504347141453,dKO,intron1,parallel,7766
24,-835.4430379746836,7.2570499051247594,0.1750286952451392,dKO,intron1,parallel,7766
25,-784.8101265822784,7.281184285331851,0.1752967936909378,dKO,intron1,parallel,7766
26,-734.1772151898733,7.3162415628582025,0.17413847793505974,dKO,intron1,parallel,7766
27,-683.5443037974683,7.386801829220287,0.1734468908787471,dKO,intron1,parallel,7766
28,-632.9113924050632,7.434513176552614,0.17188456887695436,dKO,intron1,parallel,7766
29,-582.2784810126582,7.453997088891568,0.17017779360917287,dKO,intron1,parallel,7766
30,-531.6455696202531,7.440260395594692,0.1678422894031872,dKO,intron1,parallel,7766
31,-481.0126582278481,7.481404126072986,0.1694851833492311,dKO,intron1,parallel,7766
32,-430.37974683544303,7.551885498283206,0.17240279857481608,dKO,intron1,parallel,7766
33,-379.746835443038,7.5740024571297395,0.174490044219965,dKO,intron1,parallel,7766
34,-329.11392405063293,7.597691646174654,0.17709339372546304,dKO,intron1,parallel,7766
35,-278.4810126582279,7.625018141822596,0.17894478397133567,dKO,intron1,parallel,7766
36,-227.84810126582283,7.617663563750048,0.17837762656912243,dKO,intron1,parallel,7766
37,-177.21518987341778,7.604667978206104,0.17585833603821469,dKO,intron1,parallel,7766
38,-126.58227848101274,7.5774158842975625,0.17434830137111326,dKO,intron1,parallel,7766
39,-75.94936708860769,7.517790459443575,0.17258600857074868,dKO,intron1,parallel,7766
40,-25.316455696202638,7.4834976224105585,0.17215190098797808,dKO,intron1,parallel,7766
41,25.31645569620241,7.4300242486240755,0.1721392095932144,dKO,intron1,parallel,7766
42,75.94936708860769,7.41556296571149,0.1742884415200394,dKO,intron1,parallel,7766
43,126.58227848101251,7.395298136775714,0.17286483966541596,dKO,intron1,parallel,7766
44,177.21518987341778,7.410675077588274,0.17217253142845285,dKO,intron1,parallel,7766
45,227.8481012658226,7.3952661029881535,0.17183469003918733,dKO,intron1,parallel,7766
46,278.4810126582279,7.347193587658098,0.17473936844068866,dKO,intron1,parallel,7766
47,329.1139240506327,7.284337227990448,0.17475661771655182,dKO,intron1,parallel,7766
48,379.746835443038,7.206564352540706,0.17122629980973245,dKO,intron1,parallel,7766
49,430.37974683544326,7.150377911325074,0.1684057814667093,dKO,intron1,parallel,7766
50,481.0126582278481,7.056396273874052,0.1629716893892202,dKO,intron1,parallel,7766
51,531.6455696202534,6.950939879262076,0.1598567692516131,dKO,intron1,parallel,7766
52,582.2784810126582,6.925076298844467,0.16175666772975844,dKO,intron1,parallel,7766
53,632.9113924050635,6.894653171695796,0.16151028305268736,dKO,intron1,parallel,7766
54,683.5443037974683,6.811785306532155,0.15806788149592904,dKO,intron1,parallel,7766
55,734.1772151898736,6.741883707591337,0.15593773342428227,dKO,intron1,parallel,7766
56,784.8101265822784,6.6383010318251845,0.15504251302137453,dKO,intron1,parallel,7766
57,835.4430379746836,6.4994360135010725,0.15166475913976876,dKO,intron1,parallel,7766
58,886.0759493670885,6.389271216502629,0.14838743190475506,dKO,intron1,parallel,7766
59,936.7088607594937,6.322328820486357,0.1451980502685033,dKO,intron1,parallel,7766
60,987.3417721518986,6.287260776759524,0.14417061092196437,dKO,intron1,parallel,7766
61,1037.9746835443038,6.245130518302967,0.1448753133562197,dKO,intron1,parallel,7766
62,1088.6075949367087,6.23672458152227,0.14758695183148524,dKO,intron1,parallel,7766
63,1139.240506329114,6.2307434729086255,0.14804429491172544,dKO,intron1,parallel,7766
64,1189.8734177215188,6.169884805771013,0.14406940968876322,dKO,intron1,parallel,7766
65,1240.506329113924,6.1203774483661935,0.1408108730165331,dKO,intron1,parallel,7766
66,1291.1392405063293,6.066317755370419,0.1381354388541777,dKO,intron1,parallel,7766
67,1341.7721518987341,6.029697030365482,0.13976008566071133,dKO,intron1,parallel,7766
68,1392.4050632911394,6.024295809193941,0.14325915271237738,dKO,intron1,parallel,7766
69,1443.0379746835442,6.016607275511207,0.1462449987579757,dKO,intron1,parallel,7766
70,1493.6708860759495,6.009942942586658,0.15008749990956913,dKO,intron1,parallel,7766
71,1544.3037974683543,5.990110624611598,0.1500444527033848,dKO,intron1,parallel,7766
72,1594.9367088607596,5.967006095913165,0.1544750303231012,dKO,intron1,parallel,7766
73,1645.5696202531644,5.929411559091104,0.16159793992627436,dKO,intron1,parallel,7766
74,1696.2025316455697,5.836683795342722,0.1627520263884177,dKO,intron1,parallel,7766
75,1746.8354430379745,5.768247254222993,0.15802056526254304,dKO,intron1,parallel,7766
76,1797.4683544303798,5.717640090044071,0.14490177804650056,dKO,intron1,parallel,7766
77,1848.1012658227846,5.713584800164826,0.1363332851932673,dKO,intron1,parallel,7766
78,1898.73417721519,5.712006130416728,0.13528347577537328,dKO,intron1,parallel,7766
79,1949.3670886075947,5.715531631814061,0.13661257179292008,dKO,intron1,parallel,7766
80,2000,5.733251057416035,0.13829389741627143,dKO,intron1,parallel,7766
1,-2000,6.287950361852914,0.5453955225953936,dKO,intron1,antiparallel,710
2,-1949.367088607595,6.385479031441917,0.6105386085842675,dKO,intron1,antiparallel,710
3,-1898.73417721519,6.578207332333489,0.6879023696003665,dKO,intron1,antiparallel,710
4,-1848.1012658227849,6.712144845431959,0.7773013511590581,dKO,intron1,antiparallel,710
5,-1797.4683544303798,6.834899523857054,0.8827213330789886,dKO,intron1,antiparallel,710
6,-1746.8354430379748,6.917971067459931,0.9441718237558882,dKO,intron1,antiparallel,710
7,-1696.2025316455697,6.974242454944083,1.0398679096010546,dKO,intron1,antiparallel,710
8,-1645.5696202531644,7.067069499708677,1.1179149236315566,dKO,intron1,antiparallel,710
9,-1594.9367088607596,6.991391270722581,1.1690447675463884,dKO,intron1,antiparallel,710
10,-1544.3037974683543,7.004523762153348,1.1726286425701606,dKO,intron1,antiparallel,710
11,-1493.6708860759495,7.0134580175943775,1.1482764430113668,dKO,intron1,antiparallel,710
12,-1443.0379746835442,7.085160851775201,1.09725253324384,dKO,intron1,antiparallel,710
13,-1392.4050632911392,7.087089784270721,1.0104041947476863,dKO,intron1,antiparallel,710
14,-1341.7721518987341,7.133446822301883,0.9730164990027511,dKO,intron1,antiparallel,710
15,-1291.139240506329,7.036090368245129,0.8973722044597809,dKO,intron1,antiparallel,710
16,-1240.506329113924,6.937697964031372,0.8438962791900764,dKO,intron1,antiparallel,710
17,-1189.873417721519,6.863412335638709,0.7867354878160939,dKO,intron1,antiparallel,710
18,-1139.240506329114,6.7846899858047145,0.7241522928084488,dKO,intron1,antiparallel,710
19,-1088.607594936709,6.711876583725074,0.6620292188234491,dKO,intron1,antiparallel,710
20,-1037.9746835443038,6.5744939921641015,0.5948680738167867,dKO,intron1,antiparallel,710
21,-987.3417721518988,6.473540443149531,0.5228711072221106,dKO,intron1,antiparallel,710
22,-936.7088607594937,6.371308704093028,0.48804512356112395,dKO,intron1,antiparallel,710
23,-886.0759493670887,6.270729032083296,0.4833061034241774,dKO,intron1,antiparallel,710
24,-835.4430379746836,6.1500916437957205,0.4771062729262926,dKO,intron1,antiparallel,710
25,-784.8101265822784,6.0881328532304,0.4658731227199063,dKO,intron1,antiparallel,710
26,-734.1772151898733,6.195332084790082,0.5056369700417976,dKO,intron1,antiparallel,710
27,-683.5443037974683,6.373636385094952,0.5541785795569263,dKO,intron1,antiparallel,710
28,-632.9113924050632,6.457820252714023,0.5496081676692475,dKO,intron1,antiparallel,710
29,-582.2784810126582,6.412770591827625,0.5072891544920962,dKO,intron1,antiparallel,710
30,-531.6455696202531,6.4931064053578,0.49752349552602365,dKO,intron1,antiparallel,710
31,-481.0126582278481,6.557830220863853,0.5098227029709854,dKO,intron1,antiparallel,710
32,-430.37974683544303,6.54128412100183,0.5128819691860605,dKO,intron1,antiparallel,710
33,-379.746835443038,6.577253415095415,0.5131544941408593,dKO,intron1,antiparallel,710
34,-329.11392405063293,6.679510169733298,0.5287800055479237,dKO,intron1,antiparallel,710
35,-278.4810126582279,6.798389806291866,0.5556711301139267,dKO,intron1,antiparallel,710
36,-227.84810126582283,6.783152748775034,0.5544518204640777,dKO,intron1,antiparallel,710
37,-177.21518987341778,6.7538305182401,0.5497475390853271,dKO,intron1,antiparallel,710
38,-126.58227848101274,6.741437205507162,0.5538027367071066,dKO,intron1,antiparallel,710
39,-75.94936708860769,6.633121459898255,0.5288591175489843,dKO,intron1,antiparallel,710
40,-25.316455696202638,6.396876923649524,0.47349082821326294,dKO,intron1,antiparallel,710
41,25.31645569620241,6.137284854416556,0.4234284950229738,dKO,intron1,antiparallel,710
42,75.94936708860769,6.049409541179317,0.3921034146260641,dKO,intron1,antiparallel,710
43,126.58227848101251,6.026430566056793,0.3873376081246553,dKO,intron1,antiparallel,710
44,177.21518987341778,5.982704498980526,0.39502212135341336,dKO,intron1,antiparallel,710
45,227.8481012658226,6.141802947557029,0.406224456948423,dKO,intron1,antiparallel,710
46,278.4810126582279,6.19949184361422,0.41609220750612047,dKO,intron1,antiparallel,710
47,329.1139240506327,6.1201127143085285,0.41686380051920513,dKO,intron1,antiparallel,710
48,379.746835443038,6.091500378303125,0.4154251581836159,dKO,intron1,antiparallel,710
49,430.37974683544326,6.029113312036219,0.42375740250451044,dKO,intron1,antiparallel,710
50,481.0126582278481,6.028478716055552,0.4304291720151643,dKO,intron1,antiparallel,710
51,531.6455696202534,6.123835882174577,0.45143517022349644,dKO,intron1,antiparallel,710
52,582.2784810126582,6.199502692700552,0.4631767413771273,dKO,intron1,antiparallel,710
53,632.9113924050635,6.238523664550602,0.4540144038199769,dKO,intron1,antiparallel,710
54,683.5443037974683,6.108420976515667,0.42367701358471255,dKO,intron1,antiparallel,710
55,734.1772151898736,5.864803726802969,0.4044366700694543,dKO,intron1,antiparallel,710
56,784.8101265822784,5.878455044737445,0.4067245828876816,dKO,intron1,antiparallel,710
57,835.4430379746836,5.81781221675537,0.4048495295001308,dKO,intron1,antiparallel,710
58,886.0759493670885,5.648753818055273,0.40149619417872395,dKO,intron1,antiparallel,710
59,936.7088607594937,5.47169029550933,0.3970691869040066,dKO,intron1,antiparallel,710
60,987.3417721518986,5.445777974182452,0.40434636497646254,dKO,intron1,antiparallel,710
61,1037.9746835443038,5.413954403731744,0.40315993984705584,dKO,intron1,antiparallel,710
62,1088.6075949367087,5.326215305889156,0.39160954852741503,dKO,intron1,antiparallel,710
63,1139.240506329114,5.243436605972863,0.38124884422945265,dKO,intron1,antiparallel,710
64,1189.8734177215188,5.247950608626218,0.3981340781793326,dKO,intron1,antiparallel,710
65,1240.506329113924,5.299710494867513,0.4127066931420797,dKO,intron1,antiparallel,710
66,1291.1392405063293,5.2572218218241495,0.4136599266847764,dKO,intron1,antiparallel,710
67,1341.7721518987341,5.189112796550625,0.4153605040549391,dKO,intron1,antiparallel,710
68,1392.4050632911394,5.064966446351558,0.40786548631512387,dKO,intron1,antiparallel,710
69,1443.0379746835442,4.9890725708813735,0.3858750306785557,dKO,intron1,antiparallel,710
70,1493.6708860759495,5.192095185284323,0.408042795880711,dKO,intron1,antiparallel,710
71,1544.3037974683543,5.146656959980307,0.41034656047731066,dKO,intron1,antiparallel,710
72,1594.9367088607596,5.016756395513463,0.3882918612907439,dKO,intron1,antiparallel,710
73,1645.5696202531644,4.900340061359002,0.3730039873123281,dKO,intron1,antiparallel,710
74,1696.2025316455697,4.906550407826061,0.36876841275113476,dKO,intron1,antiparallel,710
75,1746.8354430379745,4.868113761047802,0.3756184278355491,dKO,intron1,antiparallel,710
76,1797.4683544303798,4.8850855095229795,0.43034140235566,dKO,intron1,antiparallel,710
77,1848.1012658227846,4.991252339335115,0.5026523010932599,dKO,intron1,antiparallel,710
78,1898.73417721519,5.116194869003386,0.5345212364243371,dKO,intron1,antiparallel,710
79,1949.3670886075947,5.145570287006002,0.49857506435194643,dKO,intron1,antiparallel,710
80,2000,5.163207951743837,0.4814193355052048,dKO,intron1,antiparallel,710
1,-2000,5.4339024028862495,0.3529694239681177,dKO,intron1,hybrid,1092
2,-1949.367088607595,5.477226354350974,0.34535992676373595,dKO,intron1,hybrid,1092
3,-1898.73417721519,5.582955571854798,0.3477232753752148,dKO,intron1,hybrid,1092
4,-1848.1012658227849,5.759471619166297,0.3622580201137146,dKO,intron1,hybrid,1092
5,-1797.4683544303798,5.899534301850967,0.3761583989003828,dKO,intron1,hybrid,1092
6,-1746.8354430379748,5.974456868951138,0.3794087301927181,dKO,intron1,hybrid,1092
7,-1696.2025316455697,6.05141438830976,0.3932871500161897,dKO,intron1,hybrid,1092
8,-1645.5696202531644,6.098668753774757,0.4181198431216175,dKO,intron1,hybrid,1092
9,-1594.9367088607596,6.137657428751353,0.4398758249538054,dKO,intron1,hybrid,1092
10,-1544.3037974683543,6.13253021209959,0.45497194125993146,dKO,intron1,hybrid,1092
11,-1493.6708860759495,6.107920306374448,0.462421206539955,dKO,intron1,hybrid,1092
12,-1443.0379746835442,6.092948724987015,0.4617429489762644,dKO,intron1,hybrid,1092
13,-1392.4050632911392,6.1670581992518185,0.46424455695170797,dKO,intron1,hybrid,1092
14,-1341.7721518987341,6.178303689592778,0.45024973569100235,dKO,intron1,hybrid,1092
15,-1291.139240506329,6.2897343672420805,0.4368654607771597,dKO,intron1,hybrid,1092
16,-1240.506329113924,6.288891323184065,0.39906399119593733,dKO,intron1,hybrid,1092
17,-1189.873417721519,6.3353548036674,0.373208857724522,dKO,intron1,hybrid,1092
18,-1139.240506329114,6.484116251615669,0.3856352853082224,dKO,intron1,hybrid,1092
19,-1088.607594936709,6.78417350421895,0.42251660343849917,dKO,intron1,hybrid,1092
20,-1037.9746835443038,7.171581648331276,0.4910748615992717,dKO,intron1,hybrid,1092
21,-987.3417721518988,7.365998239725355,0.5227274539763243,dKO,intron1,hybrid,1092
22,-936.7088607594937,7.489647186756571,0.530735068563269,dKO,intron1,hybrid,1092
23,-886.0759493670887,7.561587124574607,0.5228414959063348,dKO,intron1,hybrid,1092
24,-835.4430379746836,7.626558374937201,0.5007340557808971,dKO,intron1,hybrid,1092
25,-784.8101265822784,7.635125036120997,0.49732627218415515,dKO,intron1,hybrid,1092
26,-734.1772151898733,7.679148572636029,0.5182296991484333,dKO,intron1,hybrid,1092
27,-683.5443037974683,7.82633906806345,0.5303981760205091,dKO,intron1,hybrid,1092
28,-632.9113924050632,7.840737957546853,0.5299290235370164,dKO,intron1,hybrid,1092
29,-582.2784810126582,7.7660709178658776,0.524096431675497,dKO,intron1,hybrid,1092
30,-531.6455696202531,7.602675098170582,0.4803645938593031,dKO,intron1,hybrid,1092
31,-481.0126582278481,7.499065838274938,0.46629633643209256,dKO,intron1,hybrid,1092
32,-430.37974683544303,7.51076534711252,0.4646883082434401,dKO,intron1,hybrid,1092
33,-379.746835443038,7.585438780751857,0.47334558361110496,dKO,intron1,hybrid,1092
34,-329.11392405063293,7.54611568584547,0.47678355665911226,dKO,intron1,hybrid,1092
35,-278.4810126582279,7.577149975528356,0.4907151179234839,dKO,intron1,hybrid,1092
36,-227.84810126582283,7.58861959609211,0.5050917509376733,dKO,intron1,hybrid,1092
37,-177.21518987341778,7.5830819262354945,0.5132414420374117,dKO,intron1,hybrid,1092
38,-126.58227848101274,7.620794883136784,0.5083573789491554,dKO,intron1,hybrid,1092
39,-75.94936708860769,7.6902223424415155,0.4902310981960468,dKO,intron1,hybrid,1092
40,-25.316455696202638,7.735933604329934,0.47360878245421006,dKO,intron1,hybrid,1092
41,25.31645569620241,7.734240022821304,0.46244718460948037,dKO,intron1,hybrid,1092
42,75.94936708860769,7.581082572252905,0.44859251142412904,dKO,intron1,hybrid,1092
43,126.58227848101251,7.537214588667738,0.44342736291546225,dKO,intron1,hybrid,1092
44,177.21518987341778,7.516976770605797,0.44107809956894123,dKO,intron1,hybrid,1092
45,227.8481012658226,7.591642354908007,0.46570465462228766,dKO,intron1,hybrid,1092
46,278.4810126582279,7.6343039814456475,0.48101783575598966,dKO,intron1,hybrid,1092
47,329.1139240506327,7.731886175265388,0.49208677943335855,dKO,intron1,hybrid,1092
48,379.746835443038,7.8402088551367015,0.5057384041199616,dKO,intron1,hybrid,1092
49,430.37974683544326,7.909385386374989,0.5309197831601087,dKO,intron1,hybrid,1092
50,481.0126582278481,8.007385739804915,0.5658616993489137,dKO,intron1,hybrid,1092
51,531.6455696202534,8.075291486611006,0.5900385252415732,dKO,intron1,hybrid,1092
52,582.2784810126582,8.19889242639399,0.6188963223385096,dKO,intron1,hybrid,1092
53,632.9113924050635,8.323925587635337,0.6522021110289731,dKO,intron1,hybrid,1092
54,683.5443037974683,8.407566268807221,0.6853439406108393,dKO,intron1,hybrid,1092
55,734.1772151898736,8.422725249004161,0.6988386402545859,dKO,intron1,hybrid,1092
56,784.8101265822784,8.468275832651008,0.706193126140501,dKO,intron1,hybrid,1092
57,835.4430379746836,8.462070897890388,0.7054334290246391,dKO,intron1,hybrid,1092
58,886.0759493670885,8.375897953950588,0.6779467587423733,dKO,intron1,hybrid,1092
59,936.7088607594937,8.21694599550795,0.6405885837501988,dKO,intron1,hybrid,1092
60,987.3417721518986,8.026818204877287,0.5847276575555428,dKO,intron1,hybrid,1092
61,1037.9746835443038,7.6892591600634965,0.5339893546349435,dKO,intron1,hybrid,1092
62,1088.6075949367087,7.350711991278243,0.5002187227765822,dKO,intron1,hybrid,1092
63,1139.240506329114,7.154831096741742,0.5014492327180546,dKO,intron1,hybrid,1092
64,1189.8734177215188,7.084757531498523,0.5254852750631015,dKO,intron1,hybrid,1092
65,1240.506329113924,6.915800950290665,0.5302654861948212,dKO,intron1,hybrid,1092
66,1291.1392405063293,6.741965839005506,0.5042854875171408,dKO,intron1,hybrid,1092
67,1341.7721518987341,6.577145720856385,0.4752424459136821,dKO,intron1,hybrid,1092
68,1392.4050632911394,6.421870910734193,0.43199365226666425,dKO,intron1,hybrid,1092
69,1443.0379746835442,6.137121487530597,0.38193959013859874,dKO,intron1,hybrid,1092
70,1493.6708860759495,5.958208178909125,0.36771283461634097,dKO,intron1,hybrid,1092
71,1544.3037974683543,5.86501701679713,0.36058158988596184,dKO,intron1,hybrid,1092
72,1594.9367088607596,5.806904613970983,0.34649791259399654,dKO,intron1,hybrid,1092
73,1645.5696202531644,5.683997612250594,0.34204133005835424,dKO,intron1,hybrid,1092
74,1696.2025316455697,5.636963617706328,0.3509059145685194,dKO,intron1,hybrid,1092
75,1746.8354430379745,5.554571673632105,0.3482809721925068,dKO,intron1,hybrid,1092
76,1797.4683544303798,5.468114100257992,0.35418886122763604,dKO,intron1,hybrid,1092
77,1848.1012658227846,5.450072496440967,0.3735492485170108,dKO,intron1,hybrid,1092
78,1898.73417721519,5.505812516559612,0.3836886407290452,dKO,intron1,hybrid,1092
79,1949.3670886075947,5.623156672636814,0.39759618925845835,dKO,intron1,hybrid,1092
80,2000,5.768915058836541,0.411539360387138,dKO,intron1,hybrid,1092
1,-2000,3.0987952601216606,0.07499366275987487,dKO,intron1,none,12787
2,-1949.367088607595,3.081213919424079,0.0751949353593436,dKO,intron1,none,12787
3,-1898.73417721519,3.0599958876639604,0.07577827144309723,dKO,intron1,none,12787
4,-1848.1012658227849,3.015425933784166,0.0743338271765197,dKO,intron1,none,12787
5,-1797.4683544303798,2.956941941668807,0.07074481503848333,dKO,intron1,none,12787
6,-1746.8354430379748,2.914628911090071,0.0675968896342422,dKO,intron1,none,12787
7,-1696.2025316455697,2.884289323537542,0.06682434472333135,dKO,intron1,none,12787
8,-1645.5696202531644,2.8638699136906363,0.06684254020869612,dKO,intron1,none,12787
9,-1594.9367088607596,2.834562568380679,0.06563307919068331,dKO,intron1,none,12787
10,-1544.3037974683543,2.7972681676448645,0.06288879803311512,dKO,intron1,none,12787
11,-1493.6708860759495,2.748217332656772,0.060520346006956355,dKO,intron1,none,12787
12,-1443.0379746835442,2.7082550238618204,0.05722762530745325,dKO,intron1,none,12787
13,-1392.4050632911392,2.685213099688375,0.054689120042151915,dKO,intron1,none,12787
14,-1341.7721518987341,2.658502244125422,0.05359419073661341,dKO,intron1,none,12787
15,-1291.139240506329,2.6293930139717014,0.05344609652360883,dKO,intron1,none,12787
16,-1240.506329113924,2.5850765668686435,0.05303609839794408,dKO,intron1,none,12787
17,-1189.873417721519,2.5163044905894068,0.050965084112907476,dKO,intron1,none,12787
18,-1139.240506329114,2.467232443712006,0.04896404976085076,dKO,intron1,none,12787
19,-1088.607594936709,2.437825330370703,0.0481009890362589,dKO,intron1,none,12787
20,-1037.9746835443038,2.395102590501836,0.04691441474654725,dKO,intron1,none,12787
21,-987.3417721518988,2.3548242824149868,0.0459795497032535,dKO,intron1,none,12787
22,-936.7088607594937,2.297574147334141,0.04351246717004191,dKO,intron1,none,12787
23,-886.0759493670887,2.241125210730083,0.04024983720956214,dKO,intron1,none,12787
24,-835.4430379746836,2.1842321928918516,0.03699953131433682,dKO,intron1,none,12787
25,-784.8101265822784,2.141480324268341,0.03337598847586312,dKO,intron1,none,12787
26,-734.1772151898733,2.1103505010101595,0.03122843371109258,dKO,intron1,none,12787
27,-683.5443037974683,2.0683508616470054,0.0286314119837226,dKO,intron1,none,12787
28,-632.9113924050632,2.036509674216448,0.026396194693682044,dKO,intron1,none,12787
29,-582.2784810126582,2.0151998625477052,0.02627644043782494,dKO,intron1,none,12787
30,-531.6455696202531,1.999120777547974,0.02549195224214509,dKO,intron1,none,12787
31,-481.0126582278481,1.9787567948859373,0.023646781322632666,dKO,intron1,none,12787
32,-430.37974683544303,1.9505058935103265,0.022008240371048777,dKO,intron1,none,12787
33,-379.746835443038,1.935239938317953,0.020767766831319263,dKO,intron1,none,12787
34,-329.11392405063293,1.9157572731499473,0.020104320509023572,dKO,intron1,none,12787
35,-278.4810126582279,1.8978118097917505,0.01959837845287464,dKO,intron1,none,12787
36,-227.84810126582283,1.8773573594645756,0.01902523767387597,dKO,intron1,none,12787
37,-177.21518987341778,1.8454238181700862,0.018361636441890428,dKO,intron1,none,12787
38,-126.58227848101274,1.8269852598179577,0.01783979106044176,dKO,intron1,none,12787
39,-75.94936708860769,1.815722396762244,0.01764777913894189,dKO,intron1,none,12787
40,-25.316455696202638,1.8188816819342344,0.01765871300165806,dKO,intron1,none,12787
41,25.31645569620241,1.8263256336952005,0.017811487046851794,dKO,intron1,none,12787
42,75.94936708860769,1.825680341002344,0.01783728973708077,dKO,intron1,none,12787
43,126.58227848101251,1.8226486982346253,0.01780825088531924,dKO,intron1,none,12787
44,177.21518987341778,1.8258522664268,0.017998629677148277,dKO,intron1,none,12787
45,227.8481012658226,1.835631804910571,0.01817586937358026,dKO,intron1,none,12787
46,278.4810126582279,1.8608225597226666,0.01865928137112397,dKO,intron1,none,12787
47,329.1139240506327,1.88802077280998,0.01923198975410662,dKO,intron1,none,12787
48,379.746835443038,1.9163625256708452,0.019818321403090578,dKO,intron1,none,12787
49,430.37974683544326,1.9436274511178595,0.02062913206432958,dKO,intron1,none,12787
50,481.0126582278481,1.9794816609274408,0.02186927458215147,dKO,intron1,none,12787
51,531.6455696202534,2.0076612005269987,0.023252501458592187,dKO,intron1,none,12787
52,582.2784810126582,2.025545066465029,0.02448952694370679,dKO,intron1,none,12787
53,632.9113924050635,2.054988372367099,0.026477694719555248,dKO,intron1,none,12787
54,683.5443037974683,2.0944687598226563,0.0289318876638419,dKO,intron1,none,12787
55,734.1772151898736,2.1244039791520417,0.030961316444978435,dKO,intron1,none,12787
56,784.8101265822784,2.1648173167375857,0.03264620264158413,dKO,intron1,none,12787
57,835.4430379746836,2.1919271548429116,0.034257764912982866,dKO,intron1,none,12787
58,886.0759493670885,2.22942763056562,0.03621180328746488,dKO,intron1,none,12787
59,936.7088607594937,2.276146411715757,0.03885330026591433,dKO,intron1,none,12787
60,987.3417721518986,2.3280834372459926,0.041523233926266966,dKO,intron1,none,12787
61,1037.9746835443038,2.3830666781576544,0.0447222395448003,dKO,intron1,none,12787
62,1088.6075949367087,2.416138856252333,0.046581287225259234,dKO,intron1,none,12787
63,1139.240506329114,2.4490292887018987,0.04806932122328643,dKO,intron1,none,12787
64,1189.8734177215188,2.493273750501863,0.050111057055081426,dKO,intron1,none,12787
65,1240.506329113924,2.524381456752601,0.051603332321915135,dKO,intron1,none,12787
66,1291.1392405063293,2.5755930059609717,0.054028216306765235,dKO,intron1,none,12787
67,1341.7721518987341,2.6236248852464312,0.054805568089284135,dKO,intron1,none,12787
68,1392.4050632911394,2.655416793309398,0.05572695108742931,dKO,intron1,none,12787
69,1443.0379746835442,2.686487651425763,0.05731421677911547,dKO,intron1,none,12787
70,1493.6708860759495,2.7047663451253094,0.05882632259578106,dKO,intron1,none,12787
71,1544.3037974683543,2.721288577807607,0.06034204516642841,dKO,intron1,none,12787
72,1594.9367088607596,2.758596502192744,0.06543311157612626,dKO,intron1,none,12787
73,1645.5696202531644,2.7999545225153066,0.07096792894737157,dKO,intron1,none,12787
74,1696.2025316455697,2.8451664571227204,0.07496274710411918,dKO,intron1,none,12787
75,1746.8354430379745,2.8752377064152688,0.0771364911479007,dKO,intron1,none,12787
76,1797.4683544303798,2.9090138088668165,0.07904774020653467,dKO,intron1,none,12787
77,1848.1012658227846,2.9240752028255077,0.07863654633041797,dKO,intron1,none,12787
78,1898.73417721519,2.9494681738049504,0.07494252537081664,dKO,intron1,none,12787
79,1949.3670886075947,2.9764672724515466,0.07125134462515019,dKO,intron1,none,12787
80,2000,3.0039277704188327,0.06980888505672679,dKO,intron1,none,12787
1,-2000,5.965916406718393,0.08886745184086406,dKO,enhancer,parallel,16000
2,-1949.367088607595,6.008197514783144,0.08838382603431767,dKO,enhancer,parallel,16000
3,-1898.73417721519,6.055257552760988,0.08905170834452741,dKO,enhancer,parallel,16000
4,-1848.1012658227849,6.144329180210282,0.09215433440669941,dKO,enhancer,parallel,16000
5,-1797.4683544303798,6.268133254237771,0.09635670497050453,dKO,enhancer,parallel,16000
6,-1746.8354430379748,6.366407771671663,0.09918345338062254,dKO,enhancer,parallel,16000
7,-1696.2025316455697,6.456064315389543,0.09971533930651715,dKO,enhancer,parallel,16000
8,-1645.5696202531644,6.586060689837932,0.10162525383922015,dKO,enhancer,parallel,16000
9,-1594.9367088607596,6.70428587120836,0.10537372668995086,dKO,enhancer,parallel,16000
10,-1544.3037974683543,6.817170777471264,0.1090844116808215,dKO,enhancer,parallel,16000
11,-1493.6708860759495,6.9467482243592045,0.11141046497381735,dKO,enhancer,parallel,16000
12,-1443.0379746835442,7.10237357739523,0.11399424686465708,dKO,enhancer,parallel,16000
13,-1392.4050632911392,7.266476224451959,0.11713270894554106,dKO,enhancer,parallel,16000
14,-1341.7721518987341,7.438955287639449,0.11969975428970238,dKO,enhancer,parallel,16000
15,-1291.139240506329,7.604068069482198,0.12007138856693568,dKO,enhancer,parallel,16000
16,-1240.506329113924,7.765494940668394,0.11898176176110836,dKO,enhancer,parallel,16000
17,-1189.873417721519,7.985166452693145,0.12252465700718648,dKO,enhancer,parallel,16000
18,-1139.240506329114,8.235640992408692,0.12830323870821825,dKO,enhancer,parallel,16000
19,-1088.607594936709,8.515791266601036,0.13468354569616553,dKO,enhancer,parallel,16000
20,-1037.9746835443038,8.807117365237225,0.13923263142807024,dKO,enhancer,parallel,16000
21,-987.3417721518988,9.126081710309386,0.14291577792591514,dKO,enhancer,parallel,16000
22,-936.7088607594937,9.430458892800907,0.14569971834429493,dKO,enhancer,parallel,16000
23,-886.0759493670887,9.762785591048052,0.148507644836254,dKO,enhancer,parallel,16000
24,-835.4430379746836,10.130446892525057,0.15193384645383345,dKO,enhancer,parallel,16000
25,-784.8101265822784,10.505600070977012,0.1534964253549167,dKO,enhancer,parallel,16000
26,-734.1772151898733,10.859147536451816,0.15315215738670934,dKO,enhancer,parallel,16000
27,-683.5443037974683,11.2543892768009,0.15229711049125952,dKO,enhancer,parallel,16000
28,-632.9113924050632,11.679358281137048,0.15102501230390464,dKO,enhancer,parallel,16000
29,-582.2784810126582,12.143417905923824,0.15054001105129494,dKO,enhancer,parallel,16000
30,-531.6455696202531,12.594733479741564,0.15102591824409536,dKO,enhancer,parallel,16000
31,-481.0126582278481,13.044065937718054,0.15304407784419757,dKO,enhancer,parallel,16000
32,-430.37974683544303,13.508652318442612,0.1557625420749222,dKO,enhancer,parallel,16000
33,-379.746835443038,13.973982101768604,0.1583390625440854,dKO,enhancer,parallel,16000
34,-329.11392405063293,14.418672500243485,0.1598849906073391,dKO,enhancer,parallel,16000
35,-278.4810126582279,14.830490408308755,0.16032085878516572,dKO,enhancer,parallel,16000
36,-227.84810126582283,15.19017657563607,0.16034486434530476,dKO,enhancer,parallel,16000
37,-177.21518987341778,15.533015226279248,0.16174490758550714,dKO,enhancer,parallel,16000
38,-126.58227848101274,15.894442031362901,0.1647582965604561,dKO,enhancer,parallel,16000
39,-75.94936708860769,16.20124650712694,0.16704090775914815,dKO,enhancer,parallel,16000
40,-25.316455696202638,16.427443437942216,0.1698083627361459,dKO,enhancer,parallel,16000
41,25.31645569620241,16.450825359505068,0.1712976795787066,dKO,enhancer,parallel,16000
42,75.94936708860769,16.284000881303598,0.17037711108190448,dKO,enhancer,parallel,16000
43,126.58227848101251,16.01104419877961,0.16776598923199212,dKO,enhancer,parallel,16000
44,177.21518987341778,15.713198607733796,0.16557761520095546,dKO,enhancer,parallel,16000
45,227.8481012658226,15.37508320199887,0.16213240382736238,dKO,enhancer,parallel,16000
46,278.4810126582279,15.027396910461436,0.16283054094760144,dKO,enhancer,parallel,16000
47,329.1139240506327,14.68836214259555,0.16410466574929414,dKO,enhancer,parallel,16000
48,379.746835443038,14.373898649488737,0.16564307405790613,dKO,enhancer,parallel,16000
49,430.37974683544326,14.00911482964928,0.167605469109081,dKO,enhancer,parallel,16000
50,481.0126582278481,13.611954833031495,0.16957227310425715,dKO,enhancer,parallel,16000
51,531.6455696202534,13.204818168685636,0.17219791022677916,dKO,enhancer,parallel,16000
52,582.2784810126582,12.74138973944197,0.17289933268154983,dKO,enhancer,parallel,16000
53,632.9113924050635,12.266729862257739,0.17130995733977306,dKO,enhancer,parallel,16000
54,683.5443037974683,11.78293770315374,0.16991570428959096,dKO,enhancer,parallel,16000
55,734.1772151898736,11.29998688661466,0.16699145810285612,dKO,enhancer,parallel,16000
56,784.8101265822784,10.835935462520471,0.16245220764376173,dKO,enhancer,parallel,16000
57,835.4430379746836,10.39231225322778,0.1576934536450471,dKO,enhancer,parallel,16000
58,886.0759493670885,9.93763293260316,0.1510109285219884,dKO,enhancer,parallel,16000
59,936.7088607594937,9.55505351846685,0.14612647914186405,dKO,enhancer,parallel,16000
60,987.3417721518986,9.225038841250589,0.14369110323009668,dKO,enhancer,parallel,16000
61,1037.9746835443038,8.925354072086215,0.14057167188476155,dKO,enhancer,parallel,16000
62,1088.6075949367087,8.639615013442338,0.1366033142560532,dKO,enhancer,parallel,16000
63,1139.240506329114,8.397715371852716,0.13222689712657726,dKO,enhancer,parallel,16000
64,1189.8734177215188,8.152561181999545,0.12678411003938497,dKO,enhancer,parallel,16000
65,1240.506329113924,7.897321716785182,0.12056158944695604,dKO,enhancer,parallel,16000
66,1291.1392405063293,7.676174844002227,0.11554385060379653,dKO,enhancer,parallel,16000
67,1341.7721518987341,7.497301861443272,0.11221780725831271,dKO,enhancer,parallel,16000
68,1392.4050632911394,7.343116748185058,0.11014605790752108,dKO,enhancer,parallel,16000
69,1443.0379746835442,7.217251543087314,0.1086764053578599,dKO,enhancer,parallel,16000
70,1493.6708860759495,7.087276881599923,0.10773149679392721,dKO,enhancer,parallel,16000
71,1544.3037974683543,6.967112882981897,0.11012614188396626,dKO,enhancer,parallel,16000
72,1594.9367088607596,6.840830509252399,0.10869833049617372,dKO,enhancer,parallel,16000
73,1645.5696202531644,6.714926766624352,0.10460494922124713,dKO,enhancer,parallel,16000
74,1696.2025316455697,6.6280246068345505,0.10463851401129108,dKO,enhancer,parallel,16000
75,1746.8354430379745,6.5235061073581875,0.10483209332100547,dKO,enhancer,parallel,16000
76,1797.4683544303798,6.449190811292628,0.10625479047843822,dKO,enhancer,parallel,16000
77,1848.1012658227846,6.381165363957634,0.10526332803839991,dKO,enhancer,parallel,16000
78,1898.73417721519,6.287798575586428,0.10215675268224726,dKO,enhancer,parallel,16000
79,1949.3670886075947,6.185624159194529,0.09814937268701199,dKO,enhancer,parallel,16000
80,2000,6.079454432563781,0.09417508352257165,dKO,enhancer,parallel,16000
1,-2000,4.9527064302559065,0.2153973863488964,dKO,enhancer,antiparallel,1728
2,-1949.367088607595,4.905677669588246,0.19919561499381463,dKO,enhancer,antiparallel,1728
3,-1898.73417721519,4.860421261419485,0.18954099123184542,dKO,enhancer,antiparallel,1728
4,-1848.1012658227849,4.87925833016634,0.18652959817158887,dKO,enhancer,antiparallel,1728
5,-1797.4683544303798,4.898359473266259,0.18771922106079914,dKO,enhancer,antiparallel,1728
6,-1746.8354430379748,4.963737235584377,0.19555519899773355,dKO,enhancer,antiparallel,1728
7,-1696.2025316455697,5.0211795999077555,0.2001947924283704,dKO,enhancer,antiparallel,1728
8,-1645.5696202531644,5.136370073333842,0.20500538296776674,dKO,enhancer,antiparallel,1728
9,-1594.9367088607596,5.224037120810445,0.21103762851985272,dKO,enhancer,antiparallel,1728
10,-1544.3037974683543,5.312380761436566,0.21769402899981152,dKO,enhancer,antiparallel,1728
11,-1493.6708860759495,5.422834420172888,0.22409785686833764,dKO,enhancer,antiparallel,1728
12,-1443.0379746835442,5.5650074509844,0.23384415504885936,dKO,enhancer,antiparallel,1728
13,-1392.4050632911392,5.775590541430829,0.25395293567996957,dKO,enhancer,antiparallel,1728
14,-1341.7721518987341,5.981387973830656,0.27428357771331413,dKO,enhancer,antiparallel,1728
15,-1291.139240506329,6.161639441923227,0.29305306172307355,dKO,enhancer,antiparallel,1728
16,-1240.506329113924,6.33072627497584,0.2984640324321667,dKO,enhancer,antiparallel,1728
17,-1189.873417721519,6.58112511218422,0.312554058428567,dKO,enhancer,antiparallel,1728
18,-1139.240506329114,6.971066034654225,0.3481248858932667,dKO,enhancer,antiparallel,1728
19,-1088.607594936709,7.304388644356786,0.3811861368194312,dKO,enhancer,antiparallel,1728
20,-1037.9746835443038,7.6002151927692285,0.40570765132662073,dKO,enhancer,antiparallel,1728
21,-987.3417721518988,7.8146078810463715,0.4140912754056122,dKO,enhancer,antiparallel,1728
22,-936.7088607594937,8.042925168601451,0.42183841981850445,dKO,enhancer,antiparallel,1728
23,-886.0759493670887,8.446357162903857,0.44390214691913454,dKO,enhancer,antiparallel,1728
24,-835.4430379746836,8.834758394151741,0.45348231336861017,dKO,enhancer,antiparallel,1728
25,-784.8101265822784,9.248512250856486,0.4474168371737796,dKO,enhancer,antiparallel,1728
26,-734.1772151898733,9.636468508844207,0.4360090648762416,dKO,enhancer,antiparallel,1728
27,-683.5443037974683,10.130063950422645,0.43287772901194677,dKO,enhancer,antiparallel,1728
28,-632.9113924050632,10.576341228218817,0.4259386855033101,dKO,enhancer,antiparallel,1728
29,-582.2784810126582,10.967662473929884,0.4223325356709799,dKO,enhancer,antiparallel,1728
30,-531.6455696202531,11.432471807662996,0.4304832798811425,dKO,enhancer,antiparallel,1728
31,-481.0126582278481,12.00100937253531,0.4498265965285407,dKO,enhancer,antiparallel,1728
32,-430.37974683544303,12.467989244015405,0.4510585612675261,dKO,enhancer,antiparallel,1728
33,-379.746835443038,12.940419320546459,0.443583029749231,dKO,enhancer,antiparallel,1728
34,-329.11392405063293,13.42103367921011,0.4431908517454171,dKO,enhancer,antiparallel,1728
35,-278.4810126582279,13.671935867059654,0.43191823250563627,dKO,enhancer,antiparallel,1728
36,-227.84810126582283,13.793181104041452,0.4173324728827516,dKO,enhancer,antiparallel,1728
37,-177.21518987341778,14.059917410793313,0.4087367953393012,dKO,enhancer,antiparallel,1728
38,-126.58227848101274,14.477706990494957,0.4148437750319946,dKO,enhancer,antiparallel,1728
39,-75.94936708860769,14.775141840940456,0.41948995142554574,dKO,enhancer,antiparallel,1728
40,-25.316455696202638,14.941730283908546,0.4240185197446,dKO,enhancer,antiparallel,1728
41,25.31645569620241,14.968340603015212,0.4341818209916746,dKO,enhancer,antiparallel,1728
42,75.94936708860769,14.839836874246414,0.44121921730916247,dKO,enhancer,antiparallel,1728
43,126.58227848101251,14.555441613864659,0.44233655681087863,dKO,enhancer,antiparallel,1728
44,177.21518987341778,14.272138195894199,0.4454492414796836,dKO,enhancer,antiparallel,1728
45,227.8481012658226,13.943148512756567,0.44168646606992,dKO,enhancer,antiparallel,1728
46,278.4810126582279,13.51486153880479,0.42644353945083463,dKO,enhancer,antiparallel,1728
47,329.1139240506327,13.154690237838176,0.42285460826192334,dKO,enhancer,antiparallel,1728
48,379.746835443038,12.780136101118025,0.4358361723986515,dKO,enhancer,antiparallel,1728
49,430.37974683544326,12.388759034028576,0.46956888710055417,dKO,enhancer,antiparallel,1728
50,481.0126582278481,12.006830853464335,0.5030638586247402,dKO,enhancer,antiparallel,1728
51,531.6455696202534,11.670316722135945,0.5397855338342,dKO,enhancer,antiparallel,1728
52,582.2784810126582,11.308520270421365,0.5614350460592508,dKO,enhancer,antiparallel,1728
53,632.9113924050635,10.892558168481438,0.5675959416343108,dKO,enhancer,antiparallel,1728
54,683.5443037974683,10.411991648860276,0.5550935791951879,dKO,enhancer,antiparallel,1728
55,734.1772151898736,9.880087477244713,0.5383734692276692,dKO,enhancer,antiparallel,1728
56,784.8101265822784,9.439547682282182,0.5178688376789556,dKO,enhancer,antiparallel,1728
57,835.4430379746836,9.021529182180947,0.4859109213716464,dKO,enhancer,antiparallel,1728
58,886.0759493670885,8.61058117572632,0.46558586043776384,dKO,enhancer,antiparallel,1728
59,936.7088607594937,8.19755532949841,0.43860796818275644,dKO,enhancer,antiparallel,1728
60,987.3417721518986,7.926160976818222,0.41321743511041226,dKO,enhancer,antiparallel,1728
61,1037.9746835443038,7.503387384047203,0.3659044478854396,dKO,enhancer,antiparallel,1728
62,1088.6075949367087,7.157804524847479,0.340743924299675,dKO,enhancer,antiparallel,1728
63,1139.240506329114,6.8622208093217125,0.31379638224091555,dKO,enhancer,antiparallel,1728
64,1189.8734177215188,6.616905199858693,0.3039553882045873,dKO,enhancer,antiparallel,1728
65,1240.506329113924,6.374384978779212,0.2916260780513136,dKO,enhancer,antiparallel,1728
66,1291.1392405063293,6.0891535794739555,0.27258954427017723,dKO,enhancer,antiparallel,1728
67,1341.7721518987341,5.92112132538018,0.25934204746265754,dKO,enhancer,antiparallel,1728
68,1392.4050632911394,5.778524332140331,0.23876734822493156,dKO,enhancer,antiparallel,1728
69,1443.0379746835442,5.674706710752238,0.22731883797269495,dKO,enhancer,antiparallel,1728
70,1493.6708860759495,5.553535397856692,0.21796895691500073,dKO,enhancer,antiparallel,1728
71,1544.3037974683543,5.390707039426046,0.21130409910052464,dKO,enhancer,antiparallel,1728
72,1594.9367088607596,5.2521103380611285,0.20635222529991332,dKO,enhancer,antiparallel,1728
73,1645.5696202531644,5.074516427941896,0.19824951758496362,dKO,enhancer,antiparallel,1728
74,1696.2025316455697,5.042168173607393,0.19654147775008246,dKO,enhancer,antiparallel,1728
75,1746.8354430379745,5.01540093863084,0.1959665110608409,dKO,enhancer,antiparallel,1728
76,1797.4683544303798,4.950457674526138,0.19138975765667862,dKO,enhancer,antiparallel,1728
77,1848.1012658227846,4.955803190576901,0.19617676991168687,dKO,enhancer,antiparallel,1728
78,1898.73417721519,5.007527063637512,0.21517880493882954,dKO,enhancer,antiparallel,1728
79,1949.3670886075947,5.032938173252767,0.23782455625529417,dKO,enhancer,antiparallel,1728
80,2000,5.075585857050746,0.25044986545526843,dKO,enhancer,antiparallel,1728
1,-2000,6.1435418596837215,0.2215797677589283,dKO,enhancer,hybrid,2883
2,-1949.367088607595,6.167838569206507,0.21963018458299405,dKO,enhancer,hybrid,2883
3,-1898.73417721519,6.217418929455748,0.21866462133439238,dKO,enhancer,hybrid,2883
4,-1848.1012658227849,6.331089507704016,0.22672829880206108,dKO,enhancer,hybrid,2883
5,-1797.4683544303798,6.491346299536091,0.24425223091440743,dKO,enhancer,hybrid,2883
6,-1746.8354430379748,6.645026288861442,0.26492223429174705,dKO,enhancer,hybrid,2883
7,-1696.2025316455697,6.775458267048227,0.2775998275167372,dKO,enhancer,hybrid,2883
8,-1645.5696202531644,6.869088737957463,0.27835495995895293,dKO,enhancer,hybrid,2883
9,-1594.9367088607596,6.975943631359243,0.27597191941883775,dKO,enhancer,hybrid,2883
10,-1544.3037974683543,7.087125725421427,0.27365665698972885,dKO,enhancer,hybrid,2883
11,-1493.6708860759495,7.186924751401981,0.2729809792638861,dKO,enhancer,hybrid,2883
12,-1443.0379746835442,7.263327704504441,0.28288496313959016,dKO,enhancer,hybrid,2883
13,-1392.4050632911392,7.417789949190135,0.2920003593711547,dKO,enhancer,hybrid,2883
14,-1341.7721518987341,7.616646419491627,0.30819577460033165,dKO,enhancer,hybrid,2883
15,-1291.139240506329,7.838984186403434,0.31491743028361413,dKO,enhancer,hybrid,2883
16,-1240.506329113924,7.999554827710578,0.3148718314025565,dKO,enhancer,hybrid,2883
17,-1189.873417721519,8.107828072887692,0.30415099096909887,dKO,enhancer,hybrid,2883
18,-1139.240506329114,8.28151443196192,0.2914308249426791,dKO,enhancer,hybrid,2883
19,-1088.607594936709,8.549681154479732,0.2923819321833303,dKO,enhancer,hybrid,2883
20,-1037.9746835443038,8.875628883300841,0.3009927520098444,dKO,enhancer,hybrid,2883
21,-987.3417721518988,9.24571735698042,0.32368089012040036,dKO,enhancer,hybrid,2883
22,-936.7088607594937,9.639824139624473,0.34381419938284924,dKO,enhancer,hybrid,2883
23,-886.0759493670887,9.941516699773864,0.35633994102149996,dKO,enhancer,hybrid,2883
24,-835.4430379746836,10.285295019311594,0.36393396891674756,dKO,enhancer,hybrid,2883
25,-784.8101265822784,10.563174438719143,0.3606674695993502,dKO,enhancer,hybrid,2883
26,-734.1772151898733,10.828828472322309,0.3516193966202204,dKO,enhancer,hybrid,2883
27,-683.5443037974683,11.183792811186551,0.35762167693853947,dKO,enhancer,hybrid,2883
28,-632.9113924050632,11.628732973960028,0.36211064884901084,dKO,enhancer,hybrid,2883
29,-582.2784810126582,12.114449844805819,0.3633355914809064,dKO,enhancer,hybrid,2883
30,-531.6455696202531,12.587183733212216,0.36430478408767963,dKO,enhancer,hybrid,2883
31,-481.0126582278481,13.031091084882474,0.3605827612542916,dKO,enhancer,hybrid,2883
32,-430.37974683544303,13.522316977500033,0.3614135848472563,dKO,enhancer,hybrid,2883
33,-379.746835443038,13.896691574225027,0.3615207247135064,dKO,enhancer,hybrid,2883
34,-329.11392405063293,14.203373256496286,0.36163728533829104,dKO,enhancer,hybrid,2883
35,-278.4810126582279,14.44382502466478,0.35910688784869604,dKO,enhancer,hybrid,2883
36,-227.84810126582283,14.731123367411675,0.3558769383720489,dKO,enhancer,hybrid,2883
37,-177.21518987341778,14.865837361180503,0.34749265177533945,dKO,enhancer,hybrid,2883
38,-126.58227848101274,15.016867923830572,0.3405257689598128,dKO,enhancer,hybrid,2883
39,-75.94936708860769,15.258063104265975,0.3390582931246408,dKO,enhancer,hybrid,2883
40,-25.316455696202638,15.308730101060256,0.3333399673543823,dKO,enhancer,hybrid,2883
41,25.31645569620241,15.295732138007207,0.339575201179263,dKO,enhancer,hybrid,2883
42,75.94936708860769,15.238365670974192,0.3467112817967496,dKO,enhancer,hybrid,2883
43,126.58227848101251,15.109912875517074,0.3498128239744985,dKO,enhancer,hybrid,2883
44,177.21518987341778,14.961177654125219,0.3486253995930621,dKO,enhancer,hybrid,2883
45,227.8481012658226,14.907142197772634,0.3540908421440041,dKO,enhancer,hybrid,2883
46,278.4810126582279,14.670058812742798,0.3516426127508246,dKO,enhancer,hybrid,2883
47,329.1139240506327,14.283663460684037,0.34075561884542616,dKO,enhancer,hybrid,2883
48,379.746835443038,13.949862219033896,0.33920647196318077,dKO,enhancer,hybrid,2883
49,430.37974683544326,13.538722301046619,0.3395068528614649,dKO,enhancer,hybrid,2883
50,481.0126582278481,13.160557292179782,0.3471677996482697,dKO,enhancer,hybrid,2883
51,531.6455696202534,12.804404697157437,0.3593365265846654,dKO,enhancer,hybrid,2883
52,582.2784810126582,12.404572290588575,0.36452017526680314,dKO,enhancer,hybrid,2883
53,632.9113924050635,11.971685347263765,0.3657954356753916,dKO,enhancer,hybrid,2883
54,683.5443037974683,11.43482392138588,0.35715578472774073,dKO,enhancer,hybrid,2883
55,734.1772151898736,10.887302737926552,0.3402911934298274,dKO,enhancer,hybrid,2883
56,784.8101265822784,10.35076951407824,0.32435282429819684,dKO,enhancer,hybrid,2883
57,835.4430379746836,9.87442077428044,0.3072941121288684,dKO,enhancer,hybrid,2883
58,886.0759493670885,9.459704879829822,0.2931711873486145,dKO,enhancer,hybrid,2883
59,936.7088607594937,9.157494287558382,0.2928832805244197,dKO,enhancer,hybrid,2883
60,987.3417721518986,8.822568793466896,0.29708527011233604,dKO,enhancer,hybrid,2883
61,1037.9746835443038,8.525231611098784,0.30192746070825915,dKO,enhancer,hybrid,2883
62,1088.6075949367087,8.297202653511368,0.30918842723308304,dKO,enhancer,hybrid,2883
63,1139.240506329114,8.08750330327246,0.3127790179056071,dKO,enhancer,hybrid,2883
64,1189.8734177215188,7.906092261776289,0.3150216771009578,dKO,enhancer,hybrid,2883
65,1240.506329113924,7.727827791690771,0.31225859674870987,dKO,enhancer,hybrid,2883
66,1291.1392405063293,7.580476610303298,0.31017353819963667,dKO,enhancer,hybrid,2883
67,1341.7721518987341,7.454070993185126,0.30289752945686865,dKO,enhancer,hybrid,2883
68,1392.4050632911394,7.314725622438891,0.2939783540523122,dKO,enhancer,hybrid,2883
69,1443.0379746835442,7.188101143593015,0.2841047620829415,dKO,enhancer,hybrid,2883
70,1493.6708860759495,7.019079816778873,0.27457532200868145,dKO,enhancer,hybrid,2883
71,1544.3037974683543,6.90343708212189,0.2734099263392179,dKO,enhancer,hybrid,2883
72,1594.9367088607596,6.814055931398339,0.27310147352944336,dKO,enhancer,hybrid,2883
73,1645.5696202531644,6.6589173615021515,0.266765585349152,dKO,enhancer,hybrid,2883
74,1696.2025316455697,6.578561222910509,0.25726735790577376,dKO,enhancer,hybrid,2883
75,1746.8354430379745,6.462757607122724,0.24857466217165328,dKO,enhancer,hybrid,2883
76,1797.4683544303798,6.380791825156554,0.2429022770239004,dKO,enhancer,hybrid,2883
77,1848.1012658227846,6.259473628018382,0.23072737690841577,dKO,enhancer,hybrid,2883
78,1898.73417721519,6.112108963920775,0.21198245543953967,dKO,enhancer,hybrid,2883
79,1949.3670886075947,5.974465586070119,0.194937852841411,dKO,enhancer,hybrid,2883
80,2000,5.84287026053013,0.18684741350242146,dKO,enhancer,hybrid,2883
1,-2000,3.2895338768332647,0.05896069973359994,dKO,enhancer,none,16000
2,-1949.367088607595,3.287983981453301,0.06012046824867032,dKO,enhancer,none,16000
3,-1898.73417721519,3.2699204755050566,0.05964477532949266,dKO,enhancer,none,16000
4,-1848.1012658227849,3.2530126112874074,0.05890075949881036,dKO,enhancer,none,16000
5,-1797.4683544303798,3.2222369742312984,0.057353533229175635,dKO,enhancer,none,16000
6,-1746.8354430379748,3.194028032645597,0.05478395885208415,dKO,enhancer,none,16000
7,-1696.2025316455697,3.18220970382531,0.05326097373000616,dKO,enhancer,none,16000
8,-1645.5696202531644,3.178498303908418,0.052660099279774164,dKO,enhancer,none,16000
9,-1594.9367088607596,3.1852603637399586,0.05261220207881962,dKO,enhancer,none,16000
10,-1544.3037974683543,3.177415471062702,0.05230955069928639,dKO,enhancer,none,16000
11,-1493.6708860759495,3.167370770451494,0.05267015547068281,dKO,enhancer,none,16000
12,-1443.0379746835442,3.1612591211563665,0.05314960652095416,dKO,enhancer,none,16000
13,-1392.4050632911392,3.1519905814128952,0.05350809108261756,dKO,enhancer,none,16000
14,-1341.7721518987341,3.143531764148461,0.05376194198067864,dKO,enhancer,none,16000
15,-1291.139240506329,3.1278458392831054,0.05336197110656089,dKO,enhancer,none,16000
16,-1240.506329113924,3.0980978088973004,0.052582338800778866,dKO,enhancer,none,16000
17,-1189.873417721519,3.0595136574249344,0.05179664644241033,dKO,enhancer,none,16000
18,-1139.240506329114,3.018680107231085,0.05133068252994067,dKO,enhancer,none,16000
19,-1088.607594936709,2.9831902095922285,0.050985577669651554,dKO,enhancer,none,16000
20,-1037.9746835443038,2.94967991576301,0.04992273903812726,dKO,enhancer,none,16000
21,-987.3417721518988,2.9120448746665906,0.04867606816778117,dKO,enhancer,none,16000
22,-936.7088607594937,2.867799076970134,0.04697093577315738,dKO,enhancer,none,16000
23,-886.0759493670887,2.829798668883515,0.04487065654042029,dKO,enhancer,none,16000
24,-835.4430379746836,2.773602340935075,0.04199372430595255,dKO,enhancer,none,16000
25,-784.8101265822784,2.7125658506526387,0.038374803552583034,dKO,enhancer,none,16000
26,-734.1772151898733,2.653639519977502,0.03539469104609489,dKO,enhancer,none,16000
27,-683.5443037974683,2.5795074615303974,0.03294145715345212,dKO,enhancer,none,16000
28,-632.9113924050632,2.5054392877313982,0.030474487404400508,dKO,enhancer,none,16000
29,-582.2784810126582,2.4345727834538926,0.02801688803914125,dKO,enhancer,none,16000
30,-531.6455696202531,2.3797643360487677,0.026528036802927757,dKO,enhancer,none,16000
31,-481.0126582278481,2.3273518751982247,0.024857060653938945,dKO,enhancer,none,16000
32,-430.37974683544303,2.2666057374086606,0.023468245040374612,dKO,enhancer,none,16000
33,-379.746835443038,2.2214044395866868,0.022114416924683255,dKO,enhancer,none,16000
34,-329.11392405063293,2.1861882373322152,0.02097517541820353,dKO,enhancer,none,16000
35,-278.4810126582279,2.1468349411420338,0.019687416644985016,dKO,enhancer,none,16000
36,-227.84810126582283,2.10616152810133,0.01814092004702545,dKO,enhancer,none,16000
37,-177.21518987341778,2.083955247343746,0.017289287877761145,dKO,enhancer,none,16000
38,-126.58227848101274,2.0683706554959884,0.016630967233181068,dKO,enhancer,none,16000
39,-75.94936708860769,2.0588900941181065,0.016382692194914564,dKO,enhancer,none,16000
40,-25.316455696202638,2.059691226594213,0.016383137035380434,dKO,enhancer,none,16000
41,25.31645569620241,2.0647424484685346,0.016481701960578462,dKO,enhancer,none,16000
42,75.94936708860769,2.068933140438498,0.016530998200403952,dKO,enhancer,none,16000
43,126.58227848101251,2.0855063937514133,0.016882541568140525,dKO,enhancer,none,16000
44,177.21518987341778,2.0953069543687417,0.017442084167347244,dKO,enhancer,none,16000
45,227.8481012658226,2.1224884347036186,0.01825904198355795,dKO,enhancer,none,16000
46,278.4810126582279,2.147836068752318,0.019166156495393234,dKO,enhancer,none,16000
47,329.1139240506327,2.1955136749805693,0.020792187281666995,dKO,enhancer,none,16000
48,379.746835443038,2.2536056777704,0.022504922740233763,dKO,enhancer,none,16000
49,430.37974683544326,2.314268562150484,0.024000009710536282,dKO,enhancer,none,16000
50,481.0126582278481,2.3865715954342654,0.025915955100353542,dKO,enhancer,none,16000
51,531.6455696202534,2.4645571756741123,0.028450925385864984,dKO,enhancer,none,16000
52,582.2784810126582,2.5276753372869036,0.030895308112909983,dKO,enhancer,none,16000
53,632.9113924050635,2.5932997961478974,0.033643519544541096,dKO,enhancer,none,16000
54,683.5443037974683,2.6655069636570503,0.036109085283410794,dKO,enhancer,none,16000
55,734.1772151898736,2.727203459588751,0.038143871801337416,dKO,enhancer,none,16000
56,784.8101265822784,2.7918335138808903,0.04140302716075486,dKO,enhancer,none,16000
57,835.4430379746836,2.846221589482559,0.04520466972196355,dKO,enhancer,none,16000
58,886.0759493670885,2.9024396144637814,0.04935270931221282,dKO,enhancer,none,16000
59,936.7088607594937,2.952923362327855,0.052616621902475354,dKO,enhancer,none,16000
60,987.3417721518986,2.980325173217027,0.05427006427032264,dKO,enhancer,none,16000
61,1037.9746835443038,2.9902266982647223,0.05382827522821092,dKO,enhancer,none,16000
62,1088.6075949367087,3.006638880364282,0.05228327389275102,dKO,enhancer,none,16000
63,1139.240506329114,3.0272182405105545,0.05099091910062528,dKO,enhancer,none,16000
64,1189.8734177215188,3.0621983520201352,0.05087871863626414,dKO,enhancer,none,16000
65,1240.506329113924,3.089768794512278,0.05158348923544242,dKO,enhancer,none,16000
66,1291.1392405063293,3.111680705356093,0.05170602964548197,dKO,enhancer,none,16000
67,1341.7721518987341,3.1384947772140666,0.05336248027026524,dKO,enhancer,none,16000
68,1392.4050632911394,3.1734738490454433,0.05648578487677407,dKO,enhancer,none,16000
69,1443.0379746835442,3.218514594475612,0.05860215307417471,dKO,enhancer,none,16000
70,1493.6708860759495,3.243766487184222,0.05950423894599335,dKO,enhancer,none,16000
71,1544.3037974683543,3.270510992084572,0.06018823016276051,dKO,enhancer,none,16000
72,1594.9367088607596,3.301921886312401,0.06172826033071677,dKO,enhancer,none,16000
73,1645.5696202531644,3.322361951547445,0.06256118727673725,dKO,enhancer,none,16000
74,1696.2025316455697,3.3186558320835258,0.061670436162563264,dKO,enhancer,none,16000
75,1746.8354430379745,3.314072751312068,0.059246419108749164,dKO,enhancer,none,16000
76,1797.4683544303798,3.30357542842329,0.057901380211698654,dKO,enhancer,none,16000
77,1848.1012658227846,3.2976827485532096,0.05785914726557661,dKO,enhancer,none,16000
78,1898.73417721519,3.294470673371884,0.060245058763766214,dKO,enhancer,none,16000
79,1949.3670886075947,3.2830130751821835,0.061772884786722104,dKO,enhancer,none,16000
80,2000,3.2801259185532166,0.06166710075828421,dKO,enhancer,none,16000
