bin,position,mean,sem,genotype,feature,n_regions
1,-2000,2.3158147475818502,0.05035725007066852,WT,promoter,16000
2,-1949.367088607595,2.3117866392225874,0.050254342560153875,WT,promoter,16000
3,-1898.73417721519,2.3070588497186875,0.04942484717928986,WT,promoter,16000
4,-1848.1012658227849,2.31025457749807,0.0493983570987245,WT,promoter,16000
5,-1797.4683544303798,2.3111493023898078,0.049743100637545626,WT,promoter,16000
6,-1746.8354430379748,2.3119891053573243,0.04988700304004166,WT,promoter,16000
7,-1696.2025316455697,2.3081803298585446,0.04913147514690755,WT,promoter,16000
8,-1645.5696202531644,2.298639356457235,0.04747356931645612,WT,promoter,16000
9,-1594.9367088607596,2.2956690729980167,0.04650714792854498,WT,promoter,16000
10,-1544.3037974683543,2.288699214555825,0.04537181362615646,WT,promoter,16000
11,-1493.6708860759495,2.2791186642090664,0.0448934044877418,WT,promoter,16000
12,-1443.0379746835442,2.2674782526352177,0.04454862757824869,WT,promoter,16000
13,-1392.4050632911392,2.262894114451494,0.04525904747981905,WT,promoter,16000
14,-1341.7721518987341,2.275910007720558,0.04817620271180344,WT,promoter,16000
15,-1291.139240506329,2.289458925509034,0.05133774674861005,WT,promoter,16000
16,-1240.506329113924,2.3020622784217255,0.05257003844664807,WT,promoter,16000
17,-1189.873417721519,2.3132199256018025,0.05313978599720168,WT,promoter,16000
18,-1139.240506329114,2.3097612117154513,0.051583236940256995,WT,promoter,16000
19,-1088.607594936709,2.3151493230951044,0.0505355601128561,WT,promoter,16000
20,-1037.9746835443038,2.323618740515019,0.04976483778284869,WT,promoter,16000
21,-987.3417721518988,2.3383423754206403,0.049526623745268006,WT,promoter,16000
22,-936.7088607594937,2.347096940174516,0.04909044880319818,WT,promoter,16000
23,-886.0759493670887,2.3450764724491777,0.04826496943073607,WT,promoter,16000
24,-835.4430379746836,2.3303990734412965,0.04644445014389543,WT,promoter,16000
25,-784.8101265822784,2.3317549428893503,0.045440118204253525,WT,promoter,16000
26,-734.1772151898733,2.3592696625006577,0.04617697335005094,WT,promoter,16000
27,-683.5443037974683,2.389324245979138,0.04706857304972576,WT,promoter,16000
28,-632.9113924050632,2.4340501719929772,0.04794631079020987,WT,promoter,16000
29,-582.2784810126582,2.474248580896685,0.04907825815325446,WT,promoter,16000
30,-531.6455696202531,2.5296913735972852,0.051588133729516226,WT,promoter,16000
31,-481.0126582278481,2.5807998307335756,0.054916492137632424,WT,promoter,16000
32,-430.37974683544303,2.645087108728305,0.06047567194108802,WT,promoter,16000
33,-379.746835443038,2.7095415708320094,0.06528468418079436,WT,promoter,16000
34,-329.11392405063293,2.7989360730779693,0.0709679433994348,WT,promoter,16000
35,-278.4810126582279,2.9221506495562544,0.07892411993909636,WT,promoter,16000
36,-227.84810126582283,3.041233280213463,0.08591249255331425,WT,promoter,16000
37,-177.21518987341778,3.147356493126903,0.0922496405878244,WT,promoter,16000
38,-126.58227848101274,3.2395428747610255,0.09636815022350077,WT,promoter,16000
39,-75.94936708860769,3.3086071448269156,0.09730705789681202,WT,promoter,16000
40,-25.316455696202638,3.3186510281574435,0.09447584709982497,WT,promoter,16000
41,25.31645569620241,3.2759468870698414,0.08940921335639006,WT,promoter,16000
42,75.94936708860769,3.197399448220592,0.08324283479816184,WT,promoter,16000
43,126.58227848101251,3.110479767911418,0.07751539430963068,WT,promoter,16000
44,177.21518987341778,3.0296631602520536,0.07299479054264577,WT,promoter,16000
45,227.8481012658226,2.946858285847831,0.06883416838200443,WT,promoter,16000
46,278.4810126582279,2.8478559745141063,0.06420921846637166,WT,promoter,16000
47,329.1139240506327,2.767067922743654,0.061468901454090556,WT,promoter,16000
48,379.746835443038,2.6866258976079957,0.0586053326865099,WT,promoter,16000
49,430.37974683544326,2.631032721244767,0.055762299432869374,WT,promoter,16000
50,481.0126582278481,2.5780945845156498,0.05400916895904577,WT,promoter,16000
51,531.6455696202534,2.543493019956025,0.05435779942716576,WT,promoter,16000
52,582.2784810126582,2.5199117377905025,0.054600618427195644,WT,promoter,16000
53,632.9113924050635,2.4994704509089067,0.05538126223324294,WT,promoter,16000
54,683.5443037974683,2.46977591652948,0.055906650485112806,WT,promoter,16000
55,734.1772151898736,2.4489678792430363,0.05585822689929228,WT,promoter,16000
56,784.8101265822784,2.4416462818641387,0.055825960651013834,WT,promoter,16000
57,835.4430379746836,2.438674090240834,0.05615808284385587,WT,promoter,16000
58,886.0759493670885,2.4241620653447398,0.056662709419893244,WT,promoter,16000
59,936.7088607594937,2.424213621820227,0.057179155783437755,WT,promoter,16000
60,987.3417721518986,2.4178123353050593,0.05651600335169612,WT,promoter,16000
61,1037.9746835443038,2.4157604077508266,0.05813856118832999,WT,promoter,16000
62,1088.6075949367087,2.399898262356906,0.05824867712145003,WT,promoter,16000
63,1139.240506329114,2.382913618628687,0.0586448652520205,WT,promoter,16000
64,1189.8734177215188,2.3777779678892563,0.05917465213563467,WT,promoter,16000
65,1240.506329113924,2.3758841260809502,0.0587527131294201,WT,promoter,16000
66,1291.1392405063293,2.3725951618655543,0.05674644255534658,WT,promoter,16000
67,1341.7721518987341,2.3727520957096577,0.0549311811704809,WT,promoter,16000
68,1392.4050632911394,2.3635987369571327,0.052239233568256924,WT,promoter,16000
69,1443.0379746835442,2.34409830146258,0.05086522908986704,WT,promoter,16000
70,1493.6708860759495,2.3221331689594473,0.05066528689621001,WT,promoter,16000
71,1544.3037974683543,2.3172938757459316,0.05084146714606,WT,promoter,16000
72,1594.9367088607596,2.306292441429401,0.05098818165859366,WT,promoter,16000
73,1645.5696202531644,2.2913373853235273,0.05035975430146836,WT,promoter,16000
74,1696.2025316455697,2.2836431932616823,0.04916938409350808,WT,promoter,16000
75,1746.8354430379745,2.2820673807088325,0.04787758492286285,WT,promoter,16000
76,1797.4683544303798,2.2825345485053323,0.04874714688216025,WT,promoter,16000
77,1848.1012658227846,2.2916069729965836,0.049799902497247105,WT,promoter,16000
78,1898.73417721519,2.3081576910702375,0.052226878058232125,WT,promoter,16000
79,1949.3670886075947,2.3220048925596966,0.053965109409818184,WT,promoter,16000
80,2000,2.3111665547419635,0.053567572702019846,WT,promoter,16000
1,-2000,2.464170546651675,0.05350476297194886,WT,5UTR,16000
2,-1949.367088607595,2.445657964067684,0.04977885527079521,WT,5UTR,16000
3,-1898.73417721519,2.4290916554737807,0.047412651715920004,WT,5UTR,16000
4,-1848.1012658227849,2.4309228387519086,0.04659615145681907,WT,5UTR,16000
5,-1797.4683544303798,2.4448512281847967,0.046436695092688045,WT,5UTR,16000
6,-1746.8354430379748,2.450180479720127,0.04695474697436437,WT,5UTR,16000
7,-1696.2025316455697,2.430203059259052,0.046937735127329065,WT,5UTR,16000
8,-1645.5696202531644,2.431210708648499,0.047279046347036856,WT,5UTR,16000
9,-1594.9367088607596,2.422300657569185,0.04706016291994627,WT,5UTR,16000
10,-1544.3037974683543,2.409126166155622,0.04668863249614838,WT,5UTR,16000
11,-1493.6708860759495,2.396393380065243,0.0465951745893538,WT,5UTR,16000
12,-1443.0379746835442,2.398007066923186,0.04780334036660235,WT,5UTR,16000
13,-1392.4050632911392,2.4049028759179922,0.049657236451821005,WT,5UTR,16000
14,-1341.7721518987341,2.420463362228954,0.05051581622745466,WT,5UTR,16000
15,-1291.139240506329,2.4194993646822733,0.05005047722964741,WT,5UTR,16000
16,-1240.506329113924,2.4149756154167044,0.04967662475135617,WT,5UTR,16000
17,-1189.873417721519,2.4267808599766245,0.050580512830052,WT,5UTR,16000
18,-1139.240506329114,2.4470640313196914,0.05147120431167147,WT,5UTR,16000
19,-1088.607594936709,2.4550946593161775,0.051397673841276095,WT,5UTR,16000
20,-1037.9746835443038,2.4734262517315475,0.052118267830004866,WT,5UTR,16000
21,-987.3417721518988,2.4908248143552867,0.053635537826062174,WT,5UTR,16000
22,-936.7088607594937,2.5065742218183855,0.05511694198108056,WT,5UTR,16000
23,-886.0759493670887,2.510978018380777,0.056262706593016916,WT,5UTR,16000
24,-835.4430379746836,2.5181317015698554,0.056464779590016737,WT,5UTR,16000
25,-784.8101265822784,2.538749745969562,0.056213177586909094,WT,5UTR,16000
26,-734.1772151898733,2.5525626314531027,0.05520835102370125,WT,5UTR,16000
27,-683.5443037974683,2.5828799083147196,0.05445366004103823,WT,5UTR,16000
28,-632.9113924050632,2.6039991113433545,0.054997513736517324,WT,5UTR,16000
29,-582.2784810126582,2.645407506491632,0.05788218739051269,WT,5UTR,16000
30,-531.6455696202531,2.683758500613605,0.061267568634209575,WT,5UTR,16000
31,-481.0126582278481,2.7378872382654516,0.06497650192724391,WT,5UTR,16000
32,-430.37974683544303,2.7818403146470976,0.06809212395497154,WT,5UTR,16000
33,-379.746835443038,2.831283588997128,0.07089006862826139,WT,5UTR,16000
34,-329.11392405063293,2.8765725623211895,0.07362447125579642,WT,5UTR,16000
35,-278.4810126582279,2.9167654483823036,0.0748227169944747,WT,5UTR,16000
36,-227.84810126582283,2.9365661648817003,0.07351644948403838,WT,5UTR,16000
37,-177.21518987341778,2.9428990210304344,0.07225599932610512,WT,5UTR,16000
38,-126.58227848101274,2.9462639161144177,0.07013356337569462,WT,5UTR,16000
39,-75.94936708860769,2.927503487410316,0.06756720293528046,WT,5UTR,16000
40,-25.316455696202638,2.878177573495287,0.06445280295900363,WT,5UTR,16000
41,25.31645569620241,2.8246799572289962,0.062179293366036135,WT,5UTR,16000
42,75.94936708860769,2.7636121144449,0.060994006208812526,WT,5UTR,16000
43,126.58227848101251,2.7094369231021203,0.05993835733325568,WT,5UTR,16000
44,177.21518987341778,2.6636993051712077,0.05741310274861706,WT,5UTR,16000
45,227.8481012658226,2.6247843808522897,0.05464138569396473,WT,5UTR,16000
46,278.4810126582279,2.5823442031966555,0.05352370450326326,WT,5UTR,16000
47,329.1139240506327,2.546344174368521,0.05239353168641637,WT,5UTR,16000
48,379.746835443038,2.5311598517831437,0.052618631648868305,WT,5UTR,16000
49,430.37974683544326,2.5182499313098883,0.05313214691209002,WT,5UTR,16000
50,481.0126582278481,2.516045033342138,0.05469801197532444,WT,5UTR,16000
51,531.6455696202534,2.515197349999178,0.05622295775358086,WT,5UTR,16000
52,582.2784810126582,2.51542896341552,0.05775063437888584,WT,5UTR,16000
53,632.9113924050635,2.5212257938835263,0.060376141662584745,WT,5UTR,16000
54,683.5443037974683,2.511484287406348,0.061778329441962564,WT,5UTR,16000
55,734.1772151898736,2.4933880527515355,0.061450964490881325,WT,5UTR,16000
56,784.8101265822784,2.478873394983491,0.06136725684883842,WT,5UTR,16000
57,835.4430379746836,2.47287193381443,0.06000294162737162,WT,5UTR,16000
58,886.0759493670885,2.471357894565456,0.05762250922599585,WT,5UTR,16000
59,936.7088607594937,2.465191891179018,0.0559295438818708,WT,5UTR,16000
60,987.3417721518986,2.4581427426190796,0.054316632039168936,WT,5UTR,16000
61,1037.9746835443038,2.455232472896944,0.053863465463275584,WT,5UTR,16000
62,1088.6075949367087,2.465543321986358,0.054479516764220304,WT,5UTR,16000
63,1139.240506329114,2.475077280427633,0.05482928018467909,WT,5UTR,16000
64,1189.8734177215188,2.4875827465336755,0.054738910655603074,WT,5UTR,16000
65,1240.506329113924,2.4693060435944534,0.05399220466609749,WT,5UTR,16000
66,1291.1392405063293,2.456881072681339,0.053106767195261445,WT,5UTR,16000
67,1341.7721518987341,2.4423981458819077,0.05196669539148561,WT,5UTR,16000
68,1392.4050632911394,2.4219507904611,0.050834985499916795,WT,5UTR,16000
69,1443.0379746835442,2.418227296839955,0.0505534831698253,WT,5UTR,16000
70,1493.6708860759495,2.4197956284341755,0.05068833960619358,WT,5UTR,16000
71,1544.3037974683543,2.4086266299429195,0.050289252623914676,WT,5UTR,16000
72,1594.9367088607596,2.3979120650776404,0.05000554565246428,WT,5UTR,16000
73,1645.5696202531644,2.3805721517416103,0.04949714454502128,WT,5UTR,16000
74,1696.2025316455697,2.3647688388855794,0.048111027682485714,WT,5UTR,16000
75,1746.8354430379745,2.356560022653727,0.04675925499096171,WT,5UTR,16000
76,1797.4683544303798,2.348639592891307,0.045626829018103714,WT,5UTR,16000
77,1848.1012658227846,2.3420417750234077,0.04513498070992842,WT,5UTR,16000
78,1898.73417721519,2.32926995134467,0.045038789831592686,WT,5UTR,16000
79,1949.3670886075947,2.317643649980506,0.044859959834927375,WT,5UTR,16000
80,2000,2.315505959643661,0.045968984878108354,WT,5UTR,16000
1,-2000,2.523293998800678,0.05394524619900143,WT,intron1,16000
2,-1949.367088607595,2.539058935250745,0.055096565673779546,WT,intron1,16000
3,-1898.73417721519,2.5391125677633393,0.055989031234434085,WT,intron1,16000
4,-1848.1012658227849,2.5162243833899756,0.055482901693878844,WT,intron1,16000
5,-1797.4683544303798,2.512878743683075,0.05525696306059857,WT,intron1,16000
6,-1746.8354430379748,2.5018191283518645,0.05409621420034201,WT,intron1,16000
7,-1696.2025316455697,2.493262656083505,0.05559677106552196,WT,intron1,16000
8,-1645.5696202531644,2.500583845613239,0.05786357653872346,WT,intron1,16000
9,-1594.9367088607596,2.5090794310758304,0.059599437887526745,WT,intron1,16000
10,-1544.3037974683543,2.5145059264640452,0.061158886368187705,WT,intron1,16000
11,-1493.6708860759495,2.5078999203848746,0.062334293613612986,WT,intron1,16000
12,-1443.0379746835442,2.502400001106379,0.061176067398426646,WT,intron1,16000
13,-1392.4050632911392,2.4978497508880713,0.05692884299317997,WT,intron1,16000
14,-1341.7721518987341,2.5116711431675585,0.05486377614988187,WT,intron1,16000
15,-1291.139240506329,2.519278920249548,0.052694507719155056,WT,intron1,16000
16,-1240.506329113924,2.515174046645751,0.05117679099399591,WT,intron1,16000
17,-1189.873417721519,2.51974164545899,0.05022335740020884,WT,intron1,16000
18,-1139.240506329114,2.5189621759083995,0.05051470672929834,WT,intron1,16000
19,-1088.607594936709,2.5339482327754252,0.05173605578051016,WT,intron1,16000
20,-1037.9746835443038,2.558716605431762,0.05270164234854881,WT,intron1,16000
21,-987.3417721518988,2.572388419030774,0.053476366806071,WT,intron1,16000
22,-936.7088607594937,2.579539754622065,0.05432800249978409,WT,intron1,16000
23,-886.0759493670887,2.5835679589319835,0.055648832115256744,WT,intron1,16000
24,-835.4430379746836,2.58602142826379,0.05648394968120183,WT,intron1,16000
25,-784.8101265822784,2.585104914671646,0.05748235267860458,WT,intron1,16000
26,-734.1772151898733,2.5877448810379944,0.05753762510307831,WT,intron1,16000
27,-683.5443037974683,2.5790162131900805,0.05675793480268177,WT,intron1,16000
28,-632.9113924050632,2.565777401877993,0.0552714880628267,WT,intron1,16000
29,-582.2784810126582,2.553941855542921,0.053679629015685404,WT,intron1,16000
30,-531.6455696202531,2.543281975266762,0.052350952471062986,WT,intron1,16000
31,-481.0126582278481,2.53950014633887,0.05289378503183831,WT,intron1,16000
32,-430.37974683544303,2.5614025276653223,0.053927262761198115,WT,intron1,16000
33,-379.746835443038,2.573422994370466,0.05474086442511001,WT,intron1,16000
34,-329.11392405063293,2.5686063731900046,0.05583866815079957,WT,intron1,16000
35,-278.4810126582279,2.5607130675019825,0.05696924329808529,WT,intron1,16000
36,-227.84810126582283,2.5505848803935764,0.05739380590519402,WT,intron1,16000
37,-177.21518987341778,2.5320543012388415,0.0562496839672722,WT,intron1,16000
38,-126.58227848101274,2.505900649933774,0.0536748694221694,WT,intron1,16000
39,-75.94936708860769,2.4892349398030733,0.05154112593857226,WT,intron1,16000
40,-25.316455696202638,2.4719044006114945,0.050253203254673924,WT,intron1,16000
41,25.31645569620241,2.4629219103423323,0.050074219074404555,WT,intron1,16000
42,75.94936708860769,2.4464659436210656,0.050324778222161665,WT,intron1,16000
43,126.58227848101251,2.4372930510369963,0.049321174869016216,WT,intron1,16000
44,177.21518987341778,2.4443129901930534,0.04860346972560839,WT,intron1,16000
45,227.8481012658226,2.4517644195737422,0.04949664563461896,WT,intron1,16000
46,278.4810126582279,2.448741525240071,0.05097922639722464,WT,intron1,16000
47,329.1139240506327,2.4443500491111605,0.05113607706878268,WT,intron1,16000
48,379.746835443038,2.4415450627485793,0.05113580392272216,WT,intron1,16000
49,430.37974683544326,2.4391164869097897,0.05259526129520133,WT,intron1,16000
50,481.0126582278481,2.431607795511141,0.05245791994347169,WT,intron1,16000
51,531.6455696202534,2.4337744118258837,0.05235768037049893,WT,intron1,16000
52,582.2784810126582,2.450797582214321,0.05471440155751998,WT,intron1,16000
53,632.9113924050635,2.455399689295658,0.05476302413792589,WT,intron1,16000
54,683.5443037974683,2.423333935529431,0.052572337796552626,WT,intron1,16000
55,734.1772151898736,2.393048332623633,0.050900635182708716,WT,intron1,16000
56,784.8101265822784,2.3785752838252385,0.05081811588662059,WT,intron1,16000
57,835.4430379746836,2.347717440369221,0.049704188653662114,WT,intron1,16000
58,886.0759493670885,2.3257244781973285,0.047974178964572074,WT,intron1,16000
59,936.7088607594937,2.313874291472726,0.04633301238080521,WT,intron1,16000
60,987.3417721518986,2.318968244000827,0.04524146807624765,WT,intron1,16000
61,1037.9746835443038,2.3250650403313253,0.04461703349123353,WT,intron1,16000
62,1088.6075949367087,2.332655861859406,0.04508927971067715,WT,intron1,16000
63,1139.240506329114,2.331489324697533,0.04546479210011496,WT,intron1,16000
64,1189.8734177215188,2.3419999878730997,0.046116494505122146,WT,intron1,16000
65,1240.506329113924,2.353642370742651,0.04666866775695354,WT,intron1,16000
66,1291.1392405063293,2.3579742757609616,0.046759695307591394,WT,intron1,16000
67,1341.7721518987341,2.3654860286858623,0.04674015310089601,WT,intron1,16000
68,1392.4050632911394,2.3597987679865686,0.04690066179216236,WT,intron1,16000
69,1443.0379746835442,2.3652498087810008,0.04706808285223143,WT,intron1,16000
70,1493.6708860759495,2.380951811961474,0.047568196894003253,WT,intron1,16000
71,1544.3037974683543,2.385508980624201,0.047958421268822986,WT,intron1,16000
72,1594.9367088607596,2.392484975023084,0.05090357703522839,WT,intron1,16000
73,1645.5696202531644,2.3887204520949274,0.05486706566141733,WT,intron1,16000
74,1696.2025316455697,2.3808193162965168,0.05777676959142007,WT,intron1,16000
75,1746.8354430379745,2.385154031212325,0.058762900349176195,WT,intron1,16000
76,1797.4683544303798,2.38546965977292,0.0580878089698702,WT,intron1,16000
77,1848.1012658227846,2.395777972872342,0.05762238913335963,WT,intron1,16000
78,1898.73417721519,2.408007856988046,0.055833498805995786,WT,intron1,16000
79,1949.3670886075947,2.404056024699608,0.05305618953458954,WT,intron1,16000
80,2000,2.419495031334706,0.05132962411339989,WT,intron1,16000
1,-2000,2.161788154627162,0.03714723753226719,WT,enhancer,16000
2,-1949.367088607595,2.150126650273113,0.03641021277698727,WT,enhancer,16000
3,-1898.73417721519,2.1381046396165986,0.035804372642697216,WT,enhancer,16000
4,-1848.1012658227849,2.121053745791098,0.034479094008652005,WT,enhancer,16000
5,-1797.4683544303798,2.0958239169555406,0.033301637192875704,WT,enhancer,16000
6,-1746.8354430379748,2.0775347473120993,0.03267343952466769,WT,enhancer,16000
7,-1696.2025316455697,2.0727939961821784,0.03275950445093647,WT,enhancer,16000
8,-1645.5696202531644,2.098939332481839,0.034824594856595115,WT,enhancer,16000
9,-1594.9367088607596,2.1143363064790823,0.03778113928476056,WT,enhancer,16000
10,-1544.3037974683543,2.1270292113198446,0.040500300861233816,WT,enhancer,16000
11,-1493.6708860759495,2.1462946125168556,0.04291158984369551,WT,enhancer,16000
12,-1443.0379746835442,2.169303037870454,0.04474058652437258,WT,enhancer,16000
13,-1392.4050632911392,2.1892815062506505,0.045597893776561906,WT,enhancer,16000
14,-1341.7721518987341,2.1966064552620406,0.044552885766436075,WT,enhancer,16000
15,-1291.139240506329,2.1933961412496434,0.04247593575517078,WT,enhancer,16000
16,-1240.506329113924,2.1932068271964718,0.04061207074765189,WT,enhancer,16000
17,-1189.873417721519,2.184441775271699,0.0390198076026055,WT,enhancer,16000
18,-1139.240506329114,2.1848386895099643,0.03887554267569524,WT,enhancer,16000
19,-1088.607594936709,2.1780355441466646,0.03933720375337224,WT,enhancer,16000
20,-1037.9746835443038,2.1815576540907613,0.03893115636939206,WT,enhancer,16000
21,-987.3417721518988,2.1784394508757425,0.03761214190263083,WT,enhancer,16000
22,-936.7088607594937,2.1686116282974255,0.03679500020951335,WT,enhancer,16000
23,-886.0759493670887,2.1732306574696554,0.037042924712816644,WT,enhancer,16000
24,-835.4430379746836,2.1907231398131,0.03837195284924942,WT,enhancer,16000
25,-784.8101265822784,2.2034385324852583,0.039534048673405424,WT,enhancer,16000
26,-734.1772151898733,2.2129376439816397,0.039461673235686515,WT,enhancer,16000
27,-683.5443037974683,2.2091144638083193,0.038732112159526384,WT,enhancer,16000
28,-632.9113924050632,2.213394196892226,0.03833646401288818,WT,enhancer,16000
29,-582.2784810126582,2.2281431185307734,0.03777913513088556,WT,enhancer,16000
30,-531.6455696202531,2.2447326326699284,0.038340020309116304,WT,enhancer,16000
31,-481.0126582278481,2.254060126920627,0.0391392896646283,WT,enhancer,16000
32,-430.37974683544303,2.2602803737565944,0.03952506091556231,WT,enhancer,16000
33,-379.746835443038,2.2711503481144213,0.04033832799466551,WT,enhancer,16000
34,-329.11392405063293,2.283838534273996,0.041186919829770255,WT,enhancer,16000
35,-278.4810126582279,2.29143007480154,0.042097933588321104,WT,enhancer,16000
36,-227.84810126582283,2.289273387349181,0.04266123718209683,WT,enhancer,16000
37,-177.21518987341778,2.2908812228437485,0.043638948204797544,WT,enhancer,16000
38,-126.58227848101274,2.307095334891379,0.044395471888653136,WT,enhancer,16000
39,-75.94936708860769,2.319393287977905,0.04420410086433823,WT,enhancer,16000
40,-25.316455696202638,2.3247469238235663,0.0443793434789426,WT,enhancer,16000
41,25.31645569620241,2.307852270313004,0.04383175340331143,WT,enhancer,16000
42,75.94936708860769,2.290947258554853,0.045083740482700106,WT,enhancer,16000
43,126.58227848101251,2.2770584037088355,0.045252130770575896,WT,enhancer,16000
44,177.21518987341778,2.2630481528947057,0.045708121596907215,WT,enhancer,16000
45,227.8481012658226,2.250839618587617,0.04620629504998883,WT,enhancer,16000
46,278.4810126582279,2.243567697561329,0.047259420953368915,WT,enhancer,16000
47,329.1139240506327,2.2418031462414825,0.04737443509033879,WT,enhancer,16000
48,379.746835443038,2.235824886621204,0.047006053772477054,WT,enhancer,16000
49,430.37974683544326,2.233881362048527,0.047838948284624025,WT,enhancer,16000
50,481.0126582278481,2.236892196124298,0.04894281806161492,WT,enhancer,16000
51,531.6455696202534,2.246251457387159,0.04807025243513727,WT,enhancer,16000
52,582.2784810126582,2.253472562736743,0.047563512657608296,WT,enhancer,16000
53,632.9113924050635,2.266319103576026,0.048339296765584155,WT,enhancer,16000
54,683.5443037974683,2.2814014682300163,0.04977063731722531,WT,enhancer,16000
55,734.1772151898736,2.2967065900321013,0.05101942881851076,WT,enhancer,16000
56,784.8101265822784,2.29847108246146,0.050573355362416104,WT,enhancer,16000
57,835.4430379746836,2.2782692953030073,0.04882672748973463,WT,enhancer,16000
58,886.0759493670885,2.254804994021735,0.0470560790774864,WT,enhancer,16000
59,936.7088607594937,2.260076875170512,0.045921355021409566,WT,enhancer,16000
60,987.3417721518986,2.255286913994844,0.045036913054494726,WT,enhancer,16000
61,1037.9746835443038,2.2509088444792784,0.04363506839068674,WT,enhancer,16000
62,1088.6075949367087,2.2378852962307345,0.042073044157442716,WT,enhancer,16000
63,1139.240506329114,2.229778118070569,0.04125765027488231,WT,enhancer,16000
64,1189.8734177215188,2.2261499543352237,0.04090528065566632,WT,enhancer,16000
65,1240.506329113924,2.231414030887974,0.04104941650177832,WT,enhancer,16000
66,1291.1392405063293,2.248424079836,0.04240486688779944,WT,enhancer,16000
67,1341.7721518987341,2.2561174602388956,0.0432374797323329,WT,enhancer,16000
68,1392.4050632911394,2.2536341940456257,0.04286237430782672,WT,enhancer,16000
69,1443.0379746835442,2.2474165481265715,0.04332386941440993,WT,enhancer,16000
70,1493.6708860759495,2.2450531383804044,0.04482938885223376,WT,enhancer,16000
71,1544.3037974683543,2.255919091254016,0.04658931596947784,WT,enhancer,16000
72,1594.9367088607596,2.255976747807407,0.047558503836941,WT,enhancer,16000
73,1645.5696202531644,2.2724913078454696,0.04809962987507702,WT,enhancer,16000
74,1696.2025316455697,2.275586206520576,0.04738856786828714,WT,enhancer,16000
75,1746.8354430379745,2.265267205532246,0.047184002893249456,WT,enhancer,16000
76,1797.4683544303798,2.2428637172557635,0.04744714367217173,WT,enhancer,16000
77,1848.1012658227846,2.2493260787975635,0.04736872553387636,WT,enhancer,16000
78,1898.73417721519,2.254014267290993,0.04686197953544182,WT,enhancer,16000
79,1949.3670886075947,2.2620476373734557,0.04723127792197457,WT,enhancer,16000
80,2000,2.250661609013915,0.046740798557304536,WT,enhancer,16000
1,-2000,1.9991670297106796,0.05466485738333884,WT,lncRNA,9405
2,-1949.367088607595,2.0106036328136376,0.053710692731085544,WT,lncRNA,9405
3,-1898.73417721519,2.0103619991810087,0.051377136608679846,WT,lncRNA,9405
4,-1848.1012658227849,2.017490949144971,0.04965793295753998,WT,lncRNA,9405
5,-1797.4683544303798,2.019891552728774,0.049174023102336775,WT,lncRNA,9405
6,-1746.8354430379748,2.028295522944007,0.04898320113281178,WT,lncRNA,9405
7,-1696.2025316455697,2.0320893646359557,0.0490835536381655,WT,lncRNA,9405
8,-1645.5696202531644,2.023822108060412,0.049142074703696276,WT,lncRNA,9405
9,-1594.9367088607596,2.019496212243552,0.04958799054180305,WT,lncRNA,9405
10,-1544.3037974683543,2.011715014298368,0.049987117949431704,WT,lncRNA,9405
11,-1493.6708860759495,1.997054842181141,0.05091714328529055,WT,lncRNA,9405
12,-1443.0379746835442,1.9941000413344203,0.0514626529797556,WT,lncRNA,9405
13,-1392.4050632911392,1.9920665675549447,0.051524598235490465,WT,lncRNA,9405
14,-1341.7721518987341,1.9912264943261533,0.050983813858421996,WT,lncRNA,9405
15,-1291.139240506329,2.0064472073211936,0.05105180027520392,WT,lncRNA,9405
16,-1240.506329113924,2.0188280444942213,0.05096747940404113,WT,lncRNA,9405
17,-1189.873417721519,2.016787840375225,0.05056163117199592,WT,lncRNA,9405
18,-1139.240506329114,2.0009264378377374,0.05021750994413892,WT,lncRNA,9405
19,-1088.607594936709,1.9876938625711555,0.0498063077024027,WT,lncRNA,9405
20,-1037.9746835443038,1.9764129492931046,0.049291557087038966,WT,lncRNA,9405
21,-987.3417721518988,1.9717186621973293,0.049256297184067065,WT,lncRNA,9405
22,-936.7088607594937,1.969318462285851,0.04820871686729802,WT,lncRNA,9405
23,-886.0759493670887,1.9590227347377953,0.046536642738629265,WT,lncRNA,9405
24,-835.4430379746836,1.958976229267027,0.04667650512993128,WT,lncRNA,9405
25,-784.8101265822784,1.9656241726347685,0.04637445620009017,WT,lncRNA,9405
26,-734.1772151898733,1.9714193667387012,0.047186904240884016,WT,lncRNA,9405
27,-683.5443037974683,2.011687495633635,0.050801978636926294,WT,lncRNA,9405
28,-632.9113924050632,2.0455365772470033,0.053398214574739575,WT,lncRNA,9405
29,-582.2784810126582,2.07240928345565,0.054096988342362456,WT,lncRNA,9405
30,-531.6455696202531,2.0891524196221534,0.053925405210729124,WT,lncRNA,9405
31,-481.0126582278481,2.0993552667944044,0.054785209547601875,WT,lncRNA,9405
32,-430.37974683544303,2.1174070124293523,0.057587571634523424,WT,lncRNA,9405
33,-379.746835443038,2.131093769852403,0.060471072385474486,WT,lncRNA,9405
34,-329.11392405063293,2.1535374440977573,0.06372072768182432,WT,lncRNA,9405
35,-278.4810126582279,2.1939917923400736,0.06953190231186486,WT,lncRNA,9405
36,-227.84810126582283,2.2222665900773486,0.07408799455583481,WT,lncRNA,9405
37,-177.21518987341778,2.2437146571767617,0.07681873116188742,WT,lncRNA,9405
38,-126.58227848101274,2.2609272425025138,0.07772797725491097,WT,lncRNA,9405
39,-75.94936708860769,2.2484238762080504,0.07368362984332039,WT,lncRNA,9405
40,-25.316455696202638,2.219347829275547,0.06567895617602978,WT,lncRNA,9405
41,25.31645569620241,2.1983132432081827,0.05942635372084979,WT,lncRNA,9405
42,75.94936708860769,2.180580708899388,0.05448757515065782,WT,lncRNA,9405
43,126.58227848101251,2.159015807500988,0.05148451762176856,WT,lncRNA,9405
44,177.21518987341778,2.154831578018488,0.05097300661633258,WT,lncRNA,9405
45,227.8481012658226,2.160687697878052,0.05348375699177256,WT,lncRNA,9405
46,278.4810126582279,2.1567215341500585,0.056001524060906194,WT,lncRNA,9405
47,329.1139240506327,2.1647172707501263,0.06014116064988376,WT,lncRNA,9405
48,379.746835443038,2.174551812772967,0.06222531038464061,WT,lncRNA,9405
49,430.37974683544326,2.1692053766709236,0.060478550204970685,WT,lncRNA,9405
50,481.0126582278481,2.1471596574624363,0.059092043115979494,WT,lncRNA,9405
51,531.6455696202534,2.14331354765096,0.061378404897524,WT,lncRNA,9405
52,582.2784810126582,2.147503266626501,0.06448452452469096,WT,lncRNA,9405
53,632.9113924050635,2.152414745270591,0.06639959276403692,WT,lncRNA,9405
54,683.5443037974683,2.1480941105042803,0.0655786699910364,WT,lncRNA,9405
55,734.1772151898736,2.1517598079673683,0.0663639773762681,WT,lncRNA,9405
56,784.8101265822784,2.1633355335742483,0.06833683531969302,WT,lncRNA,9405
57,835.4430379746836,2.168823363688388,0.0699096036365468,WT,lncRNA,9405
58,886.0759493670885,2.1484957399174487,0.06869700169463157,WT,lncRNA,9405
59,936.7088607594937,2.123778480851329,0.06587673143519338,WT,lncRNA,9405
60,987.3417721518986,2.104356075787361,0.06335893023286862,WT,lncRNA,9405
61,1037.9746835443038,2.081861354738625,0.05928945501425971,WT,lncRNA,9405
62,1088.6075949367087,2.068302083264032,0.05700350357646042,WT,lncRNA,9405
63,1139.240506329114,2.0507100285064768,0.05473377994860577,WT,lncRNA,9405
64,1189.8734177215188,2.0398062330463884,0.05260672567887184,WT,lncRNA,9405
65,1240.506329113924,2.0234146504170987,0.050871822739739,WT,lncRNA,9405
66,1291.1392405063293,1.9961678163023686,0.04770077963533198,WT,lncRNA,9405
67,1341.7721518987341,1.983314057419764,0.045257040168935184,WT,lncRNA,9405
68,1392.4050632911394,1.9892765156331627,0.04596676354473435,WT,lncRNA,9405
69,1443.0379746835442,1.9866841605158865,0.04654496135952266,WT,lncRNA,9405
70,1493.6708860759495,1.9858428837970017,0.0468652382533569,WT,lncRNA,9405
71,1544.3037974683543,1.983285101048045,0.04728838014309422,WT,lncRNA,9405
72,1594.9367088607596,1.9913481015580197,0.04775261672504797,WT,lncRNA,9405
73,1645.5696202531644,2.001052177075389,0.04806263461388131,WT,lncRNA,9405
74,1696.2025316455697,1.9939853795456557,0.047849302632136825,WT,lncRNA,9405
75,1746.8354430379745,1.996136054552062,0.048030492912412785,WT,lncRNA,9405
76,1797.4683544303798,1.996187765299904,0.04733004946970239,WT,lncRNA,9405
77,1848.1012658227846,1.9946565339338418,0.04654569197206034,WT,lncRNA,9405
78,1898.73417721519,1.9899532358263445,0.047673070822937015,WT,lncRNA,9405
79,1949.3670886075947,2.009320256616535,0.05312382055670024,WT,lncRNA,9405
80,2000,2.027284303961457,0.05772822696940237,WT,lncRNA,9405
1,-2000,3.671730661582408,0.07286293796723532,DHX36KO,promoter,16000
2,-1949.367088607595,3.660169618349994,0.07242377631396185,DHX36KO,promoter,16000
3,-1898.73417721519,3.6576806742641095,0.07162523747233973,DHX36KO,promoter,16000
4,-1848.1012658227849,3.658684426361492,0.0720706214877441,DHX36KO,promoter,16000
5,-1797.4683544303798,3.6602234278342873,0.07268304732041597,DHX36KO,promoter,16000
6,-1746.8354430379748,3.662362964388761,0.0730035427120223,DHX36KO,promoter,16000
7,-1696.2025316455697,3.677551634452323,0.07318741475840386,DHX36KO,promoter,16000
8,-1645.5696202531644,3.6802861657113417,0.0717035460866596,DHX36KO,promoter,16000
9,-1594.9367088607596,3.6828614878526755,0.07044699311084074,DHX36KO,promoter,16000
10,-1544.3037974683543,3.664077694652561,0.0691837629322496,DHX36KO,promoter,16000
11,-1493.6708860759495,3.638000766752938,0.06769213671512046,DHX36KO,promoter,16000
12,-1443.0379746835442,3.637033186856467,0.06720541934149307,DHX36KO,promoter,16000
13,-1392.4050632911392,3.630184263481848,0.06830756928044236,DHX36KO,promoter,16000
14,-1341.7721518987341,3.6380960623583785,0.07121321418153055,DHX36KO,promoter,16000
15,-1291.139240506329,3.6456172049802222,0.0734219882824173,DHX36KO,promoter,16000
16,-1240.506329113924,3.659412477758199,0.07449853276946633,DHX36KO,promoter,16000
17,-1189.873417721519,3.6769366921556625,0.07505757131968264,DHX36KO,promoter,16000
18,-1139.240506329114,3.671585444452277,0.07348737773550958,DHX36KO,promoter,16000
19,-1088.607594936709,3.6737821611733286,0.07268406041992301,DHX36KO,promoter,16000
20,-1037.9746835443038,3.688111288223382,0.07208373225394475,DHX36KO,promoter,16000
21,-987.3417721518988,3.7153686641124026,0.07236314618944578,DHX36KO,promoter,16000
22,-936.7088607594937,3.718670136551943,0.07203854998460123,DHX36KO,promoter,16000
23,-886.0759493670887,3.7145060254830575,0.07040506809812996,DHX36KO,promoter,16000
24,-835.4430379746836,3.7128351897162912,0.06867081460067662,DHX36KO,promoter,16000
25,-784.8101265822784,3.7208449578812517,0.06751251840860635,DHX36KO,promoter,16000
26,-734.1772151898733,3.758768459734693,0.06834485494412539,DHX36KO,promoter,16000
27,-683.5443037974683,3.8038321398512855,0.06899848122302621,DHX36KO,promoter,16000
28,-632.9113924050632,3.8571226821631974,0.07032745496740866,DHX36KO,promoter,16000
29,-582.2784810126582,3.902374051545685,0.07109986170509264,DHX36KO,promoter,16000
30,-531.6455696202531,3.9507609023572834,0.0734172858522889,DHX36KO,promoter,16000
31,-481.0126582278481,4.035074126468954,0.07766881930852058,DHX36KO,promoter,16000
32,-430.37974683544303,4.140103071607146,0.08443221568540223,DHX36KO,promoter,16000
33,-379.746835443038,4.26255461282549,0.09089817848024886,DHX36KO,promoter,16000
34,-329.11392405063293,4.403088278427875,0.09896026324155739,DHX36KO,promoter,16000
35,-278.4810126582279,4.5785837202847635,0.10903192841517473,DHX36KO,promoter,16000
36,-227.84810126582283,4.7257100742075915,0.11819417674807971,DHX36KO,promoter,16000
37,-177.21518987341778,4.863751081927787,0.1262309573766383,DHX36KO,promoter,16000
38,-126.58227848101274,4.984198935257174,0.13133824913709857,DHX36KO,promoter,16000
39,-75.94936708860769,5.090154898466438,0.13358754027782874,DHX36KO,promoter,16000
40,-25.316455696202638,5.107642976165109,0.1308267860639975,DHX36KO,promoter,16000
41,25.31645569620241,5.060327232550112,0.12543110256302442,DHX36KO,promoter,16000
42,75.94936708860769,4.953857279351949,0.11794744439885575,DHX36KO,promoter,16000
43,126.58227848101251,4.842497096489511,0.11055386793702816,DHX36KO,promoter,16000
44,177.21518987341778,4.7425080442170655,0.10497289191064146,DHX36KO,promoter,16000
45,227.8481012658226,4.615174758987141,0.09992585678635038,DHX36KO,promoter,16000
46,278.4810126582279,4.466619146630049,0.09334297369910947,DHX36KO,promoter,16000
47,329.1139240506327,4.342981095610825,0.08871511400868423,DHX36KO,promoter,16000
48,379.746835443038,4.237514249010814,0.08398452233120587,DHX36KO,promoter,16000
49,430.37974683544326,4.144261185384773,0.07945376862598086,DHX36KO,promoter,16000
50,481.0126582278481,4.083256193451488,0.07731347098994816,DHX36KO,promoter,16000
51,531.6455696202534,4.0310727186421476,0.07795079405762433,DHX36KO,promoter,16000
52,582.2784810126582,4.000644746432049,0.07858054341243956,DHX36KO,promoter,16000
53,632.9113924050635,3.9653752245377802,0.07888338520637732,DHX36KO,promoter,16000
54,683.5443037974683,3.919097896215852,0.07907116875680091,DHX36KO,promoter,16000
55,734.1772151898736,3.8758850527615305,0.07856918384433192,DHX36KO,promoter,16000
56,784.8101265822784,3.851983176595118,0.07896009611391099,DHX36KO,promoter,16000
57,835.4430379746836,3.849424664639195,0.07928231406308121,DHX36KO,promoter,16000
58,886.0759493670885,3.8272705355070844,0.07980068858919188,DHX36KO,promoter,16000
59,936.7088607594937,3.825965751089398,0.08041745048770226,DHX36KO,promoter,16000
60,987.3417721518986,3.8263470353041105,0.08077181033891821,DHX36KO,promoter,16000
61,1037.9746835443038,3.8313615691780365,0.08273681728565821,DHX36KO,promoter,16000
62,1088.6075949367087,3.8225785380762782,0.08305439812468485,DHX36KO,promoter,16000
63,1139.240506329114,3.788879410307142,0.08358923694385835,DHX36KO,promoter,16000
64,1189.8734177215188,3.7700483731218806,0.08415470757183786,DHX36KO,promoter,16000
65,1240.506329113924,3.762163302290296,0.08354990973058003,DHX36KO,promoter,16000
66,1291.1392405063293,3.7576185898140904,0.08144869186281724,DHX36KO,promoter,16000
67,1341.7721518987341,3.76604555965362,0.07848740205842974,DHX36KO,promoter,16000
68,1392.4050632911394,3.752815525558904,0.0760613939464349,DHX36KO,promoter,16000
69,1443.0379746835442,3.7300296214855755,0.0758012285604253,DHX36KO,promoter,16000
70,1493.6708860759495,3.7151876795518772,0.07581034627579877,DHX36KO,promoter,16000
71,1544.3037974683543,3.6998600948682148,0.07635232340684366,DHX36KO,promoter,16000
72,1594.9367088607596,3.671904307854043,0.07634170771571386,DHX36KO,promoter,16000
73,1645.5696202531644,3.643583080653881,0.07479285779432769,DHX36KO,promoter,16000
74,1696.2025316455697,3.645362268524004,0.07347495143467275,DHX36KO,promoter,16000
75,1746.8354430379745,3.642796120176251,0.07209036109279145,DHX36KO,promoter,16000
76,1797.4683544303798,3.6484048190117977,0.07284445575818262,DHX36KO,promoter,16000
77,1848.1012658227846,3.6554163303439453,0.07433016932119622,DHX36KO,promoter,16000
78,1898.73417721519,3.6911417690176846,0.07818329342725255,DHX36KO,promoter,16000
79,1949.3670886075947,3.7131907489718086,0.08085062270953493,DHX36KO,promoter,16000
80,2000,3.701837605576333,0.07983816161912644,DHX36KO,promoter,16000
1,-2000,3.9123808792911343,0.07670902205403667,DHX36KO,5UTR,16000
2,-1949.367088607595,3.9020263246644724,0.07358920184471808,DHX36KO,5UTR,16000
3,-1898.73417721519,3.890672269086253,0.07104825704711902,DHX36KO,5UTR,16000
4,-1848.1012658227849,3.8872272116459645,0.06955640091692211,DHX36KO,5UTR,16000
5,-1797.4683544303798,3.885943841655619,0.06929738351405465,DHX36KO,5UTR,16000
6,-1746.8354430379748,3.8814590270880345,0.069544756134759,DHX36KO,5UTR,16000
7,-1696.2025316455697,3.8635918074818045,0.06933877610467279,DHX36KO,5UTR,16000
8,-1645.5696202531644,3.8561051987948236,0.06966269746578173,DHX36KO,5UTR,16000
9,-1594.9367088607596,3.8497208616781937,0.06948066832772223,DHX36KO,5UTR,16000
10,-1544.3037974683543,3.8334540276152147,0.06874217998952757,DHX36KO,5UTR,16000
11,-1493.6708860759495,3.821626161070025,0.06884171592374107,DHX36KO,5UTR,16000
12,-1443.0379746835442,3.827814304280226,0.07006504143919905,DHX36KO,5UTR,16000
13,-1392.4050632911392,3.8339945744733135,0.07180039307983696,DHX36KO,5UTR,16000
14,-1341.7721518987341,3.853379738978768,0.07320318226440091,DHX36KO,5UTR,16000
15,-1291.139240506329,3.865846042944911,0.0733473929021069,DHX36KO,5UTR,16000
16,-1240.506329113924,3.8624513576631614,0.07236214193650595,DHX36KO,5UTR,16000
17,-1189.873417721519,3.879268221423063,0.07313905912745976,DHX36KO,5UTR,16000
18,-1139.240506329114,3.9040751626603787,0.07426468295384109,DHX36KO,5UTR,16000
19,-1088.607594936709,3.9125168316576087,0.07525463823114346,DHX36KO,5UTR,16000
20,-1037.9746835443038,3.909973724379228,0.07570598817955994,DHX36KO,5UTR,16000
21,-987.3417721518988,3.933635819570454,0.07727634818960935,DHX36KO,5UTR,16000
22,-936.7088607594937,3.9634289746380165,0.07946177219445513,DHX36KO,5UTR,16000
23,-886.0759493670887,3.9639051430862358,0.07938453697914527,DHX36KO,5UTR,16000
24,-835.4430379746836,3.9747871799574224,0.0792970470930782,DHX36KO,5UTR,16000
25,-784.8101265822784,4.016084217892131,0.07961824443866053,DHX36KO,5UTR,16000
26,-734.1772151898733,4.034952703032205,0.07880321243445412,DHX36KO,5UTR,16000
27,-683.5443037974683,4.047628362275477,0.07786810229934125,DHX36KO,5UTR,16000
28,-632.9113924050632,4.084582068701574,0.07835237118178819,DHX36KO,5UTR,16000
29,-582.2784810126582,4.141575309304141,0.08205122479157462,DHX36KO,5UTR,16000
30,-531.6455696202531,4.207860334049866,0.08665491700323581,DHX36KO,5UTR,16000
31,-481.0126582278481,4.290022844480533,0.09192217524208067,DHX36KO,5UTR,16000
32,-430.37974683544303,4.357199983931034,0.09568276510576777,DHX36KO,5UTR,16000
33,-379.746835443038,4.42571787413306,0.09943480775402552,DHX36KO,5UTR,16000
34,-329.11392405063293,4.482402408718777,0.10317809826502317,DHX36KO,5UTR,16000
35,-278.4810126582279,4.525594872362292,0.10430999453904173,DHX36KO,5UTR,16000
36,-227.84810126582283,4.541067952812011,0.10271865753925508,DHX36KO,5UTR,16000
37,-177.21518987341778,4.5492053949841615,0.101819905315715,DHX36KO,5UTR,16000
38,-126.58227848101274,4.561446154147422,0.10006864262798623,DHX36KO,5UTR,16000
39,-75.94936708860769,4.548554246474264,0.0970227936083553,DHX36KO,5UTR,16000
40,-25.316455696202638,4.493469664638249,0.09332152806402673,DHX36KO,5UTR,16000
41,25.31645569620241,4.418067477561157,0.09011139466596059,DHX36KO,5UTR,16000
42,75.94936708860769,4.366801564157217,0.0895872511741157,DHX36KO,5UTR,16000
43,126.58227848101251,4.314593528057869,0.08850401122320792,DHX36KO,5UTR,16000
44,177.21518987341778,4.264561804260511,0.08612054187198863,DHX36KO,5UTR,16000
45,227.8481012658226,4.195421428280892,0.08274249293158119,DHX36KO,5UTR,16000
46,278.4810126582279,4.147328098482084,0.08078350350130332,DHX36KO,5UTR,16000
47,329.1139240506327,4.093200233053699,0.07801673102957979,DHX36KO,5UTR,16000
48,379.746835443038,4.0711867569496585,0.07732660933974161,DHX36KO,5UTR,16000
49,430.37974683544326,4.033867523731364,0.07764343092374543,DHX36KO,5UTR,16000
50,481.0126582278481,4.0281027668846185,0.07977677420132684,DHX36KO,5UTR,16000
51,531.6455696202534,4.017557834443293,0.08114963815803795,DHX36KO,5UTR,16000
52,582.2784810126582,4.019449546230906,0.08301119802982332,DHX36KO,5UTR,16000
53,632.9113924050635,4.015631848614488,0.08540901665466964,DHX36KO,5UTR,16000
54,683.5443037974683,3.9953268382417653,0.08670380756271227,DHX36KO,5UTR,16000
55,734.1772151898736,3.9828540935621883,0.08723377189572182,DHX36KO,5UTR,16000
56,784.8101265822784,3.958251445829462,0.08686476414695891,DHX36KO,5UTR,16000
57,835.4430379746836,3.9431063753356153,0.08525180017674953,DHX36KO,5UTR,16000
58,886.0759493670885,3.927565552326958,0.08194634498513849,DHX36KO,5UTR,16000
59,936.7088607594937,3.935291140508565,0.08064568122775587,DHX36KO,5UTR,16000
60,987.3417721518986,3.9393334286539097,0.07998689176604672,DHX36KO,5UTR,16000
61,1037.9746835443038,3.940995391260147,0.0797730699636001,DHX36KO,5UTR,16000
62,1088.6075949367087,3.94548341894658,0.08050647266997371,DHX36KO,5UTR,16000
63,1139.240506329114,3.9499624030066354,0.08050389111281492,DHX36KO,5UTR,16000
64,1189.8734177215188,3.9446799708818077,0.08040560138883633,DHX36KO,5UTR,16000
65,1240.506329113924,3.9306204202048676,0.0796809208195853,DHX36KO,5UTR,16000
66,1291.1392405063293,3.925018514650544,0.07890260568079197,DHX36KO,5UTR,16000
67,1341.7721518987341,3.9010948285571554,0.07769584414558259,DHX36KO,5UTR,16000
68,1392.4050632911394,3.8719922086821703,0.0763620707610703,DHX36KO,5UTR,16000
69,1443.0379746835442,3.851766578488706,0.07537012455985154,DHX36KO,5UTR,16000
70,1493.6708860759495,3.850847010933741,0.07524562998031395,DHX36KO,5UTR,16000
71,1544.3037974683543,3.854927177187066,0.07513368173222144,DHX36KO,5UTR,16000
72,1594.9367088607596,3.8539487878981826,0.07479059817633238,DHX36KO,5UTR,16000
73,1645.5696202531644,3.8362932516789403,0.07411126065182166,DHX36KO,5UTR,16000
74,1696.2025316455697,3.8149078661027964,0.07240067958972479,DHX36KO,5UTR,16000
75,1746.8354430379745,3.8061852319549936,0.07097688680610238,DHX36KO,5UTR,16000
76,1797.4683544303798,3.7721114416297286,0.06887404895846469,DHX36KO,5UTR,16000
77,1848.1012658227846,3.7491495683979283,0.06764507924355742,DHX36KO,5UTR,16000
78,1898.73417721519,3.7452748132451212,0.0669895365409966,DHX36KO,5UTR,16000
79,1949.3670886075947,3.735167088113156,0.06729689211131057,DHX36KO,5UTR,16000
80,2000,3.744295691970223,0.06825964756941165,DHX36KO,5UTR,16000
1,-2000,4.001073649466774,0.07792393151477174,DHX36KO,intron1,16000
2,-1949.367088607595,4.022959597539288,0.0789695509579841,DHX36KO,intron1,16000
3,-1898.73417721519,4.027416703045508,0.08057572833476918,DHX36KO,intron1,16000
4,-1848.1012658227849,4.018636873324026,0.08139956989696646,DHX36KO,intron1,16000
5,-1797.4683544303798,4.006294821826296,0.08084297477475919,DHX36KO,intron1,16000
6,-1746.8354430379748,4.011124512615813,0.07979020249781107,DHX36KO,intron1,16000
7,-1696.2025316455697,4.001811215358155,0.0816406910582026,DHX36KO,intron1,16000
8,-1645.5696202531644,4.009074342770898,0.08423462835828632,DHX36KO,intron1,16000
9,-1594.9367088607596,4.026122185486653,0.08646183012115388,DHX36KO,intron1,16000
10,-1544.3037974683543,4.0395056865693215,0.08764968752967502,DHX36KO,intron1,16000
11,-1493.6708860759495,4.0375406741985564,0.08832262164787835,DHX36KO,intron1,16000
12,-1443.0379746835442,4.038053362901345,0.08744045949446072,DHX36KO,intron1,16000
13,-1392.4050632911392,4.030789229251621,0.08448548028683402,DHX36KO,intron1,16000
14,-1341.7721518987341,4.028582970947922,0.08217499723127433,DHX36KO,intron1,16000
15,-1291.139240506329,4.021271984814792,0.0793797394119819,DHX36KO,intron1,16000
16,-1240.506329113924,4.0150147938796446,0.07729093068995636,DHX36KO,intron1,16000
17,-1189.873417721519,4.016748845338434,0.07635264514267555,DHX36KO,intron1,16000
18,-1139.240506329114,4.048714045825544,0.07725681897954288,DHX36KO,intron1,16000
19,-1088.607594936709,4.066294778129648,0.0785035770088767,DHX36KO,intron1,16000
20,-1037.9746835443038,4.090425726447179,0.08010235496056253,DHX36KO,intron1,16000
21,-987.3417721518988,4.090261817305316,0.08008770114904346,DHX36KO,intron1,16000
22,-936.7088607594937,4.102838410390768,0.08000043673364113,DHX36KO,intron1,16000
23,-886.0759493670887,4.106046754799965,0.08055869500808426,DHX36KO,intron1,16000
24,-835.4430379746836,4.097754743140629,0.08115254705721653,DHX36KO,intron1,16000
25,-784.8101265822784,4.095993478200338,0.08209748899472992,DHX36KO,intron1,16000
26,-734.1772151898733,4.095181005940483,0.08243388303505653,DHX36KO,intron1,16000
27,-683.5443037974683,4.093887498247194,0.08171919108030674,DHX36KO,intron1,16000
28,-632.9113924050632,4.081629340929869,0.07972978497787073,DHX36KO,intron1,16000
29,-582.2784810126582,4.060473026139292,0.07727858594327187,DHX36KO,intron1,16000
30,-531.6455696202531,4.039106433021951,0.07526706600146255,DHX36KO,intron1,16000
31,-481.0126582278481,4.046305641204189,0.07632271706435817,DHX36KO,intron1,16000
32,-430.37974683544303,4.0606638975460845,0.07814745747877093,DHX36KO,intron1,16000
33,-379.746835443038,4.058616545391472,0.07913046518698284,DHX36KO,intron1,16000
34,-329.11392405063293,4.039174089735255,0.0799048523185471,DHX36KO,intron1,16000
35,-278.4810126582279,4.0127715078459145,0.080904888464661,DHX36KO,intron1,16000
36,-227.84810126582283,4.006960898678443,0.08119617116634997,DHX36KO,intron1,16000
37,-177.21518987341778,3.990492299162908,0.08026433772982246,DHX36KO,intron1,16000
38,-126.58227848101274,3.972085261233735,0.07751445073899371,DHX36KO,intron1,16000
39,-75.94936708860769,3.947610474956515,0.07539021026530238,DHX36KO,intron1,16000
40,-25.316455696202638,3.923405295904026,0.07453830069617123,DHX36KO,intron1,16000
41,25.31645569620241,3.9124028177150674,0.07496660890981986,DHX36KO,intron1,16000
42,75.94936708860769,3.9056419536850733,0.07618860339066133,DHX36KO,intron1,16000
43,126.58227848101251,3.8813662770543154,0.07450422167294468,DHX36KO,intron1,16000
44,177.21518987341778,3.891237879924707,0.07288179234250017,DHX36KO,intron1,16000
45,227.8481012658226,3.9007283470708307,0.07309893507071197,DHX36KO,intron1,16000
46,278.4810126582279,3.901674468443966,0.0747725505799586,DHX36KO,intron1,16000
47,329.1139240506327,3.9075628348179645,0.07569261586276158,DHX36KO,intron1,16000
48,379.746835443038,3.9048483713853743,0.07515851127823465,DHX36KO,intron1,16000
49,430.37974683544326,3.89894911140109,0.07596349492454095,DHX36KO,intron1,16000
50,481.0126582278481,3.8789032271969286,0.0751300606058321,DHX36KO,intron1,16000
51,531.6455696202534,3.886846430727272,0.07548910583235638,DHX36KO,intron1,16000
52,582.2784810126582,3.899911887384143,0.0776630152327865,DHX36KO,intron1,16000
53,632.9113924050635,3.8923095439113413,0.07855675557881632,DHX36KO,intron1,16000
54,683.5443037974683,3.8630717072312954,0.07681825529502978,DHX36KO,intron1,16000
55,734.1772151898736,3.8275942867057577,0.07441927086528206,DHX36KO,intron1,16000
56,784.8101265822784,3.804679333923318,0.0739057416465093,DHX36KO,intron1,16000
57,835.4430379746836,3.7672187278563176,0.07276915915419067,DHX36KO,intron1,16000
58,886.0759493670885,3.7264632233538784,0.07083652218463116,DHX36KO,intron1,16000
59,936.7088607594937,3.717700401720282,0.0690210801498648,DHX36KO,intron1,16000
60,987.3417721518986,3.7267395053033257,0.0677619507985072,DHX36KO,intron1,16000
61,1037.9746835443038,3.728678054128254,0.06709759521883593,DHX36KO,intron1,16000
62,1088.6075949367087,3.744278096182618,0.06789617747297241,DHX36KO,intron1,16000
63,1139.240506329114,3.753457175427361,0.06878891439259373,DHX36KO,intron1,16000
64,1189.8734177215188,3.7634087136178005,0.06945781606728457,DHX36KO,intron1,16000
65,1240.506329113924,3.7753266498545406,0.06991104034668404,DHX36KO,intron1,16000
66,1291.1392405063293,3.7937369633050095,0.0701378377738379,DHX36KO,intron1,16000
67,1341.7721518987341,3.796284202250056,0.07076530150787466,DHX36KO,intron1,16000
68,1392.4050632911394,3.799464422350362,0.07103190821310675,DHX36KO,intron1,16000
69,1443.0379746835442,3.7946610771642155,0.07043508480236006,DHX36KO,intron1,16000
70,1493.6708860759495,3.7906281034587264,0.07046845285773837,DHX36KO,intron1,16000
71,1544.3037974683543,3.7892567160635102,0.07085028116003957,DHX36KO,intron1,16000
72,1594.9367088607596,3.7917674559315007,0.07460584994449174,DHX36KO,intron1,16000
73,1645.5696202531644,3.7842282874550586,0.07933396660451679,DHX36KO,intron1,16000
74,1696.2025316455697,3.7783167376649907,0.08250680617253484,DHX36KO,intron1,16000
75,1746.8354430379745,3.784339605947614,0.08339551157020092,DHX36KO,intron1,16000
76,1797.4683544303798,3.784822305246894,0.08096363710833981,DHX36KO,intron1,16000
77,1848.1012658227846,3.7859492477927756,0.0797523205185009,DHX36KO,intron1,16000
78,1898.73417721519,3.801690273635639,0.07775607274691998,DHX36KO,intron1,16000
79,1949.3670886075947,3.8078862765279755,0.07456517507947515,DHX36KO,intron1,16000
80,2000,3.82432926884747,0.07272799487927648,DHX36KO,intron1,16000
1,-2000,3.422419291664935,0.057300854137266016,DHX36KO,enhancer,16000
2,-1949.367088607595,3.407010989851165,0.05638602519186113,DHX36KO,enhancer,16000
3,-1898.73417721519,3.3861169771829327,0.055316402342938005,DHX36KO,enhancer,16000
4,-1848.1012658227849,3.36605034715585,0.05360239174467429,DHX36KO,enhancer,16000
5,-1797.4683544303798,3.3393821887466264,0.051585812467639915,DHX36KO,enhancer,16000
6,-1746.8354430379748,3.3153684871314595,0.05042877225349265,DHX36KO,enhancer,16000
7,-1696.2025316455697,3.3140328211269123,0.05110463509148245,DHX36KO,enhancer,16000
8,-1645.5696202531644,3.3336019051451493,0.05368467802925875,DHX36KO,enhancer,16000
9,-1594.9367088607596,3.363186135620154,0.056490234327163845,DHX36KO,enhancer,16000
10,-1544.3037974683543,3.370805172856108,0.058351009376613715,DHX36KO,enhancer,16000
11,-1493.6708860759495,3.3883560411754674,0.060107694864532484,DHX36KO,enhancer,16000
12,-1443.0379746835442,3.4137400589494855,0.06231792479272513,DHX36KO,enhancer,16000
13,-1392.4050632911392,3.4495357846738566,0.06419751470032271,DHX36KO,enhancer,16000
14,-1341.7721518987341,3.479013911235533,0.06443930510220891,DHX36KO,enhancer,16000
15,-1291.139240506329,3.4821996367180237,0.0625105166280565,DHX36KO,enhancer,16000
16,-1240.506329113924,3.493181074647237,0.0612422385840561,DHX36KO,enhancer,16000
17,-1189.873417721519,3.4877240427613447,0.05980573706515125,DHX36KO,enhancer,16000
18,-1139.240506329114,3.4844705873663306,0.05961527661233814,DHX36KO,enhancer,16000
19,-1088.607594936709,3.4593592020052046,0.05955470862643608,DHX36KO,enhancer,16000
20,-1037.9746835443038,3.4507375850846884,0.05851800955172553,DHX36KO,enhancer,16000
21,-987.3417721518988,3.4550064244229963,0.0568811980520482,DHX36KO,enhancer,16000
22,-936.7088607594937,3.43893646160677,0.056394742457954665,DHX36KO,enhancer,16000
23,-886.0759493670887,3.4405443651247674,0.05663975383210445,DHX36KO,enhancer,16000
24,-835.4430379746836,3.453954615399804,0.05838874620074974,DHX36KO,enhancer,16000
25,-784.8101265822784,3.4792277758911347,0.05988076152711479,DHX36KO,enhancer,16000
26,-734.1772151898733,3.496094202833064,0.05962014897583286,DHX36KO,enhancer,16000
27,-683.5443037974683,3.4936221546937096,0.05849593006670465,DHX36KO,enhancer,16000
28,-632.9113924050632,3.5076851800141338,0.05777341857304002,DHX36KO,enhancer,16000
29,-582.2784810126582,3.5342720367294276,0.05774660885952408,DHX36KO,enhancer,16000
30,-531.6455696202531,3.552665106838957,0.05855197282391151,DHX36KO,enhancer,16000
31,-481.0126582278481,3.5785641675723894,0.05965592170624281,DHX36KO,enhancer,16000
32,-430.37974683544303,3.5869558436468414,0.06032324026670203,DHX36KO,enhancer,16000
33,-379.746835443038,3.595155966198735,0.06159611770360222,DHX36KO,enhancer,16000
34,-329.11392405063293,3.61190000631116,0.06308037033093522,DHX36KO,enhancer,16000
35,-278.4810126582279,3.635092019248909,0.06356930075479868,DHX36KO,enhancer,16000
36,-227.84810126582283,3.6290975437507864,0.0638726296832699,DHX36KO,enhancer,16000
37,-177.21518987341778,3.6363580927975163,0.06446017660444925,DHX36KO,enhancer,16000
38,-126.58227848101274,3.651934902983177,0.06440586877965669,DHX36KO,enhancer,16000
39,-75.94936708860769,3.6568220221580527,0.06384916059480251,DHX36KO,enhancer,16000
40,-25.316455696202638,3.6642047056095173,0.06406982755654891,DHX36KO,enhancer,16000
41,25.31645569620241,3.647603471540889,0.0637202258941965,DHX36KO,enhancer,16000
42,75.94936708860769,3.6152830675680803,0.06451710997612091,DHX36KO,enhancer,16000
43,126.58227848101251,3.5866409566156547,0.06438220582925641,DHX36KO,enhancer,16000
44,177.21518987341778,3.5666478354773266,0.06533578528577702,DHX36KO,enhancer,16000
45,227.8481012658226,3.558430917143193,0.06634713125724909,DHX36KO,enhancer,16000
46,278.4810126582279,3.5511664368480163,0.06775537135783348,DHX36KO,enhancer,16000
47,329.1139240506327,3.53707216011237,0.06759497302761228,DHX36KO,enhancer,16000
48,379.746835443038,3.5233487185152583,0.068046356420072035,DHX36KO,enhancer,16000
49,430.37974683544326,3.529837676392643,0.06920309388793591,DHX36KO,enhancer,16000
50,481.0126582278481,3.5537370362735503,0.07072410529646468,DHX36KO,enhancer,16000
51,531.6455696202534,3.5641209883846647,0.06998640121158917,DHX36KO,enhancer,16000
52,582.2784810126582,3.574246360974864,0.06942657179623718,DHX36KO,enhancer,16000
53,632.9113924050635,3.59855745080866,0.07028968429970332,DHX36KO,enhancer,16000
54,683.5443037974683,3.61966688154433,0.07184763871686471,DHX36KO,enhancer,16000
55,734.1772151898736,3.6386833488388226,0.07348301981096177,DHX36KO,enhancer,16000
56,784.8101265822784,3.634870367604279,0.073032409100732,DHX36KO,enhancer,16000
57,835.4430379746836,3.5998022884098044,0.0702328027100174,DHX36KO,enhancer,16000
58,886.0759493670885,3.5634349187127192,0.067803069231144375,DHX36KO,enhancer,16000
59,936.7088607594937,3.5500164063057804,0.06653112273482907,DHX36KO,enhancer,16000
60,987.3417721518986,3.545737104169905,0.06554505217687995,DHX36KO,enhancer,16000
61,1037.9746835443038,3.5468595548647515,0.06432483060844538,DHX36KO,enhancer,16000
62,1088.6075949367087,3.5380140843486254,0.06281594158232282,DHX36KO,enhancer,16000
63,1139.240506329114,3.5340172640834493,0.062129669767469,DHX36KO,enhancer,16000
64,1189.8734177215188,3.540412592797913,0.061744947946254986,DHX36KO,enhancer,16000
65,1240.506329113924,3.5430772738633474,0.061561671478723684,DHX36KO,enhancer,16000
66,1291.1392405063293,3.5725029028666104,0.06327517409689183,DHX36KO,enhancer,16000
67,1341.7721518987341,3.576203313553453,0.06391099045246931,DHX36KO,enhancer,16000
68,1392.4050632911394,3.570607565107351,0.06380283287361149,DHX36KO,enhancer,16000
69,1443.0379746835442,3.576429233127591,0.06599405495777745,DHX36KO,enhancer,16000
70,1493.6708860759495,3.575804403257367,0.06852489803298965,DHX36KO,enhancer,16000
71,1544.3037974683543,3.587423325255527,0.07105751365602564,DHX36KO,enhancer,16000
72,1594.9367088607596,3.5961800078699344,0.07255973370576237,DHX36KO,enhancer,16000
73,1645.5696202531644,3.589989058884223,0.07221977629062983,DHX36KO,enhancer,16000
74,1696.2025316455697,3.5895412371593367,0.07098389672730673,DHX36KO,enhancer,16000
75,1746.8354430379745,3.5839915231150146,0.0708329069279822,DHX36KO,enhancer,16000
76,1797.4683544303798,3.5618330589420744,0.07096603343776987,DHX36KO,enhancer,16000
77,1848.1012658227846,3.560518450885865,0.07088193745167465,DHX36KO,enhancer,16000
78,1898.73417721519,3.5698756417765,0.07032673592712685,DHX36KO,enhancer,16000
79,1949.3670886075947,3.5845047505424232,0.07028395978358068,DHX36KO,enhancer,16000
80,2000,3.5800665806861125,0.06902480614290807,DHX36KO,enhancer,16000
1,-2000,3.102924241859507,0.07990092435737396,DHX36KO,lncRNA,9405
2,-1949.367088607595,3.1371409625451894,0.0799448953997821,DHX36KO,lncRNA,9405
3,-1898.73417721519,3.1485585730365098,0.07761678143583871,DHX36KO,lncRNA,9405
4,-1848.1012658227849,3.1705108029802553,0.07543066656859235,DHX36KO,lncRNA,9405
5,-1797.4683544303798,3.188314288000217,0.07481660182021634,DHX36KO,lncRNA,9405
6,-1746.8354430379748,3.2125897674611785,0.07548800046919908,DHX36KO,lncRNA,9405
7,-1696.2025316455697,3.2205688809914745,0.07664121493713676,DHX36KO,lncRNA,9405
8,-1645.5696202531644,3.195504529093472,0.07643813163160974,DHX36KO,lncRNA,9405
9,-1594.9367088607596,3.1721365158585035,0.07535200692080588,DHX36KO,lncRNA,9405
10,-1544.3037974683543,3.158145159058196,0.07463304466541347,DHX36KO,lncRNA,9405
11,-1493.6708860759495,3.155172753526407,0.07491081919600245,DHX36KO,lncRNA,9405
12,-1443.0379746835442,3.15199157596907,0.07571573319324869,DHX36KO,lncRNA,9405
13,-1392.4050632911392,3.171537037527375,0.07668293476859162,DHX36KO,lncRNA,9405
14,-1341.7721518987341,3.1714754088280004,0.0775156574463484,DHX36KO,lncRNA,9405
15,-1291.139240506329,3.1860230157212737,0.0784707320179817,DHX36KO,lncRNA,9405
16,-1240.506329113924,3.178034956476623,0.07799559891401053,DHX36KO,lncRNA,9405
17,-1189.873417721519,3.177124805606358,0.07729116625038099,DHX36KO,lncRNA,9405
18,-1139.240506329114,3.1686611183531745,0.0765619457771003,DHX36KO,lncRNA,9405
19,-1088.607594936709,3.140785602319789,0.07483432592187897,DHX36KO,lncRNA,9405
20,-1037.9746835443038,3.1057948596152736,0.07340315321354125,DHX36KO,lncRNA,9405
21,-987.3417721518988,3.0915407340006653,0.07295023039816795,DHX36KO,lncRNA,9405
22,-936.7088607594937,3.0861658605530815,0.071480106272737,DHX36KO,lncRNA,9405
23,-886.0759493670887,3.0809760414710614,0.07009297318499787,DHX36KO,lncRNA,9405
24,-835.4430379746836,3.0968206384756356,0.06955273649803877,DHX36KO,lncRNA,9405
25,-784.8101265822784,3.11902867691971,0.06983237862712734,DHX36KO,lncRNA,9405
26,-734.1772151898733,3.147842904208852,0.07147317322625468,DHX36KO,lncRNA,9405
27,-683.5443037974683,3.1907537843210627,0.07536027749374133,DHX36KO,lncRNA,9405
28,-632.9113924050632,3.2258127312616756,0.07810904938909936,DHX36KO,lncRNA,9405
29,-582.2784810126582,3.2491620958472462,0.07773929479910956,DHX36KO,lncRNA,9405
30,-531.6455696202531,3.2636569802241153,0.07784352057601206,DHX36KO,lncRNA,9405
31,-481.0126582278481,3.278810070962328,0.07992508749535664,DHX36KO,lncRNA,9405
32,-430.37974683544303,3.3130402564280343,0.08339826592854095,DHX36KO,lncRNA,9405
33,-379.746835443038,3.3519265982746784,0.08587535025586301,DHX36KO,lncRNA,9405
34,-329.11392405063293,3.40233149464225,0.08979582591245441,DHX36KO,lncRNA,9405
35,-278.4810126582279,3.4599499528523974,0.09620947810508133,DHX36KO,lncRNA,9405
36,-227.84810126582283,3.494260330620516,0.10118298504504934,DHX36KO,lncRNA,9405
37,-177.21518987341778,3.5148548196566742,0.10424200438226748,DHX36KO,lncRNA,9405
38,-126.58227848101274,3.5447997183829676,0.10683913796609558,DHX36KO,lncRNA,9405
39,-75.94936708860769,3.538500697085311,0.10306354207176593,DHX36KO,lncRNA,9405
40,-25.316455696202638,3.483379037513138,0.09478383312232927,DHX36KO,lncRNA,9405
41,25.31645569620241,3.427740505851617,0.08702527823214747,DHX36KO,lncRNA,9405
42,75.94936708860769,3.3924217947302133,0.08146018496906868,DHX36KO,lncRNA,9405
43,126.58227848101251,3.367279464919994,0.07797379355025993,DHX36KO,lncRNA,9405
44,177.21518987341778,3.3470897757498452,0.0772663827355771,DHX36KO,lncRNA,9405
45,227.8481012658226,3.355915308680759,0.08069955190130577,DHX36KO,lncRNA,9405
46,278.4810126582279,3.3708949319491146,0.08370484696122088,DHX36KO,lncRNA,9405
47,329.1139240506327,3.4240140093344005,0.0890139181846354,DHX36KO,lncRNA,9405
48,379.746835443038,3.4616004647973386,0.09168741896845292,DHX36KO,lncRNA,9405
49,430.37974683544326,3.4315646638987602,0.08868937206925086,DHX36KO,lncRNA,9405
50,481.0126582278481,3.3900477533289384,0.0852005299248256,DHX36KO,lncRNA,9405
51,531.6455696202534,3.371131841871389,0.08594057429258135,DHX36KO,lncRNA,9405
52,582.2784810126582,3.373869867200703,0.0885768253817035,DHX36KO,lncRNA,9405
53,632.9113924050635,3.382211454871885,0.09148524578951116,DHX36KO,lncRNA,9405
54,683.5443037974683,3.3697161332914187,0.09194086300728001,DHX36KO,lncRNA,9405
55,734.1772151898736,3.387085874212563,0.09339687926408245,DHX36KO,lncRNA,9405
56,784.8101265822784,3.3957496410388237,0.09650420095767079,DHX36KO,lncRNA,9405
57,835.4430379746836,3.3996443105477048,0.09924175132422841,DHX36KO,lncRNA,9405
58,886.0759493670885,3.372944766428596,0.0992922548609427,DHX36KO,lncRNA,9405
59,936.7088607594937,3.353320592882938,0.0967687471309086,DHX36KO,lncRNA,9405
60,987.3417721518986,3.322742098525521,0.09286629155377152,DHX36KO,lncRNA,9405
61,1037.9746835443038,3.2907065245968807,0.0879216119903597,DHX36KO,lncRNA,9405
62,1088.6075949367087,3.2665727647429694,0.08408704770377813,DHX36KO,lncRNA,9405
63,1139.240506329114,3.232260192909211,0.07968110848000061,DHX36KO,lncRNA,9405
64,1189.8734177215188,3.2089939011841557,0.07705313412144403,DHX36KO,lncRNA,9405
65,1240.506329113924,3.20190220877664,0.07553329465848704,DHX36KO,lncRNA,9405
66,1291.1392405063293,3.1749127135703117,0.0720623944285584,DHX36KO,lncRNA,9405
67,1341.7721518987341,3.1758775551678395,0.06904833383433752,DHX36KO,lncRNA,9405
68,1392.4050632911394,3.1762761282059224,0.06941227526991622,DHX36KO,lncRNA,9405
69,1443.0379746835442,3.148091638579235,0.06917531754234577,DHX36KO,lncRNA,9405
70,1493.6708860759495,3.1429299487210076,0.06980556432718243,DHX36KO,lncRNA,9405
71,1544.3037974683543,3.149947604991597,0.0710198641070496,DHX36KO,lncRNA,9405
72,1594.9367088607596,3.176053836721687,0.072839474582942,DHX36KO,lncRNA,9405
73,1645.5696202531644,3.184338169207145,0.07355882683360472,DHX36KO,lncRNA,9405
74,1696.2025316455697,3.16444424603473,0.07280084490296705,DHX36KO,lncRNA,9405
75,1746.8354430379745,3.150148769127721,0.07238908257144942,DHX36KO,lncRNA,9405
76,1797.4683544303798,3.136687206720576,0.07225418296703938,DHX36KO,lncRNA,9405
77,1848.1012658227846,3.142778200818008,0.0727755254073343,DHX36KO,lncRNA,9405
78,1898.73417721519,3.162418965140264,0.0748947142763517,DHX36KO,lncRNA,9405
79,1949.3670886075947,3.174792225578091,0.07853449032996883,DHX36KO,lncRNA,9405
80,2000,3.192271615178229,0.0811174576031849,DHX36KO,lncRNA,9405
1,-2000,2.709196447775551,0.0556964036927893,FANCJKO,promoter,16000
2,-1949.367088607595,2.7151322397040576,0.056046017779753196,FANCJKO,promoter,16000
3,-1898.73417721519,2.7107952909069235,0.05530862805498069,FANCJKO,promoter,16000
4,-1848.1012658227849,2.705838169133097,0.05514235865890171,FANCJKO,promoter,16000
5,-1797.4683544303798,2.6963337454024416,0.05474135053481173,FANCJKO,promoter,16000
6,-1746.8354430379748,2.7022521378553512,0.05519651917385031,FANCJKO,promoter,16000
7,-1696.2025316455697,2.714191217491318,0.05458111722462005,FANCJKO,promoter,16000
8,-1645.5696202531644,2.7162195491430956,0.052740139689556896,FANCJKO,promoter,16000
9,-1594.9367088607596,2.715791951232473,0.051879408400630746,FANCJKO,promoter,16000
10,-1544.3037974683543,2.7161821604271514,0.05151283227065198,FANCJKO,promoter,16000
11,-1493.6708860759495,2.712885157376589,0.05149311554626835,FANCJKO,promoter,16000
12,-1443.0379746835442,2.7018882712156813,0.051898214325175475,FANCJKO,promoter,16000
13,-1392.4050632911392,2.6951196243774254,0.053909783140445984,FANCJKO,promoter,16000
14,-1341.7721518987341,2.712157701790411,0.058060415764615896,FANCJKO,promoter,16000
15,-1291.139240506329,2.7256402579779335,0.061065925316807386,FANCJKO,promoter,16000
16,-1240.506329113924,2.7360226527289235,0.06238530699970051,FANCJKO,promoter,16000
17,-1189.873417721519,2.743487244896993,0.06184799696579841,FANCJKO,promoter,16000
18,-1139.240506329114,2.7427543838334802,0.05981820334349164,FANCJKO,promoter,16000
19,-1088.607594936709,2.7540113634590835,0.05894497251168337,FANCJKO,promoter,16000
20,-1037.9746835443038,2.768556520267397,0.05750628719860129,FANCJKO,promoter,16000
21,-987.3417721518988,2.78227420513445,0.057123549027504016,FANCJKO,promoter,16000
22,-936.7088607594937,2.785326102569746,0.056746205702743295,FANCJKO,promoter,16000
23,-886.0759493670887,2.7754302060031817,0.05573589198480319,FANCJKO,promoter,16000
24,-835.4430379746836,2.764606114017944,0.05365443129076484,FANCJKO,promoter,16000
25,-784.8101265822784,2.7691061001826096,0.05229987652263053,FANCJKO,promoter,16000
26,-734.1772151898733,2.7884520302077678,0.05292699111110353,FANCJKO,promoter,16000
27,-683.5443037974683,2.8195731606443304,0.05354542130059398,FANCJKO,promoter,16000
28,-632.9113924050632,2.8625259088644914,0.05471824157440353,FANCJKO,promoter,16000
29,-582.2784810126582,2.9034573267511745,0.056071947929017193,FANCJKO,promoter,16000
30,-531.6455696202531,2.9557335114789183,0.0586488038924222,FANCJKO,promoter,16000
31,-481.0126582278481,3.0145140566750426,0.0625659468990591,FANCJKO,promoter,16000
32,-430.37974683544303,3.09025691451363,0.06856793758400725,FANCJKO,promoter,16000
33,-379.746835443038,3.194281835176433,0.07366019321307596,FANCJKO,promoter,16000
34,-329.11392405063293,3.2869502663741086,0.0793062443914904,FANCJKO,promoter,16000
35,-278.4810126582279,3.4169800133197024,0.08691274424448044,FANCJKO,promoter,16000
36,-227.84810126582283,3.5539567896838364,0.09559075328367474,FANCJKO,promoter,16000
37,-177.21518987341778,3.6827938440799106,0.10317786887379075,FANCJKO,promoter,16000
38,-126.58227848101274,3.7898438097436515,0.10836891994812634,FANCJKO,promoter,16000
39,-75.94936708860769,3.8549242277791764,0.10957888435154656,FANCJKO,promoter,16000
40,-25.316455696202638,3.8595915136427137,0.10694211212223992,FANCJKO,promoter,16000
41,25.31645569620241,3.813324277826837,0.10086658356265746,FANCJKO,promoter,16000
42,75.94936708860769,3.7227352367305144,0.09369766039174773,FANCJKO,promoter,16000
43,126.58227848101251,3.6375535514158246,0.08731833311791304,FANCJKO,promoter,16000
44,177.21518987341778,3.557430858569916,0.08222017717924995,FANCJKO,promoter,16000
45,227.8481012658226,3.460470512657982,0.07771704097937442,FANCJKO,promoter,16000
46,278.4810126582279,3.339118804266476,0.07266873843906298,FANCJKO,promoter,16000
47,329.1139240506327,3.244177773747617,0.06905421245517138,FANCJKO,promoter,16000
48,379.746835443038,3.1618824609287675,0.06576803268600223,FANCJKO,promoter,16000
49,430.37974683544326,3.0817884412965926,0.06191770277173247,FANCJKO,promoter,16000
50,481.0126582278481,3.0382107992342506,0.06062626923002963,FANCJKO,promoter,16000
51,531.6455696202534,3.0011631352561072,0.06094873472887235,FANCJKO,promoter,16000
52,582.2784810126582,2.980713842052547,0.06180969063647824,FANCJKO,promoter,16000
53,632.9113924050635,2.966085302127602,0.06284673881934011,FANCJKO,promoter,16000
54,683.5443037974683,2.939624885186204,0.06359391827424758,FANCJKO,promoter,16000
55,734.1772151898736,2.8990802406057035,0.06308744496843624,FANCJKO,promoter,16000
56,784.8101265822784,2.885125292735831,0.06341896770634264,FANCJKO,promoter,16000
57,835.4430379746836,2.8726911159565915,0.0635906441306856,FANCJKO,promoter,16000
58,886.0759493670885,2.8657015702037274,0.06438025139711664,FANCJKO,promoter,16000
59,936.7088607594937,2.864332378230076,0.06610606698589863,FANCJKO,promoter,16000
60,987.3417721518986,2.8634101656603796,0.06644230747150552,FANCJKO,promoter,16000
61,1037.9746835443038,2.8755127525544784,0.06818117170476841,FANCJKO,promoter,16000
62,1088.6075949367087,2.8719081030505147,0.06869964618981726,FANCJKO,promoter,16000
63,1139.240506329114,2.8630946791305965,0.06913231685396645,FANCJKO,promoter,16000
64,1189.8734177215188,2.850724584118246,0.06900225320776858,FANCJKO,promoter,16000
65,1240.506329113924,2.8504866593704037,0.06793989393863012,FANCJKO,promoter,16000
66,1291.1392405063293,2.8255751138404093,0.06465009607492435,FANCJKO,promoter,16000
67,1341.7721518987341,2.8141834563596,0.06219913087392467,FANCJKO,promoter,16000
68,1392.4050632911394,2.791564258936509,0.05974435538830092,FANCJKO,promoter,16000
69,1443.0379746835442,2.7673861278342655,0.057816699313071276,FANCJKO,promoter,16000
70,1493.6708860759495,2.7537200307727785,0.057312137813219616,FANCJKO,promoter,16000
71,1544.3037974683543,2.756995015414509,0.057739813953279456,FANCJKO,promoter,16000
72,1594.9367088607596,2.732964816484771,0.05727816748943749,FANCJKO,promoter,16000
73,1645.5696202531644,2.717294360482566,0.057115902071639836,FANCJKO,promoter,16000
74,1696.2025316455697,2.710174172522613,0.05632879547529524,FANCJKO,promoter,16000
75,1746.8354430379745,2.710557698441862,0.05478426467090634,FANCJKO,promoter,16000
76,1797.4683544303798,2.7084241614359033,0.05520261311091894,FANCJKO,promoter,16000
77,1848.1012658227846,2.7028188750749482,0.05612636472499334,FANCJKO,promoter,16000
78,1898.73417721519,2.7135993717414184,0.05922601337337196,FANCJKO,promoter,16000
79,1949.3670886075947,2.727821450372864,0.06135802450273403,FANCJKO,promoter,16000
80,2000,2.717766026224102,0.061379992741245386,FANCJKO,promoter,16000
1,-2000,2.89037456654454,0.059857279772752806,FANCJKO,5UTR,16000
2,-1949.367088607595,2.8684476225778393,0.05633283366558702,FANCJKO,5UTR,16000
3,-1898.73417721519,2.8615727728310745,0.05429286673114216,FANCJKO,5UTR,16000
4,-1848.1012658227849,2.8646971339616805,0.05333583425353489,FANCJKO,5UTR,16000
5,-1797.4683544303798,2.870329349310072,0.053073243594505305,FANCJKO,5UTR,16000
6,-1746.8354430379748,2.882714530211243,0.053301348700756195,FANCJKO,5UTR,16000
7,-1696.2025316455697,2.873623065797358,0.053111727923869145,FANCJKO,5UTR,16000
8,-1645.5696202531644,2.8595672896429374,0.05343402953292283,FANCJKO,5UTR,16000
9,-1594.9367088607596,2.8633296416772214,0.053808310241475824,FANCJKO,5UTR,16000
10,-1544.3037974683543,2.8688507520264572,0.05371865824250671,FANCJKO,5UTR,16000
11,-1493.6708860759495,2.857876320926343,0.05371087453619505,FANCJKO,5UTR,16000
12,-1443.0379746835442,2.856888300014761,0.054863759987685196,FANCJKO,5UTR,16000
13,-1392.4050632911392,2.862274846460639,0.056447229393960664,FANCJKO,5UTR,16000
14,-1341.7721518987341,2.8662863704939574,0.05739248557370573,FANCJKO,5UTR,16000
15,-1291.139240506329,2.871600281679369,0.0573558951403065,FANCJKO,5UTR,16000
16,-1240.506329113924,2.879088639374174,0.05672529698705969,FANCJKO,5UTR,16000
17,-1189.873417721519,2.8951226154533014,0.057523603817020395,FANCJKO,5UTR,16000
18,-1139.240506329114,2.912057843090006,0.058665212384074676,FANCJKO,5UTR,16000
19,-1088.607594936709,2.909591766353135,0.05926922369323531,FANCJKO,5UTR,16000
20,-1037.9746835443038,2.920460303367866,0.059841462867698314,FANCJKO,5UTR,16000
21,-987.3417721518988,2.926737467580446,0.060809112802267376,FANCJKO,5UTR,16000
22,-936.7088607594937,2.9376220245294493,0.06216679244309631,FANCJKO,5UTR,16000
23,-886.0759493670887,2.944905706182344,0.06322032771951527,FANCJKO,5UTR,16000
24,-835.4430379746836,2.9558830473479847,0.06423570277493705,FANCJKO,5UTR,16000
25,-784.8101265822784,2.987447071593572,0.06485481671553875,FANCJKO,5UTR,16000
26,-734.1772151898733,2.986637327707652,0.06338526380032349,FANCJKO,5UTR,16000
27,-683.5443037974683,3.013765623737127,0.06223809490401569,FANCJKO,5UTR,16000
28,-632.9113924050632,3.051285546460707,0.0630067698277296,FANCJKO,5UTR,16000
29,-582.2784810126582,3.1011180960546483,0.06625175296750163,FANCJKO,5UTR,16000
30,-531.6455696202531,3.1639552592288327,0.07100652060062185,FANCJKO,5UTR,16000
31,-481.0126582278481,3.2129906646148547,0.07549367343135606,FANCJKO,5UTR,16000
32,-430.37974683544303,3.2550230980008448,0.0774745663110313,FANCJKO,5UTR,16000
33,-379.746835443038,3.3126042987566664,0.07977131909948787,FANCJKO,5UTR,16000
34,-329.11392405063293,3.3700933058559803,0.08270896893407031,FANCJKO,5UTR,16000
35,-278.4810126582279,3.4217407227994214,0.08410563428999278,FANCJKO,5UTR,16000
36,-227.84810126582283,3.4351462394934638,0.08189174988975512,FANCJKO,5UTR,16000
37,-177.21518987341778,3.433946610004163,0.08051389422856317,FANCJKO,5UTR,16000
38,-126.58227848101274,3.427647136437804,0.0784205933274666,FANCJKO,5UTR,16000
39,-75.94936708860769,3.4006556731147812,0.07600439451691833,FANCJKO,5UTR,16000
40,-25.316455696202638,3.3565261428763407,0.07312502690619212,FANCJKO,5UTR,16000
41,25.31645569620241,3.297502809395428,0.07058083623010822,FANCJKO,5UTR,16000
42,75.94936708860769,3.2523080456394866,0.06956805838221486,FANCJKO,5UTR,16000
43,126.58227848101251,3.213729663943154,0.06872178810974383,FANCJKO,5UTR,16000
44,177.21518987341778,3.1561703191670216,0.06612302654191701,FANCJKO,5UTR,16000
45,227.8481012658226,3.1121990674284437,0.06375312638101271,FANCJKO,5UTR,16000
46,278.4810126582279,3.067059752850723,0.06192442517665746,FANCJKO,5UTR,16000
47,329.1139240506327,3.0255799878465366,0.06025653585121005,FANCJKO,5UTR,16000
48,379.746835443038,3.0034852673660155,0.05997036195805397,FANCJKO,5UTR,16000
49,430.37974683544326,2.9885882884278536,0.060757294125793296,FANCJKO,5UTR,16000
50,481.0126582278481,2.980332569849222,0.0629344668950195,FANCJKO,5UTR,16000
51,531.6455696202534,2.9730653010008843,0.06506046839636384,FANCJKO,5UTR,16000
52,582.2784810126582,2.986737588767929,0.06804121417182588,FANCJKO,5UTR,16000
53,632.9113924050635,2.993310743928953,0.07047263128907842,FANCJKO,5UTR,16000
54,683.5443037974683,2.9811880294637567,0.07224635206537616,FANCJKO,5UTR,16000
55,734.1772151898736,2.9707858676610828,0.07210122671614873,FANCJKO,5UTR,16000
56,784.8101265822784,2.944117543195934,0.07124469112501058,FANCJKO,5UTR,16000
57,835.4430379746836,2.9248090503726165,0.06940745938397024,FANCJKO,5UTR,16000
58,886.0759493670885,2.9206682618327284,0.0660908490760158,FANCJKO,5UTR,16000
59,936.7088607594937,2.925280563459899,0.06386820669210387,FANCJKO,5UTR,16000
60,987.3417721518986,2.914907943194852,0.06174639914501736,FANCJKO,5UTR,16000
61,1037.9746835443038,2.910055007689652,0.060214373977303934,FANCJKO,5UTR,16000
62,1088.6075949367087,2.921138137060558,0.0608113186241306,FANCJKO,5UTR,16000
63,1139.240506329114,2.9268489084855847,0.06171979519294206,FANCJKO,5UTR,16000
64,1189.8734177215188,2.9352374240302934,0.06228666813478823,FANCJKO,5UTR,16000
65,1240.506329113924,2.9260800956578237,0.06190951678084476,FANCJKO,5UTR,16000
66,1291.1392405063293,2.9153534283536153,0.06088238949477264,FANCJKO,5UTR,16000
67,1341.7721518987341,2.9065148089827817,0.06008535209385941,FANCJKO,5UTR,16000
68,1392.4050632911394,2.8880019242728756,0.058688713949270145,FANCJKO,5UTR,16000
69,1443.0379746835442,2.8745836287154685,0.05845437539380229,FANCJKO,5UTR,16000
70,1493.6708860759495,2.867360634770652,0.05857446704973091,FANCJKO,5UTR,16000
71,1544.3037974683543,2.8523988038696944,0.05827141859821367,FANCJKO,5UTR,16000
72,1594.9367088607596,2.840165764954939,0.05796775946796924,FANCJKO,5UTR,16000
73,1645.5696202531644,2.826127722201174,0.057917387105644216,FANCJKO,5UTR,16000
74,1696.2025316455697,2.8078829366015077,0.05635298798129641,FANCJKO,5UTR,16000
75,1746.8354430379745,2.7905995672085235,0.05450603369200568,FANCJKO,5UTR,16000
76,1797.4683544303798,2.7771389563665037,0.05277520018080866,FANCJKO,5UTR,16000
77,1848.1012658227846,2.762530826680654,0.052077747149854636,FANCJKO,5UTR,16000
78,1898.73417721519,2.7547374409073035,0.05155826731848321,FANCJKO,5UTR,16000
79,1949.3670886075947,2.752920148203072,0.05140396588424146,FANCJKO,5UTR,16000
80,2000,2.741928854919287,0.05199853655201892,FANCJKO,5UTR,16000
1,-2000,2.9800867838611653,0.060864156616026684,FANCJKO,intron1,16000
2,-1949.367088607595,2.9883230750415875,0.06195717449916588,FANCJKO,intron1,16000
3,-1898.73417721519,2.991058016343637,0.06325156803338815,FANCJKO,intron1,16000
4,-1848.1012658227849,2.970382402459154,0.06320618536454076,FANCJKO,intron1,16000
5,-1797.4683544303798,2.9509692179009663,0.06285165634721274,FANCJKO,intron1,16000
6,-1746.8354430379748,2.94090329849719,0.06182807815131154,FANCJKO,intron1,16000
7,-1696.2025316455697,2.9292906905002183,0.06357779986054478,FANCJKO,intron1,16000
8,-1645.5696202531644,2.9357887355188232,0.06603871995438809,FANCJKO,intron1,16000
9,-1594.9367088607596,2.950566761268152,0.06715393713377113,FANCJKO,intron1,16000
10,-1544.3037974683543,2.96709686713484,0.06872806915714384,FANCJKO,intron1,16000
11,-1493.6708860759495,2.9755560043859886,0.07002351212599471,FANCJKO,intron1,16000
12,-1443.0379746835442,2.9713721451940915,0.06914468727886398,FANCJKO,intron1,16000
13,-1392.4050632911392,2.9602308607262535,0.06593363285692848,FANCJKO,intron1,16000
14,-1341.7721518987341,2.9574207991760373,0.0632250098543759,FANCJKO,intron1,16000
15,-1291.139240506329,2.959911448346065,0.060071592124033846,FANCJKO,intron1,16000
16,-1240.506329113924,2.958596643450849,0.05868767812937693,FANCJKO,intron1,16000
17,-1189.873417721519,2.9688781562412245,0.0584604241393851,FANCJKO,intron1,16000
18,-1139.240506329114,2.989782278988166,0.05893502333568868,FANCJKO,intron1,16000
19,-1088.607594936709,3.000860732458246,0.05977360859922772,FANCJKO,intron1,16000
20,-1037.9746835443038,3.0221761533203804,0.06092824492073928,FANCJKO,intron1,16000
21,-987.3417721518988,3.038225792034501,0.06154685903897965,FANCJKO,intron1,16000
22,-936.7088607594937,3.041304646695917,0.06173583232718335,FANCJKO,intron1,16000
23,-886.0759493670887,3.0384817317978894,0.06265885739941156,FANCJKO,intron1,16000
24,-835.4430379746836,3.0272659579804433,0.0636939817423115,FANCJKO,intron1,16000
25,-784.8101265822784,3.0045244029356235,0.06376940116331264,FANCJKO,intron1,16000
26,-734.1772151898733,2.9983007038230296,0.0635307585878702,FANCJKO,intron1,16000
27,-683.5443037974683,3.004575180410046,0.062466702425330464,FANCJKO,intron1,16000
28,-632.9113924050632,3.0077607484754023,0.061180555618472264,FANCJKO,intron1,16000
29,-582.2784810126582,3.0129671679116963,0.05969950402415909,FANCJKO,intron1,16000
30,-531.6455696202531,3.005952984076969,0.058177867874676215,FANCJKO,intron1,16000
31,-481.0126582278481,3.0142149374879397,0.05945886855568549,FANCJKO,intron1,16000
32,-430.37974683544303,3.0248652782916903,0.06100864577420588,FANCJKO,intron1,16000
33,-379.746835443038,3.027169782044363,0.061778881622931506,FANCJKO,intron1,16000
34,-329.11392405063293,3.0087368308935996,0.06226827036322226,FANCJKO,intron1,16000
35,-278.4810126582279,2.986362641299461,0.06313188647857457,FANCJKO,intron1,16000
36,-227.84810126582283,2.974073487629354,0.06325307322959188,FANCJKO,intron1,16000
37,-177.21518987341778,2.959925625935361,0.06254297137286682,FANCJKO,intron1,16000
38,-126.58227848101274,2.9467927648987238,0.06078411331764009,FANCJKO,intron1,16000
39,-75.94936708860769,2.9282290589733346,0.05912352256067286,FANCJKO,intron1,16000
40,-25.316455696202638,2.9014667372540273,0.05782896864369008,FANCJKO,intron1,16000
41,25.31645569620241,2.895580274426006,0.05766886328499932,FANCJKO,intron1,16000
42,75.94936708860769,2.8943500631745356,0.057831906220250404,FANCJKO,intron1,16000
43,126.58227848101251,2.881245304650969,0.056982980016713765,FANCJKO,intron1,16000
44,177.21518987341778,2.8795933793737745,0.05618707445894814,FANCJKO,intron1,16000
45,227.8481012658226,2.883224747182878,0.05672559597777258,FANCJKO,intron1,16000
46,278.4810126582279,2.8849395639215922,0.058849906958862754,FANCJKO,intron1,16000
47,329.1139240506327,2.8850063487572655,0.05941925697409327,FANCJKO,intron1,16000
48,379.746835443038,2.882360627716895,0.058792309031405296,FANCJKO,intron1,16000
49,430.37974683544326,2.880903300486945,0.05951000165989617,FANCJKO,intron1,16000
50,481.0126582278481,2.8630701120070987,0.059019671902724065,FANCJKO,intron1,16000
51,531.6455696202534,2.852284512830588,0.05865808599618536,FANCJKO,intron1,16000
52,582.2784810126582,2.861027744911812,0.06058964430661052,FANCJKO,intron1,16000
53,632.9113924050635,2.86606464521653,0.06120509278223761,FANCJKO,intron1,16000
54,683.5443037974683,2.834662462464314,0.05884995141757126,FANCJKO,intron1,16000
55,734.1772151898736,2.8010858858939325,0.05732228138059885,FANCJKO,intron1,16000
56,784.8101265822784,2.778638146785366,0.05670781999932447,FANCJKO,intron1,16000
57,835.4430379746836,2.7521235286874752,0.055331600048383306,FANCJKO,intron1,16000
58,886.0759493670885,2.7217984650242535,0.05341652730584673,FANCJKO,intron1,16000
59,936.7088607594937,2.724787800925441,0.05236270279184556,FANCJKO,intron1,16000
60,987.3417721518986,2.732842119656128,0.051295914538697154,FANCJKO,intron1,16000
61,1037.9746835443038,2.744912851392467,0.0507461670929935,FANCJKO,intron1,16000
62,1088.6075949367087,2.750736788481842,0.05116758785123954,FANCJKO,intron1,16000
63,1139.240506329114,2.7547809429788415,0.0518232749242738,FANCJKO,intron1,16000
64,1189.8734177215188,2.7646985587642257,0.0523334650912228,FANCJKO,intron1,16000
65,1240.506329113924,2.768711072123862,0.05241861251438268,FANCJKO,intron1,16000
66,1291.1392405063293,2.7675669204390743,0.052361807448109914,FANCJKO,intron1,16000
67,1341.7721518987341,2.772052043753095,0.05270594173048822,FANCJKO,intron1,16000
68,1392.4050632911394,2.7603633121785656,0.052770390987330384,FANCJKO,intron1,16000
69,1443.0379746835442,2.7582122620166065,0.05312037015681975,FANCJKO,intron1,16000
70,1493.6708860759495,2.7650758342059563,0.05379782526677542,FANCJKO,intron1,16000
71,1544.3037974683543,2.7759080924763953,0.05398886920432377,FANCJKO,intron1,16000
72,1594.9367088607596,2.7884366647557077,0.057085656785267724,FANCJKO,intron1,16000
73,1645.5696202531644,2.8073113489774992,0.06127098551102659,FANCJKO,intron1,16000
74,1696.2025316455697,2.7925315111023825,0.06349916296165423,FANCJKO,intron1,16000
75,1746.8354430379745,2.7918823412555454,0.06287539601083537,FANCJKO,intron1,16000
76,1797.4683544303798,2.779060385563511,0.061774645718439755,FANCJKO,intron1,16000
77,1848.1012658227846,2.7835431587588184,0.06180097967451081,FANCJKO,intron1,16000
78,1898.73417721519,2.799863973341318,0.06066747159193988,FANCJKO,intron1,16000
79,1949.3670886075947,2.8106926990628818,0.05757358946181939,FANCJKO,intron1,16000
80,2000,2.8274755417979933,0.05579436816853843,FANCJKO,intron1,16000
1,-2000,2.545768867515997,0.04280124948910623,FANCJKO,enhancer,16000
2,-1949.367088607595,2.528985537409392,0.041967728944577586,FANCJKO,enhancer,16000
3,-1898.73417721519,2.5174956008400686,0.04112869661999715,FANCJKO,enhancer,16000
4,-1848.1012658227849,2.511975315010918,0.04003573946682957,FANCJKO,enhancer,16000
5,-1797.4683544303798,2.4862510975940535,0.038845381337459836,FANCJKO,enhancer,16000
6,-1746.8354430379748,2.475661556533397,0.03809304927398499,FANCJKO,enhancer,16000
7,-1696.2025316455697,2.4789912614201675,0.038203289197305416,FANCJKO,enhancer,16000
8,-1645.5696202531644,2.5050246500017086,0.040216996068007826,FANCJKO,enhancer,16000
9,-1594.9367088607596,2.534400836081776,0.04330072354483327,FANCJKO,enhancer,16000
10,-1544.3037974683543,2.5289617546529164,0.045579859129897954,FANCJKO,enhancer,16000
11,-1493.6708860759495,2.5404055936295213,0.047825857599999654,FANCJKO,enhancer,16000
12,-1443.0379746835442,2.5641548518544823,0.049036554753599346,FANCJKO,enhancer,16000
13,-1392.4050632911392,2.594651276396351,0.05018637466601761,FANCJKO,enhancer,16000
14,-1341.7721518987341,2.5983129664097864,0.049780978661316054,FANCJKO,enhancer,16000
15,-1291.139240506329,2.600732111571283,0.04808502453947915,FANCJKO,enhancer,16000
16,-1240.506329113924,2.5885715837539975,0.046256298827373594,FANCJKO,enhancer,16000
17,-1189.873417721519,2.5777007981176947,0.04543039027089651,FANCJKO,enhancer,16000
18,-1139.240506329114,2.5741060069347084,0.04531426813377636,FANCJKO,enhancer,16000
19,-1088.607594936709,2.5727225679224652,0.04545883755046276,FANCJKO,enhancer,16000
20,-1037.9746835443038,2.5768259841617356,0.044561311602487955,FANCJKO,enhancer,16000
21,-987.3417721518988,2.585611544312144,0.043460946844229166,FANCJKO,enhancer,16000
22,-936.7088607594937,2.5817316968864445,0.04270239752760989,FANCJKO,enhancer,16000
23,-886.0759493670887,2.5899356665574884,0.04268457146335286,FANCJKO,enhancer,16000
24,-835.4430379746836,2.5998679111131966,0.043998982808169655,FANCJKO,enhancer,16000
25,-784.8101265822784,2.6083582835060066,0.045271688165056015,FANCJKO,enhancer,16000
26,-734.1772151898733,2.612755614571881,0.04502164645776272,FANCJKO,enhancer,16000
27,-683.5443037974683,2.6171807495517867,0.044408169358936767,FANCJKO,enhancer,16000
28,-632.9113924050632,2.6235931733954994,0.04413865968356573,FANCJKO,enhancer,16000
29,-582.2784810126582,2.6336245065978328,0.043448907673383705,FANCJKO,enhancer,16000
30,-531.6455696202531,2.6459799176460135,0.043711296751148473,FANCJKO,enhancer,16000
31,-481.0126582278481,2.6649467981475765,0.04471721138383548,FANCJKO,enhancer,16000
32,-430.37974683544303,2.6852416761083964,0.04550485047699563,FANCJKO,enhancer,16000
33,-379.746835443038,2.7000180019933606,0.046791339958123096,FANCJKO,enhancer,16000
34,-329.11392405063293,2.7107805495439394,0.04800052826251205,FANCJKO,enhancer,16000
35,-278.4810126582279,2.7173838045132985,0.04852742435688831,FANCJKO,enhancer,16000
36,-227.84810126582283,2.712408556862521,0.04885822478105104,FANCJKO,enhancer,16000
37,-177.21518987341778,2.709876731606181,0.04919602019590477,FANCJKO,enhancer,16000
38,-126.58227848101274,2.71401724607429,0.049751900656973436,FANCJKO,enhancer,16000
39,-75.94936708860769,2.7243030667156374,0.04992692400999409,FANCJKO,enhancer,16000
40,-25.316455696202638,2.7349879243203037,0.049974239180759286,FANCJKO,enhancer,16000
41,25.31645569620241,2.7264836722475816,0.04901604601502596,FANCJKO,enhancer,16000
42,75.94936708860769,2.701139426965473,0.04944785698893046,FANCJKO,enhancer,16000
43,126.58227848101251,2.683735970478035,0.049599171401076274,FANCJKO,enhancer,16000
44,177.21518987341778,2.66816571374815,0.050343757034095625,FANCJKO,enhancer,16000
45,227.8481012658226,2.6549653275641187,0.05098923074651285,FANCJKO,enhancer,16000
46,278.4810126582279,2.6491516725702913,0.0524631189699112,FANCJKO,enhancer,16000
47,329.1139240506327,2.6467297382548285,0.052770648318322,FANCJKO,enhancer,16000
48,379.746835443038,2.6349752123190298,0.05337460230420202,FANCJKO,enhancer,16000
49,430.37974683544326,2.635766826108246,0.05498764270673622,FANCJKO,enhancer,16000
50,481.0126582278481,2.6434683313266762,0.05668529117130124,FANCJKO,enhancer,16000
51,531.6455696202534,2.6556739315488693,0.05588823068671236,FANCJKO,enhancer,16000
52,582.2784810126582,2.657886270446019,0.054964092016857244,FANCJKO,enhancer,16000
53,632.9113924050635,2.677161058972695,0.05495612862345236,FANCJKO,enhancer,16000
54,683.5443037974683,2.6936360930030103,0.056071228943922184,FANCJKO,enhancer,16000
55,734.1772151898736,2.717949311339535,0.057892819175427775,FANCJKO,enhancer,16000
56,784.8101265822784,2.7169380019949085,0.05768436123847842,FANCJKO,enhancer,16000
57,835.4430379746836,2.690464009425429,0.055719073749621026,FANCJKO,enhancer,16000
58,886.0759493670885,2.6663775071732547,0.053429535671870414,FANCJKO,enhancer,16000
59,936.7088607594937,2.665430088255104,0.05268678842963447,FANCJKO,enhancer,16000
60,987.3417721518986,2.6633586628277937,0.051438229378244084,FANCJKO,enhancer,16000
61,1037.9746835443038,2.6583699962062775,0.049459999779978565,FANCJKO,enhancer,16000
62,1088.6075949367087,2.6524111491779347,0.047741720719839585,FANCJKO,enhancer,16000
63,1139.240506329114,2.644045377492204,0.04668006919507649,FANCJKO,enhancer,16000
64,1189.8734177215188,2.6493431807823353,0.046386668334221955,FANCJKO,enhancer,16000
65,1240.506329113924,2.652464815909259,0.04652223903947549,FANCJKO,enhancer,16000
66,1291.1392405063293,2.6686356339504953,0.04820483192739073,FANCJKO,enhancer,16000
67,1341.7721518987341,2.68153966064845,0.04914229896870692,FANCJKO,enhancer,16000
68,1392.4050632911394,2.6876208162227218,0.049512340068858615,FANCJKO,enhancer,16000
69,1443.0379746835442,2.68519434821005,0.0507483225049253,FANCJKO,enhancer,16000
70,1493.6708860759495,2.6933497659392676,0.05314823745755768,FANCJKO,enhancer,16000
71,1544.3037974683543,2.6879421087659034,0.055237184247158684,FANCJKO,enhancer,16000
72,1594.9367088607596,2.684926324940151,0.056008128393432055,FANCJKO,enhancer,16000
73,1645.5696202531644,2.6959977160449085,0.05588572719983766,FANCJKO,enhancer,16000
74,1696.2025316455697,2.701428124182821,0.05438154141199831,FANCJKO,enhancer,16000
75,1746.8354430379745,2.6945118310196174,0.053301379361557266,FANCJKO,enhancer,16000
76,1797.4683544303798,2.6696529668977518,0.052852142439650605,FANCJKO,enhancer,16000
77,1848.1012658227846,2.66586992552126,0.053233683586790335,FANCJKO,enhancer,16000
78,1898.73417721519,2.6662410006358708,0.0528915132761711,FANCJKO,enhancer,16000
79,1949.3670886075947,2.6759999002678585,0.052796288804302996,FANCJKO,enhancer,16000
80,2000,2.663317628813463,0.05155776268858154,FANCJKO,enhancer,16000
1,-2000,2.3904396941504817,0.06285286309254509,FANCJKO,lncRNA,9405
2,-1949.367088607595,2.3932741447091503,0.06208137046784412,FANCJKO,lncRNA,9405
3,-1898.73417721519,2.3839043804525115,0.05854399098890882,FANCJKO,lncRNA,9405
4,-1848.1012658227849,2.378728771033928,0.05664866727755564,FANCJKO,lncRNA,9405
5,-1797.4683544303798,2.3788550957780434,0.05615289830361128,FANCJKO,lncRNA,9405
6,-1746.8354430379748,2.3840883736742824,0.05558993458369625,FANCJKO,lncRNA,9405
7,-1696.2025316455697,2.3903764265287166,0.055804315029061795,FANCJKO,lncRNA,9405
8,-1645.5696202531644,2.3835199298516874,0.05615327008105282,FANCJKO,lncRNA,9405
9,-1594.9367088607596,2.3885689386486244,0.05684403217777278,FANCJKO,lncRNA,9405
10,-1544.3037974683543,2.4083740630162356,0.057041318894573305,FANCJKO,lncRNA,9405
11,-1493.6708860759495,2.409910675735513,0.05786485724696594,FANCJKO,lncRNA,9405
12,-1443.0379746835442,2.400925230478849,0.05963490286614208,FANCJKO,lncRNA,9405
13,-1392.4050632911392,2.40620700023705,0.060174639168072315,FANCJKO,lncRNA,9405
14,-1341.7721518987341,2.422742843717642,0.060190349361104484,FANCJKO,lncRNA,9405
15,-1291.139240506329,2.441252994924022,0.06017188197038515,FANCJKO,lncRNA,9405
16,-1240.506329113924,2.434996011995333,0.05917090125768041,FANCJKO,lncRNA,9405
17,-1189.873417721519,2.425098702762382,0.05766423194309634,FANCJKO,lncRNA,9405
18,-1139.240506329114,2.399006164292518,0.05660837326598701,FANCJKO,lncRNA,9405
19,-1088.607594936709,2.377174831986508,0.05598956011040657,FANCJKO,lncRNA,9405
20,-1037.9746835443038,2.36420156085517,0.056634394946051395,FANCJKO,lncRNA,9405
21,-987.3417721518988,2.3563277043840345,0.05637703228039761,FANCJKO,lncRNA,9405
22,-936.7088607594937,2.3507434829350933,0.05500677788437819,FANCJKO,lncRNA,9405
23,-886.0759493670887,2.3571294839015122,0.053362781497880936,FANCJKO,lncRNA,9405
24,-835.4430379746836,2.3577397499757695,0.05306963012750858,FANCJKO,lncRNA,9405
25,-784.8101265822784,2.363415510288497,0.05358736478911795,FANCJKO,lncRNA,9405
26,-734.1772151898733,2.392477177769156,0.05521755084243595,FANCJKO,lncRNA,9405
27,-683.5443037974683,2.4309463981804695,0.05842025282049362,FANCJKO,lncRNA,9405
28,-632.9113924050632,2.4748427633721386,0.06076908182424845,FANCJKO,lncRNA,9405
29,-582.2784810126582,2.499027801688294,0.061384360675525086,FANCJKO,lncRNA,9405
30,-531.6455696202531,2.503186786593827,0.06138208024467764,FANCJKO,lncRNA,9405
31,-481.0126582278481,2.5008152000815387,0.06102557427199793,FANCJKO,lncRNA,9405
32,-430.37974683544303,2.52347736720012,0.06345718791205182,FANCJKO,lncRNA,9405
33,-379.746835443038,2.550709824878899,0.06598555106190633,FANCJKO,lncRNA,9405
34,-329.11392405063293,2.5985998960011782,0.07108555727777664,FANCJKO,lncRNA,9405
35,-278.4810126582279,2.6363821349629495,0.0767191265338889,FANCJKO,lncRNA,9405
36,-227.84810126582283,2.659579025004085,0.08196721653292674,FANCJKO,lncRNA,9405
37,-177.21518987341778,2.6871798466091295,0.08473195163999822,FANCJKO,lncRNA,9405
38,-126.58227848101274,2.725452584218957,0.08827031854453052,FANCJKO,lncRNA,9405
39,-75.94936708860769,2.7089189678952894,0.08462127675837106,FANCJKO,lncRNA,9405
40,-25.316455696202638,2.664662873887862,0.0764537259282587,FANCJKO,lncRNA,9405
41,25.31645569620241,2.6335635482143305,0.0693868046868,FANCJKO,lncRNA,9405
42,75.94936708860769,2.6052671713782027,0.06348174156084818,FANCJKO,lncRNA,9405
43,126.58227848101251,2.5794592895779065,0.05957688423026713,FANCJKO,lncRNA,9405
44,177.21518987341778,2.5764376021231405,0.058889536835313026,FANCJKO,lncRNA,9405
45,227.8481012658226,2.5833212851436316,0.062186230577446995,FANCJKO,lncRNA,9405
46,278.4810126582279,2.593721510759502,0.0641071574870296,FANCJKO,lncRNA,9405
47,329.1139240506327,2.6023224854582603,0.06769785652787143,FANCJKO,lncRNA,9405
48,379.746835443038,2.6189366339392564,0.069788647678454,FANCJKO,lncRNA,9405
49,430.37974683544326,2.6165457454205288,0.06779055466273451,FANCJKO,lncRNA,9405
50,481.0126582278481,2.5907261839288216,0.06673917279218808,FANCJKO,lncRNA,9405
51,531.6455696202534,2.571247195808305,0.06797867267623879,FANCJKO,lncRNA,9405
52,582.2784810126582,2.557819686495049,0.07034565685828637,FANCJKO,lncRNA,9405
53,632.9113924050635,2.5657307289346556,0.07404673681749692,FANCJKO,lncRNA,9405
54,683.5443037974683,2.579322766965216,0.07502834972226127,FANCJKO,lncRNA,9405
55,734.1772151898736,2.574133577325663,0.07549027966677349,FANCJKO,lncRNA,9405
56,784.8101265822784,2.5810152717399677,0.07819349499699013,FANCJKO,lncRNA,9405
57,835.4430379746836,2.5671048455949954,0.0797027079434484,FANCJKO,lncRNA,9405
58,886.0759493670885,2.550319203578416,0.07791240242484682,FANCJKO,lncRNA,9405
59,936.7088607594937,2.539674102326642,0.07484904397672364,FANCJKO,lncRNA,9405
60,987.3417721518986,2.523646534319976,0.07190020486111492,FANCJKO,lncRNA,9405
61,1037.9746835443038,2.4860822467147474,0.0675757206541562,FANCJKO,lncRNA,9405
62,1088.6075949367087,2.450415305622115,0.06410216056064746,FANCJKO,lncRNA,9405
63,1139.240506329114,2.435220180873047,0.061585662059933786,FANCJKO,lncRNA,9405
64,1189.8734177215188,2.418606511421456,0.0590697671923452,FANCJKO,lncRNA,9405
65,1240.506329113924,2.419664417025713,0.05761767747955215,FANCJKO,lncRNA,9405
66,1291.1392405063293,2.4183329407512733,0.05538716137988239,FANCJKO,lncRNA,9405
67,1341.7721518987341,2.4086906716266956,0.053079553800973685,FANCJKO,lncRNA,9405
68,1392.4050632911394,2.411219331776457,0.05338160050313473,FANCJKO,lncRNA,9405
69,1443.0379746835442,2.4132927717277926,0.05357684667989119,FANCJKO,lncRNA,9405
70,1493.6708860759495,2.4085701730662503,0.05384380022897696,FANCJKO,lncRNA,9405
71,1544.3037974683543,2.4039870692704737,0.05393489031484801,FANCJKO,lncRNA,9405
72,1594.9367088607596,2.4153685288705415,0.054552020616172876,FANCJKO,lncRNA,9405
73,1645.5696202531644,2.4131067480000765,0.05544274515172855,FANCJKO,lncRNA,9405
74,1696.2025316455697,2.414628470200116,0.0553828033901195,FANCJKO,lncRNA,9405
75,1746.8354430379745,2.409204910717463,0.05533591292597722,FANCJKO,lncRNA,9405
76,1797.4683544303798,2.4082128995636887,0.05545926138035483,FANCJKO,lncRNA,9405
77,1848.1012658227846,2.418376042308818,0.05511830889861343,FANCJKO,lncRNA,9405
78,1898.73417721519,2.413217053538278,0.05621112634465386,FANCJKO,lncRNA,9405
79,1949.3670886075947,2.4266393623497655,0.061089765711198916,FANCJKO,lncRNA,9405
80,2000,2.4154424339600284,0.06366054740764301,FANCJKO,lncRNA,9405
1,-2000,3.9024589689514007,0.07797304958806699,dKO,promoter,16000
2,-1949.367088607595,3.9005902807900363,0.07735334947987431,dKO,promoter,16000
3,-1898.73417721519,3.891798174472105,0.07728198014211338,dKO,promoter,16000
4,-1848.1012658227849,3.8822801044451807,0.07770715806526886,dKO,promoter,16000
5,-1797.4683544303798,3.8802575182823786,0.07837802403830703,dKO,promoter,16000
6,-1746.8354430379748,3.8874351995666157,0.0790345607833676,dKO,promoter,16000
7,-1696.2025316455697,3.9064499897715113,0.07939217089050787,dKO,promoter,16000
8,-1645.5696202531644,3.9091496415967018,0.07794880936648914,dKO,promoter,16000
9,-1594.9367088607596,3.9244601164843096,0.07757829284894019,dKO,promoter,16000
10,-1544.3037974683543,3.918458810260227,0.07685517968935004,dKO,promoter,16000
11,-1493.6708860759495,3.895135976535365,0.07547982945646345,dKO,promoter,16000
12,-1443.0379746835442,3.893310067068208,0.07602073322488205,dKO,promoter,16000
13,-1392.4050632911392,3.8999822090391376,0.07751180747025722,dKO,promoter,16000
14,-1341.7721518987341,3.9323762093301418,0.08089346604238148,dKO,promoter,16000
15,-1291.139240506329,3.9470915666306996,0.08311769288707412,dKO,promoter,16000
16,-1240.506329113924,3.957517765421155,0.08300232717766738,dKO,promoter,16000
17,-1189.873417721519,3.9487175596470787,0.08103899954462462,dKO,promoter,16000
18,-1139.240506329114,3.932011469095983,0.0794791761170485,dKO,promoter,16000
19,-1088.607594936709,3.9369321457719404,0.0791365680112685,dKO,promoter,16000
20,-1037.9746835443038,3.9455500976556714,0.0786995397921177,dKO,promoter,16000
21,-987.3417721518988,3.958574180880991,0.0793165572807022,dKO,promoter,16000
22,-936.7088607594937,3.9697085851009075,0.07979099525160789,dKO,promoter,16000
23,-886.0759493670887,3.9684787429765893,0.07818250440958842,dKO,promoter,16000
24,-835.4430379746836,3.957708796891601,0.07599246135908247,dKO,promoter,16000
25,-784.8101265822784,3.971850143577031,0.07507436977912109,dKO,promoter,16000
26,-734.1772151898733,4.014941935593467,0.07547311292817763,dKO,promoter,16000
27,-683.5443037974683,4.059535383754681,0.07661480353351564,dKO,promoter,16000
28,-632.9113924050632,4.12015636125927,0.07853828631202045,dKO,promoter,16000
29,-582.2784810126582,4.17798714152217,0.07968774818252061,dKO,promoter,16000
30,-531.6455696202531,4.247120380393311,0.08168097466111379,dKO,promoter,16000
31,-481.0126582278481,4.322321467708921,0.0857406130264116,dKO,promoter,16000
32,-430.37974683544303,4.438279868988324,0.09275494687866966,dKO,promoter,16000
33,-379.746835443038,4.554934783548634,0.0991625847948416,dKO,promoter,16000
34,-329.11392405063293,4.694559307085069,0.10625091180548246,dKO,promoter,16000
35,-278.4810126582279,4.8707994402512265,0.11646894549167414,dKO,promoter,16000
36,-227.84810126582283,5.032589954767755,0.12580309037533016,dKO,promoter,16000
37,-177.21518987341778,5.188304542639966,0.13445054366017584,dKO,promoter,16000
38,-126.58227848101274,5.310598107414925,0.13899860878618173,dKO,promoter,16000
39,-75.94936708860769,5.403837490823785,0.14072398191356722,dKO,promoter,16000
40,-25.316455696202638,5.413875606680912,0.13726699375539608,dKO,promoter,16000
41,25.31645569620241,5.346784686729334,0.13136400396996648,dKO,promoter,16000
42,75.94936708860769,5.22951669924459,0.12297683831799572,dKO,promoter,16000
43,126.58227848101251,5.112202753207326,0.11593148953796353,dKO,promoter,16000
44,177.21518987341778,4.998443165781787,0.110286262857054,dKO,promoter,16000
45,227.8481012658226,4.884282916689089,0.10568732039215094,dKO,promoter,16000
46,278.4810126582279,4.73947033220515,0.09984584507021321,dKO,promoter,16000
47,329.1139240506327,4.603654989806045,0.09470163291761638,dKO,promoter,16000
48,379.746835443038,4.4892055213390005,0.08987198814922677,dKO,promoter,16000
49,430.37974683544326,4.399702041111418,0.08577899403281737,dKO,promoter,16000
50,481.0126582278481,4.338699723049929,0.08381049723002132,dKO,promoter,16000
51,531.6455696202534,4.287949030985119,0.08373025935033131,dKO,promoter,16000
52,582.2784810126582,4.2494947845623265,0.0838005205907581,dKO,promoter,16000
53,632.9113924050635,4.228189187292544,0.084323691233413,dKO,promoter,16000
54,683.5443037974683,4.191594733776017,0.08489439871583043,dKO,promoter,16000
55,734.1772151898736,4.146188320777724,0.08428253955215888,dKO,promoter,16000
56,784.8101265822784,4.1275448768688,0.08510276340795601,dKO,promoter,16000
57,835.4430379746836,4.1210561953005325,0.08554020593210171,dKO,promoter,16000
58,886.0759493670885,4.096195984572061,0.08583183073126557,dKO,promoter,16000
59,936.7088607594937,4.070237455276696,0.08587547696207462,dKO,promoter,16000
60,987.3417721518986,4.056263569727292,0.08536513988107791,dKO,promoter,16000
61,1037.9746835443038,4.06358137063212,0.08752319969030471,dKO,promoter,16000
62,1088.6075949367087,4.051283928114177,0.08874616833429452,dKO,promoter,16000
63,1139.240506329114,4.037241626416402,0.0899322976385551,dKO,promoter,16000
64,1189.8734177215188,4.015716084464988,0.09006916855472472,dKO,promoter,16000
65,1240.506329113924,4.011086144883232,0.08935127221513954,dKO,promoter,16000
66,1291.1392405063293,4.004686380138844,0.08675522243394246,dKO,promoter,16000
67,1341.7721518987341,3.9861759210379843,0.08342978190010804,dKO,promoter,16000
68,1392.4050632911394,3.9604402202039894,0.08008006791805079,dKO,promoter,16000
69,1443.0379746835442,3.9428088824931833,0.07936003138621706,dKO,promoter,16000
70,1493.6708860759495,3.9359928826469917,0.08085257987710771,dKO,promoter,16000
71,1544.3037974683543,3.959860660528706,0.08375662792984187,dKO,promoter,16000
72,1594.9367088607596,3.954825939884295,0.08483313545353212,dKO,promoter,16000
73,1645.5696202531644,3.925196979055907,0.0835855998881877,dKO,promoter,16000
74,1696.2025316455697,3.9234945744448626,0.08194492636632812,dKO,promoter,16000
75,1746.8354430379745,3.910853358906757,0.0800083721271638,dKO,promoter,16000
76,1797.4683544303798,3.8931313276243182,0.08044527647152923,dKO,promoter,16000
77,1848.1012658227846,3.893167448188446,0.08107067372723659,dKO,promoter,16000
78,1898.73417721519,3.933985853595263,0.08466776766891763,dKO,promoter,16000
79,1949.3670886075947,3.9500606168679915,0.0868730290876742,dKO,promoter,16000
80,2000,3.9275954493527974,0.08564545795031286,dKO,promoter,16000
1,-2000,4.173352973871321,0.08322520360703851,dKO,5UTR,16000
2,-1949.367088607595,4.167761685391221,0.07977428307671215,dKO,5UTR,16000
3,-1898.73417721519,4.167148102262383,0.07779746891891831,dKO,5UTR,16000
4,-1848.1012658227849,4.169596098764189,0.07669277795473815,dKO,5UTR,16000
5,-1797.4683544303798,4.155208991239066,0.07647530805911018,dKO,5UTR,16000
6,-1746.8354430379748,4.157806935115026,0.0775860976761766,dKO,5UTR,16000
7,-1696.2025316455697,4.143215043251564,0.0783688623968606,dKO,5UTR,16000
8,-1645.5696202531644,4.1287413305656715,0.07847207464864003,dKO,5UTR,16000
9,-1594.9367088607596,4.117569636442738,0.07731623978564513,dKO,5UTR,16000
10,-1544.3037974683543,4.103575120759597,0.07629220344444385,dKO,5UTR,16000
11,-1493.6708860759495,4.092265573910503,0.07644793906136543,dKO,5UTR,16000
12,-1443.0379746835442,4.098214518522223,0.07796667988327748,dKO,5UTR,16000
13,-1392.4050632911392,4.108423782651327,0.0797406442998183,dKO,5UTR,16000
14,-1341.7721518987341,4.126703562544704,0.0803795373813193,dKO,5UTR,16000
15,-1291.139240506329,4.127155435787876,0.07959248743479568,dKO,5UTR,16000
16,-1240.506329113924,4.118840280608366,0.07882637920274173,dKO,5UTR,16000
17,-1189.873417721519,4.140613352817277,0.08078577585274402,dKO,5UTR,16000
18,-1139.240506329114,4.165874652771295,0.08288353296897849,dKO,5UTR,16000
19,-1088.607594936709,4.18131336421281,0.08456941093743885,dKO,5UTR,16000
20,-1037.9746835443038,4.208023205725503,0.0857420464363233,dKO,5UTR,16000
21,-987.3417721518988,4.221780626124465,0.08655773819970362,dKO,5UTR,16000
22,-936.7088607594937,4.229229359397367,0.0882199735635954,dKO,5UTR,16000
23,-886.0759493670887,4.230233974834434,0.08837284017465526,dKO,5UTR,16000
24,-835.4430379746836,4.23826948687184,0.08749768798817581,dKO,5UTR,16000
25,-784.8101265822784,4.276345908514955,0.08748055868539388,dKO,5UTR,16000
26,-734.1772151898733,4.285302194376935,0.08586477536589776,dKO,5UTR,16000
27,-683.5443037974683,4.313164903644357,0.0846381124363395,dKO,5UTR,16000
28,-632.9113924050632,4.363345691251076,0.08596074013625198,dKO,5UTR,16000
29,-582.2784810126582,4.432642854653264,0.08954742684574496,dKO,5UTR,16000
30,-531.6455696202531,4.481333078609734,0.093932546168383,dKO,5UTR,16000
31,-481.0126582278481,4.5572385465257605,0.09883478135213287,dKO,5UTR,16000
32,-430.37974683544303,4.640203702675521,0.10273136236119493,dKO,5UTR,16000
33,-379.746835443038,4.720994442544617,0.10658516688517378,dKO,5UTR,16000
34,-329.11392405063293,4.773696402159575,0.10998668943803436,dKO,5UTR,16000
35,-278.4810126582279,4.831432333867595,0.11160042113410136,dKO,5UTR,16000
36,-227.84810126582283,4.8507132207985535,0.110320265641782,dKO,5UTR,16000
37,-177.21518987341778,4.857084476778754,0.10899651215353337,dKO,5UTR,16000
38,-126.58227848101274,4.869147457291943,0.1071280165796348,dKO,5UTR,16000
39,-75.94936708860769,4.853368636041465,0.10452587833624842,dKO,5UTR,16000
40,-25.316455696202638,4.786142744479185,0.10037582432204227,dKO,5UTR,16000
41,25.31645569620241,4.695130704870819,0.09712980348762137,dKO,5UTR,16000
42,75.94936708860769,4.623779191360991,0.09617773503771974,dKO,5UTR,16000
43,126.58227848101251,4.567364276402028,0.09569104496232192,dKO,5UTR,16000
44,177.21518987341778,4.514940349362812,0.09324127625672265,dKO,5UTR,16000
45,227.8481012658226,4.455503309614366,0.08996403836289182,dKO,5UTR,16000
46,278.4810126582279,4.400665949321302,0.08761309723872576,dKO,5UTR,16000
47,329.1139240506327,4.355139093733479,0.0854992237247277,dKO,5UTR,16000
48,379.746835443038,4.340049706538006,0.08599936924096188,dKO,5UTR,16000
49,430.37974683544326,4.315454106255382,0.08666174655496624,dKO,5UTR,16000
50,481.0126582278481,4.303668922616431,0.0885080817655082,dKO,5UTR,16000
51,531.6455696202534,4.296091673883109,0.08932953408944896,dKO,5UTR,16000
52,582.2784810126582,4.296897166636119,0.09073017162969324,dKO,5UTR,16000
53,632.9113924050635,4.2963566492449905,0.09287903046363818,dKO,5UTR,16000
54,683.5443037974683,4.281107564614183,0.0938474532213415,dKO,5UTR,16000
55,734.1772151898736,4.257151119168554,0.09411967095348812,dKO,5UTR,16000
56,784.8101265822784,4.229911699120593,0.09432875209229516,dKO,5UTR,16000
57,835.4430379746836,4.211406420238812,0.09276946882775516,dKO,5UTR,16000
58,886.0759493670885,4.202997571117422,0.08951097179875118,dKO,5UTR,16000
59,936.7088607594937,4.2111697156893815,0.08829449235432921,dKO,5UTR,16000
60,987.3417721518986,4.186957367957763,0.08578557589796516,dKO,5UTR,16000
61,1037.9746835443038,4.186173465423092,0.08544379148847395,dKO,5UTR,16000
62,1088.6075949367087,4.187355420241738,0.08626217826903575,dKO,5UTR,16000
63,1139.240506329114,4.184830707799701,0.08648508153239606,dKO,5UTR,16000
64,1189.8734177215188,4.199976994192297,0.08738197865098186,dKO,5UTR,16000
65,1240.506329113924,4.198979827306712,0.08725341937511205,dKO,5UTR,16000
66,1291.1392405063293,4.176271642271196,0.08580638712890344,dKO,5UTR,16000
67,1341.7721518987341,4.1514598516493635,0.08449519444807908,dKO,5UTR,16000
68,1392.4050632911394,4.1274699514014594,0.0836932729372938,dKO,5UTR,16000
69,1443.0379746835442,4.114793075862496,0.08344810440118865,dKO,5UTR,16000
70,1493.6708860759495,4.115469635101139,0.08363042498919382,dKO,5UTR,16000
71,1544.3037974683543,4.107199149891394,0.08312534797916693,dKO,5UTR,16000
72,1594.9367088607596,4.1094513067312874,0.0828415131097936,dKO,5UTR,16000
73,1645.5696202531644,4.101783802800872,0.0828958264798796,dKO,5UTR,16000
74,1696.2025316455697,4.0802984394393205,0.0817780264739551,dKO,5UTR,16000
75,1746.8354430379745,4.061862062323196,0.07949173517478092,dKO,5UTR,16000
76,1797.4683544303798,4.030064928762044,0.07749434122956725,dKO,5UTR,16000
77,1848.1012658227846,4.0170953858973615,0.07622015890278303,dKO,5UTR,16000
78,1898.73417721519,3.999602038853409,0.07474040360877819,dKO,5UTR,16000
79,1949.3670886075947,3.9755882695728095,0.07406858238133213,dKO,5UTR,16000
80,2000,3.9558284943212647,0.07412187686866704,dKO,5UTR,16000
1,-2000,4.328310504620388,0.08548931099307258,dKO,intron1,16000
2,-1949.367088607595,4.3386806769761534,0.08671930881104818,dKO,intron1,16000
3,-1898.73417721519,4.333378374475835,0.08821877896653345,dKO,intron1,16000
4,-1848.1012658227849,4.307555542466369,0.08835984142493715,dKO,intron1,16000
5,-1797.4683544303798,4.279830079151564,0.08755797222430779,dKO,intron1,16000
6,-1746.8354430379748,4.273862095618093,0.08679858475828994,dKO,intron1,16000
7,-1696.2025316455697,4.274528119784963,0.08811582700557122,dKO,intron1,16000
8,-1645.5696202531644,4.289416139153518,0.09092881167474169,dKO,intron1,16000
9,-1594.9367088607596,4.314722076525609,0.09361336605555845,dKO,intron1,16000
10,-1544.3037974683543,4.3231203574480155,0.09530345939269591,dKO,intron1,16000
11,-1493.6708860759495,4.3139857082320505,0.09577144024164745,dKO,intron1,16000
12,-1443.0379746835442,4.308663817675393,0.09478793882599335,dKO,intron1,16000
13,-1392.4050632911392,4.314463807360347,0.09215696726788146,dKO,intron1,16000
14,-1341.7721518987341,4.319303988904696,0.08988243899238064,dKO,intron1,16000
15,-1291.139240506329,4.315242886296811,0.08708303083273784,dKO,intron1,16000
16,-1240.506329113924,4.299037912375119,0.08559602443848752,dKO,intron1,16000
17,-1189.873417721519,4.301177469526515,0.08459762603311721,dKO,intron1,16000
18,-1139.240506329114,4.317591366067076,0.08368102698877838,dKO,intron1,16000
19,-1088.607594936709,4.334589505661844,0.08401379656570272,dKO,intron1,16000
20,-1037.9746835443038,4.358761228039478,0.08478559153267795,dKO,intron1,16000
21,-987.3417721518988,4.384467199934416,0.08578457608782225,dKO,intron1,16000
22,-936.7088607594937,4.393072424502592,0.08709730794713351,dKO,intron1,16000
23,-886.0759493670887,4.393032318476213,0.08796571116985322,dKO,intron1,16000
24,-835.4430379746836,4.381058953395875,0.08850025825102757,dKO,intron1,16000
25,-784.8101265822784,4.3745332118752485,0.08873607275674857,dKO,intron1,16000
26,-734.1772151898733,4.376503352033901,0.0887253929114956,dKO,intron1,16000
27,-683.5443037974683,4.383245108410403,0.08791335852923332,dKO,intron1,16000
28,-632.9113924050632,4.368800315885821,0.08612951359934665,dKO,intron1,16000
29,-582.2784810126582,4.3503168570025785,0.08463536622221053,dKO,intron1,16000
30,-531.6455696202531,4.33196588233168,0.08285201102131202,dKO,intron1,16000
31,-481.0126582278481,4.328726692304667,0.08306621079664606,dKO,intron1,16000
32,-430.37974683544303,4.340299140311228,0.08436960113452871,dKO,intron1,16000
33,-379.746835443038,4.348278167677206,0.08573671955683372,dKO,intron1,16000
34,-329.11392405063293,4.340812354646138,0.08715354171302717,dKO,intron1,16000
35,-278.4810126582279,4.33242113725579,0.08806425652067743,dKO,intron1,16000
36,-227.84810126582283,4.309169782927812,0.08778507612024525,dKO,intron1,16000
37,-177.21518987341778,4.280791056461739,0.08619523431155675,dKO,intron1,16000
38,-126.58227848101274,4.261022206282999,0.08403491873435762,dKO,intron1,16000
39,-75.94936708860769,4.240572181819955,0.08195817397274015,dKO,intron1,16000
40,-25.316455696202638,4.237587897421411,0.08076243662522367,dKO,intron1,16000
41,25.31645569620241,4.214126117982077,0.08072032494017681,dKO,intron1,16000
42,75.94936708860769,4.195265297400214,0.08182968786341845,dKO,intron1,16000
43,126.58227848101251,4.172959265223753,0.08142138340725463,dKO,intron1,16000
44,177.21518987341778,4.177981361816645,0.08131009032289316,dKO,intron1,16000
45,227.8481012658226,4.184376724272827,0.08146073409711409,dKO,intron1,16000
46,278.4810126582279,4.178265988171737,0.08235615594013779,dKO,intron1,16000
47,329.1139240506327,4.174639581824278,0.08220154350963738,dKO,intron1,16000
48,379.746835443038,4.162044164712156,0.0807392490477348,dKO,intron1,16000
49,430.37974683544326,4.157913341769625,0.08041064536893944,dKO,intron1,16000
50,481.0126582278481,4.144625458967886,0.07885982983252475,dKO,intron1,16000
51,531.6455696202534,4.135447535690443,0.078757281895953,dKO,intron1,16000
52,582.2784810126582,4.146651264490348,0.08119918600228972,dKO,intron1,16000
53,632.9113924050635,4.145071481375405,0.08216966523093502,dKO,intron1,16000
54,683.5443037974683,4.104562593998265,0.08090789539516083,dKO,intron1,16000
55,734.1772151898736,4.064536294396078,0.07899321771236785,dKO,intron1,16000
56,784.8101265822784,4.040775820409701,0.07826686294683895,dKO,intron1,16000
57,835.4430379746836,3.994585932492116,0.07664347835929072,dKO,intron1,16000
58,886.0759493670885,3.9619070454451455,0.07464629336147523,dKO,intron1,16000
59,936.7088607594937,3.960662501827305,0.0731616973997304,dKO,intron1,16000
60,987.3417721518986,3.9918798712665113,0.07285506418690689,dKO,intron1,16000
61,1037.9746835443038,4.0024144956653505,0.0733632611178156,dKO,intron1,16000
62,1088.6075949367087,4.015535914039697,0.07505695059659401,dKO,intron1,16000
63,1139.240506329114,4.028556602275149,0.07618035195297573,dKO,intron1,16000
64,1189.8734177215188,4.035156187635533,0.07687072309329976,dKO,intron1,16000
65,1240.506329113924,4.028283709017165,0.07677719881904099,dKO,intron1,16000
66,1291.1392405063293,4.028198551824481,0.07663484122236469,dKO,intron1,16000
67,1341.7721518987341,4.033287155903058,0.07701696898024711,dKO,intron1,16000
68,1392.4050632911394,4.033022133563563,0.07706107023392218,dKO,intron1,16000
69,1443.0379746835442,4.032430539845694,0.07656709985720968,dKO,intron1,16000
70,1493.6708860759495,4.03734848141178,0.07755158967103991,dKO,intron1,16000
71,1544.3037974683543,4.041286713210024,0.07766047100578832,dKO,intron1,16000
72,1594.9367088607596,4.052312184184601,0.08161624472732963,dKO,intron1,16000
73,1645.5696202531644,4.052958354828832,0.08637824697555466,dKO,intron1,16000
74,1696.2025316455697,4.040924771239917,0.08817143468657367,dKO,intron1,16000
75,1746.8354430379745,4.029974093189389,0.08758038314043136,dKO,intron1,16000
76,1797.4683544303798,4.032646784646773,0.08513231840435503,dKO,intron1,16000
77,1848.1012658227846,4.050815409501821,0.08368757327445193,dKO,intron1,16000
78,1898.73417721519,4.063963687465385,0.0814168894320919,dKO,intron1,16000
79,1949.3670886075947,4.072942619908938,0.07934964817525052,dKO,intron1,16000
80,2000,4.0988984660565615,0.07866699383552488,dKO,intron1,16000
1,-2000,3.638166531473277,0.0628934483312688,dKO,enhancer,16000
2,-1949.367088607595,3.609299665798297,0.06164336987365765,dKO,enhancer,16000
3,-1898.73417721519,3.583713810303512,0.06091570757107809,dKO,enhancer,16000
4,-1848.1012658227849,3.556060477804183,0.059629162317740195,dKO,enhancer,16000
5,-1797.4683544303798,3.519436908960616,0.05772793938465117,dKO,enhancer,16000
6,-1746.8354430379748,3.4868404908997084,0.05581894324607046,dKO,enhancer,16000
7,-1696.2025316455697,3.4695787607121678,0.05511867574553599,dKO,enhancer,16000
8,-1645.5696202531644,3.4783430996171196,0.05659259226948699,dKO,enhancer,16000
9,-1594.9367088607596,3.501507520113101,0.05877641883097358,dKO,enhancer,16000
10,-1544.3037974683543,3.534355840182755,0.06136990901981877,dKO,enhancer,16000
11,-1493.6708860759495,3.551137696842461,0.06305227136903971,dKO,enhancer,16000
12,-1443.0379746835442,3.6005827150774397,0.06447682185935183,dKO,enhancer,16000
13,-1392.4050632911392,3.6457381536490545,0.06665224887735498,dKO,enhancer,16000
14,-1341.7721518987341,3.659909042150822,0.06759523877837795,dKO,enhancer,16000
15,-1291.139240506329,3.6654196280443188,0.0666519917501178,dKO,enhancer,16000
16,-1240.506329113924,3.6768714311863144,0.06604280869586761,dKO,enhancer,16000
17,-1189.873417721519,3.666806458829777,0.06487596687521921,dKO,enhancer,16000
18,-1139.240506329114,3.659410825292774,0.0641450385659738,dKO,enhancer,16000
19,-1088.607594936709,3.654950623310119,0.0636876530551911,dKO,enhancer,16000
20,-1037.9746835443038,3.6463693071002172,0.06253634219102737,dKO,enhancer,16000
21,-987.3417721518988,3.640195293413143,0.061369649364899866,dKO,enhancer,16000
22,-936.7088607594937,3.639962317819659,0.060941764954899225,dKO,enhancer,16000
23,-886.0759493670887,3.643932010674811,0.06133265261218641,dKO,enhancer,16000
24,-835.4430379746836,3.67529950853708,0.06411647805529133,dKO,enhancer,16000
25,-784.8101265822784,3.6965499402624427,0.0658333621526401,dKO,enhancer,16000
26,-734.1772151898733,3.704852844172432,0.06599598177493177,dKO,enhancer,16000
27,-683.5443037974683,3.7039928964798916,0.06486513733947445,dKO,enhancer,16000
28,-632.9113924050632,3.717417211411363,0.06370599739007073,dKO,enhancer,16000
29,-582.2784810126582,3.740634204575688,0.06359323205046215,dKO,enhancer,16000
30,-531.6455696202531,3.76975343724692,0.06451492649446904,dKO,enhancer,16000
31,-481.0126582278481,3.7926522098570348,0.06598249005843881,dKO,enhancer,16000
32,-430.37974683544303,3.806058423730131,0.06692916945606883,dKO,enhancer,16000
33,-379.746835443038,3.8245240698378242,0.06841110480726117,dKO,enhancer,16000
34,-329.11392405063293,3.8326393691060003,0.07005788882467208,dKO,enhancer,16000
35,-278.4810126582279,3.8505022540547165,0.07098321270012485,dKO,enhancer,16000
36,-227.84810126582283,3.8517461268198554,0.0705469179794416,dKO,enhancer,16000
37,-177.21518987341778,3.8493295738112874,0.07019489298674654,dKO,enhancer,16000
38,-126.58227848101274,3.8489434873215025,0.07022688363900231,dKO,enhancer,16000
39,-75.94936708860769,3.8536214489682044,0.06978421818715196,dKO,enhancer,16000
40,-25.316455696202638,3.8555532960071397,0.06949351180668305,dKO,enhancer,16000
41,25.31645569620241,3.8346245611115326,0.0686513499967186,dKO,enhancer,16000
42,75.94936708860769,3.8006035629292403,0.06925021792032306,dKO,enhancer,16000
43,126.58227848101251,3.7811017650249394,0.06904940424186844,dKO,enhancer,16000
44,177.21518987341778,3.7688627356460684,0.07052492050598533,dKO,enhancer,16000
45,227.8481012658226,3.7576676357950323,0.07133165013662274,dKO,enhancer,16000
46,278.4810126582279,3.7419496034367046,0.07287731852989851,dKO,enhancer,16000
47,329.1139240506327,3.731990336293582,0.07387220839124689,dKO,enhancer,16000
48,379.746835443038,3.725663574707377,0.07550633453485751,dKO,enhancer,16000
49,430.37974683544326,3.7315870646263156,0.0774443572371465,dKO,enhancer,16000
50,481.0126582278481,3.7435656456060395,0.079448346598593,dKO,enhancer,16000
51,531.6455696202534,3.749277180015381,0.07798810901095608,dKO,enhancer,16000
52,582.2784810126582,3.7541921765289796,0.07720535898758182,dKO,enhancer,16000
53,632.9113924050635,3.7751866165327206,0.07739077936803841,dKO,enhancer,16000
54,683.5443037974683,3.786305007952265,0.07786078431274325,dKO,enhancer,16000
55,734.1772151898736,3.802419165306816,0.0787324692890851,dKO,enhancer,16000
56,784.8101265822784,3.8067684556435504,0.07753016618793564,dKO,enhancer,16000
57,835.4430379746836,3.773493333829561,0.07528684651696652,dKO,enhancer,16000
58,886.0759493670885,3.731308015309706,0.07338825377657981,dKO,enhancer,16000
59,936.7088607594937,3.7212444671570655,0.07209224392600663,dKO,enhancer,16000
60,987.3417721518986,3.730576970309083,0.07189390788426477,dKO,enhancer,16000
61,1037.9746835443038,3.7185681280793643,0.07027167195906057,dKO,enhancer,16000
62,1088.6075949367087,3.716596378909194,0.0697152543772384,dKO,enhancer,16000
63,1139.240506329114,3.7179383748153794,0.06894812761860343,dKO,enhancer,16000
64,1189.8734177215188,3.732744714196817,0.06850850996706175,dKO,enhancer,16000
65,1240.506329113924,3.7328234321739,0.0684838689366346,dKO,enhancer,16000
66,1291.1392405063293,3.7510174010818753,0.07031126659228461,dKO,enhancer,16000
67,1341.7721518987341,3.7711348609816757,0.07128274696434941,dKO,enhancer,16000
68,1392.4050632911394,3.7822298645333507,0.07130216303946349,dKO,enhancer,16000
69,1443.0379746835442,3.784081771685745,0.07242750289057165,dKO,enhancer,16000
70,1493.6708860759495,3.769978103517758,0.0740497417357634,dKO,enhancer,16000
71,1544.3037974683543,3.7806654491411043,0.07725700160535351,dKO,enhancer,16000
72,1594.9367088607596,3.7923601636107325,0.07940176754946526,dKO,enhancer,16000
73,1645.5696202531644,3.8121513670670852,0.0800104301677675,dKO,enhancer,16000
74,1696.2025316455697,3.802084156511216,0.07838864536845683,dKO,enhancer,16000
75,1746.8354430379745,3.7810764984918817,0.07726361784350354,dKO,enhancer,16000
76,1797.4683544303798,3.743434630161374,0.07685867687249798,dKO,enhancer,16000
77,1848.1012658227846,3.7472344903183252,0.07682337140447203,dKO,enhancer,16000
78,1898.73417721519,3.751130772858108,0.07682758995645314,dKO,enhancer,16000
79,1949.3670886075947,3.751302236621812,0.07677231753573031,dKO,enhancer,16000
80,2000,3.7616859937757474,0.07566897051863947,dKO,enhancer,16000
1,-2000,3.2877881332019943,0.08498927735317867,dKO,lncRNA,9405
2,-1949.367088607595,3.2825243674687776,0.08383941306624675,dKO,lncRNA,9405
3,-1898.73417721519,3.265738650222541,0.08124719610093789,dKO,lncRNA,9405
4,-1848.1012658227849,3.258978147679121,0.08056531450589545,dKO,lncRNA,9405
5,-1797.4683544303798,3.2624124744154313,0.07990593734754607,dKO,lncRNA,9405
6,-1746.8354430379748,3.268624033462275,0.07974453868411828,dKO,lncRNA,9405
7,-1696.2025316455697,3.2915904044817497,0.0801453968543766,dKO,lncRNA,9405
8,-1645.5696202531644,3.3069817089489955,0.08111511724697039,dKO,lncRNA,9405
9,-1594.9367088607596,3.315543067879079,0.08135020779199921,dKO,lncRNA,9405
10,-1544.3037974683543,3.2993128872305832,0.08079454421419897,dKO,lncRNA,9405
11,-1493.6708860759495,3.2770552134856303,0.0810182731138803,dKO,lncRNA,9405
12,-1443.0379746835442,3.270251870461253,0.08164351306088363,dKO,lncRNA,9405
13,-1392.4050632911392,3.2910862772309257,0.0829757282583572,dKO,lncRNA,9405
14,-1341.7721518987341,3.2940730582504707,0.08296081199401723,dKO,lncRNA,9405
15,-1291.139240506329,3.305572950665814,0.08376366596360421,dKO,lncRNA,9405
16,-1240.506329113924,3.3159872640551127,0.08449654950622916,dKO,lncRNA,9405
17,-1189.873417721519,3.3235590824316668,0.08372382898813184,dKO,lncRNA,9405
18,-1139.240506329114,3.2957261961114472,0.08199306490593362,dKO,lncRNA,9405
19,-1088.607594936709,3.2816784415581752,0.08052776913355993,dKO,lncRNA,9405
20,-1037.9746835443038,3.257579618423388,0.08021323913891532,dKO,lncRNA,9405
21,-987.3417721518988,3.2502470024886754,0.07962541027276938,dKO,lncRNA,9405
22,-936.7088607594937,3.2355344811933247,0.07832477588536359,dKO,lncRNA,9405
23,-886.0759493670887,3.211467539312975,0.07601265388708801,dKO,lncRNA,9405
24,-835.4430379746836,3.2141670275790584,0.07577971800275937,dKO,lncRNA,9405
25,-784.8101265822784,3.244032122103776,0.07612410878472772,dKO,lncRNA,9405
26,-734.1772151898733,3.2855165856036836,0.07675342789777925,dKO,lncRNA,9405
27,-683.5443037974683,3.339719055614163,0.08001381730436506,dKO,lncRNA,9405
28,-632.9113924050632,3.3877214824299773,0.08282377104645408,dKO,lncRNA,9405
29,-582.2784810126582,3.402612361627238,0.08315503489415224,dKO,lncRNA,9405
30,-531.6455696202531,3.3998388101457895,0.08317094314028738,dKO,lncRNA,9405
31,-481.0126582278481,3.4222677046934646,0.08486544462591009,dKO,lncRNA,9405
32,-430.37974683544303,3.453442117005928,0.08797336274057563,dKO,lncRNA,9405
33,-379.746835443038,3.4667562542771027,0.09072437760480254,dKO,lncRNA,9405
34,-329.11392405063293,3.5109665601027835,0.0956009009556902,dKO,lncRNA,9405
35,-278.4810126582279,3.566433275909497,0.10261504715941391,dKO,lncRNA,9405
36,-227.84810126582283,3.6023397557213825,0.10827006192169003,dKO,lncRNA,9405
37,-177.21518987341778,3.617287041515764,0.11195243281590349,dKO,lncRNA,9405
38,-126.58227848101274,3.6559678421933866,0.11551116935092537,dKO,lncRNA,9405
39,-75.94936708860769,3.6582048877364386,0.1112566072551254,dKO,lncRNA,9405
40,-25.316455696202638,3.6199535147507156,0.1020971613422403,dKO,lncRNA,9405
41,25.31645569620241,3.587762754951153,0.09417628037730667,dKO,lncRNA,9405
42,75.94936708860769,3.5499084421953935,0.08761415070827387,dKO,lncRNA,9405
43,126.58227848101251,3.5223363192422124,0.08398159703505768,dKO,lncRNA,9405
44,177.21518987341778,3.5081441584822093,0.0843216770853425,dKO,lncRNA,9405
45,227.8481012658226,3.512325662273242,0.08685388853928479,dKO,lncRNA,9405
46,278.4810126582279,3.5435362797044383,0.09055614780575993,dKO,lncRNA,9405
47,329.1139240506327,3.577750792269056,0.0959892371394187,dKO,lncRNA,9405
48,379.746835443038,3.584751601776984,0.09761366945478221,dKO,lncRNA,9405
49,430.37974683544326,3.572101266862112,0.09478957489051049,dKO,lncRNA,9405
50,481.0126582278481,3.530754785354659,0.09140884941624365,dKO,lncRNA,9405
51,531.6455696202534,3.5028107715006453,0.09169243202949529,dKO,lncRNA,9405
52,582.2784810126582,3.511285087950928,0.09466208685518931,dKO,lncRNA,9405
53,632.9113924050635,3.5352596221738923,0.09946184412234409,dKO,lncRNA,9405
54,683.5443037974683,3.5498864674093826,0.10016596239210851,dKO,lncRNA,9405
55,734.1772151898736,3.569169177311373,0.10120323948788638,dKO,lncRNA,9405
56,784.8101265822784,3.565314126990131,0.10338249112212959,dKO,lncRNA,9405
57,835.4430379746836,3.559708266421684,0.10588227078010279,dKO,lncRNA,9405
58,886.0759493670885,3.54654529958455,0.10592322419088444,dKO,lncRNA,9405
59,936.7088607594937,3.5417565336413266,0.10436744441561366,dKO,lncRNA,9405
60,987.3417721518986,3.515091909415993,0.101297122164264,dKO,lncRNA,9405
61,1037.9746835443038,3.463875393552104,0.09622812909643697,dKO,lncRNA,9405
62,1088.6075949367087,3.4250259771576865,0.0917108194382719,dKO,lncRNA,9405
63,1139.240506329114,3.393898882271487,0.08828636471034626,dKO,lncRNA,9405
64,1189.8734177215188,3.373646285783595,0.08560274236973048,dKO,lncRNA,9405
65,1240.506329113924,3.3596025549201554,0.08292323259682441,dKO,lncRNA,9405
66,1291.1392405063293,3.342328283596272,0.08005929227855921,dKO,lncRNA,9405
67,1341.7721518987341,3.3231469426255877,0.07748959859863752,dKO,lncRNA,9405
68,1392.4050632911394,3.3189228359085368,0.07691895507304994,dKO,lncRNA,9405
69,1443.0379746835442,3.289603301129553,0.07575042167507116,dKO,lncRNA,9405
70,1493.6708860759495,3.2928106552628575,0.07642283732680114,dKO,lncRNA,9405
71,1544.3037974683543,3.2976765640154753,0.07816174744006911,dKO,lncRNA,9405
72,1594.9367088607596,3.3171221257472845,0.08138853847071706,dKO,lncRNA,9405
73,1645.5696202531644,3.3261341663704327,0.082247846460672,dKO,lncRNA,9405
74,1696.2025316455697,3.311432974718943,0.08113449268807423,dKO,lncRNA,9405
75,1746.8354430379745,3.3025907565272563,0.07972291201621409,dKO,lncRNA,9405
76,1797.4683544303798,3.285043295894349,0.07915003383797307,dKO,lncRNA,9405
77,1848.1012658227846,3.2889654607970176,0.07880279532867153,dKO,lncRNA,9405
78,1898.73417721519,3.3112639368784893,0.08095275715823966,dKO,lncRNA,9405
79,1949.3670886075947,3.3237803766527647,0.08549024729798126,dKO,lncRNA,9405
80,2000,3.329591832056609,0.08769563374027188,dKO,lncRNA,9405
