genotype,stratify_by,signal,quartile,position,mean,sem,n
WT,G4_quartile,S9.6 (R-loop),Q1,-2000,0.5860115973772003,0.024565850460675207,6117
WT,G4_quartile,S9.6 (R-loop),Q1,-1959.5959595959596,0.5765894598333386,0.024542738114227677,6117
WT,G4_quartile,S9.6 (R-loop),Q1,-1919.1919191919192,0.59179891416278,0.025085321761116722,6117
WT,G4_quartile,S9.6 (R-loop),Q1,-1878.7878787878788,0.5865464262322311,0.024807780416960384,6117
WT,G4_quartile,S9.6 (R-loop),Q1,-1838.3838383838383,0.5808915596702104,0.02431458149811017,6117
WT,G4_quartile,S9.6 (R-loop),Q1,-1797.979797979798,0.5892326874254986,0.024526072288903807,6117
WT,G4_quartile,S9.6 (R-loop),Q1,-1757.5757575757575,0.5809715993874163,0.024262566552914897,6117
WT,G4_quartile,S9.6 (R-loop),Q1,-1717.1717171717173,0.5901211656738246,0.024805401181034272,6117
WT,G4_quartile,S9.6 (R-loop),Q1,-1676.7676767676767,0.5899070684429476,0.024590053679183415,6117
WT,G4_quartile,S9.6 (R-loop),Q1,-1636.3636363636365,0.5680238044364133,0.024436035566271077,6117
WT,G4_quartile,S9.6 (R-loop),Q1,-1595.9595959595958,0.5437646667137374,0.024220459527801205,6117
WT,G4_quartile,S9.6 (R-loop),Q1,-1555.5555555555557,0.5498884887656589,0.023905125325323136,6117
WT,G4_quartile,S9.6 (R-loop),Q1,-1515.1515151515152,0.5617303221869655,0.02420285622801502,6117
WT,G4_quartile,S9.6 (R-loop),Q1,-1474.7474747474748,0.5542333020493402,0.023672528018958645,6117
WT,G4_quartile,S9.6 (R-loop),Q1,-1434.3434343434344,0.5407027747110178,0.022651194171065113,6117
WT,G4_quartile,S9.6 (R-loop),Q1,-1393.939393939394,0.5432810262364172,0.023439098377699297,6117
WT,G4_quartile,S9.6 (R-loop),Q1,-1353.5353535353536,0.5286015778267871,0.023344279223296235,6117
WT,G4_quartile,S9.6 (R-loop),Q1,-1313.1313131313132,0.5238012646695852,0.023255010978362092,6117
WT,G4_quartile,S9.6 (R-loop),Q1,-1272.7272727272727,0.5225303627902455,0.024850005747488343,6117
WT,G4_quartile,S9.6 (R-loop),Q1,-1232.3232323232323,0.5400386820384373,0.025058313787694245,6117
WT,G4_quartile,S9.6 (R-loop),Q1,-1191.919191919192,0.5490302116776695,0.024288308243232384,6117
WT,G4_quartile,S9.6 (R-loop),Q1,-1151.5151515151515,0.5583857033294332,0.02531116316171269,6117
WT,G4_quartile,S9.6 (R-loop),Q1,-1111.1111111111113,0.5556256312477619,0.023967063299590377,6117
WT,G4_quartile,S9.6 (R-loop),Q1,-1070.7070707070707,0.5479935992949655,0.02378537069061385,6117
WT,G4_quartile,S9.6 (R-loop),Q1,-1030.3030303030305,0.5538156660736065,0.024246849479484484,6117
WT,G4_quartile,S9.6 (R-loop),Q1,-989.89898989899,0.5530832144904722,0.02451496449616164,6117
WT,G4_quartile,S9.6 (R-loop),Q1,-949.4949494949497,0.5517387054505045,0.023881095667516596,6117
WT,G4_quartile,S9.6 (R-loop),Q1,-909.0909090909092,0.5513390306208077,0.02408120839052229,6117
WT,G4_quartile,S9.6 (R-loop),Q1,-868.6868686868688,0.5574419434114112,0.02434465885012092,6117
WT,G4_quartile,S9.6 (R-loop),Q1,-828.2828282828284,0.57214587339468,0.025208840088745042,6117
WT,G4_quartile,S9.6 (R-loop),Q1,-787.878787878788,0.5656701651075727,0.02499366882945568,6117
WT,G4_quartile,S9.6 (R-loop),Q1,-747.4747474747476,0.5766796514082185,0.027003891471838917,6117
WT,G4_quartile,S9.6 (R-loop),Q1,-707.0707070707072,0.5889314031628674,0.028027563059633446,6117
WT,G4_quartile,S9.6 (R-loop),Q1,-666.6666666666667,0.5834515016017345,0.0264921074769905,6117
WT,G4_quartile,S9.6 (R-loop),Q1,-626.2626262626263,0.5702686082189689,0.025550699585688934,6117
WT,G4_quartile,S9.6 (R-loop),Q1,-585.8585858585859,0.5745639988584453,0.024991233607071152,6117
WT,G4_quartile,S9.6 (R-loop),Q1,-545.4545454545455,0.5659068059709064,0.024145336808631485,6117
WT,G4_quartile,S9.6 (R-loop),Q1,-505.0505050505051,0.547898524986602,0.02411184747705789,6117
WT,G4_quartile,S9.6 (R-loop),Q1,-464.64646464646466,0.5339096546154718,0.023690593323084548,6117
WT,G4_quartile,S9.6 (R-loop),Q1,-424.24242424242425,0.5284453873787895,0.023875234366204284,6117
WT,G4_quartile,S9.6 (R-loop),Q1,-383.83838383838383,0.5263928416883878,0.024410297370412223,6117
WT,G4_quartile,S9.6 (R-loop),Q1,-343.43434343434365,0.5188586631918813,0.02423045637239009,6117
WT,G4_quartile,S9.6 (R-loop),Q1,-303.03030303030323,0.5399594091400346,0.024133714700668774,6117
WT,G4_quartile,S9.6 (R-loop),Q1,-262.6262626262628,0.5690501753630521,0.024456226005615617,6117
WT,G4_quartile,S9.6 (R-loop),Q1,-222.2222222222224,0.5736921186003985,0.024365269762980743,6117
WT,G4_quartile,S9.6 (R-loop),Q1,-181.81818181818198,0.5691181832763376,0.024428676932595716,6117
WT,G4_quartile,S9.6 (R-loop),Q1,-141.41414141414157,0.5634378921319431,0.024437908056631104,6117
WT,G4_quartile,S9.6 (R-loop),Q1,-101.01010101010115,0.5464445322943783,0.02409264874112371,6117
WT,G4_quartile,S9.6 (R-loop),Q1,-60.60606060606074,0.533882283178935,0.023499044237092596,6117
WT,G4_quartile,S9.6 (R-loop),Q1,-20.20202020202032,0.5464329005545435,0.02396569027660573,6117
WT,G4_quartile,S9.6 (R-loop),Q1,20.202020202020094,0.5603241211930323,0.024285479717403587,6117
WT,G4_quartile,S9.6 (R-loop),Q1,60.60606060606051,0.5606225441676882,0.02406263700838953,6117
WT,G4_quartile,S9.6 (R-loop),Q1,101.0101010101007,0.54622169837132994,0.023704422333845412,6117
WT,G4_quartile,S9.6 (R-loop),Q1,141.41414141414134,0.5538828874816715,0.023421395922754506,6117
WT,G4_quartile,S9.6 (R-loop),Q1,181.81818181818153,0.5645520820816207,0.023952350715050225,6117
WT,G4_quartile,S9.6 (R-loop),Q1,222.22222222222217,0.5712414619919777,0.024037757807294044,6117
WT,G4_quartile,S9.6 (R-loop),Q1,262.62626262626236,0.5817132247803499,0.02412533686058052,6117
WT,G4_quartile,S9.6 (R-loop),Q1,303.030303030303,0.5680765183702768,0.02406207834299404,6117
WT,G4_quartile,S9.6 (R-loop),Q1,343.4343434343432,0.5836171356652083,0.024091026464309627,6117
WT,G4_quartile,S9.6 (R-loop),Q1,383.83838383838383,0.5587521358703416,0.023877965907598508,6117
WT,G4_quartile,S9.6 (R-loop),Q1,424.242424242424,0.5264718700836282,0.0229055538993906,6117
WT,G4_quartile,S9.6 (R-loop),Q1,464.64646464646466,0.5255713178797384,0.02288283799729205,6117
WT,G4_quartile,S9.6 (R-loop),Q1,505.05050505050485,0.5257931808619013,0.02275511582270584,6117
WT,G4_quartile,S9.6 (R-loop),Q1,545.4545454545455,0.5195755741333842,0.02273492198039095,6117
WT,G4_quartile,S9.6 (R-loop),Q1,585.8585858585857,0.530396492163018,0.02299505652688854,6117
WT,G4_quartile,S9.6 (R-loop),Q1,626.2626262626259,0.5331697132397905,0.022866816486992406,6117
WT,G4_quartile,S9.6 (R-loop),Q1,666.6666666666665,0.5356223330421238,0.022902194707134883,6117
WT,G4_quartile,S9.6 (R-loop),Q1,707.0707070707067,0.5407905265201038,0.02337473924240112,6117
WT,G4_quartile,S9.6 (R-loop),Q1,747.4747474747473,0.5546175108333177,0.02414578319788391,6117
WT,G4_quartile,S9.6 (R-loop),Q1,787.8787878787875,0.5625856478840752,0.024324391125473254,6117
WT,G4_quartile,S9.6 (R-loop),Q1,828.2828282828282,0.5693434010202026,0.02474234039670756,6117
WT,G4_quartile,S9.6 (R-loop),Q1,868.6868686868684,0.5533424536956929,0.02383272298888758,6117
WT,G4_quartile,S9.6 (R-loop),Q1,909.090909090909,0.5418078091863485,0.023177590740041318,6117
WT,G4_quartile,S9.6 (R-loop),Q1,949.4949494949492,0.5263553379912401,0.022976975787835138,6117
WT,G4_quartile,S9.6 (R-loop),Q1,989.8989898989898,0.5239573137107206,0.022730685640729578,6117
WT,G4_quartile,S9.6 (R-loop),Q1,1030.30303030303,0.539962771484502,0.023156165802265444,6117
WT,G4_quartile,S9.6 (R-loop),Q1,1070.7070707070707,0.5539695325250045,0.026311114542944665,6117
WT,G4_quartile,S9.6 (R-loop),Q1,1111.1111111111109,0.5408235462573558,0.02680443132378686,6117
WT,G4_quartile,S9.6 (R-loop),Q1,1151.5151515151515,0.5243709420777929,0.02283935428887554,6117
WT,G4_quartile,S9.6 (R-loop),Q1,1191.9191919191917,0.5352170220894811,0.022850895252622298,6117
WT,G4_quartile,S9.6 (R-loop),Q1,1232.3232323232323,0.5589244570691326,0.02403812976652734,6117
WT,G4_quartile,S9.6 (R-loop),Q1,1272.7272727272725,0.5845793847603921,0.024825147983820232,6117
WT,G4_quartile,S9.6 (R-loop),Q1,1313.1313131313127,0.5757409143854083,0.024539403085765778,6117
WT,G4_quartile,S9.6 (R-loop),Q1,1353.5353535353534,0.562104868654481,0.024424814696530486,6117
WT,G4_quartile,S9.6 (R-loop),Q1,1393.9393939393935,0.558790981065767,0.0241260366543278,6117
WT,G4_quartile,S9.6 (R-loop),Q1,1434.3434343434342,0.5607636118694814,0.024315197104757724,6117
WT,G4_quartile,S9.6 (R-loop),Q1,1474.7474747474744,0.5457077870148851,0.023791779796589214,6117
WT,G4_quartile,S9.6 (R-loop),Q1,1515.151515151515,0.5497822150500157,0.023605578271904126,6117
WT,G4_quartile,S9.6 (R-loop),Q1,1555.5555555555552,0.5653511753825977,0.024110815189167085,6117
WT,G4_quartile,S9.6 (R-loop),Q1,1595.9595959595958,0.5655806641324767,0.023948451403446702,6117
WT,G4_quartile,S9.6 (R-loop),Q1,1636.363636363636,0.5617338644141289,0.023613477136982162,6117
WT,G4_quartile,S9.6 (R-loop),Q1,1676.7676767676767,0.5429570510196909,0.02298378053604521,6117
WT,G4_quartile,S9.6 (R-loop),Q1,1717.1717171717169,0.5393378386997474,0.023321551691668954,6117
WT,G4_quartile,S9.6 (R-loop),Q1,1757.5757575757575,0.5543029179175641,0.02418473283266961,6117
WT,G4_quartile,S9.6 (R-loop),Q1,1797.9797979797977,0.57374937950760585,0.0248160142540274,6117
WT,G4_quartile,S9.6 (R-loop),Q1,1838.3838383838383,0.5935825488569324,0.025320041248075027,6117
WT,G4_quartile,S9.6 (R-loop),Q1,1878.7878787878785,0.5901298627660179,0.025070656030310463,6117
WT,G4_quartile,S9.6 (R-loop),Q1,1919.1919191919187,0.5968841166535074,0.02467474120468925,6117
WT,G4_quartile,S9.6 (R-loop),Q1,1959.5959595959594,0.6123948127788146,0.025533954264764576,6117
WT,G4_quartile,S9.6 (R-loop),Q1,2000,0.6112052069617981,0.02616693711800628,6117
WT,G4_quartile,S9.6 (R-loop),Q2,-2000,0.6841707715957854,0.028954785896752006,6117
WT,G4_quartile,S9.6 (R-loop),Q2,-1959.5959595959596,0.6897330203358821,0.029901616984776922,6117
WT,G4_quartile,S9.6 (R-loop),Q2,-1919.1919191919192,0.6738976322513185,0.029526965034871507,6117
WT,G4_quartile,S9.6 (R-loop),Q2,-1878.7878787878788,0.6801334924675984,0.02937258317135816,6117
WT,G4_quartile,S9.6 (R-loop),Q2,-1838.3838383838383,0.676715983051786,0.028931365144378125,6117
WT,G4_quartile,S9.6 (R-loop),Q2,-1797.979797979798,0.6764861720449298,0.028226054944125643,6117
WT,G4_quartile,S9.6 (R-loop),Q2,-1757.5757575757575,0.6757707915774515,0.027952071510339984,6117
WT,G4_quartile,S9.6 (R-loop),Q2,-1717.1717171717173,0.6913036354951111,0.028300583953776152,6117
WT,G4_quartile,S9.6 (R-loop),Q2,-1676.7676767676767,0.6962371782480941,0.028058524256014915,6117
WT,G4_quartile,S9.6 (R-loop),Q2,-1636.3636363636365,0.6733000076287476,0.028067632646685405,6117
WT,G4_quartile,S9.6 (R-loop),Q2,-1595.9595959595958,0.6703527803137919,0.02912674731083685,6117
WT,G4_quartile,S9.6 (R-loop),Q2,-1555.5555555555557,0.6779551952131422,0.029656414556157848,6117
WT,G4_quartile,S9.6 (R-loop),Q2,-1515.1515151515152,0.6840699032410699,0.029021648407671005,6117
WT,G4_quartile,S9.6 (R-loop),Q2,-1474.7474747474748,0.6952098607881682,0.028109606888549597,6117
WT,G4_quartile,S9.6 (R-loop),Q2,-1434.3434343434344,0.700582154524944,0.02753656169338893,6117
WT,G4_quartile,S9.6 (R-loop),Q2,-1393.939393939394,0.6742063585211311,0.026509835121729507,6117
WT,G4_quartile,S9.6 (R-loop),Q2,-1353.5353535353536,0.6504734909986136,0.025686141871252136,6117
WT,G4_quartile,S9.6 (R-loop),Q2,-1313.1313131313132,0.6434781987504335,0.025628569042100813,6117
WT,G4_quartile,S9.6 (R-loop),Q2,-1272.7272727272727,0.6919558380462779,0.02948889532613682,6117
WT,G4_quartile,S9.6 (R-loop),Q2,-1232.3232323232323,0.7257721323923085,0.04163952095649812,6117
WT,G4_quartile,S9.6 (R-loop),Q2,-1191.919191919192,0.7430051450245616,0.05494242810511398,6117
WT,G4_quartile,S9.6 (R-loop),Q2,-1151.5151515151515,0.7060633775816287,0.036751233742180624,6117
WT,G4_quartile,S9.6 (R-loop),Q2,-1111.1111111111113,0.6671928842940968,0.027029837408146698,6117
WT,G4_quartile,S9.6 (R-loop),Q2,-1070.7070707070707,0.6714349453885381,0.026410749730452193,6117
WT,G4_quartile,S9.6 (R-loop),Q2,-1030.3030303030305,0.658293175088926,0.025843490490646406,6117
WT,G4_quartile,S9.6 (R-loop),Q2,-989.89898989899,0.6509952118856673,0.025777684380388716,6117
WT,G4_quartile,S9.6 (R-loop),Q2,-949.4949494949497,0.6517358130085826,0.0257508711143759,6117
WT,G4_quartile,S9.6 (R-loop),Q2,-909.0909090909092,0.6535420770440766,0.026087573492501417,6117
WT,G4_quartile,S9.6 (R-loop),Q2,-868.6868686868688,0.6679038601744043,0.026156285277237772,6117
WT,G4_quartile,S9.6 (R-loop),Q2,-828.2828282828284,0.6820910334472652,0.026481467852338857,6117
WT,G4_quartile,S9.6 (R-loop),Q2,-787.878787878788,0.6847643356071104,0.02682665255998011,6117
WT,G4_quartile,S9.6 (R-loop),Q2,-747.4747474747476,0.6780714460845615,0.026538563433876432,6117
WT,G4_quartile,S9.6 (R-loop),Q2,-707.0707070707072,0.6752358794972274,0.0267597831858512,6117
WT,G4_quartile,S9.6 (R-loop),Q2,-666.6666666666667,0.6562784332466584,0.026308614906200505,6117
WT,G4_quartile,S9.6 (R-loop),Q2,-626.2626262626263,0.6449340143368366,0.026653095538928483,6117
WT,G4_quartile,S9.6 (R-loop),Q2,-585.8585858585859,0.6371002241745427,0.02668706002283992,6117
WT,G4_quartile,S9.6 (R-loop),Q2,-545.4545454545455,0.6421739860597473,0.026494307550256925,6117
WT,G4_quartile,S9.6 (R-loop),Q2,-505.0505050505051,0.6482663925050364,0.026113652318413283,6117
WT,G4_quartile,S9.6 (R-loop),Q2,-464.64646464646466,0.6545084658655247,0.0266332741842543,6117
WT,G4_quartile,S9.6 (R-loop),Q2,-424.24242424242425,0.6593340602893036,0.02690279473907307,6117
WT,G4_quartile,S9.6 (R-loop),Q2,-383.83838383838383,0.6609493072341576,0.026569120231812956,6117
WT,G4_quartile,S9.6 (R-loop),Q2,-343.43434343434365,0.6682814795060158,0.02646814124902521,6117
WT,G4_quartile,S9.6 (R-loop),Q2,-303.03030303030323,0.6732137936540386,0.026673186838590206,6117
WT,G4_quartile,S9.6 (R-loop),Q2,-262.6262626262628,0.673068714797992,0.02640555890097469,6117
WT,G4_quartile,S9.6 (R-loop),Q2,-222.2222222222224,0.6791433066276759,0.026195368809196054,6117
WT,G4_quartile,S9.6 (R-loop),Q2,-181.81818181818198,0.6871839416792307,0.026374726418562217,6117
WT,G4_quartile,S9.6 (R-loop),Q2,-141.41414141414157,0.688902770595782,0.026572877096269074,6117
WT,G4_quartile,S9.6 (R-loop),Q2,-101.01010101010115,0.7102725582175234,0.027462198909709468,6117
WT,G4_quartile,S9.6 (R-loop),Q2,-60.60606060606074,0.6980537598256028,0.027137393295419632,6117
WT,G4_quartile,S9.6 (R-loop),Q2,-20.20202020202032,0.6850612817757711,0.027082554986046434,6117
WT,G4_quartile,S9.6 (R-loop),Q2,20.202020202020094,0.6797307838467437,0.026883353699389087,6117
WT,G4_quartile,S9.6 (R-loop),Q2,60.60606060606051,0.6647562162535076,0.026251859840220385,6117
WT,G4_quartile,S9.6 (R-loop),Q2,101.0101010101007,0.6750024328751363,0.02661414296341719,6117
WT,G4_quartile,S9.6 (R-loop),Q2,141.41414141414134,0.6923341188397627,0.027927574366123642,6117
WT,G4_quartile,S9.6 (R-loop),Q2,181.81818181818153,0.6806671297108953,0.02768261816194707,6117
WT,G4_quartile,S9.6 (R-loop),Q2,222.22222222222217,0.684467533252174,0.0276594500486371,6117
WT,G4_quartile,S9.6 (R-loop),Q2,262.62626262626236,0.6967909617877045,0.028358007538154435,6117
WT,G4_quartile,S9.6 (R-loop),Q2,303.030303030303,0.6749272515993261,0.028094674542310825,6117
WT,G4_quartile,S9.6 (R-loop),Q2,343.4343434343432,0.6800453054821483,0.028239445979116286,6117
WT,G4_quartile,S9.6 (R-loop),Q2,383.83838383838383,0.6755287796752478,0.02732780916259463,6117
WT,G4_quartile,S9.6 (R-loop),Q2,424.242424242424,0.6771685334890862,0.027018923869320526,6117
WT,G4_quartile,S9.6 (R-loop),Q2,464.64646464646466,0.6657575418699947,0.026173808023329144,6117
WT,G4_quartile,S9.6 (R-loop),Q2,505.05050505050485,0.6383921146600557,0.024800917925303406,6117
WT,G4_quartile,S9.6 (R-loop),Q2,545.4545454545455,0.6144623345248825,0.02406905018003823,6117
WT,G4_quartile,S9.6 (R-loop),Q2,585.8585858585857,0.5926618313183525,0.02367536269064838,6117
WT,G4_quartile,S9.6 (R-loop),Q2,626.2626262626259,0.5940456181860032,0.024478752151588686,6117
WT,G4_quartile,S9.6 (R-loop),Q2,666.6666666666665,0.6195491543214761,0.02575866621633432,6117
WT,G4_quartile,S9.6 (R-loop),Q2,707.0707070707067,0.6361060286550657,0.0267950817557174,6117
WT,G4_quartile,S9.6 (R-loop),Q2,747.4747474747473,0.6478900827545803,0.026792938107373352,6117
WT,G4_quartile,S9.6 (R-loop),Q2,787.8787878787875,0.6662104957274122,0.027023225623264445,6117
WT,G4_quartile,S9.6 (R-loop),Q2,828.2828282828282,0.6676163173686155,0.027153824253575532,6117
WT,G4_quartile,S9.6 (R-loop),Q2,868.6868686868684,0.6495155963354268,0.02649378191495538,6117
WT,G4_quartile,S9.6 (R-loop),Q2,909.090909090909,0.6400288351714511,0.02642911667362578,6117
WT,G4_quartile,S9.6 (R-loop),Q2,949.4949494949492,0.6334091458603709,0.025867403371319583,6117
WT,G4_quartile,S9.6 (R-loop),Q2,989.8989898989898,0.6477084860394768,0.02606033377254698,6117
WT,G4_quartile,S9.6 (R-loop),Q2,1030.30303030303,0.6605008528837373,0.026633662934536454,6117
WT,G4_quartile,S9.6 (R-loop),Q2,1070.7070707070707,0.6510747422572052,0.02632374529813674,6117
WT,G4_quartile,S9.6 (R-loop),Q2,1111.1111111111109,0.6533838524081472,0.02663798386665394,6117
WT,G4_quartile,S9.6 (R-loop),Q2,1151.5151515151515,0.6471571140501636,0.026820455552733588,6117
WT,G4_quartile,S9.6 (R-loop),Q2,1191.9191919191917,0.6508256805416806,0.026803978480548992,6117
WT,G4_quartile,S9.6 (R-loop),Q2,1232.3232323232323,0.6446793700452219,0.02678115849952377,6117
WT,G4_quartile,S9.6 (R-loop),Q2,1272.7272727272725,0.6403375769501648,0.02651427479849447,6117
WT,G4_quartile,S9.6 (R-loop),Q2,1313.1313131313127,0.6357716783565074,0.02586007070807739,6117
WT,G4_quartile,S9.6 (R-loop),Q2,1353.5353535353534,0.6212508375119679,0.025022252989772963,6117
WT,G4_quartile,S9.6 (R-loop),Q2,1393.9393939393935,0.6082473147788939,0.024964488980588954,6117
WT,G4_quartile,S9.6 (R-loop),Q2,1434.3434343434342,0.6235278181968328,0.02521124712694512,6117
WT,G4_quartile,S9.6 (R-loop),Q2,1474.7474747474744,0.6459528872951692,0.02543036916014054,6117
WT,G4_quartile,S9.6 (R-loop),Q2,1515.151515151515,0.6359083419362195,0.025445755425324852,6117
WT,G4_quartile,S9.6 (R-loop),Q2,1555.5555555555552,0.635172691924783,0.025612750969812966,6117
WT,G4_quartile,S9.6 (R-loop),Q2,1595.9595959595958,0.6216691651580242,0.025275939089956925,6117
WT,G4_quartile,S9.6 (R-loop),Q2,1636.363636363636,0.6409197742547624,0.025741823569515744,6117
WT,G4_quartile,S9.6 (R-loop),Q2,1676.7676767676767,0.6548081551148324,0.025912145013873608,6117
WT,G4_quartile,S9.6 (R-loop),Q2,1717.1717171717169,0.6513387708113952,0.025458102058651937,6117
WT,G4_quartile,S9.6 (R-loop),Q2,1757.5757575757575,0.6587033025087607,0.025717733374688283,6117
WT,G4_quartile,S9.6 (R-loop),Q2,1797.9797979797977,0.6659127513779716,0.025940684820469198,6117
WT,G4_quartile,S9.6 (R-loop),Q2,1838.3838383838383,0.6646332614776103,0.026068308624745542,6117
WT,G4_quartile,S9.6 (R-loop),Q2,1878.7878787878785,0.66874477533724,0.02646835346192255,6117
WT,G4_quartile,S9.6 (R-loop),Q2,1919.1919191919187,0.6745727459783345,0.02704009218837612,6117
WT,G4_quartile,S9.6 (R-loop),Q2,1959.5959595959594,0.689988402631143,0.027421993864623774,6117
WT,G4_quartile,S9.6 (R-loop),Q2,2000,0.6913600717662903,0.027233603348397906,6117
WT,G4_quartile,S9.6 (R-loop),Q3,-2000,0.8058274041230352,0.033838912788917645,6117
WT,G4_quartile,S9.6 (R-loop),Q3,-1959.5959595959596,0.8081718507209882,0.03239559240930542,6117
WT,G4_quartile,S9.6 (R-loop),Q3,-1919.1919191919192,0.8101876165440629,0.031170607437204154,6117
WT,G4_quartile,S9.6 (R-loop),Q3,-1878.7878787878788,0.8040852762676802,0.030173335159167376,6117
WT,G4_quartile,S9.6 (R-loop),Q3,-1838.3838383838383,0.8012807079290291,0.02953216436209567,6117
WT,G4_quartile,S9.6 (R-loop),Q3,-1797.979797979798,0.7745071413800485,0.028988262989646102,6117
WT,G4_quartile,S9.6 (R-loop),Q3,-1757.5757575757575,0.7616885548156987,0.029204340535749752,6117
WT,G4_quartile,S9.6 (R-loop),Q3,-1717.1717171717173,0.7749159671179195,0.030016411050200108,6117
WT,G4_quartile,S9.6 (R-loop),Q3,-1676.7676767676767,0.7797207585661028,0.03028151538516799,6117
WT,G4_quartile,S9.6 (R-loop),Q3,-1636.3636363636365,0.7720123346255151,0.02948717657793747,6117
WT,G4_quartile,S9.6 (R-loop),Q3,-1595.9595959595958,0.7811352901889361,0.029419467703552464,6117
WT,G4_quartile,S9.6 (R-loop),Q3,-1555.5555555555557,0.7935709993061948,0.029830430373183857,6117
WT,G4_quartile,S9.6 (R-loop),Q3,-1515.1515151515152,0.7749977454930732,0.02961738869508547,6117
WT,G4_quartile,S9.6 (R-loop),Q3,-1474.7474747474748,0.7650209104152229,0.029506263322899844,6117
WT,G4_quartile,S9.6 (R-loop),Q3,-1434.3434343434344,0.7616674879736394,0.029289400891268507,6117
WT,G4_quartile,S9.6 (R-loop),Q3,-1393.939393939394,0.7465277360472875,0.028266956868863574,6117
WT,G4_quartile,S9.6 (R-loop),Q3,-1353.5353535353536,0.7336949001449139,0.02846098351293184,6117
WT,G4_quartile,S9.6 (R-loop),Q3,-1313.1313131313132,0.7274775933551154,0.02879967094441962,6117
WT,G4_quartile,S9.6 (R-loop),Q3,-1272.7272727272727,0.7110113154947334,0.0285476962153961,6117
WT,G4_quartile,S9.6 (R-loop),Q3,-1232.3232323232323,0.6956448209098041,0.028737915787046868,6117
WT,G4_quartile,S9.6 (R-loop),Q3,-1191.919191919192,0.7109226809815413,0.028730773523899664,6117
WT,G4_quartile,S9.6 (R-loop),Q3,-1151.5151515151515,0.7187021732519897,0.028207746075457972,6117
WT,G4_quartile,S9.6 (R-loop),Q3,-1111.1111111111113,0.723646964161552,0.028664047641515433,6117
WT,G4_quartile,S9.6 (R-loop),Q3,-1070.7070707070707,0.7431466671963681,0.029357978813146973,6117
WT,G4_quartile,S9.6 (R-loop),Q3,-1030.3030303030305,0.7492433759158931,0.02997434609396111,6117
WT,G4_quartile,S9.6 (R-loop),Q3,-989.89898989899,0.7559467177342286,0.029657451211855923,6117
WT,G4_quartile,S9.6 (R-loop),Q3,-949.4949494949497,0.7338761222176606,0.028612446349295686,6117
WT,G4_quartile,S9.6 (R-loop),Q3,-909.0909090909092,0.7273784524983851,0.02802549665304864,6117
WT,G4_quartile,S9.6 (R-loop),Q3,-868.6868686868688,0.7304417136683862,0.028034405732010922,6117
WT,G4_quartile,S9.6 (R-loop),Q3,-828.2828282828284,0.722629950901728,0.027407261913616154,6117
WT,G4_quartile,S9.6 (R-loop),Q3,-787.878787878788,0.7108634433781768,0.02699157383376381,6117
WT,G4_quartile,S9.6 (R-loop),Q3,-747.4747474747476,0.7170472331142488,0.02745849746439205,6117
WT,G4_quartile,S9.6 (R-loop),Q3,-707.0707070707072,0.7175403353794979,0.028517952668060006,6117
WT,G4_quartile,S9.6 (R-loop),Q3,-666.6666666666667,0.6976030094646165,0.030304691689636187,6117
WT,G4_quartile,S9.6 (R-loop),Q3,-626.2626262626263,0.6837034781103078,0.029260663200901153,6117
WT,G4_quartile,S9.6 (R-loop),Q3,-585.8585858585859,0.6711146048444036,0.02765177959064253,6117
WT,G4_quartile,S9.6 (R-loop),Q3,-545.4545454545455,0.6823255516569573,0.02716688339578845,6117
WT,G4_quartile,S9.6 (R-loop),Q3,-505.0505050505051,0.6892917776370432,0.026727288030184145,6117
WT,G4_quartile,S9.6 (R-loop),Q3,-464.64646464646466,0.7078490418131104,0.027112184695030964,6117
WT,G4_quartile,S9.6 (R-loop),Q3,-424.24242424242425,0.7308527913358804,0.027856803542943186,6117
WT,G4_quartile,S9.6 (R-loop),Q3,-383.83838383838383,0.7448698342881551,0.028122822474944815,6117
WT,G4_quartile,S9.6 (R-loop),Q3,-343.43434343434365,0.7300578398222877,0.028023570211762057,6117
WT,G4_quartile,S9.6 (R-loop),Q3,-303.03030303030323,0.7293334509694729,0.02804654138249013,6117
WT,G4_quartile,S9.6 (R-loop),Q3,-262.6262626262628,0.7419855602916223,0.0287846115849352,6117
WT,G4_quartile,S9.6 (R-loop),Q3,-222.2222222222224,0.7636803694646893,0.028879270305525027,6117
WT,G4_quartile,S9.6 (R-loop),Q3,-181.81818181818198,0.7674659062554988,0.0283080196380405,6117
WT,G4_quartile,S9.6 (R-loop),Q3,-141.41414141414157,0.744304723149365,0.02750353086593014,6117
WT,G4_quartile,S9.6 (R-loop),Q3,-101.01010101010115,0.731749456598506,0.027638000161365826,6117
WT,G4_quartile,S9.6 (R-loop),Q3,-60.60606060606074,0.7383511509600281,0.02780875127199671,6117
WT,G4_quartile,S9.6 (R-loop),Q3,-20.20202020202032,0.7191302790032266,0.026763913752848003,6117
WT,G4_quartile,S9.6 (R-loop),Q3,20.202020202020094,0.6985225093289199,0.026671093879490113,6117
WT,G4_quartile,S9.6 (R-loop),Q3,60.60606060606051,0.6714999658125793,0.025742453640753053,6117
WT,G4_quartile,S9.6 (R-loop),Q3,101.0101010101007,0.6983420571100504,0.02653204577372226,6117
WT,G4_quartile,S9.6 (R-loop),Q3,141.41414141414134,0.7322179317433813,0.027744502044421183,6117
WT,G4_quartile,S9.6 (R-loop),Q3,181.81818181818153,0.7534231288907571,0.028373525325572725,6117
WT,G4_quartile,S9.6 (R-loop),Q3,222.22222222222217,0.7671063898758732,0.02885369563586914,6117
WT,G4_quartile,S9.6 (R-loop),Q3,262.62626262626236,0.7572960718699157,0.02891687484961363,6117
WT,G4_quartile,S9.6 (R-loop),Q3,303.030303030303,0.7378066678182034,0.02898019244436081,6117
WT,G4_quartile,S9.6 (R-loop),Q3,343.4343434343432,0.720438162114545,0.028426189647315254,6117
WT,G4_quartile,S9.6 (R-loop),Q3,383.83838383838383,0.7091888816091348,0.028170425659762258,6117
WT,G4_quartile,S9.6 (R-loop),Q3,424.242424242424,0.701983589003563,0.027681807895902934,6117
WT,G4_quartile,S9.6 (R-loop),Q3,464.64646464646466,0.6754379238904574,0.026703273441494996,6117
WT,G4_quartile,S9.6 (R-loop),Q3,505.05050505050485,0.6797423967875477,0.027212347141261257,6117
WT,G4_quartile,S9.6 (R-loop),Q3,545.4545454545455,0.6843226562755329,0.0270465757175732,6117
WT,G4_quartile,S9.6 (R-loop),Q3,585.8585858585857,0.6692050927605057,0.02602885155187066,6117
WT,G4_quartile,S9.6 (R-loop),Q3,626.2626262626259,0.6812335490133039,0.025862384784875656,6117
WT,G4_quartile,S9.6 (R-loop),Q3,666.6666666666665,0.6805906136873076,0.025972725311809372,6117
WT,G4_quartile,S9.6 (R-loop),Q3,707.0707070707067,0.6608286729845753,0.02583906505280987,6117
WT,G4_quartile,S9.6 (R-loop),Q3,747.4747474747473,0.6661624346997413,0.0268487917275294,6117
WT,G4_quartile,S9.6 (R-loop),Q3,787.8787878787875,0.6433160872988218,0.02668728922058898,6117
WT,G4_quartile,S9.6 (R-loop),Q3,828.2828282828282,0.6456123907801385,0.026781668101488187,6117
WT,G4_quartile,S9.6 (R-loop),Q3,868.6868686868684,0.6665895058281878,0.026424844615911842,6117
WT,G4_quartile,S9.6 (R-loop),Q3,909.090909090909,0.6655967007113682,0.026170347183168005,6117
WT,G4_quartile,S9.6 (R-loop),Q3,949.4949494949492,0.6688235682652788,0.026548245016449337,6117
WT,G4_quartile,S9.6 (R-loop),Q3,989.8989898989898,0.6862710489735875,0.02724755183559738,6117
WT,G4_quartile,S9.6 (R-loop),Q3,1030.30303030303,0.6984161058788922,0.02727939263187686,6117
WT,G4_quartile,S9.6 (R-loop),Q3,1070.7070707070707,0.6874295222674865,0.026858724687717238,6117
WT,G4_quartile,S9.6 (R-loop),Q3,1111.1111111111109,0.7028117521886971,0.02725317071816605,6117
WT,G4_quartile,S9.6 (R-loop),Q3,1151.5151515151515,0.7120094422692798,0.02782070130604282,6117
WT,G4_quartile,S9.6 (R-loop),Q3,1191.9191919191917,0.714266703744413,0.0279706819822921,6117
WT,G4_quartile,S9.6 (R-loop),Q3,1232.3232323232323,0.7299815865522532,0.028075391254055657,6117
WT,G4_quartile,S9.6 (R-loop),Q3,1272.7272727272725,0.7350340163265587,0.02816353066140976,6117
WT,G4_quartile,S9.6 (R-loop),Q3,1313.1313131313127,0.7338764962876291,0.02841798587933328,6117
WT,G4_quartile,S9.6 (R-loop),Q3,1353.5353535353534,0.7529992273071892,0.028657017487639682,6117
WT,G4_quartile,S9.6 (R-loop),Q3,1393.9393939393935,0.7513604937632461,0.029269427061739746,6117
WT,G4_quartile,S9.6 (R-loop),Q3,1434.3434343434342,0.7366165806327553,0.028962512399344054,6117
WT,G4_quartile,S9.6 (R-loop),Q3,1474.7474747474744,0.722913994379402,0.028437314869907415,6117
WT,G4_quartile,S9.6 (R-loop),Q3,1515.151515151515,0.7247765371363244,0.02857719415865739,6117
WT,G4_quartile,S9.6 (R-loop),Q3,1555.5555555555552,0.7503222591492807,0.02908635857904516,6117
WT,G4_quartile,S9.6 (R-loop),Q3,1595.9595959595958,0.7293306917377206,0.02901373513922079,6117
WT,G4_quartile,S9.6 (R-loop),Q3,1636.363636363636,0.7186806752861675,0.02952606040332085,6117
WT,G4_quartile,S9.6 (R-loop),Q3,1676.7676767676767,0.7364232867012735,0.02980653460659412,6117
WT,G4_quartile,S9.6 (R-loop),Q3,1717.1717171717169,0.7573758917535243,0.030310869325530773,6117
WT,G4_quartile,S9.6 (R-loop),Q3,1757.5757575757575,0.7412265191824263,0.029362357704201293,6117
WT,G4_quartile,S9.6 (R-loop),Q3,1797.9797979797977,0.7332558825467241,0.028491621363886457,6117
WT,G4_quartile,S9.6 (R-loop),Q3,1838.3838383838383,0.7262467069203252,0.028225265867966386,6117
WT,G4_quartile,S9.6 (R-loop),Q3,1878.7878787878785,0.721432967125063,0.027832974281085034,6117
WT,G4_quartile,S9.6 (R-loop),Q3,1919.1919191919187,0.7306937265463599,0.02845198841907913,6117
WT,G4_quartile,S9.6 (R-loop),Q3,1959.5959595959594,0.7524826540784405,0.028650382864488406,6117
WT,G4_quartile,S9.6 (R-loop),Q3,2000,0.7622349381332398,0.028582012692294063,6117
WT,G4_quartile,S9.6 (R-loop),Q4,-2000,1.5430050036137553,0.06510813971933781,6117
WT,G4_quartile,S9.6 (R-loop),Q4,-1959.5959595959596,1.5546674093096382,0.06376844609488529,6117
WT,G4_quartile,S9.6 (R-loop),Q4,-1919.1919191919192,1.5692369639598795,0.06287205040160689,6117
WT,G4_quartile,S9.6 (R-loop),Q4,-1878.7878787878788,1.6001351425716155,0.06326169993814777,6117
WT,G4_quartile,S9.6 (R-loop),Q4,-1838.3838383838383,1.6068049633731416,0.0639795290148781,6117
WT,G4_quartile,S9.6 (R-loop),Q4,-1797.979797979798,1.639346988661113,0.0653392405827667,6117
WT,G4_quartile,S9.6 (R-loop),Q4,-1757.5757575757575,1.6218733963258212,0.06479934826240014,6117
WT,G4_quartile,S9.6 (R-loop),Q4,-1717.1717171717173,1.6174446447080024,0.06535273047812243,6117
WT,G4_quartile,S9.6 (R-loop),Q4,-1676.7676767676767,1.670552225271286,0.06911833793572415,6117
WT,G4_quartile,S9.6 (R-loop),Q4,-1636.3636363636365,1.6818567230218269,0.07148700339696726,6117
WT,G4_quartile,S9.6 (R-loop),Q4,-1595.9595959595958,1.6918923819589249,0.07052399172104504,6117
WT,G4_quartile,S9.6 (R-loop),Q4,-1555.5555555555557,1.6969295540519267,0.06759103516904601,6117
WT,G4_quartile,S9.6 (R-loop),Q4,-1515.1515151515152,1.6943078419663122,0.0661285514975517,6117
WT,G4_quartile,S9.6 (R-loop),Q4,-1474.7474747474748,1.7106280707233794,0.06629639520456852,6117
WT,G4_quartile,S9.6 (R-loop),Q4,-1434.3434343434344,1.71945855902632,0.0682028297449242,6117
WT,G4_quartile,S9.6 (R-loop),Q4,-1393.939393939394,1.6983182950968911,0.0681441472446631,6117
WT,G4_quartile,S9.6 (R-loop),Q4,-1353.5353535353536,1.6999518839567231,0.0690089345765115,6117
WT,G4_quartile,S9.6 (R-loop),Q4,-1313.1313131313132,1.7201090571175652,0.0741036513638498,6117
WT,G4_quartile,S9.6 (R-loop),Q4,-1272.7272727272727,1.7546912024312602,0.07513413093705439,6117
WT,G4_quartile,S9.6 (R-loop),Q4,-1232.3232323232323,1.800492306491632,0.07834608775842972,6117
WT,G4_quartile,S9.6 (R-loop),Q4,-1191.919191919192,1.79471292810565,0.07870532984189801,6117
WT,G4_quartile,S9.6 (R-loop),Q4,-1151.5151515151515,1.7928222865872585,0.08119865502663227,6117
WT,G4_quartile,S9.6 (R-loop),Q4,-1111.1111111111113,1.77613006676238,0.08237293047668001,6117
WT,G4_quartile,S9.6 (R-loop),Q4,-1070.7070707070707,1.7946200378655812,0.0858887547601104,6117
WT,G4_quartile,S9.6 (R-loop),Q4,-1030.3030303030305,1.82271143912345,0.08870845774757809,6117
WT,G4_quartile,S9.6 (R-loop),Q4,-989.89898989899,1.8291689741312713,0.09381693600100427,6117
WT,G4_quartile,S9.6 (R-loop),Q4,-949.4949494949497,1.836821233961342,0.09425295774266433,6117
WT,G4_quartile,S9.6 (R-loop),Q4,-909.0909090909092,1.8542391206256583,0.09170926267873909,6117
WT,G4_quartile,S9.6 (R-loop),Q4,-868.6868686868688,1.8460064275935568,0.08116061742881621,6117
WT,G4_quartile,S9.6 (R-loop),Q4,-828.2828282828284,1.8396147905290898,0.07080430693278351,6117
WT,G4_quartile,S9.6 (R-loop),Q4,-787.878787878788,1.8604735796462455,0.07062138828446862,6117
WT,G4_quartile,S9.6 (R-loop),Q4,-747.4747474747476,1.8932347402507468,0.0734427372524283,6117
WT,G4_quartile,S9.6 (R-loop),Q4,-707.0707070707072,1.8939360631075426,0.07764043849894037,6117
WT,G4_quartile,S9.6 (R-loop),Q4,-666.6666666666667,1.9104236811223292,0.07948029356665168,6117
WT,G4_quartile,S9.6 (R-loop),Q4,-626.2626262626263,1.9398622080186991,0.07860187348813108,6117
WT,G4_quartile,S9.6 (R-loop),Q4,-585.8585858585859,1.948586220234494,0.07888813947970003,6117
WT,G4_quartile,S9.6 (R-loop),Q4,-545.4545454545455,1.9827961270237717,0.07922371294311543,6117
WT,G4_quartile,S9.6 (R-loop),Q4,-505.0505050505051,2.095969099453108,0.08556582204635635,6117
WT,G4_quartile,S9.6 (R-loop),Q4,-464.64646464646466,2.184838054733207,0.0932319358719117,6117
WT,G4_quartile,S9.6 (R-loop),Q4,-424.24242424242425,2.2837975992601103,0.09997170286024724,6117
WT,G4_quartile,S9.6 (R-loop),Q4,-383.83838383838383,2.3625044234297112,0.10403648954510072,6117
WT,G4_quartile,S9.6 (R-loop),Q4,-343.43434343434365,2.521607194496684,0.11431433916220203,6117
WT,G4_quartile,S9.6 (R-loop),Q4,-303.03030303030323,2.7087889841413415,0.12887111446564614,6117
WT,G4_quartile,S9.6 (R-loop),Q4,-262.6262626262628,2.9327763096395603,0.1449065634364079,6117
WT,G4_quartile,S9.6 (R-loop),Q4,-222.2222222222224,3.1956787747272317,0.1673985930003324,6117
WT,G4_quartile,S9.6 (R-loop),Q4,-181.81818181818198,3.4070803068973183,0.18534435778221103,6117
WT,G4_quartile,S9.6 (R-loop),Q4,-141.41414141414157,3.591340393844825,0.19709158270967886,6117
WT,G4_quartile,S9.6 (R-loop),Q4,-101.01010101010115,3.7746974338577335,0.20375442234660385,6117
WT,G4_quartile,S9.6 (R-loop),Q4,-60.60606060606074,3.865627747123076,0.20793979555386466,6117
WT,G4_quartile,S9.6 (R-loop),Q4,-20.20202020202032,3.876872867168237,0.20326517087034607,6117
WT,G4_quartile,S9.6 (R-loop),Q4,20.202020202020094,3.8463562814948493,0.19553541291924473,6117
WT,G4_quartile,S9.6 (R-loop),Q4,60.60606060606051,3.7580489194689695,0.18432720134998512,6117
WT,G4_quartile,S9.6 (R-loop),Q4,101.0101010101007,3.655986827706434,0.1770281241517691,6117
WT,G4_quartile,S9.6 (R-loop),Q4,141.41414141414134,3.579984555216336,0.17704540534074079,6117
WT,G4_quartile,S9.6 (R-loop),Q4,181.81818181818153,3.4220531174294098,0.17295976173838484,6117
WT,G4_quartile,S9.6 (R-loop),Q4,222.22222222222217,3.2266378751527194,0.16298831699490013,6117
WT,G4_quartile,S9.6 (R-loop),Q4,262.62626262626236,3.0606424682521625,0.1461239118449222,6117
WT,G4_quartile,S9.6 (R-loop),Q4,303.030303030303,2.9094182935959396,0.13619796641468987,6117
WT,G4_quartile,S9.6 (R-loop),Q4,343.4343434343432,2.7334280219222378,0.12076623633788973,6117
WT,G4_quartile,S9.6 (R-loop),Q4,383.83838383838383,2.5666476414464254,0.1071173733255212,6117
WT,G4_quartile,S9.6 (R-loop),Q4,424.242424242424,2.458644630350644,0.10119475262686126,6117
WT,G4_quartile,S9.6 (R-loop),Q4,464.64646464646466,2.3833354215043503,0.09734992451597488,6117
WT,G4_quartile,S9.6 (R-loop),Q4,505.05050505050485,2.316061740944334,0.09544363081111248,6117
WT,G4_quartile,S9.6 (R-loop),Q4,545.4545454545455,2.2665765062012526,0.09391584853527778,6117
WT,G4_quartile,S9.6 (R-loop),Q4,585.8585858585857,2.2634876084643207,0.09258318763869361,6117
WT,G4_quartile,S9.6 (R-loop),Q4,626.2626262626259,2.259981000904451,0.09437631964762645,6117
WT,G4_quartile,S9.6 (R-loop),Q4,666.6666666666665,2.2404575564691123,0.09597981598780844,6117
WT,G4_quartile,S9.6 (R-loop),Q4,707.0707070707067,2.2247657572385053,0.09812592231728902,6117
WT,G4_quartile,S9.6 (R-loop),Q4,747.4747474747473,2.1981830866480334,0.10575941749127137,6117
WT,G4_quartile,S9.6 (R-loop),Q4,787.8787878787875,2.1638947794324976,0.11197195411422842,6117
WT,G4_quartile,S9.6 (R-loop),Q4,828.2828282828282,2.1440195965647173,0.11889160690664222,6117
WT,G4_quartile,S9.6 (R-loop),Q4,868.6868686868684,2.1138097137901,0.12515681429340852,6117
WT,G4_quartile,S9.6 (R-loop),Q4,909.090909090909,2.0918521890431125,0.1260407539009043,6117
WT,G4_quartile,S9.6 (R-loop),Q4,949.4949494949492,2.081202647757722,0.10887251276815252,6117
WT,G4_quartile,S9.6 (R-loop),Q4,989.8989898989898,2.0624823644085555,0.10376616551980994,6117
WT,G4_quartile,S9.6 (R-loop),Q4,1030.30303030303,2.040927104397794,0.1025555876230404,6117
WT,G4_quartile,S9.6 (R-loop),Q4,1070.7070707070707,1.9698183345269444,0.09668882660698996,6117
WT,G4_quartile,S9.6 (R-loop),Q4,1111.1111111111109,1.8991858907456685,0.09186239254766168,6117
WT,G4_quartile,S9.6 (R-loop),Q4,1151.5151515151515,1.828161310771415,0.0864317480780708,6117
WT,G4_quartile,S9.6 (R-loop),Q4,1191.9191919191917,1.7938936743241332,0.08369218651735498,6117
WT,G4_quartile,S9.6 (R-loop),Q4,1232.3232323232323,1.809830002931663,0.08413358209982963,6117
WT,G4_quartile,S9.6 (R-loop),Q4,1272.7272727272725,1.8363109315858008,0.08454164245562872,6117
WT,G4_quartile,S9.6 (R-loop),Q4,1313.1313131313127,1.8173004013649454,0.07973724436147558,6117
WT,G4_quartile,S9.6 (R-loop),Q4,1353.5353535353534,1.8016223213077343,0.07962413038272224,6117
WT,G4_quartile,S9.6 (R-loop),Q4,1393.9393939393935,1.8304213383208383,0.08050512667144606,6117
WT,G4_quartile,S9.6 (R-loop),Q4,1434.3434343434342,1.8080101601130039,0.07564425880170762,6117
WT,G4_quartile,S9.6 (R-loop),Q4,1474.7474747474744,1.7940141263105904,0.07134854026735178,6117
WT,G4_quartile,S9.6 (R-loop),Q4,1515.151515151515,1.7697012778419527,0.07082653656307918,6117
WT,G4_quartile,S9.6 (R-loop),Q4,1555.5555555555552,1.7514879538643082,0.07096984333827154,6117
WT,G4_quartile,S9.6 (R-loop),Q4,1595.9595959595958,1.7204905738345706,0.07083989718654,6117
WT,G4_quartile,S9.6 (R-loop),Q4,1636.363636363636,1.6830747235718329,0.06817390328968352,6117
WT,G4_quartile,S9.6 (R-loop),Q4,1676.7676767676767,1.640320237173281,0.06518117857269708,6117
WT,G4_quartile,S9.6 (R-loop),Q4,1717.1717171717169,1.6432137887234508,0.06515044864240592,6117
WT,G4_quartile,S9.6 (R-loop),Q4,1757.5757575757575,1.6018568178540509,0.06482186888343486,6117
WT,G4_quartile,S9.6 (R-loop),Q4,1797.9797979797977,1.5648505774587103,0.0636234215682,6117
WT,G4_quartile,S9.6 (R-loop),Q4,1838.3838383838383,1.5563766026381953,0.06681976174883654,6117
WT,G4_quartile,S9.6 (R-loop),Q4,1878.7878787878785,1.585096591230142,0.07473762617548001,6117
WT,G4_quartile,S9.6 (R-loop),Q4,1919.1919191919187,1.638607689844127,0.08703157925835575,6117
WT,G4_quartile,S9.6 (R-loop),Q4,1959.5959595959594,1.684633523961836,0.09536697716564704,6117
WT,G4_quartile,S9.6 (R-loop),Q4,2000,1.6815814571704857,0.09785716356252398,6117
WT,Rloop_quartile,BG4 (G4),Q1,-2000,1.1872791417540403,0.02832207175461837,6121
WT,Rloop_quartile,BG4 (G4),Q1,-1959.5959595959596,1.1595961979238818,0.027453558948507012,6121
WT,Rloop_quartile,BG4 (G4),Q1,-1919.1919191919192,1.1437354754108968,0.02655315095709822,6121
WT,Rloop_quartile,BG4 (G4),Q1,-1878.7878787878788,1.1341105803104017,0.025184110863474635,6121
WT,Rloop_quartile,BG4 (G4),Q1,-1838.3838383838383,1.1234401348201974,0.022989187435174117,6121
WT,Rloop_quartile,BG4 (G4),Q1,-1797.979797979798,1.1180225953665857,0.022687055362553905,6121
WT,Rloop_quartile,BG4 (G4),Q1,-1757.5757575757575,1.1100424222862113,0.022181479082235007,6121
WT,Rloop_quartile,BG4 (G4),Q1,-1717.1717171717173,1.103975444575488,0.022190827198528183,6121
WT,Rloop_quartile,BG4 (G4),Q1,-1676.7676767676767,1.0975639343451664,0.02192519921244289,6121
WT,Rloop_quartile,BG4 (G4),Q1,-1636.3636363636365,1.0961129903776725,0.021778757542467626,6121
WT,Rloop_quartile,BG4 (G4),Q1,-1595.9595959595958,1.0898538015337438,0.02162839635479165,6121
WT,Rloop_quartile,BG4 (G4),Q1,-1555.5555555555557,1.0857705313059953,0.021658650832359412,6121
WT,Rloop_quartile,BG4 (G4),Q1,-1515.1515151515152,1.0818555902728317,0.021251633005922976,6121
WT,Rloop_quartile,BG4 (G4),Q1,-1474.7474747474748,1.067052699533887,0.020601959261007764,6121
WT,Rloop_quartile,BG4 (G4),Q1,-1434.3434343434344,1.0622179663913933,0.02013765166451312,6121
WT,Rloop_quartile,BG4 (G4),Q1,-1393.939393939394,1.05622355304304,0.019862378880868503,6121
WT,Rloop_quartile,BG4 (G4),Q1,-1353.5353535353536,1.0491060625647401,0.019604831166246003,6121
WT,Rloop_quartile,BG4 (G4),Q1,-1313.1313131313132,1.0367768537583635,0.019305790005301474,6121
WT,Rloop_quartile,BG4 (G4),Q1,-1272.7272727272727,1.0250313753718692,0.018781685330743408,6121
WT,Rloop_quartile,BG4 (G4),Q1,-1232.3232323232323,1.0256868539451998,0.018745998194011845,6121
WT,Rloop_quartile,BG4 (G4),Q1,-1191.919191919192,1.030093600582351,0.01898647902664325,6121
WT,Rloop_quartile,BG4 (G4),Q1,-1151.5151515151515,1.038410700706526,0.01941549923915494,6121
WT,Rloop_quartile,BG4 (G4),Q1,-1111.1111111111113,1.0527175666282866,0.01983731012780209,6121
WT,Rloop_quartile,BG4 (G4),Q1,-1070.7070707070707,1.060872468623922,0.020504248382243,6121
WT,Rloop_quartile,BG4 (G4),Q1,-1030.3030303030305,1.067221651520999,0.021367171901668067,6121
WT,Rloop_quartile,BG4 (G4),Q1,-989.89898989899,1.065333092526107,0.021655343446352622,6121
WT,Rloop_quartile,BG4 (G4),Q1,-949.4949494949497,1.0563901562302889,0.021143388317847626,6121
WT,Rloop_quartile,BG4 (G4),Q1,-909.0909090909092,1.0485368103929793,0.02061754508217085,6121
WT,Rloop_quartile,BG4 (G4),Q1,-868.6868686868688,1.0393431271328453,0.020235942021823904,6121
WT,Rloop_quartile,BG4 (G4),Q1,-828.2828282828284,1.0226681463686402,0.02004339387821268,6121
WT,Rloop_quartile,BG4 (G4),Q1,-787.878787878788,1.0185481215929548,0.019760372677412017,6121
WT,Rloop_quartile,BG4 (G4),Q1,-747.4747474747476,1.0156856259881264,0.019564756706684498,6121
WT,Rloop_quartile,BG4 (G4),Q1,-707.0707070707072,1.0219572159458783,0.019718458617858852,6121
WT,Rloop_quartile,BG4 (G4),Q1,-666.6666666666667,1.0370274019247898,0.020582485491535428,6121
WT,Rloop_quartile,BG4 (G4),Q1,-626.2626262626263,1.0582018654892649,0.021561661774319455,6121
WT,Rloop_quartile,BG4 (G4),Q1,-585.8585858585859,1.065429793705101,0.02195674817223729,6121
WT,Rloop_quartile,BG4 (G4),Q1,-545.4545454545455,1.0623265366836077,0.022031115135169692,6121
WT,Rloop_quartile,BG4 (G4),Q1,-505.0505050505051,1.066362497590031,0.022099572354440145,6121
WT,Rloop_quartile,BG4 (G4),Q1,-464.64646464646466,1.0542533351428383,0.021854279252179306,6121
WT,Rloop_quartile,BG4 (G4),Q1,-424.24242424242425,1.0445098739619616,0.021617634435833727,6121
WT,Rloop_quartile,BG4 (G4),Q1,-383.83838383838383,1.034454371915874,0.021292587623976626,6121
WT,Rloop_quartile,BG4 (G4),Q1,-343.43434343434365,1.0360722698387168,0.020922484152457798,6121
WT,Rloop_quartile,BG4 (G4),Q1,-303.03030303030323,1.0408311258794833,0.021176652983915314,6121
WT,Rloop_quartile,BG4 (G4),Q1,-262.6262626262628,1.0556787655450577,0.022122042584887782,6121
WT,Rloop_quartile,BG4 (G4),Q1,-222.2222222222224,1.0617812572778074,0.02226663911807907,6121
WT,Rloop_quartile,BG4 (G4),Q1,-181.81818181818198,1.0679967432872006,0.02220818983393463,6121
WT,Rloop_quartile,BG4 (G4),Q1,-141.41414141414157,1.0731612069658212,0.02248436159584416,6121
WT,Rloop_quartile,BG4 (G4),Q1,-101.01010101010115,1.0748307611051688,0.022939021625618485,6121
WT,Rloop_quartile,BG4 (G4),Q1,-60.60606060606074,1.0703090384291543,0.023057549031913205,6121
WT,Rloop_quartile,BG4 (G4),Q1,-20.20202020202032,1.0791224001449782,0.023254252580914347,6121
WT,Rloop_quartile,BG4 (G4),Q1,20.202020202020094,1.0813784273448266,0.02268819524236817,6121
WT,Rloop_quartile,BG4 (G4),Q1,60.60606060606051,1.0715452509475474,0.02195384246077732,6121
WT,Rloop_quartile,BG4 (G4),Q1,101.0101010101007,1.056904816039372,0.020779933948792254,6121
WT,Rloop_quartile,BG4 (G4),Q1,141.41414141414134,1.0405670660258788,0.020124647896377704,6121
WT,Rloop_quartile,BG4 (G4),Q1,181.81818181818153,1.0359139570621354,0.01934474039627292,6121
WT,Rloop_quartile,BG4 (G4),Q1,222.22222222222217,1.0313335939345112,0.019048738420424607,6121
WT,Rloop_quartile,BG4 (G4),Q1,262.62626262626236,1.0252555955226066,0.018846642701427805,6121
WT,Rloop_quartile,BG4 (G4),Q1,303.030303030303,1.0310641098926354,0.01898090544613941,6121
WT,Rloop_quartile,BG4 (G4),Q1,343.4343434343432,1.0348920087714244,0.019437641004087416,6121
WT,Rloop_quartile,BG4 (G4),Q1,383.83838383838383,1.0337441941706782,0.01950335488412695,6121
WT,Rloop_quartile,BG4 (G4),Q1,424.242424242424,1.0351226376422882,0.019791568838052685,6121
WT,Rloop_quartile,BG4 (G4),Q1,464.64646464646466,1.0253534041652697,0.019637308994536046,6121
WT,Rloop_quartile,BG4 (G4),Q1,505.05050505050485,1.0177406686908663,0.019414450295627193,6121
WT,Rloop_quartile,BG4 (G4),Q1,545.4545454545455,1.023027484223545,0.019300477843741313,6121
WT,Rloop_quartile,BG4 (G4),Q1,585.8585858585857,1.0285337584027248,0.019542999716685185,6121
WT,Rloop_quartile,BG4 (G4),Q1,626.2626262626259,1.0322317410321045,0.019687763086064944,6121
WT,Rloop_quartile,BG4 (G4),Q1,666.6666666666665,1.0370038986440548,0.01972594165186365,6121
WT,Rloop_quartile,BG4 (G4),Q1,707.0707070707067,1.0398998580050065,0.019712755552189425,6121
WT,Rloop_quartile,BG4 (G4),Q1,747.4747474747473,1.0454851972879384,0.019998907241503976,6121
WT,Rloop_quartile,BG4 (G4),Q1,787.8787878787875,1.0450397331227883,0.02069581074639717,6121
WT,Rloop_quartile,BG4 (G4),Q1,828.2828282828282,1.0552994538253104,0.021296655898079796,6121
WT,Rloop_quartile,BG4 (G4),Q1,868.6868686868684,1.0609171281460614,0.02109236002454088,6121
WT,Rloop_quartile,BG4 (G4),Q1,909.090909090909,1.0613169061210206,0.020965467496496054,6121
WT,Rloop_quartile,BG4 (G4),Q1,949.4949494949492,1.0708681864185756,0.020977476962816766,6121
WT,Rloop_quartile,BG4 (G4),Q1,989.8989898989898,1.069025964036531,0.020898970276486205,6121
WT,Rloop_quartile,BG4 (G4),Q1,1030.30303030303,1.0614947200552167,0.020567960192646003,6121
WT,Rloop_quartile,BG4 (G4),Q1,1070.7070707070707,1.054119280749873,0.02064275292372549,6121
WT,Rloop_quartile,BG4 (G4),Q1,1111.1111111111109,1.0563608466767556,0.02087601366999313,6121
WT,Rloop_quartile,BG4 (G4),Q1,1151.5151515151515,1.050851974804377,0.020855071559087203,6121
WT,Rloop_quartile,BG4 (G4),Q1,1191.9191919191917,1.0512399425736523,0.020950632042278254,6121
WT,Rloop_quartile,BG4 (G4),Q1,1232.3232323232323,1.0687983799871765,0.021071981848033095,6121
WT,Rloop_quartile,BG4 (G4),Q1,1272.7272727272725,1.0765062035229651,0.021317041451710983,6121
WT,Rloop_quartile,BG4 (G4),Q1,1313.1313131313127,1.094243501873222,0.022164632722482872,6121
WT,Rloop_quartile,BG4 (G4),Q1,1353.5353535353534,1.0965766034508238,0.02260790967627618,6121
WT,Rloop_quartile,BG4 (G4),Q1,1393.9393939393935,1.0880026390996966,0.021857491489015526,6121
WT,Rloop_quartile,BG4 (G4),Q1,1434.3434343434342,1.0877156805668247,0.02134984251314755,6121
WT,Rloop_quartile,BG4 (G4),Q1,1474.7474747474744,1.0827990476221196,0.020872231221220533,6121
WT,Rloop_quartile,BG4 (G4),Q1,1515.151515151515,1.0887920342367006,0.020705406492841315,6121
WT,Rloop_quartile,BG4 (G4),Q1,1555.5555555555552,1.0916499952037657,0.020738941262467423,6121
WT,Rloop_quartile,BG4 (G4),Q1,1595.9595959595958,1.094803126941989,0.020536345652812472,6121
WT,Rloop_quartile,BG4 (G4),Q1,1636.363636363636,1.0929780412918453,0.02034414629546321,6121
WT,Rloop_quartile,BG4 (G4),Q1,1676.7676767676767,1.088484377675265,0.02003546478507948,6121
WT,Rloop_quartile,BG4 (G4),Q1,1717.1717171717169,1.0884955546922435,0.019887587448611053,6121
WT,Rloop_quartile,BG4 (G4),Q1,1757.5757575757575,1.0889494250095133,0.019901785259686607,6121
WT,Rloop_quartile,BG4 (G4),Q1,1797.9797979797977,1.1002201373227172,0.020348013189647976,6121
WT,Rloop_quartile,BG4 (G4),Q1,1838.3838383838383,1.115103190079277,0.0209776193672212,6121
WT,Rloop_quartile,BG4 (G4),Q1,1878.7878787878785,1.1324245875670131,0.021725571920697642,6121
WT,Rloop_quartile,BG4 (G4),Q1,1919.1919191919187,1.1546395125364735,0.02274709812634441,6121
WT,Rloop_quartile,BG4 (G4),Q1,1959.5959595959594,1.172784522419732,0.024152406943302476,6121
WT,Rloop_quartile,BG4 (G4),Q1,2000,1.1867478673327967,0.02525460282265701,6121
WT,Rloop_quartile,BG4 (G4),Q2,-2000,1.733710414460494,0.03991370564806798,6113
WT,Rloop_quartile,BG4 (G4),Q2,-1959.5959595959596,1.717253367297263,0.03838247724962733,6113
WT,Rloop_quartile,BG4 (G4),Q2,-1919.1919191919192,1.696453216825198,0.03632165822456261,6113
WT,Rloop_quartile,BG4 (G4),Q2,-1878.7878787878788,1.6750530475886196,0.03505871140477299,6113
WT,Rloop_quartile,BG4 (G4),Q2,-1838.3838383838383,1.657997292653424,0.0339852499100746,6113
WT,Rloop_quartile,BG4 (G4),Q2,-1797.979797979798,1.6462838497249095,0.03373859698131452,6113
WT,Rloop_quartile,BG4 (G4),Q2,-1757.5757575757575,1.6352613981181143,0.0322420742319768,6113
WT,Rloop_quartile,BG4 (G4),Q2,-1717.1717171717173,1.624142953087003,0.031838121604065815,6113
WT,Rloop_quartile,BG4 (G4),Q2,-1676.7676767676767,1.5986694452553787,0.03184295844867173,6113
WT,Rloop_quartile,BG4 (G4),Q2,-1636.3636363636365,1.5875113976983508,0.03225171594721803,6113
WT,Rloop_quartile,BG4 (G4),Q2,-1595.9595959595958,1.5720239923841848,0.03236015681011121,6113
WT,Rloop_quartile,BG4 (G4),Q2,-1555.5555555555557,1.554581419414722,0.032048779654204544,6113
WT,Rloop_quartile,BG4 (G4),Q2,-1515.1515151515152,1.5387460283988874,0.03130497319164093,6113
WT,Rloop_quartile,BG4 (G4),Q2,-1474.7474747474748,1.5388855107219146,0.030617276973988167,6113
WT,Rloop_quartile,BG4 (G4),Q2,-1434.3434343434344,1.5470329858693914,0.03013885468492221,6113
WT,Rloop_quartile,BG4 (G4),Q2,-1393.939393939394,1.5492976999328083,0.029308433332705868,6113
WT,Rloop_quartile,BG4 (G4),Q2,-1353.5353535353536,1.5476122812120303,0.028361492597617444,6113
WT,Rloop_quartile,BG4 (G4),Q2,-1313.1313131313132,1.5469745725171065,0.027933434608516893,6113
WT,Rloop_quartile,BG4 (G4),Q2,-1272.7272727272727,1.5379725722024076,0.0276546307427998,6113
WT,Rloop_quartile,BG4 (G4),Q2,-1232.3232323232323,1.5358570666259717,0.027736394112393523,6113
WT,Rloop_quartile,BG4 (G4),Q2,-1191.919191919192,1.5388917893867484,0.027750947835562312,6113
WT,Rloop_quartile,BG4 (G4),Q2,-1151.5151515151515,1.5387035549804093,0.02746265261659772,6113
WT,Rloop_quartile,BG4 (G4),Q2,-1111.1111111111113,1.5461626940331483,0.02713779141198959,6113
WT,Rloop_quartile,BG4 (G4),Q2,-1070.7070707070707,1.5494722021683496,0.02710662360183074,6113
WT,Rloop_quartile,BG4 (G4),Q2,-1030.3030303030305,1.5518025528968522,0.026816282136759805,6113
WT,Rloop_quartile,BG4 (G4),Q2,-989.89898989899,1.553417048705781,0.02647631900060117,6113
WT,Rloop_quartile,BG4 (G4),Q2,-949.4949494949497,1.5498347168970599,0.02595175549462475,6113
WT,Rloop_quartile,BG4 (G4),Q2,-909.0909090909092,1.556237666341942,0.02597014394603598,6113
WT,Rloop_quartile,BG4 (G4),Q2,-868.6868686868688,1.56556792472935,0.02583372702729442,6113
WT,Rloop_quartile,BG4 (G4),Q2,-828.2828282828284,1.5649457666540432,0.02584077819980831,6113
WT,Rloop_quartile,BG4 (G4),Q2,-787.878787878788,1.5635737901381415,0.026255832562826275,6113
WT,Rloop_quartile,BG4 (G4),Q2,-747.4747474747476,1.5662225192343249,0.026444143548159944,6113
WT,Rloop_quartile,BG4 (G4),Q2,-707.0707070707072,1.56288822938253,0.026439876345964366,6113
WT,Rloop_quartile,BG4 (G4),Q2,-666.6666666666667,1.561948342246211,0.026546606424587213,6113
WT,Rloop_quartile,BG4 (G4),Q2,-626.2626262626263,1.5617605672968746,0.02648046437097378,6113
WT,Rloop_quartile,BG4 (G4),Q2,-585.8585858585859,1.5660919015221215,0.026506650068644756,6113
WT,Rloop_quartile,BG4 (G4),Q2,-545.4545454545455,1.5756973380474864,0.026589088566123652,6113
WT,Rloop_quartile,BG4 (G4),Q2,-505.0505050505051,1.5812231973010573,0.02629556006639022,6113
WT,Rloop_quartile,BG4 (G4),Q2,-464.64646464646466,1.579955446471757,0.026220330460040138,6113
WT,Rloop_quartile,BG4 (G4),Q2,-424.24242424242425,1.5847923297140343,0.02678268920712132,6113
WT,Rloop_quartile,BG4 (G4),Q2,-383.83838383838383,1.5828548535428806,0.027147684472909942,6113
WT,Rloop_quartile,BG4 (G4),Q2,-343.43434343434365,1.5682748781316787,0.027340415702206775,6113
WT,Rloop_quartile,BG4 (G4),Q2,-303.03030303030323,1.5665830026642749,0.02779412831400009,6113
WT,Rloop_quartile,BG4 (G4),Q2,-262.6262626262628,1.56963932766517,0.028074835419254634,6113
WT,Rloop_quartile,BG4 (G4),Q2,-222.2222222222224,1.5734600438472954,0.02876355273811517,6113
WT,Rloop_quartile,BG4 (G4),Q2,-181.81818181818198,1.5670484113212702,0.02885918434893829,6113
WT,Rloop_quartile,BG4 (G4),Q2,-141.41414141414157,1.5651406361421005,0.02882026996355807,6113
WT,Rloop_quartile,BG4 (G4),Q2,-101.01010101010115,1.57198199604347,0.02919648438480627,6113
WT,Rloop_quartile,BG4 (G4),Q2,-60.60606060606074,1.5646369095957782,0.028687878152345594,6113
WT,Rloop_quartile,BG4 (G4),Q2,-20.20202020202032,1.5612939372259693,0.028250017893439797,6113
WT,Rloop_quartile,BG4 (G4),Q2,20.202020202020094,1.5605806567217209,0.028200246696660932,6113
WT,Rloop_quartile,BG4 (G4),Q2,60.60606060606051,1.5600550475093053,0.027726188210928465,6113
WT,Rloop_quartile,BG4 (G4),Q2,101.0101010101007,1.562411737996077,0.027687522069530852,6113
WT,Rloop_quartile,BG4 (G4),Q2,141.41414141414134,1.5566122103786015,0.027337456070850575,6113
WT,Rloop_quartile,BG4 (G4),Q2,181.81818181818153,1.5527507547147998,0.027251811405163938,6113
WT,Rloop_quartile,BG4 (G4),Q2,222.22222222222217,1.550633465619087,0.026942931555952763,6113
WT,Rloop_quartile,BG4 (G4),Q2,262.62626262626236,1.5533374333909524,0.026737911359552686,6113
WT,Rloop_quartile,BG4 (G4),Q2,303.030303030303,1.5429327156683181,0.026952179091456054,6113
WT,Rloop_quartile,BG4 (G4),Q2,343.4343434343432,1.534282660362719,0.02734767704451346,6113
WT,Rloop_quartile,BG4 (G4),Q2,383.83838383838383,1.5213339889326418,0.027663659663337097,6113
WT,Rloop_quartile,BG4 (G4),Q2,424.242424242424,1.5183806350739488,0.028188513346043248,6113
WT,Rloop_quartile,BG4 (G4),Q2,464.64646464646466,1.5154929368103969,0.028266524689910134,6113
WT,Rloop_quartile,BG4 (G4),Q2,505.05050505050485,1.51939705139094,0.027835549549066266,6113
WT,Rloop_quartile,BG4 (G4),Q2,545.4545454545455,1.5320582054469412,0.02760290061154853,6113
WT,Rloop_quartile,BG4 (G4),Q2,585.8585858585857,1.536035219633403,0.027197380806282857,6113
WT,Rloop_quartile,BG4 (G4),Q2,626.2626262626259,1.5388897803242547,0.02704960409309146,6113
WT,Rloop_quartile,BG4 (G4),Q2,666.6666666666665,1.5371193537393,0.026881660056675666,6113
WT,Rloop_quartile,BG4 (G4),Q2,707.0707070707067,1.5405099221420158,0.02684719381261886,6113
WT,Rloop_quartile,BG4 (G4),Q2,747.4747474747473,1.5319258239558793,0.026390307555028004,6113
WT,Rloop_quartile,BG4 (G4),Q2,787.8787878787875,1.539501860119298,0.027056784837232593,6113
WT,Rloop_quartile,BG4 (G4),Q2,828.2828282828282,1.5448514494264554,0.02761788531112907,6113
WT,Rloop_quartile,BG4 (G4),Q2,868.6868686868684,1.5305708330969348,0.027423605682201462,6113
WT,Rloop_quartile,BG4 (G4),Q2,909.090909090909,1.5309570357927762,0.02749272816515815,6113
WT,Rloop_quartile,BG4 (G4),Q2,949.4949494949492,1.5417900729954161,0.028391506889417422,6113
WT,Rloop_quartile,BG4 (G4),Q2,989.8989898989898,1.5519601901460631,0.028921351579102247,6113
WT,Rloop_quartile,BG4 (G4),Q2,1030.30303030303,1.5582446199431401,0.029310053238139278,6113
WT,Rloop_quartile,BG4 (G4),Q2,1070.7070707070707,1.5580803561754706,0.02949112688300891,6113
WT,Rloop_quartile,BG4 (G4),Q2,1111.1111111111109,1.5620800283607583,0.030121809774207593,6113
WT,Rloop_quartile,BG4 (G4),Q2,1151.5151515151515,1.5646038310488743,0.030473780209474027,6113
WT,Rloop_quartile,BG4 (G4),Q2,1191.9191919191917,1.5747533903553634,0.030611166351235494,6113
WT,Rloop_quartile,BG4 (G4),Q2,1232.3232323232323,1.5867263170859383,0.030401590356764437,6113
WT,Rloop_quartile,BG4 (G4),Q2,1272.7272727272725,1.5896673486842925,0.030530852672587018,6113
WT,Rloop_quartile,BG4 (G4),Q2,1313.1313131313127,1.586145498946292,0.030707553398933825,6113
WT,Rloop_quartile,BG4 (G4),Q2,1353.5353535353534,1.599825659685141,0.031177120286221466,6113
WT,Rloop_quartile,BG4 (G4),Q2,1393.9393939393935,1.6037449953505027,0.031207539029355916,6113
WT,Rloop_quartile,BG4 (G4),Q2,1434.3434343434342,1.6148783126609565,0.03133709150923677,6113
WT,Rloop_quartile,BG4 (G4),Q2,1474.7474747474744,1.6203079256735502,0.031180086096317037,6113
WT,Rloop_quartile,BG4 (G4),Q2,1515.151515151515,1.6191723047733815,0.030608380171098064,6113
WT,Rloop_quartile,BG4 (G4),Q2,1555.5555555555552,1.6326575944806045,0.030741188760350067,6113
WT,Rloop_quartile,BG4 (G4),Q2,1595.9595959595958,1.642173086327806,0.031266222657319966,6113
WT,Rloop_quartile,BG4 (G4),Q2,1636.363636363636,1.642283455052348,0.03185305473671366,6113
WT,Rloop_quartile,BG4 (G4),Q2,1676.7676767676767,1.6415538341718876,0.03259335380678341,6113
WT,Rloop_quartile,BG4 (G4),Q2,1717.1717171717169,1.6497188022507623,0.03379162814354813,6113
WT,Rloop_quartile,BG4 (G4),Q2,1757.5757575757575,1.6641759025507583,0.0351501735555229,6113
WT,Rloop_quartile,BG4 (G4),Q2,1797.9797979797977,1.6889065469344113,0.0358611138755331,6113
WT,Rloop_quartile,BG4 (G4),Q2,1838.3838383838383,1.7044437677768811,0.036249283904960294,6113
WT,Rloop_quartile,BG4 (G4),Q2,1878.7878787878785,1.7218761709586985,0.036134967428006246,6113
WT,Rloop_quartile,BG4 (G4),Q2,1919.1919191919187,1.7479681726319811,0.03709689901843414,6113
WT,Rloop_quartile,BG4 (G4),Q2,1959.5959595959594,1.7815482577757416,0.0392624955189262,6113
WT,Rloop_quartile,BG4 (G4),Q2,2000,1.782979736415403,0.0404799177194948,6113
WT,Rloop_quartile,BG4 (G4),Q3,-2000,2.032281941049303,0.0456486155771102,6117
WT,Rloop_quartile,BG4 (G4),Q3,-1959.5959595959596,2.0201225112035384,0.044189774930018265,6117
WT,Rloop_quartile,BG4 (G4),Q3,-1919.1919191919192,1.9999092786770645,0.04226241939240581,6117
WT,Rloop_quartile,BG4 (G4),Q3,-1878.7878787878788,1.9917596709085914,0.040960741609649694,6117
WT,Rloop_quartile,BG4 (G4),Q3,-1838.3838383838383,1.9854464674077659,0.039945783706714866,6117
WT,Rloop_quartile,BG4 (G4),Q3,-1797.979797979798,1.9704389164274596,0.03983829248238115,6117
WT,Rloop_quartile,BG4 (G4),Q3,-1757.5757575757575,1.9592838202110896,0.04001577472803766,6117
WT,Rloop_quartile,BG4 (G4),Q3,-1717.1717171717173,1.9542827107736007,0.0401883181903484,6117
WT,Rloop_quartile,BG4 (G4),Q3,-1676.7676767676767,1.9588760489811061,0.040255861876667756,6117
WT,Rloop_quartile,BG4 (G4),Q3,-1636.3636363636365,1.9599538528809712,0.04058212221781415,6117
WT,Rloop_quartile,BG4 (G4),Q3,-1595.9595959595958,1.9720757192115792,0.040818780500135696,6117
WT,Rloop_quartile,BG4 (G4),Q3,-1555.5555555555557,1.9847732906574846,0.04132508663014032,6117
WT,Rloop_quartile,BG4 (G4),Q3,-1515.1515151515152,1.9925439766140238,0.04236197756914649,6117
WT,Rloop_quartile,BG4 (G4),Q3,-1474.7474747474748,1.9932787264922114,0.04301931793456927,6117
WT,Rloop_quartile,BG4 (G4),Q3,-1434.3434343434344,1.9870441584084464,0.04330557176100304,6117
WT,Rloop_quartile,BG4 (G4),Q3,-1393.939393939394,1.9859748601864498,0.04352006975737527,6117
WT,Rloop_quartile,BG4 (G4),Q3,-1353.5353535353536,1.9741702420080254,0.0442095534040478,6117
WT,Rloop_quartile,BG4 (G4),Q3,-1313.1313131313132,1.9642149025707931,0.043235873593104455,6117
WT,Rloop_quartile,BG4 (G4),Q3,-1272.7272727272727,1.9511351650414097,0.04313759804653116,6117
WT,Rloop_quartile,BG4 (G4),Q3,-1232.3232323232323,1.9501937357758559,0.04273222893116744,6117
WT,Rloop_quartile,BG4 (G4),Q3,-1191.919191919192,1.9594026577556043,0.04348518189959797,6117
WT,Rloop_quartile,BG4 (G4),Q3,-1151.5151515151515,1.967804906156138,0.044180555863810804,6117
WT,Rloop_quartile,BG4 (G4),Q3,-1111.1111111111113,1.9564262428036887,0.044094838522786416,6117
WT,Rloop_quartile,BG4 (G4),Q3,-1070.7070707070707,1.9511851428501754,0.04381764443858765,6117
WT,Rloop_quartile,BG4 (G4),Q3,-1030.3030303030305,1.9578127431204844,0.04340078913072395,6117
WT,Rloop_quartile,BG4 (G4),Q3,-989.89898989899,1.9744046905745307,0.04386699771313922,6117
WT,Rloop_quartile,BG4 (G4),Q3,-949.4949494949497,1.9731398080297644,0.04373208466659722,6117
WT,Rloop_quartile,BG4 (G4),Q3,-909.0909090909092,1.9588719007002084,0.04231508452393546,6117
WT,Rloop_quartile,BG4 (G4),Q3,-868.6868686868688,1.9517489435006439,0.04113309292218886,6117
WT,Rloop_quartile,BG4 (G4),Q3,-828.2828282828284,1.9543192452959979,0.040704704736748774,6117
WT,Rloop_quartile,BG4 (G4),Q3,-787.878787878788,1.9553806906531421,0.04070603625551888,6117
WT,Rloop_quartile,BG4 (G4),Q3,-747.4747474747476,1.9768506498289378,0.04131359646005745,6117
WT,Rloop_quartile,BG4 (G4),Q3,-707.0707070707072,1.9915554721545214,0.04243944300312126,6117
WT,Rloop_quartile,BG4 (G4),Q3,-666.6666666666667,2.00395537294694,0.04434479309817308,6117
WT,Rloop_quartile,BG4 (G4),Q3,-626.2626262626263,2.031250689138346,0.046406588015392804,6117
WT,Rloop_quartile,BG4 (G4),Q3,-585.8585858585859,2.03879509016225,0.04743674068753815,6117
WT,Rloop_quartile,BG4 (G4),Q3,-545.4545454545455,2.052691047780898,0.048386373933395524,6117
WT,Rloop_quartile,BG4 (G4),Q3,-505.0505050505051,2.0563867594386473,0.04697589210518533,6117
WT,Rloop_quartile,BG4 (G4),Q3,-464.64646464646466,2.0509089310772697,0.044790473985960706,6117
WT,Rloop_quartile,BG4 (G4),Q3,-424.24242424242425,2.0420403406914196,0.04367152118720673,6117
WT,Rloop_quartile,BG4 (G4),Q3,-383.83838383838383,2.0245539677001454,0.042853407058470155,6117
WT,Rloop_quartile,BG4 (G4),Q3,-343.43434343434365,2.008037762853813,0.04250383029176046,6117
WT,Rloop_quartile,BG4 (G4),Q3,-303.03030303030323,2.013908556982329,0.04379367758612237,6117
WT,Rloop_quartile,BG4 (G4),Q3,-262.6262626262628,2.013169874647035,0.04484634213281205,6117
WT,Rloop_quartile,BG4 (G4),Q3,-222.2222222222224,2.020127091821014,0.04513477153734171,6117
WT,Rloop_quartile,BG4 (G4),Q3,-181.81818181818198,2.012405017508997,0.04461854517656156,6117
WT,Rloop_quartile,BG4 (G4),Q3,-141.41414141414157,2.014318747891266,0.04437425781538197,6117
WT,Rloop_quartile,BG4 (G4),Q3,-101.01010101010115,2.0220612024531297,0.044346000778863484,6117
WT,Rloop_quartile,BG4 (G4),Q3,-60.60606060606074,2.0358872696601593,0.04543397735752272,6117
WT,Rloop_quartile,BG4 (G4),Q3,-20.20202020202032,2.0393952202513357,0.045918117285979894,6117
WT,Rloop_quartile,BG4 (G4),Q3,20.202020202020094,2.0279421788044245,0.04620124120103724,6117
WT,Rloop_quartile,BG4 (G4),Q3,60.60606060606051,2.023992694778621,0.04600953198888361,6117
WT,Rloop_quartile,BG4 (G4),Q3,101.0101010101007,2.018817537533904,0.046214349383566465,6117
WT,Rloop_quartile,BG4 (G4),Q3,141.41414141414134,2.022429383638871,0.04736935446921348,6117
WT,Rloop_quartile,BG4 (G4),Q3,181.81818181818153,2.0195903879337744,0.048085353034154836,6117
WT,Rloop_quartile,BG4 (G4),Q3,222.22222222222217,2.0104608537274666,0.0475359447900315,6117
WT,Rloop_quartile,BG4 (G4),Q3,262.62626262626236,2.0092536171564146,0.04689518294650503,6117
WT,Rloop_quartile,BG4 (G4),Q3,303.030303030303,1.9957800112451325,0.045706674260008406,6117
WT,Rloop_quartile,BG4 (G4),Q3,343.4343434343432,1.9884560178891246,0.04563284424805611,6117
WT,Rloop_quartile,BG4 (G4),Q3,383.83838383838383,1.9892561487982094,0.045492461381741824,6117
WT,Rloop_quartile,BG4 (G4),Q3,424.242424242424,1.9914561447680394,0.045527120065698395,6117
WT,Rloop_quartile,BG4 (G4),Q3,464.64646464646466,1.9668948366158603,0.04405237743428267,6117
WT,Rloop_quartile,BG4 (G4),Q3,505.05050505050485,1.952934131545999,0.043229587314511105,6117
WT,Rloop_quartile,BG4 (G4),Q3,545.4545454545455,1.9295018765772016,0.041960227149138656,6117
WT,Rloop_quartile,BG4 (G4),Q3,585.8585858585857,1.9269330196303114,0.04164406420161001,6117
WT,Rloop_quartile,BG4 (G4),Q3,626.2626262626259,1.9178305462198895,0.04148550498296493,6117
WT,Rloop_quartile,BG4 (G4),Q3,666.6666666666665,1.9012802592398386,0.041611725807202966,6117
WT,Rloop_quartile,BG4 (G4),Q3,707.0707070707067,1.8874923371490426,0.04077745838772258,6117
WT,Rloop_quartile,BG4 (G4),Q3,747.4747474747473,1.8791462799679972,0.04039442891602443,6117
WT,Rloop_quartile,BG4 (G4),Q3,787.8787878787875,1.8896096639468014,0.04078249389413688,6117
WT,Rloop_quartile,BG4 (G4),Q3,828.2828282828282,1.9063239304322268,0.04209424741488336,6117
WT,Rloop_quartile,BG4 (G4),Q3,868.6868686868684,1.9217760444148553,0.04313780037219893,6117
WT,Rloop_quartile,BG4 (G4),Q3,909.090909090909,1.9308742434383594,0.04292978627882122,6117
WT,Rloop_quartile,BG4 (G4),Q3,949.4949494949492,1.9284312287132752,0.041681778247251354,6117
WT,Rloop_quartile,BG4 (G4),Q3,989.8989898989898,1.9119341028658792,0.04110257522247803,6117
WT,Rloop_quartile,BG4 (G4),Q3,1030.30303030303,1.9094317587383371,0.04182791885383465,6117
WT,Rloop_quartile,BG4 (G4),Q3,1070.7070707070707,1.9119832694628747,0.04279544557027022,6117
WT,Rloop_quartile,BG4 (G4),Q3,1111.1111111111109,1.9126198429747923,0.04357259254008259,6117
WT,Rloop_quartile,BG4 (G4),Q3,1151.5151515151515,1.9124333516398078,0.04357738896924077,6117
WT,Rloop_quartile,BG4 (G4),Q3,1191.9191919191917,1.9243174246789532,0.04340042523353279,6117
WT,Rloop_quartile,BG4 (G4),Q3,1232.3232323232323,1.9435828334238243,0.04363532886145255,6117
WT,Rloop_quartile,BG4 (G4),Q3,1272.7272727272725,1.9687822587592219,0.044570260022707364,6117
WT,Rloop_quartile,BG4 (G4),Q3,1313.1313131313127,1.9816671585688996,0.04450883537652554,6117
WT,Rloop_quartile,BG4 (G4),Q3,1353.5353535353534,1.9872468505342686,0.04452799424594235,6117
WT,Rloop_quartile,BG4 (G4),Q3,1393.9393939393935,1.979054528728241,0.043385253973292015,6117
WT,Rloop_quartile,BG4 (G4),Q3,1434.3434343434342,1.9587383937823957,0.042301955047415546,6117
WT,Rloop_quartile,BG4 (G4),Q3,1474.7474747474744,1.9349019268256884,0.04141551338981724,6117
WT,Rloop_quartile,BG4 (G4),Q3,1515.151515151515,1.9291406185747173,0.04143014180007339,6117
WT,Rloop_quartile,BG4 (G4),Q3,1555.5555555555552,1.9253264226517057,0.041309258954488934,6117
WT,Rloop_quartile,BG4 (G4),Q3,1595.9595959595958,1.9186601043257976,0.04022113523211864,6117
WT,Rloop_quartile,BG4 (G4),Q3,1636.363636363636,1.927815086304441,0.04041309390487957,6117
WT,Rloop_quartile,BG4 (G4),Q3,1676.7676767676767,1.9449819046090422,0.04091969692609299,6117
WT,Rloop_quartile,BG4 (G4),Q3,1717.1717171717169,1.9623395692828112,0.04135382870951747,6117
WT,Rloop_quartile,BG4 (G4),Q3,1757.5757575757575,1.9528893434964214,0.0411547317908296,6117
WT,Rloop_quartile,BG4 (G4),Q3,1797.9797979797977,1.9519336678740966,0.04186870691595752,6117
WT,Rloop_quartile,BG4 (G4),Q3,1838.3838383838383,1.957188071461621,0.04224260411474468,6117
WT,Rloop_quartile,BG4 (G4),Q3,1878.7878787878785,1.9722987973442876,0.04267607693602487,6117
WT,Rloop_quartile,BG4 (G4),Q3,1919.1919191919187,1.9885786388149567,0.04384493869275373,6117
WT,Rloop_quartile,BG4 (G4),Q3,1959.5959595959594,2.0063836162825703,0.04510281074955976,6117
WT,Rloop_quartile,BG4 (G4),Q3,2000,2.012057544640943,0.04660667443752818,6117
WT,Rloop_quartile,BG4 (G4),Q4,-2000,3.522970826886755,0.1283517915247473,6117
WT,Rloop_quartile,BG4 (G4),Q4,-1959.5959595959596,3.588704364473381,0.12971736750929982,6117
WT,Rloop_quartile,BG4 (G4),Q4,-1919.1919191919192,3.6250645217550903,0.1285928539429325,6117
WT,Rloop_quartile,BG4 (G4),Q4,-1878.7878787878788,3.6510652133508406,0.127012130055731,6117
WT,Rloop_quartile,BG4 (G4),Q4,-1838.3838383838383,3.6846525484194608,0.12777132705501054,6117
WT,Rloop_quartile,BG4 (G4),Q4,-1797.979797979798,3.696524534984762,0.12780214088636463,6117
WT,Rloop_quartile,BG4 (G4),Q4,-1757.5757575757575,3.725425555628503,0.12892014419927736,6117
WT,Rloop_quartile,BG4 (G4),Q4,-1717.1717171717173,3.7409915929933444,0.12878797710254103,6117
WT,Rloop_quartile,BG4 (G4),Q4,-1676.7676767676767,3.761661794516463,0.12789500788546046,6117
WT,Rloop_quartile,BG4 (G4),Q4,-1636.3636363636365,3.757613337175346,0.1249535666384959,6117
WT,Rloop_quartile,BG4 (G4),Q4,-1595.9595959595958,3.772130853020591,0.12325684492296135,6117
WT,Rloop_quartile,BG4 (G4),Q4,-1555.5555555555557,3.7609215234838698,0.1191236877184143,6117
WT,Rloop_quartile,BG4 (G4),Q4,-1515.1515151515152,3.75604225470518,0.11716605609745617,6117
WT,Rloop_quartile,BG4 (G4),Q4,-1474.7474747474748,3.7714024252128273,0.11729124521771751,6117
WT,Rloop_quartile,BG4 (G4),Q4,-1434.3434343434344,3.748726093961901,0.1171070452502959,6117
WT,Rloop_quartile,BG4 (G4),Q4,-1393.939393939394,3.7490708964102666,0.11808542436715494,6117
WT,Rloop_quartile,BG4 (G4),Q4,-1353.5353535353536,3.783687898899748,0.12304180468379008,6117
WT,Rloop_quartile,BG4 (G4),Q4,-1313.1313131313132,3.8376117321101963,0.13054838264655694,6117
WT,Rloop_quartile,BG4 (G4),Q4,-1272.7272727272727,3.882609548143933,0.1356647326636978,6117
WT,Rloop_quartile,BG4 (G4),Q4,-1232.3232323232323,3.9258979776802616,0.13818755708605876,6117
WT,Rloop_quartile,BG4 (G4),Q4,-1191.919191919192,3.9313184447674274,0.13946118259466248,6117
WT,Rloop_quartile,BG4 (G4),Q4,-1151.5151515151515,3.904735061875269,0.1370292924456752,6117
WT,Rloop_quartile,BG4 (G4),Q4,-1111.1111111111113,3.9211652992773236,0.13642965638709786,6117
WT,Rloop_quartile,BG4 (G4),Q4,-1070.7070707070707,3.9629227338418893,0.1376939543944801,6117
WT,Rloop_quartile,BG4 (G4),Q4,-1030.3030303030305,3.999676179082477,0.1376283851969737,6117
WT,Rloop_quartile,BG4 (G4),Q4,-989.89898989899,4.026791830150637,0.13768250585667358,6117
WT,Rloop_quartile,BG4 (G4),Q4,-949.4949494949497,4.05845445553989,0.13641035968470125,6117
WT,Rloop_quartile,BG4 (G4),Q4,-909.0909090909092,4.067381593260953,0.13398871847084057,6117
WT,Rloop_quartile,BG4 (G4),Q4,-868.6868686868688,4.063000109315685,0.13007751502773485,6117
WT,Rloop_quartile,BG4 (G4),Q4,-828.2828282828284,4.053955917401558,0.1264134506785061,6117
WT,Rloop_quartile,BG4 (G4),Q4,-787.878787878788,4.074682923747295,0.12433181005929354,6117
WT,Rloop_quartile,BG4 (G4),Q4,-747.4747474747476,4.111690162832313,0.12603224794794962,6117
WT,Rloop_quartile,BG4 (G4),Q4,-707.0707070707072,4.159976729025521,0.12795649524949745,6117
WT,Rloop_quartile,BG4 (G4),Q4,-666.6666666666667,4.209481231002035,0.12813565593510046,6117
WT,Rloop_quartile,BG4 (G4),Q4,-626.2626262626263,4.26137505510573,0.12751142565354198,6117
WT,Rloop_quartile,BG4 (G4),Q4,-585.8585858585859,4.333069516324281,0.1296450112046219,6117
WT,Rloop_quartile,BG4 (G4),Q4,-545.4545454545455,4.430829475584721,0.13451409456482494,6117
WT,Rloop_quartile,BG4 (G4),Q4,-505.0505050505051,4.55999119582961,0.14186144312823995,6117
WT,Rloop_quartile,BG4 (G4),Q4,-464.64646464646466,4.702948944276642,0.15232254542083196,6117
WT,Rloop_quartile,BG4 (G4),Q4,-424.24242424242425,4.885052740983867,0.16516914774910554,6117
WT,Rloop_quartile,BG4 (G4),Q4,-383.83838383838383,5.087196986199718,0.1758352143069733,6117
WT,Rloop_quartile,BG4 (G4),Q4,-343.43434343434365,5.331959770499253,0.18726273453977849,6117
WT,Rloop_quartile,BG4 (G4),Q4,-303.03030303030323,5.619725492995103,0.2008807159177822,6117
WT,Rloop_quartile,BG4 (G4),Q4,-262.6262626262628,5.905473502440237,0.2142660033394256,6117
WT,Rloop_quartile,BG4 (G4),Q4,-222.2222222222224,6.207210889840161,0.22943760305696215,6117
WT,Rloop_quartile,BG4 (G4),Q4,-181.81818181818198,6.516003076283612,0.2430555023109979,6117
WT,Rloop_quartile,BG4 (G4),Q4,-141.41414141414157,6.815613303107705,0.25510271280311103,6117
WT,Rloop_quartile,BG4 (G4),Q4,-101.01010101010115,7.047943323219586,0.26028683481271647,6117
WT,Rloop_quartile,BG4 (G4),Q4,-60.60606060606074,7.199861859718875,0.25993110105910316,6117
WT,Rloop_quartile,BG4 (G4),Q4,-20.20202020202032,7.184535665741224,0.2527427892271666,6117
WT,Rloop_quartile,BG4 (G4),Q4,20.202020202020094,7.081625095917827,0.24095432794100974,6117
WT,Rloop_quartile,BG4 (G4),Q4,60.60606060606051,6.9145087314719875,0.22847091279160825,6117
WT,Rloop_quartile,BG4 (G4),Q4,101.0101010101007,6.702106591403456,0.214583669278647,6117
WT,Rloop_quartile,BG4 (G4),Q4,141.41414141414134,6.5027208110694,0.2034620704424802,6117
WT,Rloop_quartile,BG4 (G4),Q4,181.81818181818153,6.327090303165461,0.1940939680875281,6117
WT,Rloop_quartile,BG4 (G4),Q4,222.22222222222217,6.10855081843766,0.18481144302054317,6117
WT,Rloop_quartile,BG4 (G4),Q4,262.62626262626236,5.827962689775516,0.17344161810642175,6117
WT,Rloop_quartile,BG4 (G4),Q4,303.030303030303,5.594210489951987,0.16662150635455125,6117
WT,Rloop_quartile,BG4 (G4),Q4,343.4343434343432,5.394377115184767,0.16031686123194303,6117
WT,Rloop_quartile,BG4 (G4),Q4,383.83838383838383,5.2250060340224405,0.15490787843623882,6117
WT,Rloop_quartile,BG4 (G4),Q4,424.242424242424,5.066366655450984,0.14820500542287188,6117
WT,Rloop_quartile,BG4 (G4),Q4,464.64646464646466,4.91980310948589,0.14231831121223176,6117
WT,Rloop_quartile,BG4 (G4),Q4,505.05050505050485,4.804193999461087,0.14151623707667657,6117
WT,Rloop_quartile,BG4 (G4),Q4,545.4545454545455,4.72111443356965,0.14170063781599812,6117
WT,Rloop_quartile,BG4 (G4),Q4,585.8585858585857,4.683748599233864,0.14398185138367575,6117
WT,Rloop_quartile,BG4 (G4),Q4,626.2626262626259,4.635406121310463,0.14628968340194679,6117
WT,Rloop_quartile,BG4 (G4),Q4,666.6666666666665,4.573052748140678,0.14841488423344418,6117
WT,Rloop_quartile,BG4 (G4),Q4,707.0707070707067,4.509613721845377,0.1494764784647585,6117
WT,Rloop_quartile,BG4 (G4),Q4,747.4747474747473,4.471278809496934,0.15026008792514658,6117
WT,Rloop_quartile,BG4 (G4),Q4,787.8787878787875,4.422526288725873,0.15005062203916666,6117
WT,Rloop_quartile,BG4 (G4),Q4,828.2828282828282,4.369872247194757,0.14963111626913617,6117
WT,Rloop_quartile,BG4 (G4),Q4,868.6868686868684,4.316552209177216,0.1513645755282751,6117
WT,Rloop_quartile,BG4 (G4),Q4,909.090909090909,4.292742661898149,0.15232024362490412,6117
WT,Rloop_quartile,BG4 (G4),Q4,949.4949494949492,4.25961942838023,0.1506760196533048,6117
WT,Rloop_quartile,BG4 (G4),Q4,989.8989898989898,4.256914788526245,0.15009622110084964,6117
WT,Rloop_quartile,BG4 (G4),Q4,1030.30303030303,4.262115706878123,0.1516940301149445,6117
WT,Rloop_quartile,BG4 (G4),Q4,1070.7070707070707,4.226013001741116,0.1509770452040843,6117
WT,Rloop_quartile,BG4 (G4),Q4,1111.1111111111109,4.172463124827835,0.15043792483137972,6117
WT,Rloop_quartile,BG4 (G4),Q4,1151.5151515151515,4.12876134688188,0.14872521095595337,6117
WT,Rloop_quartile,BG4 (G4),Q4,1191.9191919191917,4.123114636878112,0.15276945475269246,6117
WT,Rloop_quartile,BG4 (G4),Q4,1232.3232323232323,4.0986546155630785,0.15318870159685224,6117
WT,Rloop_quartile,BG4 (G4),Q4,1272.7272727272725,4.057168719406635,0.1502085847300146,6117
WT,Rloop_quartile,BG4 (G4),Q4,1313.1313131313127,4.004422464851919,0.14545552594449523,6117
WT,Rloop_quartile,BG4 (G4),Q4,1353.5353535353534,3.975055914556033,0.14098092134641543,6117
WT,Rloop_quartile,BG4 (G4),Q4,1393.9393939393935,3.961129816542932,0.1359894623108926,6117
WT,Rloop_quartile,BG4 (G4),Q4,1434.3434343434342,3.9474836585903894,0.13409570303050844,6117
WT,Rloop_quartile,BG4 (G4),Q4,1474.7474747474744,3.929481077124837,0.1338019045831838,6117
WT,Rloop_quartile,BG4 (G4),Q4,1515.151515151515,3.9141379173624573,0.13581145066366695,6117
WT,Rloop_quartile,BG4 (G4),Q4,1555.5555555555552,3.9033465023212957,0.139292108927972,6117
WT,Rloop_quartile,BG4 (G4),Q4,1595.9595959595958,3.846577855939153,0.1393667087732398,6117
WT,Rloop_quartile,BG4 (G4),Q4,1636.363636363636,3.7769511135182245,0.13685279260203995,6117
WT,Rloop_quartile,BG4 (G4),Q4,1676.7676767676767,3.725036369695753,0.1326560899917292,6117
WT,Rloop_quartile,BG4 (G4),Q4,1717.1717171717169,3.6891822541782373,0.1274342373879527,6117
WT,Rloop_quartile,BG4 (G4),Q4,1757.5757575757575,3.635965375485227,0.12383738701724667,6117
WT,Rloop_quartile,BG4 (G4),Q4,1797.9797979797977,3.6132216339934105,0.12467113026719744,6117
WT,Rloop_quartile,BG4 (G4),Q4,1838.3838383838383,3.5868773359857786,0.12580194215537274,6117
WT,Rloop_quartile,BG4 (G4),Q4,1878.7878787878785,3.5722471645500704,0.13039686101914075,6117
WT,Rloop_quartile,BG4 (G4),Q4,1919.1919191919187,3.5650069204349486,0.13508520446247196,6117
WT,Rloop_quartile,BG4 (G4),Q4,1959.5959595959594,3.5185108252418944,0.1370720962449331,6117
WT,Rloop_quartile,BG4 (G4),Q4,2000,3.469451715524098,0.13679414580772561,6117
DHX36KO,G4_quartile,S9.6 (R-loop),Q1,-2000,0.7046399859125514,0.02742989126854115,6117
DHX36KO,G4_quartile,S9.6 (R-loop),Q1,-1959.5959595959596,0.6793612561392429,0.02684324001732619,6117
DHX36KO,G4_quartile,S9.6 (R-loop),Q1,-1919.1919191919192,0.6642506052405972,0.0270102374410487,6117
DHX36KO,G4_quartile,S9.6 (R-loop),Q1,-1878.7878787878788,0.6488624761600816,0.027177311044587232,6117
DHX36KO,G4_quartile,S9.6 (R-loop),Q1,-1838.3838383838383,0.6330794625024638,0.026568454783925992,6117
DHX36KO,G4_quartile,S9.6 (R-loop),Q1,-1797.979797979798,0.6206317877092924,0.025580971740688043,6117
DHX36KO,G4_quartile,S9.6 (R-loop),Q1,-1757.5757575757575,0.6212473325061335,0.025733400670922786,6117
DHX36KO,G4_quartile,S9.6 (R-loop),Q1,-1717.1717171717173,0.5966134215150465,0.02546819478948672,6117
DHX36KO,G4_quartile,S9.6 (R-loop),Q1,-1676.7676767676767,0.566700100087081,0.0246102766100517,6117
DHX36KO,G4_quartile,S9.6 (R-loop),Q1,-1636.3636363636365,0.567587442434691,0.024735714948606338,6117
DHX36KO,G4_quartile,S9.6 (R-loop),Q1,-1595.9595959595958,0.5623805724689187,0.02498102377345201,6117
DHX36KO,G4_quartile,S9.6 (R-loop),Q1,-1555.5555555555557,0.5751666847167776,0.025208220910810156,6117
DHX36KO,G4_quartile,S9.6 (R-loop),Q1,-1515.1515151515152,0.5952669327535172,0.025915097424943672,6117
DHX36KO,G4_quartile,S9.6 (R-loop),Q1,-1474.7474747474748,0.5820684646320927,0.025613060766417405,6117
DHX36KO,G4_quartile,S9.6 (R-loop),Q1,-1434.3434343434344,0.5923116572494697,0.02588533086800171,6117
DHX36KO,G4_quartile,S9.6 (R-loop),Q1,-1393.939393939394,0.5944062280386515,0.02684269421036804,6117
DHX36KO,G4_quartile,S9.6 (R-loop),Q1,-1353.5353535353536,0.5823500250586026,0.02708883881803423,6117
DHX36KO,G4_quartile,S9.6 (R-loop),Q1,-1313.1313131313132,0.5862549451818597,0.026705730794529915,6117
DHX36KO,G4_quartile,S9.6 (R-loop),Q1,-1272.7272727272727,0.5633606149289282,0.026923306305347148,6117
DHX36KO,G4_quartile,S9.6 (R-loop),Q1,-1232.3232323232323,0.5712070888063914,0.02744637003568531,6117
DHX36KO,G4_quartile,S9.6 (R-loop),Q1,-1191.919191919192,0.5661849717864395,0.027018505130464138,6117
DHX36KO,G4_quartile,S9.6 (R-loop),Q1,-1151.5151515151515,0.5776880535142822,0.025982853520171743,6117
DHX36KO,G4_quartile,S9.6 (R-loop),Q1,-1111.1111111111113,0.5718737235935328,0.02482444216571699,6117
DHX36KO,G4_quartile,S9.6 (R-loop),Q1,-1070.7070707070707,0.5754104575167774,0.024845959726011738,6117
DHX36KO,G4_quartile,S9.6 (R-loop),Q1,-1030.3030303030305,0.5866257685363244,0.02510985208787234,6117
DHX36KO,G4_quartile,S9.6 (R-loop),Q1,-989.89898989899,0.5940978295085279,0.025713552907281948,6117
DHX36KO,G4_quartile,S9.6 (R-loop),Q1,-949.4949494949497,0.5935258494539593,0.025110447861957985,6117
DHX36KO,G4_quartile,S9.6 (R-loop),Q1,-909.0909090909092,0.6003777592342996,0.025334799185050664,6117
DHX36KO,G4_quartile,S9.6 (R-loop),Q1,-868.6868686868688,0.599779366998971,0.025569765887324923,6117
DHX36KO,G4_quartile,S9.6 (R-loop),Q1,-828.2828282828284,0.5914340847479292,0.02533738695652098,6117
DHX36KO,G4_quartile,S9.6 (R-loop),Q1,-787.878787878788,0.5751454381685469,0.02497729305048167,6117
DHX36KO,G4_quartile,S9.6 (R-loop),Q1,-747.4747474747476,0.5747764831147181,0.026625112249186716,6117
DHX36KO,G4_quartile,S9.6 (R-loop),Q1,-707.0707070707072,0.5645742828700047,0.02650572216972897,6117
DHX36KO,G4_quartile,S9.6 (R-loop),Q1,-666.6666666666667,0.5443663521568349,0.024357817612831328,6117
DHX36KO,G4_quartile,S9.6 (R-loop),Q1,-626.2626262626263,0.5410496701714539,0.024487251939073924,6117
DHX36KO,G4_quartile,S9.6 (R-loop),Q1,-585.8585858585859,0.5444234229912693,0.02524409856047893,6117
DHX36KO,G4_quartile,S9.6 (R-loop),Q1,-545.4545454545455,0.5497262361503154,0.024870892543899657,6117
DHX36KO,G4_quartile,S9.6 (R-loop),Q1,-505.0505050505051,0.5442250875384421,0.0245169098856667,6117
DHX36KO,G4_quartile,S9.6 (R-loop),Q1,-464.64646464646466,0.5430318365636122,0.024397917127759183,6117
DHX36KO,G4_quartile,S9.6 (R-loop),Q1,-424.24242424242425,0.534046061067046,0.023849883657012617,6117
DHX36KO,G4_quartile,S9.6 (R-loop),Q1,-383.83838383838383,0.5261547968860047,0.024068073581564448,6117
DHX36KO,G4_quartile,S9.6 (R-loop),Q1,-343.43434343434365,0.5460973043225599,0.02448905343569522,6117
DHX36KO,G4_quartile,S9.6 (R-loop),Q1,-303.03030303030323,0.5538010630569562,0.0240617644509378,6117
DHX36KO,G4_quartile,S9.6 (R-loop),Q1,-262.6262626262628,0.572855735465392,0.02475246044448155,6117
DHX36KO,G4_quartile,S9.6 (R-loop),Q1,-222.2222222222224,0.5749562716183751,0.02511994845869481,6117
DHX36KO,G4_quartile,S9.6 (R-loop),Q1,-181.81818181818198,0.5815031451588788,0.025558346420864946,6117
DHX36KO,G4_quartile,S9.6 (R-loop),Q1,-141.41414141414157,0.5787163172308863,0.02589330856578743,6117
DHX36KO,G4_quartile,S9.6 (R-loop),Q1,-101.01010101010115,0.5843851388588123,0.026046345660837664,6117
DHX36KO,G4_quartile,S9.6 (R-loop),Q1,-60.60606060606074,0.5823922904318507,0.02582226858426832,6117
DHX36KO,G4_quartile,S9.6 (R-loop),Q1,-20.20202020202032,0.5662302771496677,0.0249824628980738,6117
DHX36KO,G4_quartile,S9.6 (R-loop),Q1,20.202020202020094,0.5662357006194155,0.024890177278581154,6117
DHX36KO,G4_quartile,S9.6 (R-loop),Q1,60.60606060606051,0.5594050588676597,0.024857623187522566,6117
DHX36KO,G4_quartile,S9.6 (R-loop),Q1,101.0101010101007,0.5397252491773421,0.023976878886309293,6117
DHX36KO,G4_quartile,S9.6 (R-loop),Q1,141.41414141414134,0.5475577587843868,0.024121957987991445,6117
DHX36KO,G4_quartile,S9.6 (R-loop),Q1,181.81818181818153,0.5655373035335752,0.024641818265536065,6117
DHX36KO,G4_quartile,S9.6 (R-loop),Q1,222.22222222222217,0.5725815314626744,0.025040889345163138,6117
DHX36KO,G4_quartile,S9.6 (R-loop),Q1,262.62626262626236,0.5797533528005133,0.025353361578539096,6117
DHX36KO,G4_quartile,S9.6 (R-loop),Q1,303.030303030303,0.5698714782184622,0.025108374681541566,6117
DHX36KO,G4_quartile,S9.6 (R-loop),Q1,343.4343434343432,0.563135292084195,0.024919690141417473,6117
DHX36KO,G4_quartile,S9.6 (R-loop),Q1,383.83838383838383,0.557374812215537,0.02519436395082265,6117
DHX36KO,G4_quartile,S9.6 (R-loop),Q1,424.242424242424,0.5449283754585255,0.024398069990871955,6117
DHX36KO,G4_quartile,S9.6 (R-loop),Q1,464.64646464646466,0.5346942510495465,0.023574951050671134,6117
DHX36KO,G4_quartile,S9.6 (R-loop),Q1,505.05050505050485,0.5449490552520124,0.02339292867409528,6117
DHX36KO,G4_quartile,S9.6 (R-loop),Q1,545.4545454545455,0.5524310564286204,0.023593717804009106,6117
DHX36KO,G4_quartile,S9.6 (R-loop),Q1,585.8585858585857,0.5396346154632123,0.0232104954181556,6117
DHX36KO,G4_quartile,S9.6 (R-loop),Q1,626.2626262626259,0.5472708328210316,0.024000406403465794,6117
DHX36KO,G4_quartile,S9.6 (R-loop),Q1,666.6666666666665,0.5490911000747861,0.02430992566085418,6117
DHX36KO,G4_quartile,S9.6 (R-loop),Q1,707.0707070707067,0.5446188815416186,0.023872377923002567,6117
DHX36KO,G4_quartile,S9.6 (R-loop),Q1,747.4747474747473,0.5413134226472336,0.02429376282855779,6117
DHX36KO,G4_quartile,S9.6 (R-loop),Q1,787.8787878787875,0.5434450590731278,0.024208804836393268,6117
DHX36KO,G4_quartile,S9.6 (R-loop),Q1,828.2828282828282,0.5503375528382703,0.024192216647345954,6117
DHX36KO,G4_quartile,S9.6 (R-loop),Q1,868.6868686868684,0.5587413509174503,0.02456403714888811,6117
DHX36KO,G4_quartile,S9.6 (R-loop),Q1,909.090909090909,0.5658112140392234,0.025324221122191605,6117
DHX36KO,G4_quartile,S9.6 (R-loop),Q1,949.4949494949492,0.5696426957515144,0.025527014369088715,6117
DHX36KO,G4_quartile,S9.6 (R-loop),Q1,989.8989898989898,0.5696096376798554,0.025160412481917385,6117
DHX36KO,G4_quartile,S9.6 (R-loop),Q1,1030.30303030303,0.5650631105530425,0.025267584068272116,6117
DHX36KO,G4_quartile,S9.6 (R-loop),Q1,1070.7070707070707,0.5518242639931583,0.02519419964338396,6117
DHX36KO,G4_quartile,S9.6 (R-loop),Q1,1111.1111111111109,0.556227856955414,0.02578245716140389,6117
DHX36KO,G4_quartile,S9.6 (R-loop),Q1,1151.5151515151515,0.5427910687276412,0.024276972350012797,6117
DHX36KO,G4_quartile,S9.6 (R-loop),Q1,1191.9191919191917,0.5509415295313814,0.02447301786548356,6117
DHX36KO,G4_quartile,S9.6 (R-loop),Q1,1232.3232323232323,0.5490022165934854,0.024758656188195734,6117
DHX36KO,G4_quartile,S9.6 (R-loop),Q1,1272.7272727272725,0.5438718573820424,0.02414909017945491,6117
DHX36KO,G4_quartile,S9.6 (R-loop),Q1,1313.1313131313127,0.5402235431592805,0.024028637015291406,6117
DHX36KO,G4_quartile,S9.6 (R-loop),Q1,1353.5353535353534,0.5402400659610094,0.02351193649097613,6117
DHX36KO,G4_quartile,S9.6 (R-loop),Q1,1393.9393939393935,0.5490923989401099,0.023896843220952747,6117
DHX36KO,G4_quartile,S9.6 (R-loop),Q1,1434.3434343434342,0.5473283446244454,0.02395443975087293,6117
DHX36KO,G4_quartile,S9.6 (R-loop),Q1,1474.7474747474744,0.5638413533425877,0.024522499712473486,6117
DHX36KO,G4_quartile,S9.6 (R-loop),Q1,1515.151515151515,0.5786958209112716,0.024796079612470667,6117
DHX36KO,G4_quartile,S9.6 (R-loop),Q1,1555.5555555555552,0.59266932329775035,0.025283286522354988,6117
DHX36KO,G4_quartile,S9.6 (R-loop),Q1,1595.9595959595958,0.6050022283042451,0.025359336370347783,6117
DHX36KO,G4_quartile,S9.6 (R-loop),Q1,1636.363636363636,0.595429696323982,0.02529353537774415,6117
DHX36KO,G4_quartile,S9.6 (R-loop),Q1,1676.7676767676767,0.5993743416435606,0.025514960986955257,6117
DHX36KO,G4_quartile,S9.6 (R-loop),Q1,1717.1717171717169,0.6271452197636224,0.026156734345860657,6117
DHX36KO,G4_quartile,S9.6 (R-loop),Q1,1757.5757575757575,0.6250763499145233,0.02601985617287776,6117
DHX36KO,G4_quartile,S9.6 (R-loop),Q1,1797.9797979797977,0.6266434702752848,0.02564696337805472,6117
DHX36KO,G4_quartile,S9.6 (R-loop),Q1,1838.3838383838383,0.6428520003806985,0.026012104391316442,6117
DHX36KO,G4_quartile,S9.6 (R-loop),Q1,1878.7878787878785,0.6425526426528709,0.02610321076938605,6117
DHX36KO,G4_quartile,S9.6 (R-loop),Q1,1919.1919191919187,0.6467391798214734,0.026538870140738167,6117
DHX36KO,G4_quartile,S9.6 (R-loop),Q1,1959.5959595959594,0.6225861180241504,0.026245349937507316,6117
DHX36KO,G4_quartile,S9.6 (R-loop),Q1,2000,0.6399956289630914,0.026550099057739102,6117
DHX36KO,G4_quartile,S9.6 (R-loop),Q2,-2000,0.7204541341098841,0.028285788579488172,6117
DHX36KO,G4_quartile,S9.6 (R-loop),Q2,-1959.5959595959596,0.7321854368685915,0.0291461780178158,6117
DHX36KO,G4_quartile,S9.6 (R-loop),Q2,-1919.1919191919192,0.7340889900279073,0.02946426806822765,6117
DHX36KO,G4_quartile,S9.6 (R-loop),Q2,-1878.7878787878788,0.7358431041365425,0.029700749267313524,6117
DHX36KO,G4_quartile,S9.6 (R-loop),Q2,-1838.3838383838383,0.7237083713424365,0.028593513705661527,6117
DHX36KO,G4_quartile,S9.6 (R-loop),Q2,-1797.979797979798,0.7131389090361194,0.027918458160273628,6117
DHX36KO,G4_quartile,S9.6 (R-loop),Q2,-1757.5757575757575,0.7209419773121656,0.02733037037389671,6117
DHX36KO,G4_quartile,S9.6 (R-loop),Q2,-1717.1717171717173,0.7058017893373777,0.027151723776631793,6117
DHX36KO,G4_quartile,S9.6 (R-loop),Q2,-1676.7676767676767,0.7088898287547661,0.02777303458427962,6117
DHX36KO,G4_quartile,S9.6 (R-loop),Q2,-1636.3636363636365,0.714442188529562,0.02790514985624566,6117
DHX36KO,G4_quartile,S9.6 (R-loop),Q2,-1595.9595959595958,0.7042188129438907,0.027291558288953188,6117
DHX36KO,G4_quartile,S9.6 (R-loop),Q2,-1555.5555555555557,0.7019081649247136,0.02697881335821296,6117
DHX36KO,G4_quartile,S9.6 (R-loop),Q2,-1515.1515151515152,0.7037124853585033,0.02752552937412385,6117
DHX36KO,G4_quartile,S9.6 (R-loop),Q2,-1474.7474747474748,0.7061093836072978,0.02782097895982838,6117
DHX36KO,G4_quartile,S9.6 (R-loop),Q2,-1434.3434343434344,0.6860503054467669,0.027562029137680428,6117
DHX36KO,G4_quartile,S9.6 (R-loop),Q2,-1393.939393939394,0.6882264011968454,0.028178591758418588,6117
DHX36KO,G4_quartile,S9.6 (R-loop),Q2,-1353.5353535353536,0.7117381332330097,0.028913242689019666,6117
DHX36KO,G4_quartile,S9.6 (R-loop),Q2,-1313.1313131313132,0.7456277989810411,0.029638526278144988,6117
DHX36KO,G4_quartile,S9.6 (R-loop),Q2,-1272.7272727272727,0.7548686007433069,0.029888564316777496,6117
DHX36KO,G4_quartile,S9.6 (R-loop),Q2,-1232.3232323232323,0.7943585385483444,0.04089705942900893,6117
DHX36KO,G4_quartile,S9.6 (R-loop),Q2,-1191.919191919192,0.8061725106602413,0.05196623514346552,6117
DHX36KO,G4_quartile,S9.6 (R-loop),Q2,-1151.5151515151515,0.7621677382800328,0.03289041182610502,6117
DHX36KO,G4_quartile,S9.6 (R-loop),Q2,-1111.1111111111113,0.7499476143601398,0.028893483329841298,6117
DHX36KO,G4_quartile,S9.6 (R-loop),Q2,-1070.7070707070707,0.7557004641338025,0.029365193720175087,6117
DHX36KO,G4_quartile,S9.6 (R-loop),Q2,-1030.3030303030305,0.7556254812472678,0.0300074601539676,6117
DHX36KO,G4_quartile,S9.6 (R-loop),Q2,-989.89898989899,0.7392855443307331,0.029651016250990217,6117
DHX36KO,G4_quartile,S9.6 (R-loop),Q2,-949.4949494949497,0.7302008854281741,0.029027194381463648,6117
DHX36KO,G4_quartile,S9.6 (R-loop),Q2,-909.0909090909092,0.7324831478619126,0.02944924126778289,6117
DHX36KO,G4_quartile,S9.6 (R-loop),Q2,-868.6868686868688,0.7390142889015009,0.02992354815663109,6117
DHX36KO,G4_quartile,S9.6 (R-loop),Q2,-828.2828282828284,0.7429192790414091,0.03029493214303594,6117
DHX36KO,G4_quartile,S9.6 (R-loop),Q2,-787.878787878788,0.7179058896035553,0.029399879148756795,6117
DHX36KO,G4_quartile,S9.6 (R-loop),Q2,-747.4747474747476,0.7122986165238642,0.028807789164016977,6117
DHX36KO,G4_quartile,S9.6 (R-loop),Q2,-707.0707070707072,0.7190208775033088,0.028768350082494037,6117
DHX36KO,G4_quartile,S9.6 (R-loop),Q2,-666.6666666666667,0.7156772445061115,0.028815159250190563,6117
DHX36KO,G4_quartile,S9.6 (R-loop),Q2,-626.2626262626263,0.7173287462133096,0.029004316928480565,6117
DHX36KO,G4_quartile,S9.6 (R-loop),Q2,-585.8585858585859,0.7251684518382292,0.02874630129437603,6117
DHX36KO,G4_quartile,S9.6 (R-loop),Q2,-545.4545454545455,0.7305771317915734,0.02857583208475733,6117
DHX36KO,G4_quartile,S9.6 (R-loop),Q2,-505.0505050505051,0.7091071299885716,0.027767399379169538,6117
DHX36KO,G4_quartile,S9.6 (R-loop),Q2,-464.64646464646466,0.6867243329077122,0.027749403591078168,6117
DHX36KO,G4_quartile,S9.6 (R-loop),Q2,-424.24242424242425,0.6589834020893955,0.027814142670591332,6117
DHX36KO,G4_quartile,S9.6 (R-loop),Q2,-383.83838383838383,0.6386437746840714,0.026893139755693487,6117
DHX36KO,G4_quartile,S9.6 (R-loop),Q2,-343.43434343434365,0.640746563435157,0.026420458609680342,6117
DHX36KO,G4_quartile,S9.6 (R-loop),Q2,-303.03030303030323,0.6699370262079045,0.027221924708473837,6117
DHX36KO,G4_quartile,S9.6 (R-loop),Q2,-262.6262626262628,0.6694430920224161,0.02716443378164128,6117
DHX36KO,G4_quartile,S9.6 (R-loop),Q2,-222.2222222222224,0.7017601624779318,0.0273911847823671,6117
DHX36KO,G4_quartile,S9.6 (R-loop),Q2,-181.81818181818198,0.7157292787616015,0.02730030376012602,6117
DHX36KO,G4_quartile,S9.6 (R-loop),Q2,-141.41414141414157,0.7125895179959723,0.02655986590500068,6117
DHX36KO,G4_quartile,S9.6 (R-loop),Q2,-101.01010101010115,0.7140995532844967,0.026603719993620437,6117
DHX36KO,G4_quartile,S9.6 (R-loop),Q2,-60.60606060606074,0.7327798584811525,0.027095313433012733,6117
DHX36KO,G4_quartile,S9.6 (R-loop),Q2,-20.20202020202032,0.7438823496364959,0.02808668503063898,6117
DHX36KO,G4_quartile,S9.6 (R-loop),Q2,20.202020202020094,0.7253362666242645,0.027663603603480417,6117
DHX36KO,G4_quartile,S9.6 (R-loop),Q2,60.60606060606051,0.7058096300646448,0.026854815472771288,6117
DHX36KO,G4_quartile,S9.6 (R-loop),Q2,101.0101010101007,0.6999957452179411,0.027513648473035508,6117
DHX36KO,G4_quartile,S9.6 (R-loop),Q2,141.41414141414134,0.7016729567900588,0.027792129887509093,6117
DHX36KO,G4_quartile,S9.6 (R-loop),Q2,181.81818181818153,0.6946461163813189,0.028324750834667716,6117
DHX36KO,G4_quartile,S9.6 (R-loop),Q2,222.22222222222217,0.6905024737072127,0.0289924705258533,6117
DHX36KO,G4_quartile,S9.6 (R-loop),Q2,262.62626262626236,0.7038136237141315,0.02975654822072697,6117
DHX36KO,G4_quartile,S9.6 (R-loop),Q2,303.030303030303,0.7127933387805617,0.029856076992604272,6117
DHX36KO,G4_quartile,S9.6 (R-loop),Q2,343.4343434343432,0.7080871292471229,0.028290959406428343,6117
DHX36KO,G4_quartile,S9.6 (R-loop),Q2,383.83838383838383,0.7129250402884589,0.027899690801599743,6117
DHX36KO,G4_quartile,S9.6 (R-loop),Q2,424.242424242424,0.7052052181121344,0.027841934698180103,6117
DHX36KO,G4_quartile,S9.6 (R-loop),Q2,464.64646464646466,0.6885806334619377,0.02733436973012265,6117
DHX36KO,G4_quartile,S9.6 (R-loop),Q2,505.05050505050485,0.6712687098215562,0.026795825523506702,6117
DHX36KO,G4_quartile,S9.6 (R-loop),Q2,545.4545454545455,0.6738801805991674,0.02673774699715559,6117
DHX36KO,G4_quartile,S9.6 (R-loop),Q2,585.8585858585857,0.680289748207307,0.026968699918446786,6117
DHX36KO,G4_quartile,S9.6 (R-loop),Q2,626.2626262626259,0.6737170211998873,0.02701497395445533,6117
DHX36KO,G4_quartile,S9.6 (R-loop),Q2,666.6666666666665,0.6847077412144447,0.02748022884399471,6117
DHX36KO,G4_quartile,S9.6 (R-loop),Q2,707.0707070707067,0.6990568988553088,0.02747004010849232,6117
DHX36KO,G4_quartile,S9.6 (R-loop),Q2,747.4747474747473,0.6980209549733616,0.02746560203547778,6117
DHX36KO,G4_quartile,S9.6 (R-loop),Q2,787.8787878787875,0.7070471652316459,0.028022511109472247,6117
DHX36KO,G4_quartile,S9.6 (R-loop),Q2,828.2828282828282,0.72505911855833,0.028335970085949794,6117
DHX36KO,G4_quartile,S9.6 (R-loop),Q2,868.6868686868684,0.7020020483907918,0.027583766603626887,6117
DHX36KO,G4_quartile,S9.6 (R-loop),Q2,909.090909090909,0.7020677345293447,0.027858401829617862,6117
DHX36KO,G4_quartile,S9.6 (R-loop),Q2,949.4949494949492,0.6913948435099186,0.02763498923179434,6117
DHX36KO,G4_quartile,S9.6 (R-loop),Q2,989.8989898989898,0.6994951660281004,0.02796155444036604,6117
DHX36KO,G4_quartile,S9.6 (R-loop),Q2,1030.30303030303,0.7048210042544468,0.028201586325665468,6117
DHX36KO,G4_quartile,S9.6 (R-loop),Q2,1070.7070707070707,0.6996821251988199,0.028086447392522723,6117
DHX36KO,G4_quartile,S9.6 (R-loop),Q2,1111.1111111111109,0.70222089492472,0.028021298126678515,6117
DHX36KO,G4_quartile,S9.6 (R-loop),Q2,1151.5151515151515,0.7109694873547671,0.028075362122357117,6117
DHX36KO,G4_quartile,S9.6 (R-loop),Q2,1191.9191919191917,0.702946953594355,0.02785139417043467,6117
DHX36KO,G4_quartile,S9.6 (R-loop),Q2,1232.3232323232323,0.7060293434867546,0.02778792300026012,6117
DHX36KO,G4_quartile,S9.6 (R-loop),Q2,1272.7272727272725,0.6929631615377012,0.026700031111719248,6117
DHX36KO,G4_quartile,S9.6 (R-loop),Q2,1313.1313131313127,0.7094538466322539,0.02743202180193873,6117
DHX36KO,G4_quartile,S9.6 (R-loop),Q2,1353.5353535353534,0.7073712809623085,0.027697746936278564,6117
DHX36KO,G4_quartile,S9.6 (R-loop),Q2,1393.9393939393935,0.7373427074346115,0.028067065409987716,6117
DHX36KO,G4_quartile,S9.6 (R-loop),Q2,1434.3434343434342,0.7462344805496796,0.028267844311171103,6117
DHX36KO,G4_quartile,S9.6 (R-loop),Q2,1474.7474747474744,0.7440154057476475,0.028376490290705717,6117
DHX36KO,G4_quartile,S9.6 (R-loop),Q2,1515.151515151515,0.7543476730931133,0.029419424538266705,6117
DHX36KO,G4_quartile,S9.6 (R-loop),Q2,1555.5555555555552,0.7521464083550623,0.029407757033511596,6117
DHX36KO,G4_quartile,S9.6 (R-loop),Q2,1595.9595959595958,0.7466660137967847,0.029261148791014047,6117
DHX36KO,G4_quartile,S9.6 (R-loop),Q2,1636.363636363636,0.7412969515710622,0.02964938769821486,6117
DHX36KO,G4_quartile,S9.6 (R-loop),Q2,1676.7676767676767,0.728901822847945,0.02971741232717461,6117
DHX36KO,G4_quartile,S9.6 (R-loop),Q2,1717.1717171717169,0.7273949434128658,0.029804815432268737,6117
DHX36KO,G4_quartile,S9.6 (R-loop),Q2,1757.5757575757575,0.6967729150377299,0.028214746109831365,6117
DHX36KO,G4_quartile,S9.6 (R-loop),Q2,1797.9797979797977,0.6847547524691276,0.02715606169886848,6117
DHX36KO,G4_quartile,S9.6 (R-loop),Q2,1838.3838383838383,0.7174894688366562,0.027310796698557762,6117
DHX36KO,G4_quartile,S9.6 (R-loop),Q2,1878.7878787878785,0.7249748618497984,0.02745634604621808,6117
DHX36KO,G4_quartile,S9.6 (R-loop),Q2,1919.1919191919187,0.750078780509593,0.02821070242387236,6117
DHX36KO,G4_quartile,S9.6 (R-loop),Q2,1959.5959595959594,0.7702504579494609,0.028733359020434383,6117
DHX36KO,G4_quartile,S9.6 (R-loop),Q2,2000,0.7671563743769807,0.029253200773263988,6117
DHX36KO,G4_quartile,S9.6 (R-loop),Q3,-2000,0.842688567813364,0.03452221664417401,6117
DHX36KO,G4_quartile,S9.6 (R-loop),Q3,-1959.5959595959596,0.829884891656957,0.033408620758902476,6117
DHX36KO,G4_quartile,S9.6 (R-loop),Q3,-1919.1919191919192,0.8167816687449474,0.032501161399166145,6117
DHX36KO,G4_quartile,S9.6 (R-loop),Q3,-1878.7878787878788,0.8245547518010867,0.03113030426061908,6117
DHX36KO,G4_quartile,S9.6 (R-loop),Q3,-1838.3838383838383,0.8286718826700235,0.031325137506002396,6117
DHX36KO,G4_quartile,S9.6 (R-loop),Q3,-1797.979797979798,0.8302286461148073,0.032118177021566496,6117
DHX36KO,G4_quartile,S9.6 (R-loop),Q3,-1757.5757575757575,0.8212265629490549,0.03222631961802613,6117
DHX36KO,G4_quartile,S9.6 (R-loop),Q3,-1717.1717171717173,0.818541563942818,0.03203293113131927,6117
DHX36KO,G4_quartile,S9.6 (R-loop),Q3,-1676.7676767676767,0.8090920998013381,0.032577458985340355,6117
DHX36KO,G4_quartile,S9.6 (R-loop),Q3,-1636.3636363636365,0.7932204375657944,0.03166997762786304,6117
DHX36KO,G4_quartile,S9.6 (R-loop),Q3,-1595.9595959595958,0.7743039672499222,0.030392503812975435,6117
DHX36KO,G4_quartile,S9.6 (R-loop),Q3,-1555.5555555555557,0.7857506523344883,0.029433335853514132,6117
DHX36KO,G4_quartile,S9.6 (R-loop),Q3,-1515.1515151515152,0.7763014378974421,0.029339017458334303,6117
DHX36KO,G4_quartile,S9.6 (R-loop),Q3,-1474.7474747474748,0.7718502426009801,0.030165418694254216,6117
DHX36KO,G4_quartile,S9.6 (R-loop),Q3,-1434.3434343434344,0.7890283885660571,0.030675265136012774,6117
DHX36KO,G4_quartile,S9.6 (R-loop),Q3,-1393.939393939394,0.7811230930069882,0.03055790207620959,6117
DHX36KO,G4_quartile,S9.6 (R-loop),Q3,-1353.5353535353536,0.7889975561288146,0.030871313897393712,6117
DHX36KO,G4_quartile,S9.6 (R-loop),Q3,-1313.1313131313132,0.7884897282657696,0.030501483905824005,6117
DHX36KO,G4_quartile,S9.6 (R-loop),Q3,-1272.7272727272727,0.7501214994316797,0.029266224097097084,6117
DHX36KO,G4_quartile,S9.6 (R-loop),Q3,-1232.3232323232323,0.7380927204649019,0.02933403129586068,6117
DHX36KO,G4_quartile,S9.6 (R-loop),Q3,-1191.919191919192,0.7278118524117082,0.028766536174541644,6117
DHX36KO,G4_quartile,S9.6 (R-loop),Q3,-1151.5151515151515,0.722224661309327,0.028924407564876048,6117
DHX36KO,G4_quartile,S9.6 (R-loop),Q3,-1111.1111111111113,0.7103196189666103,0.028932435799496635,6117
DHX36KO,G4_quartile,S9.6 (R-loop),Q3,-1070.7070707070707,0.6972518292065978,0.028445500221348587,6117
DHX36KO,G4_quartile,S9.6 (R-loop),Q3,-1030.3030303030305,0.7029143568272069,0.028552592050509373,6117
DHX36KO,G4_quartile,S9.6 (R-loop),Q3,-989.89898989899,0.6793796628406226,0.02754006146018107,6117
DHX36KO,G4_quartile,S9.6 (R-loop),Q3,-949.4949494949497,0.6904902461478382,0.027038285176247387,6117
DHX36KO,G4_quartile,S9.6 (R-loop),Q3,-909.0909090909092,0.7088011755218221,0.027226224695380403,6117
DHX36KO,G4_quartile,S9.6 (R-loop),Q3,-868.6868686868688,0.7295634816822497,0.02793262450961098,6117
DHX36KO,G4_quartile,S9.6 (R-loop),Q3,-828.2828282828284,0.7585915705488078,0.029455434967890978,6117
DHX36KO,G4_quartile,S9.6 (R-loop),Q3,-787.878787878788,0.7614297479152162,0.029796302588567483,6117
DHX36KO,G4_quartile,S9.6 (R-loop),Q3,-747.4747474747476,0.7405812600253275,0.028657678885948473,6117
DHX36KO,G4_quartile,S9.6 (R-loop),Q3,-707.0707070707072,0.7596147965370628,0.029419158119767082,6117
DHX36KO,G4_quartile,S9.6 (R-loop),Q3,-666.6666666666667,0.7342662187599546,0.029334542865132575,6117
DHX36KO,G4_quartile,S9.6 (R-loop),Q3,-626.2626262626263,0.7169050313295495,0.028047231772586938,6117
DHX36KO,G4_quartile,S9.6 (R-loop),Q3,-585.8585858585859,0.7210491101341819,0.027859381704209867,6117
DHX36KO,G4_quartile,S9.6 (R-loop),Q3,-545.4545454545455,0.7299828259286275,0.028204216901784238,6117
DHX36KO,G4_quartile,S9.6 (R-loop),Q3,-505.0505050505051,0.7126425116229239,0.027241013455781525,6117
DHX36KO,G4_quartile,S9.6 (R-loop),Q3,-464.64646464646466,0.7132570024177491,0.027026794813042234,6117
DHX36KO,G4_quartile,S9.6 (R-loop),Q3,-424.24242424242425,0.7154498594839854,0.027518326763077073,6117
DHX36KO,G4_quartile,S9.6 (R-loop),Q3,-383.83838383838383,0.7035420750359807,0.027035569822304914,6117
DHX36KO,G4_quartile,S9.6 (R-loop),Q3,-343.43434343434365,0.7084705919000838,0.027441102924788775,6117
DHX36KO,G4_quartile,S9.6 (R-loop),Q3,-303.03030303030323,0.7272374443588143,0.028044149114581546,6117
DHX36KO,G4_quartile,S9.6 (R-loop),Q3,-262.6262626262628,0.7067121515295388,0.028142441876838047,6117
DHX36KO,G4_quartile,S9.6 (R-loop),Q3,-222.2222222222224,0.7161076085356363,0.02809974237215696,6117
DHX36KO,G4_quartile,S9.6 (R-loop),Q3,-181.81818181818198,0.7373554842756495,0.028492968103130636,6117
DHX36KO,G4_quartile,S9.6 (R-loop),Q3,-141.41414141414157,0.7514616633459473,0.02891855893814571,6117
DHX36KO,G4_quartile,S9.6 (R-loop),Q3,-101.01010101010115,0.7504790555835912,0.028303601762168628,6117
DHX36KO,G4_quartile,S9.6 (R-loop),Q3,-60.60606060606074,0.7539841530834052,0.027921843904449368,6117
DHX36KO,G4_quartile,S9.6 (R-loop),Q3,-20.20202020202032,0.7459752917759309,0.027888203044166764,6117
DHX36KO,G4_quartile,S9.6 (R-loop),Q3,20.202020202020094,0.7313761181600047,0.027533364888185773,6117
DHX36KO,G4_quartile,S9.6 (R-loop),Q3,60.60606060606051,0.709127646117081,0.027102758564038428,6117
DHX36KO,G4_quartile,S9.6 (R-loop),Q3,101.0101010101007,0.7025685278214481,0.027068855319404173,6117
DHX36KO,G4_quartile,S9.6 (R-loop),Q3,141.41414141414134,0.7174225438809364,0.02744081265256484,6117
DHX36KO,G4_quartile,S9.6 (R-loop),Q3,181.81818181818153,0.7420126181648682,0.028040356475571234,6117
DHX36KO,G4_quartile,S9.6 (R-loop),Q3,222.22222222222217,0.7463387924430066,0.02841349387142941,6117
DHX36KO,G4_quartile,S9.6 (R-loop),Q3,262.62626262626236,0.747980818834179,0.028662328723079375,6117
DHX36KO,G4_quartile,S9.6 (R-loop),Q3,303.030303030303,0.7513051102858772,0.029002876816127867,6117
DHX36KO,G4_quartile,S9.6 (R-loop),Q3,343.4343434343432,0.7405384201538032,0.028969601553205895,6117
DHX36KO,G4_quartile,S9.6 (R-loop),Q3,383.83838383838383,0.7469201856720076,0.0290596070719147,6117
DHX36KO,G4_quartile,S9.6 (R-loop),Q3,424.242424242424,0.7184317967188106,0.028448458295301415,6117
DHX36KO,G4_quartile,S9.6 (R-loop),Q3,464.64646464646466,0.708875733575596,0.02800991769985288,6117
DHX36KO,G4_quartile,S9.6 (R-loop),Q3,505.05050505050485,0.7136103971656481,0.028158688123484047,6117
DHX36KO,G4_quartile,S9.6 (R-loop),Q3,545.4545454545455,0.7162898301013518,0.02886404319531804,6117
DHX36KO,G4_quartile,S9.6 (R-loop),Q3,585.8585858585857,0.7102553078395382,0.028322928198446843,6117
DHX36KO,G4_quartile,S9.6 (R-loop),Q3,626.2626262626259,0.7321635938935909,0.02904368992697582,6117
DHX36KO,G4_quartile,S9.6 (R-loop),Q3,666.6666666666665,0.7383201285114283,0.02967529665584942,6117
DHX36KO,G4_quartile,S9.6 (R-loop),Q3,707.0707070707067,0.7410484048412642,0.0294864394697024,6117
DHX36KO,G4_quartile,S9.6 (R-loop),Q3,747.4747474747473,0.7321929305280194,0.02891472861389835,6117
DHX36KO,G4_quartile,S9.6 (R-loop),Q3,787.8787878787875,0.7240268196762573,0.02802842276581209,6117
DHX36KO,G4_quartile,S9.6 (R-loop),Q3,828.2828282828282,0.7128453235839974,0.027567775396415407,6117
DHX36KO,G4_quartile,S9.6 (R-loop),Q3,868.6868686868684,0.7159066961515334,0.027665706227390983,6117
DHX36KO,G4_quartile,S9.6 (R-loop),Q3,909.090909090909,0.7244685135646183,0.027562016812212008,6117
DHX36KO,G4_quartile,S9.6 (R-loop),Q3,949.4949494949492,0.7352254752072269,0.028216823398910313,6117
DHX36KO,G4_quartile,S9.6 (R-loop),Q3,989.8989898989898,0.7370855151381701,0.02880495763901252,6117
DHX36KO,G4_quartile,S9.6 (R-loop),Q3,1030.30303030303,0.7593471921758497,0.03012910995614953,6117
DHX36KO,G4_quartile,S9.6 (R-loop),Q3,1070.7070707070707,0.7795069600725685,0.03088030204695739,6117
DHX36KO,G4_quartile,S9.6 (R-loop),Q3,1111.1111111111109,0.7911164910634518,0.030970388863475862,6117
DHX36KO,G4_quartile,S9.6 (R-loop),Q3,1151.5151515151515,0.7859089533863362,0.030046793525784238,6117
DHX36KO,G4_quartile,S9.6 (R-loop),Q3,1191.9191919191917,0.7645846352766951,0.029698283119337126,6117
DHX36KO,G4_quartile,S9.6 (R-loop),Q3,1232.3232323232323,0.7217741101819172,0.028731494636259895,6117
DHX36KO,G4_quartile,S9.6 (R-loop),Q3,1272.7272727272725,0.7153705932501665,0.02864609567118742,6117
DHX36KO,G4_quartile,S9.6 (R-loop),Q3,1313.1313131313127,0.7275625857547212,0.02920678986861699,6117
DHX36KO,G4_quartile,S9.6 (R-loop),Q3,1353.5353535353534,0.7239407210622923,0.029480215741929418,6117
DHX36KO,G4_quartile,S9.6 (R-loop),Q3,1393.9393939393935,0.7173396107497413,0.030268288503118943,6117
DHX36KO,G4_quartile,S9.6 (R-loop),Q3,1434.3434343434342,0.727607941924738,0.02973192895167018,6117
DHX36KO,G4_quartile,S9.6 (R-loop),Q3,1474.7474747474744,0.7165473911690222,0.028870036805330616,6117
DHX36KO,G4_quartile,S9.6 (R-loop),Q3,1515.151515151515,0.7311159473233991,0.028145230219455787,6117
DHX36KO,G4_quartile,S9.6 (R-loop),Q3,1555.5555555555552,0.7449032250115701,0.028513260382091087,6117
DHX36KO,G4_quartile,S9.6 (R-loop),Q3,1595.9595959595958,0.7413004505347957,0.029140956813236238,6117
DHX36KO,G4_quartile,S9.6 (R-loop),Q3,1636.363636363636,0.73786357624287,0.029752037930142902,6117
DHX36KO,G4_quartile,S9.6 (R-loop),Q3,1676.7676767676767,0.7537490771762605,0.030327230150003055,6117
DHX36KO,G4_quartile,S9.6 (R-loop),Q3,1717.1717171717169,0.764011167139832,0.030457812408156097,6117
DHX36KO,G4_quartile,S9.6 (R-loop),Q3,1757.5757575757575,0.7419596518242642,0.029646669147540057,6117
DHX36KO,G4_quartile,S9.6 (R-loop),Q3,1797.9797979797977,0.7276909634972094,0.02895931200057296,6117
DHX36KO,G4_quartile,S9.6 (R-loop),Q3,1838.3838383838383,0.7448549265524317,0.029301773931454295,6117
DHX36KO,G4_quartile,S9.6 (R-loop),Q3,1878.7878787878785,0.7538077639369813,0.02984220850370712,6117
DHX36KO,G4_quartile,S9.6 (R-loop),Q3,1919.1919191919187,0.7788507553981796,0.030456521396256035,6117
DHX36KO,G4_quartile,S9.6 (R-loop),Q3,1959.5959595959594,0.7858854559571602,0.030236414131317665,6117
DHX36KO,G4_quartile,S9.6 (R-loop),Q3,2000,0.785128413180909,0.03013770328610411,6117
DHX36KO,G4_quartile,S9.6 (R-loop),Q4,-2000,1.545028952422455,0.062345897868887945,6117
DHX36KO,G4_quartile,S9.6 (R-loop),Q4,-1959.5959595959596,1.5556768529000178,0.0640155653695272,6117
DHX36KO,G4_quartile,S9.6 (R-loop),Q4,-1919.1919191919192,1.5858014755835386,0.0635003346509385,6117
DHX36KO,G4_quartile,S9.6 (R-loop),Q4,-1878.7878787878788,1.6083104336220737,0.06349790798840739,6117
DHX36KO,G4_quartile,S9.6 (R-loop),Q4,-1838.3838383838383,1.6048900265676824,0.06373125335943615,6117
DHX36KO,G4_quartile,S9.6 (R-loop),Q4,-1797.979797979798,1.6521754426846336,0.06647632291245378,6117
DHX36KO,G4_quartile,S9.6 (R-loop),Q4,-1757.5757575757575,1.6781184253180401,0.06511170186013977,6117
DHX36KO,G4_quartile,S9.6 (R-loop),Q4,-1717.1717171717173,1.7000337780188506,0.06669627196786507,6117
DHX36KO,G4_quartile,S9.6 (R-loop),Q4,-1676.7676767676767,1.695376563308737,0.06764114530376729,6117
DHX36KO,G4_quartile,S9.6 (R-loop),Q4,-1636.3636363636365,1.713470940539993,0.06829221466451789,6117
DHX36KO,G4_quartile,S9.6 (R-loop),Q4,-1595.9595959595958,1.7470313759493772,0.0703783066254974,6117
DHX36KO,G4_quartile,S9.6 (R-loop),Q4,-1555.5555555555557,1.7432287220765408,0.06725974272910054,6117
DHX36KO,G4_quartile,S9.6 (R-loop),Q4,-1515.1515151515152,1.734807603917778,0.06549140746626504,6117
DHX36KO,G4_quartile,S9.6 (R-loop),Q4,-1474.7474747474748,1.7045845017922283,0.06499305923815533,6117
DHX36KO,G4_quartile,S9.6 (R-loop),Q4,-1434.3434343434344,1.7090009472366239,0.06354690027903895,6117
DHX36KO,G4_quartile,S9.6 (R-loop),Q4,-1393.939393939394,1.6788169635371648,0.06193812415944037,6117
DHX36KO,G4_quartile,S9.6 (R-loop),Q4,-1353.5353535353536,1.705293518270609,0.06416151726742082,6117
DHX36KO,G4_quartile,S9.6 (R-loop),Q4,-1313.1313131313132,1.7306600255503344,0.0684202430657629,6117
DHX36KO,G4_quartile,S9.6 (R-loop),Q4,-1272.7272727272727,1.7511943456552053,0.07015045574355579,6117
DHX36KO,G4_quartile,S9.6 (R-loop),Q4,-1232.3232323232323,1.7408279706360077,0.07015426547543302,6117
DHX36KO,G4_quartile,S9.6 (R-loop),Q4,-1191.919191919192,1.805553876862934,0.07389718498035248,6117
DHX36KO,G4_quartile,S9.6 (R-loop),Q4,-1151.5151515151515,1.8183014030180047,0.07481639085591349,6117
DHX36KO,G4_quartile,S9.6 (R-loop),Q4,-1111.1111111111113,1.812362606824519,0.07676734685572678,6117
DHX36KO,G4_quartile,S9.6 (R-loop),Q4,-1070.7070707070707,1.8231808851519715,0.08023388368361517,6117
DHX36KO,G4_quartile,S9.6 (R-loop),Q4,-1030.3030303030305,1.810559096710786,0.08023243676050383,6117
DHX36KO,G4_quartile,S9.6 (R-loop),Q4,-989.89898989899,1.7860148851265614,0.07996150494853387,6117
DHX36KO,G4_quartile,S9.6 (R-loop),Q4,-949.4949494949497,1.7619895206159832,0.07922657719463667,6117
DHX36KO,G4_quartile,S9.6 (R-loop),Q4,-909.0909090909092,1.7662218014411475,0.07877604349114481,6117
DHX36KO,G4_quartile,S9.6 (R-loop),Q4,-868.6868686868688,1.7518105077764758,0.07031235629855938,6117
DHX36KO,G4_quartile,S9.6 (R-loop),Q4,-828.2828282828284,1.7685383497186622,0.06667096903961925,6117
DHX36KO,G4_quartile,S9.6 (R-loop),Q4,-787.878787878788,1.7948440667286452,0.06630937361373523,6117
DHX36KO,G4_quartile,S9.6 (R-loop),Q4,-747.4747474747476,1.8450502184574458,0.06800178319331929,6117
DHX36KO,G4_quartile,S9.6 (R-loop),Q4,-707.0707070707072,1.8741469257877867,0.0698729425197609,6117
DHX36KO,G4_quartile,S9.6 (R-loop),Q4,-666.6666666666667,1.8736197382731938,0.06964129364823245,6117
DHX36KO,G4_quartile,S9.6 (R-loop),Q4,-626.2626262626263,1.8679707411173474,0.06895627810843792,6117
DHX36KO,G4_quartile,S9.6 (R-loop),Q4,-585.8585858585859,1.8954603818412745,0.07103651925542151,6117
DHX36KO,G4_quartile,S9.6 (R-loop),Q4,-545.4545454545455,1.9197551001979944,0.07146616748263196,6117
DHX36KO,G4_quartile,S9.6 (R-loop),Q4,-505.0505050505051,1.9796621601119766,0.07412977002078006,6117
DHX36KO,G4_quartile,S9.6 (R-loop),Q4,-464.64646464646466,2.0578868242779573,0.07702540867898734,6117
DHX36KO,G4_quartile,S9.6 (R-loop),Q4,-424.24242424242425,2.118852372583467,0.08047610319235084,6117
DHX36KO,G4_quartile,S9.6 (R-loop),Q4,-383.83838383838383,2.198620023370461,0.08733059353211067,6117
DHX36KO,G4_quartile,S9.6 (R-loop),Q4,-343.43434343434365,2.293612165767491,0.09179878224309539,6117
DHX36KO,G4_quartile,S9.6 (R-loop),Q4,-303.03030303030323,2.4381408659447166,0.10166147623514131,6117
DHX36KO,G4_quartile,S9.6 (R-loop),Q4,-262.6262626262628,2.5605742832741534,0.11593671473483703,6117
DHX36KO,G4_quartile,S9.6 (R-loop),Q4,-222.2222222222224,2.7487512427432477,0.13820293126588673,6117
DHX36KO,G4_quartile,S9.6 (R-loop),Q4,-181.81818181818198,2.9609345064260637,0.15860427282129658,6117
DHX36KO,G4_quartile,S9.6 (R-loop),Q4,-141.41414141414157,3.1235075106987384,0.17523221192179497,6117
DHX36KO,G4_quartile,S9.6 (R-loop),Q4,-101.01010101010115,3.26324320671038,0.18758592659515153,6117
DHX36KO,G4_quartile,S9.6 (R-loop),Q4,-60.60606060606074,3.380721251673505,0.19184014069847635,6117
DHX36KO,G4_quartile,S9.6 (R-loop),Q4,-20.20202020202032,3.3686606163096826,0.18698194336632415,6117
DHX36KO,G4_quartile,S9.6 (R-loop),Q4,20.202020202020094,3.3337104049412476,0.17715588647781882,6117
DHX36KO,G4_quartile,S9.6 (R-loop),Q4,60.60606060606051,3.2532680718986207,0.1610119271856314,6117
DHX36KO,G4_quartile,S9.6 (R-loop),Q4,101.0101010101007,3.16250966029393,0.15472214733984482,6117
DHX36KO,G4_quartile,S9.6 (R-loop),Q4,141.41414141414134,3.09409567964368,0.1542820356575657,6117
DHX36KO,G4_quartile,S9.6 (R-loop),Q4,181.81818181818153,3.0272274455669734,0.15199038937017495,6117
DHX36KO,G4_quartile,S9.6 (R-loop),Q4,222.22222222222217,2.919398545146479,0.1448215157930255,6117
DHX36KO,G4_quartile,S9.6 (R-loop),Q4,262.62626262626236,2.7584998130651783,0.1319448848946835,6117
DHX36KO,G4_quartile,S9.6 (R-loop),Q4,303.030303030303,2.6332843976302662,0.12349750692841875,6117
DHX36KO,G4_quartile,S9.6 (R-loop),Q4,343.4343434343432,2.5026999173953466,0.1051080445308412,6117
DHX36KO,G4_quartile,S9.6 (R-loop),Q4,383.83838383838383,2.4072510033130046,0.09375961188709969,6117
DHX36KO,G4_quartile,S9.6 (R-loop),Q4,424.242424242424,2.3130538598367965,0.08777711649436255,6117
DHX36KO,G4_quartile,S9.6 (R-loop),Q4,464.64646464646466,2.258980769722924,0.0873933651085383,6117
DHX36KO,G4_quartile,S9.6 (R-loop),Q4,505.05050505050485,2.2176433796078006,0.08478222992423516,6117
DHX36KO,G4_quartile,S9.6 (R-loop),Q4,545.4545454545455,2.1749035948924527,0.08109441321199992,6117
DHX36KO,G4_quartile,S9.6 (R-loop),Q4,585.8585858585857,2.1368130377321126,0.08037141187045406,6117
DHX36KO,G4_quartile,S9.6 (R-loop),Q4,626.2626262626259,2.107455269907794,0.0822141191446136,6117
DHX36KO,G4_quartile,S9.6 (R-loop),Q4,666.6666666666665,2.0826533775479072,0.08340649900215223,6117
DHX36KO,G4_quartile,S9.6 (R-loop),Q4,707.0707070707067,2.045249059375893,0.0841744088404877,6117
DHX36KO,G4_quartile,S9.6 (R-loop),Q4,747.4747474747473,2.003613913587689,0.08867399414256855,6117
DHX36KO,G4_quartile,S9.6 (R-loop),Q4,787.8787878787875,1.9793356284295935,0.09703269557247395,6117
DHX36KO,G4_quartile,S9.6 (R-loop),Q4,828.2828282828282,1.9879869597720117,0.10149508587236046,6117
DHX36KO,G4_quartile,S9.6 (R-loop),Q4,868.6868686868684,2.014483375596119,0.10749344763317585,6117
DHX36KO,G4_quartile,S9.6 (R-loop),Q4,909.090909090909,1.9898334154870423,0.10787067279069501,6117
DHX36KO,G4_quartile,S9.6 (R-loop),Q4,949.4949494949492,1.9788989359349387,0.10187174144475131,6117
DHX36KO,G4_quartile,S9.6 (R-loop),Q4,989.8989898989898,1.9833028192929623,0.09832170130304516,6117
DHX36KO,G4_quartile,S9.6 (R-loop),Q4,1030.30303030303,1.9544429870441606,0.09808217650075035,6117
DHX36KO,G4_quartile,S9.6 (R-loop),Q4,1070.7070707070707,1.8851608041754602,0.09292792840743172,6117
DHX36KO,G4_quartile,S9.6 (R-loop),Q4,1111.1111111111109,1.852051676725241,0.0840741549569403,6117
DHX36KO,G4_quartile,S9.6 (R-loop),Q4,1151.5151515151515,1.8131634826228487,0.07926759964123214,6117
DHX36KO,G4_quartile,S9.6 (R-loop),Q4,1191.9191919191917,1.8014605234231071,0.08069106817405408,6117
DHX36KO,G4_quartile,S9.6 (R-loop),Q4,1232.3232323232323,1.808412632916854,0.08377355381582928,6117
DHX36KO,G4_quartile,S9.6 (R-loop),Q4,1272.7272727272725,1.8076062261065602,0.07969758069439482,6117
DHX36KO,G4_quartile,S9.6 (R-loop),Q4,1313.1313131313127,1.7982968276704154,0.07436374356208403,6117
DHX36KO,G4_quartile,S9.6 (R-loop),Q4,1353.5353535353534,1.7978761782517356,0.07263455142877041,6117
DHX36KO,G4_quartile,S9.6 (R-loop),Q4,1393.9393939393935,1.7813552281339526,0.07272749503151842,6117
DHX36KO,G4_quartile,S9.6 (R-loop),Q4,1434.3434343434342,1.7718826295202017,0.06986167284644107,6117
DHX36KO,G4_quartile,S9.6 (R-loop),Q4,1474.7474747474744,1.7251069381943211,0.06900778428205807,6117
DHX36KO,G4_quartile,S9.6 (R-loop),Q4,1515.151515151515,1.735738405991982,0.0696169739223815,6117
DHX36KO,G4_quartile,S9.6 (R-loop),Q4,1555.5555555555552,1.7321813079083255,0.06844077331106291,6117
DHX36KO,G4_quartile,S9.6 (R-loop),Q4,1595.9595959595958,1.7062933783060235,0.06836585452018226,6117
DHX36KO,G4_quartile,S9.6 (R-loop),Q4,1636.363636363636,1.6968595079531654,0.06608077507972772,6117
DHX36KO,G4_quartile,S9.6 (R-loop),Q4,1676.7676767676767,1.664279279244109,0.06421239152841801,6117
DHX36KO,G4_quartile,S9.6 (R-loop),Q4,1717.1717171717169,1.6691643178598643,0.0658948792530416,6117
DHX36KO,G4_quartile,S9.6 (R-loop),Q4,1757.5757575757575,1.6705326882107387,0.06768716136699883,6117
DHX36KO,G4_quartile,S9.6 (R-loop),Q4,1797.9797979797977,1.6666467538282523,0.06841041475824335,6117
DHX36KO,G4_quartile,S9.6 (R-loop),Q4,1838.3838383838383,1.65977093182152,0.06964200231644517,6117
DHX36KO,G4_quartile,S9.6 (R-loop),Q4,1878.7878787878785,1.694825648888703,0.07134199055368556,6117
DHX36KO,G4_quartile,S9.6 (R-loop),Q4,1919.1919191919187,1.7143321325429417,0.07724382469961975,6117
DHX36KO,G4_quartile,S9.6 (R-loop),Q4,1959.5959595959594,1.7077979076395,0.08066298241754523,6117
DHX36KO,G4_quartile,S9.6 (R-loop),Q4,2000,1.6802657594407473,0.0814695726143565,6117
DHX36KO,Rloop_quartile,BG4 (G4),Q1,-2000,1.2601275880585752,0.028301778559625117,6117
DHX36KO,Rloop_quartile,BG4 (G4),Q1,-1959.5959595959596,1.2285149470532153,0.02704021307666609,6117
DHX36KO,Rloop_quartile,BG4 (G4),Q1,-1919.1919191919192,1.2106962415366245,0.026404499132467302,6117
DHX36KO,Rloop_quartile,BG4 (G4),Q1,-1878.7878787878788,1.201242326396812,0.026541628162043626,6117
DHX36KO,Rloop_quartile,BG4 (G4),Q1,-1838.3838383838383,1.1854010829289894,0.02577161721648753,6117
DHX36KO,Rloop_quartile,BG4 (G4),Q1,-1797.979797979798,1.171901502289072,0.024235981548867205,6117
DHX36KO,Rloop_quartile,BG4 (G4),Q1,-1757.5757575757575,1.158211635587269,0.02342405113219867,6117
DHX36KO,Rloop_quartile,BG4 (G4),Q1,-1717.1717171717173,1.14543147041593,0.023187566449319855,6117
DHX36KO,Rloop_quartile,BG4 (G4),Q1,-1676.7676767676767,1.1372913773813917,0.0231657877856772,6117
DHX36KO,Rloop_quartile,BG4 (G4),Q1,-1636.3636363636365,1.1297177511183876,0.022745906532590163,6117
DHX36KO,Rloop_quartile,BG4 (G4),Q1,-1595.9595959595958,1.1308304329094598,0.02236998686146919,6117
DHX36KO,Rloop_quartile,BG4 (G4),Q1,-1555.5555555555557,1.1191400618203575,0.021851094430745698,6117
DHX36KO,Rloop_quartile,BG4 (G4),Q1,-1515.1515151515152,1.105324868632274,0.021730557308540517,6117
DHX36KO,Rloop_quartile,BG4 (G4),Q1,-1474.7474747474748,1.1033381131321673,0.02146729144195287,6117
DHX36KO,Rloop_quartile,BG4 (G4),Q1,-1434.3434343434344,1.108188303862553,0.02135567467434071,6117
DHX36KO,Rloop_quartile,BG4 (G4),Q1,-1393.939393939394,1.1116971660896469,0.02157862322413078,6117
DHX36KO,Rloop_quartile,BG4 (G4),Q1,-1353.5353535353536,1.1030462111277877,0.02173049844797445,6117
DHX36KO,Rloop_quartile,BG4 (G4),Q1,-1313.1313131313132,1.1048795025961262,0.02236406166425387,6117
DHX36KO,Rloop_quartile,BG4 (G4),Q1,-1272.7272727272727,1.090211741388778,0.02238879658505354,6117
DHX36KO,Rloop_quartile,BG4 (G4),Q1,-1232.3232323232323,1.0886518721529355,0.0223783201431367,6117
DHX36KO,Rloop_quartile,BG4 (G4),Q1,-1191.919191919192,1.0940999223504615,0.02225946862836589,6117
DHX36KO,Rloop_quartile,BG4 (G4),Q1,-1151.5151515151515,1.1082694496405836,0.022592454867951674,6117
DHX36KO,Rloop_quartile,BG4 (G4),Q1,-1111.1111111111113,1.1107342676511585,0.0227205749861386,6117
DHX36KO,Rloop_quartile,BG4 (G4),Q1,-1070.7070707070707,1.1119595012738288,0.02291606351242223,6117
DHX36KO,Rloop_quartile,BG4 (G4),Q1,-1030.3030303030305,1.118745598147225,0.023244562208667132,6117
DHX36KO,Rloop_quartile,BG4 (G4),Q1,-989.89898989899,1.1282116627179033,0.023470719157532287,6117
DHX36KO,Rloop_quartile,BG4 (G4),Q1,-949.4949494949497,1.131284081703281,0.02341957102273634,6117
DHX36KO,Rloop_quartile,BG4 (G4),Q1,-909.0909090909092,1.1351671674506396,0.023327301553951754,6117
DHX36KO,Rloop_quartile,BG4 (G4),Q1,-868.6868686868688,1.1421272413461112,0.023426711975211078,6117
DHX36KO,Rloop_quartile,BG4 (G4),Q1,-828.2828282828284,1.1503274152135832,0.02379447933030426,6117
DHX36KO,Rloop_quartile,BG4 (G4),Q1,-787.878787878788,1.1468544204808648,0.024028806091738714,6117
DHX36KO,Rloop_quartile,BG4 (G4),Q1,-747.4747474747476,1.148364903002864,0.023983071205639205,6117
DHX36KO,Rloop_quartile,BG4 (G4),Q1,-707.0707070707072,1.143444448149725,0.023862746405115084,6117
DHX36KO,Rloop_quartile,BG4 (G4),Q1,-666.6666666666667,1.1452166661156775,0.02369572141037804,6117
DHX36KO,Rloop_quartile,BG4 (G4),Q1,-626.2626262626263,1.1511785035629092,0.02417594365717092,6117
DHX36KO,Rloop_quartile,BG4 (G4),Q1,-585.8585858585859,1.1613465395265188,0.02446662178196326,6117
DHX36KO,Rloop_quartile,BG4 (G4),Q1,-545.4545454545455,1.1462813933469143,0.024133309163551043,6117
DHX36KO,Rloop_quartile,BG4 (G4),Q1,-505.0505050505051,1.1379872850104693,0.024145555685753033,6117
DHX36KO,Rloop_quartile,BG4 (G4),Q1,-464.64646464646466,1.1418083899292817,0.024269145230305537,6117
DHX36KO,Rloop_quartile,BG4 (G4),Q1,-424.24242424242425,1.1409133986593263,0.023840440392918775,6117
DHX36KO,Rloop_quartile,BG4 (G4),Q1,-383.83838383838383,1.1364825775838578,0.02402911006452818,6117
DHX36KO,Rloop_quartile,BG4 (G4),Q1,-343.43434343434365,1.1329787853600162,0.02345536158173222,6117
DHX36KO,Rloop_quartile,BG4 (G4),Q1,-303.03030303030323,1.125488523489025,0.023082557987070138,6117
DHX36KO,Rloop_quartile,BG4 (G4),Q1,-262.6262626262628,1.11905156249227,0.02257476317768781,6117
DHX36KO,Rloop_quartile,BG4 (G4),Q1,-222.2222222222224,1.1194081040027408,0.022461913685935996,6117
DHX36KO,Rloop_quartile,BG4 (G4),Q1,-181.81818181818198,1.1124840501957403,0.02197898467424736,6117
DHX36KO,Rloop_quartile,BG4 (G4),Q1,-141.41414141414157,1.1077477256209611,0.021740417136040576,6117
DHX36KO,Rloop_quartile,BG4 (G4),Q1,-101.01010101010115,1.107971557689265,0.021624309289154323,6117
DHX36KO,Rloop_quartile,BG4 (G4),Q1,-60.60606060606074,1.1130930870010791,0.021591553448728318,6117
DHX36KO,Rloop_quartile,BG4 (G4),Q1,-20.20202020202032,1.1107543224237684,0.02168388362033235,6117
DHX36KO,Rloop_quartile,BG4 (G4),Q1,20.202020202020094,1.1076460690906487,0.021593137557208493,6117
DHX36KO,Rloop_quartile,BG4 (G4),Q1,60.60606060606051,1.1100776615656913,0.02127046839515941,6117
DHX36KO,Rloop_quartile,BG4 (G4),Q1,101.0101010101007,1.1094660057752632,0.021203835238461862,6117
DHX36KO,Rloop_quartile,BG4 (G4),Q1,141.41414141414134,1.113991355721811,0.021572883735541244,6117
DHX36KO,Rloop_quartile,BG4 (G4),Q1,181.81818181818153,1.1197934211331353,0.02184986630609644,6117
DHX36KO,Rloop_quartile,BG4 (G4),Q1,222.22222222222217,1.1196049722894426,0.02176526682825768,6117
DHX36KO,Rloop_quartile,BG4 (G4),Q1,262.62626262626236,1.1223982536214683,0.021652160902233604,6117
DHX36KO,Rloop_quartile,BG4 (G4),Q1,303.030303030303,1.122420428986716,0.021546047738442636,6117
DHX36KO,Rloop_quartile,BG4 (G4),Q1,343.4343434343432,1.1184359475208905,0.02121057975009024,6117
DHX36KO,Rloop_quartile,BG4 (G4),Q1,383.83838383838383,1.116430752758682,0.021199088995071426,6117
DHX36KO,Rloop_quartile,BG4 (G4),Q1,424.242424242424,1.1170666897224226,0.0214622450569098,6117
DHX36KO,Rloop_quartile,BG4 (G4),Q1,464.64646464646466,1.118518257441183,0.021939412534792122,6117
DHX36KO,Rloop_quartile,BG4 (G4),Q1,505.05050505050485,1.1122537122049478,0.022230589264402644,6117
DHX36KO,Rloop_quartile,BG4 (G4),Q1,545.4545454545455,1.10916220314633,0.021980478743776354,6117
DHX36KO,Rloop_quartile,BG4 (G4),Q1,585.8585858585857,1.1101435049128756,0.022002405350903104,6117
DHX36KO,Rloop_quartile,BG4 (G4),Q1,626.2626262626259,1.1017812478592446,0.021778642163479033,6117
DHX36KO,Rloop_quartile,BG4 (G4),Q1,666.6666666666665,1.0947662469617305,0.021739668563637675,6117
DHX36KO,Rloop_quartile,BG4 (G4),Q1,707.0707070707067,1.0966564986459744,0.021882103218095767,6117
DHX36KO,Rloop_quartile,BG4 (G4),Q1,747.4747474747473,1.094003990861489,0.02177090633270203,6117
DHX36KO,Rloop_quartile,BG4 (G4),Q1,787.8787878787875,1.1010335127137265,0.021769582809783496,6117
DHX36KO,Rloop_quartile,BG4 (G4),Q1,828.2828282828282,1.1090714203997076,0.021722755474131016,6117
DHX36KO,Rloop_quartile,BG4 (G4),Q1,868.6868686868684,1.111629533240624,0.021796094085013575,6117
DHX36KO,Rloop_quartile,BG4 (G4),Q1,909.090909090909,1.1132330899108314,0.022300593629206153,6117
DHX36KO,Rloop_quartile,BG4 (G4),Q1,949.4949494949492,1.1210665736461751,0.022573943212020223,6117
DHX36KO,Rloop_quartile,BG4 (G4),Q1,989.8989898989898,1.1233061909779238,0.02241119209006346,6117
DHX36KO,Rloop_quartile,BG4 (G4),Q1,1030.30303030303,1.1245692220675632,0.021981964703682837,6117
DHX36KO,Rloop_quartile,BG4 (G4),Q1,1070.7070707070707,1.1270390634378105,0.021745801873503234,6117
DHX36KO,Rloop_quartile,BG4 (G4),Q1,1111.1111111111109,1.1255274641785722,0.021366290155244855,6117
DHX36KO,Rloop_quartile,BG4 (G4),Q1,1151.5151515151515,1.1211939790524184,0.021255231078080937,6117
DHX36KO,Rloop_quartile,BG4 (G4),Q1,1191.9191919191917,1.1246215191871882,0.021884089433138056,6117
DHX36KO,Rloop_quartile,BG4 (G4),Q1,1232.3232323232323,1.1259548089597546,0.022559860344541337,6117
DHX36KO,Rloop_quartile,BG4 (G4),Q1,1272.7272727272725,1.1408856941395864,0.02300059966058494,6117
DHX36KO,Rloop_quartile,BG4 (G4),Q1,1313.1313131313127,1.1483797615012983,0.02305722712246677,6117
DHX36KO,Rloop_quartile,BG4 (G4),Q1,1353.5353535353534,1.1470081621347608,0.022881032685029522,6117
DHX36KO,Rloop_quartile,BG4 (G4),Q1,1393.9393939393935,1.1483091251665203,0.02370447347285218,6117
DHX36KO,Rloop_quartile,BG4 (G4),Q1,1434.3434343434342,1.1559034385891354,0.024169787857874044,6117
DHX36KO,Rloop_quartile,BG4 (G4),Q1,1474.7474747474744,1.1629612855453622,0.02463056926759519,6117
DHX36KO,Rloop_quartile,BG4 (G4),Q1,1515.151515151515,1.1753419004364063,0.024803521424179655,6117
DHX36KO,Rloop_quartile,BG4 (G4),Q1,1555.5555555555552,1.1776954479994586,0.024459346063059335,6117
DHX36KO,Rloop_quartile,BG4 (G4),Q1,1595.9595959595958,1.1729569382318779,0.02407935990964515,6117
DHX36KO,Rloop_quartile,BG4 (G4),Q1,1636.363636363636,1.1745853743809394,0.024147733916037785,6117
DHX36KO,Rloop_quartile,BG4 (G4),Q1,1676.7676767676767,1.181590766624396,0.024581395802226368,6117
DHX36KO,Rloop_quartile,BG4 (G4),Q1,1717.1717171717169,1.185944686486962,0.025352385215237035,6117
DHX36KO,Rloop_quartile,BG4 (G4),Q1,1757.5757575757575,1.188995172048191,0.02586255002028064,6117
DHX36KO,Rloop_quartile,BG4 (G4),Q1,1797.9797979797977,1.1946438827736299,0.026338574457707438,6117
DHX36KO,Rloop_quartile,BG4 (G4),Q1,1838.3838383838383,1.202046286096224,0.026586622657664327,6117
DHX36KO,Rloop_quartile,BG4 (G4),Q1,1878.7878787878785,1.227894683187961,0.02759884088319666,6117
DHX36KO,Rloop_quartile,BG4 (G4),Q1,1919.1919191919187,1.2529947025771146,0.028485219187395834,6117
DHX36KO,Rloop_quartile,BG4 (G4),Q1,1959.5959595959594,1.2821498356523549,0.029013978482157216,6117
DHX36KO,Rloop_quartile,BG4 (G4),Q1,2000,1.3086214670945517,0.029645720807900795,6117
DHX36KO,Rloop_quartile,BG4 (G4),Q2,-2000,1.8488155315803372,0.04081680800266503,6117
DHX36KO,Rloop_quartile,BG4 (G4),Q2,-1959.5959595959596,1.8266603224110818,0.039795011184142415,6117
DHX36KO,Rloop_quartile,BG4 (G4),Q2,-1919.1919191919192,1.7972415691394112,0.03830465558006308,6117
DHX36KO,Rloop_quartile,BG4 (G4),Q2,-1878.7878787878788,1.7681112954227982,0.03612471353325851,6117
DHX36KO,Rloop_quartile,BG4 (G4),Q2,-1838.3838383838383,1.7347076167775146,0.03367419762408831,6117
DHX36KO,Rloop_quartile,BG4 (G4),Q2,-1797.979797979798,1.7054849596125965,0.03228299277751177,6117
DHX36KO,Rloop_quartile,BG4 (G4),Q2,-1757.5757575757575,1.6810427409874722,0.03168310136000822,6117
DHX36KO,Rloop_quartile,BG4 (G4),Q2,-1717.1717171717173,1.6696693917893874,0.031858075701869826,6117
DHX36KO,Rloop_quartile,BG4 (G4),Q2,-1676.7676767676767,1.6671868785616633,0.03250894812988666,6117
DHX36KO,Rloop_quartile,BG4 (G4),Q2,-1636.3636363636365,1.6587487723535053,0.03251864544183124,6117
DHX36KO,Rloop_quartile,BG4 (G4),Q2,-1595.9595959595958,1.6496159571901534,0.03244674886252021,6117
DHX36KO,Rloop_quartile,BG4 (G4),Q2,-1555.5555555555557,1.6510483134257083,0.03217659812740735,6117
DHX36KO,Rloop_quartile,BG4 (G4),Q2,-1515.1515151515152,1.6510040738772955,0.03115032102501428,6117
DHX36KO,Rloop_quartile,BG4 (G4),Q2,-1474.7474747474748,1.6591698706404683,0.031010794916596425,6117
DHX36KO,Rloop_quartile,BG4 (G4),Q2,-1434.3434343434344,1.662810207886989,0.030982751113059405,6117
DHX36KO,Rloop_quartile,BG4 (G4),Q2,-1393.939393939394,1.6650244930706568,0.030564301033693217,6117
DHX36KO,Rloop_quartile,BG4 (G4),Q2,-1353.5353535353536,1.6551472788152113,0.0300028812178602,6117
DHX36KO,Rloop_quartile,BG4 (G4),Q2,-1313.1313131313132,1.6562808007210548,0.03032388948605555,6117
DHX36KO,Rloop_quartile,BG4 (G4),Q2,-1272.7272727272727,1.644884158720641,0.030166554402263877,6117
DHX36KO,Rloop_quartile,BG4 (G4),Q2,-1232.3232323232323,1.6516752505690626,0.03064825052058672,6117
DHX36KO,Rloop_quartile,BG4 (G4),Q2,-1191.919191919192,1.6558231655389353,0.030812293276020513,6117
DHX36KO,Rloop_quartile,BG4 (G4),Q2,-1151.5151515151515,1.6538745631097969,0.03138548735583931,6117
DHX36KO,Rloop_quartile,BG4 (G4),Q2,-1111.1111111111113,1.6552607470841467,0.0317003529453472,6117
DHX36KO,Rloop_quartile,BG4 (G4),Q2,-1070.7070707070707,1.6620619698494827,0.03202326496715751,6117
DHX36KO,Rloop_quartile,BG4 (G4),Q2,-1030.3030303030305,1.6611211997760074,0.03271277235319967,6117
DHX36KO,Rloop_quartile,BG4 (G4),Q2,-989.89898989899,1.6604958653605908,0.033387558202270726,6117
DHX36KO,Rloop_quartile,BG4 (G4),Q2,-949.4949494949497,1.6592260341081981,0.033603703412389115,6117
DHX36KO,Rloop_quartile,BG4 (G4),Q2,-909.0909090909092,1.6646611981023955,0.03354626476971428,6117
DHX36KO,Rloop_quartile,BG4 (G4),Q2,-868.6868686868688,1.6738892398303549,0.034030817398920984,6117
DHX36KO,Rloop_quartile,BG4 (G4),Q2,-828.2828282828284,1.675301610483202,0.034008312463191685,6117
DHX36KO,Rloop_quartile,BG4 (G4),Q2,-787.878787878788,1.6833041589053024,0.03379795789795187,6117
DHX36KO,Rloop_quartile,BG4 (G4),Q2,-747.4747474747476,1.6909488614204011,0.03400822209844504,6117
DHX36KO,Rloop_quartile,BG4 (G4),Q2,-707.0707070707072,1.7011725535015383,0.03504914143464021,6117
DHX36KO,Rloop_quartile,BG4 (G4),Q2,-666.6666666666667,1.697471767523283,0.03558988611089879,6117
DHX36KO,Rloop_quartile,BG4 (G4),Q2,-626.2626262626263,1.6941512454854968,0.03515581896253775,6117
DHX36KO,Rloop_quartile,BG4 (G4),Q2,-585.8585858585859,1.6852506060819654,0.034087172505095485,6117
DHX36KO,Rloop_quartile,BG4 (G4),Q2,-545.4545454545455,1.6754509141431269,0.03405020238305844,6117
DHX36KO,Rloop_quartile,BG4 (G4),Q2,-505.0505050505051,1.6768174334754573,0.03398088587467045,6117
DHX36KO,Rloop_quartile,BG4 (G4),Q2,-464.64646464646466,1.664113495146849,0.03329764641269884,6117
DHX36KO,Rloop_quartile,BG4 (G4),Q2,-424.24242424242425,1.6480442947782326,0.03278097004171383,6117
DHX36KO,Rloop_quartile,BG4 (G4),Q2,-383.83838383838383,1.6488451230085406,0.03322720430512426,6117
DHX36KO,Rloop_quartile,BG4 (G4),Q2,-343.43434343434365,1.6617636122743225,0.03386274050863017,6117
DHX36KO,Rloop_quartile,BG4 (G4),Q2,-303.03030303030323,1.6604378862278966,0.03423366162168244,6117
DHX36KO,Rloop_quartile,BG4 (G4),Q2,-262.6262626262628,1.6688907429222264,0.03497093489945184,6117
DHX36KO,Rloop_quartile,BG4 (G4),Q2,-222.2222222222224,1.6706154669888245,0.035321500949707256,6117
DHX36KO,Rloop_quartile,BG4 (G4),Q2,-181.81818181818198,1.675199414926801,0.033961205070298275,6117
DHX36KO,Rloop_quartile,BG4 (G4),Q2,-141.41414141414157,1.6787908636127027,0.03374883335650293,6117
DHX36KO,Rloop_quartile,BG4 (G4),Q2,-101.01010101010115,1.683113574656854,0.03303045234480506,6117
DHX36KO,Rloop_quartile,BG4 (G4),Q2,-60.60606060606074,1.6839600258994967,0.03242950394639664,6117
DHX36KO,Rloop_quartile,BG4 (G4),Q2,-20.20202020202032,1.6782016957135328,0.03175783381629564,6117
DHX36KO,Rloop_quartile,BG4 (G4),Q2,20.202020202020094,1.6733784601877744,0.031158852737644873,6117
DHX36KO,Rloop_quartile,BG4 (G4),Q2,60.60606060606051,1.6648731645753219,0.031021072657067675,6117
DHX36KO,Rloop_quartile,BG4 (G4),Q2,101.0101010101007,1.6573568427872336,0.030632115991917588,6117
DHX36KO,Rloop_quartile,BG4 (G4),Q2,141.41414141414134,1.6552757229859087,0.030509748046031227,6117
DHX36KO,Rloop_quartile,BG4 (G4),Q2,181.81818181818153,1.657694931268399,0.030933201541824284,6117
DHX36KO,Rloop_quartile,BG4 (G4),Q2,222.22222222222217,1.6554251094220263,0.03136850988572793,6117
DHX36KO,Rloop_quartile,BG4 (G4),Q2,262.62626262626236,1.650542645743835,0.031083458082086405,6117
DHX36KO,Rloop_quartile,BG4 (G4),Q2,303.030303030303,1.6446966241162595,0.03087472527683306,6117
DHX36KO,Rloop_quartile,BG4 (G4),Q2,343.4343434343432,1.6345161688867242,0.031028416949001124,6117
DHX36KO,Rloop_quartile,BG4 (G4),Q2,383.83838383838383,1.64538974344645,0.03174690702405498,6117
DHX36KO,Rloop_quartile,BG4 (G4),Q2,424.242424242424,1.640259671222431,0.0316249553218274,6117
DHX36KO,Rloop_quartile,BG4 (G4),Q2,464.64646464646466,1.6252948285491968,0.031005366261079977,6117
DHX36KO,Rloop_quartile,BG4 (G4),Q2,505.05050505050485,1.6152768789398506,0.030404359540859276,6117
DHX36KO,Rloop_quartile,BG4 (G4),Q2,545.4545454545455,1.614581052659792,0.0303703884927111,6117
DHX36KO,Rloop_quartile,BG4 (G4),Q2,585.8585858585857,1.621906873991074,0.030787618917115542,6117
DHX36KO,Rloop_quartile,BG4 (G4),Q2,626.2626262626259,1.615319976916153,0.03121348232018129,6117
DHX36KO,Rloop_quartile,BG4 (G4),Q2,666.6666666666665,1.612920806941648,0.03030931481196915,6117
DHX36KO,Rloop_quartile,BG4 (G4),Q2,707.0707070707067,1.6050033508320476,0.029895111137277754,6117
DHX36KO,Rloop_quartile,BG4 (G4),Q2,747.4747474747473,1.6055373269075095,0.029579857496062702,6117
DHX36KO,Rloop_quartile,BG4 (G4),Q2,787.8787878787875,1.6092086882874803,0.029628387590827154,6117
DHX36KO,Rloop_quartile,BG4 (G4),Q2,828.2828282828282,1.6160132283123745,0.029955137429798693,6117
DHX36KO,Rloop_quartile,BG4 (G4),Q2,868.6868686868684,1.623409438850547,0.03023059880095031,6117
DHX36KO,Rloop_quartile,BG4 (G4),Q2,909.090909090909,1.623026383851545,0.03054917444315896,6117
DHX36KO,Rloop_quartile,BG4 (G4),Q2,949.4949494949492,1.6240472623182627,0.030757917301202337,6117
DHX36KO,Rloop_quartile,BG4 (G4),Q2,989.8989898989898,1.624839159239035,0.031008568274119363,6117
DHX36KO,Rloop_quartile,BG4 (G4),Q2,1030.30303030303,1.6115423231304258,0.030873885186128085,6117
DHX36KO,Rloop_quartile,BG4 (G4),Q2,1070.7070707070707,1.6094256102001239,0.03076048710950658,6117
DHX36KO,Rloop_quartile,BG4 (G4),Q2,1111.1111111111109,1.5986203627380418,0.030223356897101483,6117
DHX36KO,Rloop_quartile,BG4 (G4),Q2,1151.5151515151515,1.5865428694561534,0.029527804500289818,6117
DHX36KO,Rloop_quartile,BG4 (G4),Q2,1191.9191919191917,1.5883475455235947,0.028993487704351333,6117
DHX36KO,Rloop_quartile,BG4 (G4),Q2,1232.3232323232323,1.6092571638693147,0.029623006443342755,6117
DHX36KO,Rloop_quartile,BG4 (G4),Q2,1272.7272727272725,1.610741103840038,0.029696188998063353,6117
DHX36KO,Rloop_quartile,BG4 (G4),Q2,1313.1313131313127,1.6203181123685484,0.03000229887066462,6117
DHX36KO,Rloop_quartile,BG4 (G4),Q2,1353.5353535353534,1.64943490919131,0.030321062375932517,6117
DHX36KO,Rloop_quartile,BG4 (G4),Q2,1393.9393939393935,1.6713529419588564,0.03096909677834935,6117
DHX36KO,Rloop_quartile,BG4 (G4),Q2,1434.3434343434342,1.6783482576511966,0.03149326826023358,6117
DHX36KO,Rloop_quartile,BG4 (G4),Q2,1474.7474747474744,1.6868432710147307,0.03182620018591013,6117
DHX36KO,Rloop_quartile,BG4 (G4),Q2,1515.151515151515,1.6928337406851572,0.031571427998821476,6117
DHX36KO,Rloop_quartile,BG4 (G4),Q2,1555.5555555555552,1.683615816383185,0.031061202204833983,6117
DHX36KO,Rloop_quartile,BG4 (G4),Q2,1595.9595959595958,1.6773648995912913,0.030448068912148536,6117
DHX36KO,Rloop_quartile,BG4 (G4),Q2,1636.363636363636,1.679116376512321,0.03062399580855563,6117
DHX36KO,Rloop_quartile,BG4 (G4),Q2,1676.7676767676767,1.6886944764935425,0.03087063427683587,6117
DHX36KO,Rloop_quartile,BG4 (G4),Q2,1717.1717171717169,1.6997803041665545,0.030990916141169313,6117
DHX36KO,Rloop_quartile,BG4 (G4),Q2,1757.5757575757575,1.6979750356822887,0.03101288935681985,6117
DHX36KO,Rloop_quartile,BG4 (G4),Q2,1797.9797979797977,1.7007429631799156,0.031274495083571024,6117
DHX36KO,Rloop_quartile,BG4 (G4),Q2,1838.3838383838383,1.71464137829289,0.03196707227567252,6117
DHX36KO,Rloop_quartile,BG4 (G4),Q2,1878.7878787878785,1.729639412875932,0.03304281560685045,6117
DHX36KO,Rloop_quartile,BG4 (G4),Q2,1919.1919191919187,1.7590967147362913,0.034814673448293344,6117
DHX36KO,Rloop_quartile,BG4 (G4),Q2,1959.5959595959594,1.792613562927302,0.037412595856512944,6117
DHX36KO,Rloop_quartile,BG4 (G4),Q2,2000,1.8041733769136798,0.039104714456917246,6117
DHX36KO,Rloop_quartile,BG4 (G4),Q3,-2000,2.243655840484249,0.05440583228692608,6117
DHX36KO,Rloop_quartile,BG4 (G4),Q3,-1959.5959595959596,2.2229520711007034,0.051044521013804814,6117
DHX36KO,Rloop_quartile,BG4 (G4),Q3,-1919.1919191919192,2.2092608715098163,0.04814762289877996,6117
DHX36KO,Rloop_quartile,BG4 (G4),Q3,-1878.7878787878788,2.1999914490703856,0.04666872314392334,6117
DHX36KO,Rloop_quartile,BG4 (G4),Q3,-1838.3838383838383,2.2011811150009803,0.04656722758389411,6117
DHX36KO,Rloop_quartile,BG4 (G4),Q3,-1797.979797979798,2.2025479854545558,0.046466244274910036,6117
DHX36KO,Rloop_quartile,BG4 (G4),Q3,-1757.5757575757575,2.1921359794453226,0.04523501643642171,6117
DHX36KO,Rloop_quartile,BG4 (G4),Q3,-1717.1717171717173,2.183523996759796,0.04414742350837263,6117
DHX36KO,Rloop_quartile,BG4 (G4),Q3,-1676.7676767676767,2.189802916442171,0.04421757837324901,6117
DHX36KO,Rloop_quartile,BG4 (G4),Q3,-1636.3636363636365,2.195692551445101,0.044505674539581305,6117
DHX36KO,Rloop_quartile,BG4 (G4),Q3,-1595.9595959595958,2.2078666921207875,0.04541248474155861,6117
DHX36KO,Rloop_quartile,BG4 (G4),Q3,-1555.5555555555557,2.201958947479324,0.04620414244902227,6117
DHX36KO,Rloop_quartile,BG4 (G4),Q3,-1515.1515151515152,2.1890619296342266,0.046399238809131035,6117
DHX36KO,Rloop_quartile,BG4 (G4),Q3,-1474.7474747474748,2.178665264520534,0.04571640792741541,6117
DHX36KO,Rloop_quartile,BG4 (G4),Q3,-1434.3434343434344,2.1583898822896477,0.04434295395206944,6117
DHX36KO,Rloop_quartile,BG4 (G4),Q3,-1393.939393939394,2.138445377258731,0.043203326154493814,6117
DHX36KO,Rloop_quartile,BG4 (G4),Q3,-1353.5353535353536,2.1268416609565803,0.0433453537787934,6117
DHX36KO,Rloop_quartile,BG4 (G4),Q3,-1313.1313131313132,2.1103114497770936,0.04226842060325899,6117
DHX36KO,Rloop_quartile,BG4 (G4),Q3,-1272.7272727272727,2.0985584776424284,0.04112730835332082,6117
DHX36KO,Rloop_quartile,BG4 (G4),Q3,-1232.3232323232323,2.095153922769769,0.04031799866014542,6117
DHX36KO,Rloop_quartile,BG4 (G4),Q3,-1191.919191919192,2.0955101924298614,0.040381736814128794,6117
DHX36KO,Rloop_quartile,BG4 (G4),Q3,-1151.5151515151515,2.119942995383498,0.041539419781628076,6117
DHX36KO,Rloop_quartile,BG4 (G4),Q3,-1111.1111111111113,2.1432509936132567,0.04318245168280014,6117
DHX36KO,Rloop_quartile,BG4 (G4),Q3,-1070.7070707070707,2.1423174265452976,0.043299530925394146,6117
DHX36KO,Rloop_quartile,BG4 (G4),Q3,-1030.3030303030305,2.1544790120623896,0.043341788579037706,6117
DHX36KO,Rloop_quartile,BG4 (G4),Q3,-989.89898989899,2.166246835426702,0.0436584535221943,6117
DHX36KO,Rloop_quartile,BG4 (G4),Q3,-949.4949494949497,2.173754781415768,0.04390403555566658,6117
DHX36KO,Rloop_quartile,BG4 (G4),Q3,-909.0909090909092,2.1610663459042616,0.04285844450060606,6117
DHX36KO,Rloop_quartile,BG4 (G4),Q3,-868.6868686868688,2.141726827972984,0.042318578862133506,6117
DHX36KO,Rloop_quartile,BG4 (G4),Q3,-828.2828282828284,2.1428576881097907,0.04317940761239096,6117
DHX36KO,Rloop_quartile,BG4 (G4),Q3,-787.878787878788,2.146836106421632,0.0437167008463055,6117
DHX36KO,Rloop_quartile,BG4 (G4),Q3,-747.4747474747476,2.1628239979538275,0.04413964115455664,6117
DHX36KO,Rloop_quartile,BG4 (G4),Q3,-707.0707070707072,2.1709929919745683,0.04448791066629036,6117
DHX36KO,Rloop_quartile,BG4 (G4),Q3,-666.6666666666667,2.182686862469792,0.044925863415763045,6117
DHX36KO,Rloop_quartile,BG4 (G4),Q3,-626.2626262626263,2.1931352359316842,0.045574036743230885,6117
DHX36KO,Rloop_quartile,BG4 (G4),Q3,-585.8585858585859,2.2064781101516995,0.04536907569486865,6117
DHX36KO,Rloop_quartile,BG4 (G4),Q3,-545.4545454545455,2.210444677425503,0.045710068657555274,6117
DHX36KO,Rloop_quartile,BG4 (G4),Q3,-505.0505050505051,2.2097528312104626,0.04519344625069321,6117
DHX36KO,Rloop_quartile,BG4 (G4),Q3,-464.64646464646466,2.2198132062133813,0.044552957479546296,6117
DHX36KO,Rloop_quartile,BG4 (G4),Q3,-424.24242424242425,2.232971136122132,0.04546334085329441,6117
DHX36KO,Rloop_quartile,BG4 (G4),Q3,-383.83838383838383,2.253424304228379,0.04629386932409376,6117
DHX36KO,Rloop_quartile,BG4 (G4),Q3,-343.43434343434365,2.2628547477802794,0.046651026048040826,6117
DHX36KO,Rloop_quartile,BG4 (G4),Q3,-303.03030303030323,2.289160045135866,0.04797271710585238,6117
DHX36KO,Rloop_quartile,BG4 (G4),Q3,-262.6262626262628,2.313067078424266,0.04928715225563804,6117
DHX36KO,Rloop_quartile,BG4 (G4),Q3,-222.2222222222224,2.3297478692429534,0.050072831893005085,6117
DHX36KO,Rloop_quartile,BG4 (G4),Q3,-181.81818181818198,2.345608098515907,0.05082613438431897,6117
DHX36KO,Rloop_quartile,BG4 (G4),Q3,-141.41414141414157,2.3529045174345984,0.05192162531832091,6117
DHX36KO,Rloop_quartile,BG4 (G4),Q3,-101.01010101010115,2.3598293158534767,0.05307914482547765,6117
DHX36KO,Rloop_quartile,BG4 (G4),Q3,-60.60606060606074,2.3738704034105393,0.055452642074531266,6117
DHX36KO,Rloop_quartile,BG4 (G4),Q3,-20.20202020202032,2.4009075550491916,0.057946266926030963,6117
DHX36KO,Rloop_quartile,BG4 (G4),Q3,20.202020202020094,2.4209966015738202,0.060045535193141,6117
DHX36KO,Rloop_quartile,BG4 (G4),Q3,60.60606060606051,2.422390814585608,0.0603188882232761,6117
DHX36KO,Rloop_quartile,BG4 (G4),Q3,101.0101010101007,2.4100940204865364,0.05854302172418072,6117
DHX36KO,Rloop_quartile,BG4 (G4),Q3,141.41414141414134,2.3901417548022557,0.05699326997083862,6117
DHX36KO,Rloop_quartile,BG4 (G4),Q3,181.81818181818153,2.3590503526350868,0.055437416104293945,6117
DHX36KO,Rloop_quartile,BG4 (G4),Q3,222.22222222222217,2.3144709677603337,0.05328589192719392,6117
DHX36KO,Rloop_quartile,BG4 (G4),Q3,262.62626262626236,2.2884353349746185,0.051205700603744436,6117
DHX36KO,Rloop_quartile,BG4 (G4),Q3,303.030303030303,2.2571439310774566,0.04927903180974472,6117
DHX36KO,Rloop_quartile,BG4 (G4),Q3,343.4343434343432,2.248311850225543,0.0484886744302635,6117
DHX36KO,Rloop_quartile,BG4 (G4),Q3,383.83838383838383,2.2377210435578396,0.04839509914608762,6117
DHX36KO,Rloop_quartile,BG4 (G4),Q3,424.242424242424,2.2187356414011736,0.04832459885104905,6117
DHX36KO,Rloop_quartile,BG4 (G4),Q3,464.64646464646466,2.211127358166054,0.04856430426934336,6117
DHX36KO,Rloop_quartile,BG4 (G4),Q3,505.05050505050485,2.1963380532969707,0.04801678139954917,6117
DHX36KO,Rloop_quartile,BG4 (G4),Q3,545.4545454545455,2.1723563858337114,0.04758375578952211,6117
DHX36KO,Rloop_quartile,BG4 (G4),Q3,585.8585858585857,2.1590647089259205,0.04730100032097226,6117
DHX36KO,Rloop_quartile,BG4 (G4),Q3,626.2626262626259,2.1654769033147527,0.04744295194442437,6117
DHX36KO,Rloop_quartile,BG4 (G4),Q3,666.6666666666665,2.159350319780673,0.04711687545509029,6117
DHX36KO,Rloop_quartile,BG4 (G4),Q3,707.0707070707067,2.143990846286779,0.04576246916288368,6117
DHX36KO,Rloop_quartile,BG4 (G4),Q3,747.4747474747473,2.1377984613570367,0.04501847904484185,6117
DHX36KO,Rloop_quartile,BG4 (G4),Q3,787.8787878787875,2.129274213198644,0.04424134258049422,6117
DHX36KO,Rloop_quartile,BG4 (G4),Q3,828.2828282828282,2.133774664874005,0.043918158208907376,6117
DHX36KO,Rloop_quartile,BG4 (G4),Q3,868.6868686868684,2.131002032079484,0.043931932101408444,6117
DHX36KO,Rloop_quartile,BG4 (G4),Q3,909.090909090909,2.154262343047025,0.044827938680193885,6117
DHX36KO,Rloop_quartile,BG4 (G4),Q3,949.4949494949492,2.1587652805939572,0.04564183616332173,6117
DHX36KO,Rloop_quartile,BG4 (G4),Q3,989.8989898989898,2.1680860231212957,0.04646671780812973,6117
DHX36KO,Rloop_quartile,BG4 (G4),Q3,1030.30303030303,2.171311433949269,0.04699364391627908,6117
DHX36KO,Rloop_quartile,BG4 (G4),Q3,1070.7070707070707,2.1913655160247805,0.04766354178386821,6117
DHX36KO,Rloop_quartile,BG4 (G4),Q3,1111.1111111111109,2.2018069350406537,0.04869920333525627,6117
DHX36KO,Rloop_quartile,BG4 (G4),Q3,1151.5151515151515,2.2068946178879334,0.04978538431806738,6117
DHX36KO,Rloop_quartile,BG4 (G4),Q3,1191.9191919191917,2.205888843202988,0.0499997100847077,6117
DHX36KO,Rloop_quartile,BG4 (G4),Q3,1232.3232323232323,2.2216841722324667,0.04981548400202409,6117
DHX36KO,Rloop_quartile,BG4 (G4),Q3,1272.7272727272725,2.238682598285576,0.04978099475095483,6117
DHX36KO,Rloop_quartile,BG4 (G4),Q3,1313.1313131313127,2.2450244340685526,0.04968826621103554,6117
DHX36KO,Rloop_quartile,BG4 (G4),Q3,1353.5353535353534,2.251201614748222,0.04962954774078287,6117
DHX36KO,Rloop_quartile,BG4 (G4),Q3,1393.9393939393935,2.249720519746835,0.04933554121187875,6117
DHX36KO,Rloop_quartile,BG4 (G4),Q3,1434.3434343434342,2.2289190189859793,0.0483629365382739,6117
DHX36KO,Rloop_quartile,BG4 (G4),Q3,1474.7474747474744,2.2110315180005027,0.04763893704801782,6117
DHX36KO,Rloop_quartile,BG4 (G4),Q3,1515.151515151515,2.186615260763135,0.04663907640906427,6117
DHX36KO,Rloop_quartile,BG4 (G4),Q3,1555.5555555555552,2.17913275028828,0.04613653783096611,6117
DHX36KO,Rloop_quartile,BG4 (G4),Q3,1595.9595959595958,2.1767215751060145,0.04599375226606099,6117
DHX36KO,Rloop_quartile,BG4 (G4),Q3,1636.363636363636,2.1687799207990053,0.045656476464219276,6117
DHX36KO,Rloop_quartile,BG4 (G4),Q3,1676.7676767676767,2.1603774820563886,0.04510993778017101,6117
DHX36KO,Rloop_quartile,BG4 (G4),Q3,1717.1717171717169,2.156328015466336,0.04468051929738756,6117
DHX36KO,Rloop_quartile,BG4 (G4),Q3,1757.5757575757575,2.1544521839354007,0.0443886881649525,6117
DHX36KO,Rloop_quartile,BG4 (G4),Q3,1797.9797979797977,2.1632235924166796,0.04552223031839335,6117
DHX36KO,Rloop_quartile,BG4 (G4),Q3,1838.3838383838383,2.1658423040404315,0.04641221640515337,6117
DHX36KO,Rloop_quartile,BG4 (G4),Q3,1878.7878787878785,2.1596332413898534,0.04635874579540353,6117
DHX36KO,Rloop_quartile,BG4 (G4),Q3,1919.1919191919187,2.17400290492843,0.04687506286386235,6117
DHX36KO,Rloop_quartile,BG4 (G4),Q3,1959.5959595959594,2.1672819256651312,0.04678533229121761,6117
DHX36KO,Rloop_quartile,BG4 (G4),Q3,2000,2.1799011896195255,0.046879584210417755,6117
DHX36KO,Rloop_quartile,BG4 (G4),Q4,-2000,3.7985361451682818,0.12133729280224102,6117
DHX36KO,Rloop_quartile,BG4 (G4),Q4,-1959.5959595959596,3.8788191132665544,0.12328688692955725,6117
DHX36KO,Rloop_quartile,BG4 (G4),Q4,-1919.1919191919192,3.9436317406328345,0.12250236341151237,6117
DHX36KO,Rloop_quartile,BG4 (G4),Q4,-1878.7878787878788,3.9891482260709172,0.12165917708479884,6117
DHX36KO,Rloop_quartile,BG4 (G4),Q4,-1838.3838383838383,4.025066311431461,0.12295086013531488,6117
DHX36KO,Rloop_quartile,BG4 (G4),Q4,-1797.979797979798,4.050983127987282,0.12391906389087873,6117
DHX36KO,Rloop_quartile,BG4 (G4),Q4,-1757.5757575757575,4.079964814945176,0.1255120408588435,6117
DHX36KO,Rloop_quartile,BG4 (G4),Q4,-1717.1717171717173,4.114264819146948,0.12662081297810754,6117
DHX36KO,Rloop_quartile,BG4 (G4),Q4,-1676.7676767676767,4.1465485335532675,0.12670470887121485,6117
DHX36KO,Rloop_quartile,BG4 (G4),Q4,-1636.3636363636365,4.149509714410546,0.12548307518983065,6117
DHX36KO,Rloop_quartile,BG4 (G4),Q4,-1595.9595959595958,4.162666309681894,0.124445876444761,6117
DHX36KO,Rloop_quartile,BG4 (G4),Q4,-1555.5555555555557,4.147817709784723,0.12151593199592041,6117
DHX36KO,Rloop_quartile,BG4 (G4),Q4,-1515.1515151515152,4.138848684243552,0.11883132433659073,6117
DHX36KO,Rloop_quartile,BG4 (G4),Q4,-1474.7474747474748,4.14983997920164,0.11800877173679324,6117
DHX36KO,Rloop_quartile,BG4 (G4),Q4,-1434.3434343434344,4.161943896907671,0.11806730853587671,6117
DHX36KO,Rloop_quartile,BG4 (G4),Q4,-1393.939393939394,4.175688172433198,0.11964893184755045,6117
DHX36KO,Rloop_quartile,BG4 (G4),Q4,-1353.5353535353536,4.215971231642053,0.12382345600181702,6117
DHX36KO,Rloop_quartile,BG4 (G4),Q4,-1313.1313131313132,4.254617791870326,0.12837410505837785,6117
DHX36KO,Rloop_quartile,BG4 (G4),Q4,-1272.7272727272727,4.283057743149008,0.13072182002406027,6117
DHX36KO,Rloop_quartile,BG4 (G4),Q4,-1232.3232323232323,4.312632066838661,0.132335794284996,6117
DHX36KO,Rloop_quartile,BG4 (G4),Q4,-1191.919191919192,4.318959634936531,0.13265794559027747,6117
DHX36KO,Rloop_quartile,BG4 (G4),Q4,-1151.5151515151515,4.286452321271442,0.1300419385554648,6117
DHX36KO,Rloop_quartile,BG4 (G4),Q4,-1111.1111111111113,4.272490099114877,0.12903367473732325,6117
DHX36KO,Rloop_quartile,BG4 (G4),Q4,-1070.7070707070707,4.29954466637694,0.12922900008382643,6117
DHX36KO,Rloop_quartile,BG4 (G4),Q4,-1030.3030303030305,4.321081497136747,0.12961881271906556,6117
DHX36KO,Rloop_quartile,BG4 (G4),Q4,-989.89898989899,4.335673087641384,0.13016748896247599,6117
DHX36KO,Rloop_quartile,BG4 (G4),Q4,-949.4949494949497,4.330968401212111,0.13009814023078675,6117
DHX36KO,Rloop_quartile,BG4 (G4),Q4,-909.0909090909092,4.328729278895281,0.1281358957651177,6117
DHX36KO,Rloop_quartile,BG4 (G4),Q4,-868.6868686868688,4.326201400085615,0.12492007005341038,6117
DHX36KO,Rloop_quartile,BG4 (G4),Q4,-828.2828282828284,4.33818084750059,0.12243926982793649,6117
DHX36KO,Rloop_quartile,BG4 (G4),Q4,-787.878787878788,4.365132339766878,0.12071930675552406,6117
DHX36KO,Rloop_quartile,BG4 (G4),Q4,-747.4747474747476,4.408260565188198,0.12202188314151224,6117
DHX36KO,Rloop_quartile,BG4 (G4),Q4,-707.0707070707072,4.475899164987993,0.12345968366019056,6117
DHX36KO,Rloop_quartile,BG4 (G4),Q4,-666.6666666666667,4.537354670011281,0.1240353118593879,6117
DHX36KO,Rloop_quartile,BG4 (G4),Q4,-626.2626262626263,4.59503603427316,0.12532883432870806,6117
DHX36KO,Rloop_quartile,BG4 (G4),Q4,-585.8585858585859,4.6515883766077755,0.1277025806408352,6117
DHX36KO,Rloop_quartile,BG4 (G4),Q4,-545.4545454545455,4.733834935570458,0.13116656249298284,6117
DHX36KO,Rloop_quartile,BG4 (G4),Q4,-505.0505050505051,4.857228338762235,0.13608506627065678,6117
DHX36KO,Rloop_quartile,BG4 (G4),Q4,-464.64646464646466,5.009152917594466,0.1441400318067891,6117
DHX36KO,Rloop_quartile,BG4 (G4),Q4,-424.24242424242425,5.180522763631818,0.15312536759454223,6117
DHX36KO,Rloop_quartile,BG4 (G4),Q4,-383.83838383838383,5.356600356425059,0.1606718719896069,6117
DHX36KO,Rloop_quartile,BG4 (G4),Q4,-343.43434343434365,5.590552942542641,0.17171185645986428,6117
DHX36KO,Rloop_quartile,BG4 (G4),Q4,-303.03030303030323,5.8592855661328125,0.183644004440173,6117
DHX36KO,Rloop_quartile,BG4 (G4),Q4,-262.6262626262628,6.1105652774129275,0.19540939915941818,6117
DHX36KO,Rloop_quartile,BG4 (G4),Q4,-222.2222222222224,6.361377255836979,0.2086310043103307,6117
DHX36KO,Rloop_quartile,BG4 (G4),Q4,-181.81818181818198,6.637129709540415,0.2208469440355544,6117
DHX36KO,Rloop_quartile,BG4 (G4),Q4,-141.41414141414157,6.873229466039265,0.23032797255831913,6117
DHX36KO,Rloop_quartile,BG4 (G4),Q4,-101.01010101010115,7.102304852398304,0.23665371002316588,6117
DHX36KO,Rloop_quartile,BG4 (G4),Q4,-60.60606060606074,7.23109343409538,0.2376661597906446,6117
DHX36KO,Rloop_quartile,BG4 (G4),Q4,-20.20202020202032,7.203816126536183,0.232052169141389,6117
DHX36KO,Rloop_quartile,BG4 (G4),Q4,20.202020202020094,7.110398468567875,0.22298964202146135,6117
DHX36KO,Rloop_quartile,BG4 (G4),Q4,60.60606060606051,6.956754662744763,0.2122223298214082,6117
DHX36KO,Rloop_quartile,BG4 (G4),Q4,101.0101010101007,6.777526491099105,0.20170120368379468,6117
DHX36KO,Rloop_quartile,BG4 (G4),Q4,141.41414141414134,6.628478880461143,0.19270609462387095,6117
DHX36KO,Rloop_quartile,BG4 (G4),Q4,181.81818181818153,6.467770027579999,0.1847670782640545,6117
DHX36KO,Rloop_quartile,BG4 (G4),Q4,222.22222222222217,6.26179840853816,0.1766868434859084,6117
DHX36KO,Rloop_quartile,BG4 (G4),Q4,262.62626262626236,6.017931486959018,0.16675405040776645,6117
DHX36KO,Rloop_quartile,BG4 (G4),Q4,303.030303030303,5.801163633166791,0.15981241149548117,6117
DHX36KO,Rloop_quartile,BG4 (G4),Q4,343.4343434343432,5.626256312396506,0.15315306175019328,6117
DHX36KO,Rloop_quartile,BG4 (G4),Q4,383.83838383838383,5.461575778390459,0.1468455617500789,6117
DHX36KO,Rloop_quartile,BG4 (G4),Q4,424.242424242424,5.309126468769425,0.1400038621260992,6117
DHX36KO,Rloop_quartile,BG4 (G4),Q4,464.64646464646466,5.170824152281305,0.13462247201706906,6117
DHX36KO,Rloop_quartile,BG4 (G4),Q4,505.05050505050485,5.092113680253307,0.13462763190854124,6117
DHX36KO,Rloop_quartile,BG4 (G4),Q4,545.4545454545455,5.006520915614432,0.1353231099507755,6117
DHX36KO,Rloop_quartile,BG4 (G4),Q4,585.8585858585857,4.980007736134159,0.1371166782133784,6117
DHX36KO,Rloop_quartile,BG4 (G4),Q4,626.2626262626259,4.939015111142053,0.13734029312086848,6117
DHX36KO,Rloop_quartile,BG4 (G4),Q4,666.6666666666665,4.890740673360233,0.13879379844213713,6117
DHX36KO,Rloop_quartile,BG4 (G4),Q4,707.0707070707067,4.827483703214013,0.1388991468475912,6117
DHX36KO,Rloop_quartile,BG4 (G4),Q4,747.4747474747473,4.775193452606704,0.1395700569301865,6117
DHX36KO,Rloop_quartile,BG4 (G4),Q4,787.8787878787875,4.738004485553922,0.14096003338244587,6117
DHX36KO,Rloop_quartile,BG4 (G4),Q4,828.2828282828282,4.708704259243946,0.14127112051266363,6117
DHX36KO,Rloop_quartile,BG4 (G4),Q4,868.6868686868684,4.66133907062705,0.1429397331619807,6117
DHX36KO,Rloop_quartile,BG4 (G4),Q4,909.090909090909,4.6197418932925265,0.143265923821289,6117
DHX36KO,Rloop_quartile,BG4 (G4),Q4,949.4949494949492,4.596009474608996,0.14427143785698804,6117
DHX36KO,Rloop_quartile,BG4 (G4),Q4,989.8989898989898,4.5787706668996515,0.14484555189915335,6117
DHX36KO,Rloop_quartile,BG4 (G4),Q4,1030.30303030303,4.575674429608819,0.14582765742549558,6117
DHX36KO,Rloop_quartile,BG4 (G4),Q4,1070.7070707070707,4.5512310294008564,0.14528800339855918,6117
DHX36KO,Rloop_quartile,BG4 (G4),Q4,1111.1111111111109,4.492397535266541,0.14454524473069097,6117
DHX36KO,Rloop_quartile,BG4 (G4),Q4,1151.5151515151515,4.440743014535868,0.14342657936372935,6117
DHX36KO,Rloop_quartile,BG4 (G4),Q4,1191.9191919191917,4.424863583723485,0.14560741426840257,6117
DHX36KO,Rloop_quartile,BG4 (G4),Q4,1232.3232323232323,4.39495628963074,0.14538259576549015,6117
DHX36KO,Rloop_quartile,BG4 (G4),Q4,1272.7272727272725,4.361396086181515,0.14409197802378118,6117
DHX36KO,Rloop_quartile,BG4 (G4),Q4,1313.1313131313127,4.342453134720371,0.14051738208762807,6117
DHX36KO,Rloop_quartile,BG4 (G4),Q4,1353.5353535353534,4.314507140116477,0.1356217966621757,6117
DHX36KO,Rloop_quartile,BG4 (G4),Q4,1393.9393939393935,4.28935699392843,0.13314631459069193,6117
DHX36KO,Rloop_quartile,BG4 (G4),Q4,1434.3434343434342,4.277412824766467,0.13363144009490185,6117
DHX36KO,Rloop_quartile,BG4 (G4),Q4,1474.7474747474744,4.263986549836647,0.13414639477064033,6117
DHX36KO,Rloop_quartile,BG4 (G4),Q4,1515.151515151515,4.255009991825414,0.13582250639231025,6117
DHX36KO,Rloop_quartile,BG4 (G4),Q4,1555.5555555555552,4.23647141861131,0.13908257102610255,6117
DHX36KO,Rloop_quartile,BG4 (G4),Q4,1595.9595959595958,4.1793858702798214,0.13987056293070038,6117
DHX36KO,Rloop_quartile,BG4 (G4),Q4,1636.363636363636,4.130216117658415,0.13734650316293212,6117
DHX36KO,Rloop_quartile,BG4 (G4),Q4,1676.7676767676767,4.091624531965359,0.13380361256240922,6117
DHX36KO,Rloop_quartile,BG4 (G4),Q4,1717.1717171717169,4.067502058538908,0.13002516041700185,6117
DHX36KO,Rloop_quartile,BG4 (G4),Q4,1757.5757575757575,4.041796984023165,0.12566699988233745,6117
DHX36KO,Rloop_quartile,BG4 (G4),Q4,1797.9797979797977,4.018674439526385,0.12501440399838115,6117
DHX36KO,Rloop_quartile,BG4 (G4),Q4,1838.3838383838383,3.9924484260973037,0.12538975888728793,6117
DHX36KO,Rloop_quartile,BG4 (G4),Q4,1878.7878787878785,3.993417173225173,0.129152336883422,6117
DHX36KO,Rloop_quartile,BG4 (G4),Q4,1919.1919191919187,4.013283273860408,0.13560055826697073,6117
DHX36KO,Rloop_quartile,BG4 (G4),Q4,1959.5959595959594,3.9767778831174123,0.13723554469204063,6117
DHX36KO,Rloop_quartile,BG4 (G4),Q4,2000,3.93621863945464,0.13689793789597285,6117
FANCJKO,G4_quartile,S9.6 (R-loop),Q1,-2000,0.5919388649033483,0.02454427736196694,6117
FANCJKO,G4_quartile,S9.6 (R-loop),Q1,-1959.5959595959596,0.5867640985255561,0.02394350251555292,6117
FANCJKO,G4_quartile,S9.6 (R-loop),Q1,-1919.1919191919192,0.5870448297858412,0.023881741520703013,6117
FANCJKO,G4_quartile,S9.6 (R-loop),Q1,-1878.7878787878788,0.5886032560563136,0.02401920031875674,6117
FANCJKO,G4_quartile,S9.6 (R-loop),Q1,-1838.3838383838383,0.5868869283448086,0.023954101787636333,6117
FANCJKO,G4_quartile,S9.6 (R-loop),Q1,-1797.979797979798,0.5789255962390532,0.0240672252685047,6117
FANCJKO,G4_quartile,S9.6 (R-loop),Q1,-1757.5757575757575,0.5573317445394321,0.023687554264983725,6117
FANCJKO,G4_quartile,S9.6 (R-loop),Q1,-1717.1717171717173,0.5527947968661168,0.02369635745019083,6117
FANCJKO,G4_quartile,S9.6 (R-loop),Q1,-1676.7676767676767,0.5540549148980628,0.023818669233879316,6117
FANCJKO,G4_quartile,S9.6 (R-loop),Q1,-1636.3636363636365,0.5542747345035509,0.024307122484465774,6117
FANCJKO,G4_quartile,S9.6 (R-loop),Q1,-1595.9595959595958,0.5605693024729081,0.02482701832916084,6117
FANCJKO,G4_quartile,S9.6 (R-loop),Q1,-1555.5555555555557,0.5532117227437046,0.024600121895249058,6117
FANCJKO,G4_quartile,S9.6 (R-loop),Q1,-1515.1515151515152,0.548362071229187,0.023932380092877802,6117
FANCJKO,G4_quartile,S9.6 (R-loop),Q1,-1474.7474747474748,0.5488378526552837,0.0239973143256722,6117
FANCJKO,G4_quartile,S9.6 (R-loop),Q1,-1434.3434343434344,0.5486716917532928,0.02378240337881623,6117
FANCJKO,G4_quartile,S9.6 (R-loop),Q1,-1393.939393939394,0.5683686472420778,0.026565332367806362,6117
FANCJKO,G4_quartile,S9.6 (R-loop),Q1,-1353.5353535353536,0.5644798340221627,0.027726842299718932,6117
FANCJKO,G4_quartile,S9.6 (R-loop),Q1,-1313.1313131313132,0.5541798151125861,0.024642736541138074,6117
FANCJKO,G4_quartile,S9.6 (R-loop),Q1,-1272.7272727272727,0.5526472169178215,0.027727605685744495,6117
FANCJKO,G4_quartile,S9.6 (R-loop),Q1,-1232.3232323232323,0.551740052242057,0.028789718748485314,6117
FANCJKO,G4_quartile,S9.6 (R-loop),Q1,-1191.919191919192,0.5488729491987897,0.029258248156666104,6117
FANCJKO,G4_quartile,S9.6 (R-loop),Q1,-1151.5151515151515,0.5461957701980283,0.028985760497057846,6117
FANCJKO,G4_quartile,S9.6 (R-loop),Q1,-1111.1111111111113,0.537910355066672,0.023715205572189826,6117
FANCJKO,G4_quartile,S9.6 (R-loop),Q1,-1070.7070707070707,0.536909250749908,0.023184109080989238,6117
FANCJKO,G4_quartile,S9.6 (R-loop),Q1,-1030.3030303030305,0.5346252937976587,0.02344895435646833,6117
FANCJKO,G4_quartile,S9.6 (R-loop),Q1,-989.89898989899,0.5219525926520281,0.023175915150403955,6117
FANCJKO,G4_quartile,S9.6 (R-loop),Q1,-949.4949494949497,0.5519381767767205,0.023893096414150224,6117
FANCJKO,G4_quartile,S9.6 (R-loop),Q1,-909.0909090909092,0.5478511816409346,0.02329614810918264,6117
FANCJKO,G4_quartile,S9.6 (R-loop),Q1,-868.6868686868688,0.5538784446816576,0.023364079662814757,6117
FANCJKO,G4_quartile,S9.6 (R-loop),Q1,-828.2828282828284,0.5480008450650634,0.023499683081175855,6117
FANCJKO,G4_quartile,S9.6 (R-loop),Q1,-787.878787878788,0.5550250653227391,0.02383947515500622,6117
FANCJKO,G4_quartile,S9.6 (R-loop),Q1,-747.4747474747476,0.5625116590868854,0.025339013981710897,6117
FANCJKO,G4_quartile,S9.6 (R-loop),Q1,-707.0707070707072,0.5706721850962183,0.025701705726815505,6117
FANCJKO,G4_quartile,S9.6 (R-loop),Q1,-666.6666666666667,0.58320450826825,0.025051314106503082,6117
FANCJKO,G4_quartile,S9.6 (R-loop),Q1,-626.2626262626263,0.564975196829409,0.02496261752444865,6117
FANCJKO,G4_quartile,S9.6 (R-loop),Q1,-585.8585858585859,0.5330256187752835,0.023775400762478145,6117
FANCJKO,G4_quartile,S9.6 (R-loop),Q1,-545.4545454545455,0.5070382502433517,0.022878775312703808,6117
FANCJKO,G4_quartile,S9.6 (R-loop),Q1,-505.0505050505051,0.4920722829336642,0.022452498800159527,6117
FANCJKO,G4_quartile,S9.6 (R-loop),Q1,-464.64646464646466,0.5133524027446689,0.023114303226621054,6117
FANCJKO,G4_quartile,S9.6 (R-loop),Q1,-424.24242424242425,0.5458190676494098,0.023791560638474235,6117
FANCJKO,G4_quartile,S9.6 (R-loop),Q1,-383.83838383838383,0.557347219817785,0.023745876372951336,6117
FANCJKO,G4_quartile,S9.6 (R-loop),Q1,-343.43434343434365,0.5593339339941865,0.024021062410112547,6117
FANCJKO,G4_quartile,S9.6 (R-loop),Q1,-303.03030303030323,0.5643136392489615,0.024235288338273018,6117
FANCJKO,G4_quartile,S9.6 (R-loop),Q1,-262.6262626262628,0.551730740102544,0.023865700929245816,6117
FANCJKO,G4_quartile,S9.6 (R-loop),Q1,-222.2222222222224,0.5457365178584563,0.02327291342915113,6117
FANCJKO,G4_quartile,S9.6 (R-loop),Q1,-181.81818181818198,0.5451575188859427,0.02398356792692209,6117
FANCJKO,G4_quartile,S9.6 (R-loop),Q1,-141.41414141414157,0.5586548330253234,0.024751890004554116,6117
FANCJKO,G4_quartile,S9.6 (R-loop),Q1,-101.01010101010115,0.5616571063612118,0.024696081367530088,6117
FANCJKO,G4_quartile,S9.6 (R-loop),Q1,-60.60606060606074,0.5610791677926792,0.024567844338019243,6117
FANCJKO,G4_quartile,S9.6 (R-loop),Q1,-20.20202020202032,0.5422429867087909,0.023820555514036616,6117
FANCJKO,G4_quartile,S9.6 (R-loop),Q1,20.202020202020094,0.5302493648444835,0.02376301388911098,6117
FANCJKO,G4_quartile,S9.6 (R-loop),Q1,60.60606060606051,0.5246906553006765,0.023854062235123083,6117
FANCJKO,G4_quartile,S9.6 (R-loop),Q1,101.0101010101007,0.5140418342350225,0.0234632578140174,6117
FANCJKO,G4_quartile,S9.6 (R-loop),Q1,141.41414141414134,0.5068421596016699,0.02315641223933584,6117
FANCJKO,G4_quartile,S9.6 (R-loop),Q1,181.81818181818153,0.5113780658912839,0.023419450359497898,6117
FANCJKO,G4_quartile,S9.6 (R-loop),Q1,222.22222222222217,0.5230816687716469,0.023327766976095947,6117
FANCJKO,G4_quartile,S9.6 (R-loop),Q1,262.62626262626236,0.534601546422118,0.022865625199460372,6117
FANCJKO,G4_quartile,S9.6 (R-loop),Q1,303.030303030303,0.530294742446844,0.02378574537599552,6117
FANCJKO,G4_quartile,S9.6 (R-loop),Q1,343.4343434343432,0.5126144620265193,0.022993049121533122,6117
FANCJKO,G4_quartile,S9.6 (R-loop),Q1,383.83838383838383,0.5065067137159099,0.02237966991156955,6117
FANCJKO,G4_quartile,S9.6 (R-loop),Q1,424.242424242424,0.5163804614097002,0.023064776338886393,6117
FANCJKO,G4_quartile,S9.6 (R-loop),Q1,464.64646464646466,0.532419780830952,0.023558839083250124,6117
FANCJKO,G4_quartile,S9.6 (R-loop),Q1,505.05050505050485,0.542238847795975,0.02359891621125565,6117
FANCJKO,G4_quartile,S9.6 (R-loop),Q1,545.4545454545455,0.542782736564622,0.02386883041658229,6117
FANCJKO,G4_quartile,S9.6 (R-loop),Q1,585.8585858585857,0.5462195186173812,0.024002245159448148,6117
FANCJKO,G4_quartile,S9.6 (R-loop),Q1,626.2626262626259,0.5453401976700166,0.0241121362189568,6117
FANCJKO,G4_quartile,S9.6 (R-loop),Q1,666.6666666666665,0.5273451150417132,0.023763424168123142,6117
FANCJKO,G4_quartile,S9.6 (R-loop),Q1,707.0707070707067,0.5215841402577944,0.0237536017337288,6117
FANCJKO,G4_quartile,S9.6 (R-loop),Q1,747.4747474747473,0.5177624277676396,0.023696029333476885,6117
FANCJKO,G4_quartile,S9.6 (R-loop),Q1,787.8787878787875,0.5223293115478983,0.023955206596130405,6117
FANCJKO,G4_quartile,S9.6 (R-loop),Q1,828.2828282828282,0.5100425692759645,0.023277127073853262,6117
FANCJKO,G4_quartile,S9.6 (R-loop),Q1,868.6868686868684,0.5008159249786136,0.022731752615869804,6117
FANCJKO,G4_quartile,S9.6 (R-loop),Q1,909.090909090909,0.5113491857154338,0.023149868251542534,6117
FANCJKO,G4_quartile,S9.6 (R-loop),Q1,949.4949494949492,0.5133575937354145,0.022880889207054368,6117
FANCJKO,G4_quartile,S9.6 (R-loop),Q1,989.8989898989898,0.5201939737406199,0.02320615310165783,6117
FANCJKO,G4_quartile,S9.6 (R-loop),Q1,1030.30303030303,0.5406422537190774,0.023706150068282916,6117
FANCJKO,G4_quartile,S9.6 (R-loop),Q1,1070.7070707070707,0.5547680897525621,0.02483431871002787,6117
FANCJKO,G4_quartile,S9.6 (R-loop),Q1,1111.1111111111109,0.5628842360334262,0.02654911119698247,6117
FANCJKO,G4_quartile,S9.6 (R-loop),Q1,1151.5151515151515,0.5413027735757947,0.025257544037630406,6117
FANCJKO,G4_quartile,S9.6 (R-loop),Q1,1191.9191919191917,0.5232530080780471,0.024310652553666032,6117
FANCJKO,G4_quartile,S9.6 (R-loop),Q1,1232.3232323232323,0.5197202392493281,0.02418255417638946,6117
FANCJKO,G4_quartile,S9.6 (R-loop),Q1,1272.7272727272725,0.5182887604238986,0.023211178184395602,6117
FANCJKO,G4_quartile,S9.6 (R-loop),Q1,1313.1313131313127,0.5031979398418301,0.022803424239954635,6117
FANCJKO,G4_quartile,S9.6 (R-loop),Q1,1353.5353535353534,0.5074211414337245,0.023211277207477204,6117
FANCJKO,G4_quartile,S9.6 (R-loop),Q1,1393.9393939393935,0.5113429894650303,0.023029512397247875,6117
FANCJKO,G4_quartile,S9.6 (R-loop),Q1,1434.3434343434342,0.5056077973818887,0.02217571009736305,6117
FANCJKO,G4_quartile,S9.6 (R-loop),Q1,1474.7474747474744,0.5209556169145113,0.022349357413450417,6117
FANCJKO,G4_quartile,S9.6 (R-loop),Q1,1515.151515151515,0.531945019229795,0.022369373687907586,6117
FANCJKO,G4_quartile,S9.6 (R-loop),Q1,1555.5555555555552,0.5523571749480733,0.02306408451776011,6117
FANCJKO,G4_quartile,S9.6 (R-loop),Q1,1595.9595959595958,0.5670176224883438,0.023787196290031627,6117
FANCJKO,G4_quartile,S9.6 (R-loop),Q1,1636.363636363636,0.5790535417195464,0.023965461472035255,6117
FANCJKO,G4_quartile,S9.6 (R-loop),Q1,1676.7676767676767,0.5817358855821648,0.0239450427158269,6117
FANCJKO,G4_quartile,S9.6 (R-loop),Q1,1717.1717171717169,0.564821402514621,0.023795757798376862,6117
FANCJKO,G4_quartile,S9.6 (R-loop),Q1,1757.5757575757575,0.5679557903766118,0.024166395063436954,6117
FANCJKO,G4_quartile,S9.6 (R-loop),Q1,1797.9797979797977,0.5896394308603874,0.024815190972211118,6117
FANCJKO,G4_quartile,S9.6 (R-loop),Q1,1838.3838383838383,0.6117101034849136,0.02540518542980821,6117
FANCJKO,G4_quartile,S9.6 (R-loop),Q1,1878.7878787878785,0.63080120475857,0.026273918139218182,6117
FANCJKO,G4_quartile,S9.6 (R-loop),Q1,1919.1919191919187,0.6210090012787577,0.026069507477291008,6117
FANCJKO,G4_quartile,S9.6 (R-loop),Q1,1959.5959595959594,0.6091144647380327,0.025989415456215127,6117
FANCJKO,G4_quartile,S9.6 (R-loop),Q1,2000,0.6107348110843642,0.02621718452178742,6117
FANCJKO,G4_quartile,S9.6 (R-loop),Q2,-2000,0.7531461392633034,0.029115335509349843,6117
FANCJKO,G4_quartile,S9.6 (R-loop),Q2,-1959.5959595959596,0.7458938498358583,0.02868018741535749,6117
FANCJKO,G4_quartile,S9.6 (R-loop),Q2,-1919.1919191919192,0.7462147904126675,0.02901310692937325,6117
FANCJKO,G4_quartile,S9.6 (R-loop),Q2,-1878.7878787878788,0.752750849652583,0.029232399935859903,6117
FANCJKO,G4_quartile,S9.6 (R-loop),Q2,-1838.3838383838383,0.7517425336255594,0.029477091662248992,6117
FANCJKO,G4_quartile,S9.6 (R-loop),Q2,-1797.979797979798,0.7546570695061517,0.030103272189841847,6117
FANCJKO,G4_quartile,S9.6 (R-loop),Q2,-1757.5757575757575,0.7470208488849932,0.031165193782382493,6117
FANCJKO,G4_quartile,S9.6 (R-loop),Q2,-1717.1717171717173,0.7288864531946332,0.03087860319131982,6117
FANCJKO,G4_quartile,S9.6 (R-loop),Q2,-1676.7676767676767,0.7229231981553341,0.030378717034685032,6117
FANCJKO,G4_quartile,S9.6 (R-loop),Q2,-1636.3636363636365,0.7063286529117336,0.030710653418391447,6117
FANCJKO,G4_quartile,S9.6 (R-loop),Q2,-1595.9595959595958,0.6820504187986762,0.028902165475122643,6117
FANCJKO,G4_quartile,S9.6 (R-loop),Q2,-1555.5555555555557,0.6600736789797486,0.0272975765504214,6117
FANCJKO,G4_quartile,S9.6 (R-loop),Q2,-1515.1515151515152,0.6580941628972709,0.02685421325881927,6117
FANCJKO,G4_quartile,S9.6 (R-loop),Q2,-1474.7474747474748,0.6634835901005681,0.026280098317298207,6117
FANCJKO,G4_quartile,S9.6 (R-loop),Q2,-1434.3434343434344,0.673133377043311,0.026620501172345972,6117
FANCJKO,G4_quartile,S9.6 (R-loop),Q2,-1393.939393939394,0.6793742613947007,0.026292555644135563,6117
FANCJKO,G4_quartile,S9.6 (R-loop),Q2,-1353.5353535353536,0.6826716946847077,0.026457070100079322,6117
FANCJKO,G4_quartile,S9.6 (R-loop),Q2,-1313.1313131313132,0.6903430281214147,0.027376607573364305,6117
FANCJKO,G4_quartile,S9.6 (R-loop),Q2,-1272.7272727272727,0.6888568638009087,0.02763282279374613,6117
FANCJKO,G4_quartile,S9.6 (R-loop),Q2,-1232.3232323232323,0.7015306000161248,0.04277915379137783,6117
FANCJKO,G4_quartile,S9.6 (R-loop),Q2,-1191.919191919192,0.7232224517217095,0.05881784093051486,6117
FANCJKO,G4_quartile,S9.6 (R-loop),Q2,-1151.5151515151515,0.686032066031957,0.03522925000991457,6117
FANCJKO,G4_quartile,S9.6 (R-loop),Q2,-1111.1111111111113,0.6575956352221888,0.02762659625110763,6117
FANCJKO,G4_quartile,S9.6 (R-loop),Q2,-1070.7070707070707,0.6570104570689531,0.026519922479583603,6117
FANCJKO,G4_quartile,S9.6 (R-loop),Q2,-1030.3030303030305,0.6438279188154241,0.025326568709080594,6117
FANCJKO,G4_quartile,S9.6 (R-loop),Q2,-989.89898989899,0.6446731877194093,0.025227678256886692,6117
FANCJKO,G4_quartile,S9.6 (R-loop),Q2,-949.4949494949497,0.6468116231889497,0.025449813769632495,6117
FANCJKO,G4_quartile,S9.6 (R-loop),Q2,-909.0909090909092,0.6674281360517437,0.026127336544070626,6117
FANCJKO,G4_quartile,S9.6 (R-loop),Q2,-868.6868686868688,0.6814136255171117,0.027390368387463303,6117
FANCJKO,G4_quartile,S9.6 (R-loop),Q2,-828.2828282828284,0.6781202917224183,0.027011925822651037,6117
FANCJKO,G4_quartile,S9.6 (R-loop),Q2,-787.878787878788,0.6892077347893255,0.027686282352130016,6117
FANCJKO,G4_quartile,S9.6 (R-loop),Q2,-747.4747474747476,0.6884109786840367,0.02681286989945653,6117
FANCJKO,G4_quartile,S9.6 (R-loop),Q2,-707.0707070707072,0.6656137237003498,0.026536494817804127,6117
FANCJKO,G4_quartile,S9.6 (R-loop),Q2,-666.6666666666667,0.64656391983488,0.026639937563058852,6117
FANCJKO,G4_quartile,S9.6 (R-loop),Q2,-626.2626262626263,0.6519812432926062,0.026860313261517173,6117
FANCJKO,G4_quartile,S9.6 (R-loop),Q2,-585.8585858585859,0.6600540318625505,0.026496944784619583,6117
FANCJKO,G4_quartile,S9.6 (R-loop),Q2,-545.4545454545455,0.6705077946602231,0.02678476380964521,6117
FANCJKO,G4_quartile,S9.6 (R-loop),Q2,-505.0505050505051,0.6654259110212701,0.026907516956863824,6117
FANCJKO,G4_quartile,S9.6 (R-loop),Q2,-464.64646464646466,0.6677542486417657,0.026823394365022908,6117
FANCJKO,G4_quartile,S9.6 (R-loop),Q2,-424.24242424242425,0.6860888540087372,0.02709655932029203,6117
FANCJKO,G4_quartile,S9.6 (R-loop),Q2,-383.83838383838383,0.6856006814484568,0.026650365411321732,6117
FANCJKO,G4_quartile,S9.6 (R-loop),Q2,-343.43434343434365,0.698069039886586,0.026802416645401506,6117
FANCJKO,G4_quartile,S9.6 (R-loop),Q2,-303.03030303030323,0.7148132427070875,0.027058114834217193,6117
FANCJKO,G4_quartile,S9.6 (R-loop),Q2,-262.6262626262628,0.721748710311766,0.027250646674505424,6117
FANCJKO,G4_quartile,S9.6 (R-loop),Q2,-222.2222222222224,0.731107468057348,0.027912095217529475,6117
FANCJKO,G4_quartile,S9.6 (R-loop),Q2,-181.81818181818198,0.7271980196964138,0.028066559447032624,6117
FANCJKO,G4_quartile,S9.6 (R-loop),Q2,-141.41414141414157,0.7121071756620745,0.027233266448093308,6117
FANCJKO,G4_quartile,S9.6 (R-loop),Q2,-101.01010101010115,0.7049085398694994,0.02763286346707511,6117
FANCJKO,G4_quartile,S9.6 (R-loop),Q2,-60.60606060606074,0.6965013452018047,0.027434454515195678,6117
FANCJKO,G4_quartile,S9.6 (R-loop),Q2,-20.20202020202032,0.6891344686085505,0.027837097227758085,6117
FANCJKO,G4_quartile,S9.6 (R-loop),Q2,20.202020202020094,0.6874470475139486,0.02690973854946071,6117
FANCJKO,G4_quartile,S9.6 (R-loop),Q2,60.60606060606051,0.6859526107550098,0.026911359052110662,6117
FANCJKO,G4_quartile,S9.6 (R-loop),Q2,101.0101010101007,0.6906784093736049,0.027090690931198452,6117
FANCJKO,G4_quartile,S9.6 (R-loop),Q2,141.41414141414134,0.6789201277023812,0.02686364888076133,6117
FANCJKO,G4_quartile,S9.6 (R-loop),Q2,181.81818181818153,0.6669533534135457,0.02714088115347785,6117
FANCJKO,G4_quartile,S9.6 (R-loop),Q2,222.22222222222217,0.6580218800766977,0.027125136663127623,6117
FANCJKO,G4_quartile,S9.6 (R-loop),Q2,262.62626262626236,0.6524012603172895,0.027371345096759498,6117
FANCJKO,G4_quartile,S9.6 (R-loop),Q2,303.030303030303,0.6514001608777459,0.027257575769040598,6117
FANCJKO,G4_quartile,S9.6 (R-loop),Q2,343.4343434343432,0.6550165305466359,0.026495267351780386,6117
FANCJKO,G4_quartile,S9.6 (R-loop),Q2,383.83838383838383,0.6783783087862121,0.026360622920035458,6117
FANCJKO,G4_quartile,S9.6 (R-loop),Q2,424.242424242424,0.6821412216975794,0.025964622084966773,6117
FANCJKO,G4_quartile,S9.6 (R-loop),Q2,464.64646464646466,0.661465904660036,0.02523274785627711,6117
FANCJKO,G4_quartile,S9.6 (R-loop),Q2,505.05050505050485,0.6440188625425373,0.0250696865897302,6117
FANCJKO,G4_quartile,S9.6 (R-loop),Q2,545.4545454545455,0.6468921070148764,0.025155275132722695,6117
FANCJKO,G4_quartile,S9.6 (R-loop),Q2,585.8585858585857,0.6430456004346106,0.025162765923081743,6117
FANCJKO,G4_quartile,S9.6 (R-loop),Q2,626.2626262626259,0.669915383742264,0.02615233333748608,6117
FANCJKO,G4_quartile,S9.6 (R-loop),Q2,666.6666666666665,0.6739724314725198,0.02607360885152742,6117
FANCJKO,G4_quartile,S9.6 (R-loop),Q2,707.0707070707067,0.6616991430455698,0.025347934807963882,6117
FANCJKO,G4_quartile,S9.6 (R-loop),Q2,747.4747474747473,0.6567669203927474,0.025512354186546782,6117
FANCJKO,G4_quartile,S9.6 (R-loop),Q2,787.8787878787875,0.6501028838905311,0.02531365802580227,6117
FANCJKO,G4_quartile,S9.6 (R-loop),Q2,828.2828282828282,0.6579259062099441,0.025838888337868193,6117
FANCJKO,G4_quartile,S9.6 (R-loop),Q2,868.6868686868684,0.6638231186707352,0.025876942314731734,6117
FANCJKO,G4_quartile,S9.6 (R-loop),Q2,909.090909090909,0.6651338279902215,0.026196369098965003,6117
FANCJKO,G4_quartile,S9.6 (R-loop),Q2,949.4949494949492,0.6904689204462191,0.027146669197208165,6117
FANCJKO,G4_quartile,S9.6 (R-loop),Q2,989.8989898989898,0.7046216136094438,0.0274675628134933,6117
FANCJKO,G4_quartile,S9.6 (R-loop),Q2,1030.30303030303,0.7020321847353974,0.027869686803595414,6117
FANCJKO,G4_quartile,S9.6 (R-loop),Q2,1070.7070707070707,0.6917311646571104,0.02753557506991147,6117
FANCJKO,G4_quartile,S9.6 (R-loop),Q2,1111.1111111111109,0.6810038991196928,0.026808559244476598,6117
FANCJKO,G4_quartile,S9.6 (R-loop),Q2,1151.5151515151515,0.695898627544467,0.026388054121806826,6117
FANCJKO,G4_quartile,S9.6 (R-loop),Q2,1191.9191919191917,0.6899580536583787,0.02608649018283301,6117
FANCJKO,G4_quartile,S9.6 (R-loop),Q2,1232.3232323232323,0.6811865438474598,0.02578478347883308,6117
FANCJKO,G4_quartile,S9.6 (R-loop),Q2,1272.7272727272725,0.6855459850399491,0.025673902757299333,6117
FANCJKO,G4_quartile,S9.6 (R-loop),Q2,1313.1313131313127,0.6939356271230624,0.026167610851105725,6117
FANCJKO,G4_quartile,S9.6 (R-loop),Q2,1353.5353535353534,0.6906722276350791,0.026398326082622263,6117
FANCJKO,G4_quartile,S9.6 (R-loop),Q2,1393.9393939393935,0.6993126653967325,0.027197097138983255,6117
FANCJKO,G4_quartile,S9.6 (R-loop),Q2,1434.3434343434342,0.6933762411505398,0.027032363175889473,6117
FANCJKO,G4_quartile,S9.6 (R-loop),Q2,1474.7474747474744,0.6872715950939184,0.02756579006427839,6117
FANCJKO,G4_quartile,S9.6 (R-loop),Q2,1515.151515151515,0.6988018318119219,0.028606474138218513,6117
FANCJKO,G4_quartile,S9.6 (R-loop),Q2,1555.5555555555552,0.6983827952176918,0.028802292384116714,6117
FANCJKO,G4_quartile,S9.6 (R-loop),Q2,1595.9595959595958,0.6896350372138085,0.02800664212756718,6117
FANCJKO,G4_quartile,S9.6 (R-loop),Q2,1636.363636363636,0.6931616021565674,0.027317632466173903,6117
FANCJKO,G4_quartile,S9.6 (R-loop),Q2,1676.7676767676767,0.6886721225417773,0.02691037659667746,6117
FANCJKO,G4_quartile,S9.6 (R-loop),Q2,1717.1717171717169,0.6868309191443162,0.026234761525170718,6117
FANCJKO,G4_quartile,S9.6 (R-loop),Q2,1757.5757575757575,0.6833260152565116,0.026049886489905756,6117
FANCJKO,G4_quartile,S9.6 (R-loop),Q2,1797.9797979797977,0.6908786409228682,0.02639670278823694,6117
FANCJKO,G4_quartile,S9.6 (R-loop),Q2,1838.3838383838383,0.6897175436071229,0.026718231352732023,6117
FANCJKO,G4_quartile,S9.6 (R-loop),Q2,1878.7878787878785,0.695151374464726,0.02660882843828834,6117
FANCJKO,G4_quartile,S9.6 (R-loop),Q2,1919.1919191919187,0.7123032578277356,0.02710153651058528,6117
FANCJKO,G4_quartile,S9.6 (R-loop),Q2,1959.5959595959594,0.7095197946777411,0.026891375614595703,6117
FANCJKO,G4_quartile,S9.6 (R-loop),Q2,2000,0.7149360603283007,0.02737436241374655,6117
FANCJKO,G4_quartile,S9.6 (R-loop),Q3,-2000,0.8543430332209615,0.031418953472859355,6117
FANCJKO,G4_quartile,S9.6 (R-loop),Q3,-1959.5959595959596,0.8634437551569075,0.03171661163534119,6117
FANCJKO,G4_quartile,S9.6 (R-loop),Q3,-1919.1919191919192,0.8697414029180254,0.030927797229142788,6117
FANCJKO,G4_quartile,S9.6 (R-loop),Q3,-1878.7878787878788,0.8657008763562002,0.03071800543407921,6117
FANCJKO,G4_quartile,S9.6 (R-loop),Q3,-1838.3838383838383,0.8428747382939855,0.030809679756778577,6117
FANCJKO,G4_quartile,S9.6 (R-loop),Q3,-1797.979797979798,0.8323353118553001,0.03132035939078251,6117
FANCJKO,G4_quartile,S9.6 (R-loop),Q3,-1757.5757575757575,0.8250633822527299,0.03234763604692653,6117
FANCJKO,G4_quartile,S9.6 (R-loop),Q3,-1717.1717171717173,0.8196244283368799,0.03188529265570031,6117
FANCJKO,G4_quartile,S9.6 (R-loop),Q3,-1676.7676767676767,0.8176098446041334,0.032246566056712445,6117
FANCJKO,G4_quartile,S9.6 (R-loop),Q3,-1636.3636363636365,0.7842741921837857,0.0306644028484622,6117
FANCJKO,G4_quartile,S9.6 (R-loop),Q3,-1595.9595959595958,0.7544774989486438,0.029185088943251655,6117
FANCJKO,G4_quartile,S9.6 (R-loop),Q3,-1555.5555555555557,0.7478454513081153,0.02864389192649623,6117
FANCJKO,G4_quartile,S9.6 (R-loop),Q3,-1515.1515151515152,0.7506794909188942,0.02894439116259891,6117
FANCJKO,G4_quartile,S9.6 (R-loop),Q3,-1474.7474747474748,0.7688675460890659,0.029605151509783136,6117
FANCJKO,G4_quartile,S9.6 (R-loop),Q3,-1434.3434343434344,0.7729276959140317,0.029992647169330606,6117
FANCJKO,G4_quartile,S9.6 (R-loop),Q3,-1393.939393939394,0.769192648966149,0.02969495318146798,6117
FANCJKO,G4_quartile,S9.6 (R-loop),Q3,-1353.5353535353536,0.7656206895134008,0.029595843019438944,6117
FANCJKO,G4_quartile,S9.6 (R-loop),Q3,-1313.1313131313132,0.7706437553408761,0.029336571957879243,6117
FANCJKO,G4_quartile,S9.6 (R-loop),Q3,-1272.7272727272727,0.7869875107570464,0.02974800808603597,6117
FANCJKO,G4_quartile,S9.6 (R-loop),Q3,-1232.3232323232323,0.7915719203544113,0.02955563644444539,6117
FANCJKO,G4_quartile,S9.6 (R-loop),Q3,-1191.919191919192,0.7916978443116073,0.02942489252338015,6117
FANCJKO,G4_quartile,S9.6 (R-loop),Q3,-1151.5151515151515,0.7986890475615125,0.029860352615782532,6117
FANCJKO,G4_quartile,S9.6 (R-loop),Q3,-1111.1111111111113,0.810492747199963,0.02995057714309532,6117
FANCJKO,G4_quartile,S9.6 (R-loop),Q3,-1070.7070707070707,0.7873435564904315,0.02825026954658194,6117
FANCJKO,G4_quartile,S9.6 (R-loop),Q3,-1030.3030303030305,0.784951219553627,0.02811936157320033,6117
FANCJKO,G4_quartile,S9.6 (R-loop),Q3,-989.89898989899,0.7883353548176161,0.0282192633273425,6117
FANCJKO,G4_quartile,S9.6 (R-loop),Q3,-949.4949494949497,0.7920528477655235,0.028628507495739784,6117
FANCJKO,G4_quartile,S9.6 (R-loop),Q3,-909.0909090909092,0.7943120146183069,0.02853440695400732,6117
FANCJKO,G4_quartile,S9.6 (R-loop),Q3,-868.6868686868688,0.8108178031260177,0.029175527602593537,6117
FANCJKO,G4_quartile,S9.6 (R-loop),Q3,-828.2828282828284,0.8194500067853696,0.0292311712366917,6117
FANCJKO,G4_quartile,S9.6 (R-loop),Q3,-787.878787878788,0.8123824453151753,0.028726453218501154,6117
FANCJKO,G4_quartile,S9.6 (R-loop),Q3,-747.4747474747476,0.8159079893808779,0.02913224588485832,6117
FANCJKO,G4_quartile,S9.6 (R-loop),Q3,-707.0707070707072,0.8082964985687965,0.02925655094666182,6117
FANCJKO,G4_quartile,S9.6 (R-loop),Q3,-666.6666666666667,0.8231097011467208,0.02963430741168415,6117
FANCJKO,G4_quartile,S9.6 (R-loop),Q3,-626.2626262626263,0.8210270161386857,0.029915943240717738,6117
FANCJKO,G4_quartile,S9.6 (R-loop),Q3,-585.8585858585859,0.8276931108256768,0.030565801221904287,6117
FANCJKO,G4_quartile,S9.6 (R-loop),Q3,-545.4545454545455,0.8149966698221706,0.030087213568278762,6117
FANCJKO,G4_quartile,S9.6 (R-loop),Q3,-505.0505050505051,0.7937991023044739,0.02929394796343332,6117
FANCJKO,G4_quartile,S9.6 (R-loop),Q3,-464.64646464646466,0.7743756586746136,0.028887623255225963,6117
FANCJKO,G4_quartile,S9.6 (R-loop),Q3,-424.24242424242425,0.7751703421316637,0.029367051257068802,6117
FANCJKO,G4_quartile,S9.6 (R-loop),Q3,-383.83838383838383,0.7979180613640857,0.030029567951207106,6117
FANCJKO,G4_quartile,S9.6 (R-loop),Q3,-343.43434343434365,0.8089559961483536,0.03021921015125337,6117
FANCJKO,G4_quartile,S9.6 (R-loop),Q3,-303.03030303030323,0.8205130532021251,0.030277750365549826,6117
FANCJKO,G4_quartile,S9.6 (R-loop),Q3,-262.6262626262628,0.8036924868211663,0.030242594830283503,6117
FANCJKO,G4_quartile,S9.6 (R-loop),Q3,-222.2222222222224,0.8137561060835774,0.030546887530432425,6117
FANCJKO,G4_quartile,S9.6 (R-loop),Q3,-181.81818181818198,0.8124195744639705,0.030495822003184864,6117
FANCJKO,G4_quartile,S9.6 (R-loop),Q3,-141.41414141414157,0.7705817867655663,0.029068722546675346,6117
FANCJKO,G4_quartile,S9.6 (R-loop),Q3,-101.01010101010115,0.7793429970923256,0.029620397703582,6117
FANCJKO,G4_quartile,S9.6 (R-loop),Q3,-60.60606060606074,0.7880247185792999,0.030157070336731255,6117
FANCJKO,G4_quartile,S9.6 (R-loop),Q3,-20.20202020202032,0.7895852089938341,0.030367214156208976,6117
FANCJKO,G4_quartile,S9.6 (R-loop),Q3,20.202020202020094,0.7920105596575003,0.030425951609287582,6117
FANCJKO,G4_quartile,S9.6 (R-loop),Q3,60.60606060606051,0.8072045818955846,0.030879194510285396,6117
FANCJKO,G4_quartile,S9.6 (R-loop),Q3,101.0101010101007,0.8183869850481192,0.030665266672096677,6117
FANCJKO,G4_quartile,S9.6 (R-loop),Q3,141.41414141414134,0.8297314115950999,0.03038726864893019,6117
FANCJKO,G4_quartile,S9.6 (R-loop),Q3,181.81818181818153,0.8284640180264786,0.02999832534181574,6117
FANCJKO,G4_quartile,S9.6 (R-loop),Q3,222.22222222222217,0.7951686313400421,0.028317177883486592,6117
FANCJKO,G4_quartile,S9.6 (R-loop),Q3,262.62626262626236,0.8034798446891663,0.028945891696620363,6117
FANCJKO,G4_quartile,S9.6 (R-loop),Q3,303.030303030303,0.8052013300227869,0.029164270746688432,6117
FANCJKO,G4_quartile,S9.6 (R-loop),Q3,343.4343434343432,0.7970078086497359,0.028854716265760732,6117
FANCJKO,G4_quartile,S9.6 (R-loop),Q3,383.83838383838383,0.8233429673634819,0.02924231921224799,6117
FANCJKO,G4_quartile,S9.6 (R-loop),Q3,424.242424242424,0.8079734843352485,0.028673111501674505,6117
FANCJKO,G4_quartile,S9.6 (R-loop),Q3,464.64646464646466,0.8026831167191405,0.028485721031072497,6117
FANCJKO,G4_quartile,S9.6 (R-loop),Q3,505.05050505050485,0.7878069459548858,0.02881272475798658,6117
FANCJKO,G4_quartile,S9.6 (R-loop),Q3,545.4545454545455,0.7899113280407629,0.029026163107849945,6117
FANCJKO,G4_quartile,S9.6 (R-loop),Q3,585.8585858585857,0.8055429481499692,0.029346902438062282,6117
FANCJKO,G4_quartile,S9.6 (R-loop),Q3,626.2626262626259,0.8030484326488259,0.029221943108637755,6117
FANCJKO,G4_quartile,S9.6 (R-loop),Q3,666.6666666666665,0.7764542559015771,0.028664776986243232,6117
FANCJKO,G4_quartile,S9.6 (R-loop),Q3,707.0707070707067,0.7546777475089178,0.028441604667971358,6117
FANCJKO,G4_quartile,S9.6 (R-loop),Q3,747.4747474747473,0.7529438851058492,0.028463502187179048,6117
FANCJKO,G4_quartile,S9.6 (R-loop),Q3,787.8787878787875,0.7508281438714396,0.027891398493711698,6117
FANCJKO,G4_quartile,S9.6 (R-loop),Q3,828.2828282828282,0.7577346911586073,0.027558198659287714,6117
FANCJKO,G4_quartile,S9.6 (R-loop),Q3,868.6868686868684,0.7376806698447416,0.02701278092116446,6117
FANCJKO,G4_quartile,S9.6 (R-loop),Q3,909.090909090909,0.7444365482972615,0.02694792870879542,6117
FANCJKO,G4_quartile,S9.6 (R-loop),Q3,949.4949494949492,0.7563403566061895,0.02806900662313194,6117
FANCJKO,G4_quartile,S9.6 (R-loop),Q3,989.8989898989898,0.7801036047018923,0.028508400470540502,6117
FANCJKO,G4_quartile,S9.6 (R-loop),Q3,1030.30303030303,0.7937289268686573,0.028734118994034167,6117
FANCJKO,G4_quartile,S9.6 (R-loop),Q3,1070.7070707070707,0.8110180607250985,0.029261139126081456,6117
FANCJKO,G4_quartile,S9.6 (R-loop),Q3,1111.1111111111109,0.8219403943870061,0.030490516578949387,6117
FANCJKO,G4_quartile,S9.6 (R-loop),Q3,1151.5151515151515,0.8181774816254391,0.030589988793386255,6117
FANCJKO,G4_quartile,S9.6 (R-loop),Q3,1191.9191919191917,0.8124020479097755,0.02997410868835063,6117
FANCJKO,G4_quartile,S9.6 (R-loop),Q3,1232.3232323232323,0.8299171718641846,0.03008818549673345,6117
FANCJKO,G4_quartile,S9.6 (R-loop),Q3,1272.7272727272725,0.811622834789163,0.02934369873688474,6117
FANCJKO,G4_quartile,S9.6 (R-loop),Q3,1313.1313131313127,0.7901053457983493,0.028507289874505192,6117
FANCJKO,G4_quartile,S9.6 (R-loop),Q3,1353.5353535353534,0.7661511427238327,0.0282587129809073,6117
FANCJKO,G4_quartile,S9.6 (R-loop),Q3,1393.9393939393935,0.752111991110926,0.028331826475579754,6117
FANCJKO,G4_quartile,S9.6 (R-loop),Q3,1434.3434343434342,0.745667799778735,0.02811426289327618,6117
FANCJKO,G4_quartile,S9.6 (R-loop),Q3,1474.7474747474744,0.769566261585032,0.028644463696514962,6117
FANCJKO,G4_quartile,S9.6 (R-loop),Q3,1515.151515151515,0.7982029471383358,0.029171335481561915,6117
FANCJKO,G4_quartile,S9.6 (R-loop),Q3,1555.5555555555552,0.8021547135637558,0.028731717517253497,6117
FANCJKO,G4_quartile,S9.6 (R-loop),Q3,1595.9595959595958,0.8022259284047539,0.02866406521684412,6117
FANCJKO,G4_quartile,S9.6 (R-loop),Q3,1636.363636363636,0.7841379788713267,0.029365763718975323,6117
FANCJKO,G4_quartile,S9.6 (R-loop),Q3,1676.7676767676767,0.7962358212525377,0.029800777279292725,6117
FANCJKO,G4_quartile,S9.6 (R-loop),Q3,1717.1717171717169,0.8101727856396884,0.029583890979467176,6117
FANCJKO,G4_quartile,S9.6 (R-loop),Q3,1757.5757575757575,0.816383755808059,0.029345121170779864,6117
FANCJKO,G4_quartile,S9.6 (R-loop),Q3,1797.9797979797977,0.7965836157317137,0.028216272853349513,6117
FANCJKO,G4_quartile,S9.6 (R-loop),Q3,1838.3838383838383,0.8128706105759963,0.029436295244672738,6117
FANCJKO,G4_quartile,S9.6 (R-loop),Q3,1878.7878787878785,0.8378062823057573,0.03075395691074699,6117
FANCJKO,G4_quartile,S9.6 (R-loop),Q3,1919.1919191919187,0.8686866366107573,0.031955285225954554,6117
FANCJKO,G4_quartile,S9.6 (R-loop),Q3,1959.5959595959594,0.8666989013219022,0.03199778651564836,6117
FANCJKO,G4_quartile,S9.6 (R-loop),Q3,2000,0.8537496085851727,0.03203648242959922,6117
FANCJKO,G4_quartile,S9.6 (R-loop),Q4,-2000,1.7169384939248713,0.07083742361517255,6117
FANCJKO,G4_quartile,S9.6 (R-loop),Q4,-1959.5959595959596,1.7202452381896807,0.06859384405954835,6117
FANCJKO,G4_quartile,S9.6 (R-loop),Q4,-1919.1919191919192,1.7198623580722632,0.0650969191421768,6117
FANCJKO,G4_quartile,S9.6 (R-loop),Q4,-1878.7878787878788,1.7115026079816604,0.0645184822781203,6117
FANCJKO,G4_quartile,S9.6 (R-loop),Q4,-1838.3838383838383,1.7278557317822558,0.06603180334995787,6117
FANCJKO,G4_quartile,S9.6 (R-loop),Q4,-1797.979797979798,1.6786727366150205,0.06556614268383797,6117
FANCJKO,G4_quartile,S9.6 (R-loop),Q4,-1757.5757575757575,1.6714605956472208,0.06636476413744602,6117
FANCJKO,G4_quartile,S9.6 (R-loop),Q4,-1717.1717171717173,1.6910347923217641,0.0674733387977641,6117
FANCJKO,G4_quartile,S9.6 (R-loop),Q4,-1676.7676767676767,1.7202329018933828,0.0695787641560528,6117
FANCJKO,G4_quartile,S9.6 (R-loop),Q4,-1636.3636363636365,1.7712590708947489,0.07242761494763506,6117
FANCJKO,G4_quartile,S9.6 (R-loop),Q4,-1595.9595959595958,1.791249116526538,0.07213029637219046,6117
FANCJKO,G4_quartile,S9.6 (R-loop),Q4,-1555.5555555555557,1.776420466719426,0.07007558391985859,6117
FANCJKO,G4_quartile,S9.6 (R-loop),Q4,-1515.1515151515152,1.7659181701833715,0.06792327785614663,6117
FANCJKO,G4_quartile,S9.6 (R-loop),Q4,-1474.7474747474748,1.736381476453081,0.06886394657175463,6117
FANCJKO,G4_quartile,S9.6 (R-loop),Q4,-1434.3434343434344,1.7380317757776171,0.07060818693054931,6117
FANCJKO,G4_quartile,S9.6 (R-loop),Q4,-1393.939393939394,1.7853498848101592,0.07440631307638304,6117
FANCJKO,G4_quartile,S9.6 (R-loop),Q4,-1353.5353535353536,1.8308514363306736,0.0779379327414488,6117
FANCJKO,G4_quartile,S9.6 (R-loop),Q4,-1313.1313131313132,1.8578904760998112,0.07741037685917725,6117
FANCJKO,G4_quartile,S9.6 (R-loop),Q4,-1272.7272727272727,1.86346561813018,0.07999263957796132,6117
FANCJKO,G4_quartile,S9.6 (R-loop),Q4,-1232.3232323232323,1.8903633281744796,0.08170305948394241,6117
FANCJKO,G4_quartile,S9.6 (R-loop),Q4,-1191.919191919192,1.909011756767449,0.08261117490031776,6117
FANCJKO,G4_quartile,S9.6 (R-loop),Q4,-1151.5151515151515,1.8865178922895924,0.08060488158258097,6117
FANCJKO,G4_quartile,S9.6 (R-loop),Q4,-1111.1111111111113,1.9045293905882457,0.08090438096880122,6117
FANCJKO,G4_quartile,S9.6 (R-loop),Q4,-1070.7070707070707,1.9468998175211256,0.08704363722282304,6117
FANCJKO,G4_quartile,S9.6 (R-loop),Q4,-1030.3030303030305,1.9592772960344302,0.08936364879204615,6117
FANCJKO,G4_quartile,S9.6 (R-loop),Q4,-989.89898989899,1.9643076121387242,0.09443287065714741,6117
FANCJKO,G4_quartile,S9.6 (R-loop),Q4,-949.4949494949497,1.9526597559950738,0.09493135743195937,6117
FANCJKO,G4_quartile,S9.6 (R-loop),Q4,-909.0909090909092,1.9413173686521377,0.09453315853008154,6117
FANCJKO,G4_quartile,S9.6 (R-loop),Q4,-868.6868686868688,1.9291080829721374,0.0864425699846743,6117
FANCJKO,G4_quartile,S9.6 (R-loop),Q4,-828.2828282828284,1.9256774506286602,0.0780029695830329,6117
FANCJKO,G4_quartile,S9.6 (R-loop),Q4,-787.878787878788,1.961434279793755,0.07636312675433403,6117
FANCJKO,G4_quartile,S9.6 (R-loop),Q4,-747.4747474747476,1.9810826995399915,0.07432721146146398,6117
FANCJKO,G4_quartile,S9.6 (R-loop),Q4,-707.0707070707072,2.012861955031427,0.07594480011291278,6117
FANCJKO,G4_quartile,S9.6 (R-loop),Q4,-666.6666666666667,2.063157520616838,0.07799420803546973,6117
FANCJKO,G4_quartile,S9.6 (R-loop),Q4,-626.2626262626263,2.0876825004245734,0.07818152850299573,6117
FANCJKO,G4_quartile,S9.6 (R-loop),Q4,-585.8585858585859,2.1500769070317634,0.08259553983191639,6117
FANCJKO,G4_quartile,S9.6 (R-loop),Q4,-545.4545454545455,2.185078284192602,0.08310226748503727,6117
FANCJKO,G4_quartile,S9.6 (R-loop),Q4,-505.0505050505051,2.232630569131383,0.08458273459436455,6117
FANCJKO,G4_quartile,S9.6 (R-loop),Q4,-464.64646464646466,2.3214964447762645,0.0932667815676803,6117
FANCJKO,G4_quartile,S9.6 (R-loop),Q4,-424.24242424242425,2.3883452794357547,0.10081926436224209,6117
FANCJKO,G4_quartile,S9.6 (R-loop),Q4,-383.83838383838383,2.484877231124579,0.10782328557695975,6117
FANCJKO,G4_quartile,S9.6 (R-loop),Q4,-343.43434343434365,2.6381850636372994,0.11703367399632977,6117
FANCJKO,G4_quartile,S9.6 (R-loop),Q4,-303.03030303030323,2.8347767170946594,0.1300962667206167,6117
FANCJKO,G4_quartile,S9.6 (R-loop),Q4,-262.6262626262628,3.0641209592768535,0.14834089094797792,6117
FANCJKO,G4_quartile,S9.6 (R-loop),Q4,-222.2222222222224,3.2744720250312613,0.16850587893670746,6117
FANCJKO,G4_quartile,S9.6 (R-loop),Q4,-181.81818181818198,3.4976153695636305,0.1870767252823032,6117
FANCJKO,G4_quartile,S9.6 (R-loop),Q4,-141.41414141414157,3.684708944271431,0.2000983610967278,6117
FANCJKO,G4_quartile,S9.6 (R-loop),Q4,-101.01010101010115,3.8333746562976887,0.20754001271751246,6117
FANCJKO,G4_quartile,S9.6 (R-loop),Q4,-60.60606060606074,3.945052128420191,0.2043483083021075,6117
FANCJKO,G4_quartile,S9.6 (R-loop),Q4,-20.20202020202032,3.99185738995296,0.2051359962949672,6117
FANCJKO,G4_quartile,S9.6 (R-loop),Q4,20.202020202020094,3.981753326237307,0.2056887066304014,6117
FANCJKO,G4_quartile,S9.6 (R-loop),Q4,60.60606060606051,3.864930995311461,0.1924416673108616,6117
FANCJKO,G4_quartile,S9.6 (R-loop),Q4,101.0101010101007,3.7295674982662725,0.18658436675759862,6117
FANCJKO,G4_quartile,S9.6 (R-loop),Q4,141.41414141414134,3.609782304153168,0.17952779492254506,6117
FANCJKO,G4_quartile,S9.6 (R-loop),Q4,181.81818181818153,3.4790887505851606,0.1695642742115904,6117
FANCJKO,G4_quartile,S9.6 (R-loop),Q4,222.22222222222217,3.3391657469305143,0.1598055485676757,6117
FANCJKO,G4_quartile,S9.6 (R-loop),Q4,262.62626262626236,3.1412036511367605,0.14664996270309047,6117
FANCJKO,G4_quartile,S9.6 (R-loop),Q4,303.030303030303,2.9777588708001312,0.13816973156500745,6117
FANCJKO,G4_quartile,S9.6 (R-loop),Q4,343.4343434343432,2.860353293299399,0.1236804150414815,6117
FANCJKO,G4_quartile,S9.6 (R-loop),Q4,383.83838383838383,2.7424616393875683,0.1103308332618034,6117
FANCJKO,G4_quartile,S9.6 (R-loop),Q4,424.242424242424,2.65003012076632,0.10176965229572375,6117
FANCJKO,G4_quartile,S9.6 (R-loop),Q4,464.64646464646466,2.5350942542746546,0.0957155749958146,6117
FANCJKO,G4_quartile,S9.6 (R-loop),Q4,505.05050505050485,2.4245499819893275,0.0909871447230962,6117
FANCJKO,G4_quartile,S9.6 (R-loop),Q4,545.4545454545455,2.3406185421957346,0.08801956420235488,6117
FANCJKO,G4_quartile,S9.6 (R-loop),Q4,585.8585858585857,2.292858749842856,0.087769143911930525,6117
FANCJKO,G4_quartile,S9.6 (R-loop),Q4,626.2626262626259,2.2755230497663788,0.08928172873287478,6117
FANCJKO,G4_quartile,S9.6 (R-loop),Q4,666.6666666666665,2.210296658342743,0.09036970546045078,6117
FANCJKO,G4_quartile,S9.6 (R-loop),Q4,707.0707070707067,2.1956373800177307,0.09494582814832558,6117
FANCJKO,G4_quartile,S9.6 (R-loop),Q4,747.4747474747473,2.2332695365258157,0.10187319570096802,6117
FANCJKO,G4_quartile,S9.6 (R-loop),Q4,787.8787878787875,2.2659963148845814,0.11041325853025931,6117
FANCJKO,G4_quartile,S9.6 (R-loop),Q4,828.2828282828282,2.2841358899435398,0.1168918978103036,6117
FANCJKO,G4_quartile,S9.6 (R-loop),Q4,868.6868686868684,2.267423704540994,0.11707554992614713,6117
FANCJKO,G4_quartile,S9.6 (R-loop),Q4,909.090909090909,2.231612031681481,0.11636556122610818,6117
FANCJKO,G4_quartile,S9.6 (R-loop),Q4,949.4949494949492,2.1694643378622005,0.11433028473321356,6117
FANCJKO,G4_quartile,S9.6 (R-loop),Q4,989.8989898989898,2.1434305322613425,0.11258122481901327,6117
FANCJKO,G4_quartile,S9.6 (R-loop),Q4,1030.30303030303,2.1008970639748195,0.10798876291490217,6117
FANCJKO,G4_quartile,S9.6 (R-loop),Q4,1070.7070707070707,2.049021323215968,0.10258475383117655,6117
FANCJKO,G4_quartile,S9.6 (R-loop),Q4,1111.1111111111109,2.023663601065314,0.09530860897934837,6117
FANCJKO,G4_quartile,S9.6 (R-loop),Q4,1151.5151515151515,1.9825637453935896,0.08643299232322231,6117
FANCJKO,G4_quartile,S9.6 (R-loop),Q4,1191.9191919191917,1.9966895485241873,0.08744183030117977,6117
FANCJKO,G4_quartile,S9.6 (R-loop),Q4,1232.3232323232323,1.9823479960618982,0.086880035612427145,6117
FANCJKO,G4_quartile,S9.6 (R-loop),Q4,1272.7272727272725,1.9614002054768396,0.08668812787853376,6117
FANCJKO,G4_quartile,S9.6 (R-loop),Q4,1313.1313131313127,1.9325396234361987,0.084931392604802,6117
FANCJKO,G4_quartile,S9.6 (R-loop),Q4,1353.5353535353534,1.913152312420594,0.08405684608625638,6117
FANCJKO,G4_quartile,S9.6 (R-loop),Q4,1393.9393939393935,1.9313373657326327,0.08444815198520182,6117
FANCJKO,G4_quartile,S9.6 (R-loop),Q4,1434.3434343434342,1.9210249906047496,0.08513677387491714,6117
FANCJKO,G4_quartile,S9.6 (R-loop),Q4,1474.7474747474744,1.8869316936965628,0.08301229805222154,6117
FANCJKO,G4_quartile,S9.6 (R-loop),Q4,1515.151515151515,1.9033105703400082,0.08167326074854876,6117
FANCJKO,G4_quartile,S9.6 (R-loop),Q4,1555.5555555555552,1.897745746596116,0.08114840964901975,6117
FANCJKO,G4_quartile,S9.6 (R-loop),Q4,1595.9595959595958,1.836604254338754,0.07958051189730148,6117
FANCJKO,G4_quartile,S9.6 (R-loop),Q4,1636.363636363636,1.7908084736587822,0.07725632744600695,6117
FANCJKO,G4_quartile,S9.6 (R-loop),Q4,1676.7676767676767,1.763108881549503,0.07395473813622509,6117
FANCJKO,G4_quartile,S9.6 (R-loop),Q4,1717.1717171717169,1.7531866734696173,0.07048543895398815,6117
FANCJKO,G4_quartile,S9.6 (R-loop),Q4,1757.5757575757575,1.7425956689810929,0.06831584087869302,6117
FANCJKO,G4_quartile,S9.6 (R-loop),Q4,1797.9797979797977,1.711167161366193,0.06827702119459049,6117
FANCJKO,G4_quartile,S9.6 (R-loop),Q4,1838.3838383838383,1.7281931511100437,0.0716220884517761,6117
FANCJKO,G4_quartile,S9.6 (R-loop),Q4,1878.7878787878785,1.7806271325076761,0.0773817499833507,6117
FANCJKO,G4_quartile,S9.6 (R-loop),Q4,1919.1919191919187,1.8153931991213335,0.08770226668601205,6117
FANCJKO,G4_quartile,S9.6 (R-loop),Q4,1959.5959595959594,1.798369456970679,0.09153925841111278,6117
FANCJKO,G4_quartile,S9.6 (R-loop),Q4,2000,1.7788943445233338,0.09576628146970566,6117
FANCJKO,Rloop_quartile,BG4 (G4),Q1,-2000,1.0245654450822514,0.021242975466746767,6143
FANCJKO,Rloop_quartile,BG4 (G4),Q1,-1959.5959595959596,1.0065881235905723,0.02024555972881737,6143
FANCJKO,Rloop_quartile,BG4 (G4),Q1,-1919.1919191919192,0.991726126709007,0.019494285276499292,6143
FANCJKO,Rloop_quartile,BG4 (G4),Q1,-1878.7878787878788,0.9666587032336741,0.01824935543432996,6143
FANCJKO,Rloop_quartile,BG4 (G4),Q1,-1838.3838383838383,0.9521141932374917,0.017350227833161518,6143
FANCJKO,Rloop_quartile,BG4 (G4),Q1,-1797.979797979798,0.9458793834076521,0.016904046827655977,6143
FANCJKO,Rloop_quartile,BG4 (G4),Q1,-1757.5757575757575,0.9436151928014116,0.016813195337449474,6143
FANCJKO,Rloop_quartile,BG4 (G4),Q1,-1717.1717171717173,0.9414802675213051,0.01683806135668074,6143
FANCJKO,Rloop_quartile,BG4 (G4),Q1,-1676.7676767676767,0.9418667652897176,0.017060868303056816,6143
FANCJKO,Rloop_quartile,BG4 (G4),Q1,-1636.3636363636365,0.9425235858857254,0.017102065417199233,6143
FANCJKO,Rloop_quartile,BG4 (G4),Q1,-1595.9595959595958,0.943424295267226,0.01713026176492469,6143
FANCJKO,Rloop_quartile,BG4 (G4),Q1,-1555.5555555555557,0.9528051178455997,0.017249707659837597,6143
FANCJKO,Rloop_quartile,BG4 (G4),Q1,-1515.1515151515152,0.9585508026191003,0.017177103196451247,6143
FANCJKO,Rloop_quartile,BG4 (G4),Q1,-1474.7474747474748,0.9573923070627591,0.017144737899268656,6143
FANCJKO,Rloop_quartile,BG4 (G4),Q1,-1434.3434343434344,0.9510175734152432,0.01709847530701089,6143
FANCJKO,Rloop_quartile,BG4 (G4),Q1,-1393.939393939394,0.9526036398513172,0.017726496101012873,6143
FANCJKO,Rloop_quartile,BG4 (G4),Q1,-1353.5353535353536,0.9524603027125932,0.01869817982675369,6143
FANCJKO,Rloop_quartile,BG4 (G4),Q1,-1313.1313131313132,0.9477586642612698,0.019050361052310043,6143
FANCJKO,Rloop_quartile,BG4 (G4),Q1,-1272.7272727272727,0.9405518790985528,0.018908986890615577,6143
FANCJKO,Rloop_quartile,BG4 (G4),Q1,-1232.3232323232323,0.9376279819787467,0.01846206858309421,6143
FANCJKO,Rloop_quartile,BG4 (G4),Q1,-1191.919191919192,0.932228442229638,0.017836347286214367,6143
FANCJKO,Rloop_quartile,BG4 (G4),Q1,-1151.5151515151515,0.9317424667997932,0.017565684655683034,6143
FANCJKO,Rloop_quartile,BG4 (G4),Q1,-1111.1111111111113,0.9210248831233847,0.01701099885879721,6143
FANCJKO,Rloop_quartile,BG4 (G4),Q1,-1070.7070707070707,0.9213266409152233,0.016832576545749985,6143
FANCJKO,Rloop_quartile,BG4 (G4),Q1,-1030.3030303030305,0.921517278442565,0.01671901242905216,6143
FANCJKO,Rloop_quartile,BG4 (G4),Q1,-989.89898989899,0.9247287697331403,0.016964607676203555,6143
FANCJKO,Rloop_quartile,BG4 (G4),Q1,-949.4949494949497,0.9314440314092318,0.01751782309339653,6143
FANCJKO,Rloop_quartile,BG4 (G4),Q1,-909.0909090909092,0.9345243421399331,0.017798984910355854,6143
FANCJKO,Rloop_quartile,BG4 (G4),Q1,-868.6868686868688,0.937608506256203,0.018187281826160147,6143
FANCJKO,Rloop_quartile,BG4 (G4),Q1,-828.2828282828284,0.9363146211917069,0.018492655966093438,6143
FANCJKO,Rloop_quartile,BG4 (G4),Q1,-787.878787878788,0.9340487830926312,0.018762694898389037,6143
FANCJKO,Rloop_quartile,BG4 (G4),Q1,-747.4747474747476,0.943802384484198,0.018898104595774113,6143
FANCJKO,Rloop_quartile,BG4 (G4),Q1,-707.0707070707072,0.9472965999385813,0.01904425973348755,6143
FANCJKO,Rloop_quartile,BG4 (G4),Q1,-666.6666666666667,0.945393491275436,0.018657678791758475,6143
FANCJKO,Rloop_quartile,BG4 (G4),Q1,-626.2626262626263,0.9433807804247959,0.018397499225691998,6143
FANCJKO,Rloop_quartile,BG4 (G4),Q1,-585.8585858585859,0.9456263731737361,0.018627366913569015,6143
FANCJKO,Rloop_quartile,BG4 (G4),Q1,-545.4545454545455,0.9482657526779573,0.019163109196760304,6143
FANCJKO,Rloop_quartile,BG4 (G4),Q1,-505.0505050505051,0.9511589637230791,0.020075993950831268,6143
FANCJKO,Rloop_quartile,BG4 (G4),Q1,-464.64646464646466,0.9508885826001411,0.020067363332785398,6143
FANCJKO,Rloop_quartile,BG4 (G4),Q1,-424.24242424242425,0.947969910190536,0.01973601170629553,6143
FANCJKO,Rloop_quartile,BG4 (G4),Q1,-383.83838383838383,0.9531675430094995,0.0196413294850182,6143
FANCJKO,Rloop_quartile,BG4 (G4),Q1,-343.43434343434365,0.955871322758382,0.019951517373322406,6143
FANCJKO,Rloop_quartile,BG4 (G4),Q1,-303.03030303030323,0.9651687599999803,0.020635367297559493,6143
FANCJKO,Rloop_quartile,BG4 (G4),Q1,-262.6262626262628,0.9710796596156959,0.021530901702394314,6143
FANCJKO,Rloop_quartile,BG4 (G4),Q1,-222.2222222222224,0.9735474913060954,0.02207109450903485,6143
FANCJKO,Rloop_quartile,BG4 (G4),Q1,-181.81818181818198,0.973206548173066,0.021998140464694615,6143
FANCJKO,Rloop_quartile,BG4 (G4),Q1,-141.41414141414157,0.9715690219909184,0.021394646026691055,6143
FANCJKO,Rloop_quartile,BG4 (G4),Q1,-101.01010101010115,0.9622088381963391,0.020357129990114065,6143
FANCJKO,Rloop_quartile,BG4 (G4),Q1,-60.60606060606074,0.9466838731252293,0.019301736332717465,6143
FANCJKO,Rloop_quartile,BG4 (G4),Q1,-20.20202020202032,0.9405925912536364,0.018967324805815623,6143
FANCJKO,Rloop_quartile,BG4 (G4),Q1,20.202020202020094,0.952393697129796,0.019517490953557332,6143
FANCJKO,Rloop_quartile,BG4 (G4),Q1,60.60606060606051,0.9574962337376917,0.01999631262437212,6143
FANCJKO,Rloop_quartile,BG4 (G4),Q1,101.0101010101007,0.9540324218744336,0.01947139189543353,6143
FANCJKO,Rloop_quartile,BG4 (G4),Q1,141.41414141414134,0.9508635271389045,0.019080590394252608,6143
FANCJKO,Rloop_quartile,BG4 (G4),Q1,181.81818181818153,0.9437165019736016,0.018630020813878233,6143
FANCJKO,Rloop_quartile,BG4 (G4),Q1,222.22222222222217,0.9379219791488703,0.018074640280436313,6143
FANCJKO,Rloop_quartile,BG4 (G4),Q1,262.62626262626236,0.9352023568265555,0.017892578646252044,6143
FANCJKO,Rloop_quartile,BG4 (G4),Q1,303.030303030303,0.9316045494853216,0.018059115559121028,6143
FANCJKO,Rloop_quartile,BG4 (G4),Q1,343.4343434343432,0.9278997627614297,0.017730845476557545,6143
FANCJKO,Rloop_quartile,BG4 (G4),Q1,383.83838383838383,0.9335378889306044,0.018203603183882516,6143
FANCJKO,Rloop_quartile,BG4 (G4),Q1,424.242424242424,0.9438710236628245,0.01851756248748159,6143
FANCJKO,Rloop_quartile,BG4 (G4),Q1,464.64646464646466,0.9483626895200987,0.01868703944600986,6143
FANCJKO,Rloop_quartile,BG4 (G4),Q1,505.05050505050485,0.9437730957741081,0.018380007693179313,6143
FANCJKO,Rloop_quartile,BG4 (G4),Q1,545.4545454545455,0.9400355102936386,0.017977224910637368,6143
FANCJKO,Rloop_quartile,BG4 (G4),Q1,585.8585858585857,0.9366341425387392,0.01772652901551916,6143
FANCJKO,Rloop_quartile,BG4 (G4),Q1,626.2626262626259,0.9355395334164136,0.017304724734414276,6143
FANCJKO,Rloop_quartile,BG4 (G4),Q1,666.6666666666665,0.9430472175898323,0.017498377890919948,6143
FANCJKO,Rloop_quartile,BG4 (G4),Q1,707.0707070707067,0.9460268455738431,0.01755679452932333,6143
FANCJKO,Rloop_quartile,BG4 (G4),Q1,747.4747474747473,0.9476795423924825,0.01796419585439609,6143
FANCJKO,Rloop_quartile,BG4 (G4),Q1,787.8787878787875,0.9512096622116191,0.01848782466035589,6143
FANCJKO,Rloop_quartile,BG4 (G4),Q1,828.2828282828282,0.9494518629372874,0.018618923922876816,6143
FANCJKO,Rloop_quartile,BG4 (G4),Q1,868.6868686868684,0.9525200797164494,0.019017517018764238,6143
FANCJKO,Rloop_quartile,BG4 (G4),Q1,909.090909090909,0.9487335744878457,0.019476529689668065,6143
FANCJKO,Rloop_quartile,BG4 (G4),Q1,949.4949494949492,0.950704461093251,0.019900709453942737,6143
FANCJKO,Rloop_quartile,BG4 (G4),Q1,989.8989898989898,0.9512590568894389,0.01989092743777491,6143
FANCJKO,Rloop_quartile,BG4 (G4),Q1,1030.30303030303,0.9477823944310485,0.019311183780018618,6143
FANCJKO,Rloop_quartile,BG4 (G4),Q1,1070.7070707070707,0.9510489002522993,0.019070753169382254,6143
FANCJKO,Rloop_quartile,BG4 (G4),Q1,1111.1111111111109,0.9452423461456021,0.018731075702941056,6143
FANCJKO,Rloop_quartile,BG4 (G4),Q1,1151.5151515151515,0.9360151209856893,0.017983978450973517,6143
FANCJKO,Rloop_quartile,BG4 (G4),Q1,1191.9191919191917,0.9326420481550683,0.017162324039043355,6143
FANCJKO,Rloop_quartile,BG4 (G4),Q1,1232.3232323232323,0.9336320409373773,0.01722630985830211,6143
FANCJKO,Rloop_quartile,BG4 (G4),Q1,1272.7272727272725,0.9420581263023078,0.017816051019882848,6143
FANCJKO,Rloop_quartile,BG4 (G4),Q1,1313.1313131313127,0.9486582134189625,0.01832355189626942,6143
FANCJKO,Rloop_quartile,BG4 (G4),Q1,1353.5353535353534,0.9532337738754527,0.018381292023231757,6143
FANCJKO,Rloop_quartile,BG4 (G4),Q1,1393.9393939393935,0.949748325072481,0.018074685448411516,6143
FANCJKO,Rloop_quartile,BG4 (G4),Q1,1434.3434343434342,0.9501117965505065,0.017701378521317163,6143
FANCJKO,Rloop_quartile,BG4 (G4),Q1,1474.7474747474744,0.948104193463995,0.01755419334527365,6143
FANCJKO,Rloop_quartile,BG4 (G4),Q1,1515.151515151515,0.950854904823178,0.018004045110227518,6143
FANCJKO,Rloop_quartile,BG4 (G4),Q1,1555.5555555555552,0.96017618798052,0.018360534397968187,6143
FANCJKO,Rloop_quartile,BG4 (G4),Q1,1595.9595959595958,0.9564687799590181,0.017995438749355736,6143
FANCJKO,Rloop_quartile,BG4 (G4),Q1,1636.363636363636,0.9577485012206506,0.01776389337581695,6143
FANCJKO,Rloop_quartile,BG4 (G4),Q1,1676.7676767676767,0.9615134783417084,0.017945848233910707,6143
FANCJKO,Rloop_quartile,BG4 (G4),Q1,1717.1717171717169,0.9697381383744665,0.01868205113602811,6143
FANCJKO,Rloop_quartile,BG4 (G4),Q1,1757.5757575757575,0.9778451983373676,0.01908428457317529,6143
FANCJKO,Rloop_quartile,BG4 (G4),Q1,1797.9797979797977,0.9933724873976153,0.01962187899751446,6143
FANCJKO,Rloop_quartile,BG4 (G4),Q1,1838.3838383838383,0.9976857051062987,0.020048187202026203,6143
FANCJKO,Rloop_quartile,BG4 (G4),Q1,1878.7878787878785,1.0124777379244663,0.021132727373655305,6143
FANCJKO,Rloop_quartile,BG4 (G4),Q1,1919.1919191919187,1.036038346120782,0.02254426914126494,6143
FANCJKO,Rloop_quartile,BG4 (G4),Q1,1959.5959595959594,1.0630656903757782,0.024414192370222267,6143
FANCJKO,Rloop_quartile,BG4 (G4),Q1,2000,1.0803653725860214,0.025849761052929663,6143
FANCJKO,Rloop_quartile,BG4 (G4),Q2,-2000,1.5534850313570068,0.03265252074121973,6091
FANCJKO,Rloop_quartile,BG4 (G4),Q2,-1959.5959595959596,1.5277351475625947,0.03134836495941121,6091
FANCJKO,Rloop_quartile,BG4 (G4),Q2,-1919.1919191919192,1.49833250280305,0.02960071618001687,6091
FANCJKO,Rloop_quartile,BG4 (G4),Q2,-1878.7878787878788,1.4801569752214656,0.028491052212486937,6091
FANCJKO,Rloop_quartile,BG4 (G4),Q2,-1838.3838383838383,1.4663798278268174,0.02769127267549885,6091
FANCJKO,Rloop_quartile,BG4 (G4),Q2,-1797.979797979798,1.4421946001919972,0.026541919999031667,6091
FANCJKO,Rloop_quartile,BG4 (G4),Q2,-1757.5757575757575,1.4236355178613491,0.025607913765743184,6091
FANCJKO,Rloop_quartile,BG4 (G4),Q2,-1717.1717171717173,1.4126734527591722,0.024473412581424693,6091
FANCJKO,Rloop_quartile,BG4 (G4),Q2,-1676.7676767676767,1.3997890491199185,0.023700837228526273,6091
FANCJKO,Rloop_quartile,BG4 (G4),Q2,-1636.3636363636365,1.3892119460872026,0.023572023243420726,6091
FANCJKO,Rloop_quartile,BG4 (G4),Q2,-1595.9595959595958,1.385289264944321,0.023215055829626338,6091
FANCJKO,Rloop_quartile,BG4 (G4),Q2,-1555.5555555555557,1.3730007995299627,0.022905492500178516,6091
FANCJKO,Rloop_quartile,BG4 (G4),Q2,-1515.1515151515152,1.3610610733529465,0.022955508286711095,6091
FANCJKO,Rloop_quartile,BG4 (G4),Q2,-1474.7474747474748,1.3629469535167014,0.02313570906820158,6091
FANCJKO,Rloop_quartile,BG4 (G4),Q2,-1434.3434343434344,1.3614765125406727,0.023509155930939007,6091
FANCJKO,Rloop_quartile,BG4 (G4),Q2,-1393.939393939394,1.364572988306901,0.023838409225507576,6091
FANCJKO,Rloop_quartile,BG4 (G4),Q2,-1353.5353535353536,1.3744027086071207,0.023916411326915597,6091
FANCJKO,Rloop_quartile,BG4 (G4),Q2,-1313.1313131313132,1.375810391298987,0.023910800703853735,6091
FANCJKO,Rloop_quartile,BG4 (G4),Q2,-1272.7272727272727,1.3597342717891718,0.02364205240621016,6091
FANCJKO,Rloop_quartile,BG4 (G4),Q2,-1232.3232323232323,1.3593027481239515,0.02397949741690407,6091
FANCJKO,Rloop_quartile,BG4 (G4),Q2,-1191.919191919192,1.3635851639014571,0.024459447587915756,6091
FANCJKO,Rloop_quartile,BG4 (G4),Q2,-1151.5151515151515,1.3632268636574976,0.024768252567364514,6091
FANCJKO,Rloop_quartile,BG4 (G4),Q2,-1111.1111111111113,1.3705357671114198,0.02484777950114848,6091
FANCJKO,Rloop_quartile,BG4 (G4),Q2,-1070.7070707070707,1.374687606745858,0.024855331565608162,6091
FANCJKO,Rloop_quartile,BG4 (G4),Q2,-1030.3030303030305,1.379454426421111,0.02508694204848406,6091
FANCJKO,Rloop_quartile,BG4 (G4),Q2,-989.89898989899,1.3835392450804878,0.02596846475528558,6091
FANCJKO,Rloop_quartile,BG4 (G4),Q2,-949.4949494949497,1.376620189303273,0.026408160848460694,6091
FANCJKO,Rloop_quartile,BG4 (G4),Q2,-909.0909090909092,1.361320970147056,0.02519418712691381,6091
FANCJKO,Rloop_quartile,BG4 (G4),Q2,-868.6868686868688,1.3553663906532094,0.024189340235255086,6091
FANCJKO,Rloop_quartile,BG4 (G4),Q2,-828.2828282828284,1.354900090939431,0.023892758498978945,6091
FANCJKO,Rloop_quartile,BG4 (G4),Q2,-787.878787878788,1.3608478047731678,0.024182294933457422,6091
FANCJKO,Rloop_quartile,BG4 (G4),Q2,-747.4747474747476,1.3699437135497807,0.024899555742760225,6091
FANCJKO,Rloop_quartile,BG4 (G4),Q2,-707.0707070707072,1.372180892065445,0.025575424241632852,6091
FANCJKO,Rloop_quartile,BG4 (G4),Q2,-666.6666666666667,1.371541097911299,0.025830871867168412,6091
FANCJKO,Rloop_quartile,BG4 (G4),Q2,-626.2626262626263,1.372700823485656,0.025566869555893754,6091
FANCJKO,Rloop_quartile,BG4 (G4),Q2,-585.8585858585859,1.3756183421750334,0.025248464598934664,6091
FANCJKO,Rloop_quartile,BG4 (G4),Q2,-545.4545454545455,1.380899202770806,0.025382754516115155,6091
FANCJKO,Rloop_quartile,BG4 (G4),Q2,-505.0505050505051,1.380997177637712,0.025055542565694644,6091
FANCJKO,Rloop_quartile,BG4 (G4),Q2,-464.64646464646466,1.3725531207276414,0.024748045898497825,6091
FANCJKO,Rloop_quartile,BG4 (G4),Q2,-424.24242424242425,1.3625517053511222,0.024039361765864062,6091
FANCJKO,Rloop_quartile,BG4 (G4),Q2,-383.83838383838383,1.370292916557577,0.02399719305308926,6091
FANCJKO,Rloop_quartile,BG4 (G4),Q2,-343.43434343434365,1.378170488878225,0.024506127542112326,6091
FANCJKO,Rloop_quartile,BG4 (G4),Q2,-303.03030303030323,1.3782785881602049,0.02536632464436751,6091
FANCJKO,Rloop_quartile,BG4 (G4),Q2,-262.6262626262628,1.3760297847012821,0.02609753326103486,6091
FANCJKO,Rloop_quartile,BG4 (G4),Q2,-222.2222222222224,1.3674624709953433,0.026450475693516454,6091
FANCJKO,Rloop_quartile,BG4 (G4),Q2,-181.81818181818198,1.3645556905478364,0.0263688310983093,6091
FANCJKO,Rloop_quartile,BG4 (G4),Q2,-141.41414141414157,1.3640578624165087,0.025864460523593338,6091
FANCJKO,Rloop_quartile,BG4 (G4),Q2,-101.01010101010115,1.3571509782413922,0.024931757664549352,6091
FANCJKO,Rloop_quartile,BG4 (G4),Q2,-60.60606060606074,1.3459738030379138,0.02403915292324066,6091
FANCJKO,Rloop_quartile,BG4 (G4),Q2,-20.20202020202032,1.3379405707305156,0.023249965959676495,6091
FANCJKO,Rloop_quartile,BG4 (G4),Q2,20.202020202020094,1.3290773370786295,0.022627865629747775,6091
FANCJKO,Rloop_quartile,BG4 (G4),Q2,60.60606060606051,1.3172270749857424,0.021864896997440018,6091
FANCJKO,Rloop_quartile,BG4 (G4),Q2,101.0101010101007,1.3151306954105584,0.021704551063501065,6091
FANCJKO,Rloop_quartile,BG4 (G4),Q2,141.41414141414134,1.3198132805743952,0.021896096052087557,6091
FANCJKO,Rloop_quartile,BG4 (G4),Q2,181.81818181818153,1.3319924840215716,0.02244482841691221,6091
FANCJKO,Rloop_quartile,BG4 (G4),Q2,222.22222222222217,1.335988943359527,0.022613928024900986,6091
FANCJKO,Rloop_quartile,BG4 (G4),Q2,262.62626262626236,1.3346236779865412,0.022447553166592894,6091
FANCJKO,Rloop_quartile,BG4 (G4),Q2,303.030303030303,1.319406682669537,0.022286164298077078,6091
FANCJKO,Rloop_quartile,BG4 (G4),Q2,343.4343434343432,1.3112906274390692,0.022214427163429848,6091
FANCJKO,Rloop_quartile,BG4 (G4),Q2,383.83838383838383,1.3095502135023547,0.0222722574755427,6091
FANCJKO,Rloop_quartile,BG4 (G4),Q2,424.242424242424,1.3004754360836943,0.022156129405861643,6091
FANCJKO,Rloop_quartile,BG4 (G4),Q2,464.64646464646466,1.2986995888448065,0.022304807138499454,6091
FANCJKO,Rloop_quartile,BG4 (G4),Q2,505.05050505050485,1.3015399242489925,0.022323858148916246,6091
FANCJKO,Rloop_quartile,BG4 (G4),Q2,545.4545454545455,1.3057151392769453,0.022094558779599552,6091
FANCJKO,Rloop_quartile,BG4 (G4),Q2,585.8585858585857,1.311972436925225,0.022404388454915027,6091
FANCJKO,Rloop_quartile,BG4 (G4),Q2,626.2626262626259,1.3126721649785713,0.022843089845625157,6091
FANCJKO,Rloop_quartile,BG4 (G4),Q2,666.6666666666665,1.3133906899580392,0.02277767465834563,6091
FANCJKO,Rloop_quartile,BG4 (G4),Q2,707.0707070707067,1.3100087498333477,0.022514260954283393,6091
FANCJKO,Rloop_quartile,BG4 (G4),Q2,747.4747474747473,1.307080749649196,0.022406214837048428,6091
FANCJKO,Rloop_quartile,BG4 (G4),Q2,787.8787878787875,1.3162206530245144,0.022533957726849182,6091
FANCJKO,Rloop_quartile,BG4 (G4),Q2,828.2828282828282,1.3153930167038874,0.022331978387727092,6091
FANCJKO,Rloop_quartile,BG4 (G4),Q2,868.6868686868684,1.3220594160465908,0.02263670580533005,6091
FANCJKO,Rloop_quartile,BG4 (G4),Q2,909.090909090909,1.3312640191201344,0.022948138832540717,6091
FANCJKO,Rloop_quartile,BG4 (G4),Q2,949.4949494949492,1.3241332909500059,0.022504696569360196,6091
FANCJKO,Rloop_quartile,BG4 (G4),Q2,989.8989898989898,1.3234939079712849,0.02202624454490446,6091
FANCJKO,Rloop_quartile,BG4 (G4),Q2,1030.30303030303,1.3214215434029475,0.02178572262564524,6091
FANCJKO,Rloop_quartile,BG4 (G4),Q2,1070.7070707070707,1.3227816379051673,0.021761941288472385,6091
FANCJKO,Rloop_quartile,BG4 (G4),Q2,1111.1111111111109,1.3242126983115012,0.021767260001690623,6091
FANCJKO,Rloop_quartile,BG4 (G4),Q2,1151.5151515151515,1.3345092708303092,0.022165045402636148,6091
FANCJKO,Rloop_quartile,BG4 (G4),Q2,1191.9191919191917,1.3321825838784702,0.022054550915378272,6091
FANCJKO,Rloop_quartile,BG4 (G4),Q2,1232.3232323232323,1.3382446667636625,0.022312432219870705,6091
FANCJKO,Rloop_quartile,BG4 (G4),Q2,1272.7272727272725,1.3397028698186921,0.022355312990545134,6091
FANCJKO,Rloop_quartile,BG4 (G4),Q2,1313.1313131313127,1.341300002645813,0.02246117004727811,6091
FANCJKO,Rloop_quartile,BG4 (G4),Q2,1353.5353535353534,1.3445434945902648,0.022730273057999555,6091
FANCJKO,Rloop_quartile,BG4 (G4),Q2,1393.9393939393935,1.3443078921975238,0.022905329232564067,6091
FANCJKO,Rloop_quartile,BG4 (G4),Q2,1434.3434343434342,1.348155300545089,0.022601608195056,6091
FANCJKO,Rloop_quartile,BG4 (G4),Q2,1474.7474747474744,1.357014326100708,0.0224024475018141,6091
FANCJKO,Rloop_quartile,BG4 (G4),Q2,1515.151515151515,1.3682474090869197,0.02253898216544607,6091
FANCJKO,Rloop_quartile,BG4 (G4),Q2,1555.5555555555552,1.385382158584569,0.023212458611909077,6091
FANCJKO,Rloop_quartile,BG4 (G4),Q2,1595.9595959595958,1.3855798241593558,0.02357370910941726,6091
FANCJKO,Rloop_quartile,BG4 (G4),Q2,1636.363636363636,1.3927913734611517,0.024406673672573313,6091
FANCJKO,Rloop_quartile,BG4 (G4),Q2,1676.7676767676767,1.4003179017852923,0.025056853909783634,6091
FANCJKO,Rloop_quartile,BG4 (G4),Q2,1717.1717171717169,1.4186599548506464,0.026003211441411895,6091
FANCJKO,Rloop_quartile,BG4 (G4),Q2,1757.5757575757575,1.440303441807238,0.02740059782880005,6091
FANCJKO,Rloop_quartile,BG4 (G4),Q2,1797.9797979797977,1.4501578765694667,0.02864356513413968,6091
FANCJKO,Rloop_quartile,BG4 (G4),Q2,1838.3838383838383,1.4590755381996905,0.02949501897919106,6091
FANCJKO,Rloop_quartile,BG4 (G4),Q2,1878.7878787878785,1.464516645364932,0.030176218342613765,6091
FANCJKO,Rloop_quartile,BG4 (G4),Q2,1919.1919191919187,1.4883777906971933,0.03131834030136433,6091
FANCJKO,Rloop_quartile,BG4 (G4),Q2,1959.5959595959594,1.5147306174575603,0.03271695676145875,6091
FANCJKO,Rloop_quartile,BG4 (G4),Q2,2000,1.5294689916693769,0.03350727202496777,6091
FANCJKO,Rloop_quartile,BG4 (G4),Q3,-2000,1.8393651575195704,0.045137052474843745,6117
FANCJKO,Rloop_quartile,BG4 (G4),Q3,-1959.5959595959596,1.82112113973725,0.04327347594942859,6117
FANCJKO,Rloop_quartile,BG4 (G4),Q3,-1919.1919191919192,1.8008832648444077,0.04101190264254619,6117
FANCJKO,Rloop_quartile,BG4 (G4),Q3,-1878.7878787878788,1.7810996941887627,0.038544407425636563,6117
FANCJKO,Rloop_quartile,BG4 (G4),Q3,-1838.3838383838383,1.765407092008122,0.036934413531549255,6117
FANCJKO,Rloop_quartile,BG4 (G4),Q3,-1797.979797979798,1.7594429833983705,0.036715387607495174,6117
FANCJKO,Rloop_quartile,BG4 (G4),Q3,-1757.5757575757575,1.742981402665148,0.03590887271941632,6117
FANCJKO,Rloop_quartile,BG4 (G4),Q3,-1717.1717171717173,1.7444960580143547,0.035754184065957546,6117
FANCJKO,Rloop_quartile,BG4 (G4),Q3,-1676.7676767676767,1.756047280919207,0.03666728623219553,6117
FANCJKO,Rloop_quartile,BG4 (G4),Q3,-1636.3636363636365,1.7552048702432732,0.03782362337333186,6117
FANCJKO,Rloop_quartile,BG4 (G4),Q3,-1595.9595959595958,1.757347124395003,0.03863709406553438,6117
FANCJKO,Rloop_quartile,BG4 (G4),Q3,-1555.5555555555557,1.7638512686857117,0.03877922200642268,6117
FANCJKO,Rloop_quartile,BG4 (G4),Q3,-1515.1515151515152,1.7603880912272132,0.038200482647586576,6117
FANCJKO,Rloop_quartile,BG4 (G4),Q3,-1474.7474747474748,1.7652976021631983,0.03801483423462152,6117
FANCJKO,Rloop_quartile,BG4 (G4),Q3,-1434.3434343434344,1.7625604831772343,0.03693976967333233,6117
FANCJKO,Rloop_quartile,BG4 (G4),Q3,-1393.939393939394,1.7652009614727227,0.036531687100629734,6117
FANCJKO,Rloop_quartile,BG4 (G4),Q3,-1353.5353535353536,1.7557397969303565,0.036282386298368025,6117
FANCJKO,Rloop_quartile,BG4 (G4),Q3,-1313.1313131313132,1.7470224118493431,0.03569199871148012,6117
FANCJKO,Rloop_quartile,BG4 (G4),Q3,-1272.7272727272727,1.7414629489088296,0.035093280167175785,6117
FANCJKO,Rloop_quartile,BG4 (G4),Q3,-1232.3232323232323,1.7337522229256146,0.03504506249390035,6117
FANCJKO,Rloop_quartile,BG4 (G4),Q3,-1191.919191919192,1.7256659610259693,0.034901971006745004,6117
FANCJKO,Rloop_quartile,BG4 (G4),Q3,-1151.5151515151515,1.7297770926420877,0.0352823104899723,6117
FANCJKO,Rloop_quartile,BG4 (G4),Q3,-1111.1111111111113,1.7379716025182192,0.03544897945211777,6117
FANCJKO,Rloop_quartile,BG4 (G4),Q3,-1070.7070707070707,1.7441585919313256,0.0357883159523027,6117
FANCJKO,Rloop_quartile,BG4 (G4),Q3,-1030.3030303030305,1.750166538299604,0.03633840913570794,6117
FANCJKO,Rloop_quartile,BG4 (G4),Q3,-989.89898989899,1.7475412663680185,0.0368055662850758,6117
FANCJKO,Rloop_quartile,BG4 (G4),Q3,-949.4949494949497,1.7359841553465096,0.03682739343452421,6117
FANCJKO,Rloop_quartile,BG4 (G4),Q3,-909.0909090909092,1.7291172523596985,0.036296772144712525,6117
FANCJKO,Rloop_quartile,BG4 (G4),Q3,-868.6868686868688,1.730819219593631,0.035762799839048155,6117
FANCJKO,Rloop_quartile,BG4 (G4),Q3,-828.2828282828284,1.7298552354871846,0.03551234578087317,6117
FANCJKO,Rloop_quartile,BG4 (G4),Q3,-787.878787878788,1.7273603430333473,0.03585499108460964,6117
FANCJKO,Rloop_quartile,BG4 (G4),Q3,-747.4747474747476,1.7281455364868106,0.0360014242937391,6117
FANCJKO,Rloop_quartile,BG4 (G4),Q3,-707.0707070707072,1.7318409495320395,0.035934584522337824,6117
FANCJKO,Rloop_quartile,BG4 (G4),Q3,-666.6666666666667,1.741282838759297,0.03624413315912853,6117
FANCJKO,Rloop_quartile,BG4 (G4),Q3,-626.2626262626263,1.7505020851196962,0.03682388420716593,6117
FANCJKO,Rloop_quartile,BG4 (G4),Q3,-585.8585858585859,1.7571520532190013,0.03725582699596205,6117
FANCJKO,Rloop_quartile,BG4 (G4),Q3,-545.4545454545455,1.763389710171576,0.037202007924698806,6117
FANCJKO,Rloop_quartile,BG4 (G4),Q3,-505.0505050505051,1.7772988507688012,0.03676620922208936,6117
FANCJKO,Rloop_quartile,BG4 (G4),Q3,-464.64646464646466,1.781127868192415,0.03561039232183533,6117
FANCJKO,Rloop_quartile,BG4 (G4),Q3,-424.24242424242425,1.7813858406217837,0.035340375508522745,6117
FANCJKO,Rloop_quartile,BG4 (G4),Q3,-383.83838383838383,1.7869531328742732,0.0355353725623037,6117
FANCJKO,Rloop_quartile,BG4 (G4),Q3,-343.43434343434365,1.7932048055719911,0.03542787609948396,6117
FANCJKO,Rloop_quartile,BG4 (G4),Q3,-303.03030303030323,1.7922136370931838,0.035285538367929636,6117
FANCJKO,Rloop_quartile,BG4 (G4),Q3,-262.6262626262628,1.7896555364941649,0.035319671752215565,6117
FANCJKO,Rloop_quartile,BG4 (G4),Q3,-222.2222222222224,1.7946366364274955,0.035992032850564036,6117
FANCJKO,Rloop_quartile,BG4 (G4),Q3,-181.81818181818198,1.7973700571408695,0.03702729304551476,6117
FANCJKO,Rloop_quartile,BG4 (G4),Q3,-141.41414141414157,1.8111310326664989,0.039228594589688776,6117
FANCJKO,Rloop_quartile,BG4 (G4),Q3,-101.01010101010115,1.8189646792267973,0.040441539438297765,6117
FANCJKO,Rloop_quartile,BG4 (G4),Q3,-60.60606060606074,1.82387838208613,0.04102652605412281,6117
FANCJKO,Rloop_quartile,BG4 (G4),Q3,-20.20202020202032,1.8363226266272221,0.04134498823300302,6117
FANCJKO,Rloop_quartile,BG4 (G4),Q3,20.202020202020094,1.8396091839907067,0.04152087932275473,6117
FANCJKO,Rloop_quartile,BG4 (G4),Q3,60.60606060606051,1.8412948500351405,0.04127401141111523,6117
FANCJKO,Rloop_quartile,BG4 (G4),Q3,101.0101010101007,1.8263129132975897,0.04038806398269188,6117
FANCJKO,Rloop_quartile,BG4 (G4),Q3,141.41414141414134,1.8099950953474735,0.040276025694410904,6117
FANCJKO,Rloop_quartile,BG4 (G4),Q3,181.81818181818153,1.7922562090144052,0.03953275878162483,6117
FANCJKO,Rloop_quartile,BG4 (G4),Q3,222.22222222222217,1.787569451585936,0.03872144221663776,6117
FANCJKO,Rloop_quartile,BG4 (G4),Q3,262.62626262626236,1.7771133085227793,0.03781920022386812,6117
FANCJKO,Rloop_quartile,BG4 (G4),Q3,303.030303030303,1.7812390262890976,0.03783079330471098,6117
FANCJKO,Rloop_quartile,BG4 (G4),Q3,343.4343434343432,1.7823154141780757,0.03769595106659718,6117
FANCJKO,Rloop_quartile,BG4 (G4),Q3,383.83838383838383,1.7706034542410651,0.03779356486055021,6117
FANCJKO,Rloop_quartile,BG4 (G4),Q3,424.242424242424,1.757978418071443,0.037630169093149944,6117
FANCJKO,Rloop_quartile,BG4 (G4),Q3,464.64646464646466,1.7478821913263307,0.03657062740495131,6117
FANCJKO,Rloop_quartile,BG4 (G4),Q3,505.05050505050485,1.7385521110272029,0.03620023938586686,6117
FANCJKO,Rloop_quartile,BG4 (G4),Q3,545.4545454545455,1.7286899784653271,0.036096992105169166,6117
FANCJKO,Rloop_quartile,BG4 (G4),Q3,585.8585858585857,1.7303126215725773,0.03699717050267168,6117
FANCJKO,Rloop_quartile,BG4 (G4),Q3,626.2626262626259,1.7342780639657027,0.037176361908519195,6117
FANCJKO,Rloop_quartile,BG4 (G4),Q3,666.6666666666665,1.731808217409471,0.03661516011522675,6117
FANCJKO,Rloop_quartile,BG4 (G4),Q3,707.0707070707067,1.710311195620782,0.03502470665896253,6117
FANCJKO,Rloop_quartile,BG4 (G4),Q3,747.4747474747473,1.6960737538992743,0.03426496635933935,6117
FANCJKO,Rloop_quartile,BG4 (G4),Q3,787.8787878787875,1.6976869593151456,0.0347540220367633,6117
FANCJKO,Rloop_quartile,BG4 (G4),Q3,828.2828282828282,1.704811162879236,0.03567316757024376,6117
FANCJKO,Rloop_quartile,BG4 (G4),Q3,868.6868686868684,1.6941369824957029,0.03520689281765657,6117
FANCJKO,Rloop_quartile,BG4 (G4),Q3,909.090909090909,1.6888478513386014,0.034101418856120315,6117
FANCJKO,Rloop_quartile,BG4 (G4),Q3,949.4949494949492,1.682960931020962,0.033419180168936795,6117
FANCJKO,Rloop_quartile,BG4 (G4),Q3,989.8989898989898,1.6818180538055156,0.034097280596113125,6117
FANCJKO,Rloop_quartile,BG4 (G4),Q3,1030.30303030303,1.6955012403305387,0.035392848851682104,6117
FANCJKO,Rloop_quartile,BG4 (G4),Q3,1070.7070707070707,1.717800162038293,0.03670444374992354,6117
FANCJKO,Rloop_quartile,BG4 (G4),Q3,1111.1111111111109,1.751909315032771,0.03807810060304486,6117
FANCJKO,Rloop_quartile,BG4 (G4),Q3,1151.5151515151515,1.7735613341796892,0.03866999889257351,6117
FANCJKO,Rloop_quartile,BG4 (G4),Q3,1191.9191919191917,1.7773285070320801,0.03870011650711302,6117
FANCJKO,Rloop_quartile,BG4 (G4),Q3,1232.3232323232323,1.7944799891232717,0.038654705053861156,6117
FANCJKO,Rloop_quartile,BG4 (G4),Q3,1272.7272727272725,1.8007885223472642,0.03868194464506991,6117
FANCJKO,Rloop_quartile,BG4 (G4),Q3,1313.1313131313127,1.797921088258459,0.03854647699153996,6117
FANCJKO,Rloop_quartile,BG4 (G4),Q3,1353.5353535353534,1.7906060370773498,0.03819907456004778,6117
FANCJKO,Rloop_quartile,BG4 (G4),Q3,1393.9393939393935,1.7882243551423682,0.03812169302875259,6117
FANCJKO,Rloop_quartile,BG4 (G4),Q3,1434.3434343434342,1.7807777339913458,0.037552657245557036,6117
FANCJKO,Rloop_quartile,BG4 (G4),Q3,1474.7474747474744,1.787563531253998,0.03840421627805549,6117
FANCJKO,Rloop_quartile,BG4 (G4),Q3,1515.151515151515,1.7954134122011598,0.039721980527635585,6117
FANCJKO,Rloop_quartile,BG4 (G4),Q3,1555.5555555555552,1.7906519835004238,0.04062918864257655,6117
FANCJKO,Rloop_quartile,BG4 (G4),Q3,1595.9595959595958,1.7837930310187284,0.04083599696978922,6117
FANCJKO,Rloop_quartile,BG4 (G4),Q3,1636.363636363636,1.7743442090513633,0.040662818963183384,6117
FANCJKO,Rloop_quartile,BG4 (G4),Q3,1676.7676767676767,1.7679899511097505,0.04029339843064424,6117
FANCJKO,Rloop_quartile,BG4 (G4),Q3,1717.1717171717169,1.7565186492410103,0.039993414422236605,6117
FANCJKO,Rloop_quartile,BG4 (G4),Q3,1757.5757575757575,1.7603461684879995,0.03950673252133608,6117
FANCJKO,Rloop_quartile,BG4 (G4),Q3,1797.9797979797977,1.7624102687480039,0.040260647848479485,6117
FANCJKO,Rloop_quartile,BG4 (G4),Q3,1838.3838383838383,1.7654503501019287,0.040586346349481925,6117
FANCJKO,Rloop_quartile,BG4 (G4),Q3,1878.7878787878785,1.7737075102301818,0.04087844925074864,6117
FANCJKO,Rloop_quartile,BG4 (G4),Q3,1919.1919191919187,1.7725240071736157,0.04048018420140406,6117
FANCJKO,Rloop_quartile,BG4 (G4),Q3,1959.5959595959594,1.781944010648057,0.04095066224785269,6117
FANCJKO,Rloop_quartile,BG4 (G4),Q3,2000,1.7811401364554833,0.041613939139862756,6117
FANCJKO,Rloop_quartile,BG4 (G4),Q4,-2000,3.0068551086712647,0.10282666324012044,6117
FANCJKO,Rloop_quartile,BG4 (G4),Q4,-1959.5959595959596,3.074872141187123,0.1042639609731401,6117
FANCJKO,Rloop_quartile,BG4 (G4),Q4,-1919.1919191919192,3.1389483267077862,0.1038977773880321,6117
FANCJKO,Rloop_quartile,BG4 (G4),Q4,-1878.7878787878788,3.171498215207414,0.1030166530675712,6117
FANCJKO,Rloop_quartile,BG4 (G4),Q4,-1838.3838383838383,3.203157352677202,0.1036360607042053,6117
FANCJKO,Rloop_quartile,BG4 (G4),Q4,-1797.979797979798,3.217314058628268,0.10330640258659377,6117
FANCJKO,Rloop_quartile,BG4 (G4),Q4,-1757.5757575757575,3.2461850834069588,0.10475021638376544,6117
FANCJKO,Rloop_quartile,BG4 (G4),Q4,-1717.1717171717173,3.280968050237348,0.1061996487601921,6117
FANCJKO,Rloop_quartile,BG4 (G4),Q4,-1676.7676767676767,3.291894372504506,0.10452475597212627,6117
FANCJKO,Rloop_quartile,BG4 (G4),Q4,-1636.3636363636365,3.308491735706279,0.10219828512192317,6117
FANCJKO,Rloop_quartile,BG4 (G4),Q4,-1595.9595959595958,3.3114872787211422,0.10065897157904624,6117
FANCJKO,Rloop_quartile,BG4 (G4),Q4,-1555.5555555555557,3.3009313034069163,0.09864230039001118,6117
FANCJKO,Rloop_quartile,BG4 (G4),Q4,-1515.1515151515152,3.313341763954643,0.0986663606077374,6117
FANCJKO,Rloop_quartile,BG4 (G4),Q4,-1474.7474747474748,3.322954667597658,0.09958951686119653,6117
FANCJKO,Rloop_quartile,BG4 (G4),Q4,-1434.3434343434344,3.313639941321118,0.10094726843404718,6117
FANCJKO,Rloop_quartile,BG4 (G4),Q4,-1393.939393939394,3.314558820497023,0.10355480949963643,6117
FANCJKO,Rloop_quartile,BG4 (G4),Q4,-1353.5353535353536,3.354821613618622,0.10984871486732602,6117
FANCJKO,Rloop_quartile,BG4 (G4),Q4,-1313.1313131313132,3.40039711615003,0.11581138855576573,6117
FANCJKO,Rloop_quartile,BG4 (G4),Q4,-1272.7272727272727,3.4320283475300393,0.11955296587748747,6117
FANCJKO,Rloop_quartile,BG4 (G4),Q4,-1232.3232323232323,3.456709159770033,0.12133310824631084,6117
FANCJKO,Rloop_quartile,BG4 (G4),Q4,-1191.919191919192,3.464412966449612,0.12030070722773668,6117
FANCJKO,Rloop_quartile,BG4 (G4),Q4,-1151.5151515151515,3.450827078564321,0.11720477829589195,6117
FANCJKO,Rloop_quartile,BG4 (G4),Q4,-1111.1111111111113,3.4691241532723094,0.11660661381050302,6117
FANCJKO,Rloop_quartile,BG4 (G4),Q4,-1070.7070707070707,3.5078009990297643,0.11649267599237462,6117
FANCJKO,Rloop_quartile,BG4 (G4),Q4,-1030.3030303030305,3.547397109822725,0.11590475197706317,6117
FANCJKO,Rloop_quartile,BG4 (G4),Q4,-989.89898989899,3.56757401876562,0.11532508801036534,6117
FANCJKO,Rloop_quartile,BG4 (G4),Q4,-949.4949494949497,3.580421336410193,0.11511915565349226,6117
FANCJKO,Rloop_quartile,BG4 (G4),Q4,-909.0909090909092,3.5789996455650694,0.11357128595576438,6117
FANCJKO,Rloop_quartile,BG4 (G4),Q4,-868.6868686868688,3.563071274042354,0.11005785039585754,6117
FANCJKO,Rloop_quartile,BG4 (G4),Q4,-828.2828282828284,3.5691866328546715,0.1077842700584371,6117
FANCJKO,Rloop_quartile,BG4 (G4),Q4,-787.878787878788,3.5889510152787816,0.10666080642594482,6117
FANCJKO,Rloop_quartile,BG4 (G4),Q4,-747.4747474747476,3.605964078373213,0.10712547296355031,6117
FANCJKO,Rloop_quartile,BG4 (G4),Q4,-707.0707070707072,3.663266431737137,0.10896021992433737,6117
FANCJKO,Rloop_quartile,BG4 (G4),Q4,-666.6666666666667,3.7129280955209794,0.10910730308844557,6117
FANCJKO,Rloop_quartile,BG4 (G4),Q4,-626.2626262626263,3.7705523011049102,0.10974648420039254,6117
FANCJKO,Rloop_quartile,BG4 (G4),Q4,-585.8585858585859,3.828235875648473,0.11206285091823176,6117
FANCJKO,Rloop_quartile,BG4 (G4),Q4,-545.4545454545455,3.892972446065117,0.11580522909052901,6117
FANCJKO,Rloop_quartile,BG4 (G4),Q4,-505.0505050505051,3.9727285313750915,0.12080874271179992,6117
FANCJKO,Rloop_quartile,BG4 (G4),Q4,-464.64646464646466,4.082652969875969,0.1286216722670291,6117
FANCJKO,Rloop_quartile,BG4 (G4),Q4,-424.24242424242425,4.244784254254246,0.13812693081982136,6117
FANCJKO,Rloop_quartile,BG4 (G4),Q4,-383.83838383838383,4.39869986902386,0.14523434115354558,6117
FANCJKO,Rloop_quartile,BG4 (G4),Q4,-343.43434343434365,4.5820144531737315,0.1541717514899036,6117
FANCJKO,Rloop_quartile,BG4 (G4),Q4,-303.03030303030323,4.802791585144823,0.16403720894616886,6117
FANCJKO,Rloop_quartile,BG4 (G4),Q4,-262.6262626262628,5.048323946894629,0.17468545339031843,6117
FANCJKO,Rloop_quartile,BG4 (G4),Q4,-222.2222222222224,5.308729089811633,0.18805469489687207,6117
FANCJKO,Rloop_quartile,BG4 (G4),Q4,-181.81818181818198,5.567548560998497,0.19962347350849965,6117
FANCJKO,Rloop_quartile,BG4 (G4),Q4,-141.41414141414157,5.805677624871815,0.21044344264905748,6117
FANCJKO,Rloop_quartile,BG4 (G4),Q4,-101.01010101010115,6.012125761816206,0.21547770498077087,6117
FANCJKO,Rloop_quartile,BG4 (G4),Q4,-60.60606060606074,6.158928814323029,0.2162078443389973,6117
FANCJKO,Rloop_quartile,BG4 (G4),Q4,-20.20202020202032,6.144171255095886,0.21055663084481893,6117
FANCJKO,Rloop_quartile,BG4 (G4),Q4,20.202020202020094,6.0476934276565535,0.19981073201952304,6117
FANCJKO,Rloop_quartile,BG4 (G4),Q4,60.60606060606051,5.905058461970598,0.18851186820726004,6117
FANCJKO,Rloop_quartile,BG4 (G4),Q4,101.0101010101007,5.744992534930511,0.17723899225465214,6117
FANCJKO,Rloop_quartile,BG4 (G4),Q4,141.41414141414134,5.611276877738879,0.16784980815462294,6117
FANCJKO,Rloop_quartile,BG4 (G4),Q4,181.81818181818153,5.475576859674874,0.16070601680840269,6117
FANCJKO,Rloop_quartile,BG4 (G4),Q4,222.22222222222217,5.282271100520026,0.15389345318465483,6117
FANCJKO,Rloop_quartile,BG4 (G4),Q4,262.62626262626236,5.033071675380367,0.14513195669328285,6117
FANCJKO,Rloop_quartile,BG4 (G4),Q4,303.030303030303,4.82031673843041,0.13850191563973024,6117
FANCJKO,Rloop_quartile,BG4 (G4),Q4,343.4343434343432,4.66515206881444,0.13375874360230655,6117
FANCJKO,Rloop_quartile,BG4 (G4),Q4,383.83838383838383,4.5218584750930075,0.12848555796550568,6117
FANCJKO,Rloop_quartile,BG4 (G4),Q4,424.242424242424,4.371989178582135,0.1217492171401605,6117
FANCJKO,Rloop_quartile,BG4 (G4),Q4,464.64646464646466,4.253114328845394,0.11816252096069968,6117
FANCJKO,Rloop_quartile,BG4 (G4),Q4,505.05050505050485,4.161077864392258,0.11713941944623593,6117
FANCJKO,Rloop_quartile,BG4 (G4),Q4,545.4545454545455,4.09694240468517,0.11749674840125811,6117
FANCJKO,Rloop_quartile,BG4 (G4),Q4,585.8585858585857,4.05916756695768,0.11946677437680324,6117
FANCJKO,Rloop_quartile,BG4 (G4),Q4,626.2626262626259,4.030010783973368,0.12062016933064827,6117
FANCJKO,Rloop_quartile,BG4 (G4),Q4,666.6666666666665,3.9912865890544578,0.12215581240791083,6117
FANCJKO,Rloop_quartile,BG4 (G4),Q4,707.0707070707067,3.9401209469690275,0.12273083354085303,6117
FANCJKO,Rloop_quartile,BG4 (G4),Q4,747.4747474747473,3.899555764213944,0.12316362018014297,6117
FANCJKO,Rloop_quartile,BG4 (G4),Q4,787.8787878787875,3.8657468052736017,0.12407351770565576,6117
FANCJKO,Rloop_quartile,BG4 (G4),Q4,828.2828282828282,3.825209131868056,0.12331282401449409,6117
FANCJKO,Rloop_quartile,BG4 (G4),Q4,868.6868686868684,3.799307343829034,0.12556018024076823,6117
FANCJKO,Rloop_quartile,BG4 (G4),Q4,909.090909090909,3.794630667610793,0.12737169436535392,6117
FANCJKO,Rloop_quartile,BG4 (G4),Q4,949.4949494949492,3.799246729994176,0.12918475723965536,6117
FANCJKO,Rloop_quartile,BG4 (G4),Q4,989.8989898989898,3.7962034266622373,0.1295616147547017,6117
FANCJKO,Rloop_quartile,BG4 (G4),Q4,1030.30303030303,3.8042400747341643,0.13074603430390494,6117
FANCJKO,Rloop_quartile,BG4 (G4),Q4,1070.7070707070707,3.76960357321781,0.13132964131693237,6117
FANCJKO,Rloop_quartile,BG4 (G4),Q4,1111.1111111111109,3.722073997474183,0.13114087346241238,6117
FANCJKO,Rloop_quartile,BG4 (G4),Q4,1151.5151515151515,3.681219300163094,0.13026585248371075,6117
FANCJKO,Rloop_quartile,BG4 (G4),Q4,1191.9191919191917,3.6612083056920928,0.13184032152562755,6117
FANCJKO,Rloop_quartile,BG4 (G4),Q4,1232.3232323232323,3.6493286061807177,0.13111908457541907,6117
FANCJKO,Rloop_quartile,BG4 (G4),Q4,1272.7272727272725,3.6098587950649748,0.12705534843112012,6117
FANCJKO,Rloop_quartile,BG4 (G4),Q4,1313.1313131313127,3.563854562580627,0.12222522343020029,6117
FANCJKO,Rloop_quartile,BG4 (G4),Q4,1353.5353535353534,3.5441279528328735,0.1186191250663339,6117
FANCJKO,Rloop_quartile,BG4 (G4),Q4,1393.9393939393935,3.516558762649,0.11468362505527,6117
FANCJKO,Rloop_quartile,BG4 (G4),Q4,1434.3434343434342,3.4971812490979084,0.11305821126377881,6117
FANCJKO,Rloop_quartile,BG4 (G4),Q4,1474.7474747474744,3.4700796880916984,0.11165106400992743,6117
FANCJKO,Rloop_quartile,BG4 (G4),Q4,1515.151515151515,3.4449911661334225,0.11305426425127953,6117
FANCJKO,Rloop_quartile,BG4 (G4),Q4,1555.5555555555552,3.4194460254641,0.11431550120717729,6117
FANCJKO,Rloop_quartile,BG4 (G4),Q4,1595.9595959595958,3.3661250739133983,0.11417989743471668,6117
FANCJKO,Rloop_quartile,BG4 (G4),Q4,1636.363636363636,3.3084581596241946,0.11271167926684542,6117
FANCJKO,Rloop_quartile,BG4 (G4),Q4,1676.7676767676767,3.263644520883304,0.10987446376720919,6117
FANCJKO,Rloop_quartile,BG4 (G4),Q4,1717.1717171717169,3.2339665027717013,0.10688522522423388,6117
FANCJKO,Rloop_quartile,BG4 (G4),Q4,1757.5757575757575,3.1810300837262093,0.10268071742068145,6117
FANCJKO,Rloop_quartile,BG4 (G4),Q4,1797.9797979797977,3.1525343617056385,0.10273931017906399,6117
FANCJKO,Rloop_quartile,BG4 (G4),Q4,1838.3838383838383,3.1225396709602324,0.10357480808259062,6117
FANCJKO,Rloop_quartile,BG4 (G4),Q4,1878.7878787878785,3.108429384571602,0.1074092015820107,6117
FANCJKO,Rloop_quartile,BG4 (G4),Q4,1919.1919191919187,3.1087086959474077,0.11235096708766887,6117
FANCJKO,Rloop_quartile,BG4 (G4),Q4,1959.5959595959594,3.0719528784896695,0.11347040998405493,6117
FANCJKO,Rloop_quartile,BG4 (G4),Q4,2000,3.0236628298321526,0.11335431499703574,6117
dKO,G4_quartile,S9.6 (R-loop),Q1,-2000,0.7553170275195223,0.02737648880112508,6117
dKO,G4_quartile,S9.6 (R-loop),Q1,-1959.5959595959596,0.7477014761290787,0.027490408810635025,6117
dKO,G4_quartile,S9.6 (R-loop),Q1,-1919.1919191919192,0.7423434228749866,0.02714026919211791,6117
dKO,G4_quartile,S9.6 (R-loop),Q1,-1878.7878787878788,0.7326262521010298,0.026392680684117806,6117
dKO,G4_quartile,S9.6 (R-loop),Q1,-1838.3838383838383,0.7132577006949712,0.025948836850118933,6117
dKO,G4_quartile,S9.6 (R-loop),Q1,-1797.979797979798,0.7021516094568423,0.025794123119348308,6117
dKO,G4_quartile,S9.6 (R-loop),Q1,-1757.5757575757575,0.713371768729044,0.02614335659191551,6117
dKO,G4_quartile,S9.6 (R-loop),Q1,-1717.1717171717173,0.7150784687355957,0.026638521552802098,6117
dKO,G4_quartile,S9.6 (R-loop),Q1,-1676.7676767676767,0.7026670756182307,0.026867181652989257,6117
dKO,G4_quartile,S9.6 (R-loop),Q1,-1636.3636363636365,0.6847890567535431,0.02704234026055793,6117
dKO,G4_quartile,S9.6 (R-loop),Q1,-1595.9595959595958,0.6683792388421327,0.02655512396367916,6117
dKO,G4_quartile,S9.6 (R-loop),Q1,-1555.5555555555557,0.6676861046048358,0.025898825584750325,6117
dKO,G4_quartile,S9.6 (R-loop),Q1,-1515.1515151515152,0.6693173271248603,0.025911418729161598,6117
dKO,G4_quartile,S9.6 (R-loop),Q1,-1474.7474747474748,0.6904333948264108,0.026826849036926514,6117
dKO,G4_quartile,S9.6 (R-loop),Q1,-1434.3434343434344,0.6886875625075456,0.026354372640028975,6117
dKO,G4_quartile,S9.6 (R-loop),Q1,-1393.939393939394,0.6792583336851219,0.02723143689644778,6117
dKO,G4_quartile,S9.6 (R-loop),Q1,-1353.5353535353536,0.6605920854891226,0.027827317989252653,6117
dKO,G4_quartile,S9.6 (R-loop),Q1,-1313.1313131313132,0.6501926581845219,0.026075881055070266,6117
dKO,G4_quartile,S9.6 (R-loop),Q1,-1272.7272727272727,0.6389561829017943,0.025161377470394507,6117
dKO,G4_quartile,S9.6 (R-loop),Q1,-1232.3232323232323,0.6426373536021478,0.025184643151934718,6117
dKO,G4_quartile,S9.6 (R-loop),Q1,-1191.919191919192,0.6389485531011783,0.025456683390480947,6117
dKO,G4_quartile,S9.6 (R-loop),Q1,-1151.5151515151515,0.6540530792795252,0.026075088925544134,6117
dKO,G4_quartile,S9.6 (R-loop),Q1,-1111.1111111111113,0.6668903105180106,0.025655795585580107,6117
dKO,G4_quartile,S9.6 (R-loop),Q1,-1070.7070707070707,0.6638283374274306,0.02516040976174658,6117
dKO,G4_quartile,S9.6 (R-loop),Q1,-1030.3030303030305,0.6536271962206942,0.024969920048973138,6117
dKO,G4_quartile,S9.6 (R-loop),Q1,-989.89898989899,0.6604632841281858,0.02542007926111265,6117
dKO,G4_quartile,S9.6 (R-loop),Q1,-949.4949494949497,0.6626029204129458,0.02548891933035641,6117
dKO,G4_quartile,S9.6 (R-loop),Q1,-909.0909090909092,0.6630934286430233,0.025752230369797353,6117
dKO,G4_quartile,S9.6 (R-loop),Q1,-868.6868686868688,0.6641738551397983,0.025861446981325906,6117
dKO,G4_quartile,S9.6 (R-loop),Q1,-828.2828282828284,0.6520552527252409,0.02597818345193635,6117
dKO,G4_quartile,S9.6 (R-loop),Q1,-787.878787878788,0.647116024919194,0.025875388466310916,6117
dKO,G4_quartile,S9.6 (R-loop),Q1,-747.4747474747476,0.6585588965285374,0.02623488149923672,6117
dKO,G4_quartile,S9.6 (R-loop),Q1,-707.0707070707072,0.6628473541744477,0.02617169104146043,6117
dKO,G4_quartile,S9.6 (R-loop),Q1,-666.6666666666667,0.6571448958348483,0.025617500312899572,6117
dKO,G4_quartile,S9.6 (R-loop),Q1,-626.2626262626263,0.6572067983235186,0.02555991283354719,6117
dKO,G4_quartile,S9.6 (R-loop),Q1,-585.8585858585859,0.6271656056347532,0.024767022993434726,6117
dKO,G4_quartile,S9.6 (R-loop),Q1,-545.4545454545455,0.6160551790035909,0.025464183919094864,6117
dKO,G4_quartile,S9.6 (R-loop),Q1,-505.0505050505051,0.609613526183562,0.02583581585710834,6117
dKO,G4_quartile,S9.6 (R-loop),Q1,-464.64646464646466,0.6065140757908623,0.025521385237938385,6117
dKO,G4_quartile,S9.6 (R-loop),Q1,-424.24242424242425,0.6282085997190673,0.02578437829367496,6117
dKO,G4_quartile,S9.6 (R-loop),Q1,-383.83838383838383,0.6549395988034882,0.025735268091325758,6117
dKO,G4_quartile,S9.6 (R-loop),Q1,-343.43434343434365,0.6574502199916056,0.02555150734152036,6117
dKO,G4_quartile,S9.6 (R-loop),Q1,-303.03030303030323,0.6501301554449923,0.02506260101695607,6117
dKO,G4_quartile,S9.6 (R-loop),Q1,-262.6262626262628,0.6555561044673343,0.025659470586532476,6117
dKO,G4_quartile,S9.6 (R-loop),Q1,-222.2222222222224,0.6675796552246178,0.026615773838211926,6117
dKO,G4_quartile,S9.6 (R-loop),Q1,-181.81818181818198,0.6833491034415748,0.02735700310137537,6117
dKO,G4_quartile,S9.6 (R-loop),Q1,-141.41414141414157,0.6906990530547589,0.026934439464965185,6117
dKO,G4_quartile,S9.6 (R-loop),Q1,-101.01010101010115,0.6838026327765878,0.026264336610867394,6117
dKO,G4_quartile,S9.6 (R-loop),Q1,-60.60606060606074,0.6842952949414753,0.0260030110769035,6117
dKO,G4_quartile,S9.6 (R-loop),Q1,-20.20202020202032,0.6783413434870684,0.02619564207904392,6117
dKO,G4_quartile,S9.6 (R-loop),Q1,20.202020202020094,0.6614116749851032,0.026557821651848022,6117
dKO,G4_quartile,S9.6 (R-loop),Q1,60.60606060606051,0.6812984582259716,0.02712887821215073,6117
dKO,G4_quartile,S9.6 (R-loop),Q1,101.0101010101007,0.6856977604715649,0.026822402925094434,6117
dKO,G4_quartile,S9.6 (R-loop),Q1,141.41414141414134,0.6789524060598198,0.026517345137021395,6117
dKO,G4_quartile,S9.6 (R-loop),Q1,181.81818181818153,0.6614317853933266,0.026238610677738545,6117
dKO,G4_quartile,S9.6 (R-loop),Q1,222.22222222222217,0.6523767743901636,0.025291350836654677,6117
dKO,G4_quartile,S9.6 (R-loop),Q1,262.62626262626236,0.668111398481079,0.02560006059189568,6117
dKO,G4_quartile,S9.6 (R-loop),Q1,303.030303030303,0.6707051128937475,0.02560919004692667,6117
dKO,G4_quartile,S9.6 (R-loop),Q1,343.4343434343432,0.6572741744001248,0.024951208533840755,6117
dKO,G4_quartile,S9.6 (R-loop),Q1,383.83838383838383,0.6285105746785776,0.024286220035659552,6117
dKO,G4_quartile,S9.6 (R-loop),Q1,424.242424242424,0.6313112776406707,0.024374661061583983,6117
dKO,G4_quartile,S9.6 (R-loop),Q1,464.64646464646466,0.6412082124036402,0.025116463599249884,6117
dKO,G4_quartile,S9.6 (R-loop),Q1,505.05050505050485,0.6471632179364253,0.02543560442153571,6117
dKO,G4_quartile,S9.6 (R-loop),Q1,545.4545454545455,0.6555642071136841,0.02536529696877541,6117
dKO,G4_quartile,S9.6 (R-loop),Q1,585.8585858585857,0.6749420357996859,0.026155649483047175,6117
dKO,G4_quartile,S9.6 (R-loop),Q1,626.2626262626259,0.6775651186568868,0.026494993708791017,6117
dKO,G4_quartile,S9.6 (R-loop),Q1,666.6666666666665,0.677449984489576,0.026635667923902862,6117
dKO,G4_quartile,S9.6 (R-loop),Q1,707.0707070707067,0.6874539669869563,0.02719635842995671,6117
dKO,G4_quartile,S9.6 (R-loop),Q1,747.4747474747473,0.6924279422359209,0.026470057176875325,6117
dKO,G4_quartile,S9.6 (R-loop),Q1,787.8787878787875,0.6688034597440813,0.026253485975639198,6117
dKO,G4_quartile,S9.6 (R-loop),Q1,828.2828282828282,0.6653911763060519,0.026661944810146707,6117
dKO,G4_quartile,S9.6 (R-loop),Q1,868.6868686868684,0.652485479095387,0.026190031702391984,6117
dKO,G4_quartile,S9.6 (R-loop),Q1,909.090909090909,0.6457417230024548,0.025499786320668294,6117
dKO,G4_quartile,S9.6 (R-loop),Q1,949.4949494949492,0.6481904216296368,0.025293970030974708,6117
dKO,G4_quartile,S9.6 (R-loop),Q1,989.8989898989898,0.6471056712650419,0.025016425691437635,6117
dKO,G4_quartile,S9.6 (R-loop),Q1,1030.30303030303,0.6605328405240255,0.025626627644662843,6117
dKO,G4_quartile,S9.6 (R-loop),Q1,1070.7070707070707,0.6708176201853743,0.027415473560554713,6117
dKO,G4_quartile,S9.6 (R-loop),Q1,1111.1111111111109,0.6723472157680754,0.027691560670733292,6117
dKO,G4_quartile,S9.6 (R-loop),Q1,1151.5151515151515,0.6601118049951145,0.025574376874780605,6117
dKO,G4_quartile,S9.6 (R-loop),Q1,1191.9191919191917,0.646812290814014,0.025136550943815474,6117
dKO,G4_quartile,S9.6 (R-loop),Q1,1232.3232323232323,0.6392928994640976,0.02499310697354031,6117
dKO,G4_quartile,S9.6 (R-loop),Q1,1272.7272727272725,0.6355981310993881,0.024728443169503775,6117
dKO,G4_quartile,S9.6 (R-loop),Q1,1313.1313131313127,0.6385998063908179,0.024643845540359543,6117
dKO,G4_quartile,S9.6 (R-loop),Q1,1353.5353535353534,0.6472365470624181,0.025239753774267383,6117
dKO,G4_quartile,S9.6 (R-loop),Q1,1393.9393939393935,0.6595371153176113,0.026329235925252433,6117
dKO,G4_quartile,S9.6 (R-loop),Q1,1434.3434343434342,0.6772549490506921,0.02670757574942757,6117
dKO,G4_quartile,S9.6 (R-loop),Q1,1474.7474747474744,0.6827151237014086,0.02646686338426641,6117
dKO,G4_quartile,S9.6 (R-loop),Q1,1515.151515151515,0.6916799472036135,0.026471030780782934,6117
dKO,G4_quartile,S9.6 (R-loop),Q1,1555.5555555555552,0.6977821595534335,0.026477905318062517,6117
dKO,G4_quartile,S9.6 (R-loop),Q1,1595.9595959595958,0.706337949447762,0.026567730410411765,6117
dKO,G4_quartile,S9.6 (R-loop),Q1,1636.363636363636,0.7294996240203322,0.02710601519154923,6117
dKO,G4_quartile,S9.6 (R-loop),Q1,1676.7676767676767,0.7562854653685959,0.027442117774799792,6117
dKO,G4_quartile,S9.6 (R-loop),Q1,1717.1717171717169,0.755823794152444,0.027957662849615005,6117
dKO,G4_quartile,S9.6 (R-loop),Q1,1757.5757575757575,0.7552100098095975,0.02799080342242607,6117
dKO,G4_quartile,S9.6 (R-loop),Q1,1797.9797979797977,0.758607160244521,0.028044446337502246,6117
dKO,G4_quartile,S9.6 (R-loop),Q1,1838.3838383838383,0.7641672496209124,0.028068191027426522,6117
dKO,G4_quartile,S9.6 (R-loop),Q1,1878.7878787878785,0.7642302550401366,0.02822285096203847,6117
dKO,G4_quartile,S9.6 (R-loop),Q1,1919.1919191919187,0.752880294958812,0.028157634063758676,6117
dKO,G4_quartile,S9.6 (R-loop),Q1,1959.5959595959594,0.778044186698476,0.02871708095043614,6117
dKO,G4_quartile,S9.6 (R-loop),Q1,2000,0.8025274741011151,0.029441092033819102,6117
dKO,G4_quartile,S9.6 (R-loop),Q2,-2000,0.9209786035121447,0.03170597205656039,6117
dKO,G4_quartile,S9.6 (R-loop),Q2,-1959.5959595959596,0.9339809863825678,0.03199478426869373,6117
dKO,G4_quartile,S9.6 (R-loop),Q2,-1919.1919191919192,0.9255561055087493,0.032041949220986785,6117
dKO,G4_quartile,S9.6 (R-loop),Q2,-1878.7878787878788,0.9191931498165822,0.031890672842479616,6117
dKO,G4_quartile,S9.6 (R-loop),Q2,-1838.3838383838383,0.9271666454758566,0.03195107337396896,6117
dKO,G4_quartile,S9.6 (R-loop),Q2,-1797.979797979798,0.9099528677689667,0.03164682093675468,6117
dKO,G4_quartile,S9.6 (R-loop),Q2,-1757.5757575757575,0.8782956367841057,0.03132706708394001,6117
dKO,G4_quartile,S9.6 (R-loop),Q2,-1717.1717171717173,0.844973037372616,0.03079321997168247,6117
dKO,G4_quartile,S9.6 (R-loop),Q2,-1676.7676767676767,0.8443668406418529,0.03048145104232059,6117
dKO,G4_quartile,S9.6 (R-loop),Q2,-1636.3636363636365,0.8598428791299794,0.03071352426008826,6117
dKO,G4_quartile,S9.6 (R-loop),Q2,-1595.9595959595958,0.8632991745396457,0.030759973454206748,6117
dKO,G4_quartile,S9.6 (R-loop),Q2,-1555.5555555555557,0.8682416271897185,0.030653739700656376,6117
dKO,G4_quartile,S9.6 (R-loop),Q2,-1515.1515151515152,0.8848540586409612,0.030720446975828975,6117
dKO,G4_quartile,S9.6 (R-loop),Q2,-1474.7474747474748,0.8824091597172603,0.03031795057293815,6117
dKO,G4_quartile,S9.6 (R-loop),Q2,-1434.3434343434344,0.8703454389604065,0.030236493854215316,6117
dKO,G4_quartile,S9.6 (R-loop),Q2,-1393.939393939394,0.8730554478550505,0.03022653774966645,6117
dKO,G4_quartile,S9.6 (R-loop),Q2,-1353.5353535353536,0.8576114587890646,0.030448663905397366,6117
dKO,G4_quartile,S9.6 (R-loop),Q2,-1313.1313131313132,0.8731445854337738,0.031164873441261984,6117
dKO,G4_quartile,S9.6 (R-loop),Q2,-1272.7272727272727,0.901507862775869,0.03278426283692234,6117
dKO,G4_quartile,S9.6 (R-loop),Q2,-1232.3232323232323,0.9279162487360819,0.03880973679920375,6117
dKO,G4_quartile,S9.6 (R-loop),Q2,-1191.919191919192,0.9498307822404888,0.04835385892471049,6117
dKO,G4_quartile,S9.6 (R-loop),Q2,-1151.5151515151515,0.9477302461640262,0.04051073914911086,6117
dKO,G4_quartile,S9.6 (R-loop),Q2,-1111.1111111111113,0.8880307673719303,0.03318303631622794,6117
dKO,G4_quartile,S9.6 (R-loop),Q2,-1070.7070707070707,0.8787117921081556,0.03251811341364898,6117
dKO,G4_quartile,S9.6 (R-loop),Q2,-1030.3030303030305,0.890572367955988,0.03264422411095663,6117
dKO,G4_quartile,S9.6 (R-loop),Q2,-989.89898989899,0.8733657014854497,0.032787265253280816,6117
dKO,G4_quartile,S9.6 (R-loop),Q2,-949.4949494949497,0.8698826992949646,0.03167562241551075,6117
dKO,G4_quartile,S9.6 (R-loop),Q2,-909.0909090909092,0.860416466332308,0.030343752011742366,6117
dKO,G4_quartile,S9.6 (R-loop),Q2,-868.6868686868688,0.8416578502343528,0.029831530873255383,6117
dKO,G4_quartile,S9.6 (R-loop),Q2,-828.2828282828284,0.8785520064787297,0.031069458457118664,6117
dKO,G4_quartile,S9.6 (R-loop),Q2,-787.878787878788,0.8902426340537286,0.03129648801780096,6117
dKO,G4_quartile,S9.6 (R-loop),Q2,-747.4747474747476,0.8835200913602628,0.031708106624918846,6117
dKO,G4_quartile,S9.6 (R-loop),Q2,-707.0707070707072,0.9008968138137319,0.03270607427551222,6117
dKO,G4_quartile,S9.6 (R-loop),Q2,-666.6666666666667,0.8866091982951252,0.03239158592354261,6117
dKO,G4_quartile,S9.6 (R-loop),Q2,-626.2626262626263,0.8688734599337864,0.031216023823705592,6117
dKO,G4_quartile,S9.6 (R-loop),Q2,-585.8585858585859,0.8660618967897216,0.031436794727664336,6117
dKO,G4_quartile,S9.6 (R-loop),Q2,-545.4545454545455,0.8622704350468241,0.03219619524995348,6117
dKO,G4_quartile,S9.6 (R-loop),Q2,-505.0505050505051,0.8552719570259989,0.032389262885032306,6117
dKO,G4_quartile,S9.6 (R-loop),Q2,-464.64646464646466,0.8465825017835807,0.03213400621352593,6117
dKO,G4_quartile,S9.6 (R-loop),Q2,-424.24242424242425,0.8502300098135492,0.032569428885726476,6117
dKO,G4_quartile,S9.6 (R-loop),Q2,-383.83838383838383,0.8553783992429952,0.032136824204477436,6117
dKO,G4_quartile,S9.6 (R-loop),Q2,-343.43434343434365,0.8711966479506714,0.0327070513385206,6117
dKO,G4_quartile,S9.6 (R-loop),Q2,-303.03030303030323,0.9019125074732115,0.03372236142133406,6117
dKO,G4_quartile,S9.6 (R-loop),Q2,-262.6262626262628,0.895278522384483,0.03316357398500475,6117
dKO,G4_quartile,S9.6 (R-loop),Q2,-222.2222222222224,0.8988608936109296,0.03329086474107209,6117
dKO,G4_quartile,S9.6 (R-loop),Q2,-181.81818181818198,0.8869872335576382,0.032573582143406936,6117
dKO,G4_quartile,S9.6 (R-loop),Q2,-141.41414141414157,0.8853435376259693,0.03159862024496493,6117
dKO,G4_quartile,S9.6 (R-loop),Q2,-101.01010101010115,0.8855429060026501,0.031698277583584185,6117
dKO,G4_quartile,S9.6 (R-loop),Q2,-60.60606060606074,0.8790110190575304,0.03127482050241915,6117
dKO,G4_quartile,S9.6 (R-loop),Q2,-20.20202020202032,0.867208040785947,0.03133112900619429,6117
dKO,G4_quartile,S9.6 (R-loop),Q2,20.202020202020094,0.8630721893253392,0.031104014069099566,6117
dKO,G4_quartile,S9.6 (R-loop),Q2,60.60606060606051,0.8766742669577713,0.03174186737473096,6117
dKO,G4_quartile,S9.6 (R-loop),Q2,101.0101010101007,0.8532925657146065,0.0308548045239239,6117
dKO,G4_quartile,S9.6 (R-loop),Q2,141.41414141414134,0.8638570840619582,0.03076288512045792,6117
dKO,G4_quartile,S9.6 (R-loop),Q2,181.81818181818153,0.8686795923317692,0.03254171193025298,6117
dKO,G4_quartile,S9.6 (R-loop),Q2,222.22222222222217,0.8545653146939622,0.03315333981984958,6117
dKO,G4_quartile,S9.6 (R-loop),Q2,262.62626262626236,0.8464776873141752,0.03259185383919612,6117
dKO,G4_quartile,S9.6 (R-loop),Q2,303.030303030303,0.8266104089492616,0.030731049675107803,6117
dKO,G4_quartile,S9.6 (R-loop),Q2,343.4343434343432,0.8153869687745765,0.02938553242194459,6117
dKO,G4_quartile,S9.6 (R-loop),Q2,383.83838383838383,0.8255202142709012,0.029303394528343272,6117
dKO,G4_quartile,S9.6 (R-loop),Q2,424.242424242424,0.816828058301339,0.029258502086713892,6117
dKO,G4_quartile,S9.6 (R-loop),Q2,464.64646464646466,0.8340998962840401,0.02993191746064163,6117
dKO,G4_quartile,S9.6 (R-loop),Q2,505.05050505050485,0.851009454294721,0.03043320266096937,6117
dKO,G4_quartile,S9.6 (R-loop),Q2,545.4545454545455,0.8753297818548875,0.031124860274879592,6117
dKO,G4_quartile,S9.6 (R-loop),Q2,585.8585858585857,0.8853467945926534,0.0315237653524078,6117
dKO,G4_quartile,S9.6 (R-loop),Q2,626.2626262626259,0.8785868229194893,0.03165092853704699,6117
dKO,G4_quartile,S9.6 (R-loop),Q2,666.6666666666665,0.8868846151536869,0.03235295362998658,6117
dKO,G4_quartile,S9.6 (R-loop),Q2,707.0707070707067,0.9101608814244865,0.032720254631466134,6117
dKO,G4_quartile,S9.6 (R-loop),Q2,747.4747474747473,0.9218411078560961,0.0331330671803156,6117
dKO,G4_quartile,S9.6 (R-loop),Q2,787.8787878787875,0.9204869261826598,0.03260739261923877,6117
dKO,G4_quartile,S9.6 (R-loop),Q2,828.2828282828282,0.9246016142182321,0.0323784075465329,6117
dKO,G4_quartile,S9.6 (R-loop),Q2,868.6868686868684,0.9280193899983636,0.03224772745690053,6117
dKO,G4_quartile,S9.6 (R-loop),Q2,909.090909090909,0.9325240846398162,0.03227214614385424,6117
dKO,G4_quartile,S9.6 (R-loop),Q2,949.4949494949492,0.9351210971603655,0.03235467258406603,6117
dKO,G4_quartile,S9.6 (R-loop),Q2,989.8989898989898,0.9290954839334201,0.032601425814140585,6117
dKO,G4_quartile,S9.6 (R-loop),Q2,1030.30303030303,0.944447741371499,0.03415269175401692,6117
dKO,G4_quartile,S9.6 (R-loop),Q2,1070.7070707070707,0.9445558094688349,0.035015199630946695,6117
dKO,G4_quartile,S9.6 (R-loop),Q2,1111.1111111111109,0.9531170472044321,0.0357204153478111,6117
dKO,G4_quartile,S9.6 (R-loop),Q2,1151.5151515151515,0.9551262956996831,0.03441980131248274,6117
dKO,G4_quartile,S9.6 (R-loop),Q2,1191.9191919191917,0.9300633863546149,0.032332785291349884,6117
dKO,G4_quartile,S9.6 (R-loop),Q2,1232.3232323232323,0.9006968080542985,0.031630048489132465,6117
dKO,G4_quartile,S9.6 (R-loop),Q2,1272.7272727272725,0.8649021389797448,0.03059662995813658,6117
dKO,G4_quartile,S9.6 (R-loop),Q2,1313.1313131313127,0.8620319264070254,0.030854556676814606,6117
dKO,G4_quartile,S9.6 (R-loop),Q2,1353.5353535353534,0.8635555969654739,0.030408807314307736,6117
dKO,G4_quartile,S9.6 (R-loop),Q2,1393.9393939393935,0.8693986997751436,0.030314021830988653,6117
dKO,G4_quartile,S9.6 (R-loop),Q2,1434.3434343434342,0.8521165233276351,0.029732877958390563,6117
dKO,G4_quartile,S9.6 (R-loop),Q2,1474.7474747474744,0.8393771128941928,0.030020800890061188,6117
dKO,G4_quartile,S9.6 (R-loop),Q2,1515.151515151515,0.8293714816177792,0.03058087832257145,6117
dKO,G4_quartile,S9.6 (R-loop),Q2,1555.5555555555552,0.8402559145051607,0.030952167472350686,6117
dKO,G4_quartile,S9.6 (R-loop),Q2,1595.9595959595958,0.8702954928476833,0.032140419438354224,6117
dKO,G4_quartile,S9.6 (R-loop),Q2,1636.363636363636,0.8846417581858281,0.032511913461870094,6117
dKO,G4_quartile,S9.6 (R-loop),Q2,1676.7676767676767,0.8957788327359598,0.032244381751095653,6117
dKO,G4_quartile,S9.6 (R-loop),Q2,1717.1717171717169,0.8868189128387501,0.032149385634992964,6117
dKO,G4_quartile,S9.6 (R-loop),Q2,1757.5757575757575,0.8772723097143771,0.03140352242914818,6117
dKO,G4_quartile,S9.6 (R-loop),Q2,1797.9797979797977,0.8704427446980848,0.03087932790110114,6117
dKO,G4_quartile,S9.6 (R-loop),Q2,1838.3838383838383,0.8320901465107854,0.029895483867004042,6117
dKO,G4_quartile,S9.6 (R-loop),Q2,1878.7878787878785,0.8375720368565619,0.030285245138083082,6117
dKO,G4_quartile,S9.6 (R-loop),Q2,1919.1919191919187,0.8532137741091773,0.03054736690466295,6117
dKO,G4_quartile,S9.6 (R-loop),Q2,1959.5959595959594,0.8566407591143426,0.031058697627310762,6117
dKO,G4_quartile,S9.6 (R-loop),Q2,2000,0.8691711062720974,0.03227284454432778,6117
dKO,G4_quartile,S9.6 (R-loop),Q3,-2000,0.9807139577920928,0.04116859598759346,6117
dKO,G4_quartile,S9.6 (R-loop),Q3,-1959.5959595959596,0.9611552723610557,0.040868233125373195,6117
dKO,G4_quartile,S9.6 (R-loop),Q3,-1919.1919191919192,0.9209189058533206,0.03710151350477126,6117
dKO,G4_quartile,S9.6 (R-loop),Q3,-1878.7878787878788,0.9000277047754369,0.035136917279420476,6117
dKO,G4_quartile,S9.6 (R-loop),Q3,-1838.3838383838383,0.8976371087141067,0.03511868182042273,6117
dKO,G4_quartile,S9.6 (R-loop),Q3,-1797.979797979798,0.8786944075834655,0.03378607533035125,6117
dKO,G4_quartile,S9.6 (R-loop),Q3,-1757.5757575757575,0.8693286861331024,0.03498398072530932,6117
dKO,G4_quartile,S9.6 (R-loop),Q3,-1717.1717171717173,0.8757101151461428,0.03655526717861882,6117
dKO,G4_quartile,S9.6 (R-loop),Q3,-1676.7676767676767,0.8627452116180112,0.03557908848264407,6117
dKO,G4_quartile,S9.6 (R-loop),Q3,-1636.3636363636365,0.8709294576555296,0.033730571575327085,6117
dKO,G4_quartile,S9.6 (R-loop),Q3,-1595.9595959595958,0.8635349603650637,0.03194151810332079,6117
dKO,G4_quartile,S9.6 (R-loop),Q3,-1555.5555555555557,0.8605229105535318,0.031141403042575858,6117
dKO,G4_quartile,S9.6 (R-loop),Q3,-1515.1515151515152,0.8626956561506557,0.031575614161360635,6117
dKO,G4_quartile,S9.6 (R-loop),Q3,-1474.7474747474748,0.8714198751515058,0.03180582863627409,6117
dKO,G4_quartile,S9.6 (R-loop),Q3,-1434.3434343434344,0.8757322973652362,0.031138397275505922,6117
dKO,G4_quartile,S9.6 (R-loop),Q3,-1393.939393939394,0.8715258290675594,0.030410452776899615,6117
dKO,G4_quartile,S9.6 (R-loop),Q3,-1353.5353535353536,0.8520860711646395,0.029633383563429604,6117
dKO,G4_quartile,S9.6 (R-loop),Q3,-1313.1313131313132,0.834922837205443,0.028686388976330957,6117
dKO,G4_quartile,S9.6 (R-loop),Q3,-1272.7272727272727,0.8131028429908563,0.028402946546371145,6117
dKO,G4_quartile,S9.6 (R-loop),Q3,-1232.3232323232323,0.8072260488132362,0.02909980695729395,6117
dKO,G4_quartile,S9.6 (R-loop),Q3,-1191.919191919192,0.8163489328249681,0.03008307310173976,6117
dKO,G4_quartile,S9.6 (R-loop),Q3,-1151.5151515151515,0.817396739201938,0.030859382797074706,6117
dKO,G4_quartile,S9.6 (R-loop),Q3,-1111.1111111111113,0.8137356387979368,0.030429320552422666,6117
dKO,G4_quartile,S9.6 (R-loop),Q3,-1070.7070707070707,0.8237075534256515,0.030227965508525186,6117
dKO,G4_quartile,S9.6 (R-loop),Q3,-1030.3030303030305,0.8309548022971021,0.029888923341255657,6117
dKO,G4_quartile,S9.6 (R-loop),Q3,-989.89898989899,0.8238689013665194,0.030158656834679505,6117
dKO,G4_quartile,S9.6 (R-loop),Q3,-949.4949494949497,0.8367707505554522,0.029764502205951948,6117
dKO,G4_quartile,S9.6 (R-loop),Q3,-909.0909090909092,0.8505341363110237,0.029793531162857108,6117
dKO,G4_quartile,S9.6 (R-loop),Q3,-868.6868686868688,0.8279645409763944,0.029093266370056343,6117
dKO,G4_quartile,S9.6 (R-loop),Q3,-828.2828282828284,0.8267021286186953,0.029140389728843696,6117
dKO,G4_quartile,S9.6 (R-loop),Q3,-787.878787878788,0.8310536313488908,0.02957439978809989,6117
dKO,G4_quartile,S9.6 (R-loop),Q3,-747.4747474747476,0.8293632536963461,0.028944364785947672,6117
dKO,G4_quartile,S9.6 (R-loop),Q3,-707.0707070707072,0.842999510330267,0.029984108783398935,6117
dKO,G4_quartile,S9.6 (R-loop),Q3,-666.6666666666667,0.8453798016998731,0.029953202736667,6117
dKO,G4_quartile,S9.6 (R-loop),Q3,-626.2626262626263,0.8467850777900715,0.03117319591381312,6117
dKO,G4_quartile,S9.6 (R-loop),Q3,-585.8585858585859,0.8493277708410463,0.03174050548100347,6117
dKO,G4_quartile,S9.6 (R-loop),Q3,-545.4545454545455,0.850621636108312,0.03140984903012554,6117
dKO,G4_quartile,S9.6 (R-loop),Q3,-505.0505050505051,0.8647652949829595,0.031021084700430468,6117
dKO,G4_quartile,S9.6 (R-loop),Q3,-464.64646464646466,0.881237046176504,0.030504573432362677,6117
dKO,G4_quartile,S9.6 (R-loop),Q3,-424.24242424242425,0.8563186848191617,0.030375968448744604,6117
dKO,G4_quartile,S9.6 (R-loop),Q3,-383.83838383838383,0.8450985225028766,0.02969353851735889,6117
dKO,G4_quartile,S9.6 (R-loop),Q3,-343.43434343434365,0.8484570560117826,0.029645462230667764,6117
dKO,G4_quartile,S9.6 (R-loop),Q3,-303.03030303030323,0.8369201589030839,0.02924153921244702,6117
dKO,G4_quartile,S9.6 (R-loop),Q3,-262.6262626262628,0.8400353388096482,0.029700130005611333,6117
dKO,G4_quartile,S9.6 (R-loop),Q3,-222.2222222222224,0.8464319485153454,0.030718482655321348,6117
dKO,G4_quartile,S9.6 (R-loop),Q3,-181.81818181818198,0.8484217053946582,0.030310384857355356,6117
dKO,G4_quartile,S9.6 (R-loop),Q3,-141.41414141414157,0.8565336980307908,0.029892256900241842,6117
dKO,G4_quartile,S9.6 (R-loop),Q3,-101.01010101010115,0.8768675444135863,0.030601604165121542,6117
dKO,G4_quartile,S9.6 (R-loop),Q3,-60.60606060606074,0.8753053237278511,0.030195666269764915,6117
dKO,G4_quartile,S9.6 (R-loop),Q3,-20.20202020202032,0.8803276666011338,0.02965611885510522,6117
dKO,G4_quartile,S9.6 (R-loop),Q3,20.202020202020094,0.8599694006891062,0.02910914802182466,6117
dKO,G4_quartile,S9.6 (R-loop),Q3,60.60606060606051,0.8472527743784262,0.028760031097448083,6117
dKO,G4_quartile,S9.6 (R-loop),Q3,101.0101010101007,0.8286511599351858,0.02883401740733133,6117
dKO,G4_quartile,S9.6 (R-loop),Q3,141.41414141414134,0.841712177698338,0.029073069838646725,6117
dKO,G4_quartile,S9.6 (R-loop),Q3,181.81818181818153,0.8360884687403314,0.028603462985445367,6117
dKO,G4_quartile,S9.6 (R-loop),Q3,222.22222222222217,0.8379804424057079,0.02885600724645078,6117
dKO,G4_quartile,S9.6 (R-loop),Q3,262.62626262626236,0.8321710368663741,0.0291591294245456,6117
dKO,G4_quartile,S9.6 (R-loop),Q3,303.030303030303,0.8264897935417255,0.028978790167820467,6117
dKO,G4_quartile,S9.6 (R-loop),Q3,343.4343434343432,0.8235837581226958,0.02854449617859078,6117
dKO,G4_quartile,S9.6 (R-loop),Q3,383.83838383838383,0.8297549409970472,0.028437384734706084,6117
dKO,G4_quartile,S9.6 (R-loop),Q3,424.242424242424,0.8151463512430862,0.02765422034720822,6117
dKO,G4_quartile,S9.6 (R-loop),Q3,464.64646464646466,0.8060505882875055,0.02778385741172278,6117
dKO,G4_quartile,S9.6 (R-loop),Q3,505.05050505050485,0.8194864499650877,0.028780428862711874,6117
dKO,G4_quartile,S9.6 (R-loop),Q3,545.4545454545455,0.8391684479418648,0.028993882729301108,6117
dKO,G4_quartile,S9.6 (R-loop),Q3,585.8585858585857,0.8657874991557906,0.029489713131125885,6117
dKO,G4_quartile,S9.6 (R-loop),Q3,626.2626262626259,0.8778534139385736,0.029874965838555822,6117
dKO,G4_quartile,S9.6 (R-loop),Q3,666.6666666666665,0.8755128348718159,0.029744651905355832,6117
dKO,G4_quartile,S9.6 (R-loop),Q3,707.0707070707067,0.8780234244539953,0.029294302309057958,6117
dKO,G4_quartile,S9.6 (R-loop),Q3,747.4747474747473,0.8575956283874289,0.02886544546401375,6117
dKO,G4_quartile,S9.6 (R-loop),Q3,787.8787878787875,0.8394888645608315,0.028822509469969317,6117
dKO,G4_quartile,S9.6 (R-loop),Q3,828.2828282828282,0.8463830843284651,0.029186778605078047,6117
dKO,G4_quartile,S9.6 (R-loop),Q3,868.6868686868684,0.8505814325635005,0.029474130620434136,6117
dKO,G4_quartile,S9.6 (R-loop),Q3,909.090909090909,0.851737888821329,0.02927855472281818,6117
dKO,G4_quartile,S9.6 (R-loop),Q3,949.4949494949492,0.8265680028866205,0.02844605185362549,6117
dKO,G4_quartile,S9.6 (R-loop),Q3,989.8989898989898,0.8128431791608677,0.027998431341499753,6117
dKO,G4_quartile,S9.6 (R-loop),Q3,1030.30303030303,0.8157954401059874,0.028356050583705793,6117
dKO,G4_quartile,S9.6 (R-loop),Q3,1070.7070707070707,0.8521501611077509,0.029539722201561036,6117
dKO,G4_quartile,S9.6 (R-loop),Q3,1111.1111111111109,0.8515613109749861,0.02881587686666907,6117
dKO,G4_quartile,S9.6 (R-loop),Q3,1151.5151515151515,0.8423808391456069,0.02932097800418637,6117
dKO,G4_quartile,S9.6 (R-loop),Q3,1191.9191919191917,0.8424194226092098,0.030239243131809198,6117
dKO,G4_quartile,S9.6 (R-loop),Q3,1232.3232323232323,0.8436568305850243,0.03069155317181186,6117
dKO,G4_quartile,S9.6 (R-loop),Q3,1272.7272727272725,0.8395877663521066,0.029709333609775603,6117
dKO,G4_quartile,S9.6 (R-loop),Q3,1313.1313131313127,0.8764492973482616,0.030718334881912952,6117
dKO,G4_quartile,S9.6 (R-loop),Q3,1353.5353535353534,0.885033358569665,0.03035498049838193,6117
dKO,G4_quartile,S9.6 (R-loop),Q3,1393.9393939393935,0.8861262559779967,0.030046293049201093,6117
dKO,G4_quartile,S9.6 (R-loop),Q3,1434.3434343434342,0.8792369466657078,0.02948484300565435,6117
dKO,G4_quartile,S9.6 (R-loop),Q3,1474.7474747474744,0.870447013747513,0.029124039160322534,6117
dKO,G4_quartile,S9.6 (R-loop),Q3,1515.151515151515,0.8794553187249536,0.02999393454944119,6117
dKO,G4_quartile,S9.6 (R-loop),Q3,1555.5555555555552,0.8771500430846482,0.030445519867137734,6117
dKO,G4_quartile,S9.6 (R-loop),Q3,1595.9595959595958,0.889546744530992,0.030510070371061626,6117
dKO,G4_quartile,S9.6 (R-loop),Q3,1636.363636363636,0.9061939999969482,0.03123181345805451,6117
dKO,G4_quartile,S9.6 (R-loop),Q3,1676.7676767676767,0.9107475854834932,0.032183672442142416,6117
dKO,G4_quartile,S9.6 (R-loop),Q3,1717.1717171717169,0.8945517391173722,0.03140555939830128,6117
dKO,G4_quartile,S9.6 (R-loop),Q3,1757.5757575757575,0.8708587811717385,0.029823691796854016,6117
dKO,G4_quartile,S9.6 (R-loop),Q3,1797.9797979797977,0.8638874458894271,0.02864948639144439,6117
dKO,G4_quartile,S9.6 (R-loop),Q3,1838.3838383838383,0.8564619928566357,0.028634143631791377,6117
dKO,G4_quartile,S9.6 (R-loop),Q3,1878.7878787878785,0.8738256351847686,0.029263657085052897,6117
dKO,G4_quartile,S9.6 (R-loop),Q3,1919.1919191919187,0.8883603393056995,0.029426368907417712,6117
dKO,G4_quartile,S9.6 (R-loop),Q3,1959.5959595959594,0.8979487455183719,0.03031897574572936,6117
dKO,G4_quartile,S9.6 (R-loop),Q3,2000,0.9212104277660255,0.0312186616775443,6117
dKO,G4_quartile,S9.6 (R-loop),Q4,-2000,1.7462511549853954,0.0624006143147154,6117
dKO,G4_quartile,S9.6 (R-loop),Q4,-1959.5959595959596,1.7639064714721886,0.06222811489249688,6117
dKO,G4_quartile,S9.6 (R-loop),Q4,-1919.1919191919192,1.7892453619169801,0.06155297048710607,6117
dKO,G4_quartile,S9.6 (R-loop),Q4,-1878.7878787878788,1.7854652991268831,0.06335894502284944,6117
dKO,G4_quartile,S9.6 (R-loop),Q4,-1838.3838383838383,1.831061927718763,0.06601886210414311,6117
dKO,G4_quartile,S9.6 (R-loop),Q4,-1797.979797979798,1.829991273753366,0.06596825568471984,6117
dKO,G4_quartile,S9.6 (R-loop),Q4,-1757.5757575757575,1.846364150090069,0.067065400614469875,6117
dKO,G4_quartile,S9.6 (R-loop),Q4,-1717.1717171717173,1.9190524882311415,0.0701132029281535,6117
dKO,G4_quartile,S9.6 (R-loop),Q4,-1676.7676767676767,1.940856257104493,0.07202772741396095,6117
dKO,G4_quartile,S9.6 (R-loop),Q4,-1636.3636363636365,1.937614456885714,0.07169058972975115,6117
dKO,G4_quartile,S9.6 (R-loop),Q4,-1595.9595959595958,1.9432978149912024,0.07265046678741369,6117
dKO,G4_quartile,S9.6 (R-loop),Q4,-1555.5555555555557,1.935950006446485,0.07179440826813543,6117
dKO,G4_quartile,S9.6 (R-loop),Q4,-1515.1515151515152,1.9000988420212552,0.0698794686723317,6117
dKO,G4_quartile,S9.6 (R-loop),Q4,-1474.7474747474748,1.8634208911311196,0.06791449408583815,6117
dKO,G4_quartile,S9.6 (R-loop),Q4,-1434.3434343434344,1.872234718165266,0.06727628420598354,6117
dKO,G4_quartile,S9.6 (R-loop),Q4,-1393.939393939394,1.8909748395923893,0.06711897146094768,6117
dKO,G4_quartile,S9.6 (R-loop),Q4,-1353.5353535353536,1.8979607957794353,0.0664322876691535,6117
dKO,G4_quartile,S9.6 (R-loop),Q4,-1313.1313131313132,1.908234803532225,0.06908591928448299,6117
dKO,G4_quartile,S9.6 (R-loop),Q4,-1272.7272727272727,1.9403705826656408,0.0713542950020657,6117
dKO,G4_quartile,S9.6 (R-loop),Q4,-1232.3232323232323,1.954990101800757,0.0715333809354513,6117
dKO,G4_quartile,S9.6 (R-loop),Q4,-1191.919191919192,1.986887945650414,0.07400234868294599,6117
dKO,G4_quartile,S9.6 (R-loop),Q4,-1151.5151515151515,1.9871795750141283,0.07327496937284333,6117
dKO,G4_quartile,S9.6 (R-loop),Q4,-1111.1111111111113,2.0246326349629196,0.07461841442089531,6117
dKO,G4_quartile,S9.6 (R-loop),Q4,-1070.7070707070707,2.0606066169112514,0.0800378516034687,6117
dKO,G4_quartile,S9.6 (R-loop),Q4,-1030.3030303030305,2.067978956940208,0.08304788736780151,6117
dKO,G4_quartile,S9.6 (R-loop),Q4,-989.89898989899,2.0447785789433333,0.08212492299276786,6117
dKO,G4_quartile,S9.6 (R-loop),Q4,-949.4949494949497,2.046951419140812,0.08162971172409363,6117
dKO,G4_quartile,S9.6 (R-loop),Q4,-909.0909090909092,2.053870518084988,0.08166597676525797,6117
dKO,G4_quartile,S9.6 (R-loop),Q4,-868.6868686868688,2.0737644234642643,0.0778399307115692,6117
dKO,G4_quartile,S9.6 (R-loop),Q4,-828.2828282828284,2.087666962209993,0.0752574000119533,6117
dKO,G4_quartile,S9.6 (R-loop),Q4,-787.878787878788,2.1200595603500063,0.07380117175010598,6117
dKO,G4_quartile,S9.6 (R-loop),Q4,-747.4747474747476,2.1244643625817354,0.07268867821542126,6117
dKO,G4_quartile,S9.6 (R-loop),Q4,-707.0707070707072,2.1406253943788265,0.07382838322168188,6117
dKO,G4_quartile,S9.6 (R-loop),Q4,-666.6666666666667,2.1686165783781965,0.07463369262570027,6117
dKO,G4_quartile,S9.6 (R-loop),Q4,-626.2626262626263,2.21367924668677,0.07614145660632343,6117
dKO,G4_quartile,S9.6 (R-loop),Q4,-585.8585858585859,2.231416184398694,0.07712289933750698,6117
dKO,G4_quartile,S9.6 (R-loop),Q4,-545.4545454545455,2.2393950403127807,0.07801050477618371,6117
dKO,G4_quartile,S9.6 (R-loop),Q4,-505.0505050505051,2.3037421669271554,0.08029170607305998,6117
dKO,G4_quartile,S9.6 (R-loop),Q4,-464.64646464646466,2.338786725476057,0.08254300835385579,6117
dKO,G4_quartile,S9.6 (R-loop),Q4,-424.24242424242425,2.3737372736981492,0.0855118369152379,6117
dKO,G4_quartile,S9.6 (R-loop),Q4,-383.83838383838383,2.457202617561705,0.08957907562449344,6117
dKO,G4_quartile,S9.6 (R-loop),Q4,-343.43434343434365,2.5807538610211527,0.09620209560908628,6117
dKO,G4_quartile,S9.6 (R-loop),Q4,-303.03030303030323,2.7162863836632494,0.10487941990700264,6117
dKO,G4_quartile,S9.6 (R-loop),Q4,-262.6262626262628,2.856819796517797,0.11805748656351875,6117
dKO,G4_quartile,S9.6 (R-loop),Q4,-222.2222222222224,3.048491753556696,0.1378173596559406,6117
dKO,G4_quartile,S9.6 (R-loop),Q4,-181.81818181818198,3.2373238969098472,0.15627681157626908,6117
dKO,G4_quartile,S9.6 (R-loop),Q4,-141.41414141414157,3.3979295461131107,0.16976534998733278,6117
dKO,G4_quartile,S9.6 (R-loop),Q4,-101.01010101010115,3.5487913575416026,0.18107574438709106,6117
dKO,G4_quartile,S9.6 (R-loop),Q4,-60.60606060606074,3.649415102321432,0.1836083143889263,6117
dKO,G4_quartile,S9.6 (R-loop),Q4,-20.20202020202032,3.6905792108592426,0.1862779054585504,6117
dKO,G4_quartile,S9.6 (R-loop),Q4,20.202020202020094,3.6656450280002337,0.18564648182502821,6117
dKO,G4_quartile,S9.6 (R-loop),Q4,60.60606060606051,3.579068782781526,0.17743603559976423,6117
dKO,G4_quartile,S9.6 (R-loop),Q4,101.0101010101007,3.472692861200886,0.17248281525568054,6117
dKO,G4_quartile,S9.6 (R-loop),Q4,141.41414141414134,3.419039011813946,0.1700751719162786,6117
dKO,G4_quartile,S9.6 (R-loop),Q4,181.81818181818153,3.3062360228988945,0.16078834406913375,6117
dKO,G4_quartile,S9.6 (R-loop),Q4,222.22222222222217,3.137146830784164,0.14974699711408093,6117
dKO,G4_quartile,S9.6 (R-loop),Q4,262.62626262626236,2.947613370062483,0.13325949572461346,6117
dKO,G4_quartile,S9.6 (R-loop),Q4,303.030303030303,2.7947914619598664,0.12430709466677846,6117
dKO,G4_quartile,S9.6 (R-loop),Q4,343.4343434343432,2.6762203438261736,0.10771380701069395,6117
dKO,G4_quartile,S9.6 (R-loop),Q4,383.83838383838383,2.6011773156895317,0.09858398146690477,6117
dKO,G4_quartile,S9.6 (R-loop),Q4,424.242424242424,2.5091502597816606,0.09160920941875127,6117
dKO,G4_quartile,S9.6 (R-loop),Q4,464.64646464646466,2.4335003827079826,0.08819069809439586,6117
dKO,G4_quartile,S9.6 (R-loop),Q4,505.05050505050485,2.396790446269337,0.08640040509588091,6117
dKO,G4_quartile,S9.6 (R-loop),Q4,545.4545454545455,2.356242752778974,0.08303508854363117,6117
dKO,G4_quartile,S9.6 (R-loop),Q4,585.8585858585857,2.3324650593900316,0.0813604795776759,6117
dKO,G4_quartile,S9.6 (R-loop),Q4,626.2626262626259,2.3119541273584745,0.0814855018726253,6117
dKO,G4_quartile,S9.6 (R-loop),Q4,666.6666666666665,2.319262765316165,0.08405260486754446,6117
dKO,G4_quartile,S9.6 (R-loop),Q4,707.0707070707067,2.3151448381871047,0.08709004651357886,6117
dKO,G4_quartile,S9.6 (R-loop),Q4,747.4747474747473,2.3284884120970233,0.09217219554662855,6117
dKO,G4_quartile,S9.6 (R-loop),Q4,787.8787878787875,2.319451720944187,0.0953996028035721,6117
dKO,G4_quartile,S9.6 (R-loop),Q4,828.2828282828282,2.279454843265754,0.09615771150404981,6117
dKO,G4_quartile,S9.6 (R-loop),Q4,868.6868686868684,2.242359708888504,0.09863024188500187,6117
dKO,G4_quartile,S9.6 (R-loop),Q4,909.090909090909,2.234604007746553,0.10277612371447037,6117
dKO,G4_quartile,S9.6 (R-loop),Q4,949.4949494949492,2.2242719044620967,0.1034416593241235,6117
dKO,G4_quartile,S9.6 (R-loop),Q4,989.8989898989898,2.2051754619642017,0.10161495901703638,6117
dKO,G4_quartile,S9.6 (R-loop),Q4,1030.30303030303,2.176786640670427,0.10104846526499592,6117
dKO,G4_quartile,S9.6 (R-loop),Q4,1070.7070707070707,2.116159944839733,0.09507405935178456,6117
dKO,G4_quartile,S9.6 (R-loop),Q4,1111.1111111111109,2.070155412887029,0.08796227278273996,6117
dKO,G4_quartile,S9.6 (R-loop),Q4,1151.5151515151515,2.029286147090866,0.0822193984092738,6117
dKO,G4_quartile,S9.6 (R-loop),Q4,1191.9191919191917,2.036261369102553,0.08049556873071968,6117
dKO,G4_quartile,S9.6 (R-loop),Q4,1232.3232323232323,2.038868048643526,0.08035400656486412,6117
dKO,G4_quartile,S9.6 (R-loop),Q4,1272.7272727272725,2.018369600434601,0.08001700377542963,6117
dKO,G4_quartile,S9.6 (R-loop),Q4,1313.1313131313127,2.0262612057036447,0.08040227380446262,6117
dKO,G4_quartile,S9.6 (R-loop),Q4,1353.5353535353534,2.003521409033709,0.0811404075974662,6117
dKO,G4_quartile,S9.6 (R-loop),Q4,1393.9393939393935,1.994693017229323,0.07989923748827536,6117
dKO,G4_quartile,S9.6 (R-loop),Q4,1434.3434343434342,1.955593004033145,0.07545263765325398,6117
dKO,G4_quartile,S9.6 (R-loop),Q4,1474.7474747474744,1.959213910636639,0.0764699798443723,6117
dKO,G4_quartile,S9.6 (R-loop),Q4,1515.151515151515,1.9700853945548658,0.07546028802716351,6117
dKO,G4_quartile,S9.6 (R-loop),Q4,1555.5555555555552,1.9694074643955237,0.07474122852636315,6117
dKO,G4_quartile,S9.6 (R-loop),Q4,1595.9595959595958,1.9334900513283972,0.07446210508091486,6117
dKO,G4_quartile,S9.6 (R-loop),Q4,1636.363636363636,1.8686688592815819,0.0728067380876664,6117
dKO,G4_quartile,S9.6 (R-loop),Q4,1676.7676767676767,1.8455635314203553,0.0693169078323826,6117
dKO,G4_quartile,S9.6 (R-loop),Q4,1717.1717171717169,1.8312270645241742,0.0644265520871648,6117
dKO,G4_quartile,S9.6 (R-loop),Q4,1757.5757575757575,1.7787737808136426,0.0627702969390411,6117
dKO,G4_quartile,S9.6 (R-loop),Q4,1797.9797979797977,1.7678811606520752,0.06274245059826042,6117
dKO,G4_quartile,S9.6 (R-loop),Q4,1838.3838383838383,1.7797857014722154,0.06498860393163244,6117
dKO,G4_quartile,S9.6 (R-loop),Q4,1878.7878787878785,1.8151284669159506,0.07072429590706189,6117
dKO,G4_quartile,S9.6 (R-loop),Q4,1919.1919191919187,1.8771017771089236,0.07831299796436922,6117
dKO,G4_quartile,S9.6 (R-loop),Q4,1959.5959595959594,1.8584822994012478,0.08027535286652923,6117
dKO,G4_quartile,S9.6 (R-loop),Q4,2000,1.828244512753244,0.08071623777350437,6117
dKO,Rloop_quartile,BG4 (G4),Q1,-2000,1.402872246368111,0.034272194034452357,6120
dKO,Rloop_quartile,BG4 (G4),Q1,-1959.5959595959596,1.3846692145039587,0.03257465267302737,6120
dKO,Rloop_quartile,BG4 (G4),Q1,-1919.1919191919192,1.3594770664348361,0.030659480502053974,6120
dKO,Rloop_quartile,BG4 (G4),Q1,-1878.7878787878788,1.3256108037559557,0.02898837110976863,6120
dKO,Rloop_quartile,BG4 (G4),Q1,-1838.3838383838383,1.290544365536259,0.027562368694320917,6120
dKO,Rloop_quartile,BG4 (G4),Q1,-1797.979797979798,1.2605301983086725,0.02603211171157332,6120
dKO,Rloop_quartile,BG4 (G4),Q1,-1757.5757575757575,1.2500878004120564,0.025046601978150333,6120
dKO,Rloop_quartile,BG4 (G4),Q1,-1717.1717171717173,1.2395303182034267,0.024519886239789342,6120
dKO,Rloop_quartile,BG4 (G4),Q1,-1676.7676767676767,1.2243392255114594,0.024124451155881164,6120
dKO,Rloop_quartile,BG4 (G4),Q1,-1636.3636363636365,1.2052292335219783,0.02389661898884116,6120
dKO,Rloop_quartile,BG4 (G4),Q1,-1595.9595959595958,1.1941520760208695,0.02381502017468462,6120
dKO,Rloop_quartile,BG4 (G4),Q1,-1555.5555555555557,1.1859553904824567,0.023717001779617265,6120
dKO,Rloop_quartile,BG4 (G4),Q1,-1515.1515151515152,1.1864615813962187,0.023716913353841105,6120
dKO,Rloop_quartile,BG4 (G4),Q1,-1474.7474747474748,1.1833451723106974,0.023750179916773508,6120
dKO,Rloop_quartile,BG4 (G4),Q1,-1434.3434343434344,1.1770662542236012,0.023514123789367656,6120
dKO,Rloop_quartile,BG4 (G4),Q1,-1393.939393939394,1.1783936309916854,0.024213555504617037,6120
dKO,Rloop_quartile,BG4 (G4),Q1,-1353.5353535353536,1.1799098499735838,0.02473117557281953,6120
dKO,Rloop_quartile,BG4 (G4),Q1,-1313.1313131313132,1.1733898107091312,0.024510678390313043,6120
dKO,Rloop_quartile,BG4 (G4),Q1,-1272.7272727272727,1.1727761079445767,0.024325560089871533,6120
dKO,Rloop_quartile,BG4 (G4),Q1,-1232.3232323232323,1.1681467622570108,0.024207538224493015,6120
dKO,Rloop_quartile,BG4 (G4),Q1,-1191.919191919192,1.1728942464209269,0.024491581340550534,6120
dKO,Rloop_quartile,BG4 (G4),Q1,-1151.5151515151515,1.1759264541480379,0.024555309535220247,6120
dKO,Rloop_quartile,BG4 (G4),Q1,-1111.1111111111113,1.1795783485643982,0.02408655578730207,6120
dKO,Rloop_quartile,BG4 (G4),Q1,-1070.7070707070707,1.1828388884610748,0.02382607597345514,6120
dKO,Rloop_quartile,BG4 (G4),Q1,-1030.3030303030305,1.1789761024445242,0.023754464201634927,6120
dKO,Rloop_quartile,BG4 (G4),Q1,-989.89898989899,1.182296195258019,0.02388217115099093,6120
dKO,Rloop_quartile,BG4 (G4),Q1,-949.4949494949497,1.185513549916996,0.023725154131980397,6120
dKO,Rloop_quartile,BG4 (G4),Q1,-909.0909090909092,1.189876433879414,0.023968614708352553,6120
dKO,Rloop_quartile,BG4 (G4),Q1,-868.6868686868688,1.2007765728272743,0.02440882796976321,6120
dKO,Rloop_quartile,BG4 (G4),Q1,-828.2828282828284,1.2069059316965065,0.024995878936285472,6120
dKO,Rloop_quartile,BG4 (G4),Q1,-787.878787878788,1.213933921877496,0.02572579520398399,6120
dKO,Rloop_quartile,BG4 (G4),Q1,-747.4747474747476,1.2147054931995993,0.02623925310492702,6120
dKO,Rloop_quartile,BG4 (G4),Q1,-707.0707070707072,1.2161808419464968,0.026123958174927825,6120
dKO,Rloop_quartile,BG4 (G4),Q1,-666.6666666666667,1.2218376411588068,0.026245909856066185,6120
dKO,Rloop_quartile,BG4 (G4),Q1,-626.2626262626263,1.2233777749294548,0.026259164809449564,6120
dKO,Rloop_quartile,BG4 (G4),Q1,-585.8585858585859,1.2158466071348704,0.02649652817674511,6120
dKO,Rloop_quartile,BG4 (G4),Q1,-545.4545454545455,1.215975391136304,0.02672872027583707,6120
dKO,Rloop_quartile,BG4 (G4),Q1,-505.0505050505051,1.2091452264528382,0.02605582384422024,6120
dKO,Rloop_quartile,BG4 (G4),Q1,-464.64646464646466,1.200916862761821,0.02519515135486666,6120
dKO,Rloop_quartile,BG4 (G4),Q1,-424.24242424242425,1.1988349855662133,0.024396415034404467,6120
dKO,Rloop_quartile,BG4 (G4),Q1,-383.83838383838383,1.1984077155048278,0.023850882494704226,6120
dKO,Rloop_quartile,BG4 (G4),Q1,-343.43434343434365,1.2007278539497328,0.023678342761829573,6120
dKO,Rloop_quartile,BG4 (G4),Q1,-303.03030303030323,1.2188287878065702,0.024523890126283324,6120
dKO,Rloop_quartile,BG4 (G4),Q1,-262.6262626262628,1.2184492939067446,0.025236605596580967,6120
dKO,Rloop_quartile,BG4 (G4),Q1,-222.2222222222224,1.2279085181787228,0.0260242946213069,6120
dKO,Rloop_quartile,BG4 (G4),Q1,-181.81818181818198,1.2409320612164438,0.026841632763565486,6120
dKO,Rloop_quartile,BG4 (G4),Q1,-141.41414141414157,1.2405378774392934,0.027256146429587357,6120
dKO,Rloop_quartile,BG4 (G4),Q1,-101.01010101010115,1.2402694313866827,0.02714985962827196,6120
dKO,Rloop_quartile,BG4 (G4),Q1,-60.60606060606074,1.2387632244965519,0.02736244522176048,6120
dKO,Rloop_quartile,BG4 (G4),Q1,-20.20202020202032,1.2384089209614177,0.02738991409464735,6120
dKO,Rloop_quartile,BG4 (G4),Q1,20.202020202020094,1.2226507889055178,0.02643123265900971,6120
dKO,Rloop_quartile,BG4 (G4),Q1,60.60606060606051,1.220296379467613,0.025641807362526598,6120
dKO,Rloop_quartile,BG4 (G4),Q1,101.0101010101007,1.2079034454195032,0.024921266918659715,6120
dKO,Rloop_quartile,BG4 (G4),Q1,141.41414141414134,1.2017775148647587,0.024404645022950557,6120
dKO,Rloop_quartile,BG4 (G4),Q1,181.81818181818153,1.2003950650949147,0.024232162754454206,6120
dKO,Rloop_quartile,BG4 (G4),Q1,222.22222222222217,1.196287948480228,0.02410650193911813,6120
dKO,Rloop_quartile,BG4 (G4),Q1,262.62626262626236,1.1961212318611985,0.024741802761050456,6120
dKO,Rloop_quartile,BG4 (G4),Q1,303.030303030303,1.1861797454286307,0.024492972219962262,6120
dKO,Rloop_quartile,BG4 (G4),Q1,343.4343434343432,1.1804335658448997,0.023618035401294504,6120
dKO,Rloop_quartile,BG4 (G4),Q1,383.83838383838383,1.1865800148888812,0.023628355840803864,6120
dKO,Rloop_quartile,BG4 (G4),Q1,424.242424242424,1.1922496855585576,0.023896423982548955,6120
dKO,Rloop_quartile,BG4 (G4),Q1,464.64646464646466,1.1832417970075133,0.023801887363954236,6120
dKO,Rloop_quartile,BG4 (G4),Q1,505.05050505050485,1.1789256674122814,0.02376195289191323,6120
dKO,Rloop_quartile,BG4 (G4),Q1,545.4545454545455,1.1765902825990564,0.023801479459960757,6120
dKO,Rloop_quartile,BG4 (G4),Q1,585.8585858585857,1.1638325856254004,0.023733227529821845,6120
dKO,Rloop_quartile,BG4 (G4),Q1,626.2626262626259,1.1595426627368544,0.02335872981364609,6120
dKO,Rloop_quartile,BG4 (G4),Q1,666.6666666666665,1.1632750227635758,0.022881739867253417,6120
dKO,Rloop_quartile,BG4 (G4),Q1,707.0707070707067,1.1624563678985864,0.022263569689601602,6120
dKO,Rloop_quartile,BG4 (G4),Q1,747.4747474747473,1.1565977243062628,0.021616985977701758,6120
dKO,Rloop_quartile,BG4 (G4),Q1,787.8787878787875,1.1605530868498057,0.02164438862177646,6120
dKO,Rloop_quartile,BG4 (G4),Q1,828.2828282828282,1.1608558011839307,0.021599335067221757,6120
dKO,Rloop_quartile,BG4 (G4),Q1,868.6868686868684,1.1520396714790722,0.02140866781132036,6120
dKO,Rloop_quartile,BG4 (G4),Q1,909.090909090909,1.1499814064766127,0.02148582550429529,6120
dKO,Rloop_quartile,BG4 (G4),Q1,949.4949494949492,1.1454999102776253,0.021340260691464098,6120
dKO,Rloop_quartile,BG4 (G4),Q1,989.8989898989898,1.1414991037174362,0.021353620307783972,6120
dKO,Rloop_quartile,BG4 (G4),Q1,1030.30303030303,1.1378259386399665,0.021451401095754948,6120
dKO,Rloop_quartile,BG4 (G4),Q1,1070.7070707070707,1.146355244150195,0.021975796850439988,6120
dKO,Rloop_quartile,BG4 (G4),Q1,1111.1111111111109,1.1512029143340232,0.022541294783395956,6120
dKO,Rloop_quartile,BG4 (G4),Q1,1151.5151515151515,1.1561170863296863,0.022975222869189113,6120
dKO,Rloop_quartile,BG4 (G4),Q1,1191.9191919191917,1.1616057712185126,0.023774180051867804,6120
dKO,Rloop_quartile,BG4 (G4),Q1,1232.3232323232323,1.1759151495173525,0.02427031187189294,6120
dKO,Rloop_quartile,BG4 (G4),Q1,1272.7272727272725,1.1854207266738974,0.024454205030715544,6120
dKO,Rloop_quartile,BG4 (G4),Q1,1313.1313131313127,1.1926927573585624,0.02476766268457268,6120
dKO,Rloop_quartile,BG4 (G4),Q1,1353.5353535353534,1.2022362060784795,0.02497628968247799,6120
dKO,Rloop_quartile,BG4 (G4),Q1,1393.9393939393935,1.2038366764289559,0.025057179919605762,6120
dKO,Rloop_quartile,BG4 (G4),Q1,1434.3434343434342,1.195093897523652,0.02495149430225527,6120
dKO,Rloop_quartile,BG4 (G4),Q1,1474.7474747474744,1.1993891309982339,0.024928847009593254,6120
dKO,Rloop_quartile,BG4 (G4),Q1,1515.151515151515,1.1931135947694829,0.02457547018085861,6120
dKO,Rloop_quartile,BG4 (G4),Q1,1555.5555555555552,1.1953733873976609,0.024101846988874295,6120
dKO,Rloop_quartile,BG4 (G4),Q1,1595.9595959595958,1.2040857394199678,0.02438071023934547,6120
dKO,Rloop_quartile,BG4 (G4),Q1,1636.363636363636,1.203811105058708,0.024860151670344922,6120
dKO,Rloop_quartile,BG4 (G4),Q1,1676.7676767676767,1.2169700809544388,0.025684351941180447,6120
dKO,Rloop_quartile,BG4 (G4),Q1,1717.1717171717169,1.2334974851457283,0.027327007567759295,6120
dKO,Rloop_quartile,BG4 (G4),Q1,1757.5757575757575,1.2471766488442162,0.02834906789144835,6120
dKO,Rloop_quartile,BG4 (G4),Q1,1797.9797979797977,1.2609710717890734,0.028553540219280558,6120
dKO,Rloop_quartile,BG4 (G4),Q1,1838.3838383838383,1.2691188476056745,0.028209859851553328,6120
dKO,Rloop_quartile,BG4 (G4),Q1,1878.7878787878785,1.288941124170469,0.028087153722294634,6120
dKO,Rloop_quartile,BG4 (G4),Q1,1919.1919191919187,1.3054977737818292,0.028649394170575573,6120
dKO,Rloop_quartile,BG4 (G4),Q1,1959.5959595959594,1.322676181466148,0.02947399779075963,6120
dKO,Rloop_quartile,BG4 (G4),Q1,2000,1.349464086159485,0.03046125568335785,6120
dKO,Rloop_quartile,BG4 (G4),Q2,-2000,2.1583701571005673,0.04961366267598715,6114
dKO,Rloop_quartile,BG4 (G4),Q2,-1959.5959595959596,2.133177323474986,0.0480375767723776,6114
dKO,Rloop_quartile,BG4 (G4),Q2,-1919.1919191919192,2.1112137679937755,0.04631813509633555,6114
dKO,Rloop_quartile,BG4 (G4),Q2,-1878.7878787878788,2.101390643354226,0.045268938267074295,6114
dKO,Rloop_quartile,BG4 (G4),Q2,-1838.3838383838383,2.0853626737471145,0.043501900149409294,6114
dKO,Rloop_quartile,BG4 (G4),Q2,-1797.979797979798,2.0684383905917336,0.042732485500649287,6114
dKO,Rloop_quartile,BG4 (G4),Q2,-1757.5757575757575,2.0338147695039597,0.041297323682916734,6114
dKO,Rloop_quartile,BG4 (G4),Q2,-1717.1717171717173,2.0127892566568346,0.04062268573915223,6114
dKO,Rloop_quartile,BG4 (G4),Q2,-1676.7676767676767,1.9939480002907066,0.04031398074796106,6114
dKO,Rloop_quartile,BG4 (G4),Q2,-1636.3636363636365,1.9868266119588374,0.040152598400104156,6114
dKO,Rloop_quartile,BG4 (G4),Q2,-1595.9595959595958,1.9706526460981613,0.03987647962514033,6114
dKO,Rloop_quartile,BG4 (G4),Q2,-1555.5555555555557,1.9475769643892655,0.03877198834472348,6114
dKO,Rloop_quartile,BG4 (G4),Q2,-1515.1515151515152,1.9214517944261895,0.038784370547676084,6114
dKO,Rloop_quartile,BG4 (G4),Q2,-1474.7474747474748,1.9027482400598588,0.039372064909335223,6114
dKO,Rloop_quartile,BG4 (G4),Q2,-1434.3434343434344,1.887266887482843,0.03966794377262002,6114
dKO,Rloop_quartile,BG4 (G4),Q2,-1393.939393939394,1.8827890087078534,0.03945590510611739,6114
dKO,Rloop_quartile,BG4 (G4),Q2,-1353.5353535353536,1.8840329669472642,0.03891096760971439,6114
dKO,Rloop_quartile,BG4 (G4),Q2,-1313.1313131313132,1.8762002614637825,0.03822251054066994,6114
dKO,Rloop_quartile,BG4 (G4),Q2,-1272.7272727272727,1.8653238470183102,0.03721769063493296,6114
dKO,Rloop_quartile,BG4 (G4),Q2,-1232.3232323232323,1.8596113354831338,0.037128124707574164,6114
dKO,Rloop_quartile,BG4 (G4),Q2,-1191.919191919192,1.8601484330072213,0.03692809736726984,6114
dKO,Rloop_quartile,BG4 (G4),Q2,-1151.5151515151515,1.8669382697078403,0.036726906188404504,6114
dKO,Rloop_quartile,BG4 (G4),Q2,-1111.1111111111113,1.8775671810857502,0.036519448966965816,6114
dKO,Rloop_quartile,BG4 (G4),Q2,-1070.7070707070707,1.8916436868335715,0.036353425778153155,6114
dKO,Rloop_quartile,BG4 (G4),Q2,-1030.3030303030305,1.9000378804700473,0.03637041810286845,6114
dKO,Rloop_quartile,BG4 (G4),Q2,-989.89898989899,1.911542630761549,0.03636407089220481,6114
dKO,Rloop_quartile,BG4 (G4),Q2,-949.4949494949497,1.9062403196680793,0.03617696064792264,6114
dKO,Rloop_quartile,BG4 (G4),Q2,-909.0909090909092,1.8926119660056435,0.035586135973660046,6114
dKO,Rloop_quartile,BG4 (G4),Q2,-868.6868686868688,1.8850284748287562,0.03538721888659656,6114
dKO,Rloop_quartile,BG4 (G4),Q2,-828.2828282828284,1.8873594752326346,0.03581823718526803,6114
dKO,Rloop_quartile,BG4 (G4),Q2,-787.878787878788,1.891597564711665,0.03637114466301194,6114
dKO,Rloop_quartile,BG4 (G4),Q2,-747.4747474747476,1.9081002265757017,0.0374868907485324,6114
dKO,Rloop_quartile,BG4 (G4),Q2,-707.0707070707072,1.908260543843546,0.03817165887162045,6114
dKO,Rloop_quartile,BG4 (G4),Q2,-666.6666666666667,1.9030662944270669,0.03888259589079505,6114
dKO,Rloop_quartile,BG4 (G4),Q2,-626.2626262626263,1.9046942676334695,0.039394591617825346,6114
dKO,Rloop_quartile,BG4 (G4),Q2,-585.8585858585859,1.9112073302100026,0.03948694586729082,6114
dKO,Rloop_quartile,BG4 (G4),Q2,-545.4545454545455,1.9254830974735533,0.040175462176022254,6114
dKO,Rloop_quartile,BG4 (G4),Q2,-505.0505050505051,1.9327488853496262,0.041194327368985754,6114
dKO,Rloop_quartile,BG4 (G4),Q2,-464.64646464646466,1.9326001616213102,0.041069468565633094,6114
dKO,Rloop_quartile,BG4 (G4),Q2,-424.24242424242425,1.942918674187553,0.04055824415619025,6114
dKO,Rloop_quartile,BG4 (G4),Q2,-383.83838383838383,1.9405347384914011,0.040818747301569806,6114
dKO,Rloop_quartile,BG4 (G4),Q2,-343.43434343434365,1.9429296373336744,0.04084463898257673,6114
dKO,Rloop_quartile,BG4 (G4),Q2,-303.03030303030323,1.9489134702966788,0.041276284722438945,6114
dKO,Rloop_quartile,BG4 (G4),Q2,-262.6262626262628,1.9556953152934788,0.04176878455608139,6114
dKO,Rloop_quartile,BG4 (G4),Q2,-222.2222222222224,1.9598437796192776,0.04231873931923113,6114
dKO,Rloop_quartile,BG4 (G4),Q2,-181.81818181818198,1.9571309422035992,0.042355316750994604,6114
dKO,Rloop_quartile,BG4 (G4),Q2,-141.41414141414157,1.9510847839176757,0.043113869204966015,6114
dKO,Rloop_quartile,BG4 (G4),Q2,-101.01010101010115,1.9408800606357859,0.04338600451282117,6114
dKO,Rloop_quartile,BG4 (G4),Q2,-60.60606060606074,1.9249356758682423,0.04276076823577499,6114
dKO,Rloop_quartile,BG4 (G4),Q2,-20.20202020202032,1.9306703231053595,0.042305388750494693,6114
dKO,Rloop_quartile,BG4 (G4),Q2,20.202020202020094,1.9335879327192498,0.04151178480370653,6114
dKO,Rloop_quartile,BG4 (G4),Q2,60.60606060606051,1.9296766529638794,0.04046395302607402,6114
dKO,Rloop_quartile,BG4 (G4),Q2,101.0101010101007,1.9207463174254278,0.03955963559461347,6114
dKO,Rloop_quartile,BG4 (G4),Q2,141.41414141414134,1.91071015167706,0.03860211081839657,6114
dKO,Rloop_quartile,BG4 (G4),Q2,181.81818181818153,1.8987362080558228,0.03751612453152842,6114
dKO,Rloop_quartile,BG4 (G4),Q2,222.22222222222217,1.8870757887109428,0.03683932827137472,6114
dKO,Rloop_quartile,BG4 (G4),Q2,262.62626262626236,1.8885006093436936,0.03598770257207527,6114
dKO,Rloop_quartile,BG4 (G4),Q2,303.030303030303,1.8848168968883365,0.03551750623788309,6114
dKO,Rloop_quartile,BG4 (G4),Q2,343.4343434343432,1.8725247492667396,0.035265554450784733,6114
dKO,Rloop_quartile,BG4 (G4),Q2,383.83838383838383,1.8723616858689234,0.035572258978398996,6114
dKO,Rloop_quartile,BG4 (G4),Q2,424.242424242424,1.8746341404109603,0.03632709967021591,6114
dKO,Rloop_quartile,BG4 (G4),Q2,464.64646464646466,1.8680148735010296,0.036672363496269685,6114
dKO,Rloop_quartile,BG4 (G4),Q2,505.05050505050485,1.8624179442458353,0.036250215192113494,6114
dKO,Rloop_quartile,BG4 (G4),Q2,545.4545454545455,1.8495055928471764,0.03556020516320956,6114
dKO,Rloop_quartile,BG4 (G4),Q2,585.8585858585857,1.8473392053552933,0.03556615147098309,6114
dKO,Rloop_quartile,BG4 (G4),Q2,626.2626262626259,1.8427420088881532,0.03588364578829931,6114
dKO,Rloop_quartile,BG4 (G4),Q2,666.6666666666665,1.8399080636007907,0.03578595149437532,6114
dKO,Rloop_quartile,BG4 (G4),Q2,707.0707070707067,1.8307675875090708,0.035224721334453736,6114
dKO,Rloop_quartile,BG4 (G4),Q2,747.4747474747473,1.8306840444181753,0.03508054699536462,6114
dKO,Rloop_quartile,BG4 (G4),Q2,787.8787878787875,1.8210711415909122,0.03541841464220893,6114
dKO,Rloop_quartile,BG4 (G4),Q2,828.2828282828282,1.8095692808068113,0.03512831471832223,6114
dKO,Rloop_quartile,BG4 (G4),Q2,868.6868686868684,1.8248753411386334,0.03519707579229894,6114
dKO,Rloop_quartile,BG4 (G4),Q2,909.090909090909,1.8322101888036029,0.0351148725499549,6114
dKO,Rloop_quartile,BG4 (G4),Q2,949.4949494949492,1.8328187934886584,0.03467849206152966,6114
dKO,Rloop_quartile,BG4 (G4),Q2,989.8989898989898,1.8322564837647548,0.03445891382452917,6114
dKO,Rloop_quartile,BG4 (G4),Q2,1030.30303030303,1.8297006753606642,0.03387180576573654,6114
dKO,Rloop_quartile,BG4 (G4),Q2,1070.7070707070707,1.8239485360281087,0.03368647713535123,6114
dKO,Rloop_quartile,BG4 (G4),Q2,1111.1111111111109,1.8176159355642787,0.0332784644694885,6114
dKO,Rloop_quartile,BG4 (G4),Q2,1151.5151515151515,1.8246552481814218,0.033558820673821405,6114
dKO,Rloop_quartile,BG4 (G4),Q2,1191.9191919191917,1.8372918731617134,0.03496472985950326,6114
dKO,Rloop_quartile,BG4 (G4),Q2,1232.3232323232323,1.8445258640267737,0.0359372750333948,6114
dKO,Rloop_quartile,BG4 (G4),Q2,1272.7272727272725,1.8545670784976398,0.03644861365243908,6114
dKO,Rloop_quartile,BG4 (G4),Q2,1313.1313131313127,1.8591433563195094,0.03677084390599737,6114
dKO,Rloop_quartile,BG4 (G4),Q2,1353.5353535353534,1.8605734931546278,0.037377472771800875,6114
dKO,Rloop_quartile,BG4 (G4),Q2,1393.9393939393935,1.8724828413449712,0.038040384781454356,6114
dKO,Rloop_quartile,BG4 (G4),Q2,1434.3434343434342,1.896804166405574,0.03943251477613649,6114
dKO,Rloop_quartile,BG4 (G4),Q2,1474.7474747474744,1.9126788134261563,0.04018758188230522,6114
dKO,Rloop_quartile,BG4 (G4),Q2,1515.151515151515,1.929101908926122,0.04010592527815435,6114
dKO,Rloop_quartile,BG4 (G4),Q2,1555.5555555555552,1.9411987466955138,0.0402140315457786,6114
dKO,Rloop_quartile,BG4 (G4),Q2,1595.9595959595958,1.9386595013363264,0.03837957338995083,6114
dKO,Rloop_quartile,BG4 (G4),Q2,1636.363636363636,1.9244573291782037,0.03724540666720086,6114
dKO,Rloop_quartile,BG4 (G4),Q2,1676.7676767676767,1.9215999979916483,0.03696963912451616,6114
dKO,Rloop_quartile,BG4 (G4),Q2,1717.1717171717169,1.9285663745000607,0.037122502623593755,6114
dKO,Rloop_quartile,BG4 (G4),Q2,1757.5757575757575,1.9381329034515866,0.03724876604315637,6114
dKO,Rloop_quartile,BG4 (G4),Q2,1797.9797979797977,1.9435329364233163,0.03731575699343635,6114
dKO,Rloop_quartile,BG4 (G4),Q2,1838.3838383838383,1.9673380912663305,0.03847457306602821,6114
dKO,Rloop_quartile,BG4 (G4),Q2,1878.7878787878785,2.008439797981321,0.03999116579490508,6114
dKO,Rloop_quartile,BG4 (G4),Q2,1919.1919191919187,2.038820805273217,0.04157960306085686,6114
dKO,Rloop_quartile,BG4 (G4),Q2,1959.5959595959594,2.0686070456383243,0.0434421094669571,6114
dKO,Rloop_quartile,BG4 (G4),Q2,2000,2.0851919984728804,0.044913260660060086,6114
dKO,Rloop_quartile,BG4 (G4),Q3,-2000,2.6457943599758673,0.07343138850033071,6117
dKO,Rloop_quartile,BG4 (G4),Q3,-1959.5959595959596,2.6351554384389684,0.07098767101260789,6117
dKO,Rloop_quartile,BG4 (G4),Q3,-1919.1919191919192,2.6163202641888157,0.0673237980824837,6117
dKO,Rloop_quartile,BG4 (G4),Q3,-1878.7878787878788,2.580411915919893,0.06308747607347936,6117
dKO,Rloop_quartile,BG4 (G4),Q3,-1838.3838383838383,2.5494936890913835,0.06013229961419203,6117
dKO,Rloop_quartile,BG4 (G4),Q3,-1797.979797979798,2.5407100820384807,0.05801355172408087,6117
dKO,Rloop_quartile,BG4 (G4),Q3,-1757.5757575757575,2.535519388322167,0.057751091284582126,6117
dKO,Rloop_quartile,BG4 (G4),Q3,-1717.1717171717173,2.5314511487466236,0.05890910061328072,6117
dKO,Rloop_quartile,BG4 (G4),Q3,-1676.7676767676767,2.5415216634426554,0.060509740210123696,6117
dKO,Rloop_quartile,BG4 (G4),Q3,-1636.3636363636365,2.5472523676119576,0.06102091750966953,6117
dKO,Rloop_quartile,BG4 (G4),Q3,-1595.9595959595958,2.5565946740428833,0.06016791278374717,6117
dKO,Rloop_quartile,BG4 (G4),Q3,-1555.5555555555557,2.561462094978439,0.05874426442581259,6117
dKO,Rloop_quartile,BG4 (G4),Q3,-1515.1515151515152,2.570014812149963,0.05765689608904396,6117
dKO,Rloop_quartile,BG4 (G4),Q3,-1474.7474747474748,2.5786156123826984,0.05760153288136519,6117
dKO,Rloop_quartile,BG4 (G4),Q3,-1434.3434343434344,2.586451212939593,0.058305411842204946,6117
dKO,Rloop_quartile,BG4 (G4),Q3,-1393.939393939394,2.5992177164807475,0.0595224589695297,6117
dKO,Rloop_quartile,BG4 (G4),Q3,-1353.5353535353536,2.598521745642551,0.060295033057494146,6117
dKO,Rloop_quartile,BG4 (G4),Q3,-1313.1313131313132,2.595764270906382,0.06052150859950506,6117
dKO,Rloop_quartile,BG4 (G4),Q3,-1272.7272727272727,2.5937887882014463,0.061559670176905674,6117
dKO,Rloop_quartile,BG4 (G4),Q3,-1232.3232323232323,2.5990088156450217,0.06192447151896492,6117
dKO,Rloop_quartile,BG4 (G4),Q3,-1191.919191919192,2.6059477725099005,0.06310302909886438,6117
dKO,Rloop_quartile,BG4 (G4),Q3,-1151.5151515151515,2.602449152835752,0.06299661175473532,6117
dKO,Rloop_quartile,BG4 (G4),Q3,-1111.1111111111113,2.5874610571429026,0.06238315599461649,6117
dKO,Rloop_quartile,BG4 (G4),Q3,-1070.7070707070707,2.57417791445415,0.062058085802872545,6117
dKO,Rloop_quartile,BG4 (G4),Q3,-1030.3030303030305,2.55628246639379,0.06124331086601209,6117
dKO,Rloop_quartile,BG4 (G4),Q3,-989.89898989899,2.5720678411824216,0.06261801066794907,6117
dKO,Rloop_quartile,BG4 (G4),Q3,-949.4949494949497,2.5842820588460076,0.06335580755506655,6117
dKO,Rloop_quartile,BG4 (G4),Q3,-909.0909090909092,2.569309974479161,0.0617114393863532,6117
dKO,Rloop_quartile,BG4 (G4),Q3,-868.6868686868688,2.558190314764267,0.05981773590144359,6117
dKO,Rloop_quartile,BG4 (G4),Q3,-828.2828282828284,2.5413958737916724,0.05755324167448335,6117
dKO,Rloop_quartile,BG4 (G4),Q3,-787.878787878788,2.541353077660792,0.05599167903692238,6117
dKO,Rloop_quartile,BG4 (G4),Q3,-747.4747474747476,2.538266446929837,0.05563629786980894,6117
dKO,Rloop_quartile,BG4 (G4),Q3,-707.0707070707072,2.5396598376832404,0.055973021918525066,6117
dKO,Rloop_quartile,BG4 (G4),Q3,-666.6666666666667,2.5386676461773434,0.05703165582339937,6117
dKO,Rloop_quartile,BG4 (G4),Q3,-626.2626262626263,2.5527380736419136,0.057907364225928626,6117
dKO,Rloop_quartile,BG4 (G4),Q3,-585.8585858585859,2.572717588366509,0.05833405495890215,6117
dKO,Rloop_quartile,BG4 (G4),Q3,-545.4545454545455,2.586133839367504,0.058163581982708566,6117
dKO,Rloop_quartile,BG4 (G4),Q3,-505.0505050505051,2.5942843185068547,0.05825068910542098,6117
dKO,Rloop_quartile,BG4 (G4),Q3,-464.64646464646466,2.599638243891147,0.05848190895259057,6117
dKO,Rloop_quartile,BG4 (G4),Q3,-424.24242424242425,2.6120892365662862,0.059129603542284234,6117
dKO,Rloop_quartile,BG4 (G4),Q3,-383.83838383838383,2.631822338316497,0.06024615546844227,6117
dKO,Rloop_quartile,BG4 (G4),Q3,-343.43434343434365,2.659563065626276,0.06169413721582054,6117
dKO,Rloop_quartile,BG4 (G4),Q3,-303.03030303030323,2.6673428038784155,0.0628240053123791,6117
dKO,Rloop_quartile,BG4 (G4),Q3,-262.6262626262628,2.6720842341674245,0.06367877307398252,6117
dKO,Rloop_quartile,BG4 (G4),Q3,-222.2222222222224,2.6679347687054364,0.06494691290540404,6117
dKO,Rloop_quartile,BG4 (G4),Q3,-181.81818181818198,2.66560930757834,0.06548775439401823,6117
dKO,Rloop_quartile,BG4 (G4),Q3,-141.41414141414157,2.6917793482071155,0.06783844080510885,6117
dKO,Rloop_quartile,BG4 (G4),Q3,-101.01010101010115,2.722041234806253,0.07020044180001737,6117
dKO,Rloop_quartile,BG4 (G4),Q3,-60.60606060606074,2.740384591410379,0.07161767221080005,6117
dKO,Rloop_quartile,BG4 (G4),Q3,-20.20202020202032,2.7561627114497136,0.07245178466572841,6117
dKO,Rloop_quartile,BG4 (G4),Q3,20.202020202020094,2.7562523165166977,0.07275840013081886,6117
dKO,Rloop_quartile,BG4 (G4),Q3,60.60606060606051,2.7552850883886286,0.07230038039490229,6117
dKO,Rloop_quartile,BG4 (G4),Q3,101.0101010101007,2.740546392457905,0.07119728515783172,6117
dKO,Rloop_quartile,BG4 (G4),Q3,141.41414141414134,2.7366240203229375,0.07073223823589235,6117
dKO,Rloop_quartile,BG4 (G4),Q3,181.81818181818153,2.7342269691341543,0.07030014026342304,6117
dKO,Rloop_quartile,BG4 (G4),Q3,222.22222222222217,2.719302971048028,0.0685903864919995,6117
dKO,Rloop_quartile,BG4 (G4),Q3,262.62626262626236,2.7179807838081134,0.06704985720605364,6117
dKO,Rloop_quartile,BG4 (G4),Q3,303.030303030303,2.6970118827593375,0.06619082579731056,6117
dKO,Rloop_quartile,BG4 (G4),Q3,343.4343434343432,2.6916410306297993,0.0663862320873748,6117
dKO,Rloop_quartile,BG4 (G4),Q3,383.83838383838383,2.691249797897803,0.06673825423459455,6117
dKO,Rloop_quartile,BG4 (G4),Q3,424.242424242424,2.6769888085643316,0.0663828524325024,6117
dKO,Rloop_quartile,BG4 (G4),Q3,464.64646464646466,2.665548982555918,0.06506604782430585,6117
dKO,Rloop_quartile,BG4 (G4),Q3,505.05050505050485,2.633543958058876,0.06415749988434198,6117
dKO,Rloop_quartile,BG4 (G4),Q3,545.4545454545455,2.612767934206676,0.0627000889413716,6117
dKO,Rloop_quartile,BG4 (G4),Q3,585.8585858585857,2.6101303900040187,0.062019580896236985,6117
dKO,Rloop_quartile,BG4 (G4),Q3,626.2626262626259,2.60477684187518,0.061109221147510676,6117
dKO,Rloop_quartile,BG4 (G4),Q3,666.6666666666665,2.58091838706377,0.060355711588437354,6117
dKO,Rloop_quartile,BG4 (G4),Q3,707.0707070707067,2.553063493285257,0.05974293415794469,6117
dKO,Rloop_quartile,BG4 (G4),Q3,747.4747474747473,2.545783037870162,0.060613612336173926,6117
dKO,Rloop_quartile,BG4 (G4),Q3,787.8787878787875,2.5484151896751244,0.062176695815874025,6117
dKO,Rloop_quartile,BG4 (G4),Q3,828.2828282828282,2.5644854269912187,0.0631436107855988,6117
dKO,Rloop_quartile,BG4 (G4),Q3,868.6868686868684,2.5481223531101,0.06253349985185064,6117
dKO,Rloop_quartile,BG4 (G4),Q3,909.090909090909,2.538464706424374,0.060307110259597216,6117
dKO,Rloop_quartile,BG4 (G4),Q3,949.4949494949492,2.5314153631480254,0.05889739549573307,6117
dKO,Rloop_quartile,BG4 (G4),Q3,989.8989898989898,2.5265556905003304,0.058395605451364616,6117
dKO,Rloop_quartile,BG4 (G4),Q3,1030.30303030303,2.5346280727244044,0.05855328884238543,6117
dKO,Rloop_quartile,BG4 (G4),Q3,1070.7070707070707,2.532072714458279,0.05827068046217852,6117
dKO,Rloop_quartile,BG4 (G4),Q3,1111.1111111111109,2.531070326602551,0.057773046571220926,6117
dKO,Rloop_quartile,BG4 (G4),Q3,1151.5151515151515,2.524758057222155,0.05775718855360546,6117
dKO,Rloop_quartile,BG4 (G4),Q3,1191.9191919191917,2.533963233107142,0.057195383276210925,6117
dKO,Rloop_quartile,BG4 (G4),Q3,1232.3232323232323,2.5416030786721913,0.05657469819397105,6117
dKO,Rloop_quartile,BG4 (G4),Q3,1272.7272727272725,2.546207109141295,0.0572253069818669,6117
dKO,Rloop_quartile,BG4 (G4),Q3,1313.1313131313127,2.560386710236177,0.05849737860460162,6117
dKO,Rloop_quartile,BG4 (G4),Q3,1353.5353535353534,2.56696669030204,0.05961312472707518,6117
dKO,Rloop_quartile,BG4 (G4),Q3,1393.9393939393935,2.5421460939931184,0.05968875549859673,6117
dKO,Rloop_quartile,BG4 (G4),Q3,1434.3434343434342,2.52737147321781,0.058662941478924445,6117
dKO,Rloop_quartile,BG4 (G4),Q3,1474.7474747474744,2.5187562499147265,0.05759569672200282,6117
dKO,Rloop_quartile,BG4 (G4),Q3,1515.151515151515,2.5068190921271354,0.055557082698055385,6117
dKO,Rloop_quartile,BG4 (G4),Q3,1555.5555555555552,2.497807672050634,0.05340110649579846,6117
dKO,Rloop_quartile,BG4 (G4),Q3,1595.9595959595958,2.4897360107558253,0.0521774625216481,6117
dKO,Rloop_quartile,BG4 (G4),Q3,1636.363636363636,2.50037576606784,0.05281193542029885,6117
dKO,Rloop_quartile,BG4 (G4),Q3,1676.7676767676767,2.5163447666350174,0.05423448209887374,6117
dKO,Rloop_quartile,BG4 (G4),Q3,1717.1717171717169,2.531789387227542,0.055851849778171515,6117
dKO,Rloop_quartile,BG4 (G4),Q3,1757.5757575757575,2.5439636327300166,0.057267136214225245,6117
dKO,Rloop_quartile,BG4 (G4),Q3,1797.9797979797977,2.5624582131157956,0.05901758331774453,6117
dKO,Rloop_quartile,BG4 (G4),Q3,1838.3838383838383,2.5936736725855725,0.06092281539574171,6117
dKO,Rloop_quartile,BG4 (G4),Q3,1878.7878787878785,2.6206770238022776,0.06270667342109307,6117
dKO,Rloop_quartile,BG4 (G4),Q3,1919.1919191919187,2.6466944882015215,0.0648981518759901,6117
dKO,Rloop_quartile,BG4 (G4),Q3,1959.5959595959594,2.6580326451958007,0.06661196412651585,6117
dKO,Rloop_quartile,BG4 (G4),Q3,2000,2.6593508506280408,0.06787620815163596,6117
dKO,Rloop_quartile,BG4 (G4),Q4,-2000,4.170188475157206,0.13197426313376925,6117
dKO,Rloop_quartile,BG4 (G4),Q4,-1959.5959595959596,4.234545022055534,0.13302133979672,6117
dKO,Rloop_quartile,BG4 (G4),Q4,-1919.1919191919192,4.304527051249895,0.1341554947737425,6117
dKO,Rloop_quartile,BG4 (G4),Q4,-1878.7878787878788,4.372249843830274,0.13564407899351716,6117
dKO,Rloop_quartile,BG4 (G4),Q4,-1838.3838383838383,4.432361382253088,0.13818459108127648,6117
dKO,Rloop_quartile,BG4 (G4),Q4,-1797.979797979798,4.467038517415494,0.13972384533271237,6117
dKO,Rloop_quartile,BG4 (G4),Q4,-1757.5757575757575,4.511845783918579,0.142530646197623,6117
dKO,Rloop_quartile,BG4 (G4),Q4,-1717.1717171717173,4.5647307350381094,0.1445132446544407,6117
dKO,Rloop_quartile,BG4 (G4),Q4,-1676.7676767676767,4.611933178032231,0.1457102214078954,6117
dKO,Rloop_quartile,BG4 (G4),Q4,-1636.3636363636365,4.625537421459606,0.14456097745008775,6117
dKO,Rloop_quartile,BG4 (G4),Q4,-1595.9595959595958,4.668643329731036,0.14458197772831488,6117
dKO,Rloop_quartile,BG4 (G4),Q4,-1555.5555555555557,4.681245267670241,0.14206747710263867,6117
dKO,Rloop_quartile,BG4 (G4),Q4,-1515.1515151515152,4.667889384977136,0.1397869434389604,6117
dKO,Rloop_quartile,BG4 (G4),Q4,-1474.7474747474748,4.650446095354062,0.1381457554081675,6117
dKO,Rloop_quartile,BG4 (G4),Q4,-1434.3434343434344,4.660251226269788,0.1381442121761214,6117
dKO,Rloop_quartile,BG4 (G4),Q4,-1393.939393939394,4.680246257382195,0.13900702423673794,6117
dKO,Rloop_quartile,BG4 (G4),Q4,-1353.5353535353536,4.7492653555596505,0.14393463827947997,6117
dKO,Rloop_quartile,BG4 (G4),Q4,-1313.1313131313132,4.801096438481193,0.1489822623746462,6117
dKO,Rloop_quartile,BG4 (G4),Q4,-1272.7272727272727,4.836551222054733,0.1509520708950301,6117
dKO,Rloop_quartile,BG4 (G4),Q4,-1232.3232323232323,4.864687578532674,0.15087806090387545,6117
dKO,Rloop_quartile,BG4 (G4),Q4,-1191.919191919192,4.83379375964955,0.14745207182889797,6117
dKO,Rloop_quartile,BG4 (G4),Q4,-1151.5151515151515,4.810383119137744,0.144705371726449,6117
dKO,Rloop_quartile,BG4 (G4),Q4,-1111.1111111111113,4.820848030531696,0.14511927775302985,6117
dKO,Rloop_quartile,BG4 (G4),Q4,-1070.7070707070707,4.868869900749308,0.14640131169088555,6117
dKO,Rloop_quartile,BG4 (G4),Q4,-1030.3030303030305,4.899708586672295,0.14737180538178885,6117
dKO,Rloop_quartile,BG4 (G4),Q4,-989.89898989899,4.891717706717104,0.14758714728418895,6117
dKO,Rloop_quartile,BG4 (G4),Q4,-949.4949494949497,4.903389464991905,0.14833936360198335,6117
dKO,Rloop_quartile,BG4 (G4),Q4,-909.0909090909092,4.939867063253855,0.1482851902829722,6117
dKO,Rloop_quartile,BG4 (G4),Q4,-868.6868686868688,4.950749950265371,0.14423239847319716,6117
dKO,Rloop_quartile,BG4 (G4),Q4,-828.2828282828284,4.979448011496977,0.14271154134251632,6117
dKO,Rloop_quartile,BG4 (G4),Q4,-787.878787878788,5.019599142871452,0.1422215093303015,6117
dKO,Rloop_quartile,BG4 (G4),Q4,-747.4747474747476,5.079314581072514,0.14325392459803518,6117
dKO,Rloop_quartile,BG4 (G4),Q4,-707.0707070707072,5.157377792251595,0.14494142082493242,6117
dKO,Rloop_quartile,BG4 (G4),Q4,-666.6666666666667,5.208231453172508,0.14574648350300023,6117
dKO,Rloop_quartile,BG4 (G4),Q4,-626.2626262626263,5.2736810907603155,0.14764826709499626,6117
dKO,Rloop_quartile,BG4 (G4),Q4,-585.8585858585859,5.334295009580489,0.14989252149781865,6117
dKO,Rloop_quartile,BG4 (G4),Q4,-545.4545454545455,5.439178392634155,0.15298173041448154,6117
dKO,Rloop_quartile,BG4 (G4),Q4,-505.0505050505051,5.576115741730231,0.15822437723513874,6117
dKO,Rloop_quartile,BG4 (G4),Q4,-464.64646464646466,5.7221263100759785,0.1666338687505075,6117
dKO,Rloop_quartile,BG4 (G4),Q4,-424.24242424242425,5.899871884007184,0.17675955746874655,6117
dKO,Rloop_quartile,BG4 (G4),Q4,-383.83838383838383,6.085618482196214,0.1856844767411793,6117
dKO,Rloop_quartile,BG4 (G4),Q4,-343.43434343434365,6.306560734114195,0.1957025015918372,6117
dKO,Rloop_quartile,BG4 (G4),Q4,-303.03030303030323,6.581366393843017,0.20854010988112626,6117
dKO,Rloop_quartile,BG4 (G4),Q4,-262.6262626262628,6.867411317581984,0.2208278730290827,6117
dKO,Rloop_quartile,BG4 (G4),Q4,-222.2222222222224,7.1454885692812296,0.23433103654793633,6117
dKO,Rloop_quartile,BG4 (G4),Q4,-181.81818181818198,7.446964733913721,0.24768258751443625,6117
dKO,Rloop_quartile,BG4 (G4),Q4,-141.41414141414157,7.698871943252931,0.2575389275524619,6117
dKO,Rloop_quartile,BG4 (G4),Q4,-101.01010101010115,7.937080152676142,0.26442582226358397,6117
dKO,Rloop_quartile,BG4 (G4),Q4,-60.60606060606074,8.087060178203027,0.26442288042827794,6117
dKO,Rloop_quartile,BG4 (G4),Q4,-20.20202020202032,8.062445244770615,0.25808014276462465,6117
dKO,Rloop_quartile,BG4 (G4),Q4,20.202020202020094,7.947497909356698,0.24791986202765504,6117
dKO,Rloop_quartile,BG4 (G4),Q4,60.60606060606051,7.7778072663051425,0.2355651196098848,6117
dKO,Rloop_quartile,BG4 (G4),Q4,101.0101010101007,7.59397816474801,0.22395988381478077,6117
dKO,Rloop_quartile,BG4 (G4),Q4,141.41414141414134,7.425467439273254,0.2143812045846303,6117
dKO,Rloop_quartile,BG4 (G4),Q4,181.81818181818153,7.232200582554951,0.20601331798828815,6117
dKO,Rloop_quartile,BG4 (G4),Q4,222.22222222222217,7.029374583148357,0.198284445733147,6117
dKO,Rloop_quartile,BG4 (G4),Q4,262.62626262626236,6.758316859152306,0.18886363863320213,6117
dKO,Rloop_quartile,BG4 (G4),Q4,303.030303030303,6.519795023351691,0.18127239603727036,6117
dKO,Rloop_quartile,BG4 (G4),Q4,343.4343434343432,6.311982282658852,0.17362238120097453,6117
dKO,Rloop_quartile,BG4 (G4),Q4,383.83838383838383,6.137200545343721,0.16729902958759943,6117
dKO,Rloop_quartile,BG4 (G4),Q4,424.242424242424,5.968909412186813,0.15985010353651796,6117
dKO,Rloop_quartile,BG4 (G4),Q4,464.64646464646466,5.827175827968737,0.15437447834617474,6117
dKO,Rloop_quartile,BG4 (G4),Q4,505.05050505050485,5.722965521930703,0.15259625042308647,6117
dKO,Rloop_quartile,BG4 (G4),Q4,545.4545454545455,5.653463880483692,0.15276984955210085,6117
dKO,Rloop_quartile,BG4 (G4),Q4,585.8585858585857,5.604804387351258,0.15424677909358273,6117
dKO,Rloop_quartile,BG4 (G4),Q4,626.2626262626259,5.578840315784259,0.15607075325649775,6117
dKO,Rloop_quartile,BG4 (G4),Q4,666.6666666666665,5.541906084415109,0.1582979542430277,6117
dKO,Rloop_quartile,BG4 (G4),Q4,707.0707070707067,5.477462823176912,0.15823863174130964,6117
dKO,Rloop_quartile,BG4 (G4),Q4,747.4747474747473,5.417239071436718,0.15775315054719877,6117
dKO,Rloop_quartile,BG4 (G4),Q4,787.8787878787875,5.382091057393272,0.1586516826690798,6117
dKO,Rloop_quartile,BG4 (G4),Q4,828.2828282828282,5.340721660372927,0.1581270140404384,6117
dKO,Rloop_quartile,BG4 (G4),Q4,868.6868686868684,5.298514047367237,0.15929461510625667,6117
dKO,Rloop_quartile,BG4 (G4),Q4,909.090909090909,5.262179190763858,0.15995364781615887,6117
dKO,Rloop_quartile,BG4 (G4),Q4,949.4949494949492,5.233587991922167,0.1593680347827898,6117
dKO,Rloop_quartile,BG4 (G4),Q4,989.8989898989898,5.243864823539276,0.15996238602218715,6117
dKO,Rloop_quartile,BG4 (G4),Q4,1030.30303030303,5.262168991107921,0.16209940527337352,6117
dKO,Rloop_quartile,BG4 (G4),Q4,1070.7070707070707,5.237501260641958,0.16368417244229003,6117
dKO,Rloop_quartile,BG4 (G4),Q4,1111.1111111111109,5.193576115747341,0.16565795916534182,6117
dKO,Rloop_quartile,BG4 (G4),Q4,1151.5151515151515,5.138757098198365,0.1648808577823428,6117
dKO,Rloop_quartile,BG4 (G4),Q4,1191.9191919191917,5.097087524029767,0.16701668156112084,6117
dKO,Rloop_quartile,BG4 (G4),Q4,1232.3232323232323,5.074607651014122,0.16691967428932786,6117
dKO,Rloop_quartile,BG4 (G4),Q4,1272.7272727272725,5.039481714531385,0.1639897180644544,6117
dKO,Rloop_quartile,BG4 (G4),Q4,1313.1313131313127,4.987868818746819,0.15922195100184997,6117
dKO,Rloop_quartile,BG4 (G4),Q4,1353.5353535353534,4.960012790994547,0.15329271002026643,6117
dKO,Rloop_quartile,BG4 (G4),Q4,1393.9393939393935,4.9487191719362,0.14894748269471525,6117
dKO,Rloop_quartile,BG4 (G4),Q4,1434.3434343434342,4.923233597525618,0.1487374242881201,6117
dKO,Rloop_quartile,BG4 (G4),Q4,1474.7474747474744,4.902095748211182,0.15000236315633317,6117
dKO,Rloop_quartile,BG4 (G4),Q4,1515.151515151515,4.922237828525335,0.15597467243361404,6117
dKO,Rloop_quartile,BG4 (G4),Q4,1555.5555555555552,4.935185873703302,0.16157768208469692,6117
dKO,Rloop_quartile,BG4 (G4),Q4,1595.9595959595958,4.907546523832045,0.16419593794970874,6117
dKO,Rloop_quartile,BG4 (G4),Q4,1636.363636363636,4.837277336282856,0.16155324925158046,6117
dKO,Rloop_quartile,BG4 (G4),Q4,1676.7676767676767,4.790057958546442,0.15769296512724462,6117
dKO,Rloop_quartile,BG4 (G4),Q4,1717.1717171717169,4.73303226984192,0.15363676274261642,6117
dKO,Rloop_quartile,BG4 (G4),Q4,1757.5757575757575,4.6349580260481655,0.14779734516602486,6117
dKO,Rloop_quartile,BG4 (G4),Q4,1797.9797979797977,4.5543859566775655,0.14607853771825996,6117
dKO,Rloop_quartile,BG4 (G4),Q4,1838.3838383838383,4.480679364277545,0.1448913768762154,6117
dKO,Rloop_quartile,BG4 (G4),Q4,1878.7878787878785,4.454006217824301,0.1479415752281182,6117
dKO,Rloop_quartile,BG4 (G4),Q4,1919.1919191919187,4.4488584610083715,0.15268729188302127,6117
dKO,Rloop_quartile,BG4 (G4),Q4,1959.5959595959594,4.388197767157906,0.1528299446223111,6117
dKO,Rloop_quartile,BG4 (G4),Q4,2000,4.316923604166616,0.1507473120142299,6117
