ID	Description	GeneRatio	BgRatio	RichFactor	FoldEnrichment	zScore	pvalue	p.adjust	qvalue	geneID	Count	contrast_direction
GO:0007015	actin filament organization	42/572	427/14485	0.09836065573770492	2.4908288432878596	6.34032959009489	4.781318241841917e-8	2.1257740903229163e-4	1.9215866365634147e-4	Spta1/Gsn/Actc1/Dstn/Myl9/Cnn3/Tpm2/Marcksl1/Wnt4/Shroom3/Met/Cald1/Tacstd2/Cdc42ep5/Cyfip1/Pak1/Rnh1/Tpm4/Acta1/Cnn1/Tpm1/Myo5c/Ooep/Naa80/Cnn2/Gas2l3/Pawr/Cobl/Myo1c/Cfl2/Actn1/Synpo2l/Sorbs3/Dmtn/Myh9/Sh3bp1/Lima1/Prkn/Myo1f/Svil/Pdlim1/Flna	42	DHX36KO_vs_WT_down
GO:0008544	epidermis development	31/572	296/14485	0.10472972972972973	2.652115620865621	5.822939510013525	7.429105744307002e-7	7.359222732943499e-4	6.652345667158718e-4	Klf7/Wnt10a/Gli2/Ptgs2/Irf6/Pax6/Fermt1/Lama5/Whrn/Cdkn2a/Ptch2/Errfi1/Cldn4/Met/Krtdap/Fgfr2/Tfdp1/Gab1/Gli1/Egfr/Krt14/Krt17/Dsp/Tfap2a/Ptch1/Flnb/Tgm1/Krt7/Hoxc13/Ppl/Clic5	31	DHX36KO_vs_WT_down
GO:0045104	intermediate filament cytoskeleton organization	12/572	53/14485	0.22641509433962265	5.733606016624885	7.000010039457154	7.763765868128036e-7	7.359222732943499e-4	6.652345667158718e-4	Dst/Nes/Krt20/Krt19/Krt14/Krt17/Dsp/Nefl/Eppk1/Krt7/Krt18/Ppl	12	DHX36KO_vs_WT_down
GO:0050673	epithelial cell proliferation	39/572	426/14485	0.09154929577464789	2.3183418693982074	5.599993321931637	9.231950392448801e-7	7.359222732943499e-4	6.652345667158718e-4	Gli2/Vash2/Irf6/Gata3/Pax6/Thbs1/B2m/Fermt1/Bcl2l1/Lama5/F3/Cdkn2a/Tek/Hspg2/Errfi1/Cdk6/Kit/Flt1/Tacstd2/Klk8/Fgfr2/Irs2/Marveld3/Sidt2/Prdm1/Gli1/Igfbp3/Egfr/Id2/Ptch1/Adk/Mmp14/Tgm1/Stk3/Eppk1/Tsc2/Nkx2-5/Lims2/Tcf7l2	39	DHX36KO_vs_WT_down
GO:0045103	intermediate filament-based process	12/572	54/14485	0.2222222222222222	5.627428127428127	6.907489422451251	9.628089590247174e-7	7.359222732943499e-4	6.652345667158718e-4	Dst/Nes/Krt20/Krt19/Krt14/Krt17/Dsp/Nefl/Eppk1/Krt7/Krt18/Ppl	12	DHX36KO_vs_WT_down
GO:0060485	mesenchyme development	31/572	300/14485	0.10333333333333333	2.616754079254079	5.737488163509305	9.931474673338055e-7	7.359222732943499e-4	6.652345667158718e-4	Rdh10/Wnt10a/Gbx2/Gata3/Pax6/Actc1/Spred1/Thbs1/Lama5/Wwtr1/Wnt4/Sema3e/Sema3c/Radil/Tead1/Fgfr2/Acta1/Nup133/Cited2/Pawr/Mdm2/Col1a1/Tfap2a/Edn1/Wnt7b/Tsc2/Nkx2-5/Acta2/Tcf7l2/Flna/Efnb1	31	DHX36KO_vs_WT_down
GO:0030239	myofibril assembly	13/572	65/14485	0.2	5.064685314685315	6.6593655708437085	1.2315475980557308e-6	7.822086601365399e-4	7.07074996898764e-4	Csrp1/Casq1/Actc1/Myl9/Acta1/Tpm1/Csrp2/Krt19/Cfl2/Edn1/Synpo2l/Krt8/Nkx2-5	13	DHX36KO_vs_WT_down
GO:0031032	actomyosin structure organization	24/572	202/14485	0.1188118811881188	3.0087239493180085	5.829322785730108	1.4661174643917964e-6	7.953342984954339e-4	7.189398753830921e-4	Csrp1/Casq1/Actc1/Myl9/Cnn3/Wnt4/Met/Tacstd2/Pak1/Acta1/Cnn1/Tpm1/Cnn2/Csrp2/Krt19/Cfl2/Edn1/Synpo2l/Sorbs3/Myh9/Krt8/Nkx2-5/Epb41l3/Pdlim1	24	DHX36KO_vs_WT_down
GO:0070252	actin-mediated cell contraction	15/572	88/14485	0.17045454545454544	4.3164931659249834	6.327269316863014	1.6230114197837738e-6	7.953342984954339e-4	7.189398753830921e-4	Gsn/Actc1/Camk2d/Sri/Parva/Tpm1/Myl6/Myl6b/Rangrf/Frmd6/Dsp/Tnnc1/Myh9/Acta2/Flna	15	DHX36KO_vs_WT_down
GO:0030048	actin filament-based movement	17/572	112/14485	0.15178571428571427	3.84373439060939	6.125706837230069	1.7888760649919788e-6	7.953342984954339e-4	7.189398753830921e-4	Gsn/Actc1/Camk2d/Sri/Parva/Tpm1/Myo5c/Myl6/Myl6b/Rangrf/Myo1c/Frmd6/Dsp/Tnnc1/Myh9/Acta2/Flna	17	DHX36KO_vs_WT_down
GO:0042692	muscle cell differentiation	37/572	413/14485	0.08958837772397095	2.2686847051253833	5.303745749004762	2.940217544840097e-6	0.001188382473123552	0.0010742345058564104	Fhl2/Csrp1/Casq1/Capn2/Actc1/Myl9/Lmna/Camk2d/Cth/Wnt4/Kit/Cxcl10/Met/Pak1/Sox6/Fgfr2/Cd81/Piezo1/Acta1/Tpm1/Csrp2/Mdm2/Meis1/Krt19/Id2/Cfl2/Actn1/Edn1/Synpo2l/Mmp14/Myh9/Wnt7b/Krt8/Nkx2-5/Svil/Efemp2/Casp7	37	DHX36KO_vs_WT_down
GO:1901879	regulation of protein depolymerization	15/572	94/14485	0.1595744680851064	4.040972325546794	5.997396860312576	3.820300512660454e-6	0.0013480548353080137	0.0012185698229528607	Map2/Spta1/Gsn/Dstn/Stmn2/Nes/Wdr47/Tpm1/Cfl2/Dmtn/Sh3bp1/Lima1/Map6d1/Svil/Mid1ip1	15	DHX36KO_vs_WT_down
GO:0032970	regulation of actin filament-based process	34/572	370/14485	0.0918918918918919	2.3270175770175774	5.242868633243196	4.287387481566374e-6	0.0013480548353080137	0.0012185698229528607	Spta1/Gsn/Dstn/Hck/Ccl27a/Wnt4/Sri/Met/Tacstd2/Cdc42ep5/Cyfip1/Pak1/Rnh1/Tpm1/Naa80/Cnn2/Rangrf/Myo1c/Cfl2/Frmd6/Dsp/Edn1/Synpo2l/Tnnc1/Sorbs3/Dmtn/Myh9/Sh3bp1/Lima1/Prkn/Myo1f/Svil/Acta2/Flna	34	DHX36KO_vs_WT_down
GO:0048568	embryonic organ development	41/572	489/14485	0.08384458077709611	2.1232320848885267	5.1233478467852285	4.5376838530296965e-6	0.0013480548353080137	0.0012185698229528607	Rdh10/Satb2/Gbx2/Gli2/Vash2/Gata3/Neurod1/Pax6/Nes/Ccn1/Whrn/Hspg2/Kit/E2f8/Tead1/Fgfr2/Gab1/Cited2/Prdm1/Lrig3/Gli1/Thoc5/Cobl/Egfr/Ntn1/Krt19/Tex19.1/Id2/Foxg1/Tfap2a/Edn1/Ptch1/Mmp14/Stk3/Wnt7b/Col2a1/Krt8/Nkx2-5/Clic5/Tcf7l2/Cited1	41	DHX36KO_vs_WT_down
GO:0060562	epithelial tube morphogenesis	34/572	371/14485	0.09164420485175202	2.3207452924434055	5.225319490482925	4.548093236531761e-6	0.0013480548353080137	0.0012185698229528607	Rdh10/Casp8/Wnt6/Gbx2/Gli2/Gata3/Lrp2/Lama5/Tek/Wnt4/Sema3e/Cxcl10/Shroom3/Flt1/Met/Tacstd2/Pak1/Tead1/Fgfr2/Col4a1/Cited2/Perp/Cobl/Ntn1/Tfap2a/Edn1/Ptch1/Irx2/Mmp14/Stk3/Tsc2/Nkx2-5/Ddr1/Cited1	34	DHX36KO_vs_WT_down
GO:0006935	chemotaxis	32/572	344/14485	0.09302325581395349	2.3556675882257276	5.159697644678992	6.372985391814367e-6	0.0017702632302555156	0.001600223740586585	Lrp2/Thbs1/Blvra/Flrt3/F3/Ccn1/Ccl27a/Creb3/Sema3e/Sema3c/Kit/Ppbp/Cxcl10/Spp1/Flt1/Met/Parva/Mtus1/Gab1/Ryk/Cmtm7/Perp/Slit3/Ntn1/Cxcl16/Edn1/Wnt7b/Tsc2/Dusp1/Gpsm3/Il17b/Gstp2	32	DHX36KO_vs_WT_down
GO:0042330	taxis	32/572	345/14485	0.0927536231884058	2.3488395662308705	5.141348222817839	6.768887745016592e-6	0.0017702632302555156	0.001600223740586585	Lrp2/Thbs1/Blvra/Flrt3/F3/Ccn1/Ccl27a/Creb3/Sema3e/Sema3c/Kit/Ppbp/Cxcl10/Spp1/Flt1/Met/Parva/Mtus1/Gab1/Ryk/Cmtm7/Perp/Slit3/Ntn1/Cxcl16/Edn1/Wnt7b/Tsc2/Dusp1/Gpsm3/Il17b/Gstp2	32	DHX36KO_vs_WT_down
GO:0003012	muscle system process	33/572	371/14485	0.0889487870619946	2.252488077959776	4.9552706360610825	1.1755696804452942e-5	0.002903657110699877	0.0026247514853451072	Ptgs2/Atp1b1/Casq1/Gsn/Actc1/Lmna/Camk2d/Tpm2/Errfi1/Sri/Kit/Gtf2ird2/Flt1/Met/Pak1/Tead1/Tpm4/Tpm1/Pawr/Myl6/Myl6b/Smtn/Meis1/Anxa6/Rangrf/Dsp/Edn1/Adk/Tnnc1/Nkx2-5/Acta2/Gsto1/Flna	33	DHX36KO_vs_WT_down
GO:0006936	muscle contraction	26/572	261/14485	0.09961685823754789	2.522640195053988	5.033134683381643	1.4279251161175687e-5	0.0032088094240005	0.0029005929353017284	Ptgs2/Atp1b1/Casq1/Gsn/Actc1/Camk2d/Tpm2/Sri/Kit/Flt1/Met/Tpm4/Tpm1/Pawr/Myl6/Myl6b/Smtn/Anxa6/Rangrf/Dsp/Edn1/Tnnc1/Nkx2-5/Acta2/Gsto1/Flna	26	DHX36KO_vs_WT_down
GO:1902903	regulation of supramolecular fiber organization	32/572	358/14485	0.0893854748603352	2.263546509356565	4.908396671823961	1.443459030139676e-5	0.0032088094240005	0.0029005929353017284	Map2/Spta1/Gsn/Dstn/Stmn2/Wdr47/Wnt4/Hspg2/Clip1/Met/Tacstd2/Cdc42ep5/Cyfip1/Pak1/Rnh1/Ldlr/Tpm1/Naa80/Myo1c/Cfl2/Edn1/Synpo2l/Sorbs3/Dmtn/Myh9/Sh3bp1/Lima1/Map6d1/Prkn/Svil/Mid1ip1/Flna	32	DHX36KO_vs_WT_down
GO:0010927	cellular component assembly involved in morphogenesis	16/572	119/14485	0.13445378151260504	3.404830463653993	5.340991592643863	1.7564311369463927e-5	0.0035495876522107553	0.0032086383162015925	Nfasc/Csrp1/Casq1/Actc1/Myl9/Pdcl2/Acta1/Tpm1/Csrp2/Krt19/Cfl2/Edn1/Synpo2l/Krt8/Nkx2-5/Epb41l3	16	DHX36KO_vs_WT_down
GO:0032989	cellular anatomical entity morphogenesis	16/572	119/14485	0.13445378151260504	3.404830463653993	5.340991592643863	1.7564311369463927e-5	0.0035495876522107553	0.0032086383162015925	Nfasc/Csrp1/Casq1/Actc1/Myl9/Pdcl2/Acta1/Tpm1/Csrp2/Krt19/Cfl2/Edn1/Synpo2l/Krt8/Nkx2-5/Epb41l3	16	DHX36KO_vs_WT_down
GO:0060537	muscle tissue development	36/572	433/14485	0.08314087759815242	2.105411909107059	4.7351189864272785	2.0917740804969902e-5	0.003763945315101309	0.003402406234594502	Fhl2/Casp8/Csrp1/Casq1/Lrp2/Actc1/Schip1/Lmna/Camk2d/Hspg2/Sema3c/Met/Pak1/Sox6/Fgfr2/Acta1/Usp2/Tpm1/Cited2/Csrp2/Gli1/Myl6/Myl6b/Meis1/Id2/Cfl2/Dsp/Edn1/Ptch1/Flnb/Tnnc1/Hdac7/Nkx2-5/Svil/Efemp2/Tcf7l2	36	DHX36KO_vs_WT_down
GO:1903729	regulation of plasma membrane organization	6/572	16/14485	0.375	9.496284965034965	6.894482651272762	2.1079466960718224e-5	0.003763945315101309	0.003402406234594502	Gsn/Sh3gl2/Anxa2/Myh9/Ahnak/Casp7	6	DHX36KO_vs_WT_down
GO:0009913	epidermal cell differentiation	20/572	176/14485	0.11363636363636363	2.8776621106166562	5.081606298372366	2.1164784722791886e-05	0.003763945315101309	0.003402406234594502	Klf7/Gli2/Ptgs2/Irf6/Pax6/Whrn/Cdkn2a/Ptch2/Errfi1/Gli1/Krt14/Krt17/Dsp/Tfap2a/Ptch1/Flnb/Tgm1/Krt7/Ppl/Clic5	20	DHX36KO_vs_WT_down
GO:0001667	ameboidal-type cell migration	25/572	259/14485	0.09652509652509653	2.4443461943461946	4.755669455691493	3.539520239595831e-5	0.006052579609708872	0.005471209827844892	Gbx2/Prr5l/Pax6/Thbs1/Fermt1/Lama5/Schip1/Sema3e/Sema3c/Kit/Radil/Tacstd2/Arhgdib/Pak1/Irs2/Marveld3/Amotl2/Tfap2a/Edn1/Dmtn/Eppk1/Tsc2/Acta2/Pdlim1/Efnb1	25	DHX36KO_vs_WT_down
GO:0043588	skin development	25/572	260/14485	0.09615384615384616	2.4349448628294783	4.73399320429336	3.774139720854187e-5	0.006099487369250404	0.005513611945876375	Wnt10a/Gli2/Ptgs2/Irf6/Pax6/Fermt1/Lama5/Cdkn2a/Ptch2/Errfi1/Cldn4/Met/Fgfr2/Egfr/Col1a1/Krt14/Krt17/Dsp/Tfap2a/Flnb/Tgm1/Krt7/Hoxc13/Ppl/Tcf7l2	25	DHX36KO_vs_WT_down
GO:0090257	regulation of muscle system process	23/572	229/14485	0.10043668122270742	2.543400922221883	4.773418733023555	3.886974422156089e-5	0.006099487369250404	0.005513611945876375	Ptgs2/Atp1b1/Casq1/Gsn/Lmna/Camk2d/Errfi1/Sri/Kit/Gtf2ird2/Flt1/Pak1/Tead1/Pawr/Smtn/Anxa6/Rangrf/Dsp/Edn1/Adk/Tnnc1/Nkx2-5/Gsto1	23	DHX36KO_vs_WT_down
GO:0003007	heart morphogenesis	25/572	261/14485	0.09578544061302682	2.4256155721672963	4.712416764480443	4.0226794035593134e-5	0.006099487369250404	0.005513611945876375	Fhl2/Gata3/Lrp2/Actc1/Thbs1/Ccn1/Tek/Sema3c/Parva/Tead1/Fgfr2/Tpm1/Cited2/Mdm2/Slit3/Id2/Dsp/Tfap2a/Edn1/Ptch1/Synpo2l/Tnnc1/Col2a1/Nkx2-5/Flna	25	DHX36KO_vs_WT_down
GO:0045109	intermediate filament organization	8/572	34/14485	0.23529411764705882	5.9584533113944875	5.869060903054068	4.1157134745279387e-5	0.006099487369250404	0.005513611945876375	Krt20/Krt19/Krt14/Krt17/Dsp/Nefl/Eppk1/Krt7	8	DHX36KO_vs_WT_down
GO:0031589	cell-substrate adhesion	30/572	345/14485	0.08695652173913043	2.202037093341441	4.58178380019017	4.4704782563264845e-5	0.006411531073428242	0.005795682846402213	Thbs1/Fermt1/Lama5/Ccn1/Cdkn2a/Tek/Wnt4/Cdk6/Sema3e/Spp1/Radil/Tacstd2/Bcam/Mia/Parva/Anxa2/Col1a1/Actn1/Vcl/Mmp14/Sorbs3/Dmtn/Myh9/Msln/Ddr1/Lims2/Efemp2/Vwa2/Flna/Egfl6	30	DHX36KO_vs_WT_down
GO:0045214	sarcomere organization	9/572	45/14485	0.2	5.064685314685315	5.537088546608636	5.440286750292046e-5	0.0075585984036870115	0.006832570662044419	Csrp1/Casq1/Tpm1/Csrp2/Krt19/Cfl2/Edn1/Synpo2l/Krt8	9	DHX36KO_vs_WT_down
GO:0003206	cardiac chamber morphogenesis	16/572	131/14485	0.12213740458015267	3.092937596754391	4.879073228424626	5.836283119498734e-5	0.007863065075542838	0.007107792328627165	Fhl2/Gata3/Lrp2/Ccn1/Tek/Sema3c/Parva/Fgfr2/Tpm1/Cited2/Mdm2/Slit3/Id2/Dsp/Tnnc1/Nkx2-5	16	DHX36KO_vs_WT_down
GO:0048754	branching morphogenesis of an epithelial tube	19/572	175/14485	0.10857142857142857	2.7494005994005994	4.720851706134291	6.353330508371812e-5	0.008307913953006198	0.007509912037450025	Rdh10/Wnt6/Gbx2/Gli2/Lama5/Tek/Wnt4/Sema3e/Flt1/Met/Tacstd2/Pak1/Fgfr2/Col4a1/Edn1/Ptch1/Mmp14/Ddr1/Cited1	19	DHX36KO_vs_WT_down
GO:0055002	striated muscle cell development	19/572	176/14485	0.10795454545454546	2.7337790050858235	4.69220860474008	6.866070563695101e-5	0.008721871350339548	0.007884107492387337	Fhl2/Csrp1/Casq1/Actc1/Myl9/Lmna/Camk2d/Met/Pak1/Acta1/Tpm1/Csrp2/Meis1/Krt19/Cfl2/Edn1/Synpo2l/Krt8/Nkx2-5	19	DHX36KO_vs_WT_down
GO:0001892	embryonic placenta development	14/572	106/14485	0.1320754716981132	3.3446035096978495	4.912356550910488	7.112829295683226e-5	0.008784344180168784	0.007940579605531742	Vash2/Ccn1/E2f8/Fgfr2/Gab1/Cited2/Prdm1/Egfr/Krt19/Tex19.1/Stk3/Wnt7b/Krt8/Cited1	14	DHX36KO_vs_WT_down
GO:0055001	muscle cell development	21/572	208/14485	0.10096153846153846	2.5566921059709524	4.585089218108888	7.747744129188786e-5	0.009225214113195927	0.008339102560357518	Fhl2/Csrp1/Casq1/Actc1/Myl9/Lmna/Camk2d/Met/Pak1/Acta1/Tpm1/Csrp2/Meis1/Krt19/Cfl2/Actn1/Edn1/Synpo2l/Krt8/Nkx2-5/Efemp2	21	DHX36KO_vs_WT_down
GO:0051146	striated muscle cell differentiation	27/572	305/14485	0.08852459016393442	2.2417459589590734	4.444024448216955	7.884798387346946e-5	0.009225214113195927	0.008339102560357518	Fhl2/Csrp1/Casq1/Capn2/Actc1/Myl9/Lmna/Camk2d/Cxcl10/Met/Pak1/Sox6/Cd81/Piezo1/Acta1/Tpm1/Csrp2/Meis1/Krt19/Cfl2/Edn1/Synpo2l/Mmp14/Myh9/Krt8/Nkx2-5/Casp7	27	DHX36KO_vs_WT_down
GO:0061138	morphogenesis of a branching epithelium	21/572	210/14485	0.1	2.5323426573426575	4.535334884576732	8.892434520345959e-5	0.009873860043121402	0.008925443957818384	Rdh10/Wnt6/Gbx2/Gli2/Tgm2/Lama5/Tek/Wnt4/Sema3e/Sema3c/Flt1/Met/Tacstd2/Pak1/Fgfr2/Col4a1/Edn1/Ptch1/Mmp14/Ddr1/Cited1	21	DHX36KO_vs_WT_down
GO:0001763	morphogenesis of a branching structure	22/572	226/14485	0.09734513274336283	2.4651123213070116	4.501035991311062	9.085498013194149e-5	0.009873860043121402	0.008925443957818384	Rdh10/Wnt6/Gbx2/Gli2/Tgm2/Lama5/Tek/Wnt4/Sema3e/Sema3c/Flt1/Met/Tacstd2/Pak1/Fgfr2/Col4a1/Prdm1/Edn1/Ptch1/Mmp14/Ddr1/Cited1	22	DHX36KO_vs_WT_down
GO:0051261	protein depolymerization	15/572	122/14485	0.12295081967213115	3.1135360541098245	4.753339954173226	9.144178785577143e-5	0.009873860043121402	0.008925443957818384	Map2/Spta1/Gsn/Dstn/Stmn2/Nes/Wdr47/Tpm1/Cfl2/Dmtn/Sh3bp1/Lima1/Map6d1/Svil/Mid1ip1	15	DHX36KO_vs_WT_down
GO:0033275	actin-myosin filament sliding	5/572	13/14485	0.38461538461538464	9.739779451317913	6.392043950820947	9.327533104163267e-5	0.009873860043121402	0.008925443957818384	Actc1/Tpm1/Myl6/Myl6b/Tnnc1	5	DHX36KO_vs_WT_down
GO:0072006	nephron development	17/572	152/14485	0.1118421052631579	2.8322253404490247	4.604304196006197	1.0573495080043764e-4	0.010932502122296413	0.009882400052780195	Wnt6/Gata3/Lama5/Wwtr1/Tek/Wnt4/Tacstd2/Gpr4/Nup133/Tfap2a/Edn1/Ptch1/Irx2/Wnt7b/Tsc2/Acta2/Cited1	17	DHX36KO_vs_WT_down
GO:0007411	axon guidance	22/572	230/14485	0.09565217391304348	2.422240802675585	4.408443925736739	1.1758514518487185e-4	0.011881444442998643	0.010740193404685185	Klf7/Gbx2/Gli2/Nfasc/Lamc2/Gata3/Lrp2/Pax6/Flrt3/Lama5/Nexn/Sema3e/Sema3c/Cyfip1/Ryk/Slit3/Ntn1/Foxg1/Edn1/Ptch1/Wnt7b/Efnb1	22	DHX36KO_vs_WT_down
GO:0097485	neuron projection guidance	22/572	231/14485	0.09523809523809523	2.4117549117549117	4.385597796833251	1.2527231721841555e-4	0.012310728439408544	0.011128243289452807	Klf7/Gbx2/Gli2/Nfasc/Lamc2/Gata3/Lrp2/Pax6/Flrt3/Lama5/Nexn/Sema3e/Sema3c/Cyfip1/Ryk/Slit3/Ntn1/Foxg1/Edn1/Ptch1/Wnt7b/Efnb1	22	DHX36KO_vs_WT_down
GO:0035456	response to interferon-beta	9/572	50/14485	0.18	4.558216783216783	5.110235231186089	1.2901949602776963e-4	0.012310728439408544	0.011128243289452807	Aim2/Capn2/Gbp7/Gbp3/Gbp2b/Gbp2/Ifitm1/Ndufa13/Gm11772	9	DHX36KO_vs_WT_down
GO:0060048	cardiac muscle contraction	14/572	112/14485	0.125	3.1654283216783217	4.664563300791952	1.3014040410530849e-4	0.012310728439408544	0.011128243289452807	Atp1b1/Gsn/Actc1/Camk2d/Sri/Met/Tpm1/Smtn/Rangrf/Dsp/Tnnc1/Nkx2-5/Gsto1/Flna	14	DHX36KO_vs_WT_down
GO:0048864	stem cell development	12/572	86/14485	0.13953488372093023	3.5335013823385917	4.7778893219625544	1.3578979501048836e-4	0.012321193133923295	0.011137702816326714	Rdh10/Gbx2/Pax6/Lama5/Sema3e/Sema3c/Radil/Cited2/Tfap2a/Edn1/Wnt7b/Efnb1	12	DHX36KO_vs_WT_down
GO:0048660	regulation of smooth muscle cell proliferation	18/572	170/14485	0.10588235294117647	2.6813039901275197	4.471023042065656	1.3579362653221805e-4	0.012321193133923295	0.011137702816326714	Ptgs2/Thbs1/Tgm2/Camk2d/Flt1/Pak1/Fgfr2/Cnn1/Tpm1/Mdm2/Igfbp3/Egfr/Id2/Edn1/Skp2/Gstp2/Efemp2/Tcf7l2	18	DHX36KO_vs_WT_down
GO:0035458	cellular response to interferon-beta	8/572	40/14485	0.2	5.064685314685315	5.21951356859836	1.4147216920765444e-4	0.012579705285944633	0.011371384042838413	Aim2/Capn2/Gbp7/Gbp3/Gbp2b/Gbp2/Ndufa13/Gm11772	8	DHX36KO_vs_WT_down
GO:0061180	mammary gland epithelium development	11/572	75/14485	0.14666666666666667	3.7141025641025642	4.778116962240277	1.6317188690316738e-4	0.013873422816869565	0.012540835834649242	Gli2/Irf6/Gata3/Cdkn2a/Wnt4/Fgfr2/Perp/Ntn1/Id2/Ptch1/Ddr1	11	DHX36KO_vs_WT_down
GO:0043627	response to estrogen	10/572	63/14485	0.15873015873015872	4.019591519591519	4.870096940261703	1.6487643768189664e-4	0.013873422816869565	0.012540835834649242	Gata3/Mme/Tek/Cited4/Ash2l/Cited2/Mdm2/Krt19/Mmp14/Cited1	10	DHX36KO_vs_WT_down
GO:0007431	salivary gland development	8/572	41/14485	0.1951219512195122	4.941156404571039	5.123936494946682	1.6976561947217866e-4	0.013873422816869565	0.012540835834649242	Tfcp2l1/Pax6/Tgm2/Lama5/Sema3c/Met/Fgfr2/Egfr	8	DHX36KO_vs_WT_down
GO:0050678	regulation of epithelial cell proliferation	29/572	354/14485	0.08192090395480225	2.0745179961281655	4.150120972516367	1.7005354366850887e-4	0.013873422816869565	0.012540835834649242	Gli2/Vash2/Irf6/Gata3/Pax6/Thbs1/B2m/Lama5/F3/Cdkn2a/Tek/Hspg2/Errfi1/Cdk6/Flt1/Tacstd2/Fgfr2/Irs2/Marveld3/Gli1/Egfr/Ptch1/Tgm1/Stk3/Eppk1/Tsc2/Nkx2-5/Lims2/Tcf7l2	29	DHX36KO_vs_WT_down
GO:0030834	regulation of actin filament depolymerization	9/572	52/14485	0.17307692307692307	4.38290075309306	4.955009627343634	1.766120984380811e-4	0.013873422816869565	0.012540835834649242	Spta1/Gsn/Dstn/Tpm1/Cfl2/Dmtn/Sh3bp1/Lima1/Svil	9	DHX36KO_vs_WT_down
GO:0110053	regulation of actin filament organization	23/572	253/14485	0.09090909090909091	2.302129688493325	4.2365605112509535	1.7783607985464008e-4	0.013873422816869565	0.012540835834649242	Spta1/Gsn/Dstn/Wnt4/Met/Tacstd2/Cdc42ep5/Cyfip1/Pak1/Rnh1/Tpm1/Naa80/Myo1c/Cfl2/Synpo2l/Sorbs3/Dmtn/Myh9/Sh3bp1/Lima1/Prkn/Svil/Flna	23	DHX36KO_vs_WT_down
GO:0051493	regulation of cytoskeleton organization	37/572	499/14485	0.07414829659318638	1.8776889443222111	4.04553551978487	1.7786439508807135e-4	0.013873422816869565	0.012540835834649242	Dst/Map2/Spta1/Gsn/Dstn/Hck/Stmn2/Schip1/Nes/Wdr47/Nexn/Ccl27a/Wnt4/Clip1/Met/Tacstd2/Cdc42ep5/Cyfip1/Pak1/Rnh1/Tpm1/Naa80/Myo1c/Cfl2/Edn1/Synpo2l/Sorbs3/Dmtn/Myh9/Sh3bp1/Lima1/Map6d1/Prkn/Myo1f/Svil/Mid1ip1/Flna	37	DHX36KO_vs_WT_down
GO:0016331	morphogenesis of embryonic epithelium	18/572	175/14485	0.10285714285714286	2.604695304695305	4.330356677362597	1.959757273161464e-4	0.015022553166337705	0.013579588509855661	Rdh10/Casp8/Wnt6/Gli2/Gata3/Lrp2/Lama5/Wnt4/Shroom3/Fgfr2/Cited2/Cobl/Tfap2a/Ptch1/Irx2/Stk3/Wnt7b/Tsc2	18	DHX36KO_vs_WT_down
GO:0044406	adhesion of symbiont to host	5/572	15/14485	0.3333333333333333	8.441142191142191	5.84632355955222	2.0377901803470162e-4	0.015355957867496328	0.013880968614745599	Gbp7/Gbp3/Gbp2b/Gbp2/Tmprss2	5	DHX36KO_vs_WT_down
GO:0010763	positive regulation of fibroblast migration	6/572	23/14485	0.2608695652173913	6.606111280024323	5.455610209885275	2.097828098670801e-4	0.015373830758433177	0.013897124756895108	Thbs1/Pak1/Tfap2a/Dmtn/Tsc2/Acta2	6	DHX36KO_vs_WT_down
GO:0072001	renal system development	28/572	341/14485	0.08211143695014662	2.0793429444455835	4.089614787513872	2.1093200095915964e-4	0.015373830758433177	0.013897124756895108	Rdh10/Wnt6/Gli2/Gata3/Lrp2/Cat/Lama5/Wwtr1/Mme/Schip1/Tek/Wnt4/Spp1/Tacstd2/Gpr4/Fgfr2/Col4a1/Nup133/Prdm1/Id2/Tfap2a/Edn1/Ptch1/Irx2/Wnt7b/Tsc2/Acta2/Cited1	28	DHX36KO_vs_WT_down
GO:0048659	smooth muscle cell proliferation	18/572	177/14485	0.1016949152542373	2.575263719331516	4.275454785978586	2.2591338126332143e-4	0.015929063649338358	0.014399025738848369	Ptgs2/Thbs1/Tgm2/Camk2d/Flt1/Pak1/Fgfr2/Cnn1/Tpm1/Mdm2/Igfbp3/Egfr/Id2/Edn1/Skp2/Gstp2/Efemp2/Tcf7l2	18	DHX36KO_vs_WT_down
GO:0097529	myeloid leukocyte migration	18/572	177/14485	0.1016949152542373	2.575263719331516	4.275454785978586	2.2591338126332143e-4	0.015929063649338358	0.014399025738848369	Thbs1/Ccl27a/Creb3/Kit/Ppbp/Cxcl10/Spp1/Flt1/Cd81/Mtus1/Perp/Cnn2/Pawr/Edn1/Mmp14/Dusp1/Myo1f/Il17b	18	DHX36KO_vs_WT_down
GO:0014032	neural crest cell development	11/572	78/14485	0.14102564102564102	3.5712524654832345	4.616758147565109	2.3288104750494672e-4	0.015929063649338358	0.014399025738848369	Rdh10/Gbx2/Pax6/Lama5/Sema3e/Sema3c/Radil/Cited2/Tfap2a/Edn1/Efnb1	11	DHX36KO_vs_WT_down
GO:1901880	negative regulation of protein depolymerization	11/572	78/14485	0.14102564102564102	3.5712524654832345	4.616758147565109	2.3288104750494672e-4	0.015929063649338358	0.014399025738848369	Map2/Spta1/Gsn/Stmn2/Wdr47/Tpm1/Dmtn/Lima1/Map6d1/Svil/Mid1ip1	11	DHX36KO_vs_WT_down
GO:0035272	exocrine system development	9/572	54/14485	0.16666666666666666	4.2205710955710956	4.807435180905488	2.3799051565964548e-4	0.016031906554890663	0.014491990251810633	Tfcp2l1/Pax6/Tgm2/Lama5/Wls/Sema3c/Met/Fgfr2/Egfr	9	DHX36KO_vs_WT_down
GO:0022612	gland morphogenesis	16/572	148/14485	0.10810810810810811	2.7376677376677376	4.308244406831606	2.4831480670586164e-4	0.01623221303519365	0.014673056648997172	Gli2/Pax6/Tgm2/Lama5/Cdkn2a/Wnt4/Sema3c/Met/Fgfr2/Perp/Gli1/Egfr/Ntn1/Ptch1/Ddr1/Lims2	16	DHX36KO_vs_WT_down
GO:0032956	regulation of actin cytoskeleton organization	27/572	327/14485	0.08256880733944955	2.0909251299159557	4.045756571852607	2.490690515819216e-4	0.01623221303519365	0.014673056648997172	Spta1/Gsn/Dstn/Hck/Ccl27a/Wnt4/Met/Tacstd2/Cdc42ep5/Cyfip1/Pak1/Rnh1/Tpm1/Naa80/Myo1c/Cfl2/Edn1/Synpo2l/Sorbs3/Dmtn/Myh9/Sh3bp1/Lima1/Prkn/Myo1f/Svil/Flna	27	DHX36KO_vs_WT_down
GO:0048762	mesenchymal cell differentiation	22/572	243/14485	0.09053497942386832	2.292655903767015	4.120334360819479	2.588936350079633e-4	0.01623221303519365	0.014673056648997172	Rdh10/Wnt10a/Gbx2/Gata3/Pax6/Spred1/Lama5/Wwtr1/Wnt4/Sema3e/Sema3c/Radil/Fgfr2/Cited2/Pawr/Col1a1/Tfap2a/Edn1/Tsc2/Tcf7l2/Flna/Efnb1	22	DHX36KO_vs_WT_down
GO:0014033	neural crest cell differentiation	12/572	92/14485	0.13043478260869565	3.3030556400121616	4.493187698368513	2.5994659035745877e-4	0.01623221303519365	0.014673056648997172	Rdh10/Wnt10a/Gbx2/Pax6/Lama5/Sema3e/Sema3c/Radil/Cited2/Tfap2a/Edn1/Efnb1	12	DHX36KO_vs_WT_down
GO:0001822	kidney development	27/572	328/14485	0.08231707317073171	2.084550358178407	4.028402973312663	2.615776758070125e-4	0.01623221303519365	0.014673056648997172	Rdh10/Wnt6/Gli2/Gata3/Lrp2/Cat/Lama5/Wwtr1/Mme/Schip1/Tek/Wnt4/Spp1/Tacstd2/Gpr4/Fgfr2/Nup133/Prdm1/Id2/Tfap2a/Edn1/Ptch1/Irx2/Wnt7b/Tsc2/Acta2/Cited1	27	DHX36KO_vs_WT_down
GO:0043244	regulation of protein-containing complex disassembly	15/572	134/14485	0.11194029850746269	2.8347119298611836	4.326244714906969	2.628698467237838e-4	0.01623221303519365	0.014673056648997172	Map2/Spta1/Gsn/Dstn/Stmn2/Nes/Wdr47/Tpm1/Cfl2/Dmtn/Sh3bp1/Lima1/Map6d1/Svil/Mid1ip1	15	DHX36KO_vs_WT_down
GO:1902905	positive regulation of supramolecular fiber organization	17/572	164/14485	0.10365853658536585	2.6249893399283644	4.243435915880936	2.666846227830667e-4	0.01624218949169198	0.01468207483468996	Gsn/Dstn/Stmn2/Wnt4/Clip1/Met/Cdc42ep5/Cyfip1/Pak1/Tpm1/Myo1c/Cfl2/Edn1/Synpo2l/Sorbs3/Lima1/Flna	17	DHX36KO_vs_WT_down
GO:0051014	actin filament severing	5/572	16/14485	0.3125	7.913570804195804	5.610157164458724	2.868242685228775e-4	0.017232712133144777	0.015577454583504218	Gsn/Dstn/Cfl2/Myh9/Svil	5	DHX36KO_vs_WT_down
GO:0001525	angiogenesis	36/572	493/14485	0.07302231237322515	1.8491751656051858	3.8896697188428386	2.9125224853377747e-4	0.01726543329308233	0.01560703277055386	Casp8/Gbx2/Ptgs2/Vash2/Spred1/Thbs1/Tgm2/F3/Ccn1/Ddah1/Tek/Hspg2/Sema3e/Cxcl10/Anxa3/Flt1/Gpr4/Bcam/E2f8/Parva/Fgfr2/Rnh1/Col4a1/Col4a2/Gab1/Anxa2/Amotl2/Meis1/Edn1/Mmp14/Myh9/Card10/Wnt7b/Hdac7/Cyp1b1/Flna	36	DHX36KO_vs_WT_down
GO:0051495	positive regulation of cytoskeleton organization	18/572	181/14485	0.09944751381215469	2.518351813931924	4.167876380167417	2.979609484231204e-4	0.017430715482752546	0.015756439073122908	Gsn/Dstn/Stmn2/Nes/Wnt4/Clip1/Met/Cdc42ep5/Cyfip1/Pak1/Tpm1/Myo1c/Cfl2/Edn1/Synpo2l/Sorbs3/Lima1/Flna	18	DHX36KO_vs_WT_down
GO:0030042	actin filament depolymerization	9/572	56/14485	0.16071428571428573	4.0698364135864145	4.666841057127146	3.16093236488923e-4	0.018251305577009762	0.016498208843673385	Spta1/Gsn/Dstn/Tpm1/Cfl2/Dmtn/Sh3bp1/Lima1/Svil	9	DHX36KO_vs_WT_down
GO:0030216	keratinocyte differentiation	13/572	108/14485	0.12037037037037036	3.0481902356902357	4.331914863208035	3.2732623156746655e-4	0.018657595199345595	0.01686547303811859	Ptgs2/Irf6/Pax6/Cdkn2a/Errfi1/Krt14/Krt17/Dsp/Tfap2a/Flnb/Tgm1/Krt7/Ppl	13	DHX36KO_vs_WT_down
GO:0051017	actin filament bundle assembly	17/572	169/14485	0.10059171597633136	2.547326933421608	4.102479999674558	3.8032627836238116e-4	0.021404185235432235	0.019348244247669174	Myl9/Wnt4/Met/Cald1/Tacstd2/Pak1/Tpm1/Pawr/Actn1/Synpo2l/Sorbs3/Dmtn/Myh9/Lima1/Prkn/Pdlim1/Flna	17	DHX36KO_vs_WT_down
GO:0014706	striated muscle tissue development	31/572	409/14485	0.07579462102689487	1.9193795202352661	3.82427161622097	4.046217699785793e-4	0.022486854866559547	0.020326919970765998	Fhl2/Casp8/Casq1/Lrp2/Actc1/Lmna/Camk2d/Hspg2/Sema3c/Met/Pak1/Sox6/Fgfr2/Acta1/Usp2/Tpm1/Cited2/Gli1/Myl6/Myl6b/Meis1/Id2/Cfl2/Dsp/Edn1/Flnb/Tnnc1/Hdac7/Nkx2-5/Svil/Tcf7l2	31	DHX36KO_vs_WT_down
GO:0007163	establishment or maintenance of cell polarity	20/572	218/14485	0.09174311926605505	2.323250144351062	3.991496438742889	4.0988814599538095e-4	0.02249830490241313	0.02033727019376692	Dst/Map2/Gata3/Gsn/Pax6/Fermt1/Pard6b/Lmna/Tek/Pak1/Parva/Ooep/Amotl2/Flot2/Myh9/Sh3bp1/Wnt7b/Tsc2/Pard6g/Pdlim1	20	DHX36KO_vs_WT_down
GO:0038063	collagen-activated tyrosine kinase receptor signaling pathway	4/572	10/14485	0.4	10.12937062937063	5.855492545176647	4.177756619545057e-4	0.02265159259816747	0.020475834112224683	Col4a1/Col4a2/Col1a1/Ddr1	4	DHX36KO_vs_WT_down
GO:0006937	regulation of muscle contraction	15/572	140/14485	0.10714285714285714	2.7132242757242753	4.130093094585294	4.231951138939526e-4	0.02266898164304233	0.020491552883286128	Ptgs2/Atp1b1/Casq1/Sri/Kit/Flt1/Pawr/Smtn/Anxa6/Rangrf/Dsp/Edn1/Tnnc1/Nkx2-5/Gsto1	15	DHX36KO_vs_WT_down
GO:0097284	hepatocyte apoptotic process	6/572	26/14485	0.23076923076923078	5.843867670790749	5.01235353300376	4.325216535741919e-4	0.022892753235605443	0.02069383049306096	Casp8/Gsn/Bcl2l1/Stk3/Krt8/Krt18	6	DHX36KO_vs_WT_down
GO:0007435	salivary gland morphogenesis	7/572	36/14485	0.19444444444444445	4.923999611499611	4.77961802699518	4.438979181342287e-4	0.022948490046799774	0.02074421360387375	Pax6/Tgm2/Lama5/Sema3c/Met/Fgfr2/Egfr	7	DHX36KO_vs_WT_down
GO:0021884	forebrain neuron development	7/572	36/14485	0.19444444444444445	4.923999611499611	4.77961802699518	4.438979181342287e-4	0.022948490046799774	0.02074421360387375	Gbx2/Sema3e/Fgfr2/Sox1/Foxg1/Tfap2a/Sall3	7	DHX36KO_vs_WT_down
GO:0010810	regulation of cell-substrate adhesion	20/572	220/14485	0.09090909090909091	2.302129688493325	3.946040817348348	4.6119337504150234e-4	0.02356857178660367	0.021304734493750224	Thbs1/Fermt1/Ccn1/Cdkn2a/Tek/Wnt4/Cdk6/Sema3e/Spp1/Tacstd2/Col1a1/Vcl/Mmp14/Dmtn/Myh9/Ddr1/Lims2/Efemp2/Flna/Egfl6	20	DHX36KO_vs_WT_down
GO:0061572	actin filament bundle organization	17/572	172/14485	0.09883720930232558	2.5028968124898356	4.020313600149111	4.669000339285574e-4	0.023589063077799618	0.021323257530373594	Myl9/Wnt4/Met/Cald1/Tacstd2/Pak1/Tpm1/Pawr/Actn1/Synpo2l/Sorbs3/Dmtn/Myh9/Lima1/Prkn/Pdlim1/Flna	17	DHX36KO_vs_WT_down
GO:0001649	osteoblast differentiation	19/572	205/14485	0.09268292682926829	2.3470492921712434	3.938475921940067	4.996949898281955e-4	0.024962291289619746	0.02256458274587878	Fhl2/Satb2/Gli2/Wwtr1/Lmna/Ccn1/Wnt4/Cdk6/Spp1/Ifitm1/Gli1/Igfbp3/Col1a1/Id2/Pdlim7/Ptch1/Wnt7b/Hdac7/Cited1	19	DHX36KO_vs_WT_down
GO:0050680	negative regulation of epithelial cell proliferation	15/572	143/14485	0.1048951048951049	2.656303486723067	4.035849434705024	5.30781036299481e-4	0.026220583193194362	0.023702011656039985	Irf6/Gata3/Pax6/Thbs1/B2m/Cdkn2a/Cdk6/Flt1/Fgfr2/Marveld3/Ptch1/Stk3/Eppk1/Tsc2/Lims2	15	DHX36KO_vs_WT_down
GO:0003015	heart process	19/572	207/14485	0.09178743961352658	2.3243724874159657	3.8912892469306835	5.634402782554142e-4	0.027328010690647837	0.024703067172595933	Atp1b1/Gsn/Ext2/Actc1/Wwtr1/Camk2d/Sri/Met/Tpm1/Mdm2/Smtn/Ramp3/Rangrf/Dsp/Edn1/Tnnc1/Nkx2-5/Gsto1/Flna	19	DHX36KO_vs_WT_down
GO:0061326	renal tubule development	12/572	100/14485	0.12	3.038811188811189	4.14814524996432	5.654918991317141e-4	0.027328010690647837	0.024703067172595933	Wnt6/Gata3/Lama5/Wwtr1/Wnt4/Tacstd2/Col4a1/Ptch1/Irx2/Wnt7b/Tsc2/Cited1	12	DHX36KO_vs_WT_down
GO:0006749	glutathione metabolic process	9/572	61/14485	0.14754098360655737	3.7362432649317894	4.342188233382933	6.074165659634814e-4	0.029038430669609015	0.026249195799078348	Gss/Gstm3/Gstm2/Gstm1/Cth/Ethe1/Gsta4/Gstp2/Gsto1	9	DHX36KO_vs_WT_down
GO:0008360	regulation of cell shape	14/572	130/14485	0.1076923076923077	2.7271382463690155	4.0107820174822395	6.187819672917995e-4	0.0292670704955249	0.026455874032699785	Spta1/Hck/Sema3e/Kit/Shroom3/Cdc42ep5/Cyfip1/Parva/Prag1/Palm3/Tpm1/Dmtn/Myh9/Epb41l3	14	DHX36KO_vs_WT_down
GO:0030049	muscle filament sliding	4/572	11/14485	0.36363636363636365	9.2085187539733	5.522029635777542	6.3606690660333e-4	0.02976793122903584	0.026908625478243922	Tpm1/Myl6/Myl6b/Tnnc1	4	DHX36KO_vs_WT_down
GO:0014812	muscle cell migration	14/572	131/14485	0.10687022900763359	2.7063203971600918	3.9777880534082932	6.683373488373346e-4	0.030787964213429588	0.027830681006433735	S100a11/F3/Camk2d/Met/Pak1/Parva/Gab1/Tpm1/Mdm2/Igfbp3/Myh9/Ddr1/Cyp1b1/Gstp2	14	DHX36KO_vs_WT_down
GO:0043242	negative regulation of protein-containing complex disassembly	11/572	88/14485	0.125	3.1654283216783217	4.131245714115645	6.717122196812123e-4	0.030787964213429588	0.027830681006433735	Map2/Spta1/Gsn/Stmn2/Wdr47/Tpm1/Dmtn/Lima1/Map6d1/Svil/Mid1ip1	11	DHX36KO_vs_WT_down
GO:1902904	negative regulation of supramolecular fiber organization	16/572	162/14485	0.09876543209876543	2.501079167745834	3.895614637466052	6.842825405552263e-4	0.031044083421515673	0.028062199138988764	Map2/Spta1/Gsn/Stmn2/Wdr47/Hspg2/Met/Tacstd2/Ldlr/Tpm1/Dmtn/Lima1/Map6d1/Prkn/Svil/Mid1ip1	16	DHX36KO_vs_WT_down
GO:0001890	placenta development	17/572	178/14485	0.09550561797752809	2.4185295042036614	3.861054800421211	6.919644271131997e-4	0.031075493363083694	0.028090592054419956	Ptgs2/Vash2/Mme/Ccn1/Met/E2f8/Fgfr2/Gab1/Cited2/Prdm1/Egfr/Krt19/Tex19.1/Stk3/Wnt7b/Krt8/Cited1	17	DHX36KO_vs_WT_down
GO:0060411	cardiac septum morphogenesis	10/572	75/14485	0.13333333333333333	3.3764568764568765	4.1836992682646645	7.00081648712064e-4	0.031125630101738366	0.028135912997712214	Lrp2/Ccn1/Sema3c/Parva/Fgfr2/Cited2/Mdm2/Slit3/Id2/Nkx2-5	10	DHX36KO_vs_WT_down
GO:0001503	ossification	29/572	386/14485	0.07512953367875648	1.9025372296097685	3.644152160703397	7.091001255986573e-4	0.03121444711298644	0.028216198848730313	Fhl2/Satb2/Gli2/Ptgs2/Ext2/Wwtr1/Dhx36/Lmna/Ccn1/Wnt4/Hspg2/Cdk6/Bmp2k/Spp1/Fgfr2/Ifitm1/Gli1/Igfbp3/Col1a1/Id2/Tfap2a/Pdlim7/Ptch1/Mmp14/Wnt7b/Hdac7/Col2a1/Tcf7l2/Cited1	29	DHX36KO_vs_WT_down
GO:0033002	muscle cell proliferation	21/572	245/14485	0.08571428571428572	2.1705794205794207	3.746802593295549	7.306717309624911e-4	0.03184869133195328	0.028789521865993713	Ptgs2/Thbs1/Tgm2/Camk2d/Flt1/Pak1/Fgfr2/Cnn1/Tpm1/Cited2/Mdm2/Gli1/Igfbp3/Egfr/Id2/Edn1/Skp2/Nkx2-5/Gstp2/Efemp2/Tcf7l2	21	DHX36KO_vs_WT_down
GO:0009880	embryonic pattern specification	10/572	76/14485	0.13157894736842105	3.3320298122929697	4.132909100076573	7.782589075761672e-4	0.03356695905761046	0.03034274443780495	Satb2/Lama5/Fgfr2/Ooep/Cobl/Meis1/Tfap2a/Ptch1/Efnb1/Cited1	10	DHX36KO_vs_WT_down
GO:0003205	cardiac chamber development	17/572	180/14485	0.09444444444444444	2.391656954156954	3.8093984040669255	7.85192024739426e-4	0.03356695905761046	0.03034274443780495	Fhl2/Gata3/Lrp2/Ccn1/Tek/Sema3c/Parva/Fgfr2/Tpm1/Cited2/Prdm1/Mdm2/Slit3/Id2/Dsp/Tnnc1/Nkx2-5	17	DHX36KO_vs_WT_down
GO:0060603	mammary gland duct morphogenesis	7/572	40/14485	0.175	4.43159965034965	4.406560299338712	8.648330348201388e-4	0.03643514868162909	0.03293543520289316	Gli2/Wnt4/Fgfr2/Perp/Ntn1/Ptch1/Ddr1	7	DHX36KO_vs_WT_down
GO:2000242	negative regulation of reproductive process	9/572	64/14485	0.140625	3.561106861888112	4.163435857151896	8.686742600658306e-4	0.03643514868162909	0.03293543520289316	Mael/Bcl2l1/Hormad1/Wnt4/Kit/Arhgdib/Myh9/Dusp1/Tex11	9	DHX36KO_vs_WT_down
GO:0045216	cell-cell junction organization	17/572	182/14485	0.09340659340659341	2.365375009605779	3.7584255715528077	8.889512020844057e-4	0.03693716863988101	0.03338923452590518	Nfasc/Cgn/Whrn/Cldn4/Marveld3/Cdh15/Perp/Myo1c/Dsp/Ocln/Vcl/Hdac7/Cldn6/Epb41l3/Mpp7/Lims2/Flna	17	DHX36KO_vs_WT_down
GO:0006941	striated muscle contraction	15/572	151/14485	0.09933774834437085	2.5155721761682024	3.795887014855381	9.380077193652344e-4	0.03821405731344118	0.034543473926348565	Atp1b1/Casq1/Gsn/Actc1/Camk2d/Sri/Met/Tpm1/Smtn/Rangrf/Dsp/Tnnc1/Nkx2-5/Gsto1/Flna	15	DHX36KO_vs_WT_down
GO:0007160	cell-matrix adhesion	19/572	216/14485	0.08796296296296297	2.2275236337736337	3.685461247266749	9.449164471996846e-4	0.03821405731344118	0.034543473926348565	Thbs1/Fermt1/Cdkn2a/Tek/Wnt4/Cdk6/Sema3e/Bcam/Mia/Anxa2/Actn1/Vcl/Mmp14/Dmtn/Myh9/Msln/Ddr1/Efemp2/Vwa2	19	DHX36KO_vs_WT_down
GO:0043410	positive regulation of MAPK cascade	30/572	412/14485	0.07281553398058252	1.8439388281621292	3.52369339651418	9.567674435871137e-4	0.03821405731344118	0.034543473926348565	Gsn/Thbs1/Rnf13/Pdgfc/Camk2d/Tek/Wnt4/Pla2g5/Nmnat1/Rell1/Kit/Flt1/Met/Fgfr2/Cd81/Gab1/Ryk/Ramp3/Igfbp3/Egfr/Timp2/Edn1/Sorbs3/Fgf17/Stk3/Myh9/Arhgap8/Wnt7b/Sh3rf2/Acta2	30	DHX36KO_vs_WT_down
GO:0003231	cardiac ventricle development	14/572	136/14485	0.10294117647058823	2.6068233237350884	3.8173206650694125	9.695289508166644e-4	0.03821405731344118	0.034543473926348565	Gata3/Lrp2/Ccn1/Sema3c/Fgfr2/Tpm1/Cited2/Prdm1/Mdm2/Slit3/Id2/Dsp/Tnnc1/Nkx2-5	14	DHX36KO_vs_WT_down
GO:0043491	phosphatidylinositol 3-kinase/protein kinase B signal transduction	24/572	303/14485	0.07920792079207921	2.0058159662120056	3.58759143836227	9.712524688301514e-4	0.03821405731344118	0.034543473926348565	Aim2/Gata3/Lrp2/Prr5l/Cat/Thbs1/Blvra/Pdgfc/Cdkn2a/Tek/Errfi1/Sema3e/Flt1/Irs2/Rasd2/Ryk/Ramp3/Egfr/Edn1/Stk3/Tsc2/Ddr1/Tcf7l2/Pnma5	24	DHX36KO_vs_WT_down
GO:0048562	embryonic organ morphogenesis	24/572	303/14485	0.07920792079207921	2.0058159662120056	3.58759143836227	9.712524688301514e-4	0.03821405731344118	0.034543473926348565	Rdh10/Satb2/Gbx2/Gli2/Gata3/Neurod1/Pax6/Whrn/Hspg2/Tead1/Fgfr2/Cited2/Lrig3/Gli1/Ntn1/Id2/Foxg1/Tfap2a/Edn1/Mmp14/Col2a1/Nkx2-5/Clic5/Tcf7l2	24	DHX36KO_vs_WT_down
GO:0045879	negative regulation of smoothened signaling pathway	7/572	41/14485	0.17073170731707318	4.323511853999659	4.320930694439231	0.0010079351497447177	0.03930947084004399	0.03553366945268081	Gli2/Ptch2/Kctd21/Ptch1/Kctd6/Wnt7b/Sall3	7	DHX36KO_vs_WT_down
GO:0007409	axonogenesis	32/572	452/14485	0.07079646017699115	1.7928089609505538	3.4721172699551777	0.0010479948362723352	0.040510545017352	0.03661937658362334	Dst/Klf7/Map2/Gbx2/Gli2/Nfasc/Lamc2/Gata3/Lrp2/Pax6/Flrt3/Lama5/Wdr47/Nexn/Sema3e/Sema3c/Cyfip1/Pak1/Fgfr2/Ryk/Cobl/Slit3/Ntn1/Foxg1/Edn1/Ptch1/Vcl/Nefl/Wnt7b/Tsc2/Mbp/Efnb1	32	DHX36KO_vs_WT_down
GO:0003281	ventricular septum development	10/572	79/14485	0.12658227848101267	3.205497034610959	3.9854760027946354	0.0010569552906011766	0.040510545017352	0.03661937658362334	Gata3/Lrp2/Ccn1/Fgfr2/Cited2/Prdm1/Mdm2/Slit3/Id2/Nkx2-5	10	DHX36KO_vs_WT_down
GO:0030903	notochord development	5/572	21/14485	0.23809523809523808	6.0293872793872785	4.676408053028016	0.0011343264579035351	0.04296521796366375	0.03883827028085996	Gli2/Tead1/Gli1/Cobl/Col2a1	5	DHX36KO_vs_WT_down
GO:0001952	regulation of cell-matrix adhesion	13/572	123/14485	0.10569105691056911	2.6764597191426462	3.7859083596715	0.0011403274223374545	0.04296521796366375	0.03883827028085996	Thbs1/Fermt1/Cdkn2a/Tek/Wnt4/Cdk6/Sema3e/Vcl/Mmp14/Dmtn/Myh9/Ddr1/Efemp2	13	DHX36KO_vs_WT_down
GO:0072080	nephron tubule development	11/572	94/14485	0.11702127659574468	2.9633797054009823	3.8721717990827162	0.0011715074819860622	0.04376909466310952	0.03956493203204588	Wnt6/Gata3/Lama5/Wwtr1/Wnt4/Tacstd2/Ptch1/Irx2/Wnt7b/Tsc2/Cited1	11	DHX36KO_vs_WT_down
GO:0048863	stem cell differentiation	22/572	273/14485	0.08058608058608059	2.0407156945618485	3.5197977393812643	0.0012467426223445887	0.04607172611452971	0.04164638831007752	Rdh10/Wnt10a/Gbx2/Pax6/Lama5/Dhx36/Cdk6/Sema3e/Sema3c/Kit/Radil/Tacstd2/Sox6/Fgfr2/Cited2/Psmd11/Krt14/Tfap2a/Edn1/Wnt7b/Nkx2-5/Efnb1	22	DHX36KO_vs_WT_down
GO:0007389	pattern specification process	31/572	438/14485	0.07077625570776255	1.7922973145575885	3.4140142369877404	0.001253863891106184	0.04607172611452971	0.04164638831007752	Satb2/Wnt6/Gbx2/Gli2/Lrp2/Neurod1/Pax6/Lama5/Wls/Sema3c/Shroom3/Fgfr2/Ifitm1/Sox1/Ooep/Cited2/Gli1/Cobl/Meis1/Foxg1/Tfap2a/Edn1/Barx1/Ptch1/Irx2/Wnt7b/Hoxc13/Ets2/Nkx2-5/Efnb1/Cited1	31	DHX36KO_vs_WT_down
GO:0035270	endocrine system development	13/572	125/14485	0.104	2.6336363636363633	3.719332956950356	0.001323606795467937	0.04739299316905253	0.04284074340493941	Gli2/Gata3/Neurod1/Pax6/Wnt4/Cdk6/Sidt2/Cited2/Gli1/Edn1/Nkx2-5/Tcf7l2/Nr0b1	13	DHX36KO_vs_WT_down
GO:0048661	positive regulation of smooth muscle cell proliferation	12/572	110/14485	0.10909090909090909	2.7625556261919897	3.762418732256294	0.0013259508053534244	0.04739299316905253	0.04284074340493941	Ptgs2/Thbs1/Tgm2/Camk2d/Flt1/Pak1/Fgfr2/Mdm2/Egfr/Id2/Edn1/Skp2	12	DHX36KO_vs_WT_down
GO:0001755	neural crest cell migration	8/572	55/14485	0.14545454545454545	3.6834075015893197	4.0426550781218324	0.001332461571329637	0.04739299316905253	0.04284074340493941	Gbx2/Pax6/Lama5/Sema3e/Sema3c/Radil/Edn1/Efnb1	8	DHX36KO_vs_WT_down
GO:0043616	keratinocyte proliferation	8/572	55/14485	0.14545454545454545	3.6834075015893197	4.0426550781218324	0.001332461571329637	0.04739299316905253	0.04284074340493941	Irf6/Fermt1/Cdkn2a/Klk8/Fgfr2/Ptch1/Tgm1/Eppk1	8	DHX36KO_vs_WT_down
GO:0010761	fibroblast migration	9/572	68/14485	0.1323529411764706	3.3516299876593996	3.9411038296512886	0.0013519861493011278	0.04770579698248265	0.043123501403773655	Prr5l/Thbs1/Schip1/Pak1/Tfap2a/Dmtn/Tsc2/Acta2/Pdlim1	9	DHX36KO_vs_WT_down
GO:0002064	epithelial cell development	19/572	223/14485	0.08520179372197309	2.1576013672426226	3.532263766686544	0.0013780996188850288	0.04824433783907746	0.04361031367511844	Tfcp2l1/Pax6/Cgn/Cdk6/Shroom3/Met/Slc4a5/Gpr4/Fgfr2/Sidt2/Amotl2/Prdm1/Frmd6/Tfap2a/Edn1/Flnb/Vcl/Acta2/Flna	19	DHX36KO_vs_WT_down
GO:1990000	amyloid fibril formation	6/572	32/14485	0.1875	4.7481424825174825	4.30371951657424	0.001392245496532658	0.04835877716862654	0.04371376073817178	Gsn/B2m/Cdkn2a/Hspg2/Ldlr/Mdm2	6	DHX36KO_vs_WT_down
GO:0021879	forebrain neuron differentiation	10/572	82/14485	0.12195121951219512	3.088222752856899	3.844936300488325	0.0014124197961563967	0.04867921250939023	0.04400341723153915	Gbx2/Pax6/B2m/Wnt4/Sema3e/Fgfr2/Sox1/Foxg1/Tfap2a/Sall3	10	DHX36KO_vs_WT_down
GO:0009612	response to mechanical stimulus	17/572	190/14485	0.08947368421052632	2.26578027235922	3.561024185464685	0.0014290098234716908	0.04887213596273183	0.04417780976530296	Capn2/Gsn/Ano3/Thbs1/Whrn/Tek/Slc2a1/Kit/Pkd1l2/Piezo1/Cited2/Cnn2/Pawr/Col1a1/Edn1/Ptch1/Mmp14	17	DHX36KO_vs_WT_down
GO:0038063	collagen-activated tyrosine kinase receptor signaling pathway	3/49	10/14485	0.3	88.68367346938776	16.159514600366865	4.293409019413028e-6	0.006298431031478912	0.0048086181017425915	Tspan9/Col4a1/Col4a2	3	FANCJKO_vs_WT_up
GO:0038065	collagen-activated signaling pathway	3/49	15/14485	0.2	59.12244897959184	13.121217372851179	1.6086371409011302e-5	0.01179935342850979	0.009008367989046329	Tspan9/Col4a1/Col4a2	3	FANCJKO_vs_WT_up
GO:0016049	cell growth	9/49	484/14485	0.01859504132231405	5.496921909259572	5.862425819072911	3.0102747690429008e-5	0.013733494237747031	0.010485012642315389	Sox17/Serpine2/Cxcl12/Cryab/Egfr/Igfbp4/Dab2/Ccn4/Pou4f3	9	FANCJKO_vs_WT_up
GO:2001044	regulation of integrin-mediated signaling pathway	3/49	21/14485	0.14285714285714285	42.23032069970845	11.01541884129207	4.635459111660325e-5	0.013733494237747031	0.010485012642315389	Serpine1/Dab2/Lama1	3	FANCJKO_vs_WT_up
GO:0001558	regulation of cell growth	8/49	395/14485	0.020253164556962026	5.987083440971325	5.854752588688846	4.8247884051754396e-5	0.013733494237747031	0.010485012642315389	Sox17/Serpine2/Cxcl12/Cryab/Egfr/Igfbp4/Dab2/Ccn4	8	FANCJKO_vs_WT_up
GO:0010955	negative regulation of protein processing	3/49	24/14485	0.125	36.951530612244895	10.269344049797665	7.00406736653783e-5	0.013733494237747031	0.010485012642315389	Serpine2/Serpine1/Mdm2	3	FANCJKO_vs_WT_up
GO:1903318	negative regulation of protein maturation	3/49	24/14485	0.125	36.951530612244895	10.269344049797665	7.00406736653783e-5	0.013733494237747031	0.010485012642315389	Serpine2/Serpine1/Mdm2	3	FANCJKO_vs_WT_up
GO:0045931	positive regulation of mitotic cell cycle	5/49	130/14485	0.038461538461538464	11.369701726844584	6.919189159718811	7.489294744510992e-5	0.013733494237747031	0.010485012642315389	Pbx1/Meis2/Mdm2/Egfr/Foxa1	5	FANCJKO_vs_WT_up
GO:0035902	response to immobilization stress	3/49	26/14485	0.11538461538461539	34.10910518053375	9.84427755670053	8.954599529305266e-5	0.014595997232767582	0.011143501636468775	Atp1a3/Mdm2/Fos	3	FANCJKO_vs_WT_up
GO:0009266	response to temperature stimulus	5/49	155/14485	0.03225806451612903	9.535878867676102	6.224577215181816	1.7156323435124683e-4	0.02516832647932791	0.019215082247339647	Vgf/Cxcl12/Atp1a3/Cryab/Pmp22	5	FANCJKO_vs_WT_up
GO:0048754	branching morphogenesis of an epithelial tube	5/49	175/14485	0.02857142857142857	8.44606413994169	5.773575398476457	3.0147926334893446e-4	0.03213070319681805	0.024530598214339613	Pbx1/Cxcl12/Col4a1/Foxa1/Lama1	5	FANCJKO_vs_WT_up
GO:0001654	eye development	7/49	395/14485	0.017721518987341773	5.238698010849909	4.976160604776306	3.3995587392322737e-4	0.03213070319681805	0.024530598214339613	Pbx1/Meis2/Col4a1/Cryab/Egfr/Fos/Lama1	7	FANCJKO_vs_WT_up
GO:0009416	response to light stimulus	6/49	280/14485	0.02142857142857143	6.334548104956268	5.251397509007684	3.4405871597688927e-4	0.03213070319681805	0.024530598214339613	Meis2/Atp1a3/Mdm2/Egfr/Fos/Polk	6	FANCJKO_vs_WT_up
GO:0009314	response to radiation	7/49	396/14485	0.017676767676767676	5.225468975468975	4.967081513371772	3.451894708135814e-4	0.03213070319681805	0.024530598214339613	Meis2/Atp1a3/Cryab/Mdm2/Egfr/Fos/Polk	7	FANCJKO_vs_WT_up
GO:0150063	visual system development	7/49	396/14485	0.017676767676767676	5.225468975468975	4.967081513371772	3.451894708135814e-4	0.03213070319681805	0.024530598214339613	Pbx1/Meis2/Col4a1/Cryab/Egfr/Fos/Lama1	7	FANCJKO_vs_WT_up
GO:0071711	basement membrane organization	3/49	41/14485	0.07317073170731707	21.63016426082628	7.7067227553484265	3.5427605899178226e-4	0.03213070319681805	0.024530598214339613	Col4a1/Pmp22/Lama1	3	FANCJKO_vs_WT_up
GO:0048880	sensory system development	7/49	401/14485	0.017456359102244388	5.160313501959386	4.922141537321101	3.7233943718194057e-4	0.03213070319681805	0.024530598214339613	Pbx1/Meis2/Col4a1/Cryab/Egfr/Fos/Lama1	7	FANCJKO_vs_WT_up
GO:0035987	endodermal cell differentiation	3/49	44/14485	0.06818181818181818	20.15538033395176	7.413739894278468	4.3702789043992236e-4	0.035617773070853675	0.027192846516261835	Sox17/Col4a2/Dab2	3	FANCJKO_vs_WT_up
GO:0061299	retina vasculature morphogenesis in camera-type eye	2/49	10/14485	0.2	59.12244897959184	10.711578629546102	4.958197793161529e-4	0.0376117583218004	0.028715180177516324	Col4a1/Lama1	2	FANCJKO_vs_WT_up
GO:0048661	positive regulation of smooth muscle cell proliferation	4/49	110/14485	0.03636363636363636	10.749536178107608	5.97991805135723	5.127710745985058e-4	0.0376117583218004	0.028715180177516324	Ptgs2/Mdm2/Egfr/Ccn4	4	FANCJKO_vs_WT_up
GO:0071364	cellular response to epidermal growth factor stimulus	3/49	48/14485	0.0625	18.475765306122447	7.0654073451795	5.653417806431269e-4	0.03949316153349844	0.0301515616343001	Egfr/Fos/Dab2	3	FANCJKO_vs_WT_up
GO:0061138	morphogenesis of a branching epithelium	5/49	210/14485	0.023809523809523808	7.038386783284742	5.135247480843254	6.933617195147774e-4	0.046234620114917205	0.03529841481166139	Pbx1/Cxcl12/Col4a1/Foxa1/Lama1	5	FANCJKO_vs_WT_up
GO:0070849	response to epidermal growth factor	3/49	53/14485	0.05660377358490566	16.732768579129765	6.684958115748654	7.566767310143878e-4	0.04826281584339595	0.036846866901570186	Egfr/Fos/Dab2	3	FANCJKO_vs_WT_up
GO:0001706	endoderm formation	3/49	54/14485	0.05555555555555555	16.422902494331066	6.615057764023492	7.992886966531015e-4	0.04885652158292083	0.03730013917714474	Sox17/Col4a2/Dab2	3	FANCJKO_vs_WT_up
GO:1990830	cellular response to leukemia inhibitory factor	23/1003	124/14485	0.18548387096774194	2.6786977776348375	5.120455310726227	1.2137738432839736e-5	0.040242958395696866	0.039199864670559414	Sox17/Kdm5b/Rif1/Klf4/Foxd3/Laptm5/Spp1/Kdm3a/Fgf4/Vegfc/Stoml1/Lrrc2/Nefh/Pfkp/Jarid2/Kat6b/Gnpnat1/Otx2/Ptp4a3/Ildr1/Mpc1/Rfx2/Efhc2	23	dKO_vs_WT_up
GO:1990823	response to leukemia inhibitory factor	23/1003	126/14485	0.18253968253968253	2.636178765291427	5.031198937146656	1.5931495801938585e-5	0.040242958395696866	0.039199864670559414	Sox17/Kdm5b/Rif1/Klf4/Foxd3/Laptm5/Spp1/Kdm3a/Fgf4/Vegfc/Stoml1/Lrrc2/Nefh/Pfkp/Jarid2/Kat6b/Gnpnat1/Otx2/Ptp4a3/Ildr1/Mpc1/Rfx2/Efhc2	23	dKO_vs_WT_up
GO:0019827	stem cell population maintenance	31/1003	204/14485	0.15196078431372548	2.1945682560162645	4.6866692690021265	2.8289344415494703e-5	0.04763925599569308	0.04640445092717114	Prdm14/Phf19/Rif1/Rtf1/Tcf15/Ncoa3/Klf4/Tut4/Padi4/Prdm16/Suds3/Tbx3/Kdm3a/Tcf7l1/Gata2/Tead4/Cnot3/Crxos/Wdr62/Ascl2/Fgf4/Sfrp1/Ddx6/Nodal/Sap30l/Arid4a/Fgf10/Dppa2/Lbh/Smarca2/Ldb1	31	dKO_vs_WT_up
GO:0001667	ameboidal-type cell migration	59/1098	259/14485	0.2277992277992278	3.0051655871328	9.325293702072168	9.651166185887561e-15	5.0774785303954456e-11	4.109364970727914e-11	Nrp2/Irs1/Gbx2/Dusp10/Tgfb2/Vim/Zeb2/Prr5l/Pax6/Thbs1/Fermt1/Schip1/Pitx2/Glipr2/Cap1/Sema3e/Sema3c/Radil/Smo/Tacstd2/Pak1/Ilk/Irs2/Fgfr1/Mmp2/Marveld3/Itgb1/Amotl1/Amotl2/Hyal2/Sema3b/Tgfbr2/Gja1/Syde1/Pmp22/Pfn1/Itga3/Tfap2a/Edn1/Wnt5a/Ltb4r2/Dmtn/Sema5a/Sdc2/Has2/Eppk1/Plec/Pdgfb/T/Prkce/Mapre2/Hbegf/Mcc/Sema6a/Cfl1/Acta2/Gpc3/Efnb1/Amot	59	dKO_vs_WT_down
GO:0032970	regulation of actin filament-based process	72/1098	370/14485	0.1945945945945946	2.5671245015507314	8.745159160249619	6.226292174731317e-14	1.637826156563073e-10	1.325544834041483e-10	Arpc5/Vangl2/Spta1/Tgfb2/Gsn/Zeb2/Rnd3/Dstn/Hck/S100a10/Rhoc/Ccl27a/Wnt4/Sri/Wdr1/Limch1/Eln/Cav1/Met/Arhgef5/Tacstd2/Myadm/Plekhg2/Pak1/Ilk/Rnh1/Arhgef10/Bst2/Fhod1/Tpm1/Naa80/Abracl/Gja1/Cnn2/Dapk3/Sh3pxd2b/Rangrf/Pfn1/Myo1c/Actg1/Rock2/Cfl2/Dsp/Nedd9/Edn1/Dbn1/Synpo2l/Tnnc1/Sorbs3/Dmtn/Sema5a/Myh9/Cdc42ep1/Sh3bp1/Pdxp/Rnd1/Pkp2/Phldb2/Prkn/Efna5/Arhgap28/Prkce/Dsc2/Bin1/Arap3/Ssh3/Cfl1/Acta2/Fgf13/Flna/Tmsb4x/Arhgap6	72	dKO_vs_WT_down
GO:0001525	angiogenesis	86/1098	493/14485	0.1744421906693712	2.301270611881459	8.418892799748313	1.5001902602600342e-13	2.6308336530760136e-10	2.129217404474329e-10	Sulf1/Casp8/Nrp2/Gbx2/Ptgs2/Vangl2/Tgfb2/Vash2/Creb3l1/Spred1/Thbs1/Tgm2/Ecm1/F3/Pitx2/Ccn1/Ddah1/Shb/Hspg2/Sema3e/Cxcl10/Anxa3/Flt1/Stard13/Cav1/Tspan12/Hoxa3/Hoxa5/Hoxa7/Wnt7a/Hif3a/Bcam/Emc10/Rras/Rasip1/E2f8/Adm/Parva/Pik3c2a/Rnh1/Igf2/Efnb2/Col4a1/Col4a2/Fgfr1/Adgra2/Mmp2/Cdh13/Itgb1/Amotl1/Ets1/Anxa2/Amotl2/Tgfbr2/Unc5b/Elk3/E2f7/Meis1/Actg1/Rock2/Pxdn/Foxc1/Edn1/Plk2/Wnt5a/Lgals3/Mmp14/Loxl2/Spry2/Sema5a/Myh9/Card10/Pdgfb/Wnt7b/Hdac7/Emp2/Runx1/Tnfrsf12a/Cyp1b1/Hbegf/Sema6a/Anxa1/Apln/Flna/Cysltr1/Amot	86	dKO_vs_WT_down
GO:0007015	actin filament organization	76/1098	427/14485	0.17798594847775176	2.348020458743383	8.09752780485353	1.4778858205168149e-12	1.9437893254347406e-9	1.5731705642080304e-9	Arpc5/Tagln2/Spta1/Aif1l/Gsn/Zeb2/Rnd3/Actc1/Dstn/Myl9/S100a10/Rhoc/Cnn3/Tpm2/Cap1/Marcksl1/Wnt4/Wdr1/Limch1/Eln/Met/Cald1/Zyx/Arhgef5/Tacstd2/Myadm/Plekhg2/Pak1/Rnh1/Arhgef10/Fat1/Pdlim3/Tpm4/Fhod1/Bcar1/Rhou/Acta1/Cnn1/Tpm1/Myo5a/Naa80/Marcks/Gja1/Cnn2/Sh3pxd2b/Pfn1/Myo1c/Coro6/Actg1/Rock2/Cfl2/Actn1/Dbn1/Synpo2l/Sorbs3/Dmtn/Sema5a/Plec/Myh9/Cdc42ep1/Sh3bp1/Pdxp/Rnd1/Emp2/Phldb2/Prkn/Arhgap28/Prkce/Bin1/Dpysl3/Ssh3/Cfl1/Flna/Pls3/Tmsb4x/Arhgap6	76	dKO_vs_WT_down
GO:1902903	regulation of supramolecular fiber organization	66/1098	358/14485	0.18435754189944134	2.432075586897457	7.857534171801023	9.20314918921456e-12	9.68355357689156e-9	7.837208099025874e-9	Map2/Arpc5/Spta1/Gsn/Dstn/Stmn2/S100a10/Rhoc/Wnt4/Hspg2/Wdr1/Limch1/Clip1/Eln/Cav1/Met/Arhgef5/Tacstd2/Myadm/Plekhg2/Clip3/Pak1/Rnh1/Arhgef10/Map1s/Fhod1/Ldlr/Cryab/Tpm1/Naa80/Gja1/Apc2/Dapk3/Sh3pxd2b/Pfn1/Myo1c/Actg1/Rock2/Cfl2/Edn1/Dbn1/Map1b/Synpo2l/Sorbs3/Dmtn/Sema5a/Myh9/Cdc42ep1/Sh3bp1/Pdxp/Phldb2/App/Prkn/Hspa1b/Hspa1a/Tubb4a/Arhgap28/Prkce/Bin1/Ssh3/Cfl1/Mid1ip1/Fgf13/Flna/Tmsb4x/Arhgap6	66	dKO_vs_WT_down
GO:0031589	cell-substrate adhesion	64/1098	345/14485	0.1855072463768116	2.447242681027428	7.791660142504689	1.44859670083932e-11	1.2701778738526105e-8	1.027995378051763e-8	Col3a1/Kif14/Thbs1/Fermt1/S100a10/Csf1/Ccn1/Cdkn2a/Wnt4/Cdk6/Sema3e/Limch1/Radil/Zyx/Hoxa7/Tacstd2/Myadm/Bcam/Axl/Rras/Ilk/Parva/Bcar1/Cdh13/Itgb1/Anxa2/Itga9/Utrn/Marcks/Madcam1/Dapk3/Col1a1/Itga3/Actg1/Lamb1/Actn1/Dusp22/Nedd9/Dbn1/Vcl/Mmp14/Ajuba/Sorbs3/Dmtn/Has2/Myh9/Lgals1/Pdgfb/Emp2/Pkp2/Ccdc80/Phldb2/Tnfrsf12a/Msln/Ddr1/Efna5/Prkce/Actn3/Efemp2/Cfl1/Vwa2/Cask/Flna/Arhgap6	64	dKO_vs_WT_down
GO:0051493	regulation of cytoskeleton organization	80/1098	499/14485	0.16032064128256512	2.1149767659179926	7.258938632520725	8.998015140275583e-11	6.645595307690515e-8	5.378491785553704e-8	Map2/Arpc5/Vangl2/Spta1/Tgfb2/Gsn/Rnd3/Dstn/Hck/Stmn2/Schip1/Nes/S100a10/Rhoc/Nexn/Ccl27a/Wnt4/Wdr1/Limch1/Clip1/Eln/Cav1/Met/Arhgef5/Tacstd2/Myadm/Plekhg2/Clip3/Pak1/Ilk/Rnh1/Arhgef10/Map1s/Bst2/Cyld/Fhod1/Tpm1/Naa80/Gja1/Syde1/Apc2/Dapk3/Sh3pxd2b/Pfn1/Myo1c/Trim37/Actg1/Rock2/Cfl2/Nedd9/Edn1/Dbn1/Map1b/Synpo2l/Sorbs3/Dmtn/Sema5a/Myh9/Cdc42ep1/Sh3bp1/Pdxp/Rnd1/Phldb2/Prkn/Hspa1b/Hspa1a/Tubb4a/Efna5/Arhgap28/Prkce/Mapre2/Bin1/Arap3/Ssh3/Cfl1/Mid1ip1/Fgf13/Flna/Tmsb4x/Arhgap6	80	dKO_vs_WT_down
GO:0032956	regulation of actin cytoskeleton organization	60/1098	327/14485	0.1834862385321101	2.420581206864859	7.441196682609592	1.0105448101411161e-10	6.645595307690515e-8	5.378491785553704e-8	Arpc5/Vangl2/Spta1/Tgfb2/Gsn/Rnd3/Dstn/Hck/S100a10/Rhoc/Ccl27a/Wnt4/Wdr1/Limch1/Eln/Met/Arhgef5/Tacstd2/Myadm/Plekhg2/Pak1/Ilk/Rnh1/Arhgef10/Bst2/Fhod1/Tpm1/Naa80/Gja1/Dapk3/Sh3pxd2b/Pfn1/Myo1c/Actg1/Rock2/Cfl2/Nedd9/Edn1/Dbn1/Synpo2l/Sorbs3/Dmtn/Sema5a/Myh9/Cdc42ep1/Sh3bp1/Pdxp/Rnd1/Phldb2/Prkn/Efna5/Arhgap28/Prkce/Bin1/Arap3/Ssh3/Cfl1/Flna/Tmsb4x/Arhgap6	60	dKO_vs_WT_down
GO:0050673	epithelial cell proliferation	71/1098	426/14485	0.16666666666666666	2.1986945962355797	7.191838528539113	1.849157713462624e-10	1.080935414502985e-7	8.748354328603875e-8	Sulf1/Cflar/Twist2/Dusp10/Tgfb2/Vash2/Irf6/Zeb2/Pax6/Thbs1/B2m/Fermt1/Bcl2l1/Ecm1/F3/Cdkn2a/Cdkn2b/Sfn/Hspg2/Errfi1/Cdk6/Flt1/Cav1/Smo/Hoxa5/Tacstd2/Wnt7a/Foxp1/Ccnd2/Emc10/Igf2/Ccnd1/Efnb2/Irs2/Fgfr1/Marveld3/Cdh13/Cyba/Sidt2/Cd109/Tnfaip3/Prdm1/Gja1/Gli1/Igfbp3/Egfr/Nog/Erbb2/Nr1d1/Igfbp4/Id2/Sox11/Serpinb1b/Bmp6/Adk/Wnt5a/Mmp14/Tgm1/Loxl2/Sema5a/Has2/Myc/Eppk1/Pdgfb/Nkx2-5/Mcc/Lipa/Tcf7l2/Cask/Apln/Gpc3	71	dKO_vs_WT_down
GO:0060537	muscle tissue development	71/1098	433/14485	0.16397228637413394	2.1631498798992075	7.037434313522036	3.8940152669499196e-10	2.0128336241400777e-7	1.6290503125574714e-7	Fhl2/Col3a1/Cflar/Casp8/Speg/Gpc1/Csrp1/Casq1/Tgfb2/Actc1/Bmp2/Jph2/Schip1/Lmna/Bcl9/Camk2d/Pitx2/Selenon/Hspg2/Sema3c/Eln/Cav1/Met/Smo/Foxp1/Ccnd2/Ppp1r13l/Pak1/Igf2/Efnb2/Fgfr1/Sorbs2/Acta1/Itgb1/Usp2/Tpm1/Tgfbr2/Cited2/Gja1/Gli1/Myl6/Myl6b/Meis1/Adra1b/Pmp22/Arrb2/Nog/Id2/Sox11/Cfl2/Foxc1/Dsp/Edn1/Flnb/Tnnc1/Zfpm2/Myc/Ccn4/Plec/Maff/Prickle1/Hdac7/Pkp2/T/Nkx2-5/Uqcc2/Pim1/Actn3/Efemp2/Ankrd1/Tcf7l2	71	dKO_vs_WT_down
GO:0031032	actomyosin structure organization	43/1098	202/14485	0.21287128712871287	2.8082336922216813	7.411810722880301	4.20854777904217e-10	2.0128336241400777e-7	1.6290503125574714e-7	Cflar/Csrp1/Casq1/Zeb2/Actc1/Myl9/S100a10/Rhoc/Cnn3/Wnt4/Wdr1/Limch1/Eln/Met/Flnc/Zyx/Arhgef5/Tacstd2/Pak1/Arhgef10/Fhod1/Acta1/Itgb1/Cnn1/Tpm1/Cnn2/Sh3pxd2b/Pfn1/Krt19/Actg1/Rock2/Cfl2/Edn1/Synpo2l/Sorbs3/Plec/Myh9/Krt8/Phldb2/Nkx2-5/Arhgap28/Epb41l3/Arhgap6	43	dKO_vs_WT_down
GO:0060485	mesenchyme development	55/1098	300/14485	0.18333333333333332	2.4185640558591377	7.110476493929429	6.359631944649276e-10	2.625717132447578e-7	2.1250764414911024e-7	Rdh10/Nrp2/Wnt10a/Gbx2/Vangl2/Tgfb2/Zeb2/Pax6/Actc1/Spred1/Thbs1/Bmp2/Pitx2/Glipr2/Wnt4/Sema3e/Sema3c/Radil/Smo/Hoxa5/Tead1/Tgfb1i1/Fgfr1/Acta1/Sema3b/Tgfbr2/Cited2/Gja1/Timp3/Nog/Col1a1/Axin2/Mcrip1/Rock2/Foxc1/Tfap2a/Edn1/Wnt5a/Loxl2/Spry2/Sema5a/Has2/Myc/Rbx1/Wnt7b/Prickle1/Emp2/Nkx2-5/Ptk7/Sema6a/Cfl1/Acta2/Tcf7l2/Flna/Efnb1	55	dKO_vs_WT_down
GO:0010810	regulation of cell-substrate adhesion	45/1098	220/14485	0.20454545454545456	2.6983979135618483	7.269736949441066	6.488181471548854e-10	2.625717132447578e-7	2.1250764414911024e-7	Thbs1/Fermt1/S100a10/Csf1/Ccn1/Cdkn2a/Wnt4/Cdk6/Sema3e/Limch1/Hoxa7/Tacstd2/Myadm/Rras/Ilk/Bcar1/Cdh13/Itgb1/Utrn/Dapk3/Col1a1/Itga3/Actg1/Dusp22/Nedd9/Dbn1/Vcl/Mmp14/Dmtn/Has2/Myh9/Lgals1/Pdgfb/Emp2/Pkp2/Ccdc80/Phldb2/Ddr1/Efna5/Prkce/Efemp2/Cfl1/Cask/Flna/Arhgap6	45	dKO_vs_WT_down
GO:0043588	skin development	50/1098	260/14485	0.19230769230769232	2.5369553033487464	7.161855770966891	7.049331738986163e-10	2.6490381627718716e-7	2.143950893548799e-7	Col3a1/Wnt10a/Ptgs2/Vangl2/Tgfb2/Irf6/Col5a1/Pax6/Fermt1/Tmem79/Lce1h/Cdkn2a/Ptch2/Sfn/Errfi1/Fras1/Cldn4/Met/Smo/Hoxa7/Lsr/Palld/Pou2f3/Myo5a/Cd109/Madcam1/Egfr/Alox12/Col1a1/Itga3/Krt14/Krt17/Rock2/Inhba/Foxc1/Dsp/Tfap2a/Flnb/Wnt5a/Tgm1/Lats2/Grhl2/Plec/Krt7/Ppl/Runx1/Ltb/Anxa1/Sufu/Tcf7l2	50	dKO_vs_WT_down
GO:0030216	keratinocyte differentiation	29/1098	108/14485	0.26851851851851855	3.5423412939351016	7.594783345199611	1.105462953619567e-9	3.877227065995028e-7	3.1379632613271215e-7	Ptgs2/Tgfb2/Irf6/Pax6/Tmem79/Lce1h/Cdkn2a/Sfn/Errfi1/Hoxa7/Palld/Pou2f3/Cd109/Madcam1/Krt14/Krt17/Rock2/Foxc1/Dsp/Tfap2a/Flnb/Wnt5a/Tgm1/Lats2/Grhl2/Plec/Krt7/Ppl/Anxa1	29	dKO_vs_WT_down
GO:0014706	striated muscle tissue development	67/1098	409/14485	0.16381418092909536	2.161064126373357	6.821533686668675	1.284989274048827e-9	4.2252053567317995e-7	3.4195931667944116e-7	Fhl2/Cflar/Casp8/Speg/Gpc1/Casq1/Tgfb2/Actc1/Bmp2/Jph2/Lmna/Bcl9/Camk2d/Pitx2/Selenon/Hspg2/Sema3c/Eln/Cav1/Met/Smo/Foxp1/Ccnd2/Ppp1r13l/Pak1/Igf2/Efnb2/Fgfr1/Sorbs2/Acta1/Itgb1/Usp2/Tpm1/Tgfbr2/Cited2/Gja1/Gli1/Myl6/Myl6b/Meis1/Adra1b/Pmp22/Arrb2/Nog/Id2/Sox11/Cfl2/Foxc1/Dsp/Edn1/Flnb/Tnnc1/Zfpm2/Myc/Ccn4/Plec/Maff/Prickle1/Hdac7/Pkp2/T/Nkx2-5/Uqcc2/Pim1/Actn3/Ankrd1/Tcf7l2	67	dKO_vs_WT_down
GO:0009611	response to wounding	74/1098	474/14485	0.15611814345991562	2.059536710397885	6.7169854770712245	1.587119985640627e-9	4.911669555561964e-7	3.9751704903506723e-7	Col3a1/F5/Vangl2/Tgfb2/Col5a1/Cd44/Prrg4/Pax6/Thbs1/Fermt1/Flrt3/Anxa5/Rap2b/S100a10/Rhoc/F3/Wnt4/Nmnat1/Cldn4/Cav1/Wnt7a/Tspan9/Axl/Abhd2/Pak1/Cd151/Mmp2/Itgb1/Ubash3b/Pou2f3/Tpm1/Anxa2/Cd109/Tnfaip3/Cnn2/Elk3/Gli1/Kremen1/Alox12/Nog/Erbb2/Fkbp10/Actg1/Dsp/Map1b/Wnt5a/Ajuba/Nefl/Dmtn/Ccn4/Eppk1/Plec/Myh9/Pdgfb/Ppl/Gap43/Phldb2/Tnfrsf12a/Hmga1/Mpig6b/Ddr1/Ptk7/Zfp36l2/Prkce/Hbegf/Dpysl3/Fosl1/Ahnak/Anxa1/Il33/Casp7/Cask/Flna/Bex1	74	dKO_vs_WT_down
GO:0033002	muscle cell proliferation	47/1098	245/14485	0.19183673469387755	2.530742351585443	6.920443735652072	2.491234858771534e-9	7.281325884442799e-7	5.89300877411161e-7	Sulf1/Cflar/Ptgs2/Tgfb2/Thbs1/Bmp2/Tgm2/Camk2d/Selenon/Flt1/Cav1/Foxp1/Ccnd2/Six5/Pak1/Ilk/Fgfr1/Mmp2/Cdh13/Cyba/Cnn1/Tpm1/Htr1b/Tgfbr2/Cited2/Tnfaip3/Gja1/Timp3/Gli1/Igfbp3/Egfr/Alox12/Nog/Id2/Foxc1/Edn1/Zfpm2/Myc/Ccn4/Pdgfb/Nkx2-5/Pim1/Hbegf/Gstp2/Efemp2/Tcf7l2/Apln	47	dKO_vs_WT_down
GO:0040013	negative regulation of locomotion	54/1098	304/14485	0.17763157894736842	2.3433455565142367	6.779144682347101	2.9557492259808236e-9	8.151493822634209e-7	6.597263380497079e-7	Sulf1/Col3a1/Il24/Dusp10/Zeb2/Spred1/Thbs1/Rap2b/Svbp/Wnt4/Miip/Limch1/Stard13/Cav1/Tcaf1/Hoxa7/Tacstd2/Sinhcaf/Rras/Abhd2/Ilk/Bst2/Marveld3/Tpm1/Ryk/Hyal2/Cited2/Gja1/Cnn2/Igfbp3/Nog/Wnt3/Dusp22/Serpinb1b/Nedd9/Dbn1/Wnt5a/Sema5a/Eppk1/Myh9/Card10/Pdgfb/Pkp2/Phldb2/Afdn/Dusp1/Cyp1b1/Arap3/Dpysl3/Mcc/Gstp2/Cfl1/Il33/Stk26	54	dKO_vs_WT_down
GO:0051017	actin filament bundle assembly	37/1098	169/14485	0.21893491124260356	2.888226037658572	7.071153840995334	3.0988381762532633e-9	8.151493822634209e-7	6.597263380497079e-7	Aif1l/Zeb2/Myl9/S100a10/Rhoc/Wnt4/Limch1/Eln/Met/Cald1/Zyx/Arhgef5/Tacstd2/Pak1/Arhgef10/Fhod1/Tpm1/Marcks/Sh3pxd2b/Pfn1/Actg1/Rock2/Actn1/Dbn1/Synpo2l/Sorbs3/Dmtn/Myh9/Pdxp/Phldb2/Prkn/Arhgap28/Dpysl3/Cfl1/Flna/Pls3/Arhgap6	37	dKO_vs_WT_down
GO:0061572	actin filament bundle organization	37/1098	172/14485	0.21511627906976744	2.8378500021180155	6.944048530748228	5.155670604943011e-9	1.2916182406002469e-6	1.0453477492227807e-6	Aif1l/Zeb2/Myl9/S100a10/Rhoc/Wnt4/Limch1/Eln/Met/Cald1/Zyx/Arhgef5/Tacstd2/Pak1/Arhgef10/Fhod1/Tpm1/Marcks/Sh3pxd2b/Pfn1/Actg1/Rock2/Actn1/Dbn1/Synpo2l/Sorbs3/Dmtn/Myh9/Pdxp/Phldb2/Prkn/Arhgap28/Dpysl3/Cfl1/Flna/Pls3/Arhgap6	37	dKO_vs_WT_down
GO:0042060	wound healing	57/1098	335/14485	0.1701492537313433	2.2446374683957266	6.600713012738478	5.53382713201768e-9	1.3233392973429552e-6	1.071020610000551e-6	Col3a1/F5/Vangl2/Tgfb2/Col5a1/Cd44/Prrg4/Thbs1/Fermt1/Anxa5/Rap2b/S100a10/Rhoc/F3/Wnt4/Cldn4/Cav1/Wnt7a/Tspan9/Axl/Pak1/Cd151/Itgb1/Ubash3b/Pou2f3/Tpm1/Anxa2/Cd109/Cnn2/Elk3/Alox12/Nog/Erbb2/Fkbp10/Actg1/Dsp/Wnt5a/Ajuba/Dmtn/Ccn4/Eppk1/Plec/Myh9/Pdgfb/Ppl/Phldb2/Tnfrsf12a/Mpig6b/Ddr1/Ptk7/Prkce/Hbegf/Ahnak/Anxa1/Casp7/Cask/Flna	57	dKO_vs_WT_down
GO:0061448	connective tissue development	52/1098	294/14485	0.17687074829931973	2.333308551107146	6.614570140700113	6.7636926792012655e-9	1.4988096471823047e-6	1.2130343486534323e-6	Sulf1/Col3a1/Cflar/Klf7/Tgfb2/Col5a1/Dlx2/Thbs1/Bmp2/Lmna/Ecm1/Csf1/Ccn1/Bmp8b/Hspg2/Nmnat1/Errfi1/Evc/Gusb/Hoxa3/Hoxa5/Wnt7a/Serpinh1/Fgfr1/Bbs2/Hyal2/Tgfbr2/Chst11/Selenom/Efemp1/Sh3pxd2b/Nog/Col1a1/Axin2/Mboat2/Id2/Gli3/Bmp6/Edn1/Wnt5a/Loxl2/Bmp1/Oxct1/Ccn4/Pdgfb/Wnt7b/Runx1/Pkdcc/Bscl2/Acta2/Lipa/Bgn	52	dKO_vs_WT_down
GO:0003007	heart morphogenesis	48/1098	261/14485	0.1839080459770115	2.4261457613633985	6.65851057451996	7.099198807914963e-9	1.4988096471823047e-6	1.2130343486534323e-6	Fhl2/Nrp2/Vangl2/Tgfb2/Col5a1/Actc1/Thbs1/Bmp2/Pitx2/Ccn1/Sema3c/Nsd2/Eln/Smo/Ppp1r13l/Ilk/Parva/Tead1/Tpm1/Tgfbr2/Cited2/Gja1/Slit3/Nog/Fzd2/Axin2/Gaa/Id2/Sox11/Foxc1/Dsp/Tfap2a/Edn1/Synpo2l/Wnt5a/Tnnc1/Grhl2/Zfpm2/Has2/Prickle1/Emp2/Pkp2/T/Nkx2-5/Pim1/Ankrd1/Sufu/Flna	48	dKO_vs_WT_down
GO:0110053	regulation of actin filament organization	47/1098	253/14485	0.1857707509881423	2.450718878017524	6.666752799942562	7.306598545010745e-9	1.4988096471823047e-6	1.2130343486534323e-6	Arpc5/Spta1/Gsn/Dstn/S100a10/Rhoc/Wnt4/Wdr1/Limch1/Eln/Met/Arhgef5/Tacstd2/Myadm/Plekhg2/Pak1/Rnh1/Arhgef10/Fhod1/Tpm1/Naa80/Gja1/Sh3pxd2b/Pfn1/Myo1c/Actg1/Rock2/Cfl2/Dbn1/Synpo2l/Sorbs3/Dmtn/Sema5a/Myh9/Cdc42ep1/Sh3bp1/Pdxp/Phldb2/Prkn/Arhgap28/Prkce/Bin1/Ssh3/Cfl1/Flna/Tmsb4x/Arhgap6	47	dKO_vs_WT_down
GO:0001501	skeletal system development	75/1098	500/14485	0.15	1.9788251366120218	6.379147981916112	7.407156591283011e-9	1.4988096471823047e-6	1.2130343486534323e-6	Sulf1/Rdh10/Col3a1/Twist2/Tgfb2/Sp5/Dlx2/Thbs1/Fbn1/Bmp2/Tgm2/Schip1/Pdgfc/Slc39a1/Ecm1/Pitx2/Ccn1/Bmp8b/Hspg2/Errfi1/Atg9b/Nsd2/Evc/Gusb/Hoxa1/Hoxa3/Hoxa5/Hoxa7/Wnt7a/Foxp1/Lrrk1/Serpinh1/Fgfr1/Mmp2/Bbs2/Rpl13/Anxa2/Ryk/Hyal2/Tgfbr2/Cited2/Gja1/Chst11/Timp3/Efemp1/Sh3pxd2b/Nog/Col1a1/Axin2/Mboat2/Sox11/Ttc9/Gli3/Foxc1/Bmp6/Tfap2a/Edn1/Wnt5a/Lgals3/Mmp14/Loxl2/Bmp1/Grhl2/Has2/Myc/Ccn4/Wnt7b/Runx1/T/Pkdcc/Cdx1/Actn3/Lipa/Bgn/Pls3	75	dKO_vs_WT_down
GO:0009913	epidermal cell differentiation	37/1098	176/14485	0.21022727272727273	2.7733534111607883	6.778768195420645	9.94250843155627e-9	1.93731617994139e-6	1.5679316415456181e-6	Klf7/Ptgs2/Tgfb2/Irf6/Pax6/Tmem79/Lce1h/Mcoln3/Cdkn2a/Ptch2/Sfn/Errfi1/Hoxa7/Fgfr1/Palld/Pou2f3/Cd109/Madcam1/Gli1/Krt14/Krt17/Rock2/Foxc1/Dsp/Tfap2a/Flnb/Slc4a7/Wnt5a/Tgm1/Lats2/Grhl2/Plec/Maff/Krt7/Ppl/Clic5/Anxa1	37	dKO_vs_WT_down
GO:0007160	cell-matrix adhesion	42/1098	216/14485	0.19444444444444445	2.5651436956081763	6.637249130142762	1.1650729766396856e-8	2.1890889036076377e-6	1.7716993197396725e-6	Col3a1/Thbs1/Fermt1/S100a10/Csf1/Cdkn2a/Wnt4/Cdk6/Sema3e/Limch1/Zyx/Hoxa7/Bcam/Rras/Ilk/Cdh13/Itgb1/Anxa2/Itga9/Utrn/Madcam1/Dapk3/Itga3/Actg1/Actn1/Dusp22/Vcl/Mmp14/Ajuba/Dmtn/Myh9/Emp2/Phldb2/Msln/Ddr1/Efna5/Actn3/Efemp2/Cfl1/Vwa2/Cask/Arhgap6	42	dKO_vs_WT_down
GO:0034329	cell junction assembly	72/1098	478/14485	0.1506276150627615	1.9871047396940804	6.285045378076882	1.2509355326676405e-8	2.269369599091192e-6	1.8366730416118353e-6	Nfasc/Flrt3/S100a10/Cgn/Rhoc/Adgrl2/Patj/Wnt4/Wdr1/Limch1/Cldn4/Actb/Cav1/Wnt7a/Ube2m/Numbl/Lrfn3/Lsr/Efnb2/Fgfr1/Marveld3/Cdh13/Itgb1/Gja1/Palm/Dapk3/Pmp22/Ntn1/Cldn7/Myo1c/Actg1/Rock2/Actn1/Dusp22/Map1b/Ocln/Marveld2/Vcl/Wnt5a/Samd4/Mmp14/Ajuba/Cdh24/Dpysl2/Dmtn/Sdc2/Grhl2/Plec/Myh9/Sh3bp1/Pdgfb/Prickle1/Hdac7/Pkp2/Igsf11/Gap43/Phldb2/App/Afdn/Cldn6/Efna5/Epb41l3/Cript/Mpp7/Lrfn4/Actn3/Cfl1/Gpc4/Fgf13/Gabre/Efnb1/Arhgap6	72	dKO_vs_WT_down
GO:0048568	embryonic organ development	73/1098	489/14485	0.1492842535787321	1.9693828898797217	6.245275610778283	1.4510029378998893e-8	2.5445754854304393e-6	2.0594059241421233e-6	Rdh10/Gbx2/Twist2/Vangl2/Tgfb2/Vash2/Pbx3/Dlx2/Pax6/Fbn1/Nes/Slc39a1/Pitx2/Ccn1/Hspg2/Cdx2/Smo/Hoxa1/Hoxa3/Hoxa5/Hoxa7/Ppp1r13l/E2f8/Adm/Tead1/Igf2/Fgfr1/Junb/Tgfbr2/Cited2/Eya4/Prdm1/Gja1/Syde1/Chst11/E2f7/Lrig3/Gli1/Thoc5/Egfr/Efemp1/Tcf7/Ntn1/Nog/Krt19/Fzd2/Id2/Sox11/Gli3/Foxc1/Tfap2a/Edn1/Wnt5a/Mmp14/Spry2/Grhl2/Zfpm2/Myc/Pdgfb/Wnt7b/Prickle1/Krt8/Runx1/T/Nkx2-5/Tead3/Clic5/Ptk7/Birc6/Pkdcc/Sufu/Tcf7l2/Cited1	73	dKO_vs_WT_down
GO:1902905	positive regulation of supramolecular fiber organization	35/1098	164/14485	0.21341463414634146	2.8154016171309255	6.6959432781901	1.6552726713079112e-8	2.7584841239325804e-6	2.232528993148648e-6	Gsn/Dstn/Stmn2/S100a10/Rhoc/Wnt4/Wdr1/Limch1/Clip1/Cav1/Met/Arhgef5/Pak1/Arhgef10/Fhod1/Tpm1/Sh3pxd2b/Pfn1/Myo1c/Rock2/Cfl2/Edn1/Map1b/Synpo2l/Sorbs3/Sema5a/Cdc42ep1/Pdxp/App/Hspa1b/Hspa1a/Prkce/Bin1/Cfl1/Flna	35	dKO_vs_WT_down
GO:0050678	regulation of epithelial cell proliferation	58/1098	354/14485	0.1638418079096045	2.1614285861298916	6.335946337540596	1.6778462643193798e-8	2.7584841239325804e-6	2.232528993148648e-6	Sulf1/Cflar/Twist2/Dusp10/Tgfb2/Vash2/Irf6/Pax6/Thbs1/B2m/Ecm1/F3/Cdkn2a/Cdkn2b/Sfn/Hspg2/Errfi1/Cdk6/Flt1/Cav1/Smo/Hoxa5/Tacstd2/Wnt7a/Foxp1/Ccnd2/Emc10/Igf2/Ccnd1/Efnb2/Irs2/Fgfr1/Marveld3/Cdh13/Cyba/Cd109/Tnfaip3/Gja1/Gli1/Egfr/Nog/Erbb2/Nr1d1/Sox11/Bmp6/Wnt5a/Tgm1/Sema5a/Has2/Myc/Eppk1/Pdgfb/Nkx2-5/Mcc/Tcf7l2/Cask/Apln/Gpc3	58	dKO_vs_WT_down
GO:0060348	bone development	41/1098	212/14485	0.19339622641509435	2.551315427707324	6.516497088261087	2.0415660407227964e-8	3.254751194012919e-6	2.6341737271845966e-6	Sulf1/Col3a1/Sp5/Thbs1/Fbn1/Bmp2/Tgm2/Pdgfc/Ecm1/Pitx2/Hspg2/Atg9b/Nsd2/Evc/Gusb/Foxp1/Lrrk1/Serpinh1/Rpl13/Anxa2/Tgfbr2/Cited2/Gja1/Timp3/Sh3pxd2b/Col1a1/Axin2/Ttc9/Gli3/Foxc1/Bmp6/Tfap2a/Mmp14/Has2/Ccn4/T/Cdx1/Actn3/Lipa/Bgn/Pls3	41	dKO_vs_WT_down
GO:0070252	actin-mediated cell contraction	24/1098	88/14485	0.2727272727272727	3.59786388474913	7.000442981433909	2.1475215689506413e-8	3.3229738159556837e-6	2.6893884663793635e-6	Ikzf2/Gsn/Zeb2/Actc1/Camk2d/Sri/Limch1/Cav1/Parva/Tpm1/Myl6/Myl6b/Rangrf/Dsp/Dbn1/Tnnc1/Myh9/Emp2/Pkp2/Dsc2/Bin1/Acta2/Fgf13/Flna	24	dKO_vs_WT_down
GO:0008544	epidermis development	51/1098	296/14485	0.17229729729729729	2.2729748190813766	6.3371439229043	2.3189399248053524e-8	3.4856979841145598e-6	2.821086314537639e-6	Klf7/Wnt10a/Ptgs2/Vangl2/Tgfb2/Irf6/Pax6/Fermt1/Tmem79/Lce1h/Mcoln3/Cdkn2a/Ptch2/Sfn/Errfi1/Cldn4/Met/Smo/Hoxa7/Krtdap/Lsr/Tfdp1/Fgfr1/Palld/Pou2f3/Myo5a/Cd109/Madcam1/Gli1/Egfr/Alox12/Krt14/Krt17/Rock2/Inhba/Foxc1/Dsp/Tfap2a/Flnb/Slc4a7/Wnt5a/Tgm1/Lats2/Grhl2/Plec/Maff/Krt7/Ppl/Runx1/Clic5/Anxa1	51	dKO_vs_WT_down
GO:0045216	cell-cell junction organization	37/1098	182/14485	0.2032967032967033	2.681924177825817	6.539316156976961	2.5463743781713998e-8	3.6205479988554403e-6	2.9302247232105676e-6	Nfasc/Tgfb2/Cgn/Rhoc/Patj/Wdr1/Cldn4/Actb/Cav1/Numbl/Lsr/Efnb2/Marveld3/Cdh13/Itgb1/Perp/Gja1/Pmp22/Cldn7/Myo1c/Actg1/Rock2/Dsp/Bmp6/Ocln/Marveld2/Vcl/Cdh24/Grhl2/Plec/Hdac7/Pkp2/Afdn/Cldn6/Epb41l3/Mpp7/Flna	37	dKO_vs_WT_down
GO:0071559	response to transforming growth factor beta	47/1098	263/14485	0.17870722433460076	2.3575356507164775	6.362863067932304	2.587845306060083e-8	3.6205479988554403e-6	2.9302247232105676e-6	Col3a1/Cflar/Wnt10a/Tgfb2/Zeb2/Spred1/Thbs1/Fbn1/Fermt1/Bmp2/Cdkn2b/Bmp8b/Selenon/Wnt4/Fndc4/Peg10/Cav1/Zyx/Wnt7a/Sinhcaf/Tgfb1i1/Col4a2/Cd109/Hyal2/Tgfbr2/Cited2/Chst11/Arrb2/Mtmr4/Col1a1/Itga3/Rock2/Sox11/Dusp22/Edn1/Dbn1/Wnt5a/Lats2/Spry2/Runx1/Hspa1a/Ltbp1/Zfp36l2/Fam89b/Acta2/Ankrd1/Cited1	47	dKO_vs_WT_down
GO:0007411	axon guidance	43/1098	230/14485	0.18695652173913044	2.4663617644729547	6.419855182200746	2.6229687816049223e-8	3.6205479988554403e-6	2.9302247232105676e-6	Nrp2/Klf7/Gbx2/Nfasc/Lamc2/Vangl2/Tgfb2/Kif5c/Pax6/Flrt3/Unc5c/Nexn/Sema3e/Sema3c/Dpysl5/Smo/Hoxa1/Foxp1/Efnb2/Palld/Prtg/Ryk/Sema3b/Unc5b/Efna2/Arhgef25/Kif5a/Slit3/Ntn1/Nog/Erbb2/Wnt3/Lamb1/Gli3/Edn1/Wnt5a/Sema5a/Wnt7b/Gap43/App/Efna5/Sema6a/Efnb1	43	dKO_vs_WT_down
GO:0090130	tissue migration	27/1098	109/14485	0.24770642201834864	3.267784629267559	6.806123428642243	2.713886635638949e-8	3.6205479988554403e-6	2.9302247232105676e-6	Irs1/Dusp10/Tgfb2/Vim/Zeb2/Actc1/Fermt1/Glipr2/Tacstd2/Irs2/Marveld3/Acta1/Tgfbr2/Pfn1/Itga3/Wnt5a/Ltb4r2/Sdc2/Grhl2/Has2/Eppk1/T/Prkce/Mapre2/Hbegf/Mcc/Acta2	27	dKO_vs_WT_down
GO:0001952	regulation of cell-matrix adhesion	29/1098	123/14485	0.23577235772357724	3.110348453211308	6.731363776374877	2.75274510462303e-8	3.6205479988554403e-6	2.9302247232105676e-6	Thbs1/Fermt1/S100a10/Csf1/Cdkn2a/Wnt4/Cdk6/Sema3e/Limch1/Hoxa7/Rras/Ilk/Cdh13/Utrn/Dapk3/Actg1/Dusp22/Vcl/Mmp14/Dmtn/Myh9/Emp2/Phldb2/Ddr1/Efna5/Efemp2/Cfl1/Cask/Arhgap6	29	dKO_vs_WT_down
GO:0097485	neuron projection guidance	43/1098	231/14485	0.18614718614718614	2.4556848737176606	6.387174454974089	2.9924119660168544e-8	3.839775452003578e-6	3.1076524781869513e-6	Nrp2/Klf7/Gbx2/Nfasc/Lamc2/Vangl2/Tgfb2/Kif5c/Pax6/Flrt3/Unc5c/Nexn/Sema3e/Sema3c/Dpysl5/Smo/Hoxa1/Foxp1/Efnb2/Palld/Prtg/Ryk/Sema3b/Unc5b/Efna2/Arhgef25/Kif5a/Slit3/Ntn1/Nog/Erbb2/Wnt3/Lamb1/Gli3/Edn1/Wnt5a/Sema5a/Wnt7b/Gap43/App/Efna5/Sema6a/Efnb1	43	dKO_vs_WT_down
GO:0007043	cell-cell junction assembly	29/1098	124/14485	0.23387096774193547	3.0852649979434745	6.678571062498664	3.337264214542296e-8	4.1803207220731e-6	3.383266603464558e-6	Nfasc/Cgn/Rhoc/Patj/Wdr1/Cldn4/Actb/Cav1/Lsr/Marveld3/Cdh13/Itgb1/Gja1/Pmp22/Cldn7/Myo1c/Actg1/Rock2/Ocln/Marveld2/Vcl/Cdh24/Grhl2/Hdac7/Pkp2/Afdn/Cldn6/Epb41l3/Mpp7	29	dKO_vs_WT_down
GO:0006935	chemotaxis	56/1098	344/14485	0.16279069767441862	2.1475621637649853	6.1690626008051765	3.7322607819060875e-8	4.566377668280913e-6	3.6957147766977043e-6	Nrp2/Tgfb2/Thbs1/Flrt3/Csf1/F3/Unc5c/Ccn1/Ccl27a/Creb3/Sema3e/Sema3c/Ppbp/Cxcl10/Flt1/Met/Arhgef5/Parva/Efnb2/Fgfr1/Adgra2/Mtus1/Mmp2/Cmtm3/Bcar1/Cdh13/Ryk/Sema3b/Cmtm8/Itga9/Perp/Slit3/Ntn1/Arrb2/Cxcl16/Wnt3/Nedd9/Edn1/Wnt5a/Lgals3/Sema5a/Plec/Pdgfb/Wnt7b/App/Dusp1/Efna5/Hbegf/Sema6a/Gstp2/Stx3/Anxa1/Cysltr1/Amot/Mospd2/Tmsb4x	56	dKO_vs_WT_down
GO:0042330	taxis	56/1098	345/14485	0.16231884057971013	2.1413373458989997	6.144728056859169	4.1366133896055066e-8	4.9460734187987655e-6	4.003014631807243e-6	Nrp2/Tgfb2/Thbs1/Flrt3/Csf1/F3/Unc5c/Ccn1/Ccl27a/Creb3/Sema3e/Sema3c/Ppbp/Cxcl10/Flt1/Met/Arhgef5/Parva/Efnb2/Fgfr1/Adgra2/Mtus1/Mmp2/Cmtm3/Bcar1/Cdh13/Ryk/Sema3b/Cmtm8/Itga9/Perp/Slit3/Ntn1/Arrb2/Cxcl16/Wnt3/Nedd9/Edn1/Wnt5a/Lgals3/Sema5a/Plec/Pdgfb/Wnt7b/App/Dusp1/Efna5/Hbegf/Sema6a/Gstp2/Stx3/Anxa1/Cysltr1/Amot/Mospd2/Tmsb4x	56	dKO_vs_WT_down
GO:0001763	morphogenesis of a branching structure	42/1098	226/14485	0.18584070796460178	2.4516417621741864	6.299019247482379	4.543795686448706e-8	5.283406879732217e-6	4.2760293377318325e-6	Sulf1/Rdh10/Wnt6/Gbx2/Vangl2/Dlx2/Cd44/Bmp2/Tgm2/Csf1/Pitx2/Wnt4/Sema3e/Sema3c/Flt1/Met/Smo/Hoxa5/Tacstd2/Rasip1/Pak1/Ilk/Adm/Col4a1/Fgfr1/Tgfbr2/Prdm1/Nog/Gli3/Edn1/Wnt5a/Mmp14/Spry2/Ctnnd2/Sema5a/Grhl2/Myc/Pdgfb/Ddr1/Gpc3/Fgf13/Cited1	42	dKO_vs_WT_down
GO:0030198	extracellular matrix organization	47/1098	268/14485	0.17537313432835822	2.313551776635946	6.216048694192883	4.720017550796696e-8	5.283406879732217e-6	4.2760293377318325e-6	Sulf1/Col3a1/Cflar/Tgfb2/Col5a1/Creb3l1/Fermt1/Bmp2/Ptx3/Slc39a8/Ccn1/Selenon/Hspg2/Vwa1/Eln/Cav1/Serpinh1/Col4a1/Mmp2/Itgb1/Ets1/Mpzl3/Anxa2/Timp3/Sh3pxd2b/Pmp22/Col1a1/Fkbp10/Axin2/Pxdn/Lamb1/Foxc1/Tfap2a/Lgals3/Mmp14/Loxl2/Sema5a/Has2/Prickle1/Ccdc80/Phldb2/App/Ddr1/Cyp1b1/Efemp2/Loxl4/Nfkb2	47	dKO_vs_WT_down
GO:0045229	external encapsulating structure organization	47/1098	268/14485	0.17537313432835822	2.313551776635946	6.216048694192883	4.720017550796696e-8	5.283406879732217e-6	4.2760293377318325e-6	Sulf1/Col3a1/Cflar/Tgfb2/Col5a1/Creb3l1/Fermt1/Bmp2/Ptx3/Slc39a8/Ccn1/Selenon/Hspg2/Vwa1/Eln/Cav1/Serpinh1/Col4a1/Mmp2/Itgb1/Ets1/Mpzl3/Anxa2/Timp3/Sh3pxd2b/Pmp22/Col1a1/Fkbp10/Axin2/Pxdn/Lamb1/Foxc1/Tfap2a/Lgals3/Mmp14/Loxl2/Sema5a/Has2/Prickle1/Ccdc80/Phldb2/App/Ddr1/Cyp1b1/Efemp2/Loxl4/Nfkb2	47	dKO_vs_WT_down
GO:0048762	mesenchymal cell differentiation	44/1098	243/14485	0.18106995884773663	2.3887052403547044	6.252180633575524	4.837752718179432e-8	5.302378552154581e-6	4.291383716016622e-6	Rdh10/Nrp2/Wnt10a/Gbx2/Vangl2/Tgfb2/Zeb2/Pax6/Spred1/Bmp2/Pitx2/Glipr2/Wnt4/Sema3e/Sema3c/Radil/Smo/Tgfb1i1/Fgfr1/Sema3b/Tgfbr2/Cited2/Gja1/Timp3/Nog/Col1a1/Axin2/Mcrip1/Rock2/Foxc1/Tfap2a/Edn1/Wnt5a/Loxl2/Spry2/Sema5a/Has2/Rbx1/Emp2/Sema6a/Cfl1/Tcf7l2/Flna/Efnb1	44	dKO_vs_WT_down
GO:0030336	negative regulation of cell migration	48/1098	277/14485	0.17328519855595667	2.2860073780355488	6.189002626000405	4.9977779341895543e-8	5.365981573830866e-6	4.342859665692105e-6	Sulf1/Col3a1/Il24/Dusp10/Zeb2/Spred1/Thbs1/Rap2b/Svbp/Wnt4/Miip/Limch1/Stard13/Cav1/Tcaf1/Hoxa7/Tacstd2/Sinhcaf/Rras/Abhd2/Ilk/Bst2/Marveld3/Tpm1/Hyal2/Cited2/Gja1/Cnn2/Igfbp3/Nog/Dusp22/Serpinb1b/Nedd9/Eppk1/Myh9/Card10/Pdgfb/Pkp2/Phldb2/Afdn/Dusp1/Cyp1b1/Arap3/Dpysl3/Mcc/Gstp2/Il33/Stk26	48	dKO_vs_WT_down
GO:0043062	extracellular structure organization	47/1098	269/14485	0.17472118959107807	2.3049512124105336	6.187076761775721	5.3101209608423664e-8	5.587309274998338e-6	4.521987218233131e-6	Sulf1/Col3a1/Cflar/Tgfb2/Col5a1/Creb3l1/Fermt1/Bmp2/Ptx3/Slc39a8/Ccn1/Selenon/Hspg2/Vwa1/Eln/Cav1/Serpinh1/Col4a1/Mmp2/Itgb1/Ets1/Mpzl3/Anxa2/Timp3/Sh3pxd2b/Pmp22/Col1a1/Fkbp10/Axin2/Pxdn/Lamb1/Foxc1/Tfap2a/Lgals3/Mmp14/Loxl2/Sema5a/Has2/Prickle1/Ccdc80/Phldb2/App/Ddr1/Cyp1b1/Efemp2/Loxl4/Nfkb2	47	dKO_vs_WT_down
GO:2000146	negative regulation of cell motility	49/1098	288/14485	0.1701388888888889	2.2445007336571545	6.1093767261430125	6.575853112699281e-8	6.783443769786454e-6	5.490056933099812e-6	Sulf1/Col3a1/Il24/Dusp10/Zeb2/Spred1/Thbs1/Rap2b/Svbp/Wnt4/Miip/Limch1/Stard13/Cav1/Tcaf1/Hoxa7/Tacstd2/Sinhcaf/Rras/Abhd2/Ilk/Bst2/Marveld3/Tpm1/Hyal2/Cited2/Gja1/Cnn2/Igfbp3/Nog/Dusp22/Serpinb1b/Nedd9/Eppk1/Myh9/Card10/Pdgfb/Pkp2/Phldb2/Afdn/Dusp1/Cyp1b1/Arap3/Dpysl3/Mcc/Gstp2/Cfl1/Il33/Stk26	49	dKO_vs_WT_down
GO:0071560	cellular response to transforming growth factor beta stimulus	45/1098	255/14485	0.17647058823529413	2.328029572484732	6.127441626314069	7.528091314371963e-8	7.6164016163290185e-6	6.164196228063682e-6	Col3a1/Cflar/Wnt10a/Tgfb2/Zeb2/Spred1/Thbs1/Fbn1/Fermt1/Bmp2/Cdkn2b/Bmp8b/Selenon/Wnt4/Peg10/Cav1/Zyx/Wnt7a/Sinhcaf/Tgfb1i1/Col4a2/Cd109/Hyal2/Tgfbr2/Cited2/Chst11/Arrb2/Mtmr4/Col1a1/Itga3/Sox11/Dusp22/Edn1/Dbn1/Wnt5a/Lats2/Spry2/Runx1/Hspa1a/Ltbp1/Zfp36l2/Fam89b/Acta2/Ankrd1/Cited1	45	dKO_vs_WT_down
GO:0016049	cell growth	70/1098	484/14485	0.1446280991735537	1.9079581207002962	5.81852315212885	1.0379428210241379e-7	1.0272611756828703e-5	8.313951631443312e-6	Nrp2/Map2/Kif14/Tgfb2/Zeb2/Cd44/Pak6/Flrt3/Trim46/Camk2d/Cth/Creb3/Sh3gl2/Cdkn2a/Ptch2/Sfn/Gusb/Smo/Foxp1/Rerg/Pak1/Ilk/Tead1/Sorbs2/Bst2/Cyba/Itgb1/Cryab/Ryk/Hyal2/Tgfbr2/Gja1/Prmt2/Syt1/Igfbp3/Egfr/Meis1/Sertad2/Slit3/Pttg1/Adra1b/Ntn1/Cxcl16/Erbb2/Igfbp4/Krt17/Wnt3/Inhba/Edn1/Dbn1/Map1b/Vcl/Wnt5a/Mmp14/Ctnnd2/Sema5a/Ccn4/Prickle1/App/Prkn/Afdn/Tnfrsf12a/Hspa1b/Hspa1a/Ddr1/Efna5/Hbegf/Cfl1/Fhl1/Fgf13	70	dKO_vs_WT_down
GO:0055001	muscle cell development	39/1098	208/14485	0.1875	2.473531420765027	6.1302245794813786	1.0711896726327133e-7	1.0272611756828703e-5	8.313951631443312e-6	Fhl2/Cflar/Speg/Csrp1/Casq1/Actc1/Myl9/Lmna/Camk2d/Pitx2/Selenon/Wdr1/Met/Flnc/Smo/Foxp1/Pak1/Adm/Sorbs2/Acta1/Itgb1/Tpm1/Meis1/Adra1b/Pmp22/Krt19/Actg1/Cfl2/Actn1/Edn1/Synpo2l/Ccn4/Plec/Prickle1/Krt8/Nkx2-5/Bin1/Actn3/Efemp2	39	dKO_vs_WT_down
GO:0055002	striated muscle cell development	35/1098	176/14485	0.19886363636363635	2.6234424159629075	6.20572286785333	1.0739282391666577e-7	1.0272611756828703e-5	8.313951631443312e-6	Fhl2/Cflar/Speg/Csrp1/Casq1/Actc1/Myl9/Lmna/Camk2d/Pitx2/Selenon/Wdr1/Met/Flnc/Smo/Foxp1/Pak1/Sorbs2/Acta1/Itgb1/Tpm1/Meis1/Adra1b/Pmp22/Krt19/Actg1/Cfl2/Edn1/Synpo2l/Ccn4/Plec/Prickle1/Krt8/Nkx2-5/Actn3	35	dKO_vs_WT_down
GO:0007163	establishment or maintenance of cell polarity	40/1098	218/14485	0.1834862385321101	2.420581206864859	6.052457905451898	1.3552350148627307e-7	1.2731948952130046e-5	1.0304371494585987e-5	Map2/Arpc5/Vangl2/Gsn/Pax6/Fermt1/Pard6b/Lmna/Patj/Wdr1/Actb/Cdx2/Wnt7a/Frmd4b/Pak1/Ilk/Parva/Fat1/Rhou/Itgb1/Amotl1/Amotl2/Gja1/Flot2/Ccdc85c/Map1b/Wnt5a/Spry2/Myh9/Sh3bp1/Wnt7b/Prickle1/Phldb2/Ptk7/Cfl1/Ehbp1l1/Fam89b/Fgf13/Msn/Amot	40	dKO_vs_WT_down
GO:0048660	regulation of smooth muscle cell proliferation	34/1098	170/14485	0.2	2.6384335154826957	6.154055437480428	1.4102409739817736e-7	1.301627677915458e-5	1.0534487054028208e-5	Sulf1/Ptgs2/Thbs1/Bmp2/Tgm2/Camk2d/Flt1/Cav1/Foxp1/Pak1/Ilk/Mmp2/Cdh13/Cyba/Cnn1/Tpm1/Htr1b/Tgfbr2/Tnfaip3/Gja1/Timp3/Igfbp3/Egfr/Alox12/Id2/Edn1/Myc/Ccn4/Pdgfb/Hbegf/Gstp2/Efemp2/Tcf7l2/Apln	34	dKO_vs_WT_down
GO:0042692	muscle cell differentiation	62/1098	413/14485	0.15012106537530268	1.9804222513308372	5.789140213302167	1.483556656023763e-7	1.3456882012656928e-5	1.0891082892225266e-5	Fhl2/Cflar/Speg/Csrp1/Vangl2/Casq1/Capn2/Actc1/Bmp2/Myl9/Lmna/Bcl9/Camk2d/Pitx2/Cth/Selenon/Wnt4/Wdr1/Cxcl10/Met/Flnc/Smo/Foxp1/Ccnd2/Ehd2/Pak1/Adm/Igf2/Efnb2/Sorbs2/Piezo1/Acta1/Itgb1/Tpm1/Meis1/Adra1b/Pmp22/Arrb2/Krt19/Actg1/Id2/Lamb1/Cfl2/Actn1/Edn1/Synpo2l/Mmp14/Myc/Ccn4/Plec/Myh9/Pdgfb/Wnt7b/Prickle1/Krt8/T/Nkx2-5/Bin1/Actn3/Efemp2/Casp7/Tmsb4x	62	dKO_vs_WT_down
GO:0048738	cardiac muscle tissue development	43/1098	244/14485	0.1762295081967213	2.3248492042163096	5.977160470272692	1.5224202868901632e-7	1.3575344286998556e-5	1.0986958181036057e-5	Fhl2/Casp8/Speg/Tgfb2/Actc1/Bmp2/Jph2/Lmna/Camk2d/Pitx2/Hspg2/Met/Foxp1/Ccnd2/Ppp1r13l/Pak1/Efnb2/Fgfr1/Sorbs2/Itgb1/Tpm1/Tgfbr2/Cited2/Gja1/Gli1/Meis1/Adra1b/Arrb2/Nog/Id2/Foxc1/Dsp/Edn1/Tnnc1/Zfpm2/Ccn4/Plec/Prickle1/Pkp2/T/Nkx2-5/Pim1/Ankrd1	43	dKO_vs_WT_down
GO:0051146	striated muscle cell differentiation	50/1098	305/14485	0.16393442622950818	2.1626504225267995	5.877122654535166	1.6081454895429514e-7	1.4100755700809113e-5	1.1412190360002172e-5	Fhl2/Cflar/Speg/Csrp1/Casq1/Capn2/Actc1/Bmp2/Myl9/Lmna/Bcl9/Camk2d/Pitx2/Selenon/Wdr1/Cxcl10/Met/Flnc/Smo/Foxp1/Ccnd2/Ehd2/Pak1/Igf2/Efnb2/Sorbs2/Piezo1/Acta1/Itgb1/Tpm1/Meis1/Adra1b/Pmp22/Arrb2/Krt19/Actg1/Cfl2/Edn1/Synpo2l/Mmp14/Myc/Ccn4/Plec/Myh9/Prickle1/Krt8/T/Nkx2-5/Actn3/Casp7	50	dKO_vs_WT_down
GO:0007409	axonogenesis	66/1098	452/14485	0.14601769911504425	1.9262899559940037	5.729869173971167	1.689492436675327e-7	1.4571179851391634e-5	1.1792919596810523e-5	Nrp2/Klf7/Map2/Gbx2/Nfasc/Lamc2/Vangl2/Tgfb2/Vim/Zeb2/Kif5c/Pax6/Flrt3/Trim46/Unc5c/Nexn/Sema3e/Sema3c/Dpysl5/Actb/Smo/Hoxa1/Wnt7a/Foxp1/Numbl/Pak1/Ilk/Efnb2/Palld/Map1s/Itgb1/Prtg/Ryk/Sema3b/Stxbp5/Unc5b/Efna2/Arhgef25/Kif5a/Slit3/Pmp22/Ntn1/Nog/Erbb2/Wnt3/Actg1/Lamb1/Gli3/Edn1/Dbn1/Map1b/Vcl/Wnt5a/Nefl/Ctnnd2/Sema5a/Wnt7b/Prickle1/Gap43/App/Tnfrsf12a/Metrn/Efna5/Sema6a/Fgf13/Efnb1	66	dKO_vs_WT_down
GO:0051216	cartilage development	38/1098	204/14485	0.18627450980392157	2.4573645487338838	6.003545015865339	1.856547312868617e-7	1.575370227903515e-5	1.2749972632518768e-5	Sulf1/Col3a1/Tgfb2/Dlx2/Thbs1/Bmp2/Ecm1/Ccn1/Bmp8b/Hspg2/Errfi1/Evc/Gusb/Hoxa3/Hoxa5/Wnt7a/Serpinh1/Fgfr1/Bbs2/Hyal2/Tgfbr2/Chst11/Efemp1/Nog/Col1a1/Axin2/Mboat2/Gli3/Bmp6/Edn1/Wnt5a/Loxl2/Bmp1/Ccn4/Wnt7b/Runx1/Pkdcc/Bgn	38	dKO_vs_WT_down
GO:0030048	actin filament-based movement	26/1098	112/14485	0.23214285714285715	3.062467473328129	6.275180220797599	1.9863812569788578e-7	1.6587859988834555e-5	1.3425083015003306e-5	Ikzf2/Gsn/Zeb2/Actc1/Camk2d/Sri/Limch1/Cav1/Parva/Tpm1/Myo5a/Myl6/Myl6b/Rangrf/Myo1c/Dsp/Dbn1/Tnnc1/Myh9/Emp2/Pkp2/Dsc2/Bin1/Acta2/Fgf13/Flna	26	dKO_vs_WT_down
GO:0016055	Wnt signaling pathway	63/1098	426/14485	0.14788732394366197	1.9509543600400214	5.70546511755025	2.0398890243117593e-7	1.676852524516276e-5	1.3571301156810963e-5	Sulf1/Wnt6/Wnt10a/Vangl2/Zeb2/Cd44/Fermt1/Bmp2/Bcl9/Pitx2/Wls/Trabd2b/Wnt4/Cdk14/Cav1/Wnt7a/Ppm1n/Ruvbl2/Lrrk1/Ilk/Tgfb1i1/Ccnd1/Adgra2/Nkd1/Cyld/Amotl1/Amotl2/Ryk/Tnfaip3/Apc2/Dapk3/Gli1/Kremen1/Egfr/Tcf7/Tmem88/Tax1bp3/Nog/Col1a1/Itga3/Fzd2/Wnt3/Axin2/Gli3/Edn1/Barx1/Wnt5a/Lats2/Ctnnd2/Sema5a/Myc/Ccn4/Wnt7b/Prickle1/App/Prkn/Nkx2-5/Ptk7/Mcc/Tmem132a/Tcf7l2/Gpc4/Gpc3	63	dKO_vs_WT_down
GO:0060562	epithelial tube morphogenesis	57/1098	371/14485	0.15363881401617252	2.0268289808964104	5.738043182316908	2.1582668085073178e-7	1.7468679507010768e-5	1.4137958284068177e-5	Rdh10/Casp8/Wnt6/Gbx2/Vangl2/Tgfb2/Zeb2/Cd44/Bmp2/Csf1/Pitx2/Wnt4/Sema3e/Cxcl10/Flt1/Stard13/Met/Smo/Hoxa5/Tacstd2/Foxp1/Rasip1/Pak1/Ilk/Adm/Tead1/Efnb2/Col4a1/Tgfbr2/Cited2/Perp/Gja1/Ntn1/Alox12/Pfn1/Nog/Rock2/Gli3/Tfap2a/Edn1/Irx1/Irx2/Wnt5a/Mmp14/Spry2/Sema5a/Grhl2/Myc/Prickle1/T/Nkx2-5/Ddr1/Ptk7/Cfl1/Sufu/Gpc3/Cited1	57	dKO_vs_WT_down
GO:0051495	positive regulation of cytoskeleton organization	35/1098	181/14485	0.19337016574585636	2.550971630991557	6.013373609487967	2.2015259239376127e-7	1.7548830130054214e-5	1.4202826734174867e-5	Gsn/Dstn/Stmn2/Nes/S100a10/Rhoc/Wnt4/Wdr1/Limch1/Clip1/Cav1/Met/Arhgef5/Pak1/Arhgef10/Fhod1/Tpm1/Sh3pxd2b/Pfn1/Myo1c/Rock2/Cfl2/Edn1/Map1b/Synpo2l/Sorbs3/Sema5a/Cdc42ep1/Pdxp/Hspa1b/Hspa1a/Prkce/Bin1/Cfl1/Flna	35	dKO_vs_WT_down
GO:0010595	positive regulation of endothelial cell migration	24/1098	99/14485	0.24242424242424243	3.198101230888116	6.284909887736028	2.46181843455755e-7	1.933078624508548e-5	1.5645020530691737e-5	Ptgs2/Thbs1/Anxa3/Met/Wnt7a/Foxp1/Emc10/Rras/Pik3c2a/Igf2/Fgfr1/Adgra2/Bcar1/Amotl1/Ets1/Alox12/Plk2/Wnt5a/Sema5a/Pdgfb/Hdac7/Anxa1/Amot/Tmsb4x	24	dKO_vs_WT_down
GO:0043542	endothelial cell migration	38/1098	209/14485	0.18181818181818182	2.398575923166087	5.832566744796722	3.534057079145614e-7	2.7342168078507465e-5	2.2128886819108374e-5	Ptgs2/Zeb2/Spred1/Thbs1/Svbp/Anxa3/Stard13/Met/Wnt7a/Foxp1/Emc10/Rras/Pik3c2a/Igf2/Efnb2/Fgfr1/Adgra2/Bcar1/Cdh13/Itgb1/Amotl1/Ets1/Alox12/Plk2/Wnt5a/Loxl2/Sema5a/Myh9/Card10/Sh3bp1/Pdgfb/Hdac7/Emp2/Fstl1/Cyp1b1/Anxa1/Amot/Tmsb4x	38	dKO_vs_WT_down
GO:0048659	smooth muscle cell proliferation	34/1098	177/14485	0.192090395480226	2.53408868718677	5.881003409869733	3.849827174122437e-7	2.935353733776542e-5	2.3756751974561793e-5	Sulf1/Ptgs2/Thbs1/Bmp2/Tgm2/Camk2d/Flt1/Cav1/Foxp1/Pak1/Ilk/Mmp2/Cdh13/Cyba/Cnn1/Tpm1/Htr1b/Tgfbr2/Tnfaip3/Gja1/Timp3/Igfbp3/Egfr/Alox12/Id2/Edn1/Myc/Ccn4/Pdgfb/Hbegf/Gstp2/Efemp2/Tcf7l2/Apln	34	dKO_vs_WT_down
GO:0061138	morphogenesis of a branching epithelium	38/1098	210/14485	0.18095238095238095	2.3871541330557724	5.7989598993474445	4.0067598364754144e-7	3.011366214242451e-5	2.4371945170741428e-5	Sulf1/Rdh10/Wnt6/Gbx2/Vangl2/Cd44/Bmp2/Tgm2/Csf1/Pitx2/Wnt4/Sema3e/Sema3c/Flt1/Met/Smo/Hoxa5/Tacstd2/Rasip1/Pak1/Ilk/Adm/Col4a1/Fgfr1/Tgfbr2/Nog/Gli3/Edn1/Wnt5a/Mmp14/Spry2/Sema5a/Grhl2/Myc/Pdgfb/Ddr1/Gpc3/Cited1	38	dKO_vs_WT_down
GO:0007517	muscle organ development	51/1098	325/14485	0.15692307692307692	2.070155527532577	5.588055994701284	4.874854969938632e-7	3.6121988727953726e-5	2.9234675097704622e-5	Col3a1/Cflar/Gpc1/Vangl2/Casq1/Tgfb2/Actc1/Bmp2/Jph2/Lmna/Bcl9/Pitx2/Cntfr/Selenon/Eln/Cav1/Met/Smo/Foxp1/Igf2/Acta1/Itgb1/Usp2/Cryab/Tpm1/Cited2/Gja1/Myl6/Myl6b/Pmp22/Nog/Fzd2/Sox11/Cfl2/Foxc1/Dsp/Flnb/Tnnc1/Zfpm2/Myc/Plec/Maff/Hdac7/Pkp2/Nkx2-5/Uqcc2/Actn3/Efemp2/Ankrd1/Tcf7l2/Fhl1	51	dKO_vs_WT_down
GO:0048705	skeletal system morphogenesis	41/1098	240/14485	0.17083333333333334	2.2536619611414697	5.608653871809051	6.923193876972543e-7	5.058739303715632e-5	4.0941987181804e-5	Sulf1/Rdh10/Col3a1/Twist2/Tgfb2/Sp5/Dlx2/Thbs1/Schip1/Slc39a1/Hspg2/Atg9b/Gusb/Hoxa1/Hoxa3/Hoxa5/Hoxa7/Wnt7a/Serpinh1/Mmp2/Ryk/Hyal2/Tgfbr2/Cited2/Chst11/Sh3pxd2b/Nog/Col1a1/Axin2/Sox11/Gli3/Foxc1/Bmp6/Tfap2a/Mmp14/Grhl2/Has2/Myc/T/Cdx1/Actn3	41	dKO_vs_WT_down
GO:0030010	establishment of cell polarity	31/1098	158/14485	0.1962025316455696	2.5883366765811258	5.749065727680772	7.710840182556594e-7	5.55708632882606e-5	4.49752682601895e-5	Map2/Vangl2/Gsn/Pax6/Fermt1/Lmna/Patj/Wnt7a/Frmd4b/Pak1/Fat1/Rhou/Itgb1/Amotl1/Amotl2/Gja1/Flot2/Ccdc85c/Map1b/Wnt5a/Spry2/Myh9/Sh3bp1/Prickle1/Phldb2/Ptk7/Cfl1/Fam89b/Fgf13/Msn/Amot	31	dKO_vs_WT_down
GO:0120193	tight junction organization	19/1098	71/14485	0.2676056338028169	3.530298365786705	6.12086001078784	8.626945912075431e-7	6.133292222084979e-5	4.963868593790201e-5	Cgn/Patj/Cldn4/Lsr/Marveld3/Itgb1/Gja1/Cldn7/Myo1c/Actg1/Rock2/Ocln/Marveld2/Grhl2/Plec/Pkp2/Afdn/Cldn6/Mpp7	19	dKO_vs_WT_down
GO:0030239	myofibril assembly	18/1098	65/14485	0.27692307692307694	3.6532156368221944	6.1397458287653315	9.645177528323258e-7	6.765770530201154e-5	5.4757534178340454e-5	Cflar/Csrp1/Casq1/Actc1/Myl9/Wdr1/Flnc/Acta1/Itgb1/Tpm1/Krt19/Actg1/Cfl2/Edn1/Synpo2l/Plec/Krt8/Nkx2-5	18	dKO_vs_WT_down
GO:0003012	muscle system process	55/1098	371/14485	0.14824797843665768	1.9557121745491683	5.340633960916958	1.1238515034846815e-6	7.77971415767488e-5	6.29637026536778e-5	Sulf1/Cflar/Ptgs2/Casq1/Gsn/Actc1/Gatm/Bmp2/Tnnc2/Lmna/Camk2d/Tpm2/Selenon/Htr1d/Errfi1/Sri/Gusb/Flt1/Cav1/Met/Foxp1/Ppp1r13l/Pak1/Tead1/Sorbs2/Tpm4/Bbs2/Cyba/Tpm1/Utrn/Myl6/Myl6b/Smtn/Meis1/Adra1b/Anxa6/Rangrf/Mtmr4/Gaa/Rock2/Dsp/Edn1/Dbn1/Adk/Tnnc1/Ccn4/Pkp2/Nkx2-5/Dsc2/Bin1/Actn3/Acta2/Gsto1/Fgf13/Flna	55	dKO_vs_WT_down
GO:0010594	regulation of endothelial cell migration	30/1098	153/14485	0.19607843137254902	2.586699524983035	5.650551061731093	1.1737350594657801e-6	8.019506685518792e-5	6.49044198980052e-5	Ptgs2/Spred1/Thbs1/Svbp/Anxa3/Stard13/Met/Wnt7a/Foxp1/Emc10/Rras/Pik3c2a/Igf2/Fgfr1/Adgra2/Bcar1/Amotl1/Ets1/Alox12/Plk2/Wnt5a/Sema5a/Card10/Sh3bp1/Pdgfb/Hdac7/Emp2/Anxa1/Amot/Tmsb4x	30	dKO_vs_WT_down
GO:0048864	stem cell development	21/1098	86/14485	0.2441860465116279	3.221343245647477	5.917013059871182	1.209188131734581e-6	8.155818924430296e-5	6.600763823031553e-5	Rdh10/Nrp2/Gbx2/Zeb2/Pax6/Pitx2/Sema3e/Sema3c/Radil/Smo/Wnt7a/Sema3b/Cited2/Foxc1/Tfap2a/Edn1/Sema5a/Wnt7b/Sema6a/Cfl1/Efnb1	21	dKO_vs_WT_down
GO:0032231	regulation of actin filament bundle assembly	24/1098	108/14485	0.2222222222222222	2.931592794980773	5.770283015904956	1.3509078808792067e-6	8.976064284052285e-5	7.264614497742372e-5	S100a10/Rhoc/Wnt4/Limch1/Met/Arhgef5/Tacstd2/Pak1/Arhgef10/Fhod1/Tpm1/Sh3pxd2b/Pfn1/Actg1/Rock2/Dbn1/Synpo2l/Sorbs3/Phldb2/Prkn/Arhgap28/Cfl1/Flna/Arhgap6	24	dKO_vs_WT_down
GO:0003149	membranous septum morphogenesis	7/1098	10/14485	0.7	9.234517304189435	7.459894004603505	1.3819829063072325e-6	8.976064284052285e-5	7.264614497742372e-5	Vangl2/Tgfb2/Nsd2/Tgfbr2/Nog/Fzd2/Id2	7	dKO_vs_WT_down
GO:0038063	collagen-activated tyrosine kinase receptor signaling pathway	7/1098	10/14485	0.7	9.234517304189435	7.459894004603505	1.3819829063072325e-6	8.976064284052285e-5	7.264614497742372e-5	Tspan9/Col4a1/Col4a2/Ubash3b/Col1a1/Ddr1/Col4a5	7	dKO_vs_WT_down
GO:0003206	cardiac chamber morphogenesis	27/1098	131/14485	0.20610687022900764	2.718996370917282	5.660149902637861	1.453344201444214e-6	9.324443711948792e-5	7.546569056279648e-5	Fhl2/Nrp2/Vangl2/Tgfb2/Bmp2/Pitx2/Ccn1/Sema3c/Nsd2/Smo/Ppp1r13l/Parva/Tpm1/Tgfbr2/Cited2/Slit3/Nog/Fzd2/Id2/Sox11/Foxc1/Dsp/Tnnc1/Grhl2/Zfpm2/Pkp2/Nkx2-5	27	dKO_vs_WT_down
GO:0120192	tight junction assembly	18/1098	67/14485	0.26865671641791045	3.5441644237827257	5.9776965184851365	1.5680797094510089e-6	9.939358254725009e-5	8.044238966048613e-5	Cgn/Patj/Cldn4/Lsr/Marveld3/Itgb1/Gja1/Cldn7/Myo1c/Actg1/Rock2/Ocln/Marveld2/Grhl2/Pkp2/Afdn/Cldn6/Mpp7	18	dKO_vs_WT_down
GO:0050767	regulation of neurogenesis	60/1098	424/14485	0.14150943396226415	1.8668161666151148	5.188067563112155	1.778332021303596e-6	1.1137862814378832e-4	9.01422684984091e-5	Map2/Dusp10/Vim/Zeb2/Dlx2/Pax6/B2m/Bmp2/Tgm2/Dhx36/Trim46/S100a10/Wls/Cdkn2b/Lrp8/Dpysl5/Flt1/Met/Smo/Wnt7a/Bhlhe40/Numbl/Pak1/Ilk/Itgb1/Ldlr/Anxa2/Prtg/Ryk/Marcks/Grip1/Egfr/Ntn1/Kctd11/Arrb2/Nog/Nr1d1/Wnt3/Id2/Sox11/Gli3/Dbn1/Map1b/Wnt5a/Nefl/Ctnnd2/Sema5a/Myc/Wnt7b/Afdn/Tnfrsf12a/Metrn/Efna5/Bin1/Clcf1/Il33/Cask/Fgf13/Cysltr1/Bex1	60	dKO_vs_WT_down
GO:0045785	positive regulation of cell adhesion	62/1098	444/14485	0.13963963963963963	1.842149526575756	5.161613370085377	1.879617477053998e-6	1.1633726525624805e-4	9.415545132734888e-5	Cd28/Spta1/Itpkb/Dusp10/Tgfb2/Cd44/Thbs1/B2m/Fermt1/Tgm2/S100a10/Csf1/Ccn1/Shb/Sfn/Wnt4/Cdk6/Actb/Cav1/Myadm/Rras/Ilk/Igf2/Efnb2/Dhps/Cyld/Cdh13/Piezo1/Itgb1/Ets1/Tpm1/Tgfbr2/Utrn/Cited2/Flot2/Itga3/Erbb2/Lamb1/Gli3/Nedd9/Dbn1/Adk/Wnt5a/Sdc2/Has2/Myh9/Lgals1/Pdgfb/Emp2/Pkp2/Ccdc80/Runx1/Afdn/Tnfsf9/Prkce/Socs5/Efemp2/Cfl1/Stx3/Anxa1/Flna/Efnb1	62	dKO_vs_WT_down
GO:0090132	epithelium migration	23/1098	103/14485	0.22330097087378642	2.945823827966117	5.675658859380693	2.0426109480730575e-6	1.249555371838646e-4	1.0113049308391085e-4	Irs1/Dusp10/Tgfb2/Vim/Zeb2/Fermt1/Glipr2/Tacstd2/Irs2/Marveld3/Tgfbr2/Pfn1/Itga3/Wnt5a/Ltb4r2/Sdc2/Grhl2/Has2/Eppk1/Prkce/Mapre2/Hbegf/Mcc	23	dKO_vs_WT_down
GO:0001570	vasculogenesis	21/1098	90/14485	0.23333333333333334	3.078172434729812	5.6637072420407835	2.6683700186538896e-6	1.609514486107084e-4	1.3026312980928489e-4	Spred1/Pitx2/Cav1/Smo/Wnt7a/Rras/Rasip1/Adm/Fgfr1/Junb/Tgfbr2/Cited2/Zfpm2/Has2/Wnt7b/Hdac7/Emp2/T/Nkx2-5/Cited1/Amot	21	dKO_vs_WT_down
GO:0040036	regulation of fibroblast growth factor receptor signaling pathway	12/1098	33/14485	0.36363636363636365	4.797151846332174	6.2539550384762155	2.6922120277024024e-6	1.609514486107084e-4	1.3026312980928489e-4	Sulf1/Gpc1/Creb3l1/Thbs1/Wnt4/Itgb1/Nog/Wnt5a/Spry2/Pdgfb/Tcf7l2/Apln	12	dKO_vs_WT_down
GO:2001236	regulation of extrinsic apoptotic signaling pathway	29/1098	151/14485	0.19205298013245034	2.5335950976489467	5.425244078428	2.729093620253981e-6	1.613231633275977e-4	1.3056397035987407e-4	Cflar/Casp8/Tmbim1/Pea15a/Tgfb2/Thbs1/Mal/Bcl2l1/Lmna/Cav1/Fgfr1/Cyld/Hyal2/Tnfaip3/Eya4/Unc5b/Dapk3/Inhba/Lgals3/App/Tnfrsf12a/Hspa1b/Hspa1a/Ltb/Birc6/Gstp2/Itprip/Acsl5/Tcf7l2	29	dKO_vs_WT_down
GO:0060070	canonical Wnt signaling pathway	45/1098	289/14485	0.15570934256055363	2.0541437404277043	5.184054477105879	2.821648046245067e-6	1.6344806609656747e-4	1.322837217980603e-4	Wnt6/Wnt10a/Zeb2/Fermt1/Bmp2/Bcl9/Wls/Wnt4/Cdk14/Cav1/Wnt7a/Ppm1n/Ruvbl2/Lrrk1/Ilk/Adgra2/Nkd1/Cyld/Apc2/Dapk3/Gli1/Kremen1/Egfr/Tcf7/Tmem88/Nog/Col1a1/Fzd2/Wnt3/Axin2/Gli3/Edn1/Wnt5a/Lats2/Ctnnd2/Sema5a/Wnt7b/Prickle1/App/Prkn/Nkx2-5/Ptk7/Mcc/Tcf7l2/Gpc3	45	dKO_vs_WT_down
GO:1901342	regulation of vasculature development	42/1098	262/14485	0.16030534351145037	2.114774955157886	5.214900664734365	2.8271762050537237e-6	1.6344806609656747e-4	1.322837217980603e-4	Sulf1/Tgfb2/Vash2/Creb3l1/Spred1/Thbs1/Tgm2/Ecm1/F3/Ddah1/Wnt4/Sema3e/Cxcl10/Anxa3/Flt1/Stard13/Tspan12/Hoxa5/Emc10/Rras/Adm/Rnh1/Igf2/Col4a2/Adgra2/Itgb1/Ets1/Tgfbr2/Rock2/Foxc1/Plk2/Wnt5a/Lgals3/Spry2/Sema5a/Emp2/Runx1/Tnfrsf12a/Cyp1b1/Sema6a/Cysltr1/Amot	42	dKO_vs_WT_down
GO:0003231	cardiac ventricle development	27/1098	136/14485	0.19852941176470587	2.619033269045323	5.432731053194723	3.0995878868486138e-6	1.7532463616700967e-4	1.4189580794036637e-4	Vangl2/Tgfb2/Pitx2/Ccn1/Sema3c/Nsd2/Ppp1r13l/Tpm1/Tgfbr2/Cited2/Prdm1/Slit3/Nog/Fzd2/Id2/Sox11/Foxc1/Dsp/Wnt5a/Tnnc1/Grhl2/Zfpm2/Pkp2/Nkx2-5/Ptk7/Ltbp1/Sufu	27	dKO_vs_WT_down
GO:0043297	apical junction assembly	18/1098	70/14485	0.2571428571428571	3.3922716627634655	5.745872555391575	3.123593193806102e-6	1.7532463616700967e-4	1.4189580794036637e-4	Cgn/Rhoc/Wdr1/Cldn4/Marveld3/Itgb1/Gja1/Cldn7/Myo1c/Rock2/Ocln/Marveld2/Vcl/Grhl2/Pkp2/Afdn/Cldn6/Mpp7	18	dKO_vs_WT_down
GO:0030038	contractile actin filament bundle assembly	24/1098	113/14485	0.21238938053097345	2.801876299627642	5.506927854466027	3.1659077049735636e-6	1.7532463616700967e-4	1.4189580794036637e-4	Zeb2/Myl9/S100a10/Rhoc/Wnt4/Limch1/Eln/Met/Zyx/Arhgef5/Tacstd2/Pak1/Arhgef10/Fhod1/Tpm1/Sh3pxd2b/Pfn1/Actg1/Rock2/Synpo2l/Sorbs3/Phldb2/Arhgap28/Arhgap6	24	dKO_vs_WT_down
GO:0043149	stress fiber assembly	24/1098	113/14485	0.21238938053097345	2.801876299627642	5.506927854466027	3.1659077049735636e-6	1.7532463616700967e-4	1.4189580794036637e-4	Zeb2/Myl9/S100a10/Rhoc/Wnt4/Limch1/Eln/Met/Zyx/Arhgef5/Tacstd2/Pak1/Arhgef10/Fhod1/Tpm1/Sh3pxd2b/Pfn1/Actg1/Rock2/Synpo2l/Sorbs3/Phldb2/Arhgap28/Arhgap6	24	dKO_vs_WT_down
GO:0090066	regulation of anatomical structure size	66/1098	491/14485	0.13441955193482688	1.7732852548050704	4.992445547537891	3.3332144698946785e-6	1.8266709714704067e-4	1.4783829529302605e-4	Map2/Ptgs2/Arpc5/Spta1/Gsn/Dstn/Trim46/Htr1d/Wdr1/Eln/Cav1/Wnt7a/Myadm/Plekhg2/Pak1/Ilk/Adm/Elavl1/Borcs8/Mmp2/Bbs2/Slc12a4/Itgb1/Tpm1/Htr1b/Ryk/Naa80/Itga9/Gja1/Egfr/Adra1b/Ntn1/Pfn1/Myo1c/Wnt3/Rock2/Cfl2/Foxc1/Edn1/Dbn1/Map1b/Wnt5a/Nefl/Dmtn/Ctnnd2/Sema5a/Cdc42ep1/Sh3bp1/Pdxp/Pdgfb/Wnt7b/Ap2m1/Tnfrsf12a/Efna5/Arhgap28/Prkce/Bin1/Ssh3/Cfl1/Acta2/Dusp5/Apln/Fgf13/Msn/Cysltr1/Tmsb4x	66	dKO_vs_WT_down
GO:0045765	regulation of angiogenesis	41/1098	255/14485	0.1607843137254902	2.121093610486089	5.172652626277394	3.4294973645648885e-6	1.8600603747397814e-4	1.5054060596489388e-4	Sulf1/Tgfb2/Vash2/Creb3l1/Spred1/Thbs1/Tgm2/Ecm1/F3/Ddah1/Sema3e/Cxcl10/Anxa3/Flt1/Stard13/Tspan12/Hoxa5/Emc10/Rras/Adm/Rnh1/Igf2/Col4a2/Adgra2/Itgb1/Ets1/Tgfbr2/Rock2/Foxc1/Plk2/Wnt5a/Lgals3/Spry2/Sema5a/Emp2/Runx1/Tnfrsf12a/Cyp1b1/Sema6a/Cysltr1/Amot	41	dKO_vs_WT_down
GO:0010632	regulation of epithelial cell migration	18/1098	71/14485	0.2535211267605634	3.344493188640037	5.67139227450339	3.891445549405594e-6	2.0890709219819213e-4	1.6907515840328276e-4	Irs1/Dusp10/Tgfb2/Vim/Glipr2/Tacstd2/Irs2/Marveld3/Tgfbr2/Pfn1/Itga3/Sdc2/Has2/Eppk1/Prkce/Mapre2/Hbegf/Mcc	18	dKO_vs_WT_down
GO:0003151	outflow tract morphogenesis	20/1098	85/14485	0.23529411764705882	3.104039429979642	5.571676433964007	4.001733324035054e-6	2.111573525664512e-4	1.7089636573621085e-4	Nrp2/Vangl2/Tgfb2/Thbs1/Pitx2/Sema3c/Eln/Ilk/Parva/Tgfbr2/Cited2/Nog/Fzd2/Sox11/Foxc1/Tfap2a/Edn1/Zfpm2/Prickle1/Nkx2-5	20	dKO_vs_WT_down
GO:0014032	neural crest cell development	19/1098	78/14485	0.24358974358974358	3.2134767175750785	5.613571749357235	4.013635289231157e-6	2.111573525664512e-4	1.7089636573621085e-4	Rdh10/Nrp2/Gbx2/Zeb2/Pax6/Pitx2/Sema3e/Sema3c/Radil/Smo/Sema3b/Cited2/Foxc1/Tfap2a/Edn1/Sema5a/Sema6a/Cfl1/Efnb1	19	dKO_vs_WT_down
GO:0010631	epithelial cell migration	22/1098	100/14485	0.22	2.9022768670309653	5.466666624111558	4.396594722689135e-6	2.2791784013011915e-4	1.8446116174158046e-4	Irs1/Dusp10/Tgfb2/Vim/Zeb2/Fermt1/Glipr2/Tacstd2/Irs2/Marveld3/Tgfbr2/Pfn1/Itga3/Wnt5a/Ltb4r2/Sdc2/Has2/Eppk1/Prkce/Mapre2/Hbegf/Mcc	22	dKO_vs_WT_down
GO:0048562	embryonic organ morphogenesis	46/1098	303/14485	0.15181518151815182	2.0027713153829048	5.051941029800524	4.418859474106093e-6	2.2791784013011915e-4	1.8446116174158046e-4	Rdh10/Gbx2/Twist2/Vangl2/Tgfb2/Dlx2/Pax6/Fbn1/Slc39a1/Pitx2/Hspg2/Smo/Hoxa1/Hoxa3/Hoxa5/Hoxa7/Tead1/Fgfr1/Tgfbr2/Cited2/Eya4/Gja1/Chst11/Lrig3/Gli1/Efemp1/Tcf7/Ntn1/Nog/Fzd2/Id2/Sox11/Gli3/Tfap2a/Edn1/Wnt5a/Mmp14/Spry2/Grhl2/Myc/T/Nkx2-5/Clic5/Ptk7/Sufu/Tcf7l2	46	dKO_vs_WT_down
GO:0014812	muscle cell migration	26/1098	131/14485	0.1984732824427481	2.618292801624049	5.3285626418537	4.7219472559802116e-6	2.411860632399213e-4	1.9519955697945788e-4	Arpc5/S100a11/F3/Camk2d/Pitx2/Cav1/Met/Smo/Abhd2/Pak1/Ilk/Parva/Fat1/Tpm1/Myo5a/Igfbp3/Has2/Myc/Ccn4/Myh9/Pdgfb/Ddr1/Cyp1b1/Gstp2/Anxa1/Tmsb4x	26	dKO_vs_WT_down
GO:0003205	cardiac chamber development	32/1098	180/14485	0.17777777777777778	2.345274235984619	5.201240586621767	4.795884566084686e-6	2.4260719905934165e-4	1.9634972742725256e-4	Fhl2/Nrp2/Vangl2/Tgfb2/Bmp2/Pitx2/Ccn1/Sema3c/Nsd2/Smo/Ppp1r13l/Parva/Tpm1/Tgfbr2/Cited2/Prdm1/Slit3/Nog/Fzd2/Id2/Sox11/Foxc1/Dsp/Wnt5a/Tnnc1/Grhl2/Zfpm2/Pkp2/Nkx2-5/Ptk7/Ltbp1/Sufu	32	dKO_vs_WT_down
GO:0003281	ventricular septum development	19/1098	79/14485	0.24050632911392406	3.172799797099444	5.545814627493431	4.913942446821446e-6	2.462119163116917e-4	1.9926713982348622e-4	Vangl2/Tgfb2/Pitx2/Ccn1/Nsd2/Tgfbr2/Cited2/Prdm1/Slit3/Nog/Fzd2/Id2/Sox11/Wnt5a/Zfpm2/Nkx2-5/Ptk7/Ltbp1/Sufu	19	dKO_vs_WT_down
GO:0022612	gland morphogenesis	28/1098	148/14485	0.1891891891891892	2.495815487618766	5.238217620113331	5.461026784946183e-6	2.710420935434139e-4	2.1936299250354822e-4	Sulf1/Cflar/Tgfb2/Cd44/Pax6/Tgm2/Csf1/Cdkn2a/Wnt4/Sema3c/Cav1/Met/Smo/Fgfr1/Mmp2/Tgfbr2/Perp/Tnfaip3/Gli1/Egfr/Ntn1/Nog/Gli3/Wnt5a/Pdgfb/Ddr1/Lipa/Msn	28	dKO_vs_WT_down
GO:0050679	positive regulation of epithelial cell proliferation	34/1098	199/14485	0.1708542713567839	2.253938179055569	5.100950832439123	6.057887913588469e-6	2.978555917139153e-4	2.4106400994063312e-4	Cflar/Twist2/Vash2/Ecm1/F3/Hspg2/Cav1/Smo/Wnt7a/Foxp1/Ccnd2/Emc10/Igf2/Ccnd1/Irs2/Fgfr1/Cdh13/Cyba/Tnfaip3/Egfr/Nog/Erbb2/Sox11/Bmp6/Wnt5a/Tgm1/Sema5a/Has2/Myc/Eppk1/Pdgfb/Nkx2-5/Tcf7l2/Apln	34	dKO_vs_WT_down
GO:0040037	negative regulation of fibroblast growth factor receptor signaling pathway	9/1098	20/14485	0.45	5.936475409836065	6.326689973545304	6.243919070640878e-6	3.041597984318672e-4	2.4616620507546147e-4	Sulf1/Gpc1/Creb3l1/Thbs1/Wnt4/Wnt5a/Spry2/Tcf7l2/Apln	9	dKO_vs_WT_down
GO:0035051	cardiocyte differentiation	31/1098	175/14485	0.17714285714285713	2.3368982565703877	5.095670772973499	7.2456031501851406e-6	3.4653743793749113e-4	2.804637774401808e-4	Fhl2/Speg/Vangl2/Tgfb2/Actc1/Bmp2/Dhx36/Lmna/Camk2d/Pitx2/Sema3c/Met/Foxp1/Ccnd2/Pak1/Efnb2/Sorbs2/Itgb1/Cited2/Egfr/Meis1/Adra1b/Arrb2/Inhba/Edn1/Ccn4/Plec/Pdgfb/Prickle1/T/Nkx2-5	31	dKO_vs_WT_down
GO:0048754	branching morphogenesis of an epithelial tube	31/1098	175/14485	0.17714285714285713	2.3368982565703877	5.095670772973499	7.2456031501851406e-6	3.4653743793749113e-4	2.804637774401808e-4	Rdh10/Wnt6/Gbx2/Vangl2/Cd44/Bmp2/Csf1/Pitx2/Wnt4/Sema3e/Flt1/Met/Smo/Hoxa5/Tacstd2/Rasip1/Pak1/Ilk/Col4a1/Tgfbr2/Nog/Gli3/Edn1/Wnt5a/Mmp14/Spry2/Sema5a/Myc/Ddr1/Gpc3/Cited1	31	dKO_vs_WT_down
GO:1903729	regulation of plasma membrane organization	8/1098	16/14485	0.5	6.596083788706739	6.4139967847916415	7.886126539140559e-6	3.7377397948124756e-4	3.0250717734304e-4	Gsn/S100a10/Sh3gl2/Atp10a/Anxa2/Myh9/Ahnak/Casp7	8	dKO_vs_WT_down
GO:0001503	ossification	54/1098	386/14485	0.13989637305699482	1.8455363968402276	4.822093204215063	8.184696848845468e-6	3.844615189444286e-4	3.1115694317274356e-4	Fhl2/Twist2/Ptgs2/Creb3l1/Bmp2/Dhx36/Lmna/Ecm1/Csf1/Ccn1/Bmp8b/Wnt4/Hspg2/Cdk6/Bmp2k/Gusb/Smo/Hoxa3/Ilk/Igf2/Fgfr1/Junb/Mmp2/Gja1/Gli1/Kremen1/Igfbp3/Sh3pxd2b/Nog/Col1a1/Wnt3/Axin2/Id2/Sox11/Gli3/Foxc1/Bmp6/Tfap2a/Pdlim7/Wnt5a/Mmp14/Bmp1/Ccn4/Wnt7b/Prickle1/Hdac7/Runx1/Clic1/Crim1/Pkdcc/Actn3/Tcf7l2/Gpc3/Cited1	54	dKO_vs_WT_down
GO:0042063	gliogenesis	51/1098	358/14485	0.1424581005586592	1.879331135329853	4.8247274846377595	8.72358970321576e-6	4.0614872060723995e-4	3.2870908569639264e-4	Col3a1/Gpc1/Dusp10/Tgfb2/Vim/Zeb2/Dlx2/Pax6/Mal/Bmp2/Phgdh/Csf1/Cdkn2b/Lrp8/Mxra8/Cdk6/Wdr1/Flt1/Smo/Rras/Ilk/Rras2/Sox1/Arhgef10/Ldlr/Egfr/Efemp1/Pmp22/Ntn1/Arrb2/Nog/Erbb2/Nr1d1/Id2/Sox11/Lamb1/Ccdc85c/Gli3/Mmp14/Myc/Plec/Pdgfb/Gap43/App/Afdn/Metrn/Bin1/Clcf1/Il33/Tcf7l2/Cysltr1	51	dKO_vs_WT_down
GO:0060411	cardiac septum morphogenesis	18/1098	75/14485	0.24	3.166120218579235	5.386231231765374	8.958154588634096e-6	4.134109762351226e-4	3.345866603049392e-4	Nrp2/Vangl2/Tgfb2/Pitx2/Ccn1/Sema3c/Nsd2/Smo/Parva/Tgfbr2/Cited2/Slit3/Nog/Fzd2/Id2/Sox11/Zfpm2/Nkx2-5	18	dKO_vs_WT_down
GO:0014909	smooth muscle cell migration	23/1098	112/14485	0.20535714285714285	2.709105841790268	5.200056394753931	9.137228833877564e-6	4.144048353019816e-4	3.3539102207835525e-4	Arpc5/S100a11/F3/Camk2d/Cav1/Smo/Abhd2/Pak1/Ilk/Parva/Fat1/Tpm1/Myo5a/Igfbp3/Has2/Myc/Ccn4/Myh9/Pdgfb/Ddr1/Cyp1b1/Gstp2/Tmsb4x	23	dKO_vs_WT_down
GO:0061041	regulation of wound healing	23/1098	112/14485	0.20535714285714285	2.709105841790268	5.200056394753931	9.137228833877564e-6	4.144048353019816e-4	3.3539102207835525e-4	Thbs1/Fermt1/Anxa5/F3/Wnt4/Cldn4/Cav1/Itgb1/Ubash3b/Anxa2/Cd109/Alox12/Actg1/Dmtn/Ccn4/Eppk1/Pdgfb/Phldb2/Tnfrsf12a/Prkce/Hbegf/Anxa1/Cask	23	dKO_vs_WT_down
GO:0001755	neural crest cell migration	15/1098	55/14485	0.2727272727272727	3.59786388474913	5.528004247749972	9.444973602956055e-6	4.247009070525795e-4	3.4372396062939487e-4	Nrp2/Gbx2/Zeb2/Pax6/Pitx2/Sema3e/Sema3c/Radil/Smo/Sema3b/Edn1/Sema5a/Sema6a/Cfl1/Efnb1	15	dKO_vs_WT_down
GO:0010721	negative regulation of cell development	40/1098	257/14485	0.1556420233463035	2.053255654072137	4.879015850635895	1.005236406237953e-5	4.4818209603541274e-4	3.627280341866655e-4	Map2/Dusp10/Dlx2/Cd44/Pax6/B2m/Fbn1/Trim46/Shb/Cdkn2a/Cdkn2b/Cdk6/Dpysl5/Hoxa7/Wnt7a/Ldlr/Ubash3b/Prtg/Ryk/Fbxo7/Thoc5/Ntn1/Kctd11/Nog/Erbb2/Nr1d1/Wnt3/Id2/Sox11/Gli3/Wnt5a/Sema5a/Myc/Lgals1/Wnt7b/Runx1/Socs5/Cfl1/Anxa1/Fgf13	40	dKO_vs_WT_down
GO:0048588	developmental cell growth	40/1098	258/14485	0.15503875968992248	2.045297298823795	4.851732094878363	1.104811143411346e-5	4.884379349148817e-4	3.953083657761075e-4	Nrp2/Map2/Zeb2/Pak6/Flrt3/Trim46/Camk2d/Sh3gl2/Gusb/Smo/Foxp1/Pak1/Ilk/Sorbs2/Itgb1/Ryk/Tgfbr2/Prmt2/Syt1/Meis1/Slit3/Adra1b/Ntn1/Wnt3/Edn1/Dbn1/Map1b/Vcl/Wnt5a/Ctnnd2/Sema5a/Ccn4/Prickle1/App/Prkn/Afdn/Tnfrsf12a/Ddr1/Efna5/Fgf13	40	dKO_vs_WT_down
GO:0097191	extrinsic apoptotic signaling pathway	35/1098	214/14485	0.16355140186915887	2.1575975009788397	4.885860473699428	1.1987528440051487e-5	5.25553226025924e-4	4.253469521053356e-4	Cflar/Casp8/Tmbim1/Pea15a/Tgfb2/Thbs1/Mal/Bcl2l1/Lmna/Mllt11/Cav1/Fgfr1/Ndufa13/Cyld/Hyal2/Tnfaip3/Eya4/Unc5b/Dapk3/Rock2/Inhba/Lgals3/Krt8/Krt18/App/Tnfrsf12a/Hspa1b/Hspa1a/Ltb/Birc6/Gstp2/Il33/Itprip/Acsl5/Tcf7l2	35	dKO_vs_WT_down
GO:0014033	neural crest cell differentiation	20/1098	92/14485	0.21739130434782608	2.8678625168290175	5.147151536484911	1.429508308892189e-5	6.182268972236108e-4	5.003507036423943e-4	Rdh10/Nrp2/Wnt10a/Gbx2/Zeb2/Pax6/Pitx2/Sema3e/Sema3c/Radil/Smo/Sema3b/Cited2/Foxc1/Tfap2a/Edn1/Sema5a/Sema6a/Cfl1/Efnb1	20	dKO_vs_WT_down
GO:0060412	ventricular septum morphogenesis	13/1098	44/14485	0.29545454545454547	3.8976858751448917	5.512934143344155	1.433637739237417e-5	6.182268972236108e-4	5.003507036423943e-4	Vangl2/Tgfb2/Pitx2/Nsd2/Tgfbr2/Cited2/Slit3/Nog/Fzd2/Id2/Sox11/Zfpm2/Nkx2-5	13	dKO_vs_WT_down
GO:0090497	mesenchymal cell migration	15/1098	57/14485	0.2631578947368421	3.4716230466877573	5.354518132483396	1.5163487388588593e-5	6.485781069216634e-4	5.249149036101057e-4	Nrp2/Gbx2/Zeb2/Pax6/Pitx2/Sema3e/Sema3c/Radil/Smo/Sema3b/Edn1/Sema5a/Sema6a/Cfl1/Efnb1	15	dKO_vs_WT_down
GO:0051492	regulation of stress fiber assembly	20/1098	93/14485	0.21505376344086022	2.8370252854652644	5.089789596294148	1.6933746735002204e-5	7.184551739745693e-4	5.814686378869602e-4	S100a10/Rhoc/Wnt4/Limch1/Met/Arhgef5/Tacstd2/Pak1/Arhgef10/Fhod1/Tpm1/Sh3pxd2b/Pfn1/Actg1/Rock2/Synpo2l/Sorbs3/Phldb2/Arhgap28/Arhgap6	20	dKO_vs_WT_down
GO:0007162	negative regulation of cell adhesion	41/1098	272/14485	0.15073529411764705	1.9885252598307082	4.713387457147754	1.7184132750021323e-5	7.232457791828974e-4	5.853458271480947e-4	Ildr2/Cd44/Thbs1/Bmp2/Cdkn2a/Hspg2/Sema3e/Hoxa7/Tacstd2/Myadm/Mmp2/Bcar1/Cdh13/Ubash3b/Tnfaip3/Cldn7/Alox12/Col1a1/Erbb2/Lamb1/Gli3/Dusp22/Bmp6/Lgals3/Mmp14/Dmtn/Sema5a/Lgals1/Rnd1/Phldb2/Runx1/Dusp1/Efna5/Cyp1b1/Socs5/Epcam/Sema6a/Cfl1/Anxa1/Cask/Arhgap6	41	dKO_vs_WT_down
GO:0030111	regulation of Wnt signaling pathway	45/1098	310/14485	0.14516129032258066	1.9149920676890537	4.663805590069465	1.808663235182444e-5	7.551886730392728e-4	6.111982277621542e-4	Sulf1/Vangl2/Zeb2/Fermt1/Bmp2/Wls/Trabd2b/Cdk14/Cav1/Ppm1n/Ruvbl2/Lrrk1/Ilk/Adgra2/Nkd1/Cyld/Tnfaip3/Apc2/Dapk3/Gli1/Kremen1/Egfr/Tmem88/Tax1bp3/Nog/Col1a1/Itga3/Wnt3/Axin2/Gli3/Barx1/Wnt5a/Lats2/Ctnnd2/Sema5a/Ccn4/Prickle1/App/Prkn/Nkx2-5/Ptk7/Mcc/Tmem132a/Tcf7l2/Gpc3	45	dKO_vs_WT_down
GO:0045214	sarcomere organization	13/1098	45/14485	0.28888888888888886	3.8110706334750044	5.40876627400046	1.8773414867083437e-5	7.718214901215299e-4	6.246596959836709e-4	Csrp1/Casq1/Wdr1/Flnc/Itgb1/Tpm1/Krt19/Actg1/Cfl2/Edn1/Synpo2l/Plec/Krt8	13	dKO_vs_WT_down
GO:0048863	stem cell differentiation	41/1098	273/14485	0.15018315018315018	1.9812412845199732	4.687414216568794	1.8778397782846574e-5	7.718214901215299e-4	6.246596959836709e-4	Rdh10/Nrp2/Wnt10a/Gbx2/Tgfb2/Zeb2/Pax6/Dhx36/Pitx2/Cdk6/Sema3e/Sema3c/Radil/Cdx2/Smo/Hoxa7/Tacstd2/Wnt7a/Fgfr1/Itgb1/Sema3b/Tgfbr2/Cited2/Chd3/Nog/Krt14/Wnt3/Foxc1/Tfap2a/Edn1/Sema5a/Wnt7b/Prickle1/T/Nkx2-5/Zfp36l2/Epcam/Sema6a/Cfl1/Efnb1/Tmsb4x	41	dKO_vs_WT_down
GO:0060415	muscle tissue morphogenesis	17/1098	72/14485	0.2361111111111111	3.1148173446670713	5.1518797184755565	1.9904998324509528e-5	8.11784466552284e-4	6.570030046727135e-4	Col3a1/Vangl2/Tgfb2/Actc1/Bmp2/Pitx2/Tpm1/Nog/Fzd2/Foxc1/Dsp/Tnnc1/Zfpm2/Pkp2/Nkx2-5/Efemp2/Ankrd1	17	dKO_vs_WT_down
GO:0060560	developmental growth involved in morphogenesis	40/1098	265/14485	0.1509433962264151	1.9912705777227893	4.664113938105715	2.098982079864728e-5	8.494419017052564e-4	6.874803654293785e-4	Rdh10/Nrp2/Map2/Vangl2/Zeb2/Pak6/Flrt3/Trim46/Csf1/Sh3gl2/Smo/Pak1/Ilk/Nkd1/Itgb1/Ryk/Tgfbr2/Syt1/Slit3/Ntn1/Wnt3/Edn1/Dbn1/Map1b/Vcl/Wnt5a/Spry2/Ctnnd2/Sema5a/Wnt7b/Prickle1/App/Prkn/Afdn/Tnfrsf12a/Ddr1/Ptk7/Efna5/Cfl1/Fgf13	40	dKO_vs_WT_down
GO:0048661	positive regulation of smooth muscle cell proliferation	22/1098	110/14485	0.2	2.6384335154826957	4.939978236034258	2.2008099152052725e-5	8.838519819767129e-4	7.153295385299579e-4	Sulf1/Ptgs2/Thbs1/Tgm2/Camk2d/Flt1/Foxp1/Pak1/Mmp2/Cdh13/Cyba/Htr1b/Tgfbr2/Gja1/Egfr/Alox12/Id2/Edn1/Myc/Ccn4/Pdgfb/Hbegf	22	dKO_vs_WT_down
GO:0043534	blood vessel endothelial cell migration	23/1098	118/14485	0.19491525423728814	2.571354697292458	4.908355186590597	2.2342562475043e-5	8.904865241000094e-4	7.206990846216024e-4	Ptgs2/Spred1/Thbs1/Stard13/Pik3c2a/Igf2/Efnb2/Fgfr1/Itgb1/Amotl1/Ets1/Alox12/Plk2/Myh9/Card10/Sh3bp1/Pdgfb/Hdac7/Emp2/Cyp1b1/Anxa1/Amot/Tmsb4x	23	dKO_vs_WT_down
GO:1901881	positive regulation of protein depolymerization	8/1098	18/14485	0.4444444444444444	5.863185589961546	5.912506780283201	2.3368894244900877e-5	9.243891174618308e-4	7.481375324149114e-4	Dstn/Stmn2/Nes/Wdr1/Cfl2/Sema5a/Pdxp/Cfl1	8	dKO_vs_WT_down
GO:0045926	negative regulation of growth	35/1098	221/14485	0.1583710407239819	2.0892573086401436	4.673150317116169	2.4342410319921146e-5	9.496804350844977e-4	7.686066006896414e-4	Map2/Dusp10/Tgfb2/Trim46/Cth/Cdkn2a/Plac8/Foxp1/Rerg/Pak1/Bst2/Bbs2/Mt2/Mt1/Cryab/Ryk/Hyal2/Tgfbr2/Cited2/Gja1/Sertad2/Slit3/Ntn1/Nog/Wnt3/Inhba/Wnt5a/Sema5a/Hspa1b/Hspa1a/Cfl1/Tcf7l2/Gpc3/Fhl1/Fgf13	35	dKO_vs_WT_down
GO:0050919	negative chemotaxis	13/1098	46/14485	0.2826086956521739	3.728221271877722	5.307545731380224	2.436929457069135e-5	9.496804350844977e-4	7.686066006896414e-4	Nrp2/Flrt3/Unc5c/Sema3e/Sema3c/Ryk/Sema3b/Slit3/Ntn1/Wnt5a/Sema5a/Efna5/Sema6a	13	dKO_vs_WT_down
GO:0010763	positive regulation of fibroblast migration	9/1098	23/14485	0.391304347826087	5.162152530292231	5.720994465000675	2.466317693463886e-5	9.540659842142284e-4	7.721559651750325e-4	Thbs1/Pak1/Fgfr1/Itgb1/Tfap2a/Dmtn/Pdgfb/Prkce/Acta2	9	dKO_vs_WT_down
GO:0010811	positive regulation of cell-substrate adhesion	25/1098	135/14485	0.18518518518518517	2.442993995817311	4.824021716082358	2.5043735998280937e-5	9.617160225325256e-4	7.783473846565224e-4	Thbs1/Fermt1/S100a10/Csf1/Ccn1/Wnt4/Cdk6/Myadm/Rras/Ilk/Cdh13/Itgb1/Utrn/Itga3/Nedd9/Dbn1/Has2/Myh9/Pdgfb/Emp2/Ccdc80/Prkce/Efemp2/Cfl1/Flna	25	dKO_vs_WT_down
GO:0045109	intermediate filament organization	11/1098	34/14485	0.3235294117647059	4.268054216222008	5.4636586356055235	2.5374309596678926e-5	9.673495854212161e-4	7.829068063963863e-4	Vim/Krt19/Krt14/Krt17/Dsp/Nefl/Eppk1/Plec/Prph/Krt7/Pkp2	11	dKO_vs_WT_down
GO:0003279	cardiac septum development	23/1098	119/14485	0.19327731092436976	2.549746674626135	4.861497415648575	2.574437201043663e-5	9.743966988986123e-4	7.886102596154197e-4	Nrp2/Vangl2/Tgfb2/Pitx2/Ccn1/Sema3c/Nsd2/Smo/Parva/Tgfbr2/Cited2/Prdm1/Slit3/Nog/Fzd2/Id2/Sox11/Wnt5a/Zfpm2/Nkx2-5/Ptk7/Ltbp1/Sufu	23	dKO_vs_WT_down
GO:0042310	vasoconstriction	18/1098	81/14485	0.2222222222222222	2.931592794980773	4.992525896966263	2.7704546142806355e-5	0.001027453801349807	8.31551061227097e-4	Ptgs2/Htr1d/Cav1/Adm/Mmp2/Bbs2/Itgb1/Htr1b/Itga9/Gja1/Egfr/Adra1b/Edn1/Pdgfb/Acta2/Dusp5/Apln/Cysltr1	18	dKO_vs_WT_down
GO:0045104	intermediate filament cytoskeleton organization	14/1098	53/14485	0.2641509433962264	3.4847235110148813	5.189870730215714	2.7732073710639156e-5	0.001027453801349807	8.31551061227097e-4	Vim/Nes/Krt19/Krt14/Krt17/Dsp/Nefl/Eppk1/Plec/Prph/Krt7/Krt18/Ppl/Pkp2	14	dKO_vs_WT_down
GO:0051496	positive regulation of stress fiber assembly	14/1098	53/14485	0.2641509433962264	3.4847235110148813	5.189870730215714	2.7732073710639156e-5	0.001027453801349807	8.31551061227097e-4	S100a10/Rhoc/Wnt4/Limch1/Arhgef5/Pak1/Arhgef10/Fhod1/Tpm1/Sh3pxd2b/Pfn1/Rock2/Synpo2l/Sorbs3	14	dKO_vs_WT_down
GO:0050769	positive regulation of neurogenesis	42/1098	287/14485	0.14634146341463414	1.9305611088897772	4.560117748735154	2.8061755274672896e-5	0.0010323978636367422	8.355524481858805e-4	Vim/Zeb2/Pax6/Bmp2/Tgm2/Dhx36/Wls/Lrp8/Flt1/Met/Smo/Numbl/Pak1/Ilk/Itgb1/Marcks/Grip1/Egfr/Ntn1/Arrb2/Nog/Wnt3/Id2/Sox11/Gli3/Dbn1/Map1b/Wnt5a/Nefl/Ctnnd2/Sema5a/Myc/Afdn/Tnfrsf12a/Metrn/Efna5/Bin1/Clcf1/Il33/Cask/Cysltr1/Bex1	42	dKO_vs_WT_down
GO:0110020	regulation of actomyosin structure organization	21/1098	104/14485	0.20192307692307693	2.6638030685161835	4.876720256631378	2.8903098580545288e-5	0.0010559666780017274	8.546274397536965e-4	S100a10/Rhoc/Wnt4/Limch1/Met/Arhgef5/Tacstd2/Pak1/Arhgef10/Fhod1/Tpm1/Sh3pxd2b/Pfn1/Actg1/Rock2/Edn1/Synpo2l/Sorbs3/Phldb2/Arhgap28/Arhgap6	21	dKO_vs_WT_down
GO:0001558	regulation of cell growth	53/1098	395/14485	0.1341772151898734	1.7700883078554794	4.444136373465804	3.217271858238645e-5	0.0011673149824961042	9.447451663575549e-4	Map2/Kif14/Tgfb2/Cd44/Trim46/Cth/Creb3/Cdkn2a/Ptch2/Sfn/Foxp1/Rerg/Pak1/Ilk/Tead1/Bst2/Cyba/Cryab/Ryk/Hyal2/Gja1/Syt1/Igfbp3/Egfr/Sertad2/Slit3/Pttg1/Ntn1/Cxcl16/Erbb2/Igfbp4/Krt17/Wnt3/Inhba/Edn1/Dbn1/Map1b/Wnt5a/Mmp14/Ctnnd2/Sema5a/Ccn4/Prkn/Afdn/Tnfrsf12a/Hspa1b/Hspa1a/Ddr1/Efna5/Hbegf/Cfl1/Fhl1/Fgf13	53	dKO_vs_WT_down
GO:0006936	muscle contraction	39/1098	261/14485	0.14942528735632185	1.9712434311077613	4.534623901473842	3.34395925068386e-5	0.0012049705217703963	9.752209927192655e-4	Sulf1/Ptgs2/Casq1/Gsn/Actc1/Tnnc2/Camk2d/Tpm2/Selenon/Htr1d/Sri/Flt1/Cav1/Met/Ppp1r13l/Tpm4/Bbs2/Tpm1/Myl6/Myl6b/Smtn/Adra1b/Anxa6/Rangrf/Gaa/Rock2/Dsp/Edn1/Dbn1/Tnnc1/Pkp2/Nkx2-5/Dsc2/Bin1/Actn3/Acta2/Gsto1/Fgf13/Flna	39	dKO_vs_WT_down
GO:0045103	intermediate filament-based process	14/1098	54/14485	0.25925925925925924	3.420191594144235	5.1027255590359175	3.4854856614098253e-5	0.0012474244941957204	0.0010095803437452733	Vim/Nes/Krt19/Krt14/Krt17/Dsp/Nefl/Eppk1/Plec/Prph/Krt7/Krt18/Ppl/Pkp2	14	dKO_vs_WT_down
GO:0010761	fibroblast migration	16/1098	68/14485	0.23529411764705882	3.104039429979642	4.980519878948668	3.632462184531948e-5	0.0012762123412186656	0.0010328792645443636	Zeb2/Prr5l/Thbs1/Schip1/Pak1/Ilk/Fgfr1/Itgb1/Hyal2/Pmp22/Tfap2a/Dmtn/Plec/Pdgfb/Prkce/Acta2	16	dKO_vs_WT_down
GO:0010812	negative regulation of cell-substrate adhesion	15/1098	61/14485	0.2459016393442623	3.2439756337901997	5.029722142110951	3.638697038258883e-5	0.0012762123412186656	0.0010328792645443636	Thbs1/Cdkn2a/Sema3e/Hoxa7/Tacstd2/Bcar1/Col1a1/Dusp22/Mmp14/Dmtn/Lgals1/Phldb2/Efna5/Cask/Arhgap6	15	dKO_vs_WT_down
GO:0070830	bicellular tight junction assembly	15/1098	61/14485	0.2459016393442623	3.2439756337901997	5.029722142110951	3.638697038258883e-5	0.0012762123412186656	0.0010328792645443636	Cgn/Cldn4/Marveld3/Itgb1/Gja1/Cldn7/Myo1c/Rock2/Ocln/Marveld2/Grhl2/Pkp2/Afdn/Cldn6/Mpp7	15	dKO_vs_WT_down
GO:0043254	regulation of protein-containing complex assembly	54/1098	408/14485	0.1323529411764706	1.7460221793635489	4.377544423203886	3.9749907194306806e-5	0.0013849288857566099	0.0011208670240569609	Map2/Ikbke/Kif14/Arpc5/Spta1/Gsn/Fermt1/Hck/Stmn2/Rhoc/Gbp2/Trabd2b/Clip1/Eln/Ica1/Cav1/Met/Arhgef5/Myadm/Plekhg2/Clip3/Rasip1/Pak1/Palld/Abhd8/Piezo1/Cryab/Tpm1/Stxbp5/Cldn7/Pfn1/Myo1c/Stxbp6/Kcnk13/Dbn1/Map1b/Lgals3/Ajuba/Lats2/Dmtn/Cdc42ep1/Syngr3/Hspa1b/Hspa1a/Tubb4a/Arhgap28/Prkce/Mpp7/Bin1/Ssh3/Cfl1/Syp/Msn/Tmsb4x	54	dKO_vs_WT_down
GO:0043536	positive regulation of blood vessel endothelial cell migration	14/1098	55/14485	0.2545454545454545	3.3580062924325214	5.0176103826343885	4.353140203253698e-5	0.0014934851029593517	0.0012087250255545929	Ptgs2/Thbs1/Pik3c2a/Igf2/Fgfr1/Amotl1/Ets1/Alox12/Plk2/Pdgfb/Hdac7/Anxa1/Amot/Tmsb4x	14	dKO_vs_WT_down
GO:2001238	positive regulation of extrinsic apoptotic signaling pathway	14/1098	55/14485	0.2545454545454545	3.3580062924325214	5.0176103826343885	4.353140203253698e-5	0.0014934851029593517	0.0012087250255545929	Casp8/Pea15a/Tgfb2/Thbs1/Mal/Cav1/Cyld/Hyal2/Unc5b/Dapk3/Inhba/App/Tnfrsf12a/Ltb	14	dKO_vs_WT_down
GO:0010720	positive regulation of cell development	61/1098	480/14485	0.12708333333333333	1.6765046296296295	4.316717535943626	4.371729820485462e-5	0.0014934851029593517	0.0012087250255545929	Casp8/Itpkb/Dusp10/Il15ra/Vim/Zeb2/Pax6/Bmp2/Tgm2/Dhx36/Csf1/Wls/Shb/Lrp8/Actb/Flt1/Met/Smo/Axl/Numbl/Pak1/Ilk/Cyld/Itgb1/Tgfbr2/Marcks/Prdm1/Gja1/Grip1/Egfr/Ntn1/Arrb2/Nog/Wnt3/Id2/Sox11/Gli3/Nedd9/Dbn1/Map1b/Wnt5a/Mmp14/Nefl/Ctnnd2/Sema5a/Myc/Runx1/Afdn/Tnfrsf12a/Metrn/Tnfsf9/Efna5/Socs5/Bin1/Clcf1/Actn3/Anxa1/Il33/Cask/Cysltr1/Bex1	61	dKO_vs_WT_down
GO:0038065	collagen-activated signaling pathway	7/1098	15/14485	0.4666666666666667	6.156344869459624	5.722122048998596	5.279443717376778e-5	0.0017919453804593052	0.0014502784269466258	Tspan9/Col4a1/Col4a2/Ubash3b/Col1a1/Ddr1/Col4a5	7	dKO_vs_WT_down
GO:1905207	regulation of cardiocyte differentiation	9/1098	25/14485	0.36	4.749180327868852	5.373113120415949	5.36737406936746e-5	0.0018101124986501414	0.0014649816538860577	Tgfb2/Bmp2/Dhx36/Ccnd2/Efnb2/Egfr/Arrb2/Prickle1/Nkx2-5	9	dKO_vs_WT_down
GO:0002011	morphogenesis of an epithelial sheet	15/1098	63/14485	0.23809523809523808	3.140992280336542	4.877265829497987	5.458201734495564e-5	0.0018174429952646303	0.0014709144580969057	Vangl2/Col5a1/Cd44/Fermt1/Flrt3/Rhoc/Wnt7a/Cd151/Sox11/Wnt5a/Ajuba/Phldb2/Ddr1/Hbegf/Flna	15	dKO_vs_WT_down
GO:0032233	positive regulation of actin filament bundle assembly	15/1098	63/14485	0.23809523809523808	3.140992280336542	4.877265829497987	5.458201734495564e-5	0.0018174429952646303	0.0014709144580969057	S100a10/Rhoc/Wnt4/Limch1/Arhgef5/Pak1/Arhgef10/Fhod1/Tpm1/Sh3pxd2b/Pfn1/Rock2/Synpo2l/Sorbs3/Flna	15	dKO_vs_WT_down
GO:0007249	canonical NF-kappaB signal transduction	39/1098	267/14485	0.14606741573033707	1.9269458259143282	4.378189199767229	5.5893150653805554e-5	0.0018493953810671132	0.001496774540845041	Casp8/Ikbke/Tgm2/Dhx36/Slc39a8/Gbp7/Cth/Lurap1l/Gusb/Cav1/Anxa4/Irak2/Ppm1n/Relb/Irf3/Slco3a1/Ilk/Cyld/Tnfaip3/Prmt2/Arrb2/Flot2/Nr1d1/Traf3/Edn1/Wnt5a/Ajuba/Card10/Rbx1/Litaf/Prkn/Ltb/Prkce/Ticam2/Nfkb2/Casp7/Flna/Mid2/Tmsb4x	39	dKO_vs_WT_down
GO:1903115	regulation of actin filament-based movement	12/1098	43/14485	0.27906976744186046	3.681535137882831	5.0432192138997465	5.724631087456058e-5	0.0018823302594441452	0.0015234297861026155	Zeb2/Sri/Cav1/Rangrf/Dsp/Dbn1/Tnnc1/Pkp2/Dsc2/Bin1/Acta2/Fgf13	12	dKO_vs_WT_down
GO:0042476	odontogenesis	22/1098	117/14485	0.18803418803418803	2.4805785188298852	4.605003999464712	5.929584652393798e-5	0.001920174965654698	0.001554058711286278	Wnt6/Wnt10a/Dlx2/Bmp2/Csf1/Pitx2/Wls/Smo/Zfp422/Fgfr1/Myo5a/Perp/Col1a1/Axin2/Lamb1/Gli3/Inhba/Foxc1/Tfap2a/Edn1/Wnt7b/Tcf7l2	22	dKO_vs_WT_down
GO:0014910	regulation of smooth muscle cell migration	20/1098	101/14485	0.19801980198019803	2.612310411369006	4.656646864137407	5.949221049262798e-5	0.001920174965654698	0.001554058711286278	S100a11/F3/Camk2d/Cav1/Smo/Abhd2/Pak1/Ilk/Fat1/Tpm1/Myo5a/Igfbp3/Has2/Myc/Ccn4/Myh9/Pdgfb/Cyp1b1/Gstp2/Tmsb4x	20	dKO_vs_WT_down
GO:0055017	cardiac muscle tissue growth	20/1098	101/14485	0.19801980198019803	2.612310411369006	4.656646864137407	5.949221049262798e-5	0.001920174965654698	0.001554058711286278	Tgfb2/Camk2d/Foxp1/Ccnd2/Pak1/Fgfr1/Sorbs2/Tgfbr2/Cited2/Gja1/Gli1/Meis1/Adra1b/Nog/Foxc1/Edn1/Zfpm2/Ccn4/Nkx2-5/Pim1	20	dKO_vs_WT_down
GO:0150115	cell-substrate junction organization	21/1098	109/14485	0.1926605504587156	2.5416102672081013	4.626713499186773	5.9904318075952636e-5	0.0019216866914487	0.0015552821990836227	S100a10/Wnt4/Limch1/Rhou/Dapk3/Actg1/Actn1/Dusp22/Vcl/Mmp14/Ajuba/Dmtn/Plec/Myh9/Prickle1/Phldb2/Efna5/Mapre2/Actn3/Cfl1/Arhgap6	21	dKO_vs_WT_down
GO:0045927	positive regulation of growth	39/1098	269/14485	0.1449814126394052	1.912619091149166	4.326939059102181	6.599357799966471e-5	0.0021041952354923397	0.0017029921723039473	Tgfb2/Csf1/Sfn/Smo/Ccnd2/Pak1/Ilk/Tead1/Igf2/Fgfr1/Bbs2/Cyba/Syt1/Gli1/Egfr/Sh3pxd2b/Ntn1/Cxcl16/Erbb2/Krt17/Wnt3/Edn1/Dbn1/Map1b/Wnt5a/Mmp14/Ghr/Ctnnd2/Sema5a/Zfpm2/Ccn4/Prkn/Afdn/Tnfrsf12a/Pim1/Efna5/Hbegf/Actn3/Cfl1	39	dKO_vs_WT_down
GO:0018212	peptidyl-tyrosine modification	14/1098	57/14485	0.24561403508771928	3.240181510241907	4.853123753122085	6.669747742291055e-5	0.0021138278838670624	0.0017107881812027468	Hck/Rap2b/Errfi1/Tpst2/Flt1/Gprc5a/Efemp1/Nedd9/Dmtn/Pdgfb/Ddr1/Efna5/Pkdcc/Socs5	14	dKO_vs_WT_down
GO:1901879	regulation of protein depolymerization	19/1098	94/14485	0.20212765957446807	2.666501957136767	4.642245080612	6.744141333816741e-5	0.0021246064405514896	0.0017195116101663232	Map2/Spta1/Gsn/Dstn/Stmn2/Nes/Wdr1/Map1s/Tpm1/Apc2/Cfl2/Map1b/Dmtn/Sema5a/Sh3bp1/Pdxp/Cfl1/Mid1ip1/Fgf13	19	dKO_vs_WT_down
GO:0032102	negative regulation of response to external stimulus	46/1098	337/14485	0.13649851632047477	1.8007113013680118	4.259387769847239	6.93736969337611e-5	0.0021724703545745066	0.0017582493991044085	Susd4/Dusp10/Cd44/Thbs1/Anxa5/Slc39a8/Sfn/Wnt4/Fndc4/Ppp1r13l/Igf2/Mfhas1/Cyld/Ldlr/Ets1/Ubash3b/Anxa2/Cd109/Ryk/Tnfaip3/Prdm1/Prmt2/Kremen1/Alox12/Arrb2/Nr1d1/Wnt3/Metrnl/Serpinb9/Serpinb9b/Dbn1/Wnt5a/Sema5a/Eppk1/Pdgfb/Phldb2/Dusp1/Pim1/Tap1/Ier3/Socs5/Gstp2/Dtx4/Il33/Cask/Tmsb4x	46	dKO_vs_WT_down
GO:1904888	cranial skeletal system development	17/1098	79/14485	0.21518987341772153	2.8388208710889766	4.693372899720834	7.079521132520431e-5	0.002202747241145737	0.0017827534470001715	Rdh10/Twist2/Tgfb2/Irf6/Dlx2/Slc39a1/Gusb/Hoxa1/Tgfbr2/Chst11/Sh3pxd2b/Nog/Gli3/Tfap2a/Mmp14/Grhl2/Gna14	17	dKO_vs_WT_down
GO:0001649	osteoblast differentiation	32/1098	205/14485	0.15609756097560976	2.0592651828157624	4.374428484584715	7.117791883572997e-5	0.002202747241145737	0.0017827534470001715	Fhl2/Twist2/Creb3l1/Bmp2/Lmna/Ccn1/Wnt4/Cdk6/Smo/Ilk/Igf2/Fgfr1/Junb/Gja1/Gli1/Igfbp3/Sh3pxd2b/Nog/Col1a1/Wnt3/Axin2/Id2/Sox11/Gli3/Bmp6/Pdlim7/Ccn4/Wnt7b/Hdac7/Clic1/Crim1/Cited1	32	dKO_vs_WT_down
GO:0043122	regulation of canonical NF-kappaB signal transduction	36/1098	242/14485	0.1487603305785124	1.9624712098631623	4.324127487757633	7.274006457495117e-5	0.002237926782039872	0.0018112253690715755	Casp8/Ikbke/Tgm2/Dhx36/Slc39a8/Gbp7/Cth/Lurap1l/Cav1/Anxa4/Irak2/Ppm1n/Irf3/Slco3a1/Ilk/Cyld/Tnfaip3/Prmt2/Arrb2/Flot2/Nr1d1/Traf3/Edn1/Wnt5a/Ajuba/Card10/Rbx1/Litaf/Prkn/Ltb/Prkce/Ticam2/Casp7/Flna/Mid2/Tmsb4x	36	dKO_vs_WT_down
GO:0002040	sprouting angiogenesis	23/1098	127/14485	0.18110236220472442	2.3891327108701574	4.503004909701627	7.47147801090109e-5	0.0022853166171715486	0.0018495794708748414	Ptgs2/Creb3l1/Spred1/Thbs1/Tgm2/Sema3e/Flt1/Stard13/E2f8/Parva/Pik3c2a/Efnb2/Adgra2/Cdh13/Itgb1/E2f7/Plk2/Loxl2/Sema5a/Card10/Hdac7/Sema6a/Anxa1	23	dKO_vs_WT_down
GO:0031579	membrane raft organization	9/1098	26/14485	0.34615384615384615	4.566519546027743	5.212738634379729	7.659678388465059e-5	0.0023236965804854463	0.0018806415966673596	Gsn/S100a10/Cav1/Myadm/Ilk/Anxa2/Pmp22/Emp2/Colec12	9	dKO_vs_WT_down
GO:0010927	cellular component assembly involved in morphogenesis	22/1098	119/14485	0.18487394957983194	2.4388881235554334	4.513738282909816	7.729460208799717e-5	0.0023236965804854463	0.0018806415966673596	Cflar/Gpc1/Nfasc/Csrp1/Casq1/Actc1/Myl9/Wdr1/Flnc/Acta1/Itgb1/Tpm1/Pmp22/Krt19/Actg1/Cfl2/Edn1/Synpo2l/Plec/Krt8/Nkx2-5/Epb41l3	22	dKO_vs_WT_down
GO:0032989	cellular anatomical entity morphogenesis	22/1098	119/14485	0.18487394957983194	2.4388881235554334	4.513738282909816	7.729460208799717e-5	0.0023236965804854463	0.0018806415966673596	Cflar/Gpc1/Nfasc/Csrp1/Casq1/Actc1/Myl9/Wdr1/Flnc/Acta1/Itgb1/Tpm1/Pmp22/Krt19/Actg1/Cfl2/Edn1/Synpo2l/Plec/Krt8/Nkx2-5/Epb41l3	22	dKO_vs_WT_down
GO:0060349	bone morphogenesis	20/1098	103/14485	0.1941747572815534	2.56158593736184	4.554897998826629	7.942648877578877e-5	0.002360982386448885	0.001910818186093446	Col3a1/Sp5/Thbs1/Hspg2/Atg9b/Gusb/Serpinh1/Tgfbr2/Cited2/Col1a1/Axin2/Gli3/Foxc1/Bmp6/Tfap2a/Mmp14/Has2/T/Cdx1/Actn3	20	dKO_vs_WT_down
GO:0010634	positive regulation of epithelial cell migration	13/1098	51/14485	0.2549019607843137	3.3627093824779455	4.840674047735986	7.9907045499501e-5	0.002360982386448885	0.001910818186093446	Irs1/Tgfb2/Vim/Glipr2/Irs2/Tgfbr2/Pfn1/Itga3/Sdc2/Has2/Prkce/Mapre2/Hbegf	13	dKO_vs_WT_down
GO:0044319	wound healing, spreading of cells	11/1098	38/14485	0.2894736842105263	3.8187853513565337	4.982746172819777	8.053590386845425e-5	0.002360982386448885	0.001910818186093446	Col5a1/Cd44/Fermt1/Rhoc/Wnt7a/Cd151/Ajuba/Phldb2/Ddr1/Hbegf/Flna	11	dKO_vs_WT_down
GO:0090505	epiboly involved in wound healing	11/1098	38/14485	0.2894736842105263	3.8187853513565337	4.982746172819777	8.053590386845425e-5	0.002360982386448885	0.001910818186093446	Col5a1/Cd44/Fermt1/Rhoc/Wnt7a/Cd151/Ajuba/Phldb2/Ddr1/Hbegf/Flna	11	dKO_vs_WT_down
GO:1901888	regulation of cell junction assembly	40/1098	281/14485	0.1423487544483986	1.8778886231193563	4.2558963797818015	8.077871689047696e-5	0.002360982386448885	0.001910818186093446	Flrt3/S100a10/Adgrl2/Wnt4/Limch1/Cav1/Wnt7a/Ube2m/Numbl/Lrfn3/Fgfr1/Gja1/Palm/Dapk3/Ntn1/Myo1c/Actg1/Rock2/Dusp22/Map1b/Vcl/Wnt5a/Samd4/Mmp14/Dpysl2/Dmtn/Sdc2/Myh9/Prickle1/Pkp2/Igsf11/Phldb2/App/Afdn/Efna5/Cript/Lrfn4/Cfl1/Gpc4/Arhgap6	40	dKO_vs_WT_down
GO:1902904	negative regulation of supramolecular fiber organization	27/1098	162/14485	0.16666666666666666	2.1986945962355797	4.393927181251265	8.288672534879201e-5	0.0024092102876242805	0.0019498505614182243	Map2/Spta1/Gsn/Stmn2/Hspg2/Met/Tacstd2/Myadm/Clip3/Ldlr/Cryab/Tpm1/Apc2/Pfn1/Dbn1/Map1b/Dmtn/Phldb2/Prkn/Tubb4a/Arhgap28/Ssh3/Cfl1/Mid1ip1/Fgf13/Tmsb4x/Arhgap6	27	dKO_vs_WT_down
GO:0008064	regulation of actin polymerization or depolymerization	25/1098	145/14485	0.1724137931034483	2.274511651278186	4.417301389870268	8.556608540663679e-5	0.0024734240402434953	0.0020018207950829718	Arpc5/Spta1/Gsn/Dstn/Wdr1/Eln/Myadm/Plekhg2/Tpm1/Naa80/Pfn1/Myo1c/Cfl2/Dbn1/Dmtn/Sema5a/Cdc42ep1/Sh3bp1/Pdxp/Arhgap28/Prkce/Bin1/Ssh3/Cfl1/Tmsb4x	25	dKO_vs_WT_down
GO:0048638	regulation of developmental growth	46/1098	340/14485	0.13529411764705881	1.784822672238294	4.193854118803342	8.60418533150662e-5	0.0024735857392926956	0.0020019516632697313	Map2/Dusp10/Trim46/Csf1/Plac8/Smo/Foxp1/Ccnd2/Pak1/Ilk/Igf2/Fgfr1/Bbs2/Ryk/Tgfbr2/Cited2/Gja1/Syt1/Gli1/Sh3pxd2b/Ntn1/Nog/Wnt3/Foxc1/Edn1/Dbn1/Map1b/Wnt5a/Lats2/Ghr/Ctnnd2/Sema5a/Zfpm2/Ccn4/Eppk1/App/Prkn/Afdn/Tnfrsf12a/Nkx2-5/Pim1/Efna5/Actn3/Cfl1/Tcf7l2/Fgf13	46	dKO_vs_WT_down
GO:0043535	regulation of blood vessel endothelial cell migration	18/1098	88/14485	0.20454545454545456	2.6983979135618483	4.576659240491415	8.843988078453814e-5	0.0025287076783013867	0.002046563602822979	Ptgs2/Spred1/Thbs1/Stard13/Pik3c2a/Igf2/Fgfr1/Amotl1/Ets1/Alox12/Plk2/Card10/Sh3bp1/Pdgfb/Hdac7/Anxa1/Amot/Tmsb4x	18	dKO_vs_WT_down
GO:0060048	cardiac muscle contraction	21/1098	112/14485	0.1875	2.473531420765027	4.483307177391485	9.036423504261388e-5	0.0025697634624821165	0.00207979135560383	Gsn/Actc1/Camk2d/Sri/Cav1/Met/Ppp1r13l/Tpm1/Smtn/Adra1b/Rangrf/Gaa/Dsp/Tnnc1/Pkp2/Nkx2-5/Dsc2/Bin1/Gsto1/Fgf13/Flna	21	dKO_vs_WT_down
GO:0150116	regulation of cell-substrate junction organization	16/1098	73/14485	0.2191780821917808	2.8914339895700776	4.639746885681384	9.095463796261333e-5	0.002572647044738219	0.002082125130496723	S100a10/Wnt4/Limch1/Rhou/Dapk3/Actg1/Dusp22/Vcl/Mmp14/Dmtn/Myh9/Phldb2/Efna5/Mapre2/Cfl1/Arhgap6	16	dKO_vs_WT_down
GO:0010762	regulation of fibroblast migration	12/1098	45/14485	0.26666666666666666	3.5179113539769276	4.8447000406666705	9.317903449885249e-5	0.002621470056141513	0.002121639147468946	Zeb2/Prr5l/Thbs1/Pak1/Fgfr1/Itgb1/Hyal2/Tfap2a/Dmtn/Pdgfb/Prkce/Acta2	12	dKO_vs_WT_down
GO:0048644	muscle organ morphogenesis	17/1098	81/14485	0.20987654320987653	2.768726528592952	4.571570685911287	9.850746845140481e-5	0.00275663718895128	0.0022310342098876396	Col3a1/Vangl2/Tgfb2/Actc1/Bmp2/Pitx2/Tpm1/Nog/Fzd2/Foxc1/Dsp/Tnnc1/Zfpm2/Pkp2/Nkx2-5/Efemp2/Ankrd1	17	dKO_vs_WT_down
GO:1903034	regulation of response to wounding	26/1098	155/14485	0.16774193548387098	2.2128797226629064	4.3477472168254945	9.9883201280756025e-05	0.002780346676920939	0.0022502230530808023	Thbs1/Fermt1/Anxa5/F3/Wnt4/Cldn4/Cav1/Itgb1/Ubash3b/Anxa2/Cd109/Kremen1/Alox12/Actg1/Dmtn/Ccn4/Eppk1/Pdgfb/Phldb2/Tnfrsf12a/Prkce/Hbegf/Anxa1/Il33/Cask/Flna	26	dKO_vs_WT_down
GO:0090504	epiboly	11/1098	39/14485	0.28205128205128205	3.7208677782448274	4.872700656071637	1.045625768199851e-4	0.002874159373739129	0.0023261486543032193	Col5a1/Cd44/Fermt1/Rhoc/Wnt7a/Cd151/Ajuba/Phldb2/Ddr1/Hbegf/Flna	11	dKO_vs_WT_down
GO:0090287	regulation of cellular response to growth factor stimulus	41/1098	294/14485	0.13945578231292516	1.8397240499114034	4.1658876502063205	1.0514800859306853e-4	0.002874159373739129	0.0023261486543032193	Sulf1/Cflar/Gpc1/Zeb2/Creb3l1/Spred1/Thbs1/Fbn1/Fermt1/Bmp2/Ccn1/Cdkn2b/Wnt4/Peg10/Cav1/Sinhcaf/Ilk/Tgfb1i1/Adgra2/Itgb1/Cd109/Cited2/Chst11/Mtmr4/Nog/Itga3/Sox11/Wnt5a/Lats2/Spry2/Pdgfb/Fstl1/Hspa1a/Ltbp1/Crim1/Sema6a/Fam89b/Tcf7l2/Cask/Apln/Gpc3	41	dKO_vs_WT_down
GO:0051962	positive regulation of nervous system development	45/1098	333/14485	0.13513513513513514	1.7827253482991188	4.138342219926133	1.0519583399388842e-4	0.002874159373739129	0.0023261486543032193	Vim/Zeb2/Pax6/Bmp2/Flrt3/Tgm2/Dhx36/Adgrl2/Wls/Lrp8/Flt1/Met/Smo/Wnt7a/Numbl/Pak1/Ilk/Itgb1/Marcks/Grip1/Egfr/Ntn1/Arrb2/Nog/Wnt3/Id2/Sox11/Gli3/Dbn1/Map1b/Wnt5a/Nefl/Ctnnd2/Sema5a/Myc/Afdn/Tnfrsf12a/Metrn/Efna5/Bin1/Clcf1/Il33/Cask/Cysltr1/Bex1	45	dKO_vs_WT_down
GO:0051897	positive regulation of phosphatidylinositol 3-kinase/protein kinase B signal transduction	29/1098	182/14485	0.15934065934065933	2.102048679917532	4.284761960955759	1.0543865408318796e-4	0.002874159373739129	0.0023261486543032193	Cd28/Irs1/Tgfb2/Prr5l/Thbs1/Pdgfc/Sema3e/Flt1/Axl/Ilk/Igf2/Irs2/Fgfr1/Mfhas1/Rasd2/Itgb1/Ryk/Unc5b/Egfr/Arrb2/Erbb2/Wnt5a/Spry2/Sema5a/Pdgfb/Ddr1/Hbegf/Il33/Tcf7l2	29	dKO_vs_WT_down
GO:0007009	plasma membrane organization	25/1098	147/14485	0.17006802721088435	2.2435659145261018	4.339972578969791	1.0748276870933853e-4	0.002899829980409385	0.002346924693275435	Spta1/Tgfb2/Col5a1/Gsn/S100a10/Sh3gl2/Atg9b/Tpst2/Cav1/Ehd2/Atp10a/Ilk/Ano9/Arv1/Anxa2/Syt1/Plscr3/Plec/Myh9/Emp2/Epb41l3/Colec12/Bin1/Ahnak/Casp7	25	dKO_vs_WT_down
GO:0030832	regulation of actin filament length	25/1098	147/14485	0.17006802721088435	2.2435659145261018	4.339972578969791	1.0748276870933853e-4	0.002899829980409385	0.002346924693275435	Arpc5/Spta1/Gsn/Dstn/Wdr1/Eln/Myadm/Plekhg2/Tpm1/Naa80/Pfn1/Myo1c/Cfl2/Dbn1/Dmtn/Sema5a/Cdc42ep1/Sh3bp1/Pdxp/Arhgap28/Prkce/Bin1/Ssh3/Cfl1/Tmsb4x	25	dKO_vs_WT_down
GO:0007519	skeletal muscle tissue development	28/1098	174/14485	0.16091954022988506	2.122877541192974	4.267522556048488	1.1577448530051419e-4	0.003078053852239229	0.0024911669449089488	Cflar/Gpc1/Casq1/Bcl9/Pitx2/Selenon/Eln/Cav1/Met/Smo/Foxp1/Igf2/Acta1/Usp2/Cited2/Myl6/Myl6b/Pmp22/Sox11/Cfl2/Flnb/Myc/Plec/Maff/Uqcc2/Actn3/Ankrd1/Tcf7l2	28	dKO_vs_WT_down
GO:0030836	positive regulation of actin filament depolymerization	6/1098	12/14485	0.5	6.596083788706739	5.553916509735541	1.1608398028238975e-4	0.003078053852239229	0.0024911669449089488	Dstn/Wdr1/Cfl2/Sema5a/Pdxp/Cfl1	6	dKO_vs_WT_down
GO:0032271	regulation of protein polymerization	29/1098	183/14485	0.15846994535519127	2.09056207510924	4.251883389608888	1.1642895202349489e-4	0.003078053852239229	0.0024911669449089488	Map2/Arpc5/Spta1/Gsn/Stmn2/Clip1/Eln/Cav1/Met/Myadm/Plekhg2/Clip3/Pak1/Tpm1/Pfn1/Myo1c/Dbn1/Map1b/Dmtn/Cdc42ep1/Hspa1b/Hspa1a/Tubb4a/Arhgap28/Prkce/Bin1/Ssh3/Cfl1/Tmsb4x	29	dKO_vs_WT_down
GO:1905475	regulation of protein localization to membrane	29/1098	183/14485	0.15846994535519127	2.09056207510924	4.251883389608888	1.1642895202349489e-4	0.003078053852239229	0.0024911669449089488	Tmbim1/Acsl3/Gpc1/Gsn/Bcl2l1/Camk2d/Sfn/Actb/Clip3/Sorbs2/Itgb1/Myo5a/Grip1/Egfr/Rangrf/Itga3/Dbn1/Lgals3/Mmp14/Gpc6/Ap2m1/Prkn/Epb41l3/Pkdcc/Cript/Aldh7a1/Stx3/Gpc4/Gpc3	29	dKO_vs_WT_down
GO:0090257	regulation of muscle system process	34/1098	229/14485	0.14847161572052403	1.9586624350744908	4.187823833977217	1.1864636555786386e-4	0.003120992645999609	0.002525918677271365	Ptgs2/Casq1/Gsn/Tnnc2/Lmna/Camk2d/Selenon/Errfi1/Sri/Flt1/Cav1/Foxp1/Pak1/Tead1/Utrn/Smtn/Adra1b/Anxa6/Rangrf/Mtmr4/Rock2/Dsp/Edn1/Dbn1/Adk/Tnnc1/Ccn4/Pkp2/Nkx2-5/Dsc2/Bin1/Actn3/Gsto1/Fgf13	34	dKO_vs_WT_down
GO:0060828	regulation of canonical Wnt signaling pathway	35/1098	239/14485	0.14644351464435146	1.9319073858136893	4.160341975745025	1.2532337277935867e-4	0.0032802301701104772	0.0026547946734354847	Zeb2/Fermt1/Bmp2/Wls/Cdk14/Cav1/Ppm1n/Ruvbl2/Lrrk1/Ilk/Adgra2/Nkd1/Cyld/Apc2/Dapk3/Gli1/Kremen1/Egfr/Tmem88/Nog/Col1a1/Axin2/Gli3/Wnt5a/Lats2/Ctnnd2/Sema5a/Prickle1/App/Prkn/Nkx2-5/Ptk7/Mcc/Tcf7l2/Gpc3	35	dKO_vs_WT_down
GO:0032535	regulation of cellular component size	47/1098	356/14485	0.13202247191011235	1.741662573422566	4.057695436933403	1.3126134522916804e-4	0.0034186432537161044	0.0027668167871390554	Map2/Arpc5/Spta1/Gsn/Dstn/Trim46/Wdr1/Eln/Wnt7a/Myadm/Plekhg2/Pak1/Ilk/Elavl1/Borcs8/Slc12a4/Tpm1/Ryk/Naa80/Ntn1/Pfn1/Myo1c/Wnt3/Cfl2/Edn1/Dbn1/Map1b/Wnt5a/Nefl/Dmtn/Ctnnd2/Sema5a/Cdc42ep1/Sh3bp1/Pdxp/Wnt7b/Ap2m1/Tnfrsf12a/Efna5/Arhgap28/Prkce/Bin1/Ssh3/Cfl1/Fgf13/Msn/Tmsb4x	47	dKO_vs_WT_down
GO:0090092	regulation of transmembrane receptor protein serine/threonine kinase signaling pathway	35/1098	240/14485	0.14583333333333334	1.9238577717061325	4.133170367203768	1.3629779932867566e-4	0.003532328681123954	0.002858826021698175	Sulf1/Tgfb2/Zeb2/Spred1/Thbs1/Fbn1/Fermt1/Bmp2/Ccn1/Cdkn2b/Peg10/Cav1/Sinhcaf/Ilk/Tgfb1i1/Cd109/Tgfbr2/Cited2/Chst11/Mtmr4/Nog/Itga3/Sox11/Inhba/Bmp6/Wnt5a/Lats2/Spry2/Fstl1/Hspa1a/Ltbp1/Crim1/Fam89b/Tcf7l2/Gpc3	35	dKO_vs_WT_down
GO:0044344	cellular response to fibroblast growth factor stimulus	19/1098	99/14485	0.1919191919191919	2.5318301411197583	4.379877625729643	1.3972097162359847e-4	0.003603294273096821	0.002916260733836201	Sulf1/Gpc1/Creb3l1/Cd44/Thbs1/Flrt3/Wnt4/Fgfr1/Itgb1/Hyal2/Nog/Col1a1/Wnt5a/Fgf17/Spry2/Pdgfb/Zfp36l2/Tcf7l2/Apln	19	dKO_vs_WT_down
GO:0098742	cell-cell adhesion via plasma-membrane adhesion molecules	28/1098	176/14485	0.1590909090909091	2.098753932770326	4.200064221367729	1.4155294066155996e-4	0.0036327318088803266	0.002940085468426239	Igsf9/Tgfb2/Bmp2/Flrt3/Pcdh18/Nexn/Cldn4/Myadm/Lrfn3/Fat1/Palld/Cdh13/Prtg/Tgfbr2/Tnfaip3/Cldn7/Itga3/Ajuba/Cdh24/Lgals1/Scarf2/Igsf11/Cldn6/Efna5/Epcam/Dsc2/Lrfn4/Gpc4	28	dKO_vs_WT_down
GO:0060538	skeletal muscle organ development	29/1098	186/14485	0.15591397849462366	2.0568433319623165	4.154493148527068	1.5582159621878612e-4	0.003979502027704048	0.0032207376428461413	Cflar/Gpc1/Casq1/Bcl9/Pitx2/Cntfr/Selenon/Eln/Cav1/Met/Smo/Foxp1/Igf2/Acta1/Usp2/Cited2/Myl6/Myl6b/Pmp22/Sox11/Cfl2/Flnb/Myc/Plec/Maff/Uqcc2/Actn3/Ankrd1/Tcf7l2	29	dKO_vs_WT_down
GO:0141091	transforming growth factor beta receptor superfamily signaling pathway	43/1098	319/14485	0.13479623824451412	1.7782545637265819	4.025290194285415	1.572221827339453e-4	0.003995873929291237	0.003233987943853591	Sulf1/Col3a1/Tgfb2/Zeb2/Spred1/Thbs1/Fbn1/Fermt1/Bmp2/Ccn1/Cdkn2b/Bmp8b/Selenon/Peg10/Cav1/Zyx/Sinhcaf/Ilk/Tgfb1i1/Cd109/Tgfbr2/Cited2/Chst11/Arrb2/Mtmr4/Nog/Itga3/Sox11/Inhba/Dusp22/Bmp6/Wnt5a/Lats2/Spry2/Fstl1/Rgmb/Hspa1a/Ltbp1/Crim1/Fam89b/Tcf7l2/Gpc3/Cited1	43	dKO_vs_WT_down
GO:0051896	regulation of phosphatidylinositol 3-kinase/protein kinase B signal transduction	37/1098	261/14485	0.1417624521072797	1.8701540243842862	4.062649085241371	1.6045192077580444e-4	0.004058353630776477	0.0032845547547476163	Cd28/Irs1/Aim2/Tgfb2/Prr5l/Thbs1/Pdgfc/Cdkn2a/Sema3e/Flt1/Axl/Rras/Rcn3/Cavin3/Ilk/Igf2/Irs2/Fgfr1/Mfhas1/Rasd2/Itgb1/Ryk/Hyal2/Unc5b/Egfr/Arrb2/Erbb2/Wnt5a/Spry2/Sema5a/Pdgfb/Hmga1/Ddr1/Hbegf/Clcf1/Il33/Tcf7l2	37	dKO_vs_WT_down
GO:0006941	striated muscle contraction	25/1098	151/14485	0.16556291390728478	2.1841337048697818	4.188989897177117	1.6685649788229418e-4	0.0042001532792284675	0.0033993177231623267	Casq1/Gsn/Actc1/Tnnc2/Camk2d/Selenon/Sri/Cav1/Met/Ppp1r13l/Tpm1/Smtn/Adra1b/Rangrf/Gaa/Dsp/Tnnc1/Pkp2/Nkx2-5/Dsc2/Bin1/Actn3/Gsto1/Fgf13/Flna	25	dKO_vs_WT_down
GO:0008015	blood circulation	55/1098	441/14485	0.12471655328798185	1.6452816706524747	3.941186711762746	1.6847159315963323e-4	0.004220614531489669	0.0034158776658181275	Ptgs2/F5/Tgfb2/Gsn/Zeb2/Actc1/Camk2d/Ddah1/Sh3gl2/Htr1d/Sri/Cav1/Met/Ppp1r13l/Adm/Mmp2/Bbs2/Cyba/Itgb1/Tpm1/Htr1b/Itga9/Gja1/Smtn/Egfr/Adra1b/Rangrf/Gaa/Rock2/Id2/Foxc1/Dsp/Bmp6/Edn1/Ocln/Tnnc1/Plec/Pdgfb/Emp2/Pkp2/App/Nkx2-5/Ier3/Dsc2/Bin1/Hbegf/Gna14/Acta2/Gsto1/Dusp5/Apln/Fgf13/Flna/Cysltr1/Amot	55	dKO_vs_WT_down
GO:0071711	basement membrane organization	11/1098	41/14485	0.2682926829268293	3.539362032964592	4.663120163654845	1.7128549949788237e-4	0.004270772572788432	0.0034564721649734806	Col3a1/Fermt1/Cav1/Col4a1/Itgb1/Pmp22/Pxdn/Lamb1/Tfap2a/Prickle1/Phldb2	11	dKO_vs_WT_down
GO:0030199	collagen fibril organization	14/1098	62/14485	0.22580645161290322	2.9788765497385272	4.471884123105452	1.764605288500693e-4	0.004379051142831201	0.003544105457788134	Col3a1/Tgfb2/Col5a1/Selenon/Serpinh1/Anxa2/Col1a1/Fkbp10/Pxdn/Foxc1/Loxl2/Cyp1b1/Efemp2/Loxl4	14	dKO_vs_WT_down
GO:0060419	heart growth	20/1098	109/14485	0.1834862385321101	2.420581206864859	4.2634785109441955	1.7915049710338262e-4	0.004424933170238948	0.0035812392428128618	Tgfb2/Camk2d/Foxp1/Ccnd2/Pak1/Fgfr1/Sorbs2/Tgfbr2/Cited2/Gja1/Gli1/Meis1/Adra1b/Nog/Foxc1/Edn1/Zfpm2/Ccn4/Nkx2-5/Pim1	20	dKO_vs_WT_down
GO:0048701	embryonic cranial skeleton morphogenesis	12/1098	48/14485	0.25	3.2980418943533696	4.567135311117674	1.8262102736805154e-4	0.004489575817679062	0.00363355659470619	Rdh10/Twist2/Tgfb2/Dlx2/Slc39a1/Hoxa1/Tgfbr2/Chst11/Gli3/Tfap2a/Mmp14/Grhl2	12	dKO_vs_WT_down
GO:0090288	negative regulation of cellular response to growth factor stimulus	18/1098	93/14485	0.1935483870967742	2.553322756918738	4.303743704784965	1.8563367498853722e-4	0.004521541708586725	0.0036594276075657627	Sulf1/Cflar/Gpc1/Creb3l1/Thbs1/Fbn1/Wnt4/Cav1/Adgra2/Mtmr4/Nog/Wnt5a/Spry2/Crim1/Sema6a/Tcf7l2/Cask/Apln	18	dKO_vs_WT_down
GO:0072006	nephron development	25/1098	152/14485	0.16447368421052633	2.1697644041798485	4.1519818050079245	1.8564018419591955e-4	0.004521541708586725	0.0036594276075657627	Sulf1/Cflar/Wnt6/Vangl2/Cd44/Bmp2/Wnt4/Prom1/Smo/Tacstd2/Ilk/Nog/Itga3/Gli3/Foxc1/Tfap2a/Edn1/Irx1/Irx2/Myc/Pdgfb/Wnt7b/Acta2/Gpc3/Cited1	25	dKO_vs_WT_down
GO:0043410	positive regulation of MAPK cascade	52/1098	412/14485	0.1262135922330097	1.6650308592851963	3.9219392193703606	1.8701352981323908e-4	0.004534000831094244	0.0036695111719357368	Cflar/Tgfb2/Nenf/Gsn/Cd44/Thbs1/Itpripl1/Bmp2/Pdgfc/Camk2d/Glipr2/Wnt4/Nmnat1/Flt1/Met/Wnt7a/Arl6ip5/Slco3a1/Cavin3/Ilk/Igf2/Fgfr1/Mfhas1/Nkd1/Ryk/Igfbp3/Egfr/Adra1b/Arrb2/Erbb2/Igfbp4/Timp2/Rock2/Inhba/Dusp22/Edn1/Gadd45g/Wnt5a/Sorbs3/Fgf17/Spry2/Ghr/Myh9/Pdgfb/Arhgap8/Wnt7b/Igfbp6/App/Prkce/Dsc2/Sh3rf2/Acta2	52	dKO_vs_WT_down
GO:0001935	endothelial cell proliferation	23/1098	135/14485	0.17037037037037037	2.247554476151926	4.170654834598892	1.9429113021559793e-4	0.004688833192955324	0.003794821930092196	Sulf1/Vash2/Zeb2/Thbs1/Ecm1/F3/Hspg2/Flt1/Cav1/Emc10/Igf2/Fgfr1/Cdh13/Cyba/Gja1/Bmp6/Wnt5a/Mmp14/Loxl2/Sema5a/Pdgfb/Lipa/Apln	23	dKO_vs_WT_down
GO:0033275	actin-myosin filament sliding	6/1098	13/14485	0.46153846153846156	6.088692728036991	5.256751208316831	2.0176735659747417e-4	0.004847023118992291	0.0039228500717941985	Actc1/Tpm1/Myl6/Myl6b/Dbn1/Tnnc1	6	dKO_vs_WT_down
GO:0043491	phosphatidylinositol 3-kinase/protein kinase B signal transduction	41/1098	303/14485	0.1353135313531353	1.785078781102154	3.9552105699805424	2.03942536430707e-4	0.004860324728536774	0.003933615487736222	Cd28/Irs1/Aim2/Tgfb2/Prr5l/Thbs1/Pdgfc/Cdkn2a/Errfi1/Sema3e/Flt1/Axl/Rras/Rcn3/Cavin3/Ilk/Pik3c2a/Igf2/Irs2/Fgfr1/Mfhas1/Rasd2/Itgb1/Ryk/Hyal2/Unc5b/Col6a2/Egfr/Arrb2/Erbb2/Edn1/Wnt5a/Spry2/Sema5a/Pdgfb/Hmga1/Ddr1/Hbegf/Clcf1/Il33/Tcf7l2	41	dKO_vs_WT_down
GO:0048732	gland development	57/1098	465/14485	0.12258064516129032	1.6171044127152006	3.873601301263106	2.0416874453651912e-4	0.004860324728536774	0.003933615487736222	Sulf1/Cflar/Wnt10a/Irs1/Tgfb2/Irf6/Cd44/Pax6/Bmp2/Tgm2/Csf1/Pitx2/Wls/Cdkn2a/Wnt4/Errfi1/Sema3c/Orai1/Asl/Cav1/Met/Smo/Hoxa3/Hoxa5/Lsr/E2f8/Igf2/Ccnd1/Irs2/Fgfr1/Mmp2/Aprt/Tgfbr2/Cited2/Perp/Tnfaip3/Gja1/E2f7/Gli1/Egfr/Ntn1/Nog/Wnt3/Id2/Gli3/Foxc1/Edn1/Wnt5a/Rcbtb2/Pdgfb/Runx1/Nkx2-5/Hmga1/Ddr1/Lipa/Tcf7l2/Msn	57	dKO_vs_WT_down
GO:0090090	negative regulation of canonical Wnt signaling pathway	22/1098	127/14485	0.1732283464566929	2.2852573756149335	4.166283197664354	2.076285100259276e-4	0.004920421582191014	0.0039822537840439876	Fermt1/Bmp2/Cav1/Ruvbl2/Nkd1/Cyld/Apc2/Gli1/Kremen1/Tmem88/Nog/Axin2/Gli3/Wnt5a/Lats2/Prickle1/App/Prkn/Nkx2-5/Mcc/Tcf7l2/Gpc3	22	dKO_vs_WT_down
GO:0051494	negative regulation of cytoskeleton organization	26/1098	162/14485	0.16049382716049382	2.1172614630416695	4.095426413400255	2.0897705541228276e-4	0.004930171697417128	0.003990144862604125	Map2/Spta1/Gsn/Stmn2/Schip1/Met/Tacstd2/Myadm/Clip3/Tpm1/Apc2/Pfn1/Trim37/Dbn1/Map1b/Dmtn/Phldb2/Prkn/Tubb4a/Arhgap28/Ssh3/Cfl1/Mid1ip1/Fgf13/Tmsb4x/Arhgap6	26	dKO_vs_WT_down
GO:0003013	circulatory system process	57/1098	466/14485	0.1223175965665236	1.613634231572035	3.856095806670727	2.1599164623759462e-4	0.005072910941321363	0.004105668275521946	Ptgs2/F5/Tgfb2/Gsn/Zeb2/Actc1/Fabp5/Camk2d/Ddah1/Sh3gl2/Slc2a1/Htr1d/Sri/Cav1/Met/Ppp1r13l/Adm/Mmp2/Bbs2/Cyba/Itgb1/Tpm1/Htr1b/Itga9/Gja1/Smtn/Egfr/Adra1b/Rangrf/Gaa/Rock2/Id2/Foxc1/Dsp/Bmp6/Edn1/Ocln/Tnnc1/Plec/Pdgfb/Emp2/Pkp2/App/Nkx2-5/Ier3/Dsc2/Bin1/Hbegf/Gna14/Acta2/Gsto1/Dusp5/Apln/Fgf13/Flna/Cysltr1/Amot	57	dKO_vs_WT_down
GO:0018108	peptidyl-tyrosine phosphorylation	13/1098	56/14485	0.23214285714285715	3.062467473328129	4.428603524619391	2.22366874823702e-4	0.005199431681988872	0.004208065537599413	Hck/Rap2b/Errfi1/Flt1/Gprc5a/Efemp1/Nedd9/Dmtn/Pdgfb/Ddr1/Efna5/Pkdcc/Socs5	13	dKO_vs_WT_down
GO:0048640	negative regulation of developmental growth	19/1098	103/14485	0.18446601941747573	2.4335066404937487	4.181311045308607	2.3976617671170647e-4	0.005581459538408353	0.004517252840236854	Map2/Dusp10/Trim46/Plac8/Foxp1/Pak1/Bbs2/Ryk/Tgfbr2/Cited2/Gja1/Ntn1/Nog/Wnt3/Wnt5a/Sema5a/Cfl1/Tcf7l2/Fgf13	19	dKO_vs_WT_down
GO:0060326	cell chemotaxis	33/1098	228/14485	0.14473684210526316	1.9093926756782669	3.963771376462983	2.4119658189829065e-4	0.005590022983995186	0.004524183509290914	Tgfb2/Thbs1/Csf1/Ccl27a/Creb3/Ppbp/Cxcl10/Flt1/Met/Arhgef5/Parva/Fgfr1/Mtus1/Mmp2/Bcar1/Itga9/Perp/Arrb2/Cxcl16/Nedd9/Edn1/Wnt5a/Lgals3/Sema5a/Plec/Pdgfb/App/Dusp1/Hbegf/Gstp2/Anxa1/Mospd2/Tmsb4x	33	dKO_vs_WT_down
GO:0007179	transforming growth factor beta receptor signaling pathway	30/1098	200/14485	0.15	1.9788251366120218	3.9919379823020082	2.431701668046031e-4	0.005611044945434285	0.0045411972517295455	Col3a1/Tgfb2/Zeb2/Spred1/Thbs1/Fbn1/Fermt1/Bmp2/Cdkn2b/Bmp8b/Selenon/Peg10/Zyx/Sinhcaf/Tgfb1i1/Cd109/Tgfbr2/Cited2/Chst11/Arrb2/Mtmr4/Itga3/Sox11/Dusp22/Lats2/Spry2/Hspa1a/Ltbp1/Fam89b/Cited1	30	dKO_vs_WT_down
GO:0030099	myeloid cell differentiation	52/1098	418/14485	0.12440191387559808	1.6411308947978491	3.809236163858867	2.674107934244231e-4	0.0061434418524274675	0.004972083012649007	Cflar/Casp8/Twist2/Itpkb/B2m/Fbn1/Bmp2/Csf1/Cdkn2b/Pabpc4/Cdk6/Wdr1/Hoxa5/Hoxa7/Foxp1/Selenow/Relb/Lrrk1/Mfhas1/Tpm4/Junb/Ets1/Ubash3b/Anxa2/Cd109/Tgfbr2/Cited2/Efna2/Thoc5/Meis1/Id2/Actn1/Inhba/Nedd9/Prxl2a/Gmpr2/Dmtn/Myc/Ccn4/Myh9/App/Runx1/Hmga1/Hspa1b/Hspa1a/Mpig6b/Tnfsf9/Ehbp1l1/Il33/Lipa/Gpc3/Flna	52	dKO_vs_WT_down
GO:0035265	organ growth	29/1098	192/14485	0.15104166666666666	1.992566977838494	3.96508531513929	2.7192172591962476e-4	0.006215675474506883	0.005030543981908651	Tgfb2/Thbs1/Ecm1/Camk2d/Evc/Gusb/Smo/Foxp1/Ccnd2/Pak1/Igf2/Fgfr1/Sorbs2/Tgfbr2/Cited2/Gja1/Gli1/Meis1/Adra1b/Nog/Foxc1/Edn1/Lats2/Spry2/Zfpm2/Ccn4/Nkx2-5/Pim1/Tcf7l2	29	dKO_vs_WT_down
GO:0071774	response to fibroblast growth factor	19/1098	104/14485	0.18269230769230768	2.4101075381813084	4.1331213564897356	2.729178929122011e-4	0.006215675474506883	0.005030543981908651	Sulf1/Gpc1/Creb3l1/Cd44/Thbs1/Flrt3/Wnt4/Fgfr1/Itgb1/Hyal2/Nog/Col1a1/Wnt5a/Fgf17/Spry2/Pdgfb/Zfp36l2/Tcf7l2/Apln	19	dKO_vs_WT_down
GO:2000181	negative regulation of blood vessel morphogenesis	18/1098	96/14485	0.1875	2.473531420765027	4.148427529166131	2.8084343026779467e-4	0.00634244643438768	0.0051331437543589205	Sulf1/Tgfb2/Creb3l1/Spred1/Thbs1/Wnt4/Sema3e/Cxcl10/Flt1/Stard13/Hoxa5/Col4a2/Rock2/Foxc1/Plk2/Spry2/Sema6a/Amot	18	dKO_vs_WT_down
GO:0030178	negative regulation of Wnt signaling pathway	25/1098	156/14485	0.16025641025641027	2.114129419457288	4.006764308819348	2.8089527071133424e-4	0.00634244643438768	0.0051331437543589205	Fermt1/Bmp2/Trabd2b/Cav1/Ruvbl2/Nkd1/Cyld/Apc2/Gli1/Kremen1/Tmem88/Tax1bp3/Nog/Axin2/Gli3/Barx1/Wnt5a/Lats2/Prickle1/App/Prkn/Nkx2-5/Mcc/Tcf7l2/Gpc3	25	dKO_vs_WT_down
GO:0046620	regulation of organ growth	19/1098	105/14485	0.18095238095238095	2.3871541330557724	4.085485967453117	3.100003720598269e-4	0.006969709219686963	0.00564080748979757	Smo/Foxp1/Ccnd2/Pak1/Igf2/Fgfr1/Tgfbr2/Cited2/Gja1/Gli1/Nog/Foxc1/Edn1/Lats2/Zfpm2/Ccn4/Nkx2-5/Pim1/Tcf7l2	19	dKO_vs_WT_down
GO:0048704	embryonic skeletal system morphogenesis	18/1098	97/14485	0.18556701030927836	2.448031096839615	4.097956438748357	3.208664647411695e-4	0.007152874877132596	0.005789049285807451	Rdh10/Twist2/Tgfb2/Dlx2/Slc39a1/Hspg2/Hoxa1/Hoxa3/Hoxa5/Hoxa7/Tgfbr2/Chst11/Nog/Sox11/Gli3/Tfap2a/Mmp14/Grhl2	18	dKO_vs_WT_down
GO:1901343	negative regulation of vasculature development	18/1098	97/14485	0.18556701030927836	2.448031096839615	4.097956438748357	3.208664647411695e-4	0.007152874877132596	0.005789049285807451	Sulf1/Tgfb2/Creb3l1/Spred1/Thbs1/Wnt4/Sema3e/Cxcl10/Flt1/Stard13/Hoxa5/Col4a2/Rock2/Foxc1/Plk2/Spry2/Sema6a/Amot	18	dKO_vs_WT_down
GO:0010171	body morphogenesis	13/1098	58/14485	0.22413793103448276	2.956865146661642	4.276521654927078	3.2223713182422565e-4	0.007153120466359709	0.005789248048985089	Twist2/Tgfb2/Schip1/Mab21l2/Rras/Mmp2/Nog/Col1a1/Wnt3/Tfap2a/Prickle1/Tcf7l2/Gpc3	13	dKO_vs_WT_down
GO:0002088	lens development in camera-type eye	16/1098	81/14485	0.19753086419753085	2.6058602622051312	4.150615474856313	3.26521469256135e-4	0.007166452531516254	0.005800038113623234	Vim/Zeb2/Pax6/Spred1/Tdrd7/Six5/Sox1/Fat1/Cryab/Tgfbr2/Cited2/Gja1/Meis1/Sox11/Tfap2a/Spry2	16	dKO_vs_WT_down
GO:0014855	striated muscle cell proliferation	16/1098	81/14485	0.19753086419753085	2.6058602622051312	4.150615474856313	3.26521469256135e-4	0.007166452531516254	0.005800038113623234	Cflar/Tgfb2/Selenon/Foxp1/Ccnd2/Six5/Fgfr1/Tgfbr2/Cited2/Gja1/Gli1/Nog/Foxc1/Zfpm2/Nkx2-5/Pim1	16	dKO_vs_WT_down
GO:0048041	focal adhesion assembly	17/1098	89/14485	0.19101123595505617	2.519852233887968	4.118881020211839	3.269242743896409e-4	0.007166452531516254	0.005800038113623234	S100a10/Wnt4/Limch1/Dapk3/Actg1/Actn1/Dusp22/Vcl/Mmp14/Ajuba/Dmtn/Myh9/Phldb2/Efna5/Actn3/Cfl1/Arhgap6	17	dKO_vs_WT_down
GO:0051258	protein polymerization	36/1098	261/14485	0.13793103448275862	1.8196093210225488	3.8266616771251356	3.359497551955592e-4	0.007324868264007549	0.005928249007675254	Map2/Arpc5/Casq1/Spta1/Gsn/Stmn2/Clip1/Eln/Cav1/Met/Myadm/Plekhg2/Clip3/Pak1/Tubgcp3/Tpm1/Tpgs1/Pfn1/Myo1c/Dbn1/Map1b/Nefl/Dmtn/Cdc42ep1/Prkn/Hspa1b/Hspa1a/Tubb4a/Arhgap28/Prkce/Bin1/Ssh3/Cfl1/Mid1ip1/Fgf13/Tmsb4x	36	dKO_vs_WT_down
GO:0060043	regulation of cardiac muscle cell proliferation	11/1098	44/14485	0.25	3.2980418943533696	4.372093514650719	3.369355863694786e-4	0.007324868264007549	0.005928249007675254	Foxp1/Ccnd2/Fgfr1/Tgfbr2/Cited2/Gja1/Gli1/Nog/Zfpm2/Nkx2-5/Pim1	11	dKO_vs_WT_down
GO:0001892	embryonic placenta development	19/1098	106/14485	0.1792452830188679	2.364633811045812	4.0383923882366775	3.513969284120169e-4	0.007496883025879838	0.006067466029008682	Vash2/Ccn1/Cdx2/E2f8/Adm/Igf2/Junb/Cited2/Prdm1/Syde1/E2f7/Egfr/Krt19/Grhl2/Pdgfb/Wnt7b/Krt8/Birc6/Cited1	19	dKO_vs_WT_down
GO:0072001	renal system development	44/1098	341/14485	0.12903225806451613	1.7022151712791587	3.7580717734817277	3.5316295212550525e-4	0.007496883025879838	0.006067466029008682	Sulf1/Rdh10/Cflar/Wnt6/Vangl2/Tgfb2/Cd44/Gatm/Fbn1/Bmp2/Schip1/Wnt4/Prom1/Fras1/Smo/Tacstd2/Anxa4/Ilk/Efnb2/Col4a1/Fgfr1/Prdm1/Nog/Itga3/Id2/Sox11/Gli3/Foxc1/Bmp6/Tfap2a/Edn1/Irx1/Irx2/Wnt5a/Has2/Myc/Pdgfb/Wnt7b/Prickle1/Ptk7/Epcam/Acta2/Gpc3/Cited1	44	dKO_vs_WT_down
GO:0019229	regulation of vasoconstriction	14/1098	66/14485	0.21212121212121213	2.7983385770271014	4.193529031293928	3.5339802136821893e-4	0.007496883025879838	0.006067466029008682	Ptgs2/Cav1/Adm/Mmp2/Itgb1/Itga9/Gja1/Egfr/Adra1b/Edn1/Pdgfb/Dusp5/Apln/Cysltr1	14	dKO_vs_WT_down
GO:0021536	diencephalon development	14/1098	66/14485	0.21212121212121213	2.7983385770271014	4.193529031293928	3.5339802136821893e-4	0.007496883025879838	0.006067466029008682	Nrp2/Gbx2/Zeb2/Pax6/Bmp2/Pitx2/Wnt4/Sema3e/Smo/Gli1/Nog/Wnt5a/Sema5a/Tcf7l2	14	dKO_vs_WT_down
GO:0051893	regulation of focal adhesion assembly	14/1098	66/14485	0.21212121212121213	2.7983385770271014	4.193529031293928	3.5339802136821893e-4	0.007496883025879838	0.006067466029008682	S100a10/Wnt4/Limch1/Dapk3/Actg1/Dusp22/Vcl/Mmp14/Dmtn/Myh9/Phldb2/Efna5/Cfl1/Arhgap6	14	dKO_vs_WT_down
GO:0090109	regulation of cell-substrate junction assembly	14/1098	66/14485	0.21212121212121213	2.7983385770271014	4.193529031293928	3.5339802136821893e-4	0.007496883025879838	0.006067466029008682	S100a10/Wnt4/Limch1/Dapk3/Actg1/Dusp22/Vcl/Mmp14/Dmtn/Myh9/Phldb2/Efna5/Cfl1/Arhgap6	14	dKO_vs_WT_down
GO:0098901	regulation of cardiac muscle cell action potential	8/1098	25/14485	0.32	4.221493624772313	4.61686239361009	3.57772093484054e-4	0.007559192706102845	0.006117895236284077	Camk2d/Cav1/Rangrf/Dsp/Pkp2/Dsc2/Bin1/Fgf13	8	dKO_vs_WT_down
GO:0055007	cardiac muscle cell differentiation	23/1098	141/14485	0.16312056737588654	2.1519138601454615	3.9363908927048943	3.7339178349952875e-4	0.007857656691964083	0.006359451638970921	Fhl2/Speg/Actc1/Bmp2/Lmna/Camk2d/Pitx2/Met/Foxp1/Ccnd2/Pak1/Efnb2/Sorbs2/Itgb1/Meis1/Adra1b/Arrb2/Edn1/Ccn4/Plec/Prickle1/T/Nkx2-5	23	dKO_vs_WT_down
GO:0001953	negative regulation of cell-matrix adhesion	10/1098	38/14485	0.2631578947368421	3.4716230466877573	4.36906991538387	3.9957390398864394e-4	0.00837513270471815	0.006778261445309561	Thbs1/Cdkn2a/Sema3e/Hoxa7/Dusp22/Mmp14/Dmtn/Phldb2/Cask/Arhgap6	10	dKO_vs_WT_down
GO:0030307	positive regulation of cell growth	27/1098	178/14485	0.15168539325842698	2.0010591269110334	3.8485686566479504	4.064629952240248e-4	0.008452181098314603	0.006840619162393093	Tgfb2/Sfn/Pak1/Ilk/Tead1/Cyba/Syt1/Egfr/Ntn1/Cxcl16/Erbb2/Krt17/Wnt3/Edn1/Dbn1/Map1b/Wnt5a/Mmp14/Ctnnd2/Sema5a/Ccn4/Prkn/Afdn/Tnfrsf12a/Efna5/Hbegf/Cfl1	27	dKO_vs_WT_down
GO:0050920	regulation of chemotaxis	27/1098	178/14485	0.15168539325842698	2.0010591269110334	3.8485686566479504	4.064629952240248e-4	0.008452181098314603	0.006840619162393093	Thbs1/Csf1/F3/Ccl27a/Creb3/Ppbp/Cxcl10/Met/Efnb2/Fgfr1/Adgra2/Mtus1/Cdh13/Ryk/Perp/Wnt3/Nedd9/Edn1/Wnt5a/Sema5a/Pdgfb/App/Dusp1/Gstp2/Stx3/Mospd2/Tmsb4x	27	dKO_vs_WT_down
GO:0032964	collagen biosynthetic process	14/1098	67/14485	0.208955223880597	2.7565723296087863	4.127192488431127	4.1609746974749815e-4	0.008618459796620424	0.006975193804925943	Tram2/Vim/Col5a1/Creb3l1/Wnt4/Errfi1/Rcn3/Serpinh1/Arrb2/Col1a1/Inhba/Pdgfb/Tnfrsf12a/Ltbp1	14	dKO_vs_WT_down
GO:0022604	regulation of cell morphogenesis	36/1098	264/14485	0.13636363636363635	1.798931942374565	3.7518932814258346	4.1893395183659427e-4	0.008643182433773815	0.006995202621998034	Spta1/Cd44/Hck/Dhx36/Wls/Lrp8/Sema3e/Wdr1/Cldn4/Met/Numbl/Ilk/Parva/Prag1/Palm3/Rhou/Tpm1/Marcks/Palm/Dapk3/Syt1/Grip1/Dbn1/Wnt5a/Dmtn/Myh9/Cdc42ep1/Prkn/Afdn/Efna5/Epb41l3/Arap3/Cfl1/Anxa1/Cask/Msn	36	dKO_vs_WT_down
GO:0061351	neural precursor cell proliferation	29/1098	197/14485	0.14720812182741116	1.941994211903507	3.8124084460510854	4.2173904048705286e-4	0.008667066765634317	0.007014532971916648	Gbx2/Kif1a/Kif14/Zeb2/Pax6/Nes/Ptbp2/Smo/Wnt7a/Numbl/Ilk/Fgfr1/Itgb1/Ryk/Gli1/Kctd11/Nog/Erbb2/Id2/Gli3/Dbn1/Zfp503/Wnt5a/Wnt7b/Afdn/Tead3/Fgf13/Flna/Bex1	29	dKO_vs_WT_down
GO:1990000	amyloid fibril formation	9/1098	32/14485	0.28125	3.710297131147541	4.39558507054817	4.543931384991794e-4	0.00929011573783278	0.007518786334303784	Gsn/B2m/Cdkn2a/Hspg2/Ldlr/Cryab/Cstb/Serf1/App	9	dKO_vs_WT_down
GO:0032496	response to lipopolysaccharide	37/1098	275/14485	0.13454545454545455	1.7749461831429045	3.715734270072778	4.5604322396234877e-4	0.00929011573783278	0.007518786334303784	Mapkapk2/Ptgs2/Capn2/Dusp10/Vim/B2m/Gbp3/Gbp2b/Gbp2/Ccl27a/Ppbp/Cxcl10/Foxp1/Irak2/Selenow/Axl/Irf3/Adm/Efnb2/Palm3/Tnfaip3/Prdm1/Plscr3/Cxcl16/Nr1d1/Bmp6/Tfap2a/Edn1/Wnt5a/Litaf/Prkce/Bin1/Ticam2/Ankrd1/Nfkb2/Casp7/Cited1	37	dKO_vs_WT_down
GO:0060038	cardiac muscle cell proliferation	13/1098	60/14485	0.21666666666666667	2.858302975106254	4.130836757968727	4.57991657491315e-4	0.00929011573783278	0.007518786334303784	Tgfb2/Foxp1/Ccnd2/Fgfr1/Tgfbr2/Cited2/Gja1/Gli1/Nog/Foxc1/Zfpm2/Nkx2-5/Pim1	13	dKO_vs_WT_down
GO:0050680	negative regulation of epithelial cell proliferation	23/1098	143/14485	0.16083916083916083	2.1218171628007694	3.860904292892921	4.5911995663115815e-4	0.00929011573783278	0.007518786334303784	Sulf1/Dusp10/Tgfb2/Irf6/Pax6/Thbs1/B2m/Cdkn2a/Cdkn2b/Sfn/Cdk6/Flt1/Cav1/Smo/Efnb2/Marveld3/Cd109/Gja1/Wnt5a/Eppk1/Mcc/Cask/Gpc3	23	dKO_vs_WT_down
GO:0007044	cell-substrate junction assembly	18/1098	100/14485	0.18	2.374590163934426	3.9502273834306387	4.720706296912444e-4	0.009479250316052049	0.0076718589678629314	S100a10/Wnt4/Limch1/Dapk3/Actg1/Actn1/Dusp22/Vcl/Mmp14/Ajuba/Dmtn/Plec/Myh9/Phldb2/Efna5/Actn3/Cfl1/Arhgap6	18	dKO_vs_WT_down
GO:0061326	renal tubule development	18/1098	100/14485	0.18	2.374590163934426	3.9502273834306387	4.720706296912444e-4	0.009479250316052049	0.0076718589678629314	Wnt6/Cd44/Bmp2/Wnt4/Prom1/Smo/Tacstd2/Ilk/Col4a1/Nog/Gli3/Irx1/Irx2/Myc/Wnt7b/Prickle1/Gpc3/Cited1	18	dKO_vs_WT_down
GO:0072659	protein localization to plasma membrane	37/1098	276/14485	0.13405797101449277	1.7685152187112274	3.6917225341849176	4.892561599815516e-4	0.009786983489212711	0.007920917218832806	Tmbim1/Acsl3/Nfasc/Bcl2l1/S100a10/Camk2d/Sfn/Errfi1/Actb/Arl6ip5/Ehd2/Clip3/Bbs2/Itgb1/Anxa2/Myo5a/Palm/Grip1/Egfr/Rangrf/Tmem88/Flot2/Itga3/Rock2/Lgals3/Mmp14/Krt18/Emp2/Pkp2/Ap2m1/Epb41l3/Pkdcc/Aldh7a1/Stx3/Cask/Fgf13/Flna	37	dKO_vs_WT_down
GO:0034341	response to type II interferon	21/1098	126/14485	0.16666666666666666	2.1986945962355797	3.8702188046517993	4.915750481395467e-4	0.009796122455538467	0.007928313675137424	Vim/Gsn/Kynu/Zfp697/Gbp7/Gbp3/Gbp2b/Gbp2/Zyx/Rab11fip5/Bst2/Stx11/Dapk3/Cxcl16/Myo1c/Actg1/Edn1/Flnb/Wnt5a/Pim1/Cited1	21	dKO_vs_WT_down
GO:0003018	vascular process in circulatory system	29/1098	199/14485	0.1457286432160804	1.9224766821356325	3.752583881917919	4.996215849142024e-4	0.009918902483900448	0.008027683459693936	Ptgs2/Zeb2/Fabp5/Ddah1/Sh3gl2/Slc2a1/Htr1d/Cav1/Adm/Mmp2/Bbs2/Itgb1/Htr1b/Itga9/Gja1/Egfr/Adra1b/Rock2/Foxc1/Bmp6/Edn1/Ocln/Plec/Pdgfb/Acta2/Dusp5/Apln/Cysltr1/Amot	29	dKO_vs_WT_down
GO:0045667	regulation of osteoblast differentiation	23/1098	144/14485	0.1597222222222222	2.1070823213924306	3.8236245405689266	5.080978120153027e-4	0.010002964173525329	0.008095717260458778	Twist2/Bmp2/Lmna/Ccn1/Wnt4/Cdk6/Ilk/Fgfr1/Gli1/Nog/Wnt3/Axin2/Id2/Sox11/Gli3/Bmp6/Pdlim7/Ccn4/Wnt7b/Hdac7/Clic1/Crim1/Cited1	23	dKO_vs_WT_down
GO:0030856	regulation of epithelial cell differentiation	24/1098	153/14485	0.1568627450980392	2.069359619986428	3.808201263658458	5.084304712800314e-4	0.010002964173525329	0.008095717260458778	Klf7/Tgfb2/Zeb2/Pax6/Spred1/Bmp2/Ptch2/Sfn/Errfi1/Prom1/Cav1/Smo/Hoxa7/Foxp1/Ccnd1/Cd109/Rock2/Foxc1/Bmp6/Vcl/Spry2/Eppk1/Maff/Cited1	24	dKO_vs_WT_down
GO:0034113	heterotypic cell-cell adhesion	11/1098	46/14485	0.2391304347826087	3.154648768511919	4.191704313656434	5.095598552565649e-4	0.010002964173525329	0.008095717260458778	Nfasc/Cd44/Myadm/Parva/Itgb1/Perp/Tnfaip3/Madcam1/Dsp/Pkp2/Dsc2	11	dKO_vs_WT_down
GO:0007369	gastrulation	28/1098	190/14485	0.14736842105263157	1.9441089061451442	3.751548899137634	5.165308957666015e-4	0.010102115400104425	0.008175963503721006	Vangl2/Col5a1/Wls/Myadm/Col4a2/Fgfr1/Mmp2/Itgb1/Col12a1/Tgfbr2/Tnfaip3/Gja1/Nog/Itga3/Wnt3/Lamb1/Inhba/Foxc1/Wnt5a/Mmp14/Myh9/Prickle1/T/Dusp1/Dusp5/Apln/Gpc3/Amot	28	dKO_vs_WT_down
GO:2001233	regulation of apoptotic signaling pathway	49/1098	399/14485	0.12280701754385964	1.6200907551209536	3.5970929377358982	5.34123835025374e-4	0.010407501837290712	0.008423122466579485	Cflar/Casp8/Tmbim1/Ptgs2/Pea15a/Tgfb2/Creb3l1/Cd44/Thbs1/Mal/Bcl2l1/Lmna/Cth/Creb3/Wnt4/Cav1/Bcl2l12/Fgfr1/Cyld/Mmp2/Hyal2/Tnfaip3/Eya4/Unc5b/Rtkn2/Dapk3/Fbxo7/Cradd/Pmp22/Alox12/Arrb2/Aatf/Nog/Inhba/Wnt5a/Lgals3/Myc/App/Prkn/Tnfrsf12a/Hspa1b/Hspa1a/Ltb/Ier3/Birc6/Gstp2/Itprip/Acsl5/Tcf7l2	49	dKO_vs_WT_down
GO:0001822	kidney development	42/1098	328/14485	0.12804878048780488	1.6892409702785551	3.615981396062665	5.582759382529106e-4	0.010792424402213731	0.008734652548935972	Sulf1/Rdh10/Cflar/Wnt6/Vangl2/Tgfb2/Cd44/Gatm/Fbn1/Bmp2/Schip1/Wnt4/Prom1/Fras1/Smo/Tacstd2/Anxa4/Ilk/Efnb2/Fgfr1/Prdm1/Nog/Itga3/Id2/Sox11/Gli3/Foxc1/Bmp6/Tfap2a/Edn1/Irx1/Irx2/Wnt5a/Has2/Myc/Pdgfb/Wnt7b/Ptk7/Epcam/Acta2/Gpc3/Cited1	42	dKO_vs_WT_down
GO:0055013	cardiac muscle cell development	17/1098	93/14485	0.1827956989247312	2.411471492645475	3.9107207590303745	5.583199612500196e-4	0.010792424402213731	0.008734652548935972	Fhl2/Speg/Actc1/Lmna/Camk2d/Pitx2/Met/Foxp1/Pak1/Sorbs2/Meis1/Adra1b/Edn1/Ccn4/Plec/Prickle1/Nkx2-5	17	dKO_vs_WT_down
GO:0043123	positive regulation of canonical NF-kappaB signal transduction	24/1098	154/14485	0.15584415584415584	2.055922219856646	3.7727483489634834	5.600326671363522e-4	0.010792424402213731	0.008734652548935972	Casp8/Ikbke/Tgm2/Dhx36/Cth/Lurap1l/Cav1/Irf3/Slco3a1/Ilk/Cyld/Flot2/Edn1/Ajuba/Card10/Rbx1/Litaf/Prkn/Ltb/Prkce/Ticam2/Casp7/Flna/Mid2	24	dKO_vs_WT_down
GO:0048639	positive regulation of developmental growth	28/1098	191/14485	0.14659685863874344	1.9339303254846982	3.7209862800859606	5.625897159065908e-4	0.010802133194834211	0.008742510183796235	Csf1/Smo/Ccnd2/Pak1/Ilk/Igf2/Fgfr1/Bbs2/Syt1/Gli1/Sh3pxd2b/Ntn1/Wnt3/Edn1/Dbn1/Map1b/Wnt5a/Ghr/Ctnnd2/Sema5a/Zfpm2/Ccn4/Prkn/Afdn/Tnfrsf12a/Pim1/Efna5/Actn3	28	dKO_vs_WT_down
GO:0061035	regulation of cartilage development	14/1098	69/14485	0.2028985507246377	2.6766716823737497	3.9981030569561535	5.703044244763838e-4	0.01091044209880093	0.008830168026820948	Tgfb2/Bmp2/Ccn1/Efemp1/Nog/Axin2/Mboat2/Gli3/Bmp6/Wnt5a/Loxl2/Bmp1/Ccn4/Pkdcc	14	dKO_vs_WT_down
GO:0008543	fibroblast growth factor receptor signaling pathway	15/1098	77/14485	0.19480519480519481	2.569902774820808	3.955670114607417	5.796355242782365e-4	0.011037434907319628	0.008932947348434436	Sulf1/Gpc1/Creb3l1/Thbs1/Flrt3/Wnt4/Fgfr1/Itgb1/Nog/Wnt5a/Fgf17/Spry2/Pdgfb/Tcf7l2/Apln	15	dKO_vs_WT_down
GO:0002548	monocyte chemotaxis	9/1098	33/14485	0.2727272727272727	3.59786388474913	4.278713253723523	5.83236438744508e-4	0.011037434907319628	0.008932947348434436	Creb3/Cxcl10/Flt1/Lgals3/Pdgfb/App/Dusp1/Anxa1/Mospd2	9	dKO_vs_WT_down
GO:0090162	establishment of epithelial cell polarity	9/1098	33/14485	0.2727272727272727	3.59786388474913	4.278713253723523	5.83236438744508e-4	0.011037434907319628	0.008932947348434436	Vangl2/Fermt1/Frmd4b/Fat1/Gja1/Wnt5a/Sh3bp1/Ptk7/Msn	9	dKO_vs_WT_down
GO:0030324	lung development	31/1098	220/14485	0.1409090909090909	1.8588963404537175	3.6763766677276526	5.862637454871687e-4	0.011054959014365573	0.008947130165989803	Rdh10/Col3a1/Vangl2/Fbn1/Bmp2/Pitx2/Selenon/Errfi1/Hoxa5/Foxp1/Rcn3/Fgfr1/Anxa2/Tgfbr2/Lta4h/Gli1/Nog/Itga3/Sox11/Gli3/Wnt5a/Mmp14/Spry2/Grhl2/Zfpm2/Wnt7b/Hmga1/Ptk7/Pkdcc/Lipa/Gpc3	31	dKO_vs_WT_down
GO:0001974	blood vessel remodeling	12/1098	54/14485	0.2222222222222222	2.931592794980773	4.072565142547392	5.892208944422283e-4	0.01107103973450201	0.008960144804582005	Tmbim1/Tgfb2/Tgm2/Sema3c/Eln/Hoxa3/Axl/Gja1/Adra1b/Foxc1/Bgn/Flna	12	dKO_vs_WT_down
GO:0055006	cardiac cell development	18/1098	102/14485	0.17647058823529413	2.328029572484732	3.8546671973862994	6.040863718179507e-4	0.011309958726456364	0.00915350954861813	Fhl2/Speg/Actc1/Lmna/Camk2d/Pitx2/Met/Foxp1/Pak1/Sorbs2/Meis1/Adra1b/Inhba/Edn1/Ccn4/Plec/Prickle1/Nkx2-5	18	dKO_vs_WT_down
GO:0001837	epithelial to mesenchymal transition	25/1098	164/14485	0.1524390243902439	2.0110011550935183	3.728985545022047	6.077452218361881e-4	0.011338112099575127	0.00917629496949377	Vangl2/Tgfb2/Spred1/Bmp2/Glipr2/Wnt4/Tgfb1i1/Fgfr1/Tgfbr2/Gja1/Nog/Col1a1/Axin2/Mcrip1/Rock2/Foxc1/Edn1/Wnt5a/Loxl2/Spry2/Has2/Rbx1/Emp2/Tcf7l2/Flna	25	dKO_vs_WT_down
GO:0048706	embryonic skeletal system development	22/1098	137/14485	0.16058394160583941	2.118450267905814	3.7669085241027664	6.180362186601487e-4	0.01148935882109909	0.009298703754808634	Sulf1/Rdh10/Twist2/Tgfb2/Dlx2/Slc39a1/Hspg2/Hoxa1/Hoxa3/Hoxa5/Hoxa7/Tgfbr2/Chst11/Nog/Col1a1/Sox11/Gli3/Tfap2a/Wnt5a/Mmp14/Grhl2/T	22	dKO_vs_WT_down
GO:0060323	head morphogenesis	11/1098	47/14485	0.23404255319148937	3.0875285819478355	4.10517463774554	6.20347346839502e-4	0.011491716168037396	0.009300611630710843	Twist2/Tgfb2/Schip1/Rras/Mmp2/Nog/Col1a1/Wnt3/Tfap2a/Prickle1/Tcf7l2	11	dKO_vs_WT_down
GO:0060325	face morphogenesis	10/1098	40/14485	0.25	3.2980418943533696	4.1680503905484185	6.235882674228126e-4	0.011511220613724272	0.009316397199354669	Twist2/Tgfb2/Schip1/Rras/Mmp2/Nog/Col1a1/Tfap2a/Prickle1/Tcf7l2	10	dKO_vs_WT_down
GO:0016525	negative regulation of angiogenesis	17/1098	94/14485	0.18085106382978725	2.385817540596055	3.860364299548125	6.34421097576885e-4	0.01163215844434036	0.009414276034645555	Sulf1/Tgfb2/Creb3l1/Spred1/Thbs1/Sema3e/Cxcl10/Flt1/Stard13/Hoxa5/Col4a2/Rock2/Foxc1/Plk2/Spry2/Sema6a/Amot	17	dKO_vs_WT_down
GO:0048846	axon extension involved in axon guidance	7/1098	21/14485	0.3333333333333333	4.3973891924711594	4.461845604979398	6.367727869169404e-4	0.01163215844434036	0.009414276034645555	Nrp2/Smo/Ryk/Slit3/Wnt3/Wnt5a/Sema5a	7	dKO_vs_WT_down
GO:1902284	neuron projection extension involved in neuron projection guidance	7/1098	21/14485	0.3333333333333333	4.3973891924711594	4.461845604979398	6.367727869169404e-4	0.01163215844434036	0.009414276034645555	Nrp2/Smo/Ryk/Slit3/Wnt3/Wnt5a/Sema5a	7	dKO_vs_WT_down
GO:0003209	cardiac atrium morphogenesis	8/1098	27/14485	0.2962962962962963	3.908790393307697	4.332554111373081	6.408546273895283e-4	0.011633962971115597	0.009415736495595711	Tgfb2/Bmp2/Pitx2/Ccn1/Nsd2/Smo/Nog/Nkx2-5	8	dKO_vs_WT_down
GO:0045165	cell fate commitment	36/1098	270/14485	0.13333333333333333	1.7589556769884638	3.6051941720539147	6.412942903675201e-4	0.011633962971115597	0.009415736495595711	Wnt6/Wnt10a/Tgfb2/Dlx2/Pax6/Bmp2/Ptch2/Wnt4/Smo/Wnt7a/Tgfb1i1/Sox1/Fgfr1/Cyld/Itgb1/Prdm1/Apc2/Sh3pxd2b/Chd3/Wnt3/Id2/Gli3/Edn1/Wnt5a/Lats2/Spry2/Lgals1/Wnt7b/Gap43/Runx1/T/Nkx2-5/Tead3/Sufu/Tcf7l2/Fgf13	36	dKO_vs_WT_down
GO:0002062	chondrocyte differentiation	20/1098	120/14485	0.16666666666666666	2.1986945962355797	3.776157950308567	6.62593658256197e-4	0.011979055794109458	0.009695031100185629	Sulf1/Col3a1/Bmp2/Ecm1/Hspg2/Gusb/Wnt7a/Serpinh1/Fgfr1/Tgfbr2/Chst11/Efemp1/Axin2/Mboat2/Gli3/Bmp6/Loxl2/Ccn4/Runx1/Pkdcc	20	dKO_vs_WT_down
GO:0010001	glial cell differentiation	35/1098	261/14485	0.13409961685823754	1.7690646176608114	3.5906742690089004	6.820918720912218e-4	0.012278770449335143	0.009937599709392984	Gpc1/Dusp10/Vim/Zeb2/Dlx2/Pax6/Mal/Bmp2/Phgdh/Mxra8/Wdr1/Smo/Ilk/Sox1/Arhgef10/Ldlr/Egfr/Pmp22/Nog/Erbb2/Nr1d1/Id2/Sox11/Ccdc85c/Gli3/Plec/Pdgfb/Gap43/App/Afdn/Metrn/Bin1/Clcf1/Il33/Tcf7l2	35	dKO_vs_WT_down
GO:1903844	regulation of cellular response to transforming growth factor beta stimulus	22/1098	138/14485	0.15942028985507245	2.1030991790079456	3.728870936514036	6.838395251197866e-4	0.012278770449335143	0.009937599709392984	Cflar/Zeb2/Spred1/Thbs1/Fbn1/Fermt1/Bmp2/Cdkn2b/Peg10/Sinhcaf/Tgfb1i1/Cd109/Cited2/Chst11/Mtmr4/Itga3/Sox11/Lats2/Spry2/Hspa1a/Ltbp1/Fam89b	22	dKO_vs_WT_down
GO:0043616	keratinocyte proliferation	12/1098	55/14485	0.21818181818181817	2.878291107799304	3.996822652403221	7.025036571876881e-4	0.012570992314504854	0.010174104165142134	Twist2/Irf6/Fermt1/Cdkn2a/Sfn/Efnb2/Cdh13/Cd109/Tgm1/Has2/Eppk1/Cask	12	dKO_vs_WT_down
GO:0016331	morphogenesis of embryonic epithelium	26/1098	175/14485	0.14857142857142858	1.9599791829300026	3.659020303959715	7.107416743657964e-4	0.01267529474182527	0.010258519439106677	Sulf1/Rdh10/Casp8/Wnt6/Vangl2/Tgfb2/Zeb2/Wnt4/Adm/Tgfb1i1/Cited2/Pfn1/Nog/Rock2/Sox11/Tfap2a/Irx1/Irx2/Wnt5a/Grhl2/Wnt7b/Prickle1/T/Ptk7/Cfl1/Sufu	26	dKO_vs_WT_down
GO:1903076	regulation of protein localization to plasma membrane	19/1098	112/14485	0.16964285714285715	2.2379569997397866	3.7665579600290404	7.155564451066256e-4	0.012718048843601207	0.010293121694368067	Tmbim1/Acsl3/Bcl2l1/Camk2d/Sfn/Actb/Clip3/Itgb1/Myo5a/Grip1/Egfr/Rangrf/Itga3/Lgals3/Mmp14/Ap2m1/Pkdcc/Aldh7a1/Stx3	19	dKO_vs_WT_down
GO:1903522	regulation of blood circulation	30/1098	213/14485	0.14084507042253522	1.858051771466687	3.6129726325466818	7.185656736606868e-4	0.012728532017268934	0.010301606060455354	Ptgs2/Tgfb2/Sri/Cav1/Adm/Mmp2/Itgb1/Tpm1/Itga9/Gja1/Smtn/Egfr/Adra1b/Rangrf/Gaa/Dsp/Edn1/Pdgfb/Pkp2/App/Nkx2-5/Dsc2/Bin1/Hbegf/Gsto1/Dusp5/Apln/Fgf13/Flna/Cysltr1	30	dKO_vs_WT_down
GO:0072657	protein localization to membrane	54/1098	457/14485	0.11816192560175055	1.5588119238081573	3.4763995280190527	7.238676205829319e-4	0.012779421315056392	0.010342792388760014	Tmbim1/Acsl3/Gpc1/Nfasc/Gsn/Bcl2l1/S100a10/Camk2d/Sfn/Errfi1/Clip1/Actb/Arl6ip5/Myadm/Ehd2/Clip3/Pak1/Sorbs2/Bbs2/Itgb1/Anxa2/Myo5a/Rab32/Madcam1/Palm/Grip1/Egfr/Sh3pxd2b/Rangrf/Tmem88/Flot2/Itga3/Erbb2/Rock2/Dbn1/Lgals3/Mmp14/Gpc6/Krt18/Emp2/Pkp2/Ap2m1/Prkn/Epb41l3/Pkdcc/Cript/Reep2/Aldh7a1/Stx3/Cask/Gpc4/Gpc3/Fgf13/Flna	54	dKO_vs_WT_down
GO:0002064	epithelial cell development	31/1098	223/14485	0.13901345291479822	1.8338887663668964	3.593967415074401	7.388771041656747e-4	0.012942655853363433	0.010474903295722262	Vim/Pax6/Tmem79/Cgn/Sfn/Cdk6/Met/Smo/Hoxa5/Myadm/Fat1/Palld/Sidt2/Amotl2/Prdm1/Gja1/Rock2/Bmp6/Tfap2a/Edn1/Marveld2/Flnb/Vcl/Wnt5a/Grhl2/Plec/Pdgfb/Afdn/Acta2/Flna/Msn	31	dKO_vs_WT_down
GO:0030323	respiratory tube development	31/1098	223/14485	0.13901345291479822	1.8338887663668964	3.593967415074401	7.388771041656747e-4	0.012942655853363433	0.010474903295722262	Rdh10/Col3a1/Vangl2/Fbn1/Bmp2/Pitx2/Selenon/Errfi1/Hoxa5/Foxp1/Rcn3/Fgfr1/Anxa2/Tgfbr2/Lta4h/Gli1/Nog/Itga3/Sox11/Gli3/Wnt5a/Mmp14/Spry2/Grhl2/Zfpm2/Wnt7b/Hmga1/Ptk7/Pkdcc/Lipa/Gpc3	31	dKO_vs_WT_down
GO:0003230	cardiac atrium development	9/1098	34/14485	0.2647058823529412	3.4920443587270977	4.166295532456485	7.404940908310954e-4	0.012942655853363433	0.010474903295722262	Tgfb2/Bmp2/Pitx2/Ccn1/Nsd2/Smo/Nog/Wnt5a/Nkx2-5	9	dKO_vs_WT_down
GO:0001954	positive regulation of cell-matrix adhesion	13/1098	63/14485	0.20634920634920634	2.7221933096250037	3.92322506623132	7.506577175048687e-4	0.013076855138387794	0.010583515048125458	Fermt1/S100a10/Csf1/Wnt4/Cdk6/Rras/Ilk/Cdh13/Utrn/Myh9/Emp2/Efemp2/Cfl1	13	dKO_vs_WT_down
GO:0055021	regulation of cardiac muscle tissue growth	14/1098	71/14485	0.19718309859154928	2.6012724800533618	3.8735213293655875	7.705003811924908e-4	0.01328781841457458	0.01075425434167092	Foxp1/Ccnd2/Pak1/Fgfr1/Tgfbr2/Cited2/Gja1/Gli1/Nog/Edn1/Zfpm2/Ccn4/Nkx2-5/Pim1	14	dKO_vs_WT_down
GO:0010002	cardioblast differentiation	6/1098	16/14485	0.375	4.947062841530054	4.523958062607027	7.723765473483266e-4	0.01328781841457458	0.01075425434167092	Tgfb2/Dhx36/Itgb1/Prickle1/T/Nkx2-5	6	dKO_vs_WT_down
GO:0045906	negative regulation of vasoconstriction	6/1098	16/14485	0.375	4.947062841530054	4.523958062607027	7.723765473483266e-4	0.01328781841457458	0.01075425434167092	Adm/Mmp2/Itgb1/Itga9/Dusp5/Apln	6	dKO_vs_WT_down
GO:0006544	glycine metabolic process	5/1098	11/14485	0.45454545454545453	5.996439807915218	4.747516848735499	7.779220816743909e-4	0.01328781841457458	0.01075425434167092	Phgdh/Gcsh/Shmt1/Tdh/Gcat	5	dKO_vs_WT_down
GO:0030049	muscle filament sliding	5/1098	11/14485	0.45454545454545453	5.996439807915218	4.747516848735499	7.779220816743909e-4	0.01328781841457458	0.01075425434167092	Tpm1/Myl6/Myl6b/Dbn1/Tnnc1	5	dKO_vs_WT_down
GO:0098911	regulation of ventricular cardiac muscle cell action potential	5/1098	11/14485	0.45454545454545453	5.996439807915218	4.747516848735499	7.779220816743909e-4	0.01328781841457458	0.01075425434167092	Cav1/Dsp/Pkp2/Dsc2/Bin1	5	dKO_vs_WT_down
GO:0001936	regulation of endothelial cell proliferation	19/1098	113/14485	0.168141592920354	2.2181520705385496	3.7229390106360083	8.004142543729678e-4	0.01358380449114898	0.010993805293509865	Sulf1/Vash2/Thbs1/Ecm1/F3/Hspg2/Flt1/Cav1/Emc10/Igf2/Fgfr1/Cdh13/Cyba/Gja1/Bmp6/Wnt5a/Sema5a/Pdgfb/Apln	19	dKO_vs_WT_down
GO:0060840	artery development	19/1098	113/14485	0.168141592920354	2.2181520705385496	3.7229390106360083	8.004142543729678e-4	0.01358380449114898	0.010993805293509865	Col3a1/Tgfb2/Gusb/Hoxa1/Efnb2/Ldlr/Tgfbr2/Cited2/Prdm1/Nog/Fkbp10/Gaa/Gli3/Foxc1/Edn1/Prickle1/Ltbp1/Efemp2/Sufu	19	dKO_vs_WT_down
GO:0051961	negative regulation of nervous system development	24/1098	158/14485	0.1518987341772152	2.003873556062807	3.6335716105910434	8.149221055419141e-4	0.013785547258057912	0.011157082135444384	Map2/Dusp10/Dlx2/Pax6/B2m/Trim46/Cdkn2b/Dpysl5/Wnt7a/Ldlr/Prtg/Ryk/Ntn1/Kctd11/Nog/Nr1d1/Wnt3/Id2/Sox11/Wnt5a/Sema5a/Wnt7b/App/Fgf13	24	dKO_vs_WT_down
GO:0050768	negative regulation of neurogenesis	23/1098	149/14485	0.15436241610738255	2.03637486094302	3.6416634252727036	8.275677445083529e-4	0.013954595845700142	0.01129389853757182	Map2/Dusp10/Dlx2/Pax6/B2m/Trim46/Cdkn2b/Dpysl5/Wnt7a/Ldlr/Prtg/Ryk/Ntn1/Kctd11/Nog/Nr1d1/Wnt3/Id2/Sox11/Wnt5a/Sema5a/Wnt7b/Fgf13	23	dKO_vs_WT_down
GO:0086003	cardiac muscle cell contraction	12/1098	56/14485	0.21428571428571427	2.826893052302888	3.92276974796396	8.334500523778654e-4	0.013971133414623436	0.011307282918426911	Gsn/Camk2d/Sri/Cav1/Rangrf/Dsp/Tnnc1/Pkp2/Dsc2/Bin1/Fgf13/Flna	12	dKO_vs_WT_down
GO:0055123	digestive system development	22/1098	140/14485	0.15714285714285714	2.073054905022118	3.653755499687476	8.338597019942517e-4	0.013971133414623436	0.011307282918426911	Col3a1/Vangl2/Tgfb2/Pdgfc/Pitx2/Wls/Cdx2/Smo/Hoxa5/Igf2/Prdm1/Egfr/Tcf7/Id2/Sox11/Gli3/Barx1/Wnt5a/Rcbtb2/Pkdcc/Cdx1/Tcf7l2	22	dKO_vs_WT_down
GO:0003148	outflow tract septum morphogenesis	8/1098	28/14485	0.2857142857142857	3.769190736403851	4.200457469256605	8.382182288316629e-4	0.013999574926613901	0.011330301539261742	Nrp2/Vangl2/Tgfb2/Sema3c/Parva/Tgfbr2/Zfpm2/Nkx2-5	8	dKO_vs_WT_down
GO:0055008	cardiac muscle tissue morphogenesis	13/1098	64/14485	0.203125	2.679659039162113	3.8567121539411153	8.778018881864806e-4	0.014614290296674286	0.011827810252212904	Tgfb2/Actc1/Bmp2/Pitx2/Tpm1/Nog/Foxc1/Dsp/Tnnc1/Zfpm2/Pkp2/Nkx2-5/Ankrd1	13	dKO_vs_WT_down
GO:0007178	cell surface receptor protein serine/threonine kinase signaling pathway	43/1098	346/14485	0.12427745664739884	1.6394890341872241	3.447986845652909	8.966759372883425e-4	0.014881426202126088	0.01204401184237538	Sulf1/Col3a1/Tgfb2/Zeb2/Spred1/Thbs1/Fbn1/Fermt1/Bmp2/Ccn1/Cdkn2b/Bmp8b/Selenon/Peg10/Cav1/Zyx/Sinhcaf/Ilk/Tgfb1i1/Cd109/Tgfbr2/Cited2/Chst11/Arrb2/Mtmr4/Nog/Itga3/Sox11/Inhba/Dusp22/Bmp6/Wnt5a/Lats2/Spry2/Fstl1/Rgmb/Hspa1a/Ltbp1/Crim1/Fam89b/Tcf7l2/Gpc3/Cited1	43	dKO_vs_WT_down
GO:0071526	semaphorin-plexin signaling pathway	11/1098	49/14485	0.22448979591836735	2.9615070071744545	3.9388393109294006	9.024863928259234e-4	0.014930757586972272	0.01208393730215445	Nrp2/Sema3e/Sema3c/Met/Sema3b/Erbb2/Edn1/Sema5a/Sh3bp1/Sema6a/Flna	11	dKO_vs_WT_down
GO:0001704	formation of primary germ layer	20/1098	123/14485	0.16260162601626016	2.145067898766419	3.6524151087546417	9.130648795386443e-4	0.015011357285165025	0.012149169203071762	Col5a1/Wls/Col4a2/Fgfr1/Mmp2/Itgb1/Col12a1/Gja1/Nog/Itga3/Wnt3/Lamb1/Inhba/Foxc1/Wnt5a/Mmp14/Myh9/T/Dusp1/Dusp5	20	dKO_vs_WT_down
GO:0043500	muscle adaptation	20/1098	123/14485	0.16260162601626016	2.145067898766419	3.6524151087546417	9.130648795386443e-4	0.015011357285165025	0.012149169203071762	Cflar/Casq1/Gsn/Gatm/Bmp2/Lmna/Camk2d/Selenon/Errfi1/Foxp1/Pak1/Tead1/Cyba/Mtmr4/Rock2/Edn1/Adk/Tnnc1/Ccn4/Actn3	20	dKO_vs_WT_down
GO:0060993	kidney morphogenesis	17/1098	97/14485	0.17525773195876287	2.3120293692374134	3.713068878995854	9.182852280257769e-4	0.015050151354029945	0.012180566477666068	Wnt6/Vangl2/Cd44/Bmp2/Wnt4/Fras1/Smo/Tacstd2/Ilk/Nog/Gli3/Irx1/Irx2/Myc/Wnt7b/Gpc3/Cited1	17	dKO_vs_WT_down
GO:0072009	nephron epithelium development	19/1098	115/14485	0.16521739130434782	2.179575512790053	3.6370567778631364	9.963115289634626e-4	0.01627824519837508	0.013174501911269062	Wnt6/Cd44/Bmp2/Wnt4/Prom1/Smo/Tacstd2/Ilk/Nog/Gli3/Foxc1/Edn1/Irx1/Irx2/Myc/Pdgfb/Wnt7b/Gpc3/Cited1	19	dKO_vs_WT_down
GO:0061333	renal tubule morphogenesis	15/1098	81/14485	0.18518518518518517	2.442993995817311	3.729660263801337	0.0010064739063630783	0.016393372202402955	0.013267677859666453	Wnt6/Cd44/Bmp2/Wnt4/Smo/Tacstd2/Ilk/Col4a1/Nog/Gli3/Irx1/Irx2/Myc/Gpc3/Cited1	15	dKO_vs_WT_down
GO:0014911	positive regulation of smooth muscle cell migration	13/1098	65/14485	0.2	2.6384335154826957	3.791461652337738	0.0010225134709923242	0.016603220280526597	0.01343751458792707	S100a11/F3/Camk2d/Smo/Pak1/Fat1/Myo5a/Has2/Myc/Ccn4/Pdgfb/Cyp1b1/Tmsb4x	13	dKO_vs_WT_down
GO:1904705	regulation of vascular associated smooth muscle cell proliferation	14/1098	73/14485	0.1917808219178082	2.5300047408738178	3.753149605374604	0.0010270336041750044	0.016625303974045227	0.013455387623928396	Camk2d/Cav1/Pak1/Mmp2/Cnn1/Tpm1/Htr1b/Gja1/Timp3/Edn1/Pdgfb/Gstp2/Efemp2/Apln	14	dKO_vs_WT_down
GO:0071222	cellular response to lipopolysaccharide	25/1098	170/14485	0.14705882352941177	1.9400246437372761	3.5307894494899235	0.0010359125803321419	0.016717595353151527	0.013530081974309055	Capn2/Vim/B2m/Gbp3/Gbp2b/Gbp2/Ccl27a/Ppbp/Cxcl10/Irak2/Axl/Irf3/Efnb2/Tnfaip3/Prdm1/Plscr3/Cxcl16/Nr1d1/Bmp6/Wnt5a/Litaf/Prkce/Ticam2/Ankrd1/Casp7	25	dKO_vs_WT_down
GO:0003171	atrioventricular valve development	8/1098	29/14485	0.27586206896551724	3.6392186420450976	4.074310243105521	0.0010815291287857363	0.017400381487895286	0.014082682523541938	Tgfb2/Bmp2/Pitx2/Ccn1/Tgfbr2/Slit3/Axin2/Zfpm2	8	dKO_vs_WT_down
GO:0048143	astrocyte activation	6/1098	17/14485	0.35294117647058826	4.656059144969464	4.319537213641859	0.0011176391660324917	0.01792652333078335	0.014508505862007155	Zeb2/Smo/Ldlr/Egfr/Nr1d1/App	6	dKO_vs_WT_down
GO:1990138	neuron projection extension	27/1098	190/14485	0.14210526315789473	1.8746764452113893	3.4756492961522123	0.0011312935791476936	0.018090381519440778	0.014641121509046298	Nrp2/Map2/Pak6/Flrt3/Trim46/Sh3gl2/Smo/Pak1/Ilk/Itgb1/Ryk/Syt1/Slit3/Ntn1/Wnt3/Edn1/Dbn1/Map1b/Vcl/Wnt5a/Ctnnd2/Sema5a/Prickle1/Prkn/Afdn/Tnfrsf12a/Ddr1	27	dKO_vs_WT_down
GO:0001658	branching involved in ureteric bud morphogenesis	12/1098	58/14485	0.20689655172413793	2.729413981533823	3.779451207958921	0.0011568112020714403	0.01840511384433997	0.014895844396273507	Wnt6/Cd44/Bmp2/Wnt4/Smo/Tacstd2/Ilk/Nog/Gli3/Myc/Gpc3/Cited1	12	dKO_vs_WT_down
GO:0021846	cell proliferation in forebrain	9/1098	36/14485	0.25	3.2980418943533696	3.953612426631436	0.0011585532655714883	0.01840511384433997	0.014895844396273507	Kif1a/Kif14/Zeb2/Pax6/Wnt7a/Numbl/Fgfr1/Gli3/Wnt7b	9	dKO_vs_WT_down
GO:0002237	response to molecule of bacterial origin	37/1098	289/14485	0.12802768166089964	1.6889626310183345	3.3881715319393804	0.001162367274596406	0.01840511384433997	0.014895844396273507	Mapkapk2/Ptgs2/Capn2/Dusp10/Vim/B2m/Gbp3/Gbp2b/Gbp2/Ccl27a/Ppbp/Cxcl10/Foxp1/Irak2/Selenow/Axl/Irf3/Adm/Efnb2/Palm3/Tnfaip3/Prdm1/Plscr3/Cxcl16/Nr1d1/Bmp6/Tfap2a/Edn1/Wnt5a/Litaf/Prkce/Bin1/Ticam2/Ankrd1/Nfkb2/Casp7/Cited1	37	dKO_vs_WT_down
GO:0030595	leukocyte chemotaxis	24/1098	162/14485	0.14814814814814814	1.9543951966538484	3.4984248776982345	0.0011649691902994126	0.01840511384433997	0.014895844396273507	Tgfb2/Thbs1/Csf1/Ccl27a/Creb3/Ppbp/Cxcl10/Flt1/Arhgef5/Mtus1/Mmp2/Itga9/Perp/Cxcl16/Nedd9/Edn1/Wnt5a/Lgals3/Plec/Pdgfb/App/Dusp1/Anxa1/Mospd2	24	dKO_vs_WT_down
GO:0030308	negative regulation of cell growth	25/1098	172/14485	0.14534883720930233	1.917466217647308	3.46651246474021	0.0012274921142953548	0.01933483836319719	0.015648300038842454	Map2/Tgfb2/Trim46/Cth/Cdkn2a/Foxp1/Rerg/Pak1/Bst2/Cryab/Ryk/Hyal2/Gja1/Sertad2/Slit3/Ntn1/Wnt3/Inhba/Wnt5a/Sema5a/Hspa1b/Hspa1a/Cfl1/Fhl1/Fgf13	25	dKO_vs_WT_down
GO:0050921	positive regulation of chemotaxis	20/1098	126/14485	0.15873015873015872	2.0939948535576947	3.532175307812244	0.0012408745471790218	0.019487286545399503	0.01577168120452205	Thbs1/Csf1/F3/Ccl27a/Creb3/Ppbp/Cxcl10/Met/Fgfr1/Cdh13/Perp/Nedd9/Edn1/Wnt5a/Sema5a/Pdgfb/App/Stx3/Mospd2/Tmsb4x	20	dKO_vs_WT_down
GO:0001765	membrane raft assembly	5/1098	12/14485	0.4166666666666667	5.49673649058895	4.462852948237192	0.0012506635826686756	0.019524454327655497	0.015801762273605476	S100a10/Cav1/Ilk/Anxa2/Emp2	5	dKO_vs_WT_down
GO:1905209	positive regulation of cardiocyte differentiation	5/1098	12/14485	0.4166666666666667	5.49673649058895	4.462852948237192	0.0012506635826686756	0.019524454327655497	0.015801762273605476	Tgfb2/Dhx36/Efnb2/Arrb2/Nkx2-5	5	dKO_vs_WT_down
GO:0061180	mammary gland epithelium development	14/1098	75/14485	0.18666666666666668	2.4625379477838494	3.6367176227930353	0.0013517556467116613	0.020978131142625516	0.01697826918474979	Irf6/Csf1/Cdkn2a/Wnt4/Orai1/Smo/Hoxa5/Ccnd1/Perp/Ntn1/Wnt3/Id2/Wnt5a/Ddr1	14	dKO_vs_WT_down
GO:0072078	nephron tubule morphogenesis	14/1098	75/14485	0.18666666666666668	2.4625379477838494	3.6367176227930353	0.0013517556467116613	0.020978131142625516	0.01697826918474979	Wnt6/Cd44/Bmp2/Wnt4/Smo/Tacstd2/Ilk/Nog/Gli3/Irx1/Irx2/Myc/Gpc3/Cited1	14	dKO_vs_WT_down
GO:0017015	regulation of transforming growth factor beta receptor signaling pathway	21/1098	136/14485	0.15441176470588236	2.03702587592414	3.479781908633416	0.0013603043300374684	0.02104870905978565	0.017035390139323713	Zeb2/Spred1/Thbs1/Fbn1/Fermt1/Bmp2/Cdkn2b/Peg10/Sinhcaf/Tgfb1i1/Cd109/Cited2/Chst11/Mtmr4/Itga3/Sox11/Lats2/Spry2/Hspa1a/Ltbp1/Fam89b	21	dKO_vs_WT_down
GO:0014902	myotube differentiation	19/1098	118/14485	0.16101694915254236	2.124162576024204	3.511485484535697	0.0013664001870184067	0.021075716661124955	0.017057248250632845	Cflar/Capn2/Bcl9/Pitx2/Selenon/Cxcl10/Met/Smo/Ehd2/Piezo1/Acta1/Itgb1/Pmp22/Mmp14/Myc/Plec/Myh9/Nkx2-5/Actn3	19	dKO_vs_WT_down
GO:0031397	negative regulation of protein ubiquitination	13/1098	67/14485	0.19402985074626866	2.5596743060653018	3.6645664809176233	0.0013721361759120624	0.021075716661124955	0.017057248250632845	Bag2/Svbp/Cav1/Rasd2/Tnfaip3/Arrb2/Spry2/Parp10/Hspa1b/Hspa1a/Prkce/Sh3rf2/Bex1	13	dKO_vs_WT_down
GO:0044342	type B pancreatic cell proliferation	8/1098	30/14485	0.26666666666666666	3.5179113539769276	3.953628074640724	0.0013780738512501394	0.021075716661124955	0.017057248250632845	Errfi1/Irs2/Sidt2/Igfbp3/Nr1d1/Igfbp4/Serpinb1b/Adk	8	dKO_vs_WT_down
GO:0061036	positive regulation of cartilage development	8/1098	30/14485	0.26666666666666666	3.5179113539769276	3.953628074640724	0.0013780738512501394	0.021075716661124955	0.017057248250632845	Bmp2/Ccn1/Gli3/Bmp6/Wnt5a/Loxl2/Bmp1/Pkdcc	8	dKO_vs_WT_down
GO:0090049	regulation of cell migration involved in sprouting angiogenesis	9/1098	37/14485	0.24324324324324326	3.208905626938414	3.8528132029413165	0.0014294972145114792	0.021735794351285816	0.017591470132944733	Ptgs2/Spred1/Thbs1/Stard13/Pik3c2a/Plk2/Card10/Hdac7/Anxa1	9	dKO_vs_WT_down
GO:1900744	regulation of p38MAPK cascade	9/1098	37/14485	0.24324324324324326	3.208905626938414	3.8528132029413165	0.0014294972145114792	0.021735794351285816	0.017591470132944733	Dusp10/Gsn/Bmp2/Met/Mfhas1/Cyld/Gadd45g/Dusp1/Dsc2	9	dKO_vs_WT_down
GO:0008154	actin polymerization or depolymerization	25/1098	174/14485	0.14367816091954022	1.8954263760651548	3.403089043066094	0.0014488958166751342	0.021967264817083228	0.01777880654770489	Arpc5/Spta1/Gsn/Dstn/Wdr1/Eln/Myadm/Plekhg2/Tpm1/Naa80/Pfn1/Myo1c/Cfl2/Dbn1/Dmtn/Sema5a/Cdc42ep1/Sh3bp1/Pdxp/Arhgap28/Prkce/Bin1/Ssh3/Cfl1/Tmsb4x	25	dKO_vs_WT_down
GO:0001938	positive regulation of endothelial cell proliferation	15/1098	84/14485	0.17857142857142858	2.355744210252407	3.56882187892671	0.0014789140023349163	0.02235794990311493	0.018095000421792913	Vash2/Ecm1/F3/Hspg2/Cav1/Emc10/Igf2/Fgfr1/Cdh13/Cyba/Bmp6/Wnt5a/Sema5a/Pdgfb/Apln	15	dKO_vs_WT_down
GO:0030879	mammary gland development	21/1098	137/14485	0.15328467153284672	2.0221570739100954	3.442595799894898	0.00149468045364888	0.02250487947135814	0.018213915197559733	Irs1/Irf6/Csf1/Cdkn2a/Wnt4/Orai1/Cav1/Smo/Hoxa5/Ccnd1/Irs2/Aprt/Tgfbr2/Perp/Gja1/Ntn1/Wnt3/Id2/Gli3/Wnt5a/Ddr1	21	dKO_vs_WT_down
GO:0071887	leukocyte apoptotic process	18/1098	110/14485	0.16363636363636364	2.1587183308494784	3.493607327975109	0.0014971883320614614	0.02250487947135814	0.018213915197559733	Casp8/Itpkb/Tgfb2/Cd44/Bcl2l1/Foxp1/Axl/Irs2/Perp/Gli3/Serpinb9/Wnt5a/Lgals3/Myc/St3gal1/Anxa1/Lipa/Casp7	18	dKO_vs_WT_down
GO:0030834	regulation of actin filament depolymerization	11/1098	52/14485	0.21153846153846154	2.7906508336836207	3.7045722711355746	0.0015180027504483576	0.022663567282413567	0.01834234629345289	Spta1/Gsn/Dstn/Wdr1/Tpm1/Cfl2/Dmtn/Sema5a/Sh3bp1/Pdxp/Cfl1	11	dKO_vs_WT_down
GO:0034332	adherens junction organization	11/1098	52/14485	0.21153846153846154	2.7906508336836207	3.7045722711355746	0.0015180027504483576	0.022663567282413567	0.01834234629345289	Actb/Numbl/Efnb2/Cdh13/Dsp/Bmp6/Vcl/Cdh24/Plec/Pkp2/Afdn	11	dKO_vs_WT_down
GO:0046883	regulation of hormone secretion	35/1098	273/14485	0.1282051282051282	1.6913035355658306	3.30237432086928	0.0015206689318935543	0.022663567282413567	0.01834234629345289	Klf7/Irs1/Fbn1/Nnat/Anxa5/Slc16a1/Sri/Orai1/Rab11fip5/Slc25a22/Irs2/Fgfr1/Piwil4/Sidt2/Gja1/Igfbp3/Egfr/Nr1d1/Sox11/Inhba/Bmp6/Edn1/Oxct1/Myh9/Runx1/Prkn/Uqcc2/Efna5/Prkce/Clcf1/Gna14/Anxa1/Tcf7l2/Cask/Apln	35	dKO_vs_WT_down
GO:0051056	regulation of small GTPase mediated signal transduction	32/1098	243/14485	0.13168724279835392	1.7372401748034212	3.3191771797609535	0.0015336486842703009	0.022776813987839588	0.01843400045634933	Col3a1/Kif14/Itpkb/Tgfb2/Tgm2/Ralgapb/Csf1/Camk2d/Wnt4/Stard13/Met/Rasip1/Arhgef10/Prag1/Trim67/Itgb1/Syde1/Arhgap45/Adra1b/Tax1bp3/Itga3/Erbb2/Timp2/Synpo2l/Wnt5a/Spry2/Sh3bp1/Arhgap28/Mapre2/Arap3/Dock11/Amot	32	dKO_vs_WT_down
GO:0050867	positive regulation of cell activation	39/1098	314/14485	0.12420382165605096	1.6385176290418015	3.2759801666112054	0.0015369262432395085	0.022776813987839588	0.01843400045634933	Cd28/Spta1/Itpkb/Dusp10/Il15ra/Thbs1/B2m/Shb/Nsd2/Actb/Cav1/Smo/Hmces/Axl/Igf2/Efnb2/Irs2/Fgfr1/Dhps/Cyld/Tgfbr2/Ulbp1/Prdm1/Flot2/Gli3/Adk/Wnt5a/Mmp14/Lgals1/Pdgfb/Runx1/Tnfsf9/Socs5/Clcf1/Anxa1/Il33/Acta2/Flna/Efnb1	39	dKO_vs_WT_down
GO:1990874	vascular associated smooth muscle cell proliferation	14/1098	76/14485	0.18421052631578946	2.4301361326814304	3.5799012848972116	0.0015438169258870768	0.022814665300819974	0.018464634728602086	Camk2d/Cav1/Pak1/Mmp2/Cnn1/Tpm1/Htr1b/Gja1/Timp3/Edn1/Pdgfb/Gstp2/Efemp2/Apln	14	dKO_vs_WT_down
GO:0009798	axis specification	16/1098	93/14485	0.17204301075268819	2.269620228372212	3.5176978132757832	0.0015705635416717	0.023015974353021766	0.018627560551420688	Wnt6/Pax6/Pitx2/Wls/Tdrd7/Cdx2/Smo/Wnt7a/Cited2/Wnt3/Axin2/Wnt5a/Prickle1/Cdx1/Gpc3/Cited1	16	dKO_vs_WT_down
GO:0031110	regulation of microtubule polymerization or depolymerization	16/1098	93/14485	0.17204301075268819	2.269620228372212	3.5176978132757832	0.0015705635416717	0.023015974353021766	0.018627560551420688	Map2/Stmn2/Clip1/Cav1/Met/Clip3/Pak1/Map1s/Apc2/Map1b/Hspa1b/Hspa1a/Tubb4a/Mapre2/Mid1ip1/Fgf13	16	dKO_vs_WT_down
GO:1902106	negative regulation of leukocyte differentiation	16/1098	93/14485	0.17204301075268819	2.269620228372212	3.5176978132757832	0.0015705635416717	0.023015974353021766	0.018627560551420688	Cd44/Fbn1/Cdkn2a/Cdk6/Hoxa7/Ubash3b/Fbxo7/Thoc5/Erbb2/Id2/Gli3/Myc/Lgals1/Runx1/Socs5/Anxa1	16	dKO_vs_WT_down
GO:0008347	glial cell migration	13/1098	68/14485	0.19117647058823528	2.522032036858459	3.6028368613052244	0.0015811037958073859	0.023042069445270517	0.01864868014008128	Col3a1/Tgfb2/Vim/Csf1/Lrp8/Rras/Rras2/Efemp1/Pmp22/Ntn1/Lamb1/Gli3/Mmp14	13	dKO_vs_WT_down
GO:0048645	animal organ formation	13/1098	68/14485	0.19117647058823528	2.522032036858459	3.6028368613052244	0.0015811037958073859	0.023042069445270517	0.01864868014008128	Sulf1/Rdh10/Bmp2/Hoxa3/Fgfr1/Tgfbr2/Cited2/Nog/Axin2/Gli3/Wnt5a/Emp2/Pim1	13	dKO_vs_WT_down
GO:0035088	establishment or maintenance of apical/basal cell polarity	10/1098	45/14485	0.2222222222222222	2.931592794980773	3.7165675739990918	0.0016602108557915657	0.024061623449915776	0.019473837644416073	Vangl2/Patj/Wdr1/Cdx2/Ilk/Fat1/Wnt5a/Sh3bp1/Ptk7/Msn	10	dKO_vs_WT_down
GO:0061245	establishment or maintenance of bipolar cell polarity	10/1098	45/14485	0.2222222222222222	2.931592794980773	3.7165675739990918	0.0016602108557915657	0.024061623449915776	0.019473837644416073	Vangl2/Patj/Wdr1/Cdx2/Ilk/Fat1/Wnt5a/Sh3bp1/Ptk7/Msn	10	dKO_vs_WT_down
GO:0046879	hormone secretion	40/1098	326/14485	0.12269938650306748	1.6186708683942919	3.235608534625208	0.0016933669415628613	0.024474734833962123	0.0198081818352278	Klf7/Irs1/Ildr2/Fbn1/Nnat/Anxa5/Slc16a1/Sri/Orai1/Vgf/Rab11fip5/Slc25a22/Irs2/Fgfr1/Piwil4/Sidt2/Myo5a/Gja1/Selenom/Igfbp3/Egfr/Nr1d1/Sox11/Inhba/Bmp6/Edn1/Oxct1/Myh9/Runx1/Prkn/Uqcc2/Hmga1/Efna5/Prkce/Clcf1/Gna14/Anxa1/Tcf7l2/Cask/Apln	40	dKO_vs_WT_down
GO:0030224	monocyte differentiation	8/1098	31/14485	0.25806451612903225	3.4044303425583173	3.8379809789962978	0.001735704297980175	0.024949563693097542	0.02019247594285248	Csf1/Cdk6/Hoxa7/Foxp1/Thoc5/Gmpr2/Myc/Myh9	8	dKO_vs_WT_down
GO:0060071	Wnt signaling pathway, planar cell polarity pathway	8/1098	31/14485	0.25806451612903225	3.4044303425583173	3.8379809789962978	0.001735704297980175	0.024949563693097542	0.02019247594285248	Vangl2/Wnt7a/Nkd1/Ryk/Wnt5a/Wnt7b/Prickle1/Gpc3	8	dKO_vs_WT_down
GO:0032232	negative regulation of actin filament bundle assembly	9/1098	38/14485	0.23684210526315788	3.124460742018982	3.7553936579479625	0.0017491285867427032	0.024994610553854546	0.020228933800926708	Met/Tacstd2/Pfn1/Dbn1/Phldb2/Prkn/Arhgap28/Cfl1/Arhgap6	9	dKO_vs_WT_down
GO:0060420	regulation of heart growth	14/1098	77/14485	0.18181818181818182	2.398575923166087	3.523979364205557	0.00175807945957793	0.024994610553854546	0.020228933800926708	Foxp1/Ccnd2/Pak1/Fgfr1/Tgfbr2/Cited2/Gja1/Gli1/Nog/Edn1/Zfpm2/Ccn4/Nkx2-5/Pim1	14	dKO_vs_WT_down
GO:0072088	nephron epithelium morphogenesis	14/1098	77/14485	0.18181818181818182	2.398575923166087	3.523979364205557	0.00175807945957793	0.024994610553854546	0.020228933800926708	Wnt6/Cd44/Bmp2/Wnt4/Smo/Tacstd2/Ilk/Nog/Gli3/Irx1/Irx2/Myc/Gpc3/Cited1	14	dKO_vs_WT_down
GO:0072080	nephron tubule development	16/1098	94/14485	0.1702127659574468	2.2454753323256984	3.4694239090161876	0.001762592760973206	0.024994610553854546	0.020228933800926708	Wnt6/Cd44/Bmp2/Wnt4/Prom1/Smo/Tacstd2/Ilk/Nog/Gli3/Irx1/Irx2/Myc/Wnt7b/Gpc3/Cited1	16	dKO_vs_WT_down
GO:0090100	positive regulation of transmembrane receptor protein serine/threonine kinase signaling pathway	16/1098	94/14485	0.1702127659574468	2.2454753323256984	3.4694239090161876	0.001762592760973206	0.024994610553854546	0.020228933800926708	Sulf1/Tgfb2/Zeb2/Thbs1/Fermt1/Bmp2/Ccn1/Cdkn2b/Ilk/Tgfb1i1/Tgfbr2/Cited2/Sox11/Inhba/Bmp6/Gpc3	16	dKO_vs_WT_down
GO:0051058	negative regulation of small GTPase mediated signal transduction	13/1098	69/14485	0.18840579710144928	2.4854808479184816	3.5421994547581352	0.0018157536498663708	0.02564565767577389	0.020755846956953424	Tgfb2/Wnt4/Met/Rasip1/Trim67/Itgb1/Arhgap45/Adra1b/Itga3/Timp2/Spry2/Sh3bp1/Arap3	13	dKO_vs_WT_down
GO:0034446	substrate adhesion-dependent cell spreading	17/1098	103/14485	0.1650485436893204	2.1773480467575648	3.434137138272564	0.0018182532433118534	0.02564565767577389	0.020755846956953424	Kif14/S100a10/Radil/Tacstd2/Myadm/Axl/Ilk/Parva/Bcar1/Lamb1/Nedd9/Dbn1/Dmtn/Has2/Pkp2/Efna5/Flna	17	dKO_vs_WT_down
GO:2000106	regulation of leukocyte apoptotic process	15/1098	86/14485	0.1744186046511628	2.3009594611767694	3.465378048723023	0.0018873318788585373	0.02654880485207156	0.021486792710337134	Casp8/Itpkb/Tgfb2/Cd44/Bcl2l1/Foxp1/Axl/Irs2/Perp/Serpinb9/Wnt5a/Lgals3/Myc/St3gal1/Anxa1	15	dKO_vs_WT_down
GO:2000489	regulation of hepatic stellate cell activation	5/1098	13/14485	0.38461538461538464	5.073910606697493	4.208455029390826	0.0019062237239631805	0.026696331999020047	0.0216061911255687	Smo/Fgfr1/Nr1d1/Pdgfb/Acta2	5	dKO_vs_WT_down
GO:0045766	positive regulation of angiogenesis	22/1098	149/14485	0.1476510067114094	1.947836823510715	3.3305542457531723	0.0019130426085593154	0.026696331999020047	0.0216061911255687	Vash2/Thbs1/Tgm2/Ecm1/F3/Ddah1/Anxa3/Flt1/Emc10/Rras/Adm/Igf2/Itgb1/Ets1/Tgfbr2/Wnt5a/Lgals3/Sema5a/Emp2/Runx1/Cyp1b1/Cysltr1	22	dKO_vs_WT_down
GO:0072073	kidney epithelium development	22/1098	149/14485	0.1476510067114094	1.947836823510715	3.3305542457531723	0.0019130426085593154	0.026696331999020047	0.0216061911255687	Wnt6/Cd44/Bmp2/Wnt4/Prom1/Smo/Tacstd2/Ilk/Efnb2/Fgfr1/Nog/Gli3/Foxc1/Edn1/Irx1/Irx2/Myc/Pdgfb/Wnt7b/Epcam/Gpc3/Cited1	22	dKO_vs_WT_down
GO:0006937	regulation of muscle contraction	21/1098	140/14485	0.15	1.9788251366120218	3.3329028266776364	0.0019677210379316773	0.027314460107014653	0.022106461875943992	Ptgs2/Casq1/Tnnc2/Sri/Flt1/Cav1/Smtn/Adra1b/Anxa6/Rangrf/Dsp/Edn1/Dbn1/Tnnc1/Pkp2/Nkx2-5/Dsc2/Bin1/Actn3/Gsto1/Fgf13	21	dKO_vs_WT_down
GO:0007266	Rho protein signal transduction	21/1098	140/14485	0.15	1.9788251366120218	3.3329028266776364	0.0019677210379316773	0.027314460107014653	0.022106461875943992	Col3a1/Vangl2/Cnksr1/Stard13/Met/Rasip1/Arhgef10/Prag1/Cdh13/Itgb1/Nradd/Adra1b/Ntn1/Tax1bp3/Itga3/Erbb2/Rock2/Synpo2l/Cdc42ep1/Arap3/Dock11	21	dKO_vs_WT_down
GO:0071219	cellular response to molecule of bacterial origin	25/1098	178/14485	0.1404494382022472	1.8528325249176236	3.278711952705261	0.00199623600151144	0.027568045864690326	0.022311696900263585	Capn2/Vim/B2m/Gbp3/Gbp2b/Gbp2/Ccl27a/Ppbp/Cxcl10/Irak2/Axl/Irf3/Efnb2/Tnfaip3/Prdm1/Plscr3/Cxcl16/Nr1d1/Bmp6/Wnt5a/Litaf/Prkce/Ticam2/Ankrd1/Casp7	25	dKO_vs_WT_down
GO:0072028	nephron morphogenesis	14/1098	78/14485	0.1794871794871795	2.367824949792163	3.468924445987006	0.001996469392595897	0.027568045864690326	0.022311696900263585	Wnt6/Cd44/Bmp2/Wnt4/Smo/Tacstd2/Ilk/Nog/Gli3/Irx1/Irx2/Myc/Gpc3/Cited1	14	dKO_vs_WT_down
GO:0050996	positive regulation of lipid catabolic process	7/1098	25/14485	0.28	3.6938069216757743	3.8606116668042305	0.002014069059288058	0.02766584156896729	0.022390846076185772	Irs1/Pnpla2/Irs2/Ldlr/Abhd5/Prkce/Acsl5	7	dKO_vs_WT_down
GO:0061162	establishment of monopolar cell polarity	7/1098	25/14485	0.28	3.6938069216757743	3.8606116668042305	0.002014069059288058	0.02766584156896729	0.022390846076185772	Patj/Fat1/Map1b/Wnt5a/Sh3bp1/Ptk7/Msn	7	dKO_vs_WT_down
GO:0042391	regulation of membrane potential	47/1098	403/14485	0.11662531017369727	1.5385406355792397	3.1400938483131102	0.002031769452515527	0.027757657436049882	0.02246515557955197	B2m/Bcl2l1/Mllt11/Camk2d/Slc39a8/Cdkn2a/Wdr1/Cav1/Met/Wnt7a/Arl6ip5/Foxp1/Tspan9/Tspan4/Rnf122/Piezo1/Kcnk1/Gja1/Syt1/Pmp22/Rangrf/Alox12/Kcns3/Kcnk13/Dsp/Edn1/Dbn1/Plk2/Myc/Pkp2/Igsf11/App/Prkn/Afdn/Clic1/Slc25a27/Prkce/Dsc2/Bin1/Kctd16/Piezo2/Cnih2/Gna14/Lipa/Fhl1/Fgf13/Flna	47	dKO_vs_WT_down
GO:0048675	axon extension	19/1098	122/14485	0.1557377049180328	2.05451790140046	3.3497707669700567	0.002036581594813772	0.027757657436049882	0.02246515557955197	Nrp2/Map2/Trim46/Smo/Pak1/Ilk/Itgb1/Ryk/Slit3/Ntn1/Wnt3/Edn1/Dbn1/Map1b/Vcl/Wnt5a/Ctnnd2/Sema5a/Tnfrsf12a	19	dKO_vs_WT_down
GO:0051261	protein depolymerization	19/1098	122/14485	0.1557377049180328	2.05451790140046	3.3497707669700567	0.002036581594813772	0.027757657436049882	0.02246515557955197	Map2/Spta1/Gsn/Dstn/Stmn2/Nes/Wdr1/Map1s/Tpm1/Apc2/Cfl2/Map1b/Dmtn/Sema5a/Sh3bp1/Pdxp/Cfl1/Mid1ip1/Fgf13	19	dKO_vs_WT_down
GO:0021915	neural tube development	26/1098	188/14485	0.13829787234042554	1.8244487075146303	3.258546358566758	0.0020486945973197217	0.02785060019767198	0.022540377114533588	Casp8/Gbx2/Vangl2/Tgfb2/Zeb2/Pax6/Phgdh/Sema3c/Smo/Adm/Cited2/Marcks/Tcf7/Pfn1/Nog/Rock2/Gli3/Tfap2a/Wnt5a/Grhl2/Prickle1/T/Ptk7/Cfl1/Sufu/Tcf7l2	26	dKO_vs_WT_down
GO:0060047	heart contraction	27/1098	198/14485	0.13636363636363635	1.798931942374565	3.2417211492137445	0.0020885037886660546	0.02787879288211102	0.022563194351311853	Tgfb2/Gsn/Actc1/Camk2d/Sri/Cav1/Met/Ppp1r13l/Adm/Tpm1/Gja1/Smtn/Adra1b/Rangrf/Gaa/Dsp/Edn1/Tnnc1/Pkp2/Nkx2-5/Dsc2/Bin1/Hbegf/Gsto1/Apln/Fgf13/Flna	27	dKO_vs_WT_down
GO:0071674	mononuclear cell migration	24/1098	169/14485	0.14201183431952663	1.8734439163190741	3.2709305880731705	0.002092241449262392	0.02787879288211102	0.022563194351311853	Thbs1/Ecm1/Csf1/Ccl27a/Creb3/Cxcl10/Flt1/Arhgef5/Mtus1/Mmp2/Madcam1/Cnn2/Cxcl16/Nedd9/Wnt5a/Lgals3/Mmp14/Plec/Pdgfb/App/Dusp1/Anxa1/Msn/Mospd2	24	dKO_vs_WT_down
GO:0001706	endoderm formation	11/1098	54/14485	0.2037037037037037	2.687293395399042	3.5574849343031283	0.002093161602059276	0.02787879288211102	0.022563194351311853	Col5a1/Col4a2/Mmp2/Col12a1/Nog/Lamb1/Inhba/Mmp14/Myh9/Dusp1/Dusp5	11	dKO_vs_WT_down
GO:0002042	cell migration involved in sprouting angiogenesis	11/1098	54/14485	0.2037037037037037	2.687293395399042	3.5574849343031283	0.002093161602059276	0.02787879288211102	0.022563194351311853	Ptgs2/Spred1/Thbs1/Stard13/Pik3c2a/Efnb2/Itgb1/Plk2/Card10/Hdac7/Anxa1	11	dKO_vs_WT_down
GO:0031640	killing of cells of another organism	11/1098	54/14485	0.2037037037037037	2.687293395399042	3.5574849343031283	0.002093161602059276	0.02787879288211102	0.022563194351311853	Gbp7/Gbp3/Gbp2b/Gbp2/Ccl27a/Sfn/Ppbp/Cxcl10/Lgals3/Pim1/Pcyox1l	11	dKO_vs_WT_down
GO:0035272	exocrine system development	11/1098	54/14485	0.2037037037037037	2.687293395399042	3.5574849343031283	0.002093161602059276	0.02787879288211102	0.022563194351311853	Tgfb2/Pax6/Tgm2/Wls/Sema3c/Met/Igf2/Fgfr1/Egfr/Foxc1/Pdgfb	11	dKO_vs_WT_down
GO:0090303	positive regulation of wound healing	11/1098	54/14485	0.2037037037037037	2.687293395399042	3.5574849343031283	0.002093161602059276	0.02787879288211102	0.022563194351311853	Thbs1/Fermt1/F3/Cldn4/Itgb1/Actg1/Dmtn/Ccn4/Prkce/Hbegf/Anxa1	11	dKO_vs_WT_down
GO:0141061	disruption of cell in another organism	11/1098	54/14485	0.2037037037037037	2.687293395399042	3.5574849343031283	0.002093161602059276	0.02787879288211102	0.022563194351311853	Gbp7/Gbp3/Gbp2b/Gbp2/Ccl27a/Sfn/Ppbp/Cxcl10/Lgals3/Pim1/Pcyox1l	11	dKO_vs_WT_down
GO:0038066	p38MAPK cascade	12/1098	62/14485	0.1935483870967742	2.553322756918738	3.5102135985395946	0.002117510515132416	0.02794080534671107	0.022613383012524392	Mapkapk2/Dusp10/Gsn/Map3k20/Bmp2/Met/Mfhas1/Cyld/Gadd45g/Rbx1/Dusp1/Dsc2	12	dKO_vs_WT_down
GO:0060324	face development	12/1098	62/14485	0.1935483870967742	2.553322756918738	3.5102135985395946	0.002117510515132416	0.02794080534671107	0.022613383012524392	Twist2/Tgfb2/Schip1/Rras/Mmp2/Nog/Col1a1/Tfap2a/Wnt5a/Grhl2/Prickle1/Tcf7l2	12	dKO_vs_WT_down
GO:1900024	regulation of substrate adhesion-dependent cell spreading	12/1098	62/14485	0.1935483870967742	2.553322756918738	3.5102135985395946	0.002117510515132416	0.02794080534671107	0.022613383012524392	S100a10/Tacstd2/Myadm/Ilk/Bcar1/Nedd9/Dbn1/Dmtn/Has2/Pkp2/Efna5/Flna	12	dKO_vs_WT_down
GO:0045197	establishment or maintenance of epithelial cell apical/basal polarity	9/1098	39/14485	0.23076923076923078	3.0443463640184953	3.6611436795420196	0.0021234765784135428	0.02794080534671107	0.022613383012524392	Vangl2/Wdr1/Cdx2/Ilk/Fat1/Wnt5a/Sh3bp1/Ptk7/Msn	9	dKO_vs_WT_down
GO:0001656	metanephros development	15/1098	87/14485	0.1724137931034483	2.274511651278186	3.414728255388711	0.0021243721989516115	0.02794080534671107	0.022613383012524392	Rdh10/Fbn1/Wnt4/Fras1/Smo/Id2/Gli3/Tfap2a/Irx1/Irx2/Myc/Pdgfb/Wnt7b/Gpc3/Cited1	15	dKO_vs_WT_down
GO:0048557	embryonic digestive tract morphogenesis	6/1098	19/14485	0.3157894736842105	4.165947656025309	3.954668610231201	0.0021487116735181356	0.02812032864273361	0.02275867692951259	Pitx2/Tcf7/Id2/Sox11/Gli3/Tcf7l2	6	dKO_vs_WT_down
GO:0051546	keratinocyte migration	6/1098	19/14485	0.3157894736842105	4.165947656025309	3.954668610231201	0.0021487116735181356	0.02812032864273361	0.02275867692951259	Fermt1/Ltb4r2/Has2/Eppk1/Mapre2/Hbegf	6	dKO_vs_WT_down
GO:0001654	eye development	46/1098	395/14485	0.11645569620253164	1.536303059648152	3.0949748363542753	0.002320039352041746	0.03028716384886259	0.024512365623635526	Rdh10/Twist2/Tgfb2/Vim/Col5a1/Pbx3/Zeb2/Dlx2/Pax6/Spred1/Fbn1/Mab21l2/Nes/Pitx2/Tdrd7/Prom1/Flt1/Tspan12/Six5/Ppp1r13l/Col4a1/Sox1/Fat1/Cryab/Tgfbr2/Cited2/Crybg1/Prdm1/Gja1/Egfr/Meis1/Efemp1/Sh3pxd2b/Sox11/Pxdn/Gli3/Inhba/Foxc1/Bmp6/Tfap2a/Slc4a7/Spry2/Grhl2/Pdgfb/Prickle1/Cyp1b1	46	dKO_vs_WT_down
GO:0003208	cardiac ventricle morphogenesis	13/1098	71/14485	0.18309859154929578	2.4154673029066935	3.424053593081137	0.002371580349141626	0.03088337677434182	0.024994899719327453	Tgfb2/Sema3c/Ppp1r13l/Tpm1/Tgfbr2/Nog/Foxc1/Dsp/Tnnc1/Grhl2/Zfpm2/Pkp2/Nkx2-5	13	dKO_vs_WT_down
GO:0150063	visual system development	46/1098	396/14485	0.11616161616161616	1.5324235064672225	3.076582221923339	0.0024383221592516537	0.031396542910577446	0.02541022140543338	Rdh10/Twist2/Tgfb2/Vim/Col5a1/Pbx3/Zeb2/Dlx2/Pax6/Spred1/Fbn1/Mab21l2/Nes/Pitx2/Tdrd7/Prom1/Flt1/Tspan12/Six5/Ppp1r13l/Col4a1/Sox1/Fat1/Cryab/Tgfbr2/Cited2/Crybg1/Prdm1/Gja1/Egfr/Meis1/Efemp1/Sh3pxd2b/Sox11/Pxdn/Gli3/Inhba/Foxc1/Bmp6/Tfap2a/Slc4a7/Spry2/Grhl2/Pdgfb/Prickle1/Cyp1b1	46	dKO_vs_WT_down
GO:0010463	mesenchymal cell proliferation	11/1098	55/14485	0.2	2.6384335154826957	3.4864287872876374	0.002440826088277167	0.031396542910577446	0.02541022140543338	Irs1/Bmp2/Lmna/Smo/Foxp1/Irs2/Fgfr1/Tgfbr2/Wnt5a/Myc/Gpc3	11	dKO_vs_WT_down
GO:0010718	positive regulation of epithelial to mesenchymal transition	11/1098	55/14485	0.2	2.6384335154826957	3.4864287872876374	0.002440826088277167	0.031396542910577446	0.02541022140543338	Tgfb2/Bmp2/Glipr2/Tgfb1i1/Tgfbr2/Col1a1/Axin2/Foxc1/Loxl2/Emp2/Tcf7l2	11	dKO_vs_WT_down
GO:0045682	regulation of epidermis development	11/1098	55/14485	0.2	2.6384335154826957	3.4864287872876374	0.002440826088277167	0.031396542910577446	0.02541022140543338	Klf7/Tgfb2/Tmem79/Ptch2/Sfn/Errfi1/Hoxa7/Cd109/Rock2/Foxc1/Maff	11	dKO_vs_WT_down
GO:0072132	mesenchyme morphogenesis	11/1098	55/14485	0.2	2.6384335154826957	3.4864287872876374	0.002440826088277167	0.031396542910577446	0.02541022140543338	Tgfb2/Actc1/Bmp2/Fgfr1/Acta1/Tgfbr2/Nog/Foxc1/Wnt5a/Myc/Acta2	11	dKO_vs_WT_down
GO:0002573	myeloid leukocyte differentiation	30/1098	230/14485	0.13043478260869565	1.7207175100974104	3.1553618992273007	0.002450591104724689	0.031445267809650214	0.025449656016973982	Cflar/Casp8/Fbn1/Bmp2/Csf1/Cdk6/Hoxa7/Foxp1/Relb/Lrrk1/Junb/Ubash3b/Anxa2/Cd109/Tgfbr2/Cited2/Efna2/Thoc5/Id2/Nedd9/Prxl2a/Gmpr2/Myc/Ccn4/Myh9/App/Runx1/Tnfsf9/Il33/Gpc3	30	dKO_vs_WT_down
GO:1904018	positive regulation of vasculature development	22/1098	152/14485	0.14473684210526316	1.9093926756782669	3.227813933756116	0.00247059078075109	0.031624764227570525	0.025594928180658623	Vash2/Thbs1/Tgm2/Ecm1/F3/Ddah1/Anxa3/Flt1/Emc10/Rras/Adm/Igf2/Itgb1/Ets1/Tgfbr2/Wnt5a/Lgals3/Sema5a/Emp2/Runx1/Cyp1b1/Cysltr1	22	dKO_vs_WT_down
GO:0009914	hormone transport	40/1098	333/14485	0.12012012012012012	1.584644754043661	3.0910715675361202	0.002499983514032827	0.03192333317312307	0.02583656953056409	Klf7/Irs1/Ildr2/Fbn1/Nnat/Anxa5/Slc16a1/Sri/Orai1/Vgf/Rab11fip5/Slc25a22/Irs2/Fgfr1/Piwil4/Sidt2/Myo5a/Gja1/Selenom/Igfbp3/Egfr/Nr1d1/Sox11/Inhba/Bmp6/Edn1/Oxct1/Myh9/Runx1/Prkn/Uqcc2/Hmga1/Efna5/Prkce/Clcf1/Gna14/Anxa1/Tcf7l2/Cask/Apln	40	dKO_vs_WT_down
GO:1990778	protein localization to cell periphery	43/1098	365/14485	0.1178082191780822	1.5541457693939167	3.070837972780165	0.002551788860641992	0.03228422141928858	0.02612864787383273	Tmbim1/Acsl3/Nfasc/Bcl2l1/S100a10/Camk2d/Sfn/Errfi1/Clip1/Actb/Arl6ip5/Myadm/Ehd2/Clip3/Ilk/Bbs2/Itgb1/Anxa2/Myo5a/Palm/Grip1/Egfr/Rangrf/Tmem88/Flot2/Itga3/Erbb2/Rock2/Lgals3/Mmp14/Gpc6/Krt18/Emp2/Pkp2/Ap2m1/Epb41l3/Pkdcc/Aldh7a1/Stx3/Cask/Gpc4/Fgf13/Flna	43	dKO_vs_WT_down
GO:0070227	lymphocyte apoptotic process	14/1098	80/14485	0.175	2.3086293260473587	3.3613118543225906	0.0025538373091752815	0.03228422141928858	0.02612864787383273	Casp8/Tgfb2/Cd44/Foxp1/Irs2/Perp/Gli3/Serpinb9/Wnt5a/Lgals3/Myc/St3gal1/Lipa/Casp7	14	dKO_vs_WT_down
GO:1903321	negative regulation of protein modification by small protein conjugation or removal	14/1098	80/14485	0.175	2.3086293260473587	3.3613118543225906	0.0025538373091752815	0.03228422141928858	0.02612864787383273	Bag2/Cdkn2a/Svbp/Cav1/Rasd2/Tnfaip3/Arrb2/Spry2/Parp10/Hspa1b/Hspa1a/Prkce/Sh3rf2/Bex1	14	dKO_vs_WT_down
GO:0030072	peptide hormone secretion	33/1098	261/14485	0.12643678160919541	1.6679752109373367	3.1186994527764296	0.0025586937475248392	0.03228422141928858	0.02612864787383273	Klf7/Irs1/Ildr2/Fbn1/Nnat/Anxa5/Slc16a1/Sri/Orai1/Vgf/Rab11fip5/Slc25a22/Irs2/Piwil4/Sidt2/Myo5a/Gja1/Egfr/Nr1d1/Edn1/Oxct1/Myh9/Prkn/Uqcc2/Hmga1/Efna5/Prkce/Clcf1/Gna14/Anxa1/Tcf7l2/Cask/Apln	33	dKO_vs_WT_down
GO:1903524	positive regulation of blood circulation	9/1098	40/14485	0.225	2.9682377049180326	3.569871356494185	0.002558928023539885	0.03228422141928858	0.02612864787383273	Tgfb2/Adm/Tpm1/Smtn/Adra1b/Edn1/Nkx2-5/Dusp5/Apln	9	dKO_vs_WT_down
GO:0003181	atrioventricular valve morphogenesis	7/1098	26/14485	0.2692307692307692	3.551737424688244	3.7295576504774264	0.002578243329328229	0.03229556703713289	0.026137830243440317	Tgfb2/Bmp2/Ccn1/Tgfbr2/Slit3/Axin2/Zfpm2	7	dKO_vs_WT_down
GO:0043101	purine-containing compound salvage	7/1098	26/14485	0.2692307692307692	3.551737424688244	3.7295576504774264	0.002578243329328229	0.03229556703713289	0.026137830243440317	Mtap/Nmnat1/Aprt/Impdh2/Adk/Gmpr2/Naprt	7	dKO_vs_WT_down
GO:0061339	establishment or maintenance of monopolar cell polarity	7/1098	26/14485	0.2692307692307692	3.551737424688244	3.7295576504774264	0.002578243329328229	0.03229556703713289	0.026137830243440317	Patj/Fat1/Map1b/Wnt5a/Sh3bp1/Ptk7/Msn	7	dKO_vs_WT_down
GO:0003158	endothelium development	20/1098	134/14485	0.14925373134328357	1.9689802354348476	3.227230847626762	0.0026415417559185173	0.033009860280017386	0.02671593049803826	Cxcl10/Stard13/Met/Foxp1/Myadm/Amotl2/Alox12/Fzd2/Rock2/Bmp6/Edn1/Barx1/Marveld2/Vcl/Pdgfb/Fstl1/Afdn/Lipa/Msn/Cysltr1	20	dKO_vs_WT_down
GO:0002053	positive regulation of mesenchymal cell proliferation	8/1098	33/14485	0.24242424242424243	3.198101230888116	3.6202993254726255	0.0026682709231072295	0.033107955958648905	0.026795322452752585	Irs1/Smo/Foxp1/Irs2/Fgfr1/Tgfbr2/Wnt5a/Myc	8	dKO_vs_WT_down
GO:0021983	pituitary gland development	8/1098	33/14485	0.24242424242424243	3.198101230888116	3.6202993254726255	0.0026682709231072295	0.033107955958648905	0.026795322452752585	Pax6/Bmp2/Pitx2/Wnt4/Gli1/Nog/Wnt5a/Tcf7l2	8	dKO_vs_WT_down
GO:0048566	embryonic digestive tract development	8/1098	33/14485	0.24242424242424243	3.198101230888116	3.6202993254726255	0.0026682709231072295	0.033107955958648905	0.026795322452752585	Tgfb2/Pitx2/Tcf7/Id2/Sox11/Gli3/Pkdcc/Tcf7l2	8	dKO_vs_WT_down
GO:1903706	regulation of hemopoiesis	43/1098	366/14485	0.11748633879781421	1.5498994694775399	3.0515864000134187	0.0026862164894464	0.033252199884652965	0.026912063652781888	Casp8/Cd28/Twist2/Itpkb/Dusp10/Il15ra/Cd44/B2m/Fbn1/Csf1/Shb/Cdkn2a/Cdk6/Actb/Hoxa5/Hoxa7/Foxp1/Axl/Cyld/Ets1/Ubash3b/Tgfbr2/Prdm1/Fbxo7/Thoc5/Meis1/Tcf7/Erbb2/Id2/Gli3/Inhba/Nedd9/Prxl2a/Mmp14/Myc/Lgals1/Runx1/Hspa1b/Hspa1a/Tnfsf9/Zfp36l2/Socs5/Anxa1	43	dKO_vs_WT_down
GO:0048103	somatic stem cell division	5/1098	14/14485	0.35714285714285715	4.711488420504814	3.978933239913957	0.002781627635692565	0.03403289067762462	0.02754390155783703	Vangl2/Tgfb2/Cdkn2a/Wnt7a/Zfp36l2	5	dKO_vs_WT_down
GO:0061097	regulation of protein tyrosine kinase activity	5/1098	14/14485	0.35714285714285715	4.711488420504814	3.978933239913957	0.002781627635692565	0.03403289067762462	0.02754390155783703	Rap2b/Errfi1/Gprc5a/Nedd9/Socs5	5	dKO_vs_WT_down
GO:0098840	protein transport along microtubule	5/1098	14/14485	0.35714285714285715	4.711488420504814	3.978933239913957	0.002781627635692565	0.03403289067762462	0.02754390155783703	Kif1a/Kif5c/Clip3/Myo5a/Kif5a	5	dKO_vs_WT_down
GO:0099118	microtubule-based protein transport	5/1098	14/14485	0.35714285714285715	4.711488420504814	3.978933239913957	0.002781627635692565	0.03403289067762462	0.02754390155783703	Kif1a/Kif5c/Clip3/Myo5a/Kif5a	5	dKO_vs_WT_down
GO:1903671	negative regulation of sprouting angiogenesis	5/1098	14/14485	0.35714285714285715	4.711488420504814	3.978933239913957	0.002781627635692565	0.03403289067762462	0.02754390155783703	Creb3l1/Thbs1/Flt1/Stard13/Sema6a	5	dKO_vs_WT_down
GO:0030042	actin filament depolymerization	11/1098	56/14485	0.19642857142857142	2.5913186312776473	3.4169359713085283	0.002833740230385891	0.034430271020924184	0.027865514116715517	Spta1/Gsn/Dstn/Wdr1/Tpm1/Cfl2/Dmtn/Sema5a/Sh3bp1/Pdxp/Cfl1	11	dKO_vs_WT_down
GO:0031113	regulation of microtubule polymerization	11/1098	56/14485	0.19642857142857142	2.5913186312776473	3.4169359713085283	0.002833740230385891	0.034430271020924184	0.027865514116715517	Map2/Stmn2/Clip1/Cav1/Met/Clip3/Pak1/Map1b/Hspa1b/Hspa1a/Tubb4a	11	dKO_vs_WT_down
GO:0061045	negative regulation of wound healing	11/1098	56/14485	0.19642857142857142	2.5913186312776473	3.4169359713085283	0.002833740230385891	0.034430271020924184	0.027865514116715517	Thbs1/Anxa5/Wnt4/Ubash3b/Anxa2/Cd109/Alox12/Eppk1/Pdgfb/Phldb2/Cask	11	dKO_vs_WT_down
GO:0051797	regulation of hair follicle development	6/1098	20/14485	0.3	3.9576502732240435	3.7905863547047414	0.00287501474524071	0.03471737490312209	0.028097876425960417	Tgfb2/Fermt1/Smo/Krt17/Inhba/Wnt5a	6	dKO_vs_WT_down
GO:0006942	regulation of striated muscle contraction	14/1098	81/14485	0.1728395061728395	2.28012772942949	3.3087050527463613	0.0028771669754345626	0.03471737490312209	0.028097876425960417	Casq1/Sri/Cav1/Smtn/Adra1b/Rangrf/Dsp/Pkp2/Nkx2-5/Dsc2/Bin1/Actn3/Gsto1/Fgf13	14	dKO_vs_WT_down
GO:0048708	astrocyte differentiation	14/1098	81/14485	0.1728395061728395	2.28012772942949	3.3087050527463613	0.0028771669754345626	0.03471737490312209	0.028097876425960417	Vim/Zeb2/Pax6/Bmp2/Smo/Ldlr/Egfr/Nog/Nr1d1/Id2/Gap43/App/Bin1/Clcf1	14	dKO_vs_WT_down
GO:0060541	respiratory system development	32/1098	253/14485	0.12648221343873517	1.6685745552459736	3.0724224766740833	0.0029297043774281287	0.035270422722309805	0.02854547562735585	Rdh10/Col3a1/Speg/Vangl2/Fbn1/Bmp2/Pitx2/Selenon/Errfi1/Hoxa5/Foxp1/Rcn3/Fgfr1/Anxa2/Tgfbr2/Lta4h/Gli1/Nog/Itga3/Sox11/Gli3/Wnt5a/Mmp14/Spry2/Grhl2/Zfpm2/Wnt7b/Hmga1/Ptk7/Pkdcc/Lipa/Gpc3	32	dKO_vs_WT_down
GO:0014013	regulation of gliogenesis	19/1098	126/14485	0.15079365079365079	1.9892951108798105	3.194131810972689	0.002964770270415876	0.03561108765447015	0.028821186598971923	Dusp10/Vim/Dlx2/Bmp2/Cdkn2b/Flt1/Ldlr/Egfr/Ntn1/Arrb2/Nog/Nr1d1/Id2/Sox11/Myc/Bin1/Clcf1/Il33/Cysltr1	19	dKO_vs_WT_down
GO:1903707	negative regulation of hemopoiesis	16/1098	99/14485	0.16161616161616163	2.132067487258744	3.2368582685258107	0.0030424216568595156	0.03646054746409547	0.029508681457850957	Cd44/Fbn1/Cdkn2a/Cdk6/Hoxa7/Ubash3b/Fbxo7/Thoc5/Erbb2/Id2/Gli3/Myc/Lgals1/Runx1/Socs5/Anxa1	16	dKO_vs_WT_down
GO:0045669	positive regulation of osteoblast differentiation	13/1098	73/14485	0.1780821917808219	2.3492901165256876	3.3098509652212145	0.003059806053769184	0.03658554465654472	0.029609845663866867	Bmp2/Lmna/Ccn1/Wnt4/Ilk/Wnt3/Sox11/Gli3/Bmp6/Pdlim7/Ccn4/Wnt7b/Clic1	13	dKO_vs_WT_down
GO:0030900	forebrain development	46/1098	401/14485	0.11471321695760599	1.5133159814489279	2.9853672225695433	0.0031115358565933717	0.037035724302121556	0.029974190378471512	Col3a1/Nrp2/Gbx2/Kif1a/Kif21b/Kif14/Zeb2/Dlx2/Pax6/B2m/Bmp2/Pitx2/Lrp8/Slc2a1/Wnt4/Sema3e/Smo/Wnt7a/Pianp/Axl/Numbl/Pak1/Sox1/Fgfr1/Bbs2/Nrgn/Ryk/Efna2/Gli1/Egfr/Nog/Id2/Lamb1/Ccdc85c/Gli3/Inhba/Tfap2a/Wnt5a/Nefl/Sema5a/Wnt7b/App/Afdn/Cfl1/Tcf7l2/Fgf13	46	dKO_vs_WT_down
GO:0048880	sensory system development	46/1098	401/14485	0.11471321695760599	1.5133159814489279	2.9853672225695433	0.0031115358565933717	0.037035724302121556	0.029974190378471512	Rdh10/Twist2/Tgfb2/Vim/Col5a1/Pbx3/Zeb2/Dlx2/Pax6/Spred1/Fbn1/Mab21l2/Nes/Pitx2/Tdrd7/Prom1/Flt1/Tspan12/Six5/Ppp1r13l/Col4a1/Sox1/Fat1/Cryab/Tgfbr2/Cited2/Crybg1/Prdm1/Gja1/Egfr/Meis1/Efemp1/Sh3pxd2b/Sox11/Pxdn/Gli3/Inhba/Foxc1/Bmp6/Tfap2a/Slc4a7/Spry2/Grhl2/Pdgfb/Prickle1/Cyp1b1	46	dKO_vs_WT_down
GO:0045834	positive regulation of lipid metabolic process	20/1098	136/14485	0.14705882352941177	1.9400246437372761	3.1542903845398653	0.0031489527509095797	0.03739647950910903	0.030266161048899252	Rdh10/Acsl3/Irs1/Ptgs2/Capn2/Ccn1/Wnt4/Pnpla2/Igf2/Irs2/Ldlr/Abhd5/Nr1d1/Bmp6/Edn1/Prkce/Anxa1/Acsl5/Tcf7l2/Mid1ip1	20	dKO_vs_WT_down
GO:0055117	regulation of cardiac muscle contraction	12/1098	65/14485	0.18461538461538463	2.4354770912147963	3.321804817052219	0.0032017480202562814	0.0377938307188227	0.030587750029039476	Sri/Cav1/Smtn/Adra1b/Rangrf/Dsp/Pkp2/Nkx2-5/Dsc2/Bin1/Gsto1/Fgf13	12	dKO_vs_WT_down
GO:0071260	cellular response to mechanical stimulus	12/1098	65/14485	0.18461538461538463	2.4354770912147963	3.321804817052219	0.0032017480202562814	0.0377938307188227	0.030587750029039476	Slc2a1/Tmem150c/Cav1/Cyba/Piezo1/Cnn2/Cradd/Col1a1/Bmp6/Plec/Piezo2/Ankrd1	12	dKO_vs_WT_down
GO:0021782	glial cell development	19/1098	127/14485	0.14960629921259844	1.9736313698492607	3.1561180615525357	0.0032452585490842577	0.0377938307188227	0.030587750029039476	Vim/Zeb2/Mal/Phgdh/Mxra8/Smo/Ilk/Arhgef10/Ldlr/Egfr/Pmp22/Erbb2/Nr1d1/Id2/Sox11/Plec/Pdgfb/App/Tcf7l2	19	dKO_vs_WT_down
GO:0048565	digestive tract development	19/1098	127/14485	0.14960629921259844	1.9736313698492607	3.1561180615525357	0.0032452585490842577	0.0377938307188227	0.030587750029039476	Col3a1/Vangl2/Tgfb2/Pdgfc/Pitx2/Cdx2/Smo/Hoxa5/Prdm1/Egfr/Tcf7/Id2/Sox11/Gli3/Wnt5a/Rcbtb2/Pkdcc/Cdx1/Tcf7l2	19	dKO_vs_WT_down
GO:0045604	regulation of epidermal cell differentiation	10/1098	49/14485	0.20408163265306123	2.692279097431322	3.398211380151233	0.0032456730317826227	0.0377938307188227	0.030587750029039476	Klf7/Tgfb2/Ptch2/Sfn/Errfi1/Hoxa7/Cd109/Rock2/Foxc1/Maff	10	dKO_vs_WT_down
GO:0031424	keratinization	7/1098	27/14485	0.25925925925925924	3.420191594144235	3.604801179777202	0.003256329375006771	0.0377938307188227	0.030587750029039476	Tmem79/Lce1h/Sfn/Krt17/Tgm1/Krt7/Ppl	7	dKO_vs_WT_down
GO:0060252	positive regulation of glial cell proliferation	7/1098	27/14485	0.25925925925925924	3.420191594144235	3.604801179777202	0.003256329375006771	0.0377938307188227	0.030587750029039476	Vim/Flt1/Egfr/Ntn1/Arrb2/Myc/Cysltr1	7	dKO_vs_WT_down
GO:0150105	protein localization to cell-cell junction	7/1098	27/14485	0.25925925925925924	3.420191594144235	3.604801179777202	0.003256329375006771	0.0377938307188227	0.030587750029039476	Actb/Lsr/Actg1/Dsp/Vcl/Mpp7/Flna	7	dKO_vs_WT_down
GO:0002790	peptide secretion	33/1098	265/14485	0.12452830188679245	1.6427982266213013	3.0244861852567433	0.003261266164196177	0.0377938307188227	0.030587750029039476	Klf7/Irs1/Ildr2/Fbn1/Nnat/Anxa5/Slc16a1/Sri/Orai1/Vgf/Rab11fip5/Slc25a22/Irs2/Piwil4/Sidt2/Myo5a/Gja1/Egfr/Nr1d1/Edn1/Oxct1/Myh9/Prkn/Uqcc2/Hmga1/Efna5/Prkce/Clcf1/Gna14/Anxa1/Tcf7l2/Cask/Apln	33	dKO_vs_WT_down
GO:0086004	regulation of cardiac muscle cell contraction	8/1098	34/14485	0.23529411764705882	3.104039429979642	3.5176139808819666	0.0032614330253460384	0.0377938307188227	0.030587750029039476	Sri/Cav1/Rangrf/Dsp/Pkp2/Dsc2/Bin1/Fgf13	8	dKO_vs_WT_down
GO:0086065	cell communication involved in cardiac conduction	8/1098	34/14485	0.23529411764705882	3.104039429979642	3.5176139808819666	0.0032614330253460384	0.0377938307188227	0.030587750029039476	Sri/Cav1/Gja1/Rangrf/Dsp/Pkp2/Dsc2/Flna	8	dKO_vs_WT_down
GO:0060760	positive regulation of response to cytokine stimulus	11/1098	57/14485	0.19298245614035087	2.5458569009043557	3.3489406150381487	0.0032760357691179872	0.03779654425730204	0.030589946182092008	Ikbke/Ifih1/Csf1/Axl/Irf3/Edn1/Wnt5a/Prkn/Hspa1b/Hspa1a/Ticam2	11	dKO_vs_WT_down
GO:0141060	disruption of anatomical structure in another organism	11/1098	57/14485	0.19298245614035087	2.5458569009043557	3.3489406150381487	0.0032760357691179872	0.03779654425730204	0.030589946182092008	Gbp7/Gbp3/Gbp2b/Gbp2/Ccl27a/Sfn/Ppbp/Cxcl10/Lgals3/Pim1/Pcyox1l	11	dKO_vs_WT_down
GO:0001838	embryonic epithelial tube formation	21/1098	146/14485	0.14383561643835616	1.8975035556553632	3.1214542193772163	0.0033007864631962756	0.03799876932795537	0.0307536133677967	Casp8/Wnt6/Vangl2/Tgfb2/Zeb2/Wnt4/Adm/Cited2/Pfn1/Nog/Rock2/Tfap2a/Irx1/Irx2/Wnt5a/Grhl2/Prickle1/T/Ptk7/Cfl1/Sufu	21	dKO_vs_WT_down
GO:0097237	cellular response to toxic substance	17/1098	109/14485	0.1559633027522936	2.0574940258351297	3.1737735462164607	0.0033655856355163005	0.03866014416692414	0.03128888507392194	Ptgs2/Mgst3/Abtb2/Gstm5/Slc39a8/Selenow/Cdh13/Pxdn/Rdh11/Edn1/Gpx8/Prxl2a/Esd/Prkn/Pim1/Cyp1b1/Gsto1	17	dKO_vs_WT_down
GO:0031400	negative regulation of protein modification process	22/1098	156/14485	0.14102564102564102	1.8604338891224137	3.0943943646274734	0.0034225256201640304	0.03922855618231583	0.03174891900828689	Bag2/Prr5l/Cdkn2a/Svbp/Errfi1/Cav1/Smo/Gprc5a/Rasd2/Tnfaip3/Arrb2/Sh3bp5/Lats2/Dmtn/Spry2/Parp10/Hspa1b/Hspa1a/Prkce/Socs5/Sh3rf2/Bex1	22	dKO_vs_WT_down
GO:0045862	positive regulation of proteolysis	25/1098	186/14485	0.13440860215053763	1.77314080341579	3.0392472313504104	0.0036325856744078497	0.0412023305523911	0.03334635742342801	Bag2/Casp8/Gsn/S100a10/Cav1/Rcn3/Tgfb1i1/Trim67/Anxa2/Perp/Axin2/Trib2/Plk2/Mmp14/Myh9/Rbx1/Prickle1/App/Prkn/Hspa1b/Hspa1a/Socs5/Sh3rf2/Cfl1/Il33	25	dKO_vs_WT_down
GO:0001569	branching involved in blood vessel morphogenesis	9/1098	42/14485	0.21428571428571427	2.826893052302888	3.3955713468565767	0.003640349358783036	0.0412023305523911	0.03334635742342801	Gbx2/Vangl2/Pitx2/Sema3e/Flt1/Col4a1/Tgfbr2/Edn1/Sema5a	9	dKO_vs_WT_down
GO:0010464	regulation of mesenchymal cell proliferation	9/1098	42/14485	0.21428571428571427	2.826893052302888	3.3955713468565767	0.003640349358783036	0.0412023305523911	0.03334635742342801	Irs1/Lmna/Smo/Foxp1/Irs2/Fgfr1/Tgfbr2/Wnt5a/Myc	9	dKO_vs_WT_down
GO:0002698	negative regulation of immune effector process	18/1098	119/14485	0.15126050420168066	1.9954539192726268	3.122701751954778	0.0036418663865224734	0.0412023305523911	0.03334635742342801	Twist2/Susd4/Dusp10/Tgfb2/Axl/Igf2/Bst2/Tnfaip3/Arrb2/Dusp22/Serpinb9/Serpinb9b/Lgals3/Lgals1/Tap1/Socs5/Anxa1/Il33	18	dKO_vs_WT_down
GO:0050775	positive regulation of dendrite morphogenesis	12/1098	66/14485	0.18181818181818182	2.398575923166087	3.2613262103075624	0.0036495506628804893	0.0412023305523911	0.03334635742342801	Dhx36/Wls/Lrp8/Met/Numbl/Ilk/Marcks/Grip1/Dbn1/Wnt5a/Afdn/Cask	12	dKO_vs_WT_down
GO:0060675	ureteric bud morphogenesis	12/1098	66/14485	0.18181818181818182	2.398575923166087	3.2613262103075624	0.0036495506628804893	0.0412023305523911	0.03334635742342801	Wnt6/Cd44/Bmp2/Wnt4/Smo/Tacstd2/Ilk/Nog/Gli3/Myc/Gpc3/Cited1	12	dKO_vs_WT_down
GO:1905330	regulation of morphogenesis of an epithelium	12/1098	66/14485	0.18181818181818182	2.398575923166087	3.2613262103075624	0.0036495506628804893	0.0412023305523911	0.03334635742342801	Sulf1/Wnt4/Cxcl10/Met/Smo/Tacstd2/Foxp1/Fgfr1/Gja1/Alox12/Nog/Wnt5a	12	dKO_vs_WT_down
GO:0031345	negative regulation of cell projection organization	27/1098	206/14485	0.13106796116504854	1.7290705077192423	3.0182696754055955	0.003668465826405284	0.041327192104321626	0.03344741185125521	Map2/Il15ra/Vim/B2m/Stmn2/Trim46/Dpysl5/Tacstd2/Efnb2/Prag1/Itgb1/Ryk/Rab3ip/Kremen1/Efemp1/Pmp22/Ntn1/Itga3/Wnt3/Wnt5a/Spry2/Sema5a/Lgals1/Dpysl3/Cfl1/Fgf13/Flna	27	dKO_vs_WT_down
GO:2001237	negative regulation of extrinsic apoptotic signaling pathway	15/1098	92/14485	0.16304347826086957	2.1508968876217627	3.1714543388957157	0.0037108488193909077	0.04171533256157172	0.033761546276284804	Cflar/Tmbim1/Pea15a/Bcl2l1/Lmna/Tnfaip3/Eya4/Unc5b/Lgals3/Hspa1b/Hspa1a/Birc6/Gstp2/Itprip/Tcf7l2	15	dKO_vs_WT_down
GO:0043502	regulation of muscle adaptation	16/1098	101/14485	0.15841584158415842	2.089848329095205	3.1476809727708597	0.0037338797438921565	0.04177167684925628	0.03380714750152394	Casq1/Gsn/Lmna/Camk2d/Selenon/Errfi1/Foxp1/Pak1/Tead1/Mtmr4/Rock2/Edn1/Adk/Tnnc1/Ccn4/Actn3	16	dKO_vs_WT_down
GO:0071346	cellular response to type II interferon	16/1098	101/14485	0.15841584158415842	2.089848329095205	3.1476809727708597	0.0037338797438921565	0.04177167684925628	0.03380714750152394	Vim/Gsn/Gbp7/Gbp3/Gbp2b/Gbp2/Zyx/Rab11fip5/Stx11/Dapk3/Myo1c/Actg1/Edn1/Flnb/Wnt5a/Pim1	16	dKO_vs_WT_down
GO:0035592	establishment of protein localization to extracellular region	42/1098	362/14485	0.11602209944751381	1.5305829785949339	2.927843881822025	0.0037538647880350057	0.04177167684925628	0.03380714750152394	Klf7/Irs1/Ildr2/Tgfb2/Fbn1/Nnat/Anxa5/Ppid/Slc16a1/Wls/Svbp/Sri/Orai1/Gusb/Vgf/Rab11fip5/Rcn3/Slc25a22/Irs2/Piwil4/Ap1m2/Sidt2/Myo5a/Gja1/Egfr/Rhbdf1/Nr1d1/Cavin1/Oxct1/Myh9/Prkn/Uqcc2/Hmga1/Efna5/Ltbp1/Prkce/Tmem132a/Gna14/Anxa1/Ankrd1/Tcf7l2/Cask	42	dKO_vs_WT_down
GO:0010954	positive regulation of protein processing	6/1098	21/14485	0.2857142857142857	3.769190736403851	3.6368225177010167	0.00377031152857022	0.04177167684925628	0.03380714750152394	Bag2/Gsn/S100a10/Anxa2/Mmp14/Myh9	6	dKO_vs_WT_down
GO:0044550	secondary metabolite biosynthetic process	6/1098	21/14485	0.2857142857142857	3.769190736403851	3.6368225177010167	0.00377031152857022	0.04177167684925628	0.03380714750152394	Zeb2/Bdh2/Myo5a/Pmel/Wnt5a/Cited1	6	dKO_vs_WT_down
GO:0006949	syncytium formation	11/1098	58/14485	0.1896551724137931	2.5019628164060044	3.2823807609907636	0.0037720244975756887	0.04177167684925628	0.03380714750152394	Cflar/Capn2/Vash2/Cd44/Pitx2/Cxcl10/Ehd2/Ercc1/Itgb1/Cd109/Myh9	11	dKO_vs_WT_down
GO:0048662	negative regulation of smooth muscle cell proliferation	11/1098	58/14485	0.1896551724137931	2.5019628164060044	3.2823807609907636	0.0037720244975756887	0.04177167684925628	0.03380714750152394	Bmp2/Cav1/Ilk/Cnn1/Tpm1/Tnfaip3/Timp3/Igfbp3/Gstp2/Efemp2/Apln	11	dKO_vs_WT_down
GO:0035456	response to interferon-beta	10/1098	50/14485	0.2	2.6384335154826957	3.323603653710197	0.0037873198739964346	0.04177167684925628	0.03380714750152394	Ikbke/Aim2/Capn2/Gbp7/Gbp3/Gbp2b/Gbp2/Ndufa13/Bst2/Gm11772	10	dKO_vs_WT_down
GO:0061337	cardiac conduction	10/1098	50/14485	0.2	2.6384335154826957	3.323603653710197	0.0037873198739964346	0.04177167684925628	0.03380714750152394	Sri/Cav1/Gja1/Rangrf/Dsp/Pkp2/Nkx2-5/Dsc2/Bin1/Flna	10	dKO_vs_WT_down
GO:0007264	small GTPase-mediated signal transduction	49/1098	438/14485	0.11187214611872145	1.4758360988430606	2.896052608131468	0.003840110564037622	0.042177080746141814	0.03413525377767757	Col3a1/Kif14/Vangl2/Itpkb/Tgfb2/Rnd3/Tgm2/Ralgapb/Rap2b/Rhoc/Csf1/Camk2d/Cnksr1/Wnt4/Rasgef1b/Stard13/Met/Rasip1/Rras2/Arhgef10/Prag1/Cdh13/Rhou/Trim67/Itgb1/Nradd/Syde1/Arhgap45/Adra1b/Ntn1/Tax1bp3/Itga3/Erbb2/Timp2/Rock2/Plk2/Synpo2l/Wnt5a/Spry2/Cdc42ep1/Sh3bp1/Arhgap8/Rnd1/Arhgap28/Mapre2/Arap3/Lipa/Dock11/Amot	49	dKO_vs_WT_down
GO:0007389	pattern specification process	49/1098	438/14485	0.11187214611872145	1.4758360988430606	2.896052608131468	0.003840110564037622	0.042177080746141814	0.03413525377767757	Nrp2/Wnt6/Gbx2/Vangl2/Zeb2/Dlx2/Pax6/Bmp2/Pitx2/Wls/Tdrd7/Sema3c/Cdx2/Smo/Hoxa1/Hoxa3/Hoxa5/Hoxa7/Wnt7a/Bhlhe40/Sox1/Fgfr1/Tgfbr2/Cited2/Gja1/Apc2/Gli1/Meis1/Nog/Wnt3/Axin2/Gli3/Foxc1/Tfap2a/Edn1/Barx1/Irx1/Irx2/Wnt5a/Bmp1/Wnt7b/Prickle1/T/Nkx2-5/Cdx1/Sufu/Gpc3/Efnb1/Cited1	49	dKO_vs_WT_down
GO:0097529	myeloid leukocyte migration	24/1098	177/14485	0.13559322033898305	1.7887684850730141	3.0237822552611178	0.0038589110657272587	0.042295273159981474	0.03423091065979553	Tgfb2/Thbs1/Csf1/Ccl27a/Creb3/Wdr1/Ppbp/Cxcl10/Flt1/Arhgef5/Mtus1/Mmp2/Itga9/Perp/Cnn2/Edn1/Lgals3/Mmp14/Pdgfb/Emp2/App/Dusp1/Anxa1/Mospd2	24	dKO_vs_WT_down
GO:0003334	keratinocyte development	5/1098	15/14485	0.3333333333333333	4.3973891924711594	3.770165902286917	0.003914625696888191	0.0426394322801838	0.03450944958900017	Sfn/Palld/Tfap2a/Flnb/Plec	5	dKO_vs_WT_down
GO:0044406	adhesion of symbiont to host	5/1098	15/14485	0.3333333333333333	4.3973891924711594	3.770165902286917	0.003914625696888191	0.0426394322801838	0.03450944958900017	Gbp7/Gbp3/Gbp2b/Gbp2/Tmprss2	5	dKO_vs_WT_down
GO:0060413	atrial septum morphogenesis	5/1098	15/14485	0.3333333333333333	4.3973891924711594	3.770165902286917	0.003914625696888191	0.0426394322801838	0.03450944958900017	Tgfb2/Ccn1/Nsd2/Smo/Nkx2-5	5	dKO_vs_WT_down
GO:0003015	heart process	27/1098	207/14485	0.13043478260869565	1.7207175100974104	2.9910271409058127	0.0039231962209857535	0.042644494459929856	0.034513546572177846	Tgfb2/Gsn/Actc1/Camk2d/Sri/Cav1/Met/Ppp1r13l/Adm/Tpm1/Gja1/Smtn/Adra1b/Rangrf/Gaa/Dsp/Edn1/Tnnc1/Pkp2/Nkx2-5/Dsc2/Bin1/Hbegf/Gsto1/Apln/Fgf13/Flna	27	dKO_vs_WT_down
GO:0015833	peptide transport	35/1098	289/14485	0.12110726643598616	1.5976673536659922	2.9392007956477557	0.003940840959071116	0.042660008818257496	0.034526102836133124	Klf7/Irs1/Ildr2/Fbn1/Nnat/Anxa5/Slc16a1/Sri/Orai1/Vgf/Rab11fip5/Slco3a1/Slc25a22/Irs2/Piwil4/Sidt2/Myo5a/Gja1/Egfr/Nr1d1/Edn1/Oxct1/Myh9/Prkn/Uqcc2/Hmga1/Tap1/Efna5/Prkce/Clcf1/Gna14/Anxa1/Tcf7l2/Cask/Apln	35	dKO_vs_WT_down
GO:1902105	regulation of leukocyte differentiation	35/1098	289/14485	0.12110726643598616	1.5976673536659922	2.9392007956477557	0.003940840959071116	0.042660008818257496	0.034526102836133124	Casp8/Cd28/Itpkb/Dusp10/Il15ra/Cd44/Fbn1/Csf1/Shb/Cdkn2a/Cdk6/Actb/Hoxa7/Foxp1/Axl/Cyld/Ubash3b/Tgfbr2/Prdm1/Fbxo7/Thoc5/Tcf7/Erbb2/Id2/Gli3/Nedd9/Prxl2a/Mmp14/Myc/Lgals1/Runx1/Tnfsf9/Zfp36l2/Socs5/Anxa1	35	dKO_vs_WT_down
GO:1904375	regulation of protein localization to cell periphery	22/1098	158/14485	0.13924050632911392	1.836884093057573	3.029144719993978	0.004003411676388214	0.043248354885992595	0.03500227003348173	Tmbim1/Acsl3/Bcl2l1/Camk2d/Sfn/Actb/Clip3/Itgb1/Myo5a/Grip1/Egfr/Rangrf/Itga3/Lgals3/Mmp14/Gpc6/Ap2m1/Epb41l3/Pkdcc/Aldh7a1/Stx3/Gpc4	22	dKO_vs_WT_down
GO:0048608	reproductive structure development	38/1098	321/14485	0.11838006230529595	1.5616896197561128	2.9144710893702213	0.0040492879062525074	0.04352771844247042	0.03522836785077739	Sulf1/Rdh10/Tgfb2/Cd44/Bcl2l1/Ptx3/Schip1/Wnt4/Errfi1/Vgf/Wnt7a/Ercc1/Axl/Fancf/Ccnd1/Mmp2/Cited2/Gja1/Gli1/Slit3/Tcf7/Arrb2/Brip1/Nog/Gli3/Inhba/Foxc1/Bmp6/Srd5a1/Rhobtb3/Wnt5a/Mmp14/Zfpm2/Myh9/Runx1/Tcf7l2/Flna/Tex11	38	dKO_vs_WT_down
GO:0051881	regulation of mitochondrial membrane potential	14/1098	84/14485	0.16666666666666666	2.1986945962355797	3.1554090136223474	0.004053893045857255	0.04352771844247042	0.03522836785077739	Bcl2l1/Mllt11/Cdkn2a/Arl6ip5/Tspan9/Tspan4/Rnf122/Alox12/Myc/Prkn/Clic1/Slc25a27/Prkce/Lipa	14	dKO_vs_WT_down
GO:0021602	cranial nerve morphogenesis	7/1098	28/14485	0.25	3.2980418943533696	3.4857935616008318	0.004062366423731796	0.04352771844247042	0.03522836785077739	Nrp2/Hoxa1/Hoxa3/Phox2a/Cited2/Gli3/Tfap2a	7	dKO_vs_WT_down
GO:0097205	renal filtration	7/1098	28/14485	0.25	3.2980418943533696	3.4857935616008318	0.004062366423731796	0.04352771844247042	0.03522836785077739	Sulf1/Cyba/Gja1/Itga3/Edn1/Pdgfb/Emp2	7	dKO_vs_WT_down
GO:0060976	coronary vasculature development	12/1098	67/14485	0.1791044776119403	2.3627762825218173	3.201940473404121	0.004146441096400893	0.04415875831612368	0.03573908850403071	Vangl2/Spred1/Fgfr1/Prdm1/Zfpm2/Pdgfb/Prickle1/Ptk7/Ltbp1/Sufu/Apln/Gpc3	12	dKO_vs_WT_down
GO:0071496	cellular response to external stimulus	12/1098	67/14485	0.1791044776119403	2.3627762825218173	3.201940473404121	0.004146441096400893	0.04415875831612368	0.03573908850403071	Slc2a1/Tmem150c/Cav1/Cyba/Piezo1/Cnn2/Cradd/Col1a1/Bmp6/Plec/Piezo2/Ankrd1	12	dKO_vs_WT_down
GO:0072171	mesonephric tubule morphogenesis	12/1098	67/14485	0.1791044776119403	2.3627762825218173	3.201940473404121	0.004146441096400893	0.04415875831612368	0.03573908850403071	Wnt6/Cd44/Bmp2/Wnt4/Smo/Tacstd2/Ilk/Nog/Gli3/Myc/Gpc3/Cited1	12	dKO_vs_WT_down
GO:0008360	regulation of cell shape	19/1098	130/14485	0.14615384615384616	1.928086030545047	3.044122393698569	0.004222389888739848	0.044876753948808766	0.036320185220526706	Spta1/Hck/Sema3e/Wdr1/Parva/Prag1/Palm3/Rhou/Tpm1/Palm/Dapk3/Dmtn/Myh9/Cdc42ep1/Epb41l3/Arap3/Cfl1/Anxa1/Msn	19	dKO_vs_WT_down
GO:0019221	cytokine-mediated signaling pathway	44/1098	386/14485	0.11398963730569948	1.5037703974253709	2.8730020599794805	0.004245203839701981	0.04502826088845186	0.03644280460864709	Irs1/Ikbke/Aim2/Il15ra/Ifih1/Cd44/Ecm1/Csf1/F3/Cntfr/Cxcl10/Gusb/Cav1/Anxa4/Irak2/Axl/Numbl/Irf3/Ilk/Palm3/Cyld/Bbs2/Cish/Prmt2/Slit3/Traf3/Inhba/Foxc1/Edn1/Wnt5a/Ghr/Pdgfb/Rbx1/Krt8/Krt18/Usp25/Prkn/Hspa1b/Hspa1a/Socs5/Ticam2/Fosl1/Il33/Tmsb4x	44	dKO_vs_WT_down
GO:0060251	regulation of glial cell proliferation	10/1098	51/14485	0.19607843137254902	2.586699524983035	3.2507998102098736	0.004398077974060452	0.04651384149713195	0.037645132275412656	Vim/Cdkn2b/Flt1/Egfr/Pmp22/Ntn1/Arrb2/Sox11/Myc/Cysltr1	10	dKO_vs_WT_down
GO:1903131	mononuclear cell differentiation	51/1098	463/14485	0.1101511879049676	1.4531329296934934	2.8380166207765707	0.004402944889863468	0.04651384149713195	0.037645132275412656	Cflar/Casp8/Cd28/Itpkb/Dusp10/Il15ra/Cd44/B2m/Itpripl1/Csf1/Shb/Cdkn2a/Wnt4/Cdk6/Actb/Hoxa7/Foxp1/Relb/Axl/Cyld/Irf2bp2/Mpzl2/Tgfbr2/Tnfaip3/Prdm1/Fbxo7/Thoc5/Tcf7/Erbb2/Id2/Gli3/Gadd45g/Prr7/Mmp14/Gmpr2/Myc/St3gal1/Myh9/Lgals1/Hdac7/App/Runx1/Hmga1/Tnfsf9/Zfp36l2/Socs5/Clcf1/Anxa1/Il33/Lipa/Dock11	51	dKO_vs_WT_down
GO:0030073	insulin secretion	28/1098	219/14485	0.1278538812785388	1.6866698272492118	2.9323966090315507	0.004447492541789886	0.04689029711895109	0.037949809791245834	Klf7/Irs1/Ildr2/Fbn1/Nnat/Slc16a1/Sri/Orai1/Vgf/Rab11fip5/Slc25a22/Irs2/Piwil4/Sidt2/Myo5a/Gja1/Nr1d1/Oxct1/Myh9/Prkn/Uqcc2/Hmga1/Efna5/Prkce/Gna14/Anxa1/Tcf7l2/Cask	28	dKO_vs_WT_down
GO:0045088	regulation of innate immune response	46/1098	409/14485	0.11246943765281174	1.4837156688533497	2.8419470164488856	0.004521837549900332	0.04750038586339512	0.038443574028838474	Casp8/Mapkapk2/Ikbke/Aim2/Susd4/Dusp10/Ifih1/Map3k20/Gbp7/Gbp3/Gbp2b/Gbp2/Lrp8/Sfn/Gusb/Cav1/Irak2/Irf3/Igf2/Mfhas1/Irf2/Abhd8/Mmp2/Cyba/Ulbp1/Tnfaip3/Arrb2/Nr1d1/Kcnk13/Traf3/Serpinb9/Serpinb9b/Wnt5a/Pspc1/Lats2/Gramd4/App/Pim1/Tap1/Hspa1b/Hspa1a/Prkce/Ticam2/Fosl1/Tkfc/Dtx4	46	dKO_vs_WT_down
GO:1901874	negative regulation of post-translational protein modification	14/1098	85/14485	0.16470588235294117	2.1728276009857495	3.105747835523248	0.004523416331032305	0.04750038586339512	0.038443574028838474	Bag2/Cdkn2a/Svbp/Cav1/Rasd2/Tnfaip3/Arrb2/Spry2/Parp10/Hspa1b/Hspa1a/Prkce/Sh3rf2/Bex1	14	dKO_vs_WT_down
GO:0071692	protein localization to extracellular region	42/1098	366/14485	0.11475409836065574	1.5138552957687599	2.8515645480302956	0.004564827514712148	0.04783975608545939	0.03871823715036829	Klf7/Irs1/Ildr2/Tgfb2/Fbn1/Nnat/Anxa5/Ppid/Slc16a1/Wls/Svbp/Sri/Orai1/Gusb/Vgf/Rab11fip5/Rcn3/Slc25a22/Irs2/Piwil4/Ap1m2/Sidt2/Myo5a/Gja1/Egfr/Rhbdf1/Nr1d1/Cavin1/Oxct1/Myh9/Prkn/Uqcc2/Hmga1/Efna5/Ltbp1/Prkce/Tmem132a/Gna14/Anxa1/Ankrd1/Tcf7l2/Cask	42	dKO_vs_WT_down
GO:0010770	positive regulation of cell morphogenesis	12/1098	68/14485	0.17647058823529413	2.328029572484732	3.1436091887574102	0.004696156232242334	0.04870089532159062	0.039415184540828554	Dhx36/Wls/Lrp8/Met/Numbl/Ilk/Marcks/Grip1/Dbn1/Wnt5a/Afdn/Cask	12	dKO_vs_WT_down
GO:0035148	tube formation	23/1098	170/14485	0.13529411764705881	1.784822672238294	2.9478414521587	0.004739324909986134	0.04870089532159062	0.039415184540828554	Casp8/Wnt6/Vangl2/Tgfb2/Zeb2/Tgm2/Wnt4/Hoxa1/Adm/Cited2/Pfn1/Nog/Rock2/Tfap2a/Irx1/Irx2/Wnt5a/Grhl2/Prickle1/T/Ptk7/Cfl1/Sufu	23	dKO_vs_WT_down
GO:0007435	salivary gland morphogenesis	8/1098	36/14485	0.2222222222222222	2.931592794980773	3.3231636447500845	0.004750176309822788	0.04870089532159062	0.039415184540828554	Tgfb2/Pax6/Tgm2/Sema3c/Met/Fgfr1/Egfr/Pdgfb	8	dKO_vs_WT_down
GO:0048843	negative regulation of axon extension involved in axon guidance	4/1098	10/14485	0.4	5.276867030965391	3.874540977229228	0.004758080250009044	0.04870089532159062	0.039415184540828554	Ryk/Wnt3/Wnt5a/Sema5a	4	dKO_vs_WT_down
GO:0055015	ventricular cardiac muscle cell development	4/1098	10/14485	0.4	5.276867030965391	3.874540977229228	0.004758080250009044	0.04870089532159062	0.039415184540828554	Fhl2/Lmna/Pitx2/Nkx2-5	4	dKO_vs_WT_down
GO:0060579	ventral spinal cord interneuron fate commitment	4/1098	10/14485	0.4	5.276867030965391	3.874540977229228	0.004758080250009044	0.04870089532159062	0.039415184540828554	Pax6/Sox1/Gli3/Sufu	4	dKO_vs_WT_down
GO:0060581	cell fate commitment involved in pattern specification	4/1098	10/14485	0.4	5.276867030965391	3.874540977229228	0.004758080250009044	0.04870089532159062	0.039415184540828554	Pax6/Sox1/Gli3/Sufu	4	dKO_vs_WT_down
GO:0061525	hindgut development	4/1098	10/14485	0.4	5.276867030965391	3.874540977229228	0.004758080250009044	0.04870089532159062	0.039415184540828554	Tcf7/Gli3/Wnt5a/Tcf7l2	4	dKO_vs_WT_down
GO:0062042	regulation of cardiac epithelial to mesenchymal transition	4/1098	10/14485	0.4	5.276867030965391	3.874540977229228	0.004758080250009044	0.04870089532159062	0.039415184540828554	Tgfb2/Tgfbr2/Nog/Emp2	4	dKO_vs_WT_down
GO:0086069	bundle of His cell to Purkinje myocyte communication	4/1098	10/14485	0.4	5.276867030965391	3.874540977229228	0.004758080250009044	0.04870089532159062	0.039415184540828554	Rangrf/Dsp/Pkp2/Dsc2	4	dKO_vs_WT_down
GO:1903044	protein localization to membrane raft	4/1098	10/14485	0.4	5.276867030965391	3.874540977229228	0.004758080250009044	0.04870089532159062	0.039415184540828554	Clip1/Myadm/Flot2/Reep2	4	dKO_vs_WT_down
GO:2000491	positive regulation of hepatic stellate cell activation	4/1098	10/14485	0.4	5.276867030965391	3.874540977229228	0.004758080250009044	0.04870089532159062	0.039415184540828554	Smo/Fgfr1/Pdgfb/Acta2	4	dKO_vs_WT_down
GO:0003283	atrial septum development	6/1098	22/14485	0.2727272727272727	3.59786388474913	3.4922259582319155	0.004856672840795082	0.04913645349119794	0.03976769562958726	Tgfb2/Ccn1/Nsd2/Smo/Wnt5a/Nkx2-5	6	dKO_vs_WT_down
GO:0035313	wound healing, spreading of epidermal cells	6/1098	22/14485	0.2727272727272727	3.59786388474913	3.4922259582319155	0.004856672840795082	0.04913645349119794	0.03976769562958726	Col5a1/Fermt1/Wnt7a/Ajuba/Phldb2/Hbegf	6	dKO_vs_WT_down
GO:0140354	lipid import into cell	6/1098	22/14485	0.2727272727272727	3.59786388474913	3.4922259582319155	0.004856672840795082	0.04913645349119794	0.03976769562958726	Acsl3/Thbs1/Slc2a1/Irs2/Lipa/Acsl5	6	dKO_vs_WT_down
GO:1903319	positive regulation of protein maturation	6/1098	22/14485	0.2727272727272727	3.59786388474913	3.4922259582319155	0.004856672840795082	0.04913645349119794	0.03976769562958726	Bag2/Gsn/S100a10/Anxa2/Mmp14/Myh9	6	dKO_vs_WT_down
GO:1903975	regulation of glial cell migration	6/1098	22/14485	0.2727272727272727	3.59786388474913	3.4922259582319155	0.004856672840795082	0.04913645349119794	0.03976769562958726	Vim/Csf1/Rras/Rras2/Efemp1/Ntn1	6	dKO_vs_WT_down
GO:1905874	regulation of postsynaptic density organization	6/1098	22/14485	0.2727272727272727	3.59786388474913	3.4922259582319155	0.004856672840795082	0.04913645349119794	0.03976769562958726	Fgfr1/Dbn1/Prickle1/Cript/Lrfn4/Cfl1	6	dKO_vs_WT_down
GO:0042303	molting cycle	17/1098	113/14485	0.1504424778761062	1.9846623789029127	3.0093434731040007	0.004907025683357666	0.049455674559664146	0.04002605139984223	Wnt10a/Vangl2/Tgfb2/Fermt1/Tmem79/Ptch2/Smo/Ppp1r13l/Mpzl3/Myo5a/Cd109/Egfr/Krt14/Krt17/Inhba/Wnt5a/Runx1	17	dKO_vs_WT_down
GO:0042633	hair cycle	17/1098	113/14485	0.1504424778761062	1.9846623789029127	3.0093434731040007	0.004907025683357666	0.049455674559664146	0.04002605139984223	Wnt10a/Vangl2/Tgfb2/Fermt1/Tmem79/Ptch2/Smo/Ppp1r13l/Mpzl3/Myo5a/Cd109/Egfr/Krt14/Krt17/Inhba/Wnt5a/Runx1	17	dKO_vs_WT_down
GO:0048844	artery morphogenesis	13/1098	77/14485	0.16883116883116883	2.2272490715113666	3.0922886138036976	0.004923721998677333	0.04952906584137944	0.04008544929988893	Col3a1/Tgfb2/Hoxa1/Efnb2/Ldlr/Tgfbr2/Cited2/Prdm1/Nog/Fkbp10/Foxc1/Edn1/Efemp2	13	dKO_vs_WT_down
GO:0070228	regulation of lymphocyte apoptotic process	11/1098	60/14485	0.18333333333333332	2.4185640558591377	3.1533375472000613	0.004943169346519667	0.049535264632457075	0.040090466178791084	Casp8/Tgfb2/Cd44/Foxp1/Irs2/Perp/Serpinb9/Wnt5a/Lgals3/Myc/St3gal1	11	dKO_vs_WT_down
GO:2000630	positive regulation of miRNA metabolic process	11/1098	60/14485	0.18333333333333332	2.4185640558591377	3.1533375472000613	0.004943169346519667	0.049535264632457075	0.040090466178791084	Tgfb2/Pax6/Bmp2/Tead1/Ets1/Lin28b/Egfr/Myc/Pdgfb/Fosl1/Apln	11	dKO_vs_WT_down
GO:0061458	reproductive system development	38/1098	325/14485	0.11692307692307692	1.5424688244360374	2.8326220706607343	0.004978066171276731	0.049790125716895214	0.040296733365648145	Sulf1/Rdh10/Tgfb2/Cd44/Bcl2l1/Ptx3/Schip1/Wnt4/Errfi1/Vgf/Wnt7a/Ercc1/Axl/Fancf/Ccnd1/Mmp2/Cited2/Gja1/Gli1/Slit3/Tcf7/Arrb2/Brip1/Nog/Gli3/Inhba/Foxc1/Bmp6/Srd5a1/Rhobtb3/Wnt5a/Mmp14/Zfpm2/Myh9/Runx1/Tcf7l2/Flna/Tex11	38	dKO_vs_WT_down
GO:0098773	skin epidermis development	19/1098	132/14485	0.14393939393939395	1.898872605839819	2.971102020071952	0.00500005540231336	0.049915164082676634	0.04039793089455216	Wnt10a/Vangl2/Tgfb2/Fermt1/Tmem79/Sfn/Cldn4/Met/Smo/Lsr/Myo5a/Cd109/Egfr/Alox12/Krt17/Inhba/Wnt5a/Plec/Runx1	19	dKO_vs_WT_down
GO:0014002	astrocyte development	7/1098	29/14485	0.2413793103448276	3.184316311789461	3.3720519329198493	0.0050108146539419056	0.049927833133311304	0.04040818436043662	Vim/Zeb2/Smo/Ldlr/Egfr/Nr1d1/App	7	dKO_vs_WT_down
