ko,dz_class,genotype,bin,position,mean,sem,n
DHX36KO,gained,WT,1,-2000,3.6959763152381173,0.790184488254453,102
DHX36KO,gained,WT,2,-1949.367088607595,3.7067081250318514,0.7529081087556181,102
DHX36KO,gained,WT,3,-1898.73417721519,3.5736182733766393,0.5895373925000881,102
DHX36KO,gained,WT,4,-1848.1012658227849,3.551095186916052,0.5035347862178293,102
DHX36KO,gained,WT,5,-1797.4683544303798,3.391996120035259,0.43679516575983535,102
DHX36KO,gained,WT,6,-1746.8354430379748,3.473068684674556,0.4577639848176392,102
DHX36KO,gained,WT,7,-1696.2025316455697,3.3314529162138897,0.47278094313983576,102
DHX36KO,gained,WT,8,-1645.5696202531644,2.957814157694773,0.44384248177396696,102
DHX36KO,gained,WT,9,-1594.9367088607596,2.745519400920743,0.43798277005607145,102
DHX36KO,gained,WT,10,-1544.3037974683543,2.667224340493383,0.43187739906778355,102
DHX36KO,gained,WT,11,-1493.6708860759495,2.6485233384799334,0.37233497481373634,102
DHX36KO,gained,WT,12,-1443.0379746835442,2.7593184437393363,0.4145486965799145,102
DHX36KO,gained,WT,13,-1392.4050632911392,2.8542834741928997,0.4245439700201721,102
DHX36KO,gained,WT,14,-1341.7721518987341,2.797126806927662,0.36722873768129416,102
DHX36KO,gained,WT,15,-1291.139240506329,2.747204616537281,0.3449738717024602,102
DHX36KO,gained,WT,16,-1240.506329113924,2.835911277080673,0.3326638272351557,102
DHX36KO,gained,WT,17,-1189.873417721519,3.109519146595126,0.34624333237345584,102
DHX36KO,gained,WT,18,-1139.240506329114,3.0458434915620516,0.34937515566214405,102
DHX36KO,gained,WT,19,-1088.607594936709,2.8901011840891995,0.3281197077303223,102
DHX36KO,gained,WT,20,-1037.9746835443038,2.8757894628811504,0.35546960363407604,102
DHX36KO,gained,WT,21,-987.3417721518988,3.0380210992323806,0.41462517562320556,102
DHX36KO,gained,WT,22,-936.7088607594937,3.0630764981344636,0.4549494768390846,102
DHX36KO,gained,WT,23,-886.0759493670887,2.9830477520609215,0.44450867124181065,102
DHX36KO,gained,WT,24,-835.4430379746836,2.7429096497975145,0.38046003497258335,102
DHX36KO,gained,WT,25,-784.8101265822784,2.5908887468443975,0.3279641568068824,102
DHX36KO,gained,WT,26,-734.1772151898733,2.6328757414163326,0.30894132595065316,102
DHX36KO,gained,WT,27,-683.5443037974683,2.683133221249175,0.29782011187167534,102
DHX36KO,gained,WT,28,-632.9113924050632,2.6442498806956545,0.2891507784534122,102
DHX36KO,gained,WT,29,-582.2784810126582,2.547002705881019,0.2726405195444803,102
DHX36KO,gained,WT,30,-531.6455696202531,2.469945886400011,0.25310143594600715,102
DHX36KO,gained,WT,31,-481.0126582278481,2.462731181079266,0.24055204547685344,102
DHX36KO,gained,WT,32,-430.37974683544303,2.523755072651346,0.24107607149929033,102
DHX36KO,gained,WT,33,-379.746835443038,2.6374696994061564,0.25138216557767257,102
DHX36KO,gained,WT,34,-329.11392405063293,2.5869957723259147,0.25268772449367993,102
DHX36KO,gained,WT,35,-278.4810126582279,2.4373111970673977,0.23860723224342414,102
DHX36KO,gained,WT,36,-227.84810126582283,2.3494008389407512,0.23415075395929247,102
DHX36KO,gained,WT,37,-177.21518987341778,2.305857008617688,0.2531042163416183,102
DHX36KO,gained,WT,38,-126.58227848101274,2.388556798408234,0.2745976718892859,102
DHX36KO,gained,WT,39,-75.94936708860769,2.5362175788676815,0.29729708608376454,102
DHX36KO,gained,WT,40,-25.316455696202638,2.6726481268998064,0.3177502890476499,102
DHX36KO,gained,WT,41,25.31645569620241,2.7297967578383053,0.33318461367301866,102
DHX36KO,gained,WT,42,75.94936708860769,2.629921985895805,0.295048225415315,102
DHX36KO,gained,WT,43,126.58227848101251,2.590962057939542,0.260285406238531,102
DHX36KO,gained,WT,44,177.21518987341778,2.7191080511707106,0.26268931189457895,102
DHX36KO,gained,WT,45,227.8481012658226,2.759405376825457,0.26068311145275114,102
DHX36KO,gained,WT,46,278.4810126582279,2.775580858553157,0.2899679499960689,102
DHX36KO,gained,WT,47,329.1139240506327,2.8189248104500613,0.32592616312791506,102
DHX36KO,gained,WT,48,379.746835443038,2.836727245633119,0.3823294912589367,102
DHX36KO,gained,WT,49,430.37974683544326,2.870813181314593,0.4065974711168362,102
DHX36KO,gained,WT,50,481.0126582278481,2.6879063049095127,0.36792916240358264,102
DHX36KO,gained,WT,51,531.6455696202534,2.6795345504455317,0.3559891528659371,102
DHX36KO,gained,WT,52,582.2784810126582,2.7098255710274564,0.346175875741877,102
DHX36KO,gained,WT,53,632.9113924050635,2.81292934799506,0.3480823493476192,102
DHX36KO,gained,WT,54,683.5443037974683,2.95055643782117,0.3314249090909674,102
DHX36KO,gained,WT,55,734.1772151898736,3.004282427301594,0.3395430896852731,102
DHX36KO,gained,WT,56,784.8101265822784,3.108170173892788,0.32919468854150297,102
DHX36KO,gained,WT,57,835.4430379746836,3.1648911574541354,0.36864163343071976,102
DHX36KO,gained,WT,58,886.0759493670885,3.064678177132326,0.4539462272759012,102
DHX36KO,gained,WT,59,936.7088607594937,2.9077980162583144,0.4254489554286892,102
DHX36KO,gained,WT,60,987.3417721518986,2.9172391058572757,0.4405874087742536,102
DHX36KO,gained,WT,61,1037.9746835443038,3.0362095496779173,0.4801648078990073,102
DHX36KO,gained,WT,62,1088.6075949367087,2.9971403921507545,0.45068615442934623,102
DHX36KO,gained,WT,63,1139.240506329114,2.973523644193325,0.41008503847697875,102
DHX36KO,gained,WT,64,1189.8734177215188,2.906667199477651,0.3664791407449403,102
DHX36KO,gained,WT,65,1240.506329113924,2.692564076855292,0.3456641137282522,102
DHX36KO,gained,WT,66,1291.1392405063293,2.573896383421094,0.3168697634803692,102
DHX36KO,gained,WT,67,1341.7721518987341,2.6523790834230536,0.32919124358187907,102
DHX36KO,gained,WT,68,1392.4050632911394,2.532673312706106,0.316347516581476,102
DHX36KO,gained,WT,69,1443.0379746835442,2.3485859728326983,0.2599655721944763,102
DHX36KO,gained,WT,70,1493.6708860759495,2.4052929937294105,0.27891056571268236,102
DHX36KO,gained,WT,71,1544.3037974683543,2.413119349604339,0.28829049397201284,102
DHX36KO,gained,WT,72,1594.9367088607596,2.4832547968197494,0.2842677921580948,102
DHX36KO,gained,WT,73,1645.5696202531644,2.5236060511053,0.3075442027604988,102
DHX36KO,gained,WT,74,1696.2025316455697,2.4785224498253244,0.32145596876609844,102
DHX36KO,gained,WT,75,1746.8354430379745,2.445791559616725,0.32499576173782785,102
DHX36KO,gained,WT,76,1797.4683544303798,2.398783975878572,0.3038840425884456,102
DHX36KO,gained,WT,77,1848.1012658227846,2.3256129904198493,0.2748246362818628,102
DHX36KO,gained,WT,78,1898.73417721519,2.3233067787628547,0.28577144119707226,102
DHX36KO,gained,WT,79,1949.3670886075947,2.4231203333225126,0.306039630364205,102
DHX36KO,gained,WT,80,2000,2.3022577903551213,0.2889086150642058,102
DHX36KO,stable,WT,1,-2000,3.7990774584829126,0.16126833311849295,2951
DHX36KO,stable,WT,2,-1949.367088607595,3.848601244966095,0.1568077995761145,2951
DHX36KO,stable,WT,3,-1898.73417721519,3.8564580857655457,0.14843708053172905,2951
DHX36KO,stable,WT,4,-1848.1012658227849,3.8738211839591985,0.14283841834243466,2951
DHX36KO,stable,WT,5,-1797.4683544303798,3.8936122531410424,0.1425246727053385,2951
DHX36KO,stable,WT,6,-1746.8354430379748,3.9193202366223514,0.1427003025042106,2951
DHX36KO,stable,WT,7,-1696.2025316455697,3.9235093601426203,0.14383581146128774,2951
DHX36KO,stable,WT,8,-1645.5696202531644,3.9158351309025043,0.14427426524012393,2951
DHX36KO,stable,WT,9,-1594.9367088607596,3.9272726076020636,0.14589983782688123,2951
DHX36KO,stable,WT,10,-1544.3037974683543,3.9341506950224803,0.14772548108231115,2951
DHX36KO,stable,WT,11,-1493.6708860759495,3.9136167997246365,0.1513882020960674,2951
DHX36KO,stable,WT,12,-1443.0379746835442,3.919854638391762,0.15332390690273412,2951
DHX36KO,stable,WT,13,-1392.4050632911392,3.945826749985035,0.15340428595480957,2951
DHX36KO,stable,WT,14,-1341.7721518987341,3.9663874226850964,0.1517400450315878,2951
DHX36KO,stable,WT,15,-1291.139240506329,4.011024959719707,0.1519151661178583,2951
DHX36KO,stable,WT,16,-1240.506329113924,4.047152148591695,0.15156749446104426,2951
DHX36KO,stable,WT,17,-1189.873417721519,4.037268478071085,0.1501371403594377,2951
DHX36KO,stable,WT,18,-1139.240506329114,3.9748367779238487,0.14920770329836075,2951
DHX36KO,stable,WT,19,-1088.607594936709,3.920948674813995,0.14798702251721965,2951
DHX36KO,stable,WT,20,-1037.9746835443038,3.8585302699693487,0.14629665954736604,2951
DHX36KO,stable,WT,21,-987.3417721518988,3.8325077142150445,0.14607605265800752,2951
DHX36KO,stable,WT,22,-936.7088607594937,3.807719662892378,0.14224574858489714,2951
DHX36KO,stable,WT,23,-886.0759493670887,3.7900064530895614,0.13617873658806867,2951
DHX36KO,stable,WT,24,-835.4430379746836,3.79732423176836,0.13644798831934826,2951
DHX36KO,stable,WT,25,-784.8101265822784,3.8390705235599865,0.13547306963553135,2951
DHX36KO,stable,WT,26,-734.1772151898733,3.8818404068349515,0.13856288667519276,2951
DHX36KO,stable,WT,27,-683.5443037974683,4.0034445871205895,0.15110880076909883,2951
DHX36KO,stable,WT,28,-632.9113924050632,4.109464412001881,0.15970851327252528,2951
DHX36KO,stable,WT,29,-582.2784810126582,4.194736041120523,0.16171470796899592,2951
DHX36KO,stable,WT,30,-531.6455696202531,4.227150076721316,0.16085538110078829,2951
DHX36KO,stable,WT,31,-481.0126582278481,4.264933388090182,0.16357980989620205,2951
DHX36KO,stable,WT,32,-430.37974683544303,4.308280817811723,0.17289959121147067,2951
DHX36KO,stable,WT,33,-379.746835443038,4.3511792721536136,0.18248959955729932,2951
DHX36KO,stable,WT,34,-329.11392405063293,4.412211840754645,0.1931961416403083,2951
DHX36KO,stable,WT,35,-278.4810126582279,4.530460148048606,0.2121792686041744,2951
DHX36KO,stable,WT,36,-227.84810126582283,4.619159001868067,0.22707555282134198,2951
DHX36KO,stable,WT,37,-177.21518987341778,4.695976653793875,0.23588080348825782,2951
DHX36KO,stable,WT,38,-126.58227848101274,4.7408966593528,0.23869845498213318,2951
DHX36KO,stable,WT,39,-75.94936708860769,4.6992034396346405,0.22535711092149918,2951
DHX36KO,stable,WT,40,-25.316455696202638,4.576100682370423,0.19910035553881447,2951
DHX36KO,stable,WT,41,25.31645569620241,4.509812936617212,0.1782532846265499,2951
DHX36KO,stable,WT,42,75.94936708860769,4.448948150776099,0.16174649256467824,2951
DHX36KO,stable,WT,43,126.58227848101251,4.380253877781158,0.15154918815536858,2951
DHX36KO,stable,WT,44,177.21518987341778,4.361747702034695,0.14952896211448788,2951
DHX36KO,stable,WT,45,227.8481012658226,4.379106346197106,0.15758263298694966,2951
DHX36KO,stable,WT,46,278.4810126582279,4.379376999853049,0.1661027130567265,2951
DHX36KO,stable,WT,47,329.1139240506327,4.427015655528458,0.18009773793340458,2951
DHX36KO,stable,WT,48,379.746835443038,4.472879242350877,0.18690425583078502,2951
DHX36KO,stable,WT,49,430.37974683544326,4.454305303722643,0.18091537634035018,2951
DHX36KO,stable,WT,50,481.0126582278481,4.389616342422505,0.17674228887148782,2951
DHX36KO,stable,WT,51,531.6455696202534,4.3641186324297525,0.18485502730652661,2951
DHX36KO,stable,WT,52,582.2784810126582,4.374223394919341,0.1953154088960054,2951
DHX36KO,stable,WT,53,632.9113924050635,4.370858224119613,0.20198245577993623,2951
DHX36KO,stable,WT,54,683.5443037974683,4.3705773319826955,0.19946442838550438,2951
DHX36KO,stable,WT,55,734.1772151898736,4.401272303420083,0.202057348085086,2951
DHX36KO,stable,WT,56,784.8101265822784,4.4423303969461445,0.20848327217116966,2951
DHX36KO,stable,WT,57,835.4430379746836,4.453027338426584,0.21351444429631738,2951
DHX36KO,stable,WT,58,886.0759493670885,4.400014314367638,0.20942486437864588,2951
DHX36KO,stable,WT,59,936.7088607594937,4.331970305646407,0.20042345404409864,2951
DHX36KO,stable,WT,60,987.3417721518986,4.262699956355843,0.19222785198611822,2951
DHX36KO,stable,WT,61,1037.9746835443038,4.1762442516992415,0.17866139923516453,2951
DHX36KO,stable,WT,62,1088.6075949367087,4.1159910208045405,0.17125976392116038,2951
DHX36KO,stable,WT,63,1139.240506329114,4.0461940034688375,0.16389945502366363,2951
DHX36KO,stable,WT,64,1189.8734177215188,4.017277927354515,0.1570060472426634,2951
DHX36KO,stable,WT,65,1240.506329113924,3.9693579433105173,0.15128620642469537,2951
DHX36KO,stable,WT,66,1291.1392405063293,3.8847016905954592,0.14082536229262657,2951
DHX36KO,stable,WT,67,1341.7721518987341,3.8427741361044094,0.13272252155194916,2951
DHX36KO,stable,WT,68,1392.4050632911394,3.868912420198498,0.13525068301602153,2951
DHX36KO,stable,WT,69,1443.0379746835442,3.888179811528614,0.13743023318361788,2951
DHX36KO,stable,WT,70,1493.6708860759495,3.8918283042651334,0.13861448642119903,2951
DHX36KO,stable,WT,71,1544.3037974683543,3.8964566763317494,0.14004713818846531,2951
DHX36KO,stable,WT,72,1594.9367088607596,3.9203128583676583,0.1414544430124832,2951
DHX36KO,stable,WT,73,1645.5696202531644,3.9286199037810308,0.1422606871406627,2951
DHX36KO,stable,WT,74,1696.2025316455697,3.901421390025478,0.14145875358173743,2951
DHX36KO,stable,WT,75,1746.8354430379745,3.909950038916268,0.14191724844867823,2951
DHX36KO,stable,WT,76,1797.4683544303798,3.914305953519783,0.13943862067100418,2951
DHX36KO,stable,WT,77,1848.1012658227846,3.920716549714891,0.13678238134143905,2951
DHX36KO,stable,WT,78,1898.73417721519,3.9205242931216664,0.14060967561675397,2951
DHX36KO,stable,WT,79,1949.3670886075947,3.9763194375359703,0.15882737121478027,2951
DHX36KO,stable,WT,80,2000,4.004056185450942,0.1740062148284839,2951
DHX36KO,lost,WT,1,-2000,3.7007151243672975,0.6890310680750077,116
DHX36KO,lost,WT,2,-1949.367088607595,3.8166888374432753,0.8497763412273487,116
DHX36KO,lost,WT,3,-1898.73417721519,3.9893573327448175,0.9632579464447127,116
DHX36KO,lost,WT,4,-1848.1012658227849,4.10124930549627,0.9421801283808551,116
DHX36KO,lost,WT,5,-1797.4683544303798,4.114584247682286,0.8037786713827397,116
DHX36KO,lost,WT,6,-1746.8354430379748,3.8981788871822687,0.6853286723432618,116
DHX36KO,lost,WT,7,-1696.2025316455697,3.6559132863392776,0.5597706840228525,116
DHX36KO,lost,WT,8,-1645.5696202531644,3.642266610134607,0.5638882202825518,116
DHX36KO,lost,WT,9,-1594.9367088607596,3.660257546901703,0.5619963477466572,116
DHX36KO,lost,WT,10,-1544.3037974683543,3.5179528730833667,0.491767993434248,116
DHX36KO,lost,WT,11,-1493.6708860759495,3.3740779275455695,0.46012752757209735,116
DHX36KO,lost,WT,12,-1443.0379746835442,3.2031519763634124,0.40000575938692495,116
DHX36KO,lost,WT,13,-1392.4050632911392,3.19879548802458,0.3721539992338441,116
DHX36KO,lost,WT,14,-1341.7721518987341,3.1561510492741376,0.35552148122790767,116
DHX36KO,lost,WT,15,-1291.139240506329,3.0259427976608277,0.3332811551452326,116
DHX36KO,lost,WT,16,-1240.506329113924,2.9175346241737232,0.322288679543652,116
DHX36KO,lost,WT,17,-1189.873417721519,2.850589001692575,0.3288243443251062,116
DHX36KO,lost,WT,18,-1139.240506329114,2.8652215528967737,0.3530080934247186,116
DHX36KO,lost,WT,19,-1088.607594936709,2.9107354978103746,0.3918092334981821,116
DHX36KO,lost,WT,20,-1037.9746835443038,2.933549527793095,0.40443643268009183,116
DHX36KO,lost,WT,21,-987.3417721518988,2.8752487222833194,0.3944998132406518,116
DHX36KO,lost,WT,22,-936.7088607594937,3.0224044353523474,0.4332473169327409,116
DHX36KO,lost,WT,23,-886.0759493670887,3.146880871208235,0.5198098984673515,116
DHX36KO,lost,WT,24,-835.4430379746836,3.2523289165620146,0.6020730141414344,116
DHX36KO,lost,WT,25,-784.8101265822784,3.3726342408615966,0.5957225299733241,116
DHX36KO,lost,WT,26,-734.1772151898733,3.2713373670427277,0.51954528392245,116
DHX36KO,lost,WT,27,-683.5443037974683,3.016479704852762,0.3660347146943248,116
DHX36KO,lost,WT,28,-632.9113924050632,2.8605049032109906,0.31431691965877917,116
DHX36KO,lost,WT,29,-582.2784810126582,2.777434800226113,0.3244247290294657,116
DHX36KO,lost,WT,30,-531.6455696202531,2.8750419195630084,0.3627126432733924,116
DHX36KO,lost,WT,31,-481.0126582278481,2.9214190074972723,0.3843323498149659,116
DHX36KO,lost,WT,32,-430.37974683544303,2.8689887449522127,0.3954799480818237,116
DHX36KO,lost,WT,33,-379.746835443038,2.7958730373505887,0.3708961884124295,116
DHX36KO,lost,WT,34,-329.11392405063293,2.734021076786107,0.35736543599403403,116
DHX36KO,lost,WT,35,-278.4810126582279,2.6594495740567132,0.3283693235247193,116
DHX36KO,lost,WT,36,-227.84810126582283,2.5956891360502135,0.29085090758865534,116
DHX36KO,lost,WT,37,-177.21518987341778,2.5474991630480206,0.2635752777856484,116
DHX36KO,lost,WT,38,-126.58227848101274,2.5710722622857696,0.2599242030354817,116
DHX36KO,lost,WT,39,-75.94936708860769,2.681839593799635,0.280735843842082,116
DHX36KO,lost,WT,40,-25.316455696202638,2.7846712121881287,0.2937062697363988,116
DHX36KO,lost,WT,41,25.31645569620241,2.90720720317857,0.3162331173387409,116
DHX36KO,lost,WT,42,75.94936708860769,3.095340702794064,0.3649793895935862,116
DHX36KO,lost,WT,43,126.58227848101251,3.311598946089032,0.44088617777159783,116
DHX36KO,lost,WT,44,177.21518987341778,3.3943199507669473,0.496723631373425,116
DHX36KO,lost,WT,45,227.8481012658226,3.4537863113551306,0.5871882434161062,116
DHX36KO,lost,WT,46,278.4810126582279,3.5162671312175946,0.5958326190994522,116
DHX36KO,lost,WT,47,329.1139240506327,3.452714650761122,0.5572839557408378,116
DHX36KO,lost,WT,48,379.746835443038,3.423855302779154,0.5425591201852739,116
DHX36KO,lost,WT,49,430.37974683544326,3.5197243102597096,0.5593812493338701,116
DHX36KO,lost,WT,50,481.0126582278481,3.454796344274762,0.5373994003994625,116
DHX36KO,lost,WT,51,531.6455696202534,3.465537362496058,0.47733659083085866,116
DHX36KO,lost,WT,52,582.2784810126582,3.477494201468325,0.4592068277439378,116
DHX36KO,lost,WT,53,632.9113924050635,3.219886534666193,0.3867834431906802,116
DHX36KO,lost,WT,54,683.5443037974683,3.0045035100942368,0.3471134568502775,116
DHX36KO,lost,WT,55,734.1772151898736,2.919022506132893,0.3123207281175896,116
DHX36KO,lost,WT,56,784.8101265822784,3.0143919664278798,0.30175904580225643,116
DHX36KO,lost,WT,57,835.4430379746836,3.1206950786744043,0.31586047739036094,116
DHX36KO,lost,WT,58,886.0759493670885,3.143251934017258,0.345601515147331,116
DHX36KO,lost,WT,59,936.7088607594937,2.99962011218071,0.3416376785905317,116
DHX36KO,lost,WT,60,987.3417721518986,2.968578647505278,0.33647030730815414,116
DHX36KO,lost,WT,61,1037.9746835443038,2.9964247757196425,0.3581362394591482,116
DHX36KO,lost,WT,62,1088.6075949367087,2.9603833854541013,0.35653903717072294,116
DHX36KO,lost,WT,63,1139.240506329114,2.9671894930765546,0.36282000211264726,116
DHX36KO,lost,WT,64,1189.8734177215188,2.9079815424036703,0.35111059411088513,116
DHX36KO,lost,WT,65,1240.506329113924,2.9842431463455332,0.37783994111770014,116
DHX36KO,lost,WT,66,1291.1392405063293,3.0795032594053224,0.39273507035703303,116
DHX36KO,lost,WT,67,1341.7721518987341,2.9561860506219424,0.35709523279643307,116
DHX36KO,lost,WT,68,1392.4050632911394,2.8934775957362406,0.3248313584275576,116
DHX36KO,lost,WT,69,1443.0379746835442,2.8292916483372106,0.30593589276000155,116
DHX36KO,lost,WT,70,1493.6708860759495,2.7607016711605006,0.26359269989290474,116
DHX36KO,lost,WT,71,1544.3037974683543,2.665058948562063,0.25104158648803143,116
DHX36KO,lost,WT,72,1594.9367088607596,2.7450151347291882,0.2678420709442506,116
DHX36KO,lost,WT,73,1645.5696202531644,2.9489144156239497,0.3104353385667671,116
DHX36KO,lost,WT,74,1696.2025316455697,3.1755564722932617,0.35170271127109226,116
DHX36KO,lost,WT,75,1746.8354430379745,3.27915335893631,0.37977116455897053,116
DHX36KO,lost,WT,76,1797.4683544303798,3.405451098892881,0.4178928546084669,116
DHX36KO,lost,WT,77,1848.1012658227846,3.3038892306199017,0.4178319035554407,116
DHX36KO,lost,WT,78,1898.73417721519,3.1220716758706106,0.43505834012500494,116
DHX36KO,lost,WT,79,1949.3670886075947,3.0126848107918924,0.44851153284523637,116
DHX36KO,lost,WT,80,2000,3.185942185843128,0.5146229127903297,116
FANCJKO,gained,WT,1,-2000,1.8013873876844135,0.6289413445386147,7
FANCJKO,gained,WT,2,-1949.367088607595,2.0446545016197932,0.9322057068306476,7
FANCJKO,gained,WT,3,-1898.73417721519,2.494389268443698,1.2488424602968324,7
FANCJKO,gained,WT,4,-1848.1012658227849,2.820774087451753,1.4426821356944561,7
FANCJKO,gained,WT,5,-1797.4683544303798,2.3604150120417278,1.1186508947882723,7
FANCJKO,gained,WT,6,-1746.8354430379748,2.1636490188326154,0.9306802129872301,7
FANCJKO,gained,WT,7,-1696.2025316455697,1.9313189776738486,0.9134887670023586,7
FANCJKO,gained,WT,8,-1645.5696202531644,2.1440989427339465,0.9904062631251651,7
FANCJKO,gained,WT,9,-1594.9367088607596,2.3384522484597707,0.8781818604364209,7
FANCJKO,gained,WT,10,-1544.3037974683543,2.4125933987753734,0.7865155359852458,7
FANCJKO,gained,WT,11,-1493.6708860759495,2.2398437753177824,0.7479323714918118,7
FANCJKO,gained,WT,12,-1443.0379746835442,1.7447574269203912,0.6953727958376796,7
FANCJKO,gained,WT,13,-1392.4050632911392,2.1665339679945084,0.8289471486534701,7
FANCJKO,gained,WT,14,-1341.7721518987341,2.319083262171064,0.8632384482925105,7
FANCJKO,gained,WT,15,-1291.139240506329,2.2747302693412417,0.8189958921166305,7
FANCJKO,gained,WT,16,-1240.506329113924,2.420325509707133,0.8026774754912015,7
FANCJKO,gained,WT,17,-1189.873417721519,2.3756085149447124,0.7552565337514737,7
FANCJKO,gained,WT,18,-1139.240506329114,2.547869758038294,0.8893566906783639,7
FANCJKO,gained,WT,19,-1088.607594936709,2.319403328782036,0.8540842315711429,7
FANCJKO,gained,WT,20,-1037.9746835443038,2.007271839664096,0.9065422801650292,7
FANCJKO,gained,WT,21,-987.3417721518988,1.9906989784467788,0.9978190283362087,7
FANCJKO,gained,WT,22,-936.7088607594937,2.5786107885269893,1.1742342419817473,7
FANCJKO,gained,WT,23,-886.0759493670887,2.803784971691313,1.2304382840322732,7
FANCJKO,gained,WT,24,-835.4430379746836,3.0761859872227624,1.2069909323733279,7
FANCJKO,gained,WT,25,-784.8101265822784,3.465125174068269,1.7345823340467676,7
FANCJKO,gained,WT,26,-734.1772151898733,3.9649557531447637,2.2015085439637705,7
FANCJKO,gained,WT,27,-683.5443037974683,4.419614890984127,2.3814099816803456,7
FANCJKO,gained,WT,28,-632.9113924050632,4.81329256046386,2.738592862799424,7
FANCJKO,gained,WT,29,-582.2784810126582,5.288602299690247,3.257067924000192,7
FANCJKO,gained,WT,30,-531.6455696202531,5.307590524469103,3.505295061007105,7
FANCJKO,gained,WT,31,-481.0126582278481,4.767449852966127,3.587937957587973,7
FANCJKO,gained,WT,32,-430.37974683544303,4.5693707496779306,3.237440585093069,7
FANCJKO,gained,WT,33,-379.746835443038,5.146681925342197,3.2818088789511526,7
FANCJKO,gained,WT,34,-329.11392405063293,4.747215899967012,2.7781784705798933,7
FANCJKO,gained,WT,35,-278.4810126582279,4.357442440532503,2.3531007238578243,7
FANCJKO,gained,WT,36,-227.84810126582283,4.21586739108676,2.10516448384297,7
FANCJKO,gained,WT,37,-177.21518987341778,3.8783382477079122,1.540233193305967,7
FANCJKO,gained,WT,38,-126.58227848101274,3.5010025923592702,1.1942506888867985,7
FANCJKO,gained,WT,39,-75.94936708860769,3.200032306058066,1.1799219689303324,7
FANCJKO,gained,WT,40,-25.316455696202638,3.319387072495052,1.0354746542601148,7
FANCJKO,gained,WT,41,25.31645569620241,2.9354740814935596,1.181297670197159,7
FANCJKO,gained,WT,42,75.94936708860769,3.2925880660329545,1.548537977116976,7
FANCJKO,gained,WT,43,126.58227848101251,3.3896980913480124,1.6674616831091076,7
FANCJKO,gained,WT,44,177.21518987341778,3.50529358114515,1.6265622121069891,7
FANCJKO,gained,WT,45,227.8481012658226,3.4292312476748514,1.6506810777286751,7
FANCJKO,gained,WT,46,278.4810126582279,3.6642305957703365,2.014238394048837,7
FANCJKO,gained,WT,47,329.1139240506327,3.6339680664879936,2.26953089262762,7
FANCJKO,gained,WT,48,379.746835443038,4.002480250426701,2.6831797840413696,7
FANCJKO,gained,WT,49,430.37974683544326,4.070631546406519,2.796841332961597,7
FANCJKO,gained,WT,50,481.0126582278481,3.6891882018815902,2.465415072396704,7
FANCJKO,gained,WT,51,531.6455696202534,3.366358075936635,2.234136401755488,7
FANCJKO,gained,WT,52,582.2784810126582,3.4761041744550067,2.2633987510627085,7
FANCJKO,gained,WT,53,632.9113924050635,4.084195046651931,2.348871371080599,7
FANCJKO,gained,WT,54,683.5443037974683,4.201124810831887,2.3143022672515214,7
FANCJKO,gained,WT,55,734.1772151898736,4.0975261641684035,2.206533349376996,7
FANCJKO,gained,WT,56,784.8101265822784,4.04083201998756,2.0434168729653432,7
FANCJKO,gained,WT,57,835.4430379746836,3.5106481784865973,1.7070362066921336,7
FANCJKO,gained,WT,58,886.0759493670885,2.7847592947596596,1.4120103079380595,7
FANCJKO,gained,WT,59,936.7088607594937,2.204883672396342,1.02672991244207,7
FANCJKO,gained,WT,60,987.3417721518986,2.0369238836424692,0.8492439548718851,7
FANCJKO,gained,WT,61,1037.9746835443038,1.9147674548058282,0.7315884613463258,7
FANCJKO,gained,WT,62,1088.6075949367087,1.787173682394482,0.7187691524505501,7
FANCJKO,gained,WT,63,1139.240506329114,1.7516540495554604,0.7636996758375046,7
FANCJKO,gained,WT,64,1189.8734177215188,1.684587956950778,0.6563993911131769,7
FANCJKO,gained,WT,65,1240.506329113924,1.5628778287342615,0.579739558357118,7
FANCJKO,gained,WT,66,1291.1392405063293,2.1058067342213223,0.7547796798755899,7
FANCJKO,gained,WT,67,1341.7721518987341,2.3483240503356573,0.9597228182845575,7
FANCJKO,gained,WT,68,1392.4050632911394,2.1896689637502034,1.001938983095872,7
FANCJKO,gained,WT,69,1443.0379746835442,2.068463270323617,1.0062318405749258,7
FANCJKO,gained,WT,70,1493.6708860759495,1.6216085537274678,0.8962041698019131,7
FANCJKO,gained,WT,71,1544.3037974683543,1.696248053369068,0.9362832772376216,7
FANCJKO,gained,WT,72,1594.9367088607596,1.9918713536716641,1.1854390115365385,7
FANCJKO,gained,WT,73,1645.5696202531644,2.3176534223556517,1.7302207303030337,7
FANCJKO,gained,WT,74,1696.2025316455697,3.179355742817833,2.4917852682885098,7
FANCJKO,gained,WT,75,1746.8354430379745,3.8240923375175115,3.0524723765329007,7
FANCJKO,gained,WT,76,1797.4683544303798,5.360080609889258,4.6081148455274725,7
FANCJKO,gained,WT,77,1848.1012658227846,6.361980322656177,5.742418399274441,7
FANCJKO,gained,WT,78,1898.73417721519,6.361510720707121,5.394880034256812,7
FANCJKO,gained,WT,79,1949.3670886075947,5.989878236906869,4.500949030795976,7
FANCJKO,gained,WT,80,2000,5.091020056974321,3.508603052089997,7
FANCJKO,stable,WT,1,-2000,3.7927866723150774,0.15478269125753275,3159
FANCJKO,stable,WT,2,-1949.367088607595,3.843946666838537,0.15163587908847553,3159
FANCJKO,stable,WT,3,-1898.73417721519,3.8523886558960996,0.14427094568867935,3159
FANCJKO,stable,WT,4,-1848.1012658227849,3.8708829262478766,0.13870760287706085,3159
FANCJKO,stable,WT,5,-1797.4683544303798,3.884680152068199,0.13701588927720118,3159
FANCJKO,stable,WT,6,-1746.8354430379748,3.904109117017462,0.1363664605053765,3159
FANCJKO,stable,WT,7,-1696.2025316455697,3.8958075524516103,0.1367049844981511,3159
FANCJKO,stable,WT,8,-1645.5696202531644,3.877029094272391,0.13706201269232843,3159
FANCJKO,stable,WT,9,-1594.9367088607596,3.881886039663244,0.13856229267250292,3159
FANCJKO,stable,WT,10,-1544.3037974683543,3.880115137179466,0.13989675254038056,3159
FANCJKO,stable,WT,11,-1493.6708860759495,3.8548963247090686,0.14296125130132975,3159
FANCJKO,stable,WT,12,-1443.0379746835442,3.85973170155222,0.14462669262153716,3159
FANCJKO,stable,WT,13,-1392.4050632911392,3.886372191680312,0.14462997791534066,3159
FANCJKO,stable,WT,14,-1341.7721518987341,3.901703056775405,0.142880873181052,3159
FANCJKO,stable,WT,15,-1291.139240506329,3.936756400243635,0.14293476554388218,3159
FANCJKO,stable,WT,16,-1240.506329113924,3.9692142082946242,0.14255780961060582,3159
FANCJKO,stable,WT,17,-1189.873417721519,3.967555216639759,0.1412711812824114,3159
FANCJKO,stable,WT,18,-1139.240506329114,3.908434550851486,0.1404860809165236,3159
FANCJKO,stable,WT,19,-1088.607594936709,3.8553442529664963,0.13943811832015876,3159
FANCJKO,stable,WT,20,-1037.9746835443038,3.7984647991003913,0.13797727883165253,3159
FANCJKO,stable,WT,21,-987.3417721518988,3.7777381087702966,0.13789092143093082,3159
FANCJKO,stable,WT,22,-936.7088607594937,3.7584631284971057,0.13463061734174908,3159
FANCJKO,stable,WT,23,-886.0759493670887,3.7423203599273096,0.12941911464759984,3159
FANCJKO,stable,WT,24,-835.4430379746836,3.7444421170811193,0.1299475912960409,3159
FANCJKO,stable,WT,25,-784.8101265822784,3.782880818081818,0.12886075323516002,3159
FANCJKO,stable,WT,26,-734.1772151898733,3.8194854253611634,0.13119136515899354,3159
FANCJKO,stable,WT,27,-683.5443037974683,3.924449910458173,0.14211863737625505,3159
FANCJKO,stable,WT,28,-632.9113924050632,4.01618497849517,0.14993223990152024,3159
FANCJKO,stable,WT,29,-582.2784810126582,4.08922357779786,0.1517818248299087,3159
FANCJKO,stable,WT,30,-531.6455696202531,4.120053964678315,0.1510471766179634,3159
FANCJKO,stable,WT,31,-481.0126582278481,4.157850053925749,0.15362929650929905,3159
FANCJKO,stable,WT,32,-430.37974683544303,4.198210530021692,0.1623661839132607,3159
FANCJKO,stable,WT,33,-379.746835443038,4.237548776648021,0.17122016410725105,3159
FANCJKO,stable,WT,34,-329.11392405063293,4.291332590650428,0.18119966415543928,3159
FANCJKO,stable,WT,35,-278.4810126582279,4.395501420143927,0.19885113115218297,3159
FANCJKO,stable,WT,36,-227.84810126582283,4.473753374291332,0.21269039289148498,3159
FANCJKO,stable,WT,37,-177.21518987341778,4.54300896045615,0.220913533934983,3159
FANCJKO,stable,WT,38,-126.58227848101274,4.588117891968812,0.22355916146593854,3159
FANCJKO,stable,WT,39,-75.94936708860769,4.557151339504177,0.21114520943290813,3159
FANCJKO,stable,WT,40,-25.316455696202638,4.4493836715420905,0.18670958167553742,3159
FANCJKO,stable,WT,41,25.31645569620241,4.394258317940343,0.16735827091940822,3159
FANCJKO,stable,WT,42,75.94936708860769,4.339399058959951,0.1520378109322868,3159
FANCJKO,stable,WT,43,126.58227848101251,4.280326465452423,0.1427058668620635,3159
FANCJKO,stable,WT,44,177.21518987341778,4.26890495477327,0.14103221598459495,3159
FANCJKO,stable,WT,45,227.8481012658226,4.28818676433521,0.1488981699857717,3159
FANCJKO,stable,WT,46,278.4810126582279,4.291274130726031,0.15685859685731324,3159
FANCJKO,stable,WT,47,329.1139240506327,4.334837553552703,0.1696829796138803,3159
FANCJKO,stable,WT,48,379.746835443038,4.376385065193001,0.1760393371863927,3159
FANCJKO,stable,WT,49,430.37974683544326,4.365138793164974,0.17066501791637456,3159
FANCJKO,stable,WT,50,481.0126582278481,4.2972943602398725,0.1666569788805715,3159
FANCJKO,stable,WT,51,531.6455696202534,4.274524584240182,0.17392475411726216,3159
FANCJKO,stable,WT,52,582.2784810126582,4.286445113053563,0.18357693683766257,3159
FANCJKO,stable,WT,53,632.9113924050635,4.276445772266972,0.1895653196247122,3159
FANCJKO,stable,WT,54,683.5443037974683,4.27235335808232,0.18709469835441672,3159
FANCJKO,stable,WT,55,734.1772151898736,4.30000975020314,0.18945456103835473,3159
FANCJKO,stable,WT,56,784.8101265822784,4.346341937558616,0.1954018451260025,3159
FANCJKO,stable,WT,57,835.4430379746836,4.363495204725937,0.2001881948894244,3159
FANCJKO,stable,WT,58,886.0759493670885,4.313612759425518,0.19663609666565868,3159
FANCJKO,stable,WT,59,936.7088607594937,4.2407718103495755,0.18820577759569673,3159
FANCJKO,stable,WT,60,987.3417721518986,4.175898991119664,0.18060454231850345,3159
FANCJKO,stable,WT,61,1037.9746835443038,4.100245137233026,0.1681475140637569,3159
FANCJKO,stable,WT,62,1088.6075949367087,4.041077916769334,0.16118588270018536,3159
FANCJKO,stable,WT,63,1139.240506329114,3.974450524449537,0.1542444413585186,3159
FANCJKO,stable,WT,64,1189.8734177215188,3.9417504019657748,0.14766744117529965,3159
FANCJKO,stable,WT,65,1240.506329113924,3.8919009126549695,0.14233599024396612,3159
FANCJKO,stable,WT,66,1291.1392405063293,3.8116023870592217,0.13261097999580104,3159
FANCJKO,stable,WT,67,1341.7721518987341,3.7702577652377243,0.1249998232230121,3159
FANCJKO,stable,WT,68,1392.4050632911394,3.79009260922076,0.12727814056346332,3159
FANCJKO,stable,WT,69,1443.0379746835442,3.800442689596707,0.12915883372953899,3159
FANCJKO,stable,WT,70,1493.6708860759495,3.80412289215616,0.13015913742047244,3159
FANCJKO,stable,WT,71,1544.3037974683543,3.8054175915450905,0.1314995370863421,3159
FANCJKO,stable,WT,72,1594.9367088607596,3.8334698249637875,0.13286374241128698,3159
FANCJKO,stable,WT,73,1645.5696202531644,3.848873467741227,0.1337450499769525,3159
FANCJKO,stable,WT,74,1696.2025316455697,3.8287198067770563,0.1331175599348613,3159
FANCJKO,stable,WT,75,1746.8354430379745,3.8396036971582697,0.1336361867014472,3159
FANCJKO,stable,WT,76,1797.4683544303798,3.8440295110310356,0.13125543974245693,3159
FANCJKO,stable,WT,77,1848.1012658227846,3.839791464858434,0.1285252093939668,3159
FANCJKO,stable,WT,78,1898.73417721519,3.8324554930428127,0.1322360016932153,3159
FANCJKO,stable,WT,79,1949.3670886075947,3.884354040728373,0.14936998387130165,3159
FANCJKO,stable,WT,80,2000,3.9132963842745383,0.16376228053131117,3159
dKO,gained,WT,1,-2000,2.9095724492392434,0.28884130851595663,214
dKO,gained,WT,2,-1949.367088607595,2.8022808202701937,0.2539574739511532,214
dKO,gained,WT,3,-1898.73417721519,2.7485082802222895,0.23984215376068888,214
dKO,gained,WT,4,-1848.1012658227849,2.828059548436667,0.2445958470907198,214
dKO,gained,WT,5,-1797.4683544303798,2.8350591664299416,0.24250323543571833,214
dKO,gained,WT,6,-1746.8354430379748,2.864218406331873,0.23776367164526802,214
dKO,gained,WT,7,-1696.2025316455697,2.8892249935512604,0.23388616178010097,214
dKO,gained,WT,8,-1645.5696202531644,2.8528591969897072,0.2362147444729264,214
dKO,gained,WT,9,-1594.9367088607596,2.83024949289928,0.24398959534540837,214
dKO,gained,WT,10,-1544.3037974683543,2.7776606744397836,0.24787720011299819,214
dKO,gained,WT,11,-1493.6708860759495,2.6841192759345995,0.23138942106222057,214
dKO,gained,WT,12,-1443.0379746835442,2.6533599601059317,0.22044846432701373,214
dKO,gained,WT,13,-1392.4050632911392,2.6269859480077975,0.218207454068794,214
dKO,gained,WT,14,-1341.7721518987341,2.607720813049334,0.22491170689165474,214
dKO,gained,WT,15,-1291.139240506329,2.6383914671880064,0.22030129523985045,214
dKO,gained,WT,16,-1240.506329113924,2.6637491691372475,0.20885879559733572,214
dKO,gained,WT,17,-1189.873417721519,2.8107922536190424,0.2232923317530799,214
dKO,gained,WT,18,-1139.240506329114,2.7836078630169605,0.22345387871420141,214
dKO,gained,WT,19,-1088.607594936709,2.659147021852178,0.2088091822513452,214
dKO,gained,WT,20,-1037.9746835443038,2.6200212927473667,0.2140272610958005,214
dKO,gained,WT,21,-987.3417721518988,2.726027130920939,0.24012920249635208,214
dKO,gained,WT,22,-936.7088607594937,2.8088338060245337,0.2748065098332016,214
dKO,gained,WT,23,-886.0759493670887,2.8405994200075155,0.2930971011550239,214
dKO,gained,WT,24,-835.4430379746836,2.94862423855939,0.31052588400614917,214
dKO,gained,WT,25,-784.8101265822784,2.9481900548563567,0.2967548475927317,214
dKO,gained,WT,26,-734.1772151898733,2.7567918881151905,0.23927715219469936,214
dKO,gained,WT,27,-683.5443037974683,2.656990979475396,0.1980397845849373,214
dKO,gained,WT,28,-632.9113924050632,2.652731536496837,0.20888560119165017,214
dKO,gained,WT,29,-582.2784810126582,2.571056780573735,0.21106348180597687,214
dKO,gained,WT,30,-531.6455696202531,2.5048343168166567,0.21208882841710927,214
dKO,gained,WT,31,-481.0126582278481,2.5234942776243265,0.20943284684473817,214
dKO,gained,WT,32,-430.37974683544303,2.605069216534356,0.21200050288208333,214
dKO,gained,WT,33,-379.746835443038,2.6599968635144635,0.20538702458378347,214
dKO,gained,WT,34,-329.11392405063293,2.705824024907525,0.20259823871029783,214
dKO,gained,WT,35,-278.4810126582279,2.6652775263674906,0.192036918933396,214
dKO,gained,WT,36,-227.84810126582283,2.624730252424876,0.1922931232748318,214
dKO,gained,WT,37,-177.21518987341778,2.5928029156288255,0.19787388484587645,214
dKO,gained,WT,38,-126.58227848101274,2.661757716003608,0.21588186706537452,214
dKO,gained,WT,39,-75.94936708860769,2.7667445049293318,0.2408285794826095,214
dKO,gained,WT,40,-25.316455696202638,2.738563570664308,0.250231502161203,214
dKO,gained,WT,41,25.31645569620241,2.8256258449153364,0.27517216681208684,214
dKO,gained,WT,42,75.94936708860769,2.824511877209227,0.26306307956046066,214
dKO,gained,WT,43,126.58227848101251,2.855474912648632,0.2371521670058219,214
dKO,gained,WT,44,177.21518987341778,2.8779492428406748,0.22223511531971876,214
dKO,gained,WT,45,227.8481012658226,2.823669487393905,0.20258283154993528,214
dKO,gained,WT,46,278.4810126582279,2.790709681975136,0.1978247325848034,214
dKO,gained,WT,47,329.1139240506327,2.7793531995101883,0.21650497699132054,214
dKO,gained,WT,48,379.746835443038,2.8360099331723565,0.24034781521206458,214
dKO,gained,WT,49,430.37974683544326,2.8608040794442378,0.25197800510802915,214
dKO,gained,WT,50,481.0126582278481,2.7520427464361874,0.2394176821944169,214
dKO,gained,WT,51,531.6455696202534,2.8150048581981957,0.24380741311119095,214
dKO,gained,WT,52,582.2784810126582,2.8379382703237446,0.2479478345471708,214
dKO,gained,WT,53,632.9113924050635,2.8037631354599357,0.23284453359171456,214
dKO,gained,WT,54,683.5443037974683,2.773688783872165,0.21733046010601825,214
dKO,gained,WT,55,734.1772151898736,2.745179829467494,0.216556882376926,214
dKO,gained,WT,56,784.8101265822784,2.623088663760747,0.18873048109679594,214
dKO,gained,WT,57,835.4430379746836,2.620585181586839,0.1819505095182306,214
dKO,gained,WT,58,886.0759493670885,2.6809201274074126,0.19658745835469232,214
dKO,gained,WT,59,936.7088607594937,2.744759266142533,0.1970999337292567,214
dKO,gained,WT,60,987.3417721518986,2.7719508392565717,0.19230956118621564,214
dKO,gained,WT,61,1037.9746835443038,2.758636127457812,0.18899097158548486,214
dKO,gained,WT,62,1088.6075949367087,2.7230892591015943,0.18925611780820445,214
dKO,gained,WT,63,1139.240506329114,2.7468618588209894,0.19590176450582733,214
dKO,gained,WT,64,1189.8734177215188,2.8647452213496805,0.20990911231080478,214
dKO,gained,WT,65,1240.506329113924,2.946659813484299,0.22649238663225907,214
dKO,gained,WT,66,1291.1392405063293,2.941019180259229,0.23219270065778236,214
dKO,gained,WT,67,1341.7721518987341,3.0050470689004083,0.2351263856028637,214
dKO,gained,WT,68,1392.4050632911394,3.011888320241762,0.2342470268340328,214
dKO,gained,WT,69,1443.0379746835442,2.897890628100927,0.2119168545345617,214
dKO,gained,WT,70,1493.6708860759495,2.8943831778575326,0.2128671168169609,214
dKO,gained,WT,71,1544.3037974683543,2.725081554291033,0.20089223196696063,214
dKO,gained,WT,72,1594.9367088607596,2.7102807033470486,0.20768111526422137,214
dKO,gained,WT,73,1645.5696202531644,2.637905440679592,0.21393860555684507,214
dKO,gained,WT,74,1696.2025316455697,2.5133818192422575,0.19515048015408484,214
dKO,gained,WT,75,1746.8354430379745,2.515822730599163,0.18801634280978186,214
dKO,gained,WT,76,1797.4683544303798,2.5203746892952843,0.1744889469984031,214
dKO,gained,WT,77,1848.1012658227846,2.418088715458956,0.15726163686695863,214
dKO,gained,WT,78,1898.73417721519,2.445508003123453,0.16471373116399773,214
dKO,gained,WT,79,1949.3670886075947,2.4185706740562045,0.17014477832612065,214
dKO,gained,WT,80,2000,2.3303951317424714,0.1749493007051724,214
dKO,stable,WT,1,-2000,3.8979222470021315,0.16827230124016515,2671
dKO,stable,WT,2,-1949.367088607595,3.962043399046709,0.16554720805477105,2671
dKO,stable,WT,3,-1898.73417721519,3.975993801220725,0.1588959916603816,2671
dKO,stable,WT,4,-1848.1012658227849,3.987357193204655,0.15377802246495653,2671
dKO,stable,WT,5,-1797.4683544303798,4.004933427157926,0.15342122728954924,2671
dKO,stable,WT,6,-1746.8354430379748,4.034423892932127,0.15400212629116877,2671
dKO,stable,WT,7,-1696.2025316455697,4.024661374703249,0.15536782052970524,2671
dKO,stable,WT,8,-1645.5696202531644,4.006502416945569,0.1561314395302784,2671
dKO,stable,WT,9,-1594.9367088607596,3.9987495943754037,0.15774966770880935,2671
dKO,stable,WT,10,-1544.3037974683543,4.000695446135325,0.1596998044123973,2671
dKO,stable,WT,11,-1493.6708860759495,3.9931201876969755,0.16389266159609658,2671
dKO,stable,WT,12,-1443.0379746835442,3.9981063776969554,0.16580003296853454,2671
dKO,stable,WT,13,-1392.4050632911392,4.028847605660213,0.16596282243207341,2671
dKO,stable,WT,14,-1341.7721518987341,4.055900613418995,0.16404794005563034,2671
dKO,stable,WT,15,-1291.139240506329,4.103923608839296,0.1650423915759466,2671
dKO,stable,WT,16,-1240.506329113924,4.141365795322353,0.16467311385562663,2671
dKO,stable,WT,17,-1189.873417721519,4.114448080349397,0.16250845244919876,2671
dKO,stable,WT,18,-1139.240506329114,4.018336557549037,0.15978221432072853,2671
dKO,stable,WT,19,-1088.607594936709,3.9459875850604296,0.15610767637041045,2671
dKO,stable,WT,20,-1037.9746835443038,3.8736738091861205,0.15200254679762287,2671
dKO,stable,WT,21,-987.3417721518988,3.8452530735086206,0.15132357724277282,2671
dKO,stable,WT,22,-936.7088607594937,3.8246964734347144,0.1483959467052598,2671
dKO,stable,WT,23,-886.0759493670887,3.8061095226535513,0.14287055585474992,2671
dKO,stable,WT,24,-835.4430379746836,3.796326198021779,0.14349827149233715,2671
dKO,stable,WT,25,-784.8101265822784,3.8402671112866047,0.14374665599185454,2671
dKO,stable,WT,26,-734.1772151898733,3.9020299831303142,0.14811013172194676,2671
dKO,stable,WT,27,-683.5443037974683,4.049003233947097,0.16281284957221742,2671
dKO,stable,WT,28,-632.9113924050632,4.160140230381636,0.1722515151322363,2671
dKO,stable,WT,29,-582.2784810126582,4.24091138652956,0.1740598431908553,2671
dKO,stable,WT,30,-531.6455696202531,4.273584676274762,0.17293950588000728,2671
dKO,stable,WT,31,-481.0126582278481,4.304051600771868,0.1756375218814918,2671
dKO,stable,WT,32,-430.37974683544303,4.332471241800731,0.18537404630227383,2671
dKO,stable,WT,33,-379.746835443038,4.361272955123783,0.19530013975449578,2671
dKO,stable,WT,34,-329.11392405063293,4.404117889068672,0.20617746341952078,2671
dKO,stable,WT,35,-278.4810126582279,4.520701927467781,0.22641164137754544,2671
dKO,stable,WT,36,-227.84810126582283,4.601358679204372,0.24163546095439806,2671
dKO,stable,WT,37,-177.21518987341778,4.6760172949437715,0.2504728938905912,2671
dKO,stable,WT,38,-126.58227848101274,4.723958156883352,0.25348249838207493,2671
dKO,stable,WT,39,-75.94936708860769,4.682460312133988,0.2380244182492148,2671
dKO,stable,WT,40,-25.316455696202638,4.565691850447824,0.2092311432743804,2671
dKO,stable,WT,41,25.31645569620241,4.485352789037582,0.1860395110945455,2671
dKO,stable,WT,42,75.94936708860769,4.428029005660199,0.1684717458765331,2671
dKO,stable,WT,43,126.58227848101251,4.387828263325086,0.15878672783029651,2671
dKO,stable,WT,44,177.21518987341778,4.379789388723979,0.15673640312239592,2671
dKO,stable,WT,45,227.8481012658226,4.405525633885324,0.16592518237812903,2671
dKO,stable,WT,46,278.4810126582279,4.412708452259365,0.17506764225247345,2671
dKO,stable,WT,47,329.1139240506327,4.465877610599892,0.19026538905733986,2671
dKO,stable,WT,48,379.746835443038,4.507135411972977,0.19696415062257142,2671
dKO,stable,WT,49,430.37974683544326,4.476883482041318,0.1892650862421109,2671
dKO,stable,WT,50,481.0126582278481,4.4026975588055866,0.1812222175922834,2671
dKO,stable,WT,51,531.6455696202534,4.370360534181908,0.18882210669470878,2671
dKO,stable,WT,52,582.2784810126582,4.395010406192019,0.20386211910688787,2671
dKO,stable,WT,53,632.9113924050635,4.429189335776524,0.21553884301878054,2671
dKO,stable,WT,54,683.5443037974683,4.449281756924018,0.21470672464107138,2671
dKO,stable,WT,55,734.1772151898736,4.495774447636466,0.21849226432663424,2671
dKO,stable,WT,56,784.8101265822784,4.559367472160834,0.2259453398755522,2671
dKO,stable,WT,57,835.4430379746836,4.5687256187799345,0.2316287231020723,2671
dKO,stable,WT,58,886.0759493670885,4.495540812158352,0.2272501395403802,2671
dKO,stable,WT,59,936.7088607594937,4.395226601410281,0.21667873818108535,2671
dKO,stable,WT,60,987.3417721518986,4.307265506694041,0.20652853907160273,2671
dKO,stable,WT,61,1037.9746835443038,4.213139961708147,0.18951402675465193,2671
dKO,stable,WT,62,1088.6075949367087,4.148365828339919,0.18028785329069902,2671
dKO,stable,WT,63,1139.240506329114,4.078448881225819,0.17227554454725738,2671
dKO,stable,WT,64,1189.8734177215188,4.060647537809149,0.1665270847978972,2671
dKO,stable,WT,65,1240.506329113924,4.020653932677455,0.16258422743390874,2671
dKO,stable,WT,66,1291.1392405063293,3.9389298087009608,0.15188015144482625,2671
dKO,stable,WT,67,1341.7721518987341,3.8938600373116383,0.1430627173824506,2671
dKO,stable,WT,68,1392.4050632911394,3.9108703942708303,0.14582587196495234,2671
dKO,stable,WT,69,1443.0379746835442,3.919980364079989,0.14756122438335387,2671
dKO,stable,WT,70,1493.6708860759495,3.895875119501533,0.14686817123560006,2671
dKO,stable,WT,71,1544.3037974683543,3.9006363017806307,0.14754460299501623,2671
dKO,stable,WT,72,1594.9367088607596,3.9326794533290386,0.14884153042811205,2671
dKO,stable,WT,73,1645.5696202531644,3.9539365433798617,0.1496181276141643,2671
dKO,stable,WT,74,1696.2025316455697,3.9270814044603797,0.14765901216922014,2671
dKO,stable,WT,75,1746.8354430379745,3.934960951457886,0.14839592593294387,2671
dKO,stable,WT,76,1797.4683544303798,3.948493864242316,0.14818064761878907,2671
dKO,stable,WT,77,1848.1012658227846,3.9684709413236376,0.1463076367533641,2671
dKO,stable,WT,78,1898.73417721519,3.983800844821861,0.1519983916092366,2671
dKO,stable,WT,79,1949.3670886075947,4.050537488750047,0.17243293244898952,2671
dKO,stable,WT,80,2000,4.074283312559872,0.1883831526723325,2671
dKO,lost,WT,1,-2000,3.4625045517045008,0.6428081672635096,284
dKO,lost,WT,2,-1949.367088607595,3.506114061267723,0.6194683652347199,284
dKO,lost,WT,3,-1898.73417721519,3.519796163904275,0.5551280852856487,284
dKO,lost,WT,4,-1848.1012658227849,3.5710110420828136,0.5040481309698394,284
dKO,lost,WT,5,-1797.4683544303798,3.5543848254898904,0.45449344208085646,284
dKO,lost,WT,6,-1746.8354430379748,3.4629113311470956,0.4124180281111579,284
dKO,lost,WT,7,-1696.2025316455697,3.4295971126679525,0.38092807799573136,284
dKO,lost,WT,8,-1645.5696202531644,3.4082733040012663,0.36744031092874374,284
dKO,lost,WT,9,-1594.9367088607596,3.548171694757233,0.37257708015032376,284
dKO,lost,WT,10,-1544.3037974683543,3.554722521344261,0.35773358671115085,284
dKO,lost,WT,11,-1493.6708860759495,3.417605808869774,0.34477739320646494,284
dKO,lost,WT,12,-1443.0379746835442,3.4286830356423286,0.3538576081668317,284
dKO,lost,WT,13,-1392.4050632911392,3.4616372626488197,0.347363670540383,284
dKO,lost,WT,14,-1341.7721518987341,3.397418830744537,0.33458367345432083,284
dKO,lost,WT,15,-1291.139240506329,3.3153632336631067,0.2920852687490637,284
dKO,lost,WT,16,-1240.506329113924,3.30708660443344,0.2918427637530968,284
dKO,lost,WT,17,-1189.873417721519,3.417669686792602,0.31750754905127554,284
dKO,lost,WT,18,-1139.240506329114,3.676464929681429,0.39085265476335607,284
dKO,lost,WT,19,-1088.607594936709,3.853397449036719,0.4720561206339482,284
dKO,lost,WT,20,-1037.9746835443038,3.9185837892019695,0.5327401660996576,284
dKO,lost,WT,21,-987.3417721518988,3.870058109847033,0.5416605123877861,284
dKO,lost,WT,22,-936.7088607594937,3.8125307305374054,0.5014004440632888,284
dKO,lost,WT,23,-886.0759493670887,3.801448182916977,0.46682340145102347,284
dKO,lost,WT,24,-835.4430379746836,3.8449221288066515,0.46195552049672267,284
dKO,lost,WT,25,-784.8101265822784,3.8603070885838475,0.42111034609702164,284
dKO,lost,WT,26,-734.1772151898733,3.8417744780762093,0.39600014854465376,284
dKO,lost,WT,27,-683.5443037974683,3.7122271247984657,0.36182074477017806,284
dKO,lost,WT,28,-632.9113924050632,3.6941634938778454,0.36197363987202763,284
dKO,lost,WT,29,-582.2784810126582,3.8132475553152148,0.380493725285869,284
dKO,lost,WT,30,-531.6455696202531,3.9048591737959866,0.3892693704254261,284
dKO,lost,WT,31,-481.0126582278481,4.013211311692364,0.408043304583325,284
dKO,lost,WT,32,-430.37974683544303,4.13537642957459,0.44264812599354153,284
dKO,lost,WT,33,-379.746835443038,4.279837400949617,0.47885078110091456,284
dKO,lost,WT,34,-329.11392405063293,4.433140608164626,0.5268077369285166,284
dKO,lost,WT,35,-278.4810126582279,4.5117096854711365,0.577360471054921,284
dKO,lost,WT,36,-227.84810126582283,4.647731456664246,0.6372865170708079,284
dKO,lost,WT,37,-177.21518987341778,4.732508466193374,0.6778579066717332,284
dKO,lost,WT,38,-126.58227848101274,4.735756441382735,0.6832579556593396,284
dKO,lost,WT,39,-75.94936708860769,4.711979290571571,0.6834083902889029,284
dKO,lost,WT,40,-25.316455696202638,4.6432730512831695,0.6333835642410796,284
dKO,lost,WT,41,25.31645569620241,4.715042431318144,0.5986841519127388,284
dKO,lost,WT,42,75.94936708860769,4.663544159100649,0.5558055408617786,284
dKO,lost,WT,43,126.58227848101251,4.378844642043114,0.5089441990212638,284
dKO,lost,WT,44,177.21518987341778,4.325031721701085,0.512504513892961,284
dKO,lost,WT,45,227.8481012658226,4.343018132996671,0.5362444281905193,284
dKO,lost,WT,46,278.4810126582279,4.334442300818895,0.5603319876361488,284
dKO,lost,WT,47,329.1139240506327,4.327562489476002,0.5804631039942288,284
dKO,lost,WT,48,379.746835443038,4.368011363646794,0.6115804381395308,284
dKO,lost,WT,49,430.37974683544326,4.4922466980151725,0.6336055042749712,284
dKO,lost,WT,50,481.0126582278481,4.507529289501374,0.7070615698062686,284
dKO,lost,WT,51,531.6455696202534,4.500651112820061,0.7458434280089183,284
dKO,lost,WT,52,582.2784810126582,4.372299962091334,0.6768913049481924,284
dKO,lost,WT,53,632.9113924050635,3.973444450867008,0.5514233378437754,284
dKO,lost,WT,54,683.5443037974683,3.76567569724271,0.47244513453533915,284
dKO,lost,WT,55,734.1772151898736,3.6532251850204287,0.43202866786290167,284
dKO,lost,WT,56,784.8101265822784,3.650029348747831,0.42491493345287845,284
dKO,lost,WT,57,835.4430379746836,3.738844529093711,0.4311951189143398,284
dKO,lost,WT,58,886.0759493670885,3.804050083000895,0.43315175560311614,284
dKO,lost,WT,59,936.7088607594937,3.877348476452447,0.4506785011370024,284
dKO,lost,WT,60,987.3417721518986,3.95506139131499,0.4885724099416244,284
dKO,lost,WT,61,1037.9746835443038,4.00609318949527,0.5470559063735846,284
dKO,lost,WT,62,1088.6075949367087,3.9872396695865713,0.5637471934745123,284
dKO,lost,WT,63,1139.240506329114,3.895938371828464,0.5443894978603641,284
dKO,lost,WT,64,1189.8734177215188,3.62587333109737,0.47041015584342366,284
dKO,lost,WT,65,1240.506329113924,3.3966097790758374,0.3780144751549295,284
dKO,lost,WT,66,1291.1392405063293,3.286108713138831,0.3294107203015987,284
dKO,lost,WT,67,1341.7721518987341,3.203896097258223,0.3084671266556563,284
dKO,lost,WT,68,1392.4050632911394,3.2417524907678508,0.3064678760089768,284
dKO,lost,WT,69,1443.0379746835442,3.3498453429075474,0.336674340898177,284
dKO,lost,WT,70,1493.6708860759495,3.6094583128567592,0.4058369333335312,284
dKO,lost,WT,71,1544.3037974683543,3.704090312934817,0.43837282680033046,284
dKO,lost,WT,72,1594.9367088607596,3.7196130267219365,0.4471281925121574,284
dKO,lost,WT,73,1645.5696202531644,3.758320259894004,0.45525089030435173,284
dKO,lost,WT,74,1696.2025316455697,3.8984866971896848,0.49310217661335476,284
dKO,lost,WT,75,1746.8354430379745,3.9417194643210918,0.4929839087014813,284
dKO,lost,WT,76,1797.4683544303798,3.89097840474525,0.42339996055260914,284
dKO,lost,WT,77,1848.1012658227846,3.779018819013112,0.38647324051927107,284
dKO,lost,WT,78,1898.73417721519,3.537091639609964,0.340119952724351,284
dKO,lost,WT,79,1949.3670886075947,3.500664139154931,0.34642396470162684,284
dKO,lost,WT,80,2000,3.659345441547358,0.4056093180671516,284
DHX36KO,gained,DHX36KO,1,-2000,8.66891838392401,1.9242903202261696,102
DHX36KO,gained,DHX36KO,2,-1949.367088607595,8.964398830217473,1.9069390134524227,102
DHX36KO,gained,DHX36KO,3,-1898.73417721519,8.931841100142671,1.6828906649197066,102
DHX36KO,gained,DHX36KO,4,-1848.1012658227849,9.297107300734988,1.5848401355968034,102
DHX36KO,gained,DHX36KO,5,-1797.4683544303798,8.814771386727788,1.307441315976288,102
DHX36KO,gained,DHX36KO,6,-1746.8354430379748,8.56815358694862,1.2632319513647419,102
DHX36KO,gained,DHX36KO,7,-1696.2025316455697,7.926503210262536,1.1460259674461328,102
DHX36KO,gained,DHX36KO,8,-1645.5696202531644,7.348065147236282,1.0582682840013515,102
DHX36KO,gained,DHX36KO,9,-1594.9367088607596,7.189290938603333,1.0771186995594506,102
DHX36KO,gained,DHX36KO,10,-1544.3037974683543,7.1388842269486075,1.045727395540863,102
DHX36KO,gained,DHX36KO,11,-1493.6708860759495,7.013049564330406,0.9814320082824365,102
DHX36KO,gained,DHX36KO,12,-1443.0379746835442,6.684761787715301,0.9207307209816405,102
DHX36KO,gained,DHX36KO,13,-1392.4050632911392,6.706228697299957,0.9542169261959003,102
DHX36KO,gained,DHX36KO,14,-1341.7721518987341,6.635559084602431,0.9463866167544925,102
DHX36KO,gained,DHX36KO,15,-1291.139240506329,6.44371938644671,0.9236080847543319,102
DHX36KO,gained,DHX36KO,16,-1240.506329113924,6.727956163914375,0.9585155866009486,102
DHX36KO,gained,DHX36KO,17,-1189.873417721519,6.899548977449829,0.9605264638864452,102
DHX36KO,gained,DHX36KO,18,-1139.240506329114,7.348907181694616,1.0868017673614394,102
DHX36KO,gained,DHX36KO,19,-1088.607594936709,7.581333309770409,1.146720293678622,102
DHX36KO,gained,DHX36KO,20,-1037.9746835443038,8.148057532076741,1.2303607932963259,102
DHX36KO,gained,DHX36KO,21,-987.3417721518988,8.51956757586766,1.3470438206187136,102
DHX36KO,gained,DHX36KO,22,-936.7088607594937,8.396223073769239,1.3681302283415768,102
DHX36KO,gained,DHX36KO,23,-886.0759493670887,7.92810289385272,1.3071315902886105,102
DHX36KO,gained,DHX36KO,24,-835.4430379746836,7.577454058453927,1.156370041646848,102
DHX36KO,gained,DHX36KO,25,-784.8101265822784,7.054155932399961,0.9878215376356901,102
DHX36KO,gained,DHX36KO,26,-734.1772151898733,7.1185416230423,0.9379948719279768,102
DHX36KO,gained,DHX36KO,27,-683.5443037974683,7.4216868209994695,0.8987740222631466,102
DHX36KO,gained,DHX36KO,28,-632.9113924050632,7.072081013832217,0.8396730958390856,102
DHX36KO,gained,DHX36KO,29,-582.2784810126582,6.545560037100238,0.7485238221611341,102
DHX36KO,gained,DHX36KO,30,-531.6455696202531,6.183772043987037,0.6915848845786264,102
DHX36KO,gained,DHX36KO,31,-481.0126582278481,5.947955046331181,0.6650480690324495,102
DHX36KO,gained,DHX36KO,32,-430.37974683544303,5.831219899015489,0.6198282289200927,102
DHX36KO,gained,DHX36KO,33,-379.746835443038,5.8591672426267385,0.621322197331607,102
DHX36KO,gained,DHX36KO,34,-329.11392405063293,5.844013895256067,0.6201880313727776,102
DHX36KO,gained,DHX36KO,35,-278.4810126582279,5.644010168282814,0.623947789085091,102
DHX36KO,gained,DHX36KO,36,-227.84810126582283,5.844410863958932,0.6986543729973005,102
DHX36KO,gained,DHX36KO,37,-177.21518987341778,6.017268790061178,0.7296492900462244,102
DHX36KO,gained,DHX36KO,38,-126.58227848101274,6.18967591213245,0.796155847493523,102
DHX36KO,gained,DHX36KO,39,-75.94936708860769,6.4231646184282365,0.8832404912245901,102
DHX36KO,gained,DHX36KO,40,-25.316455696202638,6.751083052633635,0.9686452381179107,102
DHX36KO,gained,DHX36KO,41,25.31645569620241,6.9754833487669625,0.9812970888016869,102
DHX36KO,gained,DHX36KO,42,75.94936708860769,7.0150551894443485,0.8962396372443622,102
DHX36KO,gained,DHX36KO,43,126.58227848101251,6.996509757992489,0.8240517117634901,102
DHX36KO,gained,DHX36KO,44,177.21518987341778,6.882329101811827,0.7924645009261843,102
DHX36KO,gained,DHX36KO,45,227.8481012658226,6.900339035286623,0.8355049053868491,102
DHX36KO,gained,DHX36KO,46,278.4810126582279,6.903115214358747,0.9289496413736863,102
DHX36KO,gained,DHX36KO,47,329.1139240506327,7.12170390956542,1.0115075777563622,102
DHX36KO,gained,DHX36KO,48,379.746835443038,7.379048781776739,1.064822417236144,102
DHX36KO,gained,DHX36KO,49,430.37974683544326,7.354730888161005,1.078234586648873,102
DHX36KO,gained,DHX36KO,50,481.0126582278481,7.183911651333952,1.0977075889600427,102
DHX36KO,gained,DHX36KO,51,531.6455696202534,7.044206914371914,1.0975186849847947,102
DHX36KO,gained,DHX36KO,52,582.2784810126582,7.228069664458044,1.1133927224063733,102
DHX36KO,gained,DHX36KO,53,632.9113924050635,7.186714160403395,1.0222047937483152,102
DHX36KO,gained,DHX36KO,54,683.5443037974683,7.172048554358139,0.9410140209723976,102
DHX36KO,gained,DHX36KO,55,734.1772151898736,7.128112240453172,0.9097633914319538,102
DHX36KO,gained,DHX36KO,56,784.8101265822784,7.310717408641491,0.9663322394192921,102
DHX36KO,gained,DHX36KO,57,835.4430379746836,7.48372522964197,1.102500226030413,102
DHX36KO,gained,DHX36KO,58,886.0759493670885,7.388878836382449,1.2872422727533364,102
DHX36KO,gained,DHX36KO,59,936.7088607594937,7.145700815612194,1.283985003908245,102
DHX36KO,gained,DHX36KO,60,987.3417721518986,7.107218981163174,1.3616832351590067,102
DHX36KO,gained,DHX36KO,61,1037.9746835443038,6.998350957335989,1.3796212307921458,102
DHX36KO,gained,DHX36KO,62,1088.6075949367087,6.979822151863497,1.2480920417669175,102
DHX36KO,gained,DHX36KO,63,1139.240506329114,6.911389534551334,1.071725780216148,102
DHX36KO,gained,DHX36KO,64,1189.8734177215188,6.891587329113405,0.9264961540622655,102
DHX36KO,gained,DHX36KO,65,1240.506329113924,6.589960483702179,0.8667073817740898,102
DHX36KO,gained,DHX36KO,66,1291.1392405063293,6.451470481897491,0.8500707212410278,102
DHX36KO,gained,DHX36KO,67,1341.7721518987341,6.741066395628686,0.9619222631890709,102
DHX36KO,gained,DHX36KO,68,1392.4050632911394,6.70117848700168,0.9687312268550389,102
DHX36KO,gained,DHX36KO,69,1443.0379746835442,6.349563590443991,0.8209330835552167,102
DHX36KO,gained,DHX36KO,70,1493.6708860759495,6.272689084102905,0.8400279002304186,102
DHX36KO,gained,DHX36KO,71,1544.3037974683543,6.435178474678713,0.853252930357387,102
DHX36KO,gained,DHX36KO,72,1594.9367088607596,6.27073132650525,0.8079575067066501,102
DHX36KO,gained,DHX36KO,73,1645.5696202531644,6.142690161388684,0.8257248393463388,102
DHX36KO,gained,DHX36KO,74,1696.2025316455697,6.095557441719217,0.8255171702300454,102
DHX36KO,gained,DHX36KO,75,1746.8354430379745,5.918070647895726,0.8119827662322812,102
DHX36KO,gained,DHX36KO,76,1797.4683544303798,5.722030098274642,0.7710341650948652,102
DHX36KO,gained,DHX36KO,77,1848.1012658227846,5.713842190153459,0.7217471858936608,102
DHX36KO,gained,DHX36KO,78,1898.73417721519,5.669841726917068,0.7023605781178368,102
DHX36KO,gained,DHX36KO,79,1949.3670886075947,5.574379114247615,0.720237002559156,102
DHX36KO,gained,DHX36KO,80,2000,5.300125194078957,0.676441798292383,102
DHX36KO,stable,DHX36KO,1,-2000,6.055205213093669,0.22939331528480864,2951
DHX36KO,stable,DHX36KO,2,-1949.367088607595,6.151062969587811,0.22917559707348745,2951
DHX36KO,stable,DHX36KO,3,-1898.73417721519,6.181823889804697,0.22256867486270518,2951
DHX36KO,stable,DHX36KO,4,-1848.1012658227849,6.2122138347176525,0.2152887552529326,2951
DHX36KO,stable,DHX36KO,5,-1797.4683544303798,6.283576450407417,0.21551518869075795,2951
DHX36KO,stable,DHX36KO,6,-1746.8354430379748,6.361227328452528,0.21821138180384161,2951
DHX36KO,stable,DHX36KO,7,-1696.2025316455697,6.415541920646845,0.22320239559936902,2951
DHX36KO,stable,DHX36KO,8,-1645.5696202531644,6.384691592337088,0.22332156894135474,2951
DHX36KO,stable,DHX36KO,9,-1594.9367088607596,6.325864813622143,0.21967380130427025,2951
DHX36KO,stable,DHX36KO,10,-1544.3037974683543,6.299533063442737,0.21752589997505797,2951
DHX36KO,stable,DHX36KO,11,-1493.6708860759495,6.295541132177779,0.2190445317577267,2951
DHX36KO,stable,DHX36KO,12,-1443.0379746835442,6.321825953656962,0.22216182500052778,2951
DHX36KO,stable,DHX36KO,13,-1392.4050632911392,6.364555195365722,0.22524892196935561,2951
DHX36KO,stable,DHX36KO,14,-1341.7721518987341,6.388527165878752,0.22820363317563866,2951
DHX36KO,stable,DHX36KO,15,-1291.139240506329,6.466963806764212,0.23115151633401876,2951
DHX36KO,stable,DHX36KO,16,-1240.506329113924,6.473799207648436,0.22920054950040197,2951
DHX36KO,stable,DHX36KO,17,-1189.873417721519,6.472961644345618,0.2268045666265634,2951
DHX36KO,stable,DHX36KO,18,-1139.240506329114,6.4301276815698385,0.22386637936189635,2951
DHX36KO,stable,DHX36KO,19,-1088.607594936709,6.336974519021387,0.21791314030752,2951
DHX36KO,stable,DHX36KO,20,-1037.9746835443038,6.203097558940425,0.2129668768692605,2951
DHX36KO,stable,DHX36KO,21,-987.3417721518988,6.1466120507861755,0.21067686236050082,2951
DHX36KO,stable,DHX36KO,22,-936.7088607594937,6.083464310568335,0.2056321198052745,2951
DHX36KO,stable,DHX36KO,23,-886.0759493670887,6.081341396420336,0.20131443022683607,2951
DHX36KO,stable,DHX36KO,24,-835.4430379746836,6.11188858308483,0.20059739827705197,2951
DHX36KO,stable,DHX36KO,25,-784.8101265822784,6.192810065105085,0.2023531000622698,2951
DHX36KO,stable,DHX36KO,26,-734.1772151898733,6.296259850640761,0.2078081596383254,2951
DHX36KO,stable,DHX36KO,27,-683.5443037974683,6.440609949594916,0.22068785034615881,2951
DHX36KO,stable,DHX36KO,28,-632.9113924050632,6.578307833978581,0.22987370365525323,2951
DHX36KO,stable,DHX36KO,29,-582.2784810126582,6.643583279877857,0.22873235685145019,2951
DHX36KO,stable,DHX36KO,30,-531.6455696202531,6.703545412876425,0.2290305696176462,2951
DHX36KO,stable,DHX36KO,31,-481.0126582278481,6.79002603396499,0.23584698897467865,2951
DHX36KO,stable,DHX36KO,32,-430.37974683544303,6.9184066892426985,0.2472158610676356,2951
DHX36KO,stable,DHX36KO,33,-379.746835443038,7.0389661543449815,0.25507742164882413,2951
DHX36KO,stable,DHX36KO,34,-329.11392405063293,7.168045329966277,0.26778379616912895,2951
DHX36KO,stable,DHX36KO,35,-278.4810126582279,7.326488608733336,0.2888147581436188,2951
DHX36KO,stable,DHX36KO,36,-227.84810126582283,7.405715652300681,0.30513150502527253,2951
DHX36KO,stable,DHX36KO,37,-177.21518987341778,7.4594553178027025,0.31511585778481144,2951
DHX36KO,stable,DHX36KO,38,-126.58227848101274,7.527097091780643,0.3232275102926791,2951
DHX36KO,stable,DHX36KO,39,-75.94936708860769,7.483003389501684,0.3104754466891525,2951
DHX36KO,stable,DHX36KO,40,-25.316455696202638,7.319543508096669,0.28302031487787566,2951
DHX36KO,stable,DHX36KO,41,25.31645569620241,7.160612123044052,0.2571701760806556,2951
DHX36KO,stable,DHX36KO,42,75.94936708860769,7.046995493681918,0.23883119193581703,2951
DHX36KO,stable,DHX36KO,43,126.58227848101251,6.966156958754852,0.22732673052548338,2951
DHX36KO,stable,DHX36KO,44,177.21518987341778,6.90946918348882,0.22520510657908946,2951
DHX36KO,stable,DHX36KO,45,227.8481012658226,6.955060149153976,0.23639271336107096,2951
DHX36KO,stable,DHX36KO,46,278.4810126582279,7.021848144525325,0.24600931916170005,2951
DHX36KO,stable,DHX36KO,47,329.1139240506327,7.182175003304315,0.26323275965862863,2951
DHX36KO,stable,DHX36KO,48,379.746835443038,7.271889748002639,0.2716518806377052,2951
DHX36KO,stable,DHX36KO,49,430.37974683544326,7.1957370215403245,0.2615126248865795,2951
DHX36KO,stable,DHX36KO,50,481.0126582278481,7.077571145021268,0.25001206929498065,2951
DHX36KO,stable,DHX36KO,51,531.6455696202534,7.0155117664969495,0.25307648066787103,2951
DHX36KO,stable,DHX36KO,52,582.2784810126582,7.009809788860171,0.26221398226381765,2951
DHX36KO,stable,DHX36KO,53,632.9113924050635,7.030768142600767,0.27251614370328664,2951
DHX36KO,stable,DHX36KO,54,683.5443037974683,7.0118034913660265,0.2746515644469428,2951
DHX36KO,stable,DHX36KO,55,734.1772151898736,7.058534185283671,0.27963352701344507,2951
DHX36KO,stable,DHX36KO,56,784.8101265822784,7.085367615731385,0.28979368836199887,2951
DHX36KO,stable,DHX36KO,57,835.4430379746836,7.118950258444006,0.298246157158968,2951
DHX36KO,stable,DHX36KO,58,886.0759493670885,7.052534426912189,0.2978231161186423,2951
DHX36KO,stable,DHX36KO,59,936.7088607594937,6.99874366048553,0.2894949805924604,2951
DHX36KO,stable,DHX36KO,60,987.3417721518986,6.925401116509795,0.27602854066312704,2951
DHX36KO,stable,DHX36KO,61,1037.9746835443038,6.803769971825343,0.25945001882122126,2951
DHX36KO,stable,DHX36KO,62,1088.6075949367087,6.712806593745385,0.24754609439486105,2951
DHX36KO,stable,DHX36KO,63,1139.240506329114,6.555541972645956,0.2341933172274652,2951
DHX36KO,stable,DHX36KO,64,1189.8734177215188,6.4467384990990855,0.22641372743151789,2951
DHX36KO,stable,DHX36KO,65,1240.506329113924,6.431067550789902,0.22148487608865386,2951
DHX36KO,stable,DHX36KO,66,1291.1392405063293,6.364218197055258,0.2099262253304136,2951
DHX36KO,stable,DHX36KO,67,1341.7721518987341,6.336042966479624,0.1989455307707698,2951
DHX36KO,stable,DHX36KO,68,1392.4050632911394,6.3300104028783,0.20023462527442953,2951
DHX36KO,stable,DHX36KO,69,1443.0379746835442,6.2937967760506615,0.20057865251219018,2951
DHX36KO,stable,DHX36KO,70,1493.6708860759495,6.282668486340873,0.20283820105524542,2951
DHX36KO,stable,DHX36KO,71,1544.3037974683543,6.311784786461141,0.2068590772138954,2951
DHX36KO,stable,DHX36KO,72,1594.9367088607596,6.397887823172885,0.2129633650662819,2951
DHX36KO,stable,DHX36KO,73,1645.5696202531644,6.425666225639747,0.21519586718803596,2951
DHX36KO,stable,DHX36KO,74,1696.2025316455697,6.398975174983423,0.21260317086881905,2951
DHX36KO,stable,DHX36KO,75,1746.8354430379745,6.369410742747909,0.21131419424677636,2951
DHX36KO,stable,DHX36KO,76,1797.4683544303798,6.341058481168332,0.2111933294216523,2951
DHX36KO,stable,DHX36KO,77,1848.1012658227846,6.339285542002427,0.21323835087189605,2951
DHX36KO,stable,DHX36KO,78,1898.73417721519,6.357422535734824,0.22056494751322064,2951
DHX36KO,stable,DHX36KO,79,1949.3670886075947,6.354201632008961,0.2328381292742731,2951
DHX36KO,stable,DHX36KO,80,2000,6.373652017903734,0.24157899846532274,2951
DHX36KO,lost,DHX36KO,1,-2000,4.126884976645996,0.6108223834237299,116
DHX36KO,lost,DHX36KO,2,-1949.367088607595,4.223461029762509,0.644909848398159,116
DHX36KO,lost,DHX36KO,3,-1898.73417721519,4.260518030859958,0.7188204650584832,116
DHX36KO,lost,DHX36KO,4,-1848.1012658227849,4.256270172472658,0.7422070522161165,116
DHX36KO,lost,DHX36KO,5,-1797.4683544303798,4.175512929593009,0.6610718219973148,116
DHX36KO,lost,DHX36KO,6,-1746.8354430379748,4.120772959980472,0.5991810999888701,116
DHX36KO,lost,DHX36KO,7,-1696.2025316455697,3.9722073528273354,0.5286150977941994,116
DHX36KO,lost,DHX36KO,8,-1645.5696202531644,3.9022696937295214,0.513319186365898,116
DHX36KO,lost,DHX36KO,9,-1594.9367088607596,3.9177859911562383,0.5488396741541932,116
DHX36KO,lost,DHX36KO,10,-1544.3037974683543,3.86668033503938,0.5193605490130475,116
DHX36KO,lost,DHX36KO,11,-1493.6708860759495,3.8659807972935423,0.4829979859120411,116
DHX36KO,lost,DHX36KO,12,-1443.0379746835442,3.7602399088802008,0.4318274357469382,116
DHX36KO,lost,DHX36KO,13,-1392.4050632911392,3.768223757668473,0.38881375003967433,116
DHX36KO,lost,DHX36KO,14,-1341.7721518987341,3.772631539990162,0.38606080744587035,116
DHX36KO,lost,DHX36KO,15,-1291.139240506329,3.8339243608987195,0.405768483689422,116
DHX36KO,lost,DHX36KO,16,-1240.506329113924,3.880895575161638,0.4192062349876629,116
DHX36KO,lost,DHX36KO,17,-1189.873417721519,3.78826646480067,0.41482491629543206,116
DHX36KO,lost,DHX36KO,18,-1139.240506329114,3.5445733697935085,0.39990030816234406,116
DHX36KO,lost,DHX36KO,19,-1088.607594936709,3.442042168577512,0.4074228405126502,116
DHX36KO,lost,DHX36KO,20,-1037.9746835443038,3.429801953804904,0.39438295556816416,116
DHX36KO,lost,DHX36KO,21,-987.3417721518988,3.4630280331976113,0.39013776418775936,116
DHX36KO,lost,DHX36KO,22,-936.7088607594937,3.738424856457217,0.41462104893319507,116
DHX36KO,lost,DHX36KO,23,-886.0759493670887,3.7748894152216526,0.4214293579153801,116
DHX36KO,lost,DHX36KO,24,-835.4430379746836,3.7115472190613032,0.4175768908186417,116
DHX36KO,lost,DHX36KO,25,-784.8101265822784,3.595551784744208,0.42282870011863133,116
DHX36KO,lost,DHX36KO,26,-734.1772151898733,3.4164048360408037,0.39089207934840636,116
DHX36KO,lost,DHX36KO,27,-683.5443037974683,3.221126046687707,0.354022456158701,116
DHX36KO,lost,DHX36KO,28,-632.9113924050632,3.091737847704997,0.32090859831238705,116
DHX36KO,lost,DHX36KO,29,-582.2784810126582,3.090995529533803,0.32403911257088047,116
DHX36KO,lost,DHX36KO,30,-531.6455696202531,3.1973973888706886,0.35099573659353334,116
DHX36KO,lost,DHX36KO,31,-481.0126582278481,3.1871349025457754,0.3433284439371122,116
DHX36KO,lost,DHX36KO,32,-430.37974683544303,3.233276229199322,0.35991806777578383,116
DHX36KO,lost,DHX36KO,33,-379.746835443038,3.0238533132583245,0.3243019277783842,116
DHX36KO,lost,DHX36KO,34,-329.11392405063293,3.0345301077009617,0.32946097046348477,116
DHX36KO,lost,DHX36KO,35,-278.4810126582279,3.0593073840936027,0.341723019658969,116
DHX36KO,lost,DHX36KO,36,-227.84810126582283,3.2511398835908407,0.36895958282908653,116
DHX36KO,lost,DHX36KO,37,-177.21518987341778,3.296710826316099,0.3869247835544795,116
DHX36KO,lost,DHX36KO,38,-126.58227848101274,3.408949476357164,0.4116714893633281,116
DHX36KO,lost,DHX36KO,39,-75.94936708860769,3.467722670052243,0.4002574802698561,116
DHX36KO,lost,DHX36KO,40,-25.316455696202638,3.400041525685924,0.33950465498776317,116
DHX36KO,lost,DHX36KO,41,25.31645569620241,3.407577692969092,0.33099672379949896,116
DHX36KO,lost,DHX36KO,42,75.94936708860769,3.5812294357535484,0.3684974781857105,116
DHX36KO,lost,DHX36KO,43,126.58227848101251,3.740886594981983,0.43042635610604335,116
DHX36KO,lost,DHX36KO,44,177.21518987341778,3.801914203646539,0.47406201042532875,116
DHX36KO,lost,DHX36KO,45,227.8481012658226,3.882151923083711,0.5577662716545264,116
DHX36KO,lost,DHX36KO,46,278.4810126582279,3.639104818085144,0.5518553225065798,116
DHX36KO,lost,DHX36KO,47,329.1139240506327,3.4843189227649534,0.5145762909050027,116
DHX36KO,lost,DHX36KO,48,379.746835443038,3.578463130935855,0.5350287856132241,116
DHX36KO,lost,DHX36KO,49,430.37974683544326,3.7510131940553926,0.5502877194310899,116
DHX36KO,lost,DHX36KO,50,481.0126582278481,3.790962076632456,0.5255204153173769,116
DHX36KO,lost,DHX36KO,51,531.6455696202534,3.7590214705261693,0.46755958872681247,116
DHX36KO,lost,DHX36KO,52,582.2784810126582,3.5200710883907886,0.38881320023144966,116
DHX36KO,lost,DHX36KO,53,632.9113924050635,3.350337385261196,0.31963732890335295,116
DHX36KO,lost,DHX36KO,54,683.5443037974683,3.132222979699058,0.2930179104578512,116
DHX36KO,lost,DHX36KO,55,734.1772151898736,3.048870509287407,0.28530948520199395,116
DHX36KO,lost,DHX36KO,56,784.8101265822784,3.0573678997878373,0.28101165040016246,116
DHX36KO,lost,DHX36KO,57,835.4430379746836,3.210332175767285,0.26598849884321,116
DHX36KO,lost,DHX36KO,58,886.0759493670885,3.350985169294237,0.2727505845502917,116
DHX36KO,lost,DHX36KO,59,936.7088607594937,3.512557613740022,0.29523860177964006,116
DHX36KO,lost,DHX36KO,60,987.3417721518986,3.4967516120548905,0.3227908712789296,116
DHX36KO,lost,DHX36KO,61,1037.9746835443038,3.5786592065260328,0.38908526715327374,116
DHX36KO,lost,DHX36KO,62,1088.6075949367087,3.5981820033679064,0.37893640672850465,116
DHX36KO,lost,DHX36KO,63,1139.240506329114,3.6626206593061315,0.3442932644338109,116
DHX36KO,lost,DHX36KO,64,1189.8734177215188,3.668853877604693,0.3440502074670851,116
DHX36KO,lost,DHX36KO,65,1240.506329113924,3.6720492800830424,0.3715265071864139,116
DHX36KO,lost,DHX36KO,66,1291.1392405063293,3.599426546158462,0.35521783041694116,116
DHX36KO,lost,DHX36KO,67,1341.7721518987341,3.434391392407746,0.3468145222094947,116
DHX36KO,lost,DHX36KO,68,1392.4050632911394,3.36822220844784,0.34194422397629265,116
DHX36KO,lost,DHX36KO,69,1443.0379746835442,3.2349039756498117,0.3217606861636035,116
DHX36KO,lost,DHX36KO,70,1493.6708860759495,3.1738029567195083,0.28196273700764624,116
DHX36KO,lost,DHX36KO,71,1544.3037974683543,3.010881115376264,0.25135779653236584,116
DHX36KO,lost,DHX36KO,72,1594.9367088607596,3.067233082652092,0.2612451080796786,116
DHX36KO,lost,DHX36KO,73,1645.5696202531644,3.220701943238576,0.27926814242797704,116
DHX36KO,lost,DHX36KO,74,1696.2025316455697,3.172883446586543,0.308347530687277,116
DHX36KO,lost,DHX36KO,75,1746.8354430379745,3.2110906006481454,0.356157610098894,116
DHX36KO,lost,DHX36KO,76,1797.4683544303798,3.3508938523544662,0.39183036313739006,116
DHX36KO,lost,DHX36KO,77,1848.1012658227846,3.317542833055573,0.38296713278854294,116
DHX36KO,lost,DHX36KO,78,1898.73417721519,3.4485678486440374,0.3764497395751126,116
DHX36KO,lost,DHX36KO,79,1949.3670886075947,3.5793085347030353,0.3961644959440576,116
DHX36KO,lost,DHX36KO,80,2000,3.809359775302054,0.4381378946878462,116
FANCJKO,gained,FANCJKO,1,-2000,5.6086317130497525,2.612336003394742,7
FANCJKO,gained,FANCJKO,2,-1949.367088607595,5.0531880446842745,2.529411022693768,7
FANCJKO,gained,FANCJKO,3,-1898.73417721519,5.5707684489658895,3.7426185499128812,7
FANCJKO,gained,FANCJKO,4,-1848.1012658227849,5.847609642800831,3.760716584449312,7
FANCJKO,gained,FANCJKO,5,-1797.4683544303798,5.6745366160074875,3.2560399968572464,7
FANCJKO,gained,FANCJKO,6,-1746.8354430379748,5.03654815583002,2.170327603277096,7
FANCJKO,gained,FANCJKO,7,-1696.2025316455697,4.547327139718192,1.746291207547208,7
FANCJKO,gained,FANCJKO,8,-1645.5696202531644,4.880768603597368,1.7070864484333665,7
FANCJKO,gained,FANCJKO,9,-1594.9367088607596,4.787363785789126,1.7206567660800165,7
FANCJKO,gained,FANCJKO,10,-1544.3037974683543,4.57357701142629,1.8038038532649936,7
FANCJKO,gained,FANCJKO,11,-1493.6708860759495,4.102367629323687,1.4578593681586922,7
FANCJKO,gained,FANCJKO,12,-1443.0379746835442,3.804612154620034,1.1996635372075293,7
FANCJKO,gained,FANCJKO,13,-1392.4050632911392,3.686605258669172,0.915031114128027,7
FANCJKO,gained,FANCJKO,14,-1341.7721518987341,3.6204667141324,0.9598255383871807,7
FANCJKO,gained,FANCJKO,15,-1291.139240506329,3.4285394148599533,1.013614058225586,7
FANCJKO,gained,FANCJKO,16,-1240.506329113924,3.3885303769792827,1.1838775566813062,7
FANCJKO,gained,FANCJKO,17,-1189.873417721519,3.267920242037092,1.4314309630671604,7
FANCJKO,gained,FANCJKO,18,-1139.240506329114,4.04094542594183,1.9640153950059287,7
FANCJKO,gained,FANCJKO,19,-1088.607594936709,4.407067168326605,2.263676341778929,7
FANCJKO,gained,FANCJKO,20,-1037.9746835443038,4.076241233235314,2.1242829099734215,7
FANCJKO,gained,FANCJKO,21,-987.3417721518988,3.7825663500740414,1.890911790346893,7
FANCJKO,gained,FANCJKO,22,-936.7088607594937,3.07033369745527,1.4913139756822136,7
FANCJKO,gained,FANCJKO,23,-886.0759493670887,2.963747816539946,1.3586171823508706,7
FANCJKO,gained,FANCJKO,24,-835.4430379746836,3.0985249351319815,1.5093240544436874,7
FANCJKO,gained,FANCJKO,25,-784.8101265822784,3.7251974841526576,2.1619750236443465,7
FANCJKO,gained,FANCJKO,26,-734.1772151898733,4.538126081739153,2.835126815808441,7
FANCJKO,gained,FANCJKO,27,-683.5443037974683,5.672169035275777,3.896576427179459,7
FANCJKO,gained,FANCJKO,28,-632.9113924050632,7.325295622689383,5.341114961902299,7
FANCJKO,gained,FANCJKO,29,-582.2784810126582,8.883323063169206,6.365162550418626,7
FANCJKO,gained,FANCJKO,30,-531.6455696202531,9.268431111971537,6.503422980604812,7
FANCJKO,gained,FANCJKO,31,-481.0126582278481,9.083432819956824,6.800978324197515,7
FANCJKO,gained,FANCJKO,32,-430.37974683544303,9.60349373090835,7.131551570648123,7
FANCJKO,gained,FANCJKO,33,-379.746835443038,10.315865374633244,7.707701571530467,7
FANCJKO,gained,FANCJKO,34,-329.11392405063293,9.175142045021056,6.61771279320943,7
FANCJKO,gained,FANCJKO,35,-278.4810126582279,7.939788246268318,5.184421097597378,7
FANCJKO,gained,FANCJKO,36,-227.84810126582283,7.2406142745699205,3.977734886815599,7
FANCJKO,gained,FANCJKO,37,-177.21518987341778,5.222528745560419,2.012154839257435,7
FANCJKO,gained,FANCJKO,38,-126.58227848101274,3.7891900466737294,1.3640509410353985,7
FANCJKO,gained,FANCJKO,39,-75.94936708860769,3.665310541561672,1.4546981008984083,7
FANCJKO,gained,FANCJKO,40,-25.316455696202638,4.265383021945045,2.216787060068675,7
FANCJKO,gained,FANCJKO,41,25.31645569620241,5.162196906407674,3.128893070257971,7
FANCJKO,gained,FANCJKO,42,75.94936708860769,5.178333291553316,3.1238045987520464,7
FANCJKO,gained,FANCJKO,43,126.58227848101251,5.433173416682652,2.8297900039337534,7
FANCJKO,gained,FANCJKO,44,177.21518987341778,6.147224813188825,3.1452425476018893,7
FANCJKO,gained,FANCJKO,45,227.8481012658226,5.820998062179203,3.460961609269536,7
FANCJKO,gained,FANCJKO,46,278.4810126582279,6.761048319453285,4.159674293988278,7
FANCJKO,gained,FANCJKO,47,329.1139240506327,7.228348818733579,4.524182403261865,7
FANCJKO,gained,FANCJKO,48,379.746835443038,7.02721869900113,4.163161061726254,7
FANCJKO,gained,FANCJKO,49,430.37974683544326,7.104872054145449,4.515883011642077,7
FANCJKO,gained,FANCJKO,50,481.0126582278481,7.3946470567158284,4.998793137569095,7
FANCJKO,gained,FANCJKO,51,531.6455696202534,7.176078187397548,5.211687518010632,7
FANCJKO,gained,FANCJKO,52,582.2784810126582,6.993981464249747,4.602146589402096,7
FANCJKO,gained,FANCJKO,53,632.9113924050635,7.9984985605875645,4.270490693264845,7
FANCJKO,gained,FANCJKO,54,683.5443037974683,8.934839629218692,4.829029784778557,7
FANCJKO,gained,FANCJKO,55,734.1772151898736,8.824290627070836,5.205549837522351,7
FANCJKO,gained,FANCJKO,56,784.8101265822784,8.568810892105102,4.902750375233622,7
FANCJKO,gained,FANCJKO,57,835.4430379746836,8.187575667699178,4.287168379527529,7
FANCJKO,gained,FANCJKO,58,886.0759493670885,7.332567686353411,3.7532577719393525,7
FANCJKO,gained,FANCJKO,59,936.7088607594937,5.622337050664993,2.7418419410430923,7
FANCJKO,gained,FANCJKO,60,987.3417721518986,5.159193794613793,2.289905796953089,7
FANCJKO,gained,FANCJKO,61,1037.9746835443038,4.283558299882071,1.664064626853445,7
FANCJKO,gained,FANCJKO,62,1088.6075949367087,3.4290684177761985,1.1789428473440162,7
FANCJKO,gained,FANCJKO,63,1139.240506329114,3.306434485571725,1.0588056132769237,7
FANCJKO,gained,FANCJKO,64,1189.8734177215188,3.812419075511751,1.5844652364679777,7
FANCJKO,gained,FANCJKO,65,1240.506329113924,3.6228820594151814,1.9926835551992097,7
FANCJKO,gained,FANCJKO,66,1291.1392405063293,4.23216685681116,2.4103108554443695,7
FANCJKO,gained,FANCJKO,67,1341.7721518987341,4.871927347183228,2.876747338939169,7
FANCJKO,gained,FANCJKO,68,1392.4050632911394,4.307607927776519,2.355251554121675,7
FANCJKO,gained,FANCJKO,69,1443.0379746835442,4.237627092543103,2.4749788388877514,7
FANCJKO,gained,FANCJKO,70,1493.6708860759495,4.34074161915552,2.8815482694651937,7
FANCJKO,gained,FANCJKO,71,1544.3037974683543,4.086401516255878,2.911019320287443,7
FANCJKO,gained,FANCJKO,72,1594.9367088607596,4.780394615672884,3.1893728724078865,7
FANCJKO,gained,FANCJKO,73,1645.5696202531644,6.108204562323434,4.146090046562653,7
FANCJKO,gained,FANCJKO,74,1696.2025316455697,6.882927328745525,4.96684427750053,7
FANCJKO,gained,FANCJKO,75,1746.8354430379745,8.121427054859343,6.000515415533736,7
FANCJKO,gained,FANCJKO,76,1797.4683544303798,9.647206483568464,7.911227218665159,7
FANCJKO,gained,FANCJKO,77,1848.1012658227846,11.680543145679295,9.93335517708738,7
FANCJKO,gained,FANCJKO,78,1898.73417721519,13.230113769031705,10.784948317105139,7
FANCJKO,gained,FANCJKO,79,1949.3670886075947,12.91637028444381,10.171723232284927,7
FANCJKO,gained,FANCJKO,80,2000,9.517477798007784,6.16287060097665,7
FANCJKO,stable,FANCJKO,1,-2000,4.441488594629222,0.1776483338258813,3159
FANCJKO,stable,FANCJKO,2,-1949.367088607595,4.484407371526481,0.1750848571355572,3159
FANCJKO,stable,FANCJKO,3,-1898.73417721519,4.463478893348156,0.16401531732491526,3159
FANCJKO,stable,FANCJKO,4,-1848.1012658227849,4.4458015550847065,0.15811751601200003,3159
FANCJKO,stable,FANCJKO,5,-1797.4683544303798,4.441003857855431,0.15659183313126712,3159
FANCJKO,stable,FANCJKO,6,-1746.8354430379748,4.465752637755384,0.1547722609167673,3159
FANCJKO,stable,FANCJKO,7,-1696.2025316455697,4.507330701213051,0.15534293479168848,3159
FANCJKO,stable,FANCJKO,8,-1645.5696202531644,4.49676804026861,0.15647311631225194,3159
FANCJKO,stable,FANCJKO,9,-1594.9367088607596,4.504830454048432,0.15857119530573202,3159
FANCJKO,stable,FANCJKO,10,-1544.3037974683543,4.535921846750832,0.1590834684323401,3159
FANCJKO,stable,FANCJKO,11,-1493.6708860759495,4.534282810973809,0.16181180325976596,3159
FANCJKO,stable,FANCJKO,12,-1443.0379746835442,4.531314773330385,0.1674010854060195,3159
FANCJKO,stable,FANCJKO,13,-1392.4050632911392,4.559012330404575,0.16902216874475817,3159
FANCJKO,stable,FANCJKO,14,-1341.7721518987341,4.598114686282461,0.16891547751424035,3159
FANCJKO,stable,FANCJKO,15,-1291.139240506329,4.652426669603161,0.1686216463702024,3159
FANCJKO,stable,FANCJKO,16,-1240.506329113924,4.64531082975672,0.16552220538267315,3159
FANCJKO,stable,FANCJKO,17,-1189.873417721519,4.6056514055472055,0.16083028097999508,3159
FANCJKO,stable,FANCJKO,18,-1139.240506329114,4.524213363175102,0.15775256971881285,3159
FANCJKO,stable,FANCJKO,19,-1088.607594936709,4.4798311492590965,0.1560088066135725,3159
FANCJKO,stable,FANCJKO,20,-1037.9746835443038,4.443303129969612,0.15823918985860652,3159
FANCJKO,stable,FANCJKO,21,-987.3417721518988,4.429958055217117,0.15752578152163413,3159
FANCJKO,stable,FANCJKO,22,-936.7088607594937,4.402273846406707,0.15334319644079958,3159
FANCJKO,stable,FANCJKO,23,-886.0759493670887,4.401754871781798,0.14816505656870627,3159
FANCJKO,stable,FANCJKO,24,-835.4430379746836,4.406838281730239,0.14723719060594087,3159
FANCJKO,stable,FANCJKO,25,-784.8101265822784,4.43907552410206,0.14867862850384284,3159
FANCJKO,stable,FANCJKO,26,-734.1772151898733,4.518797262825392,0.15344214081433707,3159
FANCJKO,stable,FANCJKO,27,-683.5443037974683,4.636450151072105,0.16299562155567807,3159
FANCJKO,stable,FANCJKO,28,-632.9113924050632,4.723596417576097,0.16986582233292355,3159
FANCJKO,stable,FANCJKO,29,-582.2784810126582,4.77087194997776,0.17141962252566442,3159
FANCJKO,stable,FANCJKO,30,-531.6455696202531,4.797570582960456,0.17123424839176135,3159
FANCJKO,stable,FANCJKO,31,-481.0126582278481,4.791926915145718,0.1700893235150382,3159
FANCJKO,stable,FANCJKO,32,-430.37974683544303,4.8425771756543,0.1774613224838454,3159
FANCJKO,stable,FANCJKO,33,-379.746835443038,4.910800146982616,0.1849932606204058,3159
FANCJKO,stable,FANCJKO,34,-329.11392405063293,5.025859481961564,0.2006769883510438,3159
FANCJKO,stable,FANCJKO,35,-278.4810126582279,5.121928868322945,0.21816407138353777,3159
FANCJKO,stable,FANCJKO,36,-227.84810126582283,5.21534028427503,0.23443515379673516,3159
FANCJKO,stable,FANCJKO,37,-177.21518987341778,5.30811685361351,0.24277508713618529,3159
FANCJKO,stable,FANCJKO,38,-126.58227848101274,5.424421036211489,0.2532013955106047,3159
FANCJKO,stable,FANCJKO,39,-75.94936708860769,5.411192530793984,0.2419478549169667,3159
FANCJKO,stable,FANCJKO,40,-25.316455696202638,5.295627626810218,0.21699193020175192,3159
FANCJKO,stable,FANCJKO,41,25.31645569620241,5.189492556577596,0.19530082949750183,3159
FANCJKO,stable,FANCJKO,42,75.94936708860769,5.086032338079753,0.17705481763078199,3159
FANCJKO,stable,FANCJKO,43,126.58227848101251,4.985017811286496,0.16507885390160076,3159
FANCJKO,stable,FANCJKO,44,177.21518987341778,4.957460518882309,0.16300062892504727,3159
FANCJKO,stable,FANCJKO,45,227.8481012658226,4.9946906877643285,0.173253283976599,3159
FANCJKO,stable,FANCJKO,46,278.4810126582279,5.0411517675496285,0.17907261795320345,3159
FANCJKO,stable,FANCJKO,47,329.1139240506327,5.092790420684078,0.19014674670296805,3159
FANCJKO,stable,FANCJKO,48,379.746835443038,5.129233379636471,0.1966237348861978,3159
FANCJKO,stable,FANCJKO,49,430.37974683544326,5.12217206224958,0.19036696486918964,3159
FANCJKO,stable,FANCJKO,50,481.0126582278481,5.061568301196741,0.18726897834086875,3159
FANCJKO,stable,FANCJKO,51,531.6455696202534,5.000492093110746,0.1913502863337625,3159
FANCJKO,stable,FANCJKO,52,582.2784810126582,4.961390701749348,0.19893210223049795,3159
FANCJKO,stable,FANCJKO,53,632.9113924050635,4.986777246171467,0.2103289356842587,3159
FANCJKO,stable,FANCJKO,54,683.5443037974683,5.025875800925618,0.21320067809568247,3159
FANCJKO,stable,FANCJKO,55,734.1772151898736,5.012895819059817,0.21474477789425844,3159
FANCJKO,stable,FANCJKO,56,784.8101265822784,5.024107628576084,0.22315709939652853,3159
FANCJKO,stable,FANCJKO,57,835.4430379746836,5.0376299493843915,0.22790066028252404,3159
FANCJKO,stable,FANCJKO,58,886.0759493670885,4.973725742028586,0.22266978939158136,3159
FANCJKO,stable,FANCJKO,59,936.7088607594937,4.9411536328926156,0.21342434766177046,3159
FANCJKO,stable,FANCJKO,60,987.3417721518986,4.87444408987096,0.20453555484204633,3159
FANCJKO,stable,FANCJKO,61,1037.9746835443038,4.778408416843344,0.19138558398683808,3159
FANCJKO,stable,FANCJKO,62,1088.6075949367087,4.697530535033475,0.18069288635323574,3159
FANCJKO,stable,FANCJKO,63,1139.240506329114,4.647544804700407,0.17292676448751795,3159
FANCJKO,stable,FANCJKO,64,1189.8734177215188,4.5775226072489215,0.1653105307850584,3159
FANCJKO,stable,FANCJKO,65,1240.506329113924,4.566583939527451,0.1607754148522776,3159
FANCJKO,stable,FANCJKO,66,1291.1392405063293,4.53498723343076,0.15364341877065774,3159
FANCJKO,stable,FANCJKO,67,1341.7721518987341,4.486126344043947,0.14641038659315267,3159
FANCJKO,stable,FANCJKO,68,1392.4050632911394,4.485823617950074,0.14752075475642495,3159
FANCJKO,stable,FANCJKO,69,1443.0379746835442,4.504103233119135,0.14806195751661672,3159
FANCJKO,stable,FANCJKO,70,1493.6708860759495,4.493263913546859,0.14898593021367898,3159
FANCJKO,stable,FANCJKO,71,1544.3037974683543,4.489054362093131,0.14938419142204754,3159
FANCJKO,stable,FANCJKO,72,1594.9367088607596,4.525456196218273,0.15122361107837934,3159
FANCJKO,stable,FANCJKO,73,1645.5696202531644,4.528848915525261,0.15390442597349538,3159
FANCJKO,stable,FANCJKO,74,1696.2025316455697,4.523503672023281,0.15367793083176876,3159
FANCJKO,stable,FANCJKO,75,1746.8354430379745,4.513580466080809,0.15350133429483295,3159
FANCJKO,stable,FANCJKO,76,1797.4683544303798,4.5073990874729715,0.15348489429859336,3159
FANCJKO,stable,FANCJKO,77,1848.1012658227846,4.520969000016384,0.15172052128355576,3159
FANCJKO,stable,FANCJKO,78,1898.73417721519,4.493974853072147,0.1549248377504764,3159
FANCJKO,stable,FANCJKO,79,1949.3670886075947,4.532343877708533,0.17052625658006867,3159
FANCJKO,stable,FANCJKO,80,2000,4.515501753588046,0.17951501136727172,3159
dKO,gained,dKO,1,-2000,7.9717358961766385,0.9210564819341944,214
dKO,gained,dKO,2,-1949.367088607595,7.690657872173274,0.8173347137427054,214
dKO,gained,dKO,3,-1898.73417721519,7.8485729080122955,0.8171117819041931,214
dKO,gained,dKO,4,-1848.1012658227849,8.002468848659243,0.82789946457611,214
dKO,gained,dKO,5,-1797.4683544303798,7.810841325488046,0.7937380474699552,214
dKO,gained,dKO,6,-1746.8354430379748,7.604646654169879,0.7130982914257902,214
dKO,gained,dKO,7,-1696.2025316455697,7.639639442739457,0.6802157180410395,214
dKO,gained,dKO,8,-1645.5696202531644,7.80369375934482,0.697190175592484,214
dKO,gained,dKO,9,-1594.9367088607596,7.810567666834388,0.7189066661101873,214
dKO,gained,dKO,10,-1544.3037974683543,7.501443087163373,0.7160987182976477,214
dKO,gained,dKO,11,-1493.6708860759495,7.126080371100583,0.6939272659428897,214
dKO,gained,dKO,12,-1443.0379746835442,6.885467395002597,0.6397208073896261,214
dKO,gained,dKO,13,-1392.4050632911392,6.816140799396135,0.619719651820292,214
dKO,gained,dKO,14,-1341.7721518987341,6.853820091237161,0.6267140087392113,214
dKO,gained,dKO,15,-1291.139240506329,6.935328385116898,0.6171121839264353,214
dKO,gained,dKO,16,-1240.506329113924,6.997358682783222,0.5971450465887845,214
dKO,gained,dKO,17,-1189.873417721519,7.051777255850789,0.6106668160856215,214
dKO,gained,dKO,18,-1139.240506329114,7.093006928683812,0.6586461448031518,214
dKO,gained,dKO,19,-1088.607594936709,7.125452061620456,0.6732155745643591,214
dKO,gained,dKO,20,-1037.9746835443038,7.288879958922246,0.6986485839803078,214
dKO,gained,dKO,21,-987.3417721518988,7.531911529243178,0.7556044641681402,214
dKO,gained,dKO,22,-936.7088607594937,7.874446471342788,0.838287645718288,214
dKO,gained,dKO,23,-886.0759493670887,8.098590509081927,0.8582064133862981,214
dKO,gained,dKO,24,-835.4430379746836,8.215087300565013,0.8586647916469246,214
dKO,gained,dKO,25,-784.8101265822784,8.143369299648707,0.7916982813031302,214
dKO,gained,dKO,26,-734.1772151898733,7.879974594134779,0.7218942391986791,214
dKO,gained,dKO,27,-683.5443037974683,7.741082425577989,0.656198039509287,214
dKO,gained,dKO,28,-632.9113924050632,7.817919184147755,0.6584562643212899,214
dKO,gained,dKO,29,-582.2784810126582,7.624996111452393,0.6693255633150821,214
dKO,gained,dKO,30,-531.6455696202531,7.364657258515789,0.6702008898726478,214
dKO,gained,dKO,31,-481.0126582278481,7.465335926690206,0.6872879680919685,214
dKO,gained,dKO,32,-430.37974683544303,7.523997107109177,0.6742293641118573,214
dKO,gained,dKO,33,-379.746835443038,7.405204544977235,0.6014402545193457,214
dKO,gained,dKO,34,-329.11392405063293,7.413293158113028,0.5820619453032155,214
dKO,gained,dKO,35,-278.4810126582279,7.302086194493689,0.5599829117102851,214
dKO,gained,dKO,36,-227.84810126582283,7.216960016982949,0.5565505239721464,214
dKO,gained,dKO,37,-177.21518987341778,7.3628187696733205,0.5848540911740888,214
dKO,gained,dKO,38,-126.58227848101274,7.536930013649932,0.6416205327242339,214
dKO,gained,dKO,39,-75.94936708860769,7.598826718813163,0.6836404189886696,214
dKO,gained,dKO,40,-25.316455696202638,7.845235226414285,0.7457045750837579,214
dKO,gained,dKO,41,25.31645569620241,7.917005089695952,0.7906276665844453,214
dKO,gained,dKO,42,75.94936708860769,7.923763467519083,0.7812322593272545,214
dKO,gained,dKO,43,126.58227848101251,7.818479830193742,0.732354433296886,214
dKO,gained,dKO,44,177.21518987341778,7.766091855296465,0.6982674110877354,214
dKO,gained,dKO,45,227.8481012658226,7.58539902946288,0.6545466965624744,214
dKO,gained,dKO,46,278.4810126582279,7.50400486872575,0.6267330859033626,214
dKO,gained,dKO,47,329.1139240506327,7.641635122265771,0.6970867513730518,214
dKO,gained,dKO,48,379.746835443038,7.881693109786399,0.7709734036003131,214
dKO,gained,dKO,49,430.37974683544326,8.042913178394889,0.8341007176081655,214
dKO,gained,dKO,50,481.0126582278481,8.089091152045585,0.8827568320666827,214
dKO,gained,dKO,51,531.6455696202534,8.110586985234532,0.8900490240670502,214
dKO,gained,dKO,52,582.2784810126582,8.115834904556333,0.8652373328278681,214
dKO,gained,dKO,53,632.9113924050635,8.039599582629041,0.8137913713748759,214
dKO,gained,dKO,54,683.5443037974683,8.052750628243354,0.7625627521019674,214
dKO,gained,dKO,55,734.1772151898736,7.690487643212916,0.7067844620459087,214
dKO,gained,dKO,56,784.8101265822784,7.356839726242321,0.6214037913188463,214
dKO,gained,dKO,57,835.4430379746836,7.09854331707286,0.6043941052668779,214
dKO,gained,dKO,58,886.0759493670885,7.066851120578166,0.6194428322191647,214
dKO,gained,dKO,59,936.7088607594937,7.083408363994408,0.6315913688014749,214
dKO,gained,dKO,60,987.3417721518986,7.069596065145415,0.599323010230932,214
dKO,gained,dKO,61,1037.9746835443038,7.149885346703812,0.5823476311723971,214
dKO,gained,dKO,62,1088.6075949367087,7.443473228056483,0.6139571520757924,214
dKO,gained,dKO,63,1139.240506329114,7.852441104877032,0.6631522409827094,214
dKO,gained,dKO,64,1189.8734177215188,8.26428110950461,0.7032334578337127,214
dKO,gained,dKO,65,1240.506329113924,8.66860814324792,0.747043238845018,214
dKO,gained,dKO,66,1291.1392405063293,8.997174550417428,0.7951005409363991,214
dKO,gained,dKO,67,1341.7721518987341,9.187267319242531,0.8460707175800206,214
dKO,gained,dKO,68,1392.4050632911394,9.286099994141736,0.8621305599764857,214
dKO,gained,dKO,69,1443.0379746835442,8.778616602547071,0.8043521704753713,214
dKO,gained,dKO,70,1493.6708860759495,8.419879783707616,0.7643788220178158,214
dKO,gained,dKO,71,1544.3037974683543,7.866169049312764,0.6897424477467554,214
dKO,gained,dKO,72,1594.9367088607596,7.632689149817945,0.6538877828834483,214
dKO,gained,dKO,73,1645.5696202531644,7.514315917926414,0.682568477575437,214
dKO,gained,dKO,74,1696.2025316455697,7.233019256844328,0.6530839664395566,214
dKO,gained,dKO,75,1746.8354430379745,7.08067363577097,0.6077674396252157,214
dKO,gained,dKO,76,1797.4683544303798,6.6085957319862745,0.5301543252304959,214
dKO,gained,dKO,77,1848.1012658227846,6.359227714460586,0.5077421944926429,214
dKO,gained,dKO,78,1898.73417721519,6.1614304348761415,0.4675616356692884,214
dKO,gained,dKO,79,1949.3670886075947,6.032011691383855,0.4482579125784855,214
dKO,gained,dKO,80,2000,5.978834885644765,0.4614170098586879,214
dKO,stable,dKO,1,-2000,6.796595570283869,0.26427936482815795,2671
dKO,stable,dKO,2,-1949.367088607595,6.836947154739027,0.26260062010161894,2671
dKO,stable,dKO,3,-1898.73417721519,6.796505443185779,0.2529288618730397,2671
dKO,stable,dKO,4,-1848.1012658227849,6.799589620240839,0.2504699393292064,2671
dKO,stable,dKO,5,-1797.4683544303798,6.866370913434324,0.24891401697929666,2671
dKO,stable,dKO,6,-1746.8354430379748,6.950060256690579,0.2498364707587519,2671
dKO,stable,dKO,7,-1696.2025316455697,7.013193089272606,0.25224328579326644,2671
dKO,stable,dKO,8,-1645.5696202531644,7.058230708973634,0.25575340149913767,2671
dKO,stable,dKO,9,-1594.9367088607596,7.064726644117526,0.25587729351819105,2671
dKO,stable,dKO,10,-1544.3037974683543,7.033773998274245,0.25437699581118806,2671
dKO,stable,dKO,11,-1493.6708860759495,6.975239506991306,0.2561120272948522,2671
dKO,stable,dKO,12,-1443.0379746835442,6.957530229818832,0.2590379893048298,2671
dKO,stable,dKO,13,-1392.4050632911392,7.02775550791019,0.2642313009877194,2671
dKO,stable,dKO,14,-1341.7721518987341,7.07900829383947,0.2645475408998349,2671
dKO,stable,dKO,15,-1291.139240506329,7.13545072716392,0.2681382346457162,2671
dKO,stable,dKO,16,-1240.506329113924,7.159483956326323,0.27100283076971965,2671
dKO,stable,dKO,17,-1189.873417721519,7.153643461367201,0.2673884783348928,2671
dKO,stable,dKO,18,-1139.240506329114,7.046779356446439,0.25911991472763163,2671
dKO,stable,dKO,19,-1088.607594936709,6.967786036515435,0.2517607310686674,2671
dKO,stable,dKO,20,-1037.9746835443038,6.86305270269779,0.2483983663219277,2671
dKO,stable,dKO,21,-987.3417721518988,6.8151304084255235,0.24439236459059085,2671
dKO,stable,dKO,22,-936.7088607594937,6.730531988183791,0.23974975461655695,2671
dKO,stable,dKO,23,-886.0759493670887,6.663695367794722,0.23256819076013335,2671
dKO,stable,dKO,24,-835.4430379746836,6.6792365196604235,0.23300898516134846,2671
dKO,stable,dKO,25,-784.8101265822784,6.776127760508199,0.23551167848178192,2671
dKO,stable,dKO,26,-734.1772151898733,6.895322102112046,0.23920659062204666,2671
dKO,stable,dKO,27,-683.5443037974683,7.076038126857721,0.2524387913555282,2671
dKO,stable,dKO,28,-632.9113924050632,7.240066922346215,0.2620854542815056,2671
dKO,stable,dKO,29,-582.2784810126582,7.32830609123284,0.26232355405727453,2671
dKO,stable,dKO,30,-531.6455696202531,7.369712478862814,0.2623956250542317,2671
dKO,stable,dKO,31,-481.0126582278481,7.432259613477409,0.2680332239438844,2671
dKO,stable,dKO,32,-430.37974683544303,7.49493675343392,0.2792161425394333,2671
dKO,stable,dKO,33,-379.746835443038,7.5270990365530155,0.29008625107071495,2671
dKO,stable,dKO,34,-329.11392405063293,7.609569869497274,0.3072730608181513,2671
dKO,stable,dKO,35,-278.4810126582279,7.769909007096133,0.33214838061805424,2671
dKO,stable,dKO,36,-227.84810126582283,7.880905322418905,0.35164002056829297,2671
dKO,stable,dKO,37,-177.21518987341778,7.97922662230239,0.36413731262848625,2671
dKO,stable,dKO,38,-126.58227848101274,8.099738992268296,0.3756214887785923,2671
dKO,stable,dKO,39,-75.94936708860769,8.09549441787882,0.3572661675466744,2671
dKO,stable,dKO,40,-25.316455696202638,7.948979075661644,0.32280568412890986,2671
dKO,stable,dKO,41,25.31645569620241,7.82366535347201,0.29396763185353264,2671
dKO,stable,dKO,42,75.94936708860769,7.71818206988395,0.2716025382648461,2671
dKO,stable,dKO,43,126.58227848101251,7.617017330828193,0.2607875821836903,2671
dKO,stable,dKO,44,177.21518987341778,7.559052169358375,0.262695828676062,2671
dKO,stable,dKO,45,227.8481012658226,7.583984835212126,0.27173343708849823,2671
dKO,stable,dKO,46,278.4810126582279,7.7011707161378284,0.2854278025963971,2671
dKO,stable,dKO,47,329.1139240506327,7.820006788550848,0.3043273085493362,2671
dKO,stable,dKO,48,379.746835443038,7.866391292119404,0.3091570760295895,2671
dKO,stable,dKO,49,430.37974683544326,7.812671355930708,0.29661949637909224,2671
dKO,stable,dKO,50,481.0126582278481,7.675145722873854,0.28087374954099337,2671
dKO,stable,dKO,51,531.6455696202534,7.605887308430764,0.2820687312249103,2671
dKO,stable,dKO,52,582.2784810126582,7.657289308615872,0.2970810161152511,2671
dKO,stable,dKO,53,632.9113924050635,7.731910328638624,0.3183777286981383,2671
dKO,stable,dKO,54,683.5443037974683,7.792724383570023,0.3225202469093818,2671
dKO,stable,dKO,55,734.1772151898736,7.890203836642593,0.32733995077635186,2671
dKO,stable,dKO,56,784.8101265822784,7.92180490475565,0.3368156318784365,2671
dKO,stable,dKO,57,835.4430379746836,7.967832234351507,0.34615024240846426,2671
dKO,stable,dKO,58,886.0759493670885,7.928135606485048,0.34630237243774903,2671
dKO,stable,dKO,59,936.7088607594937,7.879128298995707,0.3405291531440834,2671
dKO,stable,dKO,60,987.3417721518986,7.773803540742398,0.3290586274906759,2671
dKO,stable,dKO,61,1037.9746835443038,7.5914051333313415,0.3095069720654654,2671
dKO,stable,dKO,62,1088.6075949367087,7.433016949195057,0.2915699152891349,2671
dKO,stable,dKO,63,1139.240506329114,7.297054313500246,0.2792702822514107,2671
dKO,stable,dKO,64,1189.8734177215188,7.171856123047882,0.2706267763950879,2671
dKO,stable,dKO,65,1240.506329113924,7.095159397474259,0.2612275596469356,2671
dKO,stable,dKO,66,1291.1392405063293,7.006211679470043,0.25000966238761374,2671
dKO,stable,dKO,67,1341.7721518987341,6.916263801583514,0.23914852726639066,2671
dKO,stable,dKO,68,1392.4050632911394,6.916041545555205,0.23638260166227962,2671
dKO,stable,dKO,69,1443.0379746835442,6.896419539772347,0.23324976630451963,2671
dKO,stable,dKO,70,1493.6708860759495,6.890663312117616,0.23634957226439848,2671
dKO,stable,dKO,71,1544.3037974683543,6.927236057258226,0.24415291274215278,2671
dKO,stable,dKO,72,1594.9367088607596,7.024594385989905,0.2566797815667567,2671
dKO,stable,dKO,73,1645.5696202531644,7.083894501313814,0.25857597948822625,2671
dKO,stable,dKO,74,1696.2025316455697,7.065518575190427,0.25396917326977386,2671
dKO,stable,dKO,75,1746.8354430379745,7.045590228716949,0.2496891050768879,2671
dKO,stable,dKO,76,1797.4683544303798,7.026082572373472,0.250151712169163,2671
dKO,stable,dKO,77,1848.1012658227846,7.061218193099842,0.2499330986087324,2671
dKO,stable,dKO,78,1898.73417721519,7.131133677630066,0.2591067640365034,2671
dKO,stable,dKO,79,1949.3670886075947,7.155827462402426,0.2764658009688873,2671
dKO,stable,dKO,80,2000,7.1252272837527695,0.28421561153132335,2671
dKO,lost,dKO,1,-2000,3.9588046425720895,0.5553885922781346,284
dKO,lost,dKO,2,-1949.367088607595,3.983592661297377,0.5288638008768085,284
dKO,lost,dKO,3,-1898.73417721519,4.102312910181816,0.5050679704880754,284
dKO,lost,dKO,4,-1848.1012658227849,4.108812612323134,0.4769596569991535,284
dKO,lost,dKO,5,-1797.4683544303798,3.990639837748008,0.4507809169805865,284
dKO,lost,dKO,6,-1746.8354430379748,4.008450835179275,0.43909094144653515,284
dKO,lost,dKO,7,-1696.2025316455697,3.8930322161386832,0.40668898485295735,284
dKO,lost,dKO,8,-1645.5696202531644,3.8577431525338985,0.3825209673501763,284
dKO,lost,dKO,9,-1594.9367088607596,3.891235594343691,0.4040589562013266,284
dKO,lost,dKO,10,-1544.3037974683543,3.919428328063007,0.38788260102130834,284
dKO,lost,dKO,11,-1493.6708860759495,3.913425673419881,0.38753820830041114,284
dKO,lost,dKO,12,-1443.0379746835442,3.936704935540616,0.41806626303984273,284
dKO,lost,dKO,13,-1392.4050632911392,3.895106207258265,0.4158796105120071,284
dKO,lost,dKO,14,-1341.7721518987341,3.7982205284509303,0.37776363471624674,284
dKO,lost,dKO,15,-1291.139240506329,3.792532447847962,0.33248851608307606,284
dKO,lost,dKO,16,-1240.506329113924,3.8708149205295133,0.33677771205622825,284
dKO,lost,dKO,17,-1189.873417721519,4.021746947334406,0.3729722548807059,284
dKO,lost,dKO,18,-1139.240506329114,4.21508477955357,0.4470916055448519,284
dKO,lost,dKO,19,-1088.607594936709,4.486556899735065,0.5276907036154026,284
dKO,lost,dKO,20,-1037.9746835443038,4.598762223471498,0.6108186281800541,284
dKO,lost,dKO,21,-987.3417721518988,4.668458588187684,0.6311620403076517,284
dKO,lost,dKO,22,-936.7088607594937,4.5472754398534,0.5593890686848593,284
dKO,lost,dKO,23,-886.0759493670887,4.452941942573154,0.46461044554219333,284
dKO,lost,dKO,24,-835.4430379746836,4.268686004023596,0.40676545577723516,284
dKO,lost,dKO,25,-784.8101265822784,4.257487392517882,0.3992860705996161,284
dKO,lost,dKO,26,-734.1772151898733,4.294673801506629,0.3786275200801561,284
dKO,lost,dKO,27,-683.5443037974683,4.2895444358850305,0.364241064358668,284
dKO,lost,dKO,28,-632.9113924050632,4.352296326350718,0.3835268670012875,284
dKO,lost,dKO,29,-582.2784810126582,4.401064931811861,0.41041238304160804,284
dKO,lost,dKO,30,-531.6455696202531,4.414538133289892,0.40031543512688506,284
dKO,lost,dKO,31,-481.0126582278481,4.468416568301094,0.41503426739151944,284
dKO,lost,dKO,32,-430.37974683544303,4.699869089753415,0.4620875486701192,284
dKO,lost,dKO,33,-379.746835443038,4.812544938099216,0.5025992757790804,284
dKO,lost,dKO,34,-329.11392405063293,5.161567331921886,0.568260703373203,284
dKO,lost,dKO,35,-278.4810126582279,5.376344644698738,0.6394508034987453,284
dKO,lost,dKO,36,-227.84810126582283,5.517448735872345,0.7172720632189045,284
dKO,lost,dKO,37,-177.21518987341778,5.536622655268566,0.7489957739196672,284
dKO,lost,dKO,38,-126.58227848101274,5.548858588449832,0.7884414046133985,284
dKO,lost,dKO,39,-75.94936708860769,5.6185214243388515,0.8483076631377441,284
dKO,lost,dKO,40,-25.316455696202638,5.511933145534265,0.8057961852067688,284
dKO,lost,dKO,41,25.31645569620241,5.361722449234954,0.7159070882649954,284
dKO,lost,dKO,42,75.94936708860769,5.0844291952993945,0.602816089515885,284
dKO,lost,dKO,43,126.58227848101251,4.780895069490576,0.5151870692173809,284
dKO,lost,dKO,44,177.21518987341778,4.761393931141482,0.5264634901714526,284
dKO,lost,dKO,45,227.8481012658226,4.864790463338435,0.5877621170494746,284
dKO,lost,dKO,46,278.4810126582279,4.801132634181372,0.6120775039238474,284
dKO,lost,dKO,47,329.1139240506327,4.8103647139654475,0.64248278457835,284
dKO,lost,dKO,48,379.746835443038,4.724163241769786,0.6506042347116683,284
dKO,lost,dKO,49,430.37974683544326,4.845340641633446,0.6758559620184234,284
dKO,lost,dKO,50,481.0126582278481,4.879645430300157,0.7478133933853472,284
dKO,lost,dKO,51,531.6455696202534,4.722422511087896,0.7517022409898395,284
dKO,lost,dKO,52,582.2784810126582,4.476719071621626,0.6423356032905796,284
dKO,lost,dKO,53,632.9113924050635,4.367844776169795,0.553899977245047,284
dKO,lost,dKO,54,683.5443037974683,4.327579330091186,0.5095604583836815,284
dKO,lost,dKO,55,734.1772151898736,4.276594560706,0.4925497478369762,284
dKO,lost,dKO,56,784.8101265822784,4.274740258835851,0.483232018866508,284
dKO,lost,dKO,57,835.4430379746836,4.366148318953357,0.48889501870440727,284
dKO,lost,dKO,58,886.0759493670885,4.415043523431944,0.4893032575423589,284
dKO,lost,dKO,59,936.7088607594937,4.499860701258753,0.49372608186823724,284
dKO,lost,dKO,60,987.3417721518986,4.474036242738016,0.531772681845109,284
dKO,lost,dKO,61,1037.9746835443038,4.402636313939318,0.5858379191867243,284
dKO,lost,dKO,62,1088.6075949367087,4.452421040716866,0.6166002303281722,284
dKO,lost,dKO,63,1139.240506329114,4.343288247476162,0.5677236732132913,284
dKO,lost,dKO,64,1189.8734177215188,4.131144879611445,0.47484172387295803,284
dKO,lost,dKO,65,1240.506329113924,3.9378906540131906,0.38879540918981764,284
dKO,lost,dKO,66,1291.1392405063293,3.8678455744270988,0.3392747039220293,284
dKO,lost,dKO,67,1341.7721518987341,3.7793808235025184,0.3212696316167366,284
dKO,lost,dKO,68,1392.4050632911394,3.8083802920439993,0.32709933697837174,284
dKO,lost,dKO,69,1443.0379746835442,3.951080054856242,0.34384705063409304,284
dKO,lost,dKO,70,1493.6708860759495,4.174315293937782,0.38696513077355016,284
dKO,lost,dKO,71,1544.3037974683543,4.282325270413793,0.421549735149028,284
dKO,lost,dKO,72,1594.9367088607596,4.266860526693819,0.44412393679940976,284
dKO,lost,dKO,73,1645.5696202531644,4.37293246690936,0.47997262226796333,284
dKO,lost,dKO,74,1696.2025316455697,4.355640214695617,0.5256873123787312,284
dKO,lost,dKO,75,1746.8354430379745,4.313317979084494,0.5110046719465346,284
dKO,lost,dKO,76,1797.4683544303798,4.254043365792489,0.4514131276286627,284
dKO,lost,dKO,77,1848.1012658227846,4.1865589496367415,0.4031124890692065,284
dKO,lost,dKO,78,1898.73417721519,4.175963519512208,0.367705432188275,284
dKO,lost,dKO,79,1949.3670886075947,4.199004724593789,0.3734091656333465,284
dKO,lost,dKO,80,2000,4.2373129899988715,0.4099940643742749,284
