entrez,n_g4,bucket,symbol,baseMean
100009600,24,4+,Zglp1,93.5136296774252
100009609,0,0,Vmn2r65,NA
100009614,0,0,Krtap12-22,NA
100009664,6,4+,F630206G17Rik,NA
100012,0,0,Oog3,NA
100017,4,4+,Ldlrap1,171.90260361332216
100019,7,4+,Mdn1,1987.3959245060976
100033459,0,0,Ifi208,NA
100034251,1,1,Wfdc17,NA
100034361,9,4+,Mfap1b,158.39905041897907
100034363,0,0,Tmsb15b2,146.20297720504334
100034684,0,0,Cstdc5,NA
100034726,13,4+,Gm15772,NA
100034729,0,0,Gm15114,NA
100034748,22,4+,Prr35,NA
100036518,0,0,Vmn1r223,NA
100036520,0,0,Gata5os,NA
100036521,17,4+,Umad1,11.27960263598342
100036523,8,4+,Gm16982,NA
100036537,4,4+,Gm11149,NA
100036768,17,4+,Gm11696,5.5454168573202605
100037258,0,0,Dnajc3,158.7687413209721
100037260,5,4+,9430060I03Rik,2.346099475406747
100037262,0,0,Gm12359,0.9973036879547144
100037278,0,0,Niban3,NA
100037282,0,0,Rsph3b,14.390040130510185
100037283,26,4+,Rnaset2a,96.4247679078481
100037396,5,4+,D030047H15Rik,NA
100038347,0,0,Fam174b,6.549166561797604
100038353,5,4+,Gm10532,1.3740413828886742
100038356,18,4+,Gm15612,NA
100038358,3,3,Gm10857,NA
100038363,0,0,Mir223hg,NA
100038371,6,4+,Zfp389,NA
100038374,0,0,Gm10714,NA
100038378,7,4+,Gm10433,2.156523387331117
100038392,13,4+,Gm10785,NA
100038394,1,1,Gm10512,NA
100038417,0,0,Spink13,NA
100038439,15,4+,Gm10556,NA
100038453,0,0,Gm12522,NA
100038454,0,0,Platr8,0.8804261258955632
100038464,0,0,Gm15441,1.348084511631731
100038468,4,4+,Gm10684,NA
100038479,0,0,Gm10787,NA
100038489,0,0,Apela,796.5393791523247
100038493,0,0,Gm13582,NA
100038494,6,4+,Gm10782,NA
100038514,23,4+,Gm11837,19.3256409565244
100038516,0,0,Gm10640,NA
100038522,1,1,Dnmt3aos,NA
100038525,0,0,Gm10804,NA
100038526,0,0,Gm16008,NA
100038538,0,0,Ramacl,NA
100038545,0,0,Gm10745,NA
100038554,0,0,Gm15348,NA
100038555,0,0,Gm10578,NA
100038556,0,0,Gm10445,NA
100038560,0,0,Gm10687,1.5109433545808018
100038566,22,4+,Gm10658,2.9488498391199776
100038570,0,0,Prcd,10.94627671745097
100038571,0,0,Gm12863,NA
100038574,0,0,Gm10415,NA
100038575,0,0,Gm10635,NA
100038577,0,0,Gm10790,NA
100038584,4,4+,Gm14812,NA
100038591,0,0,F420014N23Rik,NA
100038595,0,0,Gm16287,NA
100038599,0,0,Gm10710,NA
100038600,0,0,Gm11529,NA
100038602,28,4+,Gm10865,NA
100038607,0,0,Gm10636,NA
100038608,3,3,Gm10389,NA
100038614,4,4+,Gm10791,NA
100038617,0,0,Gm10466,NA
100038623,0,0,Gm10823,NA
100038627,0,0,F630042J09Rik,1.5605227241688355
100038628,4,4+,Gm10768,NA
100038653,3,3,Gm10538,NA
100038654,0,0,Gm10371,NA
100038657,4,4+,Myocos,NA
100038659,0,0,Mirt2,NA
100038666,0,0,Gm12298,NA
100038689,0,0,Gm10421,NA
100038690,3,3,Gm10732,NA
100038693,0,0,Tmem51os1,1.830286928163008
100038699,0,0,Gm10754,NA
100038706,0,0,Gm10637,NA
100038712,0,0,Gm10516,NA
100038713,0,0,Gm10432,3.168350900414424
100038714,0,0,Gm15401,NA
100038725,19,4+,Cep85l,24.433559631361906
100038728,0,0,Gm10373,NA
100038732,0,0,Gm11681,NA
100038734,0,0,Gm10845,NA
100038743,0,0,Gm13629,NA
100038746,0,0,Gm1976,3.560514841661823
100038752,0,0,Gm10825,NA
100038847,0,0,Gm10406,2.8347196458444976
100038854,0,0,Cstdc6,NA
100038859,0,0,Or10h1b,NA
100038860,0,0,Or10h1,NA
100038862,0,0,Btnl1,0.9119878245430636
100038882,0,0,Isg15,2.3310760850220418
100038909,0,0,Pira12,NA
100038912,18,4+,Ceacam-ps1,NA
100038927,0,0,Defa30,NA
100038941,0,0,Vmn2r121,NA
100038947,0,0,Sirpb1c,NA
100038948,1,1,Mup9,NA
100038949,0,0,Gm1979,NA
100038977,0,0,Gm1993,NA
100038982,0,0,Gm1995,NA
100039008,0,0,Mup10,NA
100039027,2,2,Gm2011,NA
100039028,0,0,Mup11,NA
100039030,0,0,Gm2012,NA
100039042,0,0,Eif1ad3,NA
100039043,0,0,Gm10731,NA
100039045,0,0,Speer4a2,NA
100039054,0,0,Mup12,NA
100039055,0,0,Gm16404,NA
100039060,0,0,Gm2026,NA
100039062,0,0,Gm2027,NA
100039065,0,0,Gm2030,NA
100039087,0,0,Gm2042,NA
100039089,0,0,Mup13,NA
100039116,0,0,Mup14,NA
100039120,0,0,Gm14525,NA
100039123,0,0,Gm14295,3.0902075335697115
100039138,2,2,Gm2061,NA
100039139,2,2,Ccdc152,17.939127722803413
100039148,0,0,Gm12128,NA
100039150,0,0,Mup15,NA
100039176,0,0,Gm13580,6.771671366439377
100039177,0,0,Mup16,NA
100039186,6,4+,Gm2087,NA
100039206,0,0,Mup17,NA
100039222,2,2,Gm2109,NA
100039239,0,0,Ctxnd1,NA
100039240,0,0,Gm10058,NA
100039315,0,0,Pramel51,NA
100039319,0,0,H2ab1,NA
100039348,0,0,Gm2176,NA
100039436,0,0,Mageb16-ps1,NA
100039467,0,0,Gm10487,NA
100039495,3,3,Gm15706,29.59707246622061
100039596,10,4+,Tcf24,8.945386532521386
100039641,0,0,E330012B07Rik,NA
100039672,5,4+,Msmp,NA
100039684,14,4+,5031434O11Rik,2.829504047431835
100039691,9,4+,Lncenc1,2051.33071560037
100039706,0,0,Gm2381,22.361595096704384
100039707,0,0,Mthfsl,34.777296809619486
100039727,1,1,1700049E15Rik,NA
100039781,9,4+,Hrct1,NA
100039795,0,0,Ildr2,22.34959909567571
100039796,0,0,Tgtp2,NA
100039801,3,3,Cldn24,NA
100039805,0,0,D5Ertd605e,10.806329273062213
100039864,0,0,Snhg12,275.0818841772274
100039890,0,0,Gm15093,NA
100039911,2,2,Gm2491,NA
100039913,0,0,Rhox2b,NA
100039934,0,0,Gm15085,NA
100039948,7,4+,Rhox2c,NA
100039953,0,0,Gfy,1.8306607849054868
100039954,0,0,Gm2516,NA
100039957,5,4+,Gm2518,NA
100039968,1,1,Tmem35b,28.61128557267348
100040016,0,0,Rhox2e,NA
100040049,0,0,Smim38,NA
100040201,0,0,Krtap6-3,NA
100040208,0,0,Gm2663,NA
100040214,0,0,Krtap6-7,NA
100040233,0,0,Prss3l,NA
100040248,0,0,Krtap4-25,NA
100040268,0,0,Or13c7c,NA
100040276,0,0,Krtap4-22,NA
100040294,1,1,Cbln1os,NA
100040298,0,0,Gm15501,NA
100040299,16,4+,Krtap10-20,NA
100040322,20,4+,3830408C21Rik,3.0514738758103133
100040328,0,0,Gm2716,NA
100040339,3,3,Gm2721,NA
100040421,0,0,Gm2762,1.8654663094319024
100040462,0,0,Mndal,0.9711646324446612
100040482,0,0,Btbd35f2,NA
100040525,0,0,Tmem181c-ps,NA
100040533,0,0,Btbd35f5,NA
100040557,0,0,Gm12408,NA
100040563,0,0,Dynlt1c,1.3705718654699424
100040567,14,4+,Gm12409,NA
100040591,0,0,Kcnj13,NA
100040599,0,0,Potefam3a,NA
100040606,0,0,Btbd35f12,NA
100040608,0,0,Fancf,56.74218335229383
100040617,0,0,Wincr1,NA
100040671,0,0,Gm2897,NA
100040722,0,0,Btbd35f13,NA
100040724,0,0,Mirg,165.08921862192898
100040732,0,0,Btbd35f14,NA
100040736,6,4+,Foxd2os,2.088154888636834
100040766,0,0,Mroh2a,NA
100040769,0,0,Gm15506,NA
100040792,6,4+,Gm11627,71.16904496258034
100040843,0,0,Cyp4a32,NA
100040851,0,0,Gm9767,NA
100040852,0,0,Gm3002,NA
100040861,0,0,Gm13057,NA
100040867,0,0,Gm16405,NA
100040880,0,0,Gm3020,NA
100040882,0,0,1700017G19Rik,NA
100040937,0,0,Cldn34b1,NA
100040944,0,0,Gm3055,NA
100040970,0,0,Rpl14-ps1,NA
100040972,0,0,Tceal7,25.723393110816435
100040999,0,0,Gm3086,NA
100041062,0,0,Gm13286,NA
100041077,5,4+,Pramel61,NA
100041085,0,0,Mfsd4b3-ps,NA
100041096,0,0,Iqcf6,NA
100041099,13,4+,Gm3137,NA
100041108,4,4+,Gm3143,1.8520685869665512
100041151,0,0,Gm3636,NA
100041187,0,0,Or52e19,NA
100041230,0,0,H4c17,NA
100041231,0,0,Gm3219,NA
100041250,1,1,Krtap10-21,NA
100041253,0,0,Pramel60,NA
100041261,0,0,Krtap10-22,NA
100041273,0,0,Ndufb4c,NA
100041281,0,0,Krtap10-23,NA
100041286,1,1,Snhg15,75.98303706574367
100041294,0,0,Supt4b,NA
100041296,0,0,Pramel47,NA
100041306,0,0,Gm3264,NA
100041311,0,0,Gm11978,NA
100041339,0,0,Gm3279,NA
100041347,0,0,Ccdc201,NA
100041351,0,0,Krtap10-24,NA
100041352,0,0,Tcp10c,NA
100041375,0,0,Cyp3a41b,NA
100041379,0,0,Zfp980,260.83618647076753
100041412,0,0,Krtap2-22,NA
100041433,0,0,Zfp981,239.60684439079424
100041449,0,0,Cyp3a59,NA
100041479,0,0,Gm3363,NA
100041480,0,0,Myef2l,NA
100041488,0,0,Krtap2-21,NA
100041515,0,0,Gm3383,NA
100041530,0,0,Gm10409,NA
100041546,0,0,Ly6c2,1.6916809213159472
100041548,3,3,Gm3402,NA
100041554,0,0,Gm3404,NA
100041562,0,0,Gm14762,NA
100041566,0,0,Gm3409,NA
100041574,0,0,Ermardl2,NA
100041579,21,4+,Gm20878,NA
100041581,9,4+,Zkscan16,NA
100041585,9,4+,Amd2,23.64766274440531
100041586,5,4+,Dynlt2a3,NA
100041596,0,0,Gal3st2b,NA
100041605,0,0,Gm3428,NA
100041618,0,0,Gm3434,NA
100041621,0,0,Ermardl1,NA
100041639,5,4+,Dynlt2a2,NA
100041655,35,4+,Gm10863,NA
100041658,0,0,Mup7,NA
100041677,0,0,Zfp984,97.0721153041983
100041678,0,0,Gm3500,NA
100041687,0,0,Mup8,NA
100041688,0,0,Defa35,NA
100041694,0,0,Ppp1r36dn,NA
100041722,0,0,1700049E17Rik2,NA
100041724,0,0,Gm15217,NA
100041759,0,0,Defa41,NA
100041774,0,0,Gm10413,NA
100041787,0,0,Defa40,NA
100041805,0,0,Gm3519,NA
100041811,0,0,Defa27,NA
100041840,0,0,Gm10408,NA
100041874,0,0,Gm3558,NA
100041890,0,0,Defa32,NA
100041895,0,0,Defa37,NA
100041952,0,0,Defa34,NA
100041953,3,3,Sap18b,12.127493277261944
100041965,15,4+,Oaz1-ps,NA
100041979,0,0,Gm3604,25.203348644558748
100042049,0,0,Gm15421,NA
100042055,0,0,Gm10377,NA
100042056,0,0,9130019P16Rik,NA
100042065,0,0,Gm3646,NA
100042132,13,4+,Gm12371,NA
100042143,6,4+,Gm3693,NA
100042149,0,0,Gm3696,NA
100042150,0,0,Nrg2,1.723622997826949
100042165,0,0,Thoc2l,NA
100042166,0,0,Gm3704,NA
100042173,3,3,Rps15a-ps6,NA
100042194,0,0,Gm13446,NA
100042198,0,0,Gm3716,3.8019874916774854
100042254,0,0,Btbd35f4,NA
100042275,0,0,Btbd35f27,NA
100042291,0,0,Gm3772,NA
100042295,0,0,Gsta13,NA
100042314,0,0,Gsta5,NA
100042332,13,4+,Reno1,NA
100042342,0,0,Gm10375,NA
100042415,0,0,Mnd1-ps,NA
100042437,0,0,Vmn1r79,NA
100042450,0,0,Smim17,NA
100042480,2,2,Nhsl2,19.12730994612656
100042498,18,4+,Mir22hg,54.95750397820454
100042499,3,3,Vmn2r55,NA
100042514,0,0,Sprr2a3,14.72724466398039
100042584,0,0,Gm16523,NA
100042591,0,0,Vmn2r31,NA
100042605,13,4+,Rbakdn,6.902290808295658
100042636,0,0,Vmn2r34,NA
100042639,0,0,Gm3942,NA
100042653,0,0,Vmn2r36,NA
100042715,2,2,Gm3985,NA
100042757,0,0,Gm4013,1.2812108348682436
100042781,0,0,Vmn2r40,NA
100042782,0,0,Fthl17d,NA
100042784,7,4+,Prdm11,13.68953584161294
100042807,0,0,Eif3j2,318.03114340585364
100042810,0,0,Vmn2r45,NA
100042814,0,0,Apol7d,6.246614234921148
100042848,0,0,Vmn2r41,NA
100042855,1,1,Gm10267,NA
100042856,0,0,Gvin2,NA
100042889,8,4+,C920021L13Rik,0.9358620867466504
100042891,0,0,Vmn2r47,NA
100042894,0,0,Vmn2r46,NA
100042921,0,0,Vmn2r51,NA
100042922,0,0,H2al1a,NA
100042926,0,0,Gm13546,6.810310876152154
100042927,0,0,H2al1b,NA
100042931,0,0,H2al1d,NA
100042943,0,0,H2al1g,NA
100042948,12,4+,Gm15760,NA
100042964,0,0,Vmn1r243,NA
100042966,0,0,Vmn1r-ps79,NA
100042968,0,0,Vmn1r101,NA
100042982,0,0,Gm4146,NA
100042996,0,0,Vmn1r114,NA
100043013,0,0,Vmn1r126,NA
100043016,0,0,Vmn1r131,NA
100043019,0,0,Vmn1r247,NA
100043033,0,0,Gm16451,NA
100043034,0,0,Rex2,28.563409243440507
100043037,0,0,Vmn1r250,NA
100043040,15,4+,1110002L01Rik,61.68891767928996
100043043,0,0,Vmn1r253,NA
100043057,0,0,Tmem207,NA
100043058,0,0,Gm10665,NA
100043061,0,0,Vmn1r256,NA
100043065,0,0,6030469F06Rik,NA
100043067,0,0,Vmn1r158,NA
100043079,0,0,Vmn1r258,NA
100043083,0,0,Vmn1r259,NA
100043088,0,0,Vmn1r166,NA
100043092,3,3,Gm4224,NA
100043101,0,0,Vmn1r168,NA
100043102,6,4+,4632428C04Rik,NA
100043103,0,0,Vmn1r169,NA
100043108,0,0,Cyp2c69,4.14015301730548
100043123,2,2,Cd300ld4,NA
100043125,0,0,Cd300ld5,NA
100043132,0,0,Gm4251,NA
100043133,0,0,Zfp696,NA
100043150,0,0,Gm4265,NA
100043169,4,4+,Gm4278,NA
100043180,0,0,Gm28269,NA
100043188,1,1,Spopfm2,NA
100043189,0,0,Gm4285,4.158755653463199
100043194,0,0,Sult2a2,NA
100043200,0,0,Or10u4,NA
100043213,0,0,5330434G04Rik,NA
100043216,0,0,Gm4297,NA
100043224,0,0,Alyreffm4,NA
100043229,0,0,Gm10046,NA
100043231,0,0,Alyreffm6,NA
100043232,0,0,3110099E03Rik,NA
100043247,0,0,Alyreffm9,NA
100043254,0,0,Nps,NA
100043272,0,0,Inafm2,14.71763301332368
100043300,0,0,Esp16,NA
100043305,13,4+,Gm4349,NA
100043309,0,0,4732414G09Rik,NA
100043314,0,0,Tigit,1.1977794959702306
100043315,0,0,LOC100043315,NA
100043326,0,0,Scgb2b3,NA
100043332,0,0,Ankrd66,NA
100043381,0,0,Gm14308,1.404537769044433
100043387,0,0,Gm14305,5.441782278331462
100043416,0,0,Gm4425,2.917485671199897
100043424,0,0,Morrbid,48.72452389584342
100043434,0,0,Gm4432,NA
100043450,0,0,AA387883,NA
100043456,0,0,Hsd3b8,NA
100043468,0,0,Zfp955b,87.87249666762612
100043474,0,0,Or10h5,NA
100043489,2,2,1300002E11Rik,36.87378090774719
100043497,0,0,Nat8f7,NA
100043507,5,4+,Gng5-ps,NA
100043513,0,0,Gm4489,NA
100043523,0,0,Vmn1r242,NA
100043536,0,0,Vmn1r100,NA
100043566,0,0,Gm10668,NA
100043569,0,0,Vmn1r112,NA
100043580,0,0,Gm4532,NA
100043582,0,0,AU016765,NA
100043597,16,4+,Srcap,51.156523045009706
100043609,0,0,Gm14207,NA
100043614,0,0,Vmn1r137,NA
100043627,11,4+,Krtap5-20,NA
100043636,0,0,Slfnlnc,NA
100043644,3,3,Gm4566,NA
100043682,7,4+,Gm10584,NA
100043684,0,0,Amy2a4,NA
100043686,0,0,Amy2a3,NA
100043688,0,0,Amy2a2,NA
100043706,1,1,Gm4598,0.5701111903279361
100043757,5,4+,Zfp831,NA
100043765,2,2,Gm4632,NA
100043766,3,3,Gm14057,NA
100043772,0,0,Zfp850,223.8868986885832
100043793,6,4+,Gm4651,NA
100043813,0,0,Rps27rt,3067.6219946172746
100043817,0,0,Gm4668,NA
100043827,0,0,Scgb2b1,NA
100043836,0,0,Scgb2b7,NA
100043842,0,0,Scgb2b11,NA
100043856,0,0,Scgb2b18,NA
100043860,0,0,Scgb1b24,NA
100043861,3,3,Klrb1,NA
100043868,3,3,Scgb1b30,NA
100043885,0,0,Gm4710,NA
100043899,1,1,R3hdml,13.925831260187213
100043902,0,0,Six3os1,2.871239125840624
100043904,0,0,Gm4719,NA
100043911,0,0,Ppp4r1l-ps,NA
100043946,0,0,Gm14635,NA
100044193,0,0,Gm20939,40.94322404414899
100044509,0,0,Tgfbr3l,1.9171837632260968
100045066,0,0,Gm17767,1.6897777499233746
100045469,21,4+,Gm14204,NA
100045792,4,4+,Ect2l,NA
100047123,8,4+,Gm15743,NA
100047133,0,0,Gm16894,NA
100048534,1,1,Cfap43,3.080014576887701
100048658,19,4+,Ddx43,65.41080927936933
100048701,0,0,AI847159,4.106555906376155
100048884,0,0,Mup18,NA
100048895,0,0,9330020H09Rik,7.112993121798998
100049161,0,0,Gm13032,NA
100049545,0,0,Mir741,NA
100049546,0,0,Mir743,NA
100049547,0,0,Mir804,NA
100049548,0,0,Mir742,NA
100049549,5,4+,Mir181d,NA
100049710,9,4+,Mir290a,NA
100049711,9,4+,Mir292,NA
100049712,7,4+,Mir294,NA
100049713,7,4+,Mir295,NA
100049714,8,4+,Mir293,NA
100049715,9,4+,Mir291a,NA
100061,0,0,Lrrc19,NA
100066,0,0,Cyp2j11,NA
100072,0,0,Camta1,348.11107885582777
100073351,0,0,Yy2,NA
100087,2,2,Kti12,188.48925555490197
100088,5,4+,Rcc1,436.910240515668
100090,0,0,Zbtb48,32.58053330077029
100093700,0,0,Gm10400,NA
100093714,0,0,Gm12296,NA
100101457,0,0,A830035O19Rik,NA
100101806,0,0,Srp54c,4.934642967143441
100101807,0,0,Fam177a2,NA
100101919,0,0,Dnah7c,2.1044187518480624
100102,12,4+,Pcsk9,6.002127866250496
100113364,2,2,Snora15,NA
100113394,0,0,Astx5,NA
100113398,3,3,Adat3,NA
100121,0,0,Tdrd7,12.81663357792416
100124431,0,0,Mir18b,NA
100124432,0,0,Mir193b,NA
100124433,0,0,Mir208b,NA
100124437,0,0,Mir327,NA
100124438,0,0,Mir343,NA
100124439,0,0,Mir344-2,NA
100124440,0,0,Mir465b-2,NA
100124441,0,0,Mir465c-1,NA
100124442,0,0,Mir466b-2,NA
100124443,0,0,Mir466c-1,NA
100124447,0,0,Mir467d,NA
100124449,0,0,Mir509,NA
100124450,0,0,Mir544,NA
100124451,18,4+,Mir574,NA
100124452,3,3,Mir598,NA
100124453,0,0,Mir654,NA
100124456,0,0,Mir872,NA
100124457,0,0,Mir873a,NA
100124458,0,0,Mir876,NA
100124459,0,0,Mir877,NA
100124460,0,0,Mir881,NA
100124461,0,0,Mir882,NA
100124462,0,0,Mir883a,NA
100124463,0,0,Mir105,NA
100124466,8,4+,Mir493,NA
100124467,0,0,Mir568,NA
100124468,0,0,Mir653,NA
100124469,0,0,Mir875,NA
100124470,33,4+,Mir92b,NA
100124471,9,4+,Mir291b,NA
100124473,0,0,Mir465b-1,NA
100124474,0,0,Mir466b-3,NA
100124476,0,0,Mir504,NA
100124478,0,0,Mir871,NA
100124479,0,0,Mir878,NA
100124480,0,0,Mir880,NA
100124481,4,4+,Mir190b,NA
100124484,0,0,Mir453,NA
100124485,0,0,Mir466b-1,NA
100124487,0,0,Mir467c,NA
100124488,0,0,Mir511,NA
100124489,0,0,Mir582,NA
100124491,0,0,Mir874,NA
100124492,0,0,Mir879,NA
100124493,0,0,Mir883b,NA
100124494,0,0,Mir421,NA
100124495,0,0,Mir466g,NA
100124496,0,0,Mir743b,NA
100124625,0,0,Mir467a-4,NA
100124626,0,0,Mir467a-5,NA
100124640,0,0,Mir466e,NA
100124642,0,0,Mir467a-3,NA
100124643,0,0,Mir467a-8,NA
100124649,0,0,Mir683-2,NA
100124668,0,0,Mir466c-2,NA
100125339,0,0,A230020J21Rik,NA
100125586,1,1,Vmn2r2,NA
100125594,0,0,LOC100125594,NA
100125929,23,4+,0610009E02Rik,7.562619622930645
100125931,0,0,Phtf1os,8.467617587818978
100126203,0,0,6820426E19Rik,NA
100126224,0,0,Gm11747,NA
100126226,0,0,Krt83,NA
100126227,4,4+,Gm13031,NA
100126242,7,4+,Frs3os,5.486615141786402
100126243,6,4+,A030001D20Rik,NA
100126244,0,0,Gm13262,NA
100126269,10,4+,BC048602,NA
100126692,0,0,B020018J22Rik,NA
100126765,0,0,Esp36,NA
100126766,0,0,Esp3,NA
100126768,0,0,Esp31,NA
100126773,0,0,Esp34,NA
100126774,0,0,Esp18,NA
100126775,0,0,Esp38,NA
100126776,0,0,Esp24,2.4031173223161435
100126777,0,0,Esp4,0.6135826695985095
100126778,0,0,Esp8,1.2374218414841038
100126779,0,0,Esp23,NA
100126795,1,1,Gm10575,3.178970025371462
100126824,6,4+,Sco2,206.6154778330769
100127111,2,2,Snord22,NA
100127433,0,0,Gm11532,1.0007461895505247
100129,0,0,Gpr153,45.01144150244173
100134861,1,1,Gm44502,NA
100134990,0,0,Selenok-ps1,1.2599804380105344
100135654,0,0,Rhox3c,NA
100135657,0,0,Rhox3e,NA
100141474,0,0,4933428G20Rik,0.6185624172695748
100151693,6,4+,Gm10364,NA
100155,0,0,Shoc1,4.3857755372536795
100163,0,0,Pafah2,67.0751854426957
100165,0,0,AI507597,NA
100169,0,0,Phactr4,184.8094158616171
100169864,0,0,Gm44504,NA
100169874,26,4+,Gm11110,2.398938751965391
100169878,0,0,Gm10941,1.4296112254694389
100170401,0,0,EU599041,8.069200968809119
100174921,0,0,4930505N22Rik,NA
100177,2,2,Zmym6,6.228256349323283
100182,0,0,Akna,46.09608966204425
100189605,0,0,Mup19,NA
100190765,0,0,Mir449b,NA
100191037,0,0,Krtap10-4,NA
100196896,0,0,BC048559,1.4500394820591784
100198,2,2,H6pd,35.47103552817471
100201,23,4+,Tmem64,661.8535850023248
100206,12,4+,Adprs,NA
100210,2,2,Gpn2,23.965633939822855
100213,26,4+,Rusc2,23.163543556421057
100216455,0,0,Zfp1005,NA
100216474,7,4+,Ttll2,NA
100216530,4,4+,Snord118,NA
100216531,0,0,Snord1b,NA
100216532,6,4+,Snord2,NA
100216533,0,0,Snord55,NA
100216534,0,0,Snord96a,NA
100216535,0,0,Scarna9,NA
100216536,0,0,Snord1c,NA
100216537,3,3,Snord104,NA
100216538,0,0,Snord1a,NA
100216539,0,0,Snord4a,NA
100216540,0,0,Snord95,NA
100217413,4,4+,Scarna10,NA
100217414,0,0,Scarna3a,NA
100217415,1,1,Scarna6,NA
100217416,4,4+,Snora2b,NA
100217417,0,0,Snora34,NA
100217418,0,0,Snora44,NA
100217419,0,0,Snora52,NA
100217420,0,0,Snora81,NA
100217421,1,1,Snord11,NA
100217422,0,0,Snord13,NA
100217423,0,0,Snord19,NA
100217424,0,0,Snord38a,NA
100217425,0,0,Snord45c,NA
100217426,0,0,Snord49b,NA
100217427,8,4+,Snord52,NA
100217428,0,0,Snord57,NA
100217429,0,0,Snord64,NA
100217430,0,0,Snord66,NA
100217431,0,0,Snord69,NA
100217432,0,0,Snord71,NA
100217433,1,1,Snord88a,NA
100217434,0,0,Snord88c,NA
100217435,0,0,Snord90,NA
100217436,8,4+,Snord93,NA
100217437,0,0,Snord99,NA
100217438,11,4+,Scarna2,NA
100217440,0,0,Snora61,NA
100217441,14,4+,Snord23,NA
100217442,3,3,Snora30,NA
100217443,5,4+,Snord12,NA
100217444,0,0,Snord65,NA
100217445,0,0,Snord8,NA
100217446,0,0,Snord47,NA
100217447,0,0,Scarna3b,NA
100217448,1,1,Scarna8,NA
100217449,0,0,Snora36b,NA
100217450,0,0,Snora47,NA
100217451,0,0,Snora7a,NA
100217452,1,1,Snord110,NA
100217453,6,4+,Snord16a,NA
100217454,9,4+,Snord37,NA
100217455,0,0,Snord49a,NA
100217456,0,0,Snord53,NA
100217458,0,0,Snord67,NA
100217459,1,1,Snord70,NA
100217460,4,4+,Snord85,NA
100217461,1,1,Snord89,NA
100217462,0,0,Snord92,NA
100217463,1,1,Snord98,NA
100217464,14,4+,Snora41,NA
100217465,8,4+,Snord111,NA
100217466,0,0,Scarna17,NA
100217467,5,4+,Snora5c,NA
100217468,0,0,Snord45b,NA
100217469,4,4+,Snord91a,NA
100226,0,0,Stx12,339.083658376787
100233175,0,0,Gon7,NA
100233207,0,0,Spmip2,NA
100233208,0,0,Gm10778,NA
100270707,0,0,Gm14379,NA
100270744,9,4+,Btbd18,4.038231721720974
100271704,4,4+,Scpppq1,NA
100271841,0,0,Uckl1os,0.9493270977238012
100271882,0,0,Zfp1004,NA
100271928,0,0,Gm15881,NA
100273,0,0,Osbpl9,311.39209720763745
100286843,0,0,Gm16325,NA
100294583,0,0,Alkal2,0.9903457307041076
100294660,0,0,Defa2,NA
100302498,2,2,Snora21,NA
100302499,0,0,Snora3,NA
100302529,0,0,Snord72,NA
100302565,19,4+,Snord68,NA
100302567,12,4+,AF357399,NA
100302600,0,0,Snord43,NA
100302601,5,4+,Snord83b,NA
100302634,0,0,Astx6,NA
100302648,0,0,Gm11944,1.1240125115491275
100302688,0,0,Gm17455,NA
100302730,0,0,5830417I10Rik,NA
100303644,0,0,Actc1dt,NA
100303646,0,0,Gm26922,NA
100303731,0,0,Gm10874,0.7629361791164719
100303736,0,0,Snora35,NA
100303738,14,4+,D030025P21Rik,6.327086693374742
100303740,1,1,Snora75,NA
100303746,0,0,Snora20,NA
100303747,2,2,Gm12238,4.665891027949766
100303751,0,0,Snora31,NA
100306943,14,4+,Scarna13,NA
100306952,16,4+,Snora78,NA
100306954,0,0,Snora17,NA
100306955,0,0,Snora43,NA
100306957,0,0,Snora24,NA
100310813,0,0,Snora16a,NA
100310872,0,0,Dynlt1a,35.68453265597332
100312470,0,0,Vmn1r2,NA
100312471,0,0,Vmn1r3,NA
100312473,0,0,Vmn1r86,12.209659794973874
100312474,0,0,Vmn1r88,4.555338514832294
100312476,0,0,Vmn1r238,NA
100312477,0,0,Vmn1r184,NA
100312484,0,0,Vmn1r196,NA
100312485,0,0,Vmn1r221,NA
100312948,0,0,Pate8,NA
100312949,0,0,Pate10,NA
100312956,0,0,Pate3,NA
100312986,0,0,Pate7,NA
100312987,0,0,Pate1,NA
100313519,0,0,Snord17,NA
100313531,7,4+,Nkx2-2os,NA
100313943,2,2,Snora26,NA
100316663,0,0,Mir669k,NA
100316664,0,0,Mir669d,NA
100316665,0,0,Mir466i,NA
100316667,0,0,Mir669f,NA
100316668,0,0,Mir669i,NA
100316669,0,0,Mir1188,NA
100316670,1,1,Mir466k,NA
100316671,0,0,Mir466j,NA
100316672,0,0,Mir1192,NA
100316673,6,4+,Mir1193,NA
100316674,2,2,Mir467g,NA
100316675,0,0,Mir467h,NA
100316676,0,0,Mir1195,NA
100316677,0,0,Mir1199,NA
100316678,0,0,Mir1902,NA
100316679,0,0,Mir1897,NA
100316680,0,0,Mir1903,NA
100316681,7,4+,Mir1900,NA
100316682,0,0,Mir1892,NA
100316683,3,3,Mir1904,NA
100316684,0,0,Mir1898,NA
100316685,0,0,Mir1907,NA
100316686,0,0,Mir1901,NA
100316687,0,0,Mir1928,NA
100316688,6,4+,Mir1929,NA
100316689,8,4+,Mir1931,NA
100316690,0,0,Mir1932,NA
100316693,4,4+,Mir1938,NA
100316694,4,4+,Mir1941,NA
100316695,3,3,Mir1943,NA
100316697,0,0,Mir1946a,NA
100316698,0,0,Mir1947,NA
100316699,0,0,Mir1948,NA
100316700,4,4+,Mir1949,NA
100316701,0,0,Mir669m-1,NA
100316702,0,0,Mir669o,NA
100316703,0,0,Mir1951,NA
100316704,0,0,Mir1953,NA
100316705,0,0,Mir669n,NA
100316706,1,1,Mir1956,NA
100316708,2,2,Mir1958,NA
100316709,0,0,Mir1960,NA
100316710,15,4+,Mir1963,NA
100316711,2,2,Mir1964,NA
100316712,0,0,Mir1966,NA
100316713,14,4+,Mir1968,NA
100316714,0,0,Mir1946b,NA
100316715,0,0,Mir1971,NA
100316716,12,4+,Mir1983,NA
100316717,0,0,Mir1839,NA
100316725,0,0,Mir2136,NA
100316727,0,0,Mir2139,NA
100316735,0,0,Mir432,NA
100316736,0,0,Mir599,NA
100316737,0,0,Mir664,NA
100316739,0,0,Mir1224,NA
100316749,0,0,Mir467f,NA
100316751,0,0,Mir1197,NA
100316752,6,4+,Mir1896,NA
100316753,2,2,Mir1933,NA
100316756,2,2,Mir1955,NA
100316769,0,0,Mir466l,NA
100316770,0,0,Mir669j,NA
100316772,0,0,Mir1899,NA
100316773,33,4+,Mir1893,NA
100316774,11,4+,Mir1942,NA
100316775,5,4+,Mir1950,NA
100316776,7,4+,Mir1954,NA
100316777,0,0,Mir1969,NA
100316778,14,4+,Mir1982,NA
100316779,0,0,Mir2137,NA
100316783,0,0,Mir1b,NA
100316784,0,0,Mir1927,NA
100316802,0,0,Mir669g,NA
100316803,0,0,Mir1187,NA
100316804,0,0,Mir466f-4,NA
100316805,0,0,Mir1190,NA
100316806,0,0,Mir669e,NA
100316807,0,0,Mir1198,NA
100316808,0,0,Mir1905,NA
100316810,0,0,Mir1894,NA
100316811,0,0,Mir1930,NA
100316812,9,4+,Mir1936,NA
100316814,5,4+,Mir1306,NA
100316815,0,0,Mir669l,NA
100316816,0,0,Mir1952,NA
100316818,0,0,Mir1962,NA
100316819,0,0,Mir1967,NA
100316820,0,0,Mir1970,NA
100316821,4,4+,Mir1981,NA
100316827,0,0,Mir767,NA
100316831,0,0,Mir669h,NA
100316832,0,0,Mir1895,NA
100316833,0,0,Mir1945,NA
100316834,0,0,Mir669m-2,NA
100316839,11,4+,Mir1191,NA
100316840,0,0,Mir1934,NA
100316841,0,0,Mir1961,NA
100316903,30,4+,Gm20605,NA
100316932,4,4+,Snora28,NA
100317,6,4+,AU040320,107.00157720686786
100322896,0,0,Dthd1,NA
100328588,26,4+,Il4i1b,NA
100336,1,1,Ppp1r8,426.0673744451694
100340,2,2,Smpdl3b,115.32226654089068
100342,26,4+,Tent5b,116.21100213605048
100359413,0,0,AA413626,NA
100379145,0,0,Snora23,NA
100379610,0,0,Gm11651,NA
100380944,0,0,Ino80dos,1.897118671878062
100382,0,0,AW011738,1.250932198420794
100383,1,1,Bsdc1,37.25674920825483
100384868,0,0,Pcdha4b,NA
100384890,0,0,D230030E09Rik,NA
100415784,0,0,Gm17830,NA
100415785,0,0,Krtap9-20,NA
100415787,8,4+,Tomm6os,NA
100415901,2,2,Gm13648,9.6849154394196
100415912,0,0,Gm11665,NA
100415914,1,1,Gm12505,NA
100415915,30,4+,Parail,NA
100415916,0,0,Gm15997,NA
100416706,0,0,Zfp729b,111.28406514731842
100416830,0,0,Zfp572,NA
100417125,0,0,Gm18409,NA
100417434,0,0,AA543401,NA
100417514,0,0,Adh6b,NA
100417675,0,0,Nlrp5-ps,NA
100417829,0,0,Gvin-ps2,NA
100417973,0,0,Pou5f1-rs6,NA
100418302,5,4+,4930555K19Rik,NA
100434,30,4+,Slc44a1,413.1271619126196
100463512,0,0,Mtrnr2l7,NA
100465,7,4+,Mob3c,10.06392723555924
100470,11,4+,Lao1,NA
100473,0,0,BB031773,NA
100494,4,4+,Zfand2a,32.8968681403406
100499512,0,0,Mir3475,NA
100499513,0,0,Mir3099,NA
100499514,18,4+,Mir2861,NA
100499517,4,4+,Mir3072,NA
100499519,1,1,Mir3470b,NA
100499521,0,0,Mir3471-1,NA
100499523,0,0,Mir3471-2,NA
100499526,0,0,Mir3472,NA
100499528,0,0,Mir3473a,NA
100499529,3,3,Mir3474,NA
100502590,0,0,Tex50,NA
100502601,3,3,Gm19276,NA
100502602,5,4+,Gm19277,NA
100502619,0,0,AW046200,NA
100502624,0,0,Gm13483,NA
100502630,10,4+,Gm15545,29.017144954332736
100502636,3,3,Gm19299,NA
100502643,0,0,Gm19303,NA
100502653,4,4+,C130060C02Rik,NA
100502695,0,0,Gm17399,NA
100502698,4,4+,Rubcn,48.95030432042014
100502700,0,0,AV039307,NA
100502723,12,4+,Tsga8,NA
100502734,0,0,Gm16023,1.4933273130319182
100502736,0,0,Gm19345,0.9526659496051596
100502742,24,4+,1700007L15Rik,12.996131121929084
100502745,1,1,2900009J06Rik,22.754924163641448
100502764,0,0,Gm16617,NA
100502766,0,0,Kifc1,126.40625618559002
100502803,0,0,Krtap2-20,NA
100502819,0,0,BC065403,NA
100502820,0,0,Gm19395,NA
100502825,23,4+,Rpl37rt,NA
100502829,10,4+,Gm9899,NA
100502831,6,4+,Krtap10-33,NA
100502834,0,0,Gm15972,NA
100502841,2,2,Epg5,31.55688397932613
100502842,1,1,Gm14718,NA
100502846,0,0,Gm19410,NA
100502861,0,0,Ccdc13,1.6110030923935434
100502865,0,0,Krtap4-27,NA
100502868,0,0,Gm20597,NA
100502876,0,0,Kcnmb3,NA
100502887,4,4+,Or2t49,NA
100502888,0,0,Gm19434,1.109032834632608
100502896,0,0,Msantd5f3,NA
100502917,0,0,Gm12130,NA
100502920,0,0,Gm16998,NA
100502921,7,4+,Krtap12-21,NA
100502924,2,2,Gm38423,NA
100502932,0,0,Gm13544,NA
100502933,11,4+,Gm19461,NA
100502936,0,0,Ube2q2l,NA
100502940,0,0,Pou2af3,NA
100502942,0,0,Gm4814,NA
100502945,0,0,Gm19466,NA
100502946,6,4+,Gm16796,NA
100502950,0,0,Gm3336,10.315225291409584
100502953,0,0,Krtap12-20,NA
100502967,0,0,Speer4c1,NA
100502982,1,1,BC037704,5.886309159008811
100502985,13,4+,Gm10814,NA
100503003,8,4+,Gm17484,2.347973853843834
100503007,0,0,Gm19500,1.2855849132425043
100503019,0,0,Gm16551,NA
100503021,0,0,Gm19510,1.371295024659093
100503033,0,0,Gm19519,NA
100503036,0,0,Ccdc179,NA
100503040,0,0,Gm19522,NA
100503041,0,0,Pdzd7,13.831421893662135
100503043,0,0,Armcx4,266.1484404014876
100503044,0,0,A730020M07Rik,NA
100503068,1,1,Smim43,NA
100503072,0,0,Gm16291,NA
100503074,0,0,2610016A17Rik,NA
100503085,0,0,Klhl3,4.3396281489575035
100503104,0,0,Gm19557,NA
100503106,0,0,Gm13944,NA
100503117,7,4+,2010010A06Rik,NA
100503120,0,0,A930006K02Rik,1.278367980104277
100503142,0,0,B230303A05Rik,NA
100503147,0,0,Gm13293,NA
100503157,0,0,Gm15471,NA
100503166,17,4+,1700048M11Rik,NA
100503167,1,1,Gm13752,NA
100503175,0,0,Gm19582,NA
100503178,1,1,2810013P06Rik,128.78049615909435
100503184,0,0,Gm19583,0.9584497758299182
100503185,12,4+,Btbd8,43.65408608767677
100503190,10,4+,Gm19585,NA
100503197,0,0,Gm19589,NA
100503199,4,4+,5430416N02Rik,194.9306974775883
100503240,0,0,Trpc5os,2.3827873092320244
100503248,26,4+,Gm15179,NA
100503265,0,0,Gm19619,NA
100503272,22,4+,Gm11423,7.373689858408004
100503280,0,0,Gm38425,NA
100503307,11,4+,Gm15408,NA
100503311,0,0,Cimap3,NA
100503337,0,0,Gm9895,1.7099935266115485
100503355,0,0,Zfp648,NA
100503361,0,0,Tmem95,5.6901366680913466
100503378,0,0,Gm15638,NA
100503380,4,4+,Snhg4,618.0503232503314
100503386,8,4+,Tpbgl,NA
100503388,0,0,Krtap10-34,NA
100503392,21,4+,4833438C02Rik,3.925633523250786
100503393,0,0,Gm14827,2.3390495406221583
100503427,0,0,Gm10390,NA
100503434,0,0,Gm19689,NA
100503460,0,0,Gm19705,92.31816838832388
100503468,9,4+,Gm14023,6.525479249517206
100503469,0,0,Gm19710,0.9043353912267522
100503471,24,4+,Gm15867,NA
100503474,0,0,Platr22,66.58023409926182
100503481,0,0,4930453H23Rik,4.019080916497508
100503486,0,0,Or8g22,NA
100503495,25,4+,A930016O22Rik,2.1920470501056304
100503496,0,0,Gm45916,NA
100503498,0,0,Gm16675,1.1874327618433418
100503518,7,4+,Gm11827,NA
100503530,0,0,Gm11351,NA
100503536,0,0,Gm19757,NA
100503538,0,0,Gm15941,NA
100503545,1,1,Nuggc,9.44750826687788
100503549,0,0,Speer4e2,NA
100503565,0,0,Gm9926,0.9477879897206332
100503572,0,0,Bbip1,114.77501136805908
100503580,0,0,Gm19782,NA
100503582,0,0,Gm19784,26.827594529677476
100503583,8,4+,Fsbp,9.17846512407149
100503584,0,0,Zfp534,371.971087655327
100503592,0,0,A330076C08Rik,NA
100503595,7,4+,Gm13003,0.8410495024848686
100503609,0,0,Lnp1,NA
100503613,0,0,5031434C07Rik,NA
100503619,0,0,E330011O21Rik,0.7966704311612964
100503622,0,0,Gm16630,0.5812107618727711
100503636,24,4+,1700123M08Rik,3.399917553153714
100503652,0,0,Gm16845,8.078876308690376
100503659,18,4+,Cbarp,222.45938218565385
100503670,0,0,Rpl5,31529.173139806106
100503676,21,4+,Gm38426,NA
100503704,19,4+,Gm16861,7.831767434885632
100503710,14,4+,Gng14,NA
100503727,1,1,1700011B04Rik,1.3187932954736838
100503759,0,0,Gm5084,NA
100503783,0,0,Gm17733,NA
100503794,0,0,Gm9920,2.1342634216340364
100503810,6,4+,Gm13056,2.520542844747843
100503816,0,0,Gm16548,NA
100503823,1,1,Gm16973,48.91264662262176
100503830,27,4+,Gm11762,NA
100503842,5,4+,2410022M11Rik,4.593815644387442
100503849,0,0,Sp3os,14.040552837924825
100503859,0,0,1110015O18Rik,NA
100503868,0,0,Gm19935,1.4217204625959092
100503869,0,0,Mkln1os,NA
100503872,6,4+,Hotair,NA
100503879,2,2,Gm5901,NA
100503882,0,0,Gm17308,NA
100503884,0,0,Ccdc149,0.6608997626770802
100503890,5,4+,Pet100,200.32415836643267
100503895,19,4+,Tpsab1,NA
100503915,5,4+,Smpd5,3.689167838696298
100503924,22,4+,Fcor,18.649319312241463
100503949,0,0,Zfp965,NA
100503961,0,0,Gm19990,NA
100503962,0,0,Gm16701,NA
100503964,0,0,Gm17266,NA
100503965,3,3,Gm12167,NA
100503969,8,4+,1810008I18Rik,NA
100503970,0,0,AY761185,NA
100503991,16,4+,Acp4,2.0951822454626323
100503992,0,0,Gm6040,NA
100504007,0,0,Gm15787,NA
100504014,0,0,Gm15056,NA
100504026,0,0,Altre,NA
100504029,0,0,Gm16740,3.413907391293486
100504039,0,0,Gm53064,NA
100504049,7,4+,Gm15559,1.0727286923650026
100504056,0,0,Gm20036,NA
100504069,1,1,Gm15915,1.37794417108382
100504101,0,0,Gm20063,NA
100504104,1,1,Gm16062,3.4227231483006766
100504112,0,0,Ccer2,NA
100504116,11,4+,Brd3os,5.157952145908899
100504121,3,3,Med9os,NA
100504145,6,4+,Platr30,7.795199076918818
100504154,0,0,Gm15050,7.509293883941463
100504156,0,0,Fam181a,NA
100504162,1,1,Prss51,NA
100504164,14,4+,Cmtm1,NA
100504166,20,4+,4933421O10Rik,2.720016205389678
100504169,0,0,Gm20098,NA
100504178,0,0,Dhrs13os,4.359049136776882
100504183,0,0,Krtap16-1,NA
100504184,1,1,Gm16336,NA
100504191,4,4+,Gm16576,NA
100504202,0,0,Gm20110,NA
100504207,0,0,Arhgap33os,NA
100504221,2,2,Efcab8,4.1340579401608775
100504231,0,0,Gm15708,1.3599201996159562
100504232,0,0,Mptx2,NA
100504234,0,0,Ccdc170,1.0269493207566749
100504235,0,0,Gm20125,NA
100504249,0,0,Gm15350,NA
100504255,0,0,Gm12159,NA
100504262,0,0,A730020E08Rik,1.3102417605966838
100504263,0,0,2210418O10Rik,NA
100504265,0,0,Gm20139,NA
100504267,11,4+,Trp53cor1,2.586445269523124
100504268,0,0,2310005A03Rik,NA
100504285,0,0,Abhd12b,NA
100504309,28,4+,Smim27,56.879855977779414
100504312,5,4+,Gm17597,NA
100504323,0,0,Gm20172,NA
100504333,0,0,Gm16712,1.6466868694755226
100504347,6,4+,Gm20187,NA
100504350,0,0,Gm14169,NA
100504360,0,0,D730003I15Rik,3.023373170020997
100504375,0,0,Gm15880,NA
100504399,0,0,C130021I20Rik,0.540136747600841
100504400,0,0,Cypt14-ps,NA
100504404,2,2,H2-Ea,NA
100504412,0,0,Kcnmb4os2,1.7782256498571491
100504421,2,2,2900076A07Rik,16.628870416242687
100504425,0,0,Tincr,NA
100504429,0,0,Spin2d,NA
100504446,22,4+,Prr22,NA
100504464,0,0,E230016K23Rik,4.2581029920141225
100504467,0,0,Gm16596,NA
100504474,0,0,Smlr1,NA
100504477,0,0,Gm16677,NA
100504491,0,0,Dcdc2b,NA
100504501,0,0,Gm20257,NA
100504518,0,0,3425401B19Rik,NA
100504525,0,0,Gm20268,NA
100504549,3,3,AI463170,NA
100504561,0,0,9230112J17Rik,NA
100504568,0,0,Gm17634,NA
100504586,7,4+,Gm20300,24.762317378410753
100504591,0,0,Gm15987,NA
100504594,0,0,A630012P03Rik,NA
100504608,0,0,Eef1akmt3,6.779497598176343
100504616,0,0,Gm15910,4.348674934241999
100504626,2,2,Gm16364,NA
100504628,0,0,Gm20319,NA
100504637,0,0,Gm20324,54.30920783091785
100504641,0,0,1700101I11Rik,NA
100504661,0,0,Gm20337,7.144170351170041
100504663,1,1,Atg14,230.35777008454912
100504687,0,0,2810029C07Rik,1.0084522942323677
100504689,0,0,Plscr5,NA
100504692,0,0,Gm20356,NA
100504701,0,0,Gm20362,1.885964891358423
100504703,4,4+,A730063M14Rik,7.368431560025011
100504710,4,4+,Nat8f6,NA
100504714,0,0,Gm16793,NA
100504715,0,0,Tmppe,5.743223128905308
100504717,0,0,Gm12709,NA
100504720,0,0,2310002F09Rik,31.142858441302693
100504728,0,0,Gm13985,NA
100504733,0,0,A730018C14Rik,NA
100504740,0,0,Gm20383,NA
100505025,4,4+,4930429H19Rik,NA
100505096,0,0,Defa33,NA
100505386,0,0,Iqschfp,NA
100515,0,0,Zfp518b,291.329714172158
100526460,0,0,Mir1264,NA
100526461,0,0,Mir1249,NA
100526462,0,0,Mir1298,NA
100526463,0,0,Mir3058,NA
100526464,0,0,Mir3106,NA
100526465,10,4+,Mir3057,NA
100526466,3,3,Mir3060,NA
100526467,0,0,Mir3061,NA
100526468,0,0,Mir3063,NA
100526469,0,0,Mir3064,NA
100526470,0,0,Mir3066,NA
100526471,16,4+,Mir3069,NA
100526472,0,0,Mir3070a,NA
100526473,0,0,Mir3071,NA
100526474,3,3,Mir3074-1,NA
100526475,2,2,Mir3076,NA
100526476,3,3,Mir3077,NA
100526477,5,4+,Mir3080,NA
100526478,0,0,Mir3081,NA
100526479,19,4+,Mir3082,NA
100526480,1,1,Mir3086,NA
100526481,0,0,Mir466m,NA
100526486,0,0,Mir466b-4,NA
100526498,2,2,Mir3088,NA
100526499,0,0,Mir3089,NA
100526500,0,0,Mir3090,NA
100526501,0,0,Mir3094,NA
100526502,4,4+,Mir3095,NA
100526504,15,4+,Mir3100,NA
100526505,14,4+,Mir3101,NA
100526506,0,0,Mir344c,NA
100526507,0,0,Mir344g,NA
100526508,0,0,Mir3102,NA
100526509,7,4+,Mir3104,NA
100526510,6,4+,Mir3107,NA
100526511,0,0,Mir3108,NA
100526512,0,0,Mir3110,NA
100526513,0,0,Mir374c,NA
100526514,0,0,Mir3112,NA
100526515,0,0,Mir1247,NA
100526516,0,0,Mir3059,NA
100526517,0,0,Mir1251,NA
100526518,6,4+,Mir3065,NA
100526519,0,0,Mir3070b,NA
100526520,0,0,Mir3078,NA
100526524,0,0,Mir466n,NA
100526525,7,4+,Mir3092,NA
100526526,6,4+,Mir3098,NA
100526527,0,0,Mir344f,NA
100526528,0,0,Mir3074-2,NA
100526529,0,0,Mir1912,NA
100526530,0,0,Mir1843a,NA
100526531,0,0,Mir344d-2,NA
100526532,0,0,Mir3067,NA
100526533,9,4+,Mir3075,NA
100526534,0,0,Mir3083,NA
100526539,0,0,Mir467a-10,NA
100526540,0,0,Mir3093,NA
100526541,0,0,Mir344e,NA
100526542,0,0,Mir3113,NA
100526543,0,0,Mir344d-3,NA
100526544,0,0,Mir344d-1,NA
100526545,19,4+,Mir3062,NA
100526546,1,1,Mir3068,NA
100526547,20,4+,Mir3073a,NA
100526548,0,0,Mir3079,NA
100526549,10,4+,Mir3085,NA
100526550,0,0,Mir669d-2,NA
100526553,0,0,Mir467a-7,NA
100526554,0,0,Mir467a-9,NA
100526555,11,4+,Mir3087,NA
100526556,0,0,Mir3091,NA
100526557,0,0,Mir3097,NA
100526558,0,0,Mir344b,NA
100526559,5,4+,Mir3103,NA
100526560,0,0,Mir3109,NA
100526561,0,0,Mir466b-8,NA
100526562,4,4+,Mir3105,NA
100529074,0,0,Snora33,NA
100529075,0,0,Snord100,NA
100529076,0,0,Snord42a,NA
100529077,0,0,Snord42b,NA
100529079,0,0,5830418P13Rik,14.706690331544568
100529082,0,0,H2-T27,NA
100532,13,4+,Rell1,242.4487026595973
100532730,17,4+,C230037L18Rik,2.0383867110101215
100534273,0,0,Fer1l5,NA
100534287,0,0,Dchs2,NA
100534633,0,0,Gm15008,NA
100535,19,4+,Oas1d,2.6338438161473348
100554,0,0,Pramel52-ps,NA
100559,0,0,Ugt2b38,NA
100561,0,0,Slc15a4,121.84056467520846
100568458,15,4+,Gm38431,NA
100579137,2,2,Dmrt1i,NA
100579147,0,0,Gm10619,NA
100579151,3,3,Gm16833,NA
100604,0,0,Lrrc8c,113.12239270293566
100608,0,0,Noc4l,477.58414102933193
100609,0,0,Nsun5,104.7841459316926
100616095,36,4+,Snhg18,3.2299400098317146
100628567,0,0,Mir28c,NA
100628568,0,0,Mir3963,NA
100628570,2,2,Mir3965,NA
100628571,4,4+,Mir378b,NA
100628572,3,3,Mir101c,NA
100628573,0,0,Mir3969,NA
100628574,2,2,Mir28b,NA
100628575,3,3,Mir3970,NA
100628576,33,4+,Mir5046,NA
100628577,5,4+,Mir5098,NA
100628578,0,0,Mir5099,NA
100628580,2,2,Mir5103,NA
100628581,2,2,Mir5104,NA
100628582,0,0,Mir3473c,NA
100628583,0,0,Mir5108,NA
100628586,6,4+,Mir5112,NA
100628589,0,0,Mir5118,NA
100628590,0,0,Mir5120,NA
100628591,0,0,Mir466q,NA
100628592,6,4+,Mir3473d,NA
100628593,36,4+,Mir5125,NA
100628594,0,0,Mir3572,NA
100628595,0,0,Mir5126,NA
100628596,0,0,Mir5127,NA
100628597,4,4+,Mir5128,NA
100628598,0,0,Mir5129,NA
100628599,0,0,Mir5130,NA
100628600,1,1,Mir5131,NA
100628601,0,0,Mir5132,NA
100628602,20,4+,Mir5133,NA
100628603,19,4+,Mir5134,NA
100628604,15,4+,Mir5135,NA
100628605,0,0,Mir5136,NA
100628606,18,4+,Mir3960,NA
100628607,0,0,Mir3964,NA
100628608,0,0,Mir3967,NA
100628610,0,0,Mir5101,NA
100628611,9,4+,Mir5107,NA
100628612,0,0,Mir5113,NA
100628613,6,4+,Mir5119,NA
100628614,0,0,Mir5123,NA
100628615,0,0,Mir3962,NA
100628616,0,0,Mir3966,NA
100628618,0,0,Mir5106,NA
100628619,8,4+,Mir5114,NA
100628620,0,0,Mir5122,NA
100628621,0,0,Mir3961,NA
100628622,0,0,Mir1843b,NA
100628623,17,4+,Mir3968,NA
100628624,0,0,Mir3971,NA
100628625,0,0,Mir5100,NA
100628627,0,0,Mir5110,NA
100628628,0,0,Mir5116,NA
100628629,16,4+,Mir5121,NA
100637,11,4+,N4bp2l1,12.76536789238417
100642166,0,0,Gm15446,8.5428419181317
100647,0,0,Upk3b,11.016689695616671
100653389,0,0,Mir155hg,NA
100678,4,4+,Psph,114.7131764173358
100683,0,0,Trrap,223.94564520175595
100689,0,0,Spon2,1.3971896284392569
100702,10,4+,Gbp6,NA
100705,0,0,Acacb,29.524634531743157
100710,0,0,Pds5b,362.7674965447215
100715,0,0,Tent2,245.91688254324956
100727,0,0,Ugt2b34,7.251318098405066
100732,14,4+,Mapre3,125.68447602702442
100737,0,0,Dcun1d4,146.0865019583504
100740,0,0,AI839979,NA
100756,0,0,Usp30,45.92272193284482
100763,0,0,Ube3c,222.45718954491392
100764,4,4+,Rita1,62.966032407224205
100846987,0,0,Gm21054,NA
100855,0,0,Tbc1d14,52.544003382817444
100859931,0,0,Gm20604,NA
100859962,8,4+,Gm21057,NA
100861480,63,4+,Gm25018,NA
100861494,7,4+,Gm22109,NA
100861499,47,4+,Gm25212,NA
100861502,31,4+,Gm23284,NA
100861531,0,0,Rn45s,NA
100861570,0,0,DQ267100,NA
100861571,0,0,DQ267101,NA
100861572,0,0,DQ267102,NA
100861615,0,0,Gm3411,NA
100861668,0,0,Potefam3b,NA
100861753,0,0,Anxa2r1,NA
100861755,0,0,Gm21190,NA
100861794,0,0,Gm21221,NA
100861851,0,0,Gm21269,0.6428816810117441
100861870,0,0,Gm21284,4.918493577577757
100861880,0,0,Alyreffm11,NA
100861908,0,0,Eif1ad19,NA
100861909,0,0,Mup22,NA
100861966,0,0,Btbd35f23,NA
100862015,0,0,Msantd5f4,NA
100862066,0,0,Cfap99,NA
100862177,0,0,Ccl21d,NA
100862203,1,1,Gm6712,1.4902620172525407
100862268,0,0,Gm16958,NA
100862314,0,0,Spin2j,NA
100862329,0,0,Btbd35f21,NA
100862359,0,0,Speer4a3,NA
100862375,0,0,Entpd4b,NA
100873092,0,0,Gm15679,NA
100873094,7,4+,Rubie,NA
100885823,0,0,Mir3544,NA
100885824,0,0,Mir299b,NA
100885825,11,4+,Mir5615-1,NA
100885826,12,4+,Mir5615-2,NA
100885827,0,0,Mir1231,NA
100885828,17,4+,Mir5616,NA
100885829,0,0,Mir5617,NA
100885830,3,3,Mir5618,NA
100885831,4,4+,Mir5619,NA
100885832,0,0,Mir5620,NA
100885833,11,4+,Mir5621,NA
100885834,1,1,Mir5622,NA
100885835,4,4+,Mir5623,NA
100885836,20,4+,Mir3073b,NA
100885837,0,0,Mir5624,NA
100885838,0,0,Mir5625,NA
100885839,0,0,Mir5626,NA
100885840,0,0,Mir344h-1,NA
100885842,0,0,Mir5627,NA
100885843,2,2,Mir344i,NA
100885844,0,0,Mir5709,NA
100885845,10,4+,Mir5710,NA
100900,0,0,Hscb,59.30993134850056
100910,13,4+,Chpf2,23.9740629661398
100929,0,0,Tyw1,186.18842750080896
100952,0,0,Emilin1,11.078287707005693
100972,0,0,Rab28,86.31724030514334
100978,0,0,Nfxl1,133.55127233056248
100986,0,0,Akap9,128.43835985828426
101023,0,0,Zfp513,294.0600207009916
101055671,10,4+,Lipo2,14.332696776828056
101055731,0,0,Gm29719,NA
101055749,0,0,Gm14773,NA
101055769,0,0,Gm12596,NA
101055843,1,1,Gm12551,NA
101055864,0,0,Gm4513,NA
101055907,0,0,Gm15246,NA
101055983,0,0,Gm14569,NA
101056073,0,0,Zfp990,677.8502532607916
101056084,0,0,Cirop,NA
101056136,0,0,Gm17026,NA
101056138,3,3,Gm20619,NA
101056149,1,1,Gm15908,NA
101056236,4,4+,Gm29805,NA
101056408,0,0,Gm15816,NA
101095,0,0,Zfp282,57.1665834913604
101100,16,4+,Ttll3,12.31089203155365
101113,4,4+,Snx21,10.573173567068352
101118,16,4+,Tmem168,86.51698464460053
101122,21,4+,Rpusd3,61.782341947114375
101142,2,2,Itfg2,185.87071219422072
101148,26,4+,Samtor,NA
101185,6,4+,Pot1a,222.7787857343719
101187,1,1,Parp11,40.024456677975245
101197,15,4+,Zfp956,21.801807708883135
101202,9,4+,Hepacam2,NA
101202683,0,0,Dreh,NA
101202684,2,2,Uchl1os,NA
101206,18,4+,Tada3,344.230254001025
101214,6,4+,Tra2a,698.1459413008412
101240,0,0,Wdr91,28.019173608194745
101243624,0,0,Gm29811,NA
101314,0,0,Brk1,842.5906166899356
101320,0,0,Dyrk4,1.9239907746455236
101351,0,0,Eogt,180.80649748981077
101358,0,0,Fbxl14,233.0550348036691
101359,31,4+,Prrt4,4.072768241420146
101401,0,0,Adamts9,90.99636518000256
101434,4,4+,Ceacam15,NA
101437,0,0,Dhx32,1259.9247024943895
101471,5,4+,Phrf1,196.27925993766348
101476,0,0,Plekha1,618.0789156642451
101488,0,0,Slco2b1,0.5439210934712065
101488143,0,0,Hbb-bt,NA
101488212,3,3,Evi2,NA
101489,24,4+,Ric8a,176.9413116313961
101490,0,0,Inpp5f,161.53481801357256
101497,8,4+,Plekhg2,170.39164518308036
101502,4,4+,Hsd3b7,38.70406536904438
101513,6,4+,Mob2,56.94059971906045
101521,0,0,AI314278,NA
101533,0,0,Klk9,1.9412407912501937
101540,0,0,Prkd2,27.695979408531663
101543,13,4+,Wtip,320.52385746568666
101544,2,2,Zfp575,26.550852560995843
101565,0,0,Ccp110,150.38510850812844
101568,15,4+,Vrk3,97.78967987090267
101592,0,0,Efl1,106.78882100241805
101602,1,1,AI467606,115.1832066587708
101604,0,0,Zfp764l1,NA
101612,6,4+,Grwd1,171.05095570842246
101613,15,4+,Nlrp6,4.184511993834194
101631,0,0,Pwwp2b,192.1535298547285
101669761,0,0,Gm15694,NA
101685,0,0,Spty2d1,111.99040908612604
101694,3,3,Mir9-3hg,4.395631031918279
101700,0,0,Trim68,18.266115649736385
101706,0,0,Numa1,262.79317766905666
101739,24,4+,Psip1,1614.4351513519991
101744,3,3,Acp7,2.8622757164487744
101772,7,4+,Ano1,3.0585133835126053
101786,0,0,A730082K24Rik,NA
101809,20,4+,Spred3,63.128354719094546
101831,4,4+,Faap24,116.86280027768572
101835,0,0,AW146154,40.52399866512528
101861,0,0,Ints4,260.3253896479391
101867,0,0,Rrp8,266.99455506961766
101869,0,0,Unc45a,40.557768609699224
101883,1,1,Igflr1,3.9757644522050346
101943,8,4+,Sf3b3,4178.554906134019
101966,0,0,D8Ertd738e,689.9558961058349
101985,0,0,Usb1,172.97224394955603
101994,0,0,Champ1,371.27216498401134
102022,0,0,Ces2a,NA
102032,1,1,Smim19,161.03653934551767
102058,0,0,Exoc8,144.14291540617018
102060,18,4+,Gadd45gip1,145.02396037895306
102075,0,0,Plekhg4,16.893770499119547
102093,1,1,Phkb,67.35054271127578
102098,0,0,Arhgef18,260.78084301249334
102103,0,0,Mtus1,121.12966955577338
102115,25,4+,Dohh,204.13451287524347
102122,6,4+,Psme3ip1,NA
102124,13,4+,Enkd1,110.38577490862676
102132,0,0,E230013L22Rik,NA
102141,0,0,Snx25,20.690066050958094
102162,4,4+,Taf5l,699.799575100698
102182,0,0,Prmt9,131.26938788118008
102193,0,0,Zdhhc7,73.25986531733751
102209,4,4+,Snapc2,52.45402287586965
102216272,0,0,Ak6,241.9259236048048
102238433,11,4+,Gm28042,NA
102247,0,0,Gpat4,550.723779032861
102278,5,4+,Cpne7,2.3759847956735554
102294,0,0,Cyp4v3,6.703666197494523
102308570,0,0,Lbhd1,213.707685122831
102323,0,0,Dcun1d2,40.25650027466968
102334,0,0,Ankrd10,279.1292128971438
102339,8,4+,Cog4,88.67154382828565
102371,0,0,Myzap,6.504132238069961
102414,0,0,Clk3,77.74406470068742
102423,0,0,Hinfp,135.4357197599387
102436,0,0,Lars2,123.46094991391986
102442,15,4+,Dennd4a,53.19312645498967
102443350,17,4+,Xndc1,89.57290526009375
102443351,17,4+,Xntrpc,NA
102448,0,0,Xylb,32.08741132520904
102462,1,1,Imp3,261.6306841865398
102465114,0,0,Mir3084-2,NA
102465148,0,0,Mir6239,NA
102465149,0,0,Mir6241,NA
102465150,0,0,Mir6244,NA
102465169,0,0,Mir195b,NA
102465170,0,0,Mir133c,NA
102465171,0,0,Mir6336,NA
102465172,0,0,Mir6338,NA
102465173,0,0,Mir6340,NA
102465174,0,0,Mir6342,NA
102465175,0,0,Mir6343,NA
102465176,0,0,Mir6346,NA
102465177,0,0,Mir6347,NA
102465178,3,3,Mir6348,NA
102465179,0,0,Mir6351,NA
102465180,0,0,Mir6352,NA
102465181,0,0,Mir6353,NA
102465182,0,0,Mir6355,NA
102465183,0,0,Mir6356,NA
102465184,2,2,Mir6358,NA
102465185,2,2,Mir6360,NA
102465186,0,0,Mir6361,NA
102465187,0,0,Mir145b,NA
102465188,0,0,Mir6364,NA
102465189,20,4+,Mir6366,NA
102465190,7,4+,Mir6367,NA
102465191,0,0,Mir6369,NA
102465192,0,0,Mir6370,NA
102465193,8,4+,Mir6371,NA
102465194,1,1,Mir6374,NA
102465195,0,0,Mir6375,NA
102465196,4,4+,Mir6376,NA
102465197,0,0,Mir6377,NA
102465198,0,0,Mir7j,NA
102465199,0,0,Mir6379,NA
102465200,0,0,Mir6381,NA
102465201,0,0,Mir6383,NA
102465202,0,0,Mir6384,NA
102465203,0,0,Mir6386,NA
102465204,0,0,Mir6387,NA
102465205,0,0,Mir6388,NA
102465206,0,0,Mir378c,NA
102465207,0,0,Mir6390,NA
102465208,0,0,Mir6391,NA
102465209,0,0,Mir6393,NA
102465210,11,4+,Mir6394,NA
102465211,0,0,Mir6395,NA
102465212,2,2,Mir21c,NA
102465213,2,2,Mir6397,NA
102465214,4,4+,Mir6398,NA
102465215,0,0,Mir6401,NA
102465216,1,1,Mir6403,NA
102465217,0,0,Mir6404,NA
102465218,0,0,Mir496b,NA
102465219,0,0,Mir6406,NA
102465220,24,4+,Mir6407,NA
102465221,0,0,Mir6410,NA
102465222,0,0,Mir6411,NA
102465223,0,0,Mir6412,NA
102465224,0,0,Mir378d,NA
102465225,0,0,Mir6414,NA
102465226,7,4+,Mir6416,NA
102465227,30,4+,Mir6418,NA
102465228,0,0,Mir6420,NA
102465229,0,0,Mir873b,NA
102465230,0,0,Mir6481,NA
102465258,1,1,Mir6516,NA
102465309,4,4+,Mir7k,NA
102465310,0,0,Mir6539,NA
102465311,0,0,Mir6541,NA
102465540,6,4+,Mir6897,NA
102465541,10,4+,Mir6898,NA
102465542,0,0,Mir6900,NA
102465543,0,0,Mir6901,NA
102465544,0,0,Mir6902,NA
102465545,0,0,Mir6905,NA
102465546,0,0,Mir6906,NA
102465547,10,4+,Mir6907,NA
102465548,13,4+,Mir6909,NA
102465549,28,4+,Mir6910,NA
102465550,7,4+,Mir6912,NA
102465551,16,4+,Mir6914,NA
102465552,1,1,Mir6916,NA
102465553,22,4+,Mir6917,NA
102465554,3,3,Mir6920,NA
102465555,11,4+,Mir6921,NA
102465556,8,4+,Mir6922,NA
102465557,18,4+,Mir6925,NA
102465558,0,0,Mir6926,NA
102465559,4,4+,Mir6927,NA
102465560,0,0,Mir6929,NA
102465561,0,0,Mir6930,NA
102465562,0,0,Mir6932,NA
102465563,2,2,Mir6934,NA
102465564,24,4+,Mir6935,NA
102465565,0,0,Mir6936,NA
102465566,10,4+,Mir6939,NA
102465567,32,4+,Mir6941,NA
102465568,0,0,Mir6942,NA
102465569,43,4+,Mir6944,NA
102465570,0,0,Mir6945,NA
102465571,9,4+,Mir6946,NA
102465572,0,0,Mir6949,NA
102465573,0,0,Mir6950,NA
102465574,0,0,Mir6951,NA
102465575,0,0,Mir6953,NA
102465576,13,4+,Mir6954,NA
102465577,6,4+,Mir6956,NA
102465578,3,3,Mir6958,NA
102465579,0,0,Mir6960,NA
102465580,0,0,Mir6961,NA
102465581,0,0,Mir6964,NA
102465582,16,4+,Mir6965,NA
102465583,0,0,Mir3547,NA
102465584,28,4+,Mir6968,NA
102465585,6,4+,Mir6969,NA
102465586,29,4+,Mir6970,NA
102465587,4,4+,Mir6972,NA
102465588,0,0,Mir6973a,NA
102465589,6,4+,Mir6975,NA
102465590,29,4+,Mir6977,NA
102465591,0,0,Mir6978,NA
102465592,16,4+,Mir6979,NA
102465593,13,4+,Mir6982,NA
102465594,0,0,Mir6984,NA
102465595,27,4+,Mir6985,NA
102465596,14,4+,Mir6987,NA
102465597,0,0,Mir6988,NA
102465598,2,2,Mir6989,NA
102465599,5,4+,Mir6992,NA
102465600,11,4+,Mir6993,NA
102465601,4,4+,Mir6994,NA
102465602,19,4+,Mir6996,NA
102465603,8,4+,Mir6997,NA
102465604,0,0,Mir6999,NA
102465605,9,4+,Mir7001,NA
102465606,2,2,Mir6973b,NA
102465607,0,0,Mir7003,NA
102465608,0,0,Mir7006,NA
102465609,0,0,Mir7007,NA
102465610,0,0,Mir7008,NA
102465611,15,4+,Mir7011,NA
102465612,11,4+,Mir7012,NA
102465613,0,0,Mir7013,NA
102465614,0,0,Mir7015,NA
102465615,2,2,Mir7016,NA
102465616,0,0,Mir7018,NA
102465617,0,0,Mir7020,NA
102465618,2,2,Mir7021,NA
102465619,10,4+,Mir7022,NA
102465620,0,0,Mir7025,NA
102465621,0,0,Mir7027,NA
102465622,0,0,Mir7028,NA
102465623,14,4+,Mir7030,NA
102465624,0,0,Mir7031,NA
102465625,0,0,Mir7032,NA
102465626,5,4+,Mir7035,NA
102465627,0,0,Mir7036,NA
102465628,6,4+,Mir7037,NA
102465629,0,0,Mir7039,NA
102465630,12,4+,Mir7040,NA
102465631,0,0,Mir7042,NA
102465632,0,0,Mir7044,NA
102465633,21,4+,Mir7046,NA
102465634,2,2,Mir7047,NA
102465635,0,0,Mir7050,NA
102465636,7,4+,Mir7051,NA
102465637,8,4+,Mir7052,NA
102465638,20,4+,Mir7055,NA
102465639,0,0,Mir7056,NA
102465640,0,0,Mir7057,NA
102465641,2,2,Mir7059,NA
102465642,7,4+,Mir7060,NA
102465643,0,0,Mir7062,NA
102465644,0,0,Mir7064,NA
102465645,0,0,Mir7065,NA
102465646,0,0,Mir7066,NA
102465647,0,0,Mir7068,NA
102465648,0,0,Mir7070,NA
102465649,0,0,Mir7071,NA
102465650,2,2,Mir7073,NA
102465651,22,4+,Mir7074,NA
102465652,4,4+,Mir7075,NA
102465653,26,4+,Mir7078,NA
102465654,7,4+,Mir7079,NA
102465655,9,4+,Mir7080,NA
102465656,31,4+,Mir7082,NA
102465657,0,0,Mir7083,NA
102465658,4,4+,Mir7085,NA
102465659,8,4+,Mir7087,NA
102465660,2,2,Mir7089,NA
102465661,0,0,Mir7090,NA
102465662,0,0,Mir7092,NA
102465663,0,0,Mir7094-1,NA
102465664,0,0,Mir7094-2,NA
102465670,0,0,Mir7115,NA
102465671,0,0,Mir7116,NA
102465672,13,4+,Mir7118,NA
102465673,2,2,Mir7119,NA
102465697,1,1,Mir7210,NA
102465698,3,3,Mir7212,NA
102465699,34,4+,Mir7213,NA
102465700,7,4+,Mir7214,NA
102465701,1,1,Mir7217,NA
102465702,0,0,Mir7219,NA
102465703,13,4+,Mir7220,NA
102465704,0,0,Mir7222,NA
102465705,7,4+,Mir7223,NA
102465706,0,0,Mir7224,NA
102465707,0,0,Mir7227,NA
102465708,3,3,Mir7228,NA
102465709,20,4+,Mir7229,NA
102465710,0,0,Mir7231,NA
102465711,0,0,Mir7232,NA
102465712,0,0,Mir7234,NA
102465713,0,0,Mir7236,NA
102465714,0,0,Mir7238,NA
102465715,1,1,Mir7239,NA
102465716,0,0,Mir7242,NA
102465755,0,0,Mir7646,NA
102465756,1,1,Mir7647,NA
102465757,0,0,Mir7649,NA
102465758,0,0,Mir7650,NA
102465759,0,0,Mir7651,NA
102465760,3,3,Mir7652,NA
102465761,0,0,Mir7653,NA
102465762,0,0,Mir7654,NA
102465763,5,4+,Mir7656,NA
102465764,0,0,Mir7657,NA
102465765,9,4+,Mir7659,NA
102465766,7,4+,Mir7661,NA
102465767,6,4+,Mir7662,NA
102465768,0,0,Mir7663,NA
102465769,6,4+,Mir7667,NA
102465770,4,4+,Mir7668,NA
102465771,4,4+,Mir7669,NA
102465772,12,4+,Mir7671,NA
102465773,0,0,Mir7672,NA
102465774,0,0,Mir3569,NA
102465775,0,0,Mir7675,NA
102465777,0,0,Mir129b,NA
102465778,16,4+,Mir1191b,NA
102465779,0,0,Mir7677,NA
102465780,5,4+,Mir7678,NA
102465781,0,0,Mir7680,NA
102465782,0,0,Mir3620,NA
102465783,0,0,Mir7681,NA
102465784,2,2,Mir7683,NA
102465785,0,0,Mir216c,NA
102465786,0,0,Mir7684,NA
102465787,0,0,Mir126b,NA
102465788,0,0,Mir7686,NA
102465789,9,4+,Mir290b,NA
102465790,0,0,Mir1258,NA
102465791,0,0,Mir7688,NA
102465792,0,0,Mir7689,NA
102465883,0,0,Mir8090,NA
102465884,7,4+,Mir8091,NA
102465885,4,4+,Mir8093,NA
102465886,2,2,Mir8094,NA
102465887,0,0,Mir8095,NA
102465888,1,1,Mir8097,NA
102465889,0,0,Mir8098,NA
102465890,0,0,Mir8099-1,NA
102465891,0,0,Mir497b,NA
102465892,6,4+,Mir8101,NA
102465893,0,0,Mir8103,NA
102465894,16,4+,Mir8105,NA
102465895,0,0,Mir3535,NA
102465896,0,0,Mir8106,NA
102465897,2,2,Mir1668,NA
102465898,14,4+,Mir8109,NA
102465899,3,3,Mir8110,NA
102465900,32,4+,Mir8112,NA
102465901,0,0,Mir8113,NA
102465902,0,0,Mir8115,NA
102465903,0,0,Mir8117,NA
102465904,0,0,Mir8118,NA
102465905,0,0,Mir8120,NA
102465959,0,0,Mir6236,NA
102465961,0,0,Mir6341,NA
102465962,0,0,Mir6362,NA
102465963,0,0,Mir6382,NA
102465964,0,0,Mir6419,NA
102465968,16,4+,Mir6537,NA
102465979,0,0,Mir6915,NA
102465980,0,0,Mir6937,NA
102465981,2,2,Mir6959,NA
102465982,0,0,Mir7002,NA
102465983,14,4+,Mir7023,NA
102465984,0,0,Mir7067,NA
102465987,0,0,Mir7215,NA
102465989,19,4+,Mir7664,NA
102465990,4,4+,Mir6715,NA
102465996,0,0,Mir8100,NA
102465997,0,0,Mir8119,NA
102466147,0,0,Mir6237,NA
102466151,0,0,Mir6337,NA
102466152,2,2,Mir6357,NA
102466153,4,4+,Mir6365,NA
102466154,0,0,Mir6372,NA
102466155,0,0,Mir6378,NA
102466156,0,0,Mir6389,NA
102466157,0,0,Mir6402,NA
102466158,8,4+,Mir6408,NA
102466159,10,4+,Mir6415,NA
102466172,0,0,Mir6540,NA
102466206,7,4+,Mir6903,NA
102466207,11,4+,Mir6911,NA
102466208,21,4+,Mir6924,NA
102466209,0,0,Mir6947,NA
102466210,7,4+,Mir6955,NA
102466211,7,4+,Mir6967-1,NA
102466212,10,4+,Mir6983,NA
102466213,6,4+,Mir6990,NA
102466214,1,1,Mir6998,NA
102466215,18,4+,Mir7017,NA
102466216,4,4+,Mir7026,NA
102466217,13,4+,Mir7033,NA
102466218,18,4+,Mir7054,NA
102466219,0,0,Mir7061,NA
102466220,9,4+,Mir7069,NA
102466221,0,0,Mir7084,NA
102466228,0,0,Mir7218,NA
102466229,0,0,Mir7225,NA
102466236,0,0,Mir7658,NA
102466237,0,0,Mir7666,NA
102466238,0,0,Mir7673,NA
102466239,0,0,Mir465d,NA
102466240,0,0,Mir7685,NA
102466241,0,0,Mir7243,NA
102466254,0,0,Mir3473f,NA
102466255,0,0,Mir1291,NA
102466256,0,0,Mir8102,NA
102466257,0,0,Mir8114,NA
102466258,0,0,Mir3473g,NA
102466272,0,0,Mir7045,NA
102466619,0,0,Mir6238,NA
102466620,0,0,Mir6240,NA
102466627,0,0,Mir6335,NA
102466628,0,0,Mir6339,NA
102466629,0,0,Mir6344,NA
102466630,0,0,Mir6345,NA
102466631,0,0,Mir6349,NA
102466632,0,0,Mir6354,NA
102466633,0,0,Mir6359,NA
102466634,0,0,Mir6363,NA
102466635,0,0,Mir6368,NA
102466636,0,0,Mir6373,NA
102466637,0,0,Mir21b,NA
102466638,0,0,Mir6380,NA
102466639,25,4+,Mir6385,NA
102466640,0,0,Mir130c,NA
102466641,0,0,Mir5124b,NA
102466642,13,4+,Mir6392,NA
102466643,6,4+,Mir6396,NA
102466644,2,2,Mir6400,NA
102466645,0,0,Mir6405,NA
102466646,0,0,Mir6409,NA
102466647,0,0,Mir6413,NA
102466648,0,0,Mir6417,NA
102466649,14,4+,Mir451b,NA
102466650,1,1,Mir30f,NA
102466676,0,0,Mir6538,NA
102466677,0,0,Mir3473e,NA
102466760,0,0,Mir6899,NA
102466761,0,0,Mir6904,NA
102466762,0,0,Mir6908,NA
102466763,39,4+,Mir6913,NA
102466764,0,0,Mir6918,NA
102466765,4,4+,Mir6919,NA
102466766,0,0,Mir6923,NA
102466767,4,4+,Mir6928,NA
102466768,0,0,Mir6933,NA
102466769,3,3,Mir6938,NA
102466770,0,0,Mir6943,NA
102466771,0,0,Mir6948,NA
102466772,13,4+,Mir6952,NA
102466773,2,2,Mir6957,NA
102466774,4,4+,Mir6962,NA
102466775,0,0,Mir6963,NA
102466776,3,3,Mir6966,NA
102466777,11,4+,Mir6971,NA
102466778,0,0,Mir6976,NA
102466779,32,4+,Mir6981,NA
102466780,13,4+,Mir6986,NA
102466781,7,4+,Mir6991,NA
102466782,8,4+,Mir6995,NA
102466783,0,0,Mir7000,NA
102466784,1,1,Mir7004,NA
102466785,0,0,Mir7005,NA
102466786,0,0,Mir7009,NA
102466787,0,0,Mir7014,NA
102466788,0,0,Mir7019,NA
102466789,0,0,Mir7024,NA
102466790,11,4+,Mir7029,NA
102466791,7,4+,Mir7034,NA
102466792,0,0,Mir7038,NA
102466793,10,4+,Mir7043,NA
102466794,0,0,Mir7048,NA
102466795,19,4+,Mir7049,NA
102466796,0,0,Mir7053,NA
102466797,14,4+,Mir7058,NA
102466798,1,1,Mir7063,NA
102466799,0,0,Mir6769b,NA
102466800,0,0,Mir7072,NA
102466801,0,0,Mir7077,NA
102466802,19,4+,Mir7081,NA
102466803,0,0,Mir7086,NA
102466804,3,3,Mir7091,NA
102466805,0,0,Mir7093,NA
102466808,0,0,Mir7117,NA
102466817,0,0,Mir7211,NA
102466818,0,0,Mir7216,NA
102466819,0,0,Mir7221,NA
102466820,0,0,Mir7226,NA
102466821,4,4+,Mir7230,NA
102466822,0,0,Mir7235,NA
102466823,7,4+,Mir7240,NA
102466824,2,2,Mir7241,NA
102466836,2,2,Mir7578,NA
102466838,0,0,Mir7648,NA
102466839,0,0,Mir219b,NA
102466840,0,0,Mir7655,NA
102466841,0,0,Mir7660,NA
102466842,8,4+,Mir7665,NA
102466843,1,1,Mir7670,NA
102466844,5,4+,Mir7674,NA
102466846,0,0,Mir7679,NA
102466847,0,0,Mir7682,NA
102466848,21,4+,Mir219c,NA
102466849,24,4+,Mir7687,NA
102466881,0,0,Mir8092,NA
102466882,0,0,Mir8096,NA
102466883,0,0,Mir142b,NA
102466884,0,0,Mir8104,NA
102466885,0,0,Mir8107,NA
102466886,3,3,Mir8111,NA
102466887,14,4+,Mir8116,NA
102466888,13,4+,Mir8099-2,NA
102466907,3,3,Mir6399,NA
102466913,9,4+,Mir6980,NA
102466914,23,4+,Mir7088,NA
102466915,6,4+,Mir7237,NA
102466969,0,0,Mir6350,NA
102466987,4,4+,Mir6896,NA
102466988,0,0,Mir6931,NA
102466989,0,0,Mir6940,NA
102466990,0,0,Mir6974,NA
102466991,0,0,Mir7010,NA
102466992,0,0,Mir7041,NA
102466993,4,4+,Mir7076,NA
102466996,3,3,Mir7233,NA
102466998,18,4+,Mir6546,NA
102466999,0,0,Mir7036b,NA
102467000,9,4+,Mir292b,NA
102467006,0,0,Mir8108,NA
102502,0,0,Pls1,83.35615732374617
102545,16,4+,Cmtm7,194.77686503705067
102566,0,0,Ano10,49.297338210669075
102570,0,0,Slc22a13,0.8328670130281444
102577427,0,0,Esp5,NA
102577428,0,0,Gm44501,NA
102580,0,0,Alg9,62.831259285208894
102595,8,4+,Plekho2,62.33222325440675
102607,11,4+,Snx19,26.76637325557176
102614,0,0,Rpp25,388.27573545926583
102626,1,1,Mapkapk3,368.27377235031713
102631518,0,0,Gm14662,NA
102631612,0,0,E130101E03Rik,NA
102631696,0,0,Gm29968,NA
102631697,0,0,Gm14664,NA
102631730,0,0,4930512M02Rik,NA
102631757,0,0,Gm15318,NA
102631810,2,2,Gm30052,NA
102631887,0,0,Gm30108,NA
102631981,0,0,Gm30173,NA
102631993,1,1,Gm15756,NA
102632,0,0,Acad11,51.110689509039226
102632039,0,0,Gm30214,NA
102632156,11,4+,2610318M16Rik,NA
102632192,0,0,Gm30332,NA
102632231,10,4+,Gm2245,1.926345492115719
102632240,0,0,Gm15555,NA
102632246,0,0,Gm12354,NA
102632251,4,4+,Gm16143,1.0484619463531684
102632284,0,0,Gm30400,NA
102632302,6,4+,Hoxb3os,NA
102632400,0,0,Gm26689,NA
102632423,5,4+,Gm30498,NA
102632430,0,0,Gm30505,NA
102632463,0,0,Prox1os,NA
102632477,18,4+,Gm30539,NA
102632488,17,4+,Gm29508,0.6687932792748259
102632492,0,0,Gm30551,NA
102632515,0,0,Gm30570,NA
102632690,3,3,Gm10646,1.000533853880851
102632700,0,0,Gm28881,NA
102632730,0,0,Gm30726,NA
102632739,7,4+,Gm19774,NA
102632813,0,0,Gm15486,NA
102632814,0,0,Gm30790,NA
102632837,19,4+,Rnf212b,4.480272280582311
102632897,0,0,Gm30853,NA
102632938,0,0,Gm15939,NA
102632940,0,0,Gm11482,NA
102632990,0,0,A730098A19Rik,NA
102633000,0,0,2310043M15Rik,12.39197807994796
102633035,0,0,Gm28979,NA
102633081,0,0,Gm12610,NA
102633151,4,4+,M5C1000I18Rik,NA
102633214,0,0,Gm12925,4.9530803044987435
102633245,0,0,Gm15723,NA
102633266,0,0,Gm9748,NA
102633311,0,0,Gm31108,0.899292002397926
102633315,7,4+,Gm16159,NA
102633436,0,0,Gm11217,NA
102633437,0,0,Chrna1os,1.526750754318034
102633478,0,0,Gm16090,NA
102633526,0,0,Gm31333,NA
102633540,5,4+,Myhas,NA
102633578,0,0,Gm31369,NA
102633600,0,0,Gm26633,NA
102633634,0,0,Gm26876,NA
102633673,0,0,Etaa1os,65.3872011471619
102633753,2,2,4930534H03Rik,NA
102633758,0,0,Gm31508,NA
102633773,0,0,Gm31520,NA
102633805,0,0,Gm26688,NA
102633867,0,0,Gm31592,NA
102633880,0,0,A730081D07Rik,NA
102633941,0,0,Gm31641,NA
102633950,0,0,Gm26579,6.9741061144573004
102633975,0,0,Gm12911,NA
102634075,0,0,Gm31747,NA
102634101,0,0,Gm31763,NA
102634169,0,0,Gm11917,NA
102634174,42,4+,Gm16104,6.410432168119286
102634194,0,0,Gm29461,NA
102634268,0,0,Kbtbd8os,NA
102634280,0,0,Gm48908,NA
102634330,1,1,Gm31938,NA
102634333,0,0,1110002E22Rik,NA
102634389,0,0,Gm17546,3.160572478158557
102634401,0,0,Gm14424,NA
102634405,11,4+,Gm13133,NA
102634431,0,0,Gm32014,NA
102634473,0,0,Gm29669,NA
102634559,36,4+,Gm29443,NA
102634576,10,4+,Gm32123,NA
102634600,0,0,Gm32141,NA
102634634,0,0,Gm20491,NA
102634635,0,0,Gm32172,NA
102634646,0,0,Gm12915,NA
102634661,0,0,Gm28178,NA
102634668,0,0,Gm32200,2.7127879047860883
102634678,0,0,Haglr,NA
102634753,4,4+,Gm12440,NA
102634812,5,4+,Gm11694,NA
102634844,0,0,Gm16582,NA
102634887,17,4+,Gm13112,NA
102634913,0,0,Gm16070,NA
102635012,0,0,Gm32455,NA
102635013,0,0,Gm15825,NA
102635020,0,0,Gm32461,NA
102635065,0,0,Gm32496,NA
102635083,0,0,Gm26685,7.989730615410582
102635087,0,0,Gm32511,NA
102635143,7,4+,Gm28626,NA
102635191,0,0,Gm16573,NA
102635192,0,0,Gm16835,NA
102635290,3,3,Ttc39aos1,NA
102635316,3,3,Gm32688,6.046944866245635
102635321,0,0,Gm32693,NA
102635415,0,0,Halr1,68.43148114360943
102635496,0,0,Malrd1,0.7306416375791931
102635552,4,4+,Gm32856,33.72053830549094
102635567,0,0,Gm32865,NA
102635575,0,0,Gm11264,0.9301057191370388
102635594,0,0,Gm32885,65.11302316485443
102635633,0,0,Gm32921,NA
102635639,0,0,Gm32926,NA
102635661,1,1,Gm5915,NA
102635744,0,0,Lrrc78,NA
102635783,4,4+,Gm11266,NA
102635787,0,0,Gm33035,NA
102635880,0,0,Gm33104,NA
102635912,0,0,C030005K06Rik,NA
102635937,3,3,Gm12348,NA
102636051,0,0,Tmem274,NA
102636079,0,0,Gm33251,NA
102636083,0,0,Mannr,NA
102636142,0,0,4930526H09Rik,NA
102636151,0,0,Gm33301,NA
102636183,0,0,Parvaos,NA
102636202,0,0,Gm33337,NA
102636203,0,0,4930519L02Rik,NA
102636207,0,0,Gm33340,NA
102636218,0,0,Gm15290,2.733397830617011
102636262,13,4+,Gm20544,NA
102636514,0,0,Hand2os1,15.09235945210568
102636590,6,4+,AV205837,NA
102636600,0,0,Gm33619,NA
102636620,0,0,Gm15326,NA
102636673,0,0,Gm13029,NA
102636674,0,0,Gm33677,NA
102636737,8,4+,Gm33727,NA
102636764,0,0,Gm29536,NA
102636890,0,0,Gm12374,NA
102636968,0,0,Gm12381,NA
102636989,5,4+,Acte1,NA
102637039,0,0,Gm33948,NA
102637107,0,0,Ptf1aos,NA
102637176,0,0,Gm20052,NA
102637191,1,1,Gm34068,NA
102637299,3,3,Gm20714,NA
102637349,0,0,Gm34184,NA
102637366,3,3,Krbox5,NA
102637430,1,1,Gm34240,NA
102637490,0,0,Gm34284,NA
102637492,0,0,A730035I17Rik,2.2679187751615806
102637511,0,0,Strit1,NA
102637542,0,0,Gm13872,NA
102637572,3,3,Gm38499,NA
102637615,0,0,Scgb1b17,NA
102637682,10,4+,Gm26682,0.6684798978311107
102637684,0,0,Gm20609,NA
102637705,6,4+,Ly6l,NA
102637797,4,4+,A330015K06Rik,NA
102637941,0,0,Gm12602,NA
102638038,0,0,Gm15631,NA
102638083,15,4+,Ccdc188,NA
102638197,5,4+,Gm34816,NA
102638208,0,0,Gm15569,NA
102638434,0,0,Gm16537,NA
102638436,17,4+,Gm38509,5.7169021901726085
102638507,5,4+,Gm26684,NA
102638514,2,2,Tex51,NA
102638611,0,0,Gm35135,NA
102638670,18,4+,4930578G10Rik,0.9446625750078308
102638712,0,0,Gm35206,NA
102638832,0,0,Gm28590,NA
102638837,0,0,Tle7,3.0722305597712305
102638854,0,0,Gm15934,NA
102638890,3,3,Gm15270,3.6788587349975
102638913,0,0,Gm6619,NA
102639053,0,0,Gm16222,1.539718622376119
102639102,0,0,Gm35496,NA
102639115,17,4+,Gm15343,NA
102639178,0,0,Gm35549,NA
102639225,0,0,Gm35584,NA
102639268,12,4+,Gm13830,2.421088295331802
102639396,4,4+,Gm35722,NA
102639399,7,4+,Gm35725,NA
102639404,0,0,Gm26839,NA
102639566,0,0,Ptgs2os2,NA
102639747,0,0,Gm35986,11.23654527553962
102639797,0,0,Gm15767,NA
102639802,0,0,Btnl12,NA
102639848,0,0,Gm12532,NA
102639882,0,0,1700016K05Rik,NA
102639918,0,0,Gm36117,NA
102639979,7,4+,4933406J09Rik,NA
102639992,0,0,Gm36173,NA
102639995,9,4+,Krtap10-35,NA
102640031,0,0,Gm36201,NA
102640043,8,4+,Gm36210,3.4050954847600474
102640074,0,0,Gm36229,NA
102640093,14,4+,Gm36246,NA
102640117,0,0,Gm15201,0.7307135689323196
102640148,1,1,Gm36283,0.7169636522119031
102640356,14,4+,Gm17059,NA
102640368,0,0,Cd55os,NA
102640415,0,0,Gm36480,NA
102640488,0,0,Gm36536,NA
102640545,0,0,Gm36582,NA
102640560,0,0,Gm36595,2.042133233129356
102640562,0,0,BB218582,10.45037044100112
102640597,0,0,Gm29571,NA
102640608,2,2,Gm36633,NA
102640655,0,0,Gm36669,NA
102640673,0,0,Gm5165,30.20221148729443
102640717,0,0,Gm36718,NA
102640742,0,0,Gm36738,1.411653127906066
102640746,0,0,Gm36742,NA
102640772,18,4+,2810414N06Rik,3.616623885160153
102640779,0,0,2900052L18Rik,25.550246458196973
102640804,0,0,Tcstv1b,NA
102640811,0,0,Gm11520,3.8366947204459856
102640845,0,0,Gm26994,NA
102640864,0,0,4933416E14Rik,NA
102640923,7,4+,Gm10649,NA
102640972,0,0,Gm36908,NA
102641247,16,4+,Gm12339,NA
102641476,0,0,Gm38560,NA
102641800,0,0,Gm38576,NA
102641859,0,0,Rsf1os2,1.2696596336222197
102642160,0,0,Gm22496,NA
102642202,13,4+,Gm15511,NA
102643076,0,0,Percc1,NA
102644,6,4+,Oaf,36.84843739529802
102657,15,4+,Cd276,136.77942545960187
102680,1,1,Slc6a20a,2.254183278758476
102688,2,2,AU023762,NA
102693,0,0,Phldb1,47.74963124129221
102722,0,0,AV064505,NA
102747,0,0,Lrrc49,24.261491468809773
102774,0,0,Bbs4,27.479634600794093
102791,0,0,Tcta,18.974552921436253
102800312,0,0,Lncppara,NA
102857,0,0,Slc6a8,195.21789386802325
102866,0,0,Pls3,129.57263781461396
102871,0,0,Radx,12.37603313110401
102902673,3,3,Gm21992,NA
102920,0,0,Cenpi,159.88177473863942
102941,0,0,B630019K06Rik,5.8949204304682885
102954,3,3,Nudt10,14.07637166868532
102991,5,4+,Ezhip,NA
103012,0,0,Firre,636.8943964418991
103080,0,0,Septin10,NA
103098,0,0,Slc6a15,63.267844695444566
103135,0,0,Pan2,191.07938188415855
103136,0,0,Pwp1,1054.9010448996255
103140,0,0,Gstt3,38.17440980254052
103142,2,2,Rdh9,0.6066212079211007
103149,9,4+,Upb1,4.086049633064048
103161,0,0,Apof,2.4286802381951675
103164605,0,0,Paupar,NA
103172,13,4+,Chchd10,473.6886826584299
103175,0,0,D630029K05Rik,NA
103199,8,4+,Fig4,277.89339423790403
103213,2,2,Traf3ip2,22.951003485504867
103214,0,0,Ifngas1,NA
103220,0,0,Ttc41,4.648665239066102
103236,0,0,Csnk1g2,137.72754017465036
103266,0,0,Tmem263,188.5191028046352
103268,8,4+,Cep57l1,316.22380931412954
103284,19,4+,Zc3h10,109.6294111618983
103406,2,2,Zfr2,0.7626073422817162
103425,0,0,Ncln,103.6879665787737
103466,0,0,Nt5dc3,118.53882508165609
103468,7,4+,Nup107,438.578694030712
103505,0,0,BB019430,NA
103511,2,2,Calhm5,9.313299647838337
103534,0,0,Mgat4b,92.9607526565797
103537,35,4+,Mbtd1,493.43262321034314
103551,16,4+,Epop,1020.826683299726
103554,0,0,Psme4,660.3382703956768
103573,28,4+,Xpo1,1317.2177833604856
103583,5,4+,Fbxw11,247.5929776875904
103611158,0,0,Gm38666,NA
103611159,0,0,Gm38667,NA
103655,13,4+,Sec14l4,6.230085543421145
103677,0,0,Smg6,78.93437054859581
103694,5,4+,Tmed4,148.57939596801253
103710,18,4+,Slc35e4,28.67879239387405
103711,8,4+,Pnpo,79.03941272592749
103712,0,0,6330403K07Rik,8.387823959073064
103724,24,4+,Tbc1d10a,31.069938717781493
103729,0,0,AI450353,NA
103733,0,0,Tubg1,65.93187251253512
103737,1,1,Pex12,103.95250529465898
103742,0,0,Mien1,198.02173570695544
103743,5,4+,Tmem98,135.72420209583206
103765,0,0,Tmem17,38.82258030121319
103768,0,0,Tubg2,3.8440720076789336
103775,3,3,Slc25a41,2.1195989164803564
103784,0,0,Dnaaf10,NA
103806,0,0,Maml1,52.18627453638497
103836,0,0,Zfp692,54.6711958007246
103841,0,0,Cuedc1,188.40749325941297
103844,0,0,Inca1,7.365306647640799
103850,17,4+,Nt5m,37.50368676078982
103889,0,0,Hoxb2,5.448511247968378
103963,18,4+,Rpn1,1249.775192394922
103964,0,0,Try5,NA
103967,0,0,Dnm3,0.6987107595575011
103968,0,0,Plin1,NA
103978,0,0,Gpc5,NA
103988,6,4+,Gck,2.945134782554545
104001,4,4+,Rtn1,89.14669759266343
104002,0,0,Ctsq,NA
104009,0,0,Qsox1,48.25231807961405
104010,22,4+,Cdh22,NA
104015,0,0,Synj1,133.46898871376544
104027,0,0,Synpo,5.371312742912683
104069,5,4+,Sncb,12.001335993356085
104079,19,4+,Nxph3,3.402340979727465
104080,0,0,Nxph4,6.976523001631935
104082,0,0,Wdr7,121.57257781987332
104086,0,0,Cyp27a1,2.2482748371496344
104099,3,3,Itga9,50.91080591447096
104103,0,0,Airn,10.103114839996287
104110,0,0,Adcy4,NA
104111,15,4+,Adcy3,34.05713424832139
104112,3,3,Acly,1463.8150268233844
104130,0,0,Ndufb11,495.7218771573269
104156,3,3,Etv5,1052.154211233038
104158,0,0,Ces1d,NA
104174,8,4+,Gldc,904.6435861228604
104175,29,4+,Sbk1,120.92149878026756
104183,0,0,Chil4,NA
104184,0,0,Blmh,214.56117238702817
104215,0,0,Rhoq,83.29760332995879
104245,0,0,Slc6a5,NA
104248,0,0,Cabin1,215.13240385903103
104252,14,4+,Cdc42ep2,8.198830530152335
104263,0,0,Kdm3a,211.82834085370024
104271,0,0,Tex15,114.02225270178896
104303,0,0,Arl1,482.0659446306639
104307,12,4+,Rnu12,NA
104318,14,4+,Csnk1d,979.7897368475652
104346,22,4+,Gas8,93.91391457396558
104348,0,0,Zfp120,62.62540088114345
104349,0,0,Zfp119a,10.454237300583516
104360,3,3,Isl2,2.764094870628057
104362,8,4+,Meig1,NA
104366,16,4+,Snora64,NA
104367,4,4+,Snora65,NA
104368,0,0,Snora70,NA
104369,0,0,Snora69,NA
104370,0,0,Snora68,NA
104382,0,0,Barhl2,NA
104383,0,0,Rcor2,208.99754513593268
104384,3,3,Rhox9,29.85154828105057
104394,17,4+,E2f4,2811.6485887335225
104401,34,4+,Pcnx3,108.20309973815472
104416,10,4+,Bap1,323.3511679295259
104418,7,4+,Dgkz,334.8182852459862
104433,3,3,Snora62,NA
104443,0,0,Npffr2,NA
104444,0,0,Rexo2,690.3952916442184
104445,24,4+,Cdc42ep1,123.94761713109132
104457,0,0,Bacc1,NA
104458,2,2,Rars1,NA
104479,0,0,Ccdc117,200.42313847263708
104522,11,4+,AU040972,2.3746505667312023
104570,0,0,Ppp4r3b,327.5190477004752
104582,17,4+,Rprml,1.473120099484877
104601,10,4+,Mycbpap,NA
104625,13,4+,Cnot6,464.4828866643489
104662,0,0,Tsr1,578.0127773832421
104681,9,4+,Slc16a6,188.4795467878834
104692,5,4+,Gm12108,NA
104709,0,0,Pik3r6,NA
104718,1,1,Ttc7b,361.1540105248327
104721,0,0,Ddx1,1132.0287573670937
104725,0,0,Sptssa,540.4807062333203
104732,15,4+,Tedc1,34.86463974889004
104759,0,0,Pld4,2.296853555608072
104771,0,0,Jkamp,516.4024412634443
104776,0,0,Aldh6a1,117.081709183451
104795665,0,0,Mir3154,NA
104795666,5,4+,Mir3618,NA
104795667,27,4+,Mir935,NA
104795949,12,4+,Mir9769,NA
104796139,0,0,Mir6967-2,NA
104797221,0,0,Mir3552,NA
104797311,24,4+,Mir9768,NA
104797374,0,0,Gm25285,NA
104798,0,0,Sfta3,NA
104799,10,4+,Vipas39,52.61131005351797
104806,0,0,Fancm,191.1037799942168
104816,22,4+,Aspg,16.542054419414725
104831,0,0,Ptpn23,160.45637385942123
104836,0,0,Cbll1,198.37736957056873
104859,4,4+,Tecpr2,27.264095830453492
104871,0,0,Spata7,132.43321600360858
104884,0,0,Tdp1,210.38212022823217
104885,3,3,Tmem179,2.4429091755659047
104886,4,4+,Rab15,51.95660110753616
104910,15,4+,Slc25a47,8.586804568392433
104923,0,0,Adi1,2067.3323572332556
104932,7,4+,AU015791,NA
104940697,2,2,Dalir,NA
104943,0,0,Fam110c,11.081992106421236
105000,1,1,Dnal1,23.38682053803987
105005,0,0,Lratd1,10.796446784553437
105014,0,0,Rdh14,38.65624314749491
105083,11,4+,Pelo,398.2430148690191
105120,0,0,AI197445,NA
105148,0,0,Iars1,NA
105171,0,0,Arrdc3,307.2422526497678
105180375,9,4+,Tmem265,76.06177780076514
105193,0,0,Nhlrc1,16.394639910969488
105203,0,0,Tasor2,143.1811267620789
105239,0,0,Rnf44,1984.947205415319
105242399,0,0,Gm21083,NA
105242579,0,0,Gm42788,NA
105242621,0,0,Gm6117,NA
105242657,9,4+,Hoxaas2,1.7674855447982498
105242658,6,4+,Hotairm1,6.151205167329316
105242817,0,0,Gm15543,NA
105242927,3,3,Gm38999,NA
105243,0,0,Slc9a3,NA
105243089,18,4+,Krtap5-23,NA
105243090,8,4+,Krtap5-21,NA
105243184,0,0,1700061N14Rik,NA
105243890,1,1,Gm28822,NA
105243940,0,0,Pard3bos2,NA
105243944,0,0,Fam237a,NA
105244010,0,0,Gm37065,4.178383541208216
105244050,10,4+,Gm15509,NA
105244641,0,0,Gm12724,NA
105244662,0,0,Cyp4x1os,NA
105244994,0,0,Gm3867,NA
105245,21,4+,Txndc5,131.14686610441572
105245193,0,0,4930563J15Rik,NA
105245359,3,3,4930470G03Rik,2.175270983332278
105245437,0,0,Gm40893,NA
105245866,0,0,4930594M22Rik,2.5570672387590863
105245869,0,0,Sox21os1,NA
105245898,0,0,Gm41279,NA
105245909,0,0,Gm41289,NA
105245924,24,4+,Gm16136,14.30002981839256
105245971,0,0,Gm41341,NA
105246,0,0,Brd9,172.20717797177883
105246020,0,0,Gm26760,4.519431404912444
105246056,0,0,Gm9828,1.8967590370353913
105246059,0,0,Gm41410,NA
105246071,14,4+,4930509G22Rik,1.7880293348727805
105246089,0,0,C730014E05Rik,NA
105246278,0,0,B230354K17Rik,134.50898525073242
105246501,0,0,A330094K24Rik,5.541651132886681
105246506,4,4+,Rbfaos,23.139921882663856
105246665,3,3,Gm28535,1.4040761578593797
105247048,6,4+,Gm9057,NA
105247116,27,4+,Gm42274,NA
105247126,28,4+,Gm16731,NA
105247240,2,2,Pnma8c,NA
105247250,0,0,1700010N08Rik,NA
105278,6,4+,Cdk20,25.922654334872135
105298,0,0,Epdr1,55.1138720856834
105348,0,0,Golm1,372.5347157434256
105349,0,0,Akr1c18,7.645151686305948
105351,0,0,AW209491,114.20765297352374
105352,0,0,Dusp22,246.9678021013567
105355,0,0,Slc17a3,NA
105364,0,0,AW495222,NA
105372,4,4+,Utp15,833.2418066825295
105377,0,0,Slf1,77.18675436716615
105387,0,0,Akr1c14,1.4744728013945054
105404,0,0,BB123696,NA
105418,5,4+,E330034G19Rik,NA
105428,5,4+,Fam149b,74.15018380972127
105439,10,4+,Slain1,34.77148397992622
105440,0,0,Kctd9,185.00952242213097
105445,0,0,Dock9,78.86033237983736
105446,0,0,Gmpr2,46.78617627992935
105450,5,4+,Mmrn2,184.21445520691867
105463053,6,4+,Bloodlinc,NA
105463124,0,0,Gm45924,NA
105500046,35,4+,Gm30731,NA
105501,0,0,Abhd4,886.779775956712
105504,0,0,Exoc5,532.2728317478451
105511,0,0,Fam170b,NA
105513,0,0,Chmp7,113.46803859547482
105518,6,4+,A630023A22Rik,NA
105522,0,0,Ankrd28,370.4135361547485
105559,0,0,Mbnl2,348.07499033116665
105590,0,0,Zfp957,NA
105594,12,4+,Cphx1,NA
105638,2,2,Dph3,414.4919432955918
105651,3,3,Ppp1r3e,1.3951692025338736
105653,0,0,Phyhip,2.213913124804175
105661730,0,0,Lincmd1,NA
105663,10,4+,Thtpa,49.08523182200436
105670,0,0,Rcbtb2,127.91463233952842
105675,32,4+,Ppif,1267.191684755992
105689,0,0,Mycbp2,305.63259145893204
105704528,1,1,Gm13090,NA
105722,5,4+,Ano6,260.5942693421763
105727,4,4+,Slc38a1,995.4696893039992
105732,0,0,Fam83h,82.07613453138526
105734,0,0,Tigd5,14.44489765485385
105734727,0,0,Gm27021,NA
105734733,1,1,Gm13030,NA
105734734,1,1,Gm11715,3.865583287693787
105782,10,4+,Scrib,315.36834908785926
105785,7,4+,Kdelr3,79.55336151211966
105787,18,4+,Prkaa1,107.87466054910392
105827,9,4+,Amigo2,30.947020867765545
105827746,13,4+,Gm11729,NA
105833,1,1,Ccdc65,13.011799369037233
105835,0,0,Sgsm3,39.49596394385573
105837,0,0,Mtbp,52.74151876739352
105841,2,2,Dennd3,20.34921480049306
105844,0,0,Card10,637.7039658346499
105847,6,4+,Lmf2,102.22236704082988
105853,0,0,Mal2,35.549579519020455
105855,4,4+,Nckap1l,33.61798348329318
105859,0,0,Csdc2,2.0316357098235565
105866,1,1,Krt72,NA
105886298,0,0,Cmc4,11.373466078610187
105886299,4,4+,Apoc2l,NA
105887,3,3,Ugt3a2,NA
105892,0,0,9030619P08Rik,NA
105940408,1,1,S2bpcox16,NA
105943584,0,0,Gm45927,NA
105948585,61,4+,Gm45928,NA
105968,0,0,AU021063,NA
105975,1,1,AU022754,NA
105976,0,0,AU022793,NA
105980075,0,0,Gm20716,NA
105980076,0,0,Mef2bl,NA
105988,10,4+,Espl1,1000.9355661527718
106007488,6,4+,Hotairm2,NA
106014,0,0,Tafa5,53.33205407919259
106014251,8,4+,Gm28043,NA
106021,27,4+,Topors,594.5045690757778
106025,10,4+,Sharpin,113.59709403381208
106029237,0,0,Tcstv2b,NA
106039,16,4+,Gga1,41.33058771464372
106042,0,0,Prickle1,85.22146875869952
106052,0,0,Fbxo4,17.34302613540483
106059,0,0,A430088P11Rik,NA
106064,0,0,Rimoc1,NA
106068,10,4+,Slc45a4,117.2310148431145
106073,23,4+,Mfsd5,115.12947157730711
106143,0,0,Cggbp1,679.5713562276701
106200,16,4+,Txndc11,72.34216306676701
106205,5,4+,Zc3h7a,182.18918791721865
106248,5,4+,Qtrt2,260.9320697624707
106264,11,4+,Ncbp2as2,NA
106298,10,4+,Rrn3,796.912029973346
106326,1,1,Osbpl11,102.13548616018268
106338,0,0,Nsun3,137.71146671913812
106344,0,0,Rfc4,138.82822541435547
106347,1,1,Ildr1,187.2569218519993
106369,13,4+,Ypel1,43.76222040562056
106389,0,0,Eaf2,3.8977596081256376
106393,1,1,Srl,24.396349000116416
106407,9,4+,Slc51a,7.806055507354481
106489,0,0,Sft2d1,203.3573083906093
106504,5,4+,Stk38,206.75685238220592
106512,0,0,Gpsm3,23.971887721193976
106522,0,0,Pkdcc,22.63717204794684
106529,0,0,Tecr,1697.9793276585217
106557,1,1,Ldhal6b,2.897968996754283
106557447,0,0,Gm49890,17.58443350361359
106564,0,0,Ppcs,110.68355620752574
106565,26,4+,Dlk2,20.408470075132794
106572,0,0,Rab31,96.09888448583274
106581,4,4+,Fam234a,81.6618706604625
106582,14,4+,Nrm,174.26005393561974
106583,0,0,Scaf8,428.9788748723847
106585,0,0,Ankrd12,77.84586297261285
106618,4,4+,Wdr90,36.90068756993155
106628,0,0,Trip10,258.98691066159154
106633,0,0,Ift140,34.633506629943184
106639,10,4+,Vmac,627.489725459173
106648,3,3,Cyp4f15,1.3129705635002256
106672,0,0,Smim29,NA
106707,23,4+,Rpusd1,84.69496048584297
106722,10,4+,Mpig6b,6.661308953202392
106757,10,4+,Catsperd,3.852556881499004
106759,9,4+,Ticam1,9.689154568120856
106763,1,1,Ttbk1,8.135373064036335
106766,0,0,Stap2,18.127301561589988
106794,6,4+,Dhx57,136.34871054460393
106795,5,4+,Tcf19,23.72723693764939
106821,22,4+,Oard1,243.2730742331124
106840,12,4+,Unc119b,283.98179397658015
106861,12,4+,Abhd3,6.053657513578333
106869,5,4+,Tnfaip8,54.71639843320394
106877,0,0,Afap1l1,19.72421916038373
106878,0,0,Smim3,405.14334304599214
106894,13,4+,Hmgxb3,161.49678003166431
106931,0,0,Kctd1,13.261707598645543
106947,0,0,Slc39a3,8.682350112088665
106952,10,4+,Arap3,61.20145025627497
106957,12,4+,Slc39a6,143.51641987140576
107003,0,0,A330093E20Rik,NA
107022,0,0,Gramd2b,NA
107029,0,0,Me2,359.65883395060536
107035,0,0,Fbxo38,419.6362451985208
107045,0,0,Lars1,NA
107047,1,1,Psmg2,821.5044238265926
107065,3,3,Lrrtm2,NA
107071,4,4+,Wdr74,236.3659812214001
107094,0,0,Rrp12,99.8793109911413
107141,0,0,Cyp2c50,NA
107146,0,0,Glyat,NA
107173,7,4+,Gpr137,104.3865231905305
107182,0,0,Btaf1,516.563481293076
107197,0,0,Uqcc3,115.92158246282632
107221,5,4+,Ffar4,1.973698558060706
107227,0,0,Macrod1,19.276116763977832
107239,24,4+,Carns1,14.976587296303666
107242,16,4+,AI837181,94.800669067171
107250,0,0,Kazald1,1.2345298579092363
107260,3,3,Otub1,234.93209289989335
107271,3,3,Yars1,NA
107272,0,0,Psat1,2706.3464833661096
107305,6,4+,Vps37c,113.60405591864505
107321,0,0,Lpxn,6.945376353876233
107328,17,4+,Trpt1,8.866879805116197
107338,0,0,Gbf1,182.7346066392008
107350,0,0,AW112010,0.6971000506196321
107351,0,0,Kank1,175.25029982346643
107358,0,0,Tm9sf3,708.6576075365178
107368,0,0,Pdzd8,183.46513530489156
107371,1,1,Exoc6,76.49613838155898
107373,0,0,Fam111a,274.2290319105199
107375,2,2,Slc25a45,19.37380324766102
107376,0,0,E330013P04Rik,NA
107392,20,4+,Brms1,102.97152468913674
107435,0,0,Hat1,2234.9189479045317
107448,14,4+,Unc5a,0.941846985479271
107449,3,3,Unc5b,353.9926383131585
107476,0,0,Acaca,127.41729249890956
107477,0,0,Guca1b,NA
107503,27,4+,Atf5,56.40192094498487
107508,0,0,Eprs1,NA
107513,0,0,Ssr1,1267.3740246093537
107515,0,0,Lgr4,667.2273102144756
107522,0,0,Ece2,13.34125289597211
107526,3,3,Gimap4,1.3038862634841408
107527,0,0,Il1rl2,1.3871023032821714
107528,0,0,Magee1,24.08045084831257
107566,6,4+,Arl2bp,1107.67314737657
107568,13,4+,Wwp1,257.4105707555092
107569,2,2,Nt5c3,150.8125942724022
107581,0,0,Col16a1,9.20000283484049
107585,0,0,Dio3,6.150797982190878
107586,0,0,Ovol2,96.96378181744636
107587,20,4+,Osr2,8.24817236100406
107589,0,0,Mylk,6.0985777065013815
107605,2,2,Rdh1,22.407320373997493
107607,0,0,Nod1,2.462217607612397
107626,0,0,Asmt,NA
107650,16,4+,Pi4kb,27.159767473031877
107652,0,0,Uap1,152.31560173184022
107656,11,4+,Krt9,NA
107684,30,4+,Coro2a,70.21432520668587
107686,6,4+,Snrpd2,1078.321358753898
107701,0,0,Sf3b4,9199.63288820945
107702,0,0,Rnh1,101.72538299993596
107723,0,0,Slc12a6,512.968968545262
107732,20,4+,Mrpl10,237.47115078819024
107733,2,2,Mrpl41,157.16794214159776
107734,0,0,Mrpl30,391.5494099927247
107746,24,4+,Rapgef1,495.83908375251497
107747,12,4+,Aldh1l1,13.626232237289964
107751,3,3,Drgx,NA
107753,0,0,Lgals2,3.086043976812115
107765,0,0,Ankrd1,35.42282304999336
107766,0,0,Haao,0.776623790702721
107767,0,0,Scamp1,272.34184431559976
107769,0,0,Tm6sf1,14.6672834707074
107770,0,0,Tm6sf2,8.397226290004005
107771,0,0,Bmyc,804.6747115942592
107815,0,0,Scml2,12.42900424669856
107817,1,1,Jmjd6,209.9043704941257
107823,0,0,Nsd2,260.73222806168985
107829,5,4+,Thoc5,278.3848640695276
107831,4,4+,Adgrb1,21.019295752914257
107849,0,0,Prl2c5,NA
107869,0,0,Cth,416.6748590539824
107885,0,0,Mthfs,78.40044062506946
107889,0,0,Gcm2,1.660619837311483
107895,0,0,Mgat5,60.61268931811823
107932,0,0,Chd4,1237.3971025539388
107934,10,4+,Celsr3,46.850863336536705
107939,2,2,Pom121,331.16804248648356
107951,18,4+,Cdk9,1472.8252912606251
107970,9,4+,H1f6,NA
107971,8,4+,Frs3,39.62403498753529
107975,5,4+,Pacs1,91.5481570129282
107976,0,0,Babam2,270.68064718398006
107986,2,2,Ddb2,28.59498532318217
107993,0,0,Bfsp2,NA
107995,7,4+,Cdc20,1154.6085656328432
107999,0,0,Gtpbp6,56.65305155974673
108000,0,0,Cenpf,1029.272821462196
108011,0,0,Ap4e1,36.07814585480138
108012,0,0,Ap1s2,241.14272777658783
108013,23,4+,Celf4,100.6492240057337
108014,16,4+,Srsf9,419.8828891069221
108015,3,3,Chrnb4,17.970500696896256
108017,0,0,Fxyd4,8.634245996841981
108030,1,1,Lin7a,NA
108037,0,0,Shmt2,3198.400073749659
108043,3,3,Chrnb3,NA
108052,0,0,Slc14a1,NA
108058,0,0,Camk2d,160.2662553849798
108062,0,0,Cstf2,454.8547004980114
108067,0,0,Eif2b3,200.5829607645336
108068,0,0,Grm2,17.143128747638766
108069,0,0,Grm3,NA
108071,0,0,Grm5,1.1509121830757036
108072,0,0,Grm6,8.349938283937501
108073,0,0,Grm7,NA
108075,7,4+,Ltbp4,746.954123572859
108077,25,4+,Skic2,NA
108078,0,0,Olr1,NA
108079,7,4+,Prkaa2,89.31151457336748
108083,0,0,Pip4k2b,610.8222072622017
108086,16,4+,Rnf216,117.19369677831088
108089,0,0,Rnf144a,53.54691593737006
108096,3,3,Slco1a5,1.2784623659065568
108097,11,4+,Prkab2,81.47039328681824
108098,0,0,Med21,828.340469980271
108099,14,4+,Prkag2,86.52243168472683
108100,11,4+,Baiap2,165.7977039575446
108101,18,4+,Fermt3,19.361432908229755
108105,0,0,B3gnt5,224.7318703409207
108112,9,4+,Eif4ebp3,62.236183521087305
108114,5,4+,Slc22a7,5.258756613070586
108115,12,4+,Slco4a1,48.469939932112354
108116,0,0,Slco3a1,36.96401002188104
108121,2,2,U2af1,1837.942858531233
108123,0,0,Napg,186.37739597469923
108124,10,4+,Napa,900.6760387745541
108138,0,0,Xrcc4,26.735803156640568
108143,1,1,Taf9,NA
108147,0,0,Atic,634.7479357848104
108148,0,0,Galnt2,311.61382709027305
108150,0,0,Galnt7,156.79703136597644
108151,0,0,Sema3d,2.092145896080891
108153,0,0,Adamts7,30.90298840657083
108154,0,0,Adamts6,3.292493650131631
108155,0,0,Ogt,868.9756472344794
108156,0,0,Mthfd1,890.0100596910439
108159,9,4+,Ubxn8,52.33039413254411
108160,0,0,Fam50a,425.63455982020946
108161,0,0,Fam50b,NA
108167326,0,0,Gm2788,0.9500149794409284
108167416,0,0,1700020L13Rik,NA
108167466,0,0,Krtap5-26,NA
108167511,0,0,9130015G15Rik,NA
108167546,0,0,Gm30606,NA
108167789,0,0,Gm10310,NA
108167888,0,0,2610024D14Rik,NA
108167906,0,0,Ccdc42os,NA
108168154,0,0,Gm9732,4.154269845943499
108168208,0,0,Gm45521,NA
108168278,0,0,Gm46545,NA
108168350,0,0,Gm27217,NA
108168395,0,0,Gm45871,31.445112903024313
108168734,0,0,2900093K20Rik,12.611657775614283
108168742,0,0,Gm13427,NA
108168785,0,0,G630016G05Rik,NA
108168987,3,3,Gm13205,22.528001659061356
108176,0,0,Npm3-ps1,NA
108637,0,0,Snord14c,NA
108645,0,0,Mat2b,387.5668823542361
108652,0,0,Slc35b3,53.9227616084061
108653,13,4+,Rimklb,291.9060714622218
108654,0,0,Fam210a,88.71380477254814
108655,0,0,Foxp1,358.48891221198494
108657,2,2,Rnpepl1,48.02156413348353
108660,0,0,Rnf187,611.3826573975791
108664,0,0,Atp6v1h,441.1847432058287
108670,0,0,Epsti1,2.2481407542079967
108671,4,4+,Dnajc9,599.8948857969895
108672,0,0,Zdhhc15,107.16327129124576
108673,7,4+,Ccdc86,260.59761089010556
108679,0,0,Cops8,777.1315498457518
108682,7,4+,Gpt2,148.0352258190481
108686,0,0,Ccdc88a,169.20573544853397
108687,0,0,Edem2,397.9790543798724
108689,0,0,Stn1,84.56956631106881
108699,6,4+,Chn1,508.7495202999631
108705,0,0,Pttg1ip,626.1537486568031
108707,0,0,Slx9,NA
108723,0,0,Card11,1.014391480577686
108735,5,4+,Sft2d2,177.3284497830775
108737,0,0,Oxsr1,886.4460105089554
108755,8,4+,Lyrm2,70.1200381800966
108760,0,0,Galnt16,3.486467864597189
108767,0,0,Pnrc1,188.54651898420477
108797,0,0,Mex3b,56.51314166103937
108800,0,0,Ston2,400.4538544728741
108802,0,0,Calr4,0.7826733106697724
108803,0,0,Spem2,NA
108809,7,4+,4933407E24Rik,NA
108811,0,0,Ccdc122,16.88397624682545
108812,0,0,Flacc1,0.7570231140584226
108816,0,0,4933409K07Rik,NA
108829,0,0,Jmjd1c,275.5887862183311
108832,0,0,Tmem74b,NA
108837,0,0,Ibtk,659.0912261260045
108841,2,2,Rdh13,51.1208229210895
108853,0,0,Mtrf1l,19.973019559488183
108857,0,0,Ankhd1,223.39745473873128
108871,0,0,4930447M23Rik,NA
108888,0,0,Atad3a,218.1913911372338
108897,0,0,Aif1l,256.996712193811
108899,14,4+,Zfta,NA
108900,31,4+,Fam72a,46.93260074146902
108902,26,4+,B4gat1,33.32987392223377
108903,2,2,Tbcd,83.1031069971745
108907,6,4+,Nusap1,916.2369766169602
108909,0,0,Aida,599.6181065561074
108911,0,0,Rcc2,4605.983078765087
108912,0,0,Cdca2,353.8211351696716
108927,3,3,Lhfpl6,NA
108934,2,2,Smim13,70.90281200211409
108937,0,0,Rnf169,72.1387368820547
108943,4,4+,Trmt10a,127.8412912856163
108946,0,0,Zzz3,332.8435436436833
108950,0,0,1700049L16Rik,NA
108954,17,4+,Ppp1r15b,195.29379502108148
108956,0,0,Apol7c,NA
108958,29,4+,Miga2,83.88723335744638
108960,8,4+,Irak2,74.83783066339312
108961,0,0,E2f8,171.3394005251424
108970,0,0,4930519F24Rik,NA
108978,0,0,4930555G01Rik,NA
108989,0,0,Tpr,699.2455966047536
108995,2,2,Tbc1d10c,7.26385948349915
109006,9,4+,Ciapin1,4180.290981338913
109019,0,0,Nabp1,167.6677540397102
109032,0,0,Sp110,41.2594848123816
109042,0,0,Cavin3,46.38802543376399
109050,0,0,Inka2,20.963511055957323
109052,0,0,Krt75,NA
109054,0,0,Pfdn4,415.74770990779103
109065,6,4+,Dnaaf2,215.43545976643964
109075,0,0,Exosc4,95.09930389906408
109077,0,0,Ints5,566.4509150171205
109079,0,0,Sephs1,839.3930753266523
109082,0,0,Fbxw17,62.181461759491235
109093,11,4+,Rars2,280.63213912876574
109095,0,0,Rbm15b,532.3838105250102
109108,0,0,Slc30a9,87.45485653995495
109113,0,0,Uhrf2,815.2094582863969
109115,0,0,Supt3,55.066732120200896
109129,0,0,Mmadhc,421.7690846176941
109135,0,0,Plekha5,502.1619875566262
109136,0,0,Mmaa,23.632037541954297
109145,4,4+,Gins4,432.682835083778
109151,0,0,Chd9,603.645237173018
109154,0,0,Mlec,1649.062606624699
109161,23,4+,Ube2q2,124.68936084102316
109163,0,0,3010003L21Rik,25.805157680189268
109168,0,0,Atl3,337.86257033447606
109169,1,1,Igip,24.48981519954602
109181,0,0,Trip11,121.26605175770848
109198,7,4+,6030407O03Rik,NA
109202,19,4+,A930024E05Rik,16.435619605570935
109205,0,0,Sobp,2.532792665524153
109212,11,4+,Pimreg,146.01116775184605
109215,3,3,Lncbate1,NA
109218,1,1,Tmem139,0.9628946481287294
109222,8,4+,Rarres1,1.8590021674576316
109225,0,0,Ms4a7,NA
109229,0,0,Fam118b,280.38277303901646
109232,0,0,Sccpdh,240.7028506107841
109241,2,2,Mbd5,65.4286875711497
109242,11,4+,Kif24,16.349963470876965
109245,0,0,Lrrc39,1.8516971736623584
109246,5,4+,Tspan9,1917.869658546565
109254,0,0,Adtrp,0.8919689688150263
109263,0,0,Rlf,351.7399145726479
109264,2,2,Me3,1.1024566883323854
109267,17,4+,Ssc4d,23.353738997270707
109270,9,4+,Prr5,164.81367727825645
109272,0,0,Mybpc1,3.137245156984979
109275,0,0,Actr5,62.19001652263914
109280,6,4+,Slc22a13b,NA
109284,0,0,R3hdm4,504.8247214074703
109294,0,0,Prex2,116.18555353163131
109299,2,2,Tmem250,NA
109305,0,0,Orai1,443.86473608008635
109314,0,0,Prr9,NA
109323,0,0,C1qtnf7,NA
109331,16,4+,Rnf20,515.3443691201455
109332,0,0,Cdcp1,85.38238745293764
109333,0,0,Pkn2,318.6972235096953
109335,4,4+,9230102K24Rik,NA
109342,0,0,Slc5a10,NA
109344,0,0,E130215H24Rik,NA
109346,7,4+,Ankrd39,33.82880744387232
109349,7,4+,Fam163b,21.661297536398216
109359,0,0,Abraxas2,174.7713309370125
109552,0,0,Sri,529.3681123149753
109575,18,4+,Tbx10,NA
109593,0,0,Lmo3,NA
109594,0,0,Lmo1,13.204056671709749
109620,23,4+,Dsp,988.8573912025809
109624,0,0,Cald1,895.672262411309
109637,0,0,Upk1a,177.50315816972827
109648,0,0,Npy,35.2282805983058
109652,0,0,Acy1,52.43556570806225
109658,11,4+,Txlna,745.7782176457865
109660,0,0,Ctrl,3.632318958686648
109663,0,0,Hoxc11,1.9252164132186236
109672,0,0,Cyb5a,1268.9340275871243
109674,5,4+,Ampd2,97.0439085680462
109676,0,0,Ank2,38.58441208274811
109685,0,0,Hyal3,4.780953142220284
109689,0,0,Arrb1,28.926596001188177
109697,0,0,Cpa1,1.037140350634469
109700,11,4+,Itga1,36.32112167214418
109711,0,0,Actn1,5033.20302891482
109731,0,0,Maob,7.0754324020420984
109754,0,0,Cyb5r3,1171.9100480396137
109778,0,0,Blvra,35.74083227744448
109785,0,0,Pgm3,98.68946481258588
109791,6,4+,Clps,3.06112343939593
109801,3,3,Glo1,1141.098141709016
109815,5,4+,Selenos,197.5303917675712
109820,0,0,Pgc,28.214608535150138
109821,0,0,F11,NA
109828,0,0,C7,NA
109857,2,2,Cbr3,66.01894449035848
109880,0,0,Braf,681.1635684413457
109889,8,4+,Mzf1,5.519748023857538
109900,8,4+,Asl,56.78105887958728
109901,10,4+,Cela1,1.434332426988144
109904,5,4+,Mcf2,91.64087796444048
109905,27,4+,Rap1a,373.4790386168206
109910,0,0,Zfp91,216.5798966740195
109929,18,4+,Zbtb25,68.007110017657
109934,0,0,Abr,129.71617149696235
109959,0,0,Amy2a5,NA
109978,0,0,Art4,NA
109979,0,0,Art3,2.010533042021039
110006,0,0,Gusb,110.4880057701162
110012,9,4+,Tpgs1,44.27472433276068
110033,1,1,Kif22,481.91021767856614
110052,0,0,Dek,1290.9793188436493
110058,6,4+,Syt17,11.401027037457805
110074,0,0,Dut,2865.5658791660235
110075,5,4+,Bmp3,NA
110078,12,4+,Pygb,27.479851024268974
110082,0,0,Dnah5,NA
110083,6,4+,Dnah12,2.7328740028725886
110084,0,0,Dnah1,1.790606400216734
110094,0,0,Phka2,17.284901064147938
110095,0,0,Pygl,4.830289029119884
110109,1,1,Nop2,1032.5947146721396
110115,12,4+,Cyp11b1,NA
110119,12,4+,Mpi,61.289102324231976
110135,0,0,Fgb,NA
110147,9,4+,Ehmt2,346.3055412814435
110157,21,4+,Raf1,192.8590464366647
110168,4,4+,Gpr18,NA
110172,0,0,Slc35b1,243.5354507398324
110173,0,0,Manba,89.9169003602951
110175,5,4+,Ggct,56.03798451661832
110187,3,3,Scgb2b26,NA
110196,5,4+,Fdps,237.6471204594882
110197,0,0,Dgkg,3.766666706251049
110198,0,0,Akr7a5,69.713879710992245
110208,9,4+,Pgd,616.8620992766046
110213,2,2,Tmbim6,1146.2169870366397
110253,12,4+,Triobp,241.99288365514917
110265,0,0,Msra,18.91561664303577
110279,0,0,Bcr,43.23449916123049
110304,0,0,Glra3,NA
110308,0,0,Krt5,1.551909595531478
110310,0,0,Krt7,295.2747233713306
110312,0,0,Pmch,NA
110323,0,0,Cox6b1,1167.4565959819188
110326,0,0,Tas1r1,2.5153491833098145
110332,0,0,Pp2d1,35.46750375709179
110333,0,0,Rmst,NA
110350,14,4+,Dync2h1,26.455214587106056
110351,0,0,Rap1gap,45.7229594001272
110355,26,4+,Grk2,316.3106476443554
110379,4,4+,Sec13,1180.2677627764033
110380,0,0,Shroom2,437.0954406300796
110382,0,0,C8b,4.351697311398787
110385,18,4+,Pde4c,2.606174682135328
110391,1,1,Qdpr,1137.9487954545216
110417,7,4+,Pigh,69.53061878741586
110446,0,0,Acat1,136.33405715394818
110454,0,0,Ly6a,110.35022756406651
110460,28,4+,Acat2,550.7614645090581
110511,0,0,Or5w22,NA
110521,0,0,Hivep1,137.80415763330947
110524,7,4+,Dgkq,74.82973513550778
110532,30,4+,Adarb1,17.610799502096377
110542,0,0,Amhr2,9.314790989945838
110557,5,4+,H2-Q6,1.743344570429698
110558,8,4+,H2-Q9,NA
110593,0,0,Prdm2,55.177948795038944
110595,0,0,Timp4,1.996697650167445
110596,0,0,Arhgef28,14.888688927729122
110599566,12,4+,Eef1akmt4,57.34833458748775
110599584,12,4+,Eef1ece2,NA
110599589,10,4+,Asdurf,NA
110606,0,0,Fntb,398.0669141034555
110611,0,0,Hdlbp,1216.9033597032956
110616,5,4+,Atxn3,112.65377650891264
110637,0,0,Grik4,1.222439087860579
110639,0,0,Prps2,460.6569723107201
110648,0,0,Lmx1a,12.841971566735957
110651,0,0,Rps6ka3,146.9183848186704
110695,4,4+,Aldh7a1,246.05033313668693
110696,3,3,H2-M10.3,NA
110749,15,4+,Chaf1b,346.43348929320774
110750,15,4+,Cse1l,2614.237774790792
110751,0,0,Adam33,1.5486685174153088
110784,0,0,Nr3c2,5.9367790348353005
110789,0,0,Adgrv1,48.86026576813241
110794,5,4+,Cebpe,NA
110796,0,0,Tshz1,45.65703676379995
110805,43,4+,Foxe1,4.193526076330164
110809,0,0,Srsf1,3439.82900229145
110816,0,0,Pwp2,120.74586117654428
110821,1,1,Pcca,140.85129484748873
110826,1,1,Etfb,152.63908650600058
110829,0,0,Lims1,317.35291101319905
110834,5,4+,Chrna3,NA
110835,0,0,Chrna5,5.296372103695021
110842,0,0,Etfa,841.3014794670717
110854,0,0,Ptpa,458.3442136592787
110855,0,0,Pde6c,NA
110862,0,0,Kcnq3,9.819651584212597
110876,0,0,Scn2a,7.382194112439313
110877,0,0,Slc18a1,27.007061125647045
110880,0,0,Scn4a,NA
110886,0,0,Gabra5,8.503511367912068
110891,19,4+,Slc8a2,19.416296516839957
110893,0,0,Slc8a3,1.5601253325768836
110895,0,0,Slc9a4,NA
110902,0,0,Chrna2,NA
110911,0,0,Cds2,504.7481630733893
110920,0,0,Hspa13,259.07601539717825
110935,0,0,Atp6v1b1,NA
110948,0,0,Hlcs,83.98932226304392
110954,0,0,Rpl10,222.73747310563724
110957,1,1,D1Pas1,67.6299850961666
110958,6,4+,M1ap,9.39272887484352
110959,4,4+,Nudt19,185.72615598122795
110960,13,4+,Tars1,NA
110962,9,4+,Mbd6,101.76056701146167
111002,0,0,Marcksl1-ps4,NA
111043194,0,0,Gm46993,NA
111173,0,0,Erc1,302.0970254607117
111174,1,1,Taar1,NA
111175,4,4+,Pecr,301.33735725542715
111186,4,4+,Stmn1-rs1,NA
111241,17,4+,Hmga1b,91.7695933431188
111365222,0,0,Rps18-ps4,NA
111368,4,4+,Prn,NA
111828493,0,0,Gm53191,NA
111970,0,0,Dlx1as,NA
111975,19,4+,Igf2os,5.9839903502452945
112403,13,4+,Dxo,141.94240513178386
112405,1,1,Egln1,184.56980227090096
112406,2,2,Egln2,201.43033502332435
112407,0,0,Egln3,211.51310470959984
112408,0,0,Tas2r116,NA
112415,0,0,Zfp607b,88.9974578508293
112417,0,0,Ugt2b37,NA
112418,7,4+,1700102P08Rik,13.21485190346797
112419,5,4+,Ifit1bl2,0.8663664838476517
112422,0,0,Zfp979,1816.3212688593592
112694759,2,2,Gm20517,NA
11287,0,0,Pzp2,NA
11298,14,4+,Aanat,NA
113002583,0,0,Shld3,29.31370730013445
11302,7,4+,Aatk,4.681687597467267
11303,24,4+,Abca1,237.30670043961393
11304,0,0,Abca4,1.1114721235326697
11305,0,0,Abca2,49.92841546805295
11306,0,0,Abcb7,364.4103961217058
11307,15,4+,Abcg1,29.273330750737653
11308,0,0,Abi1,325.1959284334402
11350,0,0,Abl1,1130.6052431016535
11352,12,4+,Abl2,300.38911048505474
11354,5,4+,Scgb1b27,NA
11363,0,0,Acadl,137.0213287032706
11364,0,0,Acadm,818.8671302050766
11370,0,0,Acadvl,30.122260067923555
113845,0,0,Vmn1r48,NA
113846,0,0,Vmn1r47,1.742026340562409
113847,0,0,Vmn1r43,0.6514660169669071
113848,0,0,Vmn1r42,NA
113849,0,0,Vmn1r52,NA
113850,0,0,V1ra8,NA
113851,0,0,Vmn1r54,NA
113852,0,0,Vmn1r50,NA
113853,0,0,Vmn1r53,9.722315017235545
113854,0,0,Vmn1r44,NA
113855,0,0,Vmn1r40,NA
113856,0,0,Vmn1r46,NA
113857,2,2,Vmn1r41,NA
113858,0,0,Vmn1r10,NA
113859,0,0,Vmn1r29,NA
113860,0,0,Vmn1r11,NA
113862,0,0,Vmn1r13,4.430801091895343
113863,0,0,Vmn1r15,4.3645560841452875
113864,0,0,Vmn1r14,NA
113865,0,0,Vmn1r25,NA
113868,6,4+,Acaa1a,36.70423949105738
113939900,1,1,Gm50457,NA
11409,6,4+,Acads,50.56133432657011
114128,14,4+,Laptm4b,271.6966114828441
114141,0,0,Cldn16,NA
114142,27,4+,Foxp2,0.9046413489044814
114143,0,0,Atp6v0b,490.62254670804487
11416,0,0,Slc33a1,127.91341541122478
11418,0,0,Asic2,0.8397565608817033
11419,25,4+,Asic1,20.405545690109246
11421,2,2,Ace,1.63084391203291
114228,0,0,Prss1,NA
114229,0,0,Kiss1r,8.21601847014586
11423,28,4+,Ache,NA
114230,6,4+,Aipl1,1.4440588864841644
114249,0,0,Npnt,89.48774531164784
11425,5,4+,Apoc4,3.1092820119976468
114255,5,4+,Dok4,30.63685246204478
11426,0,0,Macf1,1433.8769954614982
11428,26,4+,Aco1,134.34236053752667
11429,6,4+,Aco2,3039.734916693717
11430,24,4+,Acox1,84.53555125387176
114301,0,0,Palmd,NA
114304,4,4+,Slc28a3,3.853161347455107
11431,0,0,Acp1,619.9796097701321
11432,0,0,Acp2,73.91306724124048
11433,10,4+,Acp5,12.91094274301636
114332,3,3,Lyve1,NA
11434,0,0,Acr,0.8044800492216061
11435,0,0,Chrna1,NA
11438,0,0,Chrna4,5.917832411469788
11440,0,0,Chrna6,NA
11441,0,0,Chrna7,5.377224019019847
11443,0,0,Chrnb1,70.42330494097119
11444,6,4+,Chrnb2,1.6200904702372063
11447,8,4+,Chrnd,NA
114479,26,4+,Slc5a5,307.7266194193763
11448,1,1,Chrne,0.7104344635406005
114482879,0,0,Mir9b-1,NA
114483555,0,0,Gm24195,NA
114483767,0,0,Mir1911,NA
11449,0,0,Chrng,NA
11450,0,0,Adipoq,1.0747973874459629
11451,0,0,Acrv1,NA
114565,0,0,Zbtb21,218.6749333402521
114566,0,0,Krt82,NA
114570,0,0,Crip3,1.2143678100709123
114584,0,0,Clic1,290.9776427360398
114585,8,4+,D17H6S53E,14.440255429849254
11459,0,0,Acta1,395.6167765415271
114601,0,0,Ehbp1l1,59.80786679604346
114602,3,3,Zmynd10,NA
114604,0,0,Prdm15,53.88745071299875
114606,0,0,Tle6,22.702927529386347
11461,12,4+,Actb,22231.585626140262
114615,3,3,Elac1,15.960713613017203
11464,0,0,Actc1,53.18994178355381
114640,0,0,Pth2,NA
114641,0,0,Rpl31,15173.36500375608
114642,0,0,Brdt,27.19440838271575
114643,21,4+,Oas1c,5.100731276212747
114644,0,0,Slc13a3,NA
11465,32,4+,Actg1,59253.69296163378
114652,6,4+,Ly6g5c,NA
114654,6,4+,Ly6g6d,6.371355427992693
114661,9,4+,Prss28,NA
114662,5,4+,Prss29,NA
114663,0,0,Impa2,324.52510046058387
114664,0,0,Hsd17b11,227.63146708268465
114666,7,4+,Krtap5-5,NA
114668,0,0,5033404E19Rik,NA
114671,0,0,Semp2l2b,NA
114673,19,4+,4930433N12Rik,NA
114674,0,0,Gtf2ird2,19.277489978576263
114679,0,0,Selenom,96.71194111218465
11468,0,0,Actg2,4.242392311148822
11470,3,3,Actl7a,NA
11471,22,4+,Actl7b,1.056388270066934
114712,0,0,Ferd3l,NA
114713,3,3,Rasa2,211.0775143774746
114714,0,0,Rad51c,97.61270860281545
114715,0,0,Spred1,816.3778121571295
114716,1,1,Spred2,1171.2529978435032
11472,1,1,Actn2,8.914680852189456
11474,13,4+,Actn3,17.06808516583875
114741,0,0,Supt16,1403.8505377542326
11475,0,0,Acta2,2082.0868630161312
11477,0,0,Acvr1,404.7553796531465
114774,0,0,Pawr,86.32443583676611
11479,14,4+,Acvr1b,229.3803974313949
11480,0,0,Acvr2a,140.10172871079615
11481,7,4+,Acvr2b,78.41453339592421
11482,19,4+,Acvrl1,1.2790659364089203
11484,0,0,Aspa,9.303268181266253
114841036,0,0,Gm51400,NA
11486,0,0,Ada,17.317949190273605
114863,0,0,Plpbp,240.86083616883627
114868,8,4+,Psg25,NA
11487,0,0,Adam10,172.02295358896424
114871,0,0,Psg28,NA
114872,0,0,Psg29,NA
114873,0,0,Dscaml1,3.928954204986495
114874,1,1,Ddhd1,225.2147166252131
114875,2,2,Plcz1,NA
11488,0,0,Adam11,2.8215028956830293
114886,0,0,Cygb,15.174249295349169
114889,8,4+,Vsx1,NA
11489,0,0,Adam12,4.717450834849047
114893,0,0,Dcun1d1,160.63475461069496
114896,12,4+,Afg3l1,389.5243561723405
11490,0,0,Adam15,26.5660971720106
11491,1,1,Adam17,267.7599899038079
11492,8,4+,Adam19,352.33253676079045
11495,0,0,Adam2,1.342294086189618
11496,0,0,Adam22,40.35693757536752
11497,0,0,Adam3,NA
11498,0,0,Adam4,0.8049869895049103
11499,0,0,Adam5,NA
11500,0,0,Adam7,NA
11501,0,0,Adam8,13.17240065861144
11502,0,0,Adam9,22.8457932164736
11504,0,0,Adamts1,9.67870385668218
11512,15,4+,Adcy6,5.995284288638203
11513,0,0,Adcy7,28.167340538855672
11514,3,3,Adcy8,NA
11515,29,4+,Adcy9,4.847043676174786
11516,0,0,Adcyap1,1.4138556331294716
11517,0,0,Adcyap1r1,8.413298500565727
11518,0,0,Add1,898.2188549300519
11519,6,4+,Add2,1.3088652923115427
11520,0,0,Plin2,682.3136309730926
11522,0,0,Adh1,11.76631050264688
11529,0,0,Adh7,6.8017357188850625
11532,0,0,Adh5,1245.6304836246643
11534,0,0,Adk,380.80181167780023
11535,11,4+,Adm,24.08677604510206
11536,0,0,Gpr182,0.8986709627819616
11537,19,4+,Cfd,NA
11538,2,2,Adnp,468.4584809749402
11539,0,0,Adora1,0.8662861317144717
11540,0,0,Adora2a,1.1776587560980891
11541,0,0,Adora2b,11.877696743098014
11542,0,0,Adora3,0.9297596732833836
11544,8,4+,Adprh,3660.164816286529
11545,0,0,Parp1,905.3125361257768
11546,0,0,Parp2,389.35014487688454
11548,0,0,Adra1b,5.823981804825219
11549,0,0,Adra1a,NA
11550,0,0,Adra1d,NA
11551,4,4+,Adra2a,2.927406640009455
11552,27,4+,Adra2b,2.31098028896915
11553,0,0,Adra2c,NA
11554,0,0,Adrb1,6.946612124901188
11555,0,0,Adrb2,50.97214821234757
11556,1,1,Adrb3,112.43263711435938
11564,13,4+,Adsl,149.19661909246878
11565,13,4+,Adss1,NA
11566,1,1,Adss2,NA
11567,20,4+,Avil,1.026167608850162
11568,8,4+,Aebp1,8.166880607420605
11569,14,4+,Aebp2,594.1684428874344
11571,0,0,Crisp1,3.303295118940639
11572,0,0,Crisp3,NA
11576,0,0,Afp,NA
11593,0,0,Aga,27.845542086090752
11595,0,0,Acan,8.811161645034886
11596,3,3,Ager,10.52338387160768
11600,0,0,Angpt1,NA
11601,0,0,Angpt2,3.4296992011484013
11602,0,0,Angpt4,NA
11603,9,4+,Agrn,415.2798062744917
11604,0,0,Agrp,0.7671994450000941
11605,0,0,Gla,59.87277117268058
11606,13,4+,Agt,NA
11607,0,0,Agtr1a,2.3121673227916064
11608,0,0,Agtr1b,NA
11609,0,0,Agtr2,NA
11610,0,0,Agtrap,550.0079270176586
11611,17,4+,Agxt,NA
11614,0,0,Nr0b1,366.3703105706094
11615,0,0,Ahcyl,NA
11622,0,0,Ahr,36.40444180354455
11624,0,0,Ahrr,1.6974230855282677
11625,6,4+,Ahsg,11.143588984365408
11628,6,4+,Aicda,5.75887523457224
11629,4,4+,Aif1,1.2044615629773288
11630,0,0,Crybg1,61.44531583521116
11632,0,0,Aip,435.0143869509871
11634,0,0,Aire,28.342250041700332
11636,0,0,Ak1,306.3176541074262
11637,0,0,Ak2,574.9974051721837
11639,0,0,Ak4,626.3202859122963
11640,13,4+,Akap1,264.4047432067744
11642,0,0,Akap3,0.7524527178006625
11643,0,0,Akap4,NA
11647,0,0,Alpl,352.71371634417926
11648,9,4+,Akp3,NA
11650,0,0,Alppl2,4.342354929235318
11651,28,4+,Akt1,680.1826338739063
11652,0,0,Akt2,571.1354736463785
11655,5,4+,Alas1,52.790383739087005
11656,0,0,Alas2,NA
11657,0,0,Alb,NA
11658,0,0,Alcam,5.625628623356971
11666,0,0,Abcd1,44.38987434453758
11668,0,0,Aldh1a1,4.077080515905607
11669,16,4+,Aldh2,143.68249336234703
11670,0,0,Aldh3a1,5.833327490709774
116701,0,0,Fgfrl1,22.762858020719097
11671,3,3,Aldh3a2,68.2686446250397
116731,0,0,Pcdha1,NA
116732,0,0,Tsga13,NA
116733,0,0,Vps4a,606.9168630874631
11674,8,4+,Aldoa,5609.048997207607
116746,0,0,Defb6,NA
116748,20,4+,Lsm10,701.2399024803244
11676,2,2,Aldoc,43.84606384376102
11677,0,0,Akr1b1,NA
116810,16,4+,Foxn4,5.476469168287283
116811,12,4+,Zim3,3.433413806287542
11682,0,0,Alk,3.8037634556917537
116837,0,0,Rims1,28.43922466834846
116838,18,4+,Rims2,72.96836854369833
11684,0,0,Alox12,15.650255701503642
116847,0,0,Prelp,NA
116848,1,1,Baz2a,296.7874270083652
116849,1,1,Il22b,NA
11685,14,4+,Alox12e,2.126835904434195
116852,0,0,Akr1c20,NA
11686,10,4+,Alox12b,4.690963891966563
11687,12,4+,Alox15,48.25960659700452
116870,23,4+,Mta1,452.4223443379507
116871,0,0,Mta3,1692.0732250317503
116872,0,0,Serpinb7,2.0223957684578084
116873,1,1,Stim2,119.10485211765544
11688,0,0,Alox8,2.453783316596673
11689,0,0,Alox5,7.6401420800461874
116891,0,0,Derl2,221.60366635439885
11690,0,0,Alox5ap,23.276068773597068
116903,0,0,Calcb,NA
116904,0,0,Alpk3,3.656230944690096
116905,0,0,Dph1,NA
116911,0,0,Cts8-ps,NA
116913,0,0,Tpbpb,NA
116914,0,0,Slc19a2,109.07254382066276
11692,10,4+,Gfer,154.50236257111033
116939,13,4+,Pnpla3,NA
11694,0,0,Alx3,0.9845565075451976
116940,6,4+,Tgs1,1234.3390516853583
11695,14,4+,Alx4,NA
116972,5,4+,Tlcd3a,NA
11698,0,0,Ambn,NA
11699,0,0,Ambp,NA
117004,0,0,Or5d18,NA
117005,0,0,Or5d47,NA
11702,9,4+,Amd1,145.9437903815392
11704,0,0,Amelx,NA
11705,0,0,Amh,NA
117066,3,3,Cts3,NA
117109,0,0,Pop5,306.30430594994436
117146,0,0,Ube3b,289.32992214081906
117147,0,0,Acsm1,NA
117148,0,0,Necab2,89.23481935364023
117149,0,0,Tirap,88.04515643015446
117150,3,3,Pip4k2c,628.0471178890748
117158,0,0,Scgb3a2,NA
117160,30,4+,Ttyh2,11.40585096350386
117167,0,0,Steap4,2.125028587377058
11717,0,0,Ampd3,31.676872665072867
117171,1,1,1110038F14Rik,282.93987466805993
117172,0,0,Krtap13-20,NA
117197,16,4+,Bloc1s4,226.94630233534133
117198,0,0,Ivns1abp,581.7479815464985
11720,0,0,Mat1a,NA
11722,0,0,Amy1,NA
117229,0,0,Stk33,1.0706495959688125
11727,0,0,Ang,2.0024697962069182
11731,0,0,Ang2,NA
11732,26,4+,Ank,35.30938787030117
11733,0,0,Ank1,1.5618372732565111
11735,0,0,Ank3,56.89033205323006
11736,0,0,Ankfy1,157.74965293386387
11737,0,0,Anp32a,271.8802833044356
11739,0,0,Slc25a4,1345.3678903625105
11740,0,0,Slc25a5,3907.320455861177
11744,29,4+,Anxa11,127.30971698809132
11745,0,0,Anxa3,608.7605874400316
11746,21,4+,Anxa4,209.5451177952402
11747,0,0,Anxa5,199.10848383524495
11749,0,0,Anxa6,525.2096887858005
11750,0,0,Anxa7,778.3464284536466
11752,25,4+,Anxa8,14.14316381465084
11754,2,2,Aoc3,2.0254084526060163
11757,0,0,Prdx3,565.9163780243516
11758,0,0,Prdx6,2584.264987918713
117586,0,0,A1bg,NA
117589,0,0,Asb7,135.38220120026244
117590,16,4+,Asb10,1.3847665426173803
117591,1,1,Slc2a9,NA
117592,0,0,B3galt6,127.30790114535972
117599,0,0,Helb,99.7459277266026
117600,0,0,Srgap1,68.35971478308844
117606,0,0,Boc,2.9974028913815993
11761,10,4+,Aox1,0.6674417376261058
11764,0,0,Ap1b1,196.36937399585912
11765,6,4+,Ap1g1,1575.4817755203328
11766,7,4+,Ap1g2,69.0681489659632
11767,0,0,Ap1m1,460.72321300423096
11768,0,0,Ap1m2,200.67270307020547
11769,0,0,Ap1s1,154.35114843549297
11770,0,0,Fabp4,3.8303420613170553
11771,1,1,Ap2a1,200.1397124213808
11772,19,4+,Ap2a2,462.84332115618696
11773,21,4+,Ap2m1,1787.4313166312213
11774,3,3,Ap3b1,491.3145835107203
11775,0,0,Ap3b2,61.17833099134388
11776,11,4+,Ap3d1,273.7950583273439
11777,0,0,Ap3s1,679.1408536677945
11778,5,4+,Ap3s2,201.32648011054744
11781,16,4+,Ap4m1,201.8685300744221
11782,1,1,Ap4s1,211.02634823149376
11783,0,0,Apaf1,296.35370068289745
11784,4,4+,Apba2,16.53936172154138
11785,0,0,Apbb1,54.97947046008693
11787,0,0,Apbb2,114.65886562436272
11789,0,0,Apc,431.1096359549151
11790,26,4+,Speg,109.05488903722656
11792,0,0,Apex1,2388.5331224577662
11793,21,4+,Atg5,684.8618004961669
11796,20,4+,Birc3,25.46927619963542
11797,17,4+,Birc2,69.40728476973038
11798,0,0,Xiap,224.51234026299608
11799,0,0,Birc5,1390.028221017196
11800,0,0,Api5,3398.740145813196
11801,3,3,Cd5l,NA
11803,4,4+,Aplp1,1938.935121874655
11804,5,4+,Aplp2,799.1465095027052
11806,15,4+,Apoa1,34.8723394403749
11807,0,0,Apoa2,1.1459742591979178
11808,21,4+,Apoa4,11.6117645668133
11810,1,1,Apobec1,25.573506527375116
11811,7,4+,Apobec2,13.833205253959807
11812,6,4+,Apoc1,45.013080589364
11813,5,4+,Apoc2,9.189014044624374
11814,0,0,Apoc3,19.58882265539365
11815,4,4+,Apod,27.638387535754852
11816,2,2,Apoe,1014.6695389682548
11818,0,0,Apoh,NA
11819,0,0,Nr2f2,22.417601146805303
11820,0,0,App,264.05698469453625
11821,2,2,Aprt,2715.1979683371287
11826,5,4+,Aqp1,NA
11827,14,4+,Aqp2,NA
11828,19,4+,Aqp3,134.60199557978663
11829,0,0,Aqp4,NA
11830,10,4+,Aqp5,2.2269699793145015
11831,48,4+,Aqp6,2.1907780729899695
11832,15,4+,Aqp7,NA
11833,0,0,Aqp8,NA
11834,0,0,Aqr,234.40747588026463
11835,0,0,Ar,5.393626116560456
11836,0,0,Araf,219.40303914895415
11837,0,0,Rplp0,6406.830629607893
11838,12,4+,Arc,104.87826369378016
11839,0,0,Areg,1.1143560471102902
11840,2,2,Arf1,2072.691159308042
11841,0,0,Arf2,839.1382593588803
11842,0,0,Arf3,2205.245384769964
11843,0,0,Arf4,1336.8641482590904
11844,29,4+,Arf5,135.93006925127216
118445,29,4+,Klf16,226.13120755463473
118446,6,4+,Gjc3,NA
118449,1,1,Synpo2,7.406383782220172
11845,0,0,Arf6,3119.9656691101154
118451,18,4+,Mrps2,1657.3075009670415
118452,0,0,Baalc,3.714910378956021
118453,1,1,Mmp28,NA
118454,22,4+,Gjc2,NA
11846,4,4+,Arg1,2.1189149318587504
11847,0,0,Arg2,28.720825044750853
11848,0,0,Rhoa,2427.113547150442
11852,0,0,Rhob,382.1044022480041
11853,1,1,Rhoc,338.7944325141363
11854,3,3,Rhod,79.43607462405276
11855,0,0,Arhgap5,807.895910129487
11856,0,0,Arhgap6,20.855765020832564
11857,0,0,Arhgdib,124.97617703240788
11858,2,2,Rnd2,338.33741066142477
11859,5,4+,Phox2a,16.265070233845403
11861,1,1,Arl4a,114.52174070761616
11863,0,0,Arnt,219.6813458702611
11864,0,0,Arnt2,27.944687281293465
11865,7,4+,Bmal1,NA
11867,0,0,Arpc1b,110.69083213169876
11870,0,0,Art1,1.624549394639757
11871,6,4+,Art2a,NA
11872,0,0,Art2b,NA
11875,0,0,Art5,1.5744086832550916
11876,15,4+,Artn,3.6123247069606697
11877,0,0,Arvcf,107.13706733798269
11878,0,0,Arx,NA
11881,0,0,Arsb,4.639104358703825
11883,18,4+,Arsa,17.5926980681484
11886,0,0,Asah1,69.46334596851644
11889,0,0,Asgr1,2.4860962424096553
11890,8,4+,Asgr2,3.704255250453467
11891,4,4+,Rab27a,61.63234789717364
11898,0,0,Ass1,900.2579335506466
11899,0,0,Astn1,1.625633775963177
11905,0,0,Serpinc1,5.4062376222092565
11906,7,4+,Zfhx3,550.4913916440134
11907,0,0,Ate1,151.95921858484505
11908,0,0,Atf1,499.52306980949345
11909,0,0,Atf2,1140.6955871374846
11910,0,0,Atf3,63.04213089714068
11911,6,4+,Atf4,1102.5744811644895
11920,4,4+,Atm,49.725458149789446
11921,0,0,Atoh1,3.8286664143155886
11922,0,0,Neurod6,NA
11923,1,1,Neurod4,NA
11924,6,4+,Neurog2,NA
11925,0,0,Neurog3,4.570078052173716
11927,7,4+,Atox1,1073.2688136770232
11928,10,4+,Atp1a1,543.8951607795376
11931,0,0,Atp1b1,848.5232056819854
11932,19,4+,Atp1b2,343.30047224321436
11933,0,0,Atp1b3,1178.9923208001276
11936,0,0,Fxyd2,4.786545355638116
11937,11,4+,Atp2a1,6.5203512492707345
11938,0,0,Atp2a2,4327.144941805305
11941,0,0,Atp2b2,2.5357538347305972
11944,5,4+,Atp4a,2.8908472045126454
11945,0,0,Atp4b,NA
11946,1,1,Atp5f1a,NA
11947,6,4+,Atp5f1b,NA
11949,6,4+,Atp5f1c,NA
11950,0,0,Atp5pb,NA
11951,0,0,Atp5mc1,NA
11957,0,0,Atp5pf,NA
11958,0,0,Atp5me,NA
11964,4,4+,Atp6v1a,1248.539175749524
11966,0,0,Atp6v1b2,1935.5705350344376
11972,0,0,Atp6v0d1,487.6053307699822
11973,0,0,Atp6v1e1,619.3657696377895
11974,8,4+,Atp6v0e,2187.606885444678
11975,6,4+,Atp6v0a1,161.7155251861355
11977,0,0,Atp7a,5.731911493863837
11979,0,0,Atp7b,4.680543083533073
11980,0,0,Atp8a1,46.86509992587827
11981,5,4+,Atp9a,34.68328876915286
11982,0,0,Atp10a,20.870788527957934
11983,0,0,Atp5if1,NA
11984,0,0,Atp6v0c,5618.646973118982
11987,0,0,Slc7a1,835.6658120194304
11988,0,0,Slc7a2,13.60618060522551
11989,0,0,Slc7a3,414.7117906473872
11990,4,4+,Atrn,112.10569999914745
11991,11,4+,Hnrnpd,3530.138689892252
11992,0,0,Auh,165.24114532736232
11993,23,4+,Aup1,160.53578999794087
11994,0,0,Pcdh15,NA
11997,0,0,Akr1b7,0.932011395167361
11998,4,4+,Avp,NA
12000,0,0,Avpr2,NA
12005,29,4+,Axin1,262.6119454443645
12006,8,4+,Axin2,72.69343045357937
12007,0,0,Azgp1,NA
12009,0,0,Cep131,19.686257113472447
12010,0,0,B2m,344.02055058153815
12012,0,0,Baat,2.192882714223951
12013,0,0,Bach1,196.833362556072
12014,37,4+,Bach2,79.78583004679494
12015,12,4+,Bad,62.83869724846266
12017,18,4+,Bag1,391.4068140958327
12018,0,0,Bak1,76.2229669362792
12020,0,0,Nkx3-2,NA
12021,0,0,Bard1,344.15029770217876
12022,0,0,Barx1,11.332808934171272
12023,0,0,Barx2,1.181181784722835
12028,1,1,Bax,195.8709757874737
12029,8,4+,Bcl6b,11.546978573628026
12032,0,0,Bcan,13.771677151124788
12033,0,0,Bcap29,89.94877429358328
12034,5,4+,Phb2,1833.569976661301
12035,9,4+,Bcat1,962.5202410886995
12036,24,4+,Bcat2,474.1502029268478
12038,0,0,Bche,4.597278467772741
12039,0,0,Bckdha,50.69050081097708
12040,0,0,Bckdhb,156.8090605055669
12041,2,2,Bckdk,197.33603587003657
12042,2,2,Bcl10,265.641830527068
12043,0,0,Bcl2,58.516883199195576
12044,0,0,Bcl2a1a,NA
12045,0,0,Bcl2a1b,NA
12046,2,2,Bcl2a1c,NA
12047,0,0,Bcl2a1d,NA
12048,0,0,Bcl2l1,807.6649479300522
12049,11,4+,Bcl2l10,1.7135336699776509
12050,0,0,Bcl2l2,10.929988322002435
12051,0,0,Bcl3,356.5610737810316
12053,2,2,Bcl6,12.840319646414828
12054,0,0,Bcl7b,270.5013746715907
12055,0,0,Bcl7c,229.2304024422954
12057,11,4+,Opn1sw,NA
12061,1,1,Bdkrb1,NA
12062,1,1,Bdkrb2,NA
12064,5,4+,Bdnf,22.28412610994071
12068,8,4+,Bet1,171.66726615996234
12069,0,0,Bex2,484.738129859647
12070,0,0,Bex3,13866.606382878072
12075,0,0,Bfsp1,3.0992767404968777
12091,0,0,Glb1,73.76434703723913
12095,4,4+,Bglap3,NA
12096,13,4+,Bglap,NA
12097,4,4+,Bglap2,NA
121021,8,4+,Cspg4,4.030057523884355
121022,0,0,Mrps6,177.06835970363926
12111,0,0,Bgn,22.86912476301055
12116,9,4+,Bhmt,5.679355328294111
12121,0,0,Bicd1,68.08859404871409
12122,9,4+,Bid,198.83461693570572
12123,18,4+,Hrk,9.859526496588131
12124,0,0,Bik,18.931691236992208
12125,0,0,Bcl2l11,614.7220352354474
12140,0,0,Fabp7,NA
12142,0,0,Prdm1,32.80681957944568
12143,6,4+,Blk,NA
12144,5,4+,Blm,176.38960135434752
12145,8,4+,Cxcr5,NA
12151,32,4+,Bmi1,70.60405669179531
12153,0,0,Bmp1,60.189047928039066
12154,0,0,Bmp10,NA
12155,0,0,Bmp15,2.910602598523363
12156,0,0,Bmp2,26.01643211309505
12159,0,0,Bmp4,841.173819040218
12160,0,0,Bmp5,NA
12161,5,4+,Bmp6,13.53766282957842
12162,0,0,Bmp7,17.52055102930408
12163,0,0,Bmp8a,14.143290965473398
12164,14,4+,Bmp8b,37.60197055863052
12165,17,4+,Gdf2,NA
12166,25,4+,Bmpr1a,331.83988866496856
12167,0,0,Bmpr1b,2.880835477218627
12168,0,0,Bmpr2,166.35622378669845
12169,0,0,Bmx,NA
12173,0,0,Bnc1,1.0897130495822216
12175,11,4+,Bnip2,211.27848689699405
12176,0,0,Bnip3,358.32093060298786
12177,0,0,Bnip3l,1250.3363322695643
12180,0,0,Smyd1,29.78279409045443
12181,2,2,Bop1,1197.036465860258
12182,5,4+,Bst1,2.5665400146643265
12183,0,0,Bpgm,157.29043896757096
12189,0,0,Brca1,471.88840485583046
12190,0,0,Brca2,203.06965714855968
12192,0,0,Zfp36l1,1198.2410071140926
12193,27,4+,Zfp36l2,453.1248706635181
12209,0,0,Brs3,NA
12211,0,0,Birc6,734.5377073373862
12212,0,0,Chic1,162.66174734879803
12215,0,0,Bsg,2694.6443716766653
12217,0,0,Bsn,23.359071150685885
12223,0,0,Btc,2.3618896579812274
12224,0,0,Klf5,1506.8281812344635
12226,0,0,Btg1,99.8969624389282
12227,20,4+,Btg2,408.43137191309495
12229,0,0,Btk,NA
12231,0,0,Btn1a1,8.412956889494204
12234,0,0,Btrc,216.41399306651883
12235,0,0,Bub1,180.9750316108032
12236,0,0,Bub1b,406.7275993855306
12237,0,0,Bub3,1821.502634243299
12238,0,0,Commd3,244.1744782404419
12257,0,0,Tspo,187.57217516535644
12258,0,0,Serping1,80.11923369032499
12259,0,0,C1qa,NA
12260,2,2,C1qb,NA
12261,0,0,C1qbp,6070.4177823329765
12262,20,4+,C1qc,NA
12263,10,4+,C2,7.651686896623082
12265,5,4+,Ciita,NA
12266,0,0,C3,NA
12267,7,4+,C3ar1,1.0964108822484304
12268,0,0,C4b,NA
12269,4,4+,C4bp,NA
12270,0,0,C4bp-ps1,NA
12273,0,0,C5ar1,NA
12274,0,0,C6,0.9946545234748444
12279,0,0,C9,NA
12282,7,4+,Hyou1,221.72460774149607
12283,1,1,Cab39,314.6807788627156
12286,6,4+,Cacna1a,509.0759483731696
12287,0,0,Cacna1b,12.913327750724354
12288,0,0,Cacna1c,2.099963466781537
12289,0,0,Cacna1d,1.3081827874755163
12290,9,4+,Cacna1e,0.6172254244161797
12291,7,4+,Cacna1g,1.2840893659847534
12292,0,0,Cacna1s,3.9485279023390056
12293,0,0,Cacna2d1,68.64884387684495
12294,16,4+,Cacna2d3,NA
12295,0,0,Cacnb1,92.98482426936702
12296,0,0,Cacnb2,3.1700166480957375
12297,0,0,Cacnb3,46.643910446697774
12298,1,1,Cacnb4,1.3241913402252143
12299,0,0,Cacng1,NA
12300,16,4+,Cacng2,0.5948129843410824
12301,0,0,Cacybp,4191.568970155989
12304,9,4+,Pdia4,121.36853466777866
12305,0,0,Ddr1,167.26435061907023
12306,0,0,Anxa2,711.849790064167
12307,14,4+,Calb1,13.595337392890396
12308,0,0,Calb2,45.367824527190585
12309,0,0,S100g,1.1425701919419604
12310,0,0,Calca,44.51288557978194
12311,23,4+,Calcr,4.254120181310586
12313,0,0,Calm1,3856.1964805356406
12314,0,0,Calm2,4446.250798518797
12315,7,4+,Calm3,727.8347848623787
12316,0,0,Aspm,311.86943340458765
12317,0,0,Calr,3115.3368610788293
12319,15,4+,Car8,5.597921966958092
12321,19,4+,Calu,590.0934874677237
12322,0,0,Camk2a,53.82687577484506
12323,0,0,Camk2b,72.7251193140669
12325,0,0,Camk2g,127.30807400144064
12326,0,0,Camk4,0.781360655268509
12328,4,4+,Caml,223.05106394689452
12330,1,1,Canx,2918.0704983735277
12331,0,0,Cap1,996.0154096167264
12332,12,4+,Capg,104.51426779226928
12333,32,4+,Capn1,86.3700765400751
12334,0,0,Capn2,142.4705307682765
12335,0,0,Capn3,14.171962255237522
12336,0,0,Capns1,9586.544267623056
12337,0,0,Capn5,29.429352542758732
12338,2,2,Capn6,136.1520069443395
12339,0,0,Capn7,103.88689614138649
12340,5,4+,Capza1,405.52413879135247
12343,20,4+,Capza2,1188.9303715326605
12344,2,2,Capza3,NA
12345,0,0,Capzb,1928.16071028674
12346,0,0,Car1,NA
12348,3,3,Car11,18.826208550957165
12349,0,0,Car2,1312.662067382041
12350,0,0,Car3,63.88694768308721
12351,0,0,Car4,284.7370198997486
12352,11,4+,Car5a,3.542971025196413
12353,9,4+,Car6,5.158304466958732
12354,0,0,Car7,22.138896066466497
12355,9,4+,Nr1i3,1.316122835130778
12359,0,0,Cat,365.5718123203115
12361,0,0,Cask,120.31958410461137
12362,0,0,Casp1,NA
12363,0,0,Casp4,NA
12364,0,0,Casp12,0.9392365482625338
12365,0,0,Casp14,20.87655558265823
12366,0,0,Casp2,533.5619895080283
12367,15,4+,Casp3,336.68764628288835
12368,0,0,Casp6,82.55394954173586
12369,4,4+,Casp7,191.39347785053096
12370,0,0,Casp8,125.96310630357056
12371,18,4+,Casp9,119.53639699427332
12372,5,4+,Casq1,14.592852815755254
12373,0,0,Casq2,4.850974501789943
12374,0,0,Casr,0.9990564337713912
12380,0,0,Cast,143.48025670045422
12385,0,0,Ctnna1,5222.730441252885
12386,0,0,Ctnna2,3.351859208417647
12387,3,3,Ctnnb1,4264.57062156434
12388,0,0,Ctnnd1,1388.5975133748304
12389,28,4+,Cav1,52.9147353789422
12390,12,4+,Cav2,4.927899649651451
12391,2,2,Cav3,NA
12393,0,0,Runx2,5.871586027125864
12394,0,0,Runx1,73.66745569575635
12395,27,4+,Runx1t1,64.14600211029423
12396,7,4+,Cbfa2t2,264.25165799150045
12398,20,4+,Cbfa2t3,18.30079984616267
12399,1,1,Runx3,9.099024496077462
12400,11,4+,Cbfb,2205.9984078845187
12401,0,0,Serpina6,NA
12402,3,3,Cbl,603.2960114905973
12404,28,4+,Cbln1,63.3826129144303
12405,0,0,Cbln2,NA
12406,0,0,Serpinh1,1377.6792800588885
12408,7,4+,Cbr1,129.76749298277122
12409,0,0,Cbr2,2.4260155616749866
12411,0,0,Cbs,35.45308216665963
12412,13,4+,Cbx1,1377.0096140115584
12416,0,0,Cbx2,461.1877032710712
12417,0,0,Cbx3,2097.3146110840175
12418,0,0,Cbx4,31.286237909866667
12419,5,4+,Cbx5,1771.9140614725695
12421,2,2,Rb1cc1,194.24716078941128
12424,0,0,Cck,NA
12425,6,4+,Cckar,NA
12426,1,1,Cckbr,2.29968989073591
12427,0,0,Ccna1,3.825335551710337
12428,0,0,Ccna2,1448.4200387453498
12442,2,2,Ccnb2,1196.7660189608312
12443,0,0,Ccnd1,2068.1640258658967
12444,0,0,Ccnd2,142.9014579950947
12445,12,4+,Ccnd3,689.0528472186261
12447,0,0,Ccne1,1475.3572810627556
12448,42,4+,Ccne2,45.96276225848089
12449,18,4+,Ccnf,1028.7370834587034
12450,5,4+,Ccng1,2726.1419009983697
12452,0,0,Ccng2,68.98869625774628
12453,0,0,Ccni,1197.2721743234138
12454,1,1,Ccnk,932.950811365634
12455,3,3,Ccnt1,565.8284998831344
12457,0,0,Noct,1001.346856264223
12458,0,0,Ccr6,NA
12460,0,0,Ccs,79.57479191524001
12461,1,1,Cct2,3862.3955921948
12462,0,0,Cct3,1763.5719828768883
12464,0,0,Cct4,2969.903915156369
12465,15,4+,Cct5,1151.0090440158726
12466,4,4+,Cct6a,11792.052190645269
12467,0,0,Cct6b,6.843858551946148
12468,9,4+,Cct7,3907.1241811307927
12469,21,4+,Cct8,12445.195828452135
12475,0,0,Cd14,8.279387616352812
12476,6,4+,Cd151,752.708068191772
12477,0,0,Ctla4,NA
12478,4,4+,Cd19,1.8591778118576363
12479,7,4+,Cd1d1,21.653307488321065
12480,0,0,Cd1d2,NA
12481,1,1,Cd2,4.914806686745685
12482,0,0,Ms4a1,NA
12483,1,1,Cd22,3.283984454762269
12484,0,0,Cd24a,1183.9393610269603
12487,0,0,Cd28,13.5840741079064
12488,0,0,Cd2ap,826.8540658358424
12489,5,4+,Cd33,NA
12490,0,0,Cd34,5.376732348140835
12491,0,0,Cd36,NA
12492,8,4+,Scarb2,152.44157263072967
12493,17,4+,Cd37,396.8281772242577
12494,0,0,Cd38,215.62157099419125
12495,0,0,Entpd1,NA
12496,5,4+,Entpd2,3.0710302469649946
12497,3,3,Entpd6,116.62454278334614
12499,16,4+,Entpd5,82.69286412067208
12500,0,0,Cd3d,NA
12501,9,4+,Cd3e,15.742805716114194
12502,0,0,Cd3g,NA
12503,0,0,Cd247,2.384381118534054
12504,3,3,Cd4,1.9273436868116505
12505,0,0,Cd44,144.1661143703909
12506,0,0,Cd48,NA
12507,4,4+,Cd5,NA
12508,0,0,Cd53,4.4238798194550215
12509,0,0,Cd59a,41.86996289263985
12511,0,0,Cd6,2.055492405216348
12512,0,0,Cd63,1477.6235252017673
12514,11,4+,Cd68,61.72193776036881
12515,0,0,Cd69,NA
12516,8,4+,Cd7,NA
12517,0,0,Cd72,NA
12518,0,0,Cd79a,11.354264618202896
12519,4,4+,Cd80,8.833378229236356
12520,13,4+,Cd81,2952.702841363493
12521,0,0,Cd82,2.928199805994934
12522,0,0,Cd83,0.944517817741276
12523,12,4+,Cd84,NA
12524,3,3,Cd86,NA
12525,0,0,Cd8a,1.4398656478542375
12526,0,0,Cd8b1,0.7705299814334003
12527,0,0,Cd9,2762.6731725467153
12530,0,0,Cdc25a,406.4901467028696
12531,0,0,Cdc25b,74.89515093194655
12532,0,0,Cdc25c,57.521653194164635
12534,0,0,Cdk1,5651.838064512431
12537,0,0,Cdk11b,721.3072617468129
12539,24,4+,Cdc37,1073.039552073276
12540,0,0,Cdc42,6655.489801586425
12544,0,0,Cdc45,287.6023160968717
12545,7,4+,Cdc7,117.86496313485335
12549,0,0,Arhgap31,4.188868708971343
12550,0,0,Cdh1,3567.8340745125965
12552,5,4+,Cdh11,10.20548701703797
12554,0,0,Cdh13,6.310216083919149
12555,5,4+,Cdh15,4.087842671847867
12556,0,0,Cdh16,NA
12557,0,0,Cdh17,4.453511268372548
12558,0,0,Cdh2,44.195982488787635
12560,0,0,Cdh3,190.5517824587838
12561,5,4+,Cdh4,19.469913027456908
12562,0,0,Cdh5,NA
12563,16,4+,Cdh6,4.47508161079729
12564,0,0,Cdh8,NA
12565,3,3,Cdh9,1.5597420891630251
12566,0,0,Cdk2,540.3700620600038
12567,4,4+,Cdk4,4118.987169898927
12568,0,0,Cdk5,95.6545448355645
12569,0,0,Cdk5r1,66.7848013152253
12570,36,4+,Cdk5r2,1.9506267132536024
12571,1,1,Cdk6,562.7070675757404
12572,3,3,Cdk7,459.8323461568276
12575,4,4+,Cdkn1a,1130.8420888339151
12576,0,0,Cdkn1b,141.21209729310263
12577,9,4+,Cdkn1c,54.37228735150707
12578,0,0,Cdkn2a,56.546367230772766
12579,0,0,Cdkn2b,27.950311933414
12580,0,0,Cdkn2c,17.952967064535837
12581,0,0,Cdkn2d,81.1110602011001
12583,5,4+,Cdo1,39.29283046943499
12585,0,0,Cdr2,221.4224303054341
12587,8,4+,Mia,14.525434918695986
12589,0,0,Ift81,38.45490995630354
12590,24,4+,Cdx1,92.142861933995
12591,0,0,Cdx2,26.30095000109403
12592,0,0,Cdx4,2.26441185453631
12593,0,0,Cdyl,300.24338660228466
12606,6,4+,Cebpa,10.355334101737784
12607,0,0,Cebpz,487.9927697764008
12608,0,0,Cebpb,258.4431770819738
12609,0,0,Cebpd,33.55402792344736
12611,0,0,Cebpg,190.4514854525571
12613,0,0,Cel,NA
12614,0,0,Celsr1,32.67758169337297
12615,2,2,Cenpa,1946.736341690545
12616,0,0,Cenpb,497.7823204605693
12617,0,0,Cenpc1,150.68062186599505
12622,0,0,Cer1,NA
12623,0,0,Ces1g,NA
12626,1,1,Cetn3,733.1274164118329
12627,6,4+,Cfc1,0.9864268177701236
12628,0,0,Cfh,0.7533745396928124
12630,0,0,Cfi,NA
12631,7,4+,Cfl1,16056.15237656404
12632,0,0,Cfl2,904.7793864087778
12633,1,1,Cflar,70.84824785383715
12638,19,4+,Cftr,NA
12640,0,0,Cga,1.7107740047650977
12642,0,0,Ch25h,NA
12643,9,4+,Chad,3.3571472948129872
12647,0,0,Chat,NA
12648,0,0,Chd1,435.44693573821223
12649,13,4+,Chek1,512.9271327361118
12651,1,1,Chkb,35.28357452408037
12652,0,0,Chga,73.05783464391713
12653,4,4+,Chgb,1.496110181352074
12654,0,0,Chi3l1,NA
12655,0,0,Chil3,NA
12659,0,0,Ovgp1,4.596690195679169
12660,0,0,Chka,633.1468901451118
12661,0,0,Chl1,2.9729739103791477
12662,0,0,Chm,127.394586458892
12663,0,0,Chml,40.37959166367366
12667,0,0,Chrd,43.97029950025211
12669,6,4+,Chrm1,NA
12671,0,0,Chrm3,12.093683565760388
12675,0,0,Chuk,233.63912372125287
12677,0,0,Vsx2,1.0412477069056232
12683,7,4+,Cidea,6.818316513103491
12684,10,4+,Cideb,6.594786182143865
12686,0,0,Elovl3,NA
12695,0,0,Patj,75.50527102636553
12696,20,4+,Cirbp,279.5795463997597
12700,0,0,Cish,20.976800589751033
12702,13,4+,Socs3,244.53918852871055
12703,0,0,Socs1,339.738541349679
12704,0,0,Cit,202.3294274545794
12705,0,0,Cited1,160.81490000449236
12709,14,4+,Ckb,1057.9717362824142
12715,20,4+,Ckm,0.8331699401683268
12716,0,0,Ckmt1,61.732007810235885
12721,0,0,Coro1a,15.918345329292055
12722,0,0,Clca3a1,0.5662898880001643
12723,8,4+,Clcn1,0.8435201596036779
12724,0,0,Clcn2,19.781152860492583
12725,0,0,Clcn3,339.4946918317447
12727,0,0,Clcn4,69.107037581791
12728,0,0,Clcn5,277.19513627999794
12729,0,0,Clns1a,1290.1102629203713
12733,7,4+,Clcnka,4.4502717051478395
12737,0,0,Cldn1,1.9316023848779111
12738,0,0,Cldn2,3.332355931717844
12739,12,4+,Cldn3,45.129883569426646
12740,17,4+,Cldn4,490.0863597239615
12741,0,0,Cldn5,2.094949757854565
12745,3,3,Clgn,62.80707693827976
12747,0,0,Clk1,344.6316539301963
12748,0,0,Clk2,385.0959023177807
12750,0,0,Clk4,182.1040952138283
12751,0,0,Tpp1,401.70435040864373
12752,14,4+,Cln3,217.4027078028734
12753,0,0,Clock,70.26668173966135
12757,4,4+,Clta,1042.9215362428515
12759,2,2,Clu,257.3147557056594
12763,0,0,Cmah,1.087053713148382
12764,6,4+,Cmas,1335.4699551965762
12765,0,0,Cxcr2,1.2064782492069233
12766,10,4+,Cxcr3,NA
12767,0,0,Cxcr4,3.8644308857016263
12768,0,0,Ccr1,NA
12769,1,1,Ccr9,NA
12771,0,0,Ccr3,NA
12772,0,0,Ccr2,NA
12773,0,0,Ccr4,7.329710671804041
12774,0,0,Ccr5,NA
12775,1,1,Ccr7,0.7005282467253704
12776,0,0,Ccr8,NA
12777,0,0,Ccr10,NA
12778,4,4+,Ackr3,3.656024232507405
12780,1,1,Abcc2,4.336585253610532
12785,7,4+,Cnbp,2066.188052216292
12788,0,0,Cnga1,NA
12789,0,0,Cnga2,NA
12790,0,0,Cnga3,48.74425691636072
12793,0,0,Cnih1,1181.2918634771563
12794,29,4+,Cnih2,75.9711250037801
12795,0,0,Plk3,82.21801006554757
12796,4,4+,Camp,NA
12797,0,0,Cnn1,218.69511437415267
12798,17,4+,Cnn2,868.1185475824265
12799,0,0,Cnp,97.26417310815334
12801,31,4+,Cnr1,4.134710960338475
12802,4,4+,Cnr2,NA
12803,0,0,Cntf,18.8419239611183
12804,35,4+,Cntfr,336.487833124851
12805,0,0,Cntn1,2.724934496071929
12807,0,0,Hps3,97.59558199703288
12808,3,3,Cobl,259.41867653237625
12810,0,0,Coch,90.46456659514686
12812,3,3,Coil,65.50671054125954
12813,0,0,Col10a1,NA
12814,0,0,Col11a1,18.53793182535857
12815,1,1,Col11a2,1.2715333626856773
12816,0,0,Col12a1,45.89826518155118
12817,0,0,Col13a1,23.469843720536268
12818,0,0,Col14a1,9.40999745191228
12819,18,4+,Col15a1,2.0669180132512106
12821,1,1,Col17a1,5.604220107034431
12822,0,0,Col18a1,408.3064062995683
12823,0,0,Col19a1,NA
12824,10,4+,Col2a1,55.985356765284955
12825,0,0,Col3a1,40.91260343390976
12826,0,0,Col4a1,370.3243978785867
12827,0,0,Col4a2,375.5332317985655
12828,0,0,Col4a3,NA
12829,0,0,Col4a4,NA
12830,0,0,Col4a5,9.175589096474097
12831,18,4+,Col5a1,228.14546342624445
12832,0,0,Col5a2,11.201498495019331
12833,0,0,Col6a1,12.861597514168665
12834,10,4+,Col6a2,29.15684766587111
12835,7,4+,Col6a3,0.8138793021459341
12836,5,4+,Col7a1,30.631071785826236
12837,0,0,Col8a1,8.256853048166187
12839,3,3,Col9a1,5.554675314987871
12840,0,0,Col9a2,111.18263484826166
12841,6,4+,Col9a3,5.9969866584629345
12842,29,4+,Col1a1,363.323419744854
12843,17,4+,Col1a2,61.65010028982496
12845,53,4+,Comp,1.393440409958728
12846,13,4+,Comt,133.64235587113876
12847,0,0,Copa,1323.1875940973737
12848,0,0,Cops2,878.8236429576007
12850,0,0,Coq7,611.7904092243755
12854,0,0,Cort,6.485140122001173
12856,0,0,Cox17,904.6585652536484
12857,0,0,Cox4i1,2515.9933561455146
12858,0,0,Cox5a,3529.210798011738
12859,0,0,Cox5b,533.0713911484277
12861,9,4+,Cox6a1,1687.1336821918946
12862,0,0,Cox6a2,1.2838130070249032
12864,10,4+,Cox6c,3229.096965961591
12865,2,2,Cox7a1,23.866935700159083
12866,0,0,Cox7a2,608.6005360540056
12867,0,0,Cox7c,4786.590275613186
12868,12,4+,Cox8a,4938.895103656309
12869,0,0,Cox8b,NA
12870,0,0,Cp,NA
12873,0,0,Cpa3,NA
12874,2,2,Cpd,139.4233444985127
12876,0,0,Cpe,110.17148188908553
12877,2,2,Cpeb1,30.91922427920854
12879,23,4+,Cys1,NA
12889,0,0,Cplx1,11.850114476216556
12890,0,0,Cplx2,8.72053487442925
12891,0,0,Cpne6,NA
12892,0,0,Cpox,155.42277281139872
12894,10,4+,Cpt1a,208.345328050287
12895,0,0,Cpt1b,3.256161315336884
12896,0,0,Cpt2,71.97984836115208
12902,0,0,Cr2,NA
12903,14,4+,Crabp1,148.95014686422996
12904,6,4+,Crabp2,114.19571234690888
12905,0,0,Cradd,31.005292255636
12908,0,0,Crat,23.011992044945483
12909,9,4+,Crcp,66.93070509944069
12912,0,0,Creb1,245.1159004690453
12913,19,4+,Creb3,97.27357829395396
12914,7,4+,Crebbp,372.0334531196241
12915,0,0,Atf6b,139.59021934720835
12916,21,4+,Crem,55.169734026465726
12918,0,0,Crh,NA
12919,0,0,Crhbp,1.246066703743672
12921,0,0,Crhr1,NA
12922,0,0,Crhr2,0.9463221161872916
12925,0,0,Crip1,263.66668738180397
12927,7,4+,Bcar1,346.57244958946836
12928,8,4+,Crk,777.0574625022654
12929,11,4+,Crkl,1004.4904559134334
12931,8,4+,Crlf1,23.38021693521751
12933,6,4+,Crmp1,296.65682063466244
12934,0,0,Dpysl2,246.98221022134587
12936,0,0,Pcdha4,NA
12937,0,0,Pcdha6,NA
12939,0,0,Pcdha7,NA
12941,0,0,Pcdha5,NA
12942,0,0,Pcdha11,NA
12943,0,0,Pcdha10,NA
12944,0,0,Crp,NA
12945,0,0,Dmbt1,4.733769670320987
12946,0,0,Cr1l,161.45926119797917
12950,0,0,Hapln1,5.102131272408282
12951,7,4+,Crx,NA
12952,0,0,Cry1,376.32842410258047
12953,2,2,Cry2,33.84337944930213
12954,0,0,Cryaa,NA
12955,7,4+,Cryab,2018.8940676931013
12957,6,4+,Cryba1,NA
12958,20,4+,Cryba2,NA
12959,0,0,Cryba4,NA
12960,6,4+,Crybb1,NA
12961,0,0,Crybb2,NA
12962,0,0,Crybb3,2.3722593777172594
12964,3,3,Cryga,5.943144246924389
12965,1,1,Crygb,NA
12966,0,0,Crygc,2.032310385578987
12967,0,0,Crygd,19.317182690400024
12968,9,4+,Cryge,1.7399467999786884
12969,0,0,Crygf,NA
12970,0,0,Crygs,1.4597977960158102
12971,0,0,Crym,13.61257657210689
12972,0,0,Cryz,87.87936529081996
12974,0,0,Cs,1510.2718703501446
12977,9,4+,Csf1,334.19519158183016
12978,1,1,Csf1r,4.219433253723216
12981,5,4+,Csf2,NA
12982,0,0,Csf2ra,155.74906264817008
12983,0,0,Csf2rb,NA
12984,5,4+,Csf2rb2,NA
12985,12,4+,Csf3,NA
12986,0,0,Csf3r,NA
12988,3,3,Csk,678.2678158589712
12990,0,0,Csn1s1,1.3473124210991696
12991,0,0,Csn2,NA
12992,0,0,Csn1s2b,NA
12993,0,0,Csn1s2a,NA
12994,0,0,Csn3,107.52371148487084
12995,2,2,Csnk2a1,4469.7994764523455
13000,2,2,Csnk2a2,1498.4405550095655
13001,7,4+,Csnk2b,1060.4127020824278
13002,0,0,Dnajc5,553.559447076999
13003,0,0,Vcan,87.48157105549585
13004,0,0,Ncan,5.614715694456265
13006,0,0,Smc3,3931.785028906763
13007,20,4+,Csrp1,708.3503511765039
13008,3,3,Csrp2,722.939273266461
13009,0,0,Csrp3,NA
13010,0,0,Cst3,308.5977950543871
13011,0,0,Cst7,NA
13012,0,0,Cst8,NA
13013,0,0,Cst9,6.297480698286111
13014,15,4+,Cstb,3322.819442042004
13016,8,4+,Ctbp1,1009.9372506230968
13017,0,0,Ctbp2,521.4900047508187
13018,0,0,Ctcf,789.0051865622178
13019,0,0,Ctf1,22.593221076103
13024,0,0,Ctla2a,2.943614484716822
13025,0,0,Ctla2b,1.253885016623462
13026,0,0,Pcyt1a,167.15032297616077
13030,8,4+,Ctsb,742.9730424190227
13032,0,0,Ctsc,144.98181299948098
13033,0,0,Ctsd,309.8847888006569
13034,5,4+,Ctse,NA
13035,13,4+,Ctsg,NA
13036,12,4+,Ctsh,4.070774750549835
13038,0,0,Ctsk,4.617270780886291
13039,0,0,Ctsl,852.163909979555
13040,0,0,Ctss,0.977754680387027
13041,0,0,Ctsw,2.2714147636572593
13043,15,4+,Cttn,693.0733755153782
13046,18,4+,Celf1,1072.497440373074
13047,0,0,Cux1,160.15037796861282
13048,1,1,Cux2,12.061952741413853
13051,0,0,Cx3cr1,NA
13052,0,0,Cxadr,90.26955434173776
13056,2,2,Cyb561,57.317850538690166
13057,0,0,Cyba,127.13308345249892
13058,0,0,Cybb,5.406260689042085
13063,3,3,Cycs,6861.683359916985
13067,0,0,Cyct,171.85078518017258
13070,0,0,Cyp11a1,6.908835288785491
13072,0,0,Cyp11b2,NA
13074,0,0,Cyp17a1,NA
13075,0,0,Cyp19a1,NA
13076,3,3,Cyp1a1,5.188815363393963
13077,3,3,Cyp1a2,2.33910587117154
13078,0,0,Cyp1b1,38.58646205925439
13079,9,4+,Cyp21a1,1.81619453291482
13081,0,0,Cyp24a1,0.7291030934673377
13082,0,0,Cyp26a1,17.364499404180144
13085,23,4+,Cyp2a12,NA
13086,0,0,Cyp2a4,NA
13087,4,4+,Cyp2a5,NA
13088,0,0,Cyp2b10,NA
13089,0,0,Cyp2b13,NA
13090,0,0,Cyp2b19,NA
13094,0,0,Cyp2b9,NA
13095,0,0,Cyp2c29,3.444266281025408
13096,0,0,Cyp2c37,NA
13097,0,0,Cyp2c38,NA
13098,0,0,Cyp2c39,NA
13099,0,0,Cyp2c40,NA
13101,0,0,Cyp2d10,NA
13105,6,4+,Cyp2d9,NA
13106,0,0,Cyp2e1,NA
13107,5,4+,Cyp2f2,0.5526229625394028
13108,0,0,Cyp2g1,NA
13109,0,0,Cyp2j5,NA
13110,0,0,Cyp2j6,9.842675758979055
13112,0,0,Cyp3a11,3.790191630601826
13113,0,0,Cyp3a13,5.846225323009132
13114,0,0,Cyp3a16,NA
13115,23,4+,Cyp27b1,4.805483301352378
13116,0,0,Cyp46a1,1.0819106991714604
13117,0,0,Cyp4a10,2.013102279610644
13118,0,0,Cyp4a12b,2.319273732259813
13119,0,0,Cyp4a14,NA
13120,0,0,Cyp4b1,NA
13121,12,4+,Cyp51,222.58238886940535
13122,0,0,Cyp7a1,NA
13123,0,0,Cyp7b1,16.012675628126235
13124,0,0,Cyp8b1,NA
13131,0,0,Dab1,140.70154377144289
13132,0,0,Dab2,209.1246192473675
13134,0,0,Dach1,0.9105112365129432
13135,0,0,Dad1,1194.7877277479356
13136,0,0,Cd55,28.900762068476485
13137,0,0,Cd55b,NA
13138,3,3,Dag1,1034.637665878356
13139,15,4+,Dgka,617.9950191953473
13142,5,4+,Dao,NA
13143,0,0,Dapk2,2.1798747901708184
13144,15,4+,Dapk3,43.55295788947834
13162,0,0,Slc6a3,NA
13163,0,0,Daxx,997.8413279673854
13164,0,0,Dazl,138.6370780637301
13166,0,0,Dbh,NA
13167,0,0,Dbi,1102.4136885831117
13168,0,0,Dbil5,1.2400186783837248
13169,11,4+,Dbnl,203.49406410215548
13170,0,0,Dbp,13.03155577541254
13171,2,2,Dbt,184.67262709051897
13172,12,4+,Dbx1,NA
13175,0,0,Dclk1,16.41445803084095
13176,0,0,Dcc,18.886904493223447
13177,27,4+,Eci1,242.9393705671464
13178,0,0,Dck,302.07124928531107
13179,0,0,Dcn,0.7802144251857449
13180,0,0,Pcbd1,100.15309126573572
13184,10,4+,Dcpp1,NA
13185,4,4+,Vps26c,90.71261512793042
13190,0,0,Dct,NA
13191,8,4+,Dctn1,455.7838551302871
13193,0,0,Dcx,NA
13194,0,0,Ddb1,1176.9269760192817
13195,6,4+,Ddc,277.5832207535155
13196,0,0,Asap1,193.55698413278017
13197,7,4+,Gadd45a,1955.0449044516336
13198,9,4+,Ddit3,15.648660703246488
13199,0,0,Ddn,1.005660322239782
13200,6,4+,Ddost,504.11444301622873
13202,26,4+,Ddt,311.39678491516054
13204,0,0,Dhx15,3557.0989951723723
13205,2,2,Ddx3x,4403.58678068858
13206,0,0,Ddx4,67.36125850624704
13207,0,0,Ddx5,5000.841966729201
13209,21,4+,Ddx6,957.3041191830038
13211,0,0,Dhx9,2842.9898281086776
13214,0,0,Defb1,NA
13215,0,0,Defb2,NA
13218,0,0,Defa29,NA
13236,0,0,Defa25,NA
13237,0,0,Defa3,NA
13239,0,0,Defa5,NA
13244,0,0,Degs1,510.5819196015172
13340,0,0,Slc29a2,207.84582783913248
13345,19,4+,Twist2,64.28196543046667
13346,17,4+,Des,41.63326861869579
13347,0,0,Dffa,57.963365084734555
13349,0,0,Ackr1,0.8802723060430079
13350,6,4+,Dgat1,36.653552494158866
13353,22,4+,Dgcr6,86.79607354087779
13356,15,4+,Dgcr2,417.20896789153386
13358,5,4+,Slc25a1,808.1819844718289
13360,0,0,Dhcr7,87.89757459263559
13361,2,2,Dhfr,446.0305450141371
13363,12,4+,Dhh,6.734977690236949
13367,3,3,Diaph1,292.9192056699848
13368,15,4+,Dffb,32.412634339552596
13370,7,4+,Dio1,NA
13371,0,0,Dio2,NA
13380,0,0,Dkk1,89.56235729562165
13382,2,2,Dld,202.83444907295228
13383,0,0,Dlg1,1262.9746909300886
13384,2,2,Mpp3,14.501397517296514
13385,0,0,Dlg4,28.396591374131926
13386,0,0,Dlk1,42.72121234769959
13388,0,0,Dll1,5.1477730033430404
13389,18,4+,Dll3,50.38219109039095
13390,7,4+,Dlx1,5.85521461137056
13392,10,4+,Dlx2,66.04700782678367
13393,1,1,Dlx3,8.240963348807494
13394,1,1,Dlx4,NA
13395,20,4+,Dlx5,1.6647976948875003
13396,39,4+,Dlx6,0.832410962783217
13397,30,4+,Dlx6os2,NA
13400,25,4+,Dmpk,115.94358827725767
13401,12,4+,Dmwd,1797.3218895330365
13404,14,4+,Dmc1,55.97387370989864
13405,0,0,Dmd,331.3228353269469
13406,7,4+,Dmp1,NA
13409,0,0,Tmc1,NA
13411,0,0,Dnah11,2.6104102124831807
13417,5,4+,Dnah8,31.369527537618204
13418,0,0,Dnajc1,126.61564494863212
13419,2,2,Dnase1,NA
13421,0,0,Dnase1l3,1.9245399015087472
13423,11,4+,Dnase2a,31.452644098956274
13424,0,0,Dync1h1,269.6420276085649
13426,19,4+,Dync1i1,5.980477787975004
13427,6,4+,Dync1i2,1480.7324071245112
13429,0,0,Dnm1,33.809503548282606
13430,6,4+,Dnm2,276.54379015049443
13433,0,0,Dnmt1,2851.5882428253553
13434,0,0,Trdmt1,80.27175711659113
13435,0,0,Dnmt3a,1090.4588634471293
13436,16,4+,Dnmt3b,1386.1973931303758
13437,12,4+,Dnpep,216.4978706845303
13445,2,2,Cdk2ap1,368.0830826123002
13446,2,2,Doc2a,6.920328204673904
13447,20,4+,Doc2b,0.7618072375431302
13448,39,4+,Dok1,31.706019150760568
13449,0,0,Dok2,72.39422645851192
13476,11,4+,Reep5,225.8447637563181
13478,2,2,Dpagt1,81.25932527532956
13479,20,4+,Dpep1,NA
13480,0,0,Dpm1,300.4426028266842
13481,9,4+,Dpm2,564.5956123251337
13482,0,0,Dpp4,116.17376950854069
13483,0,0,Dpp6,3.2755611618870053
13486,8,4+,Dr1,176.50736518888263
13487,0,0,Slc26a3,NA
13488,0,0,Drd1,NA
13489,2,2,Drd2,NA
13490,2,2,Drd3,NA
13491,0,0,Drd4,1.3996967161742668
13492,0,0,Drd5,NA
13494,2,2,Drg1,601.4558747398735
13495,0,0,Drg2,221.07598501017677
13496,5,4+,Arid3a,188.84496442794384
13497,0,0,Drp2,4.971487174495484
13498,38,4+,Atn1,154.2470773561521
13505,0,0,Dsc1,NA
13506,0,0,Dsc2,119.51742682840516
13507,0,0,Dsc3,1.2943030516499625
13508,0,0,Dscam,0.9475048226282304
13510,0,0,Dsg1a,NA
13511,0,0,Dsg2,312.26102277716325
13512,1,1,Dsg3,NA
13516,0,0,Epyc,NA
13518,0,0,Dst,578.5454215517575
13521,4,4+,Slc26a2,200.9486749933789
13522,0,0,Adam28,NA
13524,0,0,Adam18,NA
13525,0,0,Adam26a,NA
13526,0,0,Adam24,NA
13527,0,0,Dtna,105.88592337148695
13528,0,0,Dtnb,58.93665674839403
13529,0,0,Prl8a2,NA
13531,0,0,Usp17la,44.47476982733838
13532,0,0,Usp17lc,97.42002161638013
13537,0,0,Dusp2,34.14250584829182
13542,7,4+,Dvl1,53.46412240363683
13543,2,2,Dvl2,127.29928799376452
13544,3,3,Dvl3,1160.924999802805
13548,22,4+,Dyrk1a,490.7450892151036
13549,11,4+,Dyrk1b,8.317388360107001
13555,6,4+,E2f1,307.29530250884824
13557,0,0,E2f3,182.73328452259105
13559,0,0,E2f5,205.98221978040027
13560,21,4+,E4f1,68.55322854624715
13586,0,0,Ear1,NA
13587,0,0,Ear2,NA
13589,0,0,Mapre1,3393.797439323664
13590,0,0,Lefty1,156.3164434158228
13591,1,1,Ebf1,78.64247127511632
13592,0,0,Ebf2,2.0044037084022537
13593,0,0,Ebf3,3.745930758707592
13595,0,0,Ebp,96.25789898017788
13599,6,4+,Ecel1,2.4014452369643196
13601,0,0,Ecm1,21.34929842548084
13602,0,0,Sparcl1,NA
13603,2,2,Opn3,4.192783808312963
13605,0,0,Ect2,585.3635922975999
13607,0,0,Eda,8.34470128753403
13608,0,0,Edar,NA
13609,0,0,S1pr1,13.974989011274008
13610,0,0,S1pr3,0.9932104708387264
13611,0,0,S1pr4,3.0366545177666326
13612,0,0,Edil3,2.515588111849822
13614,3,3,Edn1,75.87546921425547
13615,0,0,Edn2,4.349149224654488
13616,20,4+,Edn3,NA
13617,0,0,Ednra,0.9719023551067306
13618,0,0,Ednrb,NA
13619,14,4+,Phc1,1548.543559284891
13626,1,1,Eed,950.8540073387908
13627,0,0,Eef1a1,32603.30729660714
13628,0,0,Eef1a2,2.9321475212906765
13629,20,4+,Eef2,4613.574975966823
13631,0,0,Eef2k,45.940230234763526
13636,15,4+,Efna1,13.267551298552483
13637,42,4+,Efna2,65.57697632473457
13638,0,0,Efna3,89.38653088980394
13639,16,4+,Efna4,105.5442050003627
13640,0,0,Efna5,175.23496827421715
13641,0,0,Efnb1,89.10186780515694
13642,17,4+,Efnb2,237.5460467921677
13643,12,4+,Efnb3,43.74509788336585
13644,7,4+,Efs,80.67577903407226
13645,0,0,Egf,7.00252656214148
13646,28,4+,Klk1b22,NA
13648,0,0,Klk1b9,NA
13649,2,2,Egfr,109.9438830953556
13650,0,0,Rhbdf1,66.22957526948147
13653,14,4+,Egr1,118.52201924399284
13654,3,3,Egr2,1.499208448652965
13655,0,0,Egr3,2.6533690874824076
13656,0,0,Egr4,7.608889984003179
13660,29,4+,Ehd1,551.1205896530365
13661,0,0,Ehf,1.3954841535990516
13663,5,4+,Ei24,460.39491556396274
13664,8,4+,Eif1a,1162.6062168968908
13665,6,4+,Eif2s1,3659.0482240426886
13666,2,2,Eif2ak3,50.40389690156176
13667,2,2,Eif2b4,165.65818271384862
13669,0,0,Eif3a,1900.177262507085
13680,2,2,Ddx19a,609.418408537793
13681,2,2,Eif4a1,6796.540368540051
13682,6,4+,Eif4a2,1340.8016671237629
13684,1,1,Eif4e,3309.665377964737
13685,0,0,Eif4ebp1,1677.8139713714927
13688,1,1,Eif4ebp2,1731.3282800076536
13690,0,0,Eif4g2,16000.448404265506
13706,3,3,Cela2a,4.289994205943601
13709,0,0,Elf1,68.22976302613091
13710,0,0,Elf3,1493.5024450074109
13711,0,0,Elf5,0.6108285660260998
13712,0,0,Elk1,44.163327293347585
13713,0,0,Elk3,103.87870982298598
13714,0,0,Elk4,43.11130946176821
13716,21,4+,Ell,169.53797276276254
13717,8,4+,Eln,27.298163485054165
13722,0,0,Aimp1,376.4011789316218
13723,0,0,Emb,2105.234663733527
13726,0,0,Emd,625.1040429517242
13728,0,0,Mark2,1813.268365177389
13730,0,0,Emp1,626.3004846768725
13731,0,0,Emp2,25.28092174836206
13732,7,4+,Emp3,205.918114310596
13733,12,4+,Adgre1,NA
13796,0,0,Emx1,1.1515051704761785
13797,19,4+,Emx2,4.414450705451236
13798,0,0,En1,25.52023406736021
13799,0,0,En2,81.12913303542616
13800,0,0,Enah,2490.059629816928
13801,0,0,Enam,NA
13803,2,2,Enc1,1422.1473908800774
13804,1,1,Endog,45.49763443856993
13805,23,4+,Eng,42.56466117679708
13806,2,2,Eno1,908.7396790484626
13807,0,0,Eno2,10.39182305953991
13808,12,4+,Eno3,46.453578573991265
13809,1,1,Enpep,0.7266164875617396
13813,0,0,Eomes,199.9374667389778
13819,6,4+,Epas1,148.2443012859991
13821,6,4+,Epb41l1,382.52113840440944
13822,0,0,Epb41l2,663.2230694288528
13823,0,0,Epb41l3,149.18679884763816
13824,0,0,Epb41l4a,611.9489858105247
13828,0,0,Epb42,0.5871759464343131
13829,0,0,Dmtn,390.6596606982092
13830,15,4+,Stom,35.23089963784162
13831,12,4+,Epc1,246.9925864677737
13835,0,0,Epha1,41.11802970500754
13836,31,4+,Epha2,1655.6694928639845
13837,0,0,Epha3,NA
13838,0,0,Epha4,309.73221079593935
13839,0,0,Epha5,NA
13840,0,0,Epha6,NA
13841,28,4+,Epha7,29.62532839737911
13842,9,4+,Epha8,1.1243137883897367
13844,0,0,Ephb2,43.141281575942735
13845,0,0,Ephb3,202.058526747516
13846,24,4+,Ephb4,66.72321229515688
13848,0,0,Ephb6,17.215430466445167
13849,0,0,Ephx1,42.322150773718754
13850,3,3,Ephx2,85.3092642130282
13852,0,0,Stx2,78.52912658666317
13853,0,0,Epm2a,6.165551037918359
13854,0,0,Epn1,799.8810021561794
13855,2,2,Epn2,139.69295949691102
13856,17,4+,Epo,NA
13857,34,4+,Epor,6.172143460735139
13858,16,4+,Eps15,201.8249419321135
13859,0,0,Eps15l1,214.0125834913811
13860,0,0,Eps8,126.82047970919685
13861,6,4+,Epx,2.297006813043772
13863,0,0,Lcn5,NA
13864,14,4+,Nr2f6,122.9427365962146
13865,19,4+,Nr2f1,4.490231772920631
13866,0,0,Erbb2,30.130191682694782
13867,0,0,Erbb3,361.06427627503336
13869,0,0,Erbb4,NA
13870,9,4+,Ercc1,87.35178010058748
13871,1,1,Ercc2,68.67736381468504
13872,0,0,Ercc3,268.8639960047394
13874,0,0,Ereg,NA
13875,0,0,Erf,336.23580438289537
13876,0,0,Erg,2.5610289679615175
13877,12,4+,Erh,70.8049322124655
13884,0,0,Ces1c,NA
13885,0,0,Esd,303.0713851678564
13897,0,0,Ces1e,NA
13909,0,0,Ces3b,NA
13924,21,4+,Ptprv,NA
13929,0,0,Amz2,123.8949304977256
13972,11,4+,Gnb1l,65.03334879522227
13982,0,0,Esr1,0.6755243076409103
13983,4,4+,Esr2,NA
13984,0,0,Esx1,266.4218478178586
13990,0,0,Smarcad1,1248.9871510813794
13992,0,0,Khdrbs3,272.1482653450354
13996,0,0,Etohd2,2.0185706793980085
13998,8,4+,Fgd6,23.008769453730693
13999,0,0,Gm14288,NA
14000,18,4+,Drosha,385.19317000297974
14004,6,4+,Chchd2,10214.086415282092
14007,0,0,Celf2,131.97258759818573
14008,0,0,Etv2,17.894711057761224
14009,18,4+,Etv1,242.2726482184879
14011,0,0,Etv6,113.51888635453024
14012,2,2,Mpzl2,252.3712588485679
14013,0,0,Mecom,19.517262485564487
14017,3,3,Evi2a,NA
14020,3,3,Evi5,284.6120389650592
14025,16,4+,Bcl11a,32.333007629890645
14026,0,0,Evl,189.7656092576994
14027,5,4+,Evpl,11.632322915221646
14028,0,0,Evx1,10.326088884981106
14029,0,0,Evx2,NA
14030,2,2,Ewsr1,2375.9852375664204
14038,1,1,Wfdc18,NA
14042,0,0,Ext1,124.36909203200926
14043,0,0,Ext2,104.52921876538736
140474,10,4+,Muc4,NA
140475,0,0,Bsnd,NA
140476,0,0,Strc,NA
140477,0,0,Dmbx1,13.925124845372489
14048,3,3,Eya1,13.760267515628051
140481,0,0,Man2a2,36.23916580370227
140482,0,0,Zfp358,68.16229875548215
140483,0,0,Hnmt,NA
140484,10,4+,Pofut1,90.79146463177668
140486,30,4+,Igf2bp1,2228.8025286390643
140488,8,4+,Igf2bp3,1818.9027632118327
140489,25,4+,Bhlhe23,4.997301131355169
14049,4,4+,Eya2,2.4832371478579716
140491,0,0,Ppp1r3a,NA
140492,0,0,Kcnn2,18.56170485671644
140493,3,3,Kcnn3,1.9472489056323772
140494,5,4+,Atp6v0a4,7.729863825827875
140497,0,0,Cd300c2,NA
140498,0,0,Rxfp2,NA
140499,22,4+,Ube2j2,663.6797034376341
14050,0,0,Eya3,195.6998369409203
140500,0,0,Acap3,78.11448877500068
14051,3,3,Eya4,17.14651605033433
140546,0,0,Eri3,308.368262933098
14055,21,4+,Ezh1,138.61488766541714
140557,14,4+,Smc1b,93.22784317723554
140559,1,1,Igsf8,314.6965664022899
14056,0,0,Ezh2,819.9175133039821
14057,0,0,Sfxn1,540.3519053481048
140570,0,0,Plxnb2,197.62468824207355
140571,0,0,Plxnb3,1.026994168048121
140577,12,4+,Ankrd6,142.23499292179363
140579,1,1,Elmo2,91.93785170848936
14058,13,4+,F10,NA
140580,0,0,Elmo1,42.07986680430864
14060,0,0,F13b,NA
14061,0,0,F2,3.462608614517303
14062,9,4+,F2r,744.1872578605764
140629,0,0,Ubox5,54.87832115201477
14063,18,4+,F2rl1,606.8373102102531
140630,1,1,Ube4a,203.8214536875445
14064,0,0,F2rl2,NA
14065,0,0,F2rl3,NA
14066,0,0,F3,32.82085188509879
14067,0,0,F5,26.31338236347092
14068,3,3,F7,NA
14069,0,0,F8,9.070657401846514
14070,0,0,F8a,91.49921247983563
140703,8,4+,Emid1,30.131407874867136
140709,7,4+,Col26a1,0.8126851194208818
14071,0,0,F9,NA
140721,2,2,Caskin2,42.14065356840181
140723,11,4+,Cacng5,NA
14073,5,4+,Faah,35.48672814431819
140740,0,0,Sec63,215.86699220027677
140741,0,0,Gpr6,NA
140742,8,4+,Sesn1,42.29678388336043
140743,12,4+,Rem2,9.25826842242641
140765,0,0,Tmprss3,2.230230982798501
14077,11,4+,Fabp3,551.4107325284159
140780,1,1,Bmp2k,65.33709097218464
140781,4,4+,Myh7,1.10822669720834
14079,2,2,Fabp2,5.620125049373212
140792,15,4+,Colec12,46.66265394212317
140795,0,0,P2ry14,2.0469541269415745
14080,0,0,Fabp1,3.3945657722341496
140806,0,0,Il25,2.3126318811328197
14081,0,0,Acsl1,101.6728264621483
140810,0,0,Ttbk2,62.44414183034538
14082,5,4+,Fadd,42.388234928336736
14083,2,2,Ptk2,360.1446968692325
14084,0,0,Faf1,315.3952101832346
14085,0,0,Fah,26.28074543814604
140858,2,2,Wdr5,1862.4827909434457
140859,0,0,Nek8,22.689453531739545
14086,22,4+,Fscn1,7737.361332811038
14087,4,4+,Fanca,58.50360323275252
14088,3,3,Fancc,28.252204857726827
140887,0,0,Lnx2,100.29712542540182
14089,1,1,Fap,NA
140904,0,0,Caln1,NA
140917,6,4+,Dclre1b,59.77344265535107
140918,0,0,Slc7a12,NA
140919,4,4+,Slc17a6,NA
14102,0,0,Fas,3.996323183760873
14103,1,1,Fasl,NA
14104,22,4+,Fasn,409.35261296147974
14105,0,0,Srsf10,1168.0042273044185
14106,0,0,Foxh1,8.66986121693617
14107,0,0,Fat1,600.8382969784625
14113,0,0,Fbl,1766.6254244266668
14114,5,4+,Fbln1,134.3659302277754
14115,7,4+,Fbln2,13.254939594079152
14118,0,0,Fbn1,14.040168614106708
14119,0,0,Fbn2,11.294193365794062
14120,8,4+,Fbp2,12.213817599710332
14121,3,3,Fbp1,9.162432385147309
14123,0,0,Fbrs,150.070028084757
14125,0,0,Fcer1a,NA
14126,0,0,Ms4a2,NA
14127,0,0,Fcer1g,5.033895036052096
14128,9,4+,Fcer2a,NA
14129,0,0,Fcgr1,NA
14130,8,4+,Fcgr2b,21.72425575464281
14131,18,4+,Fcgr3,NA
14132,10,4+,Fcgrt,28.336604783868108
14133,0,0,Fcna,NA
14134,0,0,Fcnb,NA
14137,0,0,Fdft1,1093.61385599891
14148,0,0,Fdx1,113.65866958740878
14149,0,0,Fdxr,8.982462519490792
14151,0,0,Fech,422.02990839180825
14154,22,4+,Fem1a,80.45740082236469
14155,0,0,Fem1b,1183.3722416455405
14156,3,3,Fen1,472.2937236344783
14158,0,0,Fer,138.27563817509147
14159,0,0,Fes,5.8464664605016186
14160,0,0,Lgr5,4.215672083688834
14161,0,0,Fga,NA
14163,0,0,Fgd1,256.12211500409546
14164,0,0,Fgf1,43.20718695805147
14165,0,0,Fgf10,22.481775484806427
14166,0,0,Fgf11,5.062513676245182
14167,4,4+,Fgf12,NA
14168,0,0,Fgf13,54.94156146318557
14169,0,0,Fgf14,NA
14170,0,0,Fgf15,92.78567602788856
14171,0,0,Fgf17,23.231344017751915
14172,0,0,Fgf18,9.472491423157177
14173,0,0,Fgf2,4.090988208490353
14174,19,4+,Fgf3,6.07795042677341
14175,13,4+,Fgf4,687.6152002292697
14176,0,0,Fgf5,34.81044043040115
14177,0,0,Fgf6,NA
14178,0,0,Fgf7,0.6536264415724836
14179,0,0,Fgf8,3.511909884328572
14180,0,0,Fgf9,NA
14181,0,0,Fgfbp1,93.059821137881
14182,0,0,Fgfr1,380.4543675489082
14183,0,0,Fgfr2,201.17434634960992
14184,0,0,Fgfr3,8.635150913375732
14186,0,0,Fgfr4,30.286111248765213
14187,2,2,Akr1b8,52.23933481027485
14190,0,0,Fgl2,6.782969534276599
14191,0,0,Fgr,19.073588262560406
14194,0,0,Fh1,131.42890035061498
14198,0,0,Fhit,1.6698410871105296
14199,0,0,Fhl1,505.36661317937205
14200,0,0,Fhl2,106.97557281388558
14201,0,0,Fhl3,18.764468680834888
14202,0,0,Fhl4,9.026345291081736
14204,7,4+,Il4i1,9.083151554546784
14205,0,0,Vegfd,36.50646912006753
14208,0,0,Ppm1g,1753.4798884457668
14211,9,4+,Smc2,1514.269766135462
14218,8,4+,Sh3pxd2a,306.74678546235396
14219,3,3,Ccn2,159.42075857545484
14221,0,0,Fjx1,93.871833152290435
14225,21,4+,Fkbp1a,8463.517899147262
14226,0,0,Fkbp1b,24.768990620529287
14227,0,0,Fkbp2,61.226127153335376
14228,24,4+,Fkbp4,6033.921201072501
14229,25,4+,Fkbp5,220.26973980194663
14230,2,2,Fkbp10,56.294350191749814
14231,0,0,Fkbp7,12.59998236385566
14232,2,2,Fkbp8,465.8675081072679
14233,5,4+,Foxi1,NA
14234,0,0,Foxc2,5.186079726512213
14235,0,0,Foxm1,189.53455596759628
14236,0,0,Foxn2,167.59257917687214
14237,0,0,Foxd4,NA
14238,0,0,Foxf2,4.35878778667777
14239,4,4+,Foxs1,NA
14240,0,0,Foxb2,NA
14241,0,0,Foxl1,NA
14245,0,0,Lpin1,67.314913426461
14247,0,0,Fli1,NA
14248,0,0,Flii,187.8705019186505
14251,12,4+,Flot1,78.5460842775505
14252,2,2,Flot2,143.08620657216278
14254,0,0,Flt1,160.19566538475237
14255,0,0,Flt3,1.2059937068990951
14256,7,4+,Flt3l,4.154336636336768
14257,0,0,Flt4,10.039555330237668
14260,2,2,Fmn1,13.665691742336318
14261,0,0,Fmo1,0.6751886285391271
14262,0,0,Fmo3,NA
14263,0,0,Fmo5,1.8928006791307903
14264,13,4+,Fmod,NA
14265,9,4+,Fmr1,290.9879501679548
14266,0,0,Aff2,NA
14268,0,0,Fn1,1202.5635013241351
142681,0,0,Slc34a3,5.76988905542472
142682,2,2,Zcchc14,91.69131519150083
142687,4,4+,Asb14,0.6042971049833339
142688,1,1,Asb13,45.96146987032687
14269,0,0,Fnbp1,726.9022187678929
14270,31,4+,Srgap2,305.9727853931136
14272,0,0,Fnta,604.118059552216
14275,4,4+,Folr1,327.33803053895605
14276,7,4+,Folr2,19.09831883842824
14281,5,4+,Fos,127.24511836948004
14282,10,4+,Fosb,198.13244495058805
14283,0,0,Fosl1,265.1883946662988
14284,0,0,Fosl2,238.55499305667905
14287,0,0,Fpgs,222.96540788242095
14289,0,0,Fpr2,NA
14290,0,0,Fpr-rs3,NA
14291,1,1,Fpr-rs4,NA
14293,0,0,Fpr1,NA
14294,1,1,Fpr3,NA
14296,0,0,Frat1,7.239170821214733
14297,5,4+,Fxn,88.93267485607467
142980,5,4+,Tlr3,3.1149369896103942
14299,0,0,Ncs1,119.70063796938086
14300,14,4+,Frg1,821.4323529963235
14302,0,0,Frk,12.889922663818092
14308,0,0,Fshb,NA
14309,0,0,Fshr,NA
14311,4,4+,Cidec,1.9097049009721936
14312,12,4+,Brd2,1650.8279878537458
14313,0,0,Fst,21.72255122668889
14314,15,4+,Fstl1,245.945795945248
14317,0,0,Ftcd,1.010439893770005
14319,8,4+,Fth1,3774.5320727215953
14325,5,4+,Ftl1,13.837610280433676
14339,0,0,Aktip,143.21703797239246
14343,0,0,Fut1,NA
14344,0,0,Fut2,NA
14345,0,0,Fut4,9.464076431766408
14346,2,2,Fut4-ps1,NA
14347,6,4+,Fut7,NA
14348,18,4+,Fut9,65.16771879621122
14349,0,0,Fv1,NA
14356,0,0,Timm10b,212.23505186950752
14357,0,0,Dtx1,32.46117381011648
14359,3,3,Fxr1,2431.4414776144117
14360,0,0,Fyn,157.22789785912926
14362,0,0,Fzd1,4.578748930965494
14365,10,4+,Fzd3,71.03362165112651
14366,0,0,Fzd4,16.666044176688846
14367,0,0,Fzd5,164.94109075759312
14368,0,0,Fzd6,41.821957923965535
14369,0,0,Fzd7,138.3929387994902
14370,32,4+,Fzd8,29.201676233673297
14371,0,0,Fzd9,4.400863986962925
14373,11,4+,G0s2,1.1920503868787378
14375,0,0,Xrcc6,110.46834196020556
14376,23,4+,Ganab,616.1833960689842
14377,0,0,G6pc1,NA
14378,2,2,G6pc2,NA
14380,0,0,G6pd2,1.0306490411909883
14381,0,0,G6pdx,348.74883937408407
14385,7,4+,Slc37a4,19.147891197080455
14387,13,4+,Gaa,167.1211761294295
14388,0,0,Gab1,2182.8673521661317
14389,0,0,Gab2,8.682500427712831
14390,0,0,Gabpa,377.25181240766995
14391,0,0,Gabpb1,271.2286764120602
14394,0,0,Gabra1,33.99143495875065
14395,0,0,Gabra2,3.225418322973453
14396,0,0,Gabra3,1.807518954561208
14397,0,0,Gabra4,16.23629057601429
14399,0,0,Gabra6,NA
14400,0,0,Gabrb1,NA
14401,0,0,Gabrb2,NA
14402,0,0,Gabrb3,88.33871942776166
14403,0,0,Gabrd,NA
14404,2,2,Gabre,10.133199857258212
14405,0,0,Gabrg1,0.8450908138304061
14406,5,4+,Gabrg2,NA
14407,0,0,Gabrg3,2.340249539613057
14408,0,0,Gabrr1,1.655046369844875
14409,0,0,Gabrr2,0.9656429852457552
14411,30,4+,Slc6a12,2.750093693023887
14412,0,0,Slc6a13,2.882387253354007
14415,0,0,Gad1,7.97896782205651
14417,0,0,Gad2,0.8843861161568161
14419,15,4+,Gal,6.223003036643312
14420,0,0,Galc,46.21732282542938
14421,2,2,B4galnt1,109.3444588368933
14422,0,0,B4galnt2,NA
14423,2,2,Galnt1,826.3462932293927
14425,0,0,Galnt3,17.130097910840604
14426,0,0,Galnt4,85.46387290315141
14427,0,0,Galr1,NA
14428,0,0,Galr2,2.884007277099711
14429,1,1,Galr3,NA
14430,23,4+,Galt,120.43451880638956
14431,11,4+,Gamt,5.984171528040127
14432,0,0,Gap43,340.32440172028976
14433,4,4+,Gapdh,2756.9375743836354
14447,2,2,Gapdhs,NA
14450,4,4+,Gart,2022.0704019693655
14451,0,0,Gas1,30.1822273568013
14453,0,0,Gas2,13.577090698736844
14455,0,0,Gas5,1562.6960930463065
14456,0,0,Gas6,24.118317237260356
14457,1,1,Gas7,37.40661217224489
14459,0,0,Gast,NA
14460,0,0,Gata1,22.201924593845703
14461,13,4+,Gata2,340.7257363909285
14462,7,4+,Gata3,63.57491962131563
14463,0,0,Gata4,35.075441009699325
14464,0,0,Gata5,NA
14465,34,4+,Gata6,33.486351103104965
14466,0,0,Gba1,NA
14467,0,0,Nipsnap2,295.3005441263682
14468,2,2,Gbp2b,225.27841483667217
14469,0,0,Gbp2,393.0717278553661
14470,17,4+,Rabac1,850.0958243041521
14472,0,0,Gbx2,433.99690783478263
14473,2,2,Gc,NA
14479,9,4+,Usp15,348.1457328652626
14489,0,0,Mtpn,1470.0203676546305
14525,0,0,Gcsam,NA
14526,2,2,Gcg,NA
14527,0,0,Gcgr,NA
14528,0,0,Gch1,12.02807382964875
14531,0,0,Gcm1,6.097136566024319
14533,0,0,Bloc1s1,25.978513460393213
14534,0,0,Kat2a,964.7404134116111
14536,0,0,Nr6a1,498.11036244677894
14537,7,4+,Gcnt1,218.83829587353972
14538,3,3,Gcnt2,150.89446390282225
14539,5,4+,Opn1mw,NA
14544,0,0,Gda,4.78475779418448
14545,0,0,Gdap1,0.8106364037025359
14547,0,0,Gdap2,134.63620972665444
14548,0,0,Mrps33,430.9683415208861
14555,0,0,Gpd1,7.99735738901959
14559,6,4+,Gdf1,NA
14560,22,4+,Gdf10,0.8655883215324858
14561,0,0,Gdf11,16.97247311872334
14562,9,4+,Gdf3,649.8653258558795
14563,0,0,Gdf5,NA
14566,1,1,Gdf9,0.8710423689121294
14567,0,0,Gdi1,431.3984011029694
14569,0,0,Gdi2,1469.5544094029983
14570,0,0,Arhgdig,186.18343047554995
14571,0,0,Gpd2,892.1325091595845
14573,0,0,Gdnf,2.051504279812049
14579,13,4+,Gem,2.4693699248270486
14580,0,0,Gfap,NA
14581,9,4+,Gfi1,NA
14582,0,0,Gfi1b,1.358958569682439
14583,0,0,Gfpt1,165.51957226926433
14584,27,4+,Gfpt2,580.1314868628225
14585,0,0,Gfra1,7.551882195949676
14586,8,4+,Gfra2,3.9986722675225206
14587,0,0,Gfra3,1.5734908123247295
14588,0,0,Gfra4,22.57876519008183
14590,13,4+,Ggh,77.31144982928721
14593,9,4+,Ggps1,189.0887242479373
14594,0,0,Ggta1,158.3277703129857
14595,29,4+,B4galt1,246.95391893057015
14598,7,4+,Ggt1,6.732124414517093
14599,14,4+,Gh,NA
14600,0,0,Ghr,84.40067219938305
14601,3,3,Ghrh,NA
14602,0,0,Ghrhr,NA
14603,9,4+,Cblif,NA
14605,0,0,Tsc22d3,8.65634406681538
14607,13,4+,Gip,0.8725761720328605
14608,9,4+,Gpr83,1.7542799456517344
14609,0,0,Gja1,346.2303653198478
14610,2,2,Gja10,NA
14611,0,0,Gja3,3.474090036936896
14612,16,4+,Gja4,2.7465025808295596
14613,0,0,Gja5,NA
14615,0,0,Gjc1,335.24782451898005
14616,0,0,Gja8,NA
14617,0,0,Gjd2,NA
14618,0,0,Gjb1,1.6727568277539966
14619,6,4+,Gjb2,1.6294964130449414
14620,15,4+,Gjb3,728.3210352197618
14621,4,4+,Gjb4,3.4558243843336216
14622,0,0,Gjb5,62.929422611812576
14623,0,0,Gjb6,NA
14625,1,1,Gykl1,NA
14626,0,0,Gk2,NA
14628,0,0,Ostm1,40.1145413821695
14629,0,0,Gclc,692.4168711536093
14630,0,0,Gclm,972.409080512323
14632,3,3,Gli1,53.830815783247736
14633,0,0,Gli2,148.69809077892876
14634,0,0,Gli3,698.5118037756623
14635,0,0,Galk1,169.2877365514513
14645,0,0,Glul,1941.7429514919104
14651,3,3,Hagh,107.77728194367774
14652,10,4+,Glp1r,25.496647954545857
14654,0,0,Glra1,NA
14657,0,0,Glra4,NA
14658,0,0,Glrb,6.515467920565657
14659,0,0,Glrp1,1.1380830012575798
14660,1,1,Gls,770.0509823382158
14661,3,3,Glud1,3237.999835008278
14663,0,0,Glycam1,NA
14664,0,0,Slc6a9,21.84699298902268
14667,0,0,Gm2a,45.98402257123664
14670,14,4+,Gnl1,127.5952212804862
14672,0,0,Gna11,1238.902805913826
14673,0,0,Gna12,336.1906486101212
14674,15,4+,Gna13,519.3104341624658
14675,0,0,Gna14,13.816490944290727
14676,0,0,Gna15,15.19341502080859
14677,0,0,Gnai1,70.37446062992333
14678,0,0,Gnai2,3499.3832054998857
14679,7,4+,Gnai3,631.8564276231758
14680,0,0,Gnal,12.67713618731029
14681,0,0,Gnao1,16.06058597354733
14682,3,3,Gnaq,319.72189887544306
14683,0,0,Gnas,1618.0178775208603
14685,0,0,Gnat1,3.496875511185424
14686,5,4+,Gnat2,15.719043247058076
14687,0,0,Gnaz,23.757510212397765
14688,1,1,Gnb1,2919.024906641266
14693,13,4+,Gnb2,232.23808804785855
14694,0,0,Rack1,4937.834773663181
14695,19,4+,Gnb3,NA
14696,0,0,Gnb4,32.49313800063845
14697,5,4+,Gnb5,25.508488931630133
14699,0,0,Gngt1,NA
14700,11,4+,Gng10,925.627543578611
14701,0,0,Gng12,193.96533439431607
14702,16,4+,Gng2,254.9369480796179
14704,1,1,Gng3,500.9299145980432
14705,3,3,Bscl2,329.85779797995554
14706,0,0,Gng4,NA
14707,0,0,Gng5,832.7954860004274
14708,15,4+,Gng7,31.739057169470534
14709,9,4+,Gng8,3.751217922930862
14710,0,0,Gngt2,26.330488698087752
14711,1,1,Gnmt,20.279546594955296
14712,0,0,Gnpat,366.7629868003765
14714,0,0,Gnrh1,1.9083522948141265
14715,0,0,Gnrhr,NA
14718,0,0,Got1,6324.62954708656
14719,0,0,Got2,1108.5935154381004
14723,0,0,Gp1ba,NA
14724,0,0,Gp1bb,NA
14725,0,0,Lrp2,493.14582249914304
14726,0,0,Pdpn,274.53680685038216
14727,0,0,Lilrb4b,NA
14728,0,0,Lilrb4a,NA
14729,0,0,Gp5,0.8400934650055911
14731,0,0,Gpaa1,236.5433313477481
14732,0,0,Gpam,82.98245769018762
14733,7,4+,Gpc1,71.6277225115165
14734,2,2,Gpc3,146.1288931292746
14735,0,0,Gpc4,591.9972680684589
14738,0,0,Gpr12,1.683174205718398
14739,5,4+,S1pr2,171.40304870774335
14744,4,4+,Gpr65,NA
14745,27,4+,Lpar1,113.47441138911132
14747,5,4+,Cmklr1,23.526730068430776
14748,39,4+,Gpr3,2.5338873155794333
14751,0,0,Gpi1,879.0918648788432
14755,36,4+,Pigq,96.20210335830488
14756,1,1,Gpld1,1.499574881138259
14758,0,0,Gpm6b,4.7227596125802185
14760,11,4+,Gpr19,100.8262684210342
14761,35,4+,Gpr27,26.6791537609087
14762,0,0,Gpr33,NA
14763,23,4+,Gpr37,NA
14764,0,0,Ptgdr2,NA
14765,0,0,Gpr50,4.279460903013158
14766,0,0,Adgrg1,44.05252436315352
14767,12,4+,Nmur1,NA
14768,0,0,Lancl1,98.21635831735615
14772,4,4+,Grk4,2.3577263990870096
14773,4,4+,Grk5,16.88593752786389
14775,7,4+,Gpx1,3814.4193101716255
14776,0,0,Gpx2,64.01869117476625
14777,0,0,Gpx2-ps1,NA
14778,4,4+,Gpx3,199.5425456956546
14780,0,0,Gpx5,NA
14782,1,1,Gsr,1071.0676976829236
14783,0,0,Grb10,157.84763872225847
14784,0,0,Grb2,653.4839807198005
14786,4,4+,Grb7,312.9517732811432
14787,4,4+,Rhpn1,5.240744656825366
14788,0,0,Gpr162,5.851106487208562
14789,0,0,P3h3,16.737441636219195
14790,12,4+,Grcc10,390.2774680752576
14791,5,4+,Emg1,2285.712263880874
14792,5,4+,Lpcat3,432.6228176132555
14793,5,4+,Cdca3,748.073639361582
14794,15,4+,Spsb2,79.49925082017621
14797,0,0,Tle5,1679.129710222846
14799,0,0,Gria1,NA
14800,0,0,Gria2,1.1943749365618412
14802,16,4+,Gria4,2.3827825159502316
14803,0,0,Grid1,2.291374237493095
14804,0,0,Grid2,3.5071172786861937
14805,0,0,Grik1,NA
14806,0,0,Grik2,0.8425426435029004
14807,6,4+,Grik3,136.98197167275575
14809,0,0,Grik5,33.695973795788134
14810,21,4+,Grin1,10.532395474171215
14811,0,0,Grin2a,2.837722158736496
14812,0,0,Grin2b,4.175272703734636
14813,11,4+,Grin2c,NA
14814,0,0,Grin2d,47.21945658732626
14815,0,0,Nr3c1,116.32214007976616
14816,5,4+,Grm1,NA
14823,39,4+,Grm8,NA
14824,0,0,Grn,774.9423369953093
14825,0,0,Cxcl1,4.597983775708082
14827,0,0,Pdia3,335.211420834586
14828,0,0,Hspa5,2148.2196194629814
14829,0,0,Grpr,NA
14836,3,3,Gsc,1.4624888298034404
14840,0,0,Gsg1,3.794944204982013
14841,0,0,Haspin,68.2436423566399
14842,2,2,Gsx1,11.38094020638895
14843,0,0,Gsx2,NA
14852,0,0,Gspt1,6835.04625816687
14853,0,0,Gspt2,203.66860535972583
14854,2,2,Gss,31.10756313127691
14857,0,0,Gsta1,1.523547377125699
14858,9,4+,Gsta2,NA
14859,0,0,Gsta3,18.47110272994999
14860,0,0,Gsta4,1464.0563506758367
14862,0,0,Gstm1,308.1776259361795
14863,0,0,Gstm2,242.08030160163756
14864,11,4+,Gstm3,28.766591217331925
14865,0,0,Gstm4,53.39336883445066
14866,2,2,Gstm5,29.390239371125126
14867,0,0,Gstm6,49.868140125181355
14869,6,4+,Gstp2,31.494100608903462
14870,35,4+,Gstp1,24.928594171544063
14871,0,0,Gstt1,11.664284903682551
14872,7,4+,Gstt2,37.949451118482614
14873,0,0,Gsto1,790.7697339452452
14874,8,4+,Gstz1,110.41702115043503
14884,10,4+,Gtf2h1,376.7437367081296
14885,0,0,Gtf2h4,261.7842155857712
14886,0,0,Gtf2i,390.549965615504
14894,7,4+,Cfap20,295.16292245423944
14897,28,4+,Trip12,3719.731527103895
14904,5,4+,Gtpbp1,489.781353958932
14910,0,0,Gt(ROSA)26Sor,69.61807312678789
14911,0,0,Thumpd3,352.15230468425733
14912,0,0,Nkx6-2,12.79890106483223
14913,11,4+,Guca1a,12.717729970573028
14915,0,0,Guca2a,NA
14916,0,0,Guca2b,4.057305155508665
14917,9,4+,Gucy2c,1.6206001268700632
14918,0,0,Gucy2d,NA
14919,8,4+,Gucy2e,NA
14923,7,4+,Guk1,190.1750107251641
14924,0,0,Magi1,142.88107427094425
14933,0,0,Gk,78.6305792521787
14934,5,4+,Gypa,0.9191003822295926
14936,46,4+,Gys1,39.87412899204909
14938,0,0,Gzma,NA
14939,0,0,Gzmb,1.2194545753170989
14940,0,0,Gzmc,NA
14941,0,0,Gzmd,NA
14942,7,4+,Gzme,NA
14943,0,0,Gzmf,NA
14944,0,0,Gzmg,NA
14945,0,0,Gzmk,NA
14950,0,0,H13,211.29417505293551
14955,0,0,H19,2692.576642590046
14957,4,4+,H1f3,NA
14958,17,4+,H1f0,277.54886520432495
14960,6,4+,H2-Aa,3.636167378545501
14961,12,4+,H2-Ab1,13.29993180067703
14962,3,3,Cfb,1.408674700071469
14963,0,0,H2-Bl,NA
14964,2,2,H2-D1,84.31775007305701
14969,4,4+,H2-Eb1,91.0548085442482
14972,23,4+,H2-K1,449.66783875607894
14976,3,3,Pfdn6,236.71411672356984
14977,7,4+,Slc39a7,277.3073435540106
14979,10,4+,Hsd17b8,NA
14980,15,4+,H2-L,NA
14985,0,0,H2-M10.1,NA
14990,0,0,H2-M2,4.5727926212868
14991,6,4+,H2-M3,8.178921323769766
14997,0,0,H2-M9,NA
14998,43,4+,H2-DMa,8.266552299517826
14999,0,0,H2-DMb1,2.750497906226006
15000,11,4+,H2-DMb2,0.5423600037434261
15001,4,4+,H2-Oa,0.8205713126256996
15002,0,0,H2-Ob,NA
15006,4,4+,H2-Q1,1.1012130477628226
15007,0,0,H2-Q10,6.919473399852586
15013,6,4+,H2-Q2,37.44479490603241
15015,0,0,H2-Q4,4.212538594210237
15016,0,0,H2-Q5,NA
15018,8,4+,H2-Q7,72.98915016964725
15024,6,4+,H2-T10,NA
15039,8,4+,H2-T22,5.746704962655016
15040,14,4+,H2-T23,8.606077172831114
15042,7,4+,H2-T24,NA
15043,10,4+,H2-T3,0.8327872926163055
15061,0,0,Ifi44l,NA
15064,0,0,Mr1,NA
15077,0,0,H3c14,NA
15078,12,4+,H3f3a,5862.439033898412
15081,7,4+,H3f3b,7485.52106664112
15107,8,4+,Hadh,672.7789892168673
15108,0,0,Hsd17b10,247.2289005248855
15109,0,0,Hal,20.530568806794516
15110,6,4+,Hand1,443.2772086313332
15111,0,0,Hand2,1.7333053189502377
15112,0,0,Hao1,NA
15114,0,0,Hap1,227.9624036562807
15115,0,0,Hars1,NA
15116,0,0,Has1,NA
15117,3,3,Has2,30.07211764162125
15118,17,4+,Has3,6.453724847745153
15122,2,2,Hba-a1,4.760293746657694
15126,1,1,Hba-x,NA
15129,0,0,Hbb-b1,NA
15132,0,0,Hbb-bh1,NA
15135,0,0,Hbb-y,0.5654609817401968
15139,0,0,Hc,NA
15159,0,0,Hccs,221.0170486192955
15160,0,0,Serpind1,NA
15161,0,0,Hcfc1,4404.7453447604885
15162,3,3,Hck,46.240694991809946
15163,0,0,Hcls1,NA
15165,0,0,Hcn1,1.8813113748890544
15166,15,4+,Hcn2,3.896892694073916
15168,13,4+,Hcn3,32.63324375257464
15170,7,4+,Ptpn6,167.2705171447678
15171,0,0,Hcrt,NA
15182,0,0,Hdac2,3298.8333322313365
15183,28,4+,Hdac3,119.33569786296978
15184,6,4+,Hdac5,155.59334745408398
15185,0,0,Hdac6,121.53468953401853
15186,0,0,Hdc,6.819628833602609
15191,28,4+,Hdgf,6109.845432520168
15192,0,0,Hdgfl1,1.0280802769581856
15193,0,0,Hdgfl2,262.018984203341
15194,0,0,Htt,68.30519072371952
15199,2,2,Hebp1,210.41925147954817
15200,0,0,Hbegf,152.67443458708578
15201,0,0,Hells,1594.1053860585828
15202,0,0,Gml2,NA
15203,0,0,Heph,1.1020519001096256
15204,0,0,Herc2,132.9470193720104
15205,2,2,Hes1,554.2782852145045
15206,5,4+,Hes2,1.6148401559305272
15207,0,0,Hes3,1.0311829118983276
15208,6,4+,Hes5,NA
15209,12,4+,Hesx1,3.2640300230118124
15211,0,0,Hexa,57.89637945435525
15212,0,0,Hexb,179.6748580588361
15213,0,0,Hey1,15.602457281805023
15214,0,0,Hey2,6.669202774690971
15216,11,4+,Hfe,2.1965007755403585
15218,17,4+,Foxn1,0.5686996356197371
15220,3,3,Foxq1,32.685798054787554
15221,4,4+,Foxd3,82.19488462135712
15223,19,4+,Foxj1,14.513774020397758
15227,41,4+,Foxf1,4.319735932747225
15228,0,0,Foxg1,7.0954070070950594
15229,0,0,Foxd1,2.7831922138087166
15233,0,0,Hgd,NA
15234,0,0,Hgf,NA
15235,27,4+,Mst1,2.472420102660852
15239,2,2,Hgs,110.85897502064684
15242,0,0,Hhex,38.17036345996532
15245,12,4+,Hhip,8.329627672917816
15247,0,0,Mfsd14a,345.4622850708458
15248,12,4+,Hic1,31.656707054337073
15251,0,0,Hif1a,843.7595719562335
15254,3,3,Hint1,1160.3162151908457
15257,1,1,Hipk1,319.182954336853
15258,0,0,Hipk2,62.4210955389879
15259,0,0,Hipk3,238.09053806228675
15260,0,0,Hira,135.22848983048098
15270,13,4+,H2ax,NA
15273,13,4+,Hivep2,11.756671339688422
15275,5,4+,Hk1,192.7261829981396
15277,0,0,Hk2,756.6432415128892
15278,0,0,Tfb2m,149.80015864370282
15284,10,4+,Hlx,2.0712066646385225
15285,0,0,Mnx1,1.1648573522278811
15288,0,0,Hmbs,230.2026013139697
15289,1,1,Hmgb1,1898.1055939228315
15312,29,4+,Hmgn1,7880.241651650425
15331,0,0,Hmgn2,641.7386319125179
15353,6,4+,Hmg20b,246.38179961442984
15354,0,0,Hmgb3,705.8893990720296
15356,1,1,Hmgcl,99.78244376731875
15357,0,0,Hmgcr,557.2419412283231
15360,0,0,Hmgcs2,NA
15361,17,4+,Hmga1,1852.5684511031664
15364,0,0,Hmga2,1564.2474221227255
15366,0,0,Hmmr,463.5254585939162
15368,0,0,Hmox1,478.13409328916646
15369,14,4+,Hmox2,560.6195369704786
15370,1,1,Nr4a1,175.36280224884706
15371,4,4+,Hmx1,1.2308959874536527
15372,0,0,Hmx2,NA
15373,0,0,Hmx3,NA
15374,0,0,Jpt1,819.6733859650437
15375,0,0,Foxa1,54.90835099216711
15376,0,0,Foxa2,2.977119796744839
15377,3,3,Foxa3,2.4176086583695224
15378,4,4+,Hnf4a,5.991141169035469
15379,6,4+,Onecut1,1.4039887505864213
15381,7,4+,Hnrnpc,12168.986550369213
15382,10,4+,Hnrnpa1,3274.747675638396
15384,0,0,Hnrnpab,11345.722811276104
15387,11,4+,Hnrnpk,3467.0382186118877
15388,11,4+,Hnrnpl,2849.401931997649
15394,6,4+,Hoxa1,142.4910192719457
15395,2,2,Hoxa10,3.137491646385052
15396,3,3,Hoxa11,NA
15397,0,0,Hoxa11os,NA
15398,0,0,Hoxa13,2.263661966731238
15399,8,4+,Hoxa2,6.809376220485237
15400,8,4+,Hoxa3,21.70751592731964
15401,2,2,Hoxa4,2.139065082579236
15402,9,4+,Hoxa5,24.84927526241698
15403,22,4+,Hoxa6,NA
15404,26,4+,Hoxa7,11.329471743055228
15405,11,4+,Hoxa9,NA
15407,0,0,Hoxb1,8.30768182023937
15408,4,4+,Hoxb13,0.8694846469980024
15410,0,0,Hoxb3,3.635645748191937
15412,7,4+,Hoxb4,7.636527226069464
15413,0,0,Hoxb5,1.0922688573407948
15414,5,4+,Hoxb6,NA
15415,5,4+,Hoxb7,2.2158033991357615
15416,9,4+,Hoxb8,2.5043027488904697
15417,0,0,Hoxb9,26.951785203777092
15421,4,4+,Hoxc12,1.7421202990283262
15422,16,4+,Hoxc13,74.36468099523204
15423,0,0,Hoxc4,3.5598404178089824
15424,12,4+,Hoxc5,1.9468646106170264
15425,0,0,Hoxc6,2.154654929112668
15426,0,0,Hoxc8,2.3721123287074537
15427,9,4+,Hoxc9,4.012370574068644
15429,0,0,Hoxd1,5.732128586643507
15430,6,4+,Hoxd10,0.9252968304920688
15431,0,0,Hoxd11,1.9053454074902576
15432,0,0,Hoxd12,NA
15433,0,0,Hoxd13,17.189642963694908
15434,0,0,Hoxd3,NA
15436,0,0,Hoxd4,1.2432163346139284
15437,0,0,Hoxd8,6.943751951777452
15438,0,0,Hoxd9,7.030024821895433
15439,0,0,Hp,NA
15441,0,0,Hp1bp3,596.3051220060328
15442,5,4+,Hpse,6.178820691725263
15444,28,4+,Hpca,111.71545791666118
15445,10,4+,Hpd,NA
15446,0,0,Hpgd,2.603768182287525
15450,0,0,Lipc,3.4625670707376868
15451,0,0,Hpn,91.19408595228752
15452,0,0,Hprt1,NA
15458,1,1,Hpx,1.524180411689651
15460,12,4+,Hr,27.48817343905292
15461,0,0,Hras,1359.7636153055564
15463,0,0,Agfg1,686.9222369795501
15464,11,4+,Hrc,5.505798814904175
15465,0,0,Hrh1,5.729698904240528
15466,0,0,Hrh2,NA
15467,0,0,Eif2ak1,510.52811685066615
15468,0,0,Prmt2,197.2343711140273
15469,9,4+,Prmt1,689.2161643610929
15473,13,4+,Rida,117.4432556883582
15476,0,0,Hs3st1,8.900116855374154
15478,0,0,Hs3st3a1,3.1358688843692963
15481,0,0,Hspa8,8717.336944470904
15482,0,0,Hspa1l,1.0682163154818447
15483,4,4+,Hsd11b1,NA
15484,3,3,Hsd11b2,4.472330069587635
15485,0,0,Hsd17b1,1.5784917950578377
15486,11,4+,Hsd17b2,0.6814064423805727
15487,1,1,Hsd17b3,NA
15488,0,0,Hsd17b4,69.08077700184799
15490,0,0,Hsd17b7,85.40000348661297
15492,0,0,Hsd3b1,NA
15493,0,0,Hsd3b2,NA
15494,0,0,Hsd3b3,NA
15495,0,0,Hsd3b4,NA
15496,0,0,Hsd3b5,NA
15497,2,2,Hsd3b6,NA
15499,2,2,Hsf1,156.33912169980647
15500,1,1,Hsf2,243.1076129350525
15502,23,4+,Dnaja1,2817.759649753945
15504,0,0,Dnajb3,8.528997037378021
15505,2,2,Hsph1,2088.3135991730114
15507,7,4+,Hspb1,11549.219369361615
15510,0,0,Hspd1,5593.529055695332
15511,0,0,Hspa1b,515.2178189984919
15512,6,4+,Hspa2,31.045092185669983
15516,0,0,Hsp90ab1,34611.61139624452
15519,11,4+,Hsp90aa1,21276.040628427814
15525,0,0,Hspa4,1764.2617184512255
15526,0,0,Hspa9,1552.878596390468
15528,0,0,Hspe1,4237.649504550627
15529,24,4+,Sdc2,39.48839297242089
15530,5,4+,Hspg2,308.01140160445607
15531,0,0,Ndst1,165.95460959563948
15547,0,0,Trmt2a,368.37319733396066
15550,0,0,Htr1a,NA
15551,0,0,Htr1b,9.937455549940054
15552,26,4+,Htr1d,24.72849000622876
15557,0,0,Htr1f,NA
15558,0,0,Htr2a,NA
15559,2,2,Htr2b,NA
15560,1,1,Htr2c,NA
15561,0,0,Htr3a,9.5309906859044915
15562,1,1,Htr4,NA
15563,0,0,Htr5a,NA
15564,2,2,Htr5b,NA
15565,0,0,Htr6,NA
15566,9,4+,Htr7,1.1657383758998454
15567,21,4+,Slc6a4,1.608309596580336
15568,3,3,Elavl1,6050.301177750784
15569,2,2,Elavl2,134.09935052533982
15571,0,0,Elavl3,81.32994036717093
15572,0,0,Elavl4,15.158020618374394
15574,1,1,Hus1,102.91418343633576
15586,0,0,Hyal1,14.529630242518389
15587,9,4+,Hyal2,126.88800579324337
15874,5,4+,Iapp,NA
15891,0,0,Ibsp,NA
15893,22,4+,Ica1,29.46535496135757
15894,6,4+,Icam1,369.4368654353035
15896,0,0,Icam2,1.869503386474627
15898,8,4+,Icam5,1.0992374740972086
15900,5,4+,Irf8,19.39777548249628
15901,2,2,Id1,3499.7273050027875
15902,0,0,Id2,343.7641068676144
15903,5,4+,Id3,982.8935967443508
15904,0,0,Id4,39.482815957172456
15925,12,4+,Ide,458.7830451870244
15926,0,0,Idh1,411.10341754756666
15929,0,0,Idh3g,786.4325073501311
15930,0,0,Ido1,NA
15931,0,0,Ids,81.47614550983862
15932,0,0,Idua,9.516641387439948
15936,4,4+,Ier2,1037.6982796094592
15937,6,4+,Ier3,136.23566947526683
15939,14,4+,Ier5,96.10827445182744
15944,0,0,Irgm1,12.61674057427715
15945,0,0,Cxcl10,120.85378110948253
15950,0,0,Ifi203,NA
15951,0,0,Ifi204,NA
15953,5,4+,Ifi47,0.9300165773104204
15957,5,4+,Ifit1,1.4487763222840937
15958,0,0,Ifit2,5.973815894665769
15959,0,0,Ifit3,NA
15962,0,0,Ifna1,NA
15964,0,0,Ifna11,NA
15965,4,4+,Ifna2,NA
15967,3,3,Ifna4,NA
15968,0,0,Ifna5,NA
15969,0,0,Ifna6,NA
15970,0,0,Ifna7,NA
15972,0,0,Ifna9,NA
15974,8,4+,Ifnab,NA
15975,13,4+,Ifnar1,26.869501973563764
15976,0,0,Ifnar2,111.2130894306728
15977,0,0,Ifnb1,NA
15978,0,0,Ifng,NA
15979,0,0,Ifngr1,75.8118218245862
15980,0,0,Ifngr2,38.953080123317186
15982,2,2,Ifrd1,1580.217212307363
15983,15,4+,Ifrd2,276.62833511996655
15985,0,0,Cd79b,5.653213597482521
16000,0,0,Igf1,NA
16001,13,4+,Igf1r,520.3227937267008
16002,10,4+,Igf2,3182.3679441831277
16004,0,0,Igf2r,338.5626919787994
16005,13,4+,Igfals,1.1800325234850648
16006,0,0,Igfbp1,NA
16007,0,0,Ccn1,138.88495014156442
16008,0,0,Igfbp2,701.6506114176179
16009,3,3,Igfbp3,83.3163069520529
16010,14,4+,Igfbp4,515.7489810084473
16011,0,0,Igfbp5,20.96091734516419
16012,18,4+,Igfbp6,12.480464978792464
16068,0,0,Il18bp,17.992442886255844
16069,0,0,Jchain,2.4904962958679424
16136,0,0,Igll1,6.769471784853876
16145,16,4+,Igtp,8.977295545613917
16147,0,0,Ihh,1.8215724811011833
16149,17,4+,Cd74,28.229726179491255
16150,0,0,Ikbkb,133.69053163539712
16151,0,0,Ikbkg,104.98939504379936
16153,0,0,Il10,NA
16154,0,0,Il10ra,NA
16155,0,0,Il10rb,22.2660530565924
16156,24,4+,Il11,7.785871630706109
16157,8,4+,Il11ra1,17.098880645043998
16158,0,0,Il11ra2,NA
16159,0,0,Il12a,NA
16160,0,0,Il12b,NA
16161,5,4+,Il12rb1,3.3138594176959044
16162,0,0,Il12rb2,1.2360010291095012
16163,4,4+,Il13,NA
16164,0,0,Il13ra1,9.745790813203936
16165,0,0,Il13ra2,NA
16168,0,0,Il15,2.1582179735925924
16169,7,4+,Il15ra,7.952567432269507
16170,0,0,Il16,NA
16171,0,0,Il17a,NA
16172,8,4+,Il17ra,30.34290639501438
16173,0,0,Il18,1.0398477714901122
16174,0,0,Il18rap,1.1232764514264004
16175,0,0,Il1a,NA
16176,0,0,Il1b,NA
16177,0,0,Il1r1,4.167694285998626
16178,0,0,Il1r2,3.939260136595363
16179,0,0,Irak1,175.53936588143472
16180,0,0,Il1rap,9.443621816660814
16181,0,0,Il1rn,NA
16182,0,0,Il18r1,NA
16183,0,0,Il2,95.11144484490538
16184,2,2,Il2ra,NA
16185,15,4+,Il2rb,1.4803728863998118
16186,0,0,Il2rg,145.36467280694285
16187,0,0,Il3,NA
16188,15,4+,Il3ra,14.05651155807588
16189,4,4+,Il4,NA
16190,0,0,Il4ra,0.9192958192993416
16191,0,0,Il5,NA
16192,0,0,Il5ra,NA
16193,0,0,Il6,NA
16194,0,0,Il6ra,64.62420626212376
16195,0,0,Il6st,157.5963048928626
16196,0,0,Il7,3.59911435456899
16197,0,0,Il7r,NA
16198,6,4+,Il9,NA
16199,0,0,Il9r,NA
16201,21,4+,Ilf3,3089.574012856433
16202,0,0,Ilk,449.7945491577
16204,0,0,Fabp6,1.8821530860834357
16205,0,0,Gimap1,NA
16206,0,0,Lrig1,20.77922289496901
16210,0,0,Impact,1813.2510685457753
16211,2,2,Kpnb1,5492.74174808548
16319,5,4+,Incenp,725.9322564287445
16322,8,4+,Inha,7.380872777435846
16323,0,0,Inhba,23.676274848711017
16324,10,4+,Inhbb,52.48741302576492
16325,10,4+,Inhbc,2.6619281408824556
16326,22,4+,Inhbe,1.1879090293508507
16328,0,0,Cep250,82.65139912379924
16329,0,0,Inpp1,27.42165652445541
16330,6,4+,Inpp5b,134.4945924073148
16331,0,0,Inpp5d,238.29864327458503
16332,3,3,Inppl1,332.6687192974718
16333,0,0,Ins1,NA
16334,0,0,Ins2,NA
16336,0,0,Insl3,NA
16337,3,3,Insr,42.44979235065874
16341,0,0,Eif3e,1235.7468009143597
16348,17,4+,Invs,17.34675736384994
16351,1,1,Ipp,45.66905404898038
16353,0,0,Ipw,NA
16362,2,2,Irf1,342.67036775971934
16363,0,0,Irf2,38.14491060286068
16364,0,0,Irf4,NA
16365,3,3,Acod1,NA
16367,0,0,Irs1,233.8969695913241
16369,10,4+,Irs3,3.907436772664555
16370,0,0,Irs4,1.9708220002671617
16371,0,0,Irx1,12.367407716294966
16372,0,0,Irx2,59.227943311837926
16373,10,4+,Irx3,8.429728352156696
16391,0,0,Irf9,50.81595321020988
16392,0,0,Isl1,6.811421033019185
16396,0,0,Itch,661.674906288475
16398,0,0,Itga2,1.5433263074995656
16399,18,4+,Itga2b,6.9815179612003195
16400,6,4+,Itga3,2446.725916877856
16401,0,0,Itga4,1.8574834517889112
16402,0,0,Itga5,46.61756529984291
16403,6,4+,Itga6,1270.0160282622476
16404,0,0,Itga7,33.74938370030867
16407,16,4+,Itgae,2.69298003698844
16408,0,0,Itgal,15.422734085886962
16409,23,4+,Itgam,3.868970018453759
16410,0,0,Itgav,987.1177462555804
16411,4,4+,Itgax,NA
16412,0,0,Itgb1,2699.5870578475
16413,0,0,Itgb1bp1,148.38063706510326
16414,0,0,Itgb2,7.607503218572069
16415,0,0,Itgb2l,NA
16416,0,0,Itgb3,14.347711073489004
16418,0,0,Eif6,1293.4419190495453
16419,0,0,Itgb5,89.54456434723622
16420,0,0,Itgb6,0.8366664751303515
16421,0,0,Itgb7,23.694669845791513
16423,0,0,Cd47,132.86110949832417
16424,4,4+,Itih1,NA
16425,0,0,Itih2,NA
16426,0,0,Itih3,NA
16427,8,4+,Itih4,NA
16428,0,0,Itk,NA
16429,0,0,Itln1,0.6055307478181833
16430,3,3,Stt3a,631.9358994161133
16431,0,0,Itm2a,102.98436401925284
16432,0,0,Itm2b,498.40869732980815
16433,0,0,Cuzd1,NA
16434,2,2,Itpa,410.86167443168074
16438,0,0,Itpr1,106.1493996691688
16439,0,0,Itpr2,5.047793790888555
16440,12,4+,Itpr3,53.54360446588659
16443,14,4+,Itsn1,200.5137672821251
16447,0,0,Ivl,NA
16449,0,0,Jag1,30.652966237126265
16450,0,0,Jag2,163.2530973738897
16451,0,0,Jak1,347.7246778832468
16452,0,0,Jak2,84.25681459149108
16453,0,0,Jak3,72.11708219871895
16456,13,4+,F11r,283.3587377591784
16467,3,3,Atcay,5.002880410827886
16468,0,0,Jarid2,8181.379634428835
16469,0,0,Jrk,93.81893782077732
16470,9,4+,Ush1g,1.9981561805941133
16475,10,4+,Ajuba,1865.0793698025152
16476,15,4+,Jun,932.4400353075048
16477,3,3,Junb,778.7191792114745
16478,0,0,Jund,6341.9698652194475
16480,0,0,Jup,837.0034557659076
16483,3,3,Kap,NA
16485,0,0,Kcna1,NA
16490,0,0,Kcna2,NA
16491,0,0,Kcna3,NA
16492,0,0,Kcna4,NA
16493,0,0,Kcna5,0.7299541483879204
16494,0,0,Kcna6,0.995188690263167
16495,5,4+,Kcna7,NA
16497,0,0,Kcnab1,0.8748026882726735
16498,7,4+,Kcnab2,7.318754349429504
16499,2,2,Kcnab3,8.968870574863116
16500,21,4+,Kcnb1,15.27945878117347
16502,9,4+,Kcnc1,NA
16504,2,2,Kcnc3,14.840919278699031
16506,0,0,Kcnd1,45.8960503946221
16508,37,4+,Kcnd2,0.875573832933658
16509,0,0,Kcne1,NA
16510,0,0,Kcnh1,1.4850614265006885
16511,0,0,Kcnh2,18.231890379973372
16512,16,4+,Kcnh3,7.102180565228335
16513,26,4+,Kcnj10,10.056187317997178
16514,10,4+,Kcnj11,NA
16515,0,0,Kcnj12,10.761839405385071
16516,0,0,Kcnj15,NA
16517,0,0,Kcnj16,NA
16518,0,0,Kcnj2,NA
16519,0,0,Kcnj3,22.139128967574088
16520,12,4+,Kcnj4,15.387256023065657
16521,2,2,Kcnj5,NA
16522,2,2,Kcnj6,NA
16523,0,0,Kcnj8,NA
16524,30,4+,Kcnj9,NA
16525,0,0,Kcnk1,176.71957622760794
16526,0,0,Kcnk2,21.871054672307864
16527,10,4+,Kcnk3,4.060267061504161
16528,7,4+,Kcnk4,4.964600592591458
16529,0,0,Kcnk5,46.899096191866235
16530,28,4+,Kcnk7,0.943861200317135
16531,0,0,Kcnma1,0.6482170202695412
16532,0,0,Kcnu1,2.3790590379717105
16533,5,4+,Kcnmb1,6.574930624535039
16534,0,0,Kcnn4,3.786768240640596
16535,0,0,Kcnq1,NA
16536,26,4+,Kcnq2,11.325956176507708
16538,0,0,Kcns1,NA
16539,27,4+,Kcns2,3.6288783464526864
16541,0,0,Napsa,4.366009206505248
16542,0,0,Kdr,21.470399197571012
16543,24,4+,Mdfic,56.92280528240741
16545,0,0,Kera,NA
16548,4,4+,Khk,17.686872556869925
16549,17,4+,Khsrp,2503.6155452280145
16551,1,1,Kif11,245.57584466074547
16552,0,0,Kif12,NA
16553,5,4+,Kif13a,150.13568816309666
16554,1,1,Kif13b,215.61302314784297
16558,0,0,Kif16b,62.717905927934225
16559,3,3,Kif17,NA
16560,16,4+,Kif1a,88.89299912635815
16561,7,4+,Kif1b,243.71155381151135
16562,0,0,Kif1c,279.1897255536409
16563,20,4+,Kif2a,542.4857743962734
16564,0,0,Kif21a,56.88906655143189
16565,0,0,Kif21b,38.02795845547987
16568,0,0,Kif3a,63.70571989222101
16569,0,0,Kif3b,48.33687018897689
16570,3,3,Kif3c,28.082717898941613
16571,0,0,Kif4,176.33713829633407
16572,25,4+,Kif5a,34.465456299899266
16573,18,4+,Kif5b,808.6889779521815
16574,11,4+,Kif5c,102.77184017636206
16576,0,0,Kif7,139.06269065985057
16578,0,0,Kif9,8.326221700723202
16579,0,0,Kifap3,155.1148619756272
16580,5,4+,Kifc5b,43.047295978601426
16581,0,0,Kifc2,15.625059068479247
16582,0,0,Kifc3,227.25899201135496
16588,6,4+,Kin,440.1505734215538
16589,0,0,Uhmk1,584.6003433709936
16590,0,0,Kit,134.94693797936614
16591,0,0,Kl,0.6940528104217314
16592,10,4+,Fabp5,342.6393292203841
16593,2,2,Klc1,202.99122531565396
16594,33,4+,Klc2,45.40297736751773
16596,16,4+,Klf1,2.161245190960458
16597,2,2,Klf12,86.51332867392865
16598,0,0,Klf2,2340.533168953834
16599,2,2,Klf3,842.5433869095489
16600,52,4+,Klf4,799.9284610332429
16601,5,4+,Klf9,1993.5880442013429
16604,0,0,Klk1b7-ps,NA
16612,5,4+,Klk1,3.9833338660191657
16613,16,4+,Klk1b11,NA
16615,6,4+,Klk1b16,NA
16616,0,0,Klk1b21,NA
16617,11,4+,Klk1b24,NA
16618,5,4+,Klk1b26,NA
16619,0,0,Klk1b27,NA
16621,0,0,Klkb1,2.363045431368885
16622,8,4+,Klk1b5,NA
16623,7,4+,Klk1b1,NA
16624,0,0,Klk1b8,NA
16625,5,4+,Serpina3c,NA
16627,0,0,Klra1,NA
16628,0,0,Klra10,NA
16631,0,0,Klra13-ps,NA
16633,0,0,Klra2,NA
16634,0,0,Klra3,NA
16636,0,0,Klra5,NA
16637,0,0,Klra6,NA
16638,0,0,Klra7,NA
16639,0,0,Klra8,NA
16640,0,0,Klra9,NA
16641,0,0,Klrc1,NA
16642,0,0,Klrc2,NA
16643,0,0,Klrd1,0.7414978478905363
16644,8,4+,Kng1,1.1789699867921628
16646,0,0,Kpna1,593.8355406909573
16647,0,0,Kpna2,2.45608577193752
16648,0,0,Kpna3,689.2177434525776
16649,0,0,Kpna4,593.0989823114398
16650,0,0,Kpna6,256.6755942606406
16651,0,0,Sspn,NA
16653,3,3,Kras,1311.2322370670954
16656,0,0,Hivep3,26.349287175666927
16658,18,4+,Mafb,6.72527521591224
16660,0,0,Krt31,NA
16661,0,0,Krt10,25.500291327157733
16663,1,1,Krt13,2.223472536255501
16664,26,4+,Krt14,11.15949598604424
16665,7,4+,Krt15,2.1196417544755577
16666,28,4+,Krt16,6.333350225443061
16667,0,0,Krt17,12.055013522025714
16668,3,3,Krt18,1196.138343942456
16669,12,4+,Krt19,152.8620081178316
16670,9,4+,Krt32,NA
16671,0,0,Krt33b,NA
16672,6,4+,Krt34,NA
16673,2,2,Krt36,NA
16675,0,0,Krt27,NA
16678,3,3,Krt1,NA
16679,0,0,Krt86,NA
16680,4,4+,Krt84,NA
16681,0,0,Krt2,NA
16682,17,4+,Krt4,1.875964868036859
16687,5,4+,Krt6a,NA
16688,7,4+,Krt6b,NA
16691,0,0,Krt8,3123.3783332921976
16693,8,4+,Krtap11-1,NA
16694,5,4+,Krtap12-1,NA
16697,0,0,Krtap12-23,NA
16699,0,0,Krtap13,NA
16700,0,0,Krtap6-1,NA
16701,0,0,Krtap6-2,NA
16703,0,0,Krtap8-1,NA
16704,0,0,Krtap19-5,NA
16705,0,0,Krtap9-1,NA
16706,11,4+,Ksr1,32.555382847211554
16709,0,0,Ktn1,459.390593271116
16716,7,4+,Ky,0.5850732506815346
16728,0,0,L1cam,52.49734497226842
16763,13,4+,Lad1,337.30877517552705
16764,14,4+,Aff3,13.23376474032975
16765,16,4+,Stmn1,1808.032280289332
16768,4,4+,Lag3,1.1728778051566418
16769,0,0,Dsg4,NA
16770,4,4+,Lalba,NA
16772,0,0,Lama1,96.38163020800653
16773,0,0,Lama2,0.8356303525561652
16774,4,4+,Lama3,45.07781315468552
16775,0,0,Lama4,4.235743373557523
16776,31,4+,Lama5,298.69253296246103
16777,0,0,Lamb1,381.5735455822425
16779,0,0,Lamb2,24.762154796844577
16780,0,0,Lamb3,3.551203350613626
16782,0,0,Lamc2,362.3372801430933
16783,0,0,Lamp1,3573.6299532716807
16784,0,0,Lamp2,172.605039308631
16785,0,0,Rpsa,19386.747024752432
16790,0,0,Anpep,18.21814263945355
16792,0,0,Laptm5,149.68631452229172
16795,20,4+,Large1,55.93332291502835
16796,3,3,Lasp1,4188.225435403001
16797,14,4+,Lat,45.48801656656798
16798,0,0,Lats1,100.44085428275848
16800,0,0,Arhgef2,346.8223171872054
16801,10,4+,Arhgef1,406.1583131058903
16803,0,0,Lbp,1.0860461240777364
16814,5,4+,Lbx1,4.390608339063842
16815,19,4+,Lbx2,0.7387581422019469
16816,0,0,Lcat,10.55175299666669
16818,0,0,Lck,217.6514089270597
16819,12,4+,Lcn2,NA
16820,8,4+,Lcn3,NA
16821,0,0,Lcn4,NA
16822,3,3,Lcp2,1.290297818009086
16825,26,4+,Ldb1,352.0084135465699
16826,0,0,Ldb2,NA
16828,0,0,Ldha,3731.2832088328846
16832,0,0,Ldhb,158.82333273563378
16833,0,0,Ldhc,6.164073389664404
16834,0,0,Cog1,115.88934878508084
16835,1,1,Ldlr,259.15159628962
16840,13,4+,Cnmd,NA
16841,0,0,Lect2,NA
16842,5,4+,Lef1,253.4904947069923
16846,4,4+,Lep,NA
16847,2,2,Lepr,4.116541096639401
16848,4,4+,Lfng,15.16010245061532
16852,23,4+,Lgals1,2086.4647380615484
16854,0,0,Lgals3,127.30915754780638
16855,12,4+,Lgals4,39.99260353136915
16857,12,4+,Lgals6,NA
16858,9,4+,Lgals7,11.913105240082048
16859,14,4+,Lgals9,188.3908921413919
16865,0,0,Eif2d,378.8390206007297
16866,0,0,Lhb,NA
16867,0,0,Lhcgr,NA
16869,13,4+,Lhx1,0.8215831339807058
16870,0,0,Lhx2,19.032312404368913
16871,10,4+,Lhx3,NA
16872,0,0,Lhx4,NA
16873,0,0,Lhx5,1.2813935049329117
16874,11,4+,Lhx6,11.621542265710318
16875,0,0,Lhx8,NA
16876,0,0,Lhx9,4.524445423964223
16878,27,4+,Lif,49.77337009390059
16880,3,3,Lifr,149.39945784869712
16881,0,0,Lig1,918.174753530932
16882,22,4+,Lig3,281.1375538438481
16885,7,4+,Limk1,100.49920479583696
16886,10,4+,Limk2,286.41440940020215
16889,7,4+,Lipa,50.83922407614246
16890,6,4+,Lipe,10.986348751329638
16891,14,4+,Lipg,44.32392340372659
16897,6,4+,Llgl1,264.81987307161796
16898,1,1,Rps2,302.4087750570935
16904,30,4+,Gzmm,2.165492382918164
16905,0,0,Lmna,370.4625696211168
16906,7,4+,Lmnb1,1183.8657087912732
16907,18,4+,Lmnb2,450.29585100668055
16909,0,0,Lmo2,5.201111911451531
16911,0,0,Lmo4,595.7828703540748
16912,24,4+,Psmb9,6.418318852587199
16913,32,4+,Psmb8,12.961357190522646
16917,0,0,Lmx1b,23.62874577257944
16918,0,0,Mycl,107.33970599445536
16922,17,4+,Phyh,83.70145041811661
16923,3,3,Sh2b3,103.0640226366708
16924,0,0,Lnx1,6.311802604795769
16939,0,0,Loricrin,NA
16948,0,0,Lox,3.998515012353044
16949,0,0,Loxl1,14.409923074808798
16950,33,4+,Loxl3,5.84224436625853
16952,0,0,Anxa1,215.63865354710248
16956,0,0,Lpl,135.3621380803277
16963,0,0,Xcl1,NA
16969,9,4+,Zbtb7a,151.98872829900236
16970,0,0,Irag2,NA
16971,0,0,Lrp1,84.67165844646404
16973,27,4+,Lrp5,37.35913073826477
16974,1,1,Lrp6,716.0753286513745
16975,0,0,Lrp8,70.39486209423204
16976,10,4+,Lrpap1,323.35638083164514
16977,18,4+,Lrrc23,2.048646063908779
16978,0,0,Lrrfip1,334.15411498364705
16979,0,0,Lrrn1,NA
16980,0,0,Lrrn2,9.595229646646745
16981,0,0,Lrrn3,NA
16985,0,0,Lsp1,21.340996758787096
16987,0,0,Lss,79.63822305002964
16988,12,4+,Lst1,8.449902853593937
16992,0,0,Lta,NA
16993,0,0,Lta4h,308.2209189538443
16994,0,0,Ltb,17.028972494993674
16995,8,4+,Ltb4r1,NA
16997,14,4+,Ltbp2,1.7862023475644784
16998,8,4+,Ltbp3,7.324498500939263
17000,0,0,Ltbr,22.614264874610623
17001,14,4+,Ltc4s,3.462889241054132
17002,0,0,Ltf,NA
17005,0,0,Ltk,6.431257737532921
17022,0,0,Lum,NA
17025,0,0,Alad,53.86870565570827
17035,0,0,Lxn,41.18232183705395
170439,0,0,Elovl6,609.4541782093628
170441,0,0,Slc2a10,2.933556486805176
170442,0,0,Bbox1,NA
170458,0,0,Gpha2,8.566443994194945
170459,0,0,Stard4,152.31338224497165
170460,10,4+,Stard5,111.23819002031703
170461,0,0,Stard6,6.627395013978344
170472,2,2,Recql5,45.94065615118774
170483,0,0,Grin3b,NA
170484,1,1,Nphs2,NA
17057,0,0,Klrb1a,NA
170571,0,0,Cntnap4,NA
170574,9,4+,Sp7,3.295911090187567
17059,3,3,Klrb1c,NA
17060,4,4+,Blnk,36.27259508813657
170625,0,0,Snx18,625.9003309995775
17063,2,2,Muc13,4.95242864028789
170638,0,0,Hpcal4,3.6843154440444583
170639,0,0,Or51e2,NA
17064,0,0,Cd93,NA
170643,0,0,Kirrel1,NA
170644,13,4+,Ubn1,162.26123119117764
170648,0,0,Or2n1e,NA
170651,0,0,Krtap19-2,NA
170654,0,0,Krtap19-4,NA
170656,0,0,Krtap21-1,NA
170657,0,0,Krtap19-1,NA
17067,0,0,Ly6c1,6.367724094500436
170676,29,4+,Peg10,10711.522259054123
170677,0,0,Cdhr1,19.673245375081503
17068,0,0,Ly6d,0.9462221081589446
17069,0,0,Ly6e,772.794198333738
170706,17,4+,Tmem37,120.74491303516942
170707,3,3,Usp48,1315.480996463135
17071,0,0,Ly6f,0.7492586718773964
170711,4,4+,Otud7a,2.3994946614745647
170716,0,0,Cyp4f13,30.936243873626285
170718,11,4+,Idh3b,612.6168171436678
170719,0,0,Oxr1,150.71446587824903
170720,0,0,Card14,NA
170721,0,0,Papln,NA
170722,0,0,Nxf7,9.041601999356812
170725,0,0,Capn8,NA
170728,1,1,Rtn4ip1,34.60112699384887
170729,21,4+,Scrt1,NA
170731,0,0,Mfn2,253.34046922294303
170732,0,0,Trhr2,NA
170733,0,0,Klra17,NA
170734,7,4+,Zscan5b,12.57336436818049
170735,0,0,Arr3,NA
170736,5,4+,Parvb,529.116801003431
170737,3,3,Znrf1,206.5199675378207
170738,0,0,Kcnh7,3.2375419645398766
170740,0,0,Zfp287,18.636411507368315
170741,0,0,Pilrb1,NA
170742,0,0,Sertad3,111.78199883827806
170743,0,0,Tlr7,NA
170744,0,0,Tlr8,NA
170745,0,0,Xpnpep2,1.3778537224611465
170748,0,0,Smco4,203.54809406910312
170749,0,0,Mtmr4,164.11388802885563
17075,8,4+,Epcam,1557.0627321797192
170750,15,4+,Xpnpep1,424.68531192686623
170752,0,0,Bco2,0.7133289437679209
170753,0,0,Zfp704,181.34141848805805
170755,0,0,Sgk3,47.92237843741928
170756,0,0,Slc8b1,50.087590544748494
170757,0,0,Adgrl4,NA
170758,6,4+,Rac3,20.33133829561418
170759,0,0,Atp13a1,72.98418874800387
17076,12,4+,Ly75,96.34726312452418
170760,3,3,Acbd3,300.4718202499164
170761,0,0,Nherf4,NA
170762,0,0,Nup155,1114.55523882387
170763,0,0,Zfp87,58.37343015161342
170765,20,4+,Ripply3,13.800677640075076
170767,0,0,Rfxap,42.460937172216866
170768,6,4+,Pfkfb3,168.44040006215096
170770,0,0,Bbc3,130.65539387029747
170771,0,0,Khdrbs2,NA
170772,17,4+,Glcci1,95.25372455277194
170776,0,0,Cd209c,0.6238579989085333
170779,0,0,Cd209d,NA
170780,1,1,Cd209e,2.4591272221643448
170786,0,0,Cd209a,NA
170787,4,4+,Hdac10,11.1626143314294
170788,0,0,Crb1,NA
170789,8,4+,Acot8,43.29045284793191
17079,0,0,Cd180,NA
170790,0,0,Mlc1,1.9988045654082192
170791,0,0,Rbm39,1770.7484389850808
170799,0,0,Rtkn2,132.3842686861678
170813,0,0,Ms4a3,NA
17082,0,0,Il1rl1,1.489027416220401
170822,0,0,Usp33,194.20307187629936
170823,1,1,Glmn,59.71042513728338
170826,0,0,Ppargc1b,11.970054635564338
170828,2,2,Vgll1,5.837964871217539
170829,0,0,Tram2,115.99700969060667
17083,8,4+,Tmed1,39.26235000469179
170833,9,4+,Hook2,148.28464013819124
170834,0,0,Oosp1,NA
170835,0,0,Inpp5j,NA
17084,0,0,Ly86,NA
17085,0,0,Ly9,NA
17086,0,0,Ncr1,NA
17087,12,4+,Ly96,8.349589561904315
17089,16,4+,Lyar,1005.6720517451776
170930,0,0,Sumo2,6749.840803793963
170935,13,4+,Grid2ip,2.7926899669245304
170936,0,0,Zfp369,97.89528077653806
170938,5,4+,Zfp617,251.2361540822947
170939,0,0,Krtap19-9b,NA
170947,0,0,Myoz3,0.8624125186902123
17095,29,4+,Lyl1,NA
170952,0,0,Prima1,NA
17096,17,4+,Lyn,68.02339039669589
17101,1,1,Lyst,49.894177381167026
17105,5,4+,Lyz2,NA
171095,32,4+,Il17rc,8.30158633386952
17110,4,4+,Lyz1,0.7022682935298604
17112,0,0,Tm4sf1,0.9652922109073588
17113,0,0,M6pr,1166.3221621810076
17116,0,0,Mab21l1,NA
171166,0,0,Mcoln3,21.70259482989332
171167,0,0,Pofut3,NA
171168,5,4+,Acer1,NA
17117,10,4+,Amacr,29.18335035454688
171170,0,0,Mbnl3,41.362590696096746
171171,0,0,Ntng2,NA
17118,7,4+,Marcks,1045.6265304149
171180,18,4+,Syt12,NA
171183,0,0,Vmn1r37,NA
171184,0,0,Vmn1r36,NA
171185,0,0,Vmn1r35,NA
171186,0,0,Vmn1r38,NA
171187,0,0,Vmn1r33,NA
171188,0,0,Vmn1r32,0.7926053327573599
171189,0,0,Vmn1r17,NA
17119,0,0,Mxd1,50.78248643385163
171190,0,0,Vmn1r26,NA
171191,0,0,Vmn1r24,NA
171192,0,0,Vmn1r5,NA
171193,0,0,Vmn1r6,NA
171194,0,0,Vmn1r4,NA
171195,0,0,Vmn1r30,NA
171196,0,0,Vmn1r22,NA
171197,0,0,Vmn1r23,NA
171198,0,0,Vmn1r28,NA
171199,0,0,Vmn1r18,NA
17120,8,4+,Mad1l1,177.95783962551778
171200,0,0,Vmn1r19,NA
171201,0,0,Vmn1r21,NA
171202,0,0,Vmn1r16,NA
171203,0,0,Vmn1r9,NA
171205,0,0,Vmn1r8,NA
171206,0,0,Vmn1r27,NA
171207,0,0,Arhgap4,9.082501227174872
171209,9,4+,Asic3,0.8893471719396892
17121,31,4+,Mxd3,35.264499452055
171210,0,0,Acot2,40.48676217327301
171211,0,0,Edaradd,2.2141744213132535
171212,0,0,Galnt10,30.789354574459317
17122,0,0,Mxd4,38.12433886627634
171224,0,0,Vmn1r229,NA
171225,0,0,Vmn1r226,NA
171226,0,0,Vmn1r228,NA
171227,0,0,Vmn1r232,NA
171228,0,0,Vmn1r225,NA
17123,3,3,Madcam1,14.987628452393778
171230,0,0,Vmn1r231,NA
171231,0,0,Vmn1r230,NA
171232,5,4+,Vmn1r234,NA
171233,1,1,Vmn1r235,NA
171234,0,0,Vmn1r237,NA
171235,5,4+,Vmn1r236,NA
171236,0,0,Vmn1r233,NA
171237,0,0,Vmn1r73,NA
171238,0,0,Vmn1r80,NA
171239,0,0,Vmn1r76,NA
171240,0,0,Vmn1r74,NA
171241,0,0,Vmn1r75,NA
171242,0,0,Vmn1r78,NA
171243,0,0,Vmn1r83,NA
171244,0,0,Vmn1r81,0.869874190290471
171245,0,0,Vmn1r-ps103,NA
171246,0,0,Vmn1r200,NA
171247,0,0,Vmn1r199,NA
171248,0,0,Vmn1r214,NA
171249,0,0,Vmn1r213,NA
17125,9,4+,Smad1,269.6334173128368
171250,0,0,Vmn1r206,NA
171251,0,0,Vmn1r205,NA
171252,0,0,Vmn1r208,NA
171253,0,0,Vmn1r215,NA
171254,4,4+,Vmn1r198,NA
171255,0,0,Vmn1r201,NA
171256,0,0,Vmn1r218,NA
171257,0,0,Vmn1r195,NA
171258,0,0,Vmn1r202,NA
171259,6,4+,Vmn1r193,0.8070287616900327
17126,0,0,Smad2,146.7322639604876
171260,0,0,Vmn1r89,NA
171261,0,0,Vmn1r87,NA
171262,0,0,Vmn1r70,NA
171263,0,0,Vmn1r67,NA
171264,0,0,Vmn1r66,NA
171265,0,0,Vmn1r185,NA
171267,0,0,Vmn1r84,NA
171268,0,0,Vmn1r82,NA
171269,0,0,Vmn1r210,NA
17127,26,4+,Smad3,213.38306930112617
171270,0,0,Vmn1r203,NA
171271,0,0,Vmn1r220,NA
171272,0,0,Vmn1r219,NA
171273,0,0,Vmn1r217,NA
171274,0,0,Vmn1r222,NA
171275,0,0,Vmn1r212,NA
171277,0,0,Vmn1r211,NA
171278,1,1,Vmn1r197,NA
171279,0,0,Vmn1r216,NA
17128,15,4+,Smad4,332.2694089335771
171281,7,4+,Acot3,3.69161423780555
171282,7,4+,Acot4,4.376551653313292
171283,1,1,Havcr1,NA
171284,2,2,Timd2,NA
171285,2,2,Havcr2,NA
171286,0,0,Slc12a8,27.72962941781632
17129,7,4+,Smad5,173.54917365731987
17130,24,4+,Smad6,30.725779316837
17131,13,4+,Smad7,175.3559962650782
17132,4,4+,Maf,24.04169958963257
17133,10,4+,Maff,326.3093774094279
17134,0,0,Mafg,534.134873028391
17135,17,4+,Mafk,190.7853936907137
17136,0,0,Mag,1.8861452540644397
17137,0,0,Magea1,NA
17138,0,0,Magea2,NA
171382,0,0,Trpm8,NA
171388,17,4+,Bnipl,1.5981483811771964
17139,0,0,Magea3,NA
17140,0,0,Magea4,NA
171405,0,0,Slc22a27,NA
17141,0,0,Magea5,NA
17142,0,0,Magea6,NA
171429,0,0,Slc26a6,13.719828693416142
17144,0,0,Magea8,2.9680146316687908
17146,0,0,Mageb2,NA
171463,0,0,Il17rd,289.5728064388082
171469,5,4+,Gpr37l1,NA
17147,17,4+,Mageb3,NA
171486,0,0,Cd99l2,21.25644498242098
17149,5,4+,Magoh,1231.713244199329
17150,56,4+,Mfap2,9.475960022170623
171504,11,4+,Apobr,5.366355993911578
171506,4,4+,H1f8,NA
171508,10,4+,Creld1,30.434005019255668
17151,2,2,Ccndbp1,374.2705901785117
17152,0,0,Mak,44.22939829412039
17153,0,0,Mal,22.42120301192605
171530,0,0,Ucn2,2.8720985910694754
171531,0,0,Mlph,1.8749333791985947
171543,0,0,Bmf,20.655624079995636
17155,0,0,Man1a,54.80998281995952
17156,0,0,Man1a2,277.76399653008065
171567,0,0,Nme7,122.08108036294637
17158,4,4+,Man2a1,363.59421526999114
171580,0,0,Mical1,40.52872512264019
17159,23,4+,Man2b1,138.7049412240069
17160,0,0,Man2b2,4.544055948350767
17161,0,0,Maoa,457.9178160084898
17164,0,0,Mapkapk2,132.44314256436644
17165,0,0,Mapkapk5,124.73776720118816
17167,0,0,Marco,NA
17168,0,0,Nprl3,73.73990920193543
17169,0,0,Mark3,708.1884797170779
17171,0,0,Mas1,NA
17172,0,0,Ascl1,1.812028454942037
17173,0,0,Ascl2,234.26927007991583
17174,4,4+,Masp1,3.7230410128908416
17175,0,0,Masp2,5.765012511802289
17178,0,0,Fxyd3,13.018836781876423
17179,34,4+,Matk,NA
17180,0,0,Matn1,10.23515403872008
17181,22,4+,Matn2,10.460764881430157
17182,3,3,Matn3,2.5000025001334736
17183,22,4+,Matn4,1.5776082682741317
17184,4,4+,Matr3,834.2575592994231
17187,9,4+,Max,1165.550333106995
17188,0,0,Maz,70.73644055862073
17189,0,0,Mb,9.238359984091373
17190,0,0,Mbd1,188.80775928986597
17191,0,0,Mbd2,147.44167663033903
17192,5,4+,Mbd3,565.0835487553048
17193,6,4+,Mbd4,196.57676114007495
17194,0,0,Mbl1,NA
17195,0,0,Mbl2,6.302863875387131
17196,4,4+,Mbp,69.35098699123941
17199,15,4+,Mc1r,9.072609749682552
17200,0,0,Mc2r,NA
17201,2,2,Mc3r,NA
17202,0,0,Mc4r,NA
17203,0,0,Mc5r,8.234756226643023
17207,0,0,Mcf2l,30.293780102486117
17210,0,0,Mcl1,6784.07686690564
17215,0,0,Mcm3,711.2725660408381
17216,0,0,Mcm2,1387.9112718273757
17217,0,0,Mcm4,879.1198730921932
17218,0,0,Mcm5,1579.129046698757
17219,0,0,Mcm6,1670.2721241208171
17220,15,4+,Mcm7,3757.814359069704
17221,0,0,Cd46,1.092092392610333
17222,0,0,Anapc1,567.9171242409956
17223,9,4+,Mcpt-ps1,NA
17224,7,4+,Mcpt1,NA
17225,0,0,Mcpt2,NA
17227,14,4+,Mcpt4,NA
17228,1,1,Cma1,NA
17229,3,3,Tpsb2,NA
17231,0,0,Mcpt8,NA
17232,0,0,Mcpt9,NA
17235,4,4+,Smcp,NA
17237,0,0,Mgrn1,363.0192026268605
17240,25,4+,Mdfi,4.580013318733079
17242,0,0,Mdk,7579.776079779987
17245,0,0,Mdm1,61.00821519821441
17246,4,4+,Mdm2,1169.0429881842658
17248,14,4+,Mdm4,525.8436026560248
17250,0,0,Abcc1,121.5086895552382
17252,0,0,Rdh11,58.466679259815535
17254,2,2,Slc3a2,3130.0248841688676
17256,0,0,Mea1,305.8030254749246
17257,0,0,Mecp2,146.55243352499494
17258,0,0,Mef2a,111.33780297392424
17259,0,0,Mef2b,17.427070588131922
17260,0,0,Mef2c,0.9567775877832831
17261,8,4+,Mef2d,383.4883983738818
17263,0,0,Meg3,873.6637257778691
17268,0,0,Meis1,49.32874482293384
17274,26,4+,Rab8a,555.9558565239092
17279,7,4+,Melk,1065.856513823173
17281,0,0,Fyco1,85.24379582586656
17283,0,0,Men1,341.6898581443411
17285,4,4+,Meox1,3.8633413720435343
17286,0,0,Meox2,NA
17287,0,0,Mep1a,NA
17288,3,3,Mep1b,43.9591990130089
17289,0,0,Mertk,5.268218214365212
17292,3,3,Mesp1,NA
17293,10,4+,Mesp2,9.96523511596149
17294,0,0,Mest,666.7035893734155
17295,18,4+,Met,80.76723563371455
17299,0,0,Mettl1,190.09385768582808
17300,15,4+,Foxc1,41.739659671233646
17301,6,4+,Foxd2,NA
17304,21,4+,Mfge8,804.2731301494327
17305,16,4+,Mfng,9.231877781458264
17306,0,0,Sypl2,1.5806007257701904
17308,0,0,Mgat1,66.56292850174071
17309,32,4+,Mgat3,6.88325347718565
17311,0,0,Kitl,27.26539749827236
17312,0,0,Clec10a,6.0174139171987555
17313,0,0,Mgp,NA
17314,0,0,Mgmt,23.57915585287106
17318,0,0,Mid1,1537.560300864864
17319,15,4+,Mif,7991.179940757797
17329,0,0,Cxcl9,NA
17330,2,2,Minpp1,2330.219497343983
17339,7,4+,Mip,15.558924796505538
17341,24,4+,Bhlha15,1.1659395724059738
17342,0,0,Mitf,46.49961135505639
17344,21,4+,Pias2,891.3015667278568
17345,2,2,Mki67,804.5087155100634
17346,10,4+,Mknk1,101.32228972869126
17347,8,4+,Mknk2,213.54186357918653
17349,9,4+,Mlf1,13.352133217122804
17350,0,0,Mlh1,107.891275008919
17354,3,3,Mllt10,209.60374151806027
17355,0,0,Aff1,127.490356131022
17356,0,0,Afdn,733.7139801778122
17357,7,4+,Marcksl1,23971.11803768971
17364,13,4+,Trpm1,2.7710234688554465
17380,0,0,Mme,296.51051313924694
17381,0,0,Mmp12,0.7591014059558363
17384,0,0,Mmp10,NA
17385,0,0,Mmp11,56.61781854436995
17386,0,0,Mmp13,NA
17387,0,0,Mmp14,56.23214156746962
17388,0,0,Mmp15,11.480095766810583
17389,22,4+,Mmp16,1.385171291488636
17390,0,0,Mmp2,230.7892037673309
17391,0,0,Mmp24,2.9148886805430863
17392,0,0,Mmp3,NA
17393,0,0,Mmp7,NA
17394,0,0,Mmp8,NA
17395,0,0,Mmp9,36.28453187260729
17420,0,0,Mnat1,467.8550523409816
17423,4,4+,Ndst2,10.953479559116005
17425,0,0,Foxk1,91.29905480549186
17427,16,4+,Mns1,115.47014043192804
17428,0,0,Mnt,116.20239617575078
17433,1,1,Mobp,16.244536625100125
17434,0,0,Mocs2,58.70166541609209
17436,4,4+,Me1,187.34790442831192
17441,0,0,Mog,0.6322031746423235
17444,0,0,Grap2,1.2746411172940504
17448,0,0,Mdh2,1654.52580308784
17449,0,0,Mdh1,621.472828245512
17450,9,4+,Morc1,304.9727289732204
17451,9,4+,Mos,NA
17454,11,4+,Mov10,279.4256041008884
17463,3,3,Psmd7,2125.4009138240367
17470,0,0,Cd200,10.498004087457243
17472,0,0,Gbp4,10.1503513520556
17474,0,0,Clec4d,NA
17475,0,0,Mpdz,32.820836212527425
17476,0,0,Mpeg1,1.0474953863481162
17480,0,0,Mpl,2.020106572473958
17523,0,0,Mpo,NA
17524,0,0,Mpp1,320.77314416083334
17527,10,4+,Mpv17,72.71124199383115
17528,2,2,Mpz,1.5125601052494484
17532,0,0,Mras,140.80881083116645
17533,0,0,Mrc1,14.48154077882372
17534,3,3,Mrc2,10.907416895775246
17535,4,4+,Mre11a,111.59035684336588
17536,0,0,Meis2,125.20017187930694
17537,10,4+,Meis3,19.65854455372898
17540,0,0,Irag1,NA
17681,0,0,Msc,17.175602145793796
17684,0,0,Cited2,821.3037913836665
17685,1,1,Msh2,247.70330967631844
17686,2,2,Msh3,118.2948595896956
17687,0,0,Msh5,10.22387624599119
17688,0,0,Msh6,611.2520640442657
17690,0,0,Msi1,350.64581601781487
17691,35,4+,Sik1,313.4593693981786
17692,0,0,Msl3,37.09235312497162
17695,0,0,Msmb,NA
17698,0,0,Msn,1387.524337004891
17700,0,0,Mstn,NA
17701,0,0,Msx1,28.04532845495371
17702,0,0,Msx2,62.211349322949545
17703,0,0,Msx3,1.8233956072197557
17713,0,0,Grpel1,1453.7209420461156
17714,0,0,Grpel2,93.54267854028268
17748,0,0,Mt1,1609.5414394419072
17749,6,4+,Polr2k,537.6599268532126
17750,0,0,Mt2,3635.433559149346
17751,0,0,Mt3,NA
17752,2,2,Mt4,10.301819809921597
17754,0,0,Map1a,56.55387499300318
17755,0,0,Map1b,520.1929712955525
17756,0,0,Map2,38.0532665490088
17758,6,4+,Map4,1356.6358139537526
17760,5,4+,Map6,92.58380706437256
17761,10,4+,Map7,247.96668812344052
17762,0,0,Mapt,158.081126346899
17763,0,0,Mtcp1,16.023994368830294
17764,13,4+,Mtf1,116.9246987195488
17765,1,1,Mtf2,5759.072863627437
17766,7,4+,Nudt1,124.71601914737067
17768,10,4+,Mthfd2,389.37517593475013
17769,10,4+,Mthfr,46.77955401890601
17771,9,4+,Tesmin,9.990370946323866
17772,0,0,Mtm1,39.17174380376586
17773,0,0,Mtnr1a,NA
17775,0,0,Laptm4a,1461.7662965666077
17776,0,0,Mast2,61.04950221367846
17777,4,4+,Mttp,28.202141831239373
17826,0,0,Fam89b,103.68011173491074
17827,32,4+,Mtx1,138.2233452312287
17828,7,4+,Bloc1s5,26.80249078344279
17829,46,4+,Muc1,5.823716635296932
17830,3,3,Prol1,NA
17831,0,0,Muc2,5.50345213454995
17833,0,0,Muc5ac,NA
17835,0,0,Mug3-ps,NA
17836,0,0,Mug1,NA
17837,0,0,Mug2,NA
17840,0,0,Mup1,NA
17841,0,0,Mup2,NA
17842,1,1,Mup3,NA
17843,2,2,Mup4,NA
17844,0,0,Mup5,NA
17846,0,0,Commd1,116.44642415853946
17847,0,0,Usp34,1268.483108921078
17850,0,0,Mmut,130.7977977486743
17855,0,0,Mvk,49.69589726799
17857,17,4+,Mx1,NA
17858,10,4+,Mx2,NA
17859,13,4+,Mxi1,257.07708503815894
17863,0,0,Myb,17.591962943698604
17864,27,4+,Mybl1,31.69135033310525
17865,0,0,Mybl2,718.6400744344664
17868,10,4+,Mybpc3,1.8750557402212729
17869,0,0,Myc,381.9766829527901
17870,0,0,Mycs,NA
17872,0,0,Ppp1r15a,368.95519350531595
17873,21,4+,Gadd45b,99.33360167719928
17874,6,4+,Myd88,63.54441961545445
17876,1,1,Myef2,1166.3670443227695
17877,0,0,Myf5,NA
17878,0,0,Myf6,NA
17879,0,0,Myh1,NA
17880,0,0,Myh11,3.1023058313691885
17882,0,0,Myh2,NA
17883,0,0,Myh3,6.141938034340812
17884,5,4+,Myh4,1.2596963424113563
17885,0,0,Myh8,NA
17886,25,4+,Myh9,619.6726758840631
17888,15,4+,Myh6,1.5880244099387704
17896,11,4+,Myl4,9.604075926271989
17897,7,4+,Myl3,1.1237210869539591
17898,2,2,Myl7,8.592671628633164
17901,0,0,Myl1,NA
17904,0,0,Myl6,10458.805571657138
17906,5,4+,Myl2,1.2758378768334164
17907,0,0,Mylpf,775.5064480155505
17909,29,4+,Myo10,1456.316696894766
17910,0,0,Myo15a,NA
17912,0,0,Myo1b,197.8502214984834
17913,0,0,Myo1c,307.1452999220732
17916,0,0,Myo1f,69.74424456750407
17918,0,0,Myo5a,223.8379538716321
17919,0,0,Myo5b,29.4924634035886
17920,1,1,Myo6,83.56472389665204
17921,3,3,Myo7a,1.1513537255162274
17922,8,4+,Myo7b,1.2073092986804117
17925,31,4+,Myo9b,96.8584096166682
17926,1,1,Myoc,NA
17927,0,0,Myod1,1.257956681347567
17928,20,4+,Myog,1.0661747224401092
17929,0,0,Myom1,2.3313350817420866
17930,0,0,Myom2,NA
17931,0,0,Ppp1r12a,1038.4102189943062
17932,0,0,Myt1,NA
17933,0,0,Myt1l,1.2975217712347376
17936,0,0,Nab1,63.068112764649335
17937,0,0,Nab2,139.5290643787624
17938,3,3,Naca,3502.2057157443687
17939,6,4+,Naga,7.952849797856507
17940,3,3,Naip1,0.648139620235886
17948,0,0,Naip2,NA
17951,0,0,Naip5,1.3787437650892054
17952,0,0,Naip6,0.757790861956453
17954,0,0,Nap1l2,19.819077592330707
17955,0,0,Nap1l4,226.9431124076341
17957,0,0,Napb,45.17209046464594
17960,0,0,Nat1,1.3441812203431789
17961,0,0,Nat2,9.79566801856144
17962,0,0,Nat3,NA
17965,0,0,Nbl1,22.87526870102064
17966,0,0,Nbr1,445.64693024597705
17967,0,0,Ncam1,144.98237239916648
17968,0,0,Ncam2,NA
17969,2,2,Ncf1,2.900932223683975
17970,0,0,Ncf2,12.112993330141814
17972,0,0,Ncf4,NA
17973,0,0,Nck1,91.2557665314668
17974,0,0,Nck2,25.514578956814713
17975,8,4+,Ncl,6324.779801670222
17977,0,0,Ncoa1,103.17382810746965
17978,0,0,Ncoa2,107.9441141277231
17979,0,0,Ncoa3,646.523152817088
17984,0,0,Ndn,210.53160453539317
17986,0,0,Ndp,NA
17988,21,4+,Ndrg1,82.4410608344982
17991,0,0,Ndufa2,553.7376868600921
17992,10,4+,Ndufa4,8808.237458435975
17993,0,0,Ndufs4,406.35055568133214
17995,14,4+,Ndufv1,413.83257722816586
17996,0,0,Neb,9.257645490297076
17997,0,0,Nedd1,73.3661436317421
17999,4,4+,Nedd4,14593.716415698767
18000,0,0,Septin2,NA
18002,0,0,Nedd8,1385.543115289718
18003,0,0,Nedd9,17.85419424782946
18004,0,0,Nek1,50.873466437940806
18005,22,4+,Nek2,139.7041379410858
18007,0,0,Neo1,144.11178962684642
18008,0,0,Nes,149.08873727419387
18010,16,4+,Neu1,18.555332732478483
18011,7,4+,Neurl1a,49.06736320206181
18012,0,0,Neurod1,39.996980860947225
18013,35,4+,Neurod2,NA
18014,0,0,Neurog1,1.813553185692284
18015,0,0,Nf1,107.8071908762471
18016,5,4+,Nf2,581.2219069054881
18018,19,4+,Nfatc1,16.869805947980144
18019,2,2,Nfatc2,101.97347950589514
18020,7,4+,Nfatc2ip,660.0321594273103
18021,3,3,Nfatc3,322.8689395874151
18022,0,0,Nfe2,3.370411122687286
18023,5,4+,Nfe2l1,371.73792079170136
18024,20,4+,Nfe2l2,513.0217996757751
18025,0,0,Nfe2l3,2.711627737181366
18027,0,0,Nfia,5.532912139318582
18028,0,0,Nfib,121.45484441978084
18029,0,0,Nfic,178.65753575150404
18030,0,0,Nfil3,28.92403186022889
18032,53,4+,Nfix,11.416623336265276
18033,0,0,Nfkb1,247.4522589791082
18034,20,4+,Nfkb2,276.39369888299177
18035,9,4+,Nfkbia,396.5769530434512
18036,19,4+,Nfkbib,354.159820447947
18037,5,4+,Nfkbie,6.826661787855881
18038,0,0,Nfkbil1,14.616156787988302
18039,0,0,Nefl,193.1372742648661
18040,4,4+,Nefm,17.62545968748364
18041,0,0,Nfs1,129.04326360649944
18044,21,4+,Nfya,97.2647180197494
18045,0,0,Nfyb,698.6887916465039
18046,0,0,Nfyc,2825.7131825111055
18048,0,0,Klk1b4,NA
18049,0,0,Ngf,7.1752110315021955
18050,19,4+,Klk1b3,NA
18053,5,4+,Ngfr,76.3596659374378
18054,0,0,Ngp,NA
18071,0,0,Nhlh1,NA
18072,20,4+,Nhlh2,NA
18073,0,0,Nid1,681.8821750255606
18074,6,4+,Nid2,375.9910046523604
18080,0,0,Nin,106.66861490302487
18081,0,0,Ninj1,58.05669722928117
18082,2,2,Nipsnap1,230.8264871549441
18087,0,0,Nktr,446.0239987136008
18088,1,1,Nkx2-2,2.387655587403422
18089,11,4+,Nkx2-3,1.161875811586937
18091,0,0,Nkx2-5,25.996096025943324
18092,0,0,Nkx2-6,NA
18094,0,0,Nkx2-9,43.404653456463386
18095,0,0,Nkx3-1,9.602828539523932
18096,0,0,Nkx6-1,2.5185081688682827
18099,8,4+,Nlk,339.41778057546185
18100,0,0,Mrpl40,262.61640626074995
18101,0,0,Nmbr,NA
18102,0,0,Nme1,2391.6619968638274
18103,0,0,Nme2,7580.756364233977
18104,18,4+,Nqo1,221.6688296669829
18105,0,0,Nqo2,55.920812582593825
18106,0,0,Cd244a,NA
18107,4,4+,Nmt1,271.40838546311033
18108,25,4+,Nmt2,364.2153502353689
18109,4,4+,Mycn,1045.9632188333082
18111,0,0,Nnat,1906.44129738226
18113,1,1,Nnmt,NA
18114,9,4+,Rrp1,253.77320783508165
18115,0,0,Nnt,11.088091786681916
18117,0,0,Emc8,995.4077033019456
18119,4,4+,Nodal,445.8932819562007
18120,14,4+,Mrpl49,222.41927308416072
18121,0,0,Nog,43.1293998731312
18124,31,4+,Nr4a3,NA
18125,0,0,Nos1,135.82683387608202
18126,8,4+,Nos2,3.23997237669352
18127,0,0,Nos3,11.971283601980868
18128,3,3,Notch1,104.66277035159546
18129,0,0,Notch2,98.87317024577447
18130,0,0,Ints6,450.905843696831
18131,0,0,Notch3,704.1678959161749
18132,0,0,Notch4,23.703481077739983
18133,0,0,Ccn3,3.50862022361889
18139,14,4+,Zfp638,561.7299523588702
18140,5,4+,Uhrf1,1440.421083803681
18141,2,2,Nup50,578.3882645072763
18142,1,1,Npas1,0.8980787571118138
18143,0,0,Npas2,3.3719606389002075
18145,11,4+,Npc1,216.09748164030665
18146,5,4+,Npdc1,152.02218965938724
18148,0,0,Npm1,39380.12403521127
18150,0,0,Npm3,1513.7659747643072
18155,0,0,Pnoc,6.176774087659457
18158,2,2,Nppb,2.103350139940902
18159,0,0,Nppc,0.7708792111908775
18160,0,0,Npr1,258.2023676343326
18162,19,4+,Npr3,15.481705913634864
18163,28,4+,Ctnnd2,94.5360944234681
18164,21,4+,Nptx1,3.3474419020357473
18166,0,0,Npy1r,NA
18167,0,0,Npy2r,NA
18168,0,0,Npy5r,NA
18169,0,0,Npy6r,NA
18171,10,4+,Nr1i2,0.8335670833495663
18173,7,4+,Slc11a1,2.6256382533693263
18174,4,4+,Slc11a2,252.12186558514367
18175,8,4+,Nrap,NA
18176,0,0,Nras,3509.1428413028334
18181,31,4+,Nrf1,468.1718677512695
18183,0,0,Nrg3,NA
18185,0,0,Nrl,NA
18186,0,0,Nrp1,5.591405074526062
18187,4,4+,Nrp2,193.93672118469695
18188,0,0,Nrtn,15.683583435396743
18189,5,4+,Nrxn1,9.045622334512448
18190,0,0,Nrxn2,32.30860823003185
18191,0,0,Nrxn3,0.6643799586928623
18193,0,0,Nsd1,1177.126001163549
18194,0,0,Nsdhl,155.76687672990866
18195,0,0,Nsf,1332.7153345605363
18196,8,4+,Nsg1,3.8411221783451457
18197,2,2,Nsg2,2.0240145302626105
18198,0,0,Musk,NA
18201,25,4+,Nsmaf,68.27431199431433
18203,0,0,Ntan1,355.5201176026158
18205,0,0,Ntf3,1.9876069505723657
18207,14,4+,Nthl1,25.633552539732868
18208,0,0,Ntn1,108.81746094602164
18209,16,4+,Ntn3,8.253256250291605
18211,16,4+,Ntrk1,2.7064200798541123
18212,0,0,Ntrk2,13.809818773444269
18213,2,2,Ntrk3,2.0204430818639207
18214,0,0,Ddr2,18.41300883326431
18216,0,0,Ntsr1,NA
18217,0,0,Ntsr2,NA
18218,4,4+,Dusp8,28.975356227343777
18220,6,4+,Nucb1,862.4725225847781
18221,0,0,Nudc,814.3832414992411
18222,0,0,Numb,30.060082226907493
18223,0,0,Numbl,121.80505689661751
18226,26,4+,Nup62,1310.7552574007486
18227,12,4+,Nr4a2,10.55571331577043
18230,9,4+,Nxn,250.5404784396443
18231,30,4+,Nxph1,NA
18232,0,0,Nxph2,NA
18241,0,0,Gpr143,NA
18242,0,0,Oat,500.93485517597327
18245,15,4+,Oaz1,4007.960625831888
18247,0,0,Oaz2,232.81130058796447
18249,0,0,Obp1a,NA
18256,0,0,Oc90,3.2968223989829317
18260,2,2,Ocln,100.4132307163027
18261,0,0,Ocm,NA
18263,2,2,Odc1,4732.094737861392
18285,4,4+,Odf1,1.026175537895877
18286,0,0,Odf2,1009.2568371054824
18291,0,0,Nobox,NA
18292,0,0,Sebox,NA
18293,0,0,Ogdh,760.1919580055534
18294,11,4+,Ogg1,39.21968761544938
18295,0,0,Ogn,NA
18300,0,0,Fam3d,NA
18301,0,0,Fxyd5,25.187413977812387
18302,0,0,Oit3,NA
18307,0,0,Or2y1b,NA
18310,0,0,Or2a7,NA
18312,5,4+,Or2c1,NA
18313,0,0,Or10j5,NA
18314,2,2,Or10a4,NA
18315,0,0,Or7e178,NA
18316,5,4+,Or7a40,NA
18317,0,0,Or6a2,NA
18321,0,0,Or1e17,NA
18322,0,0,Or1m1,NA
18323,0,0,Or8c9,NA
18324,0,0,Or8d1,NA
18328,0,0,Or1j1,NA
18329,0,0,Or2z2,NA
18330,5,4+,Or2t1,NA
18331,0,0,Or4b1d,NA
18332,0,0,Or51a39,NA
18341,0,0,Or2w1,NA
18343,0,0,Or8g20,NA
18344,0,0,Or13a17,NA
18345,1,1,Or13a18,NA
18346,0,0,Or2a57,NA
18347,0,0,Or4c58,NA
18348,0,0,Or6e1,NA
18349,0,0,Or6z7,NA
18350,0,0,Or1j21,NA
18351,0,0,Or1ad8,NA
18352,0,0,Or8u8,NA
18354,2,2,Or1x2,NA
18357,0,0,Or7a41,NA
18358,0,0,Or7e165,NA
18359,5,4+,Or1p1,NA
18361,1,1,Or13a27,NA
18362,1,1,Or13a28,NA
18363,0,0,Or13p10,NA
18365,2,2,Or51b6,NA
18366,7,4+,Or51b17,NA
18367,4,4+,Or51b4,NA
18368,1,1,Or52z1,NA
18369,4,4+,Or52a5,NA
18370,1,1,Or52a5b,NA
18372,0,0,Or7a42,NA
18373,0,0,Or10p22,NA
18377,2,2,Omg,NA
18378,0,0,Omp,2.669931761628754
18379,0,0,Omt2a,NA
18383,0,0,Tnfrsf11b,NA
18386,4,4+,Oprd1,1.2173378134115125
18387,0,0,Oprk1,NA
18389,0,0,Oprl1,3.066831352206366
18390,0,0,Oprm1,NA
18391,24,4+,Sigmar1,415.7228845692506
18392,0,0,Orc1,153.1226267732913
18393,0,0,Orc2,733.1262774578163
18399,0,0,Slc22a6,NA
18400,4,4+,Slc22a18,3.3320975362128284
18405,4,4+,Orm1,NA
18406,0,0,Orm2,NA
18407,5,4+,Orm3,NA
18408,0,0,Slc25a15,268.34053169956337
18412,0,0,Sqstm1,1348.1420724362397
18413,1,1,Osm,4.052643399105402
18414,0,0,Osmr,1.9326531677951355
18415,0,0,Hspa4l,58.31295566465265
18416,0,0,Otc,1.0268852549849017
18417,21,4+,Cldn11,1.923186874518254
18419,0,0,Otog,NA
18420,0,0,Otp,NA
18422,0,0,Ott,NA
18423,3,3,Otx1,5.10482650072488
18424,0,0,Otx2,499.6709397677122
18426,19,4+,Ovol1,12.099612171427598
18429,0,0,Oxt,NA
18430,0,0,Oxtr,NA
18431,0,0,Oca2,NA
18432,5,4+,Mybbp1a,1797.935224380702
18436,8,4+,P2rx1,NA
18438,0,0,P2rx4,15.325129589602373
18439,3,3,P2rx7,24.834200851796705
18440,17,4+,P2rx6,NA
18441,0,0,P2ry1,11.10031198737808
18442,8,4+,P2ry2,6.067114238136784
18451,0,0,P4ha1,43.98739847992176
18452,0,0,P4ha2,81.55398035653411
18453,2,2,P4hb,810.698388913453
18457,0,0,Bloc1s6,113.74679245151673
18458,32,4+,Pabpc1,7599.0407412230315
18459,0,0,Pabpc2,NA
18472,21,4+,Pafah1b1,1321.8453442812142
18475,0,0,Pafah1b2,393.1927757960174
18476,2,2,Pafah1b3,283.2979125936714
18477,5,4+,Prdx1,14266.469484867848
18478,16,4+,Pah,NA
18479,1,1,Pak1,201.47419156023355
18481,0,0,Pak3,25.53289275253157
18483,15,4+,Palm,126.47924443012712
18484,0,0,Pam,54.97693759408112
18488,0,0,Cntn3,1.7122178226257585
18489,1,1,Reg3b,1.8480675111182077
18491,0,0,Pappa,2.3129475155615804
18503,0,0,Pax1,4.372010982487989
18504,0,0,Pax2,1.353171064722566
18505,0,0,Pax3,4.846441500735132
18506,10,4+,Pax4,NA
18507,13,4+,Pax5,NA
18508,0,0,Pax6,38.80404182337663
18509,0,0,Pax7,NA
18510,0,0,Pax8,16.271210828211288
18511,0,0,Pax9,1.16435208953528
18514,0,0,Pbx1,474.14492543555457
18515,0,0,Pbx2,334.0438487413922
18516,0,0,Pbx3,243.66182980530428
18518,3,3,Igbp1,681.0426274020341
18519,0,0,Kat2b,198.20142937719487
18521,4,4+,Pcbp2,48136.170994068976
18526,0,0,Pcdh10,NA
18530,0,0,Pcdh8,9.433805238071246
18534,0,0,Pck1,NA
18536,0,0,Pcm1,95.06259298305616
18537,0,0,Pcmt1,361.92806010735706
18538,0,0,Pcna,5386.933404051234
18541,4,4+,Pcnt,386.2189981587832
18542,7,4+,Pcolce,237.27422588777728
18545,10,4+,Pcp2,NA
18546,0,0,Pcp4,NA
18548,0,0,Pcsk1,4.792822561506715
18549,0,0,Pcsk2,1.039295078710364
18550,0,0,Furin,799.3061523390344
18551,2,2,Pcsk4,24.58894234313872
18552,0,0,Pcsk5,9.571534665943812
18553,0,0,Pcsk6,647.478343389882
18554,3,3,Pcsk7,148.360059631705
18555,3,3,Cdk16,180.44496713912153
18557,30,4+,Cdk18,92.86035269769214
18559,3,3,Pctp,53.30370037197609
18563,0,0,Pcx,40.313106410659415
18566,0,0,Pdcd1,NA
18567,0,0,Pdcd2,552.7666901362343
18569,18,4+,Pdcd4,327.80326599078086
18570,3,3,Pdcd6,397.87907330846673
18571,0,0,Pdcd6ip,517.3474042148252
18572,0,0,Pdcd11,410.3092648176123
18573,0,0,Pde1a,2.159514465721343
18574,0,0,Pde1b,81.8279546553407
18575,0,0,Pde1c,1.4313671871968523
18576,23,4+,Pde3b,25.68877837232212
18577,2,2,Pde4a,116.04662935455018
18578,0,0,Pde4b,7.875368264284824
18582,6,4+,Pde6d,388.7846673761194
18583,0,0,Pde7a,286.0059008978214
18584,0,0,Pde8a,43.09074905349172
18585,0,0,Pde9a,20.535439072818953
18587,0,0,Pde6b,NA
18588,0,0,Pde6g,0.8403462087165878
18590,0,0,Pdgfa,767.5478937916876
18591,16,4+,Pdgfb,258.82901432641336
18595,0,0,Pdgfra,11.358985631859165
18596,12,4+,Pdgfrb,8.906654369843343
18597,0,0,Pdha1,1790.5124943434269
18598,0,0,Pdha2,2.4046676746707045
18599,0,0,Padi1,NA
18600,0,0,Padi2,17.094512023510962
18601,0,0,Padi3,1.837291987219528
18602,10,4+,Padi4,5.823198778746694
18604,12,4+,Pdk2,13.927639102758729
18605,0,0,Enpp1,3.745699988965688
18606,9,4+,Enpp2,10.126346612437004
18607,0,0,Pdpk1,743.9077837516801
18609,10,4+,Pdx1,2.889808328774252
18610,0,0,Pdyn,5.060928778793357
18611,2,2,Pea15a,558.0126821822358
18612,3,3,Etv4,522.6380711145541
18613,0,0,Pecam1,479.2388247618365
18616,28,4+,Peg3,754.8529950903838
18617,0,0,Rhox5,475.8250537261728
18618,0,0,Pemt,14.226619503890104
18619,23,4+,Penk,21.02405890298487
18624,6,4+,Pepd,788.0194094863753
18626,0,0,Per1,26.192647016812845
18627,5,4+,Per2,5.774990263150424
18628,0,0,Per3,14.289670910474747
18630,0,0,Dcaf8l,NA
18631,5,4+,Pex11a,26.36937328224957
18632,12,4+,Pex11b,390.31929418259097
18633,7,4+,Pex16,80.34408118445764
18634,2,2,Pex7,217.52673101011004
18636,0,0,Cfp,13.77427224024841
18637,19,4+,Pfdn2,2520.9370504725
18639,2,2,Pfkfb1,33.83154962494315
18640,0,0,Pfkfb2,20.551746889188884
18641,0,0,Pfkl,209.76227347186244
18642,0,0,Pfkm,174.39335627082312
18643,32,4+,Pfn1,19677.103386355717
18645,2,2,Pfn2,85.30129734692193
18646,1,1,Prf1,NA
18647,11,4+,Cdk14,80.80980020657483
18648,0,0,Pgam1,15016.065515070422
18654,0,0,Pgf,5.680591994748051
18655,0,0,Pgk1,2549.1416810602627
18663,0,0,Pgk2,NA
18667,31,4+,Pgr,7.988492847934883
18669,0,0,Abcb1b,160.07677574393048
18670,0,0,Abcb4,1.8879346486969504
18671,0,0,Abcb1a,48.140108845267
18673,6,4+,Phb1,NA
18674,0,0,Slc25a3,1644.0098054792554
18675,0,0,Phex,8.776509096004723
18676,19,4+,Phf2,168.90862283392036
18679,0,0,Phka1,86.61248143167543
18682,2,2,Phkg1,16.167560850738482
18685,0,0,Phtf1,55.12442950169622
18689,0,0,Phxr4,NA
18693,7,4+,Pick1,88.08099255192889
18700,0,0,Piga,79.00594036033296
18701,0,0,Pigf,397.7327624113393
18703,0,0,Pigr,5.374063977659308
18704,0,0,Pik3c2a,205.8233304525031
18705,0,0,Pik3c2g,NA
18706,13,4+,Pik3ca,189.26474867627132
18707,0,0,Pik3cd,83.160764037727
18708,0,0,Pik3r1,98.57471710275608
18709,4,4+,Pik3r2,70.72231366503523
18710,0,0,Pik3r3,39.03029247018185
18711,0,0,Pikfyve,165.3825052475009
18712,0,0,Pim1,1790.1746883671117
18715,8,4+,Pim2,317.93582319121816
18716,0,0,Pip,NA
18717,0,0,Pip5k1c,594.8240747493321
18718,0,0,Pip4k2a,66.97967850607183
18719,0,0,Pip5k1b,15.063383641277008
18720,0,0,Pip5k1a,256.11204155196316
18722,0,0,Pira1,NA
18725,0,0,Pira2,NA
18726,7,4+,Lilra6,NA
18729,0,0,Pira6,NA
18733,1,1,Pirb,NA
18736,0,0,Pou1f1,NA
18738,0,0,Pitpna,605.5631112572024
18739,18,4+,Pitpnm1,6.555873414110111
18740,15,4+,Pitx1,2.994433477415695
18741,0,0,Pitx2,155.2047306667393
18742,0,0,Pitx3,1.2601678613655576
18744,2,2,Pja1,382.230575644256
18746,31,4+,Pkm,2076.7277242672353
18747,0,0,Prkaca,522.2887807357052
18749,0,0,Prkacb,887.576378105414
18750,0,0,Prkca,59.539467144841495
18751,0,0,Prkcb,23.472888036275116
18752,8,4+,Prkcg,356.8330061298377
18753,0,0,Prkcd,57.80007652510711
18754,0,0,Prkce,40.51054492939494
18755,17,4+,Prkch,41.70973607954928
18759,0,0,Prkci,621.2389468019647
18760,0,0,Prkd1,13.59472084251582
18761,0,0,Prkcq,NA
18762,0,0,Prkcz,59.72106622776342
18763,0,0,Pkd1,31.333156282281404
18764,0,0,Pkd2,267.98229760083484
18766,1,1,Pkdrej,0.68712009820168
18767,0,0,Pkia,22.824990366047217
18768,0,0,Pkib,2.059581609772253
18769,0,0,Pkig,156.91006192352995
18770,24,4+,Pklr,1.9231525221990795
18771,6,4+,Pknox1,112.97832560236829
18772,0,0,Pkp1,NA
18775,0,0,Prl3d1,NA
18776,0,0,Prl3b1,NA
18777,0,0,Lypla1,927.2146023655094
18778,7,4+,Pla2g1b,1687.3040948976477
18779,3,3,Pla2r1,1.4390404150110117
18780,0,0,Pla2g2a,NA
18781,24,4+,Pla2g2c,5.030814331087442
18782,0,0,Pla2g2d,1.5532601964073396
18783,0,0,Pla2g4a,13.25863358099264
18784,6,4+,Pla2g5,15.605374386541945
18786,0,0,Plaa,712.0071479119887
18787,4,4+,Serpine1,618.6859976743291
18788,0,0,Serpinb2,NA
18789,0,0,Papola,1284.3772899660569
18791,0,0,Plat,4.393282714789847
18792,1,1,Plau,2.849533430441854
18793,0,0,Plaur,146.15882729538177
18795,0,0,Plcb1,20.6475892055804
18796,22,4+,Plcb2,NA
18797,16,4+,Plcb3,192.82296603201863
18798,0,0,Plcb4,56.40749813812607
18799,0,0,Plcd1,107.69368546099776
18802,3,3,Plcd4,3.316936220912746
18803,13,4+,Plcg1,155.8161997049658
18805,0,0,Pld1,13.161901453341931
18806,8,4+,Pld2,16.45628143088093
18807,0,0,Pld3,99.36545198631131
18810,0,0,Plec,279.3956778428061
18811,0,0,Prl2c2,NA
18812,0,0,Prl2c3,NA
18813,3,3,Pa2g4,4250.856502281507
18814,0,0,Prl7d1,NA
18815,8,4+,Plg,NA
18816,0,0,Serpinf2,1.466531356735088
18817,0,0,Plk1,759.4403863374581
18821,2,2,Pln,NA
18822,0,0,Plod1,93.49148760948636
18823,0,0,Plp1,26.475429992944168
18824,0,0,Plp2,1351.9036181908211
18826,0,0,Lcp1,12.822825952037084
18828,0,0,Plscr2,5.42830925155532
18830,0,0,Pltp,92.49336691056514
18843,24,4+,Bpifa1,NA
18844,5,4+,Plxna1,1105.2614239479797
18845,11,4+,Plxna2,9.991963444901913
18846,0,0,Plxna3,39.98826882166281
18854,0,0,Pml,2318.1519735285183
18857,0,0,Pmp2,4.366788750318144
18858,0,0,Pmp22,501.67672746732234
18861,2,2,Pms2,113.30461246320722
18933,0,0,Prrx1,4.588439450771016
18935,0,0,Phox2b,NA
18938,16,4+,Ppp1r14b,1100.0609774195134
18946,0,0,Pnliprp1,NA
18947,0,0,Pnliprp2,3.0098616353693872
18948,0,0,Pnmt,NA
18949,2,2,Pnn,477.5791741008093
18950,0,0,Pnp,1077.7084627643155
18951,27,4+,Septin5,NA
18952,1,1,Septin4,NA
18968,0,0,Pola1,200.38726978539145
18969,9,4+,Pola2,316.1043819862951
18970,0,0,Polb,70.8044085381373
18971,24,4+,Pold1,255.17343872289143
18972,0,0,Pold2,451.50503019922536
18973,1,1,Pole,240.51635384854825
18974,1,1,Pole2,217.27101150766913
18975,5,4+,Polg,483.6338506734392
18976,7,4+,Pomc,4.919750578980745
18979,13,4+,Pon1,NA
18983,0,0,Cnot7,580.0520853049176
18984,5,4+,Por,112.55966843484106
18985,0,0,Pou2af1,NA
18986,0,0,Pou2f1,475.56215784478974
18987,26,4+,Pou2f2,40.010348725338126
18988,0,0,Pou2f3,30.19963030509533
18991,4,4+,Pou3f1,651.550932598774
18992,43,4+,Pou3f2,3.9862732805980174
18993,0,0,Pou3f3,7.0314243385969215
18994,0,0,Pou3f4,1.0631151000261423
18996,0,0,Pou4f1,22.50384524444415
18997,6,4+,Pou4f2,22.415887127030853
18998,20,4+,Pou4f3,37.349648410690286
18999,0,0,Pou5f1,773.4666401426407
19009,0,0,Pou6f1,41.18179055440171
19011,9,4+,Endou,8.545092745453069
19012,0,0,Plpp1,223.4944198421569
19013,9,4+,Ppara,0.7440651691495929
19014,3,3,Med1,433.7240184067329
19015,20,4+,Ppard,109.86179051533742
19016,0,0,Pparg,1.526236678110522
19017,0,0,Ppargc1a,NA
19018,6,4+,Scand1,48.12297018288348
19023,4,4+,Ppef2,1.351873343923323
19024,11,4+,Ppfibp2,25.596886673648577
19025,0,0,Ctsa,78.16717611904654
19027,0,0,Sypl1,NA
19035,10,4+,Ppib,1307.0270216316917
19038,0,0,Ppic,345.46836061228214
19039,10,4+,Lgals3bp,7.064056368514298
19041,0,0,Ppl,43.18908602264824
19042,0,0,Ppm1a,2207.093322685932
19043,0,0,Ppm1b,665.8143671187098
19044,5,4+,Ppox,21.31671769328852
19045,0,0,Ppp1ca,5635.054928657646
19046,1,1,Ppp1cb,2496.9494299068665
19047,0,0,Ppp1cc,3713.290578843363
19049,37,4+,Ppp1r1b,4.616902032050295
19051,0,0,Ppp1r17,NA
19052,0,0,Ppp2ca,3498.7149830431417
19053,0,0,Ppp2cb,265.04491162837814
19054,0,0,Ppp2r3d,38.1680734420242
19055,0,0,Ppp3ca,387.6644092346478
19056,0,0,Ppp3cb,948.7474274508623
19057,0,0,Ppp3cc,6.360850015206832
19058,2,2,Ppp3r1,307.00338421570183
19059,0,0,Ppp3r2,NA
19060,0,0,Ppp5c,186.82124446039208
19062,0,0,Inpp5k,60.072328035529694
19063,1,1,Ppt1,154.59037191064854
19064,5,4+,Ppy,NA
19065,0,0,Npy4r,1.471251248720387
19069,0,0,Nup88,435.72218077342177
19070,0,0,Mob4,596.0647378869721
19072,0,0,Prep,374.7406568663823
19073,12,4+,Srgn,86.79739862789806
19074,0,0,Prg2,NA
19075,0,0,Prim1,466.6193499733498
19076,9,4+,Prim2,265.9623480056897
19079,0,0,Prkab1,164.32729565691469
19082,27,4+,Prkag1,151.87444563395388
19084,0,0,Prkar1a,1390.840291871434
19085,0,0,Prkar1b,29.768841605431177
19087,11,4+,Prkar2a,536.5112873422611
19088,3,3,Prkar2b,16.478763755044326
19089,3,3,Prkcsh,245.619981041108
19090,0,0,Prkdc,50.48438769026108
19091,0,0,Prkg1,1.4740952260804714
19092,0,0,Prkg2,11.53244095781293
19094,0,0,Mapk11,9.522119858788027
19099,0,0,Mapk8ip1,136.06772021612784
19106,0,0,Eif2ak2,35.69798120394929
19108,0,0,Prkx,41.31142120867554
19109,0,0,Prl,NA
19110,0,0,Prl4a1,NA
19111,0,0,Prl6a1,NA
19112,0,0,Prl8a6,NA
19113,0,0,Prl7a1,NA
19114,0,0,Prl7a2,NA
19116,13,4+,Prlr,3.2962045919706813
19118,0,0,Prm1,NA
19119,0,0,Prm2,NA
19120,0,0,Prm3,NA
19122,4,4+,Prnp,122.82092612383563
19123,0,0,Proc,0.8705171103510537
19124,0,0,Procr,7.436458807530226
19125,0,0,Prodh,28.815273253598928
19126,9,4+,Prom1,81.82733320064243
19127,0,0,Prop1,NA
19128,0,0,Pros1,61.1790300463981
19130,0,0,Prox1,4.490257390007293
19131,0,0,Prh1,NA
19132,0,0,Prph,72.40918813894697
19133,5,4+,Prph2,NA
19134,0,0,Prpf4b,508.0302062690968
19139,0,0,Prps1,1690.0247606699272
19141,0,0,Lgmn,96.2500750319306
19142,0,0,Prss12,NA
19143,5,4+,St14,294.920027930343
19144,0,0,Klk6,NA
19146,0,0,Tmprss15,NA
19152,7,4+,Prtn3,2.9271532498822483
19153,0,0,Prx,93.68770305643122
19155,2,2,Npepps,1637.3642417829114
19156,6,4+,Psap,458.97403003315463
19157,4,4+,Cyth1,8.953377733379462
191578,1,1,Helq,331.1240239965431
19158,0,0,Cyth2,756.5239028573153
19159,5,4+,Cyth3,37.063169298078655
19164,0,0,Psen1,229.44119861428985
19165,9,4+,Psen2,64.13841018142566
19166,2,2,Psma2,1998.3291378427923
19167,0,0,Psma3,2575.8603317049437
19170,0,0,Psmb1,2197.5802463670757
19171,4,4+,Psmb10,114.55144126864144
19172,0,0,Psmb4,2074.584742137132
19173,2,2,Psmb5,536.8896086326381
19175,0,0,Psmb6,982.669013290024
19177,0,0,Psmb7,967.9508524926384
19179,3,3,Psmc1,605.3893763621119
19181,0,0,Psmc2,680.7165062826082
19182,0,0,Psmc3,990.5885438914698
19183,0,0,Psmc3ip,68.6319713177497
19184,20,4+,Psmc5,870.829830885053
19185,15,4+,Psmd4,473.7136198109964
19186,0,0,Psme1,156.28674145654028
19188,0,0,Psme2,38.300158663597365
19192,20,4+,Psme3,4724.288222560495
19193,0,0,Pipox,169.23228494192622
19194,0,0,Bpifa2,NA
19197,0,0,Pspn,NA
19200,4,4+,Pstpip1,13.725853528365286
19201,0,0,Pstpip2,2.0062322986364127
19202,0,0,Rhox6,59.61579537214333
19204,0,0,Ptafr,1.0132700428200114
19205,25,4+,Ptbp1,3740.5458408972377
19206,0,0,Ptch1,96.31218352202646
19207,1,1,Ptch2,117.18696268285476
19208,0,0,Ptcra,16.08855143458631
19210,0,0,Ptdss1,562.703637796665
19211,0,0,Pten,473.2803577527904
192113,1,1,Atp12a,6.668585577858609
192119,0,0,Dicer1,463.071104863215
19212,0,0,Pter,47.43498454122343
192120,2,2,Bspry,85.040567791569
19213,0,0,Ptf1a,NA
192136,0,0,Sugct,5.517756782620019
19214,0,0,Ptgdr,NA
192140,0,0,Tmc2,NA
19215,42,4+,Ptgds,8.547145888901436
192156,19,4+,Mvd,59.71345098068924
192157,14,4+,Socs7,203.08195237131895
192159,0,0,Prpf8,678.2260453609558
19216,10,4+,Ptger1,1.9458473950713688
192160,0,0,Casc3,598.672515962424
192161,0,0,Pcdha9,NA
192163,0,0,Pcdha3,NA
192164,0,0,Pcdha12,NA
192166,0,0,Sardh,NA
192167,0,0,Nlgn1,NA
192169,0,0,Ufsp2,57.70149901578131
19217,0,0,Ptger2,7.512241472190731
192170,7,4+,Eif4a3,740.7931538481564
192173,20,4+,Mcrip1,109.879228031014
192174,0,0,Rwdd4a,230.19785388145135
192176,0,0,Flna,3027.462243242054
19218,7,4+,Ptger3,12.69752592275792
192185,0,0,Nadk,529.390994534693
192187,0,0,Stab1,0.6024299764283675
192188,0,0,Stab2,0.5819309081969525
19219,0,0,Ptger4,11.069238909164108
192190,0,0,Pkhd1l1,NA
192191,3,3,Med9,242.71724673771948
192192,10,4+,Shkbp1,88.57806503575904
192193,0,0,Edem1,556.0444161928051
192194,0,0,Btnl10,NA
192195,0,0,Ash1l,182.36281717246663
192196,0,0,Luc7l2,870.9094689779575
192197,0,0,Bcas3,71.67050187601767
192198,41,4+,Lrrc4,0.7582871425813791
192199,0,0,Rspo1,8.133642233386023
19220,0,0,Ptgfr,NA
192200,0,0,Wfdc12,NA
192201,1,1,Wfdc15b,NA
19221,4,4+,Ptgfrn,257.3989907762997
192212,0,0,Prom2,3.2990700561124244
192216,0,0,Tmem47,473.6911126661069
19222,0,0,Ptgir,NA
19223,14,4+,Ptgis,71.12338172667563
192231,17,4+,Hexim1,1028.6414168112672
192232,0,0,Hps4,32.93836796629804
192236,0,0,Hps1,83.84587050653307
19224,0,0,Ptgs1,27.487917527763894
19225,0,0,Ptgs2,56.513487502846154
19226,0,0,Pth,NA
19227,0,0,Pthlh,1.6523245678068947
19228,0,0,Pth1r,1.8806222778939985
192285,0,0,Phf21a,716.97906259455
192287,0,0,Slc25a36,946.9357540043123
19229,2,2,Ptk2b,343.6483596706165
192292,0,0,Nrbp1,113.61806472203368
19230,2,2,Twf1,660.098683134816
19231,22,4+,Ptma,579230.1056091205
19240,8,4+,Tmsb10,4370.776340540575
19241,0,0,Tmsb4x,7270.056963141491
19242,0,0,Ptn,2.862206190611156
19243,0,0,Ptp4a1,NA
19244,0,0,Ptp4a2,2935.832207272716
19245,26,4+,Ptp4a3,1026.357761719389
19246,2,2,Ptpn1,223.485907562062
19247,0,0,Ptpn11,735.4416466138565
19248,0,0,Ptpn12,2142.874546858194
19249,5,4+,Ptpn13,77.42907077430364
19250,0,0,Ptpn14,644.8383724644949
19252,0,0,Dusp1,948.282193702092
19253,0,0,Ptpn18,20.362730723328344
19255,0,0,Ptpn2,284.1774111425602
19256,0,0,Ptpn20,2.0612265739672404
19258,7,4+,Ptpn4,130.56749278786904
19259,0,0,Ptpn5,1.0586168561785445
19260,0,0,Ptpn22,3.0497808270096645
19261,0,0,Sirpa,28.27483562982752
19262,0,0,Ptpra,118.6726431867702
19263,0,0,Ptprb,2.642532449531259
19264,0,0,Ptprc,2.1305221228774727
19265,6,4+,Ptprcap,17.36786060874335
192650,0,0,Cabp7,3.899709873604342
192651,0,0,Zfp286,56.3473531946149
192652,13,4+,Wdr81,37.58065667939823
192653,0,0,Ttc36,NA
192654,5,4+,Pla2g15,55.12674366370443
192656,31,4+,Ripk2,44.1552391561798
192657,0,0,Ell2,348.00948505583244
192658,0,0,Rfpl4,NA
19266,0,0,Ptprd,5.9934382385697855
192662,0,0,Arhgdia,1163.0436693884944
192663,4,4+,Abcg4,NA
19267,0,0,Ptpre,5.469756067116635
192678,15,4+,Rassf3,333.5624506632739
19268,0,0,Ptprf,984.5272575219066
19270,0,0,Ptprg,110.1275269828462
19271,0,0,Ptprj,70.0212336375483
19272,0,0,Ptprk,369.07680089207145
19273,0,0,Ptpru,14.26763569732358
192734,7,4+,Lrrc75b,0.7772522958166652
19274,0,0,Ptprm,7.398246673570331
19275,2,2,Ptprn,199.0464490862588
19276,0,0,Ptprn2,1.05095505868378
19277,0,0,Ptpro,0.808568272966093
192775,0,0,Kcnh6,NA
192786,0,0,Rapgef6,178.61017375312812
19279,0,0,Ptprr,NA
19280,2,2,Ptprs,278.3491128996399
19281,0,0,Ptprt,32.98170075295442
19283,19,4+,Ptprz1,8.764020919171259
19285,22,4+,Cavin1,475.85443272829025
192852,6,4+,Lrrc3c,NA
19286,10,4+,Pts,33.381916644020464
19288,0,0,Ptx3,12.126879895887742
19289,2,2,Igdcc3,29.28656234949577
192897,4,4+,Itgb4,37.995695051305475
19290,0,0,Pura,871.5269487719455
19291,34,4+,Purb,1124.5099152647929
19293,8,4+,Pvalb,NA
19294,0,0,Nectin2,1615.3869500804965
192950,10,4+,Nacad,1.2187114340231109
19296,0,0,Pvt1,106.6701289829262
192970,0,0,Dhrs11,8.278288898703975
192976,31,4+,Lrrc75a,45.28842968530468
19298,9,4+,Pex19,264.6061358050232
192986,0,0,Cyb5d2,41.74750411336209
19299,0,0,Abcd3,127.60776410383954
19300,13,4+,Abcd4,23.846307395694858
193003,14,4+,Pirt,0.6763282685272661
19301,1,1,Pxmp2,89.99175111725857
19302,0,0,Pex2,119.67178883696754
193022,0,0,Gm53,19.739006442688748
19303,0,0,Pxn,828.5958452778347
193034,0,0,Trpv1,NA
193043,1,1,Zfp3,8.45925698649118
19305,6,4+,Pex5,1495.1310487577664
193053,0,0,Or1e25,NA
19309,26,4+,Pygm,12.579779489474182
193116,0,0,Slu7,395.8037538113016
19317,0,0,Qki,NA
193217,0,0,BC018473,0.9034124804780372
19324,19,4+,Rab1a,4017.9001123149023
19325,1,1,Rab10,1025.9404122845729
19326,0,0,Rab11b,1530.5476819687094
19328,0,0,Rab12,582.2211856957608
193280,7,4+,C030037D09Rik,7.807732054607048
193286,0,0,Msantd5l,NA
19329,3,3,Rab17,1.312473593227649
19330,0,0,Rab18,744.1896991472536
19331,0,0,Rab19,NA
19332,1,1,Rab20,7.745185644734449
193322,0,0,Oog1,NA
19334,0,0,Rab22a,292.96990026561696
19335,15,4+,Rab23,206.1554706797082
19336,4,4+,Rab24,291.79434072330696
19337,0,0,Rab33a,5.292538250383816
19338,2,2,Rab33b,28.1807051143067
193385,1,1,Ripor2,3.6245926250858873
19339,6,4+,Rab3a,23.0605903754331
19340,0,0,Rab3d,16.289009621539922
19341,0,0,Rab4a,175.70322566126862
19342,8,4+,Rab4b,1207.8158124635493
19344,0,0,Rab5b,201.8452514989524
19345,0,0,Rab5c,567.0387544948703
193452,0,0,Zfp184,25.35231696845414
19346,21,4+,Rab6a,1548.243694057551
19347,0,0,Dennd5a,552.7987838506701
19348,0,0,Kif20a,913.4335268978851
19349,0,0,Rab7,1398.002955992118
19352,0,0,Rabggtb,994.794464957992
19353,3,3,Rac1,1872.128689736636
19354,0,0,Rac2,9.827976179501665
19355,14,4+,Rad1,451.93115200668217
19356,0,0,Rad17,225.75340028621892
19357,0,0,Rad21,2460.4173137987664
19358,10,4+,Rad23a,405.6018616888586
19359,30,4+,Rad23b,1449.9414141879556
19360,0,0,Rad50,265.4355915821657
19361,0,0,Rad51,730.0110622498487
19362,0,0,Rad51ap1,201.47932626416832
19363,4,4+,Rad51b,24.299624280513367
19364,0,0,Rad51d,80.7106705643967
19365,3,3,Rad52,111.58976739465888
19366,8,4+,Rad54l,200.73306273894008
19367,23,4+,Rad9a,275.8436027220088
193670,19,4+,Rnf185,245.2842568665371
19370,13,4+,Raet1c,NA
19373,0,0,Rag1,NA
193736,8,4+,Zbtb12,6.495596322954891
19374,0,0,Rag2,NA
193740,0,0,Hspa1a,28.288561481660153
193742,0,0,Abhd16a,287.1560094194358
19376,0,0,Rab34,87.85657457445409
19377,11,4+,Rai1,57.51326750810575
19378,0,0,Aldh1a2,26.423742995249388
193796,8,4+,Kdm4b,34.67862055401236
193813,0,0,Mcfd2,108.24804183596028
19383,0,0,Raly,132.35978955618523
193838,17,4+,Eme2,1.9387164697582695
19384,0,0,Ran,6985.356626384742
19385,0,0,Ranbp1,11049.707367103263
19386,0,0,Ranbp2,204.63028450492203
19387,6,4+,Rangap1,706.6721256797513
19395,18,4+,Rasgrp2,125.51349493655316
19400,3,3,Rapsn,9.021983214400665
19401,12,4+,Rara,258.1830119851982
19411,14,4+,Rarg,2662.7519723807677
194126,0,0,Mtmr11,18.83600790993415
19414,0,0,Rasa3,37.2812232568266
19415,26,4+,Rasal1,24.0659827488739
19416,5,4+,Rasd1,3.7391537927999816
19417,5,4+,Rasgrf1,NA
19418,0,0,Rasgrf2,3.1204620472641924
19419,0,0,Rasgrp1,8.632226943847503
194219,0,0,Slfnl1,NA
194225,0,0,Pramel27,NA
194227,0,0,Pramel25,NA
194231,14,4+,Cnksr1,63.00599269275724
194237,22,4+,Rimkla,3.9125972292991102
194268,0,0,Airim,NA
19428,0,0,Rasl2-9,2.500656215734109
194292,0,0,Gm5,0.8843011895638914
194309,15,4+,Vps37d,19.76728090898395
19434,0,0,Rax,NA
194352,3,3,Trpv5,1.8652894553403532
194357,0,0,Moxd2,NA
194388,0,0,Tet3,170.3596406714848
194401,3,3,Mical3,172.8619231035667
194433,0,0,Or2d3,NA
194588,0,0,Obox7,NA
194590,0,0,Reps2,4.448718721779946
194597,0,0,Tmprss11a,NA
194604,0,0,Serpina16,NA
194655,26,4+,Klf11,186.6495564821862
194735,0,0,Btg1c,NA
194738,0,0,Rhox11,NA
194744,0,0,Slc25a43,6.590040117858161
194854,5,4+,Gm9,4.302204977085622
194856,0,0,Rhox4e,NA
194908,4,4+,Pld6,14.277642750542345
194952,4,4+,Jmjd4,66.18474630360728
194974,0,0,Sun3,NA
195018,0,0,Zzef1,80.31396772968033
195040,0,0,Tmem199,196.1877113056584
195046,0,0,Nlrp1a,NA
195208,0,0,Dcdc2a,2.758953320218284
195209,20,4+,Zfp469,27.824171109728137
195236,0,0,Pom121l2,NA
195333,2,2,Gsc2,1.2725350046064487
195359,0,0,Trim40,0.8688913261613835
195434,0,0,Utp14b,554.5606016878716
195522,0,0,Zfp691,25.922611127856975
195531,0,0,Zfp982,73.85681151611415
195555,4,4+,Pramel11,NA
195564,0,0,Skint3,NA
195646,0,0,Hs3st2,NA
195727,0,0,Nhs,50.10000076748868
195733,0,0,Grhl1,37.0748530415539
19645,0,0,Rb1,93.88117435425762
19646,16,4+,Rbbp4,2654.7192943592804
19647,0,0,Rbbp6,2187.8223613794707
19649,0,0,Robo3,4.331958621344389
19650,0,0,Rbl1,92.48933661091628
19651,0,0,Rbl2,94.59714622209472
19652,0,0,Rbm3,5657.511439148176
19653,0,0,Rbm4,697.5313037201287
19654,18,4+,Rbm6,300.5417481597512
19655,0,0,Rbmx,58.67503280520399
19656,16,4+,Rbmxl1,279.2009264248783
19659,6,4+,Rbp1,153.24969556124404
19660,2,2,Rbp2,2.4323061431929607
19661,0,0,Rbp3,NA
19662,0,0,Rbp4,12.30710422210326
19663,0,0,Rbpms,3618.7444329399814
19664,0,0,Rbpj,4020.638526732416
19668,16,4+,Rbpjl,NA
19671,8,4+,Rce1,173.1191872726637
19672,0,0,Rcn1,239.0263670734862
19674,0,0,Rcvrn,NA
19679,17,4+,Pitpnm2,160.80618492123813
19682,0,0,Rdh5,6.878080506103707
19683,0,0,Rdh16,0.5654397358568358
19684,0,0,Rdx,1156.9113627612385
19687,0,0,Rfc1,529.741989556831
19691,0,0,Recql,336.9376010201757
19692,0,0,Reg1,9.589109894166
19693,0,0,Reg2,NA
19694,0,0,Reg3a,NA
19695,0,0,Reg3g,NA
19696,1,1,Rel,19.474236549997737
19697,4,4+,Rela,102.24045872088465
19698,0,0,Relb,72.74894511224748
19699,0,0,Reln,4.428365827618421
19700,7,4+,Rem1,NA
19701,21,4+,Ren1,2.9513179346789027
19702,17,4+,Ren2,NA
19703,0,0,Renbp,102.85230812125612
19704,6,4+,Upf1,502.9301468346014
19707,0,0,Reps1,352.39021559937663
19708,14,4+,Dpf2,1315.5144956680697
19711,0,0,Resp18,NA
19712,2,2,Rest,973.9072618569728
19713,0,0,Ret,10.924596355987552
19714,0,0,Rev3l,632.0515834051733
19716,0,0,Bex1,5876.639103273379
19718,8,4+,Rfc2,412.126525485104
19719,7,4+,Rfng,99.0346634471551
19720,2,2,Trim27,1477.9813938110428
19724,4,4+,Rfx1,689.8664218402992
19725,0,0,Rfx2,1272.6973306259786
19726,0,0,Rfx3,25.432541592623497
19727,0,0,Rfxank,19.53269025154811
19729,6,4+,Slc50a1,114.51635386165042
19730,24,4+,Ralgds,91.57370310313894
19731,0,0,Rgl1,5.8913830542687204
19732,7,4+,Rgl2,105.9195349827638
19733,0,0,Rgn,NA
19734,0,0,Rgs16,32.997505223998125
19735,0,0,Rgs2,3.6157235847481313
19736,5,4+,Rgs4,1.369068925802258
19737,0,0,Rgs5,2.1463064709232627
19739,0,0,Rgs9,0.9547120678937058
19743,0,0,Rhag,NA
19744,6,4+,Rheb,772.1580202776099
19746,0,0,Rhd,49.37645950630311
19752,5,4+,Rnase1,1.74597107710059
19762,0,0,Rit2,1.3290320442983248
19763,18,4+,Ring1,58.27548887372575
19765,0,0,Ralbp1,1466.7382343132851
19766,0,0,Ripk1,64.49612745175635
19769,0,0,Rit1,111.04961588663583
19771,0,0,Rlbp1,44.55929547637296
19773,7,4+,Rln1,6.5235147184574975
19775,0,0,Xpr1,145.76332837041502
19777,0,0,Uri1,1127.7978572693153
19782,15,4+,Rmrp,7.146526653138694
19783,0,0,Rprl1,NA
19784,1,1,Rprl2,NA
19785,0,0,Rprl3,NA
19819,2,2,Rnaseh1,56.25722353530149
19820,0,0,Rlim,1233.1451866455625
19821,0,0,Rnf2,951.371141123694
19822,2,2,Rnf4,795.2111358357479
19823,0,0,Rnf7,1006.0440159184544
19824,0,0,Trim10,NA
19826,6,4+,Rnps1,5744.6165990631835
19850,0,0,Snord3a,NA
19870,0,0,Snord73a,NA
19871,0,0,Snord73b,NA
19876,0,0,Robo1,63.326085584721326
19877,20,4+,Rock1,367.3390250847119
19878,1,1,Rock2,1517.364284279016
19879,0,0,Slc22a8,NA
19881,11,4+,Rom1,3.8750254567508575
19882,2,2,Mst1r,0.9307030542181884
19883,0,0,Rora,13.50760111557994
19885,18,4+,Rorc,NA
19886,8,4+,Ros1,NA
19888,0,0,Rp1,NA
19889,0,0,Rp2,64.01385420125638
19891,12,4+,Rpa2,868.7703800108636
19892,0,0,Rpe65,NA
19893,0,0,Rpgr,58.55928288224733
19894,10,4+,Rph3a,2.529110125824139
19895,9,4+,Rpia,77.68747903060056
19896,4,4+,Rpl10a,5601.222610540097
19899,0,0,Rpl18,4631.855122423229
19921,0,0,Rpl19,6925.060247545943
19933,18,4+,Rpl21,1853.733250161616
19934,4,4+,Rpl22,3009.83932225432
19935,0,0,Mrpl23,214.99663933237136
19941,13,4+,Rpl26,2942.906351202089
19942,19,4+,Rpl27,8866.77137813527
19943,14,4+,Rpl28,3968.797635337268
19944,5,4+,Rpl29,2907.476032942842
19946,15,4+,Rpl30,9300.285700295535
19951,0,0,Rpl32,4526.913742824925
19981,6,4+,Rpl37a,6178.750710610389
19982,0,0,Rpl36a,2315.5829377532104
19988,0,0,Rpl6,10238.579542634368
19989,0,0,Rpl7,19120.263472308405
20005,2,2,Rpl9,606.3037504440982
20014,14,4+,Rpn2,453.9899694395859
20016,4,4+,Polr1c,1130.381154008083
20017,10,4+,Polr1b,83.30926040876261
20018,0,0,Polr1d,4191.127822302165
20019,0,0,Polr1a,305.8128886903507
20020,0,0,Polr2a,1528.33801858064
20021,0,0,Polr2c,1155.8792204144695
20022,15,4+,Polr2j,341.6181036572188
20024,12,4+,Sub1,9133.602521983948
20028,0,0,Pdc,1.186162979798903
20042,0,0,Rps12,5499.354092894968
20044,0,0,Rps14,8340.303815063378
20054,0,0,Rps15,2653.3983252551807
20055,12,4+,Rps16,8450.648996865348
20068,0,0,Rps17,9031.02765596034
20084,0,0,Rps18,1107.40989853717
20085,0,0,Rps19,4409.140500353264
20088,0,0,Rps24,8971.994671864488
20090,0,0,Rps29,2923.7121968700308
20091,2,2,Rps3a1,3176.7782763954224
20102,0,0,Rps4x,12852.000471734314
20103,0,0,Rps5,7685.261007566813
20104,3,3,Rps6,20705.666473183308
20111,0,0,Rps6ka1,528.8764727939638
20112,0,0,Rps6ka2,38.714954556153735
20115,0,0,Rps7,17553.26559530765
20116,0,0,Rps8,4306.346126144405
20128,0,0,Trim30a,2.913630527820642
20129,0,0,Rptn,NA
20130,28,4+,Rras,270.46216740804675
20132,0,0,Rrh,1.866303529638314
20133,0,0,Rrm1,372.7932388564234
20135,0,0,Rrm2,12002.042279498992
20147,0,0,Rs1,NA
20148,0,0,Dhrs3,22.212517489037985
20163,2,2,Rsu1,986.6394082891208
20166,11,4+,Rtkn,39.107763836688726
20167,0,0,Rtn2,32.10284862451289
20168,2,2,Rtn3,1376.293495445091
20170,3,3,Hps6,7.643577472611001
20174,22,4+,Ruvbl2,1497.937605966708
20181,4,4+,Rxra,74.47024706867981
20182,6,4+,Rxrb,99.13019263832328
20183,0,0,Rxrg,7.720365463354986
20184,5,4+,Uimc1,100.65739130550824
20185,15,4+,Ncor1,1824.9064785044795
20186,0,0,Nr1h4,1.0336568146064162
20187,0,0,Ryk,852.8871146094248
20190,0,0,Ryr1,19.11941373892312
20191,0,0,Ryr2,25.478030655073695
20192,0,0,Ryr3,22.36261260815076
20193,1,1,S100a1,18.58348188063705
20194,0,0,S100a10,2526.7151732110765
20195,6,4+,S100a11,1802.8118172157224
20196,1,1,S100a13,15.662490947836966
20197,0,0,S100a3,1.7432432632495225
20198,0,0,S100a4,4.927800091753656
20199,0,0,S100a5,NA
20200,0,0,S100a6,4948.60080644237
20201,0,0,S100a8,NA
20202,0,0,S100a9,NA
20203,5,4+,S100b,NA
20204,5,4+,Prrx2,64.95333775094447
20208,0,0,Saa1,NA
20209,0,0,Saa2,NA
20210,0,0,Saa3,1.2620114242276914
20211,7,4+,Saa4,NA
20215,0,0,Sag,122.21828540208328
20216,0,0,Acsm3,NA
20218,0,0,Khdrbs1,843.230400772291
20219,0,0,Apcs,NA
20220,3,3,Sap18,62.28392562515277
20222,21,4+,Sf3a2,1639.053208051242
20224,7,4+,Sar1a,350.9728488147622
20226,7,4+,Sars1,NA
20227,33,4+,Sart1,185.1090133739569
20229,0,0,Sat1,1734.19343040102
20230,0,0,Satb1,53.86833445369005
20231,12,4+,Nkx1-2,11.013302657219016
20234,1,1,Sbp,NA
20238,14,4+,Atxn1,59.06957830995542
20239,0,0,Atxn2,359.4903408517813
20248,0,0,Serpinb3a,NA
20249,15,4+,Scd1,163.5334575176055
20250,0,0,Scd2,985.7167999843308
20254,0,0,Scg2,NA
20255,0,0,Scg3,1.8644965695562756
20256,25,4+,Clec11a,17.122043269275316
20257,0,0,Stmn2,1489.9691787693291
20259,0,0,Scin,3.3439207290455406
20262,23,4+,Stmn3,59.95177929830229
20264,0,0,Scn10a,NA
20265,0,0,Scn1a,NA
20266,0,0,Scn1b,78.10512368107192
20269,0,0,Scn3a,15.938495768146904
20271,3,3,Scn5a,2.3814302368194897
20272,0,0,Scn7a,NA
20273,10,4+,Scn8a,46.648778652587616
20274,0,0,Scn9a,2.181267293702919
20276,10,4+,Scnn1a,11.03689945510079
20277,0,0,Scnn1b,NA
20278,8,4+,Scnn1g,NA
20280,0,0,Scp2,292.54047366855514
20284,0,0,Scrg1,NA
20286,7,4+,Zc3h7b,140.67612208912496
20287,23,4+,Sct,13.546698596221132
20288,0,0,Msr1,NA
20289,16,4+,Scx,4.153587301783338
20290,0,0,Ccl1,NA
20292,0,0,Ccl11,NA
20293,0,0,Ccl12,NA
20295,0,0,Ccl17,NA
20296,0,0,Ccl2,5.826459990795282
20297,5,4+,Ccl20,9.16659412090273
20299,8,4+,Ccl22,NA
20300,3,3,Ccl25,34.29677578890892
20301,21,4+,Ccl27a,15.28284008646761
20302,0,0,Ccl3,9.39448400111218
20303,0,0,Ccl4,NA
20304,7,4+,Ccl5,2.929495420592389
20305,0,0,Ccl6,0.6234628889243246
20306,0,0,Ccl7,9.276826858347814
20307,1,1,Ccl8,NA
20308,0,0,Ccl9,0.7880818689179496
20309,0,0,Cxcl15,NA
20310,0,0,Cxcl2,NA
20311,0,0,Cxcl5,1.1265948572851336
20312,0,0,Cx3cl1,21.4919042658402
20315,0,0,Cxcl12,49.38950073316114
20316,9,4+,Sdf2,109.57786773055444
20317,34,4+,Serpinf1,5.073091009637964
20318,0,0,Sdf4,301.3599410407219
20319,0,0,Sfrp2,226.0938792459823
20320,14,4+,Nptn,449.2267281938007
20321,3,3,Frrs1,503.1996084597248
20322,0,0,Sord,309.2644075275734
20324,0,0,Cavin2,NA
20333,0,0,Sec22b,246.2394077865164
20334,20,4+,Sec23a,245.7705223933806
20335,3,3,Sec61g,3349.6458906616926
20336,5,4+,Exoc4,445.31616547366866
20338,1,1,Sel1l,195.54389091130375
20339,0,0,Sele,NA
20340,6,4+,Glg1,587.0496827314887
20341,9,4+,Selenbp1,3.381528295096437
20342,10,4+,Selenbp2,NA
20343,0,0,Sell,NA
20344,4,4+,Selp,1.517483481644864
20345,17,4+,Selplg,2.161851579295337
20346,4,4+,Sema3a,1.935361168263656
20347,4,4+,Sema3b,6.090474047967901
20348,0,0,Sema3c,72.87965975988158
20349,0,0,Sema3e,156.66960921554318
20350,0,0,Sema3f,10.569256908233086
20351,26,4+,Sema4a,63.76206506774737
20352,4,4+,Sema4b,1257.734692360365
20353,8,4+,Sema4c,7.647593231243446
20354,15,4+,Sema4d,113.99236632860917
20355,0,0,Sema4f,10.332652225081898
20356,36,4+,Sema5a,18.06934979339005
20357,0,0,Sema5b,29.865627451793397
20358,0,0,Sema6a,639.9087557047789
20359,0,0,Sema6b,7.727678812909838
20360,3,3,Sema6c,17.465839948437964
20361,0,0,Sema7a,42.38563012984267
20362,10,4+,Septin8,NA
20363,0,0,Selenop,12.176550806504055
20364,0,0,Selenow,1202.011365316013
20365,8,4+,Serf1,59.66991679060107
20370,10,4+,Sez6,4.423966530665541
20371,6,4+,Foxp3,2.046093764815967
20375,0,0,Spi1,10.58872208680566
20377,0,0,Sfrp1,301.1387840926178
20378,12,4+,Frzb,4.040389669893388
20379,14,4+,Sfrp4,4.555890337172538
20382,10,4+,Srsf2,12807.166459834005
20383,3,3,Srsf3,4965.069840475398
20384,0,0,Srsf5,642.6670752581987
20387,0,0,Sftpa1,NA
20388,2,2,Sftpb,NA
20389,8,4+,Sftpc,NA
20390,0,0,Sftpd,0.6804380471529952
20391,16,4+,Sgca,NA
20392,27,4+,Sgce,388.61268154933447
20393,0,0,Sgk1,2973.623982409914
20394,0,0,Scg5,2.979115566477688
20397,0,0,Sgpl1,379.3675910622826
20399,0,0,Sh2b1,141.8799975049762
20400,0,0,Sh2d1a,NA
20401,16,4+,Sh3bp1,237.7438729452165
20402,1,1,Zfp106,619.1735533946105
20403,8,4+,Itsn2,146.5973984222302
20404,0,0,Sh3gl2,479.43021725404463
20405,0,0,Sh3gl1,372.0781993932091
20408,0,0,Sh3gl3,124.19003313461812
20409,10,4+,Ostf1,337.08846642613867
20410,0,0,Sorbs3,52.59903063269703
20411,3,3,Sorbs1,202.54941039366668
20415,11,4+,Shbg,NA
20416,24,4+,Shc1,866.1717999436203
20418,4,4+,Shc3,NA
20419,4,4+,Shcbp1,251.19012766253303
20420,0,0,Shd,1.77034932175615
20422,5,4+,Sem1,993.7067344188584
20423,0,0,Shh,NA
20425,1,1,Shmt1,667.8996336320586
20429,14,4+,Shox2,3.0422897100922395
20430,0,0,Cyfip1,587.4884911127173
20431,1,1,Pmel,25.55900952428625
20437,0,0,Siah1a,188.3273259194245
20438,0,0,Siah1b,133.96076973044197
20439,21,4+,Siah2,103.1150384079352
20440,0,0,St6gal1,61.3333160567609
20441,8,4+,St3gal3,19.98078708601319
20442,0,0,St3gal1,52.366403426171786
20443,1,1,St3gal4,14.603031004301132
20444,0,0,St3gal2,148.70889876019274
20445,3,3,St6galnac1,NA
20446,0,0,St6galnac2,31.203518750983104
20447,0,0,St6galnac3,39.06427901651865
20448,9,4+,St6galnac4,30.137244384422548
20449,8,4+,St8sia1,66.11392148861584
20450,17,4+,St8sia2,8.827584873454644
20451,0,0,St8sia3,3.2643108283294673
20452,0,0,St8sia4,11.722234710216869
20454,0,0,St3gal5,118.70633759568636
20459,0,0,Ptk6,NA
20460,0,0,Stil,514.9250912607628
20462,0,0,Tra2b,3187.722315121556
20463,0,0,Cox7a2l,920.5722533645036
20464,0,0,Sim1,NA
20465,0,0,Sim2,2.0224713831888264
20466,22,4+,Sin3a,922.7149120741886
20467,0,0,Sin3b,961.0986282613254
20469,2,2,Sipa1,30.810902521231995
20471,0,0,Six1,56.497470824064166
20472,0,0,Six2,17.172583241655765
20473,0,0,Six3,8.467350559018854
20474,0,0,Six4,194.34606481443305
20475,49,4+,Six5,81.33495883596608
20476,0,0,Six6,NA
20479,0,0,Vps4b,1369.918580407864
20480,0,0,Clpb,293.4449637824919
20481,10,4+,Ski,1298.0093951610593
20482,0,0,Skil,412.2076929648638
20491,1,1,Sla,NA
20492,5,4+,Slbp,1479.181736420995
20493,13,4+,Slc10a1,NA
20494,0,0,Slc10a2,NA
20495,0,0,Slc12a1,NA
20496,0,0,Slc12a2,763.1423948504003
20497,4,4+,Slc12a3,0.7066825974441248
20498,4,4+,Slc12a4,109.62036889328031
20499,0,0,Slc12a7,248.37212135615783
20500,0,0,Slc13a2,5.475670412727182
20501,0,0,Slc16a1,463.90509725734216
20502,0,0,Slc16a2,10.509165295936096
20503,4,4+,Slc16a7,18.29459816804909
20504,11,4+,Slc17a1,NA
20505,2,2,Slc34a1,NA
20508,0,0,Slc18a3,8.193553565997492
20509,30,4+,Slc19a1,40.491666742504435
20510,4,4+,Slc1a1,37.54317392355348
20511,0,0,Slc1a2,0.7483155725514775
20512,0,0,Slc1a3,90.5293403331841
20513,0,0,Slc1a6,1.3299467350702148
20514,19,4+,Slc1a5,226.9018348946796
20515,0,0,Slc20a1,1225.783545276758
20516,0,0,Slc20a2,130.51638751350004
20517,6,4+,Slc22a1,NA
20518,6,4+,Slc22a2,NA
20519,0,0,Slc22a3,NA
20520,1,1,Slc22a5,4.090229453582191
20521,16,4+,Slc22a12,NA
20522,0,0,Slc23a1,53.08406103045088
20523,0,0,Slc25a14,50.60754915730012
20524,11,4+,Slc25a17,1048.3976089634075
20525,0,0,Slc2a1,1915.5027081156124
20526,0,0,Slc2a2,2.4713473837096567
20527,13,4+,Slc2a3,5853.268160792507
20528,6,4+,Slc2a4,1.6544300193826469
20529,0,0,Slc31a1,187.6214445761513
20530,5,4+,Slc31a2,58.804936026785576
20531,2,2,Slc34a2,1.2804526381372558
20532,0,0,Slc3a1,0.9694095445421654
20533,0,0,Slc4a1,1.8031572735401016
20534,0,0,Slc4a1ap,272.06360534495997
20535,0,0,Slc4a2,115.25732998655006
20536,0,0,Slc4a3,12.610805944853407
20537,4,4+,Slc5a1,11.563447755398911
20538,0,0,Slc6a2,1.2927642489968445
20539,0,0,Slc7a5,1454.1754228008183
20540,0,0,Slc7a7,279.3399520710574
20541,0,0,Slc8a1,1.5579181039985068
20544,0,0,Slc9a1,107.21438584249223
20555,0,0,Slfn1,NA
20556,1,1,Slfn2,NA
20557,7,4+,Slfn3,NA
20558,1,1,Slfn4,NA
20562,0,0,Slit1,NA
20563,0,0,Slit2,7.0125097602887205
20564,0,0,Slit3,17.74437078516845
20568,0,0,Slpi,1.014472088341577
20583,0,0,Snai2,12.74595214242024
20585,7,4+,Hltf,149.86119384879828
20586,2,2,Smarca4,363.9839916945711
20587,0,0,Smarcb1,498.7810976382557
20588,0,0,Smarcc1,1702.56843143167
20589,0,0,Ighmbp2,28.937555448989816
20591,0,0,Kdm5c,910.6966608929372
20595,0,0,Smn1,717.1946061482296
20597,0,0,Smpd1,50.053331685447475
20598,0,0,Smpd2,35.67553114695665
20599,0,0,Smr3a,2.083729278869404
20600,0,0,Smr2,NA
20602,0,0,Ncor2,116.47522124519269
20603,0,0,Sms,893.6031661244322
20604,0,0,Sst,1.5371968742237907
20605,0,0,Sstr1,NA
20606,0,0,Sstr2,1.618163650042506
20607,0,0,Sstr3,NA
20608,0,0,Sstr4,NA
20609,0,0,Sstr5,0.8324942391861312
20610,6,4+,Sumo3,1980.2018894206713
20612,0,0,Siglec1,NA
20613,13,4+,Snai1,16.404273983501813
20614,5,4+,Snap25,2.2611066841618572
20615,18,4+,Snapin,426.2829982512379
20616,0,0,Snap91,9.904803665631116
20617,0,0,Snca,3.5691784933532587
20618,5,4+,Sncg,46.00207351581093
20619,0,0,Snap23,134.16327933287008
20620,0,0,Plk2,519.3147434864352
20621,0,0,Snn,50.548939294186226
20623,0,0,Snrk,86.4388703468943
20624,8,4+,Eftud2,576.856013112837
20630,0,0,Snrpc,1033.3542916350975
20637,8,4+,Snrnp70,2001.4507573094045
20638,0,0,Snrpb,1816.6175392422672
20639,0,0,Snrpb2,1789.904581956471
20641,9,4+,Snrpd1,1854.1117681632552
20643,0,0,Snrpe,4416.59947125755
20646,1,1,Snrpn,1344.8739203707846
20648,0,0,Snta1,44.51287097327427
20649,0,0,Sntb1,92.09683100151622
20650,14,4+,Sntb2,158.39480685478458
20652,2,2,Soat1,464.89492038770373
20655,0,0,Sod1,3879.5200253178177
20656,0,0,Sod2,1432.3124749592273
20657,0,0,Sod3,NA
20658,4,4+,Son,2308.1800659936703
20660,0,0,Sorl1,376.94985190897074
20661,0,0,Sort1,89.96257572435206
20662,1,1,Sos1,199.5216882002659
20663,0,0,Sos2,47.62808966922267
20664,5,4+,Sox1,17.50505288156448
20665,39,4+,Sox10,34.01179724702346
20666,0,0,Sox11,654.9240322841085
20667,7,4+,Sox12,184.02181683487785
20668,0,0,Sox13,463.9360392852499
20669,0,0,Sox14,NA
20670,25,4+,Sox15,400.5676902742608
20671,0,0,Sox17,68.82984187248556
20672,0,0,Sox18,1.770782817773055
20674,0,0,Sox2,12258.163069281056
20675,0,0,Sox3,129.68062931668516
20677,0,0,Sox4,553.5983597682268
20678,0,0,Sox5,2.584179650954922
20679,0,0,Sox6,11.116843247625724
20680,0,0,Sox7,21.010614747126233
20681,7,4+,Sox8,2.4289182771254376
20682,0,0,Sox9,19.372305637980077
20683,0,0,Sp1,2924.165228542088
20684,0,0,Sp100,3.718540982881474
20686,1,1,Spa17,13.124691501683074
20687,0,0,Sp3,212.318744104634
20688,0,0,Sp4,29.821114315066968
20689,0,0,Sall3,53.76808444061475
20690,0,0,Spam1,NA
20692,0,0,Sparc,2645.196919758844
20698,12,4+,Sphk1,1.556584374548714
20700,0,0,Serpina1a,NA
20701,0,0,Serpina1b,NA
20702,0,0,Serpina1c,NA
20703,0,0,Serpina1d,NA
20704,0,0,Serpina1e,NA
20706,0,0,Serpinb9b,150.52634145812064
20707,0,0,Serpinb9c,NA
20708,0,0,Serpinb6b,4.11133157365621
20709,0,0,Serpinb9f,NA
20710,0,0,Serpinb9e,1.526683695656223
20713,10,4+,Serpini1,23.407884473076457
20714,0,0,Serpina3k,NA
20715,0,0,Serpina3g,NA
207151,0,0,Slc22a19,NA
207157,0,0,Gm9871,NA
20716,10,4+,Serpina3n,NA
207165,0,0,Bptf,904.1740527432696
20717,0,0,Serpina3m,3.244264084984367
207175,0,0,Cetn4,26.979462722245213
207181,0,0,Rbms3,4.311790549979218
207182,0,0,Ggt7,1.556819936791428
20719,0,0,Serpinb6a,554.4022004015491
20720,0,0,Serpine2,254.50848976743004
207209,6,4+,Ccdc154,NA
207212,31,4+,Arhgef17,85.01853610881417
207213,0,0,Tdpoz1,NA
207214,2,2,Larp4,1220.7868894957064
207215,0,0,Fbxo40,NA
207227,0,0,Stxbp5l,NA
20723,0,0,Serpinb9,110.05207566405548
20724,0,0,Serpinb5,1.5613202303391422
20725,0,0,Serpinb8,5.213201242155256
207259,0,0,Zbtb7c,55.193209338622296
20726,0,0,Serpinb9d,0.663769544008265
207278,0,0,Fchsd2,191.85120344983557
20728,0,0,Spic,13.185813870228673
20729,0,0,Spin1,839.2983186958595
20730,3,3,Spink1,84.90603049328321
207304,0,0,Hectd1,362.4870863467152
20731,0,0,Spink4,NA
20732,0,0,Spint1,190.26652974219755
20733,0,0,Spint2,1280.9409046459502
207352,1,1,Sec23ip,191.16150054003796
20737,0,0,Spn,45.92244237213988
207375,0,0,Fam120c,2.0133474729073813
20738,0,0,Spn-ps,NA
20739,0,0,Spta1,22.12626030745148
207393,23,4+,Elfn2,0.7953631358200205
20740,2,2,Sptan1,2889.547177723656
20741,0,0,Sptb,96.941093112896
20742,0,0,Sptbn1,1111.3433770497263
207425,0,0,Wdr11,129.10557366077407
20743,3,3,Sptbn2,207.33129981699068
20744,0,0,Strbp,859.7895387791023
20745,0,0,Spock1,3.4910001539089075
20747,5,4+,Spop,236.9929659264473
207474,0,0,Kctd12b,3.210185997587712
207495,10,4+,Baiap2l2,11.815031744188977
20750,0,0,Spp1,498.5040745677472
20751,19,4+,Spr,510.3368923057709
207521,0,0,Dtx4,27.10708383359372
20753,0,0,Sprr1a,63.46721740838161
20754,0,0,Sprr1b,NA
20755,0,0,Sprr2a1,NA
20756,0,0,Sprr2b,2.3223417008408784
207565,10,4+,Camkk2,180.86171590415552
20758,0,0,Sprr2d,NA
20759,0,0,Sprr2e,4.534266174686654
207592,5,4+,Tbc1d16,233.5595792130329
207596,0,0,Thsd4,1.9013640905615976
20760,0,0,Sprr2f,NA
207607,6,4+,Ccdc40,40.18997681370397
20761,0,0,Sprr2g,NA
207615,0,0,Wdr37,107.3090198871138
207618,0,0,Zfp804b,NA
20762,0,0,Sprr2h,NA
20763,0,0,Sprr2i,NA
20764,0,0,Sprr2j-ps,NA
20765,0,0,Sprr2k,1.1139888383445682
20766,0,0,Sprr3,NA
207667,0,0,Skor1,13.870566542234428
20768,4,4+,Sephs2,227.14897488512952
207683,0,0,Igsf11,34.0639518962975
207686,0,0,Cfap69,11.249217664168004
20770,0,0,Mucl2,NA
207704,6,4+,Gtpbp10,164.9777256367386
20771,0,0,Mucl1,NA
207728,13,4+,Pde2a,29.01600745199185
20773,0,0,Sptlc2,413.3359166584878
207740,7,4+,Ubald1,1101.4661311630457
207742,2,2,Rnf43,1.859159557489563
20775,0,0,Sqle,593.4369822644294
20776,0,0,Tmie,2.6614578874896746
207777,16,4+,Tspoap1,4.328035662495811
20778,0,0,Scarb1,152.35436306702334
207781,0,0,C2cd2,23.36810672020299
207785,0,0,Csrnp2,179.94598314533053
20779,0,0,Src,1550.9736247435185
207792,0,0,BC034090,4.159535463107335
207798,11,4+,Gramd1c,5.47439877869454
207806,0,0,Usf3,86.0569849653872
207818,0,0,Smagp,106.9072868838562
207819,0,0,Bnip5,NA
207839,19,4+,Galnt6,13.00375694023317
207854,0,0,Fmr1nb,232.1106370744832
20787,3,3,Srebf1,106.22472662873272
20788,2,2,Srebf2,490.546447086504
207911,0,0,Mchr1,NA
207920,39,4+,Esrp1,165.3139281573104
207921,8,4+,Fam228b,26.491774655835343
207932,5,4+,Urb1,190.98040326724072
207952,0,0,Klhl25,32.0902657087536
207958,0,0,Alg11,261.61914159759954
207965,3,3,Vcpkmt,31.074981081995933
208043,0,0,Setd1b,735.1736416666251
20807,0,0,Srf,142.65807171846495
208076,0,0,Pknox2,27.764486210073372
208079,0,0,A530053G22Rik,NA
208080,0,0,Ubap1l,3.605090195852712
208084,6,4+,Pif1,77.68592927056488
208092,9,4+,Chmp6,68.38931038737796
208098,1,1,Panx3,NA
20810,0,0,Srm,1197.1861330580869
208104,0,0,Mlxip,183.21369545285285
20811,17,4+,Srms,NA
208111,0,0,Zfp976,12.884664735734251
208117,0,0,Aph1b,2.8667693418188342
20813,0,0,Srp14,2353.074593091573
208144,0,0,Dhx37,40.72680845227506
208146,11,4+,Yeats2,159.0951192817091
20815,0,0,Srpk1,943.9953623879488
208151,0,0,Tmem132b,0.745792289751499
208154,0,0,Btla,5.299312445519588
208158,4,4+,Map6d1,5.761108717164053
208164,12,4+,Fam180a,NA
208166,0,0,Cd200l1,NA
208169,0,0,Slc9c1,NA
20817,0,0,Srpk2,528.8873978923144
208171,0,0,Tmprss7,NA
208177,0,0,Phldb2,780.2237528816381
20818,0,0,Srprb,293.14893462108574
208188,0,0,Ghsr,2.106008348237018
208194,0,0,Exog,123.41275916966671
208198,1,1,Btbd2,1428.0044499012524
20821,2,2,Trim21,8.905060310742025
208211,1,1,Alg1,57.93907388853179
208213,0,0,Tmem132c,3.361072172678519
20822,0,0,Ro60,393.2743018492153
208228,1,1,Mob3a,58.704560052428235
20823,2,2,Ssb,2115.0826187215284
208258,0,0,Ankrd33,NA
20826,3,3,Snu13,5117.541623590187
208263,0,0,Tor1aip1,124.64634728804424
208266,8,4+,Dot1l,708.0242719007028
208285,3,3,Cyp4f17,11.68533522467309
208292,0,0,Zfp871,256.1030963136229
20832,0,0,Ssr4,500.3434251793065
20833,0,0,Ssrp1,913.7399121770196
20834,15,4+,Znrf4,NA
208366,0,0,Rpp40,104.8470872233424
208372,0,0,Asb18,NA
20840,0,0,Stac,NA
20841,0,0,Zfp143,217.0160961164787
20842,0,0,Stag1,668.5590208411353
208426,0,0,Iqcj,NA
20843,0,0,Stag2,421.2918700156634
208431,0,0,Shroom4,45.4950337892224
208439,0,0,Klhl29,NA
20844,0,0,Stam,246.9244922886313
208440,0,0,Dip2c,65.06097328539967
208449,3,3,Sgms1,512.7688601115769
20845,0,0,Star,15.593027494799724
20846,0,0,Stat1,37.251878833154606
20847,8,4+,Stat2,71.5061896792076
20848,0,0,Stat3,1221.502177647223
20849,0,0,Stat4,12.788082302770826
20850,21,4+,Stat5a,9.166827127542744
208501,9,4+,Ndufaf8,175.05800414421253
20851,23,4+,Stat5b,25.86093798997721
208518,4,4+,Cep78,41.31378818860114
20852,0,0,Stat6,142.36907884248578
20853,6,4+,Stau1,284.9870159052777
20855,0,0,Stc1,1.6473928821737005
20856,0,0,Stc2,20.22645921477433
208583,0,0,Nek11,NA
20859,0,0,Sult2a1,NA
208595,0,0,Mterf1b,3.2565353064172826
20860,0,0,Sult1e1,NA
208606,1,1,Rsrc2,1102.2425333954695
20861,0,0,Stfa1,NA
208613,0,0,Tmem212,NA
208618,0,0,Etl4,815.6374228991199
20862,0,0,Stfa2,NA
208624,12,4+,Alg3,388.472505407251
208628,0,0,Kntc1,190.81824290331377
20863,7,4+,Stfa3,NA
208634,5,4+,Tspan10,NA
208638,0,0,Slc25a38,78.92206383297504
208643,0,0,Eif4g1,1424.522258006061
208647,9,4+,Creb3l2,67.15455614865041
208650,0,0,Cblb,89.75749847232183
208659,0,0,Fam20a,0.6007321095972905
20866,0,0,Stim1,271.0956233764557
208665,0,0,Akr1d1,NA
208666,20,4+,Diras1,NA
20867,13,4+,Stip1,4804.5945245681
208677,0,0,Creb3l3,2.473722103757829
20868,2,2,Stk10,208.48340561174103
20869,0,0,Stk11,193.3935088595025
208691,8,4+,Eif5a2,159.9985525338151
20871,10,4+,Aurkc,104.7776220214453
208715,0,0,Hmgcs1,722.3024188380907
208718,0,0,Dis3l2,27.94352205279591
20872,12,4+,Stk16,73.71805554707467
208727,0,0,Hdac4,153.56770325084273
20873,17,4+,Plk4,249.9813479568457
20874,0,0,Slk,293.0618127529473
208748,12,4+,Prrg3,96.26346204536505
208760,16,4+,Aqp12,NA
208768,5,4+,Sde2,601.8105349640946
20877,2,2,Aurkb,253.79252904419917
208777,1,1,Sned1,56.62692311629406
20878,3,3,Aurka,824.671276667787
208795,0,0,Tmem63a,20.354006157173455
208820,12,4+,Triqk,4.049637974696592
208836,5,4+,Fanci,250.482741459403
208846,0,0,Daam1,202.8919898533827
208869,3,3,Dock3,25.117391274743888
20887,4,4+,Sult1a1,NA
20888,1,1,Sult1c1,NA
208884,0,0,Zdhhc9,49.07549701884832
208890,0,0,Slc26a7,1.1018834408059002
208898,0,0,Unc13c,NA
20890,0,0,Wnt8a,2.9297142233157283
208908,3,3,Ccdc62,22.935449767611782
20892,15,4+,Cenpx,486.0266977766128
208922,0,0,Cpeb3,29.68769066164999
20893,0,0,Bhlhe40,139.6786936357721
208936,0,0,Adamts18,1.3185819596501316
208943,0,0,Myo5c,50.74976784569307
208967,0,0,Thnsl1,77.41236838797404
208968,0,0,Zfp280c,71.48115099047769
20897,5,4+,Stra6,22.886986079602
208982,0,0,Hmgcll1,41.37716086716564
20899,7,4+,Stra8,29.43218084100596
208990,0,0,Npb,1.213687439122462
208994,1,1,Fam83b,3.357426331542984
209003,0,0,Rbmx2,230.18905028828172
209005,0,0,Fsip2l,NA
20901,1,1,Strap,1003.2601309710548
209011,0,0,Sirt7,100.9399298111642
209012,14,4+,Ulk4,209.8026487286433
209018,0,0,Vps8,9.700981651210403
209027,0,0,Pycr1,25.48617029899187
209032,0,0,Zc3hav1l,169.0843215376446
209039,0,0,Tns2,10.857379768388087
209047,24,4+,Gipc3,NA
20907,0,0,Stx1a,129.93065413916244
20908,0,0,Stx3,466.89679275606846
209086,3,3,Samd9l,10.76538830743511
20909,0,0,Stx4a,51.94409028845175
209091,0,0,Ccnb3,NA
20910,11,4+,Stxbp1,90.0255458346609
20911,19,4+,Stxbp2,129.0476202973214
20912,0,0,Stxbp3,84.15319813705896
20913,0,0,Stxbp4,31.772854919701143
209131,24,4+,Snx30,123.10231002502428
20916,0,0,Sucla2,641.6393124176699
20917,0,0,Suclg2,337.36411699137415
209176,0,0,Ido2,3.385699483120322
20918,3,3,Eif1,6156.962017300759
209186,0,0,Acnat2,NA
209195,0,0,Clic6,11.651522104656276
209200,0,0,Dtx3l,107.87181021239188
209212,22,4+,Osgin2,45.615554295430066
20922,9,4+,Supt4a,578.2331899643451
209224,0,0,Enox2,52.888495222734775
209225,0,0,Zfp710,1792.5366666230443
209232,0,0,Wfdc5,NA
209239,0,0,Gan,420.8368234042207
20924,8,4+,Supt5,310.3399542557262
20926,9,4+,Supt6,651.4167045490515
209268,0,0,Igsf1,6.913167554454462
20927,24,4+,Abcc8,NA
20928,10,4+,Abcc9,NA
209294,0,0,Csta1,NA
20930,20,4+,Surf1,74.80576359519355
20931,20,4+,Surf2,97.49484007194198
209318,7,4+,Gps1,396.0625769080711
20932,19,4+,Surf4,1450.8778857688935
20933,9,4+,Med22,153.80047010742874
209334,4,4+,Gen1,724.833735033451
20935,1,1,Surf6,312.87886431667494
209351,3,3,Wfdc6a,NA
209354,3,3,Eif2b1,413.4270415827603
209357,3,3,Gtf2h3,133.3738085577916
209361,0,0,Taf3,313.7116409332871
20937,3,3,Suv39h1,587.7546330804638
209378,1,1,Itih5,2.4134926737178732
209387,0,0,Trim30d,2.2423094135610513
20939,0,0,Sva,1.3163696106569736
20941,0,0,Svs4,NA
209416,0,0,Gpkow,165.0511726035214
20944,0,0,Svs5,NA
209446,0,0,Tfe3,403.6536738910872
209448,9,4+,Hoxc10,4.80384430214562
20945,1,1,Svs6,NA
209456,0,0,Trp53bp2,159.96798237521017
209462,0,0,Hace1,103.20777385720648
20947,0,0,Swap70,136.8129860622563
209478,0,0,Tbc1d12,66.37379914047456
209488,2,2,Hsh2d,NA
209497,0,0,Tmem164,61.77930466692624
209512,0,0,Taar2,NA
209513,0,0,Taar4,NA
209517,0,0,Taar7b,NA
209540,4,4+,Rtl9,NA
209550,0,0,Rad51ap2,1.609079816959072
209558,0,0,Enpp3,84.83517489490563
20957,0,0,Sycp1,23.0266561344399
20958,0,0,Sycp1-ps1,NA
209584,0,0,Tyw3,44.51362399576657
209586,0,0,Nudcd3,679.8806860442347
209588,0,0,Sectm1a,NA
209590,0,0,Il23r,NA
209601,0,0,Erich3,NA
20962,0,0,Sycp3,266.8102361839211
20963,0,0,Syk,124.09060393412696
209630,0,0,Frmd4a,90.21451009905874
20964,0,0,Syn1,238.95220326936044
209645,4,4+,Bend7,7.279428402465715
20965,0,0,Syn2,0.6998258338825882
209683,0,0,Ttc28,233.2909597825427
20969,8,4+,Sdc1,81.98882581217434
209692,0,0,Dhtkd1,85.20958502340093
20970,0,0,Sdc3,54.73842717215169
209707,0,0,Lcorl,75.86208578844236
20971,3,3,Sdc4,235.8453429559688
20972,0,0,Syngr1,125.47074358040726
20973,8,4+,Syngr2,254.6391067262159
209737,1,1,Kif15,277.2595215115913
20974,21,4+,Syngr3,26.463186629509774
209743,0,0,Minar1,1.7662910089702704
20975,21,4+,Synj2,22.62443080621473
209760,0,0,Tmc7,7.912973817329636
20977,0,0,Syp,13.638990201046084
209773,0,0,Dennd2a,106.10346734568178
209776,0,0,Gpr139,NA
20979,0,0,Syt1,15.633778918638091
20980,18,4+,Syt2,1.911318227027512
20981,0,0,Syt3,33.19586974982917
209815,3,3,Tbc1d25,236.148918312623
209824,0,0,Vmn1r183,NA
20983,0,0,Syt4,4.137639766763348
209837,0,0,Slc38a5,6.3662130340882666
209966,0,0,Pgbd5,19.804122179962448
20997,0,0,T,72.13689019466291
210004,0,0,B3gntl1,46.873886758042815
210009,0,0,Mtrr,169.82996362684767
210027,0,0,Slc35f3,2.851392603001027
210029,6,4+,Metrnl,16.1854486762625
210035,0,0,Nemp1,132.76435590017587
210044,0,0,Adcy2,28.709830239360446
210045,0,0,Nlrp4b,NA
210094,8,4+,Iglon5,3.3149462725305305
210104,3,3,Zfp175,NA
210105,1,1,Zfp719,55.13681749805508
210106,0,0,Tent4a,221.7151333237323
210108,0,0,D130043K22Rik,NA
210126,8,4+,Lpp,1089.8133769893052
210135,8,4+,Zfp180,80.97907212629578
210145,0,0,Irgc,NA
210146,0,0,Irgq,20.388138487435953
210148,0,0,Slc30a6,186.14769699800996
210155,13,4+,Lypd11,NA
210162,0,0,Zkscan2,4.392887583696034
210172,0,0,Zfp526,10.292104434007518
210198,0,0,Gprc6a,NA
210274,3,3,Shank2,2.9247862450055777
210293,0,0,Dock10,6.182600892410558
210297,0,0,Lrch2,52.53778936501775
210321,0,0,BC048679,2.110168056439906
210356,0,0,Nckap5,4.718856287841884
210376,0,0,Mtmr9,290.67298209879044
210417,0,0,Thsd7b,NA
210463,0,0,Slc22a22,NA
210503,0,0,Zfp677,7.478028965466947
210510,0,0,Tdrd6,NA
210529,0,0,Mettl14,241.38534634632975
210530,0,0,P3h2,5.043395183751809
210535,8,4+,Timd5,NA
210544,0,0,Tbc1d31,129.35526335528252
210554,0,0,Hus1b,8.85652686040392
210573,3,3,Tmem151b,27.98263707796535
210582,3,3,Coq10a,73.1551922858436
210622,0,0,Pamr1,NA
210673,0,0,Prrt3,31.560482306793823
210710,0,0,Gab3,3.0951844075761774
210711,0,0,Mcmbp,443.7021284588643
210719,29,4+,Mkx,14.972214956735916
210741,0,0,Kcnk12,1.7672991980493786
210757,0,0,Themis,4.032967668134683
210762,22,4+,Ppp1r36,15.05836795566032
210766,0,0,Brcc3,108.53193896053936
210789,0,0,Tbc1d4,7.11598359278042
210801,0,0,Unc5d,1.983464113370904
210808,0,0,Lacc1,97.2738096654726
210853,0,0,Zfp947,13.82652721058422
210876,1,1,Vmn2r111,NA
210925,0,0,Ints9,301.9257576916963
210933,0,0,Adgrb3,0.8562428509301531
210940,0,0,Spata31e2,NA
210962,0,0,Spata31e5,NA
210973,0,0,Kbtbd2,199.80560441062377
210982,20,4+,Bicral,387.46968330759546
210992,0,0,Lpcat1,130.0750467605425
210998,0,0,Fam91a1,652.6767727578616
211001,0,0,8030423F21Rik,NA
211006,0,0,Sepsecs,75.910681464267
211007,0,0,Trim41,764.879698854044
211039,0,0,BC016548,NA
211064,0,0,Alkbh1,298.60441569346335
211134,0,0,Lzts1,3.133654113740251
211135,0,0,Zfp781a,NA
211147,27,4+,Marchf11,NA
211151,0,0,Churc1,90.10444044080953
211187,0,0,Lrtm2,1.378383180351238
211208,0,0,Gm382,NA
211223,0,0,Vmn2r15,NA
211228,5,4+,Lrrc25,NA
211232,19,4+,Cpne9,7.210807039736751
211253,0,0,Mtrf1,37.50007839768906
211255,0,0,Kbtbd7,371.7855218978184
211286,0,0,Cln5,71.12362159919911
211305,4,4+,Fbxw13,NA
211323,0,0,Nrg1,39.472127536769975
211329,0,0,Ncoa7,115.86300076242534
211347,3,3,Pank3,580.0597187306422
211378,0,0,Zfp1008,NA
211383,7,4+,Amer3,NA
211389,0,0,Suox,108.59581591215934
211401,0,0,Mtss1,238.27183075519983
211429,0,0,Pla2g4b,6.365351275812551
211446,3,3,Exoc3,121.14580382914669
211468,0,0,Kcnh8,NA
211472,10,4+,Or2y8,NA
211480,0,0,Kcnj14,2.363537161071318
211482,0,0,Efhb,3.799102886922947
211484,0,0,Tsga10,33.656433909662724
211488,0,0,Ado,192.684719178555
211496,0,0,4932415M13Rik,NA
211499,0,0,Tmem87a,159.95124004348256
211535,0,0,Odad1,NA
211548,0,0,Nomo1,547.532398649043
211550,0,0,Tifa,NA
211556,0,0,Ap1ar,570.0295537873931
211577,0,0,Mrgprf,1.4050244107465202
211578,0,0,Mrgprd,NA
211586,0,0,Tfdp2,297.0847513953481
211612,0,0,Ptchd1,3.207560435477495
211623,0,0,Plac9,NA
211651,0,0,Fancd2,155.37141527824622
211652,7,4+,Wwc1,135.01072362969353
211660,13,4+,Cspp1,274.70300055878647
211666,0,0,Mgst2,2.1084918688457432
211673,12,4+,Arfgef1,383.96300631714263
211712,0,0,Pcdh9,NA
211739,0,0,Vstm2a,NA
211770,0,0,Trib1,151.93781276033187
211798,0,0,Mfsd9,6.444241247667634
211896,0,0,Depdc7,72.86315228339578
211914,0,0,Asap2,44.3337177681976
211922,1,1,Dennd6a,216.96454002218255
211924,0,0,Dsg1c,NA
211936,4,4+,Ccdc73,19.591360919962664
211945,0,0,Plekhh1,294.8650575161636
211948,0,0,Pde12,256.71955210372784
211949,0,0,Spsb4,29.36714552599704
211961,0,0,Asxl3,11.348704779412545
211978,5,4+,Zfyve26,64.93984235713167
211986,0,0,Tmem18,92.477399375749485
212032,4,4+,Hk3,NA
212070,0,0,Clrn3,NA
212073,0,0,Syne3,4.5372026993621235
212085,6,4+,Trim52,14.6767151864037
212090,23,4+,Tmem60,417.588643683118
212108,2,2,Rln3,NA
212111,0,0,Inpp5a,81.64993003057855
212114,2,2,Nhlrc3,58.72822876054806
212123,4,4+,Dcaf15,520.7958345216994
212124,9,4+,Cfap46,NA
212127,2,2,Proser1,125.14874769618268
212139,0,0,Cc2d1a,44.74406199516597
212153,0,0,Ccdc191,35.41239113605168
212163,0,0,Ark2n,NA
212167,0,0,Gsap,33.99650440110145
212168,0,0,Zswim4,1183.1917753734758
212190,1,1,Ubxn10,17.556278509622263
212198,1,1,Wdr25,19.39746030630806
212225,0,0,Stk-ps2,NA
212276,0,0,Zfp748,79.92232433177766
212281,0,0,Zfp729a,85.73788731415135
212285,0,0,Arap2,303.1297101085102
212307,0,0,Mapre2,450.24853228502377
212326,0,0,Fam149a,19.562977410909145
212377,13,4+,Mms22l,594.3406950700934
212390,12,4+,Klhl32,14.325720328200193
212391,1,1,Lcor,31.003472493461764
212392,0,0,Ccdc110,NA
212398,0,0,Frat2,123.71356204379504
212439,0,0,AA986860,9.018650088734873
212442,16,4+,Lactb2,267.13042020656565
212448,0,0,9330159F19Rik,60.19789231706643
212483,3,3,Fam193b,216.46514959176247
212503,0,0,Paox,237.83100349420835
212508,0,0,Mtg1,84.72452546828494
212514,0,0,Spice1,355.6537723327033
212516,1,1,Efcab12,5.086246165921651
212517,0,0,Cfap44,1.8232024099695572
212518,0,0,Sprn,1.936153329964459
212528,0,0,Trmt1,261.1946347144951
212531,0,0,Sh3bgrl2,375.1820275074662
212539,0,0,Gm266,8.71215169778087
212541,3,3,Rho,NA
212547,0,0,Nepro,148.06693110953643
212555,0,0,Slc66a1,NA
212569,0,0,Zfp273,8.661259433728087
212627,0,0,Prpsap2,431.80324179161966
212632,1,1,Iffo2,301.3043446038906
212647,5,4+,Aldh4a1,514.3387703722028
212670,0,0,Catsper2,11.82222093240532
212679,6,4+,Mars2,108.92372391260886
212706,8,4+,N4bp3,49.858797230493295
212712,8,4+,Satb2,98.42911955388546
212728,3,3,Tarbp1,85.00443597624275
212733,0,0,Bicdl2,1.9530253647375888
212772,0,0,Arl14ep,188.62530303768617
212862,0,0,Chpt1,96.47574020199428
212880,15,4+,Ddx46,579.8897124652557
212892,7,4+,Rsph4a,12.40359106854826
212898,0,0,Dse,403.62489814846526
212919,0,0,Kctd7,7.754739109801201
212933,8,4+,Pm20d1,20.639995226223427
212937,0,0,Tifab,0.6382569886137469
212943,0,0,Tent5a,24.458544068026452
212952,0,0,Mageb11,NA
212965,10,4+,BC024386,11.796050450908552
212974,20,4+,Pgghg,19.622150756801307
212980,0,0,Slc45a3,11.51885432657181
212986,0,0,Scfd2,62.26727581805737
212989,15,4+,Best2,1.7988233521969996
212996,6,4+,Galnt17,11.817768002080047
212998,0,0,BC016579,NA
212999,0,0,Tnpo2,1601.1547114286689
213002,9,4+,Ifitm6,1.403004011007683
213006,25,4+,Mfsd4a,NA
213011,3,3,Zfp583,20.254253110817785
213012,0,0,Abhd10,288.83571859970584
213019,0,0,Pdlim2,109.31545992541191
213027,0,0,Evi5l,18.93372557383716
213043,10,4+,Aox2,NA
213053,0,0,Slc39a14,138.2578987837714
213054,0,0,Gabpb2,202.53090422340583
213056,0,0,Hycc2,NA
213068,0,0,Tmem71,NA
213081,0,0,Wdr19,29.444511773889477
213084,0,0,Cdkl3,22.15788392040578
213109,0,0,Phf3,1149.4512365340918
213119,12,4+,Itga10,4.7217182166594425
213121,0,0,Ankrd35,4.372417397218066
213171,0,0,Prss27,NA
213208,6,4+,Il20rb,14.10502932060443
213211,0,0,Rnf26,14.26670456073752
213233,0,0,Tapbpl,7.030790922577105
213234,0,0,Zbbx,3.6691880407322466
213236,0,0,Dnd1,33.16991114079547
213248,0,0,Wdr49,NA
213262,0,0,Fstl5,4.818647231394617
213272,0,0,Txndc2,NA
21331,0,0,T2,NA
213311,5,4+,Fbxl21,3.362322207868335
213326,6,4+,Scyl2,230.4689607130522
21333,19,4+,Tac1,NA
213332,4,4+,Mfsd4b4,14.227864989441407
21334,3,3,Tac2,3.2743700283462975
21335,8,4+,Tacc3,642.6027634388691
213350,0,0,Gatd1,183.80024584382656
21336,0,0,Tacr1,NA
21337,0,0,Tacr2,NA
21338,0,0,Tacr3,3.2037132821887444
213389,9,4+,Prdm9,10.06009071411384
21339,0,0,Taf1a,176.07494402204478
213391,5,4+,Rassf4,25.645179817416384
213393,18,4+,Depp1,NA
21340,0,0,Taf1b,51.71656589833041
213402,9,4+,Armc2,16.758419846517736
213409,26,4+,Lemd1,7.280760988310304
21341,0,0,Taf1c,58.588130765483385
213417,12,4+,Klhdc8a,8.256770632158593
21343,8,4+,Taf6,292.28765266095206
213435,16,4+,Mylk3,NA
213436,0,0,Rtl3,NA
213438,0,0,P2ry10b,1.5793360445791875
213439,0,0,Gpr174,NA
213449,0,0,Tent5d,NA
21345,0,0,Tagln,1695.8616336740592
213450,0,0,Wmp,NA
213452,0,0,Dstyk,63.70880187362912
21346,0,0,Tagln2,3609.680437076811
213464,0,0,Rbbp5,963.019588770546
213469,0,0,Lgi3,NA
213484,6,4+,Nudt18,86.45206823347803
21349,0,0,Tal1,5.879744594668099
213491,12,4+,Szrd1,373.0168953266327
213498,0,0,Arhgef11,24.81837845506016
213499,23,4+,Fbxo42,445.59286102434055
21350,15,4+,Tal2,1.5334489256303303
21351,0,0,Taldo1,1466.273038506073
213522,7,4+,Plekhg6,16.652774206367596
213527,0,0,Pth2r,NA
21353,0,0,Tank,52.22747518002396
213539,4,4+,Bag2,59.377945307895416
21354,24,4+,Tap1,44.833305546811246
213541,2,2,Ythdf2,484.63398632941914
21355,3,3,Tap2,3.555820126451028
213550,0,0,Dis3l,57.076563094546806
213556,5,4+,Plekhh2,45.435248159384926
21356,0,0,Tapbp,378.3603710197158
21357,4,4+,Tarbp2,411.714835460019
213573,0,0,Cracr2b,24.4001598756037
213575,0,0,Dync2li1,51.00771238940445
213582,0,0,Map9,67.72233898496124
213603,2,2,Slc44a3,1.1782314669224383
213649,0,0,Arhgef19,26.983909487968
21366,22,4+,Slc6a6,1354.9923822813666
21367,0,0,Cntn2,18.522641103618575
213673,2,2,9530068E07Rik,54.83712643354499
213696,2,2,Duoxa1,NA
21371,3,3,Tbca,3010.7746510144325
21372,0,0,Tbl1x,1045.6025957259462
21374,0,0,Tbp,513.8573466524524
213742,0,0,Xist,305.5097676369221
21375,0,0,Tbr1,5.863322183944263
213753,0,0,Zfp598,314.68160247991256
21376,0,0,Tbrg1,1292.3649383234178
213760,0,0,Prepl,65.95754908158212
213765,0,0,Nutm1,NA
213773,16,4+,Tbl3,210.4271792669394
213783,8,4+,Plekhg1,27.58220404282885
213788,0,0,Chrm5,NA
21379,9,4+,Tbrg4,313.9140068175585
21380,0,0,Tbx1,NA
213819,30,4+,Casd1,133.01779226879816
213827,0,0,Arcn1,362.97444667207407
21384,0,0,Tbx15,7.901428528497001
21385,19,4+,Tbx2,2.3039668212657376
21386,0,0,Tbx3,558.152871368991
21387,0,0,Tbx4,4.886550049621847
21388,1,1,Tbx5,NA
21389,7,4+,Tbx6,12.0005784321553
213895,0,0,Bms1,492.0593268076426
21390,8,4+,Tbxa2r,4.063455948661948
21391,0,0,Tbxas1,NA
21393,0,0,Tcap,NA
213945,0,0,Col28a1,NA
213948,7,4+,Atg9b,17.559282507425678
213956,0,0,Fam83f,1.1774383591077346
213980,0,0,Fbxw10,1.851820293673124
213988,0,0,Tnrc6b,197.55193861150417
213989,0,0,Tmem82,8.903889548579235
21399,5,4+,Tcea1,1194.1056444359513
213990,0,0,Agap3,136.89203347279226
213993,0,0,Ccdc186,96.90870477229788
21400,0,0,Tcea2,30.85036503304126
21401,0,0,Tcea3,175.6180648667133
21402,18,4+,Skp1,NA
214048,0,0,Larp1b,96.4071975540962
21405,0,0,Hnf1a,15.942874278756
214058,0,0,Megf11,16.848140471767003
21406,0,0,Tcf12,303.5955051050704
214063,1,1,Dnajc16,40.69850633782277
21407,0,0,Tcf15,298.2010743370579
21408,0,0,Zfp354a,22.395786664864985
214084,0,0,Slc18a2,1.2778529288611542
21410,3,3,Hnf1b,4.4461062558745015
214105,5,4+,Sox30,NA
214106,0,0,4933430I17Rik,1.0692592833416608
21411,9,4+,Tcf20,270.6838894805976
214111,0,0,Slc24a1,2.3792833676830676
214112,26,4+,Nipal4,7.213857635470721
21412,0,0,Tcf21,NA
21413,0,0,Tcf4,454.4011261679932
214133,0,0,Tet2,255.55013454727464
214137,0,0,Arhgap29,171.1560233192048
21414,4,4+,Tcf7,160.3944137339551
21415,5,4+,Tcf7l1,5105.627581421933
214150,0,0,Ago3,145.39758588364947
214158,0,0,Trim38,1.18470971823395
21416,12,4+,Tcf7l2,358.81284301725816
214162,0,0,Kmt2a,439.5656143652964
21417,38,4+,Zeb1,61.643936802515874
21418,0,0,Tfap2a,34.099350151347934
214189,0,0,Scgn,1.5806240295212317
21419,0,0,Tfap2b,NA
214191,0,0,Ttc24,NA
21420,0,0,Tfap2c,300.8323296756173
21422,0,0,Tfcp2,95.55994510203598
21423,0,0,Tcf3,459.01407307405015
214230,0,0,Pak6,21.22725734283377
214239,0,0,Ccdc9b,0.746537865158539
214240,0,0,Disp2,2.9008948446171896
21425,2,2,Tfeb,44.034668794569754
214253,10,4+,Etnk2,34.67675843916349
214254,0,0,Nudt15,28.068075636377376
21426,0,0,Tfec,2.0069801214855985
21427,0,0,Vps72,1410.5074034738225
21428,0,0,Mlx,233.2060959547632
21429,14,4+,Ubtf,387.94940852654247
214290,0,0,Tut7,167.81873135211694
214292,0,0,Syna,NA
214301,8,4+,Crygn,2.779901483927631
214305,17,4+,Hhipl1,0.8640916065549518
21432,0,0,Tcl1,346.5382250711978
214321,3,3,Gm4787,NA
214345,9,4+,Lrrc1,102.41297637200626
214359,0,0,Tmem51,171.75214493039
214384,0,0,Myocd,1.729374010265138
214403,0,0,Cfhr4,NA
214424,1,1,Parp16,37.44581746330705
214425,0,0,Cilp,NA
214444,0,0,Cdk5rap2,75.26237908401576
214459,0,0,Fnbp1l,512.196103523906
214469,3,3,Fam168b,720.1405922242543
214489,0,0,Uqcc4,NA
214498,0,0,Cdc73,821.698079366314
214505,0,0,Gnptg,59.208734960046336
21452,9,4+,Tcn2,46.2786725856651
214523,0,0,Tmprss4,0.867893945476005
21453,4,4+,Tcof1,8646.958623785964
214531,10,4+,Tmprss13,1.1696169564075998
21454,0,0,Tcp1,2657.6636724083032
214547,0,0,She,132.9497191400553
214552,0,0,Cep164,211.62478503151175
214568,6,4+,Gm136,NA
214572,19,4+,Prmt7,312.94028105565536
214575,5,4+,Tdrd5,11.97613858745984
214579,0,0,Aldh5a1,79.82495439040464
214580,0,0,Pstk,101.72388931888368
214585,0,0,Spg11,31.803679360343686
214593,16,4+,Duox2,6.016186758133762
214597,0,0,Sidt2,198.00628927176976
214601,0,0,Slc10a3,65.98411084420412
21461,0,0,Tcp10a,NA
214616,0,0,Afg2b,NA
21462,0,0,Tcp10b,NA
214627,42,4+,Tent4b,640.4256710260051
21463,0,0,Tcp11,18.079899079318245
214639,0,0,4930486L24Rik,6.004270893259902
214642,10,4+,Cped1,5.03121773325051
214663,15,4+,Slc25a29,1.1857913682240988
214669,0,0,L3mbtl2,356.14984650564196
214685,20,4+,Chadl,1.6841100454530085
214704,0,0,Iqub,0.6388297781996246
214742,0,0,Rcor3,30.58516165515722
214763,0,0,Cgas,19.52997888991593
214764,0,0,Edrf1,76.22966813224738
214766,0,0,Mmp21,NA
214779,6,4+,Zfp879,1.7763025826539387
214791,27,4+,Sertad4,48.77592030419508
214804,0,0,Syde2,61.77323158957088
214812,0,0,Zfp609,266.097403109658
214854,0,0,Neurl3,2.1335938935660104
214855,17,4+,Arid5a,6.11237507997741
214895,0,0,Lman2l,51.543688147026515
214897,0,0,Csnk1g1,421.51608516134866
214899,0,0,Kdm5a,363.6788215500513
214901,23,4+,Chtf18,172.5981804002708
214917,1,1,Antkmt,NA
214922,0,0,Slc39a2,3.568767057665397
214931,23,4+,Fbxl16,30.389878208115025
214932,5,4+,Hdhd5,35.50602286372864
214944,21,4+,Mob3b,52.06577172561112
214951,0,0,Rhbdl1,5.736009144199599
214952,0,0,Rhot2,737.1559668989458
214968,0,0,Sema6d,2.6008901920701986
214987,11,4+,Chtf8,9.051956254381102
215001,6,4+,Wfikkn1,2.0876930864207335
215008,8,4+,Vezt,69.15304639098595
215015,0,0,Fam20b,108.16684360886886
215028,0,0,Prl3d2,NA
215029,0,0,Prl3d3,NA
215031,0,0,Vgll2,0.8759530617588958
215051,0,0,Bud13,125.81757675764982
215061,0,0,Trim50,NA
215085,0,0,Slc35f1,7.002817608714324
215090,1,1,Maneal,21.018625449651783
215095,0,0,Astl,NA
215113,0,0,Slc43a2,117.37544942740804
215114,0,0,Hip1,208.26497804923957
215160,0,0,Rhbdd2,168.56722549000773
215193,6,4+,Utp25,138.25853753606114
215194,0,0,Kri1,43.15981523628147
215201,0,0,Trmt2b,10.063502378290911
215210,0,0,Tmem120a,151.70064547353633
215243,0,0,Traf3ip3,NA
215257,8,4+,Il36g,NA
215274,3,3,Il1f10,NA
215280,0,0,Wipf1,43.13008102723492
215303,2,2,Camk1g,1.1392496026285417
215332,0,0,Slc36a3,NA
215335,13,4+,Slc36a1,45.461130271013765
215351,0,0,Senp6,383.59568888301465
215378,0,0,Brinp3,NA
215384,24,4+,Fcgbp,9.639205389307676
215387,0,0,Ncaph,558.7202448433579
215418,0,0,Csrnp1,654.0901699858409
215436,13,4+,Slc35e3,45.15038255450822
215445,9,4+,Rab11fip3,44.323768307003114
215446,4,4+,Entpd3,2.1965032196311465
215449,0,0,Rap1b,1646.4517810298194
215456,6,4+,Gpat2,31.588347901561455
215458,17,4+,Gm43915,NA
215467,0,0,Gm4791,NA
215472,0,0,Gm4792,NA
215474,5,4+,Sec22c,56.912737499021
215476,0,0,Prr14l,337.49982868745104
215493,8,4+,A3galt2,NA
215494,14,4+,Pomgnt2,26.298589997436487
215512,5,4+,Fam117a,480.3981687749253
215615,0,0,Rnpep,167.00269093109222
215627,0,0,Zbtb8b,13.551516794807773
215632,2,2,Psd4,17.2903826236256
215641,0,0,Mageb18,NA
215653,0,0,Rassf2,9.462680322629842
215654,7,4+,Cdh12,1.5898905790351734
215690,13,4+,Nav1,292.66389170116776
215693,0,0,Zmat1,2.880061659306204
215705,2,2,Arrdc1,57.51524728773904
215707,0,0,Ccdc92,204.8937291848556
215708,0,0,Miga1,141.35883809836469
215714,0,0,Gm4793,NA
215723,0,0,Mfsd6l,NA
215728,0,0,Ulbp3,NA
215748,0,0,Cnksr3,43.63757024438372
215751,0,0,Ginm1,83.86071080901935
215772,0,0,Adgb,NA
215789,0,0,Phactr2,35.32951874173015
215798,0,0,Adgrg6,8.826461030248735
215814,0,0,Ccdc28a,68.84159513177687
215819,0,0,Nhsl1,68.53425761372847
215821,0,0,Arfgef3,41.03311725664952
215854,0,0,Taar5,NA
215855,1,1,Taar6,NA
215856,0,0,Taar7a,NA
215859,0,0,Taar8a,NA
215890,0,0,Clvs2,13.610164594377872
215895,0,0,Sult3a2,NA
215900,5,4+,Calhm6,6.8472676997795485
215919,0,0,Rfpl4b,0.8706445067256053
215928,0,0,Mfsd4b5,NA
215929,0,0,Mfsd4b1,2.141880356319737
215951,9,4+,Afg1l,50.37870012458193
215999,6,4+,Mcu,87.2001606304464
216001,0,0,Micu1,106.65442067355522
216011,0,0,Lrrc20,40.26976807773886
216019,0,0,Hkdc1,NA
216021,3,3,Stox1,27.13151095279728
216028,0,0,Lrrtm3,NA
216033,0,0,Ctnna3,NA
216049,1,1,Zfp365,124.9232123510288
216080,8,4+,Ube2d1,694.1550561012818
216119,6,4+,Ybey,88.76496700872367
216131,0,0,Trappc10,86.74382036056143
216134,0,0,Pdxk,237.1961607633234
216136,0,0,Ilvbl,34.44784645523113
216144,0,0,Vmn2r81,NA
216148,15,4+,Shc2,12.024823204329172
216150,0,0,Cdc34,3371.5092149792745
216151,9,4+,Polrmt,132.4166477429639
216152,7,4+,Plppr3,1.3998662910609312
216154,17,4+,Med16,137.7963622090142
216156,0,0,Wdr18,384.5719671882871
216157,34,4+,Tmem259,160.93091832380546
216161,0,0,Sbno2,419.4432131417147
216166,12,4+,Plk5,16.118762362767942
216169,9,4+,Abhd17a,119.902215674703
216177,0,0,AU041133,7.472287802288104
216188,1,1,Aldh1l2,4.052510172223043
216190,0,0,Appl2,35.38393284897163
216197,0,0,Ckap4,1198.917447371154
216198,0,0,Tcp11l2,13.143091878395154
216225,0,0,Slc5a8,3.0078385383271153
216227,0,0,Slc17a8,NA
216233,0,0,Socs2,1129.0728374961643
216238,12,4+,Eea1,164.78464517919312
216274,0,0,Cep290,52.37647956753584
216285,0,0,Alx1,2.39446720363531
216292,10,4+,Mettl25,14.910148183856036
216343,5,4+,Tph2,1.1985363745331787
216344,0,0,Rab21,555.1342083393292
216345,0,0,Zfc3h1,233.2822961857052
216350,0,0,Tspan8,10.98494081527972
216363,0,0,Rab3ip,240.81278029344395
216377,0,0,Gm38403,NA
216393,0,0,D930020B18Rik,NA
216395,0,0,Rxylt1,70.00916157869275
216438,3,3,Marchf9,NA
216439,8,4+,Agap2,3.513080838575839
216440,2,2,Os9,60.460521000143544
216441,3,3,Slc26a10,21.375129082467108
216443,0,0,Mars1,NA
216445,2,2,Arhgap9,12.987428774170914
21645,3,3,Tcte1,1.467480499554334
216453,9,4+,Rdh19,NA
216454,0,0,Rdh16f2,NA
216456,9,4+,Gls2,64.751133877942
216459,0,0,Myl6b,38.48481076998948
21646,0,0,Tcte2,35.03876697205534
21647,5,4+,Dynlt2a1,NA
21648,0,0,Dynlt1b,22.945602283885933
216505,3,3,Pik3ip1,18.21259355808669
216516,1,1,Ccdc157,48.086059514294526
21652,20,4+,Phf1,30.519622804672395
216527,4,4+,Ccm2,83.33819525897387
216543,0,0,Cep68,116.02984781517422
216549,0,0,Aftph,200.6244944358311
216551,12,4+,Lgalsl,219.8395619544104
216558,0,0,Ugp2,172.92100286504242
216560,0,0,Wdpcp,3.6984839299747745
216565,0,0,Ehbp1,264.11609640120787
216578,0,0,Papolg,130.90303556473862
216613,0,0,Ccdc85a,14.028167314928377
216616,0,0,Efemp1,27.768347200798814
216618,11,4+,Cfap36,86.66591114153218
216622,0,0,Fem1al,NA
216635,3,3,Hbq1a,NA
21664,4,4+,Phlda1,732.6711057592981
216643,0,0,Gabrp,NA
21665,8,4+,Tdg,545.43484473609
21667,13,4+,Cripto,NA
216705,0,0,Clint1,552.2286051836577
21672,4,4+,Prdx2,832.6398894271725
216724,4,4+,Rufy1,72.1525559967702
216725,0,0,Adamts2,4.312935121547482
21673,1,1,Dntt,NA
216739,1,1,Acsl6,31.15186415355533
216742,0,0,Fnip1,158.96815397217838
216749,1,1,Nmur2,NA
21676,26,4+,Tead1,1417.020164725108
216760,4,4+,Mfap3,437.53177024806905
216766,0,0,Gemin5,222.3804092304518
216767,0,0,Mrpl22,497.88617056933833
21677,20,4+,Tead2,1461.8818905918113
21678,69,4+,Tead3,152.74404898914656
216781,3,3,Trim58,NA
216783,0,0,Or2ak7,NA
21679,0,0,Tead4,149.7751702943264
216792,0,0,Iba57,21.919752469094043
216795,5,4+,Wnt9a,21.543127548912608
216797,0,0,Prss38,2.1296202204062062
216799,0,0,Nlrp3,1.4675848144852892
216805,1,1,Flcn,180.5476289235957
21681,14,4+,Alyref,910.506123493443
216810,2,2,Tom1l2,50.92931098955771
21682,0,0,Tec,6.007875646445749
216820,4,4+,Dhrs7b,141.64499875220685
216821,0,0,Tmem11,245.8657104791026
216825,0,0,Usp22,672.0944795446443
216829,31,4+,Mmgt2,68.77215678432044
21683,0,0,Tecta,NA
216831,11,4+,Arhgap44,29.197750479104453
216835,0,0,Usp43,25.697436508093023
21684,0,0,Tectb,NA
216846,3,3,Cntrob,85.09693830806825
216848,19,4+,Chd3,120.24966698838648
21685,5,4+,Tef,93.96288137203314
216850,0,0,Kdm6b,361.56200228075943
216853,8,4+,Wrap53,57.639961714803256
216856,18,4+,Nlgn2,137.8767250004266
216858,21,4+,Kctd11,19.939583945222505
216859,8,4+,Acap1,22.61550851915572
216860,0,0,Neurl4,75.70717604769455
216864,19,4+,Mgl2,10.424216064830466
216867,14,4+,Slc16a11,5.503591982263864
216869,10,4+,Arrb2,184.31290062127016
21687,0,0,Tek,33.68606964915553
216871,0,0,Gltpd2,NA
216873,17,4+,Spag7,827.2992062146668
216874,0,0,Camta2,88.44856237826667
216877,0,0,Dhx33,141.76991536264143
216881,0,0,Wscd1,6.897620653887605
21689,3,3,Tekt1,8.047154536904191
216892,9,4+,Spns2,12.35108068873269
216961,0,0,Coro6,28.102491353597777
216963,0,0,Git1,918.3160522070856
216964,16,4+,Trp53i13,35.81046968545802
216965,0,0,Taok1,706.2189268855144
216971,3,3,Fam222b,201.7844348742209
216974,6,4+,Proca1,5.416742512596476
216976,16,4+,Rskr,8.482896851248722
216984,4,4+,Evi2b,NA
216987,0,0,Utp6,400.025198094119
216991,0,0,Adap2,5.081586638867091
217011,0,0,Nle1,213.46271919957815
217012,5,4+,Unc45b,8.504680910000525
217026,3,3,Heatr6,198.07398675791757
217030,0,0,Synrg,128.01478356591178
217031,0,0,Tada2a,448.6067722781146
217038,8,4+,Mrm1,36.12931952520437
217039,1,1,Ggnbp2,369.5189306642831
217057,0,0,Ptrh2,224.122181178634
217066,4,4+,Elobl,20.96922102369516
217069,11,4+,Trim25,1685.125447458884
217071,0,0,Gm525,33.483194211193556
217082,0,0,Hlf,11.499294495262918
217109,33,4+,Utp18,947.2935235408912
217116,10,4+,Spata20,NA
217119,36,4+,Xylt2,14.915383148528868
217124,19,4+,Ppp1r9b,381.52772083535297
217125,29,4+,Samd14,1.328449691640502
217127,0,0,Kat7,1890.122051580184
217138,6,4+,Prr15l,3.287452407735477
217140,12,4+,Scrn2,18.205007461188508
217143,2,2,Gpr179,1.0376797009313463
217149,14,4+,Cisd3,84.95508894222638
217151,3,3,Arl5c,92.00338169575488
217154,0,0,Stac2,154.96646402310344
217166,0,0,Nr1d1,51.531969897894626
217169,3,3,Tns4,10.218153496467002
217194,0,0,Klhl11,11.296743204886994
217198,17,4+,Plekhh3,3.1012129123345367
217201,0,0,Rundc1,22.77406259041902
217203,1,1,Tmem106a,19.608094912473668
217207,11,4+,Dhx8,305.90091912430444
217212,7,4+,Pyy,0.7471471641956626
217214,0,0,Nags,0.8891358089739918
217216,4,4+,Hrob,NA
217217,23,4+,Asb16,12.94251151465394
217218,7,4+,Atxn7l3,1545.2423077812773
217219,17,4+,Fam171a2,6.641119132931828
217232,10,4+,Cdc27,573.3671528860069
217246,3,3,Ace3,NA
217258,0,0,Abca8a,1.283371567034404
217262,0,0,Abca9,NA
217265,1,1,Abca5,10.00423560155858
217294,0,0,BC006965,NA
217302,0,0,Gpr142,NA
217303,0,0,Cd300a,1.944916553566745
217304,4,4+,Cd300lb,NA
217305,5,4+,Cd300ld,NA
217306,5,4+,Cd300e,1.522387309130203
217310,16,4+,Hid1,4.519764901091905
217316,0,0,Slc16a5,2.0889310509514445
217325,15,4+,Llgl2,2008.7398890496215
217331,11,4+,Unk,112.80338683309148
217333,9,4+,Trim47,26.01338647153153
217335,0,0,Fbf1,17.884782803641126
217337,0,0,Srp68,562.833871305751
217340,0,0,Rnf157,45.43382176659739
217341,0,0,Qrich2,1.0111046623439344
217342,3,3,Ube2o,104.39790231650574
217344,0,0,Rhbdf2,120.22975636780096
217351,2,2,Tnrc6c,172.95099275281737
217353,29,4+,Tmc6,56.37732304055677
217356,32,4+,Tmc8,17.29446026927025
217364,8,4+,Engase,16.366966576762888
217365,0,0,Nploc4,794.2502218365681
217366,17,4+,Lrrc45,20.168426582903948
217369,0,0,Uts2r,5.033894135442565
217370,0,0,Cybc1,54.92889718299456
217371,0,0,Rab40b,NA
217378,0,0,Dnajc27,62.15734592527239
217379,5,4+,Ubxn2a,476.1129919069171
217410,7,4+,Trib2,39.239845755030224
21743,0,0,Inmt,NA
217430,0,0,Slc66a3,NA
217431,1,1,Nol10,474.5783860296243
21744,0,0,Adad1,NA
217449,17,4+,Trappc12,158.12601981949598
21745,0,0,Tep1,11.968025953223409
217463,0,0,Snx13,48.76866113152947
217473,0,0,Ankmy2,309.8284196645988
21748,0,0,Terc,NA
217480,0,0,Dgkb,1.6036714959687115
21749,0,0,Terf1,984.8510660914324
21750,4,4+,Terf2,859.9534947163418
217517,0,0,Stxbp6,64.68530732818313
21752,0,0,Tert,36.64136703666798
21753,17,4+,Tes,327.0833740912701
21754,31,4+,Tesk1,67.71677271375145
21755,27,4+,Prss39,0.8263342740347298
217558,0,0,G2e3,267.09674333631887
21756,0,0,Prss40,NA
217578,0,0,Baz1a,1058.2199837092105
217588,5,4+,Mbip,83.66260511695775
217593,0,0,Slc25a21,1.3412793646820371
217601,0,0,BC042761,NA
21761,1,1,Morf4l1,4676.1277180157385
21762,1,1,Psmd2,1582.2316515242687
21763,18,4+,Tex2,100.5637810513568
217648,0,0,Gm527,75.2462402773042
217653,0,0,Mis18bp1,1045.715026771394
21766,0,0,Tex261,733.5378695216269
217664,0,0,Mgat2,591.4560404480766
217666,0,0,L2hgdh,122.52084868936804
21767,0,0,Tex264,69.42198801295014
217674,0,0,Gphb5,NA
217682,4,4+,Plekhd1,43.70127147693935
217684,0,0,Susd6,86.90948752804748
21769,26,4+,Zfand3,178.23938989422214
217692,0,0,Sipa1l1,284.6202409603415
217695,5,4+,Zfyve1,31.58216109225135
217698,0,0,Acot5,NA
21770,4,4+,Ppp2r5d,124.52685940737794
217700,6,4+,Acot6,3.348175923132692
217705,2,2,Fam161b,33.00514540256673
217707,0,0,Coq6,80.37491702184602
217708,0,0,Lin52,29.57355053605271
21771,11,4+,Utp4,3352.3684315362502
217715,0,0,Eif2b2,171.2393080349338
217716,0,0,Mlh3,144.8123539645361
217718,0,0,Nek9,176.152723554112
217721,2,2,Flvcr2,35.26140571865038
217732,1,1,Cipc,176.3325486681442
217733,8,4+,Tmem63c,3.2856851559732205
217734,9,4+,Pomt2,47.84572559443953
217737,10,4+,Ahsa1,435.0705475731483
217738,0,0,Ism2,3.827154831848541
217779,6,4+,Lysmd1,47.90228471981929
21778,0,0,Tex9,86.9331479284111
21780,0,0,Tfam,766.0286698567882
21781,15,4+,Tfdp1,581.0735916357661
217826,5,4+,Kcnk13,5.497488995582509
217827,5,4+,Nrde2,65.06340724391434
217830,0,0,Dglucy,28.627213866050756
217835,0,0,Rin3,8.45680829356057
217837,1,1,Itpk1,86.19772375431492
21784,15,4+,Tff1,NA
217843,0,0,Unc79,3.3369206362994137
217845,1,1,Ifi27l2b,1.300137945537732
217847,0,0,Serpina10,NA
21785,11,4+,Tff2,1.2207780080745236
21786,20,4+,Tff3,3.2134551550904265
217864,0,0,Rcor1,525.4126096455257
217866,10,4+,Cdc42bpb,227.8724573918291
217869,17,4+,Eif5,3031.2194292883046
21787,0,0,Tfg,4714.5472102835465
217874,4,4+,Rd3l,NA
21788,0,0,Tfpi,543.6428712204793
217882,0,0,Cep170b,1812.904980572774
217887,5,4+,Clba1,18.917054551089993
21789,0,0,Tfpi2,1.827556957264563
217893,8,4+,Pacs2,187.5643655780216
217935,0,0,Dync2i1,NA
217944,0,0,Rapgef5,59.50641734291232
217946,0,0,Cdca7l,67.4248603767816
217951,0,0,Tmem196,NA
217980,0,0,Larp4b,1180.4814763765933
217995,0,0,Heatr1,1709.6935251671575
21802,0,0,Tgfa,35.521549931899784
21803,0,0,Tgfb1,12.141289842243571
218030,0,0,Pou6f2,2.8798358799617856
218035,2,2,Vps41,183.8329085227064
218038,0,0,Amph,31.965653253667615
21804,0,0,Tgfb1i1,279.0784701078205
218066,4,4+,Or2b6,NA
21807,2,2,Tsc22d1,2871.715418927571
21808,0,0,Tgfb2,81.9161574537698
21809,0,0,Tgfb3,2.915207501259822
21810,0,0,Tgfbi,15.952693192421696
218100,1,1,Zfp322a,192.75253501218873
218103,0,0,Slc17a2,NA
21812,33,4+,Tgfbr1,161.12733950940645
218121,2,2,Mboat1,25.23353610040493
21813,5,4+,Tgfbr2,26.99119028670462
218138,7,4+,Gmds,42.13792284789317
21814,0,0,Tgfbr3,24.621074025157643
21815,0,0,Tgif1,2760.708157505999
21816,2,2,Tgm1,49.32926626609539
218165,0,0,Ofcc1,NA
21817,12,4+,Tgm2,93.95319457350776
21818,0,0,Tgm3,140.50443866992134
21819,0,0,Tg,NA
218194,5,4+,Phactr1,6.680930014578904
218203,0,0,Mylip,35.20582608264589
21821,0,0,Ift88,68.91852474357128
218210,3,3,Nup153,341.45618914415553
218214,0,0,Kdm1b,77.81917378712342
218215,0,0,Rnf144b,13.80591255777022
21822,12,4+,Tgtp1,NA
21823,15,4+,Th,1.5587533635691784
218232,0,0,Ptpdc1,40.18950164228073
218236,13,4+,Fam120a,1109.5030874656743
21824,0,0,Thbd,4.108682282197824
21825,3,3,Thbs1,959.0682538034768
21826,0,0,Thbs2,10.805531176660583
218268,0,0,Eif4e1b,0.8603343656089928
21827,15,4+,Thbs3,25.233899967152
218271,10,4+,B4galt7,22.59594470504311
218275,1,1,BC051665,NA
21828,0,0,Thbs4,2.292457841845669
218294,1,1,Cdc14b,287.46623418249385
21830,1,1,Spmap2,NA
218311,0,0,Zfp455,NA
218314,0,0,Zfp595,21.105875865687494
21832,0,0,Thpo,41.812614970308054
21833,6,4+,Thra,58.34976944100221
218333,0,0,Ice1,160.23553029430246
218335,5,4+,Clptm1l,381.6679285991818
21834,0,0,Thrb,1.5383472786061687
218341,1,1,Rfesd,32.06659971064284
218343,1,1,Skic3,NA
21835,3,3,Thrsp,3.9274997897787896
21838,14,4+,Thy1,68.94012324361793
218397,0,0,Rasa1,307.9019007385199
21841,0,0,Tia1,537.927543888246
21843,3,3,Tial1,428.0448473481974
21844,0,0,Tiam1,114.13337553503028
218440,0,0,Ankrd34b,5.0177966203245035
218441,0,0,Zfyve16,30.86364569356191
218442,0,0,Serinc5,55.75180565154449
218454,0,0,Lhfpl2,13.82007266892352
21846,0,0,Tie1,3.606977310352209
218460,0,0,Wdr41,86.6338064625745
218461,0,0,Pde8b,3.4710116608402393
21847,57,4+,Klf10,586.7371395937458
218476,8,4+,Gcnt4,38.965085924273104
21848,1,1,Trim24,487.68887282084194
21849,0,0,Trim28,17030.579505918948
218490,0,0,Btf3,7689.486102805346
218503,3,3,Fcho2,215.87526812569237
218506,0,0,Mrps27,397.2091279469853
218518,0,0,Marveld2,93.6234711544818
21853,3,3,Timeless,198.18276483572865
21854,0,0,Timm17a,931.8050604146446
218543,3,3,Srek1,500.6487940543666
218544,0,0,Sgtb,10.659744551268698
21855,12,4+,Timm17b,427.97724701243345
21856,5,4+,Timm44,360.7074678651461
21857,3,3,Timp1,134.0984639406724
21858,8,4+,Timp2,114.76647794412878
218581,0,0,Depdc1b,105.52779976587918
21859,10,4+,Timp3,230.74856463855457
218613,1,1,Mier3,203.79283944092248
218624,0,0,Il31ra,NA
218629,0,0,Dhx29,1285.6624391203195
218630,0,0,Ccno,18.99298351246193
218639,0,0,Arl15,130.71423922931513
21869,0,0,Nkx2-1,1.1579892680736663
218693,0,0,Paip1,443.0655435072303
218699,0,0,Pxk,78.21614862605003
21871,0,0,Atp6v0a2,170.62432032839172
21872,1,1,Tjp1,623.6213723056426
21873,0,0,Tjp2,823.8878872523587
218734,0,0,Cep15,NA
218739,0,0,Sntn,NA
218756,7,4+,Slc4a7,358.77459129205175
218763,0,0,Lrrc3b,5.721887008072108
21877,17,4+,Tk1,263.0154864439397
218772,0,0,Rarb,1.6510011060415777
218793,0,0,Ube2e2,72.01578150370557
21881,12,4+,Tkt,343.46376042999896
218811,0,0,Sec24c,488.783000198368
218820,0,0,Zfp503,16.316687336167167
218832,0,0,Polr3a,316.2103917840512
21884,0,0,Fabp9,NA
21885,0,0,Tle1,227.6456441372636
218850,0,0,Tasor,292.54371130463556
21886,0,0,Tle2,1.2116753334190986
218865,0,0,Chdh,3.0876812381054424
21887,0,0,Tle3,323.2144280403938
218877,11,4+,Sema3g,2.196958521982784
21888,0,0,Tle4,734.775000396453
218885,2,2,Oxnad1,131.40124179270356
218902,0,0,4930503F20Rik,NA
218914,18,4+,Wapl,2477.031839228984
21892,0,0,Tll1,1.5449198425865145
218921,0,0,4930474N05Rik,NA
21894,20,4+,Tln1,966.7117041584172
218952,0,0,Fermt2,428.2134394083606
21897,0,0,Tlr1,NA
218973,0,0,Wdhd1,188.1741229933664
218975,0,0,Mapk1ip1l,3283.593996215127
218977,3,3,Dlgap5,147.95900316979657
21898,1,1,Tlr4,NA
218989,0,0,Tmem260,34.2745206638978
21899,5,4+,Tlr6,NA
219019,0,0,Or11g27,NA
219022,0,0,Ttc5,573.8510397102643
219024,0,0,Pip4p1,119.94598997574676
219026,5,4+,Eddm3b,NA
219033,0,0,Ang4,NA
219038,0,0,Tppp2,NA
21906,1,1,Otop1,7.583215059657561
21907,0,0,Nr2e1,NA
219072,0,0,Haus4,143.115628315217
21908,16,4+,Tlx1,1.4110505540559888
21909,0,0,Tlx2,1.2138317742032223
219094,0,0,Khnyn,36.94022237813772
219103,5,4+,Cpap,NA
219105,4,4+,Zmym5,66.32242762201435
219114,1,1,Ska3,272.3957822335414
21912,0,0,Tspan7,47.79523968304829
219131,0,0,Phf11a,12.072461668834311
219132,0,0,Phf11d,309.2826429579647
219134,0,0,Shisa2,8.359286719184281
219135,0,0,Mtmr6,413.7367646411125
219140,0,0,Spata13,148.27598579175535
219144,3,3,Arl11,NA
219148,0,0,Fam167a,20.266826466040204
219149,2,2,Xkr6,64.05997340680388
21915,0,0,Dtymk,1163.4652980996325
219150,0,0,Hmbox1,82.23453828315283
219151,0,0,Scara3,9.955556914538828
219158,0,0,Ccar2,578.9116069793338
21916,16,4+,Tmod1,8.108581010407434
21917,0,0,Tmpo,2400.464244729022
219170,0,0,Fam216b,NA
219181,0,0,Akap11,214.92351276406217
219189,0,0,Vwa8,68.64323275059914
21922,0,0,Clec3b,NA
219228,0,0,Pcdh17,3.24588123584701
21923,0,0,Tnc,6.8948932452989835
21924,7,4+,Tnnc1,13.00773131225752
219249,0,0,Tdrd3,37.54953635054202
21925,13,4+,Tnnc2,16.544609735238517
219257,0,0,Pcdh20,NA
21926,14,4+,Tnf,0.7978157927461793
21927,0,0,Tnfaip1,713.9649500189503
21928,7,4+,Tnfaip2,5.5688355188216345
21929,0,0,Tnfaip3,22.325017572288015
21930,0,0,Tnfaip6,14.899756566155844
21933,0,0,Tnfrsf10b,485.8288923437051
21934,0,0,Tnfrsf11a,9.55564713876107
21935,0,0,Tnfrsf17,0.5722575243511364
21936,7,4+,Tnfrsf18,NA
21937,14,4+,Tnfrsf1a,16.109342870305365
21938,0,0,Tnfrsf1b,23.12973615601764
21939,10,4+,Cd40,13.758584432363577
21940,1,1,Cd27,0.6523294160127198
21941,0,0,Tnfrsf8,9.81813463736354
21942,0,0,Tnfrsf9,1.829182178483846
21943,0,0,Tnfsf11,3.4133351107727052
21944,32,4+,Tnfsf12,32.583258825280254
21945,34,4+,Dedd,207.03031412574745
21946,7,4+,Pglyrp1,17.10386455457105
21947,0,0,Cd40lg,NA
21948,1,1,Cd70,NA
21949,0,0,Tnfsf8,NA
21950,25,4+,Tnfsf9,3.8719011945471657
21951,0,0,Tnks,278.4417818788149
21952,4,4+,Tnni1,3.181099347306198
21953,0,0,Tnni2,3.6333627963342905
21954,11,4+,Tnni3,7.881657372426038
21955,14,4+,Tnnt1,20.728820865549864
21956,0,0,Tnnt2,11.047375515808886
21957,0,0,Tnnt3,42.872202691663496
21958,0,0,Tnp1,NA
21959,5,4+,Tnp2,NA
21960,0,0,Tnr,NA
21961,16,4+,Tns1,69.52692747846085
21968,0,0,Tom1,280.0428252183009
21969,0,0,Top1,1925.9582218127848
21973,18,4+,Top2a,3494.3172235787742
21974,0,0,Top2b,522.653801468391
21975,8,4+,Top3a,27.925258530358978
21976,3,3,Top3b,334.804371626534
21981,2,2,Ppp1r13b,23.35324179987097
21982,0,0,Tmem165,572.7172068495051
21983,0,0,Tpbg,75.91996967534688
21984,0,0,Tpbpa,NA
21985,0,0,Tpd52,1585.617515679459
21987,0,0,Tpd52l1,105.49097388649623
21990,11,4+,Tph1,1.028833428160183
21991,2,2,Tpi1,925.6967708966156
22003,0,0,Tpm1,5066.612340554619
22004,39,4+,Tpm2,190.31695101473733
22017,0,0,Tpmt,125.01796664740364
22018,0,0,Tpo,0.8020281560271244
22019,0,0,Tpp2,1066.6292251586617
22021,2,2,Tpst1,231.00891719033856
22022,9,4+,Tpst2,90.2402505841008
22024,3,3,Crisp2,NA
22025,13,4+,Nr2c1,55.86926622492567
22026,0,0,Nr2c2,239.2979214772301
22027,0,0,Hsp90b1,1226.084130180704
22029,0,0,Traf1,4.751783176565842
22030,2,2,Traf2,16.383242453434317
22031,0,0,Traf3,146.41813818073743
22032,7,4+,Traf4,144.57565702290773
22033,0,0,Traf5,11.691468873713394
22034,0,0,Traf6,119.3420233076379
22035,0,0,Tnfsf10,NA
22036,0,0,Traip,96.01610602456472
22037,12,4+,Trap1a,644.6208637709295
22038,2,2,Plscr1,80.39828765621208
22040,0,0,Trex1,NA
22041,0,0,Trf,6.828623756268875
22042,0,0,Tfrc,884.2531790300571
22044,8,4+,Trh,655.615675304002
22045,0,0,Trhr,NA
22051,31,4+,Trip6,432.14233585200066
22057,14,4+,Tob1,57.79934068651008
22059,7,4+,Trp53,7478.329178685099
22061,0,0,Trp63,0.7346556945576402
22062,0,0,Trp73,31.055725114004
22063,9,4+,Trpc1,12.953565973392644
22064,0,0,Trpc2,NA
22065,15,4+,Trpc3,2.476877129327133
22066,0,0,Trpc4,NA
22067,0,0,Trpc5,NA
22068,17,4+,Trpc6,0.8782430242628152
22070,0,0,Tpt1,16159.407737292928
22072,4,4+,Prss2,NA
22073,0,0,Prss3,NA
22074,0,0,Try4,NA
22083,0,0,Ctr9,244.772916216957
22084,14,4+,Tsc2,618.0334233164708
22088,0,0,Tsg101,353.8463284457785
22092,13,4+,Rsph1,10.50480855373863
22094,0,0,Tshb,NA
22095,7,4+,Tshr,1.291121815226074
22097,0,0,Tsix,191.08669982297928
22099,0,0,Tsn,1602.3244141980724
22110,0,0,Tspyl1,196.50382711749657
22113,0,0,Phlda2,603.8881616042615
22114,5,4+,Tssk1,NA
22115,15,4+,Tssk2,NA
22116,0,0,Tsks,NA
22117,18,4+,Tst,4.327092446529593
22121,8,4+,Rpl13a,4100.466333244737
22122,5,4+,Gfus,NA
22123,5,4+,Psmd3,617.7990486383922
22127,0,0,Tsx,39.514888315230145
22129,24,4+,Ttc3,477.60606818164314
22130,0,0,Ttf1,171.38302511551112
22134,0,0,Tgoln1,901.4820858488118
22137,0,0,Ttk,612.1141392881722
22138,0,0,Ttn,64.94084724635665
22139,0,0,Ttr,NA
22141,0,0,Tub,22.61985246948317
22142,17,4+,Tuba1a,1534.4046477782256
22143,17,4+,Tuba1b,12790.42500595081
22144,16,4+,Tuba3a,23.96448281861097
22145,15,4+,Tuba4a,302.3778529946345
22146,2,2,Tuba1c,1998.2198490736005
22147,0,0,Tuba3b,1.64370137126654
22151,6,4+,Tubb2a,104.52448950209916
22152,0,0,Tubb3,974.2405764333372
22153,4,4+,Tubb4a,22.818933643773526
22154,14,4+,Tubb5,20079.706477783744
22156,0,0,Tuft1,58.62883528220743
22157,3,3,Tulp1,6.3774192044727975
22158,0,0,Tulp3,234.0474058940134
22160,0,0,Twist1,40.9444370699652
22163,0,0,Tnfrsf4,1.0077054846220868
22164,0,0,Tnfsf4,NA
22165,0,0,Txk,NA
22166,28,4+,Txn1,6474.858804943726
22169,3,3,Cmpk2,10.569705877552376
22171,0,0,Tyms,301.86445096650266
22172,0,0,Tyms-ps,NA
22173,0,0,Tyr,NA
22174,0,0,Tyro3,64.63471515018537
22177,4,4+,Tyrobp,NA
22178,0,0,Tyrp1,NA
22183,1,1,Zrsr2-ps1,NA
22184,0,0,Zrsr2,563.9719571415064
22185,17,4+,U2af2,13909.003847167322
22186,3,3,Uba52,109.84341866081908
22187,0,0,Ubb,2049.6848947386056
22190,0,0,Ubc,1478.968591822616
22192,0,0,Ube2m,4456.7652816115315
22193,0,0,Ube2e3,645.150138786704
22194,0,0,Ube2e1,423.75136255489866
22195,0,0,Ube2l3,3123.73314414341
22196,3,3,Ube2i,3053.771895060689
22200,0,0,Uba3,1509.6844954839007
22201,6,4+,Uba1,3136.9013610925936
22209,0,0,Ube2a,500.27601870807314
22210,0,0,Ube2b,1738.336492892359
22213,0,0,Ube2g2,123.23026049921144
22214,18,4+,Ube2h,243.11757315156711
22215,0,0,Ube3a,1128.620523661704
22217,0,0,Usp12,80.06112312958004
22218,2,2,Sumo1,821.3933678470311
22221,0,0,Ubp1,1245.4031598809447
22222,16,4+,Ubr1,224.80403419295607
22223,2,2,Uchl1,730.4497266533863
22224,0,0,Usp10,936.107307585099
22225,5,4+,Usp5,978.9625241139364
22226,2,2,Ucn,NA
22227,0,0,Ucp1,NA
22228,4,4+,Ucp2,2077.972568772679
22229,0,0,Ucp3,NA
22230,0,0,Ufd1,665.498278120172
22232,5,4+,Slc35a2,183.6896211397123
22234,26,4+,Ugcg,265.46743563042594
22235,7,4+,Ugdh,185.7366019695716
22236,0,0,Ugt1a2,NA
22238,0,0,Ugt2b5,NA
22239,0,0,Ugt8a,16.327792221203154
22240,6,4+,Dpysl3,68.81375659277104
22241,0,0,Ulk1,1276.2790655667793
22242,0,0,Umod,NA
22245,0,0,Uck1,159.58746798949838
22247,0,0,Umps,1266.492027576814
22248,13,4+,Unc119,89.10124373146367
22249,14,4+,Unc13b,50.265258417907184
22253,0,0,Unc5c,2.8178558045851334
22255,22,4+,Uncx,0.8143939892478531
22256,18,4+,Ung,1857.145759947451
22258,0,0,Usp4,906.7298068403652
22259,1,1,Nr1h3,2.342535882496571
22260,7,4+,Nr1h2,277.3642882474761
22262,2,2,Uox,NA
22264,0,0,Prap1,22.66910441273905
22268,0,0,Upk1b,1.694236616751834
22269,8,4+,Upk2,15.762745580806522
22270,12,4+,Upk3a,NA
22271,5,4+,Upp1,400.4697393087875
22272,1,1,Uqcrq,1436.4175329135592
22273,0,0,Uqcrc1,649.4496522156852
22275,30,4+,Urod,127.06614862081608
22276,0,0,Uros,20.1301949120478
22278,1,1,Usf1,50.013270586395656
22282,0,0,Usf2,285.6126229961979
22283,0,0,Ush2a,NA
22284,15,4+,Usp9x,1370.4966004115831
22286,0,0,Utf1,6318.992728218453
22287,13,4+,Scgb1a1,NA
22288,14,4+,Utrn,1275.4939595760443
22289,0,0,Kdm6a,197.8882645059819
22293,8,4+,Slc45a2,NA
22294,0,0,Uxt,126.27492632981716
22295,0,0,Cdh23,1.3902203155210175
22296,0,0,Vmn1r51,NA
22297,0,0,Vmn1r45,NA
22300,0,0,Vmn2r123,NA
22301,0,0,Vmn2r89,NA
22305,0,0,Vmn2r37,NA
22306,3,3,Vmn2r30,NA
22307,0,0,Vmn2r10,NA
22310,0,0,Vmn2r42,NA
22311,0,0,Vmn2r32,NA
22312,0,0,Vmn2r107,NA
22313,0,0,Vmn2r104,NA
22314,0,0,Vmn2r129,NA
22317,1,1,Vamp1,18.946149500896095
22318,9,4+,Vamp2,112.21913220376928
22319,0,0,Vamp3,637.2893585137745
22320,18,4+,Vamp8,216.100010537694
22321,0,0,Vars1,NA
223227,0,0,Sox21,24.934728817626652
22323,0,0,Vasp,2953.5356435398257
22324,4,4+,Vav1,1.1981882431500894
22325,0,0,Vav2,217.80351588697897
223254,29,4+,Farp1,111.4564481555078
223255,0,0,Stk24,901.9451963828736
22326,0,0,Vax1,NA
223262,16,4+,Timm8a2,14.152110557298094
223267,0,0,Ggact,33.428670579354055
22327,0,0,Vbp1,761.5005329383873
223272,0,0,Itgbl1,NA
22329,2,2,Vcam1,1.46013174369413
22330,0,0,Vcl,665.5314611656477
22333,0,0,Vdac1,2898.4264876189513
223332,0,0,Ranbp3l,NA
223337,0,0,Ugt3a1,NA
22334,0,0,Vdac2,4613.194674500188
22335,0,0,Vdac3,1142.9414391186367
22337,3,3,Vdr,11.6687261143386
22339,0,0,Vegfa,68.33923433987631
22340,5,4+,Vegfb,153.2828023225606
22341,0,0,Vegfc,106.15373303651816
22342,21,4+,Lin7b,6.809429327511038
22343,0,0,Lin7c,606.7934251734649
223433,15,4+,Otulinl,2.464121959130435
223435,48,4+,Trio,171.7191999243198
22344,0,0,Vezf1,378.4978697723792
223453,14,4+,Dap,52.98353848144249
223455,28,4+,Marchf6,NA
22346,0,0,Vhl,167.71808045528553
223473,13,4+,Nipal2,10.42690339265762
22348,21,4+,Slc32a1,1.6099348192542118
22349,10,4+,Vil1,6.169965158606365
223499,8,4+,Dcaf13,575.4836035690095
22350,0,0,Ezr,1557.476733830397
22351,7,4+,Vill,21.443655657553908
223513,0,0,Abra,1.442730726149476
22352,4,4+,Vim,556.1640968630343
223527,0,0,Eny2,878.4712970991817
22353,0,0,Vip,NA
22354,0,0,Vipr1,1.359684993767509
22355,0,0,Vipr2,NA
22359,0,0,Vldlr,2.9207987163234925
223593,0,0,Washc5,526.5847136246205
22360,0,0,Nrsn1,6.012578572203737
223601,3,3,Cyrib,NA
223604,0,0,Kcnk9,NA
22361,0,0,Vnn1,17.05868049844522
22362,3,3,Vpreb1a,NA
223626,0,0,Them6,67.53548093429437
22363,4,4+,Vpreb1b,NA
223631,0,0,Ly6g2,NA
22364,0,0,Vpreb3,18.782066075899657
223642,9,4+,Zc3h3,109.20017224608516
223645,19,4+,Mroh6,NA
223646,0,0,Naprt,37.35411774249597
223648,0,0,Ccdc166,31.856991712816807
223649,37,4+,Nrbp2,21.504940158276025
22365,0,0,Vps45,38.59094547432615
223650,3,3,Eppk1,91.32363492432248
223658,8,4+,Mroh1,20.60051211208591
223664,0,0,Lrrc14,185.9567736209568
223665,3,3,C030006K11Rik,24.484165905411167
223666,18,4+,Arhgap39,58.06919187481979
223669,0,0,Zfp7,341.31746395852525
22367,3,3,Vrk1,500.6831838093807
223672,0,0,Apol9a,1.0084452451337906
22368,7,4+,Trpv2,10.960896599267691
223690,4,4+,Ankrd54,69.84341534007585
223691,15,4+,Eif3l,4647.885226436187
223693,4,4+,Tmem184b,173.1121576637305
223696,0,0,Tomm22,585.3561366092989
223697,4,4+,Sun2,150.42218450968156
22370,0,0,Vtn,NA
223701,0,0,Mrtfa,100.9675317902357
223706,0,0,Cyp2d34,NA
22371,0,0,Vwf,8.59506712055734
223722,0,0,Mcat,88.47547892098402
223723,0,0,Ttll12,294.032112461227
223726,11,4+,Mpped1,8.504672081537677
22373,0,0,Wap,NA
223732,23,4+,Rtl6,17.886658838380455
223739,0,0,5031439G07Rik,117.44387062235144
22375,1,1,Wars1,NA
223752,6,4+,Gramd4,55.53875300063177
223753,0,0,Cerk,6.814532344273077
223754,0,0,Tbc1d22a,77.35087455712873
22376,2,2,Was,8.452947597965887
22377,11,4+,Wbp1,93.5665217725532
223770,12,4+,Brd1,214.27980483612015
223773,27,4+,Zbed4,354.1976094957135
223774,2,2,Alg12,78.1520620416866
223775,0,0,Pim3,431.0050585267143
223776,3,3,Selenoo,12.570325265809076
22378,0,0,Wbp2,1166.088721505295
223780,0,0,Adm2,0.6538762312395264
22379,10,4+,Fmnl3,35.554415784143515
22380,0,0,Wbp4,402.5868762530311
223809,0,0,Smgc,NA
22381,0,0,Tceal9,4634.734556679424
223825,0,0,Mroh2b,NA
223827,0,0,Gxylt1,209.8442648654473
223828,15,4+,Pphln1,633.0612214275052
223838,4,4+,Adamts20,4.307279229537607
22384,21,4+,Eif4h,1836.865921283913
223843,0,0,Dbx2,NA
22385,2,2,Baz1b,591.1986836674863
223864,14,4+,Rapgef3,46.60681184441863
223870,0,0,Senp1,801.3005456834329
22388,0,0,Wdr1,1849.5663434844696
223881,24,4+,Rnd1,10.024919805642169
22390,0,0,Wee1,2192.393867028457
223915,0,0,Krt73,NA
223917,0,0,Krt79,1.3921208056028336
223918,0,0,Spryd3,97.84598868689552
223920,14,4+,Soat2,2.4322831092959145
223921,14,4+,Aaas,2097.0479748317375
223922,16,4+,Atf7,238.3937798020536
223927,6,4+,Gtsf2,NA
22393,29,4+,Wfs1,101.39961938831644
223970,7,4+,Rmi2,99.12867006616564
223978,0,0,Cpped1,43.80343094765169
223989,9,4+,Marf1,109.00397377725751
224008,0,0,Spidr,98.69320785683458
22401,0,0,Zmat3,625.3918695599502
224014,0,0,Fgd4,42.842302676634795
224019,0,0,Tmem191,NA
22402,24,4+,Ccn4,739.6676319448371
224020,0,0,Pi4ka,101.00039524456942
224022,0,0,Slc7a4,2.4420455514813955
224023,5,4+,Klhl22,109.16431235038708
224024,6,4+,Scarf2,21.95338409292764
22403,0,0,Ccn5,NA
22404,0,0,Wiz,261.3849484708264
224044,0,0,Cyp2ab1,0.6710503221011969
224045,0,0,Eif2b5,435.1342946575669
224055,0,0,Rtp2,NA
224065,0,0,Uts2b,NA
224079,0,0,Atp13a4,0.9147449166405386
22408,25,4+,Wnt1,NA
224088,7,4+,Atp13a3,834.7697976675677
22409,6,4+,Wnt10a,4.146555324058283
224090,6,4+,Tmem44,10.291747780257053
224092,5,4+,Lsg1,252.7281000736442
224093,0,0,Fam43a,274.31923123045243
224098,0,0,Gm536,0.8062066300203115
22410,15,4+,Wnt10b,13.65254685866666
224105,0,0,Pak2,409.80870807057534
224109,0,0,Nrros,18.938279841496133
22411,0,0,Wnt11,1.6240855260704403
224111,0,0,Ubxn7,254.12203846250168
224116,0,0,Muc20,0.9675588763729304
22412,0,0,Wnt9b,NA
224129,0,0,Adcy5,1.30845654563308
22413,35,4+,Wnt2,NA
224132,0,0,Slc49a4,112.85841301858493
224139,0,0,Golgb1,143.8703451257405
22414,25,4+,Wnt2b,0.9518194722854028
224143,0,0,Poglut1,334.4426017543822
22415,0,0,Wnt3,32.092352532480525
22416,8,4+,Wnt3a,12.440270381368585
22417,0,0,Wnt4,155.39542198452364
224170,0,0,Dzip3,139.66727591833853
224171,0,0,Cip2a,655.8056513576064
22418,0,0,Wnt5a,15.410885507354086
22419,8,4+,Wnt5b,8.817054082634375
22420,0,0,Wnt6,40.723048444100144
22421,4,4+,Wnt7a,42.92673414451989
22422,19,4+,Wnt7b,69.06007919572767
224224,0,0,Impg2,0.6899970236320513
22423,0,0,Wnt8b,0.8261955439717177
224247,0,0,Ftdc2,NA
224250,0,0,Cldnd1,1637.333489022902
22427,0,0,Wrn,48.895117419800314
224273,0,0,Crybg3,81.30160804556452
22428,0,0,Dctn6,239.7566385575253
224291,0,0,Csnk2a2ip,NA
22431,0,0,Wt1,178.51884375502033
224318,0,0,Speer2,NA
22433,13,4+,Xbp1,303.33031064210655
224344,0,0,Rbm11,2.3174960450118136
22436,0,0,Xdh,1.741446569736329
22437,0,0,Xirp1,NA
22439,0,0,Xk,15.826797259791132
224405,0,0,Cyyr1,34.11221091920727
22441,0,0,Xlr,1.1761690073838802
224419,7,4+,Map3k7cl,NA
224432,0,0,Scaf4,215.14701085598432
224440,7,4+,Setd4,41.62057073994438
22445,0,0,Xlr3a,132.23984632496024
224454,3,3,Zdhhc14,3.3276824751957697
22446,0,0,Xlr3c,48.16104705460979
224480,0,0,Nox3,NA
224481,15,4+,Tfb1m,42.63508498040375
224523,0,0,4732491K20Rik,2.247798313197556
224530,0,0,Acat3,9.904778099892836
224552,0,0,Vmn2r98,NA
224572,0,0,Vmn2r102,NA
224576,0,0,Vmn2r106,NA
224582,0,0,Vmn2r110,1.488527496602728
224585,0,0,Zfp160,49.09025857487318
224598,0,0,Zfp758,17.778075989104057
224613,18,4+,Flywch1,247.5712220119833
224617,2,2,Tbc1d24,24.77504429817416
224619,3,3,Traf7,1605.9750712088612
224624,13,4+,Rab40c,263.1120060299322
224630,6,4+,Bnip1,41.23504211755069
224640,0,0,Lemd2,52.26505117744396
224647,7,4+,Ilrun,464.4959317470607
224648,9,4+,Bltp3a,NA
224650,2,2,Anks1,519.1525918118508
224656,0,0,Zfp523,72.10531895742021
224661,8,4+,Slc26a8,NA
224671,11,4+,Btbd9,126.33179474271702
224674,0,0,Slc37a1,70.20619634805819
224691,3,3,Zfp472,32.941925901488965
224694,11,4+,Zfp81,115.1981847629568
224697,6,4+,Adamts10,28.82015550119508
224703,0,0,Marchf2,NA
224705,0,0,Vps52,160.10401577768047
224727,13,4+,Bag6,778.2331028091819
224742,1,1,Abcf1,385.10020978094246
224753,0,0,H2-M10.4,NA
224754,5,4+,H2-M11,NA
224756,0,0,H2-M1,NA
224761,3,3,H2-M10.5,NA
224762,0,0,Trim31,0.8132597276375513
224792,0,0,Adgrf5,5.778147579776427
224794,0,0,Enpp4,41.44731086085213
224796,0,0,Clic5,11.05391048136658
224805,4,4+,Aars2,41.4393089078684
224807,20,4+,Tmem63b,84.48159752724214
224813,4,4+,Lrrc73,1.2532199269261857
224814,1,1,Abcc10,55.045331509567475
224823,0,0,Rrp36,73.87255625650353
224824,0,0,Pex6,24.74300203747337
224826,0,0,Ubr2,190.19247800507932
224829,0,0,Trerf1,77.0346834791306
224833,1,1,AI661453,58.604642128612994
224836,8,4+,Usp49,216.3840082240752
224840,13,4+,Treml4,NA
224860,2,2,Plcl2,25.384009231789744
224893,0,0,Zfp959,55.19503801318369
224897,0,0,Dpp9,443.1244940026818
224902,22,4+,Safb2,733.3946237223571
224903,22,4+,Safb,1095.7452729366564
224904,26,4+,Micos13,156.91110163956307
224907,2,2,Dus3l,154.703657652019
224912,31,4+,Crb3,95.4802995734534
224916,0,0,Vmn2r120,NA
224938,1,1,Pja2,256.7510437183848
224997,0,0,Dlgap1,10.14571540101196
225004,15,4+,Pcare,NA
225010,0,0,Lclat1,48.458547009119854
225020,0,0,Fez2,154.83017021039132
225027,4,4+,Srsf7,2117.690103795746
225028,0,0,Map4k3,325.49161809353086
225030,1,1,Kcng3,1.113239805244301
225049,4,4+,Ttc7,10.688985658709743
225055,0,0,Fbxo11,130.4406294938966
225058,0,0,Gm4832,NA
225115,29,4+,Svil,297.5366343294461
225131,28,4+,Wac,506.5595585182576
225152,1,1,Gjd4,NA
225160,13,4+,Thoc1,371.3204925605663
225164,24,4+,Mib1,362.6629665238067
225182,0,0,Rbbp8,143.54655183320438
225187,15,4+,Ankrd29,1.532268052063396
225192,0,0,Hrh4,NA
225207,5,4+,Zfp521,2.9864390751816914
225215,0,0,Rsl24d1,2855.5999335183214
225256,0,0,Dsg1b,NA
225266,0,0,Klhl14,NA
225280,9,4+,Ino80c,133.03380523361577
225283,0,0,Rprd1a,192.20137175714825
225288,23,4+,Fhod3,17.960793683662153
225289,0,0,AW554918,50.19330521118202
225326,0,0,Pik3c3,97.66905017038351
225339,3,3,Ammecr1l,74.13790448658958
225341,15,4+,Lims2,6.8665398533820845
225348,0,0,Wdr36,493.976070870921
225358,23,4+,Fam13b,65.08478648500214
225362,0,0,Reep2,35.92705150564082
225363,1,1,Etf1,2038.7280029344265
225372,0,0,Apbb3,141.03303812380756
225392,29,4+,Rell2,10.059245399397348
225432,0,0,Rbm27,538.2867047564666
225443,0,0,Gm94,NA
225467,0,0,Pggt1b,212.3169541688135
225471,8,4+,Ticam2,6.269814791114411
225497,1,1,Fam170a,NA
225518,0,0,Prdm6,0.793701521463667
225523,0,0,Cep120,299.90623766777475
225579,0,0,Slc27a6,NA
225583,0,0,Minar2,NA
225594,0,0,Gm4841,NA
225600,5,4+,Pde6a,1.8453796087288816
225608,3,3,Sh3tc2,2.48861370913129
225609,0,0,Gm9949,NA
225631,0,0,Onecut2,29.45854428148724
225638,0,0,Alpk2,0.8540201470907022
225642,8,4+,Grp,0.7004420805775553
225644,0,0,Cplx4,NA
225651,0,0,Mppe1,31.479171088514516
225655,10,4+,Prelid3a,9.296981188595687
225659,1,1,Cep76,116.0300110691974
225724,18,4+,Mapk4,84.88432799856162
225742,0,0,St8sia5,9.14775113944767
225743,0,0,Ark2c,NA
225745,0,0,Haus1,209.5435382384852
225791,0,0,Ptgr3,NA
225825,0,0,Cd226,NA
225845,16,4+,Plaat3,117.69017792147837
225849,14,4+,Ppp2r5b,24.096445951888864
225852,3,3,Gm550,1.5241244029588183
225861,11,4+,Snx32,25.77820501419514
225865,0,0,Catsper1,NA
225870,19,4+,Rin1,163.70460757348349
225872,3,3,Npas4,2.049039593699367
225875,2,2,Lrfn4,60.59801806955024
225876,0,0,Kdm2a,456.26900330940657
225884,5,4+,Gstp3,45.844072812754895
225887,0,0,Ndufs8,108.56797099051354
225888,26,4+,Kmt5b,208.53935618330723
22589,0,0,Atrx,2327.8537175344786
225895,0,0,Taf6l,49.2704809934841
225896,2,2,Ubxn1,757.8791821925489
225898,12,4+,Eml3,248.4838949875154
22590,11,4+,Xpa,70.63505663821624
225908,8,4+,Myrf,127.81168120376832
22591,3,3,Xpc,64.47533486360614
225912,5,4+,Cyb561a3,27.217529789386383
225913,0,0,Tkfc,93.42089023238871
22592,0,0,Ercc5,77.66203149288734
225922,0,0,Oosp2,NA
225923,0,0,Oosp3,NA
225929,5,4+,Patl1,651.1887954243266
22594,12,4+,Xrcc1,304.7186546609384
22596,0,0,Xrcc5,250.7816214369629
22598,0,0,Slc6a18,NA
22599,3,3,Slc6a20b,7.494315906023739
225994,10,4+,Nmrk1,42.74936024219772
225995,2,2,D030056L22Rik,738.0849128965873
225997,0,0,Trpm6,3.2483768586173816
225998,0,0,Rorb,0.8707357160352454
22601,26,4+,Yap1,1292.3912110242627
226016,5,4+,Abhd17b,827.6770709487034
226025,0,0,Trpm3,2.5683721717913937
226026,0,0,Smc5,498.9575566036007
226040,1,1,Tmem252,5.750596705490813
226041,7,4+,Pgm5,0.8020188497076722
226043,0,0,Zng1,NA
226049,0,0,Dmrt2,1.988853507269633
226075,0,0,Glis3,15.728789468851977
22608,0,0,Ybx1,18745.417603959468
226089,0,0,Ric1,86.82408275754922
226090,5,4+,Ermp1,435.1997312516708
226098,0,0,Hectd2,12.71000282817543
226101,11,4+,Myof,474.7499857527832
226105,1,1,Cyp2c70,4.162033852348223
226115,13,4+,Opalin,NA
22612,3,3,Yes1,84.94638008466733
226122,13,4+,Ubtd1,38.834751753169584
226123,0,0,Morn4,134.30362700258976
226139,0,0,Cox15,1013.6821429277804
226143,0,0,Cyp2c23,3.03668088023537
226144,0,0,Erlin1,139.55966649578014
226151,0,0,Slf2,425.4892682936499
226153,24,4+,Twnk,83.29741083563745
226154,18,4+,Lzts2,189.31239601131924
226162,12,4+,Dpcd,NA
226169,26,4+,Pprc1,337.7733988597684
226178,1,1,Wbp1l,136.57144857936328
226180,6,4+,Ina,326.17921855787284
226182,0,0,Taf5,242.01394640100017
22619,0,0,Siae,45.171586277928654
226243,11,4+,Habp2,0.6488746759416898
226245,5,4+,Plekhs1,1.0146611339579514
22625,1,1,Map3k19,NA
226250,1,1,Afap1l2,24.87874626497439
226251,4,4+,Ablim1,21.770451883308404
226252,0,0,Fhip2a,NA
226255,0,0,Atrnl1,21.20284403127205
22626,0,0,Slc23a3,0.8095257773601624
226265,4,4+,Eno4,22.180727776620024
22627,2,2,Ywhae,6705.466105031608
226278,0,0,Prlhr,NA
22628,4,4+,Ywhag,6432.557455541805
22629,2,2,Ywhah,3351.832515127138
22630,0,0,Ywhaq,5165.791319081082
226304,0,0,Npbwr1,NA
22631,5,4+,Ywhaz,8584.451984608211
22632,34,4+,Yy1,732.9123740968336
22634,0,0,Plagl1,270.9049060606188
22635,0,0,Zan,3.605637087298381
226351,0,0,Tmem185b,88.31617654170023
226352,0,0,Epb41l5,331.89255021980284
226356,0,0,Cfap221,NA
226359,0,0,C1ql2,2.183448218572685
22637,0,0,Zap70,3.134434679847276
22639,0,0,Zfa-ps,NA
22640,0,0,Zfp1,91.07447187332173
226407,0,0,Rab3gap1,73.35796593728502
226409,0,0,Zranb3,141.68736658399
226412,0,0,R3hdm1,493.3698936049441
226413,2,2,Lct,3.166201520445311
226414,0,0,Dars1,NA
226418,11,4+,Yod1,85.7552773392728
226419,4,4+,Dyrk3,373.83926654559014
22642,0,0,Zbtb17,71.26690227663248
226421,2,2,Rab7b,0.6868861632312405
226422,1,1,Rab29,83.68205035447525
22643,0,0,Zfp101,53.08560895374407
226432,15,4+,Ipo9,458.288573445294
226438,0,0,Igfn1,NA
226439,2,2,Ascl5,NA
22644,0,0,Rnf103,36.73160670481056
226442,3,3,Zfp281,1044.592571226968
22646,0,0,Zfp105,210.82019561030828
226470,14,4+,Zbtb41,64.6436989289862
22648,3,3,Zfp11,12.501743786455268
226499,0,0,Odr4,84.9501896611403
226517,0,0,Smg7,1276.1516103950555
226518,0,0,Nmnat2,121.60420383173818
226519,0,0,Lamc1,1100.5239504681435
22652,0,0,Mkrn3,17.347691977030976
226525,0,0,Rasal2,68.99927696471039
226527,0,0,Cryzl2,31.668845007963927
226539,2,2,Dars2,213.62896146394476
22654,0,0,Zfp13,18.99906006669639
226541,0,0,Klhl20,212.87742821293773
226548,26,4+,Aph1a,152.28132348514248
226551,0,0,Suco,369.5984421830363
226562,0,0,Prrc2c,1233.6652824178125
226564,0,0,Fmo4,NA
226565,0,0,Fmo6,NA
22658,33,4+,Pcgf2,685.6668138407999
226591,0,0,Tiprl,400.8516028947319
226594,11,4+,Rcsd1,14.929840303095627
226601,0,0,Fmo13,NA
226604,0,0,Gm4847,NA
22661,24,4+,Zfp148,269.5357725119178
226610,0,0,Fam78b,5.423923114130752
226641,0,0,Atf6,98.47836492282792
226646,0,0,Ndufs2,718.1839761871963
226652,28,4+,Arhgap30,16.578940033683153
226654,0,0,Tstd1,9.518344717259142
22666,31,4+,Zbtb14,246.74507132107797
22668,4,4+,Sf1,13344.191071111396
226691,1,1,Ifi207,NA
226695,0,0,Ifi205,NA
22670,0,0,Trim26,595.4177885743718
22671,0,0,Rnf112,0.9592197009554118
226720,0,0,Becn2,NA
22673,0,0,Zfp185,63.75392791918445
226744,0,0,Cnst,47.988206879657646
226747,1,1,Ahctf1,513.504993920542
226751,3,3,Cdc42bpa,145.71018746786268
226757,7,4+,Wdr26,1077.7088978466356
226777,0,0,C130074G19Rik,21.01966658061759
226778,0,0,Mark1,35.37106377909779
22678,6,4+,Zfp2,27.57778430645853
226781,2,2,Slc30a10,1.881009571512816
226791,1,1,Lyplal1,244.61242897494537
22680,5,4+,Zfp207,1228.756157131334
22682,0,0,Zfand5,641.1722147219773
226823,0,0,Kctd3,636.1638659064115
226830,0,0,Smyd2,231.9237825221585
226841,0,0,Vash2,26.42534871276176
226844,0,0,Flvcr1,119.6723672274572
226849,4,4+,Ppp2r5a,500.2589334450737
22685,0,0,Zfp239,94.33010187612602
226856,0,0,Lpgat1,297.9392950370006
226861,4,4+,Hhat,3.4811576888432705
226866,0,0,Sbspon,9.155618734269618
22687,0,0,Zpr1,416.79861955187135
22688,9,4+,Zfp26,227.7012493161332
22689,4,4+,Zfp27,21.5276297732758
226896,0,0,Tfap2d,NA
22690,4,4+,Zfp28,111.54379811116112
22691,16,4+,Zscan2,NA
226922,0,0,Kcnq5,5.920312807149029
22693,12,4+,Zfp30,46.03073808869136
22694,0,0,Zfp35,96.54925689677248
22695,2,2,Zfp36,177.41589761163604
22696,0,0,Zfp37,28.24885435389953
22697,3,3,Zscan21,193.84683534535225
226970,0,0,Arhgef4,13.06077048741916
226971,0,0,Plekhb2,68.55564020394782
226976,0,0,Kansl3,60.52109873600549
226977,0,0,Actr1b,441.43408930834016
22698,2,2,Zfp39,40.94629345509798
226982,9,4+,Eif5b,1918.1402662286628
226999,0,0,Slc9a2,1.31938829037081
22700,0,0,Zfp40,23.95528493953407
22701,3,3,Zfp41,134.32907901596087
22702,0,0,Zfp42,1652.7022004470032
22704,0,0,Zfp46,46.08276584567108
227058,0,0,Dnah7b,0.5983174397730658
227059,5,4+,Slc39a10,913.8927952077802
22709,0,0,Zfp51,31.023821255190576
227094,0,0,Nemp2,30.04198395942067
227095,0,0,Hibch,117.0872075468364
227099,0,0,Pms1,74.21379817048188
22710,0,0,Zfp52,14.244194148492298
227102,0,0,Ormdl1,201.76594211366648
22712,10,4+,Zfp54,14.99835913688611
227120,0,0,Plcl1,2.7659536898905106
22715,0,0,Zfp57,42.4640153808517
227154,0,0,Stradb,51.94140567909327
227157,0,0,Mpp4,2.1496289761842973
22717,8,4+,Zfp59,29.010460682468473
22718,0,0,Zfp60,75.13198952517916
22719,11,4+,Zfp61,43.88105030780865
227195,0,0,Ino80d,284.5025714471527
227197,16,4+,Ndufs1,1615.0815936762926
22720,0,0,Zfp62,31.211671739660822
227210,0,0,Ccnyl1,175.08322940657595
22722,0,0,Zfp64,451.37322274779734
227231,0,0,Cps1,10.853034050913957
22724,1,1,Zbtb7b,86.10510820888624
227288,0,0,Cxcr1,NA
227289,7,4+,Gpbar1,NA
227290,0,0,Aamp,635.0675361308366
227292,35,4+,Ctdsp1,104.02092606694684
227298,3,3,Retreg2,93.32276970128864
227325,0,0,Dner,33.503860705034704
227326,7,4+,Gpr55,NA
227327,7,4+,B3gnt7,611.4517669587608
227331,0,0,Gigyf2,159.85367590287575
227333,0,0,Dgkd,137.7625465108138
227334,0,0,Usp40,40.18498961773143
227357,0,0,Espnl,0.9481881013173166
227358,0,0,Erfe,22.193820059155662
227377,3,3,Farp2,207.84258685697515
227394,0,0,Slco4c1,12.482457808717438
227399,0,0,Ppip5k2,232.1492545667399
227446,3,3,Relch,200.73515562012463
227449,0,0,Zcchc2,67.21904497867213
22746,1,1,Zfp85,29.154493564326263
227485,0,0,Cdh19,NA
22750,0,0,Zfp9,4.102909354753419
22751,33,4+,Zfp90,40.168108834797664
227522,9,4+,Rpp38,95.68640352478944
227525,8,4+,Dclre1c,10.782935738931693
227526,8,4+,Cdnf,1.382632428924088
22754,9,4+,Zfp92,NA
227541,0,0,Camk1d,153.15017523111035
227545,0,0,Proser2,15.744187301768909
22755,5,4+,Zfp93,17.253871885241363
22756,1,1,Zfp94,14.56948064756756
22757,0,0,Zkscan5,83.99155709397787
22758,4,4+,Zscan12,47.70644109984895
227580,0,0,C1ql3,NA
22759,2,2,Zfp97,4.541751920049295
227606,0,0,Tbpl2,NA
22761,9,4+,Zfpm1,136.74868405941493
227612,7,4+,Tor4a,16.831794511209182
227613,9,4+,Tubb4b,2124.9646219586366
227615,27,4+,Tmem203,31.896421275163306
227618,7,4+,Lrrc26,NA
227619,5,4+,Man1b1,73.43082730468694
22762,0,0,Zfpm2,12.28368672564446
227620,0,0,Uap1l1,35.35049612404831
227622,11,4+,Paxx,7.421272109492089
227624,0,0,Rabl6,73.55753675450939
227627,0,0,Obp2a,NA
22763,39,4+,Zfr,669.3455184839443
227630,12,4+,Lcn11,NA
227631,0,0,Sohlh1,0.7517641560724203
227632,0,0,Kcnt1,1.7213413813465357
227634,19,4+,Camsap1,220.90088375451936
227638,0,0,Qsox2,61.29126514001692
22764,0,0,Zfx,321.6280036808863
227644,0,0,Snapc4,86.13458409696393
227648,21,4+,Sec16a,168.3637549584075
227656,11,4+,Rexo4,75.03203978616025
227659,0,0,Slc2a6,NA
227671,22,4+,Gbgt1,0.951194192954376
227674,0,0,Ddx31,155.8871688859212
227682,0,0,Trub2,215.26428840930785
227683,0,0,Coq4,39.054569192389565
227693,0,0,Zer1,139.64477146299961
227695,13,4+,Spout1,43.8742464434522
227696,4,4+,Phyhd1,14.123415670052609
227697,16,4+,Dolk,19.60254454661115
227699,16,4+,Nup188,667.0921414138793
22770,16,4+,Zhx1,79.2329570373688
227700,24,4+,Sh3glb2,70.04450520364098
227707,5,4+,BC005624,313.27556986087285
22771,0,0,Zic1,1.819036804469112
227715,2,2,Exosc2,167.26851977664523
227717,8,4+,Qrfp,NA
22772,15,4+,Zic2,76.16769547527794
227720,13,4+,Nup214,403.5424222491591
227721,0,0,Plpp7,1.4387238296880045
227723,30,4+,Prrc2b,649.7782273744139
22773,0,0,Zic3,761.9288809413513
227731,0,0,Slc25a25,59.12554347861683
227733,2,2,Pip5kl1,8.725382292626717
227736,0,0,Cfap157,NA
227737,15,4+,Niban2,NA
227738,0,0,Lrsam1,37.02887741271696
22774,7,4+,Zic4,NA
227743,0,0,Mapkap1,247.03415716481004
227746,0,0,Rabepk,137.9934443648702
22775,0,0,Zik1,58.10118442095239
227753,0,0,Gsn,1760.2902281374695
22776,0,0,Zim1,11.482153380700511
22778,6,4+,Ikzf1,1.865566551713083
227789,0,0,Or12k5,NA
22779,0,0,Ikzf2,45.22606949506017
22780,0,0,Ikzf3,0.8254328782437399
227800,0,0,Rabgap1,395.1785990437375
227801,17,4+,Dennd1a,102.2065027013734
22781,0,0,Ikzf4,76.13066234571929
22782,0,0,Slc30a1,117.09877992720024
227835,3,3,Gtdc1,77.6250535551511
22784,5,4+,Slc30a3,68.3316874650436
22785,0,0,Slc30a4,83.51445321250101
22786,8,4+,Zp1,NA
227867,0,0,Epc2,224.59016587775363
22787,0,0,Zp2,NA
22788,5,4+,Zp3,20.040048742325187
227885,0,0,Gm13498,NA
22789,0,0,Zp3r,NA
22791,0,0,Dnajc2,1193.584976748829
227929,0,0,Cytip,1.6625057195009585
22793,32,4+,Zyx,779.3129978035707
227933,0,0,Ccdc148,1.636671495909101
227937,0,0,Pkp4,1717.872047058194
227960,0,0,Gca,147.8916780113448
227998,0,0,4933409G03Rik,NA
228003,3,3,Klhl41,2.487373431661897
228005,15,4+,Ppig,1963.4812299877003
228012,0,0,Tlk1,714.01050194314
228019,0,0,Mettl8,90.62176416217878
228026,6,4+,Pdk1,636.5670318631821
228033,0,0,Atp5mc3,NA
228061,0,0,Agps,394.6857978299973
228071,0,0,Sestd1,136.15362204817686
228094,0,0,Cerkl,0.6812465510105582
228116,0,0,A130030D18Rik,NA
228136,18,4+,Zdhhc5,813.9515600165143
228139,0,0,P2rx3,1.9833620179107705
228140,0,0,Tnks1bp1,210.7584125258685
228151,0,0,Fads2b,NA
228228,0,0,Or5t17,NA
228355,0,0,Madd,16.347972759378017
228356,0,0,Cstpp1,NA
228357,0,0,Lrp4,10.763745808195646
228359,0,0,Arhgap1,2775.5423711126796
228361,0,0,Ambra1,755.6464185953536
228366,7,4+,Large2,27.65552905986848
228368,0,0,Slc35c1,299.8705141755009
228410,0,0,Cstf3,301.8157882088532
228413,2,2,Prrg4,64.04887687868079
228421,0,0,Kif18a,175.9654027383496
228432,1,1,Ano3,32.512053654667156
228443,0,0,Or4k77,NA
228482,2,2,Arhgap11a,380.5225058517759
228491,0,0,Zfp770,56.38576210756207
228536,0,0,Bahd1,78.9366909719728
228543,0,0,Rhov,7.6510481049312284
228545,0,0,Vps18,23.424630012396513
228550,0,0,Itpka,16.989217142212155
228564,0,0,Frmd5,45.20259007945395
228576,10,4+,Mall,60.049252489795336
228592,11,4+,F830045P16Rik,NA
228598,0,0,Ebf4,4.599907333287794
228602,4,4+,Dnaaf9,NA
228607,7,4+,Mavs,87.49929214568694
228608,0,0,Smox,110.21579142760446
228662,0,0,Btbd3,64.41086611254073
228677,0,0,Sptlc3,NA
228684,0,0,Sel1l2,NA
228714,10,4+,Kat14,111.6326758108311
228715,0,0,Smim26,46.88011449689238
228730,13,4+,Kiz,27.78773471903983
228731,2,2,Nkx2-4,1.6990894580586935
228756,0,0,Cstl1,NA
228765,0,0,Sdcbp2,8.401221030169511
228769,0,0,Psmf1,463.5178428481232
228770,6,4+,Rspo4,8.897349438150867
228775,6,4+,Trib3,31.87113389832626
228777,0,0,Nrsn2,10.613043141876402
228778,4,4+,6820408C15Rik,2.6667836925816872
228785,10,4+,Mylk2,NA
228787,0,0,Xkr7,0.8395589180855156
228788,15,4+,Ccm2l,5.2036187349039045
228790,0,0,Asxl1,452.3419585622538
228796,0,0,Bpifb6,NA
228801,5,4+,Bpifb1,NA
228802,11,4+,Bpifb5,0.9802911619336108
228807,3,3,Zfp341,13.12616968240941
228812,1,1,Pigu,74.00499113054589
228829,4,4+,Phf20,381.0784007644538
228836,0,0,Dlgap4,236.5213698920472
228839,5,4+,Tgif2,332.30855632503585
228846,11,4+,D630003M21Rik,3.0239159845986485
228850,0,0,Ralgapb,193.6276602699303
228852,0,0,Ppp1r16b,7.181081651354277
228858,2,2,Gdap1l1,7.409570754999798
228859,0,0,Fitm2,110.17753404297976
228866,22,4+,Pcif1,174.8919211462995
228869,0,0,Ncoa5,244.62893511562044
228875,0,0,Slc35c2,123.43103048628014
228876,4,4+,Zfp334,59.82978324627208
228880,0,0,Zmynd8,875.6553757635062
228889,0,0,Ddx27,702.6019405795328
228911,3,3,Tshz2,1.6966535372585985
228913,0,0,Zfp217,938.5931088250398
228942,6,4+,Cbln4,NA
228960,0,0,Stx16,307.8523357031022
228961,3,3,Npepl1,121.45861806035936
228966,2,2,Ppp1r3d,2.139732932719802
228980,36,4+,Taf4,522.2295874920974
228983,0,0,Osbpl2,76.17241940358349
228993,10,4+,Slc17a9,285.6847445399226
228994,0,0,Ythdf1,1334.1240829065162
228998,0,0,Arfgap1,91.50929156277964
229003,18,4+,Helz2,15.60131511684132
229004,8,4+,Gmeb2,44.03099691927952
229007,8,4+,Zgpat,17.294841031782504
229011,0,0,Samd10,196.44256170158815
229055,0,0,Zbtb10,351.5883310431755
229096,0,0,Ythdf3,562.1536506072978
229211,0,0,Acad9,24.168209623486764
229214,0,0,Qrfpr,0.799178369633017
229227,0,0,Bltp1,NA
229228,0,0,Nudt6,18.050038775318697
229277,0,0,Stoml3,NA
229279,0,0,Hnrnpa3,2796.1477644718807
229285,0,0,Spart,NA
229302,0,0,Tm4sf4,NA
229317,15,4+,Eif2a,1497.059840575905
229320,0,0,Clrn1,NA
229323,0,0,Gpr171,NA
229333,0,0,Aadacl2fm1,NA
229357,0,0,Gpr149,NA
229363,0,0,Gmps,520.8433023626994
229389,0,0,Otol1,1.4717571726583687
229445,0,0,Ctso,4.525855760222768
229473,0,0,Tmem131l,208.639498454349
229474,0,0,Fhdc1,7.240953886094875
229487,0,0,Gatb,25.12588901559175
229488,0,0,Fhip1a,NA
229499,2,2,Fcrl1,NA
229503,16,4+,Mettl25b,NA
229504,16,4+,Isg20l2,795.2670238900978
229512,0,0,Smg5,136.0520658566926
229517,0,0,Slc25a44,69.19653144563024
229521,0,0,Syt11,101.38289960941026
229524,0,0,Msto1,93.20497500224543
229534,0,0,Pbxip1,52.41164383325047
229541,0,0,Dennd4b,35.347996760074196
229542,1,1,Gatad2b,1863.59410106736
229543,22,4+,Ints3,463.7731887974812
229550,0,0,S100a7l2,NA
229562,0,0,Sprr4,NA
229571,0,0,Tdpoz8,NA
229574,1,1,Flg2,NA
229584,0,0,Pogz,766.6942911105955
229588,0,0,Gm128,12.129446595491286
229589,0,0,Prune1,479.4197742133958
229593,9,4+,Golph3l,78.00439958016314
229595,0,0,Adamtsl4,46.96503258201133
229599,2,2,Ciart,121.08637907815633
229600,10,4+,BC028528,7.507432588887532
229603,0,0,Otud7b,247.80648132015645
229613,0,0,6330549D23Rik,NA
229615,5,4+,Pias3,127.73717112139944
229644,4,4+,Trim45,47.18475535078722
229658,0,0,Vangl1,309.0495517753237
229663,0,0,Csde1,2100.5095428525256
229665,0,0,Ampd1,2.53031145058099
229672,0,0,Bcl2l15,3.846796586362596
229675,0,0,Rsbn1,404.16978199793783
229681,5,4+,St7l,40.95488401452229
229687,0,0,Chil5,NA
229688,0,0,Chil6,NA
229694,0,0,AI504432,6.704040714617861
229697,0,0,Cym,NA
229699,0,0,Slc16a4,2.773308815534402
229700,0,0,Rbm15,261.15829987919994
229706,1,1,Slc6a17,1.345420062695968
229707,0,0,Strip1,154.71379172315363
229709,0,0,Ahcyl1,221.6438916479934
229714,0,0,Gpr61,NA
229715,0,0,Amigo1,23.364478442374057
229722,0,0,Elapor1,NA
229725,0,0,Clcc1,42.6216812786021
229731,0,0,Slc25a24,332.1140038551471
229759,0,0,Olfm3,0.6968116622147925
229776,0,0,Cdc14a,29.50385843100416
229780,0,0,Trmt13,57.44405614577131
229782,0,0,Slc35a3,149.43336804898698
229791,0,0,Plppr4,NA
229801,2,2,Tram1l1,31.251489017212425
229841,11,4+,Cenpe,936.2493588695831
229861,0,0,Gm567,NA
229862,2,2,Gm4861,NA
229877,0,0,Rap1gds1,90.87035247079736
229898,0,0,Gbp5,NA
229900,0,0,Gbp7,25.048378920582763
229905,0,0,Kyat3,56.949492779359545
229906,0,0,Gtf2b,383.60937417754513
229927,0,0,Clca3b,109.17678141964524
229933,0,0,Clca2,NA
229937,0,0,Znhit6,336.23574738922105
229949,0,0,Ak5,NA
230025,15,4+,Prdm13,1.5873427062626355
230027,12,4+,Coq3,66.93891581988429
230073,19,4+,Rigi,NA
230075,12,4+,Ndufb6,1405.523460133457
230082,9,4+,Nol6,1175.3494519579965
230085,19,4+,Phf24,NA
230088,46,4+,Atosb,NA
230098,15,4+,Arhgef39,629.3178626318704
230099,12,4+,Car9,6.256876776595367
230101,23,4+,Gba2,27.77142694662177
230103,29,4+,Npr2,19.674023564944743
230119,30,4+,Zbtb5,24.591900410776255
230125,19,4+,Slc25a51,421.098001580047
230126,22,4+,Shb,70.56444978701452
230145,20,4+,Galnt12,24.0201923897452
230157,37,4+,Tmeff1,408.9014048856304
230161,0,0,Acnat1,NA
230162,11,4+,Zfp189,25.28798997519326
230163,0,0,Aldob,9.63927996871992
230233,19,4+,Elp1,236.0947484110685
230234,19,4+,Abitram,129.8412650676397
230235,16,4+,Frrs1l,6.012854188080298
230249,31,4+,Ecpas,118.97353055272174
230257,24,4+,Ptbp3,660.0001369633701
230259,23,4+,E130308A19Rik,61.33083616623724
230279,0,0,Tmem268,73.55894538867693
230316,0,0,Megf9,6.144937426695518
230376,0,0,Haus6,1012.5307649656248
230379,3,3,Acer2,175.0223852883117
230393,0,0,Focad,42.88547822151502
230396,0,0,Ifna13,NA
230398,2,2,Ifna16,NA
230405,0,0,Ifne,NA
230459,8,4+,Cyp2j13,2.837777770969621
230484,0,0,Usp1,721.8962508350436
230500,0,0,Efcab7,23.66177282150537
230514,0,0,Leprot,542.8038103976027
230558,0,0,C8a,1.8776570171070923
230576,0,0,Ttc22,NA
230577,3,3,Pars2,22.12606956501323
230579,1,1,Fam151a,0.6945747286482643
230582,0,0,Cyb5rl,8.805815087105927
230584,7,4+,Yipf1,81.74791207252984
230587,0,0,Glis1,17.71967208947241
230590,9,4+,Zyg11a,4.190668462022439
230594,0,0,Tut4,215.01606852062616
230596,0,0,Prpf38a,313.50570185463954
230597,0,0,Zfyve9,106.75119555788042
230598,0,0,Nrdc,NA
230603,1,1,Ttc39a,26.727690105577523
230612,0,0,Slc5a9,NA
230613,0,0,Skint10,NA
230622,0,0,Skint6,NA
230623,0,0,Skint11,NA
230639,0,0,Cyp4a29,NA
230648,0,0,Efcab14,171.87544523378165
230649,0,0,Atpaf1,396.0606715777509
230654,4,4+,Lrrc41,312.47286618163446
230657,0,0,Tmem69,66.21012429161355
230661,0,0,Tesk2,208.7823707769258
230673,0,0,Ipo13,38.32278333108228
230674,0,0,Kdm4a,105.10837390136972
230676,0,0,Szt2,12.352128932520111
230678,17,4+,Tmem125,16.452601848014563
230696,0,0,AU022252,163.2298365837716
230700,0,0,Foxj3,239.84622970667732
230709,7,4+,Zmpste24,527.266524941385
230718,19,4+,Nt5c1a,NA
230721,0,0,Pabpc4,1401.654237015062
230726,0,0,Rhbdl2,NA
230734,0,0,Yrdc,361.091240726272
230735,7,4+,Epha10,1.0481049512769962
230737,9,4+,Gnl2,364.5612375393696
230738,0,0,Zc3h12a,77.83063636703771
230751,3,3,Oscp1,15.77594027874825
230752,27,4+,Eva1b,38.91183476998582
230753,11,4+,Thrap3,1277.1159664045842
230757,0,0,5730409E04Rik,21.768194658773403
230761,2,2,Zfp362,115.3740046236419
230766,0,0,Fam167b,NA
230767,0,0,Iqcc,23.0109700627302
230770,2,2,Tmem39b,125.4866717251206
230775,0,0,Adgrb2,14.452792459243668
230777,9,4+,Hcrtr1,3.704479370752288
230779,0,0,Serinc2,32.96787255650251
230784,0,0,Sesn2,362.0147345248479
230787,0,0,Themis2,16.340385633842473
230789,0,0,Fam76a,176.17563181146406
230793,0,0,Ahdc1,361.01222915905385
230796,12,4+,Wdtc1,1046.90108774523
230801,0,0,Pigv,29.77945567045049
230806,0,0,Crybg2,26.06716585981519
230809,10,4+,Pdik1l,65.15219779741588
230810,0,0,Slc30a2,150.882978485464
230815,19,4+,Man1c1,127.06505973798367
230822,6,4+,Ncmap,6.701915486721015
230824,0,0,Grhl3,47.421806528508355
230828,0,0,Il22ra1,NA
230837,0,0,Asap3,12.067079737112516
230848,0,0,Zbtb40,31.401510755555503
230857,0,0,Ece1,73.05942302000378
230861,0,0,Eif4g3,243.57406617452708
230863,3,3,Sh2d5,22.99155434270795
230866,3,3,Emc1,501.71664948268693
230868,0,0,Igsf21,43.39270656447043
230872,3,3,Crocc,40.640797953408466
230883,0,0,Aadacl3,NA
230890,0,0,Aadacl4fm4,NA
230895,0,0,Vps13d,83.17190721247617
230899,1,1,Nppa,NA
230903,23,4+,Fbxo44,11.765022929810952
230904,24,4+,Fbxo2,68.42797933085892
230908,0,0,Tardbp,2395.227461760942
230909,8,4+,Ciroz,NA
230917,4,4+,Tmem201,371.0671690311586
230935,0,0,Dnajc11,395.28200253740766
230936,0,0,Phf13,260.3097122689858
230959,0,0,Ajap1,4.7378349015473855
230967,15,4+,Cep104,30.081129169610804
230971,20,4+,Megf6,2.9542614699875047
230972,3,3,Arhgef16,22.31197472692489
230979,0,0,Tnfrsf14,NA
230991,0,0,Fndc10,54.493580655606856
230996,2,2,9430015G10Rik,109.12298654953432
231002,0,0,Plekhn1,50.984524484411814
231003,0,0,Klhl17,NA
231004,0,0,Samd11,1.5873677887865971
231014,0,0,Elapor2,NA
231042,0,0,Nup42,NA
231044,13,4+,Gbx1,0.6765493625647291
231045,15,4+,Iqca1l,NA
231050,0,0,Galnt11,129.6351707690501
231051,0,0,Kmt2c,220.03058709376072
231070,0,0,Insig1,73.80399936427827
231086,0,0,Hadhb,589.0366385321829
231093,0,0,Agbl5,58.82213105605846
231098,5,4+,Dnajc5g,9.511845630703313
231103,17,4+,Gckr,NA
231123,0,0,Haus3,199.2231122384553
231125,0,0,Zfyve28,12.69068084920964
231128,2,2,Fam193a,647.9623847284678
231130,0,0,Tnip2,46.9677198872273
231134,11,4+,Dok7,1.611864389279837
231147,23,4+,Sh3tc1,30.001210362124077
231148,0,0,Ablim2,7.809082104252563
231151,0,0,Tada2b,133.9536755149723
231162,2,2,Cytl1,NA
231201,0,0,Semp2l2a,NA
231207,0,0,Cpeb2,138.35864094644378
231214,0,0,Cc2d2a,26.502896958411178
231225,0,0,Tapt1,83.59627070884012
231238,0,0,Sel1l3,9.632644717908494
231252,2,2,Chrna9,30.356727641473956
231253,5,4+,9130230L23Rik,4.299582593101025
231279,0,0,Guf1,110.68383889557006
231287,0,0,Atp10d,NA
231290,0,0,Slc10a4,1.5812762429821834
231293,0,0,Cwh43,17.03037390301401
231296,0,0,Lrrc66,NA
231326,0,0,Aasdh,37.319760707286065
231327,0,0,Ppat,526.0990092845667
231329,0,0,Polr2b,710.6314512019518
231380,0,0,Uba6,1826.837614434863
231382,0,0,Tmprss11d,15.626856648150836
231386,1,1,Ythdc1,794.827486312288
231396,0,0,Ugt2b36,NA
231413,0,0,Grsf1,653.095949947949
231430,0,0,Cox18,245.60550554693924
231440,0,0,Parm1,48.10623045369539
231452,0,0,Sdad1,784.7242202672452
231464,0,0,Cnot6l,120.23308138618118
231470,0,0,Fras1,24.581641828090746
231474,0,0,Paqr3,8.190334362798943
231503,0,0,Tmem150c,5.622791912548811
231506,6,4+,Lin54,71.36475741799136
231507,0,0,Plac8,76.91849130482495
231510,0,0,Gpat3,54.38391312092701
231532,0,0,Arhgap24,1.359985295134261
231549,0,0,Lrrc8d,542.3069774082477
231571,1,1,Rpap2,55.09716160244105
231580,0,0,Gak,472.2156565463676
231583,0,0,Slc26a1,NA
231589,1,1,Vmn2r13,NA
231591,0,0,Vmn2r14,NA
231600,0,0,Chfr,377.01293686369297
231602,0,0,P2rx2,5.599361514552634
231603,0,0,A630023P12Rik,NA
231605,0,0,Galnt9,6.738189558616302
231630,18,4+,Ficd,24.496104114919355
231633,9,4+,Tmem119,2.3184982819456423
231637,18,4+,Ssh1,331.8637200360841
231642,0,0,Alkbh2,80.98853941926842
231646,3,3,Myo1h,1.7813812323817522
231655,0,0,Oasl1,4.542949462498128
231659,1,1,Gcn1,246.100402423646
231668,0,0,Vsig10,41.56488318602082
231670,9,4+,Fbxo21,279.4798120145015
231672,4,4+,Fbxw8,100.11640667449268
231691,16,4+,Sds,NA
231699,0,0,Oas1e,NA
231712,0,0,Trafd1,55.839563773652465
231713,7,4+,Naa25,251.6524412803084
231717,14,4+,Pheta1,32.50580150044839
231724,0,0,Rad9b,81.69996028497482
231727,5,4+,B3gnt4,3.1226117904177397
231760,2,2,Rimbp2,50.34113180212453
231769,0,0,Sfswap,226.87161926255095
231798,30,4+,Lrch4,235.47818206126317
231801,6,4+,Agfg2,61.701609749710315
231803,22,4+,Mepce,92.65716209525247
231805,0,0,Pilra,NA
231807,4,4+,Trappc14,NA
231821,7,4+,Adap1,38.54757223438251
231830,30,4+,Micall2,1.0817610926319934
231832,4,4+,Tmem184a,18.47372655913768
231834,0,0,Snx8,42.54862664298645
231841,0,0,Brat1,48.98724386475735
231842,14,4+,Amz1,7.504759307832645
231855,24,4+,Ap5z1,24.942997965174587
231858,2,2,Radil,161.29303896690206
231861,0,0,Tnrc18,111.36038396076636
231863,9,4+,Fbxl18,135.2062600759577
231866,0,0,Zfp12,50.70658799694951
231868,13,4+,Ints15,NA
231871,0,0,Daglb,54.03149569158402
231872,2,2,Aimp2,383.9835495166286
231874,0,0,Ccz1,479.6769120334914
231876,0,0,Lmtk2,56.14317132767459
231885,6,4+,Gm4871,NA
231887,8,4+,Pdap1,779.9095947958851
231889,10,4+,Bud31,415.1391733618004
231903,0,0,Urad,NA
231912,0,0,Katnal1,27.99080018165477
231915,1,1,Uspl1,253.473747127539
231931,0,0,Gimap6,NA
231932,13,4+,Gimap7,NA
231946,0,0,Fam221a,26.023694187882196
231986,0,0,Jazf1,16.01874182277722
231989,0,0,Gm4872,NA
231991,0,0,Creb5,36.531183043877505
231997,0,0,Fkbp14,52.06188542078125
231999,0,0,Plekha8,217.64693082123972
232016,0,0,Itprid1,NA
232023,0,0,Vopp1,25.176774139098978
232035,0,0,Ccser1,34.02292635509435
232077,5,4+,Foxi3,NA
232078,10,4+,Thnsl2,13.136978635630088
232086,7,4+,Tmem150a,194.85818181923003
232087,0,0,Mat2a,3967.179265143652
232089,3,3,Elmod3,60.28722585330971
232146,0,0,Eva1a,19.314206603132288
232156,2,2,Slc4a5,154.24883610333762
232157,10,4+,Mob1a,303.04178190112066
232164,1,1,Paip2b,262.0999704152581
232174,3,3,Cyp26b1,4.380780412018473
232187,0,0,Smyd5,412.6072850930772
232196,0,0,C87436,48.83300120348631
232201,0,0,Arhgap25,0.8352528620317573
232210,10,4+,Hmces,466.11026198830194
232217,2,2,4933427D06Rik,12.14638285020362
232223,0,0,Txnrd3,101.97085417622849
232227,12,4+,Iqsec1,191.27444139376092
232232,27,4+,Hdac11,2.5956403438073914
232236,3,3,Ccdc174,129.51490323547722
232237,0,0,Fgd5,67.86058818271543
232286,0,0,Tmf1,188.78771774055315
232288,0,0,Frmd4b,126.72818181909705
232313,0,0,Gxylt2,20.122425868243965
232314,0,0,Ppp4r2,789.7543550558294
232333,0,0,Slc6a1,27.865506722806415
232334,0,0,Vgll4,23.623540558037888
232337,9,4+,Zfp637,50.09593700127163
232339,0,0,Ankrd26,97.023513486109
232341,0,0,Wnk1,1988.3939530697844
232345,0,0,A2m,20.453935073070458
232358,0,0,Vmn2r19,NA
232367,0,0,Vmn2r27,2.9815331411671964
232370,10,4+,Clstn3,101.88938533866484
232371,0,0,C1rl,11.884820531965008
232386,8,4+,Gm38404,NA
232400,6,4+,A2ml1,NA
232406,0,0,BC035044,NA
232408,0,0,Klrb1f,NA
232409,0,0,Clec2e,NA
232413,6,4+,Clec12a,NA
232414,0,0,Clec9a,NA
232415,0,0,Klrh1,NA
232426,0,0,5530400C23Rik,NA
232430,0,0,Crebl2,28.911649254004622
232431,15,4+,Gprc5a,252.16434584088177
232440,5,4+,H2aj,NA
232441,3,3,Rerg,13.994598613866756
232449,0,0,Dera,354.16723089138367
232491,0,0,Pyroxd1,34.4915167749447
232493,1,1,Gys2,NA
232533,2,2,Stk38l,117.77838709568248
232536,0,0,Mrps35,350.5293090926856
232539,8,4+,Klhl42,79.55734545835828
232560,21,4+,Caprin2,128.7747982638586
232566,0,0,Amn1,61.15636811865262
232585,6,4+,Vwde,NA
232599,0,0,Gm4876,NA
232664,28,4+,Ccdc136,35.69812815900932
232670,19,4+,Tspan33,42.93627936392366
232679,3,3,Zc3hc1,317.4289255078204
232680,7,4+,Cpa2,6.599846280944041
232685,9,4+,Lncpint,0.6780947981107565
232714,0,0,Mgam,3.1482316989207053
232717,0,0,Prss58,NA
232748,0,0,Tcaf2,3.106520844325844
232784,12,4+,Zfp212,139.73463652617923
232785,1,1,Zfp783,NA
232790,2,2,Oscar,2.827714611074623
232791,5,4+,Cnot3,337.44206628498574
232798,5,4+,Leng8,240.25992411706457
232801,0,0,Lilra5,NA
232807,0,0,Ppp1r12c,97.03466095404114
232811,1,1,Kmt5c,181.4743780825461
232813,9,4+,Shisa7,16.78130743678727
232816,17,4+,Zfp628,27.867886865195715
232821,21,4+,Ccdc106,61.26413598069995
232827,0,0,Nlrp2,NA
232836,15,4+,Galp,NA
232853,4,4+,Zfp954,32.75722534784685
232854,0,0,Zfp418,59.60672113292675
232855,0,0,Zfp772,25.107546184817068
232875,0,0,Zscan18,36.94008092061302
232878,0,0,Zscan22,260.0090474896111
232879,6,4+,Zbtb45,71.49785467467976
232889,0,0,Pla2g4c,18.582955115045618
232906,32,4+,Arhgap35,161.30445859947685
232910,2,2,Ap2s1,692.2678992671922
232919,0,0,Psg-ps1,NA
232925,0,0,Igfl3,NA
232933,16,4+,Ccdc61,43.18746235285251
232934,23,4+,Mypop,8.728283232381706
232941,0,0,Ppm1n,39.4516011901891
232943,17,4+,Klc3,22.067203730216892
232944,2,2,Mark4,311.5982620543159
232946,0,0,Bloc1s3,22.28485639304436
232947,11,4+,Ppp1r37,22.230699958861724
232959,0,0,Vmn1r178,NA
232962,0,0,Vmn1r180,NA
232966,18,4+,Zfp114,6.929785652217689
232969,14,4+,Zfp428,163.2244712562466
232970,0,0,Phldb3,3.3975566087735265
232972,27,4+,Lypd10,NA
232973,0,0,Lypd4,1.238837651823029
232974,7,4+,Erfl,NA
232975,20,4+,Atp1a3,65.51122483889537
232976,0,0,Zfp574,527.1232294606564
232983,1,1,Cxcl17,NA
232984,0,0,B3gnt8,NA
232987,0,0,B9d2,6.466462355396604
232989,0,0,Hnrnpul1,1668.2071092635672
233001,2,2,Nlrp9a,NA
233005,3,3,Cyp2a22,NA
233011,15,4+,Itpkc,7.983784799182832
233016,1,1,Blvrb,120.815059703292
233020,0,0,Hipk4,19.514123137334263
233033,0,0,Samd4b,1033.8172002103806
233038,16,4+,Nccrp1,11.384323255981757
233040,18,4+,Fbxo27,52.026310051691176
233046,4,4+,Rasgrp4,49.01776111830236
233056,2,2,Zfp790,17.533659926616117
233057,8,4+,Zfp940,43.83215038740111
233058,0,0,Zfp420,30.073138067298984
233060,20,4+,Zfp382,2.6225143897127414
233064,0,0,Wdr62,91.22698117993748
233065,36,4+,Alkbh6,80.13164314503769
233066,21,4+,Syne4,44.51147845912763
233067,7,4+,Lrfn3,4.237651720039995
233071,1,1,Arhgap33,32.000504529077645
233073,1,1,U2af1l4,127.40560792353747
233079,2,2,Ffar2,NA
233080,22,4+,Ffar3,NA
233081,8,4+,Ffar1,NA
233090,0,0,Scgb2b24,NA
233099,10,4+,Scgb2b27,NA
233103,0,0,Garre1,NA
233107,8,4+,Kctd15,187.49717198835745
233115,0,0,Dpy19l3,60.069906274092666
233147,0,0,Zfp939,NA
233164,0,0,Gm4884,NA
233168,0,0,AI987944,95.81772801852324
233186,0,0,Siglecf,4.982281335688756
233187,2,2,Lim2,NA
233189,0,0,Ctu1,74.23452683898178
233199,0,0,Mybpc2,3.656311698984647
233204,11,4+,Tbc1d17,47.19960332438818
233208,31,4+,Scaf1,480.21960332381013
233210,32,4+,Prr12,409.1032564681408
233221,0,0,Mrgpra1,NA
233222,0,0,Mrgpra3,NA
233230,0,0,Mrgprb4,NA
233231,2,2,Mrgprb1,1.0436688178390083
233246,11,4+,Ano5,NA
233271,0,0,Luzp2,NA
233274,0,0,Siglech,NA
233276,1,1,Tubgcp5,141.84678677182245
233280,0,0,Nipa1,40.514390080452536
233315,0,0,Mtmr10,48.53758697482246
233328,0,0,Lrrk1,12.422287439628874
233332,0,0,Adamts17,1.5399717510588635
233335,0,0,Synm,30.01077531422793
233405,2,2,Vps33b,162.53650736547922
233406,0,0,Prc1,1057.5086353693157
233410,32,4+,Zfp592,105.8857325619086
233424,0,0,Tmc3,NA
233437,0,0,Vmn2r66,NA
233445,0,0,Vmn2r71,NA
233489,11,4+,Picalm,644.2512646618321
233490,0,0,Crebzf,46.27081113012021
233529,0,0,Kctd14,1.6626420241829816
233532,0,0,Rsf1,183.47423665839864
233537,3,3,Gdpd4,NA
233545,0,0,Emsy,260.75757233287555
233549,8,4+,Mogat2,38.65747624309895
233552,0,0,Gdpd5,9.5367769908925
233571,0,0,P2ry6,3.920608637816712
233575,0,0,Pgap2,280.07832329822395
233578,0,0,Or52m2,NA
233649,13,4+,Cnga4,1.1896327649461875
233651,0,0,Dchs1,1.0457930823661412
233670,4,4+,Or6b9,NA
233724,0,0,Tmem41b,358.14667562938547
233726,0,0,Ipo7,1479.4062457391503
233733,14,4+,Galnt18,NA
233744,0,0,Spon1,1.8368540341266923
233752,0,0,Insc,5.937525623676017
233765,0,0,Plekha7,540.790093173081
233781,0,0,Xylt1,43.52296107274423
233789,0,0,Smg1,916.2902493511618
233799,0,0,Acsm2,NA
233801,1,1,Acsm4,5.578927269883062
233802,0,0,Thumpd1,267.3173294103302
233805,0,0,Dcun1d3,268.7504643608696
233806,0,0,Ldaf1,NA
233810,1,1,Abca16,4.232169267055258
233812,5,4+,Mosmo,106.02078191245904
233813,0,0,Vwa3a,1.1525255319833394
233824,6,4+,Cog7,67.31376649713913
233826,0,0,Palb2,149.8002769879146
233833,0,0,Tnrc6a,891.7754110265585
233836,0,0,Slc5a11,15.19777280833424
233863,0,0,Gtf3c1,375.9699854948827
233865,0,0,Katnip,NA
233870,1,1,Tufm,209.48147669860316
233871,1,1,Atxn2l,1180.3245769162268
233875,4,4+,Ino80e,508.8971590015974
233876,6,4+,Hirip3,325.0758646800826
233877,0,0,Kctd13,149.08600701305383
233878,10,4+,Sez6l2,7.040871424979988
233879,0,0,Asphd1,1.3338096880862
233887,0,0,Zfp553,212.86188032829705
233890,48,4+,Zfp768,6.747762641336098
233893,0,0,Zfp764,12.514676900077472
233895,1,1,Prr14,135.75841505339355
233899,0,0,Cfap119,NA
233900,0,0,Rnf40,143.7405463835726
233902,0,0,Fbxl19,106.5666875818127
233904,0,0,Setd1a,546.4011403687533
233905,18,4+,Zfp646,53.43140184322687
233908,0,0,Fus,2309.842310869561
233912,0,0,Armc5,36.14809851943352
233913,0,0,Rusf1,NA
233918,11,4+,4933402N03Rik,NA
233919,0,0,Gpr26,NA
233977,4,4+,Ppfia1,225.4432357189024
233979,0,0,Tpcn2,4.494332328923211
233987,0,0,Zfp958,30.61021330092682
234023,0,0,Arglu1,564.711522500042
234069,0,0,Pcid2,307.0314982292043
234072,9,4+,Adprhl1,NA
234076,0,0,Tmco3,41.77451279316252
234086,7,4+,Erich1,77.72858151821306
234094,0,0,Arhgef10,32.690006680837186
234129,0,0,Tpte,0.7427973479728617
234130,0,0,Dkk4,NA
234135,4,4+,Nsd3,159.49405803000394
234138,0,0,Tti2,58.01217225966392
234155,4,4+,Mboat4,1.404451796904212
234199,0,0,Fgl1,1.6816492223137791
234214,0,0,Sorbs2,11.8230060643438
234219,0,0,Helt,NA
234258,1,1,Neil3,54.13745614417694
234267,0,0,Gpm6a,17.707119364219857
234290,0,0,BC030500,NA
234309,0,0,Cbr4,99.53445733903573
234311,0,0,Ddx60,1.2585378439725918
234329,0,0,Trim60,NA
234344,0,0,Naf1,428.0559634914901
234353,2,2,Psd3,11.281568677281326
234356,0,0,Csgalnact1,NA
234358,0,0,Zfp930,154.44427153220235
234362,2,2,Zfp868,28.260537558582243
234365,0,0,Yjefn3,2.168894516808283
234366,0,0,Gatad2a,1707.9255403028255
234371,0,0,Tmem161a,90.26300689869164
234373,0,0,Sugp2,61.395297234880445
234374,22,4+,Ddx49,124.49566181083414
234378,15,4+,Klhl26,240.65086332585753
234384,3,3,Mpv17l2,117.06570680589132
234388,0,0,Ccdc124,318.30571487404467
234395,2,2,Ushbp1,6.259299708850696
234396,0,0,Ankle1,46.77316892060193
234404,0,0,Nxnl1,0.7405402513125128
234407,0,0,Colgalt1,645.5538120011761
234413,21,4+,Zfp961,730.5527844864821
234421,0,0,Cib3,0.9147345460058384
234463,0,0,Tmem184c,230.77518917078285
234479,0,0,Gm4890,5.815770704892247
234515,0,0,Inpp4b,20.435607932026866
234542,4,4+,Rtbdn,0.6330598331570295
234549,0,0,Heatr3,114.54936036852295
234564,0,0,Ces1f,NA
234577,0,0,Cpne2,65.66301489047191
234582,33,4+,Ccdc102a,29.32565595766656
234593,36,4+,Ndrg4,90.22082329891803
234594,33,4+,Cnot1,2719.97530666252
234595,0,0,Slc38a7,241.60363803117457
234624,0,0,A330008L17Rik,0.7753332578763258
234663,0,0,Dync1li2,225.0860937047977
234664,0,0,Nae1,702.021560171901
234669,5,4+,Ces2b,NA
234671,0,0,Ces2c,3.2601769140067796
234673,0,0,Ces2e,27.76253082499152
234677,6,4+,Ces4a,NA
234678,0,0,Phaf1,NA
234683,10,4+,Elmo3,20.513436320022983
234684,6,4+,Fbxl9,NA
234686,8,4+,Fhod1,240.06242865614172
234695,0,0,Carmil2,79.36376596300587
234699,5,4+,Edc4,556.7828036452056
234700,1,1,Nrn1l,4.073908327537502
234723,0,0,Txnl4b,19.82294687424901
234724,0,0,Tat,NA
234725,0,0,Zfp612,21.546227370010044
234728,0,0,Cmtr2,76.89108668755877
234729,19,4+,Vac14,169.54943391422938
234730,5,4+,Fcsk,85.69207620936376
234733,0,0,Ddx19b,464.78220676724106
234734,0,0,Aars1,NA
234736,0,0,Rfwd3,479.0911483643556
234740,0,0,Tmem231,759.5699771029513
234776,0,0,Atmin,216.81040856923013
234779,20,4+,Plcg2,250.04733792734476
234788,0,0,Slc38a8,12.63891499571845
234796,0,0,Klhl36,26.89484723538944
234797,0,0,6430548M08Rik,1.7645385461795688
234814,2,2,Mthfsd,165.09876751100848
234825,10,4+,Klhdc4,78.53755011404022
234836,20,4+,Il17c,NA
234839,0,0,Piezo1,386.63124890669775
234847,26,4+,Spg7,409.5518483658517
234852,6,4+,Chmp1a,315.940726609791
234854,12,4+,Cdk10,66.49278464353655
234857,6,4+,Spire2,44.649999721999265
234863,0,0,6030466F02Rik,NA
234865,7,4+,Nup133,217.331902276528
234875,7,4+,Ttc13,206.96468024406695
234878,18,4+,Map3k21,1.2565563238551305
234889,30,4+,Gucy1a2,1.676256829503452
234911,0,0,Mmp27,NA
234912,0,0,Cfap300,7.750324194274833
234915,18,4+,Cep126,19.810972305780055
234959,1,1,Med17,438.3229191767062
234964,13,4+,Deup1,NA
234967,0,0,Slc36a4,12.093405086729602
234988,0,0,Mbd3l2,NA
235028,9,4+,Zfp426,50.17726251037755
235033,4,4+,Rdh8,NA
235036,30,4+,Ppan,118.21413996638054
235040,13,4+,Atg4d,62.61509141255213
235041,0,0,Kank2,470.40984522101655
235043,0,0,Tmem205,44.84100891119239
235044,1,1,Plppr2,14.27084106682958
235047,6,4+,Zfp809,108.85685597360556
235048,0,0,Zfp599,78.67328146284729
235050,1,1,Zfp810,25.087550911387872
235067,0,0,Cypt4,NA
235072,4,4+,Septin7,NA
235086,0,0,Igsf9b,177.16368222369465
235106,0,0,Ntm,1.9748669821725784
235130,28,4+,Adamts15,2.958437454121953
235132,36,4+,Zbtb44,453.3923779728422
235134,0,0,Nfrkb,60.49308012294463
235135,4,4+,Tmem45b,5.818386662064102
235169,0,0,Foxred1,49.57314302170347
235180,5,4+,Fez1,24.420795501136304
235184,4,4+,Msantd2,440.23194755023945
235248,0,0,Or8g33,NA
235256,0,0,Or10d1b,NA
235281,0,0,Scn3b,9.988506276627836
235283,0,0,Gramd1b,71.49294248451304
235293,0,0,Sc5d,132.44213739831014
235300,7,4+,Tlcd5,NA
235302,15,4+,D630033O11Rik,NA
235312,0,0,C1qtnf5,NA
235315,3,3,Rnf214,88.19072830295784
235320,0,0,Zbtb16,NA
235323,0,0,Usp28,178.19446047685938
235327,6,4+,Gm4894,NA
235330,0,0,Ttc12,46.67761718239757
235339,4,4+,Dlat,590.051387419253
235344,0,0,Sik2,57.27466258250121
235345,0,0,Hoatz,NA
235379,0,0,Gldn,NA
235380,16,4+,Dmxl2,130.84993971087889
235386,6,4+,Hykk,35.15840457361775
235402,10,4+,Lingo1,4.194979134777394
235406,0,0,Snx33,28.04594156161537
235415,7,4+,Cplx3,NA
235416,2,2,Lman1l,NA
235431,0,0,Coro2b,115.65187875358583
235435,0,0,Lctl,33.950912706633204
235439,0,0,Herc1,284.44743432746986
235441,0,0,Usp3,101.73165830290552
235442,3,3,Rab8b,107.44559641642014
235459,2,2,Gtf2a2,694.0285648919337
235461,0,0,Mindy2,11.594712911178547
235469,0,0,Zfp280d,224.36408329561823
235472,0,0,Prtg,906.7912835018088
235493,0,0,Atosa,NA
235497,0,0,Leo1,160.2329306033531
235504,0,0,Slc17a5,23.10362962117006
235505,5,4+,Cd109,41.78388176181628
235527,0,0,Plscr4,NA
235533,0,0,Gk5,52.03737039911474
235534,0,0,Pxylp1,15.014166162768865
235542,0,0,Ppp2r3a,53.74884049269908
235559,1,1,Topbp1,358.06063340329683
235567,0,0,Dnajc13,287.8386291428361
235574,0,0,Atp2c1,284.53534052224074
235582,16,4+,Glyctk,13.717169373174816
235584,0,0,Dusp7,43.29337809600092
235587,9,4+,Parp3,11.646465526551228
235599,7,4+,6430571L13Rik,NA
235604,3,3,Camkv,7.196651607934976
235606,0,0,Apeh,39.22713467025701
235610,0,0,Atrip,36.76460538776657
235611,0,0,Plxnb1,48.32769621782078
235612,0,0,Fbxw19,NA
235623,3,3,Scap,79.13267736877117
235626,0,0,Setd2,612.7661699946058
235627,2,2,Nbeal2,7.549689580449692
235628,0,0,Prss42,3.2697136448712794
235631,0,0,Prss50,28.243087487885433
235633,0,0,Als2cl,118.98453509162525
235634,9,4+,Fam240a,NA
235636,0,0,Rtp3,2.8480793448322292
235661,0,0,Dync1li1,452.9537375215061
235674,0,0,Acaa1b,3.307140534402882
235682,0,0,Zfp445,437.9128569901793
235712,0,0,Mrgpra2b,NA
235779,0,0,Nlrp4g,NA
235854,0,0,Mrgpra4,NA
235907,0,0,Zfp65,92.36071045627072
235956,0,0,Zfp825,29.67435203113459
235973,0,0,Pate14,0.5916785535948351
236069,0,0,Gm13238,NA
236149,0,0,Slc22a26,NA
236193,0,0,Zfp709,22.138508133478933
236219,0,0,Tcstv3,24.90529226871825
236266,0,0,Alms1,212.59363836180844
236285,8,4+,Lancl3,NA
236293,0,0,Slc22a29,NA
236312,4,4+,Ifi209,NA
236366,0,0,5730507C01Rik,9.575162341968372
236451,5,4+,Phf11b,3.73506863544132
236509,0,0,Or1af1,NA
236511,0,0,Ago1,707.7347390311414
236537,0,0,Zfp352,13.031940714648613
236539,2,2,Phgdh,126.65370930248636
236546,2,2,Tcstv2a,NA
236573,0,0,Gbp9,5.82049726370508
236574,0,0,Smok2b,NA
236604,0,0,Pisd-ps1,NA
236643,0,0,Sytl5,NA
236663,0,0,H2al1j,NA
236690,0,0,Nyx,1.22786313060358
236727,17,4+,Slc9a7,0.6228034093012585
236732,0,0,Rbm10,147.94625078951196
236733,0,0,Usp11,338.97847458271497
236749,0,0,Tesl1,NA
236781,0,0,Gpr119,NA
236784,0,0,Or11q2,NA
236785,0,0,Or5o1,NA
236790,8,4+,Ints6l,16.33547561516052
236792,0,0,Mmgt1,296.9455856457749
236794,0,0,Slc9a6,106.3873620069983
236798,0,0,Adgrg4,1.2086552073001529
236848,0,0,Tmem185a,143.1910658861356
236852,9,4+,Magea10,NA
236874,0,0,Gm14743,NA
236899,0,0,Pcyt1b,78.95221122011976
236900,0,0,Pdk3,513.5590807046633
236904,0,0,Klhl15,38.13006974238086
236915,0,0,Arhgef9,4.474479427338021
236920,0,0,Stard8,20.75497471299739
236930,0,0,Ercc6l,142.99707221369826
237009,0,0,Ube2dnl1,20.557841812655624
237010,0,0,Klhl4,NA
237038,0,0,Nox1,15.190848996709637
237052,0,0,Tceal1,12.353994412297371
237073,0,0,Rbm41,10.463650656539098
237082,0,0,Nxt2,89.65029952568489
237091,0,0,Lhfpl1,1.052493536338766
237107,4,4+,Gnl3l,712.968391707499
237175,0,0,Adgrg2,4.89033108485473
237178,0,0,Ppef1,1.0862905849891114
237211,0,0,Fancb,36.019422484261796
237213,0,0,Glra2,NA
237221,0,0,Gemin8,29.9708060263924
237222,0,0,Ofd1,227.88487111315808
237253,5,4+,Lrp11,289.9755424916192
237256,16,4+,Zc3h12d,0.9281640807306922
237300,5,4+,Gm4922,NA
237310,0,0,Il22ra2,NA
237313,4,4+,Il20ra,NA
237320,0,0,Aldh8a1,NA
237336,0,0,Tbpl1,437.5676238782646
237339,0,0,L3mbtl3,108.29647983951452
237353,0,0,Sh3rf3,8.758874675802812
237360,0,0,Adamts14,21.912765348313982
237362,0,0,Npffr1,0.8706687841466911
237387,6,4+,Lrrc3,44.85718895075203
237397,38,4+,C2cd4c,3.3466408015484403
237400,5,4+,Mex3d,103.31216325671528
237403,25,4+,Lingo3,4.345484257302034
237411,0,0,Zfp938,36.609759748248976
237422,0,0,Ric8b,163.01740483368624
237433,0,0,Gm4925,NA
237436,0,0,Gas2l3,285.2611454499198
237459,7,4+,Cdk17,299.3401812064358
237465,0,0,Ccdc38,345.0520253798102
237500,0,0,Tmtc3,527.4323672352347
237504,0,0,Rassf9,6.382494807790103
237523,0,0,Ptprq,NA
237542,0,0,Osbpl8,161.69837183086682
237553,0,0,Trhde,NA
237558,0,0,Myrfl,1.9369159007448788
237560,24,4+,Lrrc10,NA
237611,19,4+,Stac3,1.0704200319699222
237615,0,0,Ankrd52,20.481212436041208
237625,12,4+,Pla2g3,NA
237636,0,0,Npc1l1,0.6905931100552133
237694,0,0,4932414J04Rik,NA
237711,0,0,Eml6,1.5263419422996298
237716,0,0,Gpr75,9.813108075171456
237730,0,0,Fbll1,0.8924490444096578
237749,1,1,Timd7-ps,NA
237754,0,0,Btnl9,NA
237758,0,0,Zfp454,18.60809807602779
237759,0,0,Col23a1,1.7393665047062297
237761,2,2,Sowaha,1.485561792584094
237775,0,0,Zfp867,15.233148016651246
237781,0,0,Mief2,49.68600319934018
237782,8,4+,Smcr8,52.033042721577615
237806,0,0,Dnah9,NA
237823,4,4+,Pfas,477.4414846877123
237831,10,4+,Slc13a5,29.013429292669674
237847,0,0,Rtn4rl1,12.14581001297899
237858,7,4+,Trarg1,NA
237859,0,0,Nsrp1,151.9436008320852
237860,0,0,Ssh2,126.23720693675796
237868,0,0,Sarm1,10.03749858801958
237877,1,1,Atad5,143.96025403307326
237880,0,0,1700071K01Rik,NA
237886,0,0,Slfn9,5.783593256990359
237887,0,0,Slfn10,NA
23789,7,4+,Coro1b,18.429223876386803
237890,0,0,Slfn14,NA
237891,0,0,Gas2l2,NA
237898,7,4+,Usp32,120.91653672372249
23790,4,4+,Coro1c,1361.8398843251366
237911,0,0,Brip1,27.53785482745436
23792,0,0,Adam23,336.7631213049776
237926,0,0,Rsad1,8.638911878437499
237928,3,3,Phospho1,NA
23793,3,3,Adam25,2.104752915229949
237930,0,0,Ttll6,20.391431673214107
237934,0,0,Krt39,NA
23794,0,0,Adamts5,22.959680093749853
237940,7,4+,Aoc2,10.12696809028132
237943,16,4+,Gpatch8,219.5463588089496
23795,0,0,Agr2,NA
237958,14,4+,Sppl2c,NA
23796,0,0,Aplnr,NA
23797,0,0,Akt3,81.4221659003576
237979,0,0,Sdk2,5.183603413843617
237987,0,0,Otop2,NA
237988,25,4+,Cdr2l,84.48708932976315
23801,17,4+,Aloxe3,22.617314090765436
238011,0,0,Enpp7,NA
23802,0,0,Amfr,739.3228705681161
238021,9,4+,Fscn2,NA
238023,0,0,Hexd,NA
238024,0,0,Fn3krp,242.40127140290056
238037,0,0,Wdcp,110.04489298416505
23805,15,4+,Apc2,9.043113586068111
238055,0,0,Apob,NA
238057,0,0,Gdf7,NA
23806,30,4+,Arih1,603.2602443602523
23807,0,0,Arih2,935.4601734965185
238076,9,4+,Kcns3,26.797605304731302
23808,0,0,Ash2l,1870.8857271152924
238123,0,0,Cog5,147.53419633767157
238130,0,0,Dock4,77.77643004456898
238161,0,0,Akap6,NA
238205,0,0,Lrfn5,4.050908504253949
23821,0,0,Bace1,90.42448688010766
238217,0,0,Rpl10l,538.3454160727534
238247,29,4+,Arid4a,77.30404955224553
23825,0,0,Banf1,13153.03823076054
238252,0,0,Gpr135,26.725629799319258
238257,0,0,Tmem30b,74.84967706970353
238266,4,4+,Syt16,3.489771416830155
23827,0,0,Bpnt1,326.3565712447362
238271,0,0,Kcnh5,NA
238276,0,0,Akap5,31.214064324871774
23828,0,0,Popdc1,NA
23829,4,4+,C1ql1,29.976267288042028
23830,3,3,Capn10,101.95715608598796
23831,7,4+,Car14,10.194998376697695
238317,1,1,Mideas,NA
23832,0,0,Xcr1,NA
238323,11,4+,Rps6kl1,17.937663209993673
238328,0,0,Vash1,NA
23833,0,0,Cd52,4.472697767964696
238330,31,4+,Irf2bpl,718.1451535805893
238331,12,4+,Zdhhc22,1.4123725340757565
238333,0,0,Samd15,2.850814259221216
23834,0,0,Cdc6,332.34165379052973
23836,0,0,Cdh20,NA
23837,0,0,Cfdp1,5526.429595226799
238377,0,0,Gpr68,1.348784677131741
238384,0,0,Slc24a4,NA
238386,0,0,Btbd7,189.7894173581068
238393,6,4+,Serpina3f,NA
238395,0,0,Serpina3j,NA
238405,0,0,Adam6b,NA
238406,4,4+,Adam6a,NA
23844,0,0,Clca1,1.0628759323458594
23845,2,2,Clec5a,NA
238455,1,1,Macc1,6.801005994126638
238463,2,2,Tubal3,NA
23849,7,4+,Klf6,1147.5223953312277
23850,0,0,Pappa2,NA
238505,0,0,Mtr,272.7887997342705
23853,8,4+,Def6,51.48259198516476
23854,27,4+,Def8,611.8104988414236
23855,0,0,Defa17,NA
238555,0,0,Btn2a2,NA
23856,0,0,Dido1,307.64251767539577
238564,0,0,Mylk4,NA
238568,0,0,Serpinb6d,NA
23857,9,4+,Dmtf1,231.01086024604768
23859,4,4+,Dlg2,1.0069520813245154
23863,18,4+,Dand5,12.916288171093798
238662,0,0,Spata31d1b,4.321647277746545
238663,16,4+,Spata31d1d,NA
238673,0,0,Zfp367,159.96723933966655
238680,0,0,Cntnap3,14.269356064894996
238683,0,0,Spata31d1c,NA
238690,0,0,Zfp458,5.052887504319289
238692,1,1,Zfp874a,29.107483061903405
238693,0,0,Zfp58,10.725752720849018
23871,0,0,Ets1,90.14946088394474
23872,4,4+,Ets2,137.61947385150864
238722,0,0,Zfp72,34.01566101750172
238725,7,4+,Gpr150,NA
238726,0,0,Fam81b,NA
23873,16,4+,Faim,534.8777617028629
23874,4,4+,Farsb,1190.5833022223508
23876,5,4+,Fbln5,2.001614063463231
23877,10,4+,Fiz1,592.5942889629104
23879,0,0,Fxr2,208.3375669916603
238799,0,0,Tnpo1,1122.5117798454005
23880,0,0,Fyb1,NA
238803,4,4+,Zfp366,NA
23881,0,0,G3bp2,5622.155536380842
23882,0,0,Gadd45g,147.31763324503703
238829,0,0,Cldn34b3,NA
238831,0,0,Ppwd1,191.72919921528108
23885,2,2,Gmcl1,303.6885307175131
23886,12,4+,Gdf15,8.049440681344953
23887,6,4+,Ggt5,3.2894745567123884
238871,0,0,Pde4d,13.979258021846167
238875,0,0,Gapt,NA
23888,0,0,Gpc6,23.61683453553617
238880,0,0,Actbl2,NA
238896,0,0,Cdc20b,NA
23890,0,0,Gpr34,NA
23892,0,0,Grem1,1.2767703458438215
23893,2,2,Grem2,0.9368304715661152
23894,0,0,Gtf2h2,206.3033114702125
23897,0,0,Hax1,704.371403923052
238988,0,0,Erc2,30.59314837074938
23900,0,0,Hcst,NA
239017,11,4+,Ogdhl,54.66087046094252
239027,0,0,Arhgap22,6.722130128837606
239029,0,0,Antxrl,NA
239036,0,0,4930596D02Rik,NA
239037,0,0,Lrit1,NA
239038,0,0,Lrit2,NA
23908,0,0,Hs2st1,214.35887008224609
239081,0,0,Tlr11,NA
239083,0,0,Ccnb1ip1,232.3425504805289
239096,0,0,Cdh24,22.13165300134146
239099,2,2,Homez,25.592010448643688
239102,9,4+,Zfhx2,311.3712190628884
239114,0,0,Il17d,32.0622889282911
23912,17,4+,Rhof,87.25490968417658
239122,1,1,Setdb2,14.72321083865973
239126,2,2,C1qtnf9,1.1303681311988565
239133,0,0,Dleu7,1.072220371874985
239134,5,4+,Gucy1b2,NA
239157,0,0,Pnma2,57.96058488294387
239167,0,0,Synb,NA
23917,18,4+,Impdh1,335.73750468721187
239170,0,0,Fhip2b,NA
23918,8,4+,Impdh2,1030.981673435026
239188,0,0,Enox1,1024.121209974482
23919,0,0,Insl5,NA
23920,1,1,Insrr,1.4817657590219273
23921,0,0,Sh2b2,16.18671274484084
239217,0,0,Kctd12,75.29644265273011
23922,0,0,Jtb,176.3208820063933
23923,0,0,Aadat,1.348976150844427
23924,0,0,Katna1,583.7771804434379
23925,0,0,Kel,NA
239250,0,0,Slitrk6,NA
23927,0,0,Krtap14,NA
239273,0,0,Abcc4,239.23657188312575
23928,0,0,Lamc3,1.3398011887646093
239283,0,0,Oxgr1,NA
239318,0,0,Plcxd3,0.8760654030441389
239319,0,0,Card6,2.2796968020611867
239336,13,4+,Rxfp3,NA
239337,5,4+,Adamts12,NA
23934,0,0,Ly6h,1.3882173639841886
23936,15,4+,Lynx1,1.932523032338726
239364,16,4+,Tspyl5,16.916455055014595
239368,14,4+,Erich5,NA
23937,0,0,Mab21l2,7.606999469922989
23938,0,0,Map2k5,38.805108269096685
23939,0,0,Mapk7,327.92605570554815
239393,0,0,Lrp12,63.318768285318974
239405,0,0,Rspo2,7.433662009872551
239408,0,0,Tmem74,1.8451486611694885
239410,0,0,A930017M01Rik,NA
23942,4,4+,Mta2,917.4996553012544
239420,1,1,Csmd3,NA
23943,0,0,Esyt1,122.89149734789709
239435,0,0,Aard,1149.1678677925745
239436,0,0,Slc30a8,NA
239447,0,0,Colec10,NA
23945,0,0,Mgll,39.26475829305422
239463,0,0,Fam83a,NA
23947,0,0,Mid2,8.344289907958226
23948,0,0,Mmp17,97.28381147663316
23950,0,0,Dnajb6,2341.3015115480603
239510,0,0,Phf20l1,147.54861444587266
239528,0,0,Ago2,5149.625849435457
239530,26,4+,Gpr20,3.986269767116093
23954,0,0,Nek3,34.43409106413354
239546,2,2,Zfp647,19.953777164635095
23955,12,4+,Nek4,179.56662402624062
239552,4,4+,Apol8,5.267941059143746
239554,0,0,Foxred2,36.05021853550693
239555,7,4+,Mief1,162.9401264711936
239556,2,2,Cacna1i,0.9410234036875198
239559,32,4+,A4galt,20.884058962020585
23956,0,0,Neu2,NA
23957,0,0,Nr0b2,0.7616484362308871
239570,14,4+,Ttc38,8.77714844949254
23958,0,0,Nr2e3,NA
23959,0,0,Nt5e,140.55802011829618
239591,28,4+,Ttll8,NA
23960,17,4+,Oas1g,5.309052040008903
239606,0,0,Slc2a13,1.8272557499075568
23961,22,4+,Oas1b,NA
239618,0,0,Pdzrn4,NA
23962,0,0,Oasl2,29.92539361845296
23963,0,0,Tenm1,4.414520097625777
23964,0,0,Tenm2,NA
239647,11,4+,Pced1b,528.9043765602997
23965,0,0,Tenm3,51.67540116715427
239650,0,0,Ccdc184,41.015336974443414
239652,0,0,Zfp641,1.704455958082748
239659,0,0,C1ql4,6.081066423197016
23966,4,4+,Tenm4,81.95385214734605
239667,0,0,Dip2b,177.9227708336707
23967,0,0,Osr1,0.6586435571629512
239673,0,0,Krt90,NA
23968,0,0,Nlrp5,NA
23969,1,1,Pacsin1,92.23695508032826
239691,7,4+,AU021092,NA
23970,5,4+,Pacsin2,268.94722022298953
239706,2,2,Mettl22,38.472758948670794
23971,0,0,Papss1,144.09282469366025
239719,16,4+,Mrtfb,179.80240145521307
23972,2,2,Papss2,12.459359772281214
239731,0,0,Rimbp3,21.190745747406066
239739,0,0,Lamp3,NA
239743,0,0,Klhl6,NA
239759,0,0,Liph,78.9981540515665
239766,2,2,Rtp1,NA
239789,0,0,Gmnc,2.783872884178055
239790,0,0,Ostn,NA
239796,0,0,Mb21d2,106.41358973699286
23980,2,2,Pebp1,868.3448364660153
239827,25,4+,Pigz,NA
23983,0,0,Pcbp1,20119.001976779346
239833,2,2,Lmln,12.34542804031919
239839,0,0,Ccdc14,151.68319232311566
23984,12,4+,Pde10a,16.60514563986301
239845,0,0,Gpr156,NA
239849,0,0,Cd200r4,NA
23985,0,0,Slc26a4,NA
239852,0,0,Zpld1,NA
239853,0,0,Adgrg7,NA
239857,0,0,Cadm2,0.8592810033404035
23986,0,0,Eci2,120.65974986725722
23988,11,4+,Pin1,861.6076080027664
23989,7,4+,Med24,657.0400585630656
23991,9,4+,Cib1,358.1424946244352
23992,0,0,Prkra,57.25331218424322
23993,0,0,Klk7,2.42882947407092
239931,1,1,Cldn17,NA
239932,0,0,Krtap24-1,NA
239933,0,0,Krtap27-1,NA
23994,4,4+,Dazap2,399.5569265216051
23996,9,4+,Psmc4,928.8376544272752
23997,0,0,Psmd13,315.3142629274138
239985,7,4+,Arid1b,147.18665463526017
23999,0,0,Twf2,125.30684703048918
24000,0,0,Ptpn21,42.61125075416708
24001,3,3,Tiam2,12.490551104038882
240023,2,2,Pnldc1,53.93304294565724
240025,0,0,Dact2,30.341866167107305
240028,1,1,Lnpep,286.8051658157781
240034,3,3,Zfp760,78.92207083995049
240038,0,0,Zfp994,23.430064882555097
24004,7,4+,Rai2,NA
240041,2,2,Zfp945,100.26348728536848
240047,0,0,Mmp25,39.84982700012088
240054,22,4+,D630044L22Rik,NA
240055,19,4+,Neurl1b,13.530044117606174
240057,0,0,Syngap1,47.89639484314317
240058,18,4+,Cpne5,60.86601820418482
240063,0,0,Zfp811,25.056090276408877
240064,6,4+,Zfp799,116.39327525652293
240066,0,0,Zfp870,86.07560789086057
240067,0,0,Zfp952,25.22393704236202
240068,0,0,Zfp563,48.45476705290946
240069,0,0,Morc2b,0.6697192140919713
240084,4,4+,Cchcr1,85.3104106070782
240087,5,4+,Mdc1,360.0407677899338
240095,0,0,H2-M5,149.29165784016928
24010,0,0,Ik,723.0795475603891
240119,0,0,St6gal2,9.31909136211379
24012,0,0,Rgs7,6.7224944292159075
240120,0,0,Zfp119b,41.49492576254238
240121,0,0,Fsd1,20.45696061826468
24013,14,4+,Grk1,0.743191472720665
240131,0,0,Lrrc30,NA
24014,0,0,Rnasel,NA
24015,0,0,Abce1,1978.4470817999188
240168,7,4+,Rasgrp3,10.551426883279277
24017,0,0,Rnf13,99.3213443916094
240174,0,0,Thada,361.9916525993913
24018,12,4+,Rngtt,186.97660399159363
240185,23,4+,Jcad,41.1927528432921
240186,23,4+,Zfp438,39.25444984409954
240215,3,3,Slc4a9,6.793895455174462
240216,10,4+,E230025N22Rik,1.2791927661831697
240239,3,3,Gpr151,NA
240255,0,0,Ythdc2,22.40026141892624
240261,0,0,Ccdc112,132.2314457211687
240263,0,0,Fem1c,318.84527544608704
240283,0,0,Dmxl1,117.8440896813794
24030,7,4+,Mrps12,309.26682064944185
240322,0,0,Adamts19,11.150592560570598
240327,0,0,Iigp1c,NA
240328,0,0,F830016B08Rik,NA
240332,2,2,Slc6a7,6.067955861817637
240334,0,0,Pcyox1l,167.60303116032506
240354,0,0,Malt1,18.7468297318054
240396,0,0,Mex3c,181.71666813665985
240411,0,0,Loxhd1,NA
240427,0,0,Setbp1,54.55288835027326
24044,13,4+,Scamp2,254.419733405186
240442,15,4+,Adnp2,269.0828760849144
240444,2,2,Kcng2,3.7594603675652354
24045,10,4+,Scamp3,477.66528450245096
24046,6,4+,Scn11a,NA
240476,7,4+,Zfp407,383.3181248646434
240479,5,4+,Dipk1c,2.2469095922916784
24050,0,0,Septin3,NA
240505,3,3,Cdc42bpg,165.37458182706212
24051,18,4+,Sgcb,18.585933938712024
240514,25,4+,Ccdc85b,32.4693699393014
240518,7,4+,Peli3,12.80836394344336
24052,0,0,Sgcd,0.8095221326305511
24053,1,1,Sgcg,NA
240549,0,0,Gm4952,NA
24055,19,4+,Sh3bp2,14.398670455638026
24056,0,0,Sh3bp5,223.68264971788992
24057,0,0,Sh3yl1,26.06670212997794
24058,0,0,Sigirr,33.767194949541874
24059,13,4+,Slco2a1,19.895184166300503
240590,0,0,Dmrt3,6.7679168748135465
240595,0,0,Kcnv2,NA
24060,14,4+,Slc35a1,109.23879285881024
24061,12,4+,Smc1a,962.9507589441068
240613,2,2,Brd10,NA
240614,0,0,Ranbp6,15.320038245246575
24063,0,0,Spry1,379.57801521030626
240633,0,0,Lipk,NA
240638,0,0,Slc16a12,NA
24064,0,0,Spry2,282.3778211161814
240641,0,0,Kif20b,281.9025275294751
24066,0,0,Spry4,490.15358732354855
240660,0,0,Slc35g1,189.3032195206469
240665,13,4+,Ccnj,32.162236914056145
240667,1,1,Sec31b,4.447037128134818
24067,0,0,Srp54a,65.06114722403554
240672,0,0,Dusp5,831.4524849197268
240675,0,0,Vwa2,20.173221913265355
24068,4,4+,Sra1,653.7634747456055
24069,0,0,Sufu,175.97835507805553
240690,0,0,St18,NA
240697,0,0,Mcmdc2,6.141329762661908
24070,0,0,Mpdu1,302.63676621862476
24071,1,1,Synj2bp,306.0869593658292
240725,0,0,Sulf1,301.9394400039643
240726,0,0,Slco5a1,62.159483405759744
24074,0,0,Taf7,1047.8667598240052
24075,0,0,Taf10,1008.9518538101192
240752,21,4+,Pik3c2b,32.13852983967281
240753,19,4+,Plekha6,24.052584990953044
240754,8,4+,Lax1,8.558756145332854
240755,0,0,Mgat4f,NA
240756,6,4+,Klhl12,220.03128108425528
240776,9,4+,Kcnt2,2.6216179643911497
240816,0,0,Rgsl1,NA
240817,0,0,Teddm2,1.2019741577364842
240819,0,0,Teddm1a,NA
24082,0,0,Map2k3os,4.453907245774344
24083,18,4+,Natd1,267.63638269393266
240832,0,0,Tor1aip2,847.4977755658427
24084,0,0,Tekt2,NA
240843,0,0,Brinp2,1.8462219259594497
24086,2,2,Tlk2,716.0432942940461
240869,0,0,Zbtb37,49.88472472947866
24087,0,0,Tll2,NA
240873,0,0,Tnfsf18,NA
240879,0,0,Ntmt2,NA
24088,0,0,Tlr2,19.023277362033273
240880,0,0,Scyl3,92.1712875332021
240888,0,0,Gpr161,19.684210025660377
240892,1,1,Styxl2,NA
240894,0,0,Fmo9,NA
240899,10,4+,Lrrc52,NA
240913,0,0,Adamts4,29.503999167726143
240916,0,0,Vsig8,NA
24099,0,0,Tnfsf13b,2.925749801141923
24100,12,4+,Tpra1,155.34274128610707
24102,11,4+,Trex2,NA
241035,0,0,Pkhd1,1.3081380786339094
241041,0,0,Gm4956,NA
24105,0,0,Rbck1,180.63325896348405
241051,0,0,AA619741,NA
241062,0,0,Pgap1,131.2831064630865
241066,0,0,Carf,20.96176793151482
241070,5,4+,Cmklr2,NA
241073,0,0,Dytn,NA
241075,4,4+,Plekhm3,137.12557386882423
24108,0,0,Ubd,NA
24109,0,0,Ubl3,470.17442949438646
24110,0,0,Usp18,NA
24111,7,4+,Uts2,NA
241112,0,0,Catip,7.134423223010968
241113,0,0,Prkag3,1.3939471493138564
241116,6,4+,Cfap65,NA
241118,5,4+,Asic4,NA
24112,0,0,Vmn1r49,NA
241128,8,4+,Fam124b,1.1521811710126826
24113,0,0,Vax2,10.81030715384559
241134,0,0,Nyap2,NA
24115,3,3,Best1,2.523299887564605
241158,0,0,Ankmy1,3.611194730538846
241159,0,0,Neu4,NA
24116,0,0,Nelfa,449.8667325662524
24117,0,0,Wif1,1.7047455238100475
241175,0,0,Cntnap5b,NA
241196,0,0,Serpinb13,NA
241197,0,0,Serpinb10,NA
241201,0,0,Cdh7,NA
241226,0,0,Itga8,11.40420623418765
241230,0,0,St8sia6,25.37846296630411
241263,0,0,Gpr158,NA
24127,0,0,Xrn1,264.46712930029696
241274,0,0,Pnpla7,16.601134881656506
241275,3,3,Noxa1,NA
24128,3,3,Xrn2,685.2243527093088
241289,0,0,Ppp1r26,170.04337851984192
241296,9,4+,Lrrc8a,321.3018776123369
241303,0,0,Fam78a,18.302927241518663
241308,7,4+,Ralgps1,170.302793409653
24131,0,0,Ldb3,9.78852857007374
241311,4,4+,Zbtb34,131.74922013181697
24132,4,4+,Zfp53,20.100405506936703
241322,0,0,Zbtb6,74.74506053674398
241324,0,0,Crb2,4.222470918511375
241327,5,4+,Olfml2a,2.4532053052370646
24135,5,4+,Zfp68,42.205504553409654
24136,4,4+,Zeb2,111.51903265678934
241391,0,0,Galnt5,NA
241431,0,0,Xirp2,7.570029031262026
241447,0,0,Cers6,142.4967842567745
241452,0,0,Dhrs9,14.644240065427669
241489,0,0,Pde11a,NA
241490,0,0,Rbm45,283.7212256597527
241494,0,0,Zfp385b,2.0313814799347925
241514,0,0,Zfp804a,NA
241516,0,0,Fsip2,NA
241520,0,0,Fam171b,31.609236541881696
241525,0,0,Ypel4,NA
241528,0,0,Lrrc55,NA
241547,0,0,Harbi1,50.55681172149264
241556,0,0,Tspan18,21.074507238990705
241568,0,0,Lrrc4c,NA
241576,0,0,Ldlrad3,531.523008506934
241589,18,4+,D430041D05Rik,1.4342021044272768
241593,4,4+,Pin1rt1,NA
241612,0,0,Slc5a12,NA
241624,0,0,Exd1,6.182589443256871
241627,0,0,Wdr76,419.5768778325397
241633,0,0,Atp8b4,NA
241634,0,0,Spdye4c,NA
241636,4,4+,Tgm6,NA
241638,0,0,Lzts3,2.2090378924506378
241639,0,0,Fermt1,28.701891137734503
241656,0,0,Pak5,NA
241688,0,0,Dzank1,3.737223032388904
241694,0,0,Ralgapa2,51.455300402224466
241727,0,0,Snph,NA
241732,0,0,Tspyl3,68.14739896289514
241764,15,4+,L3mbtl1,1.327777071714307
241769,0,0,Kcnk15,NA
241770,4,4+,Rims4,6.599361940738303
241794,16,4+,Kcng1,6.69962307426652
241846,0,0,Lsm14b,97.56111173772734
241850,0,0,Abhd16b,NA
241877,0,0,Slc10a5,NA
241915,0,0,Phc3,71.4035699052903
241919,0,0,Slc7a14,1.2581782144524885
241943,4,4+,Gm57858,NA
241944,4,4+,Zfp267,116.32811036053737
241950,0,0,Bbs12,11.212598731333271
241989,0,0,Pabpc4l,30.88434482774943
242022,0,0,Frem2,20.270879086848225
242037,0,0,Ankub1,NA
242050,0,0,Igsf10,18.248253403171464
242083,1,1,Ppm1l,22.34953872374056
242093,0,0,Rxfp4,NA
242100,1,1,Pglyrp3,NA
242109,0,0,Zfp697,21.02256938982475
242122,4,4+,Vtcn1,1.1162057720667151
242125,1,1,Mab21l3,2.6125413447966808
242126,2,2,Slc22a15,8.14037815598163
242151,3,3,Kcna10,NA
242202,11,4+,Pde5a,20.284013343415477
242235,0,0,Lrit3,NA
242248,0,0,Bank1,NA
242253,2,2,Dnai3,NA
242259,6,4+,Slc44a5,NA
242274,0,0,Lrrc7,NA
242285,0,0,Sdr16c5,NA
242286,0,0,Sdr16c6,NA
242291,19,4+,Bpnt2,NA
242297,20,4+,Fam110b,123.28994970783036
242316,34,4+,Gdf6,0.990760965996138
242341,0,0,Atp6v0d2,NA
242362,15,4+,Manea,94.55900072737695
242377,14,4+,Pm20d2,1.3201054539435473
242384,28,4+,Lingo2,NA
242406,23,4+,Rgp1,77.28991911187266
242408,30,4+,Fam221b,5.513102703479166
242409,30,4+,Tmem8b,15.14927722893166
242418,21,4+,Dcaf10,156.18915251464242
242425,37,4+,Gabbr2,NA
242443,27,4+,Grin3a,1.605010587401395
242466,22,4+,Zfp462,486.3696228673571
242474,14,4+,Tmem245,308.59104321730314
242484,11,4+,D630039A03Rik,6.383225954300034
242502,0,0,Msantd5f1,NA
242505,0,0,Rasef,10.230417795970954
242506,0,0,Frmd3,NA
242509,0,0,Bnc2,54.79925456279374
242517,0,0,Ifna15,NA
242519,0,0,Ifna12,NA
242521,6,4+,Klhl9,197.9071166717318
242523,1,1,Dmrta1,1.336645122679918
242546,0,0,Cyp2j12,NA
242553,0,0,Kank4,83.24674161935073
242557,0,0,Atg4c,8.81433119582158
242570,0,0,Raver2,137.69090322732248
242574,0,0,C130073F10Rik,34.6524101664033
242584,0,0,Dnai4,NA
242585,4,4+,Slc35d1,90.90593070772783
242594,0,0,Fyb2,NA
242602,2,2,Cimap2,NA
242603,0,0,Cdcp2,NA
242607,0,0,Slc1a7,NA
242608,0,0,Podn,2.502608808318799
242620,3,3,Dmrta2,44.216082105516186
242627,0,0,Skint5,NA
242642,0,0,Hpdl,7.613312358168164
242646,23,4+,Dynlt4,NA
242653,0,0,Cldn19,1.6549316024334204
242662,0,0,Rims3,82.72625597665433
242667,7,4+,Dlgap3,61.34060714971776
242669,0,0,Azin2,54.56821557850551
242681,0,0,Rab42,0.7910493431697041
242687,0,0,Wasf2,1331.884740088621
242691,0,0,Gpatch3,47.4855737959948
242700,12,4+,Ifnlr1,9.136074188161317
242702,17,4+,Myom3,1.1529216647260427
242705,5,4+,E2f2,59.204311929808654
242707,6,4+,Lactbl1,NA
242711,31,4+,Cela3a,NA
242721,0,0,Klhdc7a,4.789943975449867
242726,11,4+,Padi6,NA
242735,0,0,Lrrc38,NA
242736,0,0,Pramel12,NA
242737,0,0,Oog4,NA
242747,0,0,Zfp933,14.701050427558258
242748,0,0,Disp3,1.4803626817394249
242773,17,4+,Slc45a1,2.860276344587986
242785,3,3,Klhl21,192.61948551169655
242800,9,4+,Ttc34,1.7327323289818362
242805,7,4+,Ankrd65,NA
242819,1,1,Rundc3b,47.31148691257315
242838,0,0,Lrrd1,3.161099858495071
242851,0,0,Gnat3,NA
242860,5,4+,Rsbn1l,237.05641262385913
242864,0,0,Napepld,104.15349927366024
242891,0,0,Cct8l1,NA
242894,15,4+,Actr3b,44.11770247058549
242914,0,0,Gm4961,14.334597838553938
242915,0,0,Garem2,19.444384679994055
242939,5,4+,Cpz,6.635238204982258
242960,5,4+,Fbxl5,324.4152571076416
243025,0,0,Tmem156,NA
243043,0,0,Kctd8,6.751890233789877
243078,0,0,Tecrl,NA
243083,0,0,Tmprss11f,3.1542686986966526
243084,0,0,Tmprss11e,NA
243085,0,0,Ugt2b35,NA
243168,2,2,Hsd17b13,1.518433555465203
243197,0,0,Slc49a3,NA
243219,0,0,2900026A02Rik,87.8340059802856
243262,0,0,Oas1f,3.326259626554386
243270,0,0,Hcar1,NA
243272,0,0,Sbno1,1550.100953577994
243274,0,0,Tmem132d,4.028030093315712
243277,17,4+,Adgrd1,17.3802951698681
243300,31,4+,Nyap1,8.10661741713818
243308,1,1,A430033K04Rik,13.23111093995588
243312,0,0,Elfn1,1.8858293353532063
243328,3,3,Slc29a4,54.07624523907499
243339,0,0,Tmem130,13.348172429780307
243362,0,0,Stard13,10.968056465751392
243369,0,0,Sspo,0.8551654114373191
243371,0,0,Lrrc61,70.8588772289046
243372,5,4+,Zfp775,16.51051561582177
243373,0,0,AI854703,3.4445542100565727
243374,0,0,Gimap8,NA
243376,0,0,Aoc1l1,NA
243377,0,0,Aoc1l3,NA
243382,0,0,Ppm1k,22.766496601831893
243385,0,0,Gprin3,1.7334118803962923
243407,0,0,Qrfprl,1.1369881273523994
243499,0,0,Lrrtm4,NA
243510,14,4+,Ccdc142,NA
243529,0,0,H1f10,NA
243535,6,4+,BC048671,NA
243537,0,0,Uroc1,3.047719455691442
243538,18,4+,Cfap100,1.0049458858194749
243547,3,3,Grip2,4.7763115558511515
243548,13,4+,Prickle2,26.977045845578346
243574,0,0,Kbtbd8,138.65253168526593
243612,0,0,Ssu2,1.83997102668261
243616,0,0,Slc6a11,NA
243621,0,0,Iqsec3,1.3420258050877154
243628,0,0,Vmn2r24,NA
243634,1,1,Ano2,1.4643641003974053
243653,2,2,Clec1a,NA
243655,0,0,Klre1,NA
243659,0,0,Styk1,2.278382401868837
243725,24,4+,Ppp1r9a,137.47616855246184
243743,0,0,Plxna4,1.8418884664745965
243753,3,3,Slc23a4,3.87640488657165
243755,19,4+,Slc13a4,1.6583318845684474
243764,0,0,Chrm2,NA
243771,1,1,Parp12,51.19279019001067
243780,0,0,Dennd11,NA
243813,25,4+,Leng9,9.164460339165432
243816,3,3,Gp6,NA
243819,6,4+,Ppp6r1,218.90132652120153
243822,0,0,Garin5b,NA
243833,0,0,Zfp128,6.3739939178977
243834,12,4+,Zfp324,14.691055851438003
243842,41,4+,Bicra,264.9400967117627
243846,0,0,Ccdc9,120.80021562162706
243853,0,0,Fkrp,78.98707173363489
243862,0,0,Psg22,NA
243864,5,4+,Mill2,0.9486905864640228
243866,2,2,Meiosin,NA
243867,6,4+,Fbxo46,121.4564209721142
243874,0,0,Nlrp9b,78.04431330735943
243880,0,0,Nlrp4a,2.168830004762894
243881,0,0,Cyp2b23,68.84920412359119
243897,20,4+,Ggn,NA
243905,0,0,Zfp568,2368.030315884236
243906,14,4+,Zfp14,5.9100857940316756
243910,0,0,Nfkbid,137.91799986606188
243911,21,4+,Kirrel2,43.473207956297465
243912,4,4+,Hspb6,70.96841073721625
243914,0,0,Lgi4,NA
243923,5,4+,Rgs9bp,12.991451143213332
243931,0,0,Tshz3,39.20478214021472
243937,13,4+,Zfp536,8.520991411455542
243944,2,2,4930433I11Rik,NA
243958,0,0,Siglecg,5.2595419344044805
243961,17,4+,Shank1,6.975300529417294
243963,3,3,Zfp473,989.2773924122688
243967,25,4+,Ntn5,NA
243978,0,0,Mrgprx2,3.39861924866299
243979,0,0,Mrgprb2,NA
243983,0,0,Zdhhc13,131.92913505572187
243996,0,0,4933405O20Rik,NA
244049,0,0,Mctp2,23.94868480702458
244058,0,0,Rgma,12.327195664116312
244059,0,0,Chd2,320.73328937081664
244061,0,0,Gm4971,NA
244071,0,0,Agbl1,NA
244091,0,0,Fsd2,NA
244114,0,0,Vmn2r72,NA
244141,0,0,Nars2,91.17377075206328
244144,0,0,Usp35,10.725744748848577
244152,0,0,Tsku,12.218611624314995
244178,0,0,Ubqln3,NA
244179,0,0,Ubqlnl,NA
244180,0,0,Olfm5,NA
244183,7,4+,Trim30b,0.7342349758715779
244187,0,0,Or56a4,NA
244198,0,0,Olfml1,NA
244199,0,0,Ovch2,NA
244202,0,0,Nlrp10,2.1068517441562302
244209,0,0,Cyp2r1,0.941240051676056
244216,10,4+,Zfp771,215.47518081409825
244218,0,0,Ctf2,4.98961229732136
244219,18,4+,Zfp668,66.12407524178309
244233,0,0,Scart1,NA
244234,0,0,Scart2,NA
244237,6,4+,Tnfrsf26,1.3884674480552035
244238,4,4+,Mrgpre,NA
244281,0,0,Myo16,NA
244310,4,4+,Dlgap2,1.5711647982602408
244329,0,0,Mcph1,256.01796361373215
244332,0,0,Defb14,NA
244334,0,0,Defb8,NA
244349,0,0,Kat6a,643.6636170814371
244373,0,0,Erlin2,396.7461560981446
244416,0,0,Ppp1r3b,8.471640390161166
244418,0,0,Prag1,366.0996765253428
244421,0,0,Lonrf1,180.27419775470105
244431,0,0,Sgcz,6.636530886136536
244448,0,0,Triml1,984.9515655036612
244484,0,0,Wdr17,NA
244486,0,0,Adam29,NA
244495,0,0,Sgo2b,2.408311497965294
244548,5,4+,Elmod2,54.111646410839256
244550,8,4+,Podnl1,0.9200887820297984
244551,8,4+,Nanos3,16.758179336897648
244556,8,4+,Zfp791,15.585556544974825
244562,12,4+,Abcc12,NA
244579,0,0,Tox3,20.74781360007933
244585,0,0,Rpgrip1l,34.050795342154906
244595,0,0,Ces1a,NA
244608,10,4+,Ccdc113,12.86801069655728
244631,0,0,Pskh1,99.82416098496785
244646,5,4+,Pkd1l3,NA
244650,0,0,Phlpp2,36.520404358513744
244653,3,3,Hydin,7.2065180752076685
244654,0,0,Mtss2,187.21827644531788
244666,0,0,Sprtn,199.59808015337023
244667,1,1,Disc1,4.655957585853553
244668,0,0,Sipa1l2,213.49004245854243
244672,2,2,Cwf19l2,230.5684771504214
244682,9,4+,Cntn5,NA
244694,0,0,Kdm4d,NA
244698,0,0,Hephl1,0.8049763434176288
244701,0,0,Mtnr1b,NA
244713,0,0,Zfp317,228.09079045495153
244721,2,2,Zfp846,224.9242123207649
244723,8,4+,Olfm2,123.18480088276492
244745,0,0,Dpy19l1,281.7883786480504
244757,0,0,Glb1l2,10.079802032029985
244810,0,0,AW551984,8.107477961950769
244813,5,4+,Bsx,NA
244853,0,0,Nxpe4,5.410584435160236
244859,0,0,Ankk1,NA
244864,0,0,Layn,0.7132165343360788
244867,0,0,Arhgap20,2.187684587509933
244871,0,0,Zc3h12c,17.19336691723874
244879,4,4+,Npat,270.03272660697263
244882,1,1,Tnfaip8l3,3.40786029706461
244885,0,0,Sh2d7,NA
244886,22,4+,Tmem266,4.306412652167339
244891,5,4+,Scaper,79.88884861374595
244895,9,4+,Peak1,344.88140839647247
244911,0,0,C2cd4a,NA
244923,4,4+,Klhl31,0.9877835393885062
244954,0,0,Prss35,39.61370155451362
244958,0,0,Mrap2,NA
244962,5,4+,Snx14,78.16964613479578
245000,0,0,Atr,90.39331388924886
245007,10,4+,Zbtb38,94.23471815331956
245020,0,0,Slc35g2,13.87404637840148
245026,0,0,Col6a6,1.0557671056135305
245038,0,0,Dclk3,4.039966256361627
245049,2,2,Myrip,1.456063261285549
245050,5,4+,Gask1a,NA
245109,0,0,Zscan4c,77.68342366915957
245126,2,2,Tarm1,3.775445033385523
245128,0,0,AU018091,1330.844823099558
245174,0,0,Zfp937,7.000377250001719
245195,0,0,Retnlg,NA
245240,0,0,9930111J21Rik2,1.2848879770795534
245263,0,0,Duxf4,NA
245269,0,0,Nim1k,5.553275460535615
245282,4,4+,Apol10a,NA
245305,0,0,B230307C23Rik,31.15045819603076
245308,4,4+,Zdhhc19,2.297672217217293
245347,0,0,Gm4984,NA
245350,15,4+,AA414768,NA
245368,0,0,Zfp300,2.4044725444338493
245381,0,0,Sowahd,NA
245386,0,0,Tmem255a,6.736721218881224
245403,0,0,Dcaf12l2,NA
245404,0,0,Dcaf12l1,401.92955858936
245423,0,0,Tm9sf5,NA
245424,0,0,Gpr101,NA
245440,0,0,Gm4988,NA
245446,0,0,Slitrk4,9.70300111559067
245450,0,0,Slitrk2,0.8605389429712119
245468,3,3,Pnma3,0.8875786569842332
245469,0,0,Pdzd4,143.20198300770463
245474,0,0,Dkc1,812.7120682457223
245492,0,0,Srsf19,NA
245509,0,0,Ppp4r3c2,NA
245511,0,0,Ppp4r3c1,NA
245522,0,0,Zc4h2,127.13156794206998
245525,0,0,Hsf3,0.8990720610382363
245526,0,0,Pgr15l,NA
245527,0,0,Eda2r,705.3169670130903
245532,1,1,Awat2,5.073986252790469
245533,0,0,Awat1,NA
245536,8,4+,Gm614,NA
245537,9,4+,Nlgn3,5.373566190058278
245555,0,0,Nexmif,224.94821605402544
245566,0,0,Cypt2,NA
245572,0,0,Tbx22,NA
245578,0,0,Pcdh11x,NA
245595,0,0,Zfp711,9.309856127361714
245596,0,0,Hdx,39.01760800913853
245598,0,0,4921511C20Rik,NA
245607,0,0,Gprasp2,252.94364627112375
245610,0,0,Nxf3,7.962499106982644
245615,0,0,Kir3dl2,NA
245616,0,0,Kir3dl1,NA
245622,0,0,Fam199x,200.30698937480372
245631,2,2,Pwwp3b,67.01375017549232
245638,0,0,Tbc1d8b,2.480586490493462
245643,0,0,Frmpd3,NA
245650,0,0,Gucy2f,NA
245666,10,4+,Iqsec2,22.040067254639855
245670,0,0,Rragb,4.386054798553407
245671,0,0,Klf8,112.92892872826592
245683,0,0,Klhl34,NA
245684,0,0,Cnksr2,5.194581162380087
245688,0,0,Rbbp7,1782.947634832279
245695,0,0,Tceanc,49.59664226583813
245827,10,4+,Fat2,0.9634054573288776
245828,3,3,Trappc1,706.6877023973422
245839,1,1,Gzmn,NA
245841,0,0,Polr2h,365.81490266341143
245847,5,4+,Amdhd2,25.22023582423798
245857,2,2,Ssh3,14.261222654435551
245860,0,0,Atg9a,18.80761894829863
245865,0,0,Spag4,4.969889086830097
245866,0,0,Ift52,138.35552816520132
245867,0,0,Pcmtd2,123.85808598821257
245877,13,4+,Map7d1,214.2913367937157
245880,0,0,Wasf3,203.87440228940883
245884,6,4+,Garin1a,NA
245886,3,3,Ankrd27,305.1497769018497
245902,0,0,Ccdc15,7.299553209273228
245944,0,0,Vps54,347.426417034531
245945,0,0,Rbm47,187.68352267186123
246048,0,0,Chodl,NA
246049,0,0,Slc36a2,NA
246079,0,0,Defb9,NA
246080,0,0,Defb7,NA
246081,0,0,Defb11,NA
246082,0,0,Defb15,NA
246083,0,0,Defb13,NA
246084,0,0,Defb35,NA
246085,0,0,Defb10,NA
246086,30,4+,Onecut3,NA
246102,0,0,Rttn,44.26434784768404
246103,0,0,Atxn7,39.48457924217723
246104,0,0,Rhbdl3,16.556598942471595
246133,0,0,Kcne2,NA
246154,0,0,Vasn,21.94220289402107
246177,18,4+,Myo1g,21.11849434443761
246179,9,4+,Fktn,196.81270271777024
246190,2,2,Otoa,NA
246196,0,0,Zfp277,158.5168835806614
246198,5,4+,Mllt6,984.0659327143172
246221,15,4+,Mpst,8.154035728859894
246228,0,0,Vwa1,36.278733930744515
246229,5,4+,Bivm,479.12610939462456
246256,8,4+,Fcgr4,NA
246257,4,4+,Ovca2,97.09722607784298
246277,15,4+,Csad,50.13668068953258
246278,12,4+,Cd207,NA
246293,2,2,Klhl8,112.5621934215999
246313,0,0,Prokr2,9.953240481957849
246316,0,0,Lgi2,13.44274877348969
246317,0,0,Neto1,NA
246691,7,4+,Prok1,NA
246694,10,4+,Hps5,104.49963067442496
246696,1,1,Slc25a28,114.86488695865452
246700,12,4+,Defb19,NA
246703,17,4+,Naxe,492.6481420891176
246707,17,4+,Emilin2,14.65327323989116
246709,0,0,Rgs13,NA
246710,0,0,Rhobtb2,54.45591768147721
246727,0,0,Oas3,6.8833072211576685
246728,16,4+,Oas2,7.552673994542365
246729,7,4+,Oas1h,NA
246730,0,0,Oas1a,6.834987507634614
246735,11,4+,AY074887,2.3497868451212245
246738,0,0,Dnajc28,5.779192890584672
246746,0,0,Cd300lf,NA
246747,0,0,Adig,NA
246779,7,4+,Il27,NA
246782,25,4+,Atpaf2,234.7245409232174
246787,7,4+,Slc5a2,NA
246788,2,2,Trpv3,1.2481525731441612
246791,2,2,Obox3,0.802399179046847
246792,0,0,Obox2,NA
252829,0,0,Obox5,NA
252830,11,4+,Obox6,19.60563732971151
252837,0,0,Ackr4,1.17734559592972
252838,24,4+,Tox,4.355772278971306
252864,27,4+,Dusp15,2.1481258026488046
252866,5,4+,Adam34,NA
252868,31,4+,Odf4,NA
252870,0,0,Usp7,1420.5240354805585
252875,14,4+,Mios,44.73717273196879
252876,0,0,Gin1,52.052842260130504
252903,3,3,Ap1s3,48.56021310796281
252904,0,0,Vmn1r69,NA
252905,0,0,Vmn1r72,NA
252906,8,4+,Vmn1r189,NA
252907,2,2,Vmn1r192,NA
252909,1,1,Vmn1r85,NA
252910,0,0,Vmn1r71,NA
252912,0,0,Vmn1r188,NA
252966,0,0,Cables2,65.60983826422576
252967,11,4+,Ropn1l,2.4626441846856566
252972,0,0,Tpcn1,82.44316026919057
252973,24,4+,Grhl2,68.72115378463842
252974,2,2,Tspear,NA
257630,0,0,Il17f,1.2740332784235888
257632,10,4+,Nod2,1.786902966941529
257633,7,4+,Acsf3,51.57642146076072
257635,0,0,Sdsl,1.718770171594887
257662,0,0,Or4k42,NA
257664,0,0,Or6c204,NA
257666,1,1,Or6c203,NA
257667,0,0,Or6c2b,NA
257734,0,0,Or7a39,NA
257871,20,4+,Or2y7,NA
257872,0,0,Or7g20,NA
257875,0,0,Or10ag54,NA
257880,0,0,Or8k28,NA
257881,0,0,Or5ac23,NA
257882,3,3,Or2bd2,NA
257883,8,4+,Or1i2,NA
257884,0,0,Or11g2,NA
257885,0,0,Or8b38,NA
257886,0,0,Or2w25,NA
257887,0,0,Or4a67,NA
257888,0,0,Or2y1c,NA
257889,0,0,Or2h15,NA
257890,0,0,Or9s13,NA
257891,0,0,Or10ab4,NA
257892,0,0,Or2ab1,NA
257898,0,0,Or7d11,NA
257899,0,0,Or5g23,NA
257900,0,0,Or5m12,NA
257901,0,0,Or8h6,NA
257902,0,0,Or2ag20,NA
257904,0,0,Or14a256,NA
257905,0,0,Or14a257,NA
257906,0,0,Or14c40,NA
257908,0,0,Or14j4,NA
257909,0,0,Or4q3,NA
257910,0,0,Or52e8,NA
257912,0,0,Or8g30,NA
257914,0,0,Or56b2j,NA
257915,0,0,Or9g20,NA
257916,0,0,Or5m8,NA
257917,2,2,Or2t44,NA
257919,0,0,Or5p5,NA
257921,0,0,Or4c15b,NA
257924,0,0,Or8g29,NA
257926,0,0,Or55b4,NA
257929,5,4+,Or14c43,NA
257931,0,0,Or2w3b,NA
257932,8,4+,Or2av9,NA
257933,0,0,Or8k39,NA
257935,0,0,Or4k41,NA
257936,0,0,Or5m11,NA
257938,0,0,Or10q3,NA
257939,0,0,Or12j2,NA
257941,0,0,Or5al1,NA
257947,0,0,Or55b3,NA
257950,0,0,Or5al5,NA
257951,0,0,Or5ak4,NA
257956,0,0,Or4f14b,NA
257958,0,0,Or14c44,NA
257959,0,0,Or8g18,NA
257961,0,0,Or5bb10,NA
257962,0,0,Or2b11,NA
257963,1,1,Or7e166,NA
257971,3,3,Or2y12,NA
257972,0,0,Or5h25,NA
257974,0,0,Or8k21,NA
257975,0,0,Or52ab7,NA
257978,0,0,Or11n2,NA
257979,0,0,Or4k37,NA
257980,0,0,Or4f52,NA
257984,0,0,Or4a76,NA
257985,0,0,Or6c6,NA
257996,0,0,Or8b37,NA
258008,4,4+,Or10g3b,NA
258016,0,0,Or2f1,NA
258019,0,0,Or6d12,NA
258020,0,0,Or6d13,NA
258022,0,0,Or4f62,NA
258023,0,0,Or4f14,NA
258025,0,0,Or4c15,NA
258027,0,0,Or2y1,NA
258028,0,0,Or8b42,NA
258035,0,0,Or5h23,NA
258036,0,0,Or5ac16,NA
258039,0,0,Or4k1,NA
258041,0,0,Or5p61,NA
258042,0,0,Or5p63,NA
258046,0,0,Or8g32,NA
258051,0,0,Or2h1b,NA
258055,0,0,Or6b13,NA
258056,0,0,Or12j4,NA
258060,0,0,Or4p20,NA
258064,8,4+,Or2ak4,NA
258065,3,3,Or5af1,NA
258067,0,0,Or2b2,NA
258068,0,0,Or6c6c,NA
258069,0,0,Or6c5c,NA
258074,0,0,Or7g12,NA
258075,0,0,Or7g19,NA
258085,0,0,Or5be3,NA
258086,0,0,Or8g4,NA
258087,0,0,Or10d4,NA
258089,0,0,Or14a258,NA
258094,0,0,Or14j8,NA
258095,0,0,Or10al3,NA
258096,0,0,Or14j9,NA
258097,0,0,Or9q1,NA
258098,0,0,Or10w1,NA
258101,0,0,Or5w14,NA
258103,0,0,Or5w19,NA
258105,0,0,Or5d14,NA
258111,0,0,Or10ag59,NA
258113,0,0,Or11h23,NA
258117,0,0,Or5an1b,NA
258120,0,0,Or5b109,NA
258121,0,0,Or5b111,NA
258123,0,0,Or5b118,NA
258135,0,0,Or52ab2,NA
258136,0,0,Or10a49,NA
258139,0,0,Or52s1b,NA
258147,2,2,Or52e8b,NA
258150,0,0,Or6c66b,NA
258151,0,0,Or9i1b,NA
258153,0,0,Or1d2,NA
258154,0,0,Or5m11b,NA
258155,0,0,Or4d10,NA
258156,0,0,Or52s6,NA
258158,0,0,Or2aj4,NA
258159,3,3,Or10ak9,NA
258160,11,4+,Or52l1,NA
258163,6,4+,Or56b1b,NA
258165,0,0,Or8g52,NA
258166,0,0,Or5ak20,NA
258167,0,0,Or4p21,NA
258168,0,0,Or51f1,NA
258173,0,0,Or2d3b,NA
258177,0,0,Or4c117,NA
258178,0,0,Or5k16,NA
258180,0,0,Or2ag17,NA
258181,9,4+,Or1p1c,NA
258183,0,0,Or8b52,NA
258186,0,0,Or1e36-ps1,NA
258189,0,0,Or51v8,NA
258196,0,0,Or13g1,NA
258198,0,0,Or2t43,NA
258199,0,0,Or4k50,NA
258201,0,0,Or13a24,NA
258203,0,0,Or4p7,NA
258206,0,0,Or4c3,NA
258207,0,0,Or2f2,NA
258214,0,0,Or10ak8,NA
258215,0,0,Or5p78,NA
258216,0,0,Or5m9,NA
258218,2,2,Or12d2,NA
258219,0,0,Or2i1,NA
258220,0,0,Or12e13,NA
258222,0,0,Or14c46,NA
258224,0,0,Or10b1,NA
258225,0,0,Or8b49,NA
258227,6,4+,Or10v9,NA
258228,0,0,Or6b2b,NA
258231,0,0,Or5b116,NA
258232,0,0,Or6c5,NA
258233,0,0,Or11g25,NA
258235,0,0,Or8k37,NA
258236,0,0,Or1e31,NA
258238,0,0,Or10x1,NA
258241,0,0,Or4c107,NA
258242,0,0,Or8g35,NA
258245,0,0,Or5m9b,NA
258246,1,1,Or52e3,NA
258247,0,0,Or51a24,NA
258249,0,0,Or7g27,NA
258252,0,0,Or6c76b,NA
258255,0,0,Or9g10,NA
258257,3,3,Or4f60,NA
258258,0,0,Or4f57,NA
258259,0,0,Or10ak14,NA
258261,0,0,Or2t46,NA
258263,0,0,Or2g25,NA
258264,0,0,Or11h4b,NA
258265,0,0,Or10ak11,NA
258267,0,0,Or10k2,NA
258268,0,0,Or10g1b,NA
258269,0,0,Or8d23,NA
258270,0,0,Or2a5,NA
258271,0,0,Or4f58,NA
258272,0,0,Or13l2,NA
258273,0,0,Or2o1,NA
258274,0,0,Or9s27,NA
258275,0,0,Or4k5,NA
258276,0,0,Or10d4b,NA
258277,0,0,Or8s8,NA
258278,0,0,Or8s5,NA
258279,0,0,Or7g28,NA
258280,0,0,Or1f12,NA
258281,0,0,Or6c68,NA
258282,0,0,Or6c211,NA
258283,0,0,Or10g6,NA
258284,1,1,Or14j3,NA
258285,0,0,Or10al6,NA
258287,0,0,Or14j1,NA
258288,0,0,Or5b122,NA
258289,0,0,Or1aa2,NA
258290,0,0,Or5w18,NA
258291,0,0,Or5d39,NA
258292,0,0,Or2a12,NA
258293,0,0,Or2a52,NA
258294,2,2,Or10ag53,NA
258295,0,0,Or11h7,NA
258296,0,0,Or11h6,NA
258297,0,0,Or9k7,NA
258298,0,0,Or5b119,NA
258299,0,0,Or5b107,NA
258300,0,0,Or5b24,NA
258301,0,0,Or13p8,NA
258302,0,0,Or6k2,NA
258303,0,0,Or10a3,NA
258304,0,0,Or5p73,NA
258305,0,0,Or7c70,NA
258306,0,0,Or10ak13,NA
258307,0,0,Or5p68,NA
258308,0,0,Or5p81,NA
258309,0,0,Or56b1,NA
258310,0,0,Or8b8,NA
258311,0,0,Or52s19,NA
258313,0,0,Or4k15c,NA
258314,0,0,Or4k15b,NA
258315,0,0,Or6c8,NA
258316,0,0,Or4k15,NA
258317,0,0,Or12e10,NA
258318,0,0,Or5h18,NA
258319,0,0,Or5h19,NA
258320,0,0,Or4c124,NA
258321,0,0,Or6c76,NA
258322,0,0,Or52m1,NA
258323,0,0,Or8g26,NA
258324,0,0,Or10al7,NA
258325,0,0,Or5v1,NA
258326,0,0,Or51a10,NA
258327,0,0,Or10d3,NA
258328,1,1,Or8g34,NA
258329,0,0,Or2n1c,NA
258330,0,0,Or4x13,NA
258331,1,1,Or10ak16,NA
258333,0,0,Or8c15,NA
258334,0,0,Or2v2,NA
258335,6,4+,Or1ab2,NA
258336,0,0,Or7d10,NA
258338,0,0,Or4c12,NA
258339,0,0,Or4x6,NA
258340,0,0,Or4x11,NA
258341,0,0,Or10q12,NA
258342,0,0,Or10q1b,NA
258343,0,0,Or1e1f,NA
258344,0,0,Or1e30,NA
258345,1,1,Or12e9,NA
258346,1,1,Or5w10,NA
258347,0,0,Or10ag2,NA
258348,0,0,Or5w1b,NA
258350,0,0,Or2ag2,NA
258351,0,0,Or51k2,NA
258352,4,4+,Or52w1,NA
258353,3,3,Or2at1,NA
258354,0,0,Or2l13b,NA
258355,4,4+,Or52e4,NA
258356,0,0,Or51f23,NA
258357,0,0,Or51t4,NA
258358,0,0,Or51d1,NA
258359,0,0,Or4f59,NA
258360,0,0,Or4k6,NA
258361,0,0,Or5p70,NA
258362,0,0,Or5t9,NA
258363,0,0,Or5t5,NA
258364,3,3,Or10d5j,NA
258365,0,0,Or12k8,NA
258366,0,0,Or2a20,NA
258368,0,0,Or5b98,NA
258369,0,0,Or10ab5,NA
258370,0,0,Or4a80,NA
258371,3,3,Or5c1,NA
258372,0,0,Or8b3b,NA
258373,0,0,Or11l3,NA
258374,0,0,Or14j6,NA
258375,0,0,Or6c88,NA
258377,0,0,Or52u1,NA
258378,0,0,Or52s1,NA
258379,0,0,Or4g17,NA
258380,0,0,Or9a7,NA
258381,0,0,Or9a4,NA
258383,0,0,Or6z6,NA
258384,0,0,Or5bw2,NA
258385,0,0,Or5bh3,NA
258386,0,0,Or8k24,NA
258387,0,0,Or2t6,NA
258388,0,0,Or4g16,NA
258389,0,0,Or4f54,NA
258390,0,0,Or4f53,NA
258391,0,0,Or4k35,NA
258392,0,0,Or5h22,NA
258393,0,0,Or13ae2,NA
258394,0,0,Or10ak7,NA
258395,0,0,Or4g7,NA
258396,0,0,Or4f56,NA
258397,0,0,Or4f7,NA
258398,0,0,Or4k45,NA
258399,0,0,Or4f4b,NA
258400,0,0,Or8k41,NA
258401,0,0,Or8k30,NA
258402,0,0,Or8k32,NA
258403,0,0,Or8k27,NA
258404,0,0,Or8k33,NA
258405,0,0,Or10v1,NA
258406,0,0,Or4d2b,NA
258407,0,0,Or4d1,NA
258408,0,0,Or4d2,NA
258409,0,0,Or5an9,NA
258410,0,0,Or5ae2,NA
258411,0,0,Or5ae1,NA
258412,0,0,Or8b9,NA
258413,0,0,Or8b35,NA
258414,0,0,Or8b36,NA
258415,0,0,Or8b39,NA
258416,0,0,Or8b101,NA
258417,0,0,Or5p51,NA
258418,0,0,Or5p50,NA
258420,0,0,Or5au1,NA
258421,0,0,Or2aa1,NA
258422,0,0,Or11g26,NA
258423,0,0,Or10g1,NA
258424,0,0,Or10g3,NA
258425,0,0,Or5ak24,NA
258426,0,0,Or5ak25,NA
258427,0,0,Or5ak23,NA
258428,0,0,Or5g29,NA
258429,0,0,Or5g27,NA
258430,0,0,Or8g24,NA
258431,0,0,Or8g23,NA
258432,0,0,Or8g51,NA
258433,0,0,Or8d1b,NA
258434,0,0,Or10d1c,NA
258435,0,0,Or1e23,NA
258436,0,0,Or2r11,NA
258437,0,0,Or2q1,NA
258438,0,0,Or6d15,NA
258439,0,0,Or4f15,NA
258440,0,0,Or4f47,NA
258441,0,0,Or4f6,NA
258442,3,3,Or4f61,NA
258443,0,0,Or2m12,NA
258444,0,0,Or2ag1b,NA
258445,0,0,Or2ag12,NA
258446,0,0,Or4c1,NA
258447,0,0,Or4a69,NA
258448,0,0,Or2h2c,NA
258449,0,0,Or8s10,NA
258450,0,0,Or4c104,NA
258451,0,0,Or4c110,NA
258453,0,0,Or4c29,NA
258454,0,0,Or4c105,NA
258455,0,0,Or4c106,NA
258456,0,0,Or4a66,NA
258457,1,1,Or1o11,NA
258458,0,0,Or2m13,NA
258459,2,2,Or2y16,NA
258460,0,0,Or2y1e,NA
258461,0,0,Or2y11,NA
258462,0,0,Or2y1f,NA
258463,0,0,Or2y1g,NA
258464,3,3,Or2y14,NA
258465,1,1,Or2y15,NA
258466,0,0,Or4c126,NA
258468,0,0,Or4a81,NA
258469,1,1,Or2h2,NA
258470,0,0,Or2h1,NA
258471,0,0,Or8c13,NA
258472,0,0,Olfr899,NA
258474,0,0,Or8b41,NA
258477,0,0,Olfr197,NA
258478,0,0,Or5h17,NA
258479,0,0,Or5ac21,NA
258480,0,0,Or2g7,NA
258481,1,1,Or2j3,NA
258482,0,0,Or11i1,NA
258483,0,0,Or9s15,NA
258485,0,0,Or4l15,NA
258486,0,0,Or4k2,NA
258487,0,0,Or4n5,NA
258488,0,0,Or5p54,NA
258489,0,0,Or5p62,NA
258490,0,0,Or5p67,NA
258491,0,0,Or5p66,NA
258492,0,0,Or5p60,NA
258493,0,0,Or2ak6,NA
258494,0,0,Or2ak5,NA
258495,0,0,Or2t47,NA
258497,0,0,Or10d4c,NA
258498,0,0,Or10n1,NA
258499,0,0,Or8g28,NA
258500,0,0,Or8g27,NA
258501,0,0,Or10d1,NA
258502,8,4+,Or11m3,NA
258503,3,3,Or1o3,NA
258504,0,0,Or1o1,NA
258505,8,4+,Or1o2,NA
258506,3,3,Or10c1,NA
258507,2,2,Or11a4,NA
258508,2,2,Or1o4,NA
258509,5,4+,Or1x6,NA
258511,0,0,Or6f2,NA
258512,2,2,Or12j3,NA
258513,0,0,Or12j5,NA
258515,0,0,Or7g34,NA
258516,0,0,Or7g31,NA
258517,1,1,Or7g35,NA
258518,0,0,Or7g29,NA
258519,0,0,Or7e168,NA
258520,0,0,Or7g30,NA
258521,0,0,Or7e169,NA
258522,0,0,Or4c31,NA
258523,0,0,Or4c100,NA
258524,0,0,Or5d40,NA
258525,0,0,Or5d41,NA
258526,3,3,Or2b28,NA
258527,1,1,Or2ad1,NA
258528,0,0,Or2p2,NA
258529,1,1,Or5af2,NA
258530,3,3,Or9e1,NA
258531,0,0,Or2t45,NA
258532,0,0,Or2z9,NA
258533,0,0,Or2w2,NA
258534,1,1,Or2w6,NA
258536,0,0,Or2b2b,NA
258537,0,0,Or6c207,NA
258538,0,0,Or6c205,NA
258540,0,0,Or6c202,NA
258541,0,0,Or6c210,NA
258542,0,0,Or6c1b,NA
258543,0,0,Or6c69b,NA
258544,0,0,Or6c3,NA
258545,2,2,Or6c215,NA
258546,0,0,Or6c213,NA
258547,0,0,Or6c3b,NA
258548,0,0,Or6c212,NA
258549,0,0,Or6c66,NA
258550,0,0,Or7e175,NA
258551,0,0,Or7e173,NA
258552,0,0,Or7e174,NA
258553,0,0,Or7e176,NA
258554,1,1,Or7e177,NA
258555,0,0,Or7e170,NA
258557,2,2,Or7g21,NA
258558,0,0,Or7g22,NA
258559,0,0,Or7g18,NA
258560,0,0,Or7g25,NA
258561,0,0,Or9g3,NA
258562,0,0,Or9g8,NA
258563,0,0,Or9g4,NA
258564,0,0,Or9g4b,NA
258565,0,0,Or5g9,NA
258566,0,0,Or5g25,NA
258568,0,0,Or5b104,NA
258569,0,0,Or9a2,NA
258570,0,0,Or5al7,NA
258571,0,0,Or5m3b,NA
258572,3,3,Or5m3,NA
258573,0,0,Or5ap2,NA
258575,0,0,Or8k1,NA
258577,0,0,Or5m13b,NA
258579,0,0,Or2ah1,NA
258580,0,0,Or5m10,NA
258581,0,0,Or5m5,NA
258582,0,0,Or5m10b,NA
258583,0,0,Or8k38,NA
258584,0,0,Or5t16,NA
258585,0,0,Or5t7,NA
258586,0,0,Or5as1,NA
258587,0,0,Or8h10,NA
258589,0,0,Or2ag19,NA
258590,0,0,Or13n4,NA
258591,0,0,Or2ag13,NA
258592,0,0,Or2ag15,NA
258593,1,1,Or2ag18,NA
258594,1,1,Or2d4,NA
258595,0,0,Or2ag16,NA
258597,2,2,Or2d36,NA
258598,0,0,Or7g16,NA
258600,0,0,Or13d1,NA
258601,0,0,Or4d5,NA
258602,0,0,Or8g50,NA
258603,0,0,Or8g55,NA
258604,4,4+,Or8g37,NA
258605,0,0,Or8g53,NA
258606,0,0,Or8g2,NA
258607,0,0,Or8g2b,NA
258608,0,0,Or6x1,NA
258609,0,0,Or14a259,NA
258610,0,0,Or14a260,NA
258611,3,3,Or14c45,NA
258612,0,0,Or6aa1,NA
258613,0,0,Or14c39,NA
258614,0,0,Or6f1,NA
258615,0,0,Or12k7,NA
258616,0,0,Or1q1,NA
258617,0,0,Or1ak2,NA
258618,0,0,Or1l8,NA
258620,0,0,Or1j4,NA
258621,0,0,Or1j15,NA
258622,0,0,Or10al5,NA
258623,0,0,Or2g1,NA
258624,0,0,Or10al4,NA
258625,0,0,Or14j10,NA
258626,0,0,Or9i2,NA
258627,0,0,Or9i16,NA
258628,0,0,Or5b124,NA
258629,0,0,Or5b123,NA
258630,0,0,Or5w17,NA
258631,0,0,Or5w8,NA
258632,0,0,Or5w15,NA
258633,0,0,Or5w20,NA
258634,0,0,Or5d37,NA
258635,0,0,Or5w16,NA
258636,0,0,Or5d16,NA
258638,0,0,Or5d36,NA
258639,0,0,Or9m2,NA
258640,0,0,Or5i1,NA
258641,0,0,Or9m1,NA
258643,0,0,Or9m1b,NA
258644,0,0,Or5d38,NA
258645,2,2,Or10j2,NA
258647,0,0,Or2a51,NA
258648,1,1,Or2a14,NA
258649,0,0,Or2a54,NA
258650,0,0,Or2a56,NA
258652,0,0,Or5w11,NA
258653,1,1,Or5w13,NA
258654,0,0,Or5w12,NA
258655,0,0,Or12e1,NA
258656,0,0,Or1l4,NA
258657,4,4+,Or4n4b,NA
258658,0,0,Or4m1,NA
258659,0,0,Or4n4,NA
258660,0,0,Or11j4,NA
258661,0,0,Or11g7,NA
258662,0,0,Or11g1,NA
258663,0,0,Or11g24,NA
258665,0,0,Or6c217,NA
258666,0,0,Or6c69c,NA
258667,0,0,Or6c69,NA
258668,0,0,Or9r3,NA
258669,0,0,Or9r7,NA
258670,7,4+,Or6c33,NA
258671,0,0,Or9k2b,NA
258672,0,0,Or9k2,NA
258673,0,0,Or4d6,NA
258674,0,0,Or4z4,NA
258675,0,0,Or4d11,NA
258676,0,0,Or4d10b,NA
258677,0,0,Or5a1,NA
258678,0,0,Or5a3,NA
258679,0,0,Or5an6,NA
258680,0,0,Or5an1,NA
258681,0,0,Or5an11,NA
258682,0,0,Or5an10,NA
258683,0,0,Or5an1c,NA
258684,0,0,Or5b106,NA
258685,0,0,Or5b117,NA
258686,0,0,Or5b113,NA
258687,0,0,Or5b102,NA
258688,0,0,Or5b108,NA
258689,0,0,Or5b112,NA
258690,0,0,Or5b3,NA
258691,0,0,Or5b120,NA
258692,0,0,Or5b94,NA
258693,0,0,Or5b95,NA
258694,0,0,Or5b12b,NA
258695,0,0,Or5b101,NA
258696,0,0,Or5b12,NA
258697,0,0,Or5b21,NA
258698,0,0,Or5b97,NA
258699,0,0,Or5b96,NA
258700,0,0,Or5b99,NA
258701,0,0,Or3a1b,NA
258702,1,1,Or3a1,NA
258703,0,0,Or3a1c,NA
258704,1,1,Or3a1d,NA
258705,0,0,Or1r1,NA
258706,0,0,Or1a1b,NA
258708,0,0,Or13p4,NA
258709,0,0,Or10x4,NA
258710,0,0,Or10z1,NA
258711,0,0,Or10aa3,NA
258712,0,0,Or10aa1,NA
258713,0,0,Or6n2,NA
258715,0,0,Or6k8,NA
258716,0,0,Or6k4,NA
258717,0,0,Or6n1,NA
258718,0,0,Or5e1,NA
258719,0,0,Or10a3m,NA
258720,0,0,Or10a3b,NA
258721,0,0,Or10a48,NA
258722,0,0,Or51aa5,NA
258723,0,0,Or6c35,NA
258724,0,0,Or6c208,NA
258725,0,0,Or5t15,NA
258726,0,0,Or52ab4,NA
258727,0,0,Or5p64,NA
258728,0,0,Or5p58,NA
258729,0,0,Or5p6,NA
258730,0,0,Or5p59,NA
258731,0,0,Or5p1,NA
258732,0,0,Or5p69,NA
258733,0,0,Or5p72,NA
258734,1,1,Or5p76,NA
258736,0,0,Or9q2,NA
258737,0,0,Or4f14d,NA
258738,9,4+,Or5p79,NA
258739,0,0,Or2w4,NA
258740,0,0,Or8g36,NA
258741,0,0,Or8g21,NA
258742,0,0,Or8g17,NA
258743,0,0,Or56b2,NA
258744,0,0,Or8b12b,NA
258745,0,0,Or56b35,NA
258746,0,0,Or52h1,NA
258747,0,0,Or5j1,NA
258748,0,0,Or4c103,NA
258749,0,0,Or52i2,NA
258750,0,0,Or52p2,NA
258751,0,0,Or52ae7,NA
258752,0,0,Or51f1d,NA
258753,0,0,Or52e5,NA
258754,0,0,Or6d14,NA
258755,0,0,Or52e15,NA
258756,0,0,Or6p1,NA
258757,0,0,Or9g19,NA
258758,0,0,Or10j7,NA
258759,0,0,Or10j27,NA
258762,0,0,Or5aq6,NA
258763,0,0,Or8i2,NA
258764,0,0,Or8h9,NA
258765,0,0,Or5aq1,NA
258766,0,0,Or5aq7,NA
258767,0,0,Or5d46,NA
258768,0,0,Or4c102,NA
258769,3,3,Or5p80,NA
258770,0,0,Or5p52,NA
258771,0,0,Or5p53,NA
258772,0,0,Or6c74,NA
258773,0,0,Or6c219,NA
258774,0,0,Or4p8,NA
258775,0,0,Or5h26,NA
258776,0,0,Or2d2,NA
258777,0,0,Or8b55,NA
258778,0,0,Or8b54,NA
258780,0,0,Or8b51,NA
258781,0,0,Or8b1d,NA
258782,0,0,Or8b50,NA
258783,2,2,Or8b53,NA
258784,0,0,Or4a72,NA
258785,0,0,Or4c123,NA
258786,0,0,Or4a39,NA
258787,0,0,Or4a75,NA
258788,0,0,Or4a73,NA
258789,4,4+,Or4b12,NA
258790,0,0,Or4c52,NA
258791,0,0,Or6c216,NA
258792,0,0,Or9i14,NA
258793,0,0,Or9i1,NA
258794,1,1,Or8b4,NA
258797,0,0,Or8b1b,NA
258798,0,0,Or8b43,NA
258799,0,0,Or8b1,NA
258800,0,0,Or8b1c,NA
258801,0,0,Or8b44,NA
258802,0,0,Or8c8,NA
258803,0,0,Or2n1d,NA
258804,0,0,Or4a68,NA
258805,0,0,Or4d10c,NA
258806,0,0,Or8b48,NA
258807,0,0,Or8b46,NA
258808,0,0,Or51v14,NA
258809,0,0,Or52h9,NA
258810,0,0,Or52n3,NA
258811,2,2,Or8d2b,NA
258812,0,0,Or8b56,NA
258814,0,0,Or5l13,NA
258815,0,0,Or4c113,NA
258816,0,0,Or9s18,NA
258817,7,4+,Or52ac1,NA
258818,0,0,Or52ae9,NA
258819,0,0,Or51i1,NA
258820,0,0,Or4p22,NA
258821,0,0,Or13c3,NA
258822,0,0,Or7d9,NA
258823,0,0,Or8g54,NA
258824,0,0,Or8b57,NA
258825,0,0,Or10d5,NA
258826,0,0,Or8g19,NA
258828,0,0,Or2n1b,NA
258829,1,1,Or2n1,NA
258830,1,1,Or12d13,NA
258831,3,3,Or12d12,NA
258832,0,0,Or12d17,NA
258833,0,0,Or8w1,NA
258834,0,0,Or12e7,NA
258835,0,0,Or10ag60,NA
258836,0,0,Or13c25,NA
258837,0,0,Or55b10,NA
258838,0,0,Or52z12,NA
258840,0,0,Or8h7,NA
258841,0,0,Or5aq1b,NA
258842,0,0,Or8h8,NA
258843,0,0,Or8k3b,NA
258844,0,0,Or8k40,NA
258845,0,0,Or5d35,NA
258846,0,0,Or5l14,NA
258850,0,0,Or14c41,NA
258851,0,0,Or13p5,NA
258852,0,0,Or13p3,NA
258853,0,0,Or10s1,NA
258854,2,2,Or8d4,NA
258857,0,0,Or13f5,NA
258858,7,4+,Or7c19,NA
258859,0,0,Or1f19,NA
258861,0,0,Or10p21,NA
258862,0,0,Or6c201,NA
258863,0,0,Or6c38,NA
258865,0,0,Or5ak22,NA
258866,0,0,Or8k16,NA
258867,0,0,Or2y3,NA
258868,0,0,Or8c16,NA
258869,0,0,Or8b3,NA
258871,0,0,Or8c20,NA
258872,0,0,Olfr908,NA
258873,0,0,Or8b47,NA
258874,0,0,Olfr900,NA
258875,0,0,Or8c17,NA
258877,0,0,Or2t26,NA
258879,1,1,Or2t48,NA
258880,0,0,Or10j3,NA
258881,1,1,Or10j3b,NA
258882,0,0,Or8b12,NA
258883,0,0,Or8b12c,NA
258886,0,0,Or4k49,NA
258887,0,0,Or4k44,NA
258888,0,0,Or4k48,NA
258889,0,0,Or4k51,NA
258890,0,0,Or4k47,NA
258891,0,0,Or4k52,NA
258892,0,0,Or14j5,NA
258893,0,0,Or4c120,NA
258894,0,0,Or4c118,NA
258895,0,0,Or4c111,NA
258896,0,0,Or4c11,NA
258897,0,0,Or4c11b,NA
258898,0,0,Or4c11c,NA
258899,0,0,Or4c109,NA
258900,0,0,Or4c108,NA
258901,0,0,Or4c114,NA
258902,0,0,Or4c115,NA
258903,0,0,Or4c112,NA
258904,0,0,Or4c116,NA
258905,0,0,Or7h8,NA
258907,0,0,Or7g32,NA
258908,0,0,Or7g33,NA
258909,0,0,Or4k38,NA
258910,0,0,Or4k36,NA
258912,0,0,Or1ad6,NA
258913,0,0,Or1ad1,NA
258914,0,0,Or13a1,NA
258915,0,0,Or6z1,NA
258917,1,1,Or6z3,NA
258918,0,0,Or6z5,NA
258919,0,0,Or4p18,NA
258920,0,0,Or4p19,NA
258921,0,0,Or4c101,NA
258922,0,0,Or2k2,NA
258923,0,0,Or1e16,NA
258924,0,0,Or1e1c,NA
258925,0,0,Or1e1,NA
258926,0,0,Or5p55,NA
258927,0,0,Or5p4,NA
258928,0,0,Or5p56,NA
258929,0,0,Or6c209,NA
258930,0,0,Or6c65,NA
258931,0,0,Or6c214,NA
258932,0,0,Or6c2,NA
258933,0,0,Or10p1,NA
258934,0,0,Or6c1,NA
258935,0,0,Or6c75,NA
258937,0,0,Or2l5,NA
258938,2,2,Or10v5,NA
258939,0,0,Or10h28,NA
258940,0,0,Or1j17,NA
258941,0,0,Or1n2,NA
258942,0,0,Or1j20,NA
258943,0,0,Or1n1b,NA
258944,0,0,Or1n1,NA
258945,0,0,Or1j18,NA
258946,0,0,Or1j19,NA
258947,0,0,Or1j16,NA
258949,0,0,Or1j10,NA
258950,0,0,Or1j14,NA
258951,0,0,Or1j11,NA
258952,0,0,Or1j13,NA
258953,0,0,Or1j12,NA
258954,0,0,Or6ae1,NA
258955,8,4+,Or2j6,NA
258956,0,0,Or13a22,NA
258958,0,0,Or13a19,NA
258959,0,0,Or2aj5,NA
258960,0,0,Or2aj6,NA
258962,1,1,Or13a20,NA
258963,3,3,Or13a25,NA
258964,10,4+,Or13a26,NA
258967,0,0,Or4a77,NA
258968,0,0,Or4a74,NA
258969,0,0,Or4c121,NA
258970,0,0,Or4a70,NA
258971,0,0,Or4a71,NA
258972,0,0,Or4a2,NA
258973,0,0,Or4c122,NA
258974,0,0,Or4c125,NA
258975,0,0,Or4a15,NA
258976,0,0,Or4c127,NA
258979,0,0,Or4c12b,NA
258980,0,0,Or4c10,NA
258982,0,0,Or4b1b,NA
258983,0,0,Or4c35,NA
258984,0,0,Or4c10b,NA
258985,0,0,Or4a47,NA
258987,0,0,Or4b1,NA
258988,0,0,Or2f1b,NA
258989,0,0,Or2r3,NA
258990,0,0,Or2a25,NA
258991,0,0,Or1s2,NA
258992,0,0,Or10q1,NA
258993,0,0,Or5ac24,NA
258994,5,4+,Or5ac22,NA
258996,0,0,Or5ac19,NA
258997,0,0,Or5ac20,NA
258998,0,0,Or5k14,NA
258999,0,0,Or5k15,NA
259000,0,0,Or5k3,NA
259001,0,0,Or5k17,NA
259002,0,0,Or5k1,NA
259003,0,0,Or5k1b,NA
259004,0,0,Or5k8,NA
259005,0,0,Or3a10,NA
259006,0,0,Or3a4,NA
259007,0,0,Or1e35,NA
259008,0,0,Or1e32,NA
259009,0,0,Or1e34,NA
259010,0,0,Or1e33,NA
259011,0,0,Or1e29,NA
259012,0,0,Or5j3,NA
259013,0,0,Or8u9,NA
259014,0,0,Or8k3,NA
259015,0,0,Or8u3,NA
259016,0,0,Or8k17,NA
259017,0,0,Or5ar1,NA
259018,0,0,Or8k18,NA
259019,2,2,Or8j3,NA
259020,0,0,Or8k23,NA
259021,0,0,Or8k22,NA
259022,0,0,Or8k25,NA
259023,0,0,Or8k53,NA
259024,0,0,Or1e22,NA
259025,0,0,Or1e26,NA
259026,0,0,Or1e19,NA
259027,0,0,Or1e21,NA
259028,12,4+,Or13a21,NA
259030,0,0,Or10ag58,NA
259031,0,0,Or12e8,NA
259032,0,0,Or5w1,NA
259033,0,0,Or10ag57,NA
259034,0,0,Or2ag1,NA
259035,0,0,Or10a2,NA
259036,0,0,Or10a5,NA
259037,0,0,Or6b6,NA
259038,0,0,Or8s2,NA
259039,0,0,Or9s23,NA
259040,0,0,Or6b2,NA
259041,0,0,Or6b3,NA
259042,0,0,Or7a35,NA
259044,0,0,Or7a37,NA
259045,0,0,Or52n5,NA
259046,8,4+,Or56a3,NA
259047,4,4+,Or56a5,NA
259048,0,0,Or52ad1,NA
259049,2,2,Or52z13,NA
259050,0,0,Or52h7,NA
259051,0,0,Or52n4,NA
259052,0,0,Or52n20,NA
259053,0,0,Or1b1,NA
259054,0,0,Or52e2,NA
259055,0,0,Or52r1b,NA
259056,0,0,Or52r1c,NA
259057,0,0,Or52h2,NA
259058,0,0,Or52d1,NA
259061,1,1,Or52n2c,NA
259062,0,0,Or52n2b,NA
259063,2,2,Or52b2,NA
259064,0,0,Or2b4,NA
259066,1,1,Or2at4,NA
259067,0,0,Or6b1,NA
259068,0,0,Or2y17,NA
259069,0,0,Or2y1d,NA
259070,0,0,Or7g17,NA
259071,0,0,Or2l13,NA
259072,9,4+,Or52x1,NA
259073,0,0,Or52e19b,NA
259074,0,0,Or7a36,NA
259075,0,0,Or51i2,NA
259078,0,0,Or52p1,NA
259080,0,0,Or52z14,NA
259081,0,0,Or51a42,NA
259082,0,0,Or8j3c,NA
259083,3,3,Or52b4,NA
259084,0,0,Or51ah3,NA
259085,0,0,Or51ag1,NA
259086,3,3,Or51af1,NA
259087,0,0,Or52a33,NA
259088,0,0,Or51k1,NA
259089,0,0,Or51s1,NA
259091,0,0,Or51f1e,NA
259092,0,0,Or52r1,NA
259093,0,0,Or51h5,NA
259095,0,0,Or51f2,NA
259096,0,0,Or51f5,NA
259097,0,0,Or51e1,NA
259098,0,0,Or51l14,NA
259099,0,0,Or52e7,NA
259100,0,0,Or52n2,NA
259102,0,0,Or51l4,NA
259103,0,0,Or51ac3,NA
259104,0,0,Or51ab3,NA
259105,0,0,Or52b3,NA
259106,2,2,Or52k2,NA
259107,0,0,Or51h1,NA
259108,0,0,Or51r1,NA
259109,0,0,Or10g7,NA
259110,0,0,Or10g9b,NA
259111,0,0,Or8d6,NA
259112,0,0,Or10g9,NA
259113,0,0,Or51g2,NA
259114,0,0,Or51a8,NA
259115,0,0,Or51a5,NA
259116,0,0,Or51a25,NA
259118,0,0,Or51a6,NA
259119,0,0,Or51g1,NA
259122,0,0,Or51q1,NA
259123,0,0,Or51ai2,NA
259124,7,4+,Or51q1c,NA
259125,0,0,Or51a43,NA
259126,0,0,Or51b6b,NA
259143,4,4+,Or52n4b,NA
259144,0,0,Or2r2,NA
259145,0,0,Or4a78,NA
259147,0,0,Or4l1,NA
259148,0,0,Or2t29,NA
259151,0,0,Or8u10,NA
259159,0,0,Or52a24,NA
259161,0,0,Or56b34,NA
259162,0,0,Or6k14,NA
259163,0,0,Or7a38,NA
259165,0,0,Or6c70,NA
259172,0,0,Mfrp,NA
259277,0,0,Klk8,33.37264068803946
259279,1,1,Tubgcp3,86.78236536132255
259300,0,0,Ehd2,24.870804660541857
259301,0,0,Leap2,0.6959427411300813
259302,7,4+,Srgap3,69.87086724978323
260296,0,0,Trim61,2.991329731400974
260297,10,4+,Prrt1,2.843117745262463
260298,0,0,Fev,0.8000477406140605
260299,0,0,Cadm4,9.235094672627945
260301,0,0,Otos,NA
260302,6,4+,Gga3,241.74458642837752
260305,0,0,Nphp4,36.61986742651328
260315,0,0,Nav3,6.847947994789192
260408,0,0,Prss45,0.6720980382255479
260409,0,0,Cdc42ep3,284.81341158236353
260423,0,0,H3c7,NA
263406,0,0,Plekhg3,126.40165922825638
26356,27,4+,Ing1,756.1856288421566
26357,0,0,Abcg2,467.02598421923
26358,0,0,Aldh1a7,2.177175565423235
26359,0,0,Anxa10,2.6459283223103585
26360,3,3,Angptl2,5.605287147370937
26361,0,0,Avpr1b,NA
26362,0,0,Axl,311.0906333499675
26363,12,4+,Btd,35.16198625691858
26364,0,0,Adgre5,114.87680862997124
26365,3,3,Ceacam1,112.70020437245611
26366,13,4+,Ceacam10,9.1714325876679
26367,10,4+,Ceacam2,2.4988995505723235
26368,7,4+,Ceacam9,4.076150047115325
26369,0,0,Cetn1,NA
26370,0,0,Cetn2,195.75623676941436
26371,0,0,Ciao1,104.89910900537916
26372,10,4+,Clcn6,407.6134576785752
26373,0,0,Clcn7,29.11732682218987
26374,2,2,Cop1,197.515150157927
263764,0,0,Creg2,NA
26377,1,1,Dapp1,43.64066426686893
26378,9,4+,Decr2,44.10096712036529
26379,8,4+,Esrra,45.63446800906053
26380,0,0,Esrrb,1344.030777018795
263803,0,0,Pkn3,29.91493172309461
26381,0,0,Esrrg,NA
26382,0,0,Fgd2,10.289179166079649
26383,0,0,Fto,430.18026365098143
26384,0,0,Gnpda1,680.5311193545347
26385,0,0,Grk6,1034.8983762222465
26386,10,4+,Hsf4,4.276689137629694
263876,0,0,Spata2,146.94742182789457
26388,0,0,Ifi202b,6.411873632716833
26390,0,0,Mapkbp1,75.98468109869171
26394,4,4+,Lypla2,564.1432901278371
26395,4,4+,Map2k1,586.1477512881648
26396,5,4+,Map2k2,462.1910019764093
26397,0,0,Map2k3,1618.0633750831753
26398,5,4+,Map2k4,481.03592144296977
26399,0,0,Map2k6,27.41302894367916
26400,2,2,Map2k7,488.847498837603
26401,0,0,Map3k1,324.4546433958745
26403,32,4+,Map3k11,15.894251503761437
26404,4,4+,Map3k12,502.75239341046387
26405,0,0,Map3k2,83.15634218318311
26406,15,4+,Map3k3,93.54958737201596
264064,0,0,Cdk8,214.43010189888332
26407,0,0,Map3k4,109.13719068361712
26408,0,0,Map3k5,89.4080812531983
26409,17,4+,Map3k7,796.3538085755059
26410,18,4+,Map3k8,18.1944682650296
26411,15,4+,Map4k1,101.20000771284371
26412,22,4+,Map4k2,201.8068176563603
26413,0,0,Mapk1,1648.8171694539149
264134,2,2,Ift56,NA
26414,0,0,Mapk10,1.854744613851774
26415,13,4+,Mapk13,51.68016116891512
26416,8,4+,Mapk14,542.1768227546605
26417,0,0,Mapk3,204.84047296503832
26419,0,0,Mapk8,256.9321840757631
26420,32,4+,Mapk9,214.85858032995745
26421,0,0,Prl2c4,NA
26422,0,0,Nbea,123.65347353142501
26423,19,4+,Nr5a1,NA
26424,0,0,Nr5a2,327.25932764864575
26425,1,1,Nubp1,238.32440508353824
26426,12,4+,Nubp2,377.0655999842463
26427,0,0,Creb3l1,477.6889587157376
26428,2,2,Orc4,357.8754061316365
26429,8,4+,Orc5,1283.8210644409803
26430,5,4+,Parg,369.5320120626516
26431,10,4+,Git2,982.5772747077816
26432,0,0,Plod2,487.90219176478047
26433,0,0,Plod3,318.0684296449566
26434,0,0,Prnd,33.286737613425124
26436,0,0,Psg16,1.2815610611814263
26437,18,4+,Psg17,NA
26438,0,0,Psg18,NA
26439,10,4+,Psg19,NA
26440,0,0,Psma1,1590.1302226955186
26441,11,4+,Psma4,1711.6963188684492
26442,0,0,Psma5,1896.8951406555973
26443,4,4+,Psma6,636.6703717303292
26444,6,4+,Psma7,2406.0321351572516
26445,0,0,Psmb2,1451.2459954212093
26446,9,4+,Psmb3,2624.809643252301
26447,0,0,Poli,211.193916239796
26448,0,0,Mok,13.019299466775994
26450,5,4+,Rbbp9,208.3102026312121
26451,0,0,Rpl27a,10734.834025158872
26456,5,4+,Sema4g,42.88232060892714
26457,0,0,Slc27a1,96.13316904432416
26458,0,0,Slc27a2,91.35622149828272
26459,0,0,Slc27a5,2.1434064696497
26462,13,4+,Txnrd2,9.32505919996663
26464,0,0,Vnn3,NA
26465,1,1,Zfp146,9.004207841952873
26466,6,4+,Zfp260,126.0537517741035
264895,0,0,Acsf2,19.83837364404898
26549,0,0,Itgb1bp2,0.9704554526715709
26554,0,0,Cul3,650.2715133738391
26556,0,0,Homer1,275.1591125705091
26557,8,4+,Homer2,41.89656140548083
26558,6,4+,Homer3,33.390723743689946
26559,0,0,Hunk,245.3111450090503
26560,0,0,Krtap15-1,NA
26561,0,0,Mmp23,5.608553187210923
26562,6,4+,Ncdn,452.0368633658624
26563,0,0,Ror1,19.592716207641132
26564,3,3,Ror2,113.72193042336968
26565,0,0,Pla2g10,141.297721569212
26568,3,3,Slc27a3,37.93803587578409
26569,0,0,Slc27a4,99.3424051909369
26570,0,0,Slc7a11,1.3192199076978643
26572,17,4+,Cops3,1055.144943655251
26611,1,1,Rcn2,196.55216491360088
266459,1,1,Eif1ad15,NA
266614,24,4+,Ly6g5b,2.9557923770527275
266620,4,4+,Defb36,NA
266632,0,0,Irak4,5.38976610604383
266645,3,3,Acmsd,NA
266690,0,0,Cyb5r4,1166.1493343194215
266692,2,2,Cpne1,332.63506034916077
266744,0,0,Lgsn,NA
266781,2,2,Snx17,299.382559749157
266793,0,0,Snord87,NA
266815,0,0,Mill1,NA
267019,6,4+,Rps15a,2758.84921089583
26754,13,4+,Cops5,435.5170396543675
26757,0,0,Dpysl4,3.3652725868855446
268281,0,0,Shprh,206.854620813245
268288,2,2,Samd3,NA
268291,0,0,Rnf217,28.88438547260113
268294,0,0,Zbtb24,144.05996274155697
268297,0,0,Scml4,0.8530699084437394
268301,0,0,Sowahc,38.83769643268302
268319,0,0,BC025920,7.558153058187834
268345,0,0,Kcnc2,0.8222273890367302
268354,3,3,Tafa2,NA
268379,0,0,Abca13,NA
268390,0,0,Ahsa2,131.17860999651572
268395,9,4+,Mpg,126.21671580223442
268396,0,0,Sh3pxd2b,31.257835195630214
268417,8,4+,Zkscan17,126.7825344537321
268420,0,0,Alkbh5,443.5958781130579
268445,0,0,Ankrd13b,29.147583522637873
268448,4,4+,Phf12,543.8389416173038
268449,0,0,Rpl23a,7231.949680595528
268451,6,4+,Rab11fip4,34.090873369878324
268465,6,4+,Eme1,194.0588603233544
268469,3,3,Zfp652,366.4203881952684
268470,2,2,Ube2z,896.9259533189053
268480,0,0,Rapgefl1,24.325409767808527
268481,0,0,Krt222,1.4605397646133893
268482,3,3,Krt12,2.689796406519226
268490,0,0,Lsm12,1194.0185245762316
268491,15,4+,Meioc,55.03949713081302
268498,0,0,E030025P04Rik,NA
268510,31,4+,Mgat5b,47.83487484590124
268512,0,0,Slc26a11,24.32056720889973
268515,0,0,Bahcc1,207.5690819258378
268527,0,0,Greb1,26.20758583391667
268534,0,0,Sntg2,NA
268564,19,4+,Zbtb1,47.74587845946851
268566,1,1,Gphn,24.472317218152725
268567,0,0,Tmem229b,26.32671735175254
268591,0,0,Serpina5,NA
268595,0,0,D430019H16Rik,10.78314215674808
268656,0,0,Sptlc1,508.9198951118644
268663,0,0,Cdhr2,1.5983347335201523
268670,0,0,Zfp759,5.655931539468223
268686,0,0,S100z,NA
268697,10,4+,Ccnb1,3848.223391084472
268706,0,0,Slc38a9,166.08126592094305
268709,0,0,Fam107a,3.303559573108092
268721,10,4+,Zswim8,96.98022063848931
268739,0,0,Arhgef40,57.56460215611241
26874,0,0,Abcd2,NA
268741,0,0,Tox4,188.9772784272193
268747,8,4+,Carmil3,NA
268749,0,0,Rnf31,70.52093944111743
26875,0,0,Pclo,16.37457787092319
268752,0,0,Wdfy2,64.08190611807525
268755,0,0,Mir124a-1hg,22.06985666756446
268756,0,0,Gulo,19.524758151700254
268759,0,0,9930012K11Rik,56.21570013221737
26876,0,0,Adh4,0.9531151346942506
26877,0,0,B3galt1,3.4345793964737505
26878,0,0,B3galt2,NA
268780,1,1,Egflam,1.346930882032249
268782,0,0,Agxt2,NA
268783,24,4+,Mtmr12,221.42858466436988
26879,0,0,B3galnt1,27.63469154021283
268807,0,0,Klhl38,NA
268816,0,0,Mroh5,NA
268822,4,4+,Adck5,41.384817871473615
26885,12,4+,Casp8ap2,229.5940428067337
268857,0,0,Nlrc3,11.86007813377392
268859,0,0,Rbfox1,1.2993117543013852
26886,2,2,Cenph,448.88309150452335
268860,0,0,Abat,4.9189367783535465
26887,0,0,Chst4,NA
268878,5,4+,Atp13a5,NA
26888,0,0,Clec4a2,NA
268880,0,0,Xxylt1,60.18492682647133
268882,2,2,Fbxo45,135.95843606503684
268885,0,0,Stfa2l1,NA
26889,0,0,Cln8,146.4684696736087
268890,0,0,Lsamp,NA
268902,0,0,Robo2,4.048365664696059
268903,0,0,Nrip1,191.94843974209323
268905,0,0,Krtap13-1,NA
26891,0,0,Cops4,611.846956136503
26893,12,4+,Cops6,976.580677464706
268930,0,0,Pkmyt1,224.3488356319023
268932,0,0,Caskin1,1.2808562504463583
268933,0,0,Wdr24,33.24418799816084
268934,19,4+,Grm4,10.377538635907174
268935,0,0,Scube3,38.07037857519243
268936,6,4+,Brpf3,231.12053581695375
26894,0,0,Cops7a,552.6455033685678
268949,16,4+,Mucl3,2.8287399172857173
26895,6,4+,Cops7b,254.71303723192204
268958,0,0,Capn11,4.813247368434733
26896,0,0,Med14,155.97951601045014
26897,0,0,Acot1,37.686024345964874
268970,25,4+,Arhgap28,100.81168081822652
268973,0,0,Nlrc4,14.07968079211843
268977,0,0,Ltbp1,120.12055595656054
26898,0,0,Ctsj,NA
268980,3,3,Strn,138.8882574966885
268996,0,0,Ss18,726.9209650188033
269003,0,0,Sap130,207.84136577898212
26901,6,4+,Ss18l2,77.34778272572254
269016,0,0,Sh3rf2,28.341834988465063
269019,0,0,Stk32a,3.877974216439429
269023,0,0,Zfp608,33.3117153514597
26903,6,4+,Dysf,66.84527852975022
269033,0,0,4930503L19Rik,69.29764631188998
269037,20,4+,Ctif,28.92056088050479
26904,0,0,Sh2d1b1,NA
26905,0,0,Eif2s3x,1811.468083005784
269053,0,0,Gpr152,NA
269060,0,0,Dagla,22.07075218594098
269061,0,0,Cpsf7,1296.4655524743412
269063,0,0,Ms4a5,0.646880027416146
26909,0,0,Exo1,354.04859762494124
26910,0,0,Figla,NA
269109,0,0,Dpp10,NA
269113,0,0,Nup54,164.25395542939165
269116,0,0,Nfasc,35.67036395253675
26912,3,3,Gcat,74.08765266974824
269120,8,4+,Optc,NA
26913,8,4+,Gprin1,7.3273799396836194
269132,9,4+,Colgalt2,1.0631556745497286
26914,0,0,Macroh2a1,NA
269152,0,0,Kif26b,4.982305359235447
26918,0,0,Ern2,NA
269180,0,0,Inpp4a,36.92094380612307
269181,0,0,Mgat4a,31.0918252862227
26919,3,3,Zfp346,301.5818723465612
269198,0,0,Nbeal1,118.42002748146264
26920,0,0,Cntrl,111.01954465436664
269209,0,0,Stk36,8.45442901076162
26921,3,3,Map4k4,1007.0010966453344
26922,0,0,Mecr,70.52052743744306
269224,0,0,Pask,90.37830563473231
269233,2,2,Fam171a1,82.01710852545824
269252,0,0,Gtf3c4,189.59334406856073
269254,0,0,Setx,1231.9331103825584
26926,2,2,Aifm1,636.7728481616231
269261,0,0,Rpl12,18388.075110562662
26927,0,0,Foxl2,19.19894381220189
269275,0,0,Acvr1c,NA
269295,2,2,Rtn4rl2,NA
26931,25,4+,Ppp2r5c,662.2533114386448
26932,0,0,Ppp2r5e,261.05642533706464
269328,0,0,Muc15,NA
269336,0,0,Ccdc32,114.2978083462914
269338,0,0,Vps39,95.5420732078834
26934,0,0,Racgap1,1014.8714860787412
269344,0,0,Ell3,0.9570702304402487
269346,0,0,Slc28a2,NA
269356,0,0,Slc4a11,218.6890369434767
26936,3,3,Mprip,800.6979327043351
269378,0,0,Ahcy,81.29736406374569
26938,3,3,St6galnac5,2.2065146472708457
269389,0,0,Tox2,8.770549205912552
26939,0,0,Polr3e,192.04759615137627
269397,6,4+,Ss18l1,18.483749411796357
26940,0,0,Ecsit,104.8849269252229
269400,9,4+,Rtel1,86.068388212841
269401,0,0,Zfp512b,160.13417780970906
26941,13,4+,Nherf1,NA
26942,9,4+,Spag1,76.65791609033506
269423,2,2,Abhd18,10.029459171703133
269424,20,4+,Jade1,7108.774292897303
26943,0,0,Serinc3,837.2005055903644
269437,0,0,Plch1,42.350240629973115
26944,0,0,Tinag,NA
26945,0,0,Tpsg1,NA
26946,0,0,Trpc7,NA
269470,0,0,Wdr3,1231.8319235716865
269473,0,0,Lrig2,72.71138714416993
26949,10,4+,Vat1,141.7542614841702
26950,0,0,Vsnl1,NA
26951,0,0,Zw10,141.50082643890673
269513,18,4+,Nkain3,2.008104994607989
269514,12,4+,Fbxl4,24.01027337264031
269523,21,4+,Vcp,2472.333958439315
269529,18,4+,Fbxo10,11.603496800855096
269536,17,4+,Tex10,304.4887189562526
269582,0,0,Clspn,400.12380921016984
269585,24,4+,Zscan20,30.410515358722296
269587,18,4+,Epb41,97.707402641149
269589,6,4+,Sytl1,7.6540536863475825
269593,0,0,Luzp1,144.3117358563208
269604,7,4+,Gpr157,10.359215810821649
269608,28,4+,Plekhg5,229.89310389804427
26961,21,4+,Rpl8,2854.88308999655
269610,7,4+,Chd5,20.611864207446708
269614,12,4+,Pank4,5.758192063364127
269615,0,0,Plch2,8.37901158799491
269623,0,0,Rbm48,163.06706162366262
269629,0,0,Lhfpl3,NA
269630,0,0,5031425E22Rik,27.646288656745373
269633,19,4+,Wdr86,10.850665090004927
269637,1,1,Cnpy1,403.24566758374743
269639,12,4+,Zfp512,99.41262778868688
269642,0,0,Nat8l,80.10350990636552
269643,23,4+,Ppp2r2c,70.12016696943459
26965,0,0,Cul1,925.4397418323076
26968,17,4+,Islr,NA
269682,0,0,Golga3,162.16019948984518
269683,0,0,E130006D01Rik,NA
269693,0,0,Ccdc60,16.91396265410406
269695,1,1,Rnft2,9.263102072923845
26970,0,0,Pla2g2e,4.265140794189744
269700,15,4+,Hectd4,265.4554979246253
269701,2,2,Cfap251,NA
269702,2,2,Mphosph9,156.39907658728228
269704,0,0,Zfp664,242.76884204912065
26971,2,2,Pla2g2f,NA
269713,19,4+,Clip2,6.0117979383983275
269717,11,4+,Orai2,5.357339463633799
26972,0,0,Spo11,NA
269774,4,4+,Aak1,261.123616611781
269784,0,0,Cntn4,NA
269788,3,3,Lhfpl4,77.87461275940497
269799,0,0,Clec4a1,1.8023764841294596
269800,10,4+,Zfp384,294.12440136714224
269823,7,4+,Pon3,10.213434769089488
269831,17,4+,Tspan12,49.47370353554915
269854,23,4+,Nat14,1.267206362490324
269855,42,4+,Ssc5d,1.541518361432049
269862,1,1,Or10am5,NA
26987,0,0,Eif4e2,1130.122525409893
269870,0,0,Zfp446,50.98866344007549
269878,4,4+,Megf8,40.17538581417999
269881,17,4+,Map3k10,20.95063401329316
269902,0,0,Vmn2r57,1.136765141767052
26992,7,4+,Brd7,511.7635579392195
269941,0,0,Chsy1,445.5140464555963
269951,0,0,Idh2,247.56469274715496
269952,9,4+,Gdpgp1,37.4816314565596
269954,0,0,Ttll13,11.1232365112402
269955,0,0,Rccd1,21.9815660982939
269959,2,2,Adamtsl3,NA
269966,0,0,Nup98,177.1865257698339
269994,15,4+,Gsg1l,NA
269997,15,4+,Zfp747,38.50408831022052
269999,0,0,Orai3,104.55229242018422
270004,0,0,Foxi2,NA
270028,0,0,Nalf1,NA
270035,2,2,Letm2,12.712919757647851
270049,0,0,Galntl6,NA
270058,9,4+,Map1s,2186.763214203942
270066,0,0,Slc35e1,301.7017621116166
27007,0,0,Klrk1,NA
270076,6,4+,Gcdh,87.13124640864771
27008,29,4+,Micall1,196.5369009355345
270084,0,0,Lpcat2,16.669738532491326
270086,0,0,Ogfod1,214.52417346953385
270091,0,0,Lrrc36,NA
270096,7,4+,Mon1b,73.40775637813317
270097,0,0,Vat1l,5.526882728523681
270106,19,4+,Rpl13,8412.409436041484
270109,0,0,Pcnx2,2.227537283166182
270110,17,4+,Irf2bp2,391.4276869563443
270118,24,4+,Maml2,5.143437982654901
270120,0,0,Fat3,1.0804738766011868
27015,6,4+,Polk,204.14107187582331
270150,2,2,Ccdc153,NA
270151,0,0,Nlrx1,8.679082314314426
270152,0,0,Jaml,1.528322121650851
270156,5,4+,Nkapd1,420.38909692998806
270160,0,0,Rab39,3.4765638932221554
270162,20,4+,Elmod1,2.6909675002311646
270163,0,0,Myo9a,192.80650611172
270166,1,1,Clpx,75.15832972853867
270190,11,4+,Ephb1,5.896314665501179
270192,0,0,Rab6b,34.56092766265234
270198,0,0,Pfkfb4,4.083583630613723
270201,0,0,Klhl18,33.356055803325724
270210,38,4+,Zbtb47,NA
27027,0,0,Tspan32,6.055083042857785
27028,0,0,Ermap,NA
27029,0,0,Sgsh,15.152559838969404
270328,0,0,Gsdmc3,NA
27041,2,2,G3bp1,5602.811038393009
27045,19,4+,Nit1,70.12555538511441
27047,1,1,Omd,NA
27049,9,4+,Etv3,65.44678551858745
27050,0,0,Rps3,3387.956375685148
27052,0,0,Aoah,31.06186231886925
27053,10,4+,Asns,702.2608417765636
27054,6,4+,Sec23b,2108.080455016294
27055,0,0,Fkbp9,701.5390361041952
27056,36,4+,Irf5,8.295171319706553
27057,5,4+,Ncoa4,698.1931088487424
27058,0,0,Srp9,1680.6459196410017
27059,0,0,Sh3d19,226.33547706347153
270599,1,1,Ct45a,NA
27060,7,4+,Tcirg1,36.127469711845656
27061,0,0,Bcap31,3492.4718002781083
27062,0,0,Cadps,7.493540348626996
270624,0,0,Spin4,25.664350458859133
270627,0,0,Taf1,233.82597716809892
270669,0,0,Mbtps2,198.93218651074457
270672,0,0,Map3k15,97.410976229163
270685,0,0,Mthfd1l,415.7977304522856
270711,1,1,Calhm4,NA
270757,0,0,Bpifc,1.6678045232452456
27078,1,1,B9d1,134.9635181712314
270802,10,4+,Kics2,NA
27081,9,4+,Zfp275,203.64957704901647
27083,0,0,Xlr4b,30.535399122844357
27084,21,4+,Xlr5c,12.3398204653353
270893,0,0,Tmem132e,NA
270906,0,0,Prr11,115.7490502175811
27096,0,0,Trappc3,217.10771052390533
271005,1,1,Klhdc1,2.8765155505779356
27103,0,0,Eif2ak4,28.144322521020648
271036,0,0,Catsperb,NA
271047,0,0,Serpina3b,NA
271127,0,0,Adamts16,NA
271144,0,0,Ankdd1b,0.933131253542193
271209,0,0,Rp1l1,NA
271221,0,0,Rubcnl,NA
271278,16,4+,BC024139,NA
271305,0,0,Phf21b,71.58411543663647
271375,0,0,Cd200r2,0.926581601122393
271377,0,0,Zbtb11,263.32465789557995
27140,0,0,Tlx3,11.934649729782718
271424,19,4+,Ip6k3,NA
271457,0,0,Rab5a,1749.114971187703
271508,0,0,Brd8dc,NA
271564,7,4+,Vps13a,125.0674171852576
271639,3,3,Adcy10,0.8296892126659604
271697,0,0,Cdk15,NA
271711,4,4+,Tmem169,NA
27176,9,4+,Rpl7a,2036.8373258792703
271786,0,0,Galnt13,1.399757086828454
271813,0,0,Agbl2,6.643077657814734
271842,0,0,Rpusd2,98.00636386009072
271844,0,0,Pla2g4f,2.7929759571463015
271849,0,0,Shc4,5.3487141639505085
271887,4,4+,Rbbp8nl,NA
271944,17,4+,C2cd4d,NA
271970,1,1,Arsj,NA
271981,0,0,Tbck,70.2227625103776
272009,21,4+,Srsf12,8.727866761437516
272027,16,4+,Tstd2,333.83973418568735
272031,18,4+,Plppr1,2.9707693207034347
27204,0,0,Syn3,3.716800989722342
27205,4,4+,Podxl,354.539341272124
27206,0,0,Nrk,186.6472303637751
27207,10,4+,Rps11,7879.737996914355
27208,16,4+,Snord33,NA
27209,13,4+,Snord32a,NA
27210,17,4+,Snord34,NA
27211,16,4+,Snord35a,NA
27212,7,4+,Snord35b,NA
27214,0,0,Dbf4,1179.5869534827657
27215,0,0,Azi2,115.1472493127851
272158,0,0,Poln,1.1434130442267196
27216,0,0,Or5g26,NA
27217,8,4+,Mixl1,8.041762205768327
27218,1,1,Slamf1,5.927979421452201
27219,9,4+,Sgk2,6.741182204281297
27220,0,0,Cartpt,NA
27221,0,0,Chaf1a,126.07242346758603
27222,0,0,Atp1a4,3.320398746977296
27223,0,0,Trp53bp1,594.9519131880268
27224,0,0,Eloa,172.49366199081126
27225,0,0,Ddx24,513.6112205309038
27226,0,0,Pla2g7,69.56001573909339
272322,0,0,Bmal2,NA
272347,0,0,Zfp398,34.62585504577857
272350,0,0,Lgalsl2,NA
272359,40,4+,Irf2bp1,375.023953789337
272381,0,0,Lrrc4b,2.82254730480596
272382,5,4+,Spib,2.9985736007169947
272396,0,0,Tars3,NA
272411,2,2,B3gnt6,NA
272428,0,0,Acsm5,NA
272465,0,0,Tmem255b,NA
272538,2,2,Tango6,54.90143429810619
272551,20,4+,Gins2,333.4406690765479
272589,0,0,Tbcel,261.37338306995207
27260,9,4+,Plek2,9.518047600506542
27261,10,4+,Dok3,1.3122966251922628
27263,2,2,Smok2a,NA
272636,8,4+,Esyt3,60.4737260830195
272643,12,4+,Prss43,NA
272667,0,0,Smok4a,NA
27267,0,0,Cars1,NA
27273,21,4+,Pdk4,8.800189184608694
27274,0,0,Zfp354b,1.8434446283498145
27275,1,1,Nufip1,561.3959209555828
27276,4,4+,Plekhb1,82.08932565372166
27277,0,0,Golga5,50.140587660267336
27278,3,3,Clnk,6.5453845287921935
27279,0,0,Tnfrsf12a,75.93913910210044
272790,0,0,Magee2,5.82467726780009
27280,3,3,Phlda3,219.49668481832177
27281,0,0,Plaat1,0.8326473047795744
27354,16,4+,Nbn,81.18138820031471
27355,0,0,Pald1,541.2595897451208
27356,0,0,Insl6,7.4357851967108
27357,2,2,Gyg1,NA
27358,2,2,Defb3,NA
27359,0,0,Sytl4,0.8629937591243159
27360,2,2,Add3,97.45321426589985
27361,0,0,Msrb1,110.89449884487068
27362,0,0,Dnajb9,206.60026396387468
27364,0,0,Srr,9.477602144178457
27366,7,4+,Txnl4a,290.99770388115104
27367,0,0,Rpl3,3657.0947093274426
27368,11,4+,Tbl2,119.3611311402134
27369,0,0,Dguok,225.96233077045216
27370,0,0,Rps26,8873.537675812198
27371,0,0,Sh2d2a,0.9923605202478945
27372,0,0,Prl3c1,NA
27373,0,0,Csnk1e,713.3487075972254
27374,0,0,Prmt5,450.1102558976167
27375,0,0,Tjp3,10.393876456138958
27376,0,0,Slc25a10,46.6589950925005
27377,0,0,Yme1l1,768.2229083276313
27378,9,4+,Tcl1b3,NA
27379,0,0,Tcl1b1,NA
27380,0,0,Tcl1b4,NA
27381,0,0,Tcl1b2,1.0802905426781664
27382,0,0,Tcl1b5,NA
27384,0,0,Akr1c13,4.762107086553968
27385,0,0,Magel2,22.01876151283952
27386,0,0,Npas3,5.2457340108839405
27387,0,0,Sh2d3c,109.2948774779568
27388,2,2,Ptdss2,184.9824164682445
27389,0,0,Dusp13b,NA
27390,3,3,Mmel1,1.8365439911995471
27392,3,3,Pign,102.05664768651792
27393,0,0,Mrpl39,374.6730525505565
27395,0,0,Mrpl15,700.2181352494334
27397,0,0,Mrpl17,751.4859492879259
27398,0,0,Mrpl2,665.0550386151622
27399,0,0,Ip6k1,253.65626216189847
27400,8,4+,Hsd17b6,1.7269991311974624
27401,0,0,Skp2,215.72703468577916
27402,0,0,Pdhx,241.92608540834743
27403,41,4+,Abca7,8.356076282476057
27404,0,0,Abca8b,1.3765291606193026
27405,0,0,Abcg3,NA
27406,13,4+,Abcf3,52.94162623005853
27407,0,0,Abcf2,501.8715404083023
27409,0,0,Abcg5,NA
27410,14,4+,Abca3,35.351657378217155
27411,0,0,Slc14a2,NA
27412,0,0,Peg12,16.090986508262997
27413,0,0,Abcb11,NA
27414,0,0,Sergef,8.633937172692258
27416,0,0,Abcc5,423.5036793700307
27418,0,0,Mkln1,248.1139223168813
27419,9,4+,Naglu,4.924382438723105
27421,11,4+,Abcc6,3.610692337000274
27425,6,4+,Atp5mg,NA
27426,0,0,Nagpa,216.88863687534396
27428,0,0,Shroom3,269.4219803828836
27494,0,0,Amot,105.6098823730138
27528,0,0,Nrep,90.44323120959244
27632,24,4+,Nelfe,152.37215083026933
27643,0,0,Ubl4a,246.04625902919707
27660,5,4+,1700088E04Rik,1.5106961039939573
276742,0,0,Taar7e,NA
276770,22,4+,Eif5a,21120.51376090689
27681,4,4+,Snf8,223.48522331586508
276829,0,0,Smtnl2,241.756800087504
276846,9,4+,Pigs,72.03132066800028
276852,14,4+,Mtnap1,NA
276865,6,4+,Or2y6,NA
276891,0,0,Timd4,NA
276905,0,0,Armc7,11.31154832870306
276919,15,4+,Gemin4,1.8043775191424092
276920,0,0,Ccdc42,0.6810863979079613
276950,0,0,Slfn8,1.0445486756205151
276952,16,4+,Rasl10b,22.58246862853758
277010,18,4+,Marveld1,145.29131159688887
277154,8,4+,Nynrin,197.44091013219375
277203,0,0,Tm4sf19,NA
277250,0,0,Kdm3b,132.88902182111914
277328,0,0,Trpa1,3.539659945117067
277333,0,0,Gm5069,NA
277343,4,4+,Wfdc8,NA
277345,2,2,Wfdc16,NA
277353,1,1,Tcfl5,1411.299958196672
277360,5,4+,Prex1,9.589195692094613
277396,2,2,Klhl23,39.91731549849975
277414,0,0,Trp53i11,260.5777811852548
277432,0,0,Vstm2l,3.027922417392907
277463,0,0,Gpr107,131.62582198370404
277468,0,0,Slc39a12,NA
277496,0,0,Lkaaear1,NA
27756,0,0,Lsm2,595.0873774054083
277562,0,0,Or4k40,NA
27762,14,4+,Vwa7,1.4535047416020617
277666,0,0,Pramel24,NA
277667,0,0,Pramel23,NA
277668,0,0,Pramel22,NA
277692,0,0,Rps19-ps3,NA
277743,0,0,Fam131c,14.394219649949491
277744,0,0,Srarp,NA
277753,0,0,Cyp4a12a,NA
277773,8,4+,Spata31f3,NA
27784,0,0,Commd8,166.34196960801188
277854,0,0,Depdc5,24.016281006006693
277898,1,1,Slc15a5,NA
277935,1,1,Or10a3n,NA
277939,9,4+,C2cd3,127.37274946981988
277973,7,4+,Slc9a5,33.44514136408528
277978,22,4+,Exoc3l,81.08628984716478
27801,14,4+,Zdhhc8,46.86493555093101
278087,0,0,Gm5071,NA
278097,0,0,Armcx6,5.919275353899829
278167,0,0,Mageb6b1,NA
278174,0,0,Ssxb3,NA
278180,0,0,Vsig4,NA
278203,0,0,Spaca5,NA
278240,0,0,Spin2c,19.75963742044991
278255,0,0,Tex13c3,NA
278279,0,0,Tmtc2,3.786595078113065
278304,0,0,Zfp385c,1.7994935332362256
278507,12,4+,Wfikkn2,NA
278672,7,4+,Duxbl1,NA
278676,0,0,AY358078,NA
278679,2,2,Apol7b,NA
278725,0,0,E130310I04Rik,NA
27878,0,0,Tada1,33.04248015810048
278795,3,3,Lrrc10b,NA
27883,0,0,Tango2,68.44572485072656
27886,0,0,Ess2,70.209723687418915
279028,0,0,Adamts13,NA
279029,19,4+,Stkld1,NA
279185,0,0,Pramel21,NA
279499,0,0,Kctd19,NA
279561,0,0,Wnk3,184.21194234328237
279572,0,0,Tlr13,NA
279610,0,0,E530001F21Rik,NA
279618,0,0,Gm715,NA
27965,5,4+,Spg21,678.7755289977479
279653,0,0,Pcdh19,13.37685337078024
27966,8,4+,Rrp9,1413.097092948428
27967,0,0,Cherp,1750.7960442164929
279706,0,0,Nup62cl,1572.79230691383
27973,12,4+,Vkorc1,1202.0065159031687
279766,0,0,Rhbdd3,112.57407870394916
27979,0,0,Eif3b,1476.1375238866065
27981,0,0,Rsrp1,768.1469618968238
27984,5,4+,Efhd2,330.67417418217315
27993,0,0,Imp4,769.1552358330854
27998,0,0,Exosc5,158.4294848624352
27999,16,4+,Fam3c,250.5880262242585
28000,4,4+,Prpf19,423.28090518835813
28006,0,0,Washc2,425.75021991928907
28010,0,0,Miip,7.329377063051578
28015,0,0,Polr2m,3293.0642642535204
28018,1,1,Ubfd1,1068.451579851745
28019,7,4+,Ing4,82.78693643989689
28028,11,4+,Mrpl50,334.87780522588696
280287,7,4+,Kiss1,NA
28030,0,0,Gfm1,491.3459133794945
28035,1,1,Usp39,394.2927032164271
28036,0,0,Larp7,927.4809077942969
28040,0,0,D6Wsu163e,56.50085913140967
280408,11,4+,Rilp,2.4984656571791377
280411,6,4+,Lix1l,31.149607171692953
28042,4,4+,Selenoi,238.7652781066378
280621,2,2,Selenov,1.117984952609711
280635,0,0,Emilin3,1.7856656076009918
28064,4,4+,Yipf3,236.2141825872231
280645,0,0,B3gat2,2.760476525674225
280662,6,4+,Afm,NA
280667,3,3,Adam1b,NA
280668,3,3,Adam1a,6.951124155595852
28071,11,4+,Polr1f,NA
28075,1,1,Desi1,298.8990479982768
28077,3,3,Med10,761.7967121987172
28078,0,0,Prl5a1,NA
28080,0,0,Atp5po,NA
28081,14,4+,Vcf1,NA
28084,0,0,Vps25,8.896533987071006
28088,0,0,Rtcb,416.55953783863254
28105,0,0,Trim36,6.3720587089722
28106,9,4+,Mydgf,144.9625416216044
28109,0,0,Nopchap1,NA
28113,0,0,Tinf2,211.6010995132532
28114,0,0,Nsun2,1051.7999064721157
28126,0,0,Nop16,339.2439115918985
28135,0,0,Cep63,50.615703871926705
28146,15,4+,Serp1,3272.1855497147612
28169,0,0,Agpat3,112.80337993183832
28185,0,0,Tomm70a,1779.2505960296855
28193,0,0,Reep3,468.76251215277864
28194,0,0,Apon,14.539969522233084
28199,0,0,Dcaf11,45.09595896486882
28200,0,0,Dhrs4,53.196164984132025
28240,18,4+,Trpm2,NA
28248,0,0,Slco1a1,NA
28250,0,0,Slco1a4,NA
28253,0,0,Slco1b2,NA
28254,0,0,Slco1a6,NA
282619,13,4+,Sbsn,20.38378027851736
282663,0,0,Serpinb1b,5.747622803653354
28295,0,0,Gatd3a,40.55881832207228
286940,0,0,Flnb,441.43171669552527
286942,23,4+,Kif19a,NA
29805,8,4+,Znhit2,37.37559726187574
29806,1,1,Limd1,90.40162544420834
29807,0,0,Tpk1,75.94722927508532
29808,1,1,Mga,260.4836169838012
29809,0,0,Rabgap1l,61.240273476145745
29810,0,0,Bag3,99.60442682287363
29811,0,0,Ndrg2,43.60081375932356
29812,0,0,Ndrg3,102.6129527938011
29813,13,4+,Zfp385a,380.2093002002043
29815,0,0,Bcar3,307.8996103697096
29816,0,0,Hip1r,53.55950576691286
29817,16,4+,Igfbp7,15.216912942740402
29818,0,0,Hspb7,NA
29819,0,0,Stau2,54.75998335916813
29820,0,0,Tnfrsf19,59.98134557430419
29845,0,0,Or13c7,NA
29846,0,0,Or13c7b,NA
29848,0,0,Or13c7e,NA
29849,2,2,Or13c7d,NA
29856,5,4+,Smtn,305.8006425354021
29857,2,2,Mapk12,19.461550347797175
29858,0,0,Pmm1,209.05942991737376
29859,1,1,Sult4a1,159.80467814314747
29861,0,0,Dpf1,55.69063924416713
29862,2,2,Ninj2,9.639586216383796
29863,0,0,Pde7b,NA
29864,0,0,Rnf11,194.29273079567983
29865,0,0,Cabp5,1.3100804151012624
29866,0,0,Cabp2,NA
29867,0,0,Cabp1,39.50669202080722
29869,0,0,Ulk2,86.24679227367014
29870,0,0,Gtse1,1203.8281868651788
29871,0,0,Scmh1,53.42383084759153
29873,0,0,Cspg5,34.94693593332182
29875,2,2,Iqgap1,829.103108223518
29876,23,4+,Clic4,797.6491148262769
29877,0,0,Hdgfl3,94.83177029886842
30044,10,4+,Opn4,2.4875922221256195
30045,0,0,Dnajc12,106.68094249226958
30046,16,4+,Zfp292,374.1393948224784
30049,5,4+,Scd3,9.72858857758724
30050,9,4+,Fbxw2,497.5480627184405
30051,3,3,Spdef,NA
30052,0,0,Pcsk1n,77.22189119117519
30053,0,0,Reg3d,NA
30054,0,0,Rnf17,101.67719352858668
30055,16,4+,Timm13,535.7154398835501
30056,0,0,Timm9,231.4793285679604
30057,6,4+,Timm8b,267.50333503639195
30059,0,0,Timm10,644.843720899509
30060,0,0,Meltf,1.2000446370986555
30785,22,4+,Cttnbp2,12.102655397365078
30791,2,2,Slc39a1,144.89393304387178
30794,0,0,Pdlim4,4.036127022881364
30795,0,0,Fkbp3,1814.3654301842064
30800,4,4+,Mmp20,NA
30805,0,0,Slc22a4,NA
30806,8,4+,Adamts8,29.507976539468498
30838,0,0,Fbxw4,20.03906837674359
30839,1,1,Fbxw5,90.5842384403676
30840,4,4+,Fbxl6,78.93250545409171
30841,1,1,Kdm2b,996.4093727514644
30843,5,4+,Fbxl12,80.35420970235987
30853,20,4+,Mlf2,5729.550313179686
30877,0,0,Gnl3,1392.115691657836
30878,0,0,Apln,14.016430677501146
30923,0,0,Foxe3,NA
30924,0,0,Angptl3,1.165729146864317
30925,0,0,Slamf6,NA
30926,0,0,Glrx3,1126.6117837177394
30927,3,3,Snai3,26.1497546600569
30928,1,1,Zbtb18,58.71733168548738
30930,26,4+,Vps26a,561.4169852697886
30931,0,0,Tor1a,71.37964059819107
30932,0,0,Zfp330,1326.95289737539
30933,0,0,Tor2a,283.95701338620745
30934,6,4+,Tor1b,141.6096478765446
30935,5,4+,Tor3a,95.6381578055136
30936,12,4+,Slc46a2,NA
30937,0,0,Lmcd1,1.205725578665603
30938,0,0,Fgd3,7.896204898476014
30939,0,0,Pttg1,1277.4553105318926
30940,0,0,Usp25,111.62417740723042
30941,6,4+,Usp21,655.1761918971497
30942,0,0,Hnf4g,NA
30943,7,4+,Prss30,NA
30944,0,0,Zfp354c,28.58328710798027
30945,24,4+,Rnf19a,112.58249047479175
30946,0,0,Abt1,145.16658399656407
30947,0,0,Adat1,121.21693522056248
30948,0,0,Bin1,220.4232911964236
30949,0,0,Lcmt1,265.87607863499824
30951,0,0,Cbx8,6.768642892979254
30952,0,0,Cngb3,NA
30953,0,0,Schip1,298.7081889933011
30954,22,4+,Siva1,452.3275771620792
30955,0,0,Pik3cg,NA
30956,10,4+,Aass,274.6839308644386
30957,8,4+,Mapk8ip3,24.15924316174516
30959,0,0,Ddx25,30.300340517122976
30960,0,0,Vapa,2029.1071704236228
30962,8,4+,Slc7a9,4.112547076016613
30963,0,0,Hacd1,289.8051472287598
317652,0,0,Klk15,NA
317653,0,0,Klk14,NA
317677,8,4+,C1s2,NA
317717,14,4+,Sec22a,133.0507408468251
317750,0,0,Slc24a5,224.4028422848773
317755,0,0,Zar1,NA
317757,13,4+,Gimap5,NA
317758,0,0,Gimap9,35.505753335345574
319146,18,4+,Ifnz,NA
319148,0,0,H3c3,NA
319149,0,0,H3c4,NA
319150,0,0,H3c2,NA
319151,0,0,H3c6,NA
319152,0,0,H3c10,NA
319153,0,0,H3c11,NA
319154,0,0,H3c13,NA
319155,10,4+,H4c3,NA
319156,11,4+,H4c4,NA
319157,4,4+,H4c6,NA
319158,12,4+,H4c9,NA
319159,0,0,H4c11,NA
319160,0,0,H4c12,NA
319161,0,0,H4c18,NA
319162,0,0,H2ac25,NA
319163,2,2,H2ac1,NA
319164,20,4+,H2ac6,NA
319165,0,0,H2ac7,NA
319166,0,0,H2ac8,NA
319167,11,4+,H2ac11,NA
319168,6,4+,H2ac12,NA
319169,0,0,H2ac15,NA
319170,0,0,H2ac22,NA
319172,0,0,H2ac4,NA
319173,0,0,H2ac10,NA
319176,7,4+,H2ac20,NA
319177,2,2,H2bc1,NA
319178,0,0,H2bc3,NA
319179,16,4+,H2bc6,NA
319180,0,0,H2bc7,NA
319181,0,0,H2bc8,NA
319182,0,0,H2bc9,NA
319183,11,4+,H2bc11,NA
319184,7,4+,H2bc12,NA
319185,1,1,H2bc13,NA
319186,0,0,H2bc14,NA
319187,0,0,H2bc15,NA
319188,0,0,H2bc22,NA
319189,0,0,H2bc18,NA
319190,7,4+,H2bc21,NA
319191,1,1,H2ac13,NA
319195,0,0,Rpl17,3545.2325491218585
319196,0,0,Ankef1,0.8743459052020868
319197,0,0,Gpr4,92.35813842770624
319200,0,0,Gpr82,NA
319207,5,4+,Pgbd1,5.142904624588861
319210,0,0,Vmn2r-ps11,NA
319211,0,0,Nol4,2.610752180823447
319215,3,3,4932413F04Rik,NA
319216,5,4+,4932441J04Rik,NA
319217,0,0,Vmn2r7,NA
319224,0,0,6330410L21Rik,6.481015211680239
319229,14,4+,Sctr,NA
319236,0,0,Trim12c,37.83928745909178
319239,0,0,Npsr1,NA
319247,0,0,9530080O11Rik,NA
319251,0,0,9630001P10Rik,NA
319259,1,1,Bricd5,NA
319262,23,4+,Fchsd1,22.855369080570423
319263,0,0,Pcmtd1,285.2208476447401
319266,4,4+,A130010J15Rik,95.83953840756284
319272,0,0,Sros1,NA
319277,3,3,Washc4,99.74964034349108
319278,0,0,Shfl,31.36125992083338
319293,0,0,Gpr141b,NA
319314,3,3,A930001C03Rik,8.598841605838823
319317,7,4+,Snhg11,67.83961148326047
319322,1,1,Sf3b2,594.6905132217435
319336,8,4+,C130036L24Rik,4.637876705029323
319352,3,3,Pianp,240.1659697756424
319370,8,4+,Ubald2,1090.309051218416
319371,19,4+,D030028A08Rik,4.880000951973417
319387,0,0,Adgrl3,19.228288825204046
319405,0,0,D430036J16Rik,1.9793770900234224
319415,7,4+,Hs3st5,NA
319430,0,0,C5ar2,NA
319433,0,0,Serpine3,NA
319446,17,4+,Dpep2,5.434320349167411
319448,0,0,Fndc3a,81.65078725240915
319454,14,4+,Rptoros,NA
319455,0,0,Pld5,1.1806538681722545
319466,0,0,9330199G10Rik,NA
319467,0,0,A930002C04Rik,NA
319468,0,0,Ppm1h,10.641706962780942
319469,0,0,A230056J06Rik,NA
319472,0,0,9330158H04Rik,NA
319475,0,0,Zfp672,60.230201029482586
319476,0,0,Lrtm1,NA
319477,45,4+,Insyn1,4.8390644771570805
319478,0,0,Cxxc4,4.628344433533283
319480,0,0,Itga11,2.5494904359656116
319481,7,4+,Wdr59,73.87306930607404
319482,0,0,Fcgbpl1,NA
319486,0,0,A430057M04Rik,2.770403275322808
319487,0,0,A230028O05Rik,NA
319504,9,4+,Nrcam,4.766546451033996
319508,0,0,Syt15,NA
319513,3,3,Pced1a,80.56873232127629
319518,0,0,Pdpr,34.89989523931735
319520,0,0,Dusp4,205.95580683193887
319530,7,4+,Zfp750,17.510583879143187
319533,0,0,8030451O07Rik,NA
319535,0,0,Zfp182,13.17227353371081
319545,0,0,D430020J02Rik,90.66017350049204
319552,2,2,Spx,6.096964153571598
319554,0,0,Idi1,114.0894497763088
319555,0,0,Nwd1,0.8446060287153072
319556,4,4+,A330041J22Rik,1.3697334854692922
319562,0,0,9630028B13Rik,NA
319565,0,0,Syne2,46.02228164681199
319572,13,4+,C730027H18Rik,NA
319574,4,4+,Gm20735,NA
319579,0,0,Defb20,NA
319581,2,2,Xkr5,49.17387540369279
319582,0,0,Trmt9b,10.74336472919834
319583,0,0,Lig4,34.650262209475976
319586,0,0,Celf5,46.36880973534631
319587,2,2,4930539J05Rik,NA
319594,0,0,Hif1an,168.61947855761963
319596,0,0,D830032E09Rik,NA
319601,0,0,Zfp653,42.85819816002093
319604,0,0,Fam168a,489.6844398602913
319613,0,0,Sybu,1.1392039397318905
319615,0,0,Zfp944,20.951894699123248
319616,21,4+,Fzd10os,7.708970558906325
319618,2,2,Dcp1b,47.54733069166328
319622,5,4+,Itpripl2,60.00037686734401
319625,0,0,Galm,48.38454540594956
319626,0,0,9530059O14Rik,4.555781500836546
319634,3,3,Efcab5,NA
319636,15,4+,Fsd1l,201.781463041708
319638,0,0,Nt5dc1,34.49277517258606
319642,0,0,Rab9b,0.6438824068450727
319646,0,0,D630013N20Rik,NA
319651,7,4+,Usp37,321.47057199478337
319653,0,0,Slc25a40,99.49579102199174
319655,22,4+,Podxl2,4.079509479742686
319660,2,2,Agmo,NA
319670,0,0,Eml5,131.97126003706043
319673,0,0,9330159M07Rik,7.105647559908543
319675,0,0,Cep295,199.02386170356465
319682,0,0,D830026I12Rik,NA
319684,0,0,5031425F14Rik,NA
319695,0,0,Ankar,NA
319701,0,0,Fbxo48,1.4851295969114588
319702,0,0,A830011K09Rik,NA
319707,1,1,C430002N11Rik,1.8323624426722624
319710,10,4+,Frmd6,129.49751854693503
319711,0,0,E230029C05Rik,6.80803612540546
319713,0,0,Ablim3,3.863448616647049
319719,0,0,Simc1,43.181849932667035
319720,18,4+,9630028I04Rik,NA
319727,2,2,A330035P11Rik,4.996899890837976
319734,0,0,Cacna2d4,NA
319740,0,0,Zfyve27,47.5108939441618
319742,4,4+,Mpzl3,41.99137396710648
319748,23,4+,Zfp865,57.09776015526575
319750,0,0,A230009B12Rik,NA
319752,0,0,B230209E15Rik,NA
319757,31,4+,Smo,399.4772970913964
319758,0,0,Rfx7,519.6112621082592
319760,13,4+,D130020L05Rik,10.551682528219173
319764,0,0,Sertm2,NA
319765,0,0,Igf2bp2,391.1487090758431
319767,0,0,Atp10b,1.3361015663856264
319772,8,4+,C130050O18Rik,NA
319776,0,0,Tmem72,NA
319781,0,0,9530051G07Rik,0.815818023725253
319783,0,0,A730056A06Rik,NA
319786,0,0,B930059L03Rik,2.1800909988777777
319798,3,3,A730090N16Rik,NA
319800,0,0,Slc22a30,NA
319801,1,1,Tigar,1197.6548875423312
319803,0,0,A430090L17Rik,NA
319804,0,0,Glt1d1,146.17366493428517
319807,0,0,Nwd2,NA
319812,0,0,9430018G01Rik,NA
319817,3,3,Rc3h2,214.4197152744611
319818,0,0,A930011G23Rik,NA
319819,0,0,4932435O22Rik,NA
319822,7,4+,Smyd4,100.34772116616976
319830,2,2,1500004A13Rik,5.197011367702369
319832,34,4+,Tmem229a,5.439607174099648
319845,0,0,Bbs9,37.816252254893094
319848,6,4+,Slc17a4,NA
319849,0,0,Plxna4os1,NA
319854,0,0,A930006I01Rik,NA
319859,10,4+,E030011O05Rik,NA
319865,0,0,E130114P18Rik,NA
319870,0,0,9330136K24Rik,0.9109991638148636
319871,0,0,4732490B19Rik,NA
319875,0,0,Tmprss11b,NA
319876,0,0,Cobll1,18.765465548127978
319880,0,0,Tmcc3,260.92425649653495
319885,18,4+,Zcchc7,155.48731156311305
319887,0,0,E030030I06Rik,2.82581709888138
319888,9,4+,Oacyl,4.33086623056192
319893,0,0,A230057D06Rik,NA
319894,5,4+,E330017L17Rik,NA
319899,1,1,Dock6,485.3213951516788
319901,0,0,Dsel,32.14992390090945
319903,0,0,9630013A20Rik,NA
319909,1,1,Ism1,1.7761229880639131
319922,0,0,Vwc2,1.2384663131137534
319924,7,4+,Apba1,1.4870444969990797
319929,0,0,A630076J17Rik,NA
319930,0,0,Ceacam19,1.7337938378763986
319931,14,4+,A330032B11Rik,0.8268594971060765
319934,8,4+,Sbf2,228.92032119493223
319939,0,0,Tns3,1163.158242545479
319940,0,0,Sorbs2os,NA
319942,4,4+,A530016L24Rik,NA
319944,11,4+,Taf2,407.8975382479172
319945,3,3,Flad1,28.138434223315063
319951,0,0,A230001M10Rik,NA
319953,4,4+,Ttll1,53.18354523921427
319955,0,0,Ercc6,51.70889551372527
319960,31,4+,4930513N10Rik,43.431565064987744
319965,0,0,Cc2d1b,62.75592792649586
319970,0,0,B230323A14Rik,NA
319973,14,4+,A630077J23Rik,NA
319974,0,0,Auts2,111.98021111580266
319981,0,0,C530044C16Rik,NA
319982,0,0,5930430L01Rik,1.6070220967961892
319983,0,0,9330111N05Rik,NA
319984,11,4+,Jph4,51.400546740878205
319991,2,2,Kif6,1.1622985028612165
319996,0,0,Golm2,NA
319997,2,2,A630001G21Rik,6.812455091480495
319998,9,4+,Tmem198,21.857086370578852
320007,0,0,Sidt1,NA
320011,0,0,Uggt1,258.47811499579643
320014,0,0,B930025P03Rik,NA
320019,0,0,Ptgs2os,1.3210296795562648
320020,0,0,6330415G19Rik,NA
320021,5,4+,C430042M11Rik,1.165551358695932
320022,0,0,Terb1,6.490605813201814
320024,0,0,Nceh1,108.01873850961871
320026,0,0,A330076H08Rik,NA
320027,0,0,Fstl4,NA
320038,5,4+,Dlx6os1,NA
320040,0,0,Rnf222,NA
320046,0,0,F730043M19Rik,8.9640981815315115
320051,3,3,Exph5,NA
320054,5,4+,9230116N13Rik,2.7517910223191424
320064,0,0,D130017N08Rik,11.534964981623713
320069,0,0,3830432H09Rik,2.6588611738938583
320072,0,0,A830019L24Rik,NA
320078,0,0,Olfml2b,3.7833879274516486
320080,16,4+,Zbtb39,60.330493621656075
320082,1,1,Fbxw21,NA
320083,0,0,Fbxw16,NA
320088,0,0,C030034L19Rik,NA
320091,0,0,Ano4,2.3964517467591024
320092,0,0,E030003E18Rik,NA
320095,0,0,6430550D23Rik,1.178024946267578
320099,0,0,BC106179,NA
320100,0,0,Relt,88.8556347878908
320106,0,0,Slc38a11,NA
320111,0,0,Prr18,3.294725459262221
320116,0,0,Fndc9,NA
320118,9,4+,Fbxl13,NA
320119,0,0,Rps6kc1,104.15473027809404
320127,0,0,Dgki,3.729724053643982
320129,0,0,Grk3,46.3772791200639
320132,4,4+,A230108P19Rik,NA
320135,1,1,BC049715,9.659710195042855
320139,22,4+,Ptpn7,6.512220716229838
320145,0,0,Sp8,19.842089906886503
320148,0,0,Trem6l,NA
320150,0,0,Zdhhc17,60.181653744255655
320152,6,4+,4930412C18Rik,NA
320155,0,0,C730002L08Rik,NA
320158,0,0,Zmat4,13.4733994105386
320159,0,0,Togaram2,NA
320162,0,0,Cep95,35.108523806275045
320163,3,3,4930525G20Rik,1.0745057918296683
320165,0,0,Tacc1,310.1889562047336
320172,7,4+,E230016M11Rik,5.278567692700923
320174,19,4+,A830082K12Rik,NA
320176,0,0,D930032P07Rik,NA
320178,0,0,4921529L05Rik,NA
320181,0,0,Fndc7,NA
320183,0,0,Msrb3,90.94510561204156
320184,8,4+,Lrrc58,643.7075255833415
320191,1,1,Hook3,207.66775955141875
320202,0,0,Lefty2,174.05380819650048
320203,9,4+,Mir9-2hg,NA
320204,0,0,Etfbkmt,26.245281692821862
320207,0,0,Pik3r5,4.459231813367558
320208,5,4+,Tmem91,15.588056343902275
320209,0,0,Ddx11,108.48563448822806
320210,4,4+,A230077H06Rik,NA
320213,0,0,Senp5,124.67995957088507
320214,1,1,Cfap91,NA
320225,0,0,Catsperg1,4.278386695421745
320226,0,0,Ccdc171,2.926552849039799
320229,0,0,9530052C20Rik,0.624469497382849
320234,0,0,Ccdc66,145.13426781455755
320237,0,0,Smim10l2a,49.46526774299866
320244,0,0,Ttll5,45.8288616106106
320249,0,0,D130009I18Rik,NA
320253,0,0,Marchf3,NA
320256,11,4+,Dlec1,2.548151814057067
320265,0,0,Tafa1,2.5094193238584506
320267,0,0,Fubp3,962.7970529341848
320271,0,0,Scai,125.56165064548613
320272,0,0,9330162B11Rik,NA
320273,0,0,B230208H11Rik,11.952604132776894
320277,3,3,Spef2,1.2705251575068577
320292,0,0,Rasgef1b,28.955528292598935
320295,0,0,C920006O11Rik,NA
320297,0,0,A830009L08Rik,NA
320299,0,0,Iqcb1,108.36318874271367
320301,36,4+,E530011L22Rik,8.929417988996853
320302,0,0,Glt28d2,6.717584796541223
320311,0,0,Rnf152,3.4341301444051235
320312,34,4+,A430035B10Rik,1.1363769558738854
320315,0,0,A330048O09Rik,1.5322354483674154
320332,4,4+,H4c16,NA
320333,0,0,D830030K20Rik,NA
320343,0,0,Lypd6,11.27125842220308
320351,2,2,Lyset,NA
320352,5,4+,Lrrc31,10.68571067189248
320354,31,4+,Grin1os,NA
320355,0,0,Lipi,NA
320360,0,0,Ric3,42.52679336376646
320363,0,0,D030045P18Rik,NA
320365,12,4+,Fry,68.22403002374018
320376,0,0,Bcorl1,85.06648572367838
320377,0,0,9330175E14Rik,1.01979474667306
320394,2,2,Cenpt,206.61900099620948
320398,0,0,Lrig3,120.60282959455932
320400,0,0,Gm16897,NA
320404,0,0,Itpkb,58.39470235250921
320405,26,4+,Cadps2,2.9091116077562695
320407,0,0,Klri2,NA
320415,16,4+,Gchfr,103.66165992287026
320429,8,4+,Trank1,53.84856672464816
320435,3,3,Rinl,86.14794843066467
320438,1,1,Alg6,440.12336123040075
320449,0,0,A730004F24Rik,NA
320452,0,0,P4ha3,32.284088077359556
320453,6,4+,Dlx4os,4.11403043421742
320454,1,1,Tmprss11g,NA
320460,0,0,Vwc2l,NA
320463,0,0,F630111L10Rik,NA
320466,0,0,A230103J11Rik,NA
320469,0,0,9930014A18Rik,3.2720426267884153
320472,12,4+,Ppm1e,2.12962009188087
320473,0,0,Heatr5b,243.9442318585417
320478,0,0,Sox2ot,16.169159829815865
320479,5,4+,C330024D21Rik,54.54005897169787
320482,0,0,Nron,NA
320484,0,0,Rasal3,NA
320485,18,4+,B230312C02Rik,6.583242434724236
320486,2,2,A430078I02Rik,1.0309158732072758
320487,0,0,Heatr5a,158.38685452955275
320492,1,1,A830018L16Rik,10.473023968902954
320495,0,0,Ipcef1,NA
320500,20,4+,Tmem215,2.336495603698864
320502,5,4+,Lmod3,NA
320506,17,4+,Lmbrd2,140.50981073285053
320507,0,0,D930015M05Rik,NA
320508,0,0,Cachd1,76.24068386666704
320522,0,0,Bhlha9,NA
320528,1,1,Vps13c,40.998137771329056
320534,10,4+,Tmem104,23.83491838618202
320538,0,0,Ubn2,439.49754548246966
320541,0,0,Slc35e2,245.41235281268345
320549,0,0,Pramel48,NA
320554,0,0,Tcp11l1,28.48823900555235
320557,0,0,Fam169a,669.8014806712289
320558,0,0,Sycp2,10.29073598208992
320560,1,1,Dennd5b,194.36109395892927
320563,17,4+,Islr2,9.262089412897334
320566,0,0,A830029E22Rik,NA
320571,10,4+,Atp8b5,1.400660094789693
320581,0,0,Idi2,NA
320586,0,0,A630089N07Rik,24.525371254849613
320587,6,4+,Tmem278,NA
320590,0,0,Svopl,0.8745004364670887
320593,11,4+,A230051N06Rik,NA
320595,0,0,Phf8,160.31380558281134
320604,0,0,Ccdc169,3.7107334620538217
320606,0,0,3632454L22Rik,NA
320609,26,4+,Strip2,3.100848972009656
320614,0,0,A330033J07Rik,NA
320615,5,4+,Dop1a,63.37498242694845
320624,0,0,4930474G06Rik,NA
320626,10,4+,9230105E05Rik,NA
320631,2,2,Abca15,NA
320632,1,1,Snrnp200,452.5398830730212
320633,0,0,Zbtb26,25.24028863650958
320634,0,0,Ocrl,96.9974143460332
320635,0,0,Cyb5r2,1.8157312018430931
320638,3,3,A730006G06Rik,NA
320640,0,0,Skint4,NA
320655,3,3,Pgap3,21.17340772011418
320661,6,4+,D5Ertd579e,302.3813002038696
320662,0,0,Dnai7,NA
320664,8,4+,Cass4,12.713500085582202
320678,7,4+,Iffo1,31.8903044122448
320679,3,3,Samd12,32.198606761772524
320683,2,2,Zfp629,9.207678954098684
320684,0,0,9630028H03Rik,NA
320685,0,0,Dctd,354.7423667929389
320692,0,0,9430037G07Rik,5.021849816992203
320696,0,0,Ccdc158,7.667860230232908
320700,9,4+,A930033H14Rik,5.970285198148109
320701,5,4+,Tafa4,9.169123331310717
320705,0,0,Bend6,56.922769839480175
320706,0,0,Mtcl2,NA
320707,0,0,Atp2b3,NA
320709,0,0,Tmem117,7.303778322690999
320712,0,0,Abi3bp,1.1858107294954063
320713,0,0,Mysm1,207.47167063981848
320714,0,0,Trappc11,132.41601478808977
320717,22,4+,Pptc7,365.3504132935633
320718,0,0,Slc26a9,12.20028853126692
320719,8,4+,6030443J06Rik,1.2244724320423557
320720,4,4+,Fastkd1,41.39217970595474
320722,0,0,Akain1,NA
320727,2,2,Ipo8,579.5689883541139
320736,0,0,Vstm4,NA
320739,2,2,6530403H02Rik,NA
320742,0,0,A230072C01Rik,3.11704775542084
320747,3,3,Lingo4,NA
320752,0,0,Dpy19l2,NA
320769,0,0,Prdx6b,NA
320770,0,0,A630072M18Rik,16.721148065993834
320772,0,0,Mdga2,NA
320775,0,0,B230319C09Rik,NA
320782,0,0,Tmem154,1.7249692645561057
320784,0,0,C230072F16Rik,NA
320790,32,4+,Chd7,452.575455938913
320795,6,4+,Pkn1,69.82474799305041
320799,0,0,Zhx3,8.278412442909055
320802,0,0,Ifitm10,2.7211458104445976
320805,0,0,C330018A13Rik,5.1734953791513645
320806,0,0,Gfm2,167.49484723966248
320808,10,4+,Dcaf5,165.02339499925262
320816,0,0,Ankrd16,32.98484873532165
320817,22,4+,Atad2b,208.9547462968289
320825,3,3,Samd5,51.7593884251061
320827,0,0,Cracd,NA
320832,0,0,Sirpb1a,NA
320840,0,0,Negr1,NA
320842,4,4+,C230035I16Rik,2.7225898568384506
320844,0,0,Amigo3,1.7455954299346352
320845,0,0,A230056P14Rik,1.4983559905242982
320846,0,0,Gjd2os,NA
320858,0,0,L3mbtl4,NA
320864,0,0,Krt26,NA
320865,0,0,Cdh18,NA
320869,5,4+,Spata33,3.622194402676374
320871,0,0,B230206H07Rik,NA
320872,0,0,Arhgap15os,NA
320873,7,4+,Cdh10,3.135066282409132
320878,0,0,Mical2,37.45743484034884
320879,0,0,B230217O12Rik,4.959629335562974
320893,0,0,6430562O15Rik,NA
320910,0,0,Itgb8,2.24783798598483
320916,0,0,Wscd2,26.219927456869463
320919,0,0,A230107N01Rik,NA
320923,0,0,Map7d3,24.40744278511094
320924,0,0,Ccbe1,5.380346519611844
320938,13,4+,Tnpo3,276.4000076118266
320940,0,0,Atp11c,106.02099318370166
320950,0,0,9330104G04Rik,1.6311177670392378
320951,2,2,Pisd,248.37579484760855
320952,16,4+,A730013G03Rik,NA
320973,0,0,D330023K18Rik,2.106724144837846
320974,0,0,Lrrn4,33.64508778134381
320975,0,0,D330050G23Rik,1.885144939403674
320977,0,0,A330023F24Rik,1.5123501829108654
320981,0,0,Enpp6,NA
320982,9,4+,Arl4c,600.230454268479
320995,0,0,Rfx6,1.6390212229812722
320997,0,0,Cyp4f39,7.881477039577968
321000,0,0,Lrif1,63.72646586555841
321003,0,0,Xpnpep3,175.420803953824
321006,4,4+,Dcaf1,464.11841421924674
321007,0,0,Serac1,11.452897419991988
321008,0,0,Zswim9,11.366906495482848
321014,0,0,4930473A02Rik,NA
321015,0,0,5330439B14Rik,NA
321017,5,4+,9230116L04Rik,1.5465241209707272
321018,0,0,Serpina4-ps1,NA
321019,0,0,Gpr183,NA
321020,0,0,Fpr-rs6,NA
321022,5,4+,Cdv3,8463.81316642936
326618,14,4+,Tpm4,2486.786950824074
326619,0,0,H4c1,NA
326620,0,0,H4c2,NA
326622,23,4+,Upf2,669.1014473910052
326623,0,0,Tnfsf15,NA
327655,0,0,Ppip5k1,17.23080148092472
327743,0,0,Ccn6,NA
327744,0,0,E130307A14Rik,26.643675449234813
327747,3,3,Mettl24,1.4113377841616976
327760,1,1,Gm20611,NA
327762,0,0,Dna2,160.80516657163056
327766,0,0,Tmem26,0.7007241349853581
327768,0,0,A330049N07Rik,NA
327799,9,4+,Usp44,30.636855796726625
327812,0,0,Gm15663,NA
327814,0,0,Ppfia2,NA
327826,0,0,Frs2,277.7305237840873
327860,4,4+,Gm11961,3.8753573494310962
327872,1,1,Gm12018,NA
327900,0,0,Ubtd2,18.609694843916625
327942,15,4+,Pigl,308.1716670427334
327946,2,2,Gm12295,NA
327951,3,3,Cyb5d1,5.196592916876578
327954,27,4+,Dnah2,1.9506158371921551
327956,18,4+,Vmo1,1.5363670085359356
327957,0,0,Scimp,NA
327958,0,0,Pitpnm3,2.3758017542337675
327959,26,4+,Xaf1,103.54834021479252
327963,0,0,Zfp616,NA
327978,0,0,Slfn5,4.568033199599996
327987,2,2,Med13,299.3906999772915
327992,26,4+,Hsf5,8.945678982668886
328019,11,4+,Spata32,NA
328035,7,4+,Fads6,10.061128728299597
328059,0,0,Slc7a15,0.865835636417827
328061,0,0,Gm38407,NA
328075,0,0,C630031E19Rik,NA
328092,0,0,Dtd2,227.79231316148488
328099,0,0,Prps1l3,21.21235275282662
328108,8,4+,Togaram1,253.3603608906814
328110,0,0,Prpf39,228.4918857205589
328133,11,4+,Slc39a9,270.72233331337077
328136,0,0,Gm805,1.0068209720948431
328162,9,4+,Trmt61a,201.6896381256755
328190,0,0,A530046M15Rik,NA
328232,6,4+,Gfod1,21.057252746173084
328234,0,0,Rnf182,26.16201515371732
328235,0,0,Gm5083,NA
328250,0,0,Nutm2,NA
328258,12,4+,Slc25a48,1.8733412765788464
328263,0,0,A530065N20Rik,NA
328274,0,0,Zfp459,111.22228934210578
328287,0,0,Gm20554,1.4403369109898034
328309,3,3,Gm9776,15.407124701796546
328314,0,0,Gm5086,2.317727035096457
328324,2,2,5930438M14Rik,NA
328329,0,0,Mast4,81.62523916377442
328354,0,0,Gm5087,NA
328365,56,4+,Zmiz1,445.16877490629753
328370,7,4+,Rft1,44.98165990094769
328381,0,0,Sh2d4b,16.547074612904378
328385,3,3,D330046F09Rik,NA
328401,2,2,Rnase9,NA
328417,5,4+,Parp4,70.33877999835642
328424,0,0,Kcnrg,1.1127469673537558
328436,3,3,Gm38409,NA
328440,0,0,Npm2,NA
328479,0,0,Gm5089,NA
328489,0,0,Gm2093,6.321192491710062
328505,0,0,Skint7,NA
328531,0,0,9330182O14Rik,NA
328561,0,0,Apol10b,NA
328563,8,4+,Apol11b,NA
328572,24,4+,Ep300,888.8060170182434
328573,0,0,4930407I10Rik,NA
328576,0,0,Gm20556,NA
328577,1,1,7530416G11Rik,NA
328579,0,0,B230214G05Rik,NA
328580,7,4+,Tubgcp6,41.40478010824828
328643,0,0,Vwa5b2,NA
328646,0,0,Gm16863,NA
328657,0,0,Gm1968,NA
328660,0,0,Bex6,2.782456391534992
328695,0,0,Ftdc1,NA
328699,5,4+,Gabrr3,NA
328734,0,0,Pisd-ps2,NA
328747,0,0,Gm5091,5.521181597573231
328759,0,0,Vmn2r95,NA
328766,0,0,Gm5092,NA
328778,0,0,Rab26,2.6724999438182584
328779,23,4+,Hs3st6,1.6748271483690451
328780,6,4+,Prss34,NA
328783,23,4+,Mslnl,1.6566984657857116
328788,29,4+,Clpsl2,NA
328789,10,4+,Lhfpl5,3.2310254515115076
328795,6,4+,Ubash3a,26.988852893210083
328801,0,0,Zfp414,192.16051702842955
328829,9,4+,9830107B12Rik,NA
328830,6,4+,A530064D06Rik,NA
328833,20,4+,Treml2,17.25026545368912
328837,0,0,C330011F03Rik,NA
328845,3,3,Acsbg2,1.3179916577846986
328906,0,0,Gm15328,NA
328918,2,2,Zscan30,NA
328919,7,4+,Gm38410,NA
328949,0,0,Mcc,142.76852322862683
328953,0,0,Gm5095,NA
328957,0,0,9330117O12Rik,NA
328967,2,2,Arhgef37,NA
328968,0,0,Carmn,NA
328971,0,0,Spink10,5.897850086477774
328977,0,0,Zfp532,1492.4153186332378
329002,0,0,Zfp236,46.66615683807959
329003,0,0,Zfp516,199.25489293970944
329015,0,0,Atg2a,396.524961116756
329047,0,0,Gm815,NA
329055,0,0,Lipo1,NA
329056,0,0,A830019P07Rik,NA
329064,0,0,Pkd2l1,5.575588084740505
329065,0,0,Scd4,NA
329078,19,4+,Emx2os,NA
329093,2,2,Cpa6,NA
329096,0,0,Gm17644,NA
329101,0,0,D030040B21Rik,1.0045847417211358
329123,0,0,Gm5099,NA
329152,0,0,Hecw2,32.19485598221974
329154,3,3,Ankrd44,30.1144903189643
329159,0,0,9130227L01Rik,1.4984808325831405
329160,0,0,9130024F11Rik,10.05307786855897
329165,0,0,Abi2,252.44867125264497
329178,0,0,Unc80,1.9496843828179833
329207,0,0,Rbm44,24.789307931378698
329217,0,0,Panct2,34.01200042198151
329244,0,0,Il19,NA
329251,0,0,Ppp1r12b,36.581457087793694
329252,7,4+,Lgr6,19.744836736194213
329253,0,0,Gm15850,NA
329260,0,0,Dennd1b,140.08027448493928
329271,0,0,C230024C17Rik,NA
329274,0,0,Fam163a,1.4103190848057885
329278,0,0,Tnn,2.791523532980118
329324,1,1,Syt14,96.759042888449045
329360,0,0,Rnf224,1.1429603009745084
329366,0,0,Ccdc187,NA
329371,0,0,Dbhos,NA
329375,0,0,Cfap77,52.98015636061718
329384,8,4+,Ptrh1,21.687812957005153
329387,0,0,C230014O12Rik,5.491412838837216
329404,0,0,Gm13497,NA
329416,0,0,Nostrin,4.230099706355017
329421,0,0,Myo3b,5.630457121276301
329427,0,0,Chn1os3,2.036451880488454
329436,0,0,Gm14461,NA
329460,0,0,Or4s2b,NA
329470,0,0,Accs,6.251473102438875
329480,0,0,Wt1os,NA
329483,4,4+,Gm14015,NA
329496,3,3,Gm13986,NA
329502,0,0,Pla2g4e,3.8999402874211615
329504,3,3,Lcmt2,59.05210937435863
329506,17,4+,Ctdspl2,199.45197213117345
329509,1,1,1810024B03Rik,137.95876876425447
329513,0,0,A730036I17Rik,2.974603256956887
329514,0,0,Il1bos,NA
329540,0,0,Nol4l,92.46093948993868
329547,0,0,Bpi,1.7914858709856571
329554,0,0,Gm826,NA
329557,9,4+,Svs3b,NA
329559,8,4+,Zfp335,41.6369654224248
329562,0,0,A530013C23Rik,NA
329575,0,0,Gm14325,NA
329581,0,0,Birc7,5.895217632394432
329584,0,0,Slc2a4rg-ps,NA
329623,0,0,Gm11548,NA
329628,0,0,Fat4,1.1546013939268749
329639,0,0,Gm2447,NA
329641,0,0,Sertm1,2.456971371002099
329650,0,0,Med12l,21.819710469933568
329659,0,0,E130311K13Rik,14.035570154626011
329679,0,0,Fnip2,71.05735085660987
329693,1,1,Fcrl5,NA
329702,25,4+,Dcst2,NA
329716,0,0,BC107364,NA
329727,1,1,Dennd2c,177.70032190478116
329731,0,0,Tafa3,1.3016020921492129
329735,0,0,4933431E20Rik,2.044402825342811
329738,2,2,Aknad1,NA
329739,0,0,Eeig2,NA
329753,0,0,9830132P13Rik,NA
329763,0,0,Gm5105,NA
329777,0,0,Pigk,91.17117357735722
329780,0,0,9330178D15Rik,NA
329782,0,0,4930570G19Rik,NA
329795,14,4+,Tmem67,37.08958309347726
329828,36,4+,Myorg,11.843629641331026
329831,14,4+,Cimip2b,NA
329839,0,0,Gm829,NA
329844,0,0,C630028M04Rik,NA
329851,0,0,Gm12530,NA
329872,0,0,Frem1,1.4154845332736037
329877,22,4+,Dennd4c,53.65173487236381
329908,6,4+,Usp24,138.27144801122358
329909,0,0,Tmem61,NA
329910,14,4+,Acot11,7.099926751659969
329918,0,0,Skint9,NA
329919,0,0,Skint2,NA
329934,0,0,Foxo6,33.63250781159921
329941,0,0,Col8a2,3.1031858182134737
329942,0,0,Csmd2,4.530599373398896
329954,0,0,Catsper4,NA
329970,0,0,Gm13016,1.9724490257360408
329972,16,4+,Spata21,NA
329977,5,4+,Fhad1,NA
329984,0,0,Pramel16,NA
329986,0,0,Pramel20,NA
329993,0,0,Aadacl4fm5,NA
330004,0,0,Gm833,NA
330010,4,4+,Ttll10,NA
330031,0,0,Gm5106,NA
330050,0,0,Fam185a,56.2432638111136
330052,0,0,A930003O13Rik,NA
330064,6,4+,Slc5a6,106.0157334223383
330086,0,0,Gm10440,NA
330096,0,0,Shisa3,6.708535447860634
330097,0,0,Gm5108,NA
330119,0,0,Adamts3,1.6291799428632223
330122,0,0,Cxcl3,NA
330133,0,0,Gm38413,NA
330149,10,4+,Hfm1,6.267544458976987
330164,1,1,C130026L21Rik,NA
330166,0,0,Miat,7.687896618904462
330171,0,0,Kctd10,330.5333999492357
330173,0,0,2610524H06Rik,NA
330177,0,0,Taok3,267.3964769691484
330183,2,2,Gm16063,2.171633035747808
330188,4,4+,Ccdc63,11.338052487563498
330189,1,1,Tmem120b,83.45541035861403
330192,0,0,Vps37b,52.8770724724909
330216,10,4+,Mblac1,11.274580089939796
330217,21,4+,Gal3st4,1.6873106458034275
330222,0,0,Sdk1,1.582198305329432
330228,0,0,Spdye4b,1.6720097849789597
330230,0,0,Zfp853,4.705261225856533
330260,15,4+,Pon2,108.4791889042554
330267,13,4+,Thsd7a,6.474853563180941
330277,0,0,Garin1b,NA
330286,0,0,D630045J12Rik,32.83225024640462
330301,4,4+,Zfp786,3.0570973790415703
330305,2,2,Gm5111,NA
330319,0,0,Wipf3,70.1628511405327
330323,0,0,Mindy4,2.1023053882787694
330324,0,0,6430584L05Rik,NA
330350,0,0,9130221F21Rik,NA
330355,1,1,Dnah6,2.0807529584746063
330361,0,0,Gcfc2,85.77174079047025
330369,14,4+,Fbxo41,13.69952963657374
330379,1,1,Gm839,3.978431007175206
330385,0,0,9530026P05Rik,2.3211056696971295
330390,0,0,Mdfic2,NA
330401,0,0,Tmcc1,219.96540990595088
330406,8,4+,B4galnt3,2.040666564825102
330409,0,0,Cecr2,631.6131202835819
330427,0,0,9330102E08Rik,8.077977666426154
330428,3,3,Tmem52b,NA
330440,1,1,Sult6b2,1.0881854078011537
330450,2,2,Far2,25.496620956217615
330460,1,1,Tmem150b,2.2253657692878654
330463,9,4+,Zfp78,20.678826258730933
330470,0,0,Bsph1,NA
330474,1,1,Zc3h4,638.815278072153
330483,0,0,Ceacam16,4.023125914915388
330485,3,3,Tmem145,11.832948337280904
330490,5,4+,Nlrp9c,1.2834002237557929
330496,20,4+,Ifnl2,NA
330502,0,0,Zfp82,43.284788487108074
330503,2,2,Gm5113,NA
330513,0,0,Gm5114,NA
330554,0,0,Fan1,4.539652962959061
330577,0,0,Saxo2,3.2625028863617542
330578,0,0,A530021J07Rik,NA
330581,0,0,Vmn2r69,NA
330599,0,0,Gm16938,NA
330627,1,1,Trim66,1.1740272279762336
330657,12,4+,Prss53,5.522358194942494
330660,0,0,Btbd16,NA
330662,0,0,Dock1,290.6345399056545
330664,0,0,C230079O03Rik,NA
330671,28,4+,B4galnt4,184.75927417393248
330677,26,4+,Nctc1,NA
330695,3,3,Ctxn1,132.3698872625048
330721,0,0,Nek5,1.7558882854816504
330723,5,4+,Htra4,NA
330734,0,0,B930018H19Rik,NA
330737,3,3,5430403N17Rik,0.8523251170486835
330738,0,0,Gm38414,4.885633798197593
330767,0,0,1190028D05Rik,NA
330788,0,0,Zfp866,84.04130665082633
330790,0,0,Hapln4,29.43338241116825
330812,0,0,Rnf150,NA
330814,2,2,Adgrl1,1613.9102164231538
330817,10,4+,Dhps,187.15582108813635
330820,0,0,4933402J07Rik,NA
330830,16,4+,Drc7,7.908975180510271
330836,11,4+,Slc7a6,138.61741799156388
330850,0,0,Gm38416,NA
330863,0,0,Trim67,21.86780961404596
330890,0,0,Piwil4,8.539383270833818
330902,12,4+,Gm16853,2.718570715253275
330908,0,0,Opcml,NA
330914,5,4+,Arhgap32,39.05926483316565
330917,0,0,Gm27162,NA
330921,0,0,Pate2,4.12064859662291
330938,0,0,Dixdc1,18.7376153999622
330941,0,0,AI593442,7.049661979383132
330951,0,0,Gm16130,NA
330953,0,0,Hcn4,2.6101370397798993
330956,5,4+,Gm5122,NA
330958,3,3,A730043L09Rik,NA
330959,8,4+,Snapc5,97.31514885115344
330962,0,0,Slc51b,0.6289003881431361
330963,0,0,Ankdd1a,NA
330998,3,3,Ankrd34c,NA
331003,0,0,4933400C23Rik,NA
331004,3,3,Slc9a9,1.3109814829782986
331011,0,0,E330023G01Rik,NA
331026,13,4+,Gmppb,78.435548125271
331046,0,0,Tgm4,NA
331063,0,0,Gsdmc2,NA
331188,0,0,Zfp781b,NA
331374,0,0,Dgkk,13.862566900516232
331401,0,0,Thoc2,601.6865347536674
331416,0,0,Gm773,NA
331424,0,0,Cdr1os,0.7129995754465808
331461,0,0,Il1rapl1,NA
331474,2,2,Rtl5,NA
331487,0,0,Uprt,1.7018066442153377
331491,0,0,Fnd3c2,NA
331493,0,0,Gm5127,NA
331524,0,0,Xkrx,5.474380671633249
331529,0,0,Pramel3c,NA
331532,0,0,Tceal5,67.20196346518762
331535,0,0,Serpina7,2.4480955397169426
331537,0,0,Dnaaf6,NA
331547,0,0,A230072E10Rik,1.2089642212191352
331578,0,0,AW822252,NA
331623,0,0,Bend3,56.69554660285725
332110,0,0,Mapk15,14.201183245396356
332131,0,0,Krt78,NA
332175,0,0,Zdhhc23,28.23954940032369
332221,0,0,Zscan10,2505.1735637532247
332309,0,0,Grxcr2,NA
332359,33,4+,Tigd3,4.927095631853451
332396,0,0,Kcnk18,NA
332397,0,0,Nanos1,27.299220466766695
332427,0,0,Lyg2,NA
332578,0,0,Lcn10,NA
332579,11,4+,Card9,2.7214488948341775
332713,7,4+,Fndc11,0.6830054852644166
332923,0,0,Pramel19,NA
332934,0,0,Zmynd12,NA
332937,15,4+,Tfap2e,3.9848452776839065
332942,5,4+,Ldc1,NA
332993,0,0,Gm5129,NA
333048,14,4+,Lhfpl7,NA
333050,4,4+,Ksr2,6.998330761698353
333088,30,4+,Kcp,9.367979863345225
333182,9,4+,Cox6b2,469.4832680699999
333193,5,4+,Proser3,38.29808018357904
333307,0,0,Trim75,NA
333315,0,0,Frem3,NA
333329,4,4+,Cngb1,5.256635104613926
333424,1,1,A4gnt,NA
333433,0,0,Gpd1l,159.25662645053737
333452,0,0,H2al1o,NA
333467,0,0,Tcstv5a,NA
333564,0,0,Fndc3c1,95.28011025801364
333588,0,0,Gm15104,NA
333605,0,0,Frmpd4,NA
333639,0,0,Mamld1,2.6810094996788125
333654,8,4+,Ppp1r13l,361.651802997004
333669,17,4+,Gm5134,24.096562500117525
333670,0,0,Gm867,1.107196959922173
333715,0,0,H2-M10.2,NA
333789,0,0,N4bp2,1762.553228465457
333883,2,2,Cd59b,7.515540303735275
337924,0,0,Cyp3a44,NA
338320,0,0,Mia2,294.83198229571457
338337,0,0,Cog3,58.5318504426143
338346,0,0,Gpr21,1.552254350065043
338348,8,4+,Ttc16,1.1188034445327677
338349,0,0,Cntln,9.008921204665429
338350,6,4+,Acad12,15.217913225001633
338351,0,0,Akap17b,94.90516618709388
338352,0,0,Nell1,4.346019478554638
338354,4,4+,Zfp780b,40.49685299009314
338355,0,0,Fkbp15,46.856587109249766
338359,0,0,Supv3l1,234.98930971588703
338360,10,4+,B430212C06Rik,NA
338362,0,0,Ust,23.34550421735745
338363,6,4+,Tmem241,6.171486348756284
338364,12,4+,Trim65,1.3613003690005627
338365,0,0,Slc41a2,3.702903623603769
338366,0,0,Mia3,1036.8514747380937
338367,10,4+,Myo1d,9.210799045580318
338368,6,4+,Pheta2,3.6830568228733727
338369,0,0,Tmem220,33.840087159618285
338370,0,0,Nalcn,1.5857912812119297
338371,8,4+,Endov,114.57503226119564
338372,0,0,Map3k9,40.54679733603832
338374,0,0,Ifnl3,NA
338375,0,0,Atp6v1g3,NA
338403,15,4+,Cndp1,1.625123171520988
338417,21,4+,Scgb1c1,NA
338467,0,0,Morc3,651.342554266849
338521,0,0,Fa2h,NA
338523,0,0,Kdm7a,71.39640924952171
338535,0,0,E030013I19Rik,0.8677392250150492
347708,2,2,Dppa1,NA
347710,0,0,Pramel4,NA
347711,0,0,Pramel6,11.64185554198201
347712,0,0,Pramel7,9.51861884710326
347722,8,4+,Agap1,279.57791649067417
347740,0,0,Norad,NA
352968,17,4+,D830050J10Rik,3.1904702902002837
353025,0,0,Caps2,4.551907300708558
353047,0,0,Plekhm1,211.35991745978205
353109,0,0,Scgb2b23-ps,NA
353123,0,0,A830036E02Rik,NA
353130,6,4+,Prss33,2.0544230814263296
353148,0,0,Tas2r139,NA
353155,12,4+,Gjd3,NA
353156,0,0,Egfl7,48.43316200660312
353165,0,0,Tas2r136,NA
353166,0,0,Tas2r117,NA
353167,0,0,Tas2r123,NA
353169,0,0,Slc2a12,44.52896910516926
353170,0,0,Txlng,523.839840382227
353172,0,0,Gars1,NA
353187,0,0,Nr1d2,427.2913720179194
353188,0,0,Adam32,NA
353190,3,3,Edc3,196.2334547192985
353204,0,0,Aldoart1,8.970054418970552
353208,0,0,Zfp931,25.73283416295593
353211,0,0,Prune2,104.78879692539375
353234,0,0,Pcdha2,NA
353235,0,0,Pcdha8,NA
353236,0,0,Pcdhac1,NA
353237,13,4+,Pcdhac2,NA
353242,0,0,Mrpl21,637.4120631793919
353258,0,0,Ltv1,736.1594912609891
353282,8,4+,Sfmbt2,226.64030748731307
353283,0,0,Eras,342.15340838861033
353287,4,4+,Clec18a,NA
353310,0,0,Zfp703,28.279230178266253
353320,0,0,Defb37,NA
353325,0,0,Tas2r115,NA
353326,0,0,Rtl1,NA
353328,5,4+,Muc6,NA
353342,0,0,Peg13,4.627751538233281
353344,0,0,Opn5,NA
353346,0,0,Gpr141,NA
353371,8,4+,Oxct2b,3.5602463377804345
353373,0,0,Rnu11,NA
353374,3,3,Snord61,NA
353499,5,4+,Tmc4,22.53798932007483
353502,0,0,Hcfc1r1,358.85479770374627
353504,0,0,Dio3os,NA
360013,20,4+,Myo18a,170.6512068748785
360198,0,0,H3c1,NA
360211,0,0,Defb34,NA
360212,0,0,Defb38,NA
360213,40,4+,Trim46,56.88594520427277
360214,0,0,Defb39,NA
360216,0,0,Zranb1,412.60239993323745
360217,0,0,Defb40,NA
360220,0,0,Speer4d,NA
368202,0,0,Prss48,NA
368203,0,0,Brcc3dc,NA
368204,0,0,Khdc1a,1.1103175925607345
373852,1,1,4833422C13Rik,NA
373864,0,0,Col27a1,72.69123826216632
378425,13,4+,Nlrp12,7.435246902786096
378430,4,4+,Nanos2,NA
378431,0,0,Txlnb,1.7774146478255584
378435,4,4+,Mafa,45.21577714382437
378460,0,0,Pram1,NA
378462,8,4+,Morn2,29.021868133256095
378466,0,0,Gm10033,NA
378472,2,2,Vaultrc5,NA
378700,0,0,Bpifb3,NA
378702,0,0,Serf2,3866.6188472832873
378775,0,0,Pcsk2os2,NA
378776,0,0,Pcsk2os1,2.592899940197116
378937,6,4+,Lrrc24,NA
378954,0,0,3000002C10Rik,NA
379043,0,0,Raet1e,19.56797575164789
380601,0,0,Fastkd5,96.09906261468456
380608,0,0,Tagap1,6.4712565380370934
380614,0,0,Intu,38.34688987121965
380629,0,0,Heca,160.66976659455423
380654,1,1,Cfap54,0.7252672346739184
380660,2,2,Acss3,1.5843661556524369
380664,0,0,Lemd3,58.3985678047327
380669,0,0,Lin28b,106.85861378274942
380674,0,0,Rdh18-ps,NA
380683,0,0,Sec14l3,NA
380684,0,0,Nefh,396.2173449119979
380686,0,0,Cnrip1,1.9634460202291557
380694,0,0,Ccnjl,54.7720200971052
380698,12,4+,Obscn,NA
380701,5,4+,Slc47a2,5.384312553715552
380702,0,0,Shisa6,13.967762522476956
380705,12,4+,Tmem102,6.683011109803286
380709,0,0,Spata22,NA
380711,4,4+,Rap1gap2,26.623638729171876
380712,20,4+,Tlcd2,6.462237138344652
380713,28,4+,Scarf1,7.803838257919236
380714,0,0,Rph3al,20.30844980561038
380718,0,0,Mks1,25.311228005749495
380728,0,0,Kcnh4,5.6320513268781935
380730,3,3,Lrrc37,NA
380732,0,0,Milr1,NA
380752,17,4+,Eipr1,174.15217263906175
380753,0,0,Atxn7l1,91.06884459063762
380755,0,0,Lsmem1,NA
380765,4,4+,D830013O20Rik,NA
380768,0,0,Ccdc177,1.9218522740285684
380773,0,0,Slirp,1589.083464418361
380780,14,4+,Serpina11,NA
380785,0,0,Begain,12.782706289564784
380787,9,4+,Lbhd2,NA
380836,1,1,Mrs2,42.686429615684325
380839,0,0,Serpinb1c,NA
380840,0,0,Lyrm4,101.23640773294927
380842,0,0,Stmnd1,NA
380845,1,1,Gm904,NA
380850,0,0,Gm5141,12.837094554770497
380855,0,0,Rsl1,32.45909245352088
380863,0,0,Tmem171,3.961264799461119
380878,0,0,Tcstv7a,NA
380882,0,0,Spata31e3,NA
380907,1,1,Gm5142,NA
380912,0,0,Zfp395,92.14686759974298
380916,0,0,Lrch1,66.93666124319427
380918,0,0,Siah3,NA
380920,0,0,Gm1587,NA
380921,0,0,Dgkh,192.25756777830787
380924,0,0,Olfm4,1.117199783068787
380928,0,0,Lmo7,94.24410160860418
380930,0,0,9330188P03Rik,NA
380934,0,0,AA536875,NA
380959,0,0,Alg10,NA
380967,0,0,Tmem106c,146.40844792013974
380969,9,4+,Nckap5l,137.4547847414971
380975,0,0,Higd1c,NA
380977,48,4+,A330009N23Rik,2.968674849661429
380993,0,0,Zfat,16.54855873151349
380997,0,0,Cyp2d12,NA
381002,28,4+,Gm5144,NA
381022,13,4+,Kmt2d,573.7451746427676
381033,19,4+,Gm1600,1.0593091000466426
381038,8,4+,Parl,1012.2950962154983
381043,0,0,Smbd1,NA
381045,0,0,Mix23,NA
381058,0,0,Unc93a,NA
381062,5,4+,Ermard,66.02954059813443
381066,0,0,Zfp948,21.3365454692116
381067,0,0,Zfp229,294.8078386699615
381072,9,4+,Abca17,NA
381073,10,4+,Npw,6.612187566608978
381077,8,4+,Ccdc78,0.6279094012094947
381085,9,4+,Tbc1d22b,116.40342482307018
381091,0,0,H2-Eb2,0.9087994780177148
381101,3,3,Dnph1,311.18506311740316
381104,0,0,Prickle4,NA
381107,0,0,Tmem232,NA
381110,0,0,Rmdn2,12.831846122200435
381112,1,1,Arhgef33,NA
381113,0,0,Cdkl4,3.491076444809557
381122,1,1,Capn13,NA
381126,0,0,Garem1,23.704169491408297
381142,0,0,Arl14epl,295.2190151817961
381148,4,4+,Prob1,2.827302880080561
381157,20,4+,Greb1l,50.658413889518926
381175,1,1,Ccdc68,13.571059560131754
381196,0,0,Top6bl,NA
381199,4,4+,Tmem151a,35.690515189969496
381201,13,4+,Ap5b1,10.700562119022225
381203,6,4+,Slc22a20,NA
381204,14,4+,Naaladl1,1.9311945606255616
381217,0,0,Entrep1,NA
381218,6,4+,Spata6l,NA
381223,0,0,E030044B06Rik,6.178040888326978
381229,0,0,Cfap58,NA
381232,7,4+,Mirt1,4.156086367721549
381236,0,0,Lipo3,80.25289045598936
381246,2,2,Xkr9,NA
381259,0,0,Tmem237,102.48466997874874
381260,0,0,Gm973,5.3856957762741535
381269,10,4+,Mreg,627.9935068113439
381270,0,0,Marchf4,NA
381272,10,4+,A630095N17Rik,0.642547151376104
381280,0,0,Hjurp,1577.5381693016925
381284,0,0,Crocc2,6.122377392692978
381286,0,0,Serpinb3c,NA
381287,0,0,Sp140l1,NA
381290,0,0,Atp2b4,59.46293819027142
381293,3,3,Kif14,246.07082220927367
381305,0,0,Rc3h1,342.4332213932299
381306,0,0,Firrm,NA
381308,0,0,Ifi211,NA
381310,0,0,Stum,0.5556316678328661
381314,0,0,Iars2,100.50168726433168
381318,0,0,Nsl1,84.5892814193239
381319,9,4+,Batf3,4.492502891106923
381334,0,0,Gal3st2,NA
381337,0,0,Fam178b,25.728373881288036
381338,7,4+,Lonrf2,10.639414003402797
381339,0,0,Tmem182,NA
381347,30,4+,Gata3os,NA
381350,16,4+,Spag6,NA
381352,3,3,Mamdc4,5.593118441052146
381353,2,2,Ajm1,2.5073174211682563
381356,7,4+,Cacfd1,115.23270661363674
381359,13,4+,Prdm12,1.4089132113131582
381371,0,0,Platr26,81.72661486437069
381373,0,0,Sp9,2.885365867201561
381375,0,0,Pjvk,NA
381379,0,0,Med19,862.2021442096689
381384,0,0,A530006G24Rik,NA
381393,3,3,4921509C19Rik,NA
381399,0,0,Bpifb4,1.3792809493709763
381404,5,4+,Pabpc1l,8.35601626332273
381405,7,4+,Zfp663,NA
381406,1,1,Trp53rka,76.75579046420484
381409,0,0,Cdh26,0.8988754385370074
381410,0,0,Zfp408,61.88603784710516
381411,1,1,Accsl,51.1977628634309
381413,9,4+,Gpr176,NA
381417,7,4+,Slc28a2b,NA
381418,0,0,Ctxn2,NA
381438,6,4+,Gm5148,12.533235859170116
381452,2,2,Gm1647,NA
381457,0,0,Crnn,NA
381463,3,3,Nr1h5,NA
381476,0,0,Stpg2,NA
381484,0,0,Gm5150,NA
381485,0,0,Trim55,NA
381489,0,0,Rxfp1,NA
381493,0,0,S100a7a,2.246278403317102
381498,0,0,4930592C13Rik,1.4286617541160065
381510,16,4+,Dpy19l4,139.93049033197855
381511,24,4+,Pdp1,65.8790311645746
381522,3,3,Ccdc180,NA
381524,19,4+,Mexis,NA
381530,0,0,Mup20,NA
381531,4,4+,Mup21,NA
381534,0,0,Ube2u,NA
381536,0,0,Prame62,NA
381538,3,3,Mroh7,1.3542914626439346
381544,0,0,Armh1,NA
381546,15,4+,Ccdc24,NA
381549,0,0,Zfp69,18.477545998801244
381560,6,4+,Xkr8,46.71373394022819
381569,0,0,Pramel26,NA
381570,2,2,Oog2,NA
381572,3,3,Aadacl4fm1,NA
381580,21,4+,Ccdc27,NA
381582,4,4+,Tmem240,NA
381590,0,0,Pramel32,NA
381591,3,3,L1td1,1174.853954101987
381598,0,0,2610005L07Rik,NA
381605,18,4+,Tbc1d2,17.73602690146911
381622,0,0,5031410I06Rik,NA
381626,0,0,Rbm33,174.46883918754375
381628,2,2,Adgrf3,0.7029403129531733
381629,11,4+,Atraid,152.55144448642938
381633,7,4+,Nicol1,NA
381634,5,4+,Gm1043,NA
381644,0,0,Cep135,81.22331868011749
381650,0,0,Thap6,NA
381651,0,0,Odaph,NA
381654,0,0,Pramel34,NA
381667,0,0,Lrcol1,2.3395766486676584
381668,0,0,Fbrsl1,479.8166580396316
381673,0,0,A330070K13Rik,NA
381677,7,4+,Vgf,819.9802269407185
381678,19,4+,Zcwpw1,49.3373794996748
381680,6,4+,Nxpe5,NA
381686,0,0,Kpna7,3.279495935117406
381693,0,0,Wdr95,2.2071960053219124
381694,0,0,B3glct,50.498380774613615
381695,0,0,N4bp2l2,414.1336386424888
381707,14,4+,1700069L16Rik,NA
381714,0,0,Gm9758,NA
381715,0,0,Speer4c2,NA
381716,0,0,Pttg1ip2,NA
381738,0,0,Drc1,1.3730091475763104
381741,2,2,Lrrc43,NA
381759,0,0,Wee2,NA
381760,0,0,Ssbp1,978.9070343139796
381785,0,0,Gm1070,NA
381792,0,0,2310040G24Rik,16.744939774129243
381798,0,0,4930590J08Rik,4.09199369065734
381801,0,0,Tatdn2,90.21175665759564
381802,0,0,Tsen2,105.70664778257084
381806,0,0,Mug7-ps,NA
381809,0,0,Clec4b2,NA
381810,20,4+,Lpar5,NA
381812,10,4+,Cracr2a,NA
381813,0,0,Prmt8,21.691031815181777
381816,0,0,Clec2m,NA
381819,0,0,A630073D07Rik,NA
381820,0,0,Smim10l1,110.58024002930073
381822,0,0,Lockd,14.702035219835247
381823,0,0,Apold1,6.985215650805593
381827,0,0,1700073E17Rik,NA
381832,0,0,Prb1b,NA
381833,0,0,Prb1a,NA
381835,0,0,Sbk3,NA
381836,15,4+,Sbk2,4.845242183518587
381838,0,0,Vmn2r43,NA
381845,6,4+,Rnf225,24.24239523543021
381853,6,4+,Gipr,3.788875633535912
381867,12,4+,Ovol3,NA
381884,8,4+,Slc6a16,14.279451124532414
381903,0,0,Alg8,100.8169860724928
381914,27,4+,B230311B06Rik,4.027537549429293
381917,0,0,Dnah3,NA
381921,0,0,Taok2,323.49316584536393
381922,25,4+,Cdiptos,5.719149231254634
381924,0,0,Itgad,NA
381925,4,4+,Plpp4,NA
381933,0,0,Spef1l,NA
381944,0,0,Usp17lb,3.547090643706151
381967,5,4+,Gm26705,1.4801678860717635
381970,3,3,Scgb2b2,NA
381974,6,4+,Mrgprg,NA
381979,20,4+,Brsk1,89.86164575837344
381983,0,0,Lmtk3,61.30747947410525
381990,11,4+,Zbtb2,213.93318490344015
381994,2,2,E030018B13Rik,NA
382000,0,0,Defa39,NA
382007,1,1,Adam26b,NA
382010,0,0,Cep44,33.769886118118514
382014,0,0,Ano8,84.11412999261094
382018,0,0,Unc13a,18.607846900748275
382019,5,4+,Zfp882,9.225412518051066
382030,0,0,Cnep1r1,353.6225536309791
382034,0,0,Gse1,496.9633984630674
382035,7,4+,Pabpn1l,NA
382036,8,4+,A530010L16Rik,NA
382038,4,4+,Urb2,154.3839807122924
382044,0,0,Ces1b,NA
382045,0,0,Adgrg5,NA
382051,0,0,Pdp2,168.75229597873005
382053,6,4+,Ces3a,NA
382056,0,0,Crtc1,35.21571657044012
382059,0,0,Defa22,NA
382062,17,4+,AB124611,1.2058514622064949
382064,4,4+,Gm1110,2.1529970935260274
382066,3,3,Prdm10,32.63566090277204
382073,7,4+,Cenatac,NA
382074,0,0,Foxr1,8.340191754731343
382075,8,4+,Cimap1c,NA
382077,3,3,Ccdc33,1.2696534329264224
382083,5,4+,Snx22,8.307130267354115
382088,0,0,Omt2b,NA
382089,0,0,Ripply2,NA
382090,0,0,Cep162,52.281931940796945
382097,10,4+,Gm1123,5.9162768940839205
382105,0,0,Fbxw15,NA
382106,0,0,Fbxw24,NA
382109,0,0,Fbxw26,NA
382111,0,0,Susd5,0.8423769566859739
382113,0,0,Slc22a14,NA
382117,0,0,Tcaim,40.72713681146046
382118,0,0,Zkscan7,6.176636251277206
382137,11,4+,Fdxacb1,81.71481545873503
382139,0,0,Gm1715,NA
382156,0,0,Fbxw22,NA
382206,0,0,Ssxb13,NA
382207,0,0,Jade3,497.9477376410797
382209,0,0,Rhox3a,NA
382221,0,0,Pasd1,NA
382231,0,0,8030474K03Rik,42.91429540893101
382233,0,0,Gm5166,NA
382236,0,0,Brwd3,202.6511754589438
382239,0,0,Cpxcr1,NA
382243,3,3,Gm10439,NA
382244,0,0,Gm15091,NA
382245,0,0,Vcf2,NA
382252,0,0,Bclaf3,383.2439424096287
382253,0,0,Cdkl5,40.35934329894934
382255,0,0,Gm1720,NA
382275,0,0,Gm5168,NA
382277,0,0,Gm5169,NA
382282,0,0,Rhox12,0.6091670395628639
382348,0,0,Taar8b,NA
382384,6,4+,Cimap1d,NA
382406,0,0,Poc1b,108.03730732218584
382421,0,0,Gm5176,NA
382423,0,0,Atxn7l3b,1395.89678650952
382427,8,4+,Best3,NA
382450,0,0,Gm5177,NA
382522,0,0,H2bc26,NA
382523,1,1,H3f4,NA
382543,0,0,Ankfn1,NA
382551,0,0,Cd300ld3,NA
382562,9,4+,Pfn4,2.822667886693833
382571,0,0,Kcnf1,5.161695073956273
382620,0,0,Tmed8,234.22443988015937
382639,1,1,Zbtb42,14.85246971921486
382793,0,0,Mtx3,32.65510222454968
382864,0,0,Colq,1.2626827469244366
382867,1,1,Zfp488,NA
382913,0,0,Neil2,38.980667491282986
382985,18,4+,Rrm2b,40.27428866806817
383075,0,0,Enthd1,NA
383103,22,4+,Tvp23a,3.4431764646511587
383243,0,0,Or14j7,NA
383258,0,0,Vmn2r118,NA
383295,0,0,Ypel5,244.72428492497644
383348,0,0,Kctd16,17.889747794003565
383491,8,4+,Prdm14,61.80976912306298
383548,0,0,Serpinb3b,NA
383563,0,0,Gpr25,NA
383592,0,0,Kif28,NA
383619,0,0,Aim2,28.84815327001868
383678,13,4+,Obp2b,NA
383709,0,0,Gm1322,NA
383766,0,0,Tldc2,NA
383787,0,0,Ankrd63,NA
384009,26,4+,Glipr2,806.2841886078747
384059,0,0,Tlr12,NA
384061,19,4+,Fndc5,38.244829749005426
384071,0,0,Slc25a34,3.1785416231104477
384077,0,0,Pramel5,NA
384185,6,4+,Arl9,0.7335957288912012
384198,0,0,Fam47e,NA
384214,0,0,Ephx4,2.4281967716844632
384219,0,0,Vmn2r11,NA
384220,0,0,Vmn2r16,NA
384221,0,0,Vmn2r17,NA
384244,0,0,Foxl3,NA
384281,9,4+,Gatc,162.39703405132158
384309,12,4+,Trim56,31.415759017928924
384452,0,0,Noto,NA
384522,0,0,Vmn1r55,NA
384534,0,0,Vmn2r52,NA
384557,0,0,Ceacam3,NA
384569,9,4+,Nova2,47.942319142949
384572,0,0,Vmn1r177,NA
384585,0,0,Scgb1b3,NA
384589,0,0,Scgb1b29,NA
384605,0,0,Wdr88,NA
384619,15,4+,Kash5,NA
384639,0,0,Gm5334,NA
384695,0,0,Vmn1r123,NA
384696,0,0,Vmn1r119,NA
384701,0,0,Usp17ld,NA
384703,0,0,Or52e18,NA
384724,0,0,Cyp2t4,1.5558477976125815
384732,0,0,Or2d2b,NA
384763,13,4+,Zfp667,44.45649703472786
384775,0,0,1700003H04Rik,NA
384783,1,1,Irs2,310.14557999767595
384806,0,0,Adam20,NA
384813,0,0,Adam34l,NA
384864,0,0,Gm1943,NA
384997,0,0,Pglyrp4,NA
385138,0,0,BC061237,NA
385263,1,1,Gm1527,NA
385312,0,0,Ssxb10,NA
385317,0,0,H2al3,NA
385328,0,0,H2al1n,NA
385338,0,0,Ssxa1,NA
385343,0,0,Rhox1,1.1751808274722244
385354,0,0,Frmd7,NA
385377,0,0,Pnma5,1079.3874187729682
385380,0,0,Tex28,NA
385493,0,0,AU015836,324.97713450021774
385643,0,0,Kng2,NA
385658,14,4+,Nxpe3,56.15806564405708
385668,0,0,Lca5l,4.4430880260127195
385674,15,4+,Zfp174,5.080893750392588
386454,0,0,Rnf39,9.449661877996288
386463,0,0,Cdsn,34.07712940413953
386611,0,0,Rnf133,NA
386612,0,0,Thoc6,203.13364769652512
386649,0,0,Nsfl1c,793.9970301243181
386655,18,4+,Eid2,174.79565624134065
386750,0,0,Slitrk3,NA
386753,0,0,Dbpht2,NA
387131,0,0,Ssxb9,NA
387132,0,0,Ssxb2,NA
387133,0,0,Mir9-1,NA
387134,0,0,Mir16-1,NA
387135,0,0,Mir18,NA
387136,7,4+,Mir1a-1,NA
387139,0,0,Mir20a,NA
387140,0,0,Mir21a,NA
387141,30,4+,Mir22,NA
387142,4,4+,Mir24-1,NA
387143,0,0,Mir101a,NA
387144,0,0,Mir10b,NA
387145,0,0,Mir126a,NA
387146,0,0,Mir127,NA
387147,0,0,Mir128-1,NA
387149,0,0,Mir130a,NA
387150,14,4+,Mir132,NA
387151,0,0,Mir133a-1,NA
387152,0,0,Mir134,NA
387153,0,0,Mir135a-1,NA
387154,0,0,Mir136,NA
387155,0,0,Mir137,NA
387156,0,0,Mir138-1,NA
387157,3,3,Mir139,NA
387158,0,0,Mir140,NA
387159,24,4+,Mir141,NA
387160,0,0,Mir142,NA
387161,0,0,Mir143,NA
387162,12,4+,Mir144,NA
387163,0,0,Mir145a,NA
387164,6,4+,Mir146,NA
387165,2,2,Mir147,NA
387166,0,0,Mir148a,NA
387167,9,4+,Mir149,NA
387168,7,4+,Mir150,NA
387169,0,0,Mir151,NA
387170,1,1,Mir152,NA
387171,0,0,Mir153,NA
387172,0,0,Mir154,NA
387173,0,0,Mir155,NA
387174,0,0,Mir15a,NA
387175,0,0,Mir15b,NA
387176,0,0,Mir181a-2,NA
387177,14,4+,Mir182,NA
387178,11,4+,Mir183,NA
387179,1,1,Mir184,NA
387180,3,3,Mir185,NA
387181,0,0,Mir186,NA
387182,3,3,Mir187,NA
387183,0,0,Mir188,NA
387185,3,3,Mir190a,NA
387186,22,4+,Mir191,NA
387187,0,0,Mir192,NA
387188,0,0,Mir193a,NA
387189,0,0,Mir194-1,NA
387190,0,0,Mir195a,NA
387191,6,4+,Mir196a-1,NA
387194,4,4+,Mir199a-1,NA
387195,0,0,Mir19b-2,NA
387197,0,0,Mir201,NA
387198,0,0,Mir202,NA
387199,20,4+,Mir203,NA
387200,0,0,Mir204,NA
387201,0,0,Mir205,NA
387202,0,0,Mir206,NA
387203,23,4+,Mir207,NA
387204,21,4+,Mir208a,NA
387206,0,0,Mir210,NA
387207,0,0,Mir211,NA
387208,14,4+,Mir212,NA
387210,0,0,Mir214,NA
387211,0,0,Mir215,NA
387212,1,1,Mir216a,NA
387213,2,2,Mir217,NA
387216,0,0,Mir23a,NA
387217,4,4+,Mir23b,NA
387218,0,0,Mir26a-1,NA
387219,17,4+,Mir26b,NA
387220,0,0,Mir27a,NA
387221,4,4+,Mir27b,NA
387222,0,0,Mir29a,NA
387223,0,0,Mir29b-1,NA
387224,0,0,Mir29c,NA
387225,0,0,Mir30a,NA
387226,0,0,Mir30b,NA
387227,0,0,Mir30c-1,NA
387228,0,0,Mir30d,NA
387229,0,0,Mir99a,NA
387230,0,0,Mir99b,NA
387231,0,0,Mir122,NA
387233,0,0,Mir124a-1,NA
387235,0,0,Mir125a,NA
387236,0,0,Mir125b-1,NA
387237,20,4+,Mir129-1,NA
387239,0,0,Mir199b,NA
387242,19,4+,Mir200a,NA
387243,15,4+,Mir200b,NA
387244,0,0,Mirlet7a-1,NA
387245,19,4+,Mirlet7b,NA
387246,0,0,Mirlet7c-1,NA
387247,0,0,Mirlet7d,NA
387248,0,0,Mirlet7e,NA
387249,0,0,Mirlet7g,NA
387251,0,0,Mirlet7i,NA
387252,0,0,Mirlet7f-1,NA
387253,0,0,Mirlet7f-2,NA
387285,0,0,Hcrtr2,0.5736793832908025
387314,0,0,Tmtc1,16.305335645389047
387334,0,0,Defb50,NA
387339,0,0,Tas2r102,NA
387340,0,0,Tas2r104,NA
387341,0,0,Tas2r106,NA
387342,0,0,Tas2r107,NA
387343,0,0,Tas2r109,NA
387344,0,0,Tas2r110,NA
387345,0,0,Tas2r113,NA
387346,0,0,Tas2r114,NA
387347,0,0,Tas2r118,NA
387348,0,0,Tas2r120,NA
387349,0,0,Tas2r121,NA
387351,0,0,Tas2r124,NA
387352,0,0,Tas2r125,NA
387353,0,0,Tas2r126,NA
387354,0,0,Tas2r129,NA
387355,0,0,Tas2r130,NA
387356,0,0,Tas2r131,NA
387510,0,0,Ifnk,NA
387511,0,0,Tas2r134,NA
387512,0,0,Tas2r135,NA
387513,0,0,Tas2r138,NA
387514,0,0,Tas2r143,NA
387515,0,0,Tas2r144,NA
387524,0,0,Znrf2,266.97087883783524
387564,0,0,Sval3,NA
387565,0,0,Cd300c,NA
387586,0,0,Ssxb5,NA
387609,0,0,Zhx2,11.249620342670712
387616,0,0,Tas2r140,NA
393082,1,1,Tmt1a2,NA
394252,0,0,Serpinb3d,NA
394430,6,4+,Ugt1a10,NA
394432,0,0,Ugt1a7c,NA
394433,0,0,Ugt1a5,NA
394434,0,0,Ugt1a9,NA
394435,0,0,Ugt1a6b,NA
394436,0,0,Ugt1a1,NA
396184,4,4+,Flrt1,2.799370321986
399101,6,4+,Snhg3,2638.4198237416836
399510,0,0,Map4k5,330.7017197179762
399548,0,0,Scn4b,NA
399549,0,0,H2-M10.6,NA
399558,0,0,Flrt2,10.391710010925078
399566,14,4+,Btbd6,88.85618604235168
399568,0,0,Cdin1,NA
399570,0,0,Kank4os,5.722257958586219
399591,0,0,Tmsb15l,NA
399599,0,0,Ccdc87,3.745455808901125
399603,0,0,Lratd2,132.65355761510386
399609,1,1,C130046K22Rik,NA
399626,0,0,C330024C12Rik,NA
399673,0,0,Tdpoz2,NA
399674,0,0,Tdpoz3,NA
399675,0,0,Tdpoz4,NA
399676,0,0,Tdpoz5,NA
402728,0,0,Pax6os1,NA
402734,0,0,C730036E19Rik,NA
402757,6,4+,9830166K06Rik,NA
402767,0,0,A830052D11Rik,NA
402773,4,4+,D030018L15Rik,3.90967831417442
402774,0,0,D030025E07Rik,NA
403088,0,0,Tcaf3,NA
403171,2,2,Banf2,NA
403172,9,4+,Defb21,NA
403174,0,0,Msantd1,1.933676468987256
403175,0,0,Tigd4,NA
403178,0,0,Plcxd1,7.20642164766974
403180,0,0,Ccdc121rt1,NA
403183,0,0,Mettl21e,NA
403185,0,0,Cfap97d2,NA
403187,3,3,Opa3,98.82016231684344
403200,0,0,Lypd9,NA
403201,0,0,5330416C01Rik,NA
403202,10,4+,A430093F15Rik,NA
403205,0,0,Agr3,NA
403395,0,0,Clec3a,NA
404194,0,0,Gfral,NA
404195,0,0,Cyp2c54,NA
404222,0,0,Or6k6,NA
404238,0,0,Mrgprb3,NA
404239,0,0,Mrgprb5,NA
404240,0,0,Mrgprb8,NA
404242,0,0,Mrgprx1,NA
404284,0,0,Vmn1r59,NA
404285,0,0,Vmn1r64,NA
404286,0,0,Vmn1r179,NA
404288,2,2,V1rd18,NA
404289,1,1,Vmn1r181,NA
404291,0,0,Vmn1r174,NA
404308,0,0,Or10al2,NA
404309,0,0,Or5h24-ps1,NA
404310,0,0,Or5ac17,NA
404311,0,0,Or5ac25,NA
404314,0,0,Olfr257,NA
404315,9,4+,Or2z8,NA
404316,0,0,Or1a1,NA
404317,0,0,Or52j3,NA
404318,0,0,Or56a3b,NA
404319,0,0,Or6s1,NA
404321,0,0,Or6c206,NA
404322,1,1,Or8d2,NA
404323,0,0,Or5al6,NA
404324,0,0,Or8k20,NA
404325,0,0,Or8j3b,NA
404327,0,0,Or10ag52,NA
404328,0,0,Or10ag56,NA
404329,0,0,Or5d43,NA
404330,0,0,Or4p23,NA
404331,0,0,Or4a79,NA
404335,0,0,Or2b7,NA
404336,0,0,Or2y10,NA
404337,7,4+,Or2y13,NA
404339,0,0,Or5b121,NA
404346,0,0,Or2w3,NA
404473,0,0,Or8k35,NA
404545,15,4+,Ano7,1.9188796377839312
404549,0,0,Ifna14,NA
404634,0,0,Macroh2a2,NA
404710,2,2,Iqgap3,786.6794637225788
406176,0,0,Or8a1,NA
406186,0,0,Or4b13,NA
406217,0,0,Bex4,1099.072844248179
406218,5,4+,Panx2,NA
406219,4,4+,Krt87,NA
406220,0,0,Krt77,NA
406221,0,0,Krt40,NA
406222,2,2,Krt74,NA
406223,0,0,Gm5414,NA
407243,0,0,Peds1,NA
407785,0,0,Ndufs6,950.5776177587676
407786,0,0,Taf9b,12.900379019876093
407788,0,0,Tsbp1,NA
407789,0,0,BC048644,1.2356525870872936
407790,23,4+,Ndufa4l2,1.8674790714996132
407793,3,3,BC039966,NA
407795,0,0,Smim31,NA
407800,0,0,Ecm2,2.145016335449801
407803,0,0,BC051226,25.450121072673575
407809,0,0,BC055402,NA
407810,0,0,BC046251,NA
407812,0,0,Zfp941,29.068237738762456
407814,0,0,Timd6,NA
407819,0,0,BC031181,1388.7288691211058
407821,20,4+,Znrf3,67.26183033615858
407823,0,0,Baz2b,313.86498508897046
407831,0,0,Tmem204,NA
408022,15,4+,Primpol,37.96841822966907
408028,19,4+,Arhgap20os,NA
408057,6,4+,BC039771,NA
408058,0,0,BC048507,2.4038802568240265
408059,10,4+,Smim35,NA
408062,0,0,Zfp873,31.203033011965395
408064,0,0,BC064078,NA
408065,0,0,Zfp456,27.23967499293216
408067,0,0,Zfp874b,30.765707995956728
408068,0,0,Zfp738,23.950105307959415
408190,0,0,Wfdc13,NA
408191,0,0,Semp2l1,NA
408192,0,0,Gm9839,NA
408193,0,0,Otud6a,NA
408196,3,3,Csta3,NA
408198,0,0,Spink7,NA
408254,0,0,A630019I02Rik,NA
414066,6,4+,Oxct1as,NA
414067,0,0,AY512915,NA
414068,6,4+,Bach2os,NA
414069,14,4+,Actmap,NA
414076,12,4+,BC051537,NA
414077,18,4+,Wdr83os,52.34965999356809
414079,0,0,4930405O22Rik,NA
414081,0,0,5330413P13Rik,2.5226438189954683
414084,0,0,Tnip3,NA
414085,0,0,9330151L19Rik,12.611956735734386
414089,0,0,Gja6,NA
414091,0,0,A630001O12Rik,NA
414093,0,0,A830082N09Rik,7.701261613753553
414094,1,1,Dgkeos,7.902443060106576
414095,21,4+,B130034C11Rik,1.7575233640740535
414101,24,4+,E130317F20Rik,13.037386647327937
414103,6,4+,E230032D23Rik,NA
414104,0,0,E330016L19Rik,NA
414108,0,0,9230114K14Rik,65.9742062551565
414111,0,0,C130083M11Rik,NA
414115,33,4+,D330050I16Rik,9.05969919340646
414116,0,0,D630024D03Rik,NA
414121,3,3,E430016F16Rik,NA
414124,0,0,F730035M05Rik,NA
414125,5,4+,F930017D23Rik,0.6219874987927434
414127,0,0,G630055G22Rik,NA
414128,0,0,G630064G18Rik,NA
414758,4,4+,Zfp950,55.72264503530652
414801,1,1,Itprip,14.303225690227912
414872,0,0,Zyg11b,181.27437667733997
415115,0,0,Neurl2,2.603782653272092
431706,0,0,Zfp457,2.815588085606952
432396,3,3,Zfp652os,0.7736003593828306
432436,0,0,Gm5420,NA
432442,4,4+,Akap7,203.57416882936087
432450,0,0,Nkain2,0.5662511791117264
432466,0,0,Gm5424,NA
432467,0,0,Hnrnph3,272.9118964115169
432478,17,4+,Tmprss9,NA
432479,7,4+,Tektip1,NA
432480,0,0,Gm1553,0.9473215700667684
432486,0,0,Gnptab,116.53379141962388
432488,0,0,Gm17745,0.8283129644482508
432508,0,0,Cpsf6,1378.9811632646558
432516,0,0,Myo1a,10.636764190353322
432530,0,0,Adcy1,30.66105609444984
432536,0,0,Pom121l12,NA
432552,0,0,Garin3,NA
432555,0,0,Gm5431,NA
432562,9,4+,Lyrm7os,NA
432572,0,0,Specc1,198.485019183051
432582,0,0,Ccdc92b,36.9805201876286
432589,0,0,Gm11541,NA
432600,0,0,Krtap9-21,NA
432602,0,0,Krtap31-2,NA
432611,5,4+,Dnai2,NA
432613,0,0,Trim80,NA
432615,5,4+,Gm11733,NA
432628,5,4+,Mfsd2b,3.099673039091323
432641,0,0,Gm17746,NA
432649,5,4+,Ube2frt,NA
432677,20,4+,Vrtn,48.4555134195696
432713,0,0,Gm5441,NA
432720,0,0,Akr1c19,6.589346795118172
432731,2,2,Zscan26,151.57308731870123
432735,0,0,Vmn1r207,NA
432736,0,0,Vmn1r209,NA
432745,0,0,4930447K03Rik,NA
432763,0,0,Prr7,22.88809765054424
432769,0,0,Zfp708,NA
432770,0,0,Rslcan18,1.9990874269437535
432777,0,0,Eprn,49.14973076291546
432779,0,0,Lrrc14b,NA
432825,0,0,Gm5458,NA
432838,0,0,Gm5460,NA
432839,0,0,Gprin2,9.109536812506944
432855,14,4+,Zfhx2os,NA
432860,3,3,B020004C17Rik,1.175501110825101
432867,0,0,Defb48,NA
432870,0,0,Gm5464,NA
432879,1,1,Kbtbd6,31.824651209872663
432939,29,4+,Gm5468,NA
432940,15,4+,Otulin,157.81160027353386
432945,0,0,Gm16294,NA
432956,0,0,D030024E09Rik,NA
432958,0,0,Gm20740,NA
432964,6,4+,Iqank1,14.770422346298378
432982,6,4+,Gm5475,NA
432985,4,4+,Gm5476,NA
432986,0,0,Gm5477,NA
432987,0,0,Gm5478,NA
432989,8,4+,D930007P13Rik,NA
432995,0,0,Smim22,27.15125902260966
432999,0,0,A930007A09Rik,NA
433003,0,0,Gm5481,NA
433016,0,0,Cstdc4,NA
433022,0,0,Plcxd2,23.52280353659128
433023,0,0,Gm5485,NA
433031,0,0,Or5ac15,NA
433047,0,0,Krtap13-24,NA
433070,0,0,Vmn2r96,NA
433091,0,0,Pnpla1,0.8600304074816305
433099,0,0,Ly6g6f,NA
433102,2,2,Sfta2,0.9055841565034196
433107,0,0,Esp6,NA
433111,0,0,F630040K05Rik,6.782240529179012
433171,0,0,Gm10549,NA
433178,0,0,Spink14,NA
433180,0,0,Spink6,NA
433181,0,0,Spink11,NA
433182,0,0,Eno1b,1218.6666201860992
433215,16,4+,Tmem262,NA
433247,1,1,Cyp2c68,NA
433256,0,0,Acsl5,41.30721080815346
433273,0,0,Gm5523,NA
433278,0,0,Khdc1c,NA
433281,0,0,Gm5524,NA
433287,0,0,Gm15455,NA
433292,0,0,Nms,NA
433294,0,0,Mettl21c,NA
433315,0,0,Gm13749,NA
433323,0,0,Sgpp2,0.8932636847009788
433347,0,0,Gm28856,NA
433365,0,0,Teddm1b,NA
433367,3,3,Gm5532,NA
433374,2,2,Gm20743,NA
433375,0,0,Creg1,125.96213146959212
433386,1,1,Ccdc185,NA
433390,0,0,Gm29678,NA
433406,0,0,Gm13363,NA
433408,2,2,Gm13375,0.913600325116076
433415,0,0,Prrt1b,NA
433416,10,4+,Gm13547,NA
433424,0,0,Zeb2os,0.8391424934038253
433426,0,0,Gm13490,NA
433449,0,0,Or4a27,NA
433456,14,4+,4631405J19Rik,NA
433466,11,4+,Jmjd7,16.15644135086557
433470,2,2,AA467197,5.019629234732692
433481,0,0,Gm5535,NA
433485,0,0,Syndig1,11.56797626420266
433490,0,0,Defb45,NA
433492,0,0,Bpifb9b,NA
433502,5,4+,Wfdc6b,NA
433520,0,0,Gm14403,1.0518501712824468
433586,0,0,Maml3,10.126131307587771
433597,0,0,Aadacl2fm2,NA
433619,3,3,Kprp,NA
433632,1,1,Gm5544,NA
433637,0,0,Gm5547,NA
433638,0,0,I830077J02Rik,2.050772984657248
433646,0,0,1700061I17Rik,NA
433653,0,0,Gimd1,NA
433667,0,0,Ankrd13c,672.2112768331192
433693,17,4+,Akirin2,1279.752636207813
433698,4,4+,Spata31f1a,NA
433700,11,4+,Spag8,NA
433702,16,4+,Ncbp1,375.1713952955573
433719,0,0,Msantd5f6,NA
433746,4,4+,Gm12830,NA
433751,0,0,Gm12866,NA
433752,19,4+,Frg2f1,3.288339753156653
433759,0,0,Hdac1,1395.2021413317352
433766,0,0,Trim63,13.163803558157076
433771,12,4+,Micos10,1367.0787464617877
433779,0,0,Pramel31,NA
433791,0,0,Zfp992,288.94164980638834
433801,0,0,Zfp268,NA
433804,0,0,Zfp985,147.82189550543595
433809,0,0,Rnf207,7.2141088234938895
433813,0,0,Pusl1,9.416979309682812
433855,11,4+,AI506816,204.4752071563767
433864,0,0,Nom1,116.57099275069208
433868,0,0,3110082J24Rik,NA
433882,0,0,Gm16223,4.235172719674177
433899,0,0,Grxcr1,NA
433904,0,0,Ociad2,247.92726246983048
433926,0,0,Lrrc8b,77.62343615806837
433931,0,0,Pigg,10.339272262574436
433938,16,4+,Mn1,28.36190780447503
433940,2,2,Fam222a,19.944629355370168
433944,1,1,Tbx3os2,2.6398195236010995
433956,0,0,Dnaaf5,138.81071345740477
433966,1,1,Mm2pr,2.051846673116902
434003,0,0,Gm13848,NA
434008,0,0,Tmem178b,NA
434016,0,0,Vmn1r7,NA
434017,0,0,Vmn1r20,NA
434019,0,0,Gm5570,NA
434064,0,0,Gm5577,13.799652454713598
434065,0,0,Gm1965,NA
434110,0,0,Vmn2r38,NA
434113,0,0,Vmn2r44,NA
434117,0,0,Vmn2r50,NA
434121,0,0,Sult2a4,NA
434128,0,0,Pnma8b,NA
434130,0,0,Ccdc8,21.84404345409771
434147,11,4+,D930028M14Rik,2.0332342037056828
434156,24,4+,Eid2b,100.29207270413208
434171,0,0,Gm5591,NA
434172,0,0,Gm5592,NA
434178,1,1,Zfp141,180.77283071081595
434179,0,0,Zfp975,33.269862191923274
434197,0,0,Fam169b,41.50398048939253
434198,0,0,B130024G19Rik,NA
434203,3,3,Slc28a1,70.32911005398815
434204,0,0,Whamm,39.10457734337863
434205,0,0,Gm20744,NA
434215,22,4+,Lrrc32,6.249306417146066
434218,0,0,Trim34b,NA
434232,0,0,Iqck,9.954007439251631
434234,0,0,Rexo5,12.7254417427481
434246,0,0,Trim72,NA
434264,0,0,Sult2a5,NA
434280,0,0,Sox1ot,NA
434285,9,4+,BB014433,NA
434310,0,0,AY512931,2.5701353041057997
434325,0,0,Tmem221,1.1095198533777442
434341,0,0,Nlrc5,1.115850565460171
434350,0,0,9430091E24Rik,1.1342887047670278
434353,0,0,A330074K22Rik,4.324983640465407
434377,0,0,Zfp560,134.75392718479384
434396,0,0,Pate9,NA
434402,0,0,Gm5617,24.15291428021305
434412,0,0,Gm20745,NA
434423,0,0,Dppa5a,11125.245858932149
434436,0,0,Lsmem2,2.2720270126663324
434437,0,0,Amt,431.95461249994855
434438,3,3,Iho1,NA
434439,6,4+,BC048562,NA
434440,0,0,Fbxw20,NA
434459,0,0,Gm5622,NA
434484,0,0,Sp140,19.50860735803364
434510,0,0,Gm5627,NA
434540,12,4+,Psg20,NA
434555,0,0,Zscan4a,NA
434674,0,0,Slc22a28,0.9305332946714708
434676,0,0,Scgb1b19,NA
434689,0,0,Gm10220,NA
434701,0,0,Vmn2r113,2.3514121531964323
434725,0,0,Btbd35f7,NA
434726,8,4+,Fthl17b,NA
434727,0,0,Fthl17c,8.192844842156635
434728,0,0,Fthl17-ps1,NA
434729,0,0,Fthl17f,2.6950353357849357
434756,0,0,Akap14,NA
434758,0,0,Rhox3h,NA
434759,0,0,Rhox4c,NA
434760,0,0,Rhox2d,NA
434764,0,0,Rhox2f,NA
434766,0,0,Rhox2g,NA
434768,0,0,Rhox8,NA
434769,0,0,Rhox10,4.21540585250716
434778,0,0,Ccdc160,14.5251348396667
434784,0,0,Ldoc1,34.97561721009496
434794,0,0,Xlr4a,16.966995090447806
434797,0,0,Pwwp4c,NA
434800,0,0,Smim9,NA
434825,0,0,Gm14858,NA
434858,0,0,Gm5643,NA
434864,0,0,Gm15107,NA
434865,0,0,Luzp4,NA
434866,0,0,Gm15127,NA
434869,0,0,Gm15097,2.193946994352443
434881,0,0,Samt2,NA
434903,0,0,Mageb4,8.049424996233347
435145,5,4+,Shisa8,9.80259526793065
435206,0,0,Taar7d,NA
435207,7,4+,Taar7f,NA
435273,0,0,Krtap1-3,NA
435285,0,0,Krtap4-16,0.9272458192472244
435286,1,1,Krtap9-5,NA
435337,0,0,Eif1ad7,NA
435350,4,4+,Serpinb6e,NA
435376,0,0,Atp6ap1l,NA
435391,5,4+,Dusp29,NA
435518,8,4+,Pdxk-ps,NA
435528,0,0,Glyatl3,NA
435529,0,0,Adgrf2,NA
435626,6,4+,Rufy4,2.476729571611605
435653,0,0,Fcrlb,NA
435684,0,0,Shf,11.70011450007121
435755,0,0,Pou5f1-rs4,NA
435766,0,0,Tnni3k,NA
435772,0,0,Cnbd1,NA
435791,0,0,Gm13271,NA
435802,0,0,Cyp4a30b,NA
435804,0,0,Or10ak12,NA
435811,0,0,Ldlrad2,NA
435815,0,0,Aadacl4,NA
435818,0,0,Slc2a7,1.3001303595490374
435845,0,0,Tmprss11c,NA
435864,3,3,Vmn2r9,NA
435916,0,0,Vmn2r23,NA
435921,0,0,Clec2f,NA
435947,0,0,Vmn1r151,NA
435951,0,0,Vmn1r122,NA
435953,0,0,Vmn1r120,NA
435965,0,0,Lrp3,18.489397397071897
435975,0,0,Vmn2r63,NA
436002,0,0,Or52a20,NA
436003,0,0,Hbb-bh2,NA
436008,0,0,Sdr42e2,NA
436022,6,4+,Dnaaf3,7.554087767149188
436059,0,0,Ces2h,NA
436062,25,4+,Cibar2,NA
436090,0,0,Gpr62,1.0895451869206925
436100,0,0,Gm21814,3.5360402587051443
436135,0,0,Vmn1r113,NA
436199,0,0,Btg1b,NA
436230,0,0,BC065397,19.38468688295471
436240,0,0,Foxr2,4.382671253201433
436332,2,2,Gm5766,NA
436336,12,4+,Litafd,NA
436440,0,0,Gpr31b,NA
436522,0,0,Try10,NA
436523,0,0,Prss1l,NA
436583,0,0,Snora74a,NA
442795,0,0,E130018O15Rik,NA
442801,14,4+,Arhgef15,14.06448224404838
442820,0,0,Trdnos,NA
442821,0,0,9330175M20Rik,NA
442825,25,4+,A230083G16Rik,NA
442827,17,4+,Rab44,1.1031039359252914
442829,18,4+,Ccin,NA
442835,0,0,Defb22,NA
442837,0,0,C230029F24Rik,NA
442846,0,0,Lncbate10,NA
442847,0,0,Platr7,48.3549154351544
445007,0,0,Nup85,280.76450947123976
445267,0,0,Nphs1os,16.06614653552496
446099,0,0,Nlrp4e,NA
446101,0,0,Xrra1,NA
446210,4,4+,AY702103,NA
446211,0,0,AY702102,NA
448850,0,0,Znhit3,163.05930258784358
448987,23,4+,Fbxl7,17.294753692422624
449000,0,0,Zfp960,8.822769094629098
449521,0,0,Zfp213,67.63138589900981
449562,0,0,AF357425,NA
449630,0,0,Snord15a,NA
449631,0,0,Snord15b,NA
450219,1,1,Gsdma3,NA
474145,0,0,Clec4a4,NA
474156,0,0,Zbtb9,27.70104339835574
474160,22,4+,Smim40,1280.4446819496827
474332,0,0,Dnm3os,NA
493800,0,0,9330162012Rik,1.2125843048368914
493809,0,0,Taar3,NA
494124,6,4+,Calm5,NA
494448,9,4+,Cbx6,358.56854976630314
494468,0,0,Armcx5,54.70433960889153
494497,0,0,Fdcsp,NA
494504,0,0,Apcdd1,25.89047094699792
494519,0,0,Scgb2b20,NA
494546,0,0,Taar8c,NA
497071,0,0,Rnase13,NA
497097,0,0,Xkr4,2.04323845022165
497106,0,0,Rnase12,NA
497113,0,0,Rnase11,NA
497114,0,0,Defa23,NA
497652,3,3,Acd,539.308107570835
503491,0,0,Defa24,NA
503550,0,0,Klri1,NA
503558,0,0,Taar9,NA
503610,0,0,Zdhhc18,197.9041376944217
503692,16,4+,Aym1,NA
503844,0,0,Ang5,NA
504186,0,0,Chrna10,NA
504193,11,4+,Npcd,NA
50490,0,0,Nox4,85.47563845156215
50492,20,4+,Thop1,218.405060310063
50493,0,0,Txnrd1,2050.8870513650854
50496,0,0,E2f6,184.98399773826165
50497,7,4+,Hspa14,754.3465273305037
50498,0,0,Ebi3,2.266989941149577
50500,19,4+,Ttpa,11.996048864310064
50501,0,0,Prok2,NA
50505,0,0,Ercc4,144.60770397284668
50518,0,0,a,NA
50523,6,4+,Lats2,151.39734837402642
50524,0,0,Sall2,89.84316964173951
50525,0,0,Spag6l,2.0961530644684094
50527,0,0,Ero1a,NA
50528,0,0,Tmprss2,23.09522836162837
50529,6,4+,Mrps7,206.88138464898347
50530,5,4+,Mfap5,147.62164031161842
50540,0,0,Igbp1b,NA
50701,20,4+,Elane,NA
50702,0,0,Cfhr1,NA
50706,0,0,Postn,1.2004895013189492
50708,0,0,H1f2,NA
50709,14,4+,H1f4,NA
50720,0,0,Sacs,68.38636307336976
50721,0,0,Sirt6,243.8157337218089
50722,33,4+,Dkkl1,15.147429188076996
50723,0,0,Icosl,64.9852714081408
50724,5,4+,Sap30l,130.08063726306312
50753,0,0,Fbxo8,179.2706845609353
50754,0,0,Fbxw7,199.81043647801025
50755,0,0,Fbh1,131.1595611173486
50757,0,0,Fbxw14,NA
50758,0,0,Fbxl17,41.08934087651647
50759,0,0,Fbxo16,13.561278750392152
50760,3,3,Fbxo17,66.71969689602255
50762,12,4+,Fbxo6,509.07117877714967
50764,0,0,Fbxo15,2137.457651568945
50765,18,4+,Tfr2,2.369687779132784
50766,0,0,Crim1,135.92695485964447
50767,14,4+,Pnpla6,236.32010809145024
50768,0,0,Dlc1,279.60373340847667
50769,0,0,Atp8a2,2.8415319708019555
50770,0,0,Atp11a,130.07180694926467
50771,0,0,Atp9b,61.88505212766045
50772,0,0,Mapk6,1269.310067192015
50773,0,0,Nt5c,60.57030555276492
50774,0,0,Krtap5-1,NA
50775,0,0,Krtap5-4,NA
50776,0,0,Polg2,54.73548577771436
50778,0,0,Rgs1,NA
50779,0,0,Rgs6,1.1165430467804769
50780,2,2,Rgs3,35.888684016955786
50781,0,0,Dkk3,9.27080574953645
50782,9,4+,Rgs11,9.932720943241344
50783,7,4+,Lsm4,610.4511943310011
50784,9,4+,Plpp2,83.51997102717623
50785,16,4+,Hs6st1,364.23980478141937
50786,3,3,Hs6st2,56.78744257010814
50787,0,0,Hs6st3,NA
50788,2,2,Fbxl8,11.05978754581306
50789,0,0,Fbxl3,105.3360775636732
50790,0,0,Acsl4,179.1091951451543
50791,8,4+,Magi2,11.178159457086611
50793,11,4+,Orc3,127.31318252283876
50794,17,4+,Klf13,367.0892908796296
50795,0,0,Sh3bgr,9.103703908525452
50796,7,4+,Dmrt1,57.54004763566102
50797,0,0,Copb2,558.2644985663043
50798,0,0,Gne,37.12417400289978
50799,14,4+,Slc25a13,798.7312794066006
50817,7,4+,Capn15,506.65382836731015
50849,18,4+,Rnf10,2200.786901665147
50850,0,0,Spast,314.16947200005666
50868,2,2,Keap1,158.424983146309
50873,0,0,Prkn,16.425052692714445
50874,16,4+,Tmod4,1.4202222130259188
50875,0,0,Tmod3,349.44418936840634
50876,0,0,Tmod2,66.36508197155463
50877,7,4+,Neu3,24.27362313542299
50878,18,4+,Stag3,589.716752148041
50880,11,4+,Scly,128.83944572177683
50883,0,0,Chek2,100.08137132441736
50884,0,0,Nckap1,716.0636008224865
50887,0,0,Hmgn5,214.04272453460376
50905,0,0,Il17rb,NA
50907,3,3,Preb,132.23873477657375
50908,0,0,C1s1,12.425425754230217
50909,0,0,C1ra,NA
50911,4,4+,Exosc9,329.113352554622
50912,0,0,Exosc10,197.9259993913614
50913,0,0,Olig2,NA
50914,0,0,Olig1,1.800909116428754
50915,6,4+,Grb14,9.505411434538043
50916,0,0,Irx4,7.670600976254367
50917,3,3,Galns,17.70635037894016
50918,20,4+,Myadm,691.9695808287373
50926,17,4+,Hnrnpdl,2489.7670224724575
50927,0,0,Nasp,2822.6636706690133
50928,7,4+,Klrg1,NA
50929,8,4+,Il22,NA
50930,4,4+,Tnfsf14,NA
50931,7,4+,Il27ra,2.429199388073006
50932,3,3,Mink1,155.5326538293047
50933,3,3,Uchl3,413.20255073073554
50934,0,0,Slc7a8,15.030202826781418
50935,11,4+,St6galnac6,17.270260573444144
50994,21,4+,Mtag2,0.8995713885228362
50995,0,0,Uba2,1928.830303226815
50996,0,0,Pdcd7,391.89018016438865
50997,3,3,Mpp2,55.0542073043509
51786,0,0,Cpsf2,454.06294524457456
51788,0,0,H2az1,NA
51789,10,4+,Tnk2,348.0354158048981
51791,0,0,Rgs14,2.0557378208206067
51792,0,0,Ppp2r1a,2059.0831252984167
51793,1,1,Ddah2,136.20651057467543
51795,0,0,Srpx,NA
51796,5,4+,Srrm1,1064.186811330862
51797,0,0,Ctps1,NA
51798,16,4+,Ech1,133.5817456235895
51799,0,0,Rundc3a,64.63951196619801
51800,0,0,Bok,35.64258017307491
51801,26,4+,Ramp1,NA
51810,0,0,Hnrnpu,6426.849390924022
51811,0,0,Clec4f,NA
51812,0,0,Mcrs1,1367.04926024498
51813,15,4+,Ccnc,428.8841844455165
51869,0,0,Rif1,1358.0570134379898
51875,0,0,Tmem141,21.96073286107793
51885,0,0,Tubgcp4,183.0717741719071
51886,0,0,Fubp1,1900.0737272532344
51897,0,0,Atg13,505.45483650869784
51902,13,4+,Rnf24,37.96309405818916
51938,0,0,Ccdc39,6.5637031310659175
51944,7,4+,Knstrn,270.70495413404615
51960,2,2,Kctd18,80.61876197755042
52004,23,4+,Cdk2ap2,611.7287289483405
52009,4,4+,Jpt2,599.253960602652
52013,0,0,R3hcc1l,30.39976518242544
52014,0,0,Nus1,508.7897677771965
52020,16,4+,Umodl1,NA
52023,0,0,Pibf1,37.59790672715937
52024,0,0,Ankrd22,11.428194485868936
52028,3,3,Bbs1,22.91904819598607
52033,0,0,Pbk,188.70489064256637
52036,4,4+,Ppp6r3,322.0294157130318
52040,0,0,Ppp1r10,217.22670708448447
52055,22,4+,Rab11fip5,269.38949462589414
52064,2,2,Coq5,152.93557017517475
52065,0,0,Mfhas1,42.27969410366636
52076,12,4+,Tmem38b,63.901548363977106
52118,0,0,Pvr,252.03102211227105
52120,0,0,Hgsnat,61.692103699332705
52123,0,0,Agpat5,547.5044408954388
52132,0,0,Ccdc97,55.9201927720981
52150,0,0,Kcnk6,53.627102683659714
52163,17,4+,Camk1,103.8726116678061
52174,0,0,Tmem222,90.7546371502928
52184,1,1,Odf2l,36.163001677249625
52187,27,4+,Rragd,77.57687455088063
52202,0,0,Rbm34,305.18229955703214
52206,7,4+,Anapc4,217.58583392896173
52231,0,0,Ankzf1,36.061034580078015
52245,0,0,Commd2,281.43136891161754
52250,0,0,Reep1,114.12382312021116
52276,0,0,Cdca8,619.8749950811983
52285,5,4+,D6Ertd474e,NA
52323,0,0,Klhl7,447.7217949584504
52331,0,0,Stbd1,18.330525803551268
52335,1,1,Atxn1l,178.40328356414372
52348,0,0,Vps37a,169.22430105467816
52357,0,0,Wwc2,361.1671057735952
52372,0,0,D6Ertd527e,NA
52377,0,0,Rcn3,41.68334420442469
52389,0,0,Adgra1,NA
52392,0,0,Macir,NA
52397,0,0,Zfp644,266.8533197421438
52398,0,0,Septin11,NA
52401,0,0,D5Ertd615e,NA
52428,0,0,Rhpn2,102.1891574855831
52430,0,0,Echdc2,211.6961918510281
52432,9,4+,Ppp2r2d,1238.9471588008307
52440,0,0,Tax1bp1,626.2173267705251
52443,21,4+,Mrpl48,106.49499155288262
52463,0,0,Tet1,1837.2302695150283
52466,0,0,Slc46a1,78.81513426515775
52468,1,1,Ctdsp2,688.1957201932242
52469,0,0,Coa3,399.1641424194039
52477,6,4+,Angel2,206.39355307644067
52480,0,0,Snhg14,518.9329462231018
52502,0,0,Carhsp1,836.1528095832186
52504,4,4+,Cenpo,54.142923934827785
52512,0,0,D14Ertd670e,NA
52513,0,0,Ddx56,243.80549017121297
52521,25,4+,Zfp622,397.0781026753615
52530,0,0,Nhp2,978.0918577788656
52535,0,0,Mettl17,154.6333094207058
52538,0,0,Acaa2,176.39108268854406
52551,7,4+,Sgta,185.6680262353904
52552,0,0,Parp8,3.6629735749485457
52563,0,0,Cdc23,1499.352571605636
52570,0,0,Ccdc69,0.7956686314973069
52575,0,0,Trmt10c,91.47312551066304
52585,0,0,Dhrs1,302.33662431167096
52588,23,4+,Tspan14,202.6997978623377
52589,24,4+,Ncald,2.2259694202007054
52592,0,0,Brms1l,79.33741909445561
52609,14,4+,Cbx7,390.5628568277984
52614,0,0,Adgre4,NA
52615,0,0,Suz12,1692.343265560144
52626,12,4+,Cdkn2aipnl,434.7330257856429
52633,0,0,Nit2,235.024222724755
52635,0,0,Esyt2,147.65050188298642
52637,0,0,Cisd1,739.5001375702591
52639,11,4+,Wipi1,52.62215507588709
52645,0,0,D16Ertd519e,NA
52653,0,0,Nudcd2,1802.5275431155528
52662,29,4+,Ldlrad4,37.95021890651541
52665,0,0,Echdc1,77.1067809444279
52666,10,4+,Arhgef25,133.35136980189398
52668,0,0,Ifi27,0.9816557544882024
52670,0,0,Cpsf4l,222.0346291517995
52679,0,0,E2f7,126.5829187252702
52683,6,4+,Ncaph2,293.62566913028576
52685,0,0,Cd300lg,NA
52686,0,0,Mettl2,101.53790704711102
52690,0,0,Setd3,300.8092765067186
52696,0,0,Zwint,1151.4425324417332
52700,0,0,Txndc17,523.988501696818
52705,5,4+,Krr1,472.6718172131994
52708,0,0,Zfp410,309.0888682534669
52710,6,4+,Slc52a2,47.77371578864373
52712,0,0,Zkscan6,26.35008175503665
52713,8,4+,Ccdc59,624.4660643453005
52715,0,0,Ccdc43,318.03664836589246
52717,12,4+,Anapc16,482.20005819938376
52793,0,0,Fam3b,1.9274482206325547
52808,5,4+,Tspyl2,94.21981292753227
52815,12,4+,Ldhd,12.749899676570434
52822,0,0,Rufy3,56.49104938635964
52829,0,0,Lurap1l,34.57616016713844
52830,20,4+,Pnrc2,431.16437721681416
52837,0,0,Tmx4,70.43298144554372
52838,25,4+,Dnlz,100.65003157681606
52840,3,3,Dbndd2,22.238278464350035
52846,9,4+,Cnot11,308.4927204750042
52850,15,4+,Sgsm1,142.16449868001422
52855,0,0,Lair1,0.9340771594705086
52856,10,4+,Mtg2,41.5104781863874
52857,0,0,Gramd1a,215.9687494421964
52858,27,4+,Cdipt,437.0594870526362
52864,0,0,Slx4,47.94803058242433
52874,1,1,Pum3,1076.7896272366313
52882,1,1,Rgs7bp,1.364110985680443
52892,0,0,Sco1,139.7272984177655
52897,0,0,Rbfox3,10.821745677495883
52898,0,0,Rnasek,501.84527496471014
52906,1,1,Ahi1,33.3965135209594
52915,0,0,Zmiz2,584.432248453118
53310,0,0,Dlg3,82.06367363058554
53311,0,0,Mybph,NA
53312,10,4+,Nub1,440.7888742341075
53313,0,0,Atp2a3,18.49421288811768
53314,5,4+,Batf,NA
53315,0,0,Sult1d1,0.7105198996868982
53317,0,0,Plrg1,580.3108934417654
53318,0,0,Pdlim3,33.2135457987499
53319,0,0,Nxf1,842.4542963088629
53320,0,0,Folh1,0.7334827577159488
53321,17,4+,Cntnap1,2.1002528866566337
53322,0,0,Nucb2,23.18832930817617
53323,13,4+,Ube2k,2336.81794179549
53324,0,0,Nptx2,286.7887226517146
53325,2,2,Banp,64.61020517881418
53328,0,0,Pgrmc1,433.22088565646465
53330,1,1,Vamp4,220.066740467263
53331,0,0,Stx7,267.44792506501966
53332,0,0,Mtmr1,53.47726304170264
53333,0,0,Tomm40,616.0902285332963
53334,0,0,Gosr1,72.16813566805699
53356,6,4+,Eif3g,1148.2468561094302
53357,1,1,Pla2g6,120.66009372895536
53374,0,0,Chst3,1.86648184987703
53375,4,4+,Mtx2,263.5244457677996
53376,0,0,Usp2,111.17516740031108
53378,14,4+,Sdcbp,551.4879283284077
53379,0,0,Hnrnpa2b1,5504.392542031237
53380,0,0,Psmd10,160.96472206858417
53381,0,0,Prdx4,396.88939277021143
53382,0,0,Txnl1,1347.312443011649
53404,0,0,Atoh7,NA
53412,2,2,Ppp1r3c,1.8640573093955437
53413,3,3,Exoc7,45.217166896450294
53414,3,3,Bysl,334.4588999982081
53415,0,0,Htatip2,10.390761717001697
53416,0,0,Stk39,57.64799039060436
53417,0,0,Hif3a,78.06922783942908
53418,0,0,B4galt2,15.777454157603822
53419,0,0,Corin,0.9431795642289802
53420,17,4+,Syt5,69.11824092113048
53421,0,0,Sec61a1,409.66439331136866
53422,2,2,Ybx2,152.01722395496716
53424,14,4+,Tsnax,331.87808042599806
53598,10,4+,Dctn3,255.85800648047592
53599,0,0,Cd164,3914.647024909523
53600,5,4+,Timm23,2342.5703147408317
53601,0,0,Pcdh12,NA
53602,0,0,Hpcal1,250.49263952586
53603,0,0,Tslp,NA
53604,0,0,Zpbp,1.7749345433634254
53605,3,3,Nap1l1,5479.476145742462
53607,18,4+,Snrpa,1018.3579623769144
53608,11,4+,Map3k6,6.135826807854931
53609,6,4+,Clasrp,72.66124794964396
53610,0,0,Nono,2616.9547989434664
53611,1,1,Vti1a,48.19105142728521
53612,0,0,Vti1b,37.065986406545704
53614,29,4+,Reck,6.688783494437819
53617,15,4+,Krt35,NA
53618,8,4+,Fut8,121.93001730822247
53619,0,0,Blcap,68.29566004685407
53620,7,4+,Vamp5,2.838540849528788
53621,0,0,Cnot4,201.745965696094
53623,0,0,Gria3,53.996560705481926
53624,5,4+,Cldn7,144.9756618220064
53625,0,0,B3gnt2,237.72135215988877
53626,0,0,Insm1,5.78850306460143
53627,0,0,Porcn,255.3666000986143
53761,2,2,Prrc2a,469.50205182098097
53791,0,0,Tlr5,NA
53814,0,0,Oaz3,2.627792812689808
53817,6,4+,Ddx39b,2835.2536870572926
53856,0,0,Prg3,NA
53857,0,0,Tuba8,4.487612043553487
53858,0,0,Rwdd2b,15.93102315606616
53859,7,4+,Map3k14,6.553385988253691
53860,28,4+,Septin9,NA
53861,0,0,Zranb2,2018.3927437343516
53867,10,4+,Col5a3,3.958642156198374
53868,4,4+,Rab25,67.93583537615287
53869,0,0,Rab11a,674.1993697292424
53870,0,0,Cntn6,NA
53871,0,0,Pkd2l2,1.4404673221697295
53872,0,0,Caprin1,10104.314303030067
53873,4,4+,Ear7,NA
53877,0,0,Ear4,NA
53878,1,1,Semg1,NA
53881,0,0,Slc5a3,29.6136520083978
53883,0,0,Celsr2,67.82493264957539
53885,0,0,Nphp1,12.845882935008705
53886,0,0,Cdkl2,72.75142411483054
53890,8,4+,Sart3,331.7813571643941
53892,0,0,Ppm1d,259.4400821008423
53893,2,2,Nudt5,624.0553493554117
53895,0,0,Clpp,184.60650268810912
53896,0,0,Slc7a10,NA
53897,24,4+,Gal3st1,24.273660331094987
53901,0,0,Rcan2,6.83620397658952
53902,0,0,Rcan3,64.47264428104135
53906,0,0,Phgr1,NA
53945,0,0,Slc40a1,72.39975275057692
53951,0,0,Gpatch11,51.835138545473725
53970,0,0,Rfx5,115.29161081948573
53972,0,0,Ngef,6.402606622977938
53973,0,0,Cyp3a41a,NA
53975,0,0,Ddx20,216.76507614445768
53978,0,0,Lpar2,21.790879772289447
54003,0,0,Nell2,3.4137734307319945
54004,0,0,Diaph2,78.12829059675242
54006,0,0,Deaf1,96.83151614479344
54120,0,0,Gipc2,26.242363203935483
54122,0,0,Uevld,20.64395977499896
54123,0,0,Irf7,NA
54124,24,4+,Cks1b,2997.1409653241767
54125,14,4+,Polm,141.74902134993073
54126,0,0,Arhgef7,357.86790120626824
54127,0,0,Rps28,6611.098336095238
54128,2,2,Pmm2,101.72041309217866
54130,0,0,Actr1a,996.9742490047456
541307,3,3,Ccl26,NA
54131,2,2,Irf3,44.81747280036608
54132,4,4+,Pdlim1,877.7461590775029
54135,0,0,Lsr,658.762514861174
54137,16,4+,Acrbp,49.00883206882851
54138,0,0,Atxn10,2780.660836116175
54139,0,0,Irf6,60.84932399320672
54140,0,0,Avpr1a,NA
54141,1,1,Spag5,719.4968488028805
541463,0,0,Tex24,NA
54150,0,0,Rdh7,NA
54151,0,0,Zftraf1,NA
54152,10,4+,Dnal4,136.2762603490966
54153,10,4+,Rasa4,38.586458787912335
54156,0,0,Egfl6,33.21752468320119
54159,7,4+,Rnase2b,NA
54160,0,0,Copg2,177.12331414490785
54161,0,0,Copg1,1887.3371173198152
541610,0,0,Trcg1,NA
54167,0,0,Icos,NA
54169,0,0,Kat6b,1780.4880339808026
54170,0,0,Rragc,430.9472685134811
54188,6,4+,Cpsf4,269.0594559701196
54189,1,1,Rabep1,159.53167295024355
54192,0,0,Pbsn,NA
54194,4,4+,Akap8l,31.10212710793347
54195,0,0,Gucy1b1,3.8746734645549177
54196,0,0,Pabpn1,1259.4688562439258
54197,11,4+,Rnf5,369.98185014173936
54198,9,4+,Snx3,1979.7967786138888
54199,6,4+,Ccrl2,NA
54200,0,0,Sult2b1,6.264078345960531
54201,2,2,Zfp316,5.348162322648869
54204,0,0,Septin1,NA
54208,1,1,Arl6ip1,9271.726685886628
54214,3,3,Golga4,268.67699709364086
54215,0,0,Cd160,NA
54216,5,4+,Pcdh7,9.583345226242178
54217,9,4+,Rpl36,2108.9648713797387
54218,0,0,B3galt4,2.5579504019556527
54219,0,0,Cd320,193.26625471491064
54324,0,0,Arhgef5,97.1425189429308
54325,8,4+,Elovl1,106.93773166538487
54326,0,0,Elovl2,29.32698518935893
54338,0,0,Slc23a2,143.84464889272087
54342,2,2,Gnpnat1,767.782320811678
54343,0,0,Atf7ip,548.7086254874868
54351,0,0,Elp5,508.2809717835912
54352,17,4+,Irx5,37.4583163047779
54353,7,4+,Skap2,629.1805388042284
54354,0,0,Rassf5,5.606373509287337
54357,41,4+,Epb41l4b,87.24709662588394
54364,2,2,Rpp30,338.567952574985
54366,21,4+,Ctnnal1,352.37668498619513
54367,0,0,Zfp326,308.556640740692
54368,0,0,Gp9,NA
54369,0,0,Nme6,55.638004705827726
54371,11,4+,Chst2,5.499561219835885
54373,0,0,Prss16,22.365270028827823
54375,32,4+,Azin1,686.0700090898385
54376,0,0,Cacng3,NA
54377,0,0,Cacng4,18.881463760777393
54378,8,4+,Cacng6,23.50188623804031
54380,0,0,Smarcal1,29.342297185632766
54381,7,4+,Cpq,4.227485225035507
54382,0,0,Tcstv1a,NA
54383,0,0,Phc2,262.23419070167773
54384,2,2,Mtmr7,139.47386624007487
54387,6,4+,Mcm3ap,206.5508893398867
54388,9,4+,H1f9,NA
54390,1,1,Sit1,NA
54391,3,3,Rfk,550.3070013512441
54392,0,0,Ncapg,394.2950440969658
54393,0,0,Gabbr1,146.73440045059596
54394,0,0,Crlf3,497.3601730305
54396,13,4+,Irgm2,3.4869381767488776
54397,10,4+,Ppt2,42.804998923256235
54399,32,4+,Bet1l,202.08746719023725
54401,0,0,Ywhab,3479.8753960658473
54402,13,4+,Stk19,24.52477462846791
54403,0,0,Slc4a4,15.41889414740828
54405,0,0,Ndufa1,263.20830947710965
54409,0,0,Ramp2,45.08819363446837
54411,0,0,Atp6ap1,511.762842463625
54418,6,4+,Fmn2,51.39157541323612
54419,0,0,Cldn6,4570.118394541733
54420,0,0,Cldn8,NA
54422,0,0,Barhl1,NA
54426,24,4+,Hgfac,NA
54427,0,0,Dnmt3l,1182.2929891200283
54445,0,0,Unc93b1,27.012238050003965
54446,0,0,Nfat5,304.1504410244052
54447,6,4+,Asah2,5.684636643999046
54448,0,0,Il36a,NA
54450,8,4+,Il36rn,NA
54451,0,0,Cpsf3,346.60434190849696
544678,6,4+,Cfap74,5.4039377530328645
544696,0,0,Tbc1d32,21.153350924397248
544707,8,4+,Gm5779,NA
544710,4,4+,Krtap10-10,NA
544717,0,0,Uqcc6,NA
54473,0,0,Tollip,166.96659734074083
544748,0,0,Or6c8b,NA
544752,0,0,Tug1,359.564107754733
544763,0,0,Hbq1b,NA
544791,3,3,Myh13,6.987169131326792
544792,0,0,Gsg1l2,NA
544806,0,0,Tmem92,20.219268618986707
544817,0,0,Arhgap27,39.97777177201089
54483,0,0,Mefv,NA
54484,7,4+,Mkrn1,4108.651219398835
54485,0,0,Dll4,NA
54486,0,0,Hpgds,1.8954162441430809
544881,0,0,Eif1ad2,NA
544922,0,0,Zkscan4,8.853017087155362
544923,0,0,Serpinb9h,NA
544963,0,0,Iqgap2,86.59980874079874
544971,0,0,Bdp1,216.8654230950731
544990,0,0,Gm5795,NA
545007,0,0,Gm5796,NA
545013,0,0,Gm5797,NA
545030,0,0,Wdfy4,0.8132271386512415
545047,2,2,Gm5800,NA
545055,14,4+,Cma2,NA
545085,0,0,Wdr70,210.36001599659227
545091,0,0,Hnrnpa1l2-ps2,NA
545123,0,0,Cyp2d11,NA
545136,0,0,Fam186b,1.991216040813095
545140,0,0,Or10ad1c,NA
545156,0,0,Kalrn,135.377632395161
545180,0,0,Gm21859,NA
54519,0,0,Apbb1ip,1.356253455168855
545192,13,4+,Baiap3,2.536654707999672
545205,0,0,Or5v1b,NA
545207,0,0,E130008D07Rik,NA
54524,0,0,Syt6,NA
54525,8,4+,Syt7,89.70153519042259
545253,2,2,Gm5820,NA
54526,0,0,Syt10,NA
545260,10,4+,Arsi,2.6221517826696616
545261,28,4+,Bvht,17.9022611362864
545276,0,0,Gal3st3,1.7779845023203835
545279,0,0,Ms4a15,0.7594097680371483
545280,0,0,A630010A05Rik,0.6535497958439014
545288,0,0,Cyp2c67,NA
545291,0,0,Hpse2,1.9993554541398049
545363,0,0,Gm5833,NA
545366,0,0,Cfhr2,NA
545370,4,4+,Hmcn1,1.0549574425447112
545378,0,0,Sh2d1b2,NA
545384,0,0,Ifi214,NA
545389,5,4+,Cep170,184.09511907129823
545391,0,0,Catspere2,1.760521044997663
545417,0,0,Or7c74,NA
545428,6,4+,Ccdc141,6.578300165983109
545447,0,0,Or4k39,NA
545471,1,1,Zfp345,46.12700338926578
545474,0,0,Scrt2,NA
545475,1,1,Defb28,NA
545477,0,0,Bpifa6,NA
545481,0,0,Arhgap40,NA
545486,0,0,Tubb1,NA
545490,0,0,Zfp973,NA
545527,0,0,Erich6,NA
545539,15,4+,Gm15417,6.797957417012405
545547,0,0,Lce1j,NA
545548,0,0,Lce3a,NA
545551,0,0,BC021767,NA
545554,4,4+,Ankrd34a,11.439746224288184
545562,0,0,Amy2b,NA
545605,0,0,Gm5859,NA
54561,0,0,Nap1l3,8.669897468763839
54562,0,0,Dnaaf11,NA
545622,31,4+,Ptpn3,289.11527591768856
54563,9,4+,Nup210,105.99899371812172
545637,0,0,Msantd5f7,NA
545641,0,0,Gm5860,NA
545645,0,0,Gm13283,NA
545647,0,0,Gm13289,NA
545648,9,4+,Gm13272,NA
545649,7,4+,Gm13276,NA
545652,1,1,Gm13275,NA
545654,0,0,Gm13285,NA
545660,0,0,I0C0044D17Rik,NA
545662,2,2,Pramel17,NA
545667,0,0,Shisal2a,5.960779471268805
545677,3,3,Gm12888,NA
545681,4,4+,Gm12992,6.553593586829435
545691,6,4+,Fhad1os1,NA
545693,0,0,Gm13043,NA
545700,0,0,Smarca5-ps,NA
545725,0,0,Mterf1a,7.802005962430142
545728,0,0,Speer1e,NA
545732,0,0,Speer1m,NA
545739,0,0,Gm5862,NA
545758,2,2,Slc10a4-ps,NA
545798,6,4+,Tmem233,0.8602096246228391
545809,0,0,Gm29681,NA
545812,0,0,Pilrb2,NA
545814,0,0,Smok3a,NA
545817,17,4+,Cyp2w1,NA
545824,14,4+,Zar1l,NA
545874,0,0,Vmn2r25,NA
545884,0,0,Gm5885,NA
545886,0,0,Gm5886,NA
545893,3,3,Mansc4,0.809789754961688
545902,0,0,Ptprh,NA
545909,0,0,Vmn2r39,NA
545913,0,0,Zscan4d,328.74474312956886
545925,0,0,Psg27,NA
545929,0,0,Gm5891,NA
545934,0,0,Vmn1r173,NA
545936,4,4+,Gm5893,NA
545938,1,1,Zfp607a,14.621668893611073
545947,0,0,Scgb2b19,NA
545948,0,0,Scgb1b20,NA
545951,0,0,Gm28453,NA
545963,0,0,Gm5897,NA
545975,0,0,Cers3,5.5502099407730565
54598,0,0,Calcrl,1.4069720080297694
545985,0,0,Or51aa2,NA
54601,0,0,Foxo4,164.12905974268926
546024,2,2,Crxos,120.9116635524636
546036,4,4+,Gm5907,1.0401376633753516
546038,3,3,Spag11b,NA
54604,0,0,Pcnx1,NA
546049,13,4+,Rps23rg1,NA
546055,1,1,Adam39,NA
54607,0,0,Socs6,365.4362290115091
546071,15,4+,Mast3,28.74683884119588
54608,0,0,Abhd2,270.4208348842595
54609,0,0,Ubqln2,221.4625254396973
546096,0,0,Gm29682,NA
54610,0,0,Tbc1d8,127.71509630004502
546100,0,0,Gm5914,2.808001281570215
54611,0,0,Pde3a,1.938176490263276
546118,0,0,Ubtfl1,15.303237825335192
54612,12,4+,Sfrp5,24.664485859828968
546123,0,0,Gm5916,NA
54613,0,0,St3gal6,9.12560598084114
546134,0,0,Gramd2a,NA
54614,0,0,Prpf40b,100.41247914966014
546143,3,3,Pierce2,NA
546144,0,0,Wdr72,NA
54615,0,0,Npff,4.46958606983173
546157,5,4+,Prr23a4,NA
54616,0,0,Extl3,150.77032155810883
546161,3,3,Fbxw18,NA
546185,0,0,Gm5925,NA
54624,24,4+,Paf1,151.21690338593297
546263,0,0,Ssxb15,NA
546272,0,0,Gm5934,NA
546282,0,0,Gm5935,NA
546294,0,0,Rhox3g,NA
54630,5,4+,Prickle3,23.892166650976367
54631,19,4+,Nphs1,45.78736221008646
54632,0,0,Ftsj1,149.6471984476338
546325,0,0,Pwwp4d,NA
54633,12,4+,Pqbp1,503.7702434843776
546335,0,0,Gm5938,NA
546336,0,0,Prrg1,4.280947375024231
54634,4,4+,Magix,NA
546347,0,0,Gm5941,NA
54635,0,0,Pdgfc,35.96410700470629
54636,0,0,Wdr45,195.29687045738717
54637,0,0,Praf2,99.52104042390772
54638,5,4+,Ccdc22,28.60902869396363
54644,0,0,Otud5,771.0729280350298
54645,0,0,Gripap1,88.8121694140811
54646,5,4+,Ppp1r3f,13.156926753469731
54648,12,4+,Ccdc120,218.98988668237837
54650,0,0,Sfmbt1,98.0742993493613
54651,0,0,Usp27x,209.38748418978437
546519,29,4+,Tmem235,NA
54652,5,4+,Cacna1f,NA
546546,0,0,Serpina3h,NA
546611,0,0,Klhl33,NA
546644,0,0,Ly6g,1.6990826498787148
546648,19,4+,Klhdc7b,NA
54667,0,0,Atp8b2,18.34428849358898
54670,15,4+,Atp8b1,3.0522021949442144
54672,6,4+,Adgrg3,0.7196195680067289
546723,0,0,Ppp1r2-ps3,NA
546726,16,4+,Cyp26c1,NA
546729,2,2,Calhm1,NA
54673,0,0,Sh3glb1,587.0065819148421
546747,0,0,Or6y1,NA
54678,8,4+,Zfp108,1.6631309699746244
546801,0,0,Etv3l,NA
54683,32,4+,Prdx5,592.0061484929074
546840,0,0,Ldlrad1,NA
546849,0,0,AAdacl4fm3,NA
546886,0,0,Cfap73,NA
546896,0,0,Or10ac1,NA
546901,0,0,Vmn1r34,NA
546903,0,0,Vmn1r39,NA
546912,0,0,Vmn2r21,NA
546913,0,0,Vmn2r22,NA
546943,3,3,Vmn1r176,NA
546944,0,0,Vmn1r170,NA
546964,0,0,Vmn2r62,NA
54698,0,0,Crtam,NA
546980,0,0,Vmn2r74,NA
546981,0,0,Vmn2r75,NA
546983,0,0,Vmn2r77,NA
546989,1,1,Or52d13,NA
54709,0,0,Eif3i,832.4247488757628
54710,0,0,Hs3st3b1,25.067998777801304
547109,0,0,Trim43a,18.1718747485698
54711,10,4+,Plagl2,124.07466843909748
54712,1,1,Plxnc1,3.3203735736700466
547127,0,0,Tmem181b-ps,NA
54713,0,0,Fezf2,NA
547150,0,0,6820431F20Rik,NA
547154,0,0,H2al1k,NA
547160,0,0,H2al1e,NA
547168,0,0,Rhox7a,NA
547176,0,0,Zc3h12b,7.22578242672574
54720,0,0,Rcan1,348.66033132848145
54721,15,4+,Tyk2,58.95252299022458
54722,0,0,Gsdme,66.62294684613167
54723,5,4+,Tfip11,88.738746192533
54725,0,0,Cadm1,936.9142519000504
547253,0,0,Parp14,13.999901447297328
547334,0,0,Fhitos,NA
547347,8,4+,Gm6034,NA
547431,12,4+,Btnl2,NA
550619,10,4+,Arid3c,11.934999190603078
552899,0,0,Ugt2a2,NA
552913,0,0,Gm14634,NA
553095,0,0,Gm17750,NA
553127,0,0,Rtl8b,32.99217057176128
554292,0,0,Methig1,NA
554327,0,0,2610042L04Rik,NA
55925,0,0,Syt8,1.0184699993845243
55927,0,0,Hes6,32.69439499156867
55932,0,0,Gbp3,30.91088508591736
55934,13,4+,Rp9,186.13046688248113
55935,2,2,Fnbp4,3693.272026772683
55936,0,0,Ctps2,70.2680714240637
55938,22,4+,Apom,5.28931378923307
55942,0,0,Sertad1,95.78133445373906
55943,0,0,Stx8,88.45794248397704
55944,0,0,Eif3d,1015.5179961469936
55946,0,0,Ap3m1,883.5751590485667
55947,1,1,Dclre1a,35.34984023989577
55948,15,4+,Sfn,941.1666683277656
55949,16,4+,Eef1b2,21820.217411348334
55950,0,0,Bri3,1003.2556333459275
55951,1,1,Mpc1,157.39792987514164
55960,0,0,Ebag9,125.45445317806704
55961,0,0,Slc13a1,NA
55963,0,0,Slc1a4,61.6583943757004
55978,0,0,Ift20,613.0221962512919
55979,16,4+,Agpat1,74.83399563918546
55980,0,0,Impa1,651.4093915225498
55981,0,0,Pigb,58.88863322653864
55982,1,1,Paxip1,196.42666670079765
55983,0,0,Pdzrn3,8.60207152976254
55984,0,0,Camkk1,10.159237081105186
55985,2,2,Cxcl13,NA
55987,13,4+,Cpxm2,1.0823290618472436
55988,0,0,Snx12,846.0818731672823
55989,0,0,Nop58,1766.4734114175585
55990,2,2,Fmo2,NA
55991,0,0,Panx1,110.8021027276846
55992,0,0,Trim3,99.80874025981792
55993,0,0,Msh4,2.027541140883159
55994,0,0,Smad9,3.61762051792491
56009,0,0,Alyref2,33.60199203518713
56012,0,0,Pgam2,2.789875756546828
56013,36,4+,Srcin1,42.63232903261374
56014,1,1,Or13e8,NA
56015,4,4+,Or13j1,NA
56016,2,2,Hebp2,27.035357607594833
56017,0,0,Slc2a8,11.715110646297502
56018,6,4+,Stard10,60.01847468365405
56030,3,3,Tmem131,334.82461124129753
56031,0,0,Ppie,72.51550901412438
56032,3,3,Nprl2,60.29446163807107
56036,7,4+,Ccnl2,601.27147175656
56040,0,0,Rplp1,11305.705690511688
56041,0,0,Uso1,308.44536508130204
56043,3,3,Akr1e1,56.59011731545904
56044,0,0,Rala,379.4259190869541
56045,0,0,Samhd1,519.432699136934
56046,0,0,Uqcc1,163.63154390121397
56047,9,4+,Msln,47.56357125407506
56048,5,4+,Lgals8,25.43418662030356
56050,0,0,Cyp39a1,1.6180063032353424
56055,4,4+,Gtpbp2,40.05977941801548
56057,1,1,Btg4,NA
56066,4,4+,Cxcl11,NA
56068,0,0,Ammecr1,104.87266277959992
56069,0,0,Il17b,5.840815473863393
56070,20,4+,Tcerg1,563.5215003910198
56072,0,0,Lgals12,1.45826375515444
56075,1,1,Pdss1,378.996558735845
56077,2,2,Dgke,117.99893578367713
56078,0,0,Car5b,6.263522178621688
56079,0,0,Astn2,NA
56085,18,4+,Ubqln1,571.2336327053579
56086,0,0,Set,18388.781572396332
56087,0,0,Dnah10,1.9110626867204643
56088,10,4+,Psmg1,333.6417946159352
56089,0,0,Ramp3,21.065541470924902
56092,0,0,Cts7,NA
56093,0,0,Pfpl,NA
56094,0,0,Cts8,NA
56095,20,4+,Ftsj3,441.4000303029953
56096,0,0,Plac1,22.981691958431988
56149,33,4+,Tamalin,NA
56150,0,0,Mad2l1,2275.7945754619623
56173,2,2,Cldn14,NA
56174,0,0,Nagk,464.9946495407784
56175,0,0,Bace2,3.863575689428526
56176,22,4+,Pigp,176.8204247166572
56177,4,4+,Olfm1,53.41611287405755
56183,0,0,Nmu,1.7601665542659644
56184,0,0,Msgn1,NA
56185,0,0,Hao2,NA
56187,0,0,Rabggta,69.51124938253795
56188,0,0,Fxyd1,2.0746069170830355
56189,0,0,Prodh2,NA
56190,0,0,Rbm38,104.25841778810836
56191,0,0,Tro,200.61066605577395
56193,0,0,Plek,1.156603436556122
56194,0,0,Prpf40a,1224.951229743419
56195,0,0,Ptbp2,74.30347843473504
56196,0,0,Tdp2,259.24209408734436
56198,4,4+,Heyl,NA
56199,6,4+,Abcb10,88.1447475522846
56200,0,0,Ddx21,4954.854087850944
56205,0,0,Ensa,229.13165931259212
56207,0,0,Uchl5,481.57114892714185
56208,14,4+,Becn1,147.752934811672
56209,0,0,Gde1,129.91897560870737
56210,0,0,Rev1,228.7017616707231
56212,0,0,Rhog,373.934365512531
56213,0,0,Htra1,73.215325644814
56214,3,3,Scamp4,NA
56215,13,4+,Acin1,2120.763133812601
56216,0,0,Stx1b,17.686231121710428
56217,0,0,Pals1,NA
56218,3,3,Patz1,1116.141767228749
56219,0,0,Extl1,15.12473530074947
56220,0,0,Zfp386,192.87999784916852
56221,18,4+,Ccl24,NA
56222,0,0,Cited4,64.0647656891774
56223,0,0,Fscn3,NA
56224,9,4+,Tspan5,159.71696983536057
56226,0,0,Espn,71.77144252244872
56228,20,4+,Ube2j1,177.65714537664917
56229,0,0,Thsd1,12.661196822930368
56233,15,4+,Hdac7,94.3671906369728
56248,0,0,Ak3,145.0546847027686
56249,0,0,Actr8,186.67073852902783
56258,0,0,Hnrnph2,503.7770588033805
56264,0,0,Cpxm1,17.346782284927766
56273,2,2,Pex14,143.95308904528736
56274,0,0,Stk3,221.6395713956063
56275,3,3,Rbm14,856.8666147245506
56277,0,0,Tmem45a,88.28860893927286
56278,11,4+,Gkap1,74.54011211661869
56279,0,0,Dipk1b,25.729935364686717
56280,0,0,Mrpl37,334.92384943810714
56282,0,0,Mrpl12,369.8380954839099
56284,3,3,Mrpl19,188.24051610119065
56289,5,4+,Rassf1,95.46166890535964
56291,0,0,Styx,101.78420594086414
56292,0,0,Naa10,493.3788319607093
56293,0,0,Slc35g3,NA
56294,0,0,Ptpn9,334.24959076709507
56295,0,0,Higd1a,490.27135467051505
56296,0,0,Dmrtb1,6.46348322340159
56297,0,0,Arl6,192.7608957114895
56298,0,0,Atl2,286.38014672597023
56299,0,0,Fkbpl,10.50048554690703
56305,0,0,Pitpnb,694.3752794467932
56306,0,0,Sinhcaf,3077.705894224653
56307,0,0,Metap2,1100.4429088384904
56309,3,3,Mycbp,348.5786222402045
56310,16,4+,Gps2,633.1925559201815
56312,1,1,Nupr1,14.720771948197292
56314,6,4+,Zfp113,61.11312638673916
56315,13,4+,Rhcg,10.933961140520177
56316,0,0,Ggcx,40.29403566208808
56317,16,4+,Anapc7,125.09172687933624
56318,0,0,Acp3,NA
56320,24,4+,Dbn1,516.8492607501173
56321,1,1,Aatf,163.45603966114172
56322,0,0,Timm22,269.5731190301006
56323,20,4+,Dnajb5,25.982826274770883
56324,2,2,Stam2,193.117508547143
56325,0,0,Abcb9,0.9847697931924292
56327,0,0,Arl2,449.0907520614881
56330,0,0,Pdcd5,697.8513754599883
56332,5,4+,Amotl2,2253.166197845806
56334,0,0,Tmed2,2009.8353595615113
56335,8,4+,Mettl3,117.18989431575112
56336,0,0,B4galt5,187.0152248763118
56338,0,0,Txnip,1434.7840713730484
56347,7,4+,Eif3c,923.2433815437818
56348,0,0,Hsd17b12,286.5548710557347
56349,3,3,Net1,116.12249296006544
56350,1,1,Arl3,135.617518331915
56351,5,4+,Ptges3,11197.739514541749
56353,0,0,Rybp,1816.3285564854968
56354,0,0,Dnajc7,279.3761765113418
56356,0,0,Gltp,331.61399424205365
56357,4,4+,Ivd,244.5342797195793
56358,2,2,Copz2,5.438299777272862
56360,0,0,Acot9,456.566051759282
56361,0,0,Pus1,161.84037889913216
56362,0,0,Sult1b1,0.7502726062497317
56363,0,0,Tmeff2,3.8093523714305264
56364,0,0,Zmym3,445.9128423107987
56365,0,0,Clcnkb,4.050956165658492
56367,0,0,Scoc,252.11254868581
56368,3,3,Cyb561d2,17.173228393831383
56369,0,0,Apip,109.15899211243656
56370,0,0,Tagln3,98.86240697616364
56371,29,4+,Fzr1,2563.7541388304953
56372,0,0,1110004F10Rik,1418.4618012621856
56373,0,0,Cpb2,11.908856328154888
56374,0,0,Tmem59,1795.72463848575
56375,0,0,B4galt4,51.09055761148759
56376,5,4+,Pdlim5,393.79208442129897
56378,0,0,Arpc3,485.7837865706331
56379,0,0,Kcnj1,NA
56380,0,0,Arid3b,547.6355927496885
56381,13,4+,Spen,1095.9246780707156
56382,0,0,Rab9,467.9770008148566
56384,0,0,Letm1,221.97254868541512
56386,0,0,B4galt6,1098.4915377765988
56388,0,0,Cyp3a25,NA
56389,4,4+,Stx5a,189.93765969638952
56390,0,0,Znrd2,182.21116355301209
56392,0,0,Shoc2,601.0434981556643
56395,0,0,Tmem115,120.09386520147336
56397,0,0,Morf4l2,4647.017970601382
56398,0,0,Chp1,344.64786536390926
56399,5,4+,Akap8,1259.4299899579494
56401,0,0,P3h1,42.61521842068736
56403,0,0,Syncrip,1854.5116841138072
56404,0,0,Trip4,257.6863275552908
56405,5,4+,Dusp14,528.9240210139338
56406,38,4+,Ncoa6,208.4337819010591
56407,4,4+,Trpc4ap,370.4687130038007
56409,5,4+,Nudt3,169.10516127432425
56410,0,0,Cbln3,1.358502663921162
56412,0,0,Noa1,99.94423246361494
56417,8,4+,Adar,196.70526484084772
56418,0,0,Ykt6,783.2988051724553
56419,0,0,Diaph3,223.60026719907265
56420,6,4+,Ppp4c,1251.105943041474
56421,0,0,Pfkp,596.2499332402397
56422,1,1,Hbs1l,659.5218782374078
56424,19,4+,Stub1,572.9679145380608
56426,10,4+,Pdcd10,495.4363429392919
56427,8,4+,Tubd1,3.58080134666296
56428,1,1,Mtch2,967.7481729457328
56429,0,0,Dpt,NA
56430,0,0,Clip1,207.7075496477104
56431,0,0,Dstn,3216.3207479831012
56433,0,0,Vps29,835.2374898558467
56434,0,0,Tspan3,488.58451536934905
56436,7,4+,Adrm1,67.76979890003477
56437,0,0,Rrad,10.767480258014558
56438,0,0,Rbx1,2287.132471074491
56440,0,0,Snx1,271.76407458818466
56441,0,0,Naa80,40.01932877183672
56442,0,0,Serinc1,499.9556441768442
56443,0,0,Arpc1a,738.8365234798075
56444,0,0,Actr10,919.6446784797268
56445,0,0,Dnaja2,5192.4335773138555
56447,7,4+,Copz1,663.5737972995861
56448,0,0,Cyp2d22,5.3052338785309825
56449,0,0,Ybx3,6644.30007853268
56451,9,4+,Suclg1,802.98620657974
56452,0,0,Orc6,1134.7989415629947
56453,0,0,Mbtps1,764.0479691079497
56454,8,4+,Aldh18a1,43.745589445002025
56455,10,4+,Dynll1,7482.1435572004
56456,0,0,Actl6a,1050.4415764596567
56457,2,2,Clptm1,681.198529340088
56458,0,0,Foxo1,361.62807023381953
56459,0,0,Sae1,2161.7735095843564
56460,8,4+,Pkp3,30.84643827838118
56461,5,4+,Kcnip3,53.26743763419834
56462,0,0,Mtch1,333.2649149758884
56463,1,1,Snd1,649.4698116189331
56464,1,1,Ctsf,34.92789572745948
56468,1,1,Socs5,160.78608550421575
56469,0,0,Pias1,608.0183016958485
56470,0,0,Rgs19,131.07802334625742
56471,0,0,Stmn4,4.643719610470451
56473,1,1,Fads2,74.81082059903578
56480,15,4+,Tbk1,103.79278349898809
56484,0,0,Foxo3,209.85465626582885
56485,10,4+,Slc2a5,2.364874194187886
56486,0,0,Gabarap,2110.2517103598
56488,0,0,Nxt1,445.2559768949528
56489,0,0,Ikbke,14.654980273917776
56490,0,0,Zbtb20,43.30829404404215
56491,0,0,Vapb,108.70494138275296
56492,0,0,Cldn18,NA
56494,2,2,Gosr2,233.6364528167197
56495,13,4+,Get3,NA
56496,0,0,Tspan6,150.12237694214022
56501,0,0,Elf4,162.81814696177943
56503,4,4+,Ankrd49,226.98046520417861
56504,0,0,Srpk3,NA
56505,0,0,Ruvbl1,428.062695022103
56506,0,0,Cib2,13.39181639675686
56508,0,0,Rapgef4,3.428123293964868
56513,3,3,Pard6a,46.218460225523216
56515,0,0,Rnf138,450.7165168140832
56516,2,2,Rbms2,825.7950741120449
56517,11,4+,Slc22a21,3.1223551615150686
56519,0,0,Defb4,NA
56520,19,4+,Nme4,1536.885557055872
56522,6,4+,Papolb,24.791614603818523
56523,2,2,Pmfbp1,1.7457478509674396
56524,0,0,Pals2,NA
56525,3,3,Zfp235,31.924688980918095
56526,5,4+,Septin6,NA
56527,19,4+,Mast1,33.46788169464292
56529,0,0,Sec11a,1041.1639037397138
56530,0,0,Cnpy2,429.8715165153475
56531,0,0,Ylpm1,347.0720555387739
56532,16,4+,Ripk3,40.242491645905886
56533,0,0,Rgs17,24.481651355512746
56534,0,0,Hspb3,NA
56535,0,0,Pex3,72.7237275474646
56538,0,0,Klk11,27.10994180657979
56541,0,0,Habp4,32.086452344481714
56542,0,0,Cilk1,NA
56543,0,0,Kcnd3,NA
56544,0,0,Vmn2r1,NA
56546,0,0,Sec1,4.119585752572673
56550,0,0,Ube2d2a,1904.134658236783
56551,11,4+,Txn2,1704.0706898465328
56552,0,0,Vmn2r26,NA
56554,0,0,Raet1d,1.8172974540907532
56612,0,0,Pfdn5,434.5383810001137
56613,3,3,Rps6ka4,NA
56615,0,0,Mgst1,9.281877259584764
56619,0,0,Clec4e,NA
56620,0,0,Clec4n,NA
56622,3,3,Adam21,NA
56626,12,4+,Poll,17.25813686868504
56629,0,0,Dnase2b,NA
56631,0,0,Trim17,0.985689719427013
56632,0,0,Sphk2,161.36411378590407
56635,0,0,Prl2a1,NA
56636,0,0,Fgf21,NA
56637,0,0,Gsk3b,240.0834236301971
56640,11,4+,Klk4,NA
56642,14,4+,Ankrd2,NA
56643,18,4+,Slc15a1,22.184297013523455
56644,0,0,Clec7a,NA
56690,7,4+,Mlycd,8.767988215315928
56691,15,4+,Dnajb8,NA
56692,0,0,Lamtor3,204.3410534343056
56693,0,0,Crtap,1022.47350514014
56695,0,0,Pnkd,538.1600164832771
56696,0,0,Gpr132,NA
56697,6,4+,Akap10,28.096556515076763
56698,3,3,Phax,478.3632741463539
56699,0,0,Cdc42ep4,463.8313907791491
56700,0,0,Glmp,152.21707598504622
56702,0,0,H1f5,NA
56703,9,4+,Pigo,66.72271561715762
56705,22,4+,Ranbp9,175.0791493218901
56706,0,0,Ccnl1,275.4752208806353
56707,0,0,Zfp111,210.77325945190327
56708,60,4+,Clcf1,7.031164999706382
56709,0,0,Dnajb12,128.09280475781338
56710,0,0,Brinp1,1.9421073575661565
56711,34,4+,Plag1,4.514688216562987
56715,8,4+,Rabgef1,91.74986442971326
56716,0,0,Mlst8,44.50093548503013
56717,2,2,Mtor,156.31089681007717
56720,0,0,Tdo2,NA
56722,0,0,Litaf,548.1836148492523
56724,0,0,Cript,296.84760724410165
56726,0,0,Sh3bgrl,100.32764535926556
56727,0,0,Miox,1.9138933458128988
56734,18,4+,Tulp2,26.499526299030045
56735,8,4+,Krt71,0.7987566254826953
56736,0,0,Rnf14,348.63957677810504
56737,17,4+,Alg2,215.56113406221837
56738,0,0,Mocs1,16.325962286545753
56739,0,0,Rec8,19.707442862728925
56741,19,4+,Igdcc4,76.17892484686321
56742,0,0,Psrc1,515.9752489463431
56743,0,0,Lat2,4.873965268462342
56744,5,4+,Pf4,NA
56745,2,2,C1qtnf1,NA
56746,8,4+,Tex101,3.3029633325846715
56747,26,4+,Sez6l,1.7448976357185355
56748,2,2,Nfu1,417.341678344898
56749,0,0,Dhodh,335.04533599191745
56752,0,0,Aldh9a1,353.19811738075975
56753,0,0,Tacstd2,224.2263260304551
56758,0,0,Mbnl1,61.32612577197488
56760,0,0,Clec1b,NA
56771,2,2,Med20,244.05403846172752
56772,3,3,Mllt11,65.71274522566317
56773,0,0,Chst5,14.125528538958257
56774,0,0,Slc6a14,3.213817776650159
56784,0,0,Ralgapa1,101.84001702603832
56786,0,0,Tmem9b,120.93702671048804
56787,0,0,Ascl3,NA
56788,6,4+,Scube2,1.698852120571593
56790,6,4+,Supt20,423.702547295763
56791,0,0,Ube2l6,20.89781639323421
56792,0,0,Stap1,NA
56794,12,4+,Hacl1,25.84567815423629
56795,0,0,Arl10,3.640608395494457
56802,0,0,Gnasas1,7.785295962496287
56805,0,0,Zbtb33,72.54958332186075
56807,8,4+,Scamp5,66.60974583852706
56808,37,4+,Cacna2d2,8.117950655831482
56809,28,4+,Gmeb1,238.63085535666343
56811,0,0,Dkk2,NA
56812,0,0,Dnajb2,36.17157543696812
56835,0,0,Ctsr,NA
56838,0,0,Ccl28,NA
56839,2,2,Lgi1,2.26122356350983
56843,0,0,Trpm5,NA
56844,11,4+,Tssc4,200.34782160339967
56846,0,0,Necab3,9.170277819418336
56847,0,0,Aldh1a3,39.95794898897519
56856,0,0,Insm2,NA
56857,0,0,Slc37a2,29.924828072234803
56858,0,0,Or11h4,NA
56860,0,0,Or52b1,NA
56861,0,0,Or5p57,NA
56863,0,0,Cldn9,11.244422628424976
56868,22,4+,Psg23,NA
56869,10,4+,Zfp109,3.6976980159877137
56872,0,0,Pate4,NA
56873,0,0,Lmbr1,60.18645013763742
56874,0,0,Rnf32,16.32596299732041
56876,31,4+,Nsmf,3.100804592417989
56878,0,0,Rbms1,2552.651870565385
57014,7,4+,Htr3b,NA
57028,22,4+,Pdxp,332.038952862902
57080,0,0,Gtf2ird1,387.5113488705748
57138,0,0,Slc12a5,17.02701302333514
57170,0,0,Dolpp1,154.30771781738247
57230,2,2,Sap30bp,181.37206365640503
57246,2,2,Tbx20,21.18117522599289
57247,8,4+,Zfp276,31.047021839405637
57248,0,0,Ly6i,NA
57249,0,0,Gabrq,NA
57250,0,0,Or52d3,NA
57251,0,0,Or8b12i,NA
57252,0,0,Tas2r105,NA
57253,0,0,Tas2r108,NA
57254,0,0,Tas2r119,NA
57255,0,0,Cldn13,NA
57256,8,4+,Prss21,NA
57257,0,0,Vav3,8.036062761975684
57258,0,0,Xpo4,486.3682566524282
57259,0,0,Tob2,99.34611769153284
57260,0,0,Ltb4r2,5.452122266869973
57261,1,1,Brd4,2332.949674866187
57262,0,0,Retnla,NA
57263,4,4+,Retnlb,NA
57264,12,4+,Retn,0.9923260315004536
57265,2,2,Fzd2,306.6184856752965
57266,2,2,Cxcl14,26.811246673480188
57267,26,4+,Apba3,93.9386616622408
57269,4,4+,Or4e5,NA
57270,0,0,Or4e1,NA
57271,0,0,Or4e2,NA
57272,0,0,Or4c3d,NA
57274,12,4+,Slc16a8,NA
57276,10,4+,Vsig2,4.972259656341655
57277,0,0,Slurp1,NA
57278,7,4+,Bcam,870.3597877072253
57279,8,4+,Slc25a20,351.83854766470296
57294,0,0,Rps27,24.492026438178627
57295,22,4+,Icmt,81.34191218984199
57296,8,4+,Psmd8,1340.9506890806624
57312,0,0,Mrps31,262.0187374581979
57314,0,0,Nelfcd,276.8951458755061
57315,1,1,Wdr46,125.61291222762148
57316,0,0,C1d,810.8087611342839
57317,1,1,Srsf4,902.7006872170292
57319,0,0,Smpdl3a,2.7900815781693553
57320,0,0,Park7,576.1263981367457
57321,0,0,Terf2ip,225.0983667432727
57329,0,0,Otor,NA
57330,10,4+,Gigyf1,368.6500231951298
57339,0,0,Jph1,18.03808037887839
57340,3,3,Jph3,35.05366511496712
57342,8,4+,Parva,335.15499208362996
57344,0,0,As3mt,36.44753824731523
57349,0,0,Ppbp,103.67140044321144
57354,0,0,Cramp1,NA
57355,5,4+,BC051019,5.275271115117964
57357,7,4+,Srd5a3,120.92843895280424
57370,0,0,B4galt3,74.48444878506727
57373,0,0,Akip1,91.1067005451809
57376,0,0,Smarce1,308.50525723623974
57377,10,4+,Mogs,71.55839724936716
57385,0,0,P2ry4,NA
57390,0,0,Psors1c2,643.7598508480702
57394,0,0,Cltrn,NA
574081,0,0,Defb46,NA
57423,0,0,Atp5mf,NA
57425,0,0,U90926,NA
57426,3,3,Scgb1b2,NA
57429,10,4+,Sult5a1,19.92761869058105
57430,0,0,Sult3a1,NA
57431,2,2,Dnajc4,31.447080227879532
57432,3,3,Zc3h8,79.68985299909966
57434,6,4+,Xrcc2,119.92605979979376
57435,0,0,Plin4,NA
57436,0,0,Gabarapl1,72.77206863263487
57437,0,0,Golga7,482.97257504484975
57438,0,0,Marchf7,NA
57439,14,4+,Tmem183a,549.3615259528685
57440,0,0,Ehd3,44.02607227780141
574402,4,4+,Gpr17,NA
574403,0,0,Insyn2b,3.88638051450897
574404,0,0,Pwwp4a,NA
57441,3,3,Gmnn,639.7021547893494
574417,0,0,Tas2r137,NA
574418,0,0,Serinc4,2.1894828526229446
57442,0,0,Kcne3,NA
574428,0,0,Zmynd15,13.410688984778853
574429,8,4+,Psg26,NA
57443,8,4+,Fbxo3,230.1083805688861
574437,0,0,Xlr3b,68.4461987947796
574438,21,4+,Xlr5a,58.65161052487317
57444,1,1,Isg20,6.24408088130427
574519,5,4+,Vax2os,3.6800969544088047
57737,0,0,Rhox4b,NA
57738,0,0,Slc15a2,22.135039088605055
57740,0,0,Stk32c,NA
57741,0,0,Noc2l,401.44745206261376
57742,0,0,Abhd1,NA
57743,1,1,Sec61a2,356.2775374794898
57745,18,4+,Zfp112,1.4187814285223783
57746,15,4+,Piwil2,56.37907648739427
57748,0,0,Jmy,145.72376556576984
57749,0,0,Piwil1,1.7978995918952492
57750,0,0,Wdr12,281.4742670632685
57751,0,0,Rnf25,6.389992387988711
57752,0,0,Tacc2,224.60366849462756
57753,0,0,Noc3l,344.4254473079568
57754,0,0,Cend1,3.404896169101857
57755,0,0,Dnajb7,NA
57756,0,0,Fhl5,NA
57757,0,0,Pglyrp2,1.1579990656906447
57764,0,0,Ntn4,1.656005263312219
57765,6,4+,Tbx21,1.3424695775538007
57773,0,0,Wdr4,92.30516640808423
57775,26,4+,Usp29,32.54990486277132
57776,0,0,Ttyh1,58.63981052478285
57778,0,0,Fmnl1,67.66176782857744
57780,0,0,Fxyd7,1.455567630780802
57781,0,0,Cd200r1,NA
57782,0,0,Rbak,27.742830110682057
57783,0,0,Tnip1,59.91740607093677
57784,16,4+,Bin3,39.052910164093994
57785,2,2,Rangrf,344.4501233996822
57808,2,2,Rpl35a,4302.934337857941
57810,0,0,Cdon,102.71684331659044
57811,0,0,Rgr,NA
57813,0,0,Tk2,39.37944795896387
57814,0,0,Kcne4,NA
57815,0,0,Afg2a,NA
57816,4,4+,Tesc,12.207387211787276
57837,13,4+,Eral1,414.154734829133
57866,0,0,AA545190,NA
57869,0,0,Adck2,7.3847095156407665
57874,0,0,Hacd3,216.9651178753226
57875,0,0,Angptl4,29.314885740847743
57890,11,4+,Il17re,17.39877203156543
57895,0,0,Ccdc126,13.282324648384677
57896,32,4+,Krcc1,202.6339595605124
57905,0,0,Isy1,377.47156968275374
57908,13,4+,Zfp318,189.06953275379047
57911,23,4+,Gsdma,6.175412088364771
57912,0,0,Cdc42se1,351.8785098859342
57913,0,0,Pidd1,100.1545298132043
57914,0,0,Crlf2,91.9999444798068
57915,0,0,Tbc1d1,84.43936414632053
57916,0,0,Tnfrsf13b,4.636847516866528
58170,3,3,Asic5,NA
58172,0,0,Sertad2,211.4323090595602
58175,0,0,Rgs20,13.677714197214502
58176,3,3,Rhbg,7.602987532278702
58178,0,0,Sorcs1,NA
58179,0,0,Klrc3,NA
58180,0,0,Hic2,650.0982143512858
58181,0,0,Il20,NA
58182,5,4+,Prokr1,0.7640871302550604
58184,0,0,Cnot9,2120.427037283889
58185,4,4+,Rsad2,2.2761964850333873
58186,0,0,Rad18,249.5106380969824
58187,0,0,Cldn10,NA
58188,0,0,Vstm2b,4.207722809463817
58193,0,0,Extl2,57.77776215918071
58194,0,0,Sh3kbp1,59.286349149597434
58198,33,4+,Sall1,396.1008028872023
58200,0,0,Ppp1r1a,144.7000941727934
58202,17,4+,Nelfb,180.06843602155217
58203,9,4+,Zbp1,3.5981493725606786
58205,0,0,Pdcd1lg2,1.523299476846684
58206,0,0,Zbtb32,30.93824863859302
58207,1,1,Slc43a3,41.81397632727554
58208,0,0,Bcl11b,11.393746347604749
58210,4,4+,Sectm1b,1.6673846439328002
58212,17,4+,Srrm3,3.43078984451439
58214,0,0,Cst5,NA
58217,6,4+,Trem1,NA
58218,9,4+,Trem3,NA
58220,4,4+,Pard6b,256.1761587277082
58222,1,1,Rab37,1.94706658878031
58223,7,4+,Mmp19,2.3684559182355707
58226,14,4+,Cacna1h,7.3220372348178415
58227,0,0,Fam184b,5.8705892895475005
58229,0,0,Efcc1,2.9994599102405095
58230,8,4+,Rnf8,436.7127132450718
58231,0,0,Stk4,951.6514689853992
58233,0,0,Dnaja4,10.398732262223902
58234,0,0,Shank3,19.905635830128013
58235,6,4+,Nectin1,69.55461248602278
58237,19,4+,Nkain4,76.80746372280706
58239,18,4+,Dexi,41.04497802147819
58240,0,0,Hs1bp3,710.8029775465699
58242,0,0,Nudt11,65.24104996724654
58243,0,0,Nap1l5,7.467055885988741
58244,9,4+,Stx6,191.91048002044124
58245,0,0,Gpr180,49.09831661349631
58246,0,0,Slc35b4,236.6856302049902
58248,13,4+,1700123O20Rik,191.48015565868343
58249,0,0,Fibp,108.8358665146844
58250,0,0,Chst11,37.62715209573085
58251,0,0,Cep295nl,1.115544966322268
58518,0,0,Cts6,NA
58520,0,0,Erg28,296.58874440771586
58521,0,0,Eid1,565.2646167713799
58522,6,4+,Trim54,8.878377752437839
58523,15,4+,Elp2,2963.10461046196
58799,0,0,Crbn,100.87312426741693
58800,0,0,Trpm7,274.10360961409293
58801,0,0,Pmaip1,185.86203115197117
58802,0,0,Kcnmb4,14.551134632901986
58803,6,4+,Pga5,1.7882900591557669
58804,3,3,Cdc42ep5,79.77907571376716
58805,0,0,Mlxipl,16.668378093876985
58807,0,0,Slco1c1,NA
58809,0,0,Rnase4,39.31112969217633
58810,6,4+,Akr1a1,902.6767176569454
58859,41,4+,Efemp2,35.5562474756789
58860,0,0,Adamdec1,NA
58861,0,0,Cysltr1,35.49243221300997
58864,0,0,Tssk3,NA
58865,0,0,Tdh,1060.93084739796
58866,0,0,Treh,NA
58867,0,0,Syngr4,2.5576953809397405
58869,1,1,Pex5l,0.7426734640002717
58875,8,4+,Hibadh,1022.5869090687894
58887,0,0,Repin1,42.835051564124434
58894,4,4+,Zfp862-ps,NA
58909,0,0,Fam13a,2.086685043364923
58911,2,2,Sumf1,103.72941060750952
58916,0,0,Myot,2.579342489330042
58988,17,4+,Rps6kb2,72.80779184142582
58991,0,0,Ghrl,NA
58992,1,1,F12,NA
58994,2,2,Smpd3,6.004847464070647
58996,7,4+,Arhgap23,490.78407935624887
58998,0,0,Nectin3,314.78053507123127
59001,0,0,Pole3,327.05494486698905
59002,1,1,Wrap73,54.91000628271466
59003,0,0,Maea,767.688769284032
59004,2,2,Pias4,575.789761794662
59005,3,3,Trappc2l,300.4734526626002
59006,0,0,Myoz2,NA
59007,0,0,Ngly1,25.56210220254643
59008,3,3,Anapc5,351.2128709009241
59009,0,0,Sh3rf1,135.6353649538793
59010,0,0,Sqor,0.9432941301800988
59011,0,0,Myoz1,0.9041580938052276
59012,0,0,Moxd1,14.194331681907684
59013,10,4+,Hnrnph1,4629.848956914569
59014,13,4+,Rrs1,613.6727488676964
59015,8,4+,Nup160,414.48920985312
59016,2,2,Thap11,209.8011454877135
59020,0,0,Pdzk1,4.365384226190241
59021,20,4+,Rab2a,908.7220331995222
59022,0,0,Edf1,242.84499758019348
59024,0,0,Med12,277.0797709485776
59025,0,0,Usp14,2002.8238821893392
59026,0,0,Huwe1,653.3111450302276
59027,0,0,Nampt,725.2995972903208
59028,6,4+,Rcl1,661.6232711690463
59029,0,0,Psmd14,1562.9945785479422
59030,0,0,Mkks,208.0523270002074
59031,2,2,Chst12,222.50488110054653
59032,0,0,Ppp2r3c,65.07438132696748
59033,1,1,Slc4a8,51.40332520492674
59035,0,0,Carm1,642.6003209665436
59036,0,0,Dact1,163.442684361025
59038,3,3,Pxmp4,82.30108388698399
59040,4,4+,Rhot1,1123.152598327794
59041,0,0,Stk25,86.48490320756368
59042,22,4+,Cope,130.30622644078954
59043,0,0,Wsb2,238.6819935963104
59044,0,0,Rnf130,33.53693568678528
59045,0,0,Stard3,112.88709913517116
59046,0,0,Arpp19,1136.4944138919543
59047,0,0,Pnkp,82.03691928127691
59048,0,0,C1galt1c1,26.455802885803102
59049,0,0,Slc22a17,36.92964310797872
59050,0,0,Nsa2,2734.431241442081
59052,0,0,Mettl9,619.0585391973008
59053,0,0,Hgh1,175.25538500984115
59054,0,0,Mrps30,287.2371990938885
59056,7,4+,Evc,27.33111871687406
59057,0,0,Zfp24,190.2265949560924
59058,6,4+,Bhlhe22,12.215021466550876
59069,0,0,Tpm3,1775.3300503244598
59079,0,0,Erbin,65.3562954117102
59083,18,4+,Fetub,5.069029370241732
59090,37,4+,Midn,778.5800712895208
59091,0,0,Jph2,11.505731941935268
59092,0,0,Pcbp4,715.7617069290127
59093,5,4+,Pcbp3,56.73675573842896
59095,0,0,Fxyd6,258.0382796606993
59125,0,0,Nek7,278.074042130001
59126,0,0,Nek6,218.20008949476707
59287,0,0,Ncstn,310.1109412871213
59288,0,0,Dctn5,152.1027105674489
59289,10,4+,Ackr2,NA
59290,0,0,Gpa33,1028.8407900501209
59308,3,3,Emcn,NA
59310,7,4+,Myl10,NA
594843,0,0,Has2os,NA
594844,0,0,Tceal3,3.6243135146127865
595136,0,0,Ndufs5,252.8719235325368
60315,0,0,Myg1,234.7304729499841
60321,1,1,Wbp11,1139.8571780363673
60322,0,0,Chst7,5.609033995245788
60344,0,0,Fign,99.92240505374998
60345,7,4+,Nrip2,NA
60361,0,0,Ms4a4b,NA
60363,19,4+,Cldn15,1.6331854470622496
60364,1,1,Donson,62.21558837884632
60365,0,0,Rbm8a,2217.6023461318473
60367,16,4+,Il1rapl2,NA
60406,0,0,Sap30,262.5240403248553
60409,7,4+,Trappc4,350.17616786834367
60411,0,0,Cenpk,103.2689207950974
60425,18,4+,Doc2g,5.090346125489734
60440,0,0,Iigp1,NA
60441,11,4+,Mrpl38,623.9321593819108
60455,10,4+,Pgap6,NA
60504,0,0,Il21r,NA
60505,4,4+,Il21,NA
60507,12,4+,Qtrt1,170.97897549326598
60510,18,4+,Syt9,104.92974432350525
60525,0,0,Acss2,74.91793662421212
60527,14,4+,Fads3,7.077956244684529
60530,3,3,Fignl1,321.26142483918636
60531,1,1,Npvf,NA
60532,3,3,Wtap,733.6451482314715
60533,0,0,Cd274,2.350661965880582
60534,13,4+,Fancg,251.4954040915584
60594,14,4+,Capn12,22.86442676416806
60595,0,0,Actn4,2240.543665574691
60596,0,0,Gucy1a1,NA
60597,9,4+,Mapk8ip2,60.828948602858745
60599,16,4+,Trp53inp1,285.23146505244557
60611,3,3,Foxj2,62.42658273810112
60613,0,0,Kcnq4,2.614905679028597
606496,0,0,Gsk3a,962.644253117191
606497,0,0,Otx2os1,1.66208533292794
606736,0,0,C920009B18Rik,NA
613254,0,0,AA465934,615.0748718303474
613258,4,4+,A730017L22Rik,2.8379946655481607
613262,0,0,Mmp24os1,NA
613264,0,0,Cfap92,NA
619287,0,0,Rtl4,NA
619288,10,4+,Garin4,NA
619289,4,4+,Rfx8,NA
619293,0,0,9230009I02Rik,NA
619294,0,0,Cldn34b4,NA
619295,11,4+,Lrp8os2,5.9387343234110315
619297,0,0,Ccdc194,36.6965486196914
619299,0,0,9230020A06Rik,NA
619300,0,0,6430553K19Rik,NA
619301,0,0,Tmem253,59.18966961306927
619303,0,0,4930567H17Rik,NA
619308,12,4+,F830208F22Rik,NA
619310,0,0,Zfp872,NA
619312,0,0,G730013B05Rik,3.5474469411849325
619313,0,0,I730030J21Rik,NA
619314,1,1,B020014A21Rik,NA
619318,0,0,4930432M17Rik,NA
619321,0,0,9530052E02Rik,NA
619326,0,0,Degs1l,NA
619327,0,0,G630093K05Rik,NA
619328,0,0,I730028E13Rik,NA
619331,0,0,Zfp551,2.640277160727248
619332,0,0,Taf7l2,1.4757893076500013
619355,0,0,Gm6083,NA
619371,0,0,Stxbp3-ps,NA
619441,31,4+,Tnfsfm13,NA
619517,0,0,Esp1,NA
619548,0,0,Defb42,2.8594792980838997
619597,0,0,Gal3st2c,NA
619605,0,0,Zcchc17,269.5028005231671
619665,0,0,Klf14,2.8176436572781807
619677,0,0,4930529C04Rik,NA
619697,0,0,Vmn2r116,NA
619715,0,0,Gm6093,7.933734710272822
619788,0,0,Vmn2r117,NA
619842,0,0,Gm12633,NA
619945,0,0,Gm6116,NA
619991,0,0,Gm6121,NA
620016,0,0,Gm12669,NA
620078,0,0,Sp140l2,NA
620079,0,0,Gm17751,NA
620235,14,4+,Siglec15,NA
620253,9,4+,Dcpp3,NA
620292,0,0,Cntnap5c,NA
620393,3,3,Alkal1,NA
620401,0,0,Vmn1r240,NA
620417,0,0,Gm6150,NA
620419,0,0,Zfp963,13.755634671927115
620592,29,4+,Nalf2,NA
620631,0,0,Ift70a2,NA
620672,0,0,Vmn2r67,NA
620695,0,0,Gm13889,11.802890115451929
620697,0,0,Vmn2r68,NA
620709,0,0,Lcn6,NA
620758,0,0,Vmn1r160,NA
620760,0,0,2900079G21Rik,NA
620779,0,0,Gm12695,NA
620807,7,4+,Mup6,124.8874504282666
620858,4,4+,Gm13539,NA
620913,10,4+,Gm12185,NA
620928,0,0,Vmn2r73,NA
620966,0,0,Gm6194,NA
621080,4,4+,AI429214,3.535234895701534
621239,35,4+,Nhlrc4,NA
621335,0,0,Gm6213,NA
621427,8,4+,Gm10244,17.76515456812027
621430,0,0,Vmn2r79,1.5024692239061674
621510,0,0,Vmn1r129,NA
621561,0,0,Vmn1r127,NA
621603,20,4+,Aldh3b2,2.5268821228543716
621628,7,4+,Cldn20,NA
621677,0,0,Gm6249,NA
621697,0,0,Rpl32l,NA
621809,0,0,Gm6260,NA
621823,0,0,Psme2b,0.9828637138323696
621852,0,0,Rhox3f,NA
621893,7,4+,H2ac21,NA
621901,0,0,Ct47,NA
621976,0,0,Tmem170b,17.091888513761493
621998,0,0,Gm6277,NA
622019,7,4+,Gm11780,NA
622032,0,0,Vmn1r167,NA
622037,16,4+,B930092H01Rik,NA
622070,0,0,Gm15133,NA
622117,0,0,Triml2,433.1174501965767
622124,0,0,Gm20750,NA
622127,0,0,Cyp3a57,NA
622139,0,0,Clca4c-ps,NA
622167,0,0,Gm12718,NA
622222,0,0,Vmn1r175,NA
622229,0,0,Gm6300,NA
622301,0,0,Rhox2h,NA
622307,0,0,Albfm1,NA
622319,2,2,Gm6313,NA
622320,0,0,Kctd21,34.65201198563825
622402,0,0,Akr1c12,1.403464901074868
622404,15,4+,Ccdc107,24.625962671267494
622408,0,0,Mcidas,NA
622434,0,0,Arhgef26,131.5852694917346
622459,0,0,Carinh,NA
622473,0,0,Ripply1,NA
622474,0,0,Smok3b,NA
622486,0,0,Smok3c,NA
622523,0,0,Gm6329,8.097617750700179
622552,2,2,Gm20751,NA
622554,0,0,Majin,7.628871523574971
622629,0,0,Krtap10-31,NA
622645,0,0,Tmem200c,NA
622665,5,4+,Ccdc17,4.692497051504814
622675,0,0,Zfp827,30.08508589716464
622708,2,2,Gm6345,NA
622924,2,2,Gm6370,NA
622935,0,0,Krtap20-2,NA
622976,0,0,Gm6377,NA
623046,0,0,Fscb,NA
623121,0,0,Ifi213,NA
623131,10,4+,Prr19,29.06199376813988
623166,0,0,Prr23a1,0.8856580415704528
623169,0,0,Gm6402,NA
623186,0,0,Prr23a2,NA
623197,2,2,Msantd5f5,NA
623198,0,0,Gm6408,NA
623230,0,0,Tmem200b,NA
623273,2,2,Alms1-ps2,NA
623279,0,0,Dok6,1.2296638860687954
623281,0,0,Msantd5f9,NA
623312,0,0,Gm6416,NA
623459,5,4+,Faiml,NA
623474,11,4+,Rad54b,104.86181395180164
623503,0,0,Prlh,NA
623534,7,4+,Nme9,NA
623661,0,0,Lipt1,80.67905414436005
623734,0,0,Vmn2r85,NA
623781,0,0,Gm14137,1.7633582102294438
623849,0,0,Gm6455,NA
623898,0,0,Speer1h,NA
624153,0,0,H2ab2,NA
624219,0,0,Angptl8,NA
624224,0,0,Clrn2,NA
624245,1,1,Speer4e1,NA
624367,0,0,Gm6498,NA
624512,0,0,Vmn2r33,NA
624549,0,0,Gm29683,NA
624582,0,0,Morf4l1-ps1,NA
624681,5,4+,Btnl6,NA
624710,1,1,Gm6524,NA
624713,0,0,Gm6525,7.09286989595298
624759,0,0,Gm20752,NA
624765,0,0,Vmn2r80,NA
624784,11,4+,Tdg-ps2,NA
624845,0,0,Vmn2r82,NA
624855,4,4+,Cks1brt,314.28126015701184
624860,0,0,Gm12253,NA
624866,0,0,Lekr1,14.520055695382563
624910,0,0,Rgs21,NA
624936,0,0,Pou5f1-rs8,NA
624957,0,0,H2ab3,NA
625018,30,4+,C4a,NA
625029,0,0,Vmn2r83,NA
625054,3,3,Gm6548,NA
625060,0,0,Gm6551,NA
625068,0,0,Vmn2r84,0.8019883302634185
625098,0,0,Slc38a6,267.90830480788304
625109,0,0,Vmn2r86,NA
625123,4,4+,Gm6557,NA
625131,0,0,Vmn2r87,NA
625167,2,2,Gm6559,NA
625175,0,0,1700028E10Rik,5.513220837535824
625210,2,2,Gm14625,NA
625237,2,2,Gm6566,NA
625243,0,0,Gm6567,NA
625249,9,4+,Gpx4,1788.9744798752731
625286,5,4+,Tmem236,NA
625321,0,0,Trim30e-ps1,NA
625328,3,3,H3f3c,NA
625342,2,2,Gm13315,NA
625347,2,2,Gm6578,NA
625353,0,0,Vmn2r35,NA
625360,5,4+,Tcstv4,NA
625424,25,4+,Ccdc121rt3,NA
625464,2,2,Ccdc121rt2,NA
625480,0,0,Ssxb14,NA
625508,0,0,Gm14596,NA
625530,0,0,Usp17le,1.0539743299152466
625580,0,0,Vmn2r48,NA
625585,0,0,Gm6602,NA
625599,0,0,Gml,NA
625603,3,3,Gm6607,NA
625605,0,0,Vmn2r49,NA
625638,0,0,Fam43b,1.0536870299930536
625662,0,0,Ankrd31,15.429311206113807
625713,0,0,Samt1d,NA
625716,2,2,Slco1a8,NA
625785,13,4+,Gm6623,NA
625823,0,0,Vmn1r1,NA
625850,2,2,Gm11166,NA
625853,0,0,Or8k31,NA
625963,0,0,Gm6639,0.952357853352438
626009,0,0,Gm6644,NA
626049,0,0,Gm20753,NA
626058,2,2,E330020D12Rik,6.071950679523061
626082,0,0,Gm20754,NA
626175,0,0,Gm6654,NA
626275,0,0,A930012L18Rik,NA
626299,0,0,Vmn1r194,NA
626305,0,0,Scgb1b7,NA
626316,0,0,Zfp987,19.501182183695644
626359,5,4+,Wdr93,2.8450469974371333
626391,0,0,Zfp951,64.0404047075335
626397,0,0,Vmn1r12,NA
626410,0,0,Gm20755,NA
626415,0,0,Potefam3e,NA
626419,20,4+,Gm11981,NA
626578,10,4+,Gbp10,NA
626596,17,4+,Rgs22,2.07866923671098
626615,0,0,Apol11a,NA
626682,2,2,Defa28,NA
626693,0,0,Gm15713,NA
626708,0,0,Defa26,NA
626802,13,4+,Gm14322,1.6398953559916265
626828,0,0,Vmn1r31,NA
626834,0,0,Klk13,15.159922336650387
626848,0,0,Zfp971,NA
626870,0,0,Gm11992,NA
626904,5,4+,Gm20756,NA
626942,0,0,Vmn2r90,1.2600382749985597
626943,0,0,Pramel14,NA
626970,0,0,Scgb2b21,NA
626995,0,0,Pramel30,NA
627009,2,2,Pramel15,NA
627049,14,4+,Zfp800,34.650762345216435
627081,5,4+,Xlr5b,1.712353412500247
627085,0,0,Aadacl4fm2,NA
627110,0,0,Tubb2a-ps2,NA
627111,0,0,Vmn2r92,NA
627132,0,0,Vmn2r93,NA
627191,6,4+,Syndig1l,7.64145952609475
627214,5,4+,Insyn2a,2.364152975037741
627264,0,0,Btbd35f28,NA
627302,0,0,Gm14092,NA
627367,0,0,Vmn2r97,NA
627427,0,0,Gm6756,NA
627470,0,0,Gm6760,NA
627479,1,1,Vmn2r8,NA
627537,0,0,Vmn2r100,NA
627569,0,0,Vmn2r12,NA
627576,0,0,Vmn2r101,NA
627585,0,0,Gm13034,NA
627607,21,4+,Lrrc74a,NA
627626,3,3,Ptchd4,NA
627636,0,0,Vmn2r103,NA
627743,0,0,Vmn2r105,NA
627782,9,4+,Gm6787,2.0627693846221256
627800,2,2,Gm20757,NA
627805,0,0,Vmn2r108,NA
627814,0,0,Vmn2r109,NA
627821,0,0,Eddm13,NA
627860,9,4+,Cyp2d37-ps,NA
627872,0,0,Dnah7a,7.652244404128853
627873,0,0,Eif1ad16,NA
627914,0,0,Gm14430,NA
627927,0,0,Gm6812,NA
627962,0,0,Gm6815,NA
627984,0,0,Nlrp1c-ps,NA
628053,0,0,Gm14725,NA
628062,8,4+,Gm29684,NA
628100,3,3,Fbxo39,NA
628185,0,0,Vmn2r112,NA
628236,0,0,Lipo4,NA
628308,0,0,Zfp970,NA
628324,6,4+,S100a2,NA
628416,0,0,Gm6878,NA
628422,0,0,Vmn2r58,NA
628431,0,0,Hmgb1-rs17,NA
628444,0,0,Vmn2r59,3.4680969418037795
628456,0,0,Ctag2l1,NA
628490,0,0,Vmn2r-ps60,NA
628518,0,0,Ctag2l2,NA
628580,0,0,Vmn1r68,NA
628664,0,0,Gm6902,NA
628686,2,2,D030068K23Rik,20.721034161197533
628705,0,0,Phf11c,10.532750022892714
628709,0,0,Zfp997,NA
628779,0,0,Hs3st4,2.503080449929733
628813,2,2,Gm11437,NA
628854,8,4+,Gm15517,NA
628870,0,0,Otogl,NA
628877,0,0,Gm29685,NA
628893,0,0,Cldn34-ps,NA
628900,0,0,Serpina3i,NA
628923,0,0,Gm14744,NA
628946,0,0,Vmn1r77,NA
628991,0,0,Obp1b,NA
629016,0,0,Zfp953,NA
629024,2,2,Gm6938,NA
629059,0,0,Fam124a,26.680655931958384
629079,0,0,Vmn2r56,NA
629091,0,0,Gm29686,NA
629114,0,0,Defb23,NA
629141,0,0,Misfa,NA
629147,0,0,Ctxn3,NA
629159,16,4+,1700008J07Rik,22.20951603152603
629203,0,0,Sult2a3,NA
629206,0,0,Gm20758,NA
629219,0,0,Sult2a6,NA
629300,8,4+,Gm6961,1.4873219629635108
629303,3,3,Heatr9,NA
629378,0,0,Dact3,137.22126155211882
629481,0,0,Gm29687,NA
629499,14,4+,Mroh8,NA
629524,0,0,Or10ad1b,NA
629542,0,0,Mageb5b,NA
629678,0,0,Gm6994,NA
629747,0,0,Spint3,NA
629754,0,0,Wfdc9,NA
629756,0,0,Wfdc10,1.5939536547590605
629761,7,4+,Wfdc11,NA
629820,4,4+,Gm7008,4.955630841381741
629873,0,0,Krtap1-4,NA
630146,0,0,Cd101,NA
630294,0,0,H2-T25,NA
630499,17,4+,H2-K2,NA
630537,10,4+,Dcpp2,NA
630579,0,0,Zfp808,18.96356834056313
630836,0,0,2010315B03Rik,21.64629645674158
630845,0,0,Tas2r122,NA
630994,0,0,Lce3d,NA
631002,0,0,Ssxb8,NA
631037,0,0,Cyp4b1-ps2,NA
631101,0,0,Lce1k,NA
631145,0,0,Fam90a1b,NA
631304,6,4+,Cyp4f40,1.4874887157255714
631584,1,1,Catspere1,NA
631624,0,0,Gm7072,111.02823400240491
631784,0,0,Gm7073,NA
631797,0,0,Fer1l6,1.2839071669981197
631990,0,0,Cdr1,NA
632126,10,4+,Btnl4,NA
632534,8,4+,Vmn1r191,NA
632671,0,0,Vmn2r18,NA
632687,0,0,Marchf10,NA
632708,3,3,Dmrtc1b,4.45377890997839
632778,2,2,Erich4,NA
632793,0,0,Vmn1r204,NA
632971,0,0,Rergl,NA
633057,0,0,Mplkipl1,NA
633093,0,0,Gm7104,NA
633285,0,0,Rbm46,7.8907307270692915
633395,0,0,Gm10548,NA
633640,0,0,Tmem267,14.870474250948272
633947,20,4+,Gm6225,1.3385306336180636
633979,6,4+,Ak9,5.413580213891633
634104,0,0,Or10ad1,NA
634340,4,4+,Gm7134,NA
634650,0,0,Gbp11,NA
634731,15,4+,Susd1,6.526651026858335
634825,0,0,Defa38,NA
634882,0,0,Itih6,NA
635169,0,0,CK137956,3.014670327633554
635253,0,0,Usp51,5.322231569380703
635396,0,0,Cldn34a,NA
635504,0,0,Gm7160,3.3873601354604506
635580,0,0,Gm16445,NA
635702,0,0,Naaladl2,0.6134470494808666
635895,0,0,Gm7168,NA
636104,0,0,Cfap47,2.130335194602173
636177,0,0,Rhox4f,NA
636697,0,0,Vmn1r60,NA
636731,0,0,Vmn1r61,NA
636741,0,0,Zfp964,2.8948347293055994
636791,0,0,Silc1,NA
636808,0,0,Cntnap5a,NA
636931,1,1,Trim71,3365.9068438403
637004,0,0,Vmn2r3,8.300488347932191
637021,6,4+,Vmn2r124,NA
637053,0,0,Vmn2r4,NA
637079,9,4+,Iqcn,NA
637093,0,0,Tex13c1,NA
637277,0,0,Sycp2l,0.7379552816344079
637515,0,0,Nlrp1b,NA
637578,0,0,Alyreffm15,NA
637776,0,0,Zfp977,6.371178646846857
637873,0,0,Vmn2r61,NA
637896,0,0,Vmn2r78,NA
637898,0,0,Vmn2r60,NA
637908,1,1,Vmn2r53,NA
638102,0,0,Vmn2r115,NA
638247,0,0,9530082P21Rik,2.099874765435031
638251,0,0,Sult2a7,NA
63828,17,4+,Fn3k,NA
63830,5,4+,Kcnq1ot1,1024.1612981500557
638345,4,4+,Sbpl,NA
63856,1,1,Taf8,86.22815347863147
63857,5,4+,Bco1,NA
63859,0,0,Impg1,NA
63872,33,4+,Zfp296,190.05379888942
63873,1,1,Trpv4,6.185958400486674
638988,0,0,Cyp2c53-ps,NA
639025,0,0,Pate12,NA
63913,0,0,Niban1,NA
63953,0,0,Dusp10,81.44725597206488
63954,2,2,Rbp7,10.324759521800525
639545,0,0,Exoc1l,NA
63955,0,0,Cables1,28.670224429524247
63958,2,2,Ube4b,1216.7985526592784
63959,0,0,Slc29a1,2181.893801524823
639634,0,0,Aadacl2,NA
639658,0,0,Gm13807,NA
639769,4,4+,Adh6-ps1,NA
639774,0,0,Skint8,NA
639781,0,0,Skint1,NA
63985,0,0,Gmfb,436.2819347665484
63986,13,4+,Gmfg,22.251957290165564
639910,0,0,Tcstv2c,NA
63993,0,0,Slc5a7,1.730287848555116
64008,0,0,Aqp9,2.9957936580555575
64009,4,4+,Syne1,12.11098909311867
64010,2,2,Sav1,157.89445311015223
64011,0,0,Nrgn,75.24591306268765
64050,6,4+,Yeats4,1061.738321068235
64051,15,4+,Sv2a,35.34651718868808
640524,0,0,Sptbn5,0.5865041946653071
640543,0,0,Tgm7,NA
64058,0,0,Perp,400.2704769320971
64059,0,0,Oxct2a,NA
640627,0,0,Krtap20-21,NA
64074,0,0,Smoc2,NA
64075,0,0,Smoc1,40.350606370111066
64082,2,2,Popdc2,3.7192531969222657
64085,0,0,Clstn2,2.325405514896689
64095,5,4+,Gpr35,1.428280597470935
64099,19,4+,Parvg,10.36821809123109
64103,0,0,Tnmd,NA
64113,1,1,Moap1,2.772065192749356
641340,0,0,Nrbf2,110.16268201095748
64136,0,0,Sdf2l1,149.8487299210993
641361,12,4+,Pinlyp,NA
641368,10,4+,Spint5,8.638966169318705
641376,0,0,Tomm40l,138.47311725381286
64138,3,3,Ctsz,87.16674233168274
64139,1,1,Ctsm,0.5776177749234055
64143,0,0,Ralb,57.864379573663015
64144,18,4+,Mllt1,86.57259913099531
641454,0,0,5830444B04Rik,NA
64176,0,0,Sv2b,NA
64177,0,0,Trpv6,NA
64209,13,4+,Herpud1,85.33968304432742
64213,23,4+,St7,55.06119533949784
64214,0,0,Rgs18,NA
64242,0,0,Ngb,1.8350454313897957
64243,0,0,Gm26504,NA
64244,0,0,Snord116l1,NA
64245,0,0,Snord116l2,NA
64290,0,0,Foxb1,NA
64291,2,2,Osbpl1a,130.46557860598531
64292,0,0,Ptges,70.32365772389684
64293,0,0,Stk32b,1.5962587132244268
64294,12,4+,Itm2c,311.0858322033371
64295,0,0,Tmub1,17.85393308047147
64296,20,4+,Abhd8,45.604205310247046
64297,0,0,Gprc5b,38.508628609979006
64335,0,0,Svs3a,NA
64337,22,4+,Gng13,9.550365706615004
64339,31,4+,Fndc4,56.94934389031357
64340,0,0,Dhx38,149.97822254655597
64378,0,0,Gpr88,NA
64379,0,0,Irx6,NA
64380,0,0,Ms4a4c,NA
64381,0,0,Ms4a8a,NA
64383,19,4+,Sirt2,38.91662821852281
64384,0,0,Sirt3,34.82873894052301
64385,0,0,Cyp4f14,6.23995228106129
64406,0,0,Sp5,58.76080743048293
64424,10,4+,Polr1e,297.986449111453
64435,0,0,Fcamr,NA
64436,0,0,Inpp5e,38.20397204547314
64450,13,4+,Gpr85,5.163666478674541
64451,0,0,Dip2a,65.2172379860902
64452,0,0,Slc5a4a,NA
64453,9,4+,Zfp280b,347.83915018400796
64454,2,2,Slc5a4b,18.17743751368169
64540,2,2,Tspan4,249.38003977517985
64580,0,0,Ndst4,NA
64602,0,0,Ireb2,587.7208986256328
64652,11,4+,Nisch,1151.610538993407
64654,4,4+,Fgf23,NA
64655,6,4+,Mrps22,171.9300727016425
64656,0,0,Mrps23,410.218262064706
64657,9,4+,Mrps10,363.13148439692947
64658,0,0,Mrps25,245.085262042984
64659,8,4+,Mrps14,561.2437892032859
64660,0,0,Mrps24,192.22955125339152
64661,0,0,Krtdap,23.786530617712543
64685,0,0,Nmi,10.8287504083598
64697,0,0,Keg1,NA
64704,23,4+,Htra2,82.11655956032845
64705,0,0,Dpys,118.51415336415737
64706,0,0,Scube1,NA
64707,6,4+,Suv39h2,328.243004131265
64817,13,4+,Svep1,NA
64818,3,3,Krt81,NA
64833,0,0,Acot10,1.8776674732877456
64898,5,4+,Lpin2,82.81065836380931
64899,2,2,Lpin3,11.908077345576697
64918,0,0,Bhmt2,8.094241074452471
64929,0,0,Scel,NA
64930,8,4+,Tsc1,113.23965824996374
64931,1,1,Izumo1r,0.6231078336512565
64933,0,0,Ap3m2,8.770083102553134
64934,0,0,Pes1,1143.0494707899952
64945,0,0,Cldn12,276.2859284089881
65019,2,2,Rpl23,29471.65328883599
65020,0,0,Zfp110,113.35504467700554
65079,13,4+,Rtn4r,1.50783116527377
65086,4,4+,Lpar3,1.3131366512339384
65098,0,0,Zfand6,1298.030778210151
65099,0,0,Irak1bp1,74.86778099618807
65100,1,1,Zic5,333.0690622725966
65102,0,0,Nif3l1,169.52394635579137
65103,0,0,Arl6ip6,232.72334707534984
65105,0,0,Arl6ip4,195.51532580758928
65106,3,3,Arl6ip5,101.8243523742303
65107,8,4+,Lrp10,126.97306956573988
65111,0,0,Dap3,316.40263784509557
65112,0,0,Pmepa1,236.1584319282476
65113,0,0,Ndfip1,425.8651552409724
65114,0,0,Vps35,2937.0521934770095
65115,5,4+,Bean1,1.5258886527743367
65116,11,4+,Prrg2,24.398008041887437
65221,0,0,Slc15a3,0.7867226918715451
65246,4,4+,Xpo7,945.679710363258
65247,1,1,Asb1,73.61424254344598
65254,0,0,Dpysl5,72.20602997858091
65255,1,1,Asb4,4.483664993464107
65256,18,4+,Asb2,1.2440950202310406
65257,0,0,Asb3,197.23939049673228
652925,1,1,Tmem243,67.3517050478222
653016,0,0,Mymx,124.99938389940152
653030,0,0,Arhgap27os3,0.8898682751497011
654309,0,0,Nrp,NA
654318,8,4+,C530005A16Rik,1.07406406642797
654359,3,3,Gm12338,NA
654424,0,0,Mccc1os,1.3477315882936114
654449,0,0,Klra14-ps,NA
654453,0,0,Defb33,NA
654454,0,0,Defb44-ps,NA
654456,0,0,Defa-ps13,NA
654457,5,4+,Defb26,NA
654458,4,4+,Defb43,NA
654459,0,0,Defb25,4.715540120658577
654460,0,0,Defb18,NA
654462,0,0,Kncn,NA
654465,12,4+,Defb47,NA
654469,28,4+,Gm17753,NA
654470,3,3,Tctn1,66.37842843368664
654494,0,0,Gm7337,NA
654498,0,0,Hhla1,NA
654795,1,1,Sdr39u1,392.7680288444018
654796,0,0,9530036O11Rik,NA
654800,20,4+,A730085K08Rik,NA
654801,0,0,Zfp784,3.039312059820451
654802,13,4+,1700105P06Rik,NA
654804,8,4+,4732471J01Rik,2.734750330015802
654809,0,0,4930428O21Rik,NA
654810,0,0,Appbp2os,2.4502898444729344
654812,2,2,Angptl7,2.020646524352951
654818,0,0,Smco3,NA
654821,1,1,Gcnt7,NA
654822,6,4+,D330041H03Rik,5.743731680298826
654824,0,0,Ankrd37,14.818057145225051
65945,6,4+,Clstn1,206.5964226359456
65960,7,4+,Twsg1,105.27343057730342
65961,0,0,Utp3,1260.846169676958
65962,6,4+,Nherf2,NA
65963,2,2,Tmem176b,12.978088074348962
65964,0,0,Map3k20,228.83231251320737
65967,6,4+,Eefsec,260.59766002502846
65969,1,1,Cubn,14.85110847924367
65970,0,0,Lima1,240.4552294720576
65971,11,4+,Tbata,NA
65972,15,4+,Ifi30,221.40903871500765
65973,22,4+,Asph,174.9976214536402
66011,0,0,Ranbp17,159.92836685690546
66039,0,0,Tmem254,NA
66042,0,0,Sostdc1,NA
66043,18,4+,Atp5f1d,NA
66044,12,4+,Dtd1,67.78731214913994
66046,0,0,Ndufb5,759.1752410315054
66047,26,4+,Mrpl54,126.20519552980198
66048,4,4+,Emc6,1295.0381235148106
66049,14,4+,Rogdi,81.06013687434476
66050,1,1,Trappc2b,NA
66052,2,2,Sdhc,440.8601097583907
66053,12,4+,Ppil2,86.43676873245518
66054,0,0,Cndp2,267.6779100532339
66055,0,0,Sf3b6,862.2309277927535
66056,10,4+,Zfp524,7.322919969801466
66058,0,0,Tmem176a,11.39931480617999
66059,37,4+,Krtcap2,2568.5984095613503
66060,0,0,Cystm1,570.539310757309
66061,0,0,Dynlt2b,NA
66065,0,0,Hsd17b14,2595.9337436635956
66066,7,4+,Gng11,4.457091367658065
66067,0,0,Gtpbp8,51.77115589330928
66069,0,0,Snupn,59.955302525445106
66070,0,0,Cwc15,742.1585425831075
66071,1,1,Ethe1,175.88175312632956
66072,0,0,Sdhaf2,125.067015811107
66073,5,4+,Txndc12,539.066801227999
66074,0,0,Tmem167,1522.0700478076285
66075,0,0,Chchd3,337.37315303982905
66077,0,0,Aurkaip1,1104.8972340744383
66078,0,0,Tsen34,1606.8103454882075
66079,0,0,Tmem42,11.003153029007509
66082,0,0,Abhd6,71.90895314933996
66083,4,4+,Setd6,211.94593977567
66084,10,4+,Rmnd1,21.63959635073757
66085,0,0,Eif3f,620.7256870146191
66086,0,0,Cep20,NA
66087,0,0,Emc3,108.28597317867047
66089,0,0,Rmnd5b,302.3054865346321
66090,16,4+,Ypel3,224.6113143838684
66091,0,0,Ndufa3,320.9556405827831
66092,2,2,Ghitm,1599.1789169318254
66094,35,4+,Lsm7,538.067248805325
66096,7,4+,Lamtor4,159.3529594007733
66098,0,0,Chchd6,72.56242364926213
66101,6,4+,Ppih,281.916956727066
66102,0,0,Cxcl16,89.82759875619242
66104,0,0,Tceal6,0.9783170865724572
66105,2,2,Ube2d3,2598.149925152155
66106,0,0,Smpx,NA
66107,0,0,Wfdc21,NA
66108,0,0,Ndufa9,276.81739837679675
66109,1,1,Tspan13,159.0359393549308
66111,4,4+,Tmed3,65.5177955687242
66112,0,0,Mtarc1,NA
66113,3,3,Apoa5,NA
66114,2,2,Dnajc30,96.89837176284271
66116,2,2,Nat8f1,2.3875352020535567
66117,0,0,Fmc1,209.79491464122387
66118,13,4+,Sarnp,2316.446218194603
66119,8,4+,Tomm6,788.1623460025692
66120,8,4+,Fkbp11,72.33510952533642
66121,2,2,Chchd1,394.0131102307378
66123,11,4+,1110006O24Rik,11.679410999431706
66124,9,4+,Josd2,41.753185824404575
66125,7,4+,Sf3b5,455.7792967044445
66126,0,0,Elof1,114.3187596948252
66128,17,4+,Mrps36,272.7036390348611
66129,3,3,Prxl2c,78.33142362942523
66131,0,0,Tipin,1096.8259785882346
66132,0,0,Prorp,108.7378936987631
66136,0,0,Polr1h,NA
66138,9,4+,Bud23,344.6964887081207
66139,5,4+,Mymk,NA
66140,0,0,Ska2,692.5374791597831
66141,12,4+,Ifitm3,440.32818339584145
66142,0,0,Cox7b,910.9716797403476
66143,0,0,Eef1e1,1128.4843178241654
66144,11,4+,Atp6v1f,2243.4309751568344
66146,5,4+,Maco1,1218.8357161209697
66147,0,0,Necap2,69.06593321130366
66148,0,0,Dnajc15,123.53200487401207
66151,3,3,Prr13,877.8228862187798
66152,3,3,Uqcr10,672.4411352058731
66153,34,4+,Fbxo36,51.30556962533857
66154,0,0,Tmem14c,272.3127878739485
66155,5,4+,Ufc1,252.21908936245052
66156,14,4+,Anapc11,1791.449511475695
66158,0,0,Rtl8a,54.02168243114264
66161,0,0,Pop4,140.4254163316827
66162,0,0,Bola2,390.3283258607702
66163,12,4+,Mrpl4,398.0039896695114
66164,0,0,Nip7,1443.6615919302558
66165,0,0,Bccip,353.50679932759425
66166,3,3,S100a14,4.460326088180654
66167,1,1,Tma7,3249.1284969026074
66168,3,3,Grina,33.02252203473608
66169,0,0,Tomm7,1617.9126449347289
66170,0,0,Chchd5,219.72063709525793
66171,0,0,Pgls,233.7589937224113
66172,3,3,Med11,158.77619000882504
66174,17,4+,Nudt14,128.024695253045
66175,0,0,Mustn1,3.734478917213676
66176,10,4+,Nat9,13.607673450231133
66177,0,0,Ubl5,3985.0828844619527
66179,0,0,Ogfod3,278.74490892058316
66180,0,0,P3h4,84.68224123674356
66181,0,0,Nop10,2516.949822849888
66183,0,0,Sptssb,NA
66184,6,4+,Rps4l,NA
66185,15,4+,Virma,176.79141074330678
66190,9,4+,Acer3,85.58242140757068
66191,1,1,Ier3ip1,520.596272592536
66192,0,0,Lage3,949.9930879931792
66193,13,4+,Pithd1,181.46446409421745
66194,1,1,Pycr3,NA
66195,0,0,Lce1g,NA
66196,0,0,Myo19,74.85258031190533
66197,10,4+,Cks2,3939.4266494955777
66198,4,4+,Them5,2.995602458400148
66199,0,0,Commd4,500.9677792795751
66200,0,0,Commd6,195.56480784035463
66201,0,0,Vta1,158.21871337568544
66202,1,1,1110059G10Rik,275.23469709393555
66203,6,4+,Lce1m,NA
66204,0,0,Acyp1,101.2791544274762
66205,0,0,Cd302,5.095190867391727
66206,5,4+,1110059E24Rik,1016.9007697859214
66208,0,0,Nenf,38.38380048709211
66209,0,0,Inip,130.04387726370038
66211,2,2,Rpl3l,3.93698729439166
66212,17,4+,Sec61b,1163.327813867165
66213,11,4+,Med7,509.07705636261426
66214,0,0,Rgcc,4.071079583052069
66218,0,0,Ndufb9,312.867697631103
66220,17,4+,Zdhhc12,316.6774274705715
66222,0,0,Serpinb1a,15.13025011237464
66223,0,0,Mrpl35,496.56009219242793
66225,2,2,Llph,1541.8036454019875
66226,0,0,Trappc2,96.35815174796171
66229,0,0,Rpl7l1,948.9939452970996
66230,3,3,Mrps28,41.21633312384205
66231,0,0,Thoc7,275.15274784737255
66233,0,0,Dmap1,44.82780756965749
66234,0,0,Msmo1,527.2840964248192
66235,0,0,Eif1ax,1382.5213374693917
66236,0,0,1500011B03Rik,809.7347747678941
66237,0,0,Atp6v1g2,17.80183795891633
66240,0,0,Kcne5,NA
66241,0,0,Tmem9,397.5120772081095
66242,0,0,Mrps16,366.64254066297735
66244,0,0,Nemf,315.5019835236538
66245,5,4+,Hspbp1,396.6520854263999
66246,0,0,Osgep,145.603315937828
66248,0,0,Alg5,274.26988708553813
66249,0,0,Pno1,1652.8639225258155
66251,22,4+,Arfgap3,51.93820023920135
66253,0,0,Aig1,47.22545302954715
66254,2,2,Dimt1,216.46770825066457
66255,0,0,Hsbp1l1,14.562168813555658
66256,0,0,Ssr2,796.5401181449946
66257,3,3,Nicn1,81.0464486824851
66258,0,0,Mrps17,446.6731544592362
66259,13,4+,Camk2n1,67.35526124568449
66260,0,0,Tmem54,87.83334797054025
66261,1,1,Tm4sf20,2.952474376676932
66262,11,4+,Ing5,235.7926310084993
66263,0,0,1810014B01Rik,NA
66264,0,0,Ccdc28b,11.775709273599851
66266,0,0,Eapp,166.22699171274908
66268,0,0,Pigyl,181.3254471974226
66269,13,4+,Tmed6,1.219801740117894
66270,18,4+,Retreg1,66.06758712256403
66271,0,0,Tmem126a,138.99031661990742
66272,0,0,Cox16,736.9018506068098
66273,0,0,Aamdc,74.38446083507826
66274,0,0,Lyrm9,81.9977944815453
66276,0,0,1810009A15Rik,30.39436064807955
66277,17,4+,Klf15,27.832987836121458
66278,0,0,Smim20,434.1185249523923
66279,1,1,Tmem218,28.265924054005207
66282,0,0,Tma16,422.84495153699976
66283,0,0,Gkn1,NA
66284,5,4+,Gkn2,NA
66286,0,0,Sec11c,225.78588344391423
66289,3,3,Mptx1,NA
66290,0,0,Atp6v1g1,1401.7698288916897
66291,10,4+,Smim8,106.3619441533668
66292,8,4+,Mrps21,652.6714796412328
66293,0,0,Snhg16,66.42477775264807
66294,0,0,Fam3a,44.71271899919085
66296,0,0,Haus2,410.53634895053824
66297,0,0,Pantr1,NA
66298,0,0,Defa21,NA
66300,0,0,Inafm1,14.858283895661046
66302,10,4+,Rmdn1,16.473105112284863
66306,6,4+,Fam53c,291.38559113618135
66307,0,0,Isoc1,341.23654720980164
66308,0,0,Mplkip,298.06929734225525
66309,5,4+,Tmem128,73.12836095641886
66310,0,0,Dpy30,3232.281002753701
66311,0,0,Cenpw,659.9250902535235
66313,1,1,Smurf2,332.95180074027115
66314,12,4+,Tpd52l2,450.6076411059281
66315,0,0,Senp7,47.4744567219843
66317,0,0,Skic8,NA
66320,6,4+,Tmem208,194.80027719431945
66322,0,0,Krt88,2.4434836898328025
66323,2,2,1700001K19Rik,NA
66326,0,0,Dnajc5b,1.6466840178809194
66328,0,0,Scp2d1,NA
66329,0,0,Susd3,2.160413567058328
66330,0,0,1700020L24Rik,NA
66333,0,0,Aqp11,22.815530457993727
66335,16,4+,Atp6v1c1,410.09206478682336
66336,0,0,Cenpp,99.3958631466644
66337,0,0,Fam229b,9.203361500594609
66338,5,4+,Cdrt4,1.90331162357544
66340,0,0,Psenen,504.562157515857
66341,0,0,Eid3,3.255926513643697
66343,1,1,Tmem177,33.33263745885714
66344,0,0,Lce3b,NA
66346,0,0,Ndufb11b,NA
66349,0,0,Dmac2,328.45157522141113
66350,0,0,Pla2g12a,178.18561976968084
66352,0,0,Blzf1,86.64208871849235
66353,0,0,Riiad1,NA
66354,0,0,Snw1,1307.2429980066893
66355,12,4+,Gmpr,346.7933650275439
66356,0,0,Knop1,838.116312017392
66357,0,0,Ostc,2129.608990276099
66358,0,0,Adprm,94.78785557572564
66359,0,0,Cox20,197.61513538419683
66361,0,0,Zfand1,267.8347921861212
66362,21,4+,Exosc3,165.424410033514
66364,0,0,Pigbos1,NA
66365,0,0,Ccdc90b,67.19677964131947
66366,0,0,Ergic3,459.35368699680146
66367,0,0,2310022A10Rik,311.0945193182818
66368,4,4+,Rtca,172.56215108283436
66369,18,4+,Dus2,39.716163546644104
66371,8,4+,Chmp4c,162.38258682745527
66373,0,0,Lsm5,1426.9269601741885
66374,6,4+,2310011J03Rik,84.88414824638356
66375,0,0,Dhrs7,29.188071974564135
66377,0,0,Ndufc1,922.5986017490238
66379,0,0,Cox14,239.3729197875676
66380,9,4+,Krtap3-3,NA
66381,0,0,Rnf113a2,111.77338911520258
66383,8,4+,Iscu,155.5136817490208
66384,0,0,Srp19,487.8183382936616
66385,0,0,Ppp1r7,606.9709899666482
66387,18,4+,Nudt8,46.15055151286988
66388,0,0,Cutc,77.9891441028455
66390,0,0,Prelid3b,577.0846114735559
66391,0,0,Zbtb11os1,13.36428427395537
66392,0,0,Prl2b1,NA
66394,11,4+,Nosip,454.4017108942426
66395,0,0,Ahnak,583.8496640499254
66396,11,4+,Ccdc82,8.184908451552351
66397,10,4+,Sar1b,1959.277224785414
66398,0,0,Commd5,23.615317198688928
66399,5,4+,Tsfm,323.50690072540135
66400,0,0,Alkbh7,55.81148771743593
66401,11,4+,Nudt2,56.71133683779524
66402,0,0,Sln,NA
66403,0,0,Asf1a,469.24608629159127
66404,0,0,Rtf2,133.71016341909402
66405,0,0,Mcts2,301.1539293781142
66406,26,4+,Sac3d1,98.39689013905668
66407,1,1,Mrps15,302.66580027796437
66408,14,4+,Aptx,40.40989359234002
66409,4,4+,Rsl1d1,1295.5344113254364
66410,0,0,Mterf3,62.50132147840348
66411,3,3,Tbcb,673.6826543367538
66412,0,0,Arrdc4,243.36934198182416
66413,0,0,Psmd6,1087.6241329902532
66414,0,0,Ndufa12,1192.7245897717548
66416,0,0,Ndufa7,775.3674297459618
66419,0,0,Mrpl11,358.9044359583709
66420,3,3,Polr2e,918.8037127819176
66421,0,0,2410004B18Rik,210.924407242798
66422,14,4+,Dctpp1,705.7869143883511
66423,0,0,Coprs,366.4137961976069
66425,3,3,Pcp4l1,5.687466765096114
66427,0,0,Cyb5b,1586.824770229014
66431,0,0,Oxld1,6.066409991248075
66432,19,4+,Slc7a6os,355.9836965740117
66433,31,4+,Chchd7,249.51378319007145
66435,0,0,Uggt2,19.75467184802655
66437,2,2,Fis1,587.6844476422143
66438,0,0,Hamp2,NA
66439,3,3,Borcs7,27.282625580626352
66440,0,0,Cdc26,380.6899863409152
66441,9,4+,Magohb,95.25324874062972
66442,0,0,Spc25,840.085240854453
66443,0,0,Tnfaip8l1,5.370184478379782
66445,7,4+,Cyc1,579.1458344840579
66446,0,0,Exosc7,594.7276066236154
66447,5,4+,Mgst3,75.46282972697546
66448,3,3,Mrpl20,382.1434557100435
66449,0,0,Pam16,60.04005195840752
66451,0,0,2610528J11Rik,61.013599501564535
66454,0,0,Nmnat1,48.56822891657618
66455,8,4+,Cnpy4,47.024664542231584
66456,0,0,2810001G20Rik,19.27426096913066
66457,0,0,2810002D19Rik,14.839476352876432
66459,0,0,Pyurf,NA
66460,0,0,Sys1,258.5833447015026
664608,0,0,Rhox4g,NA
664609,0,0,Rhox4a,NA
66461,3,3,Ptpmt1,203.52210483186337
664610,0,0,Rhox4d,NA
664619,0,0,4921533I20Rik,NA
66462,0,0,Rex1bd,228.43201921922588
66464,1,1,Taf12,318.28412636764295
66467,0,0,Gtf2h5,597.571957299635
66468,0,0,Ska1,997.998984089748
66469,0,0,Prxl2b,23.810509383149594
664702,0,0,A530088E08Rik,NA
66471,2,2,Anp32e,1503.9635633990197
66473,1,1,Ctrb1,0.7344132893666331
66475,0,0,Rps23,26670.346510575655
66477,0,0,Atp5mk,NA
664779,0,0,Gm44505,NA
664783,0,0,Dux,NA
66479,0,0,1700029F12Rik,NA
664793,0,0,Zp4-ps,NA
664799,24,4+,Ctcfl,2.703222562691514
66480,0,0,Rpl15,10353.5039336044
664805,0,0,Skor2,NA
66481,0,0,Rps21,3697.095536244453
66482,3,3,Exoc2,192.05664220389608
664829,0,0,Slx,NA
66483,0,0,Rpl36al,1674.2401029957682
664837,0,0,Gm7361,NA
664849,8,4+,Gm7367,NA
664862,0,0,Gpr137b-ps,NA
66487,7,4+,Uqcc5,NA
66488,11,4+,Fam136a,746.5393100192784
664883,11,4+,Nova1,21.74798678692292
66489,0,0,Rpl35,111.11155052175585
664903,0,0,Rps15a-ps4,NA
66491,0,0,Polr2l,112.87825820523324
66492,0,0,Zmat2,1949.949769789134
66493,8,4+,Mrpl51,1063.702153978179
66494,7,4+,Prelid1,727.4788845173641
66495,0,0,Ndufb3,664.1419137068962
66496,0,0,Ppdpf,382.2153920012941
664968,1,1,Tmem238,52.06066654651054
664969,0,0,Gm7429,NA
66497,0,0,Cmss1,279.79363215936337
66498,0,0,Dda1,941.718875655517
664987,0,0,Gm14393,1.7856557993376063
664994,6,4+,Isoc2a,21.722477324409297
66500,0,0,Slc30a7,198.99943830909965
665005,4,4+,Gm7444,NA
66501,0,0,1700029H14Rik,NA
66503,10,4+,1810034E14Rik,NA
665033,0,0,Col6a5,21.94684362331953
665037,0,0,Gm7457,NA
66505,0,0,Zmynd11,876.1691699249526
665055,0,0,Gm7467,NA
66506,0,0,Psmg3,176.12601652413537
66508,5,4+,Lamtor1,3816.728522636541
665095,0,0,Cyp2j8,NA
66510,8,4+,Rnf181,1091.5100503214144
66511,7,4+,Chtop,617.4038234030154
665113,0,0,Tnik,31.817759082145173
665119,0,0,Sec14l5,3.6509081634820166
66513,0,0,Tab1,11.213943821764946
66514,2,2,Asrgl1,38.350255376341494
66515,0,0,Cul7,197.4579599911394
665150,0,0,Vmn1r57,NA
665155,0,0,Srp54b,NA
665180,17,4+,Clec2l,2.8451540773274457
665186,1,1,Zpld2,NA
665194,0,0,Gm7538,NA
66520,8,4+,Smim30,NA
665205,5,4+,Zfp1003,NA
66521,0,0,Rwdd1,831.6901727947155
665210,0,0,Vmn2r91,NA
665211,5,4+,Gm14326,1.2494941431230655
66522,12,4+,Pgpep1,211.3997658369925
665227,0,0,Vmn2r94,1.171275536700148
66523,0,0,Fsaf1,NA
665239,0,0,Gm7550,NA
66525,0,0,Timm50,149.4923331644333
665255,0,0,Vmn2r28,NA
66526,0,0,Tceanc2,25.515910968503384
665268,16,4+,1600029O15Rik,NA
665270,0,0,Plb1,0.6956348817252647
66528,3,3,Smim5,NA
66530,0,0,Ubxn6,48.08876420822964
665306,0,0,3930402G23Rik,NA
66531,3,3,Cmc2,172.21702252734497
66532,0,0,Rep15,7.147185179224038
66533,0,0,Kplce,NA
66536,24,4+,Nipsnap3b,317.5637361712456
66537,0,0,Pomp,1449.7927753662543
665374,10,4+,Gm7607,NA
665376,0,0,Vmn2r99,NA
665378,0,0,Gm7609,NA
66538,0,0,Rps19bp1,125.17829171264604
665389,8,4+,Gm7616,NA
66540,0,0,Fam107b,179.5498333042559
66541,0,0,Immp1l,169.33978673157287
66548,8,4+,Adamtsl5,16.039837329898972
66549,0,0,Aggf1,320.61816819392186
66552,5,4+,Sppl2a,138.6132249196143
665525,0,0,Vmn1r224,NA
66556,16,4+,Drap1,882.3210599033627
665562,0,0,Rpl31-ps12,NA
665563,0,0,Mthfd2l,24.653007569580975
66557,0,0,Bpifb2,NA
665574,1,1,Gm7694,11.57585229220831
66559,0,0,Metap1d,22.13148345790409
66561,6,4+,Teddm3,5.33294360798522
665615,0,0,Smr2l,NA
665622,0,0,H2bc24,NA
665635,0,0,Gm14486,NA
66566,0,0,Ntpcr,119.02205058929955
66568,0,0,Rwdd3,24.88557405426025
66569,0,0,Gdpd1,15.643039766355049
66570,8,4+,Cenpm,575.3321357613161
665700,19,4+,Hmcn2,7.779655395632708
66573,8,4+,Dzip1,123.25548459120904
665738,0,0,Gm7762,4.609735088070608
66576,3,3,Uqcrh,482.4506248360992
665769,0,0,Gsdmcl2,NA
665775,0,0,Bod1l,338.1567221340834
66578,0,0,Mis18a,249.5213128926631
665780,0,0,Zscan4b,NA
665797,0,0,Gm7788,NA
66580,0,0,Esf1,484.025264371647
665828,11,4+,Gm10654,NA
66583,0,0,Exosc1,515.5692603562946
665845,18,4+,Gm7819,NA
66585,1,1,Snrnp40,555.18613211095
66586,0,0,Crls1,297.9333555786406
66587,10,4+,Fastk,87.1570346219976
66588,0,0,Cmpk1,306.3987562681374
66589,0,0,Ube2v1,1212.5100692194635
665891,0,0,Krtap4-1,NA
66590,13,4+,Farsa,733.273411172522
665902,0,0,Zscan4f,1.446034372376138
66591,0,0,Mad2l1bp,132.19386608185704
66592,21,4+,Stoml2,1645.9029706767692
665927,0,0,Defa42,NA
66593,0,0,Diablo,104.58721757523706
665931,0,0,Rplp2-ps1,NA
665934,0,0,Gm7854,NA
66594,20,4+,Uqcr11,368.13868834094114
665943,0,0,Pramel55,NA
66595,0,0,Aste1,34.85036875477044
66596,0,0,Gtf3a,126.756946187788
66597,7,4+,Trim13,285.3968941492217
66599,0,0,Rdm1,57.74497410106424
665992,15,4+,Krtap4-8,NA
665998,0,0,Krtap4-9,NA
666002,0,0,Vmn2r114,NA
66601,0,0,Tmigd1,NA
66602,0,0,Oip5os1,239.8121457324557
66603,18,4+,Gemin2,245.88582409512307
666043,2,2,Gm7904,NA
666048,0,0,Trabd2b,9.178323434550093
66605,0,0,1700017N19Rik,NA
66606,0,0,Lrrc57,366.8358755083208
666060,30,4+,Frmpd1,7.410600739706773
66607,0,0,Ms4a4d,5.140256675137956
666085,4,4+,Vmn2r54,NA
66609,14,4+,Cryzl1,212.6191955548327
66610,0,0,Abi3,9.114229413014998
666105,0,0,Gm7932,9.78888069072348
66611,12,4+,Ribc1,15.358502391101828
66612,0,0,Ormdl3,107.61093653739854
666122,0,0,Gm14595,NA
66614,1,1,Gpatch4,149.66126673281144
666145,0,0,Armh2,NA
66615,5,4+,Atg4b,156.98929866686305
66616,0,0,Snx9,181.54223650046995
666168,0,0,Cyp4a31,1.0708503321725542
66617,20,4+,Ntmt1,58.23521688930958
666173,0,0,Vps13b,54.49378782905523
66618,0,0,Snrnp27,257.0861960286518
666184,0,0,Gm15080,NA
66620,0,0,Pantr2,NA
666202,0,0,Gm7977,NA
666214,0,0,1700049E17Rik1,NA
66622,0,0,Ubr7,350.1312844846942
66624,0,0,Spcs2,1838.1522815907815
666244,0,0,Tmsb15b1,85.32524992251399
66625,10,4+,Pnisr,1402.000177143781
666257,0,0,Zfp660,NA
66626,7,4+,Cdip1,185.42379452836605
666266,0,0,Gm8013,NA
66627,15,4+,Ogfod2,8.917930918742808
666272,0,0,Gm8016,25.904268479404088
666279,4,4+,Dspp,NA
66628,5,4+,Thg1l,88.13211379003553
66629,22,4+,Golph3,571.7673805120143
66631,0,0,Mfsd14b,201.00696038046124
666311,0,0,Zscan25,4.248064947379412
666317,0,0,Prl2c1,NA
66632,0,0,Dph6,445.18089556462735
666329,0,0,Gm3317,NA
666331,10,4+,LOC666331,NA
666339,2,2,Muc17,NA
66634,0,0,Mcm8,50.54240424003777
666348,0,0,Apol7e,NA
66637,8,4+,Tsen15,193.6860313671833
66641,3,3,Sike1,229.40460413044457
66642,11,4+,Ctnnbl1,187.10121166599717
666422,0,0,Gm8096,NA
66643,0,0,Lix1,19.701192948536367
66645,0,0,Pspc1,462.81719040115627
66646,0,0,Rpe,263.331595609844
666468,0,0,Atg4a,35.6437219449625
66647,0,0,Nsmce3,194.1359377809233
66648,0,0,Tpgs2,242.7506721276185
66650,0,0,Nepn,NA
666528,2,2,Zfp541,2.573950837169728
66653,0,0,Brf2,126.71059789034824
666532,0,0,Zfp991,34.34578723268448
66654,0,0,Tex12,2.1998996478545303
66656,0,0,Eef1d,1313.6602953292042
66658,2,2,Ccdc51,25.17477453128846
66659,0,0,Acp6,332.1537927549742
66660,0,0,Sltm,450.3679549817807
66661,0,0,Srp72,991.7357095446677
66662,2,2,Fbxl12os,1.8164175362630903
66663,0,0,Uba5,163.82547886241505
66664,4,4+,Tmem41a,135.3948763204246
66665,24,4+,Msantd3,221.91946687503636
66667,4,4+,Hspbap1,145.5344787390651
666680,0,0,Gm8234,NA
666704,9,4+,Samd1,3568.7422474258547
66671,3,3,Ccnh,311.0006867480028
66673,0,0,Sorcs3,NA
666731,0,0,Trim43c,1.169570445518736
666737,3,3,4632427E13Rik,134.0806505194465
66674,3,3,Spryd7,121.37921154633776
666744,0,0,Gm8267,NA
666747,6,4+,Trim43b,9.022187223790915
66676,8,4+,Tmed7,397.9553341787545
66679,14,4+,Rae1,333.0879475637247
666794,0,0,Rbm24,2.825935420702321
66680,2,2,Oser1,343.67703941510825
666803,0,0,Aadacl2fm3,NA
666806,0,0,Eif1ad8,NA
66681,9,4+,Pgm2,115.65601797179539
66682,14,4+,Trappc5,76.40204444524358
66684,0,0,Tceal8,1343.0597362991684
66686,0,0,Dcbld1,345.8129368622533
66687,0,0,Tbc1d15,812.77870161679
66689,8,4+,Klhl28,69.23928349233456
666899,14,4+,Gm12191,NA
66690,2,2,Tmem186,59.37591438840263
666907,0,0,Ms4a4a,NA
66691,0,0,Gapvd1,316.45835305449066
666921,0,0,Gm12886,NA
666926,0,0,Gm8369,NA
666927,0,0,Gm12887,NA
666938,11,4+,Bend4,381.7940292574691
66694,0,0,Uqcrfs1,802.7407634997401
666945,0,0,Gm10638,1.752495772902013
66695,0,0,Aspn,NA
66696,18,4+,Snx31,5.6344029040328
66700,0,0,Chmp3,714.2141014841415
66701,15,4+,Spryd4,153.02208107132313
667034,0,0,Pnp2,2.47208307625214
66704,0,0,Rbm4b,270.36853282224786
66705,6,4+,Dnase1l2,1.4837267463271255
667055,0,0,Unc93a2,1.2379149939336838
66706,18,4+,Ndufaf3,90.6373535297543
667060,0,0,Vmn2r5,NA
667063,8,4+,Gm8439,NA
667067,0,0,Vmn1r91,1.2915182162730745
667069,0,0,Vmn2r6,NA
66707,0,0,Nkapl,18.4095131587831
66708,0,0,Krtap3-2,NA
66709,0,0,4921507G05Rik,NA
667094,0,0,Vmn1r252,NA
667103,8,4+,Gm13570,NA
66711,0,0,Sbds,331.83651648078944
667118,7,4+,Zbed6,NA
66712,2,2,Spesp1,38.39460276931003
667129,0,0,Vmn1r103,NA
66713,0,0,Actr2,826.0235559001846
66714,15,4+,4921524J17Rik,236.4517045076612
66715,3,3,Henmt1,5.079701718961086
66716,0,0,Ccer1,NA
66717,0,0,Ccdc96,5.3601813600763535
667180,0,0,Vmn2r20,NA
667199,0,0,Vmn1r128,NA
66720,25,4+,Klhl10,2.8044216520456886
667213,0,0,Gm10416,NA
667214,8,4+,9930111J21Rik1,NA
667215,0,0,Vmn1r125,NA
66722,0,0,Spag16,14.690783622996838
66724,0,0,Tab3,275.96534441026216
667240,0,0,Vmn1r121,NA
66725,0,0,Lrrk2,7.908894542011765
667262,0,0,Vmn1r117,NA
667268,0,0,Vmn1r116,NA
66727,0,0,Plaat5,NA
667273,0,0,Vmn1r115,NA
667277,0,0,C1rb,NA
667281,0,0,H60b,NA
66729,0,0,Ankrd61,0.8678180426521654
66730,36,4+,4921531C22Rik,10.364730301017945
667306,10,4+,Ccdc200,NA
66732,0,0,Ccdc202,NA
66733,1,1,Kcng4,2.034229584442392
667335,0,0,Gm8579,NA
667338,0,0,Gm8580,NA
66734,1,1,Map1lc3a,129.4675498432283
66736,0,0,Emc2,397.3174886326221
66737,0,0,4921534H16Rik,NA
667370,0,0,Ifit3b,NA
667373,0,0,Ifit1bl1,NA
66740,0,0,Jkampl,NA
667410,0,0,Gm8615,NA
66742,0,0,Cypt1,NA
667423,0,0,Gm8624,NA
66743,0,0,Rnf220,541.1527667897243
667438,0,0,Gm8633,NA
667444,0,0,Vmn1r139,NA
66745,0,0,Trpd52l3,NA
667464,0,0,Vmn1r142,NA
667469,0,0,Vmn1r143,NA
66747,0,0,Capza1b,NA
667472,0,0,Vmn1r251,NA
66748,0,0,Erich2,1.223145436904489
667485,0,0,Vmn1r254,NA
667504,0,0,Vmn1r152,NA
667512,0,0,Vmn1r255,NA
66752,0,0,4933404O12Rik,166.6710696874515
66753,0,0,Erlec1,37.5720009613758
667530,0,0,Vmn1r155,NA
667543,0,0,Vmn1r257,NA
66755,2,2,Ppp1r14bl,NA
667551,0,0,Vmn1r157,NA
66756,0,0,Cfap97,70.82452081652042
66757,0,0,Adat2,214.40584008002116
667572,0,0,Gm8709,NA
66758,0,0,Zfp474,NA
667586,0,0,Vmn1r163,NA
667599,0,0,Vmn1r260,NA
66760,0,0,Sox5os3,NA
66761,6,4+,Tex56,NA
66763,0,0,Nt5el,NA
66765,0,0,4933411K16Rik,NA
66766,18,4+,Tmem239,NA
667663,0,0,Myo3a,NA
667666,0,0,Zfp600,7.843190537784221
66768,0,0,Pacrgl,NA
66769,0,0,4933427E11Rik,0.8649602987585645
667693,0,0,Spata31e4,NA
66770,0,0,4933429O19Rik,NA
667705,0,0,Fam237b,NA
66771,27,4+,Gid4,377.1751723753003
66772,0,0,Asb17,NA
667728,0,0,H2af-ps2,NA
66773,0,0,Gm17019,NA
66774,0,0,Carlr,NA
667742,0,0,Piezo2,39.64103254119079
66775,0,0,Hacd4,23.577227820108483
667754,6,4+,Ces2d-ps,NA
667766,12,4+,Gm8801,NA
667768,0,0,Gm11240,NA
667772,0,0,Myh15,NA
66779,20,4+,4933432I09Rik,NA
667794,0,0,Gm8817,1.5774748191866277
66780,0,0,4933436I01Rik,NA
667803,5,4+,H2-T-ps,NA
667823,0,0,Trim5,NA
66784,0,0,Fam187a,NA
66785,0,0,4933433G08Rik,NA
66786,0,0,Or2ag2b,NA
66787,17,4+,Gskip,64.78546860315308
66789,2,2,Alg14,75.71664563573832
66790,20,4+,Grtp1,103.260889336106
667929,0,0,Prb1c,NA
66793,0,0,Clxn,NA
667931,0,0,Gm8883,NA
66795,0,0,Atg10,22.16354001268874
66797,0,0,Cntnap2,33.921062222009375
667977,0,0,H2-T26,NA
66799,0,0,Ube2w,200.72467050626537
667992,0,0,Tas2r103,NA
66801,9,4+,Prkrip1,140.1100002533398
668039,0,0,Gm14434,NA
66805,0,0,Tspan1,26.63411835526325
66808,0,0,9030624G23Rik,17.817688200322607
66809,0,0,Krt20,27.57270401895524
66810,6,4+,Rbm22,260.69430591573723
668101,0,0,Sirpb1b,NA
668106,0,0,Gm8978,NA
668108,0,0,Gvin-ps3,NA
66811,16,4+,Duoxa2,0.9482695838467924
668110,8,4+,Syce1l,NA
66812,0,0,Ppcdc,69.71968908082934
668128,0,0,Gvin-ps5,NA
66813,1,1,Bcl2l14,16.589329101479652
668137,5,4+,Eif4a3l1,NA
66815,0,0,Mcub,3.3509690402004884
668158,13,4+,Ccdc85c,48.03877884574013
66816,0,0,Thap2,27.160227821754496
668166,0,0,Zxdb,30.80719782622244
66817,9,4+,Tmem170,204.58629244519716
668171,0,0,Zxda,NA
668173,17,4+,Pex10,37.42110201576429
668178,0,0,Tmt1a3,NA
66818,0,0,Smim7,237.36104464081996
668200,0,0,Esp15,NA
668208,0,0,Gm13288,NA
66821,6,4+,Bcs1l,139.95968013382662
668210,2,2,Spmip1,NA
668212,0,0,Efr3b,57.841285970933285
668215,0,0,Hectd2os,1.0053791769838476
668218,5,4+,Bin2,240.199909733722
66822,0,0,Fbxo25,115.60456937506284
668225,16,4+,Fignl2,117.87729766678656
66824,7,4+,Pycard,66.88412682396135
66825,3,3,Rnf186,NA
668253,0,0,Dleu2,50.41407125680188
668257,4,4+,Dgat2l6,NA
66826,0,0,Tafazzin,NA
66827,0,0,Ttc1,205.66267318197384
66830,0,0,Nacc1,655.8809954571179
668303,8,4+,Kif26a,30.19496642565716
66832,0,0,Rsph3a,NA
668339,3,3,Fam236f,NA
66834,0,0,Acot13,62.867949847853694
66835,0,0,Snord123,NA
668359,0,0,Tdpoz9,NA
66836,2,2,Tmem223,78.99492140107942
668379,0,0,Scgb2b12,NA
66838,32,4+,0610009L18Rik,1.1903950062612163
668381,0,0,Scgb1b12,NA
66839,0,0,Dele1,40.83633683964309
66840,0,0,Wdr45b,1000.8722255615623
66841,0,0,Etfdh,54.30361806774878
668433,6,4+,4930544D05Rik,NA
66844,0,0,Ormdl2,479.4835288483409
66845,0,0,Mrpl33,263.69063815050123
66847,0,0,Hint3,62.3573390505058
66848,0,0,Fuca2,59.50312840666822
66849,4,4+,Ppp1r2,1089.7708790834918
668501,0,0,Zfp507,147.18983528738315
668526,0,0,Scgb2b17,NA
66853,26,4+,Pnpla2,626.7033947037318
66854,4,4+,Trim35,382.1672796817955
66855,0,0,Tcf25,1215.5393339426414
66857,0,0,Plbd1,5.667161558194132
66859,0,0,Slc16a9,6.8830897943505445
66860,0,0,Tanc1,412.0866376522073
66861,0,0,Dnajc10,580.4703793347873
668612,0,0,Vmn2r-ps158,NA
668620,11,4+,Zfp936,196.9282369179253
66863,0,0,Lztr1,52.8116334478413
66864,0,0,Clec14a,NA
66865,4,4+,Pmpca,367.0960784184768
66866,2,2,Nhlrc2,155.30808034097106
668661,4,4+,2410002F23Rik,788.3059903105126
66867,10,4+,Hmg20a,200.62047013559092
66868,0,0,Mfsd1,367.1216276685944
66869,0,0,Zfp869,89.43577564942352
66870,0,0,Serbp1,5435.671742546992
66871,0,0,Cpne8,35.65000201775442
668725,0,0,Mrgpra9,NA
668727,0,0,Mrgpra2a,NA
66873,10,4+,Tril,4.303535767558021
668733,0,0,Gm13884,NA
66874,0,0,Ncbp3,255.53323729727725
66875,0,0,Swt1,258.7821114749425
668758,0,0,Fbxw28,NA
66877,0,0,Crnkl1,200.3761255644628
66878,0,0,Riok3,367.1948661506747
66880,14,4+,Rsrc1,337.0599530973954
66881,3,3,Pcyox1,170.9831130947469
668814,0,0,Gm9376,NA
66882,0,0,Bzw1,2283.701963658787
66884,0,0,Appbp2,986.7106778953028
66885,0,0,Acadsb,220.46548513079208
66887,0,0,Lonp2,207.9957165063441
668880,0,0,Stard9,23.99828434375004
66889,0,0,Rnf128,1358.6635751254505
668894,8,4+,Vinac1,NA
66890,0,0,Lman2,460.2747268179346
668917,0,0,Zfp133-ps,NA
66892,0,0,Eif4e3,8.601488240420581
668923,13,4+,Zfp442,6.623480591874593
668929,0,0,Rad21l,NA
66894,0,0,Wwp2,191.602345691093
668940,0,0,Myh7b,7.723033427122265
66895,4,4+,Pxdc1,22.38510256988937
668963,0,0,Btbd35f20,NA
668964,0,0,Btbd35f17,NA
66897,0,0,Naa16,154.84348148652356
668976,0,0,Ssxb6,NA
66898,2,2,Baiap2l1,12.986061039626351
66899,0,0,Fip1l1,407.9161356281411
66901,1,1,Proz,NA
66902,2,2,Mtap,1251.7589442259969
66904,0,0,Pccb,121.16147795799128
66905,17,4+,Plin3,625.0791408663648
66910,7,4+,Tmem107,95.45466381014862
66911,23,4+,Nudt16l1,215.98283866501504
66912,4,4+,Bzw2,627.3683991289569
66913,4,4+,Kdelr2,765.1619195402272
66914,4,4+,Vps28,240.29773835758215
669149,1,1,Vmn2r88,NA
66915,0,0,Cops9,317.23657916493465
66916,1,1,Ndufb7,383.064031387416
66917,0,0,Chordc1,1046.5205335148516
66921,0,0,Prpf38b,1169.6642193906932
66922,1,1,Rras2,1132.914540298922
66923,0,0,Pbrm1,1656.0257734423683
66925,6,4+,Sdhd,65.30597719115573
66926,0,0,Trmt6,382.7084280632254
66928,0,0,Dmac1,180.10918871936212
66929,0,0,Asf1b,820.0220716671092
66930,0,0,Fank1,0.9628628762412668
66931,0,0,1700010I14Rik,2.7771433687222102
66932,4,4+,Rexo1,182.1849723501063
66934,0,0,Dsn1,153.578184563477
66935,0,0,Cir1,235.9505972566424
66938,0,0,Sh3d21,10.87014005562897
66939,0,0,Aagab,87.4805484645098
66940,0,0,Shisa5,429.8926800949167
66942,0,0,Ddx18,1346.1485229386592
66943,4,4+,Slc66a2,NA
66945,0,0,Sdha,931.8027948550384
66948,0,0,Acad8,86.81792537173041
66949,0,0,Trim59,404.3206600870989
66950,0,0,Pacc1,28.483030312496577
66952,2,2,2310030G06Rik,39.71459872866629
66953,0,0,Cdca7,377.421170756188
66957,0,0,Serpinb11,NA
66958,1,1,Tmx2,350.5466642211047
66959,0,0,Dusp26,NA
66960,4,4+,Mindy3,342.73220943603366
66961,15,4+,Neat1,114.76135641564272
66962,0,0,Swsap1,41.006540130840015
66964,0,0,Golt1b,1047.248904981128
66965,24,4+,Ctu2,147.01896018432964
66966,0,0,Trit1,74.94770282093394
66967,19,4+,Edem3,48.97491172457446
66968,7,4+,Plin5,4.160653935357537
66970,0,0,Ssbp2,44.16238410668719
66971,0,0,Cdk5rap1,59.470394841268366
66972,38,4+,Slc25a23,73.16449565341715
66973,0,0,Mrps18b,276.7083429266014
66975,0,0,Trappc13,376.7749508041758
66977,0,0,Nuf2,631.1017842808787
66978,0,0,Luc7l,3190.4152550734884
669780,0,0,Gm16527,NA
66979,3,3,Pole4,863.7462997800038
66980,1,1,Zdhhc6,877.6647947670122
66983,0,0,Zfp830,99.70748566946509
66985,7,4+,Rassf7,86.07954195784947
66988,0,0,Lap3,884.125439247133
66989,0,0,Kctd20,521.551255098491
66990,0,0,Tmem134,293.3136379363682
66991,3,3,Khdc3,131.8284926427948
66993,1,1,Smarcd3,4.259107699543856
66994,0,0,Cep19,85.54814473937111
66995,0,0,Zcchc18,60.44427379883984
66996,0,0,Ceacam11,NA
66997,0,0,Psmd12,609.0204715935905
66998,3,3,Psmd5,1117.781719137458
66999,0,0,Med28,294.63084647766067
67000,0,0,Prl3a1,NA
67003,13,4+,Uqcrc2,702.2471592309834
67005,0,0,Polr3k,117.17366799496624
67006,0,0,Cisd2,279.6345074751113
67008,0,0,Yae1d1,145.06244383169027
67009,0,0,Ttc23,7.774888130836831
67010,0,0,Rbm7,226.86070993744303
67011,5,4+,Mettl6,509.989493230471
67013,1,1,Oma1,80.6528712127317
67014,0,0,Riox2,358.72063181892975
67015,1,1,Ccdc91,87.20731625456793
67016,0,0,Tbc1d2b,81.94040245180597
67017,12,4+,Fam210b,47.089228785066695
67019,0,0,Actr6,123.16407226125564
67020,0,0,Tmem88,93.973735439651
67023,33,4+,Use1,159.9973990883304
67025,0,0,Rpl11,4393.412913774866
67026,23,4+,Thap4,109.59524075356728
67027,0,0,Mkrn2,151.79675423401025
67028,0,0,Chmp1b2,NA
67030,0,0,Fancl,253.6193191083493
67031,0,0,Upf3a,190.96946694510203
67035,0,0,Dnajb4,33.878074234528015
67036,0,0,Mrpl45,880.5664220166216
67037,16,4+,Pmf1,784.2106983542127
67038,0,0,Ly6m,NA
67039,0,0,Rbm25,2292.520884508179
67040,9,4+,Ddx17,1299.1985408258188
67041,4,4+,Oxct1,383.43497342832666
67042,0,0,Ift27,35.313648919827685
67043,0,0,Syap1,66.01435524464036
67044,0,0,Higd2a,998.9131875096996
67045,1,1,Riok2,821.1835913404409
67046,0,0,Tbc1d7,51.33497810845797
670464,0,0,Krtap4-23,NA
67048,0,0,Vma21,671.1222633733955
670482,0,0,Krtap4-20,NA
67049,0,0,Pus3,140.9582315900281
670496,0,0,Krtap4-26,NA
67050,0,0,Nkap,122.01227309558824
670507,0,0,Gm14317,NA
67052,2,2,Ndc80,238.3870427336931
67053,0,0,Rpp14,270.257833961424
670533,0,0,Krtap9-22,NA
67054,0,0,Paics,11775.001273408558
670550,0,0,Krtap31-3,NA
670558,0,0,H60c,NA
67057,0,0,Yaf2,192.64239781675897
67059,3,3,Ola1,693.5403601531999
67062,0,0,Slc25a53,52.03876245968881
67063,16,4+,Pgap4,NA
67064,0,0,Chmp1b,264.40285339276306
67065,22,4+,Polr3d,170.92149377132293
67067,0,0,Romo1,365.0909107377514
67068,0,0,Dynlrb1,3945.9828637116657
67070,0,0,Lsm14a,3848.968250997302
67071,0,0,Rps6ka6,818.8171294774531
67072,0,0,Cdc37l1,163.03740087791172
670727,0,0,Gm15412,NA
67073,2,2,Pi4k2b,111.05680551578703
67074,0,0,Mon2,271.22221114970273
67075,3,3,Magt1,217.52995246465343
670764,0,0,Vmn1r124,NA
67077,13,4+,Catsperz,10.56531318790017
670775,0,0,Gm11468,NA
67078,21,4+,Pgp,218.99369188273965
67080,0,0,1700019D03Rik,545.066240291992
67081,0,0,1700025F24Rik,NA
67082,0,0,Ccdc198,NA
670833,3,3,Tex53,NA
67084,1,1,Ceacam14,NA
67085,0,0,1700024G13Rik,5.065600110042691
670857,0,0,Vmn1r159,NA
67086,7,4+,1700020N18Rik,NA
67087,6,4+,Ctnnbip1,287.6039824706004
67088,0,0,Cand2,203.65022346025077
670880,2,2,Krtap10-27,NA
67089,0,0,Psmc6,1172.5611251376963
670895,4,4+,Krtap10-28,NA
67091,0,0,Trappc6a,49.89087588908907
67092,0,0,Gatm,41.53128552870818
670940,0,0,Vmn2r70,NA
67095,0,0,Trak1,107.16985648932456
67096,0,0,Mmachc,116.91674981397884
67097,6,4+,Rps10,4375.655973755694
67099,21,4+,Mettl21a,54.74860089778187
671003,0,0,Pate11,NA
67101,5,4+,Pex39,NA
67102,0,0,D16Ertd472e,231.4945039224503
67103,9,4+,Ptgr1,132.08787425470524
67105,13,4+,Timm21,73.15272501170547
67106,16,4+,Zbtb8os,376.2063420885576
67109,2,2,Zfp787,161.8765611435284
67111,11,4+,Naaa,57.4544565985971
67112,20,4+,Fgf22,7.005850800774359
67115,6,4+,Rpl14,4357.234639435345
67116,17,4+,Cuedc2,98.46718904929108
67117,0,0,Dynlt3,104.48620031125202
67118,12,4+,Bfar,98.4954892500647
67119,0,0,Ccdc159,2.473255272247816
67120,0,0,Ttc14,228.2300315227081
67121,0,0,Mastl,201.1472428028201
67122,37,4+,Nrarp,24.61052922863522
67123,13,4+,Ubap1,281.9606219168764
671232,0,0,Topaz1,2.8600968528886557
67125,4,4+,Tspan31,337.2691311134811
67126,0,0,Atp5f1e,NA
67127,0,0,Lce1a1,NA
67128,0,0,Ube2g1,1406.412682916336
67130,0,0,Ndufa6,762.2729715135644
67131,6,4+,Acbd4,11.206676835380868
67133,13,4+,Gp2,NA
671336,0,0,Gm9530,0.7572907971178502
67134,1,1,Nop56,2336.7496609765876
67135,3,3,Bpifa5,NA
67136,2,2,Kbtbd4,36.81314823767245
67138,0,0,Herc6,2.4044524428542755
67139,0,0,Mis12,98.23344869861904
67141,0,0,Fbxo5,476.913721042618
67143,0,0,Ikzf5,218.3097804123945
67144,0,0,Lrrc40,791.2170938490391
67145,0,0,Tomm34,623.71468844074
67148,0,0,Ramac,158.70821044561228
67149,0,0,Nkain1,7.242477267816579
67150,0,0,Rnf141,214.5027890871088
67151,5,4+,Psmd9,202.94821186344203
67153,0,0,Rnaseh2b,292.60834117508955
671535,2,2,Parp10,13.225460904840274
67154,23,4+,Mtdh,1606.8437537027598
67155,0,0,Smarca2,28.51727296201025
671564,4,4+,Rnf212,2.3853370072908016
67157,20,4+,Cfap418,NA
67158,0,0,Sft2d3,38.97532144692706
67160,38,4+,Eef1g,3577.00628077686
67161,0,0,Sclt1,63.01338192347857
67163,13,4+,Ccdc47,663.0384218595937
67164,3,3,Lipt2,48.09521597846277
67166,3,3,Arl8b,538.6955164055518
67168,0,0,Lpar6,142.0192058828042
67169,3,3,Nradd,145.26887497088444
67170,4,4+,2610306M01Rik,28.98277480135942
67171,0,0,Dram2,94.29243351789688
67177,0,0,Cdt1,1278.157690471492
67178,3,3,Zmat5,62.722810900788986
67179,1,1,Ccdc25,331.86262687261757
67180,0,0,Yipf5,1647.679224852705
67181,0,0,Ctdnep1,507.60944549505933
67182,10,4+,Pdzk1ip1,2.6774759313318
67184,0,0,Ndufa13,117.7109310192512
67186,0,0,Rplp2,3135.8099164109058
67187,12,4+,Zmynd19,349.79307255789377
67188,3,3,Sgms1os1,NA
67194,8,4+,2700038G22Rik,45.77932931003397
67196,0,0,Ube2t,250.3003255954001
67197,15,4+,Zcrb1,228.44382665111493
67198,0,0,Spats2l,20.4362883887646
67199,7,4+,Pfdn1,343.6990154042483
67200,0,0,Ccdc77,132.9783278102877
67201,15,4+,Glod4,138.14881843814132
67203,9,4+,Nde1,1330.0532266642106
67204,11,4+,Eif2s2,6802.752355981351
67205,1,1,Utp11,716.3123357964026
67207,0,0,Lsm1,103.22744960094457
67210,0,0,Gatad1,580.6154786606116
67211,9,4+,Armc10,396.15369959969064
67212,4,4+,Mrpl55,171.40295449745838
672125,0,0,Gm14496,NA
67213,2,2,Cmtm6,171.9803497192322
67216,0,0,Mboat2,73.07042785625654
67217,0,0,L3hypdh,7.11026074502115
67219,13,4+,Med18,191.46857005976256
67220,0,0,Plekho1,16.046122344886665
67222,1,1,Srfbp1,229.06819542196916
67223,5,4+,Rrp15,413.97775147064453
67224,24,4+,Med29,151.62472303338615
67225,0,0,Rnpc3,90.81934327202067
67226,0,0,Tmem19,175.1499498514954
67228,4,4+,Dph7,42.26057561819063
672284,20,4+,Nkx1-1,NA
67229,2,2,Prpf18,161.00243817915936
67230,0,0,Zfp329,78.31616479230044
67231,7,4+,Tbc1d20,105.86941543823052
67235,0,0,Zkscan14,34.38496773175108
67236,5,4+,Cinp,100.37976532444024
67238,5,4+,Fam220a,2.427140060556629
67239,0,0,Rpf2,573.1793897160766
67241,4,4+,Smc6,726.8384760121385
67242,2,2,Gemin6,192.7364028790211
67245,0,0,Peli1,532.6877027981558
67246,4,4+,Resf1,948.376024729828
67247,0,0,Mtarc2,NA
67248,0,0,Rpl39,8125.009102944812
67249,0,0,Tbc1d19,155.15159601865508
672511,18,4+,Rnf213,108.32857770028916
67252,0,0,Cap2,29.19888175459442
67254,1,1,Bmerb1,241.97905032687015
67255,0,0,Zfp422,219.8859586840024
67260,0,0,Cers4,48.68395373169024
67261,14,4+,2900005J15Rik,1.9851387254896913
67263,0,0,Zswim6,251.84270641159003
67264,0,0,Ndufb8,351.86152702982656
67266,9,4+,Dipk1a,39.69181565240329
67267,7,4+,Uqcc2,441.44000090727013
67268,0,0,Myl12a,5036.175805932119
672682,0,0,Muc21,NA
67269,0,0,Agtpbp1,127.9751080728564
67270,0,0,Mrpl42,1119.1517382702773
67272,7,4+,Cmtm5,2.5316250523452943
67273,0,0,Ndufa10,350.56597828591123
67276,0,0,Eri1,816.3616438861623
672763,0,0,Gm13710,1.4013452847870158
67278,19,4+,Pagr1a,1.593805468935816
67279,9,4+,Med31,46.63262011570778
67280,0,0,3110009F21Rik,NA
67281,1,1,Rpl37,4506.939308682545
67282,0,0,Washc3,105.3538036638652
67283,2,2,Slc25a19,36.82692341306916
67285,0,0,Cwc27,160.07432181386542
67286,2,2,Ift22,46.56984243285347
67287,7,4+,Parp6,38.80728703694994
67288,0,0,Srek1ip1,259.67973939736675
67290,0,0,3110040N11Rik,115.32175596278624
67291,0,0,Ccdc137,90.58456705896693
67292,0,0,Pigc,33.75679531682501
67293,0,0,3110039M20Rik,NA
67295,0,0,Rab3c,NA
67296,0,0,Socs4,186.6433589454737
67298,0,0,Gprasp1,591.7622543503319
67299,2,2,Dock7,138.1349005036635
67300,0,0,Cltc,7374.389684865016
67302,0,0,Zc3h13,374.3217216127229
67303,0,0,3110045C21Rik,1.7395893811724104
67304,0,0,3110070M22Rik,0.8250177450905712
67305,0,0,Gpx7,58.41176414009552
67306,0,0,Zc2hc1a,188.735167569542
67307,0,0,Pbld2,2.901568604353247
67308,9,4+,Mrpl46,74.0617124073366
67310,0,0,Prl8a9,NA
67311,0,0,Nanp,190.05412293942445
67313,0,0,Inava,62.49476025472271
67315,0,0,Ceacam12,NA
67317,0,0,Spata31g1,NA
67319,0,0,1700041C23Rik,NA
67320,0,0,Iqcf4,NA
67321,2,2,1700044K03Rik,NA
67323,0,0,P3r3urf,NA
67325,0,0,1700034G24Rik,NA
67326,3,3,Adissp,NA
67327,0,0,1700031L13Rik,NA
67328,0,0,Lyzl1,NA
67329,1,1,1700018L02Rik,1.4766642118774953
67330,0,0,1700047M11Rik,NA
67331,31,4+,Atp8b3,7.43525237237456
67332,9,4+,Snrpd3,708.4250492949573
67333,0,0,Stk35,233.18961399121557
67334,0,0,H2ap,NA
67336,0,0,1700054K19Rik,NA
67337,3,3,Cstf1,699.7804409777921
67338,0,0,Rffl,172.03897585504404
67339,0,0,1700066J03Rik,NA
67340,0,0,1700052I22Rik,NA
67341,4,4+,Ascl4,2.9138018131894414
67342,14,4+,Kcnmb4os1,NA
67343,0,0,Spmip10,NA
67344,0,0,Dynlt5,NA
67345,0,0,Herc4,647.2610765185628
67348,0,0,1700083H02Rik,NA
67350,13,4+,1700084E18Rik,0.791371036178643
67351,2,2,Tmem132cos,NA
67355,0,0,1700109G14Rik,NA
67356,0,0,Tmco5,NA
67357,8,4+,1700092C02Rik,NA
67358,4,4+,1700093K21Rik,NA
67360,27,4+,1700095B10Rik,NA
67365,0,0,Pudp,NA
67366,1,1,Tmed11,NA
67367,4,4+,Paxbp1,455.32360256095166
67369,9,4+,Qpctl,22.485685164883822
67370,0,0,Zfp606,78.502220033815
67371,0,0,Gtf3c6,434.5694272842637
67373,0,0,Prss3b,NA
67374,8,4+,Jam2,543.33040706366
67375,0,0,Qprt,55.765965434347656
67378,0,0,Bbs2,641.7602513604935
67379,0,0,Dedd2,34.750457620190076
67381,0,0,Med4,192.89772690003088
67382,3,3,Brd3,880.0545508467823
67383,0,0,Carnmt1,906.1036609500446
67384,0,0,Bag4,809.9520696434652
67387,0,0,Unc50,136.6303757488234
67388,19,4+,Rab5if,1461.009480965915
67389,0,0,C1qtnf12,18.166090436982437
67390,15,4+,Mrm3,34.27372302964585
67391,0,0,Fundc2,842.187476852885
67392,0,0,4833420G17Rik,83.87880004407653
67393,0,0,Cxxc5,461.6210148473733
67394,0,0,4930404I05Rik,1.8035834557403063
67395,0,0,Ppp1r2-ps9,NA
67397,4,4+,Erp29,465.44266233592776
673977,0,0,Vmn1r107,NA
67398,0,0,Srpra,NA
67399,0,0,Pdlim7,764.3233080296803
67402,0,0,Txndc8,NA
67405,0,0,Nts,5.7391319627811495
67407,0,0,Cylc1,NA
67410,1,1,4930449I24Rik,NA
67412,0,0,Mtcl3,NA
67414,0,0,Mfn1,166.2559833681428
67416,0,0,Armcx2,249.49438886972015
67417,1,1,Ears2,52.44927225058934
67418,0,0,Ppil4,378.4077976119521
67419,0,0,Armh4,26.049015109863344
67420,0,0,Far1,947.9956445292146
67422,6,4+,Dhdds,96.64862150461958
67425,0,0,Eps8l1,0.8034904316811458
67426,0,0,Coq8a,7.059012015032008
67427,14,4+,Rps20,14500.74292926435
67429,0,0,Nudcd1,570.0515571311631
67430,3,3,4921536K21Rik,6.147115119562388
67432,0,0,Hoga1,14.47751983774294
67433,0,0,Ccdc127,313.6296739939675
67434,36,4+,Ankrd33b,68.2320503255579
67437,2,2,Ssr3,594.9274855401268
67439,2,2,Xab2,208.97547164644584
67440,7,4+,Mtpap,342.1939555260168
67441,12,4+,Isoc2b,1.7213261349009303
67442,4,4+,Retsat,27.2759140445531
67443,2,2,Map1lc3b,2287.1702049985697
67444,0,0,Ilkap,358.6483507915471
67445,10,4+,C1qtnf4,2.253695597502601
67446,15,4+,Dusp28,26.12555992855642
67448,0,0,Plxdc2,67.84255424471192
67451,0,0,Pkp2,563.5975096089716
67452,0,0,Pnpla8,141.2039957208611
67453,12,4+,Slc25a46,248.3080644039178
67454,0,0,Ikbip,155.98300191550177
67455,0,0,Klhl13,994.3974985263288
67456,0,0,Ergic2,775.0224374478462
67457,12,4+,Frmd8,358.7097740430737
67458,0,0,Ergic1,609.442443214673
67459,0,0,Nvl,515.1978301928376
67460,15,4+,Decr1,100.30041157128136
67463,0,0,Poc5,94.86837852507044
67464,0,0,Entpd4,NA
67465,1,1,Sf3a1,791.7406106795984
67466,0,0,Pdcl,347.76078643932726
67467,1,1,Gpalpp1,165.3927777874038
67468,0,0,Mmd,117.670921904661
67469,0,0,Abhd5,311.8867471902779
67470,7,4+,Abcg8,NA
67471,5,4+,Gpatch1,140.03814564803363
67472,0,0,Mtfr1,220.16189098060124
67473,1,1,Slc47a1,39.75060521045427
67474,0,0,Snap29,65.85252538836414
67475,0,0,Ero1b,NA
67477,16,4+,Abhd15,0.686020934407253
67480,0,0,Cwc25,446.5783820763728
67483,0,0,Cfap95,NA
67484,3,3,Eepd1,10.928296794283275
67486,4,4+,Polr3g,908.7636366581196
67487,0,0,Dhx40,395.7134673430128
67488,0,0,Calcoco1,401.11103116679334
67489,6,4+,Ap4b1,77.08967076452592
674895,0,0,Nek10,3.114897709892154
67490,14,4+,Ufl1,92.25195522326004
67492,6,4+,Zfand4,5.9195432303483875
67493,1,1,Mettl16,296.6794454938133
67495,2,2,Tmem167b,93.64028100194218
67498,0,0,Kcnv1,NA
67500,0,0,Ccar1,616.6047421764813
67501,0,0,Ccdc50,420.33499259391584
67503,9,4+,1700001G17Rik,NA
67504,0,0,Rnf151,1.7266400556806067
67505,0,0,Prl7c1,NA
67507,10,4+,Spmip5,NA
67509,0,0,Saysd1,49.23506171308818
67510,0,0,Tvp23b,253.94888940308127
67511,0,0,Tmed9,1752.5012710453134
67512,0,0,Agpat2,706.3122116208334
67513,1,1,Faap20,96.2641918269506
67515,4,4+,Ttc33,109.15744331668824
67516,0,0,Kctd4,0.889012422830938
67518,3,3,1700039M10Rik,NA
67522,3,3,1700097N02Rik,175.46574856014968
67523,2,2,1700094J05Rik,NA
67524,0,0,1700095A21Rik,NA
67525,8,4+,Trim62,17.557606631553295
67526,0,0,Atg12,461.9587489385571
67528,0,0,Nudt7,11.461869245233382
67529,0,0,Fgfr1op2,384.8703496709489
675294,0,0,Krtap10-29,NA
67530,0,0,Uqcrb,1488.6692247380263
67531,0,0,5730408K05Rik,NA
67532,0,0,Mfap1a,428.5115002923188
675325,5,4+,2410017I17Rik,NA
67533,0,0,Ppfibp1,190.931984116767
67534,0,0,Ttll4,162.3998163647743
67537,0,0,Glipr1l2,NA
67538,5,4+,Zswim3,63.24274793728309
67542,4,4+,Cog6,116.33097878489592
67543,0,0,Pabpc6,2.020998122637699
67544,0,0,Fam120b,162.59047832893435
67547,0,0,Slc39a8,7.282822692833938
67549,0,0,Gpr89,63.431019846908185
67550,5,4+,4933416O17Rik,NA
67552,0,0,Macroh2a3,NA
67553,0,0,Gstcd,194.74152684130155
67554,0,0,Slc25a30,271.8854276709834
67555,0,0,Mgat4d,1.0522281157393514
67556,3,3,Pigm,304.8711601926819
67557,0,0,Larp6,3.281306794992376
67561,6,4+,Wdr48,158.93226779830331
67563,15,4+,Ciao3,39.92334965436039
67564,10,4+,Tmem35a,2.061251883088616
67568,0,0,Mrfap1,2697.09633897818
675689,0,0,Gm12171,NA
67569,0,0,Mgat4c,7.578419063886074
67573,0,0,Loxl4,46.10840363359531
67574,0,0,Alg13,833.7071550362973
67575,0,0,Potefam1,NA
67578,1,1,Patl2,13.448292093809927
67579,0,0,Cpeb4,94.70178408428244
67580,0,0,Lrrc18,NA
67581,0,0,Tbc1d23,285.77406259465755
675812,0,0,Zfp605,17.484425444279047
67582,0,0,Slc25a26,46.37728982090281
67583,0,0,4930442L01Rik,NA
67585,3,3,4930455J16Rik,NA
67586,4,4+,Ubxn11,21.096583942637817
67588,9,4+,Rnf41,344.4607291254815
67590,0,0,Tctn3,24.64624558066986
67591,0,0,Ubl4b,NA
67592,0,0,4930524B15Rik,3.549461594353694
675921,0,0,Tnk2os,NA
67593,2,2,4930519G04Rik,NA
67596,0,0,Tespa1,12.078506285267927
675969,0,0,Vmn2r76,1.430046385625108
67602,6,4+,Necap1,269.13408985212675
67603,0,0,Dusp6,516.6227260497311
67604,0,0,Get4,254.11180644015116
67605,11,4+,Akt1s1,247.85492349338745
67606,0,0,Fibin,NA
67607,0,0,Zfp788,37.1927833006834
67608,0,0,Narf,57.12086097494143
67609,0,0,4930453N24Rik,378.91841158224696
67610,6,4+,Rspry1,288.45954347324295
67615,34,4+,Ube2r2,1508.8251564559569
67618,16,4+,Aasdhppt,1871.733146214634
67619,8,4+,Nob1,735.3238507118677
67620,0,0,Lrp2bp,0.6344885360347824
67621,0,0,Bend5,20.000446079686213
67622,6,4+,Mxra7,39.12097009963709
67623,0,0,Tm7sf3,453.3015270905648
67628,44,4+,Anp32b,13135.900745215897
67629,19,4+,Spc24,441.58742160036337
67630,0,0,Samd8,99.76107285565026
67634,0,0,Ftmt,NA
67636,0,0,Etfrf1,91.6304031946142
67637,0,0,4930470P17Rik,NA
67638,0,0,4930483J18Rik,NA
67639,0,0,4930474N09Rik,NA
67642,8,4+,4930515G01Rik,NA
67645,17,4+,Armc12,NA
67646,5,4+,4930522H14Rik,NA
67647,5,4+,4930523C07Rik,NA
67651,0,0,4930527F14Rik,26.41764704182737
67652,5,4+,Spaca1,1.415301205763895
67653,0,0,4930544G11Rik,NA
67654,2,2,Ctxnd2,NA
67655,0,0,Ctdp1,375.00179401527583
67656,7,4+,Ccdc121,NA
67657,0,0,Rabl3,233.7808904047737
67661,5,4+,Ift172,8.42438765586857
67663,0,0,Tex46,NA
67664,1,1,Rnf125,14.364032010245074
67665,0,0,Dctn4,345.4171315615992
67666,0,0,Hapln3,3.961503505955125
67667,0,0,Alkbh8,144.9698317252274
67669,0,0,Hikeshi,733.1922416073655
67671,0,0,Rpl38,3199.9493142703527
67672,0,0,0610040B10Rik,6.885581062400972
67673,9,4+,Elob,1187.3107649830497
67674,28,4+,Trmt112,1977.1567683729827
67675,0,0,Cuta,430.2451631997608
67676,0,0,Rpp21,59.54923154667876
67678,3,3,Lsm3,505.19618586829336
67680,0,0,Sdhb,217.87215228430904
67681,0,0,Mrpl18,694.4748767122901
67683,0,0,Pbdc1,692.2172053608072
67684,0,0,Luc7l3,1064.2240507805243
67685,5,4+,Dnaaf4,4.379589784245357
67687,0,0,1700011L22Rik,NA
67689,0,0,Aldh3b1,1.214027361679786
67690,0,0,Prss37,NA
676914,0,0,Gm9696,NA
67692,3,3,1700020N01Rik,3.232245425665196
67693,0,0,Hypk,118.60642540077674
67694,0,0,Ift74,224.43654865511832
67695,0,0,Ost4,569.0204608818522
67698,0,0,Fam174a,166.00339062724723
67701,0,0,Wfdc2,772.6704619655088
67702,0,0,Rnf149,110.47991666261328
67703,0,0,Kirrel3,1.2673650682089714
67704,0,0,Arln,NA
677044,0,0,Gm10653,NA
67705,0,0,Stmp1,NA
67706,8,4+,Tmem179b,472.9316440506739
67707,3,3,Mrpl24,706.0608987740441
67708,0,0,Pcnx4,135.55784293355018
67709,4,4+,Reg4,NA
67710,13,4+,Polr2g,716.8827873057047
67711,0,0,Nsmce1,889.702164583978
67712,0,0,Slc25a37,83.32062575502461
67713,0,0,Dnajc19,358.8422156998434
67715,0,0,2010106E10Rik,1.0703645518739913
677156,7,4+,Cyp4f37,NA
67717,0,0,Lipf,NA
67718,0,0,Lce1h,8.354737511337243
67719,0,0,2310057J18Rik,NA
67722,12,4+,Actl11,NA
67723,0,0,Cep83os,2.5175915880694695
67724,13,4+,Pop1,284.28006989133655
67725,0,0,Nudt13,16.705978126062913
67726,4,4+,Fam114a2,812.3709085289071
67727,10,4+,Stx17,43.60392791614559
67728,2,2,Dph2,66.90314623481174
677289,0,0,Prr33,NA
67729,0,0,Mansc1,2.631151528586883
677296,0,0,Fcrl6,NA
67731,0,0,Fbxo32,18.18879722006611
67732,8,4+,Iah1,85.25839359214388
67733,0,0,Itgb3bp,118.32115153628308
67736,1,1,Yju2b,NA
67737,0,0,Ttc39d,NA
67738,0,0,Ppid,907.687789879184
67739,0,0,Slc48a1,61.52824458710847
67741,0,0,4930579F01Rik,NA
67742,0,0,Samsn1,NA
67745,0,0,4930583K01Rik,2.4761164620068
67746,0,0,4930577N17Rik,NA
67747,14,4+,Ribc2,NA
67749,0,0,Mgarp,44.958584130179375
67750,0,0,4930578I06Rik,NA
67752,1,1,Saxo4,NA
67753,0,0,Eqtn,NA
67755,0,0,Ddx47,335.3609013635157
67758,0,0,Aadac,2.377477263984802
67759,0,0,Plgrkt,64.97569124779156
67760,0,0,Slc38a2,2124.3416973589415
67763,16,4+,Prpsap1,341.84362348327716
67765,0,0,5830432E09Rik,NA
67767,10,4+,Jagn1,354.8587715535766
67768,0,0,N6amt1,131.18137710386603
67769,0,0,Gpatch2,173.42527381887191
67770,2,2,Caap1,232.9015433731094
67771,0,0,Arpc5,3163.045236387815
67772,20,4+,Chd8,612.9180498460931
67773,0,0,Kat8,54.81137847685869
67774,0,0,Borcs5,35.5607984715559
67775,4,4+,Rtp4,1.578633914176396
67776,0,0,Vwa5a,149.32303804876645
67778,6,4+,Zfp639,213.6838066123701
67781,0,0,Ilf2,435.67994658161393
67784,0,0,Plxnd1,2.8720425575734767
67785,0,0,Zmym4,500.9975630086343
67788,0,0,Sfr1,1885.729225311478
677884,20,4+,Pakap,2.9446867839797775
67789,18,4+,Dalrd3,68.62862458162753
67790,0,0,Rab39b,8.929697025916898
67791,0,0,6530411M01Rik,NA
67792,0,0,Rgs8,NA
67795,0,0,Rnls,NA
67797,0,0,Snrnp48,519.9426977795264
67800,8,4+,Dgat2,27.100083378654684
67801,0,0,Pllp,9.697702818938064
67803,0,0,Limd2,153.81986067437694
67804,18,4+,Snx2,615.142666871538
67808,8,4+,Tprg1l,NA
67809,20,4+,Rmdn3,471.0753563364714
67811,0,0,Poldip2,479.1449469613483
67812,0,0,Ubxn4,771.245526480014
67815,0,0,Sec14l2,9.583009412764063
67819,13,4+,Derl1,429.6394968801879
67821,0,0,Atp1b4,NA
67824,7,4+,Nmral1,158.64520146755862
67826,4,4+,Snap47,674.1619184785952
67828,0,0,Lce1f,NA
67830,6,4+,Rer1,394.6352697157268
67832,14,4+,Brix1,1534.2088034679512
67834,0,0,Idh3a,764.4941272842151
67836,23,4+,Wdr83,109.56120173289548
67838,0,0,Dnajb11,322.5475094255061
67839,0,0,Gpsm1,23.694327924404178
67840,1,1,Mrpl57,170.24615105748566
67841,0,0,Atg3,138.5157662108834
67842,0,0,Nop9,523.2215864007858
67843,0,0,Slc35a4,190.7756188688164
67844,0,0,Rab32,30.874264729430656
67845,0,0,Rnf115,221.24427780905825
67846,0,0,Tmem39a,324.32392317535886
67847,0,0,Sncaip,1.3117513818947966
67848,0,0,Ddx55,92.37113525849848
67849,0,0,Cdca5,169.33698806067795
67850,0,0,1700007F19Rik,NA
67851,0,0,Mtres1,NA
67854,0,0,Slco6b1,NA
67855,2,2,Asprv1,5.9559456403552336
67856,0,0,Echdc3,4.8983147915668965
67857,0,0,Ppp6c,445.0553434679477
67859,16,4+,Cysrt1,0.92234710233121
67860,4,4+,S100a16,32.155728725842415
67861,0,0,Akr1b10,31.846644117280444
67862,0,0,2310033P09Rik,92.68029898798424
67863,12,4+,Slc25a11,328.7611402464886
67864,0,0,Yipf4,450.7443813614246
67865,0,0,Rgs10,8.370368621368646
67866,6,4+,Wfdc1,1.150030508180338
67867,0,0,Lrrc28,123.71345848768595
67868,12,4+,Cela3b,NA
67869,0,0,Paip2,1129.1083285218576
67870,17,4+,Enoph1,557.1386804508422
67871,0,0,Mrrf,260.3813477852276
67872,0,0,Nsmce4a,618.6705820030213
67873,0,0,Mri1,100.10033046128198
67874,0,0,Rprm,24.44480906236227
67876,2,2,Coq10b,212.74169529165255
67877,0,0,Naa20,526.9616264242204
67878,2,2,Tmem33,582.7084644772685
67880,0,0,Dcxr,140.4263011585819
67881,0,0,Mdp1,163.14759905335535
67883,0,0,Uxs1,101.83434197873648
67884,0,0,Cfap410,10.830460856230689
67885,0,0,Mtln,41.82418228465719
67886,3,3,Camsap2,199.37644904720997
67887,0,0,Saraf,129.13386576478104
67888,0,0,Tmem100,2.9963116678474417
67889,0,0,Rbm18,141.65949697831832
67890,0,0,Ufm1,301.8755555146173
67891,5,4+,Rpl4,14155.211864286954
67892,0,0,Coa6,73.52989229985421
67893,1,1,Tmem86a,7.826493845778272
67894,1,1,Dennd10,NA
67895,0,0,Ppa1,1996.4184532890356
67896,0,0,Ccdc80,14.37742633340418
67897,0,0,Rnmt,602.1809190989466
67898,3,3,Pef1,663.4937285821436
67899,0,0,Cmc1,92.60005581690156
67900,26,4+,Mtfp1,28.24134756498367
67902,0,0,Sumf2,105.5762507615542
67903,0,0,Gipc1,1777.2927967544804
67905,12,4+,Ppm1m,69.3329218282863
67909,9,4+,Galntl5,NA
67911,0,0,Zfp169,18.804556717264894
67912,0,0,1600012H06Rik,177.6949497611664
67914,9,4+,Coq9,65.4089548137989
67916,17,4+,Plpp3,92.18234122666782
67917,4,4+,Zcchc3,516.5362199837218
67920,0,0,Mak16,410.26316238926427
67921,2,2,Ube2f,376.0396820857544
67922,0,0,Fam32a,655.0467845269034
67923,0,0,Eloc,1379.4742687659775
67926,0,0,Cby2,NA
67927,0,0,1700096J18Rik,NA
67928,0,0,Abca14,3.324920457296834
67929,0,0,Ccdc70,NA
67931,0,0,Serpini2,NA
67932,0,0,1700129C05Rik,NA
67933,16,4+,Hcfc2,79.22920386356238
67934,2,2,1700124L16Rik,15.42548944552572
67935,0,0,Ces5a,0.8341945969333892
67936,0,0,Wdr55,349.88216532161675
67937,0,0,Tmem59l,106.95217931714288
67938,0,0,Myl12b,561.0431359188796
67939,0,0,Prorsd1,40.80267895879789
67941,0,0,Rps27l,3712.748639070507
67942,9,4+,Atp5mc2,NA
67943,0,0,Mesd,456.3313986484493
67944,0,0,Tex13a,NA
67945,17,4+,Rpl41,2881.131488605359
67946,0,0,Spata6,106.06709058427
67948,0,0,Fbxo28,295.7906286874153
67949,0,0,Nifk,1178.4113242795588
67951,14,4+,Tubb6,921.0575053895242
67952,0,0,Tomm20,3559.014950123853
67955,0,0,Sugt1,991.521668428746
67956,8,4+,Kmt5a,418.15103031175187
67958,0,0,U2surp,2182.2499671486785
67959,29,4+,Puf60,768.2264162234717
67963,6,4+,Npc2,966.5879605680648
67966,4,4+,Zcchc10,838.6594258629533
67967,0,0,Pold3,280.40562226328154
67968,0,0,Ooep,345.7074676700599
67971,0,0,Tppp3,92.16420582730652
67972,0,0,Atp2b1,371.38223735327153
67973,10,4+,Mphosph10,286.2496645228782
67974,24,4+,Ccny,369.3116093878655
67976,0,0,Trabd,97.98588114755935
67978,0,0,Tctn2,145.76312396018477
67979,0,0,Atad1,430.6535965794349
67980,0,0,Gnpda2,82.99051936103085
67981,21,4+,Hormad1,62.86691314136949
67983,0,0,Pdzd9,5.912458750327696
67985,0,0,Ssxb1,NA
67988,0,0,Tmx3,237.8314935388653
67991,11,4+,Nacc2,87.07155907977625
67993,0,0,Nudt12,54.79520963289605
67994,11,4+,Mrps11,48.28877843012428
67996,15,4+,Srsf6,3009.221841877379
67997,5,4+,Ddx59,35.32533780908098
67998,0,0,Retreg3,37.75713827364484
68001,0,0,Cfap298,312.66451555714406
68002,6,4+,Sdhaf4,478.33445802119695
68009,0,0,Defa20,NA
68010,23,4+,Bambi,18.026708155016667
68011,0,0,Snrpg,6884.368618496132
68014,4,4+,Zwilch,540.5374642414572
68015,0,0,Trap1,210.5493097696495
68016,2,2,Cavin4,5.160204318634577
68017,9,4+,Mrm2,89.28260192653994
68018,6,4+,Cert1,NA
68020,12,4+,Coa8,NA
68021,0,0,Bphl,54.5446441084062
68023,0,0,Pdf,0.9419264503272418
68024,20,4+,H2bc4,NA
68026,0,0,Pclaf,1120.1563815594277
68027,4,4+,Tmem178,13.420074574027485
68028,0,0,Rpl22l1,697.8996113632293
68031,0,0,Rnf146,331.11565102299784
68032,4,4+,Emc4,464.64623426197574
68033,28,4+,Cox19,90.73134967592256
68034,0,0,Pabir1,NA
68035,0,0,Rbm42,632.0674460581938
68036,22,4+,Zfp706,3512.4269688143736
68038,1,1,Chid1,32.102904558403715
68039,0,0,Nmb,19.740698860784164
68040,5,4+,Zfp593,116.08482705061104
68041,0,0,Mid1ip1,284.4527343838034
68043,3,3,Eef1akmt1,255.58678497528103
68044,11,4+,Chac2,21.662409944565137
68045,0,0,Rtraf,1265.4302724619406
68046,0,0,2700062C07Rik,73.60966495013999
68047,0,0,Mpnd,51.439148103492954
68048,6,4+,Aen,360.7414587074998
68050,0,0,Akirin1,449.6665345733139
68051,0,0,Nutf2,1.8449542500252596
68052,0,0,Rps13,8496.547799741069
68053,18,4+,Ubxn2b,261.151990381862
68054,0,0,Serpina12,NA
68055,0,0,Dmac2l,37.60643282740082
68058,4,4+,Chd1l,155.7127702736812
68059,2,2,Tm9sf2,580.0236670914906
68066,0,0,Slc25a39,3011.5952219422584
68067,0,0,Mrnip,35.94030454134291
68070,27,4+,Pdzd2,61.44721113450971
68073,16,4+,Atpsckmt,21.930734934104382
68075,8,4+,Lurap1,6.5092988964773095
68077,19,4+,Nop53,339.70335251102404
68079,0,0,Pdcd2l,219.13781601179028
68080,10,4+,Gpn3,122.21518792582222
68082,0,0,Dusp19,62.388126877746544
68083,0,0,Pak1ip1,2091.9572758433665
68087,4,4+,Dcakd,1429.4713035064929
68089,18,4+,Arpc4,2422.483005288923
68090,21,4+,Yif1a,412.51358614802854
68092,11,4+,Ncbp2,619.8264954009879
68094,18,4+,Smarcc2,345.7202833900781
68095,0,0,Ociad1,765.3026965078618
68097,1,1,Dynll2,1434.089637519264
68098,0,0,Rchy1,512.738005361958
68099,15,4+,Cibar1,NA
68106,22,4+,Nt5c3b,34.67832906074136
68107,0,0,Cntd1,8.586398389416015
68108,0,0,Snhg17,338.10777853468426
68112,4,4+,Entr1,242.131757632544
68114,5,4+,Pwwp3a,241.0323421998287
68115,0,0,Maip1,303.19697649414684
68117,0,0,Apool,210.17238409236697
68118,8,4+,Atg101,183.9805028529727
68119,0,0,Cmtm3,365.2206531984235
68121,3,3,Cep70,87.97327293998748
68126,0,0,Fahd2a,7.049475263491769
68127,11,4+,B230217C12Rik,52.012438669979275
68133,0,0,Gcsh,755.2872012783084
68134,0,0,Upf3b,412.57740282655266
68135,4,4+,Eif3h,956.2099522865478
68137,0,0,Kdelr1,467.95775215343104
68140,0,0,Tigd2,327.54243894401054
68142,0,0,Ino80,235.18766064681284
68145,0,0,Etaa1,213.2395993547597
68146,4,4+,Arl13b,78.3664558753242
68147,0,0,Gar1,846.1428004930673
68149,0,0,Otub2,8.716995160689516
68151,0,0,Wls,378.0238960733397
68152,5,4+,Fam133b,284.04155787964805
68153,0,0,Gtf2e2,670.2914734373824
68159,0,0,Stx19,NA
68161,0,0,A930005H10Rik,74.84502979720351
68162,0,0,A930003A15Rik,NA
68165,29,4+,Fdx2,165.4764189064043
68166,0,0,Spire1,249.7251900481432
68169,0,0,Ndnf,1.3923743770960983
68170,0,0,Iftap,NA
68171,0,0,Pate6,NA
68172,6,4+,Rpl39l,806.2845695751325
68173,0,0,Ppifos,NA
68175,3,3,4930591A17Rik,1.6592228020205992
68176,4,4+,Inka1,10.30525994773386
68177,0,0,Ebpl,232.85286431727332
68178,9,4+,Cgnl1,247.91912097922577
68180,0,0,Hyi,NA
68183,0,0,Bcas2,1076.258072520187
68184,0,0,Denr,597.4727019440659
68185,6,4+,Coa4,70.54084896724069
68187,0,0,Fam135a,214.37592028365117
68188,8,4+,Sympk,48.94262964145007
68190,0,0,Dubr,15.991285164520932
68192,0,0,Leprotl1,250.32554884200653
68193,8,4+,Rpl24,4393.582259167873
68194,0,0,Ndufb4,530.6696601468697
68196,5,4+,Hsbp1,1057.327862004276
68197,9,4+,Ndufc2,2289.9708958584724
68198,1,1,Ndufb2,267.7264909359386
68201,0,0,Ccdc34,310.1883487237987
68202,0,0,Ndufa5,192.6091155921873
68203,0,0,Diras2,3.585200068420965
68204,0,0,2900060B14Rik,27.5894771402172
68205,5,4+,Urm1,158.7441550578785
68209,9,4+,Rnaseh2c,89.57851848459993
68212,0,0,Tmbim4,340.2054660074968
68214,0,0,Gsto2,3.499508724685142
68215,0,0,Fam98b,763.0708371034035
68219,0,0,Nudt21,3306.307143231491
68221,0,0,Wfdc15a,16.330227581293734
68222,7,4+,Cimip2a,NA
68223,0,0,Fam24a,NA
68224,1,1,1700067P10Rik,NA
68226,0,0,Efcab2,77.07375936894167
68229,13,4+,Spindoc,371.06302529217805
68230,15,4+,1700102H20Rik,11.938366044986171
68231,1,1,H2al2a,NA
68232,25,4+,1700120K04Rik,NA
68233,0,0,Fam229a,0.8721340064750716
68235,6,4+,Mturn,13.777112742785274
68238,2,2,1700123O21Rik,NA
68239,5,4+,Krt42,39.327035570434006
68240,17,4+,Rpa3,39.43697388221719
68241,0,0,Mcrip2,31.42774965882847
68243,0,0,A930018P22Rik,0.8464248882413246
68245,2,2,1700108J01Rik,NA
68246,5,4+,1700112J05Rik,NA
68250,0,0,Ciao2a,471.1921789086578
68251,0,0,Babam1,721.2175458163404
68255,4,4+,Tmem86b,27.0238285490534
68259,0,0,Ift80,211.58625643062527
68260,0,0,Trmt12,72.65036252352901
68262,15,4+,Agpat4,274.5592080785653
68263,2,2,Pdhb,1605.2305257393564
68265,10,4+,Iqcf3,NA
68267,0,0,Slc25a22,104.62331317544594
68268,0,0,Zdhhc21,101.06636341237096
68270,11,4+,Dnaaf1,4.995051341304281
68271,0,0,Zfp85os,1.9254266657996968
68272,11,4+,Rbm28,307.52455863423774
68273,0,0,Pomgnt1,100.15013440505274
68274,0,0,Toporsl,NA
68275,7,4+,Rpa1,586.4320224441633
68276,0,0,Toe1,149.10754877455133
68277,0,0,2310057M21Rik,224.98684330167671
68278,3,3,Ddx39a,NA
68279,0,0,Mcoln2,0.888628101265914
68281,0,0,Rlig1,NA
68283,0,0,Matcap2,NA
68291,0,0,Mto1,91.4324449068143
68292,0,0,Stt3b,1047.9972316237536
68294,0,0,Mfsd10,1048.7220872969338
68295,5,4+,Aar2,55.233262960600904
68298,8,4+,Ncapd2,2030.3105595351012
68299,5,4+,Vps53,80.60495846071254
68303,18,4+,Fam114a1,17.584392649543652
68304,0,0,Poglut3,52.79764796306177
68306,0,0,4930565N06Rik,NA
68307,0,0,Lrriq4,10.930414618057052
68308,0,0,4933406F09Rik,NA
68310,8,4+,Zmym1,444.8636498999449
68311,0,0,Lypd2,1.4266065873707796
68312,0,0,Gstm7,5.978317183044789
68314,4,4+,Hnf4aos,NA
68316,0,0,Apoo,210.95095228202328
68318,0,0,Aph1c,1.4343272064665358
68323,16,4+,Nudt22,30.653189686916154
68327,0,0,Tsr3,90.53186989969488
68328,0,0,Rab13,21.700369425685285
68332,8,4+,Sdhaf1,194.03121869039924
68337,5,4+,Crip2,2259.6959305848895
68338,7,4+,Golt1a,NA
68339,0,0,Ccdc88c,325.32443510939737
68342,17,4+,Ndufb10,222.7396200946096
68344,0,0,Tmem174,NA
68346,0,0,Sirt5,21.53720770980768
68347,14,4+,Mettl26,55.82704019500817
68348,0,0,Serpina1f,NA
68349,2,2,Ndufs3,643.7410996464084
68350,15,4+,Mul1,67.71776056462754
68352,34,4+,Aspdh,NA
68354,6,4+,Plekhd1os,NA
68355,0,0,2010204K13Rik,442.3653130501341
68364,13,4+,0610030E20Rik,89.8570553193081
68365,0,0,Rab14,813.024490192356
68366,8,4+,Tmem129,18.223698776361
68369,0,0,0610031O16Rik,NA
68371,0,0,Pbld1,0.7994503805986863
68375,0,0,Ndufa8,1042.9463367487303
68379,0,0,Ciz1,73.33969013661356
68385,0,0,Tlcd1,174.48074193586055
68386,0,0,0610039K10Rik,5.118802435429375
68393,1,1,Mogat1,NA
68394,0,0,Ccdc163,48.21090703724968
68396,0,0,Nat8,NA
68400,10,4+,0610043K17Rik,NA
68401,0,0,G6pc3,100.96594748352165
68404,0,0,Nrn1,1.2076161122633873
68416,9,4+,Sycn,NA
68420,8,4+,Ankrd13a,366.262503640724
68421,0,0,Lmbrd1,154.7559757630363
68423,24,4+,Ankrd13d,8.960725636139864
68427,1,1,Slc39a13,13.023670261603147
68428,0,0,Steap3,44.04240987004471
68431,17,4+,Fbxl15,20.4445519528177
68434,42,4+,Gata6os,NA
68436,0,0,Rpl34,3760.755634938574
68440,0,0,Dusp23,2.5976096656322905
68441,0,0,Rraga,677.4930322411068
68444,0,0,Cyp2d13,NA
68449,0,0,Tbc1d10b,630.2488892357892
68453,7,4+,Gpihbp1,NA
68458,1,1,Ppp1r14a,286.0028493649799
68460,0,0,Dhrs7c,NA
68463,23,4+,Mrpl14,311.37722570486903
68465,15,4+,Adipor2,504.0523100779751
68468,9,4+,Ly6g6c,22.185230565655793
68469,0,0,Sox6os,NA
68472,4,4+,Tmem126b,56.31726431826839
68473,0,0,Mob1b,93.7022843591366
68475,0,0,Ssna1,194.4032568756723
68477,0,0,Rmnd5a,396.3406914302951
68479,5,4+,Phf5a,2967.403501459514
68480,0,0,Card19,88.33945653364414
68481,0,0,Mpzl1,1575.471506082854
68484,0,0,Krtap6-5,NA
68487,2,2,Tmem140,1.8710406525838608
68488,15,4+,1110002J07Rik,6.854645061960294
68490,20,4+,Zfp579,19.247599475038673
68493,10,4+,Ndufaf4,730.4298420291528
68497,0,0,Arel1,218.22749451515816
68498,0,0,Tspan11,NA
68499,0,0,Mrpl53,1553.173473114984
68501,0,0,Nsmce2,287.6341237257343
68505,0,0,Vps51,25.9024371790967
68507,30,4+,Ppfia4,65.28702530161034
68509,4,4+,Ptx4,NA
68510,24,4+,Ints1,42.012675679069176
68511,0,0,Dcdc2c,4.397343258455205
68512,18,4+,Tomm5,544.2941402156922
68514,0,0,Micu2,142.9329525251901
68515,0,0,Myadml2,NA
68519,0,0,Eml1,6.163084766864381
68520,12,4+,Zfyve21,286.9773274130252
68521,0,0,Entrep3,NA
68523,2,2,Ciao2b,2112.381274485611
68524,1,1,Wipf2,563.1292895646098
68525,7,4+,Evc2,66.3791082463213
68526,0,0,Gpr155,3.823997149519327
68527,0,0,Ucma,1.3980247704476316
68528,0,0,Erln,NA
68531,0,0,1110020A21Rik,3.6747461728263193
68533,0,0,Mphosph6,1023.9054818923104
68537,0,0,Mrpl13,298.5163685867858
68539,3,3,Tmem109,132.67462854282138
68544,1,1,Trir,1881.615603517993
68545,0,0,Ecscr,23.959103479596457
68549,4,4+,Sgo2a,497.8718024509121
68550,0,0,Tefm,345.9806112631042
68552,13,4+,Smim14,309.5192186006529
68553,0,0,Col6a4,5.97181234955663
68554,0,0,Cebpzos,184.54361320180473
68556,0,0,Uckl1,28.703327988082084
68558,4,4+,Ankra2,87.52399967532422
68559,0,0,Pdrg1,213.1442388971921
68563,6,4+,Dpm3,476.68483116478967
68564,1,1,Nufip2,1126.3911681651366
68565,0,0,Mrps18a,114.90557420753304
68566,0,0,Caly,10.734998267320044
68567,0,0,Cgref1,18.148131463493087
68572,4,4+,Mrpl58,355.8971622688908
68576,0,0,Lamtor5,203.3077367959705
68581,0,0,Tmed10,1864.7449299383427
68585,0,0,Rtn4,3161.7125503870716
68588,0,0,Cthrc1,18.33063576472119
68591,0,0,Mocos,8.659252469614284
68592,3,3,Syf2,245.4090042390095
68597,0,0,Ccdc167,21.663611969464355
68598,0,0,Dnajc8,3321.203323970123
68603,0,0,Pmvk,82.519232776634
68606,8,4+,Ppm1f,70.1136903753452
68607,11,4+,Serhl,11.478860545645196
68611,0,0,Mrpl28,155.10314349373311
68612,0,0,Ube2c,3836.29536474695
68614,0,0,Letmd1,43.946051622977365
68616,0,0,Gdpd3,5.8381018530489195
68617,4,4+,Mtcl1,360.1438034216663
68618,0,0,Eola1,NA
68625,0,0,Cfap57,NA
68626,7,4+,Elac2,208.2463408780223
68628,0,0,Fbxw9,328.5482089437227
68631,0,0,Cryl1,48.410939155810674
68632,0,0,Myct1,NA
68634,0,0,Tm2d3,191.02769479839552
68636,12,4+,Fahd1,35.35646595115727
68637,0,0,Krtap6-6,NA
68642,9,4+,Tmem216,93.74633701320546
68644,0,0,Abhd14a,267.0538852995831
68646,26,4+,Nadk2,490.6375519119644
68652,14,4+,Tab2,779.139673187594
68653,0,0,Samm50,505.7646711891308
68655,0,0,Fndc1,5.499844961176553
68659,0,0,Gask1b,125.28208416590748
68662,4,4+,Scgb3a1,0.7995612604902913
68666,4,4+,Svop,19.76323540084097
68667,26,4+,Trpm4,21.776669441500545
68668,0,0,Klk5,1.825720189103997
68671,9,4+,Pcyt2,59.80991146493936
68673,0,0,Krtap4-2,NA
68675,0,0,Arb2a,NA
68678,0,0,Smtnl1,17.44185395287166
68680,0,0,Fitm1,6.406709899908735
68682,12,4+,Slc44a2,181.29373773917743
68690,0,0,1110028F11Rik,NA
68691,0,0,Kansl1l,31.516795985619463
68692,9,4+,1110028F18Rik,0.8613885722253455
68693,3,3,Hnrnpul2,314.68981079961753
68694,0,0,Lce1e,NA
68695,0,0,Hddc3,33.083012569175764
68701,26,4+,Ppp1r27,1.542521835070466
68703,19,4+,Rere,550.0712039403746
68705,0,0,Gtf2f2,349.38426029454905
68708,0,0,Rabl2,115.93343542934448
68709,0,0,Cilp2,9.911785375708682
68713,2,2,Ifitm1,1055.7004487476877
68718,23,4+,Rnf166,79.01791294710905
68720,0,0,Lce1b,NA
68721,0,0,Cfap68,NA
68723,1,1,Hrnr,NA
68724,11,4+,Arl8a,699.8931709495827
68725,0,0,1110032F04Rik,8.227803927399187
68728,0,0,Trp53inp2,42.26334179328771
68729,0,0,Trim37,406.5296405091983
68730,12,4+,Dus1l,109.04947246075577
68731,0,0,Rbfa,92.68958754092512
68732,0,0,Carmil1,103.84687430062424
68734,13,4+,Ppp4r3a,506.5775110972416
68735,1,1,Mrps18c,398.8284524870917
68736,0,0,Tyw5,55.02738525498373
68737,12,4+,Angel1,72.22035481579087
68738,3,3,Acss1,8.606052817790628
68740,0,0,Krtap22-2,NA
68742,7,4+,Tmem219,38.56364201540052
68743,4,4+,Anln,364.1865596271468
68744,10,4+,Zfp740,254.82634428734465
68750,0,0,Rreb1,133.0232759565344
68753,5,4+,Mybphl,NA
68755,0,0,Cgrrf1,32.361334548709756
68758,6,4+,Abhd11,60.05696026233066
68760,0,0,Synpo2l,48.40553770158866
68763,10,4+,1110038B12Rik,433.0514857438864
68764,0,0,Cdhr3,NA
68767,0,0,Washc1,37.22824142409214
68768,0,0,Krtap4-6,NA
68770,23,4+,Phtf2,206.79260640671217
68774,0,0,Ms4a6d,5.664142678474706
68775,0,0,Atp6v1c2,3.196756536451951
68776,2,2,Taf11,378.8416469195384
68777,0,0,Tmem53,2.927523271205181
68778,6,4+,Gucd1,53.287089015763435
68789,0,0,Trmt61b,111.7979897525347
68790,35,4+,Fendrr,NA
68792,4,4+,Srpx2,NA
68794,41,4+,Flnc,417.74689349970134
68795,0,0,Ubr3,624.0806866128751
68796,18,4+,Tmem214,127.3264680014044
68797,0,0,Pdgfrl,18.20608467317659
68799,0,0,Rgmb,103.53152541043208
68800,0,0,Prr32,NA
68801,0,0,Elovl5,659.9917419771265
68802,2,2,Mypn,14.579316941990374
68808,0,0,1110046J04Rik,1.1547849350742914
68810,0,0,Nexn,47.01603123996329
68813,0,0,Dock5,214.6153156402679
68815,0,0,Btbd10,270.12230213651696
68816,12,4+,Ppil1,647.0416206726724
68817,9,4+,Ddi2,650.5181030265023
68818,16,4+,Zfand2b,15.08642153105632
68828,22,4+,Sync,8.80622044431249
68832,0,0,Ldah,221.72031129943892
68833,0,0,Pdcl3,229.0676913710456
68836,0,0,Mrpl52,271.4503608977082
68837,17,4+,Foxk2,204.1335614038573
68839,13,4+,Ankrd46,206.4472431995481
68842,21,4+,Tulp4,250.5586905412281
68845,0,0,Pih1d1,119.33422224217902
68846,17,4+,Rnf208,46.82964016359739
68852,8,4+,Lrrn4cl,7.766325474663735
68854,0,0,Asb11,NA
68857,0,0,Dtwd2,103.7864260031039
68859,7,4+,Smim1,8.139594130929716
68861,26,4+,Dipk2a,220.8788599999371
68865,7,4+,Arv1,44.757340479491475
68867,0,0,Rnf122,26.55202225231602
68870,0,0,Ak8,5.772576036941191
68874,20,4+,Klhdc9,4.728206527427326
68875,0,0,Tmcc2,22.677462565201974
68876,9,4+,Atp23,71.94559419017602
68877,10,4+,Maf1,238.3837790507856
68879,0,0,Prpf6,412.44411293709845
68880,0,0,Fam240b,NA
68888,2,2,Gkn3,NA
68889,0,0,Ubac2,177.21079984315455
68891,2,2,Cd177,NA
68895,0,0,Rasl11a,200.21730346907296
68897,6,4+,Disp1,16.881135263439532
68904,0,0,Abhd13,218.46903023090144
68910,0,0,Zfp467,15.386843098832284
68911,1,1,Pygo2,461.8623493896724
68915,2,2,Vars2,24.99131804777181
68916,5,4+,Cdkal1,624.1440317711634
68917,11,4+,Hint2,90.7493591392332
68918,0,0,1190005I06Rik,105.32320656546004
68920,0,0,1110065P20Rik,122.06963830259106
68922,33,4+,Dnai1,NA
68925,0,0,Rpap1,83.13547750533479
68926,15,4+,Ubap2,1419.5891333889065
68927,0,0,Ptcd2,134.65399184249537
68929,8,4+,Mospd3,1341.4572435905652
68936,0,0,Smim11,137.16663602784715
68938,10,4+,Aspscr1,115.60980130371316
68939,0,0,Rasl11b,152.6754327856508
68942,0,0,Chmp2b,303.31570026115594
68943,3,3,Pink1,46.77989592943618
68944,6,4+,Tmco1,307.57294437518976
68947,11,4+,Chst8,7.562268416706402
68948,12,4+,Fam216a,632.440292631601
68949,30,4+,Zfas1,605.4022601285697
68952,17,4+,Tlcd3b,NA
68953,9,4+,Chmp2a,302.7823644362781
68954,0,0,1500012K07Rik,NA
68955,8,4+,Srrm4,2.116308771034758
68957,7,4+,Paqr6,2.198783722457484
68961,0,0,Phkg2,97.64813400247598
68964,23,4+,Ctc1,223.8569002089184
68966,0,0,Ngdn,368.8448454259766
68968,0,0,Cdan1,70.43502833644334
68969,0,0,Eif1b,302.77165171004754
68970,15,4+,Dcaf12,469.06657235718745
68971,0,0,Tamm41,181.7672787303689
68972,0,0,Tatdn3,20.46179180395342
68975,15,4+,Med27,145.83545513923744
68977,8,4+,Haghl,10.287082602109404
68979,0,0,Nol11,751.731832369499
68980,3,3,Wdr53,43.76874567719913
68981,2,2,Snrpa1,494.3041808231309
68982,0,0,1500015A07Rik,25.741220709586464
68986,0,0,Gad1os,1.0178520595734326
68988,2,2,Prpf31,627.9416549351668
68991,0,0,Ssu72,1096.9998508563506
68992,7,4+,Zfp580,25.570369240339733
68994,0,0,1500015L24Rik,NA
68995,0,0,Mcts1,371.77174245282674
68999,0,0,Anapc10,438.4181933365776
69002,6,4+,1500026H17Rik,NA
69004,4,4+,6330418K02Rik,5.399775734502509
69008,1,1,Cab39l,127.69425555758768
69009,1,1,Thap7,27.430217955371383
69010,0,0,Anapc13,214.9864991085018
69017,19,4+,Prrt2,NA
69019,0,0,Spcs1,818.0224997442791
69020,0,0,Zfp707,27.65282586909655
69024,5,4+,Snx15,148.73132897052088
69028,0,0,Mitd1,121.72675447270332
69029,6,4+,Smdt1,235.3626358630428
69030,0,0,1810006J02Rik,NA
69032,6,4+,Lyzl4,NA
69034,2,2,Nupr2,NA
69035,0,0,Zdhhc3,254.63192024301708
69036,4,4+,Zg16,12.148955430247344
69038,4,4+,Tmem258,1913.2939986686151
69046,0,0,Isca1,29.317701636218004
69047,0,0,Atp2c2,14.4269514552812
69048,10,4+,Slc30a5,106.97740566492412
69049,4,4+,Nat8f5,NA
69050,15,4+,1810013A23Rik,NA
69051,0,0,Pycr2,683.5578487254467
69053,6,4+,Hapstr1,NA
69054,0,0,1810007C17Rik,NA
69055,0,0,1810007D17Rik,NA
69060,0,0,Pnlip,0.8112146812681724
69064,0,0,Fuom,23.967011031495616
69065,0,0,Chac1,59.02825486638925
69066,8,4+,1810010H24Rik,23.67543562434794
69068,0,0,Tcim,4.868039527521652
69069,0,0,Tmem273,NA
69071,3,3,Tmem97,279.3656870313833
69072,0,0,Ebna1bp2,840.2557687899822
69073,3,3,Kdf1,97.92638432818546
69076,9,4+,Triap1,393.11971145909513
69077,0,0,Psmd11,1717.1155270197992
69080,8,4+,Gmppa,98.89182750587082
69082,2,2,Zc3h15,1501.4183142935929
69083,0,0,Sult1c2,NA
69085,0,0,Zcchc9,149.09901232166226
69089,0,0,Oxa1l,870.0887255805477
69090,12,4+,Ascc1,291.0922526703302
69091,0,0,Vps26b,602.5579238566108
69094,5,4+,Tmem160,180.03381411277024
69097,0,0,Trim15,NA
69101,0,0,Ydjc,106.68215672887428
69104,0,0,Marchf5,NA
69106,0,0,Stoml1,74.02756449137657
69108,0,0,1810012K16Rik,NA
69109,0,0,Ccnq,63.14302919351799
69113,3,3,Alkbh3,74.06155317015867
69116,3,3,Ubr4,556.2961523827288
69117,0,0,Adh6a,0.8273633534934641
69120,0,0,1810021B22Rik,3.1498762364820205
69121,0,0,Chrdl2,NA
69123,0,0,Eci3,2.051779618495972
69125,15,4+,Cnot8,317.82331633721793
69126,0,0,Rbis,1132.138436847544
69129,5,4+,Pex11g,2.5024236452843973
69131,0,0,Cdk12,807.0954299619251
69134,15,4+,Fam25a,NA
69136,0,0,Tusc1,204.04648694088
69137,0,0,Vstm5,3.068720571079888
69139,3,3,Ctrcos,NA
69142,0,0,Cd209f,NA
69146,2,2,Gsdmd,13.588328293608182
69147,0,0,2200002J24Rik,NA
69149,16,4+,Kbtbd3,53.58799801127227
69150,0,0,Snx4,809.6131698238621
69151,0,0,Lzic,54.89682384154761
69155,0,0,1810030O07Rik,152.19363282850844
69156,0,0,Comtd1,33.10873942610476
69159,19,4+,Rhebl1,145.70709666581217
69161,0,0,Manbal,333.4167894613136
69162,14,4+,Sec31a,6397.297967749842
69163,0,0,Mrpl44,240.99978003939447
69165,0,0,Cd209b,NA
69166,0,0,1810018F18Rik,NA
69168,7,4+,Bola1,102.79086432656108
69169,0,0,Fcmr,2.9170076803109617
69170,0,0,Chaserr,NA
69171,3,3,Cnppd1,621.9071390252557
69178,9,4+,Snx5,1751.7931680992474
69179,1,1,Stimate,60.02876979161382
69181,11,4+,Dyrk2,145.64418412361107
69183,6,4+,C1qtnf2,NA
69185,0,0,Dtwd1,555.5419832973515
69186,22,4+,Tmem256,264.77927956499826
69187,0,0,Erp27,NA
69188,0,0,Kmt2e,479.55088675699034
69189,4,4+,Mcemp1,1.917682844299944
69190,0,0,Dym,58.2666490331803
69191,5,4+,Pdia2,NA
69192,10,4+,Dhx16,726.7652872676582
69193,0,0,Platr10,576.5540678430126
69195,52,4+,Tmem121,53.0414618870232
69202,8,4+,Ptms,6521.625426579792
69206,0,0,2010016I18Rik,NA
69207,0,0,Srsf11,4603.158586813404
692132,0,0,Trappc3l,NA
69215,4,4+,Sat2,5.786829026234698
69216,11,4+,Svbp,166.3911835165256
69217,0,0,Plekha4,87.74072066643197
69219,0,0,Ddah1,618.6346763321294
69221,0,0,2410006H16Rik,375.7208920914519
69225,1,1,Naxd,44.37828333096515
69226,0,0,Snx24,123.44289474150888
69227,0,0,Selenot,712.0646285510221
69228,0,0,Zfp746,434.9066679294605
69232,0,0,Qrich1,1861.9863960744824
69234,12,4+,Zfp688,48.705563310185475
69237,7,4+,Gtpbp4,771.2478599447429
69239,0,0,Pdzph1,NA
69241,0,0,Polr2d,647.9843573234325
69248,15,4+,2610035F20Rik,4.670391990383189
69253,7,4+,Hspb2,28.19784905799669
69256,8,4+,Zfp397,81.99664362760167
69257,4,4+,Elf2,1477.297441871871
69259,15,4+,Kctd5,455.74646998603777
69260,18,4+,Ing2,195.78930784138848
69263,0,0,Rfc3,323.10566547448514
69269,6,4+,Scnm1,173.93785265683042
69270,0,0,Gins1,1269.4883449118538
69274,0,0,Ctdspl,72.14675017384806
69276,1,1,Sec62,1436.0488199896383
69277,0,0,3300002I08Rik,NA
69279,0,0,1700001D01Rik,NA
69281,0,0,Spata4,NA
69282,0,0,1700001J03Rik,NA
69286,2,2,Glipr1l1,NA
69287,17,4+,Cimap1a,NA
69288,3,3,Rhobtb1,30.07225424215617
69291,16,4+,1700001L05Rik,57.58429795997648
69294,0,0,Cst13,4.851702675258832
69295,0,0,Far1os,NA
69296,0,0,Tmigd3,NA
69297,20,4+,Lrrc46,2.4349541855050316
69299,0,0,Asb9,NA
69301,5,4+,Tescl,0.6273839584033731
69303,4,4+,1700001G11Rik,3.90577880455956
69305,2,2,Dcps,139.99535339720617
69306,8,4+,Efcab9,NA
69307,0,0,Pxt1,34.262314584643875
69308,13,4+,1700007P06Rik,NA
69309,9,4+,Slc16a13,9.580430401271943
69310,0,0,Pacrg,NA
69311,0,0,1700008K24Rik,NA
69312,4,4+,Ppp1r42,NA
69314,0,0,Izumo3,NA
69315,0,0,Cfap90,NA
69317,0,0,Hmgb4,NA
69318,2,2,Fam24b,2.5072744267777924
69319,3,3,1700001K23Rik,NA
69320,10,4+,1700007J10Rik,NA
69324,0,0,1700012B07Rik,1.75998571741851
69325,9,4+,1700012B09Rik,NA
69327,7,4+,Pierce1,NA
69329,8,4+,Cfap206,3.156610747494741
69332,0,0,Lelp1,NA
69334,0,0,1700012I11Rik,NA
69337,28,4+,1700012C14Rik,4.9955108432410436
69338,0,0,1700003D09Rik,NA
69339,0,0,Ccdc54,NA
69345,0,0,1700003C15Rik,NA
69347,1,1,1700008P02Rik,NA
69349,0,0,1700008O03Rik,9.017278090265496
69350,8,4+,1700003G18Rik,1.4106148690318223
69351,2,2,Smim23,NA
69352,17,4+,Necab1,18.07067514203243
69354,0,0,Slc38a4,1242.395855931204
69355,0,0,1700010J16Rik,NA
69356,0,0,1700003I22Rik,NA
69357,0,0,BC061195,NA
69358,0,0,Lrrc51,5.191131702702085
69361,0,0,Cypt3,NA
69362,0,0,Cst12,NA
69363,0,0,Spaca4,NA
69364,0,0,Cfap107,NA
69367,0,0,Glrx2,599.4034850720418
69368,0,0,Wdfy1,545.7472793461235
69369,0,0,Ms4a20,NA
69370,0,0,1700017L05Rik,NA
69371,0,0,Smco2,NA
69372,0,0,Mocs3,109.30756511807655
69376,0,0,Zpbp2,0.935524271379398
69379,0,0,C8g,3.458689255634925
69380,30,4+,1700013G24Rik,NA
69382,0,0,H2bl1,NA
69384,6,4+,Tmem89,NA
69386,1,1,H4c8,NA
69387,16,4+,Dnajb13,6.896729019165486
69388,0,0,Fam236c,NA
69389,0,0,H2bw2,NA
69393,0,0,1700024B18Rik,NA
69396,4,4+,1700018F24Rik,NA
69397,0,0,1700019A02Rik,4.03715634171556
69399,0,0,1700025G04Rik,60.01600292674397
69401,1,1,Plac8l1,0.6381681154416136
69405,0,0,1700019E08Rik,0.8760678411871209
69407,0,0,1700025J12Rik,NA
69408,0,0,Dnajc17,44.6325125849178
69409,2,2,1700021N21Rik,NA
69412,0,0,1700016L04Rik,NA
69413,0,0,1700016P04Rik,NA
69416,0,0,Ms4a19,NA
69418,0,0,1700025K24Rik,NA
69419,9,4+,1700026F02Rik,NA
69420,0,0,1700022H16Rik,NA
69423,0,0,1700019M22Rik,NA
69428,0,0,Spmip3,NA
69430,0,0,1700048O20Rik,13.954382277194188
69432,0,0,1700026J14Rik,NA
69433,0,0,1700023F02Rik,NA
69434,11,4+,Snhg10,11.231711826892486
69439,8,4+,Mroh4,1.39470225162465
69440,0,0,Dennd6b,19.61732285735164
69441,0,0,Efcab15,NA
69443,0,0,1700027J07Rik,NA
69444,1,1,Lyzl6,NA
69449,0,0,Teshl,NA
69453,0,0,Prss56,2.996154421007841
69454,10,4+,Clic3,5.180904706010874
69456,0,0,Commd10,594.9553922299527
69457,4,4+,Tmem45a2,1.96967766633728
69459,11,4+,Ubl7,4.841677395156096
69460,0,0,1700028M03Rik,NA
69462,10,4+,Slurp2,NA
69464,0,0,Krtap4-13,1.6294857496294468
69469,0,0,Tmco2,NA
69470,0,0,Tmem127,67.38057296984438
69473,0,0,Krtap3-1,NA
69478,0,0,2300009A05Rik,73.59939346370899
69479,0,0,Cfap96,NA
69480,0,0,Ttc9,19.853689595530454
69481,0,0,Actl9,NA
69482,0,0,Nup35,276.6301389014394
69487,0,0,Ndufaf5,48.58514974859396
69491,0,0,1700029N11Rik,NA
69495,11,4+,1700029B22Rik,NA
69496,0,0,Dydc1,NA
69499,0,0,Tsr2,214.79235794275988
69501,0,0,Etd,NA
69504,0,0,Zfp932,24.20959822419664
69511,6,4+,Klk12,NA
69513,0,0,1700030C10Rik,NA
69514,0,0,Lce3e,NA
69517,0,0,2310001K24Rik,NA
69519,0,0,Rwdd2a,22.183360889242252
69520,0,0,Lce3f,NA
69522,2,2,2310002D06Rik,NA
69524,5,4+,Esam,48.88411389016836
69527,0,0,Mrps9,150.13681418775772
69528,0,0,1700030J22Rik,19.525545071918764
69533,0,0,Krtap26-1,NA
69534,3,3,Avpi1,114.59438684989053
69535,24,4+,Ten1,26.31538990322308
69536,0,0,Hemk1,95.00935820013532
69537,0,0,Dnase1l1,2.7802283621782085
69538,0,0,Antxr1,30.81222588063606
69539,3,3,Trnp1,9.56234085294607
69540,0,0,Klk10,45.99083746050509
69541,0,0,Lyg1,NA
69542,5,4+,2300002M23Rik,NA
69543,0,0,Capns2,NA
69544,0,0,Wdr5b,4.133675290317619
69546,9,4+,Mapk1ip1,56.94884434022581
69547,27,4+,Nkpd1,NA
69548,6,4+,2310015A10Rik,3.134146504089391
69549,0,0,2310009B15Rik,94.20232469179008
69550,0,0,Bst2,15.12807714486542
69551,0,0,2310022B05Rik,91.06503250514466
69553,14,4+,Ripor3,2.2460665286014607
69554,10,4+,Klhdc2,585.7368032455586
69556,0,0,Bod1,719.7365963463948
69562,0,0,Cdk13,915.7947137375288
69563,8,4+,Mrln,1.8874830779376748
69564,33,4+,Nmrk2,NA
69566,0,0,2310016D03Rik,NA
69568,6,4+,Vkorc1l1,478.2779618654112
69571,0,0,2310034O05Rik,NA
69572,23,4+,Mfsd3,22.091990193816653
69573,25,4+,Hilpda,240.9859201444401
69574,0,0,Cmbl,1.810743156299213
69576,0,0,Smco1,NA
69577,0,0,Fastkd3,244.4198745222511
69578,28,4+,2310016G11Rik,NA
69581,18,4+,Rhou,213.69851130514164
69582,13,4+,Plekhm2,36.238407424392875
69583,34,4+,Tnfsf13,45.06566628419856
69585,0,0,Hjv,32.66829890423668
69587,20,4+,Pcgf3,721.7842292899651
69590,0,0,Gpx8,48.026837860990355
69592,0,0,Odam,NA
69596,0,0,Ap5s1,16.2971358452412
69597,0,0,Afg3l2,1341.3112553085855
69601,0,0,Dab2ip,302.43222675006507
69602,0,0,Otop3,0.6787929213866313
69603,4,4+,2310020H05Rik,NA
69605,1,1,Lnpk,129.9176083765274
69606,14,4+,Mtfmt,49.93296183088266
69608,0,0,Sec24d,604.719244355523
69611,0,0,Lce1d,NA
69612,11,4+,Kansl2,454.41370008703706
69617,16,4+,Pitrm1,223.4648653196099
69627,0,0,Fam89a,6.535228814431788
69629,4,4+,2310039L15Rik,5.1132900605452125
69631,0,0,Plet1os,NA
69632,0,0,Arhgef12,143.22758687063728
69634,0,0,Clybl,103.33947297724907
69635,7,4+,Dapk1,532.008178983173
69638,26,4+,Enho,10.53355233444902
69639,0,0,Exosc8,277.1959764180932
69640,3,3,Fam83g,31.923667315229014
69641,2,2,Wdr20,66.85599259720402
69642,0,0,Mlip,NA
69652,7,4+,2310069B03Rik,1.0112879931549217
69654,0,0,Dctn2,158.3287004745792
69655,37,4+,Cd164l2,3.54595309293145
69656,0,0,Pir,109.1630288423575
69659,0,0,2310069G16Rik,NA
69660,0,0,Tmbim1,106.65245702723688
69661,0,0,Krtap13-22,NA
69662,12,4+,2310061I04Rik,937.3675554544676
69663,0,0,Ddx51,99.06345847241592
69664,0,0,Krtap1-5,NA
69665,0,0,Upk3bl,4.977220134282237
69666,0,0,Psmg4,390.68048136140584
69668,0,0,Ccdc115,249.00402340379628
69671,0,0,Tmem52,1.9041744490744592
69672,0,0,Txndc15,75.28248649826115
69674,6,4+,Mif4gd,449.5982996592788
69675,0,0,Pxdn,118.78740263871452
69677,0,0,Il36b,NA
69678,11,4+,Atcayos,0.7083176411283604
69679,0,0,2310043O21Rik,NA
69681,7,4+,Cdk3,NA
69683,17,4+,Emc10,491.9652792416998
69684,0,0,Aarsd1,69.31219361924211
69692,2,2,Hddc2,85.29096339492476
69693,0,0,Pof1b,3.2694710476005437
69694,0,0,Tatdn1,109.54931292206484
69696,0,0,Krtap13-21,NA
69697,20,4+,Camsap3,100.9480576031596
69698,3,3,Slc52a3,35.46129582574114
69699,0,0,2310079G19Rik,NA
69700,0,0,Col22a1,5.2546034423691586
69702,3,3,Ndufaf1,138.48906335214252
69706,5,4+,Lrr1,106.40119656892831
69707,2,2,Iqcg,40.65315303479498
69709,4,4+,Ptrhd1,126.07719257910531
69710,0,0,Arap1,39.77046719570161
69713,0,0,Pin4,316.5166699106125
69714,2,2,Tfpt,15.971787373830397
69716,0,0,Trip13,1182.794160609526
69717,9,4+,Gm10499,NA
69718,0,0,Ipmk,337.66736573930166
69719,0,0,Cad,718.6731628015768
69721,0,0,Nkiras1,92.90253493503464
69723,0,0,Rpain,58.1581831334204
69724,3,3,Rnaseh2a,501.20255117310865
69726,0,0,Smyd3,104.38027644897385
69727,0,0,Usp46,145.30186817050347
69729,0,0,2410003L11Rik,77.96050659341392
69731,32,4+,Gemin7,250.87515732247297
69732,0,0,2410018L13Rik,9.23404308126239
69736,0,0,Nup37,584.8833408702185
69737,8,4+,Ttl,60.95199659147752
69739,10,4+,2410004I01Rik,6.63634413551133
69740,0,0,Dph5,94.4583081205034
69742,0,0,Tm2d2,52.05802474090933
69743,16,4+,Casz1,67.94494387774309
69745,14,4+,Pold4,14.835083594356758
69747,0,0,Zswim7,148.01910494507987
69748,0,0,Aldh16a1,65.00246600963102
69749,0,0,Epb41l4aos,187.5018959644594
69750,0,0,2410021H03Rik,0.9526014618331816
69752,0,0,Zfp511,98.42780585245428
69754,0,0,Fbxo7,53.23842865456549
69757,4,4+,Leng1,34.89738420336441
69761,2,2,Aoc1l2,NA
69768,0,0,1600019K03Rik,NA
69769,1,1,Tnfaip8l2,NA
69770,14,4+,Fam174c,NA
69771,9,4+,1810019D21Rik,25.184425042095764
69772,0,0,Bdh2,20.02598747290049
69773,5,4+,Timm29,183.29265241455315
69774,1,1,Ms4a6b,NA
69776,18,4+,1600002D24Rik,NA
69780,0,0,Smap2,384.3662183014527
69781,0,0,1600010M07Rik,0.6090005712548361
69784,0,0,1500009L16Rik,373.59316837947034
69785,0,0,Ceacam13,NA
69786,4,4+,Tprkb,192.97300309550135
69787,0,0,Anxa13,NA
69788,0,0,1600023N17Rik,NA
69790,0,0,Med30,444.91068763092653
69792,0,0,Med6,303.7183697452841
69794,0,0,1600027J07Rik,NA
69797,6,4+,1600029I14Rik,NA
69798,0,0,1810044D09Rik,7.402225861045493
69802,0,0,Cox11,213.1735117607283
69804,12,4+,Tmem147,452.78436376976225
69806,0,0,Slc39a11,133.4863650119856
69807,0,0,Trim32,191.3987063447359
69808,0,0,Rap1gapos,1.161382658402609
69809,0,0,Pou2af2,NA
69810,0,0,Clec4b1,NA
69812,4,4+,Abhd11os,NA
69814,0,0,Prss32,NA
69815,39,4+,Krtcap3,29.733777177467147
69816,2,2,Mzb1,1.60846232960542
69821,3,3,Mterf4,71.21850577058908
69823,4,4+,Fyttd1,709.5243320719842
69824,0,0,Glod5,3.473228667651783
69826,5,4+,Ms4a10,5.077728535068373
69833,4,4+,Polr2f,816.5919702838789
69834,0,0,Rab43,24.183761819883443
69836,5,4+,Pla2g12b,2.170578579669064
69837,21,4+,Pcgf1,81.21864494976882
69847,0,0,Wnk4,1.025799328797982
69852,10,4+,Tcf23,0.6301204608220332
69854,10,4+,1810063I02Rik,NA
69857,0,0,1810053B23Rik,NA
69860,0,0,Eif1ad,745.1236701464782
69861,1,1,2010003K11Rik,NA
69862,2,2,1810064F22Rik,NA
69863,0,0,Ttc39b,360.21873410665324
69864,0,0,1810065E05Rik,NA
69865,0,0,A1cf,NA
69870,4,4+,Polr3gl,18.46346593934845
69871,9,4+,Ppp1r35,46.19241620177034
69875,10,4+,Ndufa11,949.2400070199344
69876,11,4+,Thap3,26.563384921225023
69878,0,0,Snrpf,1615.327683020427
69882,0,0,Ints14,290.1070485407129
69885,9,4+,Aunip,55.37279459424964
69888,0,0,Cyp2c66,NA
69890,0,0,Zfp219,301.5774945365909
69893,0,0,Coa7,421.998710719524
69894,0,0,Fam241b,39.79873819109458
69895,0,0,Snhg8,220.41088400250024
69900,9,4+,Mfsd11,81.77542157386647
69902,3,3,Mrto4,526.2739807819179
69903,14,4+,Rasip1,31.141596964200435
69906,9,4+,Slc25a32,124.29564662554532
69908,0,0,Rab3b,82.04383900240995
69909,19,4+,2610027K06Rik,NA
69912,12,4+,Nup43,270.8897507913554
69917,9,4+,Nabp2,921.4427986073734
69918,4,4+,2610020C07Rik,12.505248564593137
69920,2,2,Polr2i,271.2595072549446
69922,0,0,Vrk2,81.11175426582719
69923,0,0,Agk,95.8860465004954
69926,0,0,Dnah17,1.342391088890432
69928,0,0,Cenps,84.42182090890799
69930,0,0,Zfp715,127.13184869410986
69934,7,4+,Trmt10b,130.25953896930835
69938,15,4+,Scrn1,47.04174362165686
69940,0,0,Exoc1,188.2576545416319
69941,0,0,2810408I11Rik,164.03815814063853
69942,0,0,Rnf113a1,49.935654619882214
69944,0,0,2810021J22Rik,26.125203853858785
69952,0,0,Tunar,33.42935310939475
69953,0,0,2810025M15Rik,NA
69955,0,0,Fars2,16.545583471895124
69956,0,0,Ptcd3,723.3463580119256
69957,0,0,Cdc16,554.5098703115923
69961,30,4+,Rpp25l,134.7796395169927
69962,0,0,Mettl18,70.5380649645852
69964,0,0,2810403D21Rik,28.79871827914268
69966,4,4+,2810404M03Rik,NA
69974,8,4+,2810405F15Rik,NA
69976,0,0,Galk2,122.26462984175826
69981,0,0,Tmem30a,458.916025158721
69982,1,1,Spink2,6.352995352403305
69983,0,0,Sis,3.4396254026229935
69986,0,0,1700025N23Rik,NA
69987,0,0,Spaca9,4.029754821780529
69993,0,0,Chn2,31.990433921115265
69994,2,2,Rsc1a1,NA
69999,0,0,1700027F09Rik,NA
70001,4,4+,1700028B04Rik,NA
70003,2,2,1700028I16Rik,4.734190176591535
70004,4,4+,1700028J19Rik,3.1954315241649076
70005,0,0,Znf41-ps,NA
70008,0,0,Ace2,1.1855161645730528
70011,0,0,1700030N03Rik,NA
70012,0,0,Cep85,200.43289927006737
70020,0,0,Ino80b,177.3920920013036
70021,3,3,Nt5dc2,937.9055477809364
70024,5,4+,Mcm10,508.8220949549486
70025,0,0,Acot7,1147.244819572945
70026,0,0,Tspo2,NA
70028,15,4+,Dop1b,250.58425639221065
70031,2,2,Cmtm8,51.47870033604989
70036,1,1,Dancr,172.5229115380399
70040,0,0,2610037D02Rik,16.48134865303149
70044,8,4+,Tut1,157.26054660583196
70045,3,3,Gpr15lg,NA
70047,0,0,Trnt1,185.42500829942196
70052,0,0,Prpf4,476.0526224901148
70054,0,0,Ccdc89,4.622428270401555
70055,0,0,1700030L20Rik,1.08872185306101
70059,5,4+,Degs2,1.6797993125722992
70060,0,0,Spata3,NA
70061,0,0,Sdr9c7,NA
70062,0,0,Ctag2,NA
70065,9,4+,Ankrd60,NA
70069,0,0,H1f7,NA
70073,3,3,Zdhhc25,NA
70078,1,1,Nol7,553.4264459152455
70080,0,0,Igsf23,42.94646711072916
70081,0,0,Zfp995,35.51936576432627
70082,0,0,Lysmd2,72.5643808991093
70083,10,4+,Metrn,41.623956561297064
70086,0,0,Cysltr2,8.981848872915206
70088,28,4+,Meaf6,591.7864145224491
70090,7,4+,2310005E17Rik,NA
70093,12,4+,Ube2q1,1745.7441218855986
70097,0,0,Sash1,466.4648777717233
70099,0,0,Smc4,1179.2649889440188
70100,5,4+,2310015D24Rik,NA
70101,0,0,Cyp4f16,33.12329488613012
70103,0,0,Znhit1,156.05440701825765
70110,0,0,Ifi35,23.380427652390996
70113,18,4+,Cimap1b,NA
70118,0,0,Srrd,29.80885577099795
70120,0,0,Yars2,191.22709869896977
70122,0,0,Mllt3,63.26829907484892
70123,0,0,Nbdy,107.01489897398146
70127,4,4+,Dpf3,2.2407795980450063
70129,1,1,Slc44a4,19.024930584404828
70134,0,0,Misp3,NA
70138,0,0,2210417A02Rik,5.055989099355071
70143,0,0,2210414B05Rik,NA
70144,2,2,Lrch3,70.33971146206889
70147,3,3,Plut,NA
70152,5,4+,Tmt1a,NA
70153,0,0,Qng1,NA
70155,0,0,Ogfrl1,148.17418625715342
70157,0,0,2210409D07Rik,NA
70160,0,0,Vps36,295.53516958913946
70162,0,0,Hk1os,2.4060699199474183
70163,0,0,Lypd8,13.256100804741603
70166,0,0,Lipn,NA
70178,0,0,Abhd17c,962.4020942043612
70186,0,0,Fam162a,840.0914710286759
70192,0,0,Cd209g,NA
70194,0,0,2310075C17Rik,NA
70202,0,0,Ctsll3,NA
70207,0,0,Taco1,10.058494284161874
70208,0,0,Med23,354.49354986386606
70209,0,0,Tmem143,24.151044616718934
70218,0,0,Kif18b,281.56034618716086
70223,3,3,Nars1,NA
70225,0,0,Ppil3,121.07683069453914
70226,0,0,Rbm3os,8.187273700133264
70227,0,0,Zfp619,19.4532157691742
70230,10,4+,3300002P13Rik,9.438889277253024
70231,17,4+,Gorasp2,1321.0047693597282
70233,0,0,Cd2bp2,295.05796753763326
70235,0,0,Poc1a,66.41130352894837
70237,0,0,Bhlhb9,116.37179599457386
70238,8,4+,Rnf168,291.8863313756416
70239,5,4+,Gtf3c5,144.08593698992814
70240,8,4+,Ufsp1,20.448102524741618
70247,10,4+,Psmd1,1784.5020624347476
70248,6,4+,Dazap1,1316.4581455048892
70252,0,0,Jpx,15.078010023545618
70257,3,3,Atp5mj,NA
70261,0,0,Chp2,NA
70266,11,4+,Kyat1,40.08804172056959
70274,6,4+,Ly6g6e,8.758456545233324
70281,8,4+,2310068J16Rik,5.029718815318381
70285,0,0,Rpf1,317.8002615331422
70291,0,0,Mkrn2os,0.9829514153476792
70292,5,4+,Afap1,307.7316588536605
70294,0,0,Rnf126,858.9431959269803
70296,7,4+,Tbc1d13,186.63739800554777
70297,0,0,Gcc2,232.6825662399317
70300,10,4+,Fuz,39.80188335135783
70310,8,4+,Plscr3,133.161675307649
70312,38,4+,Cactin,358.28601841458885
70314,12,4+,Rabep2,34.161650073819985
70315,1,1,Hdac8,8.321697433180777
70316,0,0,Ndufab1,1497.3834740035502
70317,2,2,Arl16,25.531222201989113
70325,0,0,Pigw,16.315302188693504
70333,5,4+,Polr1g,NA
70335,10,4+,Reep6,172.94188754593463
70337,0,0,Iyd,NA
70345,0,0,0610038B21Rik,1.9400155694349144
70348,4,4+,Ube3d,NA
70349,0,0,Copb1,379.9444855051787
70350,42,4+,Basp1,2209.0336124456976
70351,0,0,Ppp4r1,243.62279892904655
70354,0,0,Secisbp2l,609.9823781856343
70355,4,4+,Gprc5c,146.06778285007115
70356,0,0,St13,1987.915147868635
70357,7,4+,Kcnip1,0.8224621896107195
70358,16,4+,Steap1,557.6698738802456
70359,0,0,Gtpbp3,57.30239643632451
70361,9,4+,Lman1,1111.8473709389818
70362,3,3,Actl10,NA
70363,0,0,Fam135b,NA
70365,1,1,Speer5-ps1,NA
70369,12,4+,Bag5,233.474090363665
70370,0,0,Fbln7,NA
70371,6,4+,1700026D11Rik,NA
70373,0,0,Gpatch2l,64.18387833027332
70375,0,0,Ica1l,6.793998403054089
70377,0,0,Derl3,56.36328938862041
70380,0,0,Mospd1,32.20721586446957
70381,0,0,Tecpr1,40.44208157763174
70382,0,0,Kctd2,106.325432033795
70383,0,0,Cox10,166.8837776500314
70385,0,0,Spdl1,117.99508903030878
70387,4,4+,Ttc9c,1270.0447051473393
70392,0,0,Asb12,1.8984669813341744
70393,0,0,2210416O15Rik,NA
70394,4,4+,Kptn,39.92426871051587
70396,10,4+,Asnsd1,283.22347136645686
70397,1,1,Tmem70,169.00788293711204
70405,0,0,Calml3,NA
70408,0,0,Polr3f,238.32517509123343
70415,0,0,Stk26,48.686136451078994
70417,0,0,Megf10,2.601209911441831
70419,0,0,2810408A11Rik,5.813705499770765
70420,0,0,Arpin,19.33663369205527
70422,0,0,Ints2,147.17246814487353
70423,0,0,Tspan15,66.77394818718027
70425,12,4+,Csnk1g3,553.6970286362459
70426,0,0,Tekt5,1.3874248464429066
70427,14,4+,Mier2,242.4831070982108
70428,0,0,Polr3b,459.2137393212751
70430,6,4+,Tbce,84.29317444602134
70432,6,4+,Rufy2,164.59124775863654
70433,0,0,Draxin,6.747351758307384
70435,15,4+,Inf2,48.54901491455271
70439,20,4+,Taf15,372.0315000398188
70441,10,4+,Mir124-2hg,9.498688601329963
70445,18,4+,Cd248,8.203202910507816
70448,0,0,Atad3aos,NA
70450,3,3,Unc13d,5.687724819099479
70451,0,0,Dhrs13,85.59085601233258
70454,2,2,Cenpl,102.44733270783622
70456,6,4+,Mpc2,99.91261348275457
70458,0,0,2610318N02Rik,191.41071403620967
70461,0,0,Crtc3,40.45023440921729
70465,0,0,Wdr77,2411.624491426249
70466,9,4+,Ckap2l,351.84599809847043
70470,0,0,Rprd1b,226.37431112444563
70472,0,0,Atad2,391.81313492386136
70478,0,0,Mipep,38.23413892608054
70481,16,4+,Pnma1,1.8418929540738975
70484,7,4+,Slc35d2,52.13829367308792
70487,0,0,5730403I07Rik,0.981301834036418
70489,0,0,5730405O15Rik,1.1733693598857482
70491,0,0,5730412P04Rik,NA
70495,0,0,Atp6ap2,343.88474874239853
70497,0,0,Arhgap17,116.47681208868164
70503,0,0,Ddo,NA
70508,0,0,Bbx,528.7151430833719
70510,12,4+,Rnf167,571.1336802269005
70511,0,0,Eef2kmt,67.51506002945521
70523,0,0,5730420D15Rik,NA
70527,0,0,Stambp,60.255984340017854
70530,16,4+,Lrfn2,NA
70533,5,4+,Btf3l4,186.3431353135778
70536,0,0,Qpct,6.972824328006482
70538,8,4+,5730435O14Rik,NA
70544,2,2,Tmem242,270.06279044049376
70546,3,3,Zdhhc2,65.3065338764775
70549,0,0,Tln2,50.03344216531369
70550,0,0,5730416F02Rik,NA
70551,0,0,Tmtc4,123.06533707398576
70552,0,0,Lrrc56,6.457998639614504
70556,0,0,Slc25a33,100.29963741245176
70560,9,4+,Wars2,30.250700574094804
70561,5,4+,Txndc16,33.29563309728412
70564,0,0,Prxl2a,42.633676157863384
70567,7,4+,Fra10ac1,86.33377588013722
70568,13,4+,Cpne3,241.12746038082943
70571,0,0,Tcerg1l,9.337835986708493
70572,0,0,Ipo5,1672.6148283257448
70573,0,0,Tbccd1,62.12163958209276
70574,20,4+,Cpm,61.618912195986944
70575,0,0,Gfod2,65.24380979882386
70579,7,4+,Zc3h11a,43.469098922645216
70584,0,0,Pak4,752.8967884947019
70591,0,0,5730455P16Rik,92.37050828892188
70592,0,0,5730480H06Rik,192.68677833184296
70593,0,0,Evx1os,1.0243084405174
70594,0,0,5730460C07Rik,NA
70598,0,0,Filip1,NA
70599,0,0,Itprid2,38.09470519350173
70601,5,4+,Ecd,515.4645609398463
70602,35,4+,5730488B01Rik,NA
70603,0,0,Mutyh,137.76978766117674
70604,5,4+,Dnajb14,74.57379267739118
70605,12,4+,Zdhhc24,113.97294163529084
70611,12,4+,Fbxo33,193.15147265703695
70612,0,0,Tmem230,362.620566419406
70615,0,0,Ankrd24,14.894551516465151
70616,0,0,Sugp1,158.74240525898264
70617,0,0,Fam241a,13.351442615483196
70620,0,0,Ube2v2,586.774257899192
70625,0,0,Med26,295.4671607084296
70626,0,0,5730522E02Rik,NA
70638,10,4+,Entrep2,NA
70640,0,0,Dcp2,601.7425848843492
70645,6,4+,Oip5,66.89682544402963
70646,0,0,Naa30,536.1671289154655
70650,5,4+,Zcchc8,333.38579370560996
70652,0,0,Tmem144,29.39750577101328
70661,0,0,Sik3,297.5228420927609
70673,0,0,Prdm16,27.382057074306154
70675,0,0,Vcpip1,430.1634874457224
70676,0,0,Gulp1,18.629364395423433
70681,10,4+,Abraxas1,126.97148511769258
70683,0,0,Utp20,432.0744107477003
70686,0,0,Dusp16,116.92398339976872
70691,0,0,3830403N18Rik,NA
70693,0,0,Adgra3,195.6843807408668
70696,0,0,Magea9,NA
70699,3,3,Nup205,254.79101681620276
70701,7,4+,Nipal1,3.078566591484827
70713,6,4+,Gpr137c,2.662451782090401
70717,0,0,Medag,0.9453204702631433
70719,24,4+,Arhgap45,19.223817358531782
70726,0,0,Angptl6,6.602485222145147
70727,0,0,Rasgef1a,9.246234004180732
70729,0,0,Nos1ap,3.381615495007521
70730,13,4+,6330409D20Rik,NA
70737,0,0,Cgn,182.2273361238284
70747,0,0,Tspan2,125.55858542303196
70750,0,0,Kdsr,303.48880449024773
70753,0,0,6330415B21Rik,NA
70757,0,0,Hacd2,583.3791443693603
70762,2,2,Dclk2,198.2569038183119
70767,1,1,Prpf3,418.0921006254208
70769,4,4+,Nolc1,1070.2506263172147
70771,0,0,Gpr173,48.25627562288108
70772,0,0,Ggnbp1,23.763186479961657
70779,0,0,Prdm5,72.1400204311279
70784,1,1,Rasl12,0.857792859081179
70785,6,4+,Dennd1c,10.519933748608036
70788,12,4+,Klhl30,3.3694406131140338
70789,0,0,Kynu,4.436425678479007
70790,32,4+,Ubr5,1175.2926949343785
70791,0,0,Hars2,148.82139124820972
70796,0,0,Zdhhc1,2.84209393067348
70797,0,0,Ankib1,170.93384016268743
70799,2,2,Cep192,368.9751566302167
70802,0,0,Pwwp2a,151.5641188820819
70804,0,0,Pgrmc2,424.9988539260299
70807,10,4+,Arrdc2,7.9646546454361244
70808,0,0,4632415L05Rik,NA
70809,0,0,Clec2g,NA
70810,3,3,Krt25,NA
70821,14,4+,Spmip4,NA
70823,0,0,Hmgxb4,690.3972261893846
70827,0,0,Trak2,343.00809540600454
70829,0,0,Ccdc93,55.41984770897464
70831,0,0,Krtap31-1,NA
70832,8,4+,4921504A21Rik,0.5622618820606389
70834,0,0,Spag9,122.18185861470752
70835,4,4+,Prss22,39.360026981713744
70839,0,0,P2ry12,NA
70840,0,0,Slc22a16,NA
70843,0,0,Krt28,NA
70845,0,0,4921508D12Rik,NA
70846,6,4+,Ttc6,NA
70852,0,0,Alkbh3os1,NA
70853,11,4+,Vwa3b,38.34575579345865
70858,0,0,4921511I17Rik,NA
70859,0,0,Lrrc63,NA
70861,2,2,Akr1cl,5.078979397882162
70862,0,0,Spata16,NA
70864,0,0,Fam47c,NA
70866,0,0,Slco6d1,NA
70873,6,4+,Cnbd2,4.215709168745753
70874,5,4+,4921513I03Rik,NA
70881,0,0,Nt5c1b,NA
70882,0,0,Armc3,NA
70884,1,1,Ccdc81,1.1214978898047383
70885,0,0,Ints10,241.36198708242392
70886,0,0,4921515E04Rik,NA
70887,0,0,Dmrtc1a,NA
70891,2,2,Spdya,1.9165693844068483
70892,0,0,Ttll7,3.095387577326902
70893,0,0,Glb1l3,NA
70894,0,0,Efcab3,0.6458815921731095
70896,0,0,Speer1a,NA
70897,0,0,Garin2,NA
70898,0,0,Slain1os,NA
70900,3,3,4921517D22Rik,NA
70901,0,0,4921524L21Rik,NA
70902,0,0,Lpcat2b,NA
70909,0,0,4921504E06Rik,NA
70911,0,0,Phyhipl,43.12153323882794
70917,0,0,4921509O07Rik,NA
70918,0,0,Nsun7,2.1503685985540364
70920,0,0,Tex47,NA
70924,0,0,4921511C10Rik,NA
70925,0,0,Cdkn2aip,89.2688700563702
70928,5,4+,Trim69,NA
70930,0,0,Nol8,517.8965322645981
70935,0,0,Speer4f1,NA
70941,0,0,4921539E11Rik,1.1016065345470198
70942,11,4+,4931403E22Rik,NA
70945,0,0,Mmrn1,NA
70948,0,0,Wdr20rt,4.555829358919304
70950,0,0,Ccdc178,NA
70951,0,0,Spata1,9.869680519192826
70952,0,0,Ankrd69,NA
70956,4,4+,Tex19.2,12.18432415118636
70957,0,0,Stamos,1.568410527010846
70960,0,0,4921531P14Rik,NA
70962,0,0,4922502N22Rik,NA
70967,5,4+,Eva1c,6.601508280427404
70969,2,2,4930500F04Rik,NA
70970,0,0,4931419H13Rik,NA
70971,0,0,4931429P17Rik,NA
70972,0,0,4931420L22Rik,NA
70973,0,0,4931431B13Rik,NA
70974,4,4+,Pgm2l1,86.60107489504422
70976,0,0,Tektl1,NA
70977,0,0,Cabs1,NA
70979,12,4+,Fancd2os,4.873484723699496
70980,1,1,Ubqln5,NA
70981,0,0,Ankrd68,NA
70984,0,0,4931406C07Rik,55.15789455050348
70986,8,4+,4931422A03Rik,1.537675442529001
70988,0,0,Alyreffm1,NA
70989,0,0,Jhy,NA
70993,4,4+,Prss54,NA
70997,0,0,Spef1,6.601136232687991
70998,0,0,Phf6,141.40538944594235
70999,31,4+,Naa40,396.0121716811412
71001,0,0,Mgat4e,NA
71003,0,0,Prss41,51.77066537417038
71004,0,0,4931440P22Rik,NA
71007,0,0,D7Ertd443e,NA
71008,0,0,4933401D09Rik,1.0524393742163394
71011,0,0,4933401B06Rik,NA
71018,5,4+,4933404K13Rik,NA
71020,4,4+,Spats1,16.663875311220302
71026,0,0,Speer3,NA
71027,1,1,Tmem30c,1.641057761330465
71029,0,0,4933402C06Rik,NA
71033,0,0,4933406K04Rik,NA
71037,0,0,Prss55,NA
71038,0,0,4933401H06Rik,NA
71041,4,4+,Pcgf6,404.876335366594
71045,22,4+,4933406I18Rik,NA
71046,13,4+,4933405L10Rik,1.0986717946595164
71052,0,0,4933400B14Rik,NA
71054,0,0,Ppp2r2cos,NA
71056,0,0,4933405E24Rik,NA
71057,0,0,4933402J10Rik,NA
71058,0,0,4933400L20Rik,NA
71059,0,0,Hexim2,13.33275645292048
71062,1,1,Tekt3,NA
71063,0,0,Zfp597,59.08998639790879
71066,0,0,Hsfy2,NA
71067,0,0,4933411E08Rik,NA
71069,5,4+,Stox2,39.328809805464914
71071,0,0,4933412O06Rik,NA
71078,0,0,Adam30,NA
71081,0,0,4933416E03Rik,NA
71082,0,0,4933416M07Rik,NA
71083,0,0,Dmrtc1c1,NA
71085,0,0,Arhgap19,100.40062443387195
71086,0,0,4933412E12Rik,23.046133851719773
71088,0,0,4933412E24Rik,NA
71089,5,4+,Septin12,NA
71090,0,0,4933411G06Rik,NA
71091,0,0,Cdkl1,7.710260093346236
71092,0,0,4930452A19Rik,NA
71093,8,4+,Atoh8,NA
71096,0,0,Sntg1,NA
71099,1,1,Tssk4,NA
71100,0,0,4933413L06Rik,NA
71101,0,0,Uvssa,32.3124792651728
71103,3,3,Glt6d1,NA
71106,0,0,4933413J09Rik,NA
71111,0,0,Gpr39,0.956170800298256
71116,0,0,Stx18,63.681339598508664
71120,0,0,1700022A22Rik,NA
71131,2,2,Zfp689,17.13271011465713
71132,0,0,Cabyr,0.9636085530624522
71133,1,1,4933422A05Rik,NA
71134,0,0,4933417E11Rik,NA
71137,0,0,Rfx4,1.4358944643261324
71138,4,4+,Tmem217,NA
71141,0,0,4933407L21Rik,NA
71145,0,0,Scara5,2.8585757460323897
71146,0,0,Golga7b,NA
71147,0,0,Oxsm,16.686119669536907
71148,0,0,Mier1,397.70834231817463
71149,7,4+,Tex52,NA
71151,0,0,Eri2,111.27453581773948
71153,10,4+,4933417O13Rik,NA
71156,0,0,Lrrc72,NA
71161,0,0,Prkag2os1,NA
71162,0,0,4933421I07Rik,NA
71163,1,1,Zfp626,149.22599448830832
71164,2,2,Zdhhc11,NA
71166,0,0,4933424G06Rik,NA
71169,1,1,Nbas,18.24779510758767
71174,0,0,4933416M06Rik,NA
71175,0,0,Nipbl,443.4943730732961
71176,31,4+,Fbxo24,2.164711445756763
71177,0,0,Ints13,759.2408769127902
71182,0,0,4933417G07Rik,NA
71183,0,0,Clec12b,NA
71186,0,0,4933417D19Rik,NA
71196,0,0,4933432G23Rik,NA
71198,0,0,Otud1,701.0206621292286
71200,0,0,Dydc2,NA
71206,0,0,Katnal2,30.87399885938418
71207,4,4+,Nudt4,1767.2070640204213
71208,2,2,4933440M02Rik,NA
71209,0,0,4933436E23Rik,NA
71213,7,4+,Cage1,2.631201448186187
71223,0,0,Gpr15,NA
71226,0,0,4933433G19Rik,0.9656123206155992
71227,0,0,Daw1,NA
71228,4,4+,Dlg5,157.0089679257316
71233,0,0,Enkur,3.033944140821703
71234,0,0,4933427E13Rik,NA
71235,5,4+,4933427I22Rik,NA
71236,0,0,Rsph14,1.8474724371602531
71238,10,4+,Sdhaf3,117.99683935013176
71240,0,0,Osbpl7,35.681089988587686
71241,0,0,Dmrtc2,11.651211842223091
71242,2,2,Spata24,44.40029181595919
71244,0,0,4933436H12Rik,NA
71247,0,0,4933438B17Rik,NA
71248,5,4+,4933428M09Rik,NA
71249,0,0,4933430N04Rik,NA
71254,0,0,Naif1,30.027162708342548
71263,0,0,Mro,NA
71264,0,0,4933432I03Rik,NA
71265,0,0,4933431G14Rik,NA
71268,5,4+,Lrrfip2,226.29169916600384
71270,0,0,4933438K21Rik,4.8409846624723265
71274,0,0,4933433G15Rik,NA
71275,4,4+,Noxred1,72.8505486298411
71276,7,4+,Ccdc57,2.1062689751503947
71279,0,0,Slc29a3,61.85171532019412
71281,0,0,Apobec4,NA
71285,0,0,4933430H16Rik,NA
71287,0,0,Cpvl,1.4313679841793705
71293,0,0,4933428C19Rik,NA
71296,18,4+,Crnde,1.7555041242895475
71297,0,0,Platr20,3.0002719508527647
71300,0,0,Rnf148,NA
71301,21,4+,4930593A02Rik,NA
71302,8,4+,Arhgap26,16.96755436827256
71304,8,4+,Wbscr25,3.2374726237788773
71306,0,0,Mfap3l,42.94352425523915
71307,0,0,1700018A04Rik,NA
71310,0,0,Tbc1d9,124.72204454877696
71313,0,0,Fsip1,4.9626802328233275
71314,0,0,4933433F19Rik,NA
71316,0,0,4933430M04Rik,NA
71319,0,0,4933439K11Rik,0.924471123204486
71321,0,0,4933440J02Rik,NA
71323,0,0,Rassf8,27.26237419292411
71325,0,0,Tchhl1,NA
71326,0,0,Treml1,1.2645519251306538
71330,0,0,Rcbtb1,363.5887886933877
71336,0,0,Rbks,10.077071048818404
71338,0,0,Tprg1,NA
71340,7,4+,Riok1,138.03030627973345
71342,3,3,5430434I15Rik,NA
71345,8,4+,Ano9,42.55775790027139
71349,0,0,5430427M07Rik,NA
71351,0,0,5430402E10Rik,NA
71354,0,0,Wdr31,35.12108388179267
71355,0,0,Col24a1,NA
71361,4,4+,Aifm2,16.438529713313162
71362,0,0,5430440P10Rik,NA
71363,0,0,Krtap7-1,NA
71365,0,0,Pdss2,73.3347641766879
71367,0,0,Chst9,NA
71368,0,0,5430431A17Rik,NA
71369,0,0,Krtap16-3,NA
71371,0,0,Arid5b,1290.548906577288
71373,0,0,Prr16,4.0640606330763855
71375,0,0,Foxn3,358.65887611823075
71382,2,2,Pex1,54.6092324622893
71386,0,0,Krtap28-13,NA
71388,1,1,5530401A14Rik,NA
71389,0,0,Chd6,230.9073247298679
71390,0,0,Slc6a19os,NA
71392,0,0,5430401F13Rik,NA
71393,0,0,Kctd6,55.952709898887115
71395,0,0,Cdcp3,NA
71398,0,0,Tasl,NA
71405,6,4+,Fam83c,NA
71406,22,4+,Spaar,NA
71409,0,0,Fmnl2,404.4840752928622
71412,0,0,Dhrs2,NA
71416,0,0,5430425K12Rik,NA
71421,0,0,Amtn,NA
71425,2,2,Bpifb9a,NA
71432,0,0,5430437J10Rik,NA
71435,3,3,Arhgap21,256.3097570935569
71436,0,0,Flrt3,129.51281316792674
71445,0,0,5530601H04Rik,134.14606439927917
71446,5,4+,Get1,NA
71448,0,0,Tmem80,72.20930350703466
71449,0,0,Mettl13,NA
71452,0,0,Ankrd40,317.8311981821341
71453,0,0,Krtap2-4,NA
71457,0,0,7420701I03Rik,NA
71458,0,0,Bcor,250.1857902849962
71461,0,0,Ptk7,446.07941840388753
71468,0,0,Obox1,NA
71472,0,0,Usp19,698.8240628273026
71473,6,4+,8430423G03Rik,NA
71474,0,0,Ppp6r2,12.219449107909242
71481,0,0,Alpk1,2.450130560498739
71489,10,4+,Bcas3os1,NA
71492,2,2,Bbs7,12.598498016803957
71508,3,3,Zfp935,NA
71510,0,0,8430436N08Rik,NA
71514,18,4+,Sfpq,4520.833329882153
71517,0,0,Vps35l,142.26149199548064
71519,0,0,Cyp2u1,6.8019916873339685
71520,12,4+,Grap,NA
71521,0,0,Pds5a,1152.7813199407626
71522,6,4+,Ggt6,NA
71523,19,4+,8430429K09Rik,15.886859535522143
71528,0,0,9030404E10Rik,NA
71529,0,0,Kazn,157.99919853350582
71532,3,3,Fam217b,18.29327237892871
71538,0,0,Fbxo9,264.7889718211236
71544,17,4+,Arhgap42,78.09979980735007
71545,1,1,9030625G05Rik,2.964135588898165
71562,8,4+,Afmid,27.96543360594015
71564,1,1,Izumo4,5.441374573609925
71566,0,0,Clmp,10.905380269216442
71567,0,0,Mcm9,61.03475450464204
71576,0,0,Tmem238l,NA
71578,0,0,Sval1,NA
71581,2,2,9130015A21Rik,1.7946662077580982
71583,0,0,9130008F23Rik,113.97434855851851
71584,0,0,Gdpd2,2.0037307061354888
71586,0,0,Ifih1,4.530477151821713
71591,13,4+,Zfp251,96.89348178074198
71592,0,0,Pogk,29.131459478795858
71597,0,0,Isx,NA
71599,0,0,Senp8,82.224785721006
71601,0,0,Ceacam20,6.04672969235931
71602,0,0,Myo1e,581.8340225745104
71607,3,3,Snx20,5.300563512407418
71609,1,1,Tradd,47.067253907324975
71613,0,0,9130015L21Rik,NA
71617,0,0,Armh3,114.15086889646038
71619,9,4+,Arl14,NA
71623,0,0,Krtap5-2,NA
71624,0,0,4833411C07Rik,NA
71637,0,0,4930413F20Rik,NA
71640,0,0,Zfp949,23.282052371601665
71643,0,0,Zgrf1,123.27202778804876
71647,0,0,4930447N08Rik,NA
71648,0,0,Optn,17.339811624181735
71650,0,0,4930456L15Rik,NA
71653,0,0,Shtn1,16.026597803828807
71654,0,0,4930518P08Rik,NA
71660,13,4+,Rarres2,1.2053810274614525
71661,17,4+,0610005C13Rik,4.364909478336392
71664,3,3,Tmt1b,NA
71665,11,4+,Fuca1,71.30542141146573
71667,3,3,Tmem248,862.2944716692019
71670,20,4+,Acy3,37.70323443073238
71673,11,4+,Rnf215,22.486509347402407
71675,0,0,Sanbr,NA
71678,0,0,Brox,213.1764838666898
71679,0,0,Atp5pd,NA
71682,0,0,Wdr27,7.173678002631657
71683,3,3,Gypc,1.238422638711744
71684,4,4+,Rbm43,11.26982602360215
71685,0,0,Galnt14,11.031994737630884
71687,0,0,Tmem25,1.1310176821627085
71690,0,0,Esm1,NA
71691,0,0,Pnma8a,NA
71693,0,0,Colec11,NA
71699,5,4+,Slc41a3,78.7926577290719
71701,0,0,Pnpt1,180.18219570188725
71702,0,0,Cdc5l,1185.1597413286722
71703,0,0,Armcx3,57.45313980141477
71704,9,4+,Arhgef3,40.00920028547395
71706,12,4+,Slc46a3,4.843898570677298
71707,0,0,Ubiad1,187.38248516481485
71709,0,0,Syde1,98.6401900451942
71710,0,0,Lrrcc1,48.7002809365756
71711,0,0,Mus81,24.551248453015567
71712,0,0,Dram1,8.157821927863656
71713,23,4+,Cdc40,195.0274354591269
71715,0,0,Dhx35,95.0733296280989
71718,13,4+,Telo2,43.6954159266547
71720,0,0,Osbpl3,66.44499576392195
71721,0,0,Fam13c,21.052517205414663
71722,0,0,Cic,262.01978647822085
71723,6,4+,Dhx34,20.65253088879386
71724,0,0,Aox3,10.213572525591374
71726,10,4+,Smug1,63.389874425581674
71728,5,4+,Stk11ip,170.54919338392142
71729,0,0,Rgs12,107.62934816622897
71732,4,4+,Vps11,60.13301458582902
71733,0,0,Susd2,110.88859848807007
71735,11,4+,Lrwd1,155.09657570398693
71738,8,4+,Mamdc2,NA
71740,7,4+,Nectin4,6.936256898691702
71742,7,4+,Ulk3,119.78153389418615
71743,3,3,Coasy,80.4238932257384
71745,16,4+,Cul2,466.7714575185259
71746,13,4+,Rgl3,3.785775437506342
71750,0,0,R3hdm2,438.3194914464951
71751,2,2,Map3k13,4.854262181202557
71752,19,4+,Gtf3c2,589.9730411593632
71753,12,4+,Tmprss6,NA
71754,0,0,Cyp2d40,NA
71755,0,0,Dhdh,77.39375916709625
71756,0,0,Cpn2,NA
71760,0,0,Etnppl,NA
71761,0,0,Amdhd1,1.8038735699741817
71764,11,4+,C2cd2l,29.70962093340649
71765,0,0,Klhdc3,382.4147301163776
71766,15,4+,Raver1,NA
71767,0,0,Tysnd1,85.68263802344777
71768,8,4+,Vwce,7.162691479971248
71769,1,1,Bbs10,51.722129722745834
71770,6,4+,Ap2b1,439.83016460094615
71772,0,0,Plbd2,240.40273887868517
71773,0,0,Ugt2b1,NA
71774,20,4+,Shroom1,7.13102395183508
71775,1,1,Inhca,NA
71776,0,0,Tha1,1.7452610938751003
71777,10,4+,Ing3,195.029697429191
71778,0,0,Klhl5,35.21929836579434
71779,0,0,Marchf8,NA
71780,4,4+,Isyna1,651.4937347284766
71781,0,0,Slc16a14,6.7361528731110925
71782,10,4+,Ankle2,302.16610066576607
71785,9,4+,Pdgfd,1.4365872496195882
71787,7,4+,Trnau1ap,86.06822187472244
71790,0,0,Anxa9,2.8860116467488477
71791,2,2,Cpa4,NA
71793,0,0,Ints12,105.3705417640644
71795,0,0,Pitpnc1,1114.2973696468562
71797,7,4+,Chst13,2.7156717777394235
71799,5,4+,Ptcd1,21.130004022756555
71801,24,4+,Plekhf2,606.3728881077309
71803,0,0,Slc25a18,NA
71804,0,0,Mtfr2,67.88267128148223
71805,0,0,Nup93,1475.677023038572
71807,0,0,Tars2,133.54096013818045
71810,3,3,Ranbp3,362.2788392353844
71816,0,0,Rnf180,1.9475073481160856
71817,0,0,Tmem50a,287.48708513797396
71818,1,1,3200001D21Rik,NA
71819,4,4+,Kif23,741.7017687022582
71820,6,4+,Dync2i2,NA
71824,0,0,1700006A11Rik,NA
71826,0,0,1700001F09Rik,NA
71827,16,4+,Lrrc34,90.85277348128744
71828,6,4+,Gtf2a1l,4.957113122413775
71829,1,1,Ddi1,NA
71830,0,0,Pdilt,NA
71831,0,0,Iqcm,NA
71832,0,0,Csl,NA
71833,0,0,Dcaf7,653.776338097306
71834,5,4+,Zbtb43,330.3843277121535
71835,0,0,Lancl2,159.49855538310769
71836,16,4+,Shcbp1l,3.019940606920448
71837,7,4+,1700003E16Rik,NA
71838,10,4+,Phf7,23.663232045103356
71839,0,0,Osgin1,NA
71840,0,0,Tekt4,NA
71841,0,0,Tcp11x2,5.237220425943088
71843,3,3,R3hcc1,64.48179909593912
71844,0,0,Nup58,NA
71846,8,4+,Syce2,472.3499981688555
71853,0,0,Pdia6,2515.05946623177
71854,12,4+,Dpep3,2.6671700483790364
71856,1,1,Wfdc3,1.016892961604703
71860,0,0,Cfap52,1.9916526303638564
71861,0,0,Zswim2,NA
71862,0,0,Gpr160,33.84805631862238
71863,12,4+,Tex44,NA
71864,5,4+,Fam217a,NA
71865,0,0,Fbxo30,270.7907623825444
71867,0,0,1700016G22Rik,0.7444346067032798
71868,7,4+,Spmap2l,NA
71869,0,0,Serpinb12,NA
71870,0,0,Cfap45,2.494967344008934
71872,0,0,Aox4,2.205138323907891
71873,0,0,2310003N18Rik,NA
71874,0,0,Mab21l4,56.19720527242071
71876,0,0,Cenpu,140.15825628087623
71877,1,1,Efhc1,5.086256985667109
71878,0,0,Fam83d,420.922013526598
71881,0,0,Apmap,87.93904339187296
71883,0,0,Coq2,139.77345774623055
71884,0,0,Chit1,1.3790722455941478
71885,12,4+,Faap100,45.51070788036005
71886,0,0,2310002L09Rik,NA
71887,0,0,Ppm1j,33.905639548060286
71888,0,0,Krt33a,NA
71889,0,0,Epn3,7.512934567483214
71890,0,0,Mad2l2,171.24367923444876
71891,0,0,Cdadc1,65.45457434460506
71893,10,4+,Noxo1,3.820670037911973
71897,0,0,Lypd6b,4.486710109371477
71898,3,3,Apol9b,NA
71900,13,4+,Tmem106b,113.81225295794536
71901,30,4+,Fam219a,128.48630950570544
71902,0,0,Cand1,2208.2772505469907
71903,16,4+,Ces2f,NA
71904,9,4+,Paqr7,5.532687584691135
71907,0,0,Serpina9,NA
71908,0,0,Cldn23,2.0125014936011927
71909,0,0,Haus5,21.0795956296156
71910,1,1,Plpp5,37.20580998632161
71911,0,0,Bdh1,129.3365303539707
71912,0,0,Jsrp1,NA
71913,0,0,Tmem79,138.68283525502628
71914,0,0,Antxr2,9.642386584070923
71916,0,0,Dus4l,26.09107228427055
71918,33,4+,Zcchc24,24.765823466930627
71919,0,0,Rpap3,184.48397654701975
71920,0,0,Epgn,0.8360950196191969
71923,3,3,Borcs6,46.233239596841095
71924,0,0,Tube1,52.41992508006547
71927,1,1,Itfg1,353.57036474660856
71929,21,4+,Tmem123,436.4830306805223
71932,0,0,Ephx3,3.931546971588531
71934,4,4+,Car13,64.70808120411522
71939,0,0,Apol6,1.5988212975739866
71941,0,0,Cars2,118.86991748372095
71943,0,0,Tom1l1,83.23697044116098
71946,0,0,Endod1,70.93763862673246
71947,0,0,Tmem94,195.72048287680144
71949,20,4+,Cers5,269.8098490492403
71950,0,0,Nanog,1726.333739271362
71951,21,4+,Gpc2,44.876673007432274
71952,0,0,Riox1,170.4439513920328
71954,0,0,Suds3,1032.977276576742
71955,0,0,Ist1,562.0078203389774
71956,8,4+,Rnf135,26.92933833577513
71957,24,4+,Ints11,577.4701528799321
71960,6,4+,Myh14,15.247993523680387
71962,15,4+,Castor1,121.24765337129809
71963,1,1,Cdca4,1989.0618124434177
71966,0,0,Nkiras2,36.692262860656776
71967,0,0,Mageb16,317.8593013931112
71968,0,0,Wdr73,154.4040575918541
71970,5,4+,Zbed5,187.9624607285183
71971,4,4+,Zswim1,151.1336696239623
71972,5,4+,Dnmbp,51.72010810138748
71973,4,4+,Rbpms2,1830.9802151476429
71974,0,0,Prmt3,375.9876497076152
71978,0,0,Ppp2r2a,835.423671622711
71979,0,0,Prr23a3,171.59254835607635
71981,0,0,Tdrd12,102.49901972884533
71982,6,4+,Snx10,600.5012489120718
71983,4,4+,Tmco6,32.19318004658762
71984,5,4+,Sars2,240.93071318904288
71985,0,0,Acad10,14.15969879761944
71986,12,4+,Ddx28,66.63460955944572
71988,0,0,Esco2,501.1597335723969
71989,0,0,Rpusd4,129.34039115903462
71990,4,4+,Ddx54,270.830163389419
71991,0,0,Ercc8,260.70697631621334
71994,0,0,Cnn3,2555.05032184384
71995,1,1,Erv3,NA
71996,0,0,Fthl17a,24.57966913153109
71997,0,0,Smg9,31.712612521577064
71998,6,4+,Slc25a35,41.121479072300794
71999,0,0,Fbxo22,446.2022482595752
72000,3,3,Lmntd2,5.657417955528872
72002,19,4+,Slc39a5,NA
72003,0,0,Synpr,NA
72007,9,4+,Fndc3b,371.5329255829243
72008,0,0,Zfyve19,37.46101886004392
72012,0,0,1600020E01Rik,63.58372965140457
72014,0,0,Btbd17,2.1699936917558618
72016,0,0,Tedc2,67.05862114826309
72017,0,0,Cyb5r1,651.8973984643537
72018,0,0,Fundc1,147.88978694982617
72020,0,0,Zfp654,103.97696593765396
72022,0,0,Slc35f2,188.47712175463667
72023,2,2,Cyb561d1,7.694072405963873
72025,0,0,1600012P17Rik,NA
72026,13,4+,Trmu,16.618158709232237
72027,0,0,Slc39a4,415.7104011801728
72029,2,2,Cnpy3,317.87794656171735
72030,0,0,1600025M17Rik,NA
72033,1,1,Tsc22d2,232.5607871072304
72039,0,0,Mccc1,56.74680849071805
72040,10,4+,Cdhr5,1.9272437505029385
72041,11,4+,Alkbh4,79.75245360323096
72042,0,0,Cotl1,143.4368907292944
72043,0,0,Sulf2,1217.5314476605663
72045,0,0,Mfsd4b2,NA
72046,3,3,Urgcp,44.40189986292345
72047,15,4+,Ddx42,1016.3965812259836
72049,45,4+,Tnfrsf13c,3.831528268371699
72050,5,4+,Poglut2,99.68391712681044
72053,18,4+,Tmub2,141.80713014090617
72054,2,2,Cyp4f18,NA
72055,3,3,Slc38a10,128.95340443551882
72056,7,4+,1810055G02Rik,363.2517454111589
72057,0,0,Phf10,597.6360341181004
72058,0,0,Igsf5,NA
72061,2,2,Aopep,66.81171470847575
72065,0,0,Rap2c,206.3864728850677
72068,0,0,Cnot2,535.0858590466975
72074,0,0,Anks4b,1.550332557751657
72075,0,0,Ogfr,54.982283225489255
72076,0,0,Mospd4,NA
72077,0,0,Gcnt3,9.533279077086716
72080,13,4+,Sapcd2,59.533763422218406
72082,0,0,Cyp2c55,3.6261327553014464
72083,0,0,Mzt2,83.24617261586826
72084,0,0,Pigx,454.8420528126936
72085,0,0,Osgepl1,248.47911444337836
72088,11,4+,Ush1c,1.6710670212981154
72090,0,0,Entpd8,NA
72093,4,4+,2010320M18Rik,95.6958186728542
72094,0,0,Ugt2a3,NA
72096,0,0,Eef1akmt2,39.97274269761498
72097,7,4+,Cracdl,NA
72098,6,4+,Tmem68,48.55883893585567
72102,0,0,Dusp11,182.2962964183575
72103,0,0,Aplf,146.56661596827
72104,0,0,2010106C02Rik,NA
72106,0,0,Jmjd8,23.605891730121257
72107,0,0,Dscc1,119.58514414765938
72108,8,4+,Ddhd2,117.656555475145
72112,0,0,Ppp1r14d,3.5412763636162405
72113,0,0,Adck1,36.17101732697223
72114,0,0,Zbed3,143.46561633005322
72117,4,4+,Naa50,2260.5954894515776
72119,0,0,Tpx2,1545.065645051926
72121,0,0,Dennd2d,3.0956875236458408
72122,0,0,2010308F09Rik,NA
72123,0,0,Ccdc71l,123.04622977221057
72124,14,4+,Seh1l,1202.3345132231484
72125,0,0,Amer2,2.233874390047452
72128,0,0,2610008E11Rik,45.07106163105482
72129,0,0,Pex13,98.69351556585109
72131,0,0,2010310C07Rik,NA
72133,11,4+,Trub1,208.23485078966337
72135,0,0,Pygo1,14.622017892516766
72136,0,0,Chst14,23.67329467541851
72137,2,2,Wdsub1,38.10877927416995
72139,0,0,Zfp1006,NA
72140,4,4+,Cep89,36.211190680433674
72141,0,0,Adpgk,227.3853697084517
72144,11,4+,Slc37a3,127.17849163341104
72145,0,0,Wdfy3,626.3564699663034
72147,0,0,Zbtb46,33.41382897458417
72148,9,4+,Tdrp,106.2677774506081
72149,4,4+,Strada,638.4710820786318
72151,0,0,Rfc5,626.191367979904
72154,4,4+,Zfp157,56.168323069586265
72155,3,3,Cenpn,450.71601918760314
72157,0,0,Pgm1,107.3494027526136
72160,0,0,Tmem163,3.8778673021147743
72162,0,0,Dhx36,254.32047960276836
72167,0,0,Thumpd2,52.21938050307898
72168,10,4+,Aifm3,4.434823254194881
72169,0,0,Trim29,NA
72170,13,4+,Chchd4,726.3819797935204
72171,0,0,Shq1,108.04533775173354
72175,2,2,Mfsd8,12.03003413652511
72179,0,0,Fbxl2,33.66552110206183
72180,2,2,Zfp661,17.04359659158262
72181,2,2,Nsun4,106.26534130985692
72183,3,3,Snx6,482.6515015021433
72184,4,4+,Klhl35,NA
72185,14,4+,Dbndd1,6.880067257455254
72190,0,0,2510009E07Rik,7.130922098106131
72193,0,0,Scaf11,724.6151789970389
72194,0,0,Fbxl20,274.2199303821948
72195,0,0,Supt7l,180.0920383179176
72198,0,0,Mtrex,586.6465635095898
72199,10,4+,Mms19,82.64052145537532
72201,11,4+,Otud6b,508.33129918866825
72203,5,4+,2610507I01Rik,NA
72205,6,4+,Eml2,55.28506054485095
72208,0,0,1700016L21Rik,NA
72211,0,0,1700025C18Rik,NA
72215,14,4+,Spmap1,NA
72218,12,4+,Rab11fip4os2,NA
72219,7,4+,Spata31d1a,16.259776404590404
72221,3,3,Cimip1,NA
72224,2,2,1700001J11Rik,NA
72225,9,4+,1700003M07Rik,1.151345117399129
72229,14,4+,Lncbate3,NA
72230,0,0,Zfp558,1.0333458451973536
72236,5,4+,Tsnaxip1,NA
72238,0,0,Tbc1d5,96.57515923606312
72240,0,0,1600014C23Rik,NA
72242,18,4+,Psg21,NA
72243,0,0,1700012D01Rik,NA
72244,0,0,1600014C10Rik,105.94599500942948
72249,0,0,1700019G24Rik,NA
72252,0,0,1700022A21Rik,NA
72254,0,0,1700030K09Rik,43.56861826685395
72257,3,3,1700006H21Rik,NA
72258,1,1,Kcnk10,NA
72259,1,1,1700030M09Rik,1.908246668232156
72263,1,1,1700030F04Rik,NA
72264,2,2,1700029J03Rik,NA
72265,2,2,Tram1,2017.6955571280637
72267,0,0,Lrrc8e,2.858011953486053
72268,0,0,1700027F06Rik,NA
72269,0,0,Cda,11.368665417154451
72273,18,4+,Smim24,28.456509568606503
72274,0,0,1700027H10Rik,NA
72275,4,4+,2200002D01Rik,94.95594857878864
72276,0,0,1700025M24Rik,NA
72277,2,2,Fam186a,0.7166752161417999
72278,5,4+,Ccpg1,90.69365455615564
72281,0,0,Sh2d4a,5.377919315152788
72282,0,0,1810062G17Rik,5.67314165057358
72284,0,0,LTO1,142.62621588881382
72286,0,0,1700030O20Rik,NA
72287,0,0,Plekhf1,64.62548863955234
72289,5,4+,Malat1,2441.5127271822757
72290,7,4+,Lsm11,58.93251671419118
72293,0,0,Nkd2,10.487214435645704
72296,4,4+,Rusc1,83.95128830846693
72297,9,4+,B3gnt3,13.129272920679634
72301,0,0,Shisal1,11.875474693991054
72303,0,0,Cyp2c65,1.2769815336366002
72305,8,4+,2210404E10Rik,NA
72306,0,0,Zfp777,53.859057113768536
72307,0,0,2510002D24Rik,47.2895428579078
72308,0,0,Brf1,93.41817101762958
72309,26,4+,Tmem158,26.678621706386835
72310,8,4+,Nkg7,0.8980634772416819
72313,0,0,Fryl,282.7567791533981
72315,13,4+,Ccdc74a,8.985895611254396
72316,0,0,2310008N11Rik,1.2136228398497684
72317,0,0,Asb17os,1.174675304249457
72318,23,4+,Cyth4,3.5138614027526636
72320,0,0,Kifbp,NA
72322,0,0,Xpo5,469.1020674945299
72323,12,4+,Asb6,59.72781344753973
72324,0,0,Plxdc1,11.980091038986936
72325,7,4+,Vps9d1,19.255033443484137
72326,0,0,2500004C02Rik,9.48251749342974
72330,2,2,Klhl40,0.8689508253254765
72333,0,0,Palld,452.40056764231105
72338,0,0,Wdr89,2333.1285769260776
72340,0,0,2010009K17Rik,NA
72341,17,4+,Elp6,30.945640275554037
72344,3,3,Usp36,423.89923673762394
72345,0,0,Amer1,81.47619306412312
72349,18,4+,Dusp3,109.31115296012058
72350,0,0,Zc2hc1c,2.109317864336088
72351,0,0,Ptar1,191.86553385448215
72354,0,0,Ttc4,142.40565117544628
72355,5,4+,Cdpf1,28.266060443175935
72357,1,1,2210016L21Rik,146.85339448055632
72361,9,4+,Ces2g,1.874807554542756
72368,0,0,Borcs8,128.43407528165898
72371,0,0,2210408I21Rik,23.460191043958577
72373,0,0,Psca,7.910557966475141
723792,0,0,Pinc,NA
72381,0,0,2210409E12Rik,NA
723814,0,0,Mir223,NA
723815,0,0,Mir128-2,NA
723816,0,0,Mir130b,NA
723817,0,0,Mir133b,NA
723818,26,4+,Mir135b,NA
723819,3,3,Mir181c,NA
723820,11,4+,Mir196b,NA
723821,0,0,Mir199a-2,NA
723822,0,0,Mir218-1,NA
723823,20,4+,Mir219a-1,NA
723824,3,3,Mir103-1,NA
723825,0,0,Mir103-2,NA
723826,0,0,Mir107,NA
723827,0,0,Mir221,NA
723828,0,0,Mir222,NA
723829,0,0,Mir106a,NA
72383,25,4+,Cnfn,NA
723832,0,0,Mir298,NA
723833,0,0,Mir300,NA
723834,0,0,Mir301,NA
723835,0,0,Mir302c,NA
723836,1,1,Mir30e,NA
723837,6,4+,Mir32,NA
723838,22,4+,Mir320,NA
723839,0,0,Mir323,NA
723840,10,4+,Mir326,NA
723841,8,4+,Mir328,NA
723842,0,0,Mir329,NA
723843,0,0,Mir337,NA
723844,6,4+,Mir338,NA
723845,2,2,Mir340,NA
723846,0,0,Mir341,NA
723847,0,0,Mir346,NA
723848,0,0,Mir34a,NA
723849,0,0,Mir34b,NA
723850,0,0,Mir361,NA
723851,8,4+,Mir362,NA
723852,0,0,Mir363,NA
723853,6,4+,Mir365-2,NA
723854,0,0,Mir370,NA
723855,0,0,Mir376a,NA
723856,0,0,Mir376c,NA
723857,0,0,Mir377,NA
723858,0,0,Mir379,NA
723859,0,0,Mir380,NA
72386,0,0,2610035D17Rik,5.684243191943354
723860,0,0,Mir383,NA
723861,0,0,Mir384,NA
723862,0,0,Mir409,NA
723863,0,0,Mir410,NA
723864,18,4+,Mir425,NA
723865,19,4+,Mir429,NA
723866,0,0,Mir431,NA
723867,0,0,Mir434,NA
723868,0,0,Mir449a,NA
723869,0,0,Mir450-1,NA
723870,14,4+,Mir451a,NA
723871,0,0,Mir468,NA
723873,0,0,Mir470,NA
723874,0,0,Mir483,NA
723875,0,0,Mir485,NA
723876,6,4+,Mir486,NA
723877,0,0,Mir489,NA
723878,6,4+,Mir494,NA
723879,0,0,Mir503,NA
72388,19,4+,Ripk4,94.97184960511191
723880,0,0,Mir540,NA
723881,6,4+,Mir543,NA
723882,4,4+,Mir546,NA
723883,7,4+,Mir7b,NA
723884,0,0,Mir7-2,NA
723885,11,4+,Mir93,NA
723886,11,4+,Mir96,NA
723887,0,0,Mir463,NA
723888,0,0,Mir465,NA
723889,0,0,Mir378a,NA
723890,0,0,Mir181b-1,NA
723891,0,0,Mir19a,NA
723892,0,0,Mir100,NA
723893,9,4+,Mir10a,NA
723894,0,0,Mir224,NA
723895,0,0,Mir31,NA
723896,0,0,Mir324,NA
723897,0,0,Mir33,NA
723898,0,0,Mir339,NA
723899,6,4+,Mir365-1,NA
723900,22,4+,Mir375,NA
723901,0,0,Mir542,NA
723902,0,0,Mir7-1,NA
723903,0,0,Mir181b-2,NA
723904,0,0,Mir219a-2,NA
723905,0,0,Mir17,NA
723906,0,0,Mir296,NA
723907,0,0,Mir322,NA
723908,0,0,Mir331,NA
723909,10,4+,Mir342,NA
72391,0,0,Cdkn3,80.74344657936437
723910,0,0,Mir351,NA
723911,0,0,Mir367,NA
723912,0,0,Mir382,NA
723913,0,0,Mir412,NA
723914,0,0,Mir448,NA
723916,0,0,Mir484,NA
723917,0,0,Mir539,NA
723918,0,0,Mir547,NA
723919,0,0,Mir452,NA
72392,0,0,Tmem175,100.46528771147202
723920,0,0,Mir302a,NA
723921,0,0,Mir350,NA
723922,0,0,Mir466,NA
723923,0,0,Mir20b,NA
723924,0,0,Mir218-2,NA
723925,8,4+,Mir106b,NA
723926,11,4+,Mir25,NA
723927,0,0,Mir299a,NA
723928,0,0,Mir302d,NA
723929,0,0,Mir325,NA
72393,1,1,Faim2,2.679825670422718
723930,14,4+,Mir335,NA
723931,0,0,Mir344,NA
723932,0,0,Mir34c,NA
723933,0,0,Mir369,NA
723934,0,0,Mir376b,NA
723935,0,0,Mir381,NA
723936,0,0,Mir411,NA
723937,0,0,Mir433,NA
723938,0,0,Mir450-2,NA
723939,0,0,Mir471,NA
723940,0,0,Mir487b,NA
723941,0,0,Mir541,NA
723942,0,0,Mir92-2,NA
723944,22,4+,Mir200c,NA
723945,0,0,Mir297a-2,NA
723946,15,4+,Mir345,NA
723947,0,0,Mir98,NA
723948,0,0,Mir302b,NA
723949,0,0,Mir16-2,NA
72395,4,4+,2610028E06Rik,NA
723950,0,0,Mir124a-2,NA
723951,7,4+,Mir124a-3,NA
723952,0,0,Mir125b-2,NA
723953,0,0,Mir129-2,NA
723954,12,4+,Mir133a-2,NA
723955,0,0,Mir135a-2,NA
723956,3,3,Mir138-2,NA
723957,0,0,Mir194-2,NA
723958,0,0,Mir196a-2,NA
723959,0,0,Mir1a-2,NA
723960,0,0,Mir24-2,NA
723962,0,0,Mir26a-2,NA
723963,0,0,Mir29b-2,NA
723964,0,0,Mir30c-2,NA
723965,0,0,Mirlet7a-2,NA
723966,22,4+,Mirlet7c-2,NA
723967,0,0,Mir9-2,NA
723968,0,0,Mir9-3,NA
72397,10,4+,Rbm12b1,31.33807133100873
723974,0,0,Mir500,NA
723975,0,0,Mir721,NA
723976,0,0,Mir652,NA
72399,0,0,Brap,81.6661824102328
72400,0,0,Pinx1,189.82745425105617
72401,7,4+,Slc43a1,17.125553524392174
724020,0,0,Klrb1-ps1,NA
72404,0,0,Wdr44,38.62935042061193
724062,0,0,Mir101b,NA
724063,0,0,Mir330,NA
724064,2,2,Mir148b,NA
72413,0,0,Kcnmb2,NA
72415,0,0,Sgo1,391.97405872698505
72416,3,3,Lrpprc,1093.7697092207632
72421,1,1,Ift70b,NA
72425,0,0,Katnbl1,430.488518347201
72429,5,4+,Dnajc25,55.33250432196455
72431,6,4+,Ceacam18,NA
72432,0,0,Spink5,1.9041615003477737
72433,0,0,Rab38,10.090547951395994
72434,0,0,Lypd3,3.4168721374155995
72440,0,0,Rhno1,245.90198354119235
72446,2,2,Prr5l,120.5336723715425
72454,4,4+,Ccdc71,78.1208361407966
72459,0,0,Htatsf1,432.5677339388323
72461,0,0,Prcp,66.894680909242
72462,18,4+,Rrp1b,497.94516446761986
72465,0,0,Zfp131,231.88718842466423
72469,6,4+,Plcd3,15.386729973712452
72472,6,4+,Slc16a10,29.902211214129338
72475,0,0,Ssbp3,2529.1831084974924
72477,0,0,Tmem87b,65.09923147062533
72479,12,4+,Hsdl2,74.76542229856302
72480,0,0,Tspyl4,4.509281453807965
72481,0,0,2610203C22Rik,NA
72482,0,0,Acbd6,186.897351548802
72486,0,0,Obi1,NA
72495,0,0,2610206C17Rik,NA
72500,0,0,Ier5l,205.10302053572232
72502,0,0,Cwf19l1,103.95946466324108
72503,19,4+,Bltp2,NA
72504,9,4+,Taf4b,132.33893543370056
72507,0,0,Dzip1l,16.08750456274438
72508,7,4+,Rps6kb1,484.5206451515652
72511,0,0,2610316D01Rik,NA
72512,0,0,Sting1,NA
72514,3,3,Fgfbp3,26.490677793135223
72515,1,1,Wdr43,985.899524397422
72518,0,0,2610307P16Rik,6.071932242249404
72519,17,4+,Pip4p2,336.4773860857597
72522,12,4+,Atxn7l2,16.100973373767175
72535,8,4+,Aldh1b1,4.12489299127323
72536,0,0,Tagap,6.078973851227928
72542,15,4+,Pgam5,619.4264661017227
72543,0,0,Mvb12b,41.73912555965204
72544,10,4+,Exosc6,NA
72549,0,0,Reep4,872.492141275095
72552,9,4+,Hsdl1,79.31168629393913
72554,0,0,Utp14a,1137.449934414307
72555,0,0,Shisa9,NA
72556,0,0,Zfp566,167.55037287096533
72560,0,0,Naalad2,2.79815397615115
72562,3,3,Pcbd2,128.36592137121326
72565,7,4+,Uaca,44.98863706401483
72567,0,0,Bclaf1,1184.5682381937793
72568,26,4+,Lin9,77.25740958278132
72569,0,0,Bbs5,34.378366699099196
72572,5,4+,Spats2,444.76388167714913
72575,0,0,Mir503hg,NA
72578,0,0,2700054A10Rik,2.019243192283064
72580,0,0,Zup1,150.64512803088675
72584,0,0,Cul4b,880.1143146665916
72585,0,0,Lypd1,7.014107649698556
72587,0,0,Pan3,344.2934161109979
72590,9,4+,Ppme1,509.92306795028645
72599,0,0,Pdia5,182.20092523577816
72605,0,0,Car10,0.847051675672164
72607,16,4+,Usp13,23.7365765586226
72608,0,0,2700069I18Rik,NA
72609,0,0,2700070H01Rik,NA
72611,2,2,Zfp655,250.05134904688856
72612,0,0,Hpf1,563.0135945768332
72614,5,4+,Pih1d2,7.551297131235818
72615,20,4+,Anks3,36.691883708723225
72621,0,0,Pdzd11,328.43525984685004
72628,2,2,Hoxaas3,2.808145456185354
72630,0,0,Hspa12b,1.900774291365696
72632,0,0,Smim18,NA
72634,2,2,Tdrkh,65.22390690314148
72635,0,0,Lins1,73.07142913810638
72640,5,4+,Mex3a,116.03752253647248
72647,0,0,2700089I24Rik,NA
72648,9,4+,Smc2os,0.673908647063534
72649,11,4+,Tmem209,742.077361649684
72650,2,2,Mtrfr,NA
72654,4,4+,Ccdc12,122.807325072103
72655,0,0,Snhg5,906.4926677402796
72656,12,4+,Ints8,312.1228547280657
72657,19,4+,Selenoh,838.4959894741902
72658,0,0,2700097O09Rik,117.44244481711812
72661,0,0,Serp2,21.514133543442732
72662,0,0,Dis3,541.1659876291596
72667,1,1,Zfp444,260.77051608036584
72669,0,0,2810032G03Rik,NA
72672,0,0,Zfp518a,223.65655587214584
72674,0,0,Adipor1,1171.612138642541
72677,0,0,2810049E08Rik,NA
72685,10,4+,Dnajc6,39.93544734016636
72690,4,4+,Fam110d,NA
72691,15,4+,Calhm2,11.56140529307656
72692,0,0,Hnrnpll,873.7841277166842
72693,0,0,Zcchc12,15.345770738144395
72699,0,0,Lime1,NA
72701,0,0,Zfp618,80.53962946932796
72709,0,0,C1qtnf6,0.9287201172963808
72713,0,0,Angptl1,NA
72716,0,0,Gm45351,NA
72720,8,4+,Zfp248,22.22632270492936
72722,0,0,Fam98a,308.9720463709724
72723,1,1,Zfp74,120.5011632172036
72726,8,4+,Tbcc,116.95674015236102
72727,5,4+,B3gat3,26.255595531248524
72729,0,0,Cdc42se2,243.6226852568279
72735,0,0,Eldr,3.798795085409628
72736,0,0,Tmx1,368.88885291920786
72739,1,1,Zkscan3,289.84655383000495
72745,0,0,Tmem161b,50.07130277499106
72747,0,0,Ttc39c,7.997712622850826
72748,17,4+,Hdhd3,0.9586127292772436
72749,3,3,Tonsl,48.65611294893112
72750,0,0,Fam117b,196.7388541819157
72753,0,0,2810442N19Rik,NA
72754,0,0,Arhgef10l,25.30485389547087
72759,0,0,Tmem135,235.1934981809505
72772,4,4+,Rint1,48.512508537466246
727720,0,0,Defa-ps1,NA
72774,0,0,Neil1,40.451421323178415
72775,0,0,Fance,123.22947236842444
72776,0,0,Sass6,92.4210308226209
72778,8,4+,Dnajc22,1.7923717552935376
72780,0,0,Rspo3,2.2690094255399504
72787,0,0,Ndc1,584.5758197853248
72789,0,0,Veph1,2.60147948787856
72792,0,0,2810459M11Rik,1.1288956964657717
72795,0,0,Ttc19,260.5218987688473
72805,14,4+,Zfp839,35.11747205955231
72807,0,0,Zfp429,NA
72813,11,4+,2810454H06Rik,27.246241261436804
72818,0,0,2810471M01Rik,NA
72821,0,0,Scn2b,2.658253530904313
72823,0,0,Pard3b,3.859929085963259
72825,0,0,Mon1a,9.50785011819455
72826,0,0,Fam76b,519.8429600286385
72828,0,0,Ubash3b,35.77992962267247
72831,0,0,Dhx30,222.82546045778227
72832,15,4+,Crtac1,11.963095838960095
72834,7,4+,Cerox1,NA
72836,0,0,Pot1b,21.544116544915088
72843,5,4+,Prdm4,157.1826956632523
72844,5,4+,Kctd17,47.15966107391903
72852,4,4+,Mblac2,8.378174210125762
72873,16,4+,Bbof1,2.027237999442168
72881,0,0,Zdhhc4,126.44730457696043
72886,0,0,Yju2,44.5880576326002
72891,0,0,Xlr4c,11.762144612022963
72893,0,0,2900040C04Rik,NA
72895,0,0,Setd5,307.6588925861094
72898,27,4+,Asphd2,22.657332217345992
72899,0,0,Macrod2,49.44288127843282
72900,5,4+,Ndufv2,610.0791728906264
72902,0,0,Spock3,NA
72925,0,0,Marchf1,NA
72927,8,4+,Hepacam,2.2852079471915103
72930,0,0,Ppp2r2b,2.7369571449612087
72931,0,0,Swi5,333.2918595940656
72935,1,1,Ddx41,132.1579307472582
72938,0,0,Ift25,NA
72946,0,0,Lrrc47,558.596630337532
72947,0,0,Phykpl,134.05625188925407
72948,0,0,Tppp,NA
72949,1,1,Ccnt2,733.1380583284017
72958,0,0,Zfp493,18.159583479301855
72960,0,0,Top1mt,21.087380311572012
72961,35,4+,Slc17a7,8.293541024549802
72962,10,4+,Tymp,NA
72972,0,0,Ccser2,261.77324008782483
72973,11,4+,Fbxo47,NA
72978,0,0,Cnih3,2.1615774773853502
72981,0,0,Thap12,199.44379682993687
72982,6,4+,Tmem138,264.7674759223068
72993,0,0,Appl1,246.27048694598847
72997,0,0,Kantr,122.95384717489378
72999,0,0,Insig2,129.7389453823091
73009,0,0,2900057B20Rik,NA
73010,3,3,Gpr22,NA
73016,0,0,Kremen2,5.914038343068908
73024,0,0,Emc7,317.969655472678
73032,0,0,Ttc9b,12.097500600559432
73040,0,0,2900052N01Rik,NA
73046,6,4+,Glrx5,1592.5990028256028
73047,17,4+,Camk2n2,54.933932847723526
73061,1,1,Cldn34c1,6.585213988567738
73062,0,0,Ppp1r16a,32.06846927936074
73067,0,0,Tmem192,64.359714461864
73068,10,4+,Pofut4,NA
73072,26,4+,Prr36,9.006583347159664
73075,0,0,Ppil6,1.4905735691191442
73076,0,0,3100003L05Rik,NA
73078,0,0,Pmpcb,362.62818963623886
73086,3,3,Rps6ka5,72.91237499292002
73090,4,4+,2900092C05Rik,NA
73094,0,0,Sgip1,1.389839673308097
73095,0,0,Slc25a42,24.735583392294465
73102,3,3,Slc22a23,54.2977889480606
73103,0,0,3110009E18Rik,49.40704875567606
73106,0,0,Prss57,NA
73112,0,0,Abracl,561.3626121526066
73121,0,0,Rflna,3.5069448171124233
73122,6,4+,Tgfbrap1,76.84532288622381
73124,0,0,Golim4,131.5162524072416
73129,0,0,3110015C05Rik,NA
73130,2,2,Tmed5,285.3961967341479
73132,0,0,Slc25a16,115.39532948416296
73137,5,4+,Prrc1,296.4063611194477
73139,24,4+,Cenpv,740.793449629772
73144,0,0,Mir100hg,11.595554577831749
73149,0,0,Clec4a3,NA
73158,0,0,Larp1,3911.4931878482016
73162,4,4+,Otud3,12.681911664142577
73166,22,4+,Tm7sf2,51.28070348499105
73167,0,0,Arhgap8,113.39978117615256
73172,0,0,Exo5,266.92749727139073
73173,10,4+,Pcdh18,77.80184962764918
73174,0,0,Tbkbp1,28.03473989210499
73178,30,4+,Wasl,1428.964027767737
73181,15,4+,Nfatc4,16.808611300376757
73182,0,0,Pear1,5.722963840275156
73183,4,4+,5430402O13Rik,21.88851259271592
73191,25,4+,Fezf1,NA
73192,0,0,Xpot,960.7537756915652
73204,29,4+,3110056K07Rik,18.130801666480057
73205,16,4+,C9orf72,44.55854582907888
73212,3,3,Chlsn,NA
73218,35,4+,Sppl2b,23.49535763298996
73225,9,4+,Fam118a,48.45891537695385
73229,0,0,Zfp983,19.539797778610534
73230,0,0,Bmper,3.412457901808499
73233,0,0,Zfp942,46.38142594911032
73234,15,4+,Snorc,1.0394325649270642
73242,0,0,Atat1,65.07927821208523
73244,0,0,Prl8a1,NA
73246,1,1,Rassf6,1.5653329648198966
73247,1,1,Mrgbp,131.43083794890373
732482,0,0,Ccnq-ps2,NA
732489,0,0,Mir674,NA
73250,0,0,Ceacam5,NA
73251,14,4+,Setd7,287.47793202988566
73254,2,2,Ccdc18,45.77155406337478
73257,4,4+,1700023C21Rik,NA
73259,2,2,Cib4,NA
73261,0,0,1700037C18Rik,3.7309405142581737
73266,0,0,Speer6-ps1,NA
73272,0,0,1700108F19Rik,2.786904055774899
73274,0,0,Gpbp1,1203.2517706256149
73278,0,0,1700031P21Rik,3.5735112301401113
73283,0,0,1700036G14Rik,NA
73284,0,0,Ddit4l,113.50431223645236
73286,0,0,1700031A10Rik,1.7414378438820757
73287,0,0,Cabcoco1,NA
73288,9,4+,Vps50,133.69641406560933
73293,8,4+,Ccdc103,4.4084626138292755
73295,0,0,1700047L14Rik,NA
73296,4,4+,Rhobtb3,97.0533755006932
73297,3,3,Fundc2b,NA
73300,2,2,1700031F05Rik,NA
73301,3,3,Ttc29,8.079095789385388
73302,0,0,1700031M16Rik,NA
73303,1,1,Bcas1os2,NA
73306,0,0,1700044C05Rik,NA
73307,0,0,1700046C09Rik,NA
73309,0,0,Spanxn4,NA
73314,0,0,Lrrc69,NA
73316,0,0,Calr3,7.42595134218675
73318,0,0,Ube2d2b,NA
73321,0,0,1700042O10Rik,9.16627943514835
73322,0,0,1700039E22Rik,NA
73324,10,4+,Clhc1,3.447883765685169
73326,0,0,4932702P03Rik,NA
73327,12,4+,Pradc1,54.44493157732587
73331,0,0,1700034P13Rik,1.1518360672852543
73332,0,0,Ccdc30,16.177053029498744
73333,0,0,Slc25a31,40.15749271591903
73336,0,0,Prss44,2.922031493507656
73338,9,4+,Itpripl1,72.95957062935253
73339,5,4+,1700047G03Rik,NA
73340,15,4+,Nptxr,267.2810765919264
73341,0,0,Arhgef6,3.3629959995052454
73344,0,0,1700034J05Rik,NA
73347,0,0,Cldn34b2,NA
73348,0,0,1700045H11Rik,NA
73349,9,4+,1700042G15Rik,NA
73353,4,4+,Actrt2,NA
73358,0,0,1700054M17Rik,NA
73360,0,0,Actrt1,NA
73363,0,0,1700056E22Rik,3.1067639341561275
73366,10,4+,1700051A21Rik,NA
73368,0,0,Col20a1,3.9623952629994954
73373,2,2,Phospho2,88.2493021423969
73375,0,0,1700057H21Rik,1.8397605522687333
73376,15,4+,Cimip4,NA
73379,0,0,Dcbld2,666.6510139097724
73381,14,4+,Cmtm2a,NA
73382,3,3,Prss52,NA
73388,0,0,Bpifa3,NA
73389,11,4+,Hbp1,522.4602577914363
73390,1,1,Msl3l2,39.07966051618389
73395,0,0,1700049E22Rik,NA
73397,0,0,1700055C04Rik,NA
73398,4,4+,Nipsnap3a,NA
73399,18,4+,1700060C20Rik,NA
73400,2,2,1700064J06Rik,NA
73407,10,4+,Spmip8,NA
73408,0,0,1700065L07Rik,NA
73409,3,3,1700065J11Rik,NA
73410,0,0,1700065D16Rik,2.363544012425029
73412,0,0,Nme8,NA
73419,9,4+,Armt1,123.2714505491924
73420,0,0,Ccsap,67.28999570864386
73422,0,0,Prox2,1.0697607679892998
73425,0,0,1700060C16Rik,NA
73426,0,0,1700066B17Rik,NA
73429,2,2,Hoxd3os1,NA
73430,0,0,Zfp974,13.468105519429413
73431,4,4+,1700052K11Rik,25.24145587716762
73435,0,0,Tex35,0.8768790145203252
73438,0,0,1700061F12Rik,NA
73442,4,4+,Hspa12a,16.726509218397222
73447,0,0,Wdr13,38.81665298405538
73449,0,0,Smim33,NA
73451,0,0,Zfp763,101.22051098779164
73452,0,0,1700063O14Rik,NA
73453,10,4+,1700067K01Rik,6.932508318609105
73454,0,0,1700063A18Rik,NA
73455,6,4+,1700065J18Rik,NA
73456,17,4+,Izumo1,1.522939692422812
73457,0,0,1700064M15Rik,NA
73458,13,4+,Aldh3b3,NA
73463,0,0,C2cd6,NA
73466,0,0,Ms4a13,NA
73467,0,0,1700066M21Rik,16.0712353648234
73469,38,4+,Rnf38,777.3441217634345
73470,0,0,Kif2b,NA
73471,0,0,1700066N21Rik,NA
73472,10,4+,Spata18,NA
73473,6,4+,Iws1,403.25912651824575
73474,16,4+,Snhg9,19.588547435941926
73475,0,0,1700067G17Rik,NA
73477,0,0,1700081H04Rik,NA
73480,0,0,1700074H08Rik,NA
73481,0,0,Prss59,NA
73486,0,0,1700084J12Rik,NA
73487,0,0,1700084M14Rik,NA
73489,0,0,1700080N15Rik,NA
73490,0,0,Mipol1,31.107849440122443
73495,0,0,Samt3,NA
73503,0,0,Mbd3l1,NA
73504,0,0,1700071M16Rik,NA
73505,5,4+,1700072O05Rik,NA
73515,0,0,Nell1os,NA
73516,0,0,1700086O06Rik,80.72819660520926
73523,0,0,Pebp4,NA
735252,0,0,Mir181a-1,NA
735253,0,0,Mir488,NA
735255,0,0,Mir669b,NA
735256,0,0,Mir669a-1,NA
735257,0,0,Mir467b,NA
735258,0,0,Mir669a-2,NA
735259,0,0,Mir670,NA
73526,8,4+,Speer4b,NA
735261,0,0,Mir684-2,NA
735262,0,0,Mir455,NA
735263,20,4+,Mir698,NA
735264,31,4+,Mir671,NA
735265,3,3,Mir703,NA
735266,3,3,Mir592,NA
735267,7,4+,Mir705,NA
735268,0,0,Mir680-1,NA
735269,10,4+,Mir707,NA
735270,0,0,Mir710,NA
735271,0,0,Mir709,NA
735272,0,0,Mir669a-3,NA
735274,0,0,Mir684-1,NA
735275,0,0,Mir499,NA
735277,0,0,Mir697,NA
735278,0,0,Mir701,NA
735279,0,0,Mir490,NA
735280,0,0,Mir675,NA
735281,0,0,Mir297b,NA
735282,0,0,Mir491,NA
735283,29,4+,Mir702,NA
735284,0,0,Mir708,NA
735285,5,4+,Mir700,NA
735286,0,0,Mir467a-1,NA
735287,1,1,Mir695,NA
735289,2,2,Mir704,NA
73529,0,0,1700072B07Rik,NA
735290,0,0,Mir706,NA
735308,0,0,Mir216b,NA
735309,0,0,Mir449c,NA
73531,0,0,1700069P05Rik,NA
73532,0,0,Nudt16l2,NA
73536,2,2,1700092K14Rik,NA
73542,0,0,Tssk5,NA
73545,5,4+,Cfap141,NA
73547,0,0,Dusp21,NA
73549,2,2,1700110I01Rik,NA
73553,0,0,1700091H14Rik,NA
73554,0,0,1700092C10Rik,NA
73558,6,4+,1700110K17Rik,NA
73563,10,4+,1700095J12Rik,NA
73567,5,4+,Gldnos,NA
73569,0,0,Vgll3,172.8838661016203
73571,0,0,1700096K18Rik,26.052957078582267
73575,0,0,1700101O22Rik,NA
73576,0,0,1700092E19Rik,NA
73582,0,0,Camkmt,129.18700076663157
73584,0,0,1700100L14Rik,NA
73588,0,0,St8sia3os,NA
73590,9,4+,1700112H15Rik,NA
73591,0,0,1700109I08Rik,NA
73592,0,0,1700104L18Rik,NA
73598,6,4+,1700001O22Rik,1.4770608855816294
73600,5,4+,1700120C14Rik,22.63531689438022
73603,0,0,Trp53tg5,NA
73606,0,0,1700120E14Rik,NA
73608,0,0,Marveld3,21.128603420689497
73609,2,2,1700125H03Rik,NA
73610,0,0,Zfp433,NA
73614,0,0,Rhox13,109.71526822260113
73616,0,0,Pldi,NA
73617,0,0,1700122H20Rik,NA
73624,0,0,1700123O12Rik,NA
73626,0,0,1810009J06Rik,NA
73628,0,0,1700125G02Rik,NA
73631,0,0,1700128A07Rik,NA
73634,1,1,Chct1,NA
73635,0,0,Ptges3l,5.869666206999539
73639,8,4+,1700126H18Rik,NA
73644,0,0,2210039B01Rik,NA
73647,12,4+,Capn9,4.731680239533603
73648,0,0,2410012E07Rik,NA
73649,0,0,Cybrd1,3.1353796961899767
73652,0,0,2210408F21Rik,NA
73656,0,0,Ms4a6c,NA
73658,15,4+,Spns1,133.2308613894413
73660,0,0,Cabp4,3.0275875221122357
73666,0,0,Thoc3,291.11829359597493
73667,0,0,Cimip5,NA
73668,0,0,Ttc21b,16.545070909246828
73670,0,0,Defb30,73.49615050349071
73671,3,3,Sult6b1,69.75534779021716
73673,3,3,Rec114,21.037497446502297
73674,0,0,Wdr75,528.3846132076611
73677,6,4+,Psma8,44.34484808475647
73679,3,3,Tex19.1,995.5584858321575
73680,0,0,Zbtb8a,78.8739442426436
73681,0,0,Trmt11,354.4578733743605
73683,0,0,Atg16l2,37.27568625561369
73689,0,0,Bloc1s2,330.12816997865065
73690,0,0,Glipr1,9.359929027042757
73692,0,0,Cplane1,74.50258518715127
73693,0,0,Dppa4,1399.714210926167
73694,0,0,Ndufaf7,95.54853531934948
73696,10,4+,Platr9,1.9437885208162913
73699,8,4+,Ppp2r1b,936.8302697089514
73703,0,0,Dppa2,4371.675766460385
73707,4,4+,Gucy2g,NA
73708,3,3,Dppa3,253.13617194038017
73710,0,0,Tubb2b,2631.4115324110035
73711,0,0,Mvb12a,123.67324267667736
73712,3,3,Dmkn,5.268751573125783
73713,1,1,Rbm20,14.582421431521174
73719,0,0,Lce1c,NA
73720,18,4+,Cst6,NA
73721,0,0,Spmip6,NA
73722,1,1,Lce1a2,NA
73723,15,4+,Sh3bgrl3,1849.8120329985627
73724,12,4+,Mcee,102.20396763060772
73728,18,4+,Psd,5.472640742102716
73729,1,1,Zfp383,133.4832690270324
73730,0,0,Lce1l,NA
73736,0,0,Fcf1,892.198315307768
73737,6,4+,Bbln,NA
73738,0,0,Haus7,72.90033725336338
73739,20,4+,Cby1,282.74827230672224
73744,0,0,Man2c1,129.40606190057173
73747,3,3,Shld1,34.772116046232966
73748,0,0,Gadl1,5.032665311056853
73750,0,0,Whrn,64.18717373594122
73754,0,0,Thap1,257.1632849004452
73761,2,2,4833415N18Rik,NA
73774,13,4+,4930422M22Rik,NA
73779,0,0,Prr27,NA
73784,0,0,4930430F21Rik,NA
73792,6,4+,4930401G09Rik,NA
73796,0,0,4930402F11Rik,NA
73803,0,0,4930401C15Rik,NA
73804,4,4+,Kif2c,378.7987232301875
73806,0,0,4930406D18Rik,NA
73808,0,0,Tex36,NA
73809,0,0,Satl1,NA
73811,0,0,4930405J17Rik,NA
73813,6,4+,Fam83e,5.758466048472426
73815,0,0,4930404H11Rik,NA
73816,8,4+,4930401O10Rik,NA
73820,0,0,4930404A05Rik,NA
73822,7,4+,Mfsd12,31.57393859874923
73824,2,2,Snhg6,63.5160949615453
73825,0,0,Ppp1r21,85.42804141914957
73826,12,4+,Poldip3,777.6810468708716
73827,0,0,Tmem198b,17.27937911664317
73828,0,0,Dcaf4,265.43409731322015
73830,16,4+,Eif3k,968.1801908500096
73833,13,4+,Fam98c,237.14960978969668
73834,6,4+,Atp6v1d,1260.6806596612068
73835,5,4+,Ifitm5,9.498640417643786
73836,18,4+,Slc35b2,223.68831742227465
73844,3,3,Ankrd45,53.65263500016733
73845,0,0,Ankrd42,2.72157646239234
73847,0,0,Fam110a,44.073335566324296
73852,0,0,D3Ertd751e,24.8117723675006
73862,0,0,Spmip7,NA
73863,3,3,Spmip11,NA
73865,0,0,4930425K10Rik,NA
73866,0,0,Pabir3,NA
73867,0,0,4930428E07Rik,NA
73870,0,0,4930417O13Rik,NA
73872,0,0,4930423M02Rik,NA
73873,0,0,Fam161a,21.01370026581425
73874,0,0,4930419G24Rik,NA
73877,0,0,4930432J09Rik,NA
73883,0,0,4930431P22Rik,NA
73884,0,0,Zdbf2,602.1813204033915
73887,18,4+,4930417O22Rik,0.7058516581212777
73889,0,0,4930413M19Rik,NA
73893,0,0,Tmem202,NA
73894,0,0,4930414N06Rik,NA
73895,0,0,4930431P03Rik,NA
73902,0,0,Psmb11,NA
73904,0,0,4833412C05Rik,6.456568344052382
73906,0,0,4833417C18Rik,24.37357182719622
73910,0,0,Arhgap18,9.465125959590182
73914,0,0,Irak3,116.38711637307696
73915,18,4+,4833419F23Rik,NA
73916,0,0,Ift57,112.15477548392512
73919,0,0,Lyrm1,24.707912514765965
73921,0,0,Scpep1os,NA
73922,0,0,4930405D11Rik,NA
73924,0,0,4930401O12Rik,NA
73934,0,0,Cldn34c4,NA
73936,0,0,Ccdc175,NA
73937,16,4+,1700029M20Rik,2.077538877843749
73938,0,0,4930412B13Rik,NA
73940,14,4+,Hapln2,NA
73942,0,0,Fam151b,3.4246829183442635
73945,18,4+,Otud4,1081.5340974356125
73949,0,0,Speer9-ps1,NA
73951,27,4+,4930413G21Rik,NA
73959,0,0,4930433B08Rik,NA
73961,3,3,4930447J18Rik,NA
73962,0,0,4930441J16Rik,NA
73965,0,0,4930448I18Rik,NA
73968,0,0,4930444F02Rik,NA
73972,0,0,4930448C13Rik,NA
73977,9,4+,4930438E09Rik,NA
73985,1,1,4930445N18Rik,NA
73989,0,0,4930452G13Rik,NA
73990,3,3,4930455C13Rik,NA
73991,0,0,Atl1,18.808787970550785
73992,0,0,4930448F12Rik,NA
73998,0,0,Herc3,59.87587059891421
74002,40,4+,Psd2,9.10447811540462
74004,9,4+,Jakmip3,NA
74006,1,1,Dnm1l,883.370130811592
74007,0,0,Abtb3,NA
74008,9,4+,Arsg,8.367934420067142
74011,0,0,Slc25a27,15.294248438285528
74012,0,0,Rap2b,2642.69609456339
74013,4,4+,Rftn2,1.9239580547014632
74015,34,4+,Fcho1,70.27939802081686
74016,0,0,Phf19,19.40471639461325
74018,0,0,Als2,12.526932659129365
74019,0,0,Traf3ip1,75.2990393895058
74020,0,0,Cpne4,1.6997557136115484
74022,12,4+,Glyr1,470.3422899345821
74023,0,0,Rd3,NA
74025,7,4+,Nphp3,26.157703129818437
74026,16,4+,Msl1,690.2970784615175
74030,0,0,Rin2,43.274346489980466
74032,11,4+,Sdr42e1,1.1248903412925169
74034,8,4+,4632404H12Rik,6.720630237672841
74035,0,0,Nol9,203.23322631166295
74038,0,0,Brip1os,58.50377889218768
74039,25,4+,Nfam1,16.896117869867123
74041,0,0,Ddias,459.17848167334904
74042,0,0,Phf8l,NA
74043,2,2,Pex26,20.63250660373166
74044,0,0,Ttf2,460.91088324058865
74045,0,0,Slc36a1os,NA
74048,0,0,Vsir,61.5654125339828
74050,0,0,4921525O09Rik,2.182604986596708
74051,0,0,Steap2,380.4546303470879
74052,5,4+,Ttc21a,NA
74053,0,0,Grip1,92.95137271764968
74054,17,4+,Siglecl2,NA
74055,0,0,Plce1,12.648852780207466
74057,0,0,4933405D12Rik,NA
74059,0,0,4933406G16Rik,NA
74061,0,0,4933404K08Rik,NA
74065,0,0,4933406D12Rik,NA
74066,0,0,4933404G15Rik,NA
74068,8,4+,Asz1,1.9794706301417615
74069,0,0,Serpina3a,NA
74071,0,0,Lmntd1,NA
74072,0,0,4933407I05Rik,NA
74075,5,4+,Syce1,101.90687390159036
74076,0,0,4933406C10Rik,NA
74080,0,0,Nmnat3,1.0252560780053266
74081,0,0,Cep350,103.17257047828724
74087,0,0,Slc7a13,NA
74088,4,4+,Them7,2.6230541095213318
74090,2,2,Paqr5,1.2209605637907055
74091,0,0,Npl,77.23715956585544
74092,3,3,Tbc1d22bos,NA
74094,0,0,Tjap1,356.26736163824614
74096,5,4+,Hvcn1,27.19769560750104
74097,7,4+,Pop7,109.37015559692352
74098,13,4+,Czib,99.42653863106396
74100,0,0,Arpp21,1.331300839806576
74102,0,0,Slc35a5,42.52663115232721
74103,0,0,Nebl,4.4660155819395095
74104,15,4+,Abcb6,16.006012964519236
74105,0,0,Gga2,358.94327412596516
74106,5,4+,Dcaf6,18.44721118909564
74107,3,3,Cep55,328.16207909312465
74108,0,0,Parn,169.14319439722482
74111,13,4+,Rbm19,184.51446524985653
74112,0,0,Usp16,167.8031212669375
74114,0,0,Crot,109.3956939040798
74116,3,3,Pi16,NA
74117,2,2,Actr3,2098.0621676990036
74120,0,0,Zfp263,124.31249555685883
74121,0,0,Acoxl,2.631053839188347
74122,13,4+,Tmem43,232.2380824699092
74123,20,4+,Foxp4,338.1827551288411
74125,0,0,Armc8,355.57102556015155
74126,8,4+,Syvn1,54.165244810743545
74127,5,4+,Krt80,4.20609229756495
74129,0,0,Dmgdh,6.8918913498421706
74131,0,0,Sash3,NA
74132,0,0,Rnf6,120.20182219672566
74133,7,4+,Smg8,678.3649640227459
74134,0,0,Cyp2s1,93.5435214123662
74136,13,4+,Sec14l1,857.1938490408883
74137,4,4+,Nuak2,150.89923252048143
74140,0,0,Tm9sf1,198.9968354722793
74142,6,4+,Lonp1,197.41821616366207
74143,3,3,Opa1,238.0193954872055
74144,11,4+,Robo4,34.0139211551413
74145,0,0,F13a1,NA
74147,0,0,Ehhadh,0.8698529832326943
74148,0,0,Cluh,909.849208666429
74149,0,0,Zfp946,39.86617801774312
74150,0,0,Slc35f5,93.63611801929508
74152,4,4+,Stra6l,0.9405807777795496
74153,14,4+,Uba7,0.9079360076078832
74154,0,0,Unkl,87.21176617403326
74155,0,0,Errfi1,193.73534939489485
74156,0,0,Acot12,0.7431122309928719
74157,9,4+,Cmtr1,203.60318695533417
74158,14,4+,Josd1,204.39719066771687
74159,0,0,Acbd5,127.95324539809486
74161,0,0,Ctcflos,NA
74164,27,4+,Nfx1,533.9494682348968
74165,0,0,Fbxl22,8.259931981647737
74166,0,0,Tmem38a,50.01591270573238
74167,8,4+,Nudt9,130.19523136984682
74168,0,0,Zdhhc16,261.7649991799678
74173,9,4+,Rab10os,50.00087424140442
74174,12,4+,Gtsf1,31.956741741018163
74175,0,0,Crct1,5.022163986362394
74176,0,0,Tgm5,NA
74178,0,0,Stk40,88.18739273521923
74179,1,1,1700030A11Rik,NA
74180,23,4+,Muc5b,NA
74182,0,0,Gpcpd1,119.39087787449768
74183,16,4+,Perm1,NA
74184,0,0,2310065F04Rik,NA
74185,0,0,Gbe1,62.925510171305795
74186,0,0,Ccdc3,37.01739334250045
74187,2,2,Katnb1,63.70473781513166
74188,0,0,Prl8a8,NA
74189,0,0,Phactr3,5.490676762478163
74190,13,4+,Exoc3l4,6.986691330468909
74191,0,0,P2ry13,NA
74192,0,0,Arpc5l,312.39117030620224
74194,0,0,Rnd3,211.17398229619997
74195,0,0,Elp3,321.9955298271541
74196,1,1,Ttc27,263.4729894842368
74197,0,0,Gtf2e1,283.5830089362338
74198,12,4+,Dtx2,234.71965182679415
74199,9,4+,Vit,NA
74200,0,0,Khdc4,298.6672648441439
74201,9,4+,Cep97,179.71454501658127
74202,0,0,Fblim1,417.6796943866612
74203,0,0,Eif4enif1,443.61507769045966
74204,14,4+,Xpo6,2118.495357848822
74205,0,0,Acsl3,330.4106795976882
74206,16,4+,Sipa1l3,388.7997679131891
74211,16,4+,1700017B05Rik,161.3492824601462
74213,0,0,Rbm26,265.75758125273245
74218,0,0,1700016H13Rik,1.426054119945397
74220,7,4+,1700009C05Rik,NA
74221,0,0,Spmip9,NA
74222,0,0,Septin14,NA
74227,27,4+,1700016A09Rik,NA
74229,15,4+,Paqr8,7.945952568916453
74230,0,0,Liat1,NA
74236,0,0,Gsdmcl1,NA
74237,0,0,Tubgcp2,183.3670325252193
74238,0,0,Mterf2,34.79090785031426
74239,0,0,Iqce,17.325696308051445
74241,8,4+,Chpf,141.728672081109
74243,0,0,Slx4ip,58.96630063850942
74244,0,0,Atg7,118.01410671798752
74245,0,0,Ctbs,29.332941111655703
74246,0,0,Gale,152.04338478698494
74249,0,0,Lrrc2,87.7992838328634
74251,0,0,Ankrd9,40.66212836753248
74252,0,0,Armc1,684.1959159055301
74253,2,2,Klrg2,16.919411229338166
74254,0,0,Gpn1,299.1102766682186
74255,9,4+,Smu1,839.6915720899499
74256,2,2,Cyld,279.31313748962634
74257,0,0,Tspan17,13.217557708039926
74264,2,2,Rnf138rt1,NA
74267,0,0,Iqcf1,NA
74268,2,2,Aven,134.93034633565856
74269,0,0,1700063H04Rik,2.3810168845871438
74270,5,4+,Usp20,15.439780803815925
74271,0,0,Mageb5,NA
74276,0,0,Cldnd2,NA
74277,0,0,Chic2,711.1683574726604
74279,0,0,Magea14,NA
74280,3,3,1700084F23Rik,NA
74281,0,0,Spatc1,NA
74283,0,0,1700085C21Rik,NA
74284,0,0,Sertad4b,NA
74286,0,0,Tbc1d21,NA
74287,20,4+,Kcmf1,1493.3337818858097
74288,0,0,Spem1,NA
74293,0,0,1700095J03Rik,NA
74297,3,3,Ccdc182,NA
74302,7,4+,Mtmr3,126.27350576312838
74303,0,0,1700109K24Rik,NA
74304,0,0,1700094M24Rik,NA
74305,0,0,1700111N16Rik,NA
74306,4,4+,Prss46,1.1089259044749964
74307,0,0,Tex54,NA
74309,18,4+,Osbp2,1.949828822006956
74310,0,0,Ube4bos3,NA
74314,0,0,1700120G07Rik,NA
74315,0,0,Rnf145,354.4768954217662
74316,7,4+,Isca2,379.54545646285425
74318,0,0,Hopx,15.91493941071924
74319,1,1,Mettl23,251.8296469950692
74320,0,0,Wdr33,355.57545431571623
74322,0,0,Cxxc1,1000.6446272457468
74325,0,0,Cltb,844.3571893054886
74326,0,0,Hnrnpr,627.5787489525453
74328,0,0,1700047E10Rik,NA
74330,0,0,Dnajc14,140.34595923332228
74333,0,0,A330040F15Rik,NA
74334,2,2,Ranbp10,372.5432260807345
74335,10,4+,Xrcc3,25.571320143387275
74337,5,4+,Palm3,262.4453158278327
74338,0,0,Slc6a19,0.8244553738449817
74340,26,4+,Ahcyl2,73.40104401431722
74342,0,0,Lrrtm1,NA
74343,0,0,Crtc2,15.885612826083024
74347,0,0,Meak7,12.48651932451893
74349,4,4+,Fhip1b,NA
74351,6,4+,Ddx23,13.993791577002874
74352,4,4+,Zfp84,22.71869909791406
74354,1,1,Lrguk,11.435055239050314
74355,0,0,Smchd1,508.81883560344346
74356,5,4+,Matcap1,NA
74359,0,0,4931414P19Rik,39.77323146269736
74360,1,1,Cep57,273.2411469385148
74361,7,4+,4931429L15Rik,NA
74362,0,0,Spag17,NA
74364,0,0,4931431C16Rik,NA
74365,0,0,Lonrf3,3.706966470479345
74369,7,4+,Mei1,1.1307979504711037
74370,0,0,Rptor,62.87379788680694
74374,1,1,Clec16a,57.87489100156614
74375,0,0,Gcc1,68.51676461584621
74376,0,0,Myo18b,2.259511427241763
74377,17,4+,Hsf2bp,270.4850130171628
74383,0,0,Ubap2l,2192.1295528482524
74385,0,0,Ap5m1,92.05105393449456
74386,11,4+,Rmi1,108.79573674299724
74387,0,0,Epcip,NA
74388,7,4+,Dpp8,95.47540256007052
74392,0,0,Specc1l,246.66353981830713
74393,0,0,Map10,35.57664035642282
74396,0,0,4933407K13Rik,13.94772393423768
74400,0,0,Zfp819,26.745739389896276
74401,1,1,Terb2,19.46814971864567
74403,10,4+,4933400F21Rik,NA
74405,0,0,Efhc2,26.46252308536847
74407,0,0,Odad4,NA
74409,0,0,Hyal6,NA
74410,28,4+,Ttll11,0.6723233840104352
74411,0,0,Plpp6,59.68483667948106
74412,8,4+,Gle1,342.1574239153855
74413,0,0,Tc2n,12.048290220240125
74414,0,0,Polr3c,127.53634686511344
74419,0,0,Tktl2,2.9004716565879862
74424,6,4+,Tmc5,13.003604833867833
74425,0,0,4933402J15Rik,NA
74426,1,1,4933402D24Rik,NA
74427,5,4+,Eaf1,354.03276251665164
74429,0,0,4930478P22Rik,NA
74430,2,2,Cfap20dc,NA
74434,4,4+,Sohlh2,65.94420689311313
74435,0,0,Lrriq3,1.239508819657944
74437,0,0,Magec2,NA
74438,10,4+,Clvs1,2.7228687661109405
74440,0,0,Cmip,63.89351733071397
74441,0,0,Slco6c1,NA
74442,0,0,Sgms2,45.7805784777947
74443,0,0,P4htm,10.054246104815332
74446,0,0,Slc9b1,220.20683968273804
74448,0,0,Arl13a,NA
74450,0,0,Pank2,243.56831791970183
74451,6,4+,Pgs1,222.07963848729284
74453,0,0,Cfap53,3.0874008343838657
74454,0,0,4933408J17Rik,NA
74455,5,4+,Nsun6,27.57894376234087
74456,0,0,4933424G05Rik,NA
74458,7,4+,4933425B07Rik,NA
74460,8,4+,Gsdmcl-ps,NA
74463,0,0,Exoc3l2,10.768507376914677
74464,13,4+,Zswim5,19.84072684653469
74466,0,0,Mfsd13b,NA
74467,0,0,Pus10,114.7590464144434
74468,0,0,Hyal5,NA
74469,21,4+,Taf7l,17.25737775306874
74470,0,0,Cep72,55.73704854342317
74472,17,4+,Stpg3,7.490439509637368
74473,0,0,4933433H22Rik,NA
74476,6,4+,4933439C10Rik,33.378586719503986
74477,1,1,4933427D14Rik,2.307122890344478
74478,0,0,Snx29,2.650957157989947
74479,0,0,Snx11,50.985214835180734
74480,0,0,Samd4,105.55101190055258
74481,1,1,Batf2,NA
74482,0,0,Ifitm7,14.68328977868107
74485,0,0,Lrrc71,NA
74486,3,3,Osbpl10,14.666066355353903
74487,19,4+,5430405H02Rik,7.765342697684443
74488,4,4+,Lrrc15,14.524667453108249
74489,0,0,5430421F17Rik,NA
74490,3,3,Mamstr,3.5300959754822965
74492,0,0,Kbtbd13,4.061122221970198
74493,0,0,Tnks2,4737.838985885252
74498,4,4+,Gorasp1,36.902347095048256
74499,0,0,Sost,NA
74504,0,0,Fam53a,95.2487717808762
74511,0,0,Lrrc17,NA
74513,14,4+,Neto2,129.49532606065458
74517,0,0,7420700N18Rik,NA
74519,0,0,Cyp2j9,1.332925994817315
74521,19,4+,Ppp4r4,31.03673143784087
74522,0,0,Morc2a,350.5021221467491
74525,2,2,Fam234b,46.87151267221359
74528,9,4+,Mgme1,145.37478923295373
74529,0,0,8430422H06Rik,NA
74530,0,0,9030612E09Rik,NA
74533,0,0,Gzf1,94.36266369552138
74541,7,4+,8430437L04Rik,NA
74548,0,0,Gsdmc4,0.7990650975631486
74549,0,0,Mau2,122.35053006648492
74551,0,0,Pck2,55.78076256207623
74552,12,4+,Nipal3,81.32611423377848
74556,0,0,Themis3,NA
74559,0,0,Elovl7,30.70911358912816
74561,0,0,Nkx6-3,NA
74562,0,0,Fer1l4,2.08295424390881
74563,10,4+,Rasgef1c,0.727639118387618
74568,0,0,Mlkl,29.277190260220067
74569,0,0,Ttc17,117.14259064511124
74570,1,1,Zkscan1,65.66422782336383
74571,14,4+,Kcnk16,NA
74574,17,4+,Lvrn,1.4563639842460632
74577,12,4+,Glb1l,5.211669077231042
74580,6,4+,Pyroxd2,1.084540068693291
74585,0,0,Sppl3,404.80803354638425
74589,0,0,Kbtbd12,NA
74591,0,0,Abca12,NA
74596,0,0,Cds1,32.47034541841729
74597,4,4+,4833418N02Rik,3.840566569963694
74600,0,0,Mrpl47,516.1833962932222
74601,3,3,4833427F10Rik,NA
74602,1,1,4833428L15Rik,NA
74603,1,1,Cd200r3,NA
74610,4,4+,Abcb8,32.444731131434956
74614,0,0,Ocstamp,1.702697666031928
74616,0,0,Scrn3,70.03684491241873
74617,4,4+,Scpep1,950.6882202728056
74621,7,4+,4930432L08Rik,NA
74624,0,0,4930429D17Rik,NA
74626,0,0,Tmem81,30.67908314227575
74627,18,4+,4930413E15Rik,NA
74629,0,0,4930426L09Rik,NA
74633,1,1,4930429F24Rik,1.4732061632258902
74635,0,0,4930425O10Rik,NA
74637,3,3,Shpk,6.297865548568098
74644,0,0,4930426D05Rik,NA
74645,0,0,Tent5c,10.556077544320273
74646,16,4+,Spsb1,343.9783138491458
74647,7,4+,4930432O09Rik,NA
74648,3,3,S100pbp,837.2278842784381
74649,0,0,Cpa5,NA
74653,0,0,Pomk,33.64052785879637
74654,0,0,4930455H04Rik,NA
74660,0,0,4930442J19Rik,NA
74662,0,0,4930448K20Rik,NA
74663,0,0,Tex55,NA
74665,2,2,Drc3,11.533087550269876
74666,0,0,Brme1,NA
74667,0,0,4930434J06Rik,NA
74668,0,0,4933409F18Rik,NA
74670,0,0,Zfp943,18.153483917726664
74673,0,0,Spdye4a,2.4003301930572145
74675,0,0,Ptchd3,NA
74680,0,0,4930435F18Rik,NA
74682,7,4+,Wdr35,125.17057355142364
74684,20,4+,Dnaaf8,NA
74685,15,4+,Lrrc74b,NA
74686,0,0,Slc25a54,NA
74687,0,0,4930443O20Rik,NA
74688,0,0,4930453L07Rik,NA
74689,0,0,4930440C22Rik,NA
74691,0,0,Tdrd9,1.6185732477966048
74693,1,1,4930509J09Rik,NA
74694,22,4+,Tbc1d30,1.9669137046394536
74700,0,0,4930524O08Rik,NA
74702,1,1,4930517E11Rik,NA
74703,0,0,Ccdc7a,NA
74706,0,0,4930507D05Rik,1.0887562862116322
74708,0,0,Dnaaf6rt,NA
74711,0,0,Ttll9,2.8257792746635797
74712,4,4+,4930511A02Rik,NA
74715,0,0,4930521O11Rik,NA
74716,0,0,Wbp2nl,20.46187968802413
74717,0,0,Spata17,0.9756887550766548
74718,1,1,Snx16,214.5790381423496
74720,4,4+,Tmem114,NA
74724,0,0,4930512B01Rik,NA
74725,0,0,4930524B17Rik,NA
74726,0,0,4930523O13Rik,NA
74729,0,0,Setmar,16.116240362869785
74732,4,4+,Stx11,44.30769992920866
74734,2,2,Rhoh,1.9024310206836152
74735,27,4+,Trim14,NA
74737,0,0,Pcf11,247.7676757041239
74741,1,1,C2cd5,95.12318389826676
74744,0,0,5830408C22Rik,7.801917952990459
74747,11,4+,Ddit4,216.48668261277456
74748,0,0,Slamf8,NA
74753,12,4+,Trmo,28.6281905727564
74754,18,4+,Dhcr24,1498.175451660315
74757,9,4+,5830416I19Rik,1.660252880250439
74760,3,3,Rab3il1,6.231445535910688
74761,5,4+,Mxra8,54.630131584495906
74762,0,0,Mdga1,21.65781310813725
74763,6,4+,Naa60,392.5684609334085
74764,0,0,Klc4,33.80325076237182
74766,5,4+,Yipf2,65.0878988711564
74769,3,3,Pik3cb,595.3589681695934
74770,0,0,Hhatl,NA
74772,12,4+,Atp13a2,51.40289508162587
74775,0,0,Lmbr1l,27.437455989211493
74776,0,0,Ppa2,163.8662192349909
74777,0,0,Selenon,125.5262264979305
74778,13,4+,Rrp7a,87.0124140498047
74781,0,0,Wipi2,225.8695472405373
74782,0,0,Glt8d2,NA
74838,0,0,Naa15,1308.9207911726876
74840,0,0,Manf,2353.727288873696
74841,0,0,Usp38,294.6582827682964
74843,2,2,Mss51,19.559778441425543
74846,0,0,4930405A21Rik,0.8157819760999746
74847,0,0,Meikin,NA
74851,0,0,Spin2-ps1,NA
74854,0,0,4930402F06Rik,NA
74855,6,4+,Fam228a,1.4611204510549198
74859,1,1,4930455B14Rik,1.4286632253216347
74864,3,3,4930449E01Rik,NA
74868,5,4+,Tmem65,191.20718645427576
74872,0,0,4930448H16Rik,NA
74879,9,4+,4930461G14Rik,36.20541544631211
74881,0,0,4930459C07Rik,NA
74884,0,0,Cdrt4os1,NA
74888,0,0,Saxo1os,NA
74890,0,0,Morn3,0.7646352180001954
74892,0,0,4930447A16Rik,NA
74895,0,0,Ccdc181,14.960637632046662
74896,0,0,4930405A10Rik,NA
74897,5,4+,4930448I06Rik,NA
74901,10,4+,Kbtbd11,91.50035012925404
74905,0,0,4930477N07Rik,1.4770508836487797
74909,0,0,4930467J12Rik,NA
74910,0,0,4930480E11Rik,NA
74914,0,0,Cylc2,NA
74915,2,2,Atp6v1e2,NA
74916,3,3,1700066O22Rik,NA
74917,0,0,4930474M22Rik,NA
74918,0,0,Iqca1,NA
74919,0,0,Slc35f6,121.6049558620726
74925,9,4+,4930479D17Rik,NA
74927,6,4+,Pmis2,8.404190087134882
74928,1,1,4930467K11Rik,NA
74930,0,0,4930480M12Rik,NA
74931,3,3,4930481A15Rik,0.8451997501165933
74934,12,4+,Odad2,NA
74939,1,1,4930471G24Rik,NA
74942,0,0,4930503O07Rik,NA
74945,0,0,Acss2os,NA
74947,0,0,Kif4-ps,NA
74951,0,0,4930502A04Rik,NA
74953,8,4+,4930483K19Rik,NA
74954,0,0,4930503E14Rik,0.54375695136862
74959,0,0,Platr14,52.79290513969906
74966,0,0,4930471G03Rik,NA
74967,0,0,4930474H20Rik,NA
74968,0,0,4930465M20Rik,NA
74970,0,0,4930483O08Rik,NA
74971,0,0,4930488B22Rik,NA
74973,7,4+,4930500L23Rik,NA
74978,0,0,Lrriq1,1.8423556673126935
74982,0,0,1700100I10Rik,NA
74987,0,0,Cldn34d,NA
74988,0,0,4930480G23Rik,NA
74989,0,0,Csmd2os,NA
74995,0,0,4930502E09Rik,NA
74996,0,0,Usp47,607.3863138199691
74998,0,0,Rab11fip2,20.54537697861976
75002,7,4+,Tmprss12,12.400801837894551
75007,0,0,Mindy1,354.5574165938743
75010,0,0,Tmbim7,NA
75013,0,0,Ct55,NA
75015,0,0,Samd13,1.2863887807024377
75017,0,0,4930470O06Rik,NA
75019,1,1,Rnase10,0.6490901750555302
75024,4,4+,4930425L21Rik,1.400102694395096
75025,0,0,4930473O22Rik,NA
75028,1,1,4930486I03Rik,NA
75029,0,0,Purg,15.533573872876412
75030,0,0,4930503E24Rik,NA
75033,0,0,Mei4,44.06628493937628
75039,0,0,Nudt12os,NA
75040,8,4+,Efcab10,2.4492642247071723
75043,8,4+,4930507D10Rik,NA
75050,0,0,Kif27,1.9631855078484843
75051,2,2,Cfap210,NA
75053,2,2,Kif16bos,NA
75058,0,0,4930519H02Rik,NA
75060,0,0,4930506C21Rik,1.3023590530615106
75062,0,0,Sf3a3,803.4705224781076
75064,0,0,Zcchc13,NA
75066,0,0,4930521E06Rik,NA
75067,16,4+,4930521O17Rik,NA
75070,0,0,4930515G16Rik,NA
75071,0,0,Samt2b,NA
75073,0,0,4930505K13Rik,NA
75076,0,0,4930504C09Rik,NA
75079,16,4+,Zbtb49,3.663283266847748
75083,0,0,Usp50,78.6292900823763
75084,0,0,4930511M06Rik,NA
75086,0,0,4930520P13Rik,NA
75087,0,0,Cimip6,NA
75088,0,0,4930505G20Rik,NA
75089,0,0,Bltp3b,NA
75090,0,0,4930519D14Rik,NA
75095,0,0,4930513D17Rik,NA
75096,22,4+,4930524O05Rik,NA
75097,0,0,Ube2dnl2,3.913943623037368
75099,3,3,Lysmd4,20.164179456130203
75104,6,4+,Mmd2,1.7483752581121077
75106,0,0,4930519F16Rik,NA
75115,0,0,4930509E16Rik,3.4984263111210923
75116,0,0,4930520O04Rik,1.098502559331152
75117,0,0,4930517M08Rik,NA
75122,0,0,Zc2hc1b,NA
75123,0,0,4930518J21Rik,NA
75124,15,4+,Nxnl2,6.745942439518784
75125,0,0,4930513O06Rik,NA
75128,5,4+,4930515B02Rik,NA
75131,11,4+,4930512J16Rik,NA
75133,0,0,4930515L19Rik,NA
75137,0,0,Rprd2,246.2717989607121
75138,0,0,4930526L06Rik,11.131030790873556
75139,0,0,Gm38397,NA
75140,0,0,Slxl1,NA
75141,2,2,Rasd2,49.68330634156818
75145,0,0,4930547E14Rik,NA
75146,0,0,Mfsd13a,25.96681318466292
75148,0,0,4930545H06Rik,NA
75149,0,0,4930539M17Rik,NA
751518,4,4+,Mir677,NA
751519,0,0,Mir423,NA
751520,0,0,Mir680-3,NA
751521,6,4+,Mir666,NA
751522,1,1,Mir495,NA
751523,0,0,Mir668,NA
751524,0,0,Mir496a,NA
751525,2,2,Mir686,NA
751526,2,2,Mir719,NA
751527,0,0,Mir19b-1,NA
751529,0,0,Mir692-1,NA
751531,0,0,Mir717,NA
751532,0,0,Mir450b,NA
751533,0,0,Mir718,NA
751534,0,0,Mir676,NA
751535,0,0,Mir672,NA
751536,6,4+,Mir711,NA
751537,0,0,Mir497,NA
751538,0,0,Mir681,NA
751539,6,4+,Mir679,NA
75154,5,4+,4930542M03Rik,NA
751541,0,0,Mir687,NA
751542,11,4+,Mir688,NA
751543,0,0,Mir690,NA
751544,0,0,Mir532,NA
751545,0,0,Mir505,NA
751546,0,0,Mir374b,NA
751547,0,0,Mir673,NA
751548,0,0,Mir713,NA
751549,0,0,Mir92-1,NA
75155,0,0,4930529K09Rik,NA
751550,2,2,Mir146b,NA
751551,0,0,Mir680-2,NA
751552,0,0,Mir667,NA
751553,5,4+,Mir693,NA
751554,0,0,Mir678,NA
751555,0,0,Mir665,NA
751556,0,0,Mir682,NA
751557,0,0,Mir615,NA
751558,7,4+,Mir694,NA
751560,6,4+,Mir501,NA
751561,0,0,Mir691,NA
75159,0,0,4930533P14Rik,NA
75161,0,0,4930544M13Rik,NA
75162,0,0,4930545E07Rik,NA
75166,0,0,4930533B01Rik,NA
75170,0,0,Nrg3os,NA
75172,0,0,Ccdc146,0.7855072861748885
75173,0,0,Tex38,NA
75178,4,4+,Meiob,1.2202969285130036
75180,7,4+,Tmem269,NA
75185,0,0,Samt4,NA
751864,0,0,Sirpd,NA
751865,38,4+,Sap25,160.74986756845212
75187,0,0,4930543N07Rik,NA
75188,1,1,1700009J07Rik,NA
75196,0,0,Ankrd7,NA
75197,0,0,4930529N20Rik,NA
75199,0,0,Rhox2a,NA
75202,0,0,Spaca6,39.35913272615371
75205,0,0,4930533N22Rik,NA
75208,0,0,4930539C22Rik,NA
75209,8,4+,Sv2c,1.9054566574819525
75210,13,4+,Prr3,120.48131372411562
75211,0,0,4930542D17Rik,NA
75212,17,4+,Rnf121,115.63327766137996
75216,7,4+,Cep128,137.4924031101359
75219,3,3,Dusp18,45.33981715240608
75221,19,4+,Dpp3,551.001182985111
75223,19,4+,4930528D03Rik,NA
75233,0,0,4930532M18Rik,NA
75234,2,2,Rnf19b,1140.0765032242412
75239,0,0,4930543E12Rik,1.0794311525153206
75242,0,0,Hmgb4os,NA
75243,0,0,4930549C15Rik,NA
75245,0,0,Neudnr,NA
75247,0,0,4930553E22Rik,NA
75252,0,0,4930555G21Rik,NA
75253,1,1,4930554C24Rik,NA
75255,0,0,4930562F07Rik,NA
75258,3,3,4930563M21Rik,NA
75259,34,4+,4930556M19Rik,6.49281192482125
75266,0,0,Tomm20l,NA
75269,0,0,4930564D02Rik,NA
75272,0,0,Erich6b,NA
75273,11,4+,Pelp1,317.40399175391684
75274,0,0,4930558G05Rik,NA
75275,0,0,Tmco5b,NA
75276,0,0,Ppp1r1c,NA
75279,0,0,4930555B11Rik,NA
75280,0,0,4930554G24Rik,NA
75281,0,0,4930548G14Rik,NA
75283,0,0,4930556L07Rik,NA
75284,0,0,Bcdin3d,51.179696664091445
75285,2,2,4930556N13Rik,NA
75286,2,2,4930549G23Rik,NA
75288,0,0,Slc35f4,1.3101019014139337
75291,0,0,Zbtb3,15.922402288024283
75292,0,0,Prkd3,540.2793572450202
75295,0,0,4930559C10Rik,NA
75296,0,0,Cep43,NA
75301,0,0,4930556N09Rik,NA
75302,15,4+,Asxl2,172.87117738880292
75304,9,4+,4930563E22Rik,5.902720784563341
75305,0,0,Ankrd53,NA
75309,0,0,4930565D16Rik,NA
75310,0,0,4930556C24Rik,NA
75311,0,0,4930550C14Rik,52.81480916517664
75316,0,0,Taf1d,979.0049657381696
75317,0,0,Parpbp,74.9244668207854
75320,23,4+,Etnk1,726.2253793759329
75321,0,0,Grip1os2,NA
75322,0,0,4930557F10Rik,NA
75323,0,0,4930558J18Rik,7.564858428698541
75328,0,0,Fam243,NA
75329,13,4+,Atf7ip2,111.27600823666012
75330,0,0,4930558F17Rik,NA
75338,0,0,Ccdc83,NA
75339,1,1,Mphosph8,835.7105863546035
75341,0,0,4930564C03Rik,NA
75345,0,0,Slamf7,NA
75347,1,1,4930563H07Rik,NA
75349,0,0,4930556J02Rik,NA
75351,0,0,4930553J12Rik,NA
75352,0,0,Magea13,NA
75354,0,0,4930554I06Rik,NA
75355,5,4+,4930553P18Rik,NA
75357,0,0,4930557J02Rik,NA
75360,0,0,4930548K13Rik,NA
75367,0,0,4930552N02Rik,NA
75368,0,0,4930558K02Rik,NA
75369,5,4+,4930563F08Rik,NA
75370,12,4+,4930563E18Rik,NA
75377,0,0,4930597G03Rik,NA
75379,3,3,4930599N23Rik,NA
75381,0,0,4930598F16Rik,NA
75384,8,4+,Lyzl4os,NA
75387,5,4+,Sirt4,51.6519697171846
75388,0,0,Boll,7.079438800584736
75389,0,0,4930597A21Rik,NA
75394,2,2,0610040F04Rik,8.516293749520147
75395,10,4+,Hoxb5os,NA
75396,0,0,Spp2,NA
75398,2,2,Mrpl32,722.8899914601712
75400,12,4+,Defb29,NA
75404,0,0,Arhgap36,2.9490395126799007
75406,0,0,Ndufs7,165.17714611693117
75409,0,0,Slitrk5,18.653366886107708
75410,0,0,Kmt2b,1093.0613480046152
75415,21,4+,Arhgap12,164.85454516351157
75416,4,4+,Nop14,988.5149052739264
75420,0,0,Secisbp2,103.5420486825356
75422,0,0,Mettl5,214.7232020884564
75423,0,0,Arl5a,444.39725175411183
75424,0,0,Zfp820,104.18089127282182
75425,0,0,Tti1,613.6163633462869
75426,13,4+,Igfbpl1,10.919527232799728
75429,0,0,Cfap144,NA
75430,0,0,Anapc15,315.14295441790057
75432,4,4+,1700006F04Rik,NA
75433,0,0,1700001G01Rik,NA
75434,0,0,Cimip2c,NA
75437,0,0,Cfap97d1,NA
75439,0,0,Cypt12,NA
75443,0,0,Fam236e,NA
75444,3,3,Ccdc192,NA
75448,0,0,Rsf1os1,NA
75451,0,0,1700011C11Rik,NA
75452,1,1,Ascc2,92.45925143546116
75453,0,0,Ccdc7b,NA
75454,27,4+,Phpt1,85.34464140404232
75456,0,0,Prps1l1,NA
75458,0,0,Cklf,123.65100790224864
75459,0,0,Syce3,14.549827228036447
75462,0,0,Cimip3,NA
75465,0,0,Dynlrb2,NA
75467,0,0,Stpg4,NA
75469,0,0,Spata19,NA
75470,0,0,Iqcf5,2.157110776676312
75471,0,0,1700009N14Rik,NA
75472,8,4+,Cfap126,4.612499122146808
75475,0,0,Oplah,26.38844112329335
75476,3,3,1700010I02Rik,NA
75477,0,0,Pfn3,NA
75479,0,0,Zbed5-ps,NA
75480,5,4+,1700003F12Rik,NA
75482,0,0,Hspb9,NA
75483,1,1,Cox8c,3.0189894892728355
75485,0,0,1700010B08Rik,NA
75489,0,0,1700012D16Rik,NA
75493,0,0,1700003L19Rik,NA
75494,0,0,1700008C04Rik,NA
75495,0,0,Morn5,NA
75497,3,3,Fabp12,NA
75501,0,0,1700010K23Rik,NA
75502,0,0,Cmtm2b,NA
75504,0,0,Cfap276,NA
75507,0,0,Pou5f2,32.539500322649715
75508,0,0,1700017J07Rik,NA
75509,8,4+,1700020N15Rik,0.9120283573824188
75510,8,4+,Izumo2,0.665435855210033
75512,0,0,Gpx6,1.9754863592032037
75514,0,0,1700013H16Rik,116.8131740434261
75516,0,0,Ttc32,60.20445010712461
75517,0,0,Ccdc34os,NA
75519,0,0,1700021F02Rik,NA
75522,0,0,1700024I08Rik,NA
75524,0,0,Tex48,NA
75526,0,0,Eppin,NA
75528,3,3,Tex29,NA
75530,2,2,Lyrm7,10.852763778144238
75533,0,0,Nme5,4.099230372986953
75538,17,4+,Garin5a,NA
75539,7,4+,1700022H01Rik,NA
75540,0,0,Fpgt,25.405077649071178
75541,0,0,Nat8f4,7.319946197308141
75543,0,0,1700019C18Rik,NA
75545,0,0,Tslrn1,2.650412037534658
75546,2,2,1700019P21Rik,NA
75547,0,0,Akap13,165.3964854510193
75552,0,0,Paqr9,17.56568462676134
75553,3,3,Zc3h14,1279.908799455358
75555,0,0,Nscme3l,NA
75556,0,0,Cfap161,2.368900977923646
75558,13,4+,Spata45,2.4261252696011413
75560,8,4+,Ep400,1350.8329156318953
75563,0,0,Dnali1,NA
75564,0,0,Rsph9,2.0484347755873404
75565,0,0,Sgf29,81.49429645688431
75567,0,0,1700027I24Rik,NA
75568,0,0,Capsl,72.02884058046361
75569,6,4+,1700028D13Rik,NA
75570,0,0,Nhej1,21.01940285063679
75571,0,0,Spata9,NA
75572,0,0,Acyp2,3.8235365951939
75573,0,0,Prr29,NA
75577,0,0,Dynap,1.7604482100330237
75578,0,0,Fggy,21.157488626268943
75580,11,4+,Zbtb4,18.076767579781713
75581,0,0,Yipf7,2.548842675664806
75584,0,0,2310030A07Rik,NA
75586,0,0,Krtap9-3,NA
75589,0,0,2310043L19Rik,NA
75590,0,0,Dusp9,1943.5739186285568
75593,6,4+,Malsu1,168.13589718362803
75596,0,0,Prl7b1,NA
75597,0,0,Ndufaf2,173.3050606405168
75599,4,4+,Pcdh1,240.95277486840797
75600,0,0,Calml4,53.0513036543802
75602,0,0,1810062O18Rik,1.0652427904270108
75604,10,4+,Tm4sf5,16.87605302637396
75605,0,0,Kdm5b,1697.9734376520971
75607,4,4+,Wnk2,29.26157400430889
75608,0,0,Chmp4b,1181.6240242873969
75610,0,0,2010109A12Rik,0.9783600527905
75612,12,4+,Gns,586.1089265070957
75613,1,1,Med25,430.4082176000867
75614,3,3,Rab26os,77.74899388559619
75616,4,4+,Smim15,582.8259587297542
75617,6,4+,Rps25,5887.992830214758
75619,0,0,Fastkd2,125.30005351158256
75620,1,1,Kxd1,166.08072958047478
75622,8,4+,Spaca3,NA
75623,0,0,Tex30,598.6519606053374
75624,1,1,Metap1,739.8212215416302
75625,0,0,Mageh1,104.61737053175676
75627,0,0,Snapc1,65.87790385177868
75630,0,0,1700020G17Rik,NA
75636,0,0,1700022E09Rik,NA
75641,0,0,Frey1,NA
75642,0,0,Spata25,NA
75645,10,4+,Ccdc172,5.119172941629157
75646,34,4+,Rai14,452.26009701037094
75647,11,4+,Ssmem1,1.7103248633552584
75655,0,0,1700028P15Rik,NA
75656,18,4+,1700020A23Rik,NA
75657,0,0,Speer4a1,NA
75659,7,4+,Wdr54,6.3337574096797
75660,20,4+,Lin37,114.79917499325994
75662,0,0,1700030C14Rik,NA
75665,10,4+,Bicdl1,80.55930593929052
75667,0,0,Tmem225,NA
75668,12,4+,Rasl10a,7.95727872069828
75669,0,0,Pik3r4,316.9867505999092
75671,4,4+,Tex22,NA
75677,3,3,Cldn22,NA
75678,0,0,Ippk,478.6363230506957
75686,0,0,Nudt16,25.490737381277736
75687,0,0,Ripor1,567.7709398326056
75689,15,4+,Higd1b,NA
75690,0,0,Vsig10l,96.95209137082416
75691,14,4+,Anks6,4.329715052253156
75692,0,0,Nr2c2ap,88.03564815028854
75693,0,0,3010001F23Rik,2.117994819181499
75695,0,0,Rilpl1,130.64825513934923
75697,5,4+,C2cd4b,6.654839006862541
75698,0,0,Shld2,100.85908592620544
75704,0,0,Ces1h,NA
75705,11,4+,Eif4b,6215.645325595989
75706,0,0,Krt24,NA
75710,0,0,Rbm12,NA
75712,0,0,Tmem14a,16.944774816635295
75717,0,0,Cul5,334.43564026256615
75718,0,0,Vwa5b1,NA
75721,1,1,4932414N04Rik,NA
75722,0,0,4932412D23Rik,NA
75723,0,0,Amotl1,480.6271565825558
75725,10,4+,Phf14,234.16847699716408
75729,20,4+,Fam227a,3.0987914312851497
75731,5,4+,Idnk,184.0491697481488
75732,0,0,Iqcd,1.624203487015289
75734,0,0,Mff,587.1685746163847
75735,0,0,Pank1,96.1825226605526
75736,0,0,Bcl2l12,159.34979812293645
75739,25,4+,Mpp7,303.09148283132265
75740,0,0,Egfem1,NA
75744,0,0,Svip,42.79761816712186
75745,0,0,Rian,155.7662875525192
75746,0,0,Morc4,87.61234220673033
75747,14,4+,Sesn3,78.22591075077978
75750,0,0,Slc10a6,NA
75751,0,0,Ipo4,138.54894917131102
75753,7,4+,Klf17,0.6969177410519464
75758,15,4+,9130401M01Rik,423.8036848383676
75761,0,0,Apol7a,NA
75763,0,0,Dcaf17,189.8523567609408
75764,0,0,Slx1b,49.97868697876966
75766,0,0,Dcstamp,3.5056118729909747
75767,0,0,Rab11fip1,438.960075897333
75768,0,0,4833422M21Rik,1.8910149124192033
75769,2,2,Plppr5,NA
75770,1,1,Brsk2,4.559820401054683
75772,13,4+,Pnpla5,NA
75773,0,0,Adad2,9.916757253389273
75775,0,0,4930402K13Rik,NA
75777,5,4+,Ttc23l,NA
75778,6,4+,Them4,76.52302801868171
75782,3,3,Lca5,19.342858458759515
75783,0,0,4930431F12Rik,NA
75784,4,4+,Cfap299,1.2250439003538112
75785,0,0,Klhl24,147.93077691692852
75786,0,0,Ckap5,887.9610506879636
75787,0,0,4930471M09Rik,NA
75788,0,0,Smurf1,122.28300714849368
75793,0,0,4933432K03Rik,NA
75796,0,0,Cdyl2,324.0971600995458
75799,4,4+,4930444P10Rik,1.1834578563257048
75801,0,0,4930447C04Rik,255.31529197048835
75804,0,0,4930463O16Rik,NA
75805,0,0,Nln,192.31857708591195
75811,0,0,Saxo1,0.7376638693646975
75812,0,0,Tasp1,35.197183083256505
75813,6,4+,4930484H19Rik,NA
75814,0,0,4930467D21Rik,1.48862420714565
75815,0,0,4930470H14Rik,NA
75818,0,0,4930478L05Rik,NA
75819,0,0,4930509K18Rik,NA
75820,0,0,Wdr64,2.5157572880020407
75822,0,0,4930524C18Rik,NA
75823,0,0,Fam227b,NA
75826,11,4+,Senp2,298.4781602839902
75828,5,4+,Hormad2,72.5544306804598
75829,0,0,Pramex1,NA
75831,0,0,4930528G23Rik,NA
75833,0,0,4930532I03Rik,NA
75835,0,0,Vmn2r-ps54,NA
75836,8,4+,Atxn7l1os2,NA
75841,0,0,Rnf139,286.1223879277925
75845,3,3,4930567K12Rik,NA
75847,0,0,Crppa,24.13651349763899
75853,7,4+,4930592I03Rik,NA
75854,0,0,4930579J19Rik,NA
75855,0,0,4930579H20Rik,NA
75857,0,0,4930568G15Rik,NA
75858,0,0,Speer4cos,NA
75859,0,0,4930568D16Rik,NA
75860,14,4+,Tex26,0.9204745278355542
75861,0,0,4930571K23Rik,NA
75862,0,0,4930572O13Rik,NA
75863,18,4+,Clec4g,NA
75869,0,0,Arl5b,285.90557439105385
75870,7,4+,Tcam1,2.6678392351983233
75871,0,0,Zfp821,34.8617698821753
75877,0,0,4930591E09Rik,NA
75878,0,0,4930579P08Rik,NA
75879,0,0,4930589L23Rik,7.623955605516859
75880,0,0,4930592A05Rik,NA
75881,0,0,4930579K19Rik,3.337411599874014
75886,0,0,Gstt4,NA
75887,0,0,4930586N03Rik,NA
75888,10,4+,4930573H18Rik,NA
75890,0,0,1700003P14Rik,NA
75893,0,0,4930587E11Rik,NA
75894,3,3,Adal,42.1248286853723
75901,0,0,Dcp1a,210.0582816089584
75904,0,0,4930579D09Rik,NA
75905,0,0,Dipk2b,NA
75906,0,0,Fam184a,18.58813842302018
75909,0,0,Vmp1,1304.796989609427
75910,0,0,4930590L20Rik,NA
75913,25,4+,4930579G18Rik,NA
75914,0,0,Exoc6b,329.02063610552244
75915,0,0,Bloc1s6os,0.6314574536754283
75916,0,0,4930572K03Rik,NA
75927,3,3,Pitpnm2os1,NA
75930,1,1,4930567H12Rik,NA
75939,0,0,4930579G24Rik,30.39203522656704
75942,0,0,4930584F24Rik,NA
75946,0,0,4930583P06Rik,NA
75947,0,0,4930594O21Rik,NA
75951,8,4+,4930578M01Rik,2.0880252139900453
75953,0,0,Samd7,1.508478096797126
75954,0,0,5033403H07Rik,NA
75956,10,4+,Srrm2,1917.4594083410495
75958,0,0,5033403F01Rik,0.8922345280358066
75964,17,4+,Trappc8,170.01645703871017
75965,2,2,Zdhhc20,206.47135908286455
75973,0,0,Ccdc162,1.885012380954286
75974,0,0,Dock11,70.03943080691259
75985,4,4+,Rab30,24.94347888031129
75986,9,4+,Agmat,1.1096753118278535
75991,0,0,Slain2,274.32079073908636
75995,2,2,5033417F24Rik,0.5000308703769929
75996,0,0,Hdnr,NA
76002,0,0,Ms4a18,0.8489584291893391
76003,1,1,Tmem150cos,NA
76007,13,4+,Zmym2,349.6753416698188
76014,0,0,Zc3h18,549.4988523828432
76022,2,2,Gon4l,170.92037065350797
76024,0,0,Gm11346,NA
76025,0,0,Cant1,86.89910948076862
76041,0,0,Ccdc125,19.886746663128633
76044,0,0,Ncapg2,156.25482622389734
76051,0,0,Ganc,55.31826988827078
76055,9,4+,Oga,777.9057226266995
76062,8,4+,5830428M24Rik,0.823655683265007
76071,6,4+,Jakmip1,14.207113778330664
76072,1,1,Rnf183,0.9256433065859304
76073,2,2,Pcgf5,229.71798525006744
76074,0,0,Gbp8,1.330663532896919
76080,0,0,Ttpal,91.80333458893205
76088,0,0,Dock8,1.081240857029247
76089,0,0,Rapgef2,95.98977431534443
76100,0,0,5830454E08Rik,1.723577503082891
76108,1,1,Rap2a,171.28105633312006
76113,0,0,Lpo,3.955761588275004
76117,0,0,Arhgap15,NA
76123,0,0,Gpsm2,104.6036874799792
76130,0,0,Las1l,289.6869598333458
76131,0,0,Depdc1a,97.67388837152608
76132,18,4+,Faxc,6.6406000640073986
76133,2,2,6230400D17Rik,5.492650314555204
76137,0,0,Mcur1,35.351196808236416
76138,0,0,Ccdc138,73.45097853889393
76142,0,0,Ppp1r14c,21.168048246418728
76156,4,4+,Fam131b,4.806452405004934
76157,0,0,Slc35d3,7.192216708966731
76161,0,0,Lamp5,NA
76166,0,0,Cplane2,NA
76167,3,3,Snrnp35,29.691054595549076
76178,0,0,Coa5,785.975617021923
76179,0,0,Usp31,132.5829200620679
76183,1,1,Celf6,0.6910192278729356
76184,0,0,Abca6,NA
76187,0,0,Adhfe1,3.661137566254249
76192,0,0,Abhd12,116.78284857315056
76199,26,4+,Med13l,764.9060999746142
76205,0,0,Stard3nl,454.5180437007272
76206,0,0,Gpr165,NA
76217,0,0,Jakmip2,7.805451428594401
76218,1,1,6430710C18Rik,NA
76219,1,1,Arxes1,157.2919050387786
76220,0,0,6530402F18Rik,NA
76222,4,4+,Magef1,NA
76223,0,0,Agbl3,12.079761142983935
76229,0,0,Vmn2r29,NA
76233,1,1,Dnttip1,83.00170377017307
76237,0,0,Tmem275,NA
76238,15,4+,Grhpr,71.79986291404225
76246,19,4+,Rtf1,545.5612982417753
76251,2,2,Ercc6l2,206.2469889787807
76252,0,0,Atp6v0e2,29.690934466762013
76257,0,0,Slc38a3,6.676760002045442
76260,0,0,Ttc8,13.976664195372686
76261,0,0,Pgcka1,NA
76263,0,0,Gstk1,26.981206425692633
76265,0,0,Tsen54,29.885612887851657
76267,6,4+,Fads1,167.39241143665984
76273,4,4+,Ndfip2,344.98910664548754
76279,9,4+,Cyp2d26,2.0571765148808763
76281,4,4+,Tax1bp3,467.8815460395904
76282,6,4+,Gpt,19.25457476429976
76293,0,0,Mfap4,11.81332660047564
76294,15,4+,Asb5,NA
76295,0,0,Atp11b,205.96469650275856
76299,17,4+,Erp44,2477.6535597199572
76302,0,0,Pcnp,1085.2456377328608
76303,0,0,Osbp,94.73944990669337
76306,0,0,Slc18b1,80.10606167053547
76308,27,4+,Rab1b,517.9946604689069
76311,8,4+,1110019D14Rik,29.666536531874424
76332,3,3,Cog2,41.67600241960148
76338,0,0,Rab2b,228.1380491733706
76355,1,1,Tgds,23.86209878609697
76357,0,0,Trmt5,212.38040527772355
76365,0,0,Tbx18,2.339635199100193
76366,0,0,Mtif3,47.07916232088632
76367,0,0,Trp53rkb,71.0280328280928
76373,5,4+,Zfp773,5.023956663062377
76375,0,0,Det1,182.20137743168985
76376,0,0,Slc24a2,NA
76378,0,0,Ropn1,NA
76380,0,0,Cep112,17.33257468058585
76382,0,0,1700012A03Rik,NA
76383,0,0,H2al1m,NA
76386,0,0,1700010D01Rik,NA
76389,0,0,Ankrd48,NA
76390,0,0,Zfp735,NA
76392,0,0,Slfn5os,NA
76399,2,2,Il31,NA
76400,13,4+,Pbp2,0.83812477652492
76402,0,0,1700020M21Rik,NA
76405,1,1,1700018B08Rik,10.136530149268532
76406,2,2,Saxo5,NA
76407,0,0,Sun5,NA
76408,0,0,Abcc3,7.474538840016872
76409,0,0,1700025B11Rik,NA
76411,1,1,Ift43,65.6670430016185
76413,2,2,Spaca7b,NA
76415,0,0,Fam187b,5.458585382197707
76416,0,0,Polr1has,NA
76419,15,4+,Smkr-ps,NA
76421,2,2,1700028K03Rik,2.238600502941525
76422,0,0,Mroh3,NA
76425,0,0,Gid8,820.7323484909301
76426,0,0,Fam209,NA
76429,0,0,Lhpp,38.41106043116642
76432,3,3,2310001H17Rik,1.3487047716000986
76438,17,4+,Rftn1,65.1230055489894
76441,2,2,Daam2,0.8574001565018481
76444,0,0,Krtap4-7,NA
76448,28,4+,Ppp1r18,533.477579912431
76453,0,0,Prss23,805.7024281873518
76454,0,0,Fbxo31,86.02059243508924
76457,12,4+,Ccdc134,47.98710244197827
76459,0,0,Car12,10.90012731770911
76464,0,0,Knl1,301.1289899025845
76467,0,0,Msrb2,26.531394771649794
76469,0,0,Cmya5,NA
76477,0,0,Pcolce2,141.0115285554676
76478,32,4+,Haus8,245.77397434873632
76479,3,3,Smndc1,1309.6645367855883
76482,0,0,Rmc1,38.8539030178498
76483,1,1,Lmf1,21.09188387254201
76484,0,0,Kndc1,17.755994191905422
76485,0,0,Glt8d1,80.05980546305418
76486,0,0,Ly6k,13.94283123659198
76487,1,1,Ppp1r3g,NA
76491,0,0,Abhd14b,8.746075969306
76497,0,0,Ppp1r11,363.4231408463816
76498,0,0,Paqr4,9.648904871029483
76499,2,2,Clasp2,214.6965181086483
76500,3,3,Ip6k2,151.67756004425146
76501,0,0,Commd9,59.230257473485715
76505,0,0,Smim45,NA
76507,0,0,Aoc1,0.5245920047398714
76508,3,3,Ube2d-ps,NA
76509,6,4+,Plet1,60.39763969708996
76510,17,4+,Trappc9,106.81997711863798
76516,5,4+,2010001A14Rik,1.7704716664802862
76522,6,4+,Lsm8,571.2563828725162
76524,0,0,Cln6,70.04573453681884
76527,5,4+,Il34,12.640292517061782
76539,0,0,Fam204a,112.34178683224845
76547,1,1,Tmem101,41.385253285113194
76551,0,0,Ccdc6,384.08672059739433
76559,18,4+,Atg2b,181.5444590399373
76560,1,1,Prss8,75.25102519766318
76561,0,0,Snx7,29.364502220268136
76563,1,1,Qrsl1,176.59263642200565
76566,0,0,Rflnb,30.008424840818673
76568,0,0,Ift46,136.0349320517703
76571,0,0,Styxl1,NA
76572,0,0,Rbmxl2,766.6876174258442
76573,8,4+,Spatc1l,NA
76574,0,0,Mfsd2a,2.0813207917621037
76577,3,3,Faf2,203.24059428174232
76580,0,0,Mib2,67.50816038065257
76582,0,0,Ipo11,215.46563433163416
76585,0,0,Lce1i,NA
76589,0,0,Unc5cl,3.866681150709744
76594,0,0,Dnajc18,51.127264870930446
76601,0,0,1700041M19Rik,NA
76602,2,2,1700040D17Rik,NA
76604,0,0,1700047A11Rik,NA
76606,0,0,Llcfc1,NA
76608,32,4+,Hectd3,91.82117740285868
76609,0,0,1700065O20Rik,NA
76612,0,0,Lrrc27,39.281177911960015
76614,0,0,Immt,1711.313743907535
76615,0,0,Got1l1,22.704658162045597
76624,0,0,1700099I09Rik,NA
76626,7,4+,Msi2,265.99299316644556
76627,0,0,Prr30,NA
76628,3,3,1700112J16Rik,0.7960857978475062
76629,0,0,Tmem270,NA
76630,2,2,Stambpl1,27.71504757906486
76633,14,4+,Lrmda,1.7942951500931463
76634,0,0,1700110C19Rik,NA
76637,13,4+,Zim2,NA
76639,0,0,1700121N20Rik,NA
76640,0,0,1700113H08Rik,NA
76642,0,0,1700113A16Rik,26.89375119296741
76643,0,0,1700121L16Rik,NA
76645,0,0,Pkd1l2,7.242482444859106
76646,2,2,Wdr38,1.4779229377836447
76649,1,1,1700119H24Rik,NA
76650,0,0,Srxn1,86.95751206124703
76651,0,0,1700122O11Rik,0.991124249273214
76652,14,4+,Actrt3,NA
76654,0,0,Upp2,4.978679910074967
76657,0,0,1700125G22Rik,1.2491878994224317
76658,4,4+,1700123K08Rik,NA
76668,0,0,Mdh1b,0.8013720447428672
76669,0,0,1700128F08Rik,NA
76670,4,4+,Cfap70,1.2770903673972729
76676,0,0,5330411J11Rik,20.380571373729996
76681,0,0,Trim12a,1.2801196362855711
76684,0,0,Pla2g10os,NA
76686,20,4+,Clip3,68.92453149736002
76687,15,4+,Spcs3,325.75470539023576
76688,8,4+,Arfrp1,230.9222157292901
76701,3,3,Ctrc,NA
76703,0,0,Cpb1,0.7545368567081229
76705,0,0,Ppp1r2-ps7,NA
76707,1,1,Clasp1,354.52390362054473
76709,5,4+,Arpc2,6593.968017553436
76710,0,0,2210406O10Rik,2.0239098603786205
76713,6,4+,Slc6a21,NA
76718,0,0,Catsperg2,1.6737139625413715
76719,1,1,Kansl1,257.3843407432808
76720,4,4+,1700084D21Rik,NA
76722,8,4+,Ckmt2,NA
76728,29,4+,1700123J17Rik,NA
76737,3,3,Creld2,323.83363984133905
76740,0,0,Efr3a,1733.7416864654754
76742,0,0,Snx27,492.611431288009
76743,0,0,Gje1,NA
76747,2,2,Dapl1,NA
76757,0,0,Trdn,0.753360228375483
76758,5,4+,Gsdma2,NA
76763,0,0,Mospd2,32.96374202318445
76768,14,4+,Alpi,13.149758125767391
76770,0,0,Csta2,NA
76773,0,0,Ntaq1,NA
76775,16,4+,Slc10a7,111.4947032487623
76779,0,0,Cluap1,39.89515975498029
76781,0,0,Mettl4,168.5474092791083
767814,0,0,AU019990,6.605895791854422
767815,0,0,BB557941,NA
76784,0,0,Mtif2,227.67970675810952
76785,0,0,2410124H12Rik,9.310775798305269
76786,10,4+,2510003B16Rik,NA
76787,17,4+,Ppfia3,14.965375546316263
76788,17,4+,Klhdc10,350.8677328494059
76789,0,0,Mzt1,308.4074195992481
76792,1,1,Spring1,NA
76793,0,0,Snip1,281.1546206089142
76794,0,0,Man2c1os,NA
76795,0,0,Tbc1d9b,89.3126438995476
76797,0,0,2410137M14Rik,100.1284437711851
76798,0,0,Srrm4os,10.88106727025166
76799,0,0,Tmem234,301.4555488804181
76800,13,4+,Usp42,85.95252697008647
76803,0,0,Zfp998,NA
76804,0,0,Kdm4c,151.80337717347092
76808,0,0,Rpl18a,22976.466035764777
76809,0,0,Bri3bp,1754.27766312677
76813,0,0,Armc6,49.40631867874343
76814,13,4+,Scarletltr,0.9443560237058314
76815,0,0,Calcoco2,440.43933277388857
76816,5,4+,Sdccag8,9.13235979313111
76820,0,0,Cyria,NA
76824,0,0,Mtfr1l,295.1783300247719
768252,0,0,Foxl2os,NA
76826,0,0,Nubpl,106.10715920427494
76829,7,4+,Dok5,6.6385269173484005
76832,0,0,Hyls1,41.90000774319059
76843,3,3,Dtl,790.5139401137318
76846,3,3,Rps9,5463.443915341104
76850,0,0,Ago4,2.652289767271027
76854,5,4+,Gper1,NA
76856,3,3,Catsper3,NA
76857,0,0,Spopl,127.66457334157272
76858,4,4+,Nlrp14,13.909052994533878
76863,14,4+,Dcun1d5,317.66284203900784
76866,6,4+,Morn1,4.822537740944947
76867,0,0,Rhbdd1,65.52540163314018
76872,0,0,Ccdc116,24.87338475413046
76873,0,0,4930447F24Rik,0.7508946531327738
76874,3,3,4930469K13Rik,NA
76877,11,4+,Rab36,6.259834607697769
76884,0,0,Cyfip2,176.77088893456687
76886,0,0,Fam81a,86.4492633437097
76889,4,4+,Coq8b,44.8281312483138
76890,0,0,Memo1,326.4016230398605
76892,0,0,Rnft1,82.87753728795295
76893,3,3,Cers2,228.1898483111262
76894,0,0,Mettl15,34.53222675430159
76895,33,4+,Bicd2,63.46198146221936
76897,0,0,Ralyl,NA
76898,0,0,B3gat1,2.7727746350544344
76899,0,0,Golga1,32.64758029227736
76900,3,3,Ssbp4,58.18470930845567
76901,24,4+,Jade2,245.07278322779604
76905,0,0,Lrg1,NA
76915,0,0,Mnd1,1347.709968860651
76916,0,0,Timmdc1,158.36192784394788
76917,14,4+,Flywch2,17.259685417062563
76920,1,1,Arrdc5,NA
76925,0,0,Spata46,NA
76927,0,0,Tsacc,55.47071780127877
76932,0,0,Arfip2,118.55936258014432
76933,0,0,Ifi27l2a,1.1612059636979812
76936,0,0,Hnrnpm,3942.2851915867664
76937,0,0,2810429I04Rik,12.72225122946293
76938,0,0,Rbm17,1288.096444247316
76942,14,4+,Lypd5,7.1808338525034925
76943,0,0,Psapl1,NA
76947,14,4+,Ndufaf6,272.48178621832636
76952,6,4+,Nt5c2,157.82327746841997
76954,0,0,Dennd2b,NA
76959,18,4+,Chmp5,1068.2566559899913
76960,0,0,Bcas1,12.786270325335272
76961,0,0,2210420H20Rik,NA
76964,0,0,2610028H24Rik,NA
76965,1,1,Slitrk1,NA
76967,0,0,2700049A03Rik,51.56773276886746
76969,0,0,Chst1,10.049310133856345
76971,0,0,Sult2a8,NA
76972,3,3,Snhg20,329.0015181777717
76974,0,0,Urah,67.85458447170718
76976,0,0,Arxes2,208.65567525756876
76980,0,0,Ube2ql1,6.193506404443596
76982,0,0,Vxn,NA
76983,0,0,Scfd1,163.9109851444352
76987,1,1,Hdhd2,156.76829222283885
76992,0,0,Fam219aos,NA
76993,0,0,1700061J23Rik,NA
76998,0,0,Fbxw27,NA
77001,0,0,1700110I07Rik,NA
77006,6,4+,Ddrgk1,88.367764374691
77011,17,4+,Ticrr,328.6996558612758
77015,0,0,Mpped2,102.37241701034677
77017,14,4+,E130018N17Rik,2.1100533952663154
77018,0,0,Col25a1,NA
77022,0,0,2700099C18Rik,NA
77031,6,4+,Slc9a8,40.64981316287252
77032,11,4+,Tstd3,97.8236876868072
77034,0,0,2510039O18Rik,355.05247771233707
77035,0,0,Kdm8,12.053065643680172
77036,4,4+,1700109H08Rik,44.52285545479232
77037,3,3,Mrap,NA
77038,0,0,Arfgap2,70.30607812815236
77040,0,0,Atg16l1,165.92625596664135
77041,1,1,Arsk,27.404542758133676
77042,1,1,Hyal4,NA
77044,0,0,Arid2,640.9903809570822
77045,0,0,Bcl7a,182.72273251393744
77048,0,0,Cep83,263.556329481933
77053,0,0,Sun1,439.15403260448466
77055,15,4+,Krt76,NA
77056,0,0,Tmco4,10.029200113812326
77057,0,0,Ston1,25.147160619324037
77058,0,0,Ccdc183,NA
77065,3,3,Ints7,136.84277694330885
77080,0,0,Pate5,NA
77087,1,1,Ankrd11,522.228343071471
77090,3,3,Ocel1,48.22303293340865
77097,0,0,Tanc2,34.110660025267705
77106,0,0,Tmem181a,140.91731460396986
77110,0,0,Gpbp1l1,182.25586778515884
77113,0,0,Klhl2,179.09515545580365
77116,0,0,Mtmr2,260.5657119619509
77117,3,3,Zfp934,75.81632092863708
77119,0,0,7630403G23Rik,NA
77124,11,4+,9130221H12Rik,12.561880434926913
77125,4,4+,Il33,17.70609702149046
77127,2,2,A930001A20Rik,0.9169457132580816
77128,0,0,Crebrf,106.84213269655648
77132,7,4+,2810433D01Rik,NA
77134,0,0,Hnrnpa0,2092.8389585502455
77166,0,0,8030423J24Rik,NA
77171,0,0,8030455M16Rik,NA
77173,5,4+,8030443G20Rik,NA
77198,0,0,4930407I19Rik,NA
77215,3,3,Krtap5-3,NA
77219,4,4+,Ptgr2,109.5242621963869
77220,0,0,Tmem200a,31.751590688801272
77223,0,0,4930407G08Rik,NA
77248,0,0,9430014N10Rik,NA
77252,0,0,9430038I01Rik,108.64943298473484
77254,16,4+,Yif1b,216.74655356049084
77264,6,4+,Zfp142,150.67648894062063
77286,0,0,Nkrf,117.08851616262812
77288,0,0,9430021M05Rik,NA
77290,4,4+,9430078K24Rik,NA
77296,0,0,Fam162b,NA
77300,0,0,Raph1,508.83682300728145
77305,0,0,Wdr82,879.5207648401199
77318,1,1,Ankrd55,NA
77323,9,4+,9430041J12Rik,0.90482282591722
77331,0,0,C030007H22Rik,NA
77337,0,0,Akr1c21,2.2797136973082046
77341,0,0,9530026F06Rik,NA
77352,0,0,Axdnd1,1.4304840530089065
77358,0,0,9430069I07Rik,1.799539645745898
77371,10,4+,Sec24a,427.2165043990224
77382,0,0,C030018K13Rik,NA
77383,6,4+,C030029H02Rik,NA
77397,3,3,Lyz3,NA
77398,0,0,9530014B07Rik,NA
77407,11,4+,Rab35,582.6114114939797
77411,13,4+,Esrp2,52.74814502882963
77414,0,0,C030013G03Rik,NA
77417,0,0,C030013C21Rik,1.078727564178847
77422,0,0,C330018D20Rik,43.50016671885082
77424,0,0,Spinkl,NA
77432,0,0,9530002B09Rik,NA
77433,0,0,Redrum,NA
77442,0,0,9530020I12Rik,NA
77446,0,0,Heg1,131.02025305216847
77462,2,2,Tmem116,3.778912609302271
77480,0,0,Kidins220,80.10303020551768
77485,0,0,Stk31,62.8922621979531
77490,5,4+,Zfp593os,NA
77505,0,0,Dnhd1,3.7070775707192034
77519,0,0,Zfp266,247.9498975795028
77521,0,0,Mtus2,202.3652291313384
77522,2,2,Tmem213,0.9742917748469138
77531,0,0,Anks1b,8.826141161092671
77532,11,4+,Jrkl,16.6284462426612
77533,1,1,C030034I22Rik,2.956701022507701
77538,0,0,C330004P14Rik,NA
77543,0,0,8030442B05Rik,NA
77552,0,0,Shisa4,44.86893473279379
77558,0,0,9330179D12Rik,NA
77559,0,0,Agl,216.5005171247248
77560,0,0,9330198I05Rik,NA
77569,0,0,Limch1,42.06159792071622
77573,2,2,Vps33a,115.50689452504446
77574,0,0,Tcaf1,74.39447463486407
77577,0,0,Spns3,2.986581973368254
77578,0,0,Bcl9,248.61283141961815
77579,0,0,Myh10,770.1203954135975
77580,3,3,5730596B20Rik,NA
77582,7,4+,Mboat7,415.60734186871065
77583,2,2,Notum,77.0871666428774
77590,2,2,Chst15,78.32978388916325
77591,0,0,Ddx10,880.3139853992905
77593,11,4+,Usp45,358.34156666360553
77595,0,0,Nup210l,2.5609072087768023
77596,1,1,Adgrf1,NA
77604,23,4+,Rbm12b2,47.49830687085608
77605,8,4+,H2az2,NA
77609,3,3,Odad3,NA
77613,12,4+,Prss36,36.93538752929627
77619,0,0,Prelid2,54.71611168136919
77622,0,0,Apex2,353.89297955266375
77626,2,2,Smpd4,1147.503552171548
77627,4,4+,Efcab6,NA
77629,0,0,Sphkap,1.0171139355197336
77630,0,0,Prdm8,2.2503430922260903
77631,4,4+,4930554H23Rik,NA
77632,0,0,Pramel13,NA
77633,2,2,4930594C11Rik,NA
77634,7,4+,Snapc3,1862.1049902740335
77644,0,0,Steep1,NA
77645,0,0,Ptprtos,NA
77647,0,0,Trat1,NA
77652,0,0,Zfp955a,8.02782714263959
77665,0,0,9030204H09Rik,NA
77668,0,0,9130209A04Rik,NA
77669,0,0,Arhgef38,12.793208300426848
77673,0,0,Defb41,0.8006278011503147
77674,0,0,Defb12,NA
77675,3,3,5033406O09Rik,7.36911054434879
77682,10,4+,Gata3un,NA
77683,7,4+,Ehmt1,602.7952798670082
77684,0,0,Bsph2,NA
77697,0,0,Mmab,156.90271057696435
77699,0,0,9030616G12Rik,NA
77701,0,0,Lcn12,NA
77704,2,2,Lcn9,NA
77705,0,0,Cstdc2,NA
77706,0,0,Abcb5,2.6176835122487003
77717,0,0,Smim41,1.800864474093058
77721,2,2,Mrps5,603.1795084470833
77727,0,0,6030468B19Rik,NA
77733,1,1,Rnf170,62.35204679736798
77739,0,0,Adamtsl1,11.00812562647025
77741,15,4+,6720483E21Rik,NA
77744,0,0,Bora,405.54165617156946
77762,0,0,9930111H07Rik,NA
77763,6,4+,Krtap10-30,NA
77766,0,0,Elp4,134.06253888020208
77767,1,1,Ermn,NA
77771,0,0,Csrnp3,24.49683206112472
77772,25,4+,Dcst1,NA
77777,0,0,Ulbp1,70.54055861870124
77779,0,0,A930007I19Rik,2.432449095306878
77781,0,0,Epm2aip1,186.9400079361896
77782,0,0,Polq,95.56071476922338
77794,0,0,Adamtsl2,NA
77798,1,1,A930009A15Rik,NA
77799,10,4+,Sla2,5.416119452263503
77800,0,0,4933406J10Rik,NA
77803,0,0,Shisal2b,0.6104855841747765
77805,19,4+,Esco1,46.684788226450735
77806,1,1,A930019D19Rik,NA
77809,0,0,Lrrc42,111.20963993705136
77810,11,4+,A930015D03Rik,6.533161135058172
77827,0,0,Krba1,103.62817809526828
77832,16,4+,Tchp,77.07063033786923
77835,0,0,A930031H19Rik,NA
77836,0,0,Mlana,12.01487871866428
77846,6,4+,B230112J18Rik,NA
77853,0,0,Msl2,544.272282318267
77855,0,0,D730045A05Rik,NA
77857,0,0,9430065F17Rik,1.015057785977323
77862,0,0,Thyn1,439.4187083325582
77864,0,0,Ypel2,71.75092580083434
77866,5,4+,E130102H24Rik,4.932064188486362
77875,3,3,Cyp4f41-ps,NA
77877,20,4+,6030458C11Rik,681.8157835600783
77878,6,4+,6030440G07Rik,NA
77883,0,0,6030498E09Rik,NA
77889,0,0,Lbh,53.45558973525647
77891,0,0,Ube2s,1540.0570019492536
77905,0,0,Fate1,NA
77914,0,0,Krtap17-1,NA
77918,0,0,Krtap19-3,NA
77920,0,0,A330102I10Rik,1.410678524612771
77929,0,0,Yipf6,194.7861014700502
77938,0,0,Fam53b,23.708942544523342
77940,5,4+,A930004D18Rik,21.76479271605084
77945,0,0,Rpgrip1,135.0937860464476
77951,0,0,Cyp20a1,182.39399177962952
77963,0,0,Hook1,184.04068439846617
77974,0,0,Rdh12,10.35060887489624
77975,0,0,Tmem50b,106.60004144011975
77976,0,0,Nuak1,172.13006468354257
77980,23,4+,Sbf1,140.58870099539166
77981,0,0,B230110C06Rik,NA
77982,0,0,B230110G15Rik,NA
77983,0,0,B230119M05Rik,NA
77987,0,0,Ascc3,101.27882599591724
77994,0,0,Mir99ahg,NA
77996,3,3,Cutal,4.668311382933083
77998,26,4+,Grifin,1.599636570296581
78004,0,0,Prr15,1.579867103031348
78015,0,0,4930505K14Rik,NA
78016,0,0,Ccdc150,2.8728638271612947
78019,0,0,4930519K11Rik,NA
78025,12,4+,4930540M03Rik,NA
78031,0,0,4930547E08Rik,NA
78034,0,0,4930528H21Rik,NA
78038,3,3,Mccc2,85.14655130674785
78043,1,1,4930548J01Rik,NA
78052,24,4+,Tmem190,NA
78056,0,0,4930567K20Rik,NA
78057,6,4+,4930583I09Rik,NA
78058,0,0,4930578E11Rik,NA
78060,3,3,4930593C16Rik,NA
78062,0,0,4930595D18Rik,NA
78068,0,0,6430503K07Rik,NA
78070,0,0,Cpt1c,109.76917916998222
78073,0,0,6720468P15Rik,NA
78076,0,0,Lcn8,NA
78081,0,0,Crisp4,NA
78082,0,0,9230117E06Rik,NA
78086,0,0,4930555B12Rik,NA
78088,11,4+,Sowahb,55.871596119688455
78092,0,0,Samt1,NA
78100,15,4+,Msantd4,162.3032952633107
78102,0,0,8430426J06Rik,NA
78105,0,0,Grip1os1,NA
78106,0,0,4930405L22Rik,NA
78108,0,0,Particl,NA
78110,0,0,4930428D20Rik,NA
78112,0,0,4930452N14Rik,NA
78118,17,4+,4930451I11Rik,NA
78120,0,0,4930449E18Rik,NA
78124,0,0,Spata31,NA
78127,0,0,4930525C09Rik,NA
78128,3,3,Spag11a,NA
78134,0,0,Lpar4,113.14859421940574
78148,10,4+,8430430B14Rik,8.227002684584036
78156,0,0,4930441H08Rik,NA
78158,0,0,4930440I19Rik,NA
78163,0,0,4930459L07Rik,NA
78170,0,0,4930486F22Rik,NA
78172,0,0,4930487D11Rik,NA
78174,4,4+,Cox7b2,4.48682022057908
78176,3,3,4930471C04Rik,NA
78177,0,0,Ninl,47.42386287215355
78178,0,0,4930511A08Rik,NA
78180,0,0,4930522O17Rik,NA
78185,0,0,Flicr,4.26829589810557
78193,0,0,4930528P14Rik,NA
78194,0,0,4930546K05Rik,0.887018645676776
78199,0,0,4930527G23Rik,NA
78202,16,4+,4930557K07Rik,NA
78212,0,0,Rbm46os,0.6771742785401267
78215,3,3,4930578N18Rik,NA
78217,9,4+,Tmem210,NA
78219,2,2,4930568E12Rik,NA
78221,0,0,4930567J20Rik,NA
78229,0,0,4930596I21Rik,NA
78232,2,2,Trappc6b,331.2528155591972
78238,0,0,6030471H07Rik,NA
78239,7,4+,Spint4,NA
78240,0,0,Cst11,NA
78242,0,0,Spink12,NA
78243,0,0,9230112D13Rik,NA
78244,33,4+,Dnajc21,623.2024453926225
78245,3,3,Acbd7,5.570419074371379
78246,0,0,Phf23,833.1273561227788
78248,0,0,Armcx1,61.33072211950987
78249,0,0,Adgrf4,NA
78250,0,0,Iqch,1.131882990614697
78251,0,0,Zfp712,1.4840337234142404
78252,0,0,Nxpe2,NA
78255,0,0,Ralgps2,236.30450821403628
78257,1,1,Lrrc9,7.188746817423081
78258,0,0,Mroh9,NA
78266,25,4+,Zfp687,155.07529936866308
78267,11,4+,Klhdc8b,10.119024111448454
78283,0,0,Map7d2,81.55863779750472
78284,7,4+,Creb3l4,9.51992252296538
78286,0,0,Nav2,344.5166105595185
78287,0,0,Rbsn,105.0487307349582
78294,10,4+,Rps27a,10418.111234738451
78303,0,0,H2bc27,NA
78304,3,3,Naa38,588.3892983121884
78308,1,1,Gpr108,25.71384511559518
78309,0,0,Cul9,3.7650544045215777
78312,0,0,1810041H14Rik,3.5505475888350064
78317,1,1,Ccdc88b,1.2982124609952352
78321,26,4+,Ankrd23,11.363832525750468
78323,8,4+,Fam219b,57.00570188798515
78329,11,4+,2310010J17Rik,20.51730313844621
78330,0,0,Ndufv3,343.9608095740337
78334,0,0,Cdk19,247.16517280803583
78339,31,4+,Ttyh3,416.8632668849551
78349,0,0,1700034K08Rik,NA
78353,0,0,2500002B13Rik,77.13804870221391
78354,0,0,Lypd8l,NA
78365,12,4+,Lhx1os,NA
78369,15,4+,Icam4,3.3026434367244257
78372,0,0,Snrnp25,313.77770469135595
78373,0,0,Nudt17,6.32442473209189
78376,0,0,Sapcd1,12.056792934841424
78382,0,0,Lce6a,NA
78388,0,0,Mvp,56.80012162855834
78390,0,0,Pla2g4d,1.0412208855493508
78394,0,0,Ddx52,388.6595836038958
78403,4,4+,2900041M22Rik,NA
78405,8,4+,Ntf5,5.3981871096089185
78408,0,0,Fam131a,3.652336927004375
78412,0,0,Cyren,40.58161763646988
78414,0,0,1700034E13Rik,NA
78416,3,3,Rnase6,NA
78420,9,4+,Bcas3os2,NA
78428,15,4+,Pym1,27.262011072063107
78439,8,4+,A930037H05Rik,11.76285162232192
78443,1,1,A930041C12Rik,NA
78444,0,0,Pgpep1l,1.3296232533972927
78445,4,4+,C330013E15Rik,3.9698105782930098
78446,0,0,D730050B12Rik,NA
78449,0,0,2700046A07Rik,NA
78455,0,0,Helz,750.6726899504537
78457,7,4+,1700054A03Rik,NA
78459,0,0,Plscr1l1,NA
78460,3,3,1700057H15Rik,NA
78462,0,0,1700065I16Rik,NA
78465,2,2,Ccdc190,NA
78469,6,4+,Tmem247,NA
78471,9,4+,1700109G15Rik,NA
78473,0,0,Skap1,1.207825356459952
78478,0,0,Tmsb15a,3.768029889195795
78482,0,0,Nup50l,NA
78491,0,0,Tspan2os,NA
78500,0,0,1700063D05Rik,0.8324831772641886
78506,0,0,Micu3,65.21466806072394
78508,0,0,Frmpd1os,NA
78512,1,1,3300005D01Rik,NA
78514,2,2,Arhgap10,39.85027580723052
78520,20,4+,C330022C24Rik,NA
78521,0,0,B230219D22Rik,552.861625477362
78523,1,1,Mrpl9,116.1751873542576
78526,5,4+,Platr21,20.22245910729771
78541,0,0,Asb8,127.77195708772592
78547,0,0,E130304I02Rik,NA
78550,0,0,E130119H09Rik,NA
78552,0,0,E130201H02Rik,NA
78558,28,4+,Htra3,0.8771914274868808
78560,5,4+,Adgra2,15.182829583316211
78575,0,0,B430319G15Rik,NA
78581,8,4+,Utp23,229.59328617216795
78586,3,3,Srbd1,235.54543667438392
78593,9,4+,Nrip3,7.810765227019717
78600,2,2,Pde6h,NA
78603,0,0,B230216N24Rik,3.471012786084841
78609,0,0,Cstdc1,8.805243121215568
78610,0,0,Uvrag,135.98505955370854
78611,25,4+,Btbd19,236.77027210252
78617,17,4+,Cstad,NA
78618,0,0,Acap2,292.3651927465427
78619,0,0,Zfp449,18.366042617693623
78625,0,0,Acsbg3,NA
78631,0,0,Cypt15-ps,NA
78634,10,4+,Spaca7,NA
78635,0,0,Kcnd3os,NA
78638,8,4+,1700113B09Rik,NA
78639,5,4+,1700116B05Rik,NA
78640,0,0,1700122C19Rik,NA
78648,0,0,2400006E01Rik,35.072790678365614
78650,0,0,Platr5,5.982282526015429
78651,1,1,Lsm6,1517.063334734292
78653,0,0,Bola3,334.0107363535394
78654,0,0,1700066C05Rik,NA
78655,0,0,Eif3j1,19.58178225902686
78656,0,0,Brd8,393.98547462047287
78658,1,1,Ncapd3,128.0770908621942
78668,0,0,E130112N10Rik,NA
78670,16,4+,Plekhj1,707.7747609280755
78688,21,4+,Nol3,12.450236422598238
78689,0,0,Naa35,712.7392365524128
78697,0,0,Pus7,126.29364769983326
78703,0,0,Zfp972,NA
78706,0,0,Platr4,65.3103195850307
78709,1,1,Spink8,NA
78718,0,0,D530049I02Rik,NA
78725,0,0,Ly6g6g,0.6518070208591787
78733,0,0,Troap,349.1198631242108
78739,0,0,9530062K07Rik,3.183027425030727
78748,0,0,Rassf10,8.663071915175097
78749,0,0,Filip1l,9.121274946041977
78751,0,0,Zc3h6,5.2557879746085145
78752,0,0,Csgalnact2,48.60987873217556
78753,0,0,Lipm,NA
78754,0,0,Galnt15,NA
78755,0,0,Pabir2,NA
78757,0,0,Rictor,176.7332205951499
78758,0,0,4921518K17Rik,NA
78762,0,0,4933424L21Rik,NA
78767,0,0,Efcab11,18.183904994441907
78771,0,0,Mctp1,3.1721662980954535
78772,0,0,Hhipl2,NA
78773,0,0,4930511E03Rik,NA
78774,0,0,Cfap61,3.987784835420096
78777,9,4+,Tepsin,26.263179564358403
78779,1,1,Spata2l,1.5184403789888317
78781,0,0,Zc3hav1,167.7324686498486
78783,0,0,Brpf1,436.5778218520175
78784,0,0,Celf3,NA
78785,0,0,Clip4,40.05794244848139
78787,0,0,Usp54,225.78432620195645
78789,0,0,Vsig1,NA
78795,0,0,Armc9,38.20192653339656
78796,5,4+,Zcchc4,103.35524982464236
78797,24,4+,Ndor1,117.74173390884437
78798,9,4+,Eml4,573.1683228127317
78800,0,0,4930480K15Rik,NA
78801,4,4+,Ak7,41.62722209699124
78802,0,0,Ift70a1,NA
78803,14,4+,Fbxo43,3.230316412066065
78805,0,0,4930545L23Rik,NA
78806,13,4+,Stpg1,4.224828887083334
78808,1,1,Stxbp5,30.615436543191255
78809,0,0,4930562C15Rik,NA
78816,0,0,Gmip,10.367903746587848
78825,25,4+,Desi2,257.8315076069821
78826,0,0,P2ry10,NA
78829,13,4+,Tsc22d4,74.21786181275696
78830,3,3,Slc25a12,654.3225740092481
78832,0,0,Cacul1,518.7652360410265
78833,3,3,Gins3,77.06671841249296
78834,15,4+,Zfp623,115.97740109219264
78849,0,0,B430010I23Rik,NA
78878,0,0,Ftx,78.8710535155412
78883,0,0,9630013K17Rik,1.020939431219059
78885,11,4+,Coro7,24.12534312529099
78887,1,1,Sfi1,144.8128798345797
78889,8,4+,Wsb1,867.5794244698797
78890,0,0,Trmt44,44.53303594376479
78891,0,0,Scyl1,83.6848351551406
78892,0,0,Crispld2,22.75658142878293
78893,0,0,Cnot10,293.5352637895859
78894,0,0,Aacs,245.6870424811407
78895,0,0,Pus7l,63.16303503366095
78896,0,0,Ecrg4,1.3909996781199474
78903,0,0,Wrnip1,317.0684463912812
78906,38,4+,Misp,7.465798174586909
78908,4,4+,Igsf3,261.1714223388165
78910,0,0,Asb15,NA
78911,0,0,Trim42,NA
78912,0,0,Sp2,891.2876138190495
78913,0,0,Ltn1,242.58320746497895
78914,0,0,Nadsyn1,11.69273084746613
78917,0,0,4930455G09Rik,2.2438128472556675
78919,0,0,Fndc8,NA
78920,0,0,Dlst,332.0714624657026
78921,0,0,Zfp747l1,NA
78923,0,0,Chsy3,1.1648071759206242
78925,0,0,Srd5a1,32.90700322869273
78926,21,4+,Gas2l1,210.9645317233567
78928,19,4+,Pigt,75.47859620595874
78929,1,1,Polr3h,263.74900471622954
78931,0,0,4930546C10Rik,NA
78933,0,0,Agbl4,NA
78934,0,0,4930581F22Rik,2.188961598420913
78935,0,0,Saal1,162.4514516229799
78937,0,0,Avl9,162.88615608045995
78938,0,0,Fbxo34,219.1368157485664
78943,0,0,Ern1,58.716783110058614
78977,0,0,Popdc3,10.176442461746422
79043,12,4+,Spsb3,101.87788591697178
79044,17,4+,Mrps34,159.6811930084714
79059,19,4+,Nme3,5.077859842553611
790909,0,0,Gm11186,NA
790910,7,4+,Gm11201,NA
790911,5,4+,Slc13a2os,NA
790912,15,4+,Rab11fip4os1,NA
790913,0,0,Gm11413,NA
791069,0,0,Mir301b,NA
791070,0,0,Mir744,NA
791071,0,0,Mir758,NA
791072,0,0,Mir551b,NA
791073,0,0,Mir762,NA
791074,2,2,Mir802,NA
791075,0,0,Mir761,NA
791076,1,1,Mir763,NA
791077,0,0,Mir760,NA
791079,0,0,Mir770,NA
791080,0,0,Mir759,NA
791081,0,0,Mir764,NA
791260,5,4+,Tomt,4.401067478254718
791282,0,0,Gm10030,4.178342543709234
791294,0,0,Gm9958,6.6125638536125955
791299,24,4+,Gm10069,17.100223136285056
791307,0,0,Gm10248,NA
791318,31,4+,Zeb1os1,NA
791338,3,3,Gm10190,NA
791359,0,0,Gm9961,NA
791361,0,0,Gm16497,NA
791364,0,0,Hottip,NA
791378,1,1,Gm10280,NA
791381,0,0,Gm15413,NA
791383,0,0,Gm9962,NA
791403,11,4+,Mhrt,NA
791411,0,0,Gm13199,2.161364391750217
791415,5,4+,Gm12500,NA
791417,0,0,Gm14164,1.0081116174009384
791422,0,0,Gm11426,NA
791423,6,4+,Gm11190,NA
79196,0,0,Osbpl5,170.87669321818308
79201,5,4+,Tnfrsf23,12.351017856045823
79202,10,4+,Tnfrsf22,80.72453156168497
79221,0,0,Hdac9,4.03565395636914
79233,0,0,Zfp319,45.780302496748874
79235,6,4+,Lrat,1.2729761600286351
79263,0,0,Trim39,95.21392408958822
79264,0,0,Krit1,250.8864999797037
79362,0,0,Bhlhe41,5.974929176356996
79401,5,4+,Spz1,2.362336130809425
79455,7,4+,Pdcl2,13.458622191557666
79456,0,0,Recql4,32.6963696124772
79459,7,4+,Aldoart2,1.5887903758236754
79464,1,1,Lias,550.2629697563868
79554,24,4+,Cptp,44.37033919315606
79555,7,4+,BC005537,869.1813332332358
79560,1,1,Ublcp1,164.48876097287905
79565,16,4+,Mettl27,64.32369592361037
79566,0,0,Sh3bp5l,127.98227618177792
80280,19,4+,Cdk5rap3,87.74079390042482
80281,0,0,Cttnbp2nl,213.45023827879135
80283,18,4+,Abtb1,33.58965712781036
80284,0,0,Smim12,161.72391359094462
80285,0,0,Parp9,34.786565995895714
80286,0,0,Tusc3,143.5929076397493
80287,1,1,Apobec3,334.3859879747648
80288,22,4+,Bcl9l,301.4869450820839
80289,0,0,Lysmd3,88.1438678815874
80290,11,4+,Gpr146,1.6736651555901352
80291,6,4+,Rilpl2,31.370099591278628
80292,8,4+,Zxdc,93.07178319600926
80294,0,0,Pofut2,382.6084579302786
80297,1,1,Sptbn4,127.02538220810452
80334,5,4+,Kcnip4,NA
80384,0,0,Tex21,33.63796775736609
80385,5,4+,Tusc2,88.91424289684741
80509,0,0,Med8,124.31147657622766
80515,0,0,Rnf227,62.14172223641362
80517,0,0,Herpud2,139.21386799821914
80706,0,0,Or8a1b,NA
80707,0,0,Wwox,56.61959847887469
80708,4,4+,Pacsin3,40.905908606010755
80718,0,0,Rab27b,1.9372868302963944
80719,0,0,Igsf6,NA
80720,0,0,Pbx4,33.4368153002946
80721,8,4+,Slc19a3,6.590733648862271
80732,4,4+,Mynn,222.61991517799865
80733,0,0,Car15,1.6421181620102632
80743,5,4+,Vps16,103.67891533004608
80744,0,0,Cwc22,391.9684430024367
80748,3,3,BC004004,304.4345946732968
80749,18,4+,Lrfn1,847.3246106319843
80750,0,0,N4bp1,644.7146647711137
80751,0,0,Rnf34,286.48319534923763
80752,0,0,Fam20c,7.526461242920111
80782,3,3,Klrb1b,NA
80794,7,4+,Cblc,10.840242405446748
80795,0,0,Selenok,475.375854448584
80796,3,3,Calm4,NA
80797,0,0,Clca3a2,0.6075630907902869
80828,9,4+,Snord82,NA
80837,0,0,Rhoj,1.321707931003364
80838,0,0,H1f1,NA
80857,0,0,Fgf20,NA
80859,0,0,Nfkbiz,43.48518003347496
80860,5,4+,Ghdc,28.676215011820403
80861,10,4+,Dhx58,5.7357991445686
80876,5,4+,Ifitm2,1391.9769210847908
80877,0,0,Lrba,212.77695114886828
80879,0,0,Slc16a3,83.06187534588688
80880,0,0,Kank3,69.40979523256516
80883,0,0,Ntng1,NA
80884,0,0,Maged2,40.39174853272602
80885,0,0,Hcar2,NA
80886,0,0,Senp3,407.0554060903369
80888,0,0,Hspb8,171.2752887798139
80889,0,0,Tlnrd1,333.74609454417083
80890,0,0,Trim2,260.50767957845915
80891,0,0,Fcrl2,NA
80892,0,0,Zfhx4,2.7201576102107965
80893,0,0,Tmprss5,4.436910394706626
80898,0,0,Erap1,27.638866060075344
80901,0,0,Cxcr6,NA
80902,0,0,Zfp202,22.19807210658605
80903,0,0,Fgf16,NA
80904,0,0,Dtx3,392.45496891569087
80905,0,0,Polh,62.19136566643964
80906,13,4+,Kcnip2,10.537356009940098
80907,2,2,Lactb,79.84555752795552
80908,5,4+,Abo,6.797760979285796
80909,0,0,Castor2,31.729576938272817
80910,6,4+,Gpr84,NA
80911,0,0,Acox3,17.96963288464751
80912,6,4+,Pum1,3958.572874827384
80913,0,0,Pum2,1608.685655043271
80914,0,0,Uck2,1750.7446773694387
80915,0,0,Dusp12,1113.3916083307545
80976,0,0,Syt13,39.89880951259666
80978,0,0,Mrgprh,NA
80979,1,1,Slc26a5,NA
80981,6,4+,Arl4d,109.10577158693324
80982,0,0,Cemip,4.715771864777375
80985,0,0,Trim44,512.9878372506619
80986,0,0,Ckap2,1074.8715750162817
80987,20,4+,Nckipsd,28.440067915574232
81000,0,0,Rad54l2,136.48358567486503
81003,0,0,Trim23,70.79028492081395
81004,10,4+,Tbl1xr1,702.1368881578745
81006,18,4+,Gpr63,2.3895777388076964
81007,0,0,Defb5,NA
81010,0,0,Vmn1r172,NA
81012,0,0,Vmn1r171,NA
81013,0,0,Vmn1r65,NA
81014,0,0,Vmn1r58,NA
81015,0,0,Vmn1r56,NA
81017,0,0,Vmn1r63,NA
81018,0,0,Rnf114,163.66657616196872
81489,0,0,Dnajb1,618.8138228933947
81497,0,0,Btnl5-ps,NA
81500,0,0,Sil1,29.59447509859456
81535,0,0,Sgpp1,34.78375233159499
81600,0,0,Chia1,NA
81601,4,4+,Kat5,185.81558719326304
81630,0,0,Zbtb22,98.90183193886972
81701,27,4+,Egfl8,45.13131942245866
81702,0,0,Ankrd17,1121.5653203011093
81703,18,4+,Jdp2,30.568588519726102
81799,5,4+,C1qtnf3,NA
81840,17,4+,Sorcs2,18.70316368605993
81845,7,4+,Gpank1,31.149735815856335
81877,0,0,Tnxb,NA
81879,0,0,Tfcp2l1,937.5617260313946
81896,6,4+,Ift122,49.65744696337136
81897,5,4+,Tlr9,NA
81898,0,0,Sf3b1,3624.846956678182
81904,17,4+,Cacng7,50.649585237474106
81905,0,0,Cacng8,11.891468530319106
81906,0,0,Cyp4x1,4.223369927468042
81907,0,0,Tmem108,21.451411534186686
81909,0,0,Zfpl1,84.35530524466405
81910,0,0,Rrbp1,275.88856217640983
81913,0,0,Bambi-ps1,NA
83379,0,0,Klb,1.3460925255764964
83380,0,0,Prp2,NA
83382,0,0,Siglece,0.7769253481082656
83383,0,0,Tfap4,205.47605294705065
83395,1,1,Sp6,56.600513707071144
83396,36,4+,Glis2,226.96308846161804
83397,0,0,Akap12,3462.441241082953
83398,0,0,Ndst3,NA
83408,0,0,Gimap3,NA
83409,22,4+,Lamtor2,158.82128938719805
83410,19,4+,Cstf2t,732.0279937635078
83428,6,4+,Ucn3,NA
83429,3,3,Ctns,238.57932346417329
83430,0,0,Il23a,10.990312700892964
83431,5,4+,Ndel1,1119.3624337937786
83433,5,4+,Trem2,0.8215790988905773
83434,23,4+,Rsph6a,2.574478961035409
83435,0,0,Plekha3,323.33789392948876
83436,0,0,Plekha2,163.65553599030238
83453,0,0,Chrdl1,NA
83454,0,0,Nxf2,3.299812354595419
83456,0,0,Mov10l1,19.324466343077052
83457,0,0,Fthl17e,NA
83485,0,0,Ngrn,424.2276681382141
83486,0,0,Rbm5,358.4029633897767
83490,0,0,Pik3ap1,5.105355483669324
83491,0,0,Pramel1,NA
83492,0,0,Gsdmc,NA
83493,0,0,Sacm1l,109.13616924307304
83553,0,0,Tktl1,7.61966818164661
83554,0,0,Fstl3,16.51402693518394
83555,0,0,Tex13b,3.0848598426259044
83556,1,1,Tex16,2.0567417784586723
83557,5,4+,Lin28a,4378.903926546464
83558,2,2,Tex11,37.313692491975395
83560,0,0,Tex14,54.1639795600304
83561,3,3,Tdrd1,15.972669604885615
83563,0,0,Usp26,12.845464043571678
83564,0,0,Nlrp4c,6.459126450302129
83565,0,0,Pramel3a,NA
83602,7,4+,Gtf2a1,308.8307052390797
83603,1,1,Elovl4,66.33432705982938
83669,6,4+,Wdr6,694.3303271267725
83671,0,0,Sytl2,4.534580590803112
83672,0,0,Sytl3,1.0460963256790052
83673,2,2,Snhg1,3738.5321752178634
83674,0,0,Cnnm1,6.624955354412155
83675,3,3,Bicc1,27.88641763855348
83679,0,0,Pde4dip,27.057296903301896
83691,0,0,Crispld1,3.6054333818227313
83701,9,4+,Srrt,4031.202310262133
83702,1,1,Akr1c6,NA
83703,6,4+,Dbr1,198.9141406251382
83704,18,4+,Slc12a9,132.2929605029769
83762,0,0,Otof,NA
83766,10,4+,Actl6b,NA
83767,23,4+,Wasf1,337.9981310812305
83768,12,4+,Dpp7,35.92390929421328
83770,16,4+,Tas1r2,NA
83771,2,2,Tas1r3,7.1385092736090945
83796,0,0,Smarcd2,138.19870460705803
83797,4,4+,Smarcd1,2805.5852007196972
83813,8,4+,Tnk1,37.69709099843993
83814,0,0,Nedd4l,294.8295947499419
83815,0,0,Cenpq,88.56197560093149
83885,3,3,Slc25a2,NA
83921,0,0,Cemip2,413.5037427389521
83922,26,4+,Cep41,131.1370745868331
83924,3,3,Gpr137b,99.87387517068976
83925,0,0,Trps1,161.64615845227465
83945,7,4+,Dnaja3,510.3635580787727
83946,0,0,Phip,436.0964906584704
83961,22,4+,Nrg4,16.77354411107748
83962,0,0,Btbd1,127.01743189556883
83964,0,0,Jam3,71.76963590971116
83965,0,0,Enpp5,31.250453392353272
83984,0,0,Tssk6,0.9770234904049276
83993,0,0,Tbx19,NA
83995,0,0,Mmp1a,NA
83996,0,0,Mmp1b,NA
83997,0,0,Slmap,246.9503204156805
84004,0,0,Mcam,59.701295477882354
84035,0,0,Kremen1,34.00848152499109
84036,2,2,Kcnn1,5.561422503844356
84092,0,0,Usp8,295.18470243925833
84094,0,0,Plvap,109.84216177280892
84095,0,0,Pi4k2a,107.90215325356986
84111,0,0,Gpr87,1.9093766699554833
84112,0,0,Sucnr1,NA
84113,0,0,Ptov1,220.3169670961204
84505,3,3,Setdb1,778.2318879204636
84506,0,0,Hamp,NA
84543,0,0,Sval2,NA
84544,0,0,Cd96,1.0429939764722485
84585,16,4+,Rnf123,102.06826611055205
84652,12,4+,Hycc1,NA
84653,7,4+,Hes7,4.414395360733706
84682,3,3,Cox4i2,5.311829864768999
84704,0,0,Snurf,NA
85029,0,0,Rpph1,NA
85030,26,4+,Tnfrsf25,14.090733850775305
85031,0,0,Pla1a,47.90140576064233
85305,0,0,Kars1,NA
85308,0,0,Emc9,8.641785999627265
89867,0,0,Sec16b,NA
93670,0,0,Tac4,NA
93671,0,0,Cd163,NA
93672,0,0,Il24,72.20211052740244
93673,0,0,Nat8f2,14.261403564302856
93674,0,0,Nat8f3,NA
93675,0,0,Clec2i,NA
93677,0,0,Lmod2,NA
93679,22,4+,Trim8,252.54256587212888
93681,0,0,Zkscan8,177.64359013426036
93683,20,4+,Glce,217.7988864530679
93684,0,0,Selenof,1564.8383747817334
93685,0,0,Entpd7,62.3651666966651
93686,0,0,Rbfox2,381.3549334414625
93687,0,0,Csnk1a1,2441.720496337601
93688,0,0,Klhl1,NA
93689,0,0,Lmod1,9.355552665832292
93690,13,4+,Gpr45,1.1511632113356562
93691,0,0,Klf7,309.1368476884186
93692,0,0,Glrx,499.9448154252909
93694,0,0,Clec2d,NA
93695,3,3,Gpnmb,3.3678186007486546
93696,0,0,Chrac1,39.19251915175904
93697,2,2,Ice2,152.44962097180286
93699,0,0,Pcdhgb1,NA
93700,0,0,Pcdhgb2,2.687497557589418
93701,0,0,Pcdhgb4,NA
93702,0,0,Pcdhgb5,1.5344400939844445
93703,0,0,Pcdhgb6,NA
93704,0,0,Pcdhgb7,NA
93705,0,0,Pcdhgb8,NA
93706,9,4+,Pcdhgc3,1.3385638539157323
93707,11,4+,Pcdhgc4,2.138221316851737
93708,8,4+,Pcdhgc5,0.8590399911501753
93709,0,0,Pcdhga1,2.4859717062292237
93710,0,0,Pcdhga2,1.24237971485303
93711,1,1,Pcdhga3,NA
93712,0,0,Pcdhga4,NA
93713,0,0,Pcdhga5,NA
93714,0,0,Pcdhga6,NA
93715,0,0,Pcdhga7,4.099289208468447
93716,0,0,Pcdhga8,NA
93717,0,0,Pcdhga9,NA
93719,4,4+,Ear6,NA
93721,0,0,Cpn1,45.68910051885453
93722,0,0,Pcdhga10,NA
93723,0,0,Pcdhga11,NA
93724,0,0,Pcdhga12,3.6470586838452745
93725,0,0,Ear10,NA
93726,0,0,Rnase2a,NA
93728,0,0,Pabpc5,NA
93730,0,0,Lztfl1,99.66206102732788
93732,0,0,Acox2,1.0808137529669408
93734,3,3,Mpv17l,56.405864193259134
93735,20,4+,Wnt16,1.0928659745346698
93736,5,4+,Aff4,586.5642879931426
93737,0,0,Pard6g,82.59655306991795
93739,7,4+,Gabarapl2,3128.558362962944
93742,0,0,Pard3,361.4380918455302
93746,0,0,Gprc5d,1.3522595929646797
93747,0,0,Echs1,253.30385658586775
93757,2,2,Immp2l,21.65740325344606
93759,0,0,Sirt1,1126.0083532797162
93760,0,0,Arid1a,3882.2755697771418
93761,0,0,Smarca1,97.95940203371886
93762,3,3,Smarca5,2326.3321711161648
93765,5,4+,Ube2n,2019.7255569577176
93790,0,0,Nipa2,319.96570240734064
93806,0,0,Serpinb9g,0.611477312269795
93834,0,0,Peli2,22.441650446087976
93835,0,0,Amn,11.296228225470411
93836,0,0,Rnf111,266.65462596871316
93837,0,0,Dach2,3.996601204831491
93838,6,4+,Dqx1,128.54997754431216
93840,5,4+,Vangl2,96.48442181375626
93841,0,0,Uchl4,18.52840379454321
93842,0,0,Igsf9,303.0216562387347
93843,0,0,Pnck,4.919617972413968
93871,17,4+,Brwd1,340.3090595951235
93872,0,0,Pcdhb1,NA
93873,0,0,Pcdhb2,NA
93874,0,0,Pcdhb3,NA
93875,0,0,Pcdhb4,NA
93876,0,0,Pcdhb5,NA
93877,0,0,Pcdhb6,NA
93878,0,0,Pcdhb7,NA
93879,0,0,Pcdhb8,NA
93880,0,0,Pcdhb9,NA
93881,0,0,Pcdhb10,NA
93882,0,0,Pcdhb11,NA
93883,5,4+,Pcdhb12,NA
93884,5,4+,Pcdhb13,NA
93885,0,0,Pcdhb14,NA
93886,0,0,Pcdhb15,NA
93887,2,2,Pcdhb16,NA
93888,0,0,Pcdhb17,NA
93889,5,4+,Pcdhb18,NA
93890,0,0,Pcdhb19,NA
93891,0,0,Pcdhb20,NA
93892,0,0,Pcdhb21,NA
93893,0,0,Pcdhb22,5.405594343144472
93896,0,0,Glp2r,NA
93897,21,4+,Fzd10,78.34370838649085
93898,5,4+,Cers1,NA
93960,6,4+,Nkd1,44.35422448379459
93961,0,0,B3galt5,NA
93966,4,4+,Hemgn,NA
93969,0,0,Klra22,NA
93970,0,0,Klra18,NA
94040,23,4+,Clmn,28.0037787487554
94041,5,4+,Allc,NA
94043,0,0,Tm2d1,223.15046785992064
94044,1,1,Bcl2l13,120.79323576485407
94045,3,3,P2rx5,3.714063135481804
94047,0,0,Tmem121b,0.9804969196650928
94060,0,0,Lce3c,NA
94061,2,2,Mrpl1,279.8321276996835
94062,0,0,Mrpl3,610.2449142107876
94063,4,4+,Mrpl16,140.68241129582472
94064,7,4+,Mrpl27,66.41260967808799
94065,15,4+,Mrpl34,1404.0110330883392
94066,0,0,Mrpl36,400.8663889127204
94067,19,4+,Mrpl43,383.9953701663934
94071,0,0,Clec2h,2.6597759069411286
94088,0,0,Trim6,604.7279416766476
94089,0,0,Trim7,7.60102666158364
94090,0,0,Trim9,1.3516997720456518
94091,0,0,Trim11,83.63756658844933
94092,6,4+,Trim16,18.04414530875273
94093,1,1,Trim33,353.25656952691617
94094,0,0,Trim34a,0.8099483680353864
94109,0,0,Csmd1,0.8963091787810978
94111,0,0,Mepe,NA
94112,9,4+,Med15,130.12879549335162
94175,0,0,Hrg,1.0419088336627471
94176,0,0,Dock2,7.897470870533781
94178,19,4+,Mcoln1,49.20487088618883
94179,3,3,Krt23,NA
94180,4,4+,Acsbg1,4.688613470424171
94181,13,4+,Nans,255.7640922919522
94184,3,3,Pdxdc1,306.95547976670747
94185,3,3,Tnfrsf21,190.7162575745157
94186,0,0,Strn3,250.05139472251307
94187,6,4+,Zfp423,718.3714319531647
94190,0,0,Ophn1,7.020280316297104
94191,0,0,Adarb2,NA
94192,22,4+,C1galt1,505.85791659571214
94212,0,0,Pag1,4.9508143241782685
94213,0,0,Ddx50,468.5375725867868
94214,5,4+,Spock2,47.33056259099675
94215,0,0,Ugt2a1,NA
94216,0,0,Col4a6,1.0078400813393764
94217,0,0,Lrp1b,NA
94218,5,4+,Cnnm3,198.43990274193027
94219,0,0,Cnnm2,96.10655166117296
94220,0,0,Cnnm4,57.19379820616656
94221,0,0,Gopc,92.18705934694576
94222,0,0,Olig3,3.6227301061038086
94223,15,4+,Dgcr8,271.97356650009857
94224,3,3,Srd5a2,NA
94226,7,4+,S1pr5,NA
94227,0,0,Pi15,NA
94229,0,0,Slc4a10,NA
94230,26,4+,Cpsf1,313.6300453165389
94232,17,4+,Ubqln4,1070.3064877457423
94242,0,0,Tinagl1,439.8857457818797
94244,1,1,Fkbp6,56.8041473224492
94245,0,0,Dtnbp1,430.6541388018936
94246,9,4+,Arid4b,273.1045476000828
94249,0,0,Slc24a3,6.370948190173627
94253,0,0,Hecw1,8.419061667434116
94254,0,0,Rcc1l,119.2141948828604
94275,0,0,Maged1,961.8188553177404
94279,1,1,Sfxn2,64.91372747604798
94280,0,0,Sfxn3,173.71054940708652
94281,5,4+,Sfxn4,12.657553985139506
94282,0,0,Sfxn5,11.152860175189543
94284,0,0,Ugt1a6a,NA
94315,0,0,Prcc,113.4930732069717
94332,0,0,Cadm3,1.7549949785208856
94346,6,4+,Tmem40,32.862981598275006
94352,0,0,Loxl2,58.420078883152854
94353,2,2,Hmgn3,364.9409748831152
96875,0,0,Prg4,2.5630417002663823
96935,0,0,Susd4,126.13175763525184
96957,0,0,Tmem62,31.966166513757216
96979,0,0,Ptges2,46.33609815599047
97031,21,4+,Tprn,97.85812469695205
97064,3,3,Wwtr1,282.0030009705977
97086,0,0,Slc9b2,6.7178046821494455
97112,0,0,Nmd3,405.0367791759898
97114,0,0,H3c15,NA
97122,0,0,H4c14,NA
97130,0,0,Nhsl3,NA
97159,1,1,A430005L14Rik,121.40863582012564
97165,0,0,Hmgb2,1030.8383435577257
97187,0,0,Pramel29,NA
97212,0,0,Hadha,539.9387664173229
97243,0,0,Naa11,89.92696180389176
97287,2,2,Mtmr14,219.21699584532155
97387,0,0,Strn4,1410.9884719931013
97402,0,0,Misfadt,NA
97423,21,4+,R74862,22.11277966374917
97440,0,0,B3gnt9,3.119964406368023
97476,0,0,Fam90a1a,6.638949824048846
97484,0,0,Cog8,146.89731547618294
97487,0,0,Cmtm4,704.7945833579194
97541,0,0,Qars1,NA
97761,0,0,Sgsm2,76.93366071653624
97775,8,4+,D930048N14Rik,4.81346138673819
97820,0,0,4833439L19Rik,491.3138527405477
97827,0,0,Exd2,143.10461518340176
97836,3,3,C87198,NA
97848,0,0,Serpinb6c,37.5948968323039
97863,15,4+,Fam8a1,306.8669854197496
97884,0,0,B3galnt2,85.77063285879223
97895,0,0,Nlrp4f,40.50857229806529
97908,0,0,H3c8,NA
97961,11,4+,Nol12,101.63513256724292
97998,2,2,Deptor,141.5868145055766
98053,0,0,Gtf2f1,237.08582480844333
98170,11,4+,Tmem132a,46.242913325183594
98193,1,1,Dcaf8,231.08860441639183
98221,2,2,Eif3m,1606.8789530242354
98238,0,0,Lrrc59,963.8173188584778
98256,0,0,Kmo,NA
98258,9,4+,Txndc9,1683.0146340473511
98267,6,4+,Stk17b,190.94645367680016
98303,1,1,D630023F18Rik,100.1313081711632
98314,9,4+,D2hgdh,15.788300377735398
98363,0,0,Efhd1,23.42428471843064
98365,0,0,Slamf9,3.5888220390838983
98366,1,1,Smap1,582.3062679536777
98376,2,2,Gorab,95.31608823604064
98386,0,0,Lbr,983.9509802413908
98388,0,0,Chst10,40.09857192739356
98396,0,0,Slc41a1,57.87131864198223
98402,0,0,Sh3bp4,326.7345630023655
98403,0,0,Zfp451,330.4349124825131
98404,6,4+,AI597479,127.12978979209925
98415,23,4+,Nucks1,3593.86645323792
98417,0,0,Cnih4,521.743525783081
98432,0,0,Phlpp1,34.781078852523336
98452,0,0,Celrr,NA
98488,0,0,Gtf3c3,164.55260279255586
98496,0,0,Pid1,362.34335350959833
98558,2,2,Mael,130.53816947433077
98582,0,0,Khdc1b,NA
98660,6,4+,Atp1a2,NA
98682,1,1,Mfsd6,13.704064717314296
98685,0,0,Trmt1l,60.12652693862638
98710,0,0,Rabif,286.8505031801994
98711,0,0,Rdh10,229.992732270552
98732,0,0,Rab3gap2,81.12929183275509
98733,8,4+,Obsl1,269.01193525658493
98736,0,0,1700034H15Rik,2.094461062974536
98741,0,0,Kcnb2,1.3521337017617503
98752,0,0,Fcrla,NA
98758,4,4+,Hnrnpf,3523.3969249399556
98766,18,4+,Ubac1,227.56105171217348
98828,2,2,Cdc123,291.93916509592776
98845,0,0,Eps8l2,126.84367401294432
98870,0,0,AI182371,NA
98878,0,0,Ehd4,498.4259225710061
98910,0,0,Usp6nl,78.70239292845072
98932,0,0,Myl9,62.86596658868398
98952,9,4+,Eeig1,NA
98956,0,0,Nat10,227.119203691208
98970,0,0,Fibcd1,NA
98985,0,0,Clp1,958.423941728177
98999,30,4+,Znfx1,60.2477123218477
99003,0,0,Qser1,449.3619580542733
99010,0,0,Lpcat4,13.96126260923362
99011,2,2,Pomt1,46.87131303626964
99031,0,0,Osbpl6,5.805271159613383
99035,0,0,Olah,NA
99041,0,0,Pax1dt,NA
99045,0,0,Mrps26,116.8083547778886
99100,10,4+,Cep152,97.84244593081628
99138,1,1,Stard7,454.3956023404773
99151,10,4+,Cercam,75.09160319071823
99152,0,0,Anapc2,453.6645813470707
99167,0,0,Ssx2ip,215.2015385907167
99169,0,0,AU015228,NA
99237,0,0,Tm9sf4,217.94517632994751
99296,10,4+,Hrh3,0.8407879454962836
99311,0,0,Commd7,128.2440105596926
99326,0,0,Garnl3,110.92635957895936
99334,0,0,Zscan29,42.005794308779
99349,0,0,Dnajc24,97.76944555712642
99371,0,0,Arfgef2,366.3031240120736
99375,0,0,Cul4a,269.9230152210977
99377,15,4+,Sall4,5640.697458529524
99382,0,0,Abtb2,30.913027028220647
99412,0,0,Golga2,100.39911483354469
99439,0,0,Duox1,4.093277987778467
99470,0,0,Magi3,23.36781202693516
99480,0,0,Dnttip2,349.9721784211355
99512,0,0,Wdr47,68.80727412155034
99526,0,0,Usp53,49.15493505524272
99542,0,0,AI115009,NA
99543,6,4+,Olfml3,5.3252510050848905
99571,0,0,Fgg,0.928009405286877
99586,0,0,Dpyd,0.5829245563937533
99633,0,0,Adgrl2,1116.2497604314767
99650,0,0,4933434E20Rik,141.33607270910687
99662,10,4+,Eps8l3,1.0235500029354911
99663,0,0,Clca4a,0.698607590981866
99681,0,0,Tchh,5.563282815126236
99683,0,0,Sec24b,148.24625722808983
99686,0,0,AI606473,NA
99696,0,0,Ankrd50,322.6417279530606
99709,0,0,Clca4b,2.6045278854273164
99712,0,0,Cept1,117.41261018217044
99730,0,0,Taf13,263.5912216595482
99738,11,4+,Kcnc4,3.0634666038639025
99887,0,0,Tlcd4,NA
99889,0,0,Arfip1,946.9389929334668
99890,0,0,Prmt6,261.0567564322355
99899,0,0,Ifi44,NA
99929,0,0,Tiparp,256.34622268044666
99982,4,4+,Kdm1a,496.53822294784305
