gene_id	gene_name	DHX36KO_vs_WT	FANCJKO_vs_WT	dKO_vs_WT
ENSMUSG00000025902	Sox17	TRUE	TRUE	TRUE
ENSMUSG00000045210	Vcpip1	TRUE	FALSE	TRUE
ENSMUSG00000025921	Rdh10	TRUE	FALSE	TRUE
ENSMUSG00000041779	Tram2	TRUE	FALSE	TRUE
ENSMUSG00000026131	Dst	TRUE	FALSE	FALSE
ENSMUSG00000037503	Fam168b	TRUE	FALSE	TRUE
ENSMUSG00000026123	Plekhb2	TRUE	FALSE	FALSE
ENSMUSG00000037408	Cnnm4	TRUE	FALSE	FALSE
ENSMUSG00000001138	Cnnm3	TRUE	FALSE	FALSE
ENSMUSG00000050122	Vwa3b	TRUE	FALSE	FALSE
ENSMUSG00000026114	Cnga3	TRUE	FALSE	TRUE
ENSMUSG00000060771	Tsga10	TRUE	FALSE	TRUE
ENSMUSG00000026080	Chst10	TRUE	FALSE	TRUE
ENSMUSG00000008136	Fhl2	TRUE	FALSE	TRUE
ENSMUSG00000101447	Gm28826	TRUE	FALSE	FALSE
ENSMUSG00000043629	1700019D03Rik	TRUE	FALSE	TRUE
ENSMUSG00000025981	Coq10b	TRUE	FALSE	TRUE
ENSMUSG00000038331	Satb2	TRUE	FALSE	FALSE
ENSMUSG00000026029	Casp8	TRUE	FALSE	TRUE
ENSMUSG00000040865	Ino80d	TRUE	FALSE	TRUE
ENSMUSG00000025959	Klf7	TRUE	FALSE	TRUE
ENSMUSG00000070871	Ccnyl1	TRUE	FALSE	FALSE
ENSMUSG00000015222	Map2	TRUE	FALSE	TRUE
ENSMUSG00000053153	Spag16	TRUE	FALSE	TRUE
ENSMUSG00000039395	Mreg	TRUE	FALSE	TRUE
ENSMUSG00000026189	Pecr	TRUE	FALSE	TRUE
ENSMUSG00000026185	Igfbp5	TRUE	FALSE	FALSE
ENSMUSG00000055322	Tns1	TRUE	FALSE	TRUE
ENSMUSG00000033257	Ttll4	TRUE	FALSE	TRUE
ENSMUSG00000033227	Wnt6	TRUE	FALSE	TRUE
ENSMUSG00000026167	Wnt10a	TRUE	FALSE	TRUE
ENSMUSG00000051703	Tmem198	TRUE	FALSE	TRUE
ENSMUSG00000026235	Epha4	TRUE	FALSE	TRUE
ENSMUSG00000113880	A030005L19Rik	TRUE	FALSE	TRUE
ENSMUSG00000026166	Ccl20	TRUE	FALSE	FALSE
ENSMUSG00000052477	C130026I21Rik	TRUE	FALSE	FALSE
ENSMUSG00000070034	Sp110	TRUE	FALSE	FALSE
ENSMUSG00000026255	Efhd1	TRUE	FALSE	FALSE
ENSMUSG00000034486	Gbx2	TRUE	FALSE	TRUE
ENSMUSG00000034159	Mab21l4	TRUE	FALSE	TRUE
ENSMUSG00000026280	Atg4b	TRUE	FALSE	TRUE
ENSMUSG00000102030	Gm29106	TRUE	FALSE	TRUE
ENSMUSG00000107722	2900060B14Rik	TRUE	FALSE	FALSE
ENSMUSG00000026380	Tfcp2l1	TRUE	FALSE	FALSE
ENSMUSG00000048402	Gli2	TRUE	FALSE	FALSE
ENSMUSG00000058665	En1	TRUE	FALSE	FALSE
ENSMUSG00000049690	Nckap5	TRUE	FALSE	TRUE
ENSMUSG00000026399	Cd55	TRUE	FALSE	FALSE
ENSMUSG00000042510	AA986860	TRUE	FALSE	TRUE
ENSMUSG00000026420	Il24	TRUE	FALSE	TRUE
ENSMUSG00000026433	Rab29	TRUE	FALSE	FALSE
ENSMUSG00000009772	Nuak2	TRUE	FALSE	TRUE
ENSMUSG00000026442	Nfasc	TRUE	FALSE	TRUE
ENSMUSG00000070643	Sox13	TRUE	FALSE	FALSE
ENSMUSG00000026458	Ppfia4	TRUE	FALSE	TRUE
ENSMUSG00000042793	Lgr6	TRUE	FALSE	TRUE
ENSMUSG00000026421	Csrp1	TRUE	FALSE	TRUE
ENSMUSG00000032487	Ptgs2	TRUE	TRUE	TRUE
ENSMUSG00000053286	Trmt1l	TRUE	FALSE	FALSE
ENSMUSG00000026483	Fam129a	TRUE	FALSE	FALSE
ENSMUSG00000026479	Lamc2	TRUE	FALSE	TRUE
ENSMUSG00000042699	Dhx9	TRUE	FALSE	TRUE
ENSMUSG00000042684	Npl	TRUE	FALSE	TRUE
ENSMUSG00000056708	Ier5	TRUE	FALSE	TRUE
ENSMUSG00000026469	Xpr1	TRUE	FALSE	TRUE
ENSMUSG00000033488	Cryzl2	TRUE	FALSE	TRUE
ENSMUSG00000040423	Rc3h1	TRUE	FALSE	TRUE
ENSMUSG00000026586	Prrx1	TRUE	FALSE	FALSE
ENSMUSG00000026576	Atp1b1	TRUE	FALSE	FALSE
ENSMUSG00000040713	Creg1	TRUE	FALSE	TRUE
ENSMUSG00000040629	Mael	TRUE	FALSE	FALSE
ENSMUSG00000040612	Ildr2	TRUE	FALSE	TRUE
ENSMUSG00000015843	Rxrg	TRUE	FALSE	FALSE
ENSMUSG00000007122	Casq1	TRUE	FALSE	TRUE
ENSMUSG00000037860	Aim2	TRUE	FALSE	TRUE
ENSMUSG00000026535	Ifi202b	TRUE	FALSE	FALSE
ENSMUSG00000026532	Spta1	TRUE	FALSE	TRUE
ENSMUSG00000026495	Efcab2	TRUE	FALSE	TRUE
ENSMUSG00000038949	Cnst	TRUE	FALSE	TRUE
ENSMUSG00000038855	Itpkb	TRUE	FALSE	TRUE
ENSMUSG00000066652	Lefty2	TRUE	TRUE	TRUE
ENSMUSG00000038793	Lefty1	TRUE	FALSE	TRUE
ENSMUSG00000026509	Capn2	TRUE	FALSE	TRUE
ENSMUSG00000038576	Susd4	TRUE	FALSE	TRUE
ENSMUSG00000039349	C130074G19Rik	TRUE	FALSE	TRUE
ENSMUSG00000026604	Ptpn14	TRUE	FALSE	TRUE
ENSMUSG00000037568	Vash2	TRUE	FALSE	TRUE
ENSMUSG00000066595	Flvcr1	TRUE	FALSE	FALSE
ENSMUSG00000026626	Ppp2r5a	TRUE	FALSE	FALSE
ENSMUSG00000026637	Traf5	TRUE	FALSE	FALSE
ENSMUSG00000026638	Irf6	TRUE	FALSE	TRUE
ENSMUSG00000026676	Ccdc3	TRUE	FALSE	TRUE
ENSMUSG00000043241	Upf2	TRUE	FALSE	TRUE
ENSMUSG00000015619	Gata3	TRUE	FALSE	FALSE
ENSMUSG00000061186	Sfmbt2	TRUE	FALSE	FALSE
ENSMUSG00000026773	Pfkfb3	TRUE	FALSE	TRUE
ENSMUSG00000026726	Cubn	TRUE	TRUE	TRUE
ENSMUSG00000026712	Mrc1	TRUE	FALSE	TRUE
ENSMUSG00000054057	A930004D18Rik	TRUE	FALSE	TRUE
ENSMUSG00000054074	Skida1	TRUE	FALSE	TRUE
ENSMUSG00000026743	Mllt10	TRUE	FALSE	TRUE
ENSMUSG00000026737	Pip4k2a	TRUE	FALSE	TRUE
ENSMUSG00000085477	Gm13335	TRUE	FALSE	FALSE
ENSMUSG00000044628	Rnf208	TRUE	FALSE	FALSE
ENSMUSG00000026921	Egfl7	TRUE	FALSE	FALSE
ENSMUSG00000026922	Agpat2	TRUE	FALSE	TRUE
ENSMUSG00000015776	Med22	TRUE	FALSE	TRUE
ENSMUSG00000026833	Olfm1	TRUE	FALSE	TRUE
ENSMUSG00000026812	Tsc1	TRUE	FALSE	TRUE
ENSMUSG00000079502	Cfap77	TRUE	FALSE	FALSE
ENSMUSG00000039660	Spout1	TRUE	FALSE	TRUE
ENSMUSG00000039254	Pomt1	TRUE	FALSE	TRUE
ENSMUSG00000038860	Garnl3	TRUE	FALSE	TRUE
ENSMUSG00000068966	Zbtb34	TRUE	FALSE	TRUE
ENSMUSG00000070953	Rabepk	TRUE	FALSE	FALSE
ENSMUSG00000026873	Phf19	TRUE	FALSE	TRUE
ENSMUSG00000026879	Gsn	TRUE	FALSE	TRUE
ENSMUSG00000047250	Ptgs1	TRUE	FALSE	FALSE
ENSMUSG00000009030	Pdcl	TRUE	FALSE	FALSE
ENSMUSG00000075334	Rprm	TRUE	FALSE	TRUE
ENSMUSG00000026991	Pkp4	TRUE	FALSE	TRUE
ENSMUSG00000026980	Ly75	TRUE	FALSE	TRUE
ENSMUSG00000026970	Rbms1	TRUE	FALSE	TRUE
ENSMUSG00000035000	Dpp4	TRUE	FALSE	TRUE
ENSMUSG00000026896	Ifih1	TRUE	FALSE	TRUE
ENSMUSG00000026893	Gca	TRUE	FALSE	TRUE
ENSMUSG00000027030	Stk39	TRUE	FALSE	FALSE
ENSMUSG00000027070	Lrp2	TRUE	FALSE	FALSE
ENSMUSG00000070880	Gad1	TRUE	FALSE	TRUE
ENSMUSG00000064263	Platr26	TRUE	FALSE	TRUE
ENSMUSG00000006494	Pdk1	TRUE	FALSE	FALSE
ENSMUSG00000056436	Cyct	TRUE	FALSE	FALSE
ENSMUSG00000034701	Neurod1	TRUE	FALSE	FALSE
ENSMUSG00000005505	Kbtbd4	TRUE	FALSE	FALSE
ENSMUSG00000075040	Zfp408	TRUE	FALSE	TRUE
ENSMUSG00000027220	Syt13	TRUE	FALSE	TRUE
ENSMUSG00000027198	Ext2	TRUE	FALSE	FALSE
ENSMUSG00000075023	Accsl	TRUE	FALSE	TRUE
ENSMUSG00000087006	Gm13889	TRUE	FALSE	TRUE
ENSMUSG00000032841	Prr5l	TRUE	FALSE	TRUE
ENSMUSG00000048058	Ldlrad3	TRUE	FALSE	TRUE
ENSMUSG00000075012	Fjx1	TRUE	FALSE	FALSE
ENSMUSG00000005087	Cd44	TRUE	FALSE	TRUE
ENSMUSG00000027187	Cat	TRUE	FALSE	FALSE
ENSMUSG00000027171	Prrg4	TRUE	FALSE	TRUE
ENSMUSG00000027168	Pax6	TRUE	FALSE	TRUE
ENSMUSG00000074968	Ano3	TRUE	FALSE	FALSE
ENSMUSG00000057378	Ryr3	TRUE	FALSE	TRUE
ENSMUSG00000087106	Gm13964	TRUE	FALSE	FALSE
ENSMUSG00000068614	Actc1	TRUE	FALSE	TRUE
ENSMUSG00000027351	Spred1	TRUE	FALSE	TRUE
ENSMUSG00000040152	Thbs1	TRUE	FALSE	TRUE
ENSMUSG00000040093	Bmf	TRUE	FALSE	TRUE
ENSMUSG00000074916	Chst14	TRUE	FALSE	TRUE
ENSMUSG00000027304	Rtf1	TRUE	FALSE	TRUE
ENSMUSG00000054484	Tmem62	TRUE	FALSE	TRUE
ENSMUSG00000027245	Hypk	TRUE	FALSE	FALSE
ENSMUSG00000060802	B2m	TRUE	FALSE	TRUE
ENSMUSG00000001999	Blvra	TRUE	FALSE	FALSE
ENSMUSG00000027377	Mall	TRUE	FALSE	TRUE
ENSMUSG00000027381	Bcl2l11	TRUE	FALSE	FALSE
ENSMUSG00000027394	Ttl	TRUE	FALSE	TRUE
ENSMUSG00000027356	Fermt1	TRUE	FALSE	TRUE
ENSMUSG00000051379	Flrt3	TRUE	FALSE	TRUE
ENSMUSG00000015932	Dstn	TRUE	FALSE	TRUE
ENSMUSG00000027425	Kat14	TRUE	FALSE	TRUE
ENSMUSG00000068079	Tcf15	TRUE	FALSE	TRUE
ENSMUSG00000007659	Bcl2l1	TRUE	FALSE	TRUE
ENSMUSG00000003283	Hck	TRUE	FALSE	TRUE
ENSMUSG00000061411	Nol4l	TRUE	FALSE	TRUE
ENSMUSG00000027478	Dnmt3b	TRUE	FALSE	FALSE
ENSMUSG00000027610	Gss	TRUE	FALSE	FALSE
ENSMUSG00000067818	Myl9	TRUE	FALSE	TRUE
ENSMUSG00000062175	Tgif2	TRUE	FALSE	TRUE
ENSMUSG00000055485	Soga1	TRUE	FALSE	TRUE
ENSMUSG00000027639	Samhd1	TRUE	FALSE	FALSE
ENSMUSG00000067786	Nnat	TRUE	FALSE	TRUE
ENSMUSG00000037820	Tgm2	TRUE	FALSE	TRUE
ENSMUSG00000016933	Plcg1	TRUE	FALSE	TRUE
ENSMUSG00000048486	Fitm2	TRUE	FALSE	TRUE
ENSMUSG00000017721	Pigt	TRUE	FALSE	FALSE
ENSMUSG00000074593	Spint5	TRUE	FALSE	TRUE
ENSMUSG00000017754	Pltp	TRUE	FALSE	TRUE
ENSMUSG00000039804	Ncoa5	TRUE	FALSE	FALSE
ENSMUSG00000017667	Zfp334	TRUE	FALSE	TRUE
ENSMUSG00000050556	Kcnb1	TRUE	FALSE	TRUE
ENSMUSG00000044641	Pard6b	TRUE	FALSE	TRUE
ENSMUSG00000015647	Lama5	TRUE	FALSE	FALSE
ENSMUSG00000038932	Tcfl5	TRUE	FALSE	TRUE
ENSMUSG00000023393	Slc17a9	TRUE	FALSE	TRUE
ENSMUSG00000045493	Bhlhe23	TRUE	FALSE	FALSE
ENSMUSG00000016344	Ppdpf	TRUE	FALSE	TRUE
ENSMUSG00000027580	Helz2	TRUE	FALSE	TRUE
ENSMUSG00000027581	Stmn3	TRUE	FALSE	TRUE
ENSMUSG00000027583	Zbtb46	TRUE	FALSE	TRUE
ENSMUSG00000027500	Stmn2	TRUE	FALSE	TRUE
ENSMUSG00000069114	Zbtb10	TRUE	FALSE	TRUE
ENSMUSG00000027559	Car3	TRUE	FALSE	TRUE
ENSMUSG00000039221	Rpl22l1	TRUE	FALSE	TRUE
ENSMUSG00000027702	Lrrc34	TRUE	FALSE	TRUE
ENSMUSG00000097639	Platr4	TRUE	FALSE	TRUE
ENSMUSG00000090919	Pabpc4l	TRUE	FALSE	FALSE
ENSMUSG00000037892	Pcdh18	TRUE	FALSE	TRUE
ENSMUSG00000037161	Mgarp	TRUE	FALSE	FALSE
ENSMUSG00000027797	Dclk1	TRUE	FALSE	FALSE
ENSMUSG00000027803	Wwtr1	TRUE	FALSE	FALSE
ENSMUSG00000036503	Rnf13	TRUE	FALSE	FALSE
ENSMUSG00000036432	Siah2	TRUE	FALSE	TRUE
ENSMUSG00000036885	Arhgef26	TRUE	FALSE	TRUE
ENSMUSG00000027770	Dhx36	TRUE	FALSE	TRUE
ENSMUSG00000027820	Mme	TRUE	FALSE	FALSE
ENSMUSG00000048416	Mlf1	TRUE	FALSE	TRUE
ENSMUSG00000027777	Schip1	TRUE	FALSE	TRUE
ENSMUSG00000027804	Ppid	TRUE	FALSE	TRUE
ENSMUSG00000027956	Tmem144	TRUE	FALSE	TRUE
ENSMUSG00000027955	Gask1b	TRUE	TRUE	FALSE
ENSMUSG00000028019	Pdgfc	TRUE	FALSE	TRUE
ENSMUSG00000027993	Trim2	TRUE	FALSE	TRUE
ENSMUSG00000004885	Crabp2	TRUE	FALSE	TRUE
ENSMUSG00000004891	Nes	TRUE	FALSE	TRUE
ENSMUSG00000028063	Lmna	TRUE	FALSE	TRUE
ENSMUSG00000042737	Dpm3	TRUE	FALSE	FALSE
ENSMUSG00000046280	She	TRUE	FALSE	TRUE
ENSMUSG00000027947	Il6ra	TRUE	FALSE	FALSE
ENSMUSG00000055030	Sprr2e	TRUE	FALSE	FALSE
ENSMUSG00000027913	Crct1	TRUE	FALSE	TRUE
ENSMUSG00000027907	S100a11	TRUE	FALSE	TRUE
ENSMUSG00000068876	Cgn	TRUE	FALSE	TRUE
ENSMUSG00000038712	Mindy1	TRUE	FALSE	FALSE
ENSMUSG00000028109	Hormad1	TRUE	FALSE	FALSE
ENSMUSG00000015748	Prpf3	TRUE	FALSE	FALSE
ENSMUSG00000038543	BC028528	TRUE	FALSE	FALSE
ENSMUSG00000038526	Car14	TRUE	FALSE	TRUE
ENSMUSG00000045934	Mtmr11	TRUE	FALSE	TRUE
ENSMUSG00000038486	Sv2a	TRUE	FALSE	TRUE
ENSMUSG00000097851	Platr30	TRUE	FALSE	TRUE
ENSMUSG00000038403	Hjv	TRUE	FALSE	FALSE
ENSMUSG00000053398	Phgdh	TRUE	FALSE	TRUE
ENSMUSG00000033233	Trim45	TRUE	FALSE	TRUE
ENSMUSG00000068823	Csde1	TRUE	FALSE	FALSE
ENSMUSG00000004038	Gstm3	TRUE	FALSE	TRUE
ENSMUSG00000040562	Gstm2	TRUE	FALSE	TRUE
ENSMUSG00000058135	Gstm1	TRUE	FALSE	FALSE
ENSMUSG00000040389	Wdr47	TRUE	FALSE	FALSE
ENSMUSG00000049300	Prmt6	TRUE	FALSE	TRUE
ENSMUSG00000028134	Ptbp2	TRUE	FALSE	TRUE
ENSMUSG00000053931	Cnn3	TRUE	FALSE	TRUE
ENSMUSG00000028128	F3	TRUE	FALSE	TRUE
ENSMUSG00000054091	1810037I17Rik	TRUE	FALSE	FALSE
ENSMUSG00000039234	Sec24d	TRUE	FALSE	TRUE
ENSMUSG00000053819	Camk2d	TRUE	FALSE	TRUE
ENSMUSG00000027985	Lef1	TRUE	FALSE	FALSE
ENSMUSG00000040969	Arhgef38	TRUE	FALSE	TRUE
ENSMUSG00000028167	Bdh2	TRUE	FALSE	TRUE
ENSMUSG00000055301	Adh7	TRUE	FALSE	FALSE
ENSMUSG00000040253	Gbp7	TRUE	FALSE	TRUE
ENSMUSG00000028268	Gbp3	TRUE	FALSE	TRUE
ENSMUSG00000040264	Gbp2b	TRUE	FALSE	TRUE
ENSMUSG00000028270	Gbp2	TRUE	FALSE	TRUE
ENSMUSG00000028195	Ccn1	TRUE	FALSE	TRUE
ENSMUSG00000028194	Ddah1	TRUE	FALSE	TRUE
ENSMUSG00000039103	Nexn	TRUE	FALSE	TRUE
ENSMUSG00000028179	Cth	TRUE	FALSE	TRUE
ENSMUSG00000028173	Wls	TRUE	FALSE	TRUE
ENSMUSG00000045573	Penk	TRUE	FALSE	TRUE
ENSMUSG00000028221	Pip4p2	TRUE	FALSE	TRUE
ENSMUSG00000028229	Rmdn1	TRUE	FALSE	TRUE
ENSMUSG00000040270	Bach2	TRUE	FALSE	TRUE
ENSMUSG00000058006	Mdn1	TRUE	FALSE	TRUE
ENSMUSG00000028277	Ube2j1	TRUE	FALSE	TRUE
ENSMUSG00000040128	Pnrc1	TRUE	FALSE	TRUE
ENSMUSG00000028435	Aqp3	TRUE	FALSE	TRUE
ENSMUSG00000028439	Fam219a	TRUE	TRUE	FALSE
ENSMUSG00000073888	Ccl27a	TRUE	FALSE	TRUE
ENSMUSG00000028464	Tpm2	TRUE	FALSE	TRUE
ENSMUSG00000028466	Creb3	TRUE	FALSE	TRUE
ENSMUSG00000028412	Slc44a1	TRUE	FALSE	FALSE
ENSMUSG00000060206	Zfp462	TRUE	FALSE	TRUE
ENSMUSG00000038729	Pakap.1	TRUE	FALSE	FALSE
ENSMUSG00000070972	Dnajc25	TRUE	FALSE	TRUE
ENSMUSG00000028383	Hsdl2	TRUE	FALSE	TRUE
ENSMUSG00000039137	Whrn	TRUE	FALSE	FALSE
ENSMUSG00000048706	Lurap1l	TRUE	FALSE	TRUE
ENSMUSG00000028487	Bnc2	TRUE	FALSE	TRUE
ENSMUSG00000028488	Sh3gl2	TRUE	FALSE	TRUE
ENSMUSG00000028494	Plin2	TRUE	FALSE	TRUE
ENSMUSG00000044303	Cdkn2a	TRUE	FALSE	TRUE
ENSMUSG00000054000	Tusc1	TRUE	FALSE	TRUE
ENSMUSG00000006386	Tek	TRUE	FALSE	FALSE
ENSMUSG00000028527	Ak4	TRUE	FALSE	TRUE
ENSMUSG00000070890	Gm12794	TRUE	FALSE	FALSE
ENSMUSG00000028601	Echdc2	TRUE	FALSE	FALSE
ENSMUSG00000028597	Gpx7	TRUE	FALSE	TRUE
ENSMUSG00000003411	Rab3b	TRUE	FALSE	TRUE
ENSMUSG00000028551	Cdkn2c	TRUE	FALSE	FALSE
ENSMUSG00000028699	Tspan1	TRUE	FALSE	TRUE
ENSMUSG00000028696	Ipp	TRUE	FALSE	TRUE
ENSMUSG00000046861	Hectd3	TRUE	FALSE	TRUE
ENSMUSG00000028681	Ptch2	TRUE	FALSE	TRUE
ENSMUSG00000028536	2610528J11Rik	TRUE	FALSE	TRUE
ENSMUSG00000028645	Slc2a1	TRUE	FALSE	TRUE
ENSMUSG00000070803	Cited4	TRUE	FALSE	FALSE
ENSMUSG00000028626	Col9a2	TRUE	FALSE	TRUE
ENSMUSG00000011257	Pabpc4	TRUE	FALSE	TRUE
ENSMUSG00000028902	Sf3a3	TRUE	FALSE	FALSE
ENSMUSG00000041530	Ago1	TRUE	FALSE	TRUE
ENSMUSG00000073755	5730409E04Rik	TRUE	FALSE	TRUE
ENSMUSG00000047945	Marcksl1	TRUE	FALSE	TRUE
ENSMUSG00000040795	Iqcc	TRUE	FALSE	FALSE
ENSMUSG00000085241	Snhg3	TRUE	FALSE	FALSE
ENSMUSG00000066042	Med18	TRUE	FALSE	FALSE
ENSMUSG00000028893	Sesn2	TRUE	FALSE	TRUE
ENSMUSG00000028874	Fgr	TRUE	FALSE	TRUE
ENSMUSG00000028836	Slc30a2	TRUE	FALSE	TRUE
ENSMUSG00000037306	Man1c1	TRUE	FALSE	FALSE
ENSMUSG00000028826	Maco1	TRUE	FALSE	TRUE
ENSMUSG00000028825	Rhd	TRUE	FALSE	TRUE
ENSMUSG00000007872	Id3	TRUE	FALSE	FALSE
ENSMUSG00000018983	E2f2	TRUE	FALSE	TRUE
ENSMUSG00000028664	Ephb2	TRUE	FALSE	TRUE
ENSMUSG00000036856	Wnt4	TRUE	FALSE	TRUE
ENSMUSG00000028763	Hspg2	TRUE	FALSE	TRUE
ENSMUSG00000028766	Alpl	TRUE	FALSE	TRUE
ENSMUSG00000046447	Camk2n1	TRUE	FALSE	TRUE
ENSMUSG00000041193	Pla2g5	TRUE	FALSE	FALSE
ENSMUSG00000040972	Igsf21	TRUE	FALSE	TRUE
ENSMUSG00000078515	Ddi2	TRUE	FALSE	TRUE
ENSMUSG00000078497	Zfp978	TRUE	FALSE	TRUE
ENSMUSG00000028992	Nmnat1	TRUE	FALSE	TRUE
ENSMUSG00000039911	Spsb1	TRUE	FALSE	TRUE
ENSMUSG00000028967	Errfi1	TRUE	FALSE	TRUE
ENSMUSG00000039713	Plekhg5	TRUE	FALSE	TRUE
ENSMUSG00000028943	Espn	TRUE	FALSE	FALSE
ENSMUSG00000042804	Gpr153	TRUE	FALSE	FALSE
ENSMUSG00000005045	Chd5	TRUE	FALSE	TRUE
ENSMUSG00000029030	Tprgl	TRUE	FALSE	FALSE
ENSMUSG00000039410	Prdm16	TRUE	FALSE	TRUE
ENSMUSG00000042116	Vwa1	TRUE	FALSE	TRUE
ENSMUSG00000029033	Acap3	TRUE	FALSE	TRUE
ENSMUSG00000040274	Cdk6	TRUE	FALSE	TRUE
ENSMUSG00000028926	Cdk14	TRUE	FALSE	TRUE
ENSMUSG00000003161	Sri	TRUE	FALSE	TRUE
ENSMUSG00000073226	Gm10482	TRUE	FALSE	TRUE
ENSMUSG00000063531	Sema3e	TRUE	FALSE	TRUE
ENSMUSG00000040118	Cacna2d1	TRUE	FALSE	TRUE
ENSMUSG00000028780	Sema3c	TRUE	FALSE	TRUE
ENSMUSG00000028771	Ptpn12	TRUE	FALSE	TRUE
ENSMUSG00000028932	Psmc2	TRUE	FALSE	TRUE
ENSMUSG00000055235	Wdr86	TRUE	FALSE	TRUE
ENSMUSG00000101856	1700096K18Rik	TRUE	FALSE	TRUE
ENSMUSG00000039095	En2	TRUE	FALSE	TRUE
ENSMUSG00000048142	Nat8l	TRUE	FALSE	FALSE
ENSMUSG00000037235	Mxd4	TRUE	FALSE	TRUE
ENSMUSG00000029121	Crmp1	TRUE	FALSE	TRUE
ENSMUSG00000048450	Msx1	TRUE	FALSE	FALSE
ENSMUSG00000039782	Cpeb2	TRUE	FALSE	TRUE
ENSMUSG00000029169	Dhx15	TRUE	FALSE	FALSE
ENSMUSG00000047881	Rell1	TRUE	FALSE	FALSE
ENSMUSG00000054920	Klhl5	TRUE	FALSE	FALSE
ENSMUSG00000037822	Smim14	TRUE	FALSE	TRUE
ENSMUSG00000029153	Ociad2	TRUE	FALSE	TRUE
ENSMUSG00000106968	C78283	TRUE	FALSE	TRUE
ENSMUSG00000005672	Kit	TRUE	FALSE	FALSE
ENSMUSG00000029235	Pdcl2	TRUE	FALSE	FALSE
ENSMUSG00000036285	Noa1	TRUE	FALSE	FALSE
ENSMUSG00000037605	Adgrl3	TRUE	FALSE	TRUE
ENSMUSG00000061259	Tmprss11d	TRUE	FALSE	TRUE
ENSMUSG00000001622	Csn3	TRUE	FALSE	TRUE
ENSMUSG00000029372	Ppbp	TRUE	FALSE	TRUE
ENSMUSG00000029397	Rchy1	TRUE	FALSE	TRUE
ENSMUSG00000034855	Cxcl10	TRUE	FALSE	TRUE
ENSMUSG00000029381	Shroom3	TRUE	FALSE	FALSE
ENSMUSG00000063015	Ccni	TRUE	FALSE	TRUE
ENSMUSG00000029385	Ccng2	TRUE	FALSE	TRUE
ENSMUSG00000034724	Cnot6l	TRUE	FALSE	FALSE
ENSMUSG00000029484	Anxa3	TRUE	FALSE	TRUE
ENSMUSG00000034663	Bmp2k	TRUE	FALSE	TRUE
ENSMUSG00000029322	Plac8	TRUE	FALSE	TRUE
ENSMUSG00000029314	Gpat3	TRUE	FALSE	FALSE
ENSMUSG00000029304	Spp1	TRUE	FALSE	TRUE
ENSMUSG00000072774	Zfp951	TRUE	FALSE	TRUE
ENSMUSG00000033615	Cplx1	TRUE	FALSE	FALSE
ENSMUSG00000072762	4930522L14Rik	TRUE	FALSE	FALSE
ENSMUSG00000033209	Ttc28	TRUE	FALSE	TRUE
ENSMUSG00000029592	Usp30	TRUE	FALSE	TRUE
ENSMUSG00000029545	Acads	TRUE	FALSE	FALSE
ENSMUSG00000046562	Unc119b	TRUE	FALSE	FALSE
ENSMUSG00000029544	Cabp1	TRUE	FALSE	FALSE
ENSMUSG00000060152	Pop5	TRUE	FALSE	FALSE
ENSMUSG00000041740	Rnf10	TRUE	FALSE	FALSE
ENSMUSG00000029538	Srsf9	TRUE	FALSE	FALSE
ENSMUSG00000029535	Triap1	TRUE	FALSE	FALSE
ENSMUSG00000054256	Msi1	TRUE	FALSE	FALSE
ENSMUSG00000029522	Pla2g1b	TRUE	FALSE	FALSE
ENSMUSG00000029524	Sirt4	TRUE	FALSE	FALSE
ENSMUSG00000029528	Pxn	TRUE	FALSE	FALSE
ENSMUSG00000029518	Rab35	TRUE	FALSE	TRUE
ENSMUSG00000041609	Bicdl1	TRUE	FALSE	TRUE
ENSMUSG00000018076	Med13l	TRUE	FALSE	TRUE
ENSMUSG00000042744	Hectd4	TRUE	FALSE	TRUE
ENSMUSG00000042594	Sh2b3	TRUE	FALSE	FALSE
ENSMUSG00000004455	Ppp1cc	TRUE	FALSE	TRUE
ENSMUSG00000038593	Tctn1	TRUE	FALSE	TRUE
ENSMUSG00000038569	Rad9b	TRUE	FALSE	FALSE
ENSMUSG00000029463	Fam216a	TRUE	FALSE	FALSE
ENSMUSG00000049550	Clip1	TRUE	FALSE	TRUE
ENSMUSG00000029386	Tctn2	TRUE	FALSE	FALSE
ENSMUSG00000029420	Rimbp2	TRUE	FALSE	TRUE
ENSMUSG00000066735	Vkorc1l1	TRUE	FALSE	FALSE
ENSMUSG00000015942	Gtf2ird2	TRUE	FALSE	FALSE
ENSMUSG00000047501	Cldn4	TRUE	FALSE	TRUE
ENSMUSG00000005373	Mlxipl	TRUE	FALSE	FALSE
ENSMUSG00000040013	Fkbp6	TRUE	FALSE	FALSE
ENSMUSG00000029699	Ssc4d	TRUE	FALSE	TRUE
ENSMUSG00000029703	Lrwd1	TRUE	FALSE	FALSE
ENSMUSG00000037390	Muc3	TRUE	FALSE	TRUE
ENSMUSG00000029718	Pcolce	TRUE	FALSE	TRUE
ENSMUSG00000037108	Zcwpw1	TRUE	FALSE	TRUE
ENSMUSG00000037007	Zfp113	TRUE	FALSE	FALSE
ENSMUSG00000029576	Radil	TRUE	FALSE	TRUE
ENSMUSG00000039477	Tnrc18	TRUE	FALSE	FALSE
ENSMUSG00000029641	Rasl11a	TRUE	FALSE	TRUE
ENSMUSG00000053129	Gsx1	TRUE	FALSE	TRUE
ENSMUSG00000029648	Flt1	TRUE	FALSE	TRUE
ENSMUSG00000041313	Slc7a1	TRUE	FALSE	TRUE
ENSMUSG00000056602	Fry	TRUE	FALSE	FALSE
ENSMUSG00000004631	Sgce	TRUE	FALSE	TRUE
ENSMUSG00000029759	Pon3	TRUE	FALSE	TRUE
ENSMUSG00000032667	Pon2	TRUE	FALSE	FALSE
ENSMUSG00000015112	Slc25a13	TRUE	FALSE	FALSE
ENSMUSG00000029638	Glcci1	TRUE	FALSE	TRUE
ENSMUSG00000009376	Met	TRUE	FALSE	TRUE
ENSMUSG00000029695	Aass	TRUE	FALSE	TRUE
ENSMUSG00000029708	Gcc1	TRUE	FALSE	TRUE
ENSMUSG00000039159	Ube2h	TRUE	FALSE	TRUE
ENSMUSG00000029761	Cald1	TRUE	FALSE	TRUE
ENSMUSG00000029826	Zc3hav1	TRUE	FALSE	TRUE
ENSMUSG00000029823	Luc7l2	TRUE	FALSE	FALSE
ENSMUSG00000061436	Hipk2	TRUE	FALSE	FALSE
ENSMUSG00000038507	Parp12	TRUE	FALSE	TRUE
ENSMUSG00000042599	Kdm7a	TRUE	FALSE	TRUE
ENSMUSG00000029924	Slc37a3	TRUE	FALSE	TRUE
ENSMUSG00000029922	Mkrn1	TRUE	FALSE	FALSE
ENSMUSG00000068601	Gm10244	TRUE	FALSE	TRUE
ENSMUSG00000029859	Epha1	TRUE	FALSE	FALSE
ENSMUSG00000029687	Ezh2	TRUE	FALSE	FALSE
ENSMUSG00000062519	Zfp398	TRUE	FALSE	FALSE
ENSMUSG00000052763	Zfp212	TRUE	FALSE	FALSE
ENSMUSG00000057691	Zfp746	TRUE	FALSE	FALSE
ENSMUSG00000029810	Tmem176b	TRUE	FALSE	FALSE
ENSMUSG00000029817	Tra2a	TRUE	FALSE	TRUE
ENSMUSG00000047115	Fam221a	TRUE	FALSE	FALSE
ENSMUSG00000029819	Npy	TRUE	FALSE	TRUE
ENSMUSG00000029822	Osbpl3	TRUE	FALSE	TRUE
ENSMUSG00000038301	Snx10	TRUE	FALSE	FALSE
ENSMUSG00000053007	Creb5	TRUE	FALSE	TRUE
ENSMUSG00000038074	Fkbp14	TRUE	FALSE	TRUE
ENSMUSG00000058446	Znrf2	TRUE	FALSE	TRUE
ENSMUSG00000029781	Fkbp9	TRUE	FALSE	TRUE
ENSMUSG00000036390	Gadd45a	TRUE	FALSE	TRUE
ENSMUSG00000051397	Tacstd2	TRUE	FALSE	TRUE
ENSMUSG00000054474	Thnsl2	TRUE	FALSE	TRUE
ENSMUSG00000002222	Rmnd5a	TRUE	FALSE	FALSE
ENSMUSG00000053470	Kdm3a	TRUE	FALSE	TRUE
ENSMUSG00000052852	Reep1	TRUE	FALSE	TRUE
ENSMUSG00000056737	Capg	TRUE	FALSE	FALSE
ENSMUSG00000056666	Retsat	TRUE	FALSE	FALSE
ENSMUSG00000052738	Suclg1	TRUE	FALSE	FALSE
ENSMUSG00000068323	Slc4a5	TRUE	FALSE	FALSE
ENSMUSG00000034744	Nagk	TRUE	FALSE	TRUE
ENSMUSG00000045896	Paip2b	TRUE	FALSE	TRUE
ENSMUSG00000033634	Nat8f2	TRUE	FALSE	FALSE
ENSMUSG00000054226	Tprkb	TRUE	FALSE	FALSE
ENSMUSG00000029998	Pcyox1	TRUE	FALSE	FALSE
ENSMUSG00000071337	Tia1	TRUE	FALSE	FALSE
ENSMUSG00000046679	C87436	TRUE	FALSE	FALSE
ENSMUSG00000033508	Asprv1	TRUE	FALSE	FALSE
ENSMUSG00000001156	Mxd1	TRUE	FALSE	TRUE
ENSMUSG00000001158	Snrnp27	TRUE	FALSE	FALSE
ENSMUSG00000001157	Gmcl1	TRUE	FALSE	FALSE
ENSMUSG00000057230	Aak1	TRUE	FALSE	FALSE
ENSMUSG00000029993	Nfu1	TRUE	FALSE	FALSE
ENSMUSG00000029992	Gfpt1	TRUE	FALSE	FALSE
ENSMUSG00000033420	Antxr1	TRUE	FALSE	FALSE
ENSMUSG00000030055	Rab43	TRUE	FALSE	TRUE
ENSMUSG00000030058	Copg1	TRUE	FALSE	FALSE
ENSMUSG00000044927	H1fx	TRUE	FALSE	FALSE
ENSMUSG00000079477	Rab7	TRUE	FALSE	FALSE
ENSMUSG00000030062	Rpn1	TRUE	FALSE	FALSE
ENSMUSG00000015053	Gata2	TRUE	FALSE	TRUE
ENSMUSG00000033216	Eefsec	TRUE	FALSE	FALSE
ENSMUSG00000030082	Sec61a1	TRUE	FALSE	FALSE
ENSMUSG00000030083	Abtb1	TRUE	FALSE	FALSE
ENSMUSG00000002870	Mcm2	TRUE	FALSE	FALSE
ENSMUSG00000030084	Plxna1	TRUE	FALSE	FALSE
ENSMUSG00000000811	Txnrd3	TRUE	FALSE	FALSE
ENSMUSG00000034430	Zxdc	TRUE	FALSE	TRUE
ENSMUSG00000030087	Klf15	TRUE	FALSE	FALSE
ENSMUSG00000107451	Gm44421	TRUE	FALSE	FALSE
ENSMUSG00000064080	Fbln2	TRUE	FALSE	FALSE
ENSMUSG00000034203	Chchd4	TRUE	FALSE	FALSE
ENSMUSG00000030094	Xpc	TRUE	FALSE	FALSE
ENSMUSG00000034083	Ccdc174	TRUE	FALSE	FALSE
ENSMUSG00000034037	Fgd5	TRUE	FALSE	FALSE
ENSMUSG00000005893	Nr2c2	TRUE	FALSE	FALSE
ENSMUSG00000014551	Mrps25	TRUE	FALSE	FALSE
ENSMUSG00000014550	Rbsn	TRUE	FALSE	FALSE
ENSMUSG00000005892	Trh	TRUE	FALSE	TRUE
ENSMUSG00000045095	Magi1	TRUE	FALSE	FALSE
ENSMUSG00000030031	Kbtbd8	TRUE	FALSE	FALSE
ENSMUSG00000061838	Suclg2	TRUE	FALSE	FALSE
ENSMUSG00000030059	Tmf1	TRUE	FALSE	FALSE
ENSMUSG00000030061	Uba3	TRUE	FALSE	FALSE
ENSMUSG00000035158	Mitf	TRUE	FALSE	TRUE
ENSMUSG00000072872	Rybp	TRUE	FALSE	TRUE
ENSMUSG00000035378	Shq1	TRUE	FALSE	FALSE
ENSMUSG00000052144	Ppp4r2	TRUE	FALSE	FALSE
ENSMUSG00000005362	Crbn	TRUE	FALSE	FALSE
ENSMUSG00000030101	Sumf1	TRUE	FALSE	FALSE
ENSMUSG00000030102	Itpr1	TRUE	FALSE	TRUE
ENSMUSG00000030105	Arl8b	TRUE	FALSE	FALSE
ENSMUSG00000030254	Rad18	TRUE	FALSE	FALSE
ENSMUSG00000030257	Srgap3	TRUE	FALSE	TRUE
ENSMUSG00000042873	Lhfpl4	TRUE	FALSE	FALSE
ENSMUSG00000001632	Brpf1	TRUE	FALSE	FALSE
ENSMUSG00000079426	Arpc4	TRUE	FALSE	FALSE
ENSMUSG00000051256	Jagn1	TRUE	FALSE	FALSE
ENSMUSG00000034023	Fancd2	TRUE	FALSE	FALSE
ENSMUSG00000033940	Brk1	TRUE	FALSE	FALSE
ENSMUSG00000033933	Vhl	TRUE	FALSE	FALSE
ENSMUSG00000056952	Tatdn2	TRUE	FALSE	TRUE
ENSMUSG00000097994	Gm26982	TRUE	FALSE	FALSE
ENSMUSG00000000439	Mkrn2	TRUE	FALSE	FALSE
ENSMUSG00000030319	Cand2	TRUE	FALSE	FALSE
ENSMUSG00000030322	Mbd4	TRUE	FALSE	TRUE
ENSMUSG00000030126	Tmcc1	TRUE	FALSE	FALSE
ENSMUSG00000024104	Washc2	TRUE	FALSE	FALSE
ENSMUSG00000025702	March8	TRUE	FALSE	FALSE
ENSMUSG00000025701	Alox5	TRUE	FALSE	FALSE
ENSMUSG00000061353	Cxcl12	TRUE	TRUE	FALSE
ENSMUSG00000030134	Rasgef1a	TRUE	FALSE	FALSE
ENSMUSG00000030138	Bms1	TRUE	FALSE	FALSE
ENSMUSG00000041477	Dcp1b	TRUE	FALSE	TRUE
ENSMUSG00000030168	Adipor2	TRUE	FALSE	FALSE
ENSMUSG00000030170	Wnt5b	TRUE	FALSE	FALSE
ENSMUSG00000030019	Fbxl14	TRUE	FALSE	FALSE
ENSMUSG00000030166	Rad52	TRUE	FALSE	FALSE
ENSMUSG00000045962	Wnk1	TRUE	FALSE	FALSE
ENSMUSG00000030177	Ccdc77	TRUE	FALSE	FALSE
ENSMUSG00000002897	Il17ra	TRUE	FALSE	FALSE
ENSMUSG00000058979	Hdhd5	TRUE	FALSE	FALSE
ENSMUSG00000071226	Cecr2	TRUE	FALSE	FALSE
ENSMUSG00000019210	Atp6v1e1	TRUE	FALSE	FALSE
ENSMUSG00000004446	Bid	TRUE	FALSE	FALSE
ENSMUSG00000051586	Mical3	TRUE	FALSE	FALSE
ENSMUSG00000030111	A2m	TRUE	FALSE	TRUE
ENSMUSG00000040649	Rimklb	TRUE	FALSE	FALSE
ENSMUSG00000030116	Mfap5	TRUE	FALSE	FALSE
ENSMUSG00000046323	Dppa3	TRUE	TRUE	TRUE
ENSMUSG00000003153	Slc2a3	TRUE	FALSE	TRUE
ENSMUSG00000005069	Pex5	TRUE	FALSE	FALSE
ENSMUSG00000004270	Lpcat3	TRUE	FALSE	FALSE
ENSMUSG00000004266	Ptpn6	TRUE	FALSE	FALSE
ENSMUSG00000072772	Grcc10	TRUE	FALSE	FALSE
ENSMUSG00000004263	Atn1	TRUE	FALSE	FALSE
ENSMUSG00000038451	Spsb2	TRUE	FALSE	TRUE
ENSMUSG00000023505	Cdca3	TRUE	FALSE	FALSE
ENSMUSG00000030122	Ptms	TRUE	FALSE	FALSE
ENSMUSG00000038346	Zfp384	TRUE	FALSE	FALSE
ENSMUSG00000038252	Ncapd2	TRUE	FALSE	FALSE
ENSMUSG00000030340	Scnn1a	TRUE	FALSE	FALSE
ENSMUSG00000030346	Rad51ap1	TRUE	FALSE	FALSE
ENSMUSG00000107879	9330102E08Rik	TRUE	FALSE	FALSE
ENSMUSG00000030353	Tead4	TRUE	FALSE	TRUE
ENSMUSG00000048668	Rhno1	TRUE	FALSE	FALSE
ENSMUSG00000001518	Itfg2	TRUE	FALSE	FALSE
ENSMUSG00000030357	Fkbp4	TRUE	FALSE	FALSE
ENSMUSG00000030359	Pzp	TRUE	FALSE	TRUE
ENSMUSG00000030161	Gabarapl1	TRUE	FALSE	FALSE
ENSMUSG00000030188	Magohb	TRUE	FALSE	FALSE
ENSMUSG00000072704	Smim10l1	TRUE	FALSE	FALSE
ENSMUSG00000030200	Bcl2l14	TRUE	FALSE	FALSE
ENSMUSG00000042992	Borcs5	TRUE	FALSE	FALSE
ENSMUSG00000032652	Crebl2	TRUE	FALSE	TRUE
ENSMUSG00000032641	Gpr19	TRUE	FALSE	FALSE
ENSMUSG00000100876	2810454H06Rik	TRUE	FALSE	TRUE
ENSMUSG00000003031	Cdkn1b	TRUE	FALSE	FALSE
ENSMUSG00000090698	Apold1	TRUE	FALSE	TRUE
ENSMUSG00000042770	Hebp1	TRUE	FALSE	TRUE
ENSMUSG00000094973	Gm8994	TRUE	FALSE	FALSE
ENSMUSG00000030213	Atf7ip	TRUE	FALSE	TRUE
ENSMUSG00000060032	H2afj	TRUE	FALSE	FALSE
ENSMUSG00000030220	Arhgdib	TRUE	FALSE	FALSE
ENSMUSG00000015766	Eps8	TRUE	FALSE	FALSE
ENSMUSG00000030224	Strap	TRUE	FALSE	FALSE
ENSMUSG00000030231	Plekha5	TRUE	FALSE	FALSE
ENSMUSG00000030232	Aebp2	TRUE	FALSE	TRUE
ENSMUSG00000041671	Pyroxd1	TRUE	FALSE	FALSE
ENSMUSG00000030282	Cmas	TRUE	FALSE	FALSE
ENSMUSG00000030279	C2cd5	TRUE	FALSE	TRUE
ENSMUSG00000030275	Etnk1	TRUE	FALSE	FALSE
ENSMUSG00000040370	Etfrf1	TRUE	FALSE	FALSE
ENSMUSG00000040250	Ints13	TRUE	FALSE	TRUE
ENSMUSG00000040234	Tm7sf3	TRUE	FALSE	TRUE
ENSMUSG00000030291	Med21	TRUE	FALSE	FALSE
ENSMUSG00000030301	Ccdc91	TRUE	FALSE	FALSE
ENSMUSG00000030303	Far2	TRUE	FALSE	FALSE
ENSMUSG00000030306	Tmtc1	TRUE	FALSE	FALSE
ENSMUSG00000040029	Ipo8	TRUE	FALSE	FALSE
ENSMUSG00000030309	Caprin2	TRUE	FALSE	TRUE
ENSMUSG00000030313	Dennd5b	TRUE	FALSE	FALSE
ENSMUSG00000039958	Etfbkmt	TRUE	FALSE	FALSE
ENSMUSG00000078816	Prkcg	TRUE	FALSE	TRUE
ENSMUSG00000078815	Cacng6	TRUE	FALSE	TRUE
ENSMUSG00000063838	Cdc42ep5	TRUE	FALSE	FALSE
ENSMUSG00000059851	Kmt5c	TRUE	FALSE	TRUE
ENSMUSG00000002266	Zim1	TRUE	FALSE	TRUE
ENSMUSG00000054272	Zscan4c	TRUE	FALSE	FALSE
ENSMUSG00000090714	Zscan4d	TRUE	FALSE	TRUE
ENSMUSG00000110190	Zscan4-ps2	TRUE	FALSE	FALSE
ENSMUSG00000033967	Rnf225	TRUE	FALSE	TRUE
ENSMUSG00000074365	Crxos	TRUE	FALSE	TRUE
ENSMUSG00000044317	Gpr4	TRUE	FALSE	FALSE
ENSMUSG00000030401	Rtn2	TRUE	FALSE	TRUE
ENSMUSG00000011267	Zfp296	TRUE	FALSE	TRUE
ENSMUSG00000002983	Relb	TRUE	FALSE	TRUE
ENSMUSG00000002980	Bcam	TRUE	FALSE	TRUE
ENSMUSG00000087598	Zfp111	TRUE	FALSE	TRUE
ENSMUSG00000030484	Lypd5	TRUE	FALSE	TRUE
ENSMUSG00000066721	Zfp575	TRUE	FALSE	TRUE
ENSMUSG00000064254	Ethe1	TRUE	FALSE	TRUE
ENSMUSG00000003380	Rabac1	TRUE	FALSE	FALSE
ENSMUSG00000040907	Atp1a3	TRUE	TRUE	TRUE
ENSMUSG00000040857	Erf	TRUE	FALSE	TRUE
ENSMUSG00000058741	Prr19	TRUE	FALSE	TRUE
ENSMUSG00000040650	Cyp2b23	TRUE	FALSE	TRUE
ENSMUSG00000089661	Mia	TRUE	FALSE	FALSE
ENSMUSG00000008384	Sertad1	TRUE	FALSE	FALSE
ENSMUSG00000020420	Zfp607a	TRUE	FALSE	FALSE
ENSMUSG00000070705	Eid2b	TRUE	FALSE	FALSE
ENSMUSG00000030600	Lrfn1	TRUE	FALSE	TRUE
ENSMUSG00000037463	Fbxo27	TRUE	FALSE	TRUE
ENSMUSG00000030598	Fbxo17	TRUE	FALSE	TRUE
ENSMUSG00000053898	Ech1	TRUE	FALSE	FALSE
ENSMUSG00000053522	Lgals7	TRUE	FALSE	TRUE
ENSMUSG00000037239	Spred3	TRUE	FALSE	TRUE
ENSMUSG00000074211	Sdhaf1	TRUE	FALSE	FALSE
ENSMUSG00000036915	Kirrel2	TRUE	FALSE	TRUE
ENSMUSG00000087009	Nphs1os	TRUE	FALSE	TRUE
ENSMUSG00000036835	Psenen	TRUE	FALSE	TRUE
ENSMUSG00000074199	Krtdap	TRUE	FALSE	TRUE
ENSMUSG00000001248	Gramd1a	TRUE	FALSE	TRUE
ENSMUSG00000030499	Kctd15	TRUE	FALSE	TRUE
ENSMUSG00000074170	Plekhf1	TRUE	FALSE	FALSE
ENSMUSG00000074166	AW146154	TRUE	FALSE	FALSE
ENSMUSG00000070604	Vsig10l	TRUE	FALSE	TRUE
ENSMUSG00000054046	Klk13	TRUE	FALSE	TRUE
ENSMUSG00000064023	Klk8	TRUE	FALSE	FALSE
ENSMUSG00000004473	Clec11a	TRUE	FALSE	TRUE
ENSMUSG00000003190	Bcl2l12	TRUE	FALSE	TRUE
ENSMUSG00000030798	Cd37	TRUE	FALSE	TRUE
ENSMUSG00000002781	Tmem143	TRUE	FALSE	FALSE
ENSMUSG00000030835	Nomo1	TRUE	FALSE	TRUE
ENSMUSG00000046179	E2f8	TRUE	FALSE	TRUE
ENSMUSG00000030447	Cyfip1	TRUE	FALSE	FALSE
ENSMUSG00000070527	Mkrn3	TRUE	FALSE	FALSE
ENSMUSG00000015134	Aldh1a3	TRUE	FALSE	TRUE
ENSMUSG00000030555	Ttc23	TRUE	FALSE	TRUE
ENSMUSG00000030554	Synm	TRUE	FALSE	TRUE
ENSMUSG00000074071	Fam169b	TRUE	FALSE	TRUE
ENSMUSG00000025789	St8sia2	TRUE	FALSE	FALSE
ENSMUSG00000048897	Zfp710	TRUE	FALSE	TRUE
ENSMUSG00000045467	Ttll13	TRUE	FALSE	FALSE
ENSMUSG00000025584	Pde8a	TRUE	FALSE	TRUE
ENSMUSG00000030638	Sh3gl3	TRUE	FALSE	FALSE
ENSMUSG00000039405	Prss23	TRUE	FALSE	TRUE
ENSMUSG00000044952	Kctd21	TRUE	FALSE	FALSE
ENSMUSG00000030774	Pak1	TRUE	FALSE	TRUE
ENSMUSG00000052396	Mogat2	TRUE	FALSE	FALSE
ENSMUSG00000030725	Lipt2	TRUE	FALSE	FALSE
ENSMUSG00000030729	Pgm2l1	TRUE	FALSE	TRUE
ENSMUSG00000047248	C2cd3	TRUE	FALSE	TRUE
ENSMUSG00000070426	Rnf121	TRUE	FALSE	TRUE
ENSMUSG00000058976	Usp17lc	TRUE	TRUE	TRUE
ENSMUSG00000057143	Trim12c	TRUE	FALSE	TRUE
ENSMUSG00000054568	Usp17la	TRUE	FALSE	TRUE
ENSMUSG00000073894	Rbmxl2	TRUE	FALSE	FALSE
ENSMUSG00000062542	Syt9	TRUE	FALSE	TRUE
ENSMUSG00000048330	Ric3	TRUE	FALSE	TRUE
ENSMUSG00000005686	Ampd3	TRUE	FALSE	TRUE
ENSMUSG00000030770	Parva	TRUE	FALSE	TRUE
ENSMUSG00000055320	Tead1	TRUE	FALSE	TRUE
ENSMUSG00000051910	Sox6	TRUE	FALSE	FALSE
ENSMUSG00000095115	Itpripl2	TRUE	FALSE	FALSE
ENSMUSG00000042246	Tmc7	TRUE	FALSE	TRUE
ENSMUSG00000008734	Gprc5b	TRUE	FALSE	FALSE
ENSMUSG00000052889	Prkcb	TRUE	FALSE	TRUE
ENSMUSG00000042978	Sbk1	TRUE	FALSE	TRUE
ENSMUSG00000030742	Lat	TRUE	FALSE	FALSE
ENSMUSG00000030717	Nupr1	TRUE	FALSE	TRUE
ENSMUSG00000066175	2510046G10Rik	TRUE	FALSE	FALSE
ENSMUSG00000030697	Ppp4c	TRUE	FALSE	FALSE
ENSMUSG00000030672	Mylpf	TRUE	FALSE	TRUE
ENSMUSG00000000486	Sept1	TRUE	FALSE	TRUE
ENSMUSG00000101225	1700008J07Rik	TRUE	FALSE	TRUE
ENSMUSG00000030800	Prss8	TRUE	FALSE	TRUE
ENSMUSG00000030849	Fgfr2	TRUE	FALSE	FALSE
ENSMUSG00000030930	Chst15	TRUE	FALSE	TRUE
ENSMUSG00000078566	Bnip3	TRUE	FALSE	TRUE
ENSMUSG00000060260	Pwwp2b	TRUE	FALSE	TRUE
ENSMUSG00000066129	Kndc1	TRUE	FALSE	TRUE
ENSMUSG00000025491	Ifitm1	TRUE	FALSE	FALSE
ENSMUSG00000054662	Ano9	TRUE	FALSE	TRUE
ENSMUSG00000038650	Rnh1	TRUE	FALSE	TRUE
ENSMUSG00000025505	Tmem80	TRUE	FALSE	TRUE
ENSMUSG00000019082	Slc25a22	TRUE	FALSE	TRUE
ENSMUSG00000061723	Tnnt3	TRUE	FALSE	TRUE
ENSMUSG00000000031	H19	TRUE	TRUE	TRUE
ENSMUSG00000059277	R74862	TRUE	FALSE	TRUE
ENSMUSG00000037706	Cd81	TRUE	FALSE	FALSE
ENSMUSG00000037664	Cdkn1c	TRUE	FALSE	TRUE
ENSMUSG00000010751	Tnfrsf22	TRUE	FALSE	FALSE
ENSMUSG00000038894	Irs2	TRUE	FALSE	TRUE
ENSMUSG00000031502	Col4a1	TRUE	TRUE	TRUE
ENSMUSG00000031503	Col4a2	TRUE	TRUE	TRUE
ENSMUSG00000031505	Naxd	TRUE	FALSE	TRUE
ENSMUSG00000045969	Ing1	TRUE	FALSE	FALSE
ENSMUSG00000096014	Sox1	TRUE	FALSE	TRUE
ENSMUSG00000038482	Tfdp1	TRUE	FALSE	TRUE
ENSMUSG00000031451	Gas6	TRUE	FALSE	FALSE
ENSMUSG00000055675	Kbtbd11	TRUE	FALSE	FALSE
ENSMUSG00000031480	Thsd1	TRUE	FALSE	FALSE
ENSMUSG00000031482	Slc25a15	TRUE	FALSE	FALSE
ENSMUSG00000031575	Ash2l	TRUE	FALSE	FALSE
ENSMUSG00000085795	Zfp703	TRUE	FALSE	FALSE
ENSMUSG00000009628	Tex15	TRUE	FALSE	FALSE
ENSMUSG00000050271	Prag1	TRUE	FALSE	TRUE
ENSMUSG00000109704	Gm38414	TRUE	FALSE	FALSE
ENSMUSG00000045636	Mtus1	TRUE	FALSE	TRUE
ENSMUSG00000063049	Ing2	TRUE	FALSE	FALSE
ENSMUSG00000031521	Aga	TRUE	FALSE	FALSE
ENSMUSG00000031520	Vegfc	TRUE	FALSE	TRUE
ENSMUSG00000031517	Gpm6a	TRUE	FALSE	FALSE
ENSMUSG00000036199	Ndufa13	TRUE	FALSE	TRUE
ENSMUSG00000007594	Hapln4	TRUE	FALSE	FALSE
ENSMUSG00000035964	Tmem59l	TRUE	FALSE	FALSE
ENSMUSG00000007888	Crlf1	TRUE	FALSE	FALSE
ENSMUSG00000019139	Isyna1	TRUE	FALSE	FALSE
ENSMUSG00000000792	Slc5a5	TRUE	FALSE	TRUE
ENSMUSG00000035439	Haus8	TRUE	FALSE	TRUE
ENSMUSG00000034845	Plvap	TRUE	FALSE	FALSE
ENSMUSG00000031799	Tpm4	TRUE	FALSE	TRUE
ENSMUSG00000034472	Rasd2	TRUE	FALSE	TRUE
ENSMUSG00000031688	Pou4f2	TRUE	FALSE	FALSE
ENSMUSG00000031714	Gab1	TRUE	FALSE	FALSE
ENSMUSG00000002885	Adgre5	TRUE	FALSE	TRUE
ENSMUSG00000047986	Palm3	TRUE	FALSE	TRUE
ENSMUSG00000003824	Syce2	TRUE	FALSE	TRUE
ENSMUSG00000097248	Gm2694	TRUE	FALSE	FALSE
ENSMUSG00000036810	Cnep1r1	TRUE	FALSE	TRUE
ENSMUSG00000036779	Tent4b	TRUE	FALSE	FALSE
ENSMUSG00000031762	Mt2	TRUE	FALSE	TRUE
ENSMUSG00000031765	Mt1	TRUE	FALSE	TRUE
ENSMUSG00000034361	Cpne2	TRUE	FALSE	TRUE
ENSMUSG00000050357	Carmil2	TRUE	FALSE	FALSE
ENSMUSG00000035237	Lcat	TRUE	FALSE	FALSE
ENSMUSG00000017765	Slc12a4	TRUE	FALSE	TRUE
ENSMUSG00000110457	Gm45752	TRUE	FALSE	TRUE
ENSMUSG00000001672	Marveld3	TRUE	FALSE	TRUE
ENSMUSG00000033658	Ddx19b	TRUE	FALSE	TRUE
ENSMUSG00000031959	Wdr59	TRUE	FALSE	TRUE
ENSMUSG00000031951	Tmem231	TRUE	FALSE	TRUE
ENSMUSG00000031950	Gabarapl2	TRUE	FALSE	TRUE
ENSMUSG00000055435	Maf	TRUE	FALSE	FALSE
ENSMUSG00000031758	Cdyl2	TRUE	FALSE	TRUE
ENSMUSG00000034416	Pkd1l2	TRUE	FALSE	TRUE
ENSMUSG00000052557	Gan	TRUE	FALSE	TRUE
ENSMUSG00000031837	Necab2	TRUE	FALSE	FALSE
ENSMUSG00000034224	Slc38a8	TRUE	FALSE	TRUE
ENSMUSG00000043687	1190005I06Rik	TRUE	FALSE	FALSE
ENSMUSG00000031818	Cox4i1	TRUE	FALSE	FALSE
ENSMUSG00000043903	Zfp469	TRUE	FALSE	FALSE
ENSMUSG00000014444	Piezo1	TRUE	FALSE	TRUE
ENSMUSG00000031962	Cdh15	TRUE	FALSE	FALSE
ENSMUSG00000033862	Cdk10	TRUE	FALSE	FALSE
ENSMUSG00000010154	Spire2	TRUE	FALSE	TRUE
ENSMUSG00000031972	Acta1	TRUE	FALSE	TRUE
ENSMUSG00000039509	Nup133	TRUE	FALSE	FALSE
ENSMUSG00000033998	Kcnk1	TRUE	FALSE	TRUE
ENSMUSG00000091028	Gm10722	TRUE	TRUE	TRUE
ENSMUSG00000053070	Cfap300	TRUE	FALSE	FALSE
ENSMUSG00000037419	Endod1	TRUE	FALSE	TRUE
ENSMUSG00000031931	Ankrd49	TRUE	FALSE	TRUE
ENSMUSG00000051118	Olfr77	TRUE	FALSE	FALSE
ENSMUSG00000032193	Ldlr	TRUE	FALSE	TRUE
ENSMUSG00000003410	Elavl3	TRUE	FALSE	TRUE
ENSMUSG00000001349	Cnn1	TRUE	FALSE	TRUE
ENSMUSG00000062762	Ei24	TRUE	FALSE	TRUE
ENSMUSG00000032125	Robo4	TRUE	FALSE	TRUE
ENSMUSG00000001946	Esam	TRUE	FALSE	FALSE
ENSMUSG00000053310	Nrgn	TRUE	FALSE	TRUE
ENSMUSG00000049073	Olfr985	TRUE	FALSE	FALSE
ENSMUSG00000032012	Nectin1	TRUE	FALSE	TRUE
ENSMUSG00000032011	Thy1	TRUE	FALSE	TRUE
ENSMUSG00000032010	Usp2	TRUE	FALSE	TRUE
ENSMUSG00000032135	Mcam	TRUE	FALSE	FALSE
ENSMUSG00000032120	C2cd2l	TRUE	FALSE	TRUE
ENSMUSG00000032097	Ddx6	TRUE	FALSE	TRUE
ENSMUSG00000032092	Mpzl2	TRUE	FALSE	TRUE
ENSMUSG00000066705	Fxyd6	TRUE	FALSE	TRUE
ENSMUSG00000059412	Fxyd2	TRUE	FALSE	FALSE
ENSMUSG00000035382	Pcsk7	TRUE	FALSE	FALSE
ENSMUSG00000032085	Tagln	TRUE	FALSE	TRUE
ENSMUSG00000034908	Sidt2	TRUE	FALSE	TRUE
ENSMUSG00000032068	Plet1	TRUE	FALSE	TRUE
ENSMUSG00000035164	Zc3h12c	TRUE	FALSE	TRUE
ENSMUSG00000032291	Crabp1	TRUE	FALSE	TRUE
ENSMUSG00000032305	Fam219b	TRUE	FALSE	TRUE
ENSMUSG00000038264	Sema7a	TRUE	FALSE	TRUE
ENSMUSG00000097604	Gm17322	TRUE	FALSE	TRUE
ENSMUSG00000032333	Stoml1	TRUE	FALSE	TRUE
ENSMUSG00000097651	4930461G14Rik	TRUE	FALSE	TRUE
ENSMUSG00000041729	Coro2b	TRUE	FALSE	TRUE
ENSMUSG00000032402	Smad3	TRUE	FALSE	FALSE
ENSMUSG00000036466	Megf11	TRUE	FALSE	TRUE
ENSMUSG00000053641	Dennd4a	TRUE	FALSE	FALSE
ENSMUSG00000032816	Igdcc4	TRUE	FALSE	FALSE
ENSMUSG00000032394	Igdcc3	TRUE	FALSE	TRUE
ENSMUSG00000040524	Zfp609	TRUE	FALSE	FALSE
ENSMUSG00000040204	Pclaf	TRUE	FALSE	TRUE
ENSMUSG00000032382	Snx1	TRUE	FALSE	TRUE
ENSMUSG00000032370	Lactb	TRUE	FALSE	TRUE
ENSMUSG00000032366	Tpm1	TRUE	FALSE	TRUE
ENSMUSG00000091956	C2cd4b	TRUE	FALSE	FALSE
ENSMUSG00000032231	Anxa2	TRUE	FALSE	TRUE
ENSMUSG00000032224	Fam81a	TRUE	FALSE	TRUE
ENSMUSG00000032232	Cgnl1	TRUE	FALSE	TRUE
ENSMUSG00000038535	Zfp280d	TRUE	FALSE	FALSE
ENSMUSG00000034563	Ccpg1	TRUE	FALSE	TRUE
ENSMUSG00000032202	Rab27a	TRUE	FALSE	TRUE
ENSMUSG00000092622	Khdc3	TRUE	FALSE	TRUE
ENSMUSG00000033590	Myo5c	TRUE	FALSE	FALSE
ENSMUSG00000032348	Gsta4	TRUE	FALSE	FALSE
ENSMUSG00000032346	Ooep	TRUE	FALSE	FALSE
ENSMUSG00000066456	Hmgn3	TRUE	FALSE	FALSE
ENSMUSG00000033491	Prss35	TRUE	FALSE	FALSE
ENSMUSG00000032420	Nt5e	TRUE	FALSE	FALSE
ENSMUSG00000090693	Trim43a	TRUE	FALSE	TRUE
ENSMUSG00000032353	Tmed3	TRUE	FALSE	TRUE
ENSMUSG00000032409	Atr	TRUE	FALSE	TRUE
ENSMUSG00000046402	Rbp1	TRUE	FALSE	FALSE
ENSMUSG00000032470	Mras	TRUE	FALSE	FALSE
ENSMUSG00000070287	Slc35g2	TRUE	FALSE	FALSE
ENSMUSG00000037286	Stag1	TRUE	FALSE	FALSE
ENSMUSG00000032531	Amotl2	TRUE	FALSE	TRUE
ENSMUSG00000032547	Ryk	TRUE	FALSE	TRUE
ENSMUSG00000032548	Slco2a1	TRUE	FALSE	FALSE
ENSMUSG00000032558	Nphp3	TRUE	FALSE	FALSE
ENSMUSG00000040661	Rad54l2	TRUE	FALSE	TRUE
ENSMUSG00000032578	Cish	TRUE	FALSE	TRUE
ENSMUSG00000079334	Naa80	TRUE	FALSE	TRUE
ENSMUSG00000039461	Tcta	TRUE	FALSE	TRUE
ENSMUSG00000032611	1700102P08Rik	TRUE	FALSE	FALSE
ENSMUSG00000032602	Slc25a20	TRUE	FALSE	TRUE
ENSMUSG00000032601	Prkar2a	TRUE	FALSE	FALSE
ENSMUSG00000023473	Celsr3	TRUE	FALSE	TRUE
ENSMUSG00000032482	Cspg5	TRUE	FALSE	TRUE
ENSMUSG00000032485	Scap	TRUE	FALSE	TRUE
ENSMUSG00000032494	Tdgf1	TRUE	FALSE	TRUE
ENSMUSG00000047898	Ccr4	TRUE	FALSE	TRUE
ENSMUSG00000032436	Cmtm7	TRUE	FALSE	FALSE
ENSMUSG00000032446	Eomes	TRUE	FALSE	FALSE
ENSMUSG00000032513	Gorasp1	TRUE	FALSE	FALSE
ENSMUSG00000032517	Mobp	TRUE	FALSE	TRUE
ENSMUSG00000037949	Ano10	TRUE	FALSE	TRUE
ENSMUSG00000015202	Cnksr3	TRUE	FALSE	FALSE
ENSMUSG00000079685	Ulbp1	TRUE	FALSE	TRUE
ENSMUSG00000039910	Cited2	TRUE	FALSE	TRUE
ENSMUSG00000019851	Perp	TRUE	FALSE	TRUE
ENSMUSG00000037440	Vnn1	TRUE	FALSE	FALSE
ENSMUSG00000112206	Gm30228	TRUE	FALSE	TRUE
ENSMUSG00000039697	Ncoa7	TRUE	FALSE	TRUE
ENSMUSG00000039552	Rsph4a	TRUE	FALSE	TRUE
ENSMUSG00000019779	Frk	TRUE	FALSE	FALSE
ENSMUSG00000019826	Zbtb24	TRUE	FALSE	TRUE
ENSMUSG00000019866	Crybg1	TRUE	FALSE	TRUE
ENSMUSG00000038151	Prdm1	TRUE	FALSE	TRUE
ENSMUSG00000003746	Man1a	TRUE	FALSE	TRUE
ENSMUSG00000047669	Msl3l2	TRUE	FALSE	TRUE
ENSMUSG00000020108	Ddit4	TRUE	FALSE	TRUE
ENSMUSG00000020101	Vsir	TRUE	FALSE	FALSE
ENSMUSG00000058806	Col13a1	TRUE	FALSE	TRUE
ENSMUSG00000020077	Srgn	TRUE	TRUE	TRUE
ENSMUSG00000036923	Stox1	TRUE	FALSE	FALSE
ENSMUSG00000020069	Hnrnph3	TRUE	FALSE	FALSE
ENSMUSG00000019944	Rhobtb1	TRUE	FALSE	TRUE
ENSMUSG00000043259	Fam13c	TRUE	FALSE	FALSE
ENSMUSG00000040009	Gnaz	TRUE	FALSE	TRUE
ENSMUSG00000006345	Ggt1	TRUE	FALSE	FALSE
ENSMUSG00000000903	Vpreb3	TRUE	FALSE	TRUE
ENSMUSG00000049764	Zfp280b	TRUE	FALSE	FALSE
ENSMUSG00000020265	Sumo3	TRUE	FALSE	FALSE
ENSMUSG00000009293	Ube2g2	TRUE	FALSE	TRUE
ENSMUSG00000001211	Agpat3	TRUE	FALSE	TRUE
ENSMUSG00000005355	Casp14	TRUE	FALSE	TRUE
ENSMUSG00000020312	Shc2	TRUE	FALSE	FALSE
ENSMUSG00000020308	Tpgs1	TRUE	FALSE	TRUE
ENSMUSG00000004665	Cnn2	TRUE	FALSE	TRUE
ENSMUSG00000045193	Cirbp	TRUE	FALSE	FALSE
ENSMUSG00000054452	Tle5	TRUE	FALSE	TRUE
ENSMUSG00000034758	Tle6	TRUE	FALSE	TRUE
ENSMUSG00000087651	1500009L16Rik	TRUE	FALSE	TRUE
ENSMUSG00000097076	Platr7	TRUE	FALSE	TRUE
ENSMUSG00000074802	Gas2l3	TRUE	FALSE	FALSE
ENSMUSG00000020023	Tmcc3	TRUE	FALSE	TRUE
ENSMUSG00000020027	Socs2	TRUE	FALSE	FALSE
ENSMUSG00000112289	1110019B22Rik	TRUE	FALSE	TRUE
ENSMUSG00000019897	Ccdc59	TRUE	FALSE	FALSE
ENSMUSG00000035873	Pawr	TRUE	FALSE	FALSE
ENSMUSG00000020186	Csrp2	TRUE	FALSE	FALSE
ENSMUSG00000020183	Cpm	TRUE	FALSE	TRUE
ENSMUSG00000020184	Mdm2	TRUE	TRUE	FALSE
ENSMUSG00000020227	Irak3	TRUE	FALSE	TRUE
ENSMUSG00000051236	Msrb3	TRUE	FALSE	TRUE
ENSMUSG00000020105	Lrig3	TRUE	FALSE	TRUE
ENSMUSG00000025407	Gli1	TRUE	FALSE	TRUE
ENSMUSG00000025374	Nabp2	TRUE	FALSE	TRUE
ENSMUSG00000090841	Myl6	TRUE	FALSE	TRUE
ENSMUSG00000039824	Myl6b	TRUE	FALSE	TRUE
ENSMUSG00000096497	Olfr787	TRUE	FALSE	FALSE
ENSMUSG00000023764	Sfi1	TRUE	FALSE	TRUE
ENSMUSG00000075702	Selenom	TRUE	FALSE	TRUE
ENSMUSG00000020439	Smtn	TRUE	FALSE	TRUE
ENSMUSG00000034274	Thoc5	TRUE	TRUE	TRUE
ENSMUSG00000020396	Nefh	TRUE	FALSE	TRUE
ENSMUSG00000020471	Pold2	TRUE	TRUE	TRUE
ENSMUSG00000041046	Ramp3	TRUE	FALSE	FALSE
ENSMUSG00000020427	Igfbp3	TRUE	FALSE	TRUE
ENSMUSG00000020407	Upp1	TRUE	FALSE	TRUE
ENSMUSG00000020173	Cobl	TRUE	FALSE	FALSE
ENSMUSG00000078974	Sec61g	TRUE	FALSE	TRUE
ENSMUSG00000020122	Egfr	TRUE	TRUE	TRUE
ENSMUSG00000020160	Meis1	TRUE	FALSE	TRUE
ENSMUSG00000042363	Lgalsl	TRUE	FALSE	TRUE
ENSMUSG00000044068	Zrsr1	TRUE	TRUE	TRUE
ENSMUSG00000000861	Bcl11a	TRUE	FALSE	TRUE
ENSMUSG00000020303	Stc2	TRUE	FALSE	TRUE
ENSMUSG00000040594	Ranbp17	TRUE	FALSE	TRUE
ENSMUSG00000056427	Slit3	TRUE	FALSE	TRUE
ENSMUSG00000010803	Gabra1	TRUE	FALSE	FALSE
ENSMUSG00000020415	Pttg1	TRUE	FALSE	TRUE
ENSMUSG00000044707	Ccnjl	TRUE	FALSE	FALSE
ENSMUSG00000020363	Gfpt2	TRUE	FALSE	TRUE
ENSMUSG00000020387	Jade2	TRUE	FALSE	FALSE
ENSMUSG00000018340	Anxa6	TRUE	FALSE	TRUE
ENSMUSG00000037335	Hand1	TRUE	FALSE	FALSE
ENSMUSG00000020534	Shmt1	TRUE	FALSE	TRUE
ENSMUSG00000018931	Natd1	TRUE	FALSE	TRUE
ENSMUSG00000010122	Slc47a1	TRUE	FALSE	TRUE
ENSMUSG00000014245	Pigl	TRUE	FALSE	TRUE
ENSMUSG00000048497	Mmgt2	TRUE	FALSE	TRUE
ENSMUSG00000050270	Tmem220	TRUE	FALSE	TRUE
ENSMUSG00000020902	Ntn1	TRUE	FALSE	TRUE
ENSMUSG00000018740	Slc25a35	TRUE	FALSE	FALSE
ENSMUSG00000032892	Rangrf	TRUE	FALSE	TRUE
ENSMUSG00000041329	Atp1b2	TRUE	FALSE	TRUE
ENSMUSG00000018750	Zbtb4	TRUE	FALSE	TRUE
ENSMUSG00000018572	Phf23	TRUE	FALSE	TRUE
ENSMUSG00000000317	Bcl6b	TRUE	FALSE	TRUE
ENSMUSG00000018924	Alox15	TRUE	FALSE	FALSE
ENSMUSG00000018920	Cxcl16	TRUE	FALSE	TRUE
ENSMUSG00000020821	Kif1c	TRUE	FALSE	FALSE
ENSMUSG00000040447	Spns2	TRUE	FALSE	TRUE
ENSMUSG00000069814	Ccdc92b	TRUE	FALSE	TRUE
ENSMUSG00000020741	Cluh	TRUE	FALSE	TRUE
ENSMUSG00000045287	Rtn4rl1	TRUE	FALSE	TRUE
ENSMUSG00000017774	Myo1c	TRUE	FALSE	TRUE
ENSMUSG00000038046	Mrm3	TRUE	FALSE	FALSE
ENSMUSG00000020841	Cpd	TRUE	FALSE	TRUE
ENSMUSG00000061981	Flot2	TRUE	FALSE	TRUE
ENSMUSG00000017390	Aldoc	TRUE	FALSE	TRUE
ENSMUSG00000001123	Lgals9	TRUE	FALSE	TRUE
ENSMUSG00000017428	Psmd11	TRUE	FALSE	FALSE
ENSMUSG00000069793	Slfn9	TRUE	FALSE	FALSE
ENSMUSG00000111713	Gm20234	TRUE	FALSE	FALSE
ENSMUSG00000020684	Rasl10b	TRUE	FALSE	FALSE
ENSMUSG00000018648	Dusp14	TRUE	FALSE	TRUE
ENSMUSG00000018405	Mrm1	TRUE	FALSE	TRUE
ENSMUSG00000000805	Car4	TRUE	FALSE	TRUE
ENSMUSG00000018427	Ypel2	TRUE	FALSE	TRUE
ENSMUSG00000020486	Sept4	TRUE	FALSE	TRUE
ENSMUSG00000003948	Mmd	TRUE	FALSE	FALSE
ENSMUSG00000020541	Tom1l1	TRUE	FALSE	TRUE
ENSMUSG00000001506	Col1a1	TRUE	FALSE	TRUE
ENSMUSG00000038976	Ppp1r9b	TRUE	FALSE	TRUE
ENSMUSG00000018973	Hoxb1	TRUE	FALSE	TRUE
ENSMUSG00000078695	Cisd3	TRUE	FALSE	TRUE
ENSMUSG00000020882	Cacnb1	TRUE	FALSE	TRUE
ENSMUSG00000038150	Ormdl3	TRUE	FALSE	TRUE
ENSMUSG00000017607	Tns4	TRUE	FALSE	FALSE
ENSMUSG00000035775	Krt20	TRUE	FALSE	FALSE
ENSMUSG00000020911	Krt19	TRUE	FALSE	TRUE
ENSMUSG00000045545	Krt14	TRUE	FALSE	TRUE
ENSMUSG00000035557	Krt17	TRUE	FALSE	TRUE
ENSMUSG00000004044	Cavin1	TRUE	FALSE	TRUE
ENSMUSG00000001240	Ramp2	TRUE	FALSE	TRUE
ENSMUSG00000078651	Aoc2	TRUE	FALSE	FALSE
ENSMUSG00000034936	Arl4d	TRUE	FALSE	TRUE
ENSMUSG00000059995	Atxn7l3	TRUE	FALSE	TRUE
ENSMUSG00000006575	Rundc3a	TRUE	FALSE	TRUE
ENSMUSG00000034708	Grn	TRUE	FALSE	TRUE
ENSMUSG00000048878	Hexim1	TRUE	FALSE	TRUE
ENSMUSG00000055805	Fmnl1	TRUE	FALSE	FALSE
ENSMUSG00000034187	Nsf	TRUE	FALSE	FALSE
ENSMUSG00000020717	Pecam1	TRUE	FALSE	TRUE
ENSMUSG00000018727	Cpsf4l	TRUE	FALSE	FALSE
ENSMUSG00000020810	Cygb	TRUE	FALSE	FALSE
ENSMUSG00000057286	St6galnac2	TRUE	FALSE	TRUE
ENSMUSG00000025574	Tk1	TRUE	FALSE	TRUE
ENSMUSG00000017466	Timp2	TRUE	FALSE	TRUE
ENSMUSG00000025576	Rbfox3	TRUE	FALSE	FALSE
ENSMUSG00000043993	2900052L18Rik	TRUE	FALSE	FALSE
ENSMUSG00000039741	Bahcc1	TRUE	FALSE	TRUE
ENSMUSG00000085501	Gm11772	TRUE	FALSE	TRUE
ENSMUSG00000049957	Ccdc137	TRUE	FALSE	FALSE
ENSMUSG00000039329	Tex19.1	TRUE	FALSE	FALSE
ENSMUSG00000039253	Fn3krp	TRUE	FALSE	TRUE
ENSMUSG00000020661	Dnmt3a	TRUE	FALSE	TRUE
ENSMUSG00000020658	Efr3b	TRUE	FALSE	TRUE
ENSMUSG00000096199	Ptrhd1	TRUE	FALSE	TRUE
ENSMUSG00000116705	Gm29737	TRUE	FALSE	TRUE
ENSMUSG00000020644	Id2	TRUE	FALSE	TRUE
ENSMUSG00000020669	Sh3yl1	TRUE	FALSE	TRUE
ENSMUSG00000004151	Etv1	TRUE	FALSE	TRUE
ENSMUSG00000046314	Stxbp6	TRUE	FALSE	TRUE
ENSMUSG00000021047	Nova1	TRUE	FALSE	TRUE
ENSMUSG00000020950	Foxg1	TRUE	FALSE	FALSE
ENSMUSG00000035293	G2e3	TRUE	FALSE	TRUE
ENSMUSG00000020953	Coch	TRUE	FALSE	TRUE
ENSMUSG00000062929	Cfl2	TRUE	FALSE	TRUE
ENSMUSG00000021023	Prorp	TRUE	FALSE	TRUE
ENSMUSG00000047022	Mipol1	TRUE	FALSE	FALSE
ENSMUSG00000035451	Foxa1	TRUE	TRUE	TRUE
ENSMUSG00000035329	Fbxo33	TRUE	FALSE	TRUE
ENSMUSG00000044147	Arf6	TRUE	FALSE	TRUE
ENSMUSG00000049882	Vcpkmt	TRUE	FALSE	FALSE
ENSMUSG00000048285	Frmd6	TRUE	FALSE	FALSE
ENSMUSG00000021087	Rtn1	TRUE	FALSE	TRUE
ENSMUSG00000034501	Pcnx4	TRUE	FALSE	FALSE
ENSMUSG00000109482	Gm4756	TRUE	FALSE	TRUE
ENSMUSG00000021096	Ppm1a	TRUE	FALSE	TRUE
ENSMUSG00000021108	Prkch	TRUE	FALSE	TRUE
ENSMUSG00000021061	Sptb	TRUE	FALSE	TRUE
ENSMUSG00000046157	Tmem229b	TRUE	FALSE	TRUE
ENSMUSG00000060716	Plekhh1	TRUE	FALSE	TRUE
ENSMUSG00000066441	Rdh11	TRUE	FALSE	TRUE
ENSMUSG00000111933	Gm36660	TRUE	FALSE	TRUE
ENSMUSG00000015143	Actn1	TRUE	FALSE	TRUE
ENSMUSG00000049106	Dcaf5	TRUE	FALSE	TRUE
ENSMUSG00000066438	Plekhd1	TRUE	FALSE	FALSE
ENSMUSG00000099708	Gm29361	TRUE	FALSE	FALSE
ENSMUSG00000021236	Entpd5	TRUE	FALSE	TRUE
ENSMUSG00000071235	Vrtn	TRUE	FALSE	FALSE
ENSMUSG00000079034	Gm8300	TRUE	FALSE	TRUE
ENSMUSG00000092019	Gm4027	TRUE	FALSE	FALSE
ENSMUSG00000095724	Gm21319	TRUE	FALSE	FALSE
ENSMUSG00000079029	Gm5662	TRUE	TRUE	TRUE
ENSMUSG00000093847	Gm5039	TRUE	TRUE	FALSE
ENSMUSG00000021194	Chga	TRUE	FALSE	TRUE
ENSMUSG00000041702	Btbd7	TRUE	FALSE	TRUE
ENSMUSG00000041341	Atg2b	TRUE	FALSE	TRUE
ENSMUSG00000021268	Meg3	TRUE	TRUE	TRUE
ENSMUSG00000097451	Rian	TRUE	FALSE	FALSE
ENSMUSG00000098202	B830012L14Rik	TRUE	FALSE	FALSE
ENSMUSG00000097391	Mirg	TRUE	TRUE	FALSE
ENSMUSG00000049792	Bag5	TRUE	FALSE	FALSE
ENSMUSG00000021294	Kif26a	TRUE	FALSE	TRUE
ENSMUSG00000072812	Ahnak2	TRUE	FALSE	TRUE
ENSMUSG00000002803	Btbd6	TRUE	FALSE	TRUE
ENSMUSG00000006360	Crip1	TRUE	FALSE	TRUE
ENSMUSG00000037466	Tedc1	TRUE	FALSE	TRUE
ENSMUSG00000041992	Rapgef5	TRUE	FALSE	TRUE
ENSMUSG00000033799	Tasor2	TRUE	FALSE	TRUE
ENSMUSG00000033781	Asb13	TRUE	FALSE	TRUE
ENSMUSG00000021196	Pfkp	TRUE	FALSE	TRUE
ENSMUSG00000060639	Hist1h4i	TRUE	FALSE	TRUE
ENSMUSG00000018102	Hist1h2bc	TRUE	FALSE	TRUE
ENSMUSG00000019132	BC005537	TRUE	FALSE	TRUE
ENSMUSG00000038732	Mboat1	TRUE	FALSE	TRUE
ENSMUSG00000076430	Hus1b	TRUE	FALSE	TRUE
ENSMUSG00000021403	Serpinb9b	TRUE	FALSE	TRUE
ENSMUSG00000052180	Serpinb6c	TRUE	FALSE	FALSE
ENSMUSG00000054889	Dsp	TRUE	FALSE	TRUE
ENSMUSG00000021359	Tfap2a	TRUE	FALSE	TRUE
ENSMUSG00000021367	Edn1	TRUE	FALSE	TRUE
ENSMUSG00000021381	Barx1	TRUE	FALSE	TRUE
ENSMUSG00000005320	Fgfr4	TRUE	FALSE	FALSE
ENSMUSG00000021493	Pdlim7	TRUE	FALSE	TRUE
ENSMUSG00000021500	Ddx46	TRUE	FALSE	TRUE
ENSMUSG00000021458	Aopep	TRUE	FALSE	FALSE
ENSMUSG00000021466	Ptch1	TRUE	FALSE	FALSE
ENSMUSG00000021482	Prxl2c	TRUE	FALSE	TRUE
ENSMUSG00000033063	Cntnap3	TRUE	FALSE	FALSE
ENSMUSG00000032999	Nlrp4f	TRUE	FALSE	TRUE
ENSMUSG00000113955	Gm48168	TRUE	FALSE	TRUE
ENSMUSG00000097562	Gm26639	TRUE	FALSE	TRUE
ENSMUSG00000113135	Gm48170	TRUE	FALSE	TRUE
ENSMUSG00000114616	Gm26754	TRUE	FALSE	TRUE
ENSMUSG00000097483	Gm26806	TRUE	FALSE	TRUE
ENSMUSG00000057842	Zfp595	TRUE	FALSE	FALSE
ENSMUSG00000055560	Zfp459	TRUE	FALSE	TRUE
ENSMUSG00000113050	Gm8016	TRUE	FALSE	TRUE
ENSMUSG00000001504	Irx2	TRUE	FALSE	TRUE
ENSMUSG00000021589	Rhobtb3	TRUE	FALSE	TRUE
ENSMUSG00000021592	Arsk	TRUE	FALSE	FALSE
ENSMUSG00000021678	F2rl1	TRUE	FALSE	FALSE
ENSMUSG00000078952	Lncenc1	TRUE	FALSE	FALSE
ENSMUSG00000021638	Ocln	TRUE	FALSE	TRUE
ENSMUSG00000034751	Mast4	TRUE	FALSE	TRUE
ENSMUSG00000021714	Cenpk	TRUE	FALSE	FALSE
ENSMUSG00000096175	Gm21761	TRUE	FALSE	FALSE
ENSMUSG00000078537	B020031M17Rik	TRUE	FALSE	FALSE
ENSMUSG00000096323	Gm20767	TRUE	FALSE	FALSE
ENSMUSG00000025278	Flnb	TRUE	FALSE	TRUE
ENSMUSG00000021752	Kctd6	TRUE	FALSE	TRUE
ENSMUSG00000021747	4930452B06Rik	TRUE	FALSE	TRUE
ENSMUSG00000021786	Oxsm	TRUE	FALSE	FALSE
ENSMUSG00000034235	Usp54	TRUE	FALSE	TRUE
ENSMUSG00000039376	Synpo2l	TRUE	FALSE	TRUE
ENSMUSG00000021823	Vcl	TRUE	FALSE	TRUE
ENSMUSG00000039197	Adk	TRUE	FALSE	TRUE
ENSMUSG00000039081	Zfp503	TRUE	FALSE	TRUE
ENSMUSG00000055538	Zcchc24	TRUE	FALSE	TRUE
ENSMUSG00000040640	Erc2	TRUE	FALSE	TRUE
ENSMUSG00000091898	Tnnc1	TRUE	FALSE	TRUE
ENSMUSG00000090459	Gm17210	TRUE	FALSE	FALSE
ENSMUSG00000043681	Fam25c	TRUE	FALSE	TRUE
ENSMUSG00000041445	Mmrn2	TRUE	FALSE	TRUE
ENSMUSG00000037833	Sh2d4b	TRUE	FALSE	TRUE
ENSMUSG00000021792	Prxl2a	TRUE	FALSE	TRUE
ENSMUSG00000021835	Bmp4	TRUE	FALSE	TRUE
ENSMUSG00000021848	Otx2	TRUE	FALSE	TRUE
ENSMUSG00000000958	Slc7a7	TRUE	FALSE	FALSE
ENSMUSG00000000957	Mmp14	TRUE	FALSE	TRUE
ENSMUSG00000040721	Zfhx2	TRUE	FALSE	FALSE
ENSMUSG00000022218	Tgm1	TRUE	FALSE	TRUE
ENSMUSG00000002332	Dhrs1	TRUE	FALSE	TRUE
ENSMUSG00000075592	Nynrin	TRUE	FALSE	FALSE
ENSMUSG00000022223	Sdr39u1	TRUE	FALSE	FALSE
ENSMUSG00000021951	Eef1akmt1	TRUE	FALSE	TRUE
ENSMUSG00000097303	3110083C13Rik	TRUE	FALSE	FALSE
ENSMUSG00000021982	Cdadc1	TRUE	FALSE	FALSE
ENSMUSG00000021932	Rnaseh2b	TRUE	FALSE	TRUE
ENSMUSG00000075571	Defb30	TRUE	FALSE	TRUE
ENSMUSG00000035121	Neil2	TRUE	FALSE	FALSE
ENSMUSG00000021953	Tdh	TRUE	FALSE	TRUE
ENSMUSG00000022043	Trim35	TRUE	FALSE	TRUE
ENSMUSG00000034327	Kctd9	TRUE	FALSE	TRUE
ENSMUSG00000022055	Nefl	TRUE	FALSE	TRUE
ENSMUSG00000022091	Sorbs3	TRUE	FALSE	TRUE
ENSMUSG00000022099	Dmtn	TRUE	FALSE	TRUE
ENSMUSG00000022101	Fgf17	TRUE	FALSE	TRUE
ENSMUSG00000022106	Rcbtb2	TRUE	FALSE	TRUE
ENSMUSG00000033405	Nudt15	TRUE	FALSE	TRUE
ENSMUSG00000021996	Esd	TRUE	FALSE	TRUE
ENSMUSG00000036422	Pcdh8	TRUE	FALSE	TRUE
ENSMUSG00000098557	Kctd12	TRUE	FALSE	FALSE
ENSMUSG00000089726	Mir17hg	TRUE	FALSE	FALSE
ENSMUSG00000058571	Gpc6	TRUE	FALSE	TRUE
ENSMUSG00000042104	Uggt2	TRUE	FALSE	TRUE
ENSMUSG00000022139	Mbnl2	TRUE	TRUE	FALSE
ENSMUSG00000041703	Zic5	TRUE	FALSE	TRUE
ENSMUSG00000085555	2610035F20Rik	TRUE	FALSE	TRUE
ENSMUSG00000061524	Zic2	TRUE	FALSE	TRUE
ENSMUSG00000041594	Tmtc4	TRUE	FALSE	FALSE
ENSMUSG00000091119	Ccdc152	TRUE	FALSE	TRUE
ENSMUSG00000054115	Skp2	TRUE	FALSE	FALSE
ENSMUSG00000039704	Lmbrd2	TRUE	FALSE	FALSE
ENSMUSG00000022237	Ankrd33b	TRUE	FALSE	TRUE
ENSMUSG00000022329	Stk3	TRUE	FALSE	FALSE
ENSMUSG00000022283	Pabpc1	TRUE	FALSE	TRUE
ENSMUSG00000022304	Dpys	TRUE	FALSE	TRUE
ENSMUSG00000022419	Deptor	TRUE	FALSE	TRUE
ENSMUSG00000060429	Sntb1	TRUE	FALSE	TRUE
ENSMUSG00000022361	Zhx1	TRUE	TRUE	TRUE
ENSMUSG00000005125	Ndrg1	TRUE	FALSE	TRUE
ENSMUSG00000106847	Peg13	TRUE	FALSE	FALSE
ENSMUSG00000059895	Ptp4a3	TRUE	FALSE	TRUE
ENSMUSG00000075602	Ly6a	TRUE	FALSE	TRUE
ENSMUSG00000075600	Zc3h3	TRUE	FALSE	FALSE
ENSMUSG00000115388	Eppk1	TRUE	FALSE	TRUE
ENSMUSG00000022553	Maf1	TRUE	FALSE	TRUE
ENSMUSG00000109179	Gm35339	TRUE	FALSE	TRUE
ENSMUSG00000063354	Slc39a4	TRUE	FALSE	FALSE
ENSMUSG00000022443	Myh9	TRUE	FALSE	TRUE
ENSMUSG00000033170	Card10	TRUE	FALSE	TRUE
ENSMUSG00000022436	Sh3bp1	TRUE	TRUE	TRUE
ENSMUSG00000033039	Micall1	TRUE	FALSE	FALSE
ENSMUSG00000033006	Sox10	TRUE	FALSE	FALSE
ENSMUSG00000042524	Sun2	TRUE	FALSE	TRUE
ENSMUSG00000042406	Atf4	TRUE	FALSE	TRUE
ENSMUSG00000068099	1500009C09Rik	TRUE	FALSE	TRUE
ENSMUSG00000058099	Nfam1	TRUE	FALSE	TRUE
ENSMUSG00000022438	Parvb	TRUE	FALSE	TRUE
ENSMUSG00000078954	Arhgap8	TRUE	FALSE	TRUE
ENSMUSG00000016624	Phf21b	TRUE	FALSE	TRUE
ENSMUSG00000022382	Wnt7b	TRUE	FALSE	TRUE
ENSMUSG00000035944	Ttc38	TRUE	FALSE	FALSE
ENSMUSG00000022619	Mapk8ip2	TRUE	FALSE	TRUE
ENSMUSG00000022629	Kif21a	TRUE	FALSE	TRUE
ENSMUSG00000033356	Pus7l	TRUE	FALSE	TRUE
ENSMUSG00000023169	Slc38a1	TRUE	FALSE	TRUE
ENSMUSG00000116295	Gm32885	TRUE	FALSE	FALSE
ENSMUSG00000022475	Hdac7	TRUE	FALSE	TRUE
ENSMUSG00000022483	Col2a1	TRUE	FALSE	FALSE
ENSMUSG00000029875	Ccdc184	TRUE	FALSE	TRUE
ENSMUSG00000022999	Lmbr1l	TRUE	FALSE	TRUE
ENSMUSG00000023022	Lima1	TRUE	FALSE	FALSE
ENSMUSG00000023039	Krt7	TRUE	FALSE	TRUE
ENSMUSG00000049382	Krt8	TRUE	FALSE	TRUE
ENSMUSG00000023043	Krt18	TRUE	FALSE	TRUE
ENSMUSG00000001281	Itgb7	TRUE	FALSE	FALSE
ENSMUSG00000001288	Rarg	TRUE	FALSE	FALSE
ENSMUSG00000001655	Hoxc13	TRUE	FALSE	FALSE
ENSMUSG00000022490	Ppp1r1a	TRUE	FALSE	TRUE
ENSMUSG00000063445	Nmral1	TRUE	FALSE	TRUE
ENSMUSG00000097397	Gm16861	TRUE	FALSE	FALSE
ENSMUSG00000039457	Ppl	TRUE	FALSE	TRUE
ENSMUSG00000039209	Rpl39l	TRUE	FALSE	TRUE
ENSMUSG00000022500	Litaf	TRUE	FALSE	TRUE
ENSMUSG00000022683	Pla2g10	TRUE	FALSE	FALSE
ENSMUSG00000115907	Gm49432	TRUE	FALSE	TRUE
ENSMUSG00000068617	Efcab1	TRUE	FALSE	TRUE
ENSMUSG00000049916	2610318N02Rik	TRUE	FALSE	FALSE
ENSMUSG00000041774	Ydjc	TRUE	FALSE	FALSE
ENSMUSG00000071636	Rimbp3	TRUE	FALSE	TRUE
ENSMUSG00000050240	Hic2	TRUE	FALSE	TRUE
ENSMUSG00000055692	Tmem191c	TRUE	FALSE	TRUE
ENSMUSG00000062901	Klhl24	TRUE	FALSE	TRUE
ENSMUSG00000041205	Map6d1	TRUE	FALSE	FALSE
ENSMUSG00000022841	Ap2m1	TRUE	FALSE	TRUE
ENSMUSG00000022843	Clcn2	TRUE	FALSE	TRUE
ENSMUSG00000044626	Liph	TRUE	FALSE	TRUE
ENSMUSG00000013089	Etv5	TRUE	FALSE	TRUE
ENSMUSG00000033306	Lpp	TRUE	FALSE	TRUE
ENSMUSG00000052316	Lrrc15	TRUE	FALSE	TRUE
ENSMUSG00000046546	Fam43a	TRUE	FALSE	FALSE
ENSMUSG00000047714	Ppp1r2	TRUE	FALSE	TRUE
ENSMUSG00000022816	Fstl1	TRUE	FALSE	TRUE
ENSMUSG00000022805	Maats1	TRUE	FALSE	FALSE
ENSMUSG00000002847	Pla1a	TRUE	FALSE	TRUE
ENSMUSG00000022661	Cd200	TRUE	FALSE	TRUE
ENSMUSG00000072419	Dppa2	TRUE	FALSE	TRUE
ENSMUSG00000075033	Nxpe3	TRUE	FALSE	TRUE
ENSMUSG00000022754	Tmem45a	TRUE	FALSE	FALSE
ENSMUSG00000091243	Vgll3	TRUE	TRUE	TRUE
ENSMUSG00000097768	2310043M15Rik	TRUE	FALSE	FALSE
ENSMUSG00000022895	Ets2	TRUE	FALSE	FALSE
ENSMUSG00000000385	Tmprss2	TRUE	FALSE	TRUE
ENSMUSG00000116673	A630089N07Rik	TRUE	FALSE	FALSE
ENSMUSG00000023861	Mpc1	TRUE	FALSE	TRUE
ENSMUSG00000062327	T	TRUE	TRUE	TRUE
ENSMUSG00000023826	Prkn	TRUE	FALSE	TRUE
ENSMUSG00000023827	Agpat4	TRUE	FALSE	TRUE
ENSMUSG00000073460	Pnldc1	TRUE	FALSE	TRUE
ENSMUSG00000023885	Thbs2	TRUE	FALSE	TRUE
ENSMUSG00000051977	Prdm9	TRUE	FALSE	TRUE
ENSMUSG00000048027	Rgmb	TRUE	FALSE	TRUE
ENSMUSG00000097379	Gm26873	TRUE	FALSE	FALSE
ENSMUSG00000067931	Zfp948	TRUE	FALSE	TRUE
ENSMUSG00000023906	Cldn6	TRUE	FALSE	TRUE
ENSMUSG00000002496	Tsc2	TRUE	FALSE	FALSE
ENSMUSG00000002504	Slc9a3r2	TRUE	FALSE	TRUE
ENSMUSG00000019214	Chtf18	TRUE	FALSE	FALSE
ENSMUSG00000041199	Rpusd1	TRUE	FALSE	TRUE
ENSMUSG00000063011	Msln	TRUE	FALSE	TRUE
ENSMUSG00000025732	Mcrip2	TRUE	FALSE	FALSE
ENSMUSG00000025730	Rab40c	TRUE	FALSE	TRUE
ENSMUSG00000073433	Arhgdig	TRUE	FALSE	FALSE
ENSMUSG00000024190	Dusp1	TRUE	FALSE	TRUE
ENSMUSG00000015579	Nkx2-5	TRUE	FALSE	TRUE
ENSMUSG00000040276	Pacsin1	TRUE	FALSE	TRUE
ENSMUSG00000056692	Ilrun	TRUE	FALSE	TRUE
ENSMUSG00000062859	Tcp11	TRUE	FALSE	TRUE
ENSMUSG00000045378	Pxt1	TRUE	FALSE	TRUE
ENSMUSG00000099474	1700097N02Rik	TRUE	FALSE	TRUE
ENSMUSG00000024030	Abcg1	TRUE	FALSE	TRUE
ENSMUSG00000024042	Sik1	TRUE	FALSE	TRUE
ENSMUSG00000024300	Myo1f	TRUE	FALSE	FALSE
ENSMUSG00000073423	Zfp414	TRUE	FALSE	TRUE
ENSMUSG00000079557	March2	TRUE	FALSE	TRUE
ENSMUSG00000092349	Smim40	TRUE	FALSE	FALSE
ENSMUSG00000061232	H2-K1	TRUE	FALSE	FALSE
ENSMUSG00000034786	Gpsm3	TRUE	FALSE	FALSE
ENSMUSG00000060550	H2-Q7	TRUE	TRUE	FALSE
ENSMUSG00000067235	H2-Q10	TRUE	FALSE	TRUE
ENSMUSG00000024409	Psors1c2	TRUE	FALSE	TRUE
ENSMUSG00000039518	Cdsn	TRUE	FALSE	TRUE
ENSMUSG00000003534	Ddr1	TRUE	FALSE	TRUE
ENSMUSG00000003541	Ier3	TRUE	FALSE	TRUE
ENSMUSG00000024422	Dhx16	TRUE	FALSE	FALSE
ENSMUSG00000024462	Gabbr1	TRUE	FALSE	TRUE
ENSMUSG00000023912	Slc25a27	TRUE	FALSE	TRUE
ENSMUSG00000023959	Clic5	TRUE	FALSE	TRUE
ENSMUSG00000015597	Zfp318	TRUE	FALSE	TRUE
ENSMUSG00000071068	Treml2	TRUE	FALSE	TRUE
ENSMUSG00000064120	Mocs1	TRUE	FALSE	FALSE
ENSMUSG00000042625	Safb2	TRUE	FALSE	TRUE
ENSMUSG00000024206	Rfx2	TRUE	FALSE	TRUE
ENSMUSG00000024044	Epb41l3	TRUE	FALSE	TRUE
ENSMUSG00000024048	Myl12a	TRUE	FALSE	TRUE
ENSMUSG00000024063	Lbh	TRUE	FALSE	TRUE
ENSMUSG00000024069	Slc30a6	TRUE	FALSE	TRUE
ENSMUSG00000039193	Nlrc4	TRUE	FALSE	FALSE
ENSMUSG00000024084	Qpct	TRUE	FALSE	TRUE
ENSMUSG00000036533	Cdc42ep3	TRUE	FALSE	FALSE
ENSMUSG00000024087	Cyp1b1	TRUE	FALSE	TRUE
ENSMUSG00000035473	Galm	TRUE	FALSE	TRUE
ENSMUSG00000117431	8430430B14Rik	TRUE	FALSE	TRUE
ENSMUSG00000071037	Camkmt	TRUE	FALSE	TRUE
ENSMUSG00000024140	Epas1	TRUE	FALSE	TRUE
ENSMUSG00000095193	Gm20939	TRUE	FALSE	FALSE
ENSMUSG00000063889	Crem	TRUE	FALSE	TRUE
ENSMUSG00000024236	Svil	TRUE	FALSE	FALSE
ENSMUSG00000057440	Mpp7	TRUE	FALSE	TRUE
ENSMUSG00000005836	Gata6	TRUE	FALSE	TRUE
ENSMUSG00000036743	Psma8	TRUE	FALSE	FALSE
ENSMUSG00000024313	Mep1b	TRUE	FALSE	TRUE
ENSMUSG00000034295	Fhod3	TRUE	FALSE	TRUE
ENSMUSG00000024395	Lims2	TRUE	FALSE	FALSE
ENSMUSG00000036501	Fam13b	TRUE	FALSE	TRUE
ENSMUSG00000117679	Apbb3	TRUE	FALSE	TRUE
ENSMUSG00000052102	Gnpda1	TRUE	FALSE	TRUE
ENSMUSG00000024427	Spry4	TRUE	FALSE	FALSE
ENSMUSG00000036585	Fgf1	TRUE	FALSE	TRUE
ENSMUSG00000051401	Kctd16	TRUE	FALSE	TRUE
ENSMUSG00000057719	Sh3rf2	TRUE	FALSE	TRUE
ENSMUSG00000024497	Pou4f3	TRUE	TRUE	TRUE
ENSMUSG00000024502	Jakmip2	TRUE	FALSE	TRUE
ENSMUSG00000024503	Spink1	TRUE	FALSE	TRUE
ENSMUSG00000024535	Snx24	TRUE	FALSE	FALSE
ENSMUSG00000024610	Cd74	TRUE	FALSE	TRUE
ENSMUSG00000024578	Il17b	TRUE	FALSE	FALSE
ENSMUSG00000060534	Dcc	TRUE	FALSE	FALSE
ENSMUSG00000024558	Mapk4	TRUE	FALSE	TRUE
ENSMUSG00000036880	Acaa2	TRUE	FALSE	TRUE
ENSMUSG00000053846	Lipg	TRUE	FALSE	TRUE
ENSMUSG00000056214	Pard6g	TRUE	FALSE	FALSE
ENSMUSG00000053950	Adnp2	TRUE	FALSE	TRUE
ENSMUSG00000024565	Sall3	TRUE	FALSE	TRUE
ENSMUSG00000041607	Mbp	TRUE	FALSE	FALSE
ENSMUSG00000049090	Zadh2	TRUE	FALSE	FALSE
ENSMUSG00000024646	Cyb5a	TRUE	FALSE	TRUE
ENSMUSG00000034391	Fbxo15	TRUE	FALSE	TRUE
ENSMUSG00000024645	Timm21	TRUE	FALSE	TRUE
ENSMUSG00000024900	Cpt1a	TRUE	FALSE	TRUE
ENSMUSG00000038155	Gstp2	TRUE	FALSE	TRUE
ENSMUSG00000058216	Gstp3	TRUE	FALSE	TRUE
ENSMUSG00000067889	Sptbn2	TRUE	FALSE	TRUE
ENSMUSG00000024901	Peli3	TRUE	FALSE	TRUE
ENSMUSG00000061451	Tmem151a	TRUE	FALSE	FALSE
ENSMUSG00000024873	Cnih2	TRUE	FALSE	TRUE
ENSMUSG00000024909	Efemp2	TRUE	FALSE	TRUE
ENSMUSG00000024926	Kat5	TRUE	FALSE	TRUE
ENSMUSG00000024769	Cdc42bpg	TRUE	FALSE	TRUE
ENSMUSG00000038812	Trmt112	TRUE	FALSE	TRUE
ENSMUSG00000024955	Esrra	TRUE	FALSE	TRUE
ENSMUSG00000071658	Gng3	TRUE	FALSE	TRUE
ENSMUSG00000071657	Bscl2	TRUE	FALSE	TRUE
ENSMUSG00000069833	Ahnak	TRUE	FALSE	TRUE
ENSMUSG00000024665	Fads2	TRUE	FALSE	TRUE
ENSMUSG00000036098	Myrf	TRUE	FALSE	TRUE
ENSMUSG00000024743	Syt7	TRUE	FALSE	TRUE
ENSMUSG00000034659	Tmem109	TRUE	FALSE	FALSE
ENSMUSG00000024691	Fam111a	TRUE	FALSE	TRUE
ENSMUSG00000057503	Olfr1459	TRUE	FALSE	TRUE
ENSMUSG00000024697	Gna14	TRUE	FALSE	TRUE
ENSMUSG00000024754	Cemip2	TRUE	FALSE	TRUE
ENSMUSG00000074925	Ptar1	TRUE	FALSE	TRUE
ENSMUSG00000024867	Pip5k1b	TRUE	FALSE	FALSE
ENSMUSG00000048572	Tmem252	TRUE	FALSE	TRUE
ENSMUSG00000024935	Slc1a1	TRUE	FALSE	TRUE
ENSMUSG00000024817	Uhrf2	TRUE	FALSE	TRUE
ENSMUSG00000040451	Sgms1	TRUE	FALSE	FALSE
ENSMUSG00000035783	Acta2	TRUE	FALSE	TRUE
ENSMUSG00000055044	Pdlim1	TRUE	FALSE	FALSE
ENSMUSG00000067199	Frat1	TRUE	FALSE	FALSE
ENSMUSG00000025171	Ubtd1	TRUE	FALSE	TRUE
ENSMUSG00000025188	Hps1	TRUE	FALSE	TRUE
ENSMUSG00000025212	Sfxn3	TRUE	FALSE	TRUE
ENSMUSG00000025225	Nfkb2	TRUE	FALSE	TRUE
ENSMUSG00000053617	Sh3pxd2a	TRUE	FALSE	FALSE
ENSMUSG00000025068	Gsto1	TRUE	FALSE	TRUE
ENSMUSG00000043639	Rbm20	TRUE	FALSE	TRUE
ENSMUSG00000024985	Tcf7l2	TRUE	FALSE	TRUE
ENSMUSG00000025076	Casp7	TRUE	FALSE	TRUE
ENSMUSG00000025082	Vwa2	TRUE	FALSE	TRUE
ENSMUSG00000040022	Rab11fip2	TRUE	FALSE	FALSE
ENSMUSG00000024993	Fam45a	TRUE	FALSE	FALSE
ENSMUSG00000059326	Csf2ra	TRUE	FALSE	FALSE
ENSMUSG00000073294	AU022751	TRUE	FALSE	TRUE
ENSMUSG00000004317	Clcn5	TRUE	FALSE	TRUE
ENSMUSG00000031155	Pim2	TRUE	FALSE	FALSE
ENSMUSG00000031162	Gata1	TRUE	FALSE	TRUE
ENSMUSG00000008035	Mid1ip1	TRUE	FALSE	TRUE
ENSMUSG00000036782	Klhl13	TRUE	FALSE	FALSE
ENSMUSG00000045284	Dcaf12l1	TRUE	FALSE	TRUE
ENSMUSG00000031119	Gpc4	TRUE	FALSE	TRUE
ENSMUSG00000087365	C430049B03Rik	TRUE	FALSE	FALSE
ENSMUSG00000055555	4930502E18Rik	TRUE	FALSE	FALSE
ENSMUSG00000054727	1700013H16Rik	TRUE	FALSE	TRUE
ENSMUSG00000023092	Fhl1	TRUE	FALSE	TRUE
ENSMUSG00000031134	Rbmx	TRUE	FALSE	FALSE
ENSMUSG00000079584	Gm364	TRUE	FALSE	TRUE
ENSMUSG00000031139	Mcf2	TRUE	FALSE	FALSE
ENSMUSG00000057615	Ldoc1	TRUE	FALSE	TRUE
ENSMUSG00000045330	4933402E13Rik	TRUE	FALSE	FALSE
ENSMUSG00000015217	Hmgb3	TRUE	FALSE	FALSE
ENSMUSG00000050424	Pnma5	TRUE	FALSE	FALSE
ENSMUSG00000057836	Xlr3a	TRUE	TRUE	TRUE
ENSMUSG00000058328	Xlr5a	TRUE	FALSE	TRUE
ENSMUSG00000002006	Pdzd4	TRUE	FALSE	FALSE
ENSMUSG00000031391	L1cam	TRUE	FALSE	FALSE
ENSMUSG00000031328	Flna	TRUE	FALSE	TRUE
ENSMUSG00000025056	Nr0b1	TRUE	FALSE	FALSE
ENSMUSG00000006678	Pola1	TRUE	FALSE	FALSE
ENSMUSG00000081044	AU015836	TRUE	FALSE	TRUE
ENSMUSG00000031217	Efnb1	TRUE	FALSE	TRUE
ENSMUSG00000034403	Pja1	TRUE	FALSE	FALSE
ENSMUSG00000009670	Tex11	TRUE	FALSE	TRUE
ENSMUSG00000042903	Foxo4	TRUE	FALSE	TRUE
ENSMUSG00000031304	Il2rg	TRUE	FALSE	TRUE
ENSMUSG00000046774	8030474K03Rik	TRUE	FALSE	TRUE
ENSMUSG00000051159	Cited1	TRUE	FALSE	TRUE
ENSMUSG00000031329	Tsx	TRUE	FALSE	TRUE
ENSMUSG00000031245	Hmgn5	TRUE	FALSE	TRUE
ENSMUSG00000050435	Ube2dnl1	TRUE	FALSE	TRUE
ENSMUSG00000086431	Gm14929	TRUE	FALSE	FALSE
ENSMUSG00000079450	Cldn34c1	TRUE	FALSE	TRUE
ENSMUSG00000009596	Taf7l	TRUE	FALSE	TRUE
ENSMUSG00000049804	Armcx4	TRUE	FALSE	TRUE
ENSMUSG00000043384	Gprasp1	TRUE	FALSE	FALSE
ENSMUSG00000054034	Tceal5	TRUE	FALSE	TRUE
ENSMUSG00000050071	Bex1	TRUE	FALSE	TRUE
ENSMUSG00000042712	Tceal9	TRUE	FALSE	FALSE
ENSMUSG00000031422	Morf4l2	TRUE	FALSE	TRUE
ENSMUSG00000087368	BC065397	TRUE	FALSE	FALSE
ENSMUSG00000031428	Zcchc18	TRUE	FALSE	TRUE
ENSMUSG00000042498	Radx	TRUE	FALSE	FALSE
ENSMUSG00000072944	Nup62cl	TRUE	FALSE	FALSE
ENSMUSG00000042271	Nxt2	TRUE	FALSE	TRUE
ENSMUSG00000085139	A730046J19Rik	TRUE	FALSE	TRUE
ENSMUSG00000086316	Nbdy	TRUE	FALSE	TRUE
ENSMUSG00000025287	Acot9	TRUE	FALSE	TRUE
ENSMUSG00000041020	Map7d2	TRUE	FALSE	FALSE
ENSMUSG00000040990	Sh3kbp1	TRUE	FALSE	TRUE
ENSMUSG00000000402	Egfl6	TRUE	FALSE	FALSE
ENSMUSG00000069053	Uba1y	TRUE	FALSE	TRUE
ENSMUSG00000069049	Eif2s3y	TRUE	FALSE	TRUE
ENSMUSG00000068457	Uty	TRUE	FALSE	TRUE
ENSMUSG00000069045	Ddx3y	TRUE	TRUE	TRUE
ENSMUSG00000096768	Gm47283	TRUE	FALSE	FALSE
ENSMUSG00000097797	Gm26901	FALSE	TRUE	TRUE
ENSMUSG00000087022	9130024F11Rik	FALSE	TRUE	TRUE
ENSMUSG00000026249	Serpine2	FALSE	TRUE	FALSE
ENSMUSG00000052534	Pbx1	FALSE	TRUE	FALSE
ENSMUSG00000001864	Aif1l	FALSE	TRUE	TRUE
ENSMUSG00000075304	Sp5	FALSE	TRUE	TRUE
ENSMUSG00000075014	Gm10800	FALSE	TRUE	TRUE
ENSMUSG00000027210	Meis2	FALSE	TRUE	TRUE
ENSMUSG00000039286	Fndc3b	FALSE	TRUE	FALSE
ENSMUSG00000037428	Vgf	FALSE	TRUE	TRUE
ENSMUSG00000037411	Serpine1	FALSE	TRUE	FALSE
ENSMUSG00000030060	Hmces	FALSE	TRUE	TRUE
ENSMUSG00000030352	Tspan9	FALSE	TRUE	TRUE
ENSMUSG00000030208	Emp1	FALSE	TRUE	TRUE
ENSMUSG00000002265	Peg3	FALSE	TRUE	FALSE
ENSMUSG00000053175	Bcl3	FALSE	TRUE	FALSE
ENSMUSG00000030590	Fam98c	FALSE	TRUE	FALSE
ENSMUSG00000032060	Cryab	FALSE	TRUE	TRUE
ENSMUSG00000019817	Plagl1	FALSE	TRUE	TRUE
ENSMUSG00000019975	Ikbip	FALSE	TRUE	FALSE
ENSMUSG00000036478	Btg1	FALSE	TRUE	FALSE
ENSMUSG00000025359	Pmel	FALSE	TRUE	TRUE
ENSMUSG00000018217	Pmp22	FALSE	TRUE	TRUE
ENSMUSG00000041287	Sox15	FALSE	TRUE	FALSE
ENSMUSG00000034329	Brip1	FALSE	TRUE	TRUE
ENSMUSG00000085208	Brip1os	FALSE	TRUE	TRUE
ENSMUSG00000072553	Gm525	FALSE	TRUE	TRUE
ENSMUSG00000017493	Igfbp4	FALSE	TRUE	TRUE
ENSMUSG00000021250	Fos	FALSE	TRUE	FALSE
ENSMUSG00000021668	Polk	FALSE	TRUE	FALSE
ENSMUSG00000022150	Dab2	FALSE	TRUE	FALSE
ENSMUSG00000005124	Ccn4	FALSE	TRUE	TRUE
ENSMUSG00000046598	Bdh1	FALSE	TRUE	TRUE
ENSMUSG00000090877	Hspa1b	FALSE	TRUE	TRUE
ENSMUSG00000032796	Lama1	FALSE	TRUE	FALSE
ENSMUSG00000024074	Crim1	FALSE	TRUE	TRUE
ENSMUSG00000038418	Egr1	FALSE	TRUE	FALSE
ENSMUSG00000032946	Rasgrp2	FALSE	TRUE	FALSE
ENSMUSG00000031169	Porcn	FALSE	TRUE	FALSE
ENSMUSG00000025038	Efhc2	FALSE	TRUE	TRUE
ENSMUSG00000073125	Xlr3b	FALSE	TRUE	TRUE
ENSMUSG00000067768	Xlr4b	FALSE	TRUE	TRUE
ENSMUSG00000058147	Xlr3c	FALSE	TRUE	TRUE
ENSMUSG00000031438	Rnf128	FALSE	TRUE	TRUE
ENSMUSG00000067276	Capn6	FALSE	TRUE	TRUE
ENSMUSG00000025903	Lypla1	FALSE	FALSE	TRUE
ENSMUSG00000048960	Prex2	FALSE	FALSE	TRUE
ENSMUSG00000016918	Sulf1	FALSE	FALSE	TRUE
ENSMUSG00000025938	Slco5a1	FALSE	FALSE	TRUE
ENSMUSG00000042414	Prdm14	FALSE	FALSE	TRUE
ENSMUSG00000005886	Ncoa2	FALSE	FALSE	TRUE
ENSMUSG00000026147	Col9a1	FALSE	FALSE	TRUE
ENSMUSG00000042215	Bag2	FALSE	FALSE	TRUE
ENSMUSG00000045216	Hs6st1	FALSE	FALSE	TRUE
ENSMUSG00000026043	Col3a1	FALSE	FALSE	TRUE
ENSMUSG00000026107	Nabp1	FALSE	FALSE	TRUE
ENSMUSG00000026096	Osgepl1	FALSE	FALSE	TRUE
ENSMUSG00000096141	Dnah7a	FALSE	FALSE	TRUE
ENSMUSG00000052331	Ankrd44	FALSE	FALSE	TRUE
ENSMUSG00000038174	Fam126b	FALSE	FALSE	TRUE
ENSMUSG00000026031	Cflar	FALSE	FALSE	TRUE
ENSMUSG00000026012	Cd28	FALSE	FALSE	TRUE
ENSMUSG00000025969	Nrp2	FALSE	FALSE	TRUE
ENSMUSG00000101599	Gm20342	FALSE	FALSE	TRUE
ENSMUSG00000027520	Zdbf2	FALSE	FALSE	TRUE
ENSMUSG00000025964	Adam23	FALSE	FALSE	TRUE
ENSMUSG00000051344	Plekhm3	FALSE	FALSE	TRUE
ENSMUSG00000067299	Crygd	FALSE	FALSE	TRUE
ENSMUSG00000044816	D630023F18Rik	FALSE	FALSE	TRUE
ENSMUSG00000025950	Idh1	FALSE	FALSE	TRUE
ENSMUSG00000025997	Ikzf2	FALSE	FALSE	TRUE
ENSMUSG00000006301	Tmbim1	FALSE	FALSE	TRUE
ENSMUSG00000033159	Cnppd1	FALSE	FALSE	TRUE
ENSMUSG00000026202	Tuba4a	FALSE	FALSE	TRUE
ENSMUSG00000026207	Speg	FALSE	FALSE	TRUE
ENSMUSG00000032883	Acsl3	FALSE	FALSE	TRUE
ENSMUSG00000038608	Dock10	FALSE	FALSE	TRUE
ENSMUSG00000055980	Irs1	FALSE	FALSE	TRUE
ENSMUSG00000026288	Inpp5d	FALSE	FALSE	TRUE
ENSMUSG00000044783	Hjurp	FALSE	FALSE	TRUE
ENSMUSG00000049866	Arl4c	FALSE	FALSE	TRUE
ENSMUSG00000026305	Lrrfip1	FALSE	FALSE	TRUE
ENSMUSG00000007805	Twist2	FALSE	FALSE	TRUE
ENSMUSG00000034220	Gpc1	FALSE	FALSE	TRUE
ENSMUSG00000014602	Kif1a	FALSE	FALSE	TRUE
ENSMUSG00000097814	Panct2	FALSE	FALSE	TRUE
ENSMUSG00000026315	Serpinb8	FALSE	FALSE	TRUE
ENSMUSG00000037035	Inhbb	FALSE	FALSE	TRUE
ENSMUSG00000050777	Tmem37	FALSE	FALSE	TRUE
ENSMUSG00000026389	Steap3	FALSE	FALSE	TRUE
ENSMUSG00000026342	Slc35f5	FALSE	FALSE	TRUE
ENSMUSG00000036155	Mgat5	FALSE	FALSE	TRUE
ENSMUSG00000026417	Pigr	FALSE	FALSE	TRUE
ENSMUSG00000016528	Mapkapk2	FALSE	FALSE	TRUE
ENSMUSG00000042349	Ikbke	FALSE	FALSE	TRUE
ENSMUSG00000042268	Slc26a9	FALSE	FALSE	TRUE
ENSMUSG00000013275	Slc41a1	FALSE	FALSE	TRUE
ENSMUSG00000041757	Plekha6	FALSE	FALSE	TRUE
ENSMUSG00000070644	Etnk2	FALSE	FALSE	TRUE
ENSMUSG00000042207	Kdm5b	FALSE	FALSE	TRUE
ENSMUSG00000003051	Elf3	FALSE	FALSE	TRUE
ENSMUSG00000041782	Lad1	FALSE	FALSE	TRUE
ENSMUSG00000041642	Kif21b	FALSE	FALSE	TRUE
ENSMUSG00000041498	Kif14	FALSE	FALSE	TRUE
ENSMUSG00000008475	Arpc5	FALSE	FALSE	TRUE
ENSMUSG00000026600	Soat1	FALSE	FALSE	TRUE
ENSMUSG00000044835	Ankrd45	FALSE	FALSE	TRUE
ENSMUSG00000026579	F5	FALSE	FALSE	TRUE
ENSMUSG00000040723	Rcsd1	FALSE	FALSE	TRUE
ENSMUSG00000026564	Dusp27	FALSE	FALSE	TRUE
ENSMUSG00000026563	Tada1	FALSE	FALSE	TRUE
ENSMUSG00000040596	Pogk	FALSE	FALSE	TRUE
ENSMUSG00000026688	Mgst3	FALSE	FALSE	TRUE
ENSMUSG00000026556	Vangl2	FALSE	FALSE	TRUE
ENSMUSG00000013698	Pea15a	FALSE	FALSE	TRUE
ENSMUSG00000038034	Igsf8	FALSE	FALSE	TRUE
ENSMUSG00000037995	Igsf9	FALSE	FALSE	TRUE
ENSMUSG00000026547	Tagln2	FALSE	FALSE	TRUE
ENSMUSG00000028354	Fmn2	FALSE	FALSE	TRUE
ENSMUSG00000038776	Ephx1	FALSE	FALSE	TRUE
ENSMUSG00000039384	Dusp10	FALSE	FALSE	TRUE
ENSMUSG00000039239	Tgfb2	FALSE	FALSE	TRUE
ENSMUSG00000039224	D1Pas1	FALSE	FALSE	TRUE
ENSMUSG00000037499	Nenf	FALSE	FALSE	TRUE
ENSMUSG00000037434	Slc30a1	FALSE	FALSE	TRUE
ENSMUSG00000016262	Sertad4	FALSE	FALSE	TRUE
ENSMUSG00000026655	Fam107b	FALSE	FALSE	TRUE
ENSMUSG00000026662	Sephs1	FALSE	FALSE	TRUE
ENSMUSG00000039145	Camk1d	FALSE	FALSE	TRUE
ENSMUSG00000002107	Celf2	FALSE	FALSE	TRUE
ENSMUSG00000023206	Il15ra	FALSE	FALSE	TRUE
ENSMUSG00000026728	Vim	FALSE	FALSE	TRUE
ENSMUSG00000023094	Msrb2	FALSE	FALSE	TRUE
ENSMUSG00000058835	Abi1	FALSE	FALSE	TRUE
ENSMUSG00000026771	Spopl	FALSE	FALSE	TRUE
ENSMUSG00000026959	Grin1	FALSE	FALSE	TRUE
ENSMUSG00000036646	Man1b1	FALSE	FALSE	TRUE
ENSMUSG00000015787	Abo	FALSE	FALSE	TRUE
ENSMUSG00000026837	Col5a1	FALSE	FALSE	TRUE
ENSMUSG00000026831	1700007K13Rik	FALSE	FALSE	TRUE
ENSMUSG00000043535	Setx	FALSE	FALSE	TRUE
ENSMUSG00000059316	Slc27a4	FALSE	FALSE	TRUE
ENSMUSG00000026790	Odf2	FALSE	FALSE	TRUE
ENSMUSG00000026843	Fubp3	FALSE	FALSE	TRUE
ENSMUSG00000026842	Abl1	FALSE	FALSE	TRUE
ENSMUSG00000050592	Fam78a	FALSE	FALSE	TRUE
ENSMUSG00000026817	Ak1	FALSE	FALSE	TRUE
ENSMUSG00000026814	Eng	FALSE	FALSE	TRUE
ENSMUSG00000009563	Tor2a	FALSE	FALSE	TRUE
ENSMUSG00000038718	Pbx3	FALSE	FALSE	TRUE
ENSMUSG00000035392	Dennd1a	FALSE	FALSE	TRUE
ENSMUSG00000026866	Kynu	FALSE	FALSE	TRUE
ENSMUSG00000026872	Zeb2	FALSE	FALSE	TRUE
ENSMUSG00000026764	Kif5c	FALSE	FALSE	TRUE
ENSMUSG00000026765	Lypd6b	FALSE	FALSE	TRUE
ENSMUSG00000017144	Rnd3	FALSE	FALSE	TRUE
ENSMUSG00000036202	Rif1	FALSE	FALSE	TRUE
ENSMUSG00000026827	Gpd2	FALSE	FALSE	TRUE
ENSMUSG00000086862	Gm13546	FALSE	FALSE	TRUE
ENSMUSG00000087455	5330411J11Rik	FALSE	FALSE	TRUE
ENSMUSG00000026987	Baz2b	FALSE	FALSE	TRUE
ENSMUSG00000026977	March7	FALSE	FALSE	TRUE
ENSMUSG00000034903	Cobll1	FALSE	FALSE	TRUE
ENSMUSG00000027022	Xirp2	FALSE	FALSE	TRUE
ENSMUSG00000034738	Nostrin	FALSE	FALSE	TRUE
ENSMUSG00000089902	Gm13625	FALSE	FALSE	TRUE
ENSMUSG00000044308	Ubr3	FALSE	FALSE	TRUE
ENSMUSG00000023391	Dlx2	FALSE	FALSE	TRUE
ENSMUSG00000004085	Map3k20	FALSE	FALSE	TRUE
ENSMUSG00000015839	Nfe2l2	FALSE	FALSE	TRUE
ENSMUSG00000051747	Ttn	FALSE	FALSE	TRUE
ENSMUSG00000027082	Tfpi	FALSE	FALSE	TRUE
ENSMUSG00000027078	Ube2l6	FALSE	FALSE	TRUE
ENSMUSG00000027077	Smtnl1	FALSE	FALSE	TRUE
ENSMUSG00000025838	Pramel6	FALSE	FALSE	TRUE
ENSMUSG00000027244	Atg13	FALSE	FALSE	TRUE
ENSMUSG00000027230	Creb3l1	FALSE	FALSE	TRUE
ENSMUSG00000058318	Phf21a	FALSE	FALSE	TRUE
ENSMUSG00000075015	Gm10801	FALSE	FALSE	TRUE
ENSMUSG00000032724	Abtb2	FALSE	FALSE	TRUE
ENSMUSG00000074994	Qser1	FALSE	FALSE	TRUE
ENSMUSG00000016386	Mpped2	FALSE	FALSE	TRUE
ENSMUSG00000074923	Pak6	FALSE	FALSE	TRUE
ENSMUSG00000040007	Bahd1	FALSE	FALSE	TRUE
ENSMUSG00000046814	Gchfr	FALSE	FALSE	TRUE
ENSMUSG00000034226	Rhov	FALSE	FALSE	TRUE
ENSMUSG00000027313	Chac1	FALSE	FALSE	TRUE
ENSMUSG00000027296	Itpka	FALSE	FALSE	TRUE
ENSMUSG00000079110	Capn3	FALSE	FALSE	TRUE
ENSMUSG00000090100	Ttbk2	FALSE	FALSE	TRUE
ENSMUSG00000027254	Map1a	FALSE	FALSE	TRUE
ENSMUSG00000027199	Gatm	FALSE	FALSE	TRUE
ENSMUSG00000027204	Fbn1	FALSE	FALSE	TRUE
ENSMUSG00000074825	Itpripl1	FALSE	FALSE	TRUE
ENSMUSG00000046338	Gpat2	FALSE	FALSE	TRUE
ENSMUSG00000027375	Mal	FALSE	FALSE	TRUE
ENSMUSG00000074813	Morrbid	FALSE	FALSE	TRUE
ENSMUSG00000056738	A730036I17Rik	FALSE	FALSE	TRUE
ENSMUSG00000037902	Sirpa	FALSE	FALSE	TRUE
ENSMUSG00000027408	Cpxm1	FALSE	FALSE	TRUE
ENSMUSG00000027411	Vps16	FALSE	FALSE	TRUE
ENSMUSG00000027338	Prnd	FALSE	FALSE	TRUE
ENSMUSG00000027346	Gpcpd1	FALSE	FALSE	TRUE
ENSMUSG00000027358	Bmp2	FALSE	FALSE	TRUE
ENSMUSG00000027281	Slx4ip	FALSE	FALSE	TRUE
ENSMUSG00000027427	Polr3f	FALSE	FALSE	TRUE
ENSMUSG00000038241	Cep250	FALSE	FALSE	TRUE
ENSMUSG00000027635	Dsn1	FALSE	FALSE	TRUE
ENSMUSG00000037843	Vstm2l	FALSE	FALSE	TRUE
ENSMUSG00000027652	Ralgapb	FALSE	FALSE	TRUE
ENSMUSG00000017817	Jph2	FALSE	FALSE	TRUE
ENSMUSG00000078949	R3hdml	FALSE	FALSE	TRUE
ENSMUSG00000054582	Pabpc1l	FALSE	FALSE	TRUE
ENSMUSG00000051769	Wfdc15a	FALSE	FALSE	TRUE
ENSMUSG00000017723	Wfdc2	FALSE	FALSE	TRUE
ENSMUSG00000017300	Tnnc2	FALSE	FALSE	TRUE
ENSMUSG00000027678	Ncoa3	FALSE	FALSE	TRUE
ENSMUSG00000017929	B4galt5	FALSE	FALSE	TRUE
ENSMUSG00000027546	Atp9a	FALSE	FALSE	TRUE
ENSMUSG00000052368	Gm9873	FALSE	FALSE	TRUE
ENSMUSG00000074570	Cass4	FALSE	FALSE	TRUE
ENSMUSG00000039263	Npepl1	FALSE	FALSE	TRUE
ENSMUSG00000038914	Dido1	FALSE	FALSE	TRUE
ENSMUSG00000059540	Tcea2	FALSE	FALSE	TRUE
ENSMUSG00000027499	Pkia	FALSE	FALSE	TRUE
ENSMUSG00000027533	Fabp5	FALSE	FALSE	TRUE
ENSMUSG00000052468	Pmp2	FALSE	FALSE	TRUE
ENSMUSG00000069094	Pde7a	FALSE	FALSE	TRUE
ENSMUSG00000027692	Tnik	FALSE	FALSE	TRUE
ENSMUSG00000037652	Phc3	FALSE	FALSE	TRUE
ENSMUSG00000105265	Sox2ot	FALSE	FALSE	TRUE
ENSMUSG00000106519	Gm38509	FALSE	FALSE	TRUE
ENSMUSG00000037400	Atp11b	FALSE	FALSE	TRUE
ENSMUSG00000027712	Anxa5	FALSE	FALSE	TRUE
ENSMUSG00000085007	Gm11549	FALSE	FALSE	TRUE
ENSMUSG00000049940	Pgrmc2	FALSE	FALSE	TRUE
ENSMUSG00000037111	Setd7	FALSE	FALSE	TRUE
ENSMUSG00000048332	Lhfp	FALSE	FALSE	TRUE
ENSMUSG00000036615	Rfxap	FALSE	FALSE	TRUE
ENSMUSG00000027794	Sohlh2	FALSE	FALSE	TRUE
ENSMUSG00000036894	Rap2b	FALSE	FALSE	TRUE
ENSMUSG00000027832	Ptx3	FALSE	FALSE	TRUE
ENSMUSG00000027995	Tlr2	FALSE	FALSE	TRUE
ENSMUSG00000057777	Mab21l2	FALSE	FALSE	TRUE
ENSMUSG00000041977	Arhgef11	FALSE	FALSE	TRUE
ENSMUSG00000004895	Prcc	FALSE	FALSE	TRUE
ENSMUSG00000001420	Tmem79	FALSE	FALSE	TRUE
ENSMUSG00000028053	Ash1l	FALSE	FALSE	TRUE
ENSMUSG00000042766	Trim46	FALSE	FALSE	TRUE
ENSMUSG00000052310	Slc39a1	FALSE	FALSE	TRUE
ENSMUSG00000001025	S100a6	FALSE	FALSE	TRUE
ENSMUSG00000043165	Lor	FALSE	FALSE	TRUE
ENSMUSG00000074445	Sprr2a3	FALSE	FALSE	TRUE
ENSMUSG00000049593	Lce1h	FALSE	FALSE	TRUE
ENSMUSG00000041959	S100a10	FALSE	FALSE	TRUE
ENSMUSG00000005968	Tuft1	FALSE	FALSE	TRUE
ENSMUSG00000053192	Mllt11	FALSE	FALSE	TRUE
ENSMUSG00000028108	Ecm1	FALSE	FALSE	TRUE
ENSMUSG00000054312	Mrps21	FALSE	FALSE	TRUE
ENSMUSG00000038393	Txnip	FALSE	FALSE	TRUE
ENSMUSG00000028093	Acp6	FALSE	FALSE	TRUE
ENSMUSG00000038256	Bcl9	FALSE	FALSE	TRUE
ENSMUSG00000050064	Zfp697	FALSE	FALSE	TRUE
ENSMUSG00000004233	Wars2	FALSE	FALSE	TRUE
ENSMUSG00000027860	Vangl1	FALSE	FALSE	TRUE
ENSMUSG00000104671	Gm43062	FALSE	FALSE	TRUE
ENSMUSG00000044165	Bcl2l15	FALSE	FALSE	TRUE
ENSMUSG00000032902	Slc16a1	FALSE	FALSE	TRUE
ENSMUSG00000002233	Rhoc	FALSE	FALSE	TRUE
ENSMUSG00000105655	Gm42659	FALSE	FALSE	TRUE
ENSMUSG00000014599	Csf1	FALSE	FALSE	TRUE
ENSMUSG00000004032	Gstm5	FALSE	FALSE	TRUE
ENSMUSG00000050947	Amigo1	FALSE	FALSE	TRUE
ENSMUSG00000040322	Slc25a24	FALSE	FALSE	TRUE
ENSMUSG00000105509	C130013H08Rik	FALSE	FALSE	TRUE
ENSMUSG00000028023	Pitx2	FALSE	FALSE	TRUE
ENSMUSG00000041220	Elovl6	FALSE	FALSE	TRUE
ENSMUSG00000105960	6330410L21Rik	FALSE	FALSE	TRUE
ENSMUSG00000027999	Pla2g12a	FALSE	FALSE	TRUE
ENSMUSG00000053897	Slc39a8	FALSE	FALSE	TRUE
ENSMUSG00000074207	Adh1	FALSE	FALSE	TRUE
ENSMUSG00000059921	Unc5c	FALSE	FALSE	TRUE
ENSMUSG00000040213	Kyat3	FALSE	FALSE	TRUE
ENSMUSG00000040151	Hs2st1	FALSE	FALSE	TRUE
ENSMUSG00000037033	Clca3b	FALSE	FALSE	TRUE
ENSMUSG00000036853	Mcoln3	FALSE	FALSE	TRUE
ENSMUSG00000028184	Adgrl2	FALSE	FALSE	TRUE
ENSMUSG00000059482	2610301B20Rik	FALSE	FALSE	TRUE
ENSMUSG00000028211	Trp53inp1	FALSE	FALSE	TRUE
ENSMUSG00000006586	Runx1t1	FALSE	FALSE	TRUE
ENSMUSG00000073987	Ggh	FALSE	FALSE	TRUE
ENSMUSG00000095139	Pou3f2	FALSE	FALSE	TRUE
ENSMUSG00000028294	Cfap206	FALSE	FALSE	TRUE
ENSMUSG00000028443	Nudt2	FALSE	FALSE	TRUE
ENSMUSG00000061322	Dnaic1	FALSE	FALSE	TRUE
ENSMUSG00000028444	Cntfr	FALSE	FALSE	TRUE
ENSMUSG00000028480	Glipr2	FALSE	FALSE	TRUE
ENSMUSG00000028318	Polr1e	FALSE	FALSE	TRUE
ENSMUSG00000044813	Shb	FALSE	FALSE	TRUE
ENSMUSG00000035517	Tdrd7	FALSE	FALSE	TRUE
ENSMUSG00000039813	Tbc1d2	FALSE	FALSE	TRUE
ENSMUSG00000028347	Tmeff1	FALSE	FALSE	TRUE
ENSMUSG00000028307	Aldob	FALSE	FALSE	TRUE
ENSMUSG00000039611	Tmem246	FALSE	FALSE	TRUE
ENSMUSG00000015243	Abca1	FALSE	FALSE	TRUE
ENSMUSG00000054752	Fsd1l	FALSE	FALSE	TRUE
ENSMUSG00000003032	Klf4	FALSE	FALSE	TRUE
ENSMUSG00000038668	Lpar1	FALSE	FALSE	TRUE
ENSMUSG00000078689	Mup6	FALSE	FALSE	TRUE
ENSMUSG00000028392	Bspry	FALSE	FALSE	TRUE
ENSMUSG00000043003	Rasef	FALSE	FALSE	TRUE
ENSMUSG00000028483	Snapc3	FALSE	FALSE	TRUE
ENSMUSG00000038024	Dennd4c	FALSE	FALSE	TRUE
ENSMUSG00000062937	Mtap	FALSE	FALSE	TRUE
ENSMUSG00000073802	Cdkn2b	FALSE	FALSE	TRUE
ENSMUSG00000061859	Patj	FALSE	FALSE	TRUE
ENSMUSG00000035407	Kank4	FALSE	FALSE	TRUE
ENSMUSG00000067261	Foxd3	FALSE	FALSE	TRUE
ENSMUSG00000073792	Alg6	FALSE	FALSE	TRUE
ENSMUSG00000046133	C130073F10Rik	FALSE	FALSE	TRUE
ENSMUSG00000028517	Plpp3	FALSE	FALSE	TRUE
ENSMUSG00000063172	Hspb11	FALSE	FALSE	TRUE
ENSMUSG00000028613	Lrp8	FALSE	FALSE	TRUE
ENSMUSG00000034610	Tut4	FALSE	FALSE	TRUE
ENSMUSG00000070867	Trabd2b	FALSE	FALSE	TRUE
ENSMUSG00000028703	Lrrc41	FALSE	FALSE	TRUE
ENSMUSG00000073771	Btbd19	FALSE	FALSE	TRUE
ENSMUSG00000028680	Plk3	FALSE	FALSE	TRUE
ENSMUSG00000048772	Tmem53	FALSE	FALSE	TRUE
ENSMUSG00000028643	Svbp	FALSE	FALSE	TRUE
ENSMUSG00000028636	Ppcs	FALSE	FALSE	TRUE
ENSMUSG00000028656	Cap1	FALSE	FALSE	TRUE
ENSMUSG00000002384	Bmp8b	FALSE	FALSE	TRUE
ENSMUSG00000032643	Fhl3	FALSE	FALSE	TRUE
ENSMUSG00000044730	9930104L06Rik	FALSE	FALSE	TRUE
ENSMUSG00000028849	Map7d1	FALSE	FALSE	TRUE
ENSMUSG00000028786	Tmem54	FALSE	FALSE	TRUE
ENSMUSG00000028773	Fabp3	FALSE	FALSE	TRUE
ENSMUSG00000028581	Laptm5	FALSE	FALSE	TRUE
ENSMUSG00000028878	Fam76a	FALSE	FALSE	TRUE
ENSMUSG00000046694	Tent5b	FALSE	FALSE	TRUE
ENSMUSG00000047281	Sfn	FALSE	FALSE	TRUE
ENSMUSG00000012126	Ubxn11	FALSE	FALSE	TRUE
ENSMUSG00000028841	Cnksr1	FALSE	FALSE	TRUE
ENSMUSG00000050989	Selenon	FALSE	FALSE	TRUE
ENSMUSG00000059713	Rcan3	FALSE	FALSE	TRUE
ENSMUSG00000028672	Hmgcl	FALSE	FALSE	TRUE
ENSMUSG00000070687	Htr1d	FALSE	FALSE	TRUE
ENSMUSG00000028760	Eif4g3	FALSE	FALSE	TRUE
ENSMUSG00000028756	Pink1	FALSE	FALSE	TRUE
ENSMUSG00000041241	Mul1	FALSE	FALSE	TRUE
ENSMUSG00000041025	Iffo2	FALSE	FALSE	TRUE
ENSMUSG00000025330	Padi4	FALSE	FALSE	TRUE
ENSMUSG00000006218	Fam131c	FALSE	FALSE	TRUE
ENSMUSG00000020220	Vps13d	FALSE	FALSE	TRUE
ENSMUSG00000028602	Tnfrsf8	FALSE	FALSE	TRUE
ENSMUSG00000078503	Zfp990	FALSE	FALSE	TRUE
ENSMUSG00000078502	Gm13212	FALSE	FALSE	TRUE
ENSMUSG00000085525	Gm13166	FALSE	FALSE	TRUE
ENSMUSG00000056300	Zfp981	FALSE	FALSE	TRUE
ENSMUSG00000067919	Rex2	FALSE	FALSE	TRUE
ENSMUSG00000078498	Zfp988	FALSE	FALSE	TRUE
ENSMUSG00000029022	Miip	FALSE	FALSE	TRUE
ENSMUSG00000029001	Fbxo44	FALSE	FALSE	TRUE
ENSMUSG00000028977	Casz1	FALSE	FALSE	TRUE
ENSMUSG00000028937	Acot7	FALSE	FALSE	TRUE
ENSMUSG00000028931	Kcnab2	FALSE	FALSE	TRUE
ENSMUSG00000029026	Trp73	FALSE	FALSE	TRUE
ENSMUSG00000086810	Gm13110	FALSE	FALSE	TRUE
ENSMUSG00000029060	Mib2	FALSE	FALSE	TRUE
ENSMUSG00000029070	Mxra8	FALSE	FALSE	TRUE
ENSMUSG00000029076	Sdf4	FALSE	FALSE	TRUE
ENSMUSG00000040351	Ankib1	FALSE	FALSE	TRUE
ENSMUSG00000015653	Steap2	FALSE	FALSE	TRUE
ENSMUSG00000015652	Steap1	FALSE	FALSE	TRUE
ENSMUSG00000040584	Abcb1a	FALSE	FALSE	TRUE
ENSMUSG00000039934	Gsap	FALSE	FALSE	TRUE
ENSMUSG00000038295	Atg9b	FALSE	FALSE	TRUE
ENSMUSG00000028944	Prkag2	FALSE	FALSE	TRUE
ENSMUSG00000038056	Kmt2c	FALSE	FALSE	TRUE
ENSMUSG00000029168	Dpysl5	FALSE	FALSE	TRUE
ENSMUSG00000029151	Slc30a3	FALSE	FALSE	TRUE
ENSMUSG00000053856	Dnajc5g	FALSE	FALSE	TRUE
ENSMUSG00000038552	Fndc4	FALSE	FALSE	TRUE
ENSMUSG00000107142	4930566F21Rik	FALSE	FALSE	TRUE
ENSMUSG00000011034	Slc5a1	FALSE	FALSE	TRUE
ENSMUSG00000057406	Nsd2	FALSE	FALSE	TRUE
ENSMUSG00000029103	Lrpap1	FALSE	FALSE	TRUE
ENSMUSG00000036553	Sh3tc1	FALSE	FALSE	TRUE
ENSMUSG00000029122	Evc	FALSE	FALSE	TRUE
ENSMUSG00000050248	Evc2	FALSE	FALSE	TRUE
ENSMUSG00000051596	Otop1	FALSE	FALSE	TRUE
ENSMUSG00000005103	Wdr1	FALSE	FALSE	TRUE
ENSMUSG00000029084	Cd38	FALSE	FALSE	TRUE
ENSMUSG00000029086	Prom1	FALSE	FALSE	TRUE
ENSMUSG00000015806	Qdpr	FALSE	FALSE	TRUE
ENSMUSG00000107111	Gm40304	FALSE	FALSE	TRUE
ENSMUSG00000060512	0610040J01Rik	FALSE	FALSE	TRUE
ENSMUSG00000029171	Pgm2	FALSE	FALSE	TRUE
ENSMUSG00000029178	Klf3	FALSE	FALSE	TRUE
ENSMUSG00000037736	Limch1	FALSE	FALSE	TRUE
ENSMUSG00000029231	Pdgfra	FALSE	FALSE	TRUE
ENSMUSG00000035851	Ythdc1	FALSE	FALSE	TRUE
ENSMUSG00000029260	Ugt2b34	FALSE	FALSE	TRUE
ENSMUSG00000034981	Parm1	FALSE	FALSE	TRUE
ENSMUSG00000029403	Cdkl2	FALSE	FALSE	TRUE
ENSMUSG00000047963	Stbd1	FALSE	FALSE	TRUE
ENSMUSG00000034687	Fras1	FALSE	FALSE	TRUE
ENSMUSG00000089809	Rasgef1b	FALSE	FALSE	TRUE
ENSMUSG00000091623	Gm17092	FALSE	FALSE	TRUE
ENSMUSG00000050640	Tmem150c	FALSE	FALSE	TRUE
ENSMUSG00000034573	Ptpn13	FALSE	FALSE	TRUE
ENSMUSG00000029310	Nudt9	FALSE	FALSE	TRUE
ENSMUSG00000097392	D930016D06Rik	FALSE	FALSE	TRUE
ENSMUSG00000079363	Gbp4	FALSE	FALSE	TRUE
ENSMUSG00000070639	Lrrc8b	FALSE	FALSE	TRUE
ENSMUSG00000054720	Lrrc8c	FALSE	FALSE	TRUE
ENSMUSG00000046079	Lrrc8d	FALSE	FALSE	TRUE
ENSMUSG00000111375	Btbd8	FALSE	FALSE	TRUE
ENSMUSG00000033467	Crlf2	FALSE	FALSE	TRUE
ENSMUSG00000029512	Ulk1	FALSE	FALSE	TRUE
ENSMUSG00000029344	Tpst2	FALSE	FALSE	TRUE
ENSMUSG00000042249	Grk3	FALSE	FALSE	TRUE
ENSMUSG00000042190	Cmklr1	FALSE	FALSE	TRUE
ENSMUSG00000029591	Ung	FALSE	FALSE	TRUE
ENSMUSG00000041930	Fam222a	FALSE	FALSE	TRUE
ENSMUSG00000041890	Git2	FALSE	FALSE	TRUE
ENSMUSG00000066900	Suds3	FALSE	FALSE	TRUE
ENSMUSG00000029359	Tesc	FALSE	FALSE	TRUE
ENSMUSG00000018604	Tbx3	FALSE	FALSE	TRUE
ENSMUSG00000032754	Slc8b1	FALSE	FALSE	TRUE
ENSMUSG00000043036	Ccdc63	FALSE	FALSE	TRUE
ENSMUSG00000038582	Pptc7	FALSE	FALSE	TRUE
ENSMUSG00000029471	Camkk2	FALSE	FALSE	TRUE
ENSMUSG00000049686	Orai1	FALSE	FALSE	TRUE
ENSMUSG00000105039	Gm32585	FALSE	FALSE	TRUE
ENSMUSG00000037905	Bri3bp	FALSE	FALSE	TRUE
ENSMUSG00000025534	Gusb	FALSE	FALSE	TRUE
ENSMUSG00000025533	Asl	FALSE	FALSE	TRUE
ENSMUSG00000023079	Gtf2ird1	FALSE	FALSE	TRUE
ENSMUSG00000029675	Eln	FALSE	FALSE	TRUE
ENSMUSG00000040557	Mettl27	FALSE	FALSE	TRUE
ENSMUSG00000039917	Rhbdd2	FALSE	FALSE	TRUE
ENSMUSG00000023348	Trip6	FALSE	FALSE	TRUE
ENSMUSG00000037221	Mospd3	FALSE	FALSE	TRUE
ENSMUSG00000036948	Map11	FALSE	FALSE	TRUE
ENSMUSG00000036687	Tmem184a	FALSE	FALSE	TRUE
ENSMUSG00000074817	Papolb	FALSE	FALSE	TRUE
ENSMUSG00000029580	Actb	FALSE	FALSE	TRUE
ENSMUSG00000045078	Rnf216	FALSE	FALSE	TRUE
ENSMUSG00000029627	Zkscan14	FALSE	FALSE	TRUE
ENSMUSG00000029640	Usp12	FALSE	FALSE	TRUE
ENSMUSG00000029646	Cdx2	FALSE	FALSE	TRUE
ENSMUSG00000016128	Stard13	FALSE	FALSE	TRUE
ENSMUSG00000092035	Peg10	FALSE	FALSE	TRUE
ENSMUSG00000019577	Pdk4	FALSE	FALSE	TRUE
ENSMUSG00000062995	Ica1	FALSE	FALSE	TRUE
ENSMUSG00000029552	Tes	FALSE	FALSE	TRUE
ENSMUSG00000007655	Cav1	FALSE	FALSE	TRUE
ENSMUSG00000029534	St7	FALSE	FALSE	TRUE
ENSMUSG00000029669	Tspan12	FALSE	FALSE	TRUE
ENSMUSG00000062980	Cped1	FALSE	FALSE	TRUE
ENSMUSG00000068699	Flnc	FALSE	FALSE	TRUE
ENSMUSG00000001761	Smo	FALSE	FALSE	TRUE
ENSMUSG00000029772	Ahcyl2	FALSE	FALSE	TRUE
ENSMUSG00000029848	Stra8	FALSE	FALSE	TRUE
ENSMUSG00000038538	Ubn2	FALSE	FALSE	TRUE
ENSMUSG00000029860	Zyx	FALSE	FALSE	TRUE
ENSMUSG00000036667	Tcaf1	FALSE	FALSE	TRUE
ENSMUSG00000033542	Arhgef5	FALSE	FALSE	TRUE
ENSMUSG00000029735	Tpk1	FALSE	FALSE	TRUE
ENSMUSG00000029814	Igf2bp3	FALSE	FALSE	TRUE
ENSMUSG00000029844	Hoxa1	FALSE	FALSE	TRUE
ENSMUSG00000079560	Hoxa3	FALSE	FALSE	TRUE
ENSMUSG00000038253	Hoxa5	FALSE	FALSE	TRUE
ENSMUSG00000038236	Hoxa7	FALSE	FALSE	TRUE
ENSMUSG00000037788	Vopp1	FALSE	FALSE	TRUE
ENSMUSG00000055430	Nap1l5	FALSE	FALSE	TRUE
ENSMUSG00000073043	Atoh1	FALSE	FALSE	TRUE
ENSMUSG00000036402	Gng12	FALSE	FALSE	TRUE
ENSMUSG00000076609	Igkc	FALSE	FALSE	TRUE
ENSMUSG00000055799	Tcf7l1	FALSE	FALSE	TRUE
ENSMUSG00000059654	Reg1	FALSE	FALSE	TRUE
ENSMUSG00000030042	Pole4	FALSE	FALSE	TRUE
ENSMUSG00000108660	Gm21284	FALSE	FALSE	TRUE
ENSMUSG00000051343	Rab11fip5	FALSE	FALSE	TRUE
ENSMUSG00000030002	Dusp11	FALSE	FALSE	TRUE
ENSMUSG00000029994	Anxa4	FALSE	FALSE	TRUE
ENSMUSG00000030093	Wnt7a	FALSE	FALSE	TRUE
ENSMUSG00000035199	Arl6ip5	FALSE	FALSE	TRUE
ENSMUSG00000030064	Frmd4b	FALSE	FALSE	TRUE
ENSMUSG00000030067	Foxp1	FALSE	FALSE	TRUE
ENSMUSG00000030103	Bhlhe40	FALSE	FALSE	TRUE
ENSMUSG00000030276	Ttll3	FALSE	FALSE	TRUE
ENSMUSG00000060477	Irak2	FALSE	FALSE	TRUE
ENSMUSG00000059900	Tmem40	FALSE	FALSE	TRUE
ENSMUSG00000059878	Zfp422	FALSE	FALSE	TRUE
ENSMUSG00000038527	C1rl	FALSE	FALSE	TRUE
ENSMUSG00000023456	Tpi1	FALSE	FALSE	TRUE
ENSMUSG00000030329	Pianp	FALSE	FALSE	TRUE
ENSMUSG00000038279	Nop2	FALSE	FALSE	TRUE
ENSMUSG00000000184	Ccnd2	FALSE	FALSE	TRUE
ENSMUSG00000030350	Prmt8	FALSE	FALSE	TRUE
ENSMUSG00000046733	Gprc5a	FALSE	FALSE	TRUE
ENSMUSG00000030206	Gsg1	FALSE	FALSE	TRUE
ENSMUSG00000030222	Rerg	FALSE	FALSE	TRUE
ENSMUSG00000030246	Ldhb	FALSE	FALSE	TRUE
ENSMUSG00000030283	St8sia1	FALSE	FALSE	TRUE
ENSMUSG00000016487	Ppfibp1	FALSE	FALSE	TRUE
ENSMUSG00000039985	Sinhcaf	FALSE	FALSE	TRUE
ENSMUSG00000068566	Myadm	FALSE	FALSE	TRUE
ENSMUSG00000035632	Cnot3	FALSE	FALSE	TRUE
ENSMUSG00000019254	Ppp1r12c	FALSE	FALSE	TRUE
ENSMUSG00000030431	Tmem238	FALSE	FALSE	TRUE
ENSMUSG00000061374	Fiz1	FALSE	FALSE	TRUE
ENSMUSG00000035228	Ccdc106	FALSE	FALSE	TRUE
ENSMUSG00000034690	Nlrp4c	FALSE	FALSE	TRUE
ENSMUSG00000109398	Gm3854	FALSE	FALSE	TRUE
ENSMUSG00000005575	Ube2m	FALSE	FALSE	TRUE
ENSMUSG00000070816	Vmn1r86	FALSE	FALSE	TRUE
ENSMUSG00000041571	Selenow	FALSE	FALSE	TRUE
ENSMUSG00000074364	Ehd2	FALSE	FALSE	TRUE
ENSMUSG00000004328	Hif3a	FALSE	FALSE	TRUE
ENSMUSG00000040841	Six5	FALSE	FALSE	TRUE
ENSMUSG00000030402	Ppm1n	FALSE	FALSE	TRUE
ENSMUSG00000003545	Fosb	FALSE	FALSE	TRUE
ENSMUSG00000003549	Ercc1	FALSE	FALSE	TRUE
ENSMUSG00000040734	Ppp1r13l	FALSE	FALSE	TRUE
ENSMUSG00000051403	Ppp1r37	FALSE	FALSE	TRUE
ENSMUSG00000002992	Apoc2	FALSE	FALSE	TRUE
ENSMUSG00000040498	Igsf23	FALSE	FALSE	TRUE
ENSMUSG00000005442	Cic	FALSE	FALSE	TRUE
ENSMUSG00000074272	Ceacam1	FALSE	FALSE	TRUE
ENSMUSG00000061702	Tmem91	FALSE	FALSE	TRUE
ENSMUSG00000002602	Axl	FALSE	FALSE	TRUE
ENSMUSG00000058709	Egln2	FALSE	FALSE	TRUE
ENSMUSG00000063160	Numbl	FALSE	FALSE	TRUE
ENSMUSG00000055200	Sertad3	FALSE	FALSE	TRUE
ENSMUSG00000053198	Prx	FALSE	FALSE	TRUE
ENSMUSG00000057093	Zfp607b	FALSE	FALSE	TRUE
ENSMUSG00000070709	Zfp974	FALSE	FALSE	TRUE
ENSMUSG00000037552	Plekhg2	FALSE	FALSE	TRUE
ENSMUSG00000030592	Ryr1	FALSE	FALSE	TRUE
ENSMUSG00000030589	Rasgrp4	FALSE	FALSE	TRUE
ENSMUSG00000030587	2200002D01Rik	FALSE	FALSE	TRUE
ENSMUSG00000047473	Zfp30	FALSE	FALSE	TRUE
ENSMUSG00000074218	Cox7a1	FALSE	FALSE	TRUE
ENSMUSG00000037020	Wdr62	FALSE	FALSE	TRUE
ENSMUSG00000013921	Clip3	FALSE	FALSE	TRUE
ENSMUSG00000036957	Lrfn3	FALSE	FALSE	TRUE
ENSMUSG00000006649	Nphs1	FALSE	FALSE	TRUE
ENSMUSG00000036751	Cox6b1	FALSE	FALSE	TRUE
ENSMUSG00000001247	Lsr	FALSE	FALSE	TRUE
ENSMUSG00000044452	Zfp507	FALSE	FALSE	TRUE
ENSMUSG00000092032	Vmn2r59	FALSE	FALSE	TRUE
ENSMUSG00000092416	Zfp141	FALSE	FALSE	TRUE
ENSMUSG00000108446	Gm44997	FALSE	FALSE	TRUE
ENSMUSG00000030693	Klk10	FALSE	FALSE	TRUE
ENSMUSG00000008140	Emc10	FALSE	FALSE	TRUE
ENSMUSG00000003184	Irf3	FALSE	FALSE	TRUE
ENSMUSG00000038387	Rras	FALSE	FALSE	TRUE
ENSMUSG00000019539	Rcn3	FALSE	FALSE	TRUE
ENSMUSG00000038292	Ccdc155	FALSE	FALSE	TRUE
ENSMUSG00000003868	Ruvbl2	FALSE	FALSE	TRUE
ENSMUSG00000044562	Rasip1	FALSE	FALSE	TRUE
ENSMUSG00000040212	Emp3	FALSE	FALSE	TRUE
ENSMUSG00000092118	Fancf	FALSE	FALSE	TRUE
ENSMUSG00000030451	Herc2	FALSE	FALSE	TRUE
ENSMUSG00000025324	Atp10a	FALSE	FALSE	TRUE
ENSMUSG00000000948	Gm38393	FALSE	FALSE	TRUE
ENSMUSG00000015133	Lrrk1	FALSE	FALSE	TRUE
ENSMUSG00000032776	Mctp2	FALSE	FALSE	TRUE
ENSMUSG00000078671	Chd2	FALSE	FALSE	TRUE
ENSMUSG00000025790	Slco3a1	FALSE	FALSE	TRUE
ENSMUSG00000097415	AU020206	FALSE	FALSE	TRUE
ENSMUSG00000030605	Mfge8	FALSE	FALSE	TRUE
ENSMUSG00000039202	Abhd2	FALSE	FALSE	TRUE
ENSMUSG00000030549	Rhcg	FALSE	FALSE	TRUE
ENSMUSG00000050973	Gdpgp1	FALSE	FALSE	TRUE
ENSMUSG00000074024	4632427E13Rik	FALSE	FALSE	TRUE
ENSMUSG00000048078	Tenm4	FALSE	FALSE	TRUE
ENSMUSG00000030760	Acer3	FALSE	FALSE	TRUE
ENSMUSG00000070436	Serpinh1	FALSE	FALSE	TRUE
ENSMUSG00000033685	Ucp2	FALSE	FALSE	TRUE
ENSMUSG00000030708	Dnajb13	FALSE	FALSE	TRUE
ENSMUSG00000007946	Phox2a	FALSE	FALSE	TRUE
ENSMUSG00000051182	Olfr655	FALSE	FALSE	TRUE
ENSMUSG00000037060	Cavin3	FALSE	FALSE	TRUE
ENSMUSG00000030890	Ilk	FALSE	FALSE	TRUE
ENSMUSG00000036528	Ppfibp2	FALSE	FALSE	TRUE
ENSMUSG00000030790	Adm	FALSE	FALSE	TRUE
ENSMUSG00000085945	2310014F06Rik	FALSE	FALSE	TRUE
ENSMUSG00000098132	Rassf10	FALSE	FALSE	TRUE
ENSMUSG00000055116	Arntl	FALSE	FALSE	TRUE
ENSMUSG00000055723	Rras2	FALSE	FALSE	TRUE
ENSMUSG00000030669	Calca	FALSE	FALSE	TRUE
ENSMUSG00000030660	Pik3c2a	FALSE	FALSE	TRUE
ENSMUSG00000030650	Tmc5	FALSE	FALSE	TRUE
ENSMUSG00000030769	Slc5a11	FALSE	FALSE	TRUE
ENSMUSG00000049350	Zg16	FALSE	FALSE	TRUE
ENSMUSG00000030830	Itgal	FALSE	FALSE	TRUE
ENSMUSG00000030786	Itgam	FALSE	FALSE	TRUE
ENSMUSG00000030782	Tgfb1i1	FALSE	FALSE	TRUE
ENSMUSG00000006205	Htra1	FALSE	FALSE	TRUE
ENSMUSG00000047517	Dmbt1	FALSE	FALSE	TRUE
ENSMUSG00000048528	Nkx1-2	FALSE	FALSE	TRUE
ENSMUSG00000030946	Lhpp	FALSE	FALSE	TRUE
ENSMUSG00000030986	Dhx32	FALSE	FALSE	TRUE
ENSMUSG00000025509	Pnpla2	FALSE	FALSE	TRUE
ENSMUSG00000048200	Cracr2b	FALSE	FALSE	TRUE
ENSMUSG00000025510	Cd151	FALSE	FALSE	TRUE
ENSMUSG00000025511	Tspan4	FALSE	FALSE	TRUE
ENSMUSG00000048583	Igf2	FALSE	FALSE	TRUE
ENSMUSG00000009248	Ascl2	FALSE	FALSE	TRUE
ENSMUSG00000037606	Osbpl5	FALSE	FALSE	TRUE
ENSMUSG00000050917	Fgf4	FALSE	FALSE	TRUE
ENSMUSG00000031072	LTO1	FALSE	FALSE	TRUE
ENSMUSG00000070348	Ccnd1	FALSE	FALSE	TRUE
ENSMUSG00000047264	Zfp358	FALSE	FALSE	TRUE
ENSMUSG00000048644	Ctxn1	FALSE	FALSE	TRUE
ENSMUSG00000002949	Timm44	FALSE	FALSE	TRUE
ENSMUSG00000040028	Elavl1	FALSE	FALSE	TRUE
ENSMUSG00000001300	Efnb2	FALSE	FALSE	TRUE
ENSMUSG00000056228	Cars2	FALSE	FALSE	TRUE
ENSMUSG00000000759	Tubgcp3	FALSE	FALSE	TRUE
ENSMUSG00000038497	Tmco3	FALSE	FALSE	TRUE
ENSMUSG00000071176	Arhgef10	FALSE	FALSE	TRUE
ENSMUSG00000063362	Alg11	FALSE	FALSE	TRUE
ENSMUSG00000031548	Sfrp1	FALSE	FALSE	TRUE
ENSMUSG00000109141	Gm30692	FALSE	FALSE	TRUE
ENSMUSG00000031565	Fgfr1	FALSE	FALSE	TRUE
ENSMUSG00000031485	Plpbp	FALSE	FALSE	TRUE
ENSMUSG00000031486	Adgra2	FALSE	FALSE	TRUE
ENSMUSG00000031489	Adrb3	FALSE	FALSE	TRUE
ENSMUSG00000039328	Rnf122	FALSE	FALSE	TRUE
ENSMUSG00000031583	Wrn	FALSE	FALSE	TRUE
ENSMUSG00000070056	Mfhas1	FALSE	FALSE	TRUE
ENSMUSG00000039633	Lonrf1	FALSE	FALSE	TRUE
ENSMUSG00000031595	Pdgfrl	FALSE	FALSE	TRUE
ENSMUSG00000070047	Fat1	FALSE	FALSE	TRUE
ENSMUSG00000070044	Fam149a	FALSE	FALSE	TRUE
ENSMUSG00000031626	Sorbs2	FALSE	FALSE	TRUE
ENSMUSG00000031636	Pdlim3	FALSE	FALSE	TRUE
ENSMUSG00000031627	Irf2	FALSE	FALSE	TRUE
ENSMUSG00000096917	2500002B13Rik	FALSE	FALSE	TRUE
ENSMUSG00000058056	Palld	FALSE	FALSE	TRUE
ENSMUSG00000031604	Msmo1	FALSE	FALSE	TRUE
ENSMUSG00000015568	Lpl	FALSE	FALSE	TRUE
ENSMUSG00000031858	Mau2	FALSE	FALSE	TRUE
ENSMUSG00000071078	Nr2c2ap	FALSE	FALSE	TRUE
ENSMUSG00000002345	Borcs8	FALSE	FALSE	TRUE
ENSMUSG00000055707	Klhl26	FALSE	FALSE	TRUE
ENSMUSG00000058833	Rex1bd	FALSE	FALSE	TRUE
ENSMUSG00000031838	Ifi30	FALSE	FALSE	TRUE
ENSMUSG00000007721	Ccdc124	FALSE	FALSE	TRUE
ENSMUSG00000019261	Map1s	FALSE	FALSE	TRUE
ENSMUSG00000031820	Babam1	FALSE	FALSE	TRUE
ENSMUSG00000007950	Abhd8	FALSE	FALSE	TRUE
ENSMUSG00000046718	Bst2	FALSE	FALSE	TRUE
ENSMUSG00000002190	Clgn	FALSE	FALSE	TRUE
ENSMUSG00000074217	2210011C24Rik	FALSE	FALSE	TRUE
ENSMUSG00000052837	Junb	FALSE	FALSE	TRUE
ENSMUSG00000060038	Dhps	FALSE	FALSE	TRUE
ENSMUSG00000059355	Wdr83os	FALSE	FALSE	TRUE
ENSMUSG00000031661	Nkd1	FALSE	FALSE	TRUE
ENSMUSG00000036712	Cyld	FALSE	FALSE	TRUE
ENSMUSG00000043668	Tox3	FALSE	FALSE	TRUE
ENSMUSG00000031740	Mmp2	FALSE	FALSE	TRUE
ENSMUSG00000033192	Lpcat2	FALSE	FALSE	TRUE
ENSMUSG00000031755	Bbs2	FALSE	FALSE	TRUE
ENSMUSG00000063605	Ccdc102a	FALSE	FALSE	TRUE
ENSMUSG00000031875	Cmtm3	FALSE	FALSE	TRUE
ENSMUSG00000014837	4931428F04Rik	FALSE	FALSE	TRUE
ENSMUSG00000014778	Fhod1	FALSE	FALSE	TRUE
ENSMUSG00000014786	Slc9a5	FALSE	FALSE	TRUE
ENSMUSG00000086390	1810019D21Rik	FALSE	FALSE	TRUE
ENSMUSG00000031730	Dhodh	FALSE	FALSE	TRUE
ENSMUSG00000003657	Calb2	FALSE	FALSE	TRUE
ENSMUSG00000031955	Bcar1	FALSE	FALSE	TRUE
ENSMUSG00000034424	Gcsh	FALSE	FALSE	TRUE
ENSMUSG00000031841	Cdh13	FALSE	FALSE	TRUE
ENSMUSG00000031828	Klhl36	FALSE	FALSE	TRUE
ENSMUSG00000006519	Cyba	FALSE	FALSE	TRUE
ENSMUSG00000006587	Snai3	FALSE	FALSE	TRUE
ENSMUSG00000006589	Aprt	FALSE	FALSE	TRUE
ENSMUSG00000099881	2810013P06Rik	FALSE	FALSE	TRUE
ENSMUSG00000000740	Rpl13	FALSE	FALSE	TRUE
ENSMUSG00000001482	Def8	FALSE	FALSE	TRUE
ENSMUSG00000039960	Rhou	FALSE	FALSE	TRUE
ENSMUSG00000050751	Pgbd5	FALSE	FALSE	TRUE
ENSMUSG00000031982	Arv1	FALSE	FALSE	TRUE
ENSMUSG00000036913	Trim67	FALSE	FALSE	TRUE
ENSMUSG00000090290	Tarbp1	FALSE	FALSE	TRUE
ENSMUSG00000051495	Irf2bp2	FALSE	FALSE	TRUE
ENSMUSG00000025809	Itgb1	FALSE	FALSE	TRUE
ENSMUSG00000096385	Gm11168	FALSE	FALSE	TRUE
ENSMUSG00000095547	Gm10719	FALSE	FALSE	TRUE
ENSMUSG00000095186	Gm10718	FALSE	FALSE	TRUE
ENSMUSG00000095891	Gm10717	FALSE	FALSE	TRUE
ENSMUSG00000096736	Gm17535	FALSE	FALSE	TRUE
ENSMUSG00000096201	Gm10715	FALSE	FALSE	TRUE
ENSMUSG00000050912	Tmem123	FALSE	FALSE	TRUE
ENSMUSG00000013076	Amotl1	FALSE	FALSE	TRUE
ENSMUSG00000036912	Piwil4	FALSE	FALSE	TRUE
ENSMUSG00000058173	Smco4	FALSE	FALSE	TRUE
ENSMUSG00000043895	S1pr2	FALSE	FALSE	TRUE
ENSMUSG00000032177	Pde4a	FALSE	FALSE	TRUE
ENSMUSG00000003309	Ap1m2	FALSE	FALSE	TRUE
ENSMUSG00000057982	Zfp809	FALSE	FALSE	TRUE
ENSMUSG00000035024	Ncapd3	FALSE	FALSE	TRUE
ENSMUSG00000032035	Ets1	FALSE	FALSE	TRUE
ENSMUSG00000032101	Ddx25	FALSE	FALSE	TRUE
ENSMUSG00000032122	Slc37a2	FALSE	FALSE	TRUE
ENSMUSG00000061039	Olfr920	FALSE	FALSE	TRUE
ENSMUSG00000032024	Clmp	FALSE	FALSE	TRUE
ENSMUSG00000032020	Ubash3b	FALSE	FALSE	TRUE
ENSMUSG00000074415	Mir100hg	FALSE	FALSE	TRUE
ENSMUSG00000032015	Pou2f3	FALSE	FALSE	TRUE
ENSMUSG00000032014	Oaf	FALSE	FALSE	TRUE
ENSMUSG00000049932	H2afx	FALSE	FALSE	TRUE
ENSMUSG00000070305	Mpzl3	FALSE	FALSE	TRUE
ENSMUSG00000042790	Rnf214	FALSE	FALSE	TRUE
ENSMUSG00000042293	Gm5617	FALSE	FALSE	TRUE
ENSMUSG00000032067	Pts	FALSE	FALSE	TRUE
ENSMUSG00000032062	2310030G06Rik	FALSE	FALSE	TRUE
ENSMUSG00000032051	Fdx1	FALSE	FALSE	TRUE
ENSMUSG00000078307	AI593442	FALSE	FALSE	TRUE
ENSMUSG00000034218	Atm	FALSE	FALSE	TRUE
ENSMUSG00000041268	Dmxl2	FALSE	FALSE	TRUE
ENSMUSG00000037493	Cib2	FALSE	FALSE	TRUE
ENSMUSG00000035878	Hykk	FALSE	FALSE	TRUE
ENSMUSG00000032320	Rcn2	FALSE	FALSE	TRUE
ENSMUSG00000074269	Rec114	FALSE	FALSE	TRUE
ENSMUSG00000032280	Tle3	FALSE	FALSE	TRUE
ENSMUSG00000086228	Ubap1l	FALSE	FALSE	TRUE
ENSMUSG00000040652	Oaz2	FALSE	FALSE	TRUE
ENSMUSG00000032381	Ciao2a	FALSE	FALSE	TRUE
ENSMUSG00000037674	Rfx7	FALSE	FALSE	TRUE
ENSMUSG00000036030	Prtg	FALSE	FALSE	TRUE
ENSMUSG00000034858	Fam214a	FALSE	FALSE	TRUE
ENSMUSG00000034593	Myo5a	FALSE	FALSE	TRUE
ENSMUSG00000042688	Mapk6	FALSE	FALSE	TRUE
ENSMUSG00000046186	Cd109	FALSE	FALSE	TRUE
ENSMUSG00000032332	Col12a1	FALSE	FALSE	TRUE
ENSMUSG00000049511	Htr1b	FALSE	FALSE	TRUE
ENSMUSG00000043289	Mei4	FALSE	FALSE	TRUE
ENSMUSG00000032411	Tfdp2	FALSE	FALSE	TRUE
ENSMUSG00000101365	Gm19325	FALSE	FALSE	TRUE
ENSMUSG00000044860	Gm1123	FALSE	FALSE	TRUE
ENSMUSG00000023262	Acy1	FALSE	FALSE	TRUE
ENSMUSG00000042210	Abhd14a	FALSE	FALSE	TRUE
ENSMUSG00000023495	Pcbp4	FALSE	FALSE	TRUE
ENSMUSG00000023192	Grm2	FALSE	FALSE	TRUE
ENSMUSG00000010047	Hyal2	FALSE	FALSE	TRUE
ENSMUSG00000057969	Sema3b	FALSE	FALSE	TRUE
ENSMUSG00000032594	Ip6k1	FALSE	FALSE	TRUE
ENSMUSG00000006676	Usp19	FALSE	FALSE	TRUE
ENSMUSG00000062867	Impdh2	FALSE	FALSE	TRUE
ENSMUSG00000064145	Arih2	FALSE	FALSE	TRUE
ENSMUSG00000032491	Nradd	FALSE	FALSE	TRUE
ENSMUSG00000032495	Lrrc2	FALSE	FALSE	TRUE
ENSMUSG00000045594	Glb1	FALSE	FALSE	TRUE
ENSMUSG00000041012	Cmtm8	FALSE	FALSE	TRUE
ENSMUSG00000032440	Tgfbr2	FALSE	FALSE	TRUE
ENSMUSG00000039115	Itga9	FALSE	FALSE	TRUE
ENSMUSG00000010660	Plcd1	FALSE	FALSE	TRUE
ENSMUSG00000010651	Acaa1b	FALSE	FALSE	TRUE
ENSMUSG00000013419	Zfp651	FALSE	FALSE	TRUE
ENSMUSG00000032540	Abhd5	FALSE	FALSE	TRUE
ENSMUSG00000025785	Exosc7	FALSE	FALSE	TRUE
ENSMUSG00000035498	Cdcp1	FALSE	FALSE	TRUE
ENSMUSG00000074829	2010315B03Rik	FALSE	FALSE	TRUE
ENSMUSG00000040624	Plekhg1	FALSE	FALSE	TRUE
ENSMUSG00000060487	Samd5	FALSE	FALSE	TRUE
ENSMUSG00000019790	Stxbp5	FALSE	FALSE	TRUE
ENSMUSG00000019832	Rab32	FALSE	FALSE	TRUE
ENSMUSG00000019820	Utrn	FALSE	FALSE	TRUE
ENSMUSG00000039232	Stx11	FALSE	FALSE	TRUE
ENSMUSG00000039116	Adgrg6	FALSE	FALSE	TRUE
ENSMUSG00000078453	Abracl	FALSE	FALSE	TRUE
ENSMUSG00000019853	Hebp2	FALSE	FALSE	TRUE
ENSMUSG00000019850	Tnfaip3	FALSE	FALSE	TRUE
ENSMUSG00000071369	Map3k5	FALSE	FALSE	TRUE
ENSMUSG00000010461	Eya4	FALSE	FALSE	TRUE
ENSMUSG00000049420	Tmem200a	FALSE	FALSE	TRUE
ENSMUSG00000004360	9330159F19Rik	FALSE	FALSE	TRUE
ENSMUSG00000063760	Rnf217	FALSE	FALSE	TRUE
ENSMUSG00000039497	Dse	FALSE	FALSE	TRUE
ENSMUSG00000069662	Marcks	FALSE	FALSE	TRUE
ENSMUSG00000019846	Lama4	FALSE	FALSE	TRUE
ENSMUSG00000038481	Cdk19	FALSE	FALSE	TRUE
ENSMUSG00000091415	Ak9	FALSE	FALSE	TRUE
ENSMUSG00000038332	Sesn1	FALSE	FALSE	TRUE
ENSMUSG00000071317	Bves	FALSE	FALSE	TRUE
ENSMUSG00000063804	Lin28b	FALSE	FALSE	TRUE
ENSMUSG00000038602	Slc35f1	FALSE	FALSE	TRUE
ENSMUSG00000050953	Gja1	FALSE	FALSE	TRUE
ENSMUSG00000019878	Hsf2	FALSE	FALSE	TRUE
ENSMUSG00000020100	Slc29a3	FALSE	FALSE	TRUE
ENSMUSG00000020099	Unc5b	FALSE	FALSE	TRUE
ENSMUSG00000059901	Adamts14	FALSE	FALSE	TRUE
ENSMUSG00000037171	Nodal	FALSE	FALSE	TRUE
ENSMUSG00000020089	Ppa1	FALSE	FALSE	TRUE
ENSMUSG00000020086	H2afy2	FALSE	FALSE	TRUE
ENSMUSG00000020067	Mypn	FALSE	FALSE	TRUE
ENSMUSG00000097921	Gm26576	FALSE	FALSE	TRUE
ENSMUSG00000037846	Rtkn2	FALSE	FALSE	TRUE
ENSMUSG00000033427	Upb1	FALSE	FALSE	TRUE
ENSMUSG00000009092	Derl3	FALSE	FALSE	TRUE
ENSMUSG00000020230	Prmt2	FALSE	FALSE	TRUE
ENSMUSG00000001151	Pcnt	FALSE	FALSE	TRUE
ENSMUSG00000001150	Mcm3ap	FALSE	FALSE	TRUE
ENSMUSG00000020241	Col6a2	FALSE	FALSE	TRUE
ENSMUSG00000001120	Pcbp3	FALSE	FALSE	TRUE
ENSMUSG00000000730	Dnmt3l	FALSE	FALSE	TRUE
ENSMUSG00000000732	Icosl	FALSE	FALSE	TRUE
ENSMUSG00000005054	Cstb	FALSE	FALSE	TRUE
ENSMUSG00000032714	Syde1	FALSE	FALSE	TRUE
ENSMUSG00000020310	Madcam1	FALSE	FALSE	TRUE
ENSMUSG00000035863	Palm	FALSE	FALSE	TRUE
ENSMUSG00000019564	Arid3a	FALSE	FALSE	TRUE
ENSMUSG00000013858	Tmem259	FALSE	FALSE	TRUE
ENSMUSG00000035697	Arhgap45	FALSE	FALSE	TRUE
ENSMUSG00000075706	Gpx4	FALSE	FALSE	TRUE
ENSMUSG00000003070	Efna2	FALSE	FALSE	TRUE
ENSMUSG00000020135	Apc2	FALSE	FALSE	TRUE
ENSMUSG00000020131	Pcsk4	FALSE	FALSE	TRUE
ENSMUSG00000035486	Plk5	FALSE	FALSE	TRUE
ENSMUSG00000035370	Gm49322	FALSE	FALSE	TRUE
ENSMUSG00000003348	Mob3a	FALSE	FALSE	TRUE
ENSMUSG00000055862	Izumo4	FALSE	FALSE	TRUE
ENSMUSG00000048240	Gng7	FALSE	FALSE	TRUE
ENSMUSG00000034974	Dapk3	FALSE	FALSE	TRUE
ENSMUSG00000034854	Mfsd12	FALSE	FALSE	TRUE
ENSMUSG00000020246	Hcfc2	FALSE	FALSE	TRUE
ENSMUSG00000034612	Chst11	FALSE	FALSE	TRUE
ENSMUSG00000020032	Nuak1	FALSE	FALSE	TRUE
ENSMUSG00000020034	Tcp11l2	FALSE	FALSE	TRUE
ENSMUSG00000020038	Cry1	FALSE	FALSE	TRUE
ENSMUSG00000001786	Fbxo7	FALSE	FALSE	TRUE
ENSMUSG00000020044	Timp3	FALSE	FALSE	TRUE
ENSMUSG00000004359	Spic	FALSE	FALSE	TRUE
ENSMUSG00000008398	Elk3	FALSE	FALSE	TRUE
ENSMUSG00000015889	Lta4h	FALSE	FALSE	TRUE
ENSMUSG00000020017	Hal	FALSE	FALSE	TRUE
ENSMUSG00000045867	Cradd	FALSE	FALSE	TRUE
ENSMUSG00000019971	Cep290	FALSE	FALSE	TRUE
ENSMUSG00000035864	Syt1	FALSE	FALSE	TRUE
ENSMUSG00000020185	E2f7	FALSE	FALSE	TRUE
ENSMUSG00000020205	Phlda1	FALSE	FALSE	TRUE
ENSMUSG00000064181	Rab3ip	FALSE	FALSE	TRUE
ENSMUSG00000112627	4933412E12Rik	FALSE	FALSE	TRUE
ENSMUSG00000034024	Cct2	FALSE	FALSE	TRUE
ENSMUSG00000034813	Grip1	FALSE	FALSE	TRUE
ENSMUSG00000020102	Slc16a7	FALSE	FALSE	TRUE
ENSMUSG00000006731	B4galnt1	FALSE	FALSE	TRUE
ENSMUSG00000019467	Arhgef25	FALSE	FALSE	TRUE
ENSMUSG00000040415	Dtx3	FALSE	FALSE	TRUE
ENSMUSG00000074657	Kif5a	FALSE	FALSE	TRUE
ENSMUSG00000025401	Myo1a	FALSE	FALSE	TRUE
ENSMUSG00000040033	Stat2	FALSE	FALSE	TRUE
ENSMUSG00000018166	Erbb3	FALSE	FALSE	TRUE
ENSMUSG00000002578	Ikzf4	FALSE	FALSE	TRUE
ENSMUSG00000025357	Dgka	FALSE	FALSE	TRUE
ENSMUSG00000034614	Pik3ip1	FALSE	FALSE	TRUE
ENSMUSG00000048807	Slc35e4	FALSE	FALSE	TRUE
ENSMUSG00000020419	Hormad2	FALSE	FALSE	TRUE
ENSMUSG00000020393	Kremen1	FALSE	FALSE	TRUE
ENSMUSG00000049680	Urgcp	FALSE	FALSE	TRUE
ENSMUSG00000020413	Hus1	FALSE	FALSE	TRUE
ENSMUSG00000086468	Etaa1os	FALSE	FALSE	TRUE
ENSMUSG00000085035	Gm12031	FALSE	FALSE	TRUE
ENSMUSG00000049800	Sertad2	FALSE	FALSE	TRUE
ENSMUSG00000049659	Aftph	FALSE	FALSE	TRUE
ENSMUSG00000020275	Rel	FALSE	FALSE	TRUE
ENSMUSG00000020467	Efemp1	FALSE	FALSE	TRUE
ENSMUSG00000020282	Rhbdf1	FALSE	FALSE	TRUE
ENSMUSG00000040711	Sh3pxd2b	FALSE	FALSE	TRUE
ENSMUSG00000050541	Adra1b	FALSE	FALSE	TRUE
ENSMUSG00000040365	Trim41	FALSE	FALSE	TRUE
ENSMUSG00000000782	Tcf7	FALSE	FALSE	TRUE
ENSMUSG00000020519	Sap30l	FALSE	FALSE	TRUE
ENSMUSG00000078851	Hist3h2a	FALSE	FALSE	TRUE
ENSMUSG00000072893	4933439C10Rik	FALSE	FALSE	TRUE
ENSMUSG00000046417	Lrrc75a	FALSE	FALSE	TRUE
ENSMUSG00000018474	Chd3	FALSE	FALSE	TRUE
ENSMUSG00000045377	Tmem88	FALSE	FALSE	TRUE
ENSMUSG00000089669	Tnfsf13	FALSE	FALSE	TRUE
ENSMUSG00000019461	Plscr3	FALSE	FALSE	TRUE
ENSMUSG00000046731	Kctd11	FALSE	FALSE	TRUE
ENSMUSG00000018569	Cldn7	FALSE	FALSE	TRUE
ENSMUSG00000044367	Slc16a13	FALSE	FALSE	TRUE
ENSMUSG00000020831	0610010K14Rik	FALSE	FALSE	TRUE
ENSMUSG00000093989	Rnasek	FALSE	FALSE	TRUE
ENSMUSG00000000320	Alox12	FALSE	FALSE	TRUE
ENSMUSG00000060216	Arrb2	FALSE	FALSE	TRUE
ENSMUSG00000018293	Pfn1	FALSE	FALSE	TRUE
ENSMUSG00000060600	Eno3	FALSE	FALSE	TRUE
ENSMUSG00000020817	Rabep1	FALSE	FALSE	TRUE
ENSMUSG00000020805	Slc13a5	FALSE	FALSE	TRUE
ENSMUSG00000040483	Xaf1	FALSE	FALSE	TRUE
ENSMUSG00000040158	Tax1bp3	FALSE	FALSE	TRUE
ENSMUSG00000038178	Slc43a2	FALSE	FALSE	TRUE
ENSMUSG00000020836	Coro6	FALSE	FALSE	TRUE
ENSMUSG00000037857	Nufip2	FALSE	FALSE	TRUE
ENSMUSG00000020834	Dhrs13	FALSE	FALSE	TRUE
ENSMUSG00000001095	Slc13a2	FALSE	FALSE	TRUE
ENSMUSG00000018334	Ksr1	FALSE	FALSE	TRUE
ENSMUSG00000017548	Suz12	FALSE	FALSE	TRUE
ENSMUSG00000017692	Rhbdl3	FALSE	FALSE	TRUE
ENSMUSG00000034940	Synrg	FALSE	FALSE	TRUE
ENSMUSG00000018697	Aatf	FALSE	FALSE	TRUE
ENSMUSG00000018548	Trim37	FALSE	FALSE	TRUE
ENSMUSG00000018401	Mtmr4	FALSE	FALSE	TRUE
ENSMUSG00000018428	Akap1	FALSE	FALSE	TRUE
ENSMUSG00000057534	Elobl	FALSE	FALSE	TRUE
ENSMUSG00000085152	Gm11496	FALSE	FALSE	TRUE
ENSMUSG00000000276	Dgke	FALSE	FALSE	TRUE
ENSMUSG00000063109	Dgkeos	FALSE	FALSE	TRUE
ENSMUSG00000048616	Nog	FALSE	FALSE	TRUE
ENSMUSG00000110344	Gm45716	FALSE	FALSE	TRUE
ENSMUSG00000059474	Mbtd1	FALSE	FALSE	TRUE
ENSMUSG00000039084	Chad	FALSE	FALSE	TRUE
ENSMUSG00000001507	Itga3	FALSE	FALSE	TRUE
ENSMUSG00000038893	Fam117a	FALSE	FALSE	TRUE
ENSMUSG00000006056	Calcoco2	FALSE	FALSE	TRUE
ENSMUSG00000049807	Arhgap23	FALSE	FALSE	TRUE
ENSMUSG00000062312	Erbb2	FALSE	FALSE	TRUE
ENSMUSG00000020889	Nr1d1	FALSE	FALSE	TRUE
ENSMUSG00000001555	Fkbp10	FALSE	FALSE	TRUE
ENSMUSG00000006782	Cnp	FALSE	FALSE	TRUE
ENSMUSG00000010362	Rdm1	FALSE	FALSE	TRUE
ENSMUSG00000078640	Gm11627	FALSE	FALSE	TRUE
ENSMUSG00000050288	Fzd2	FALSE	FALSE	TRUE
ENSMUSG00000000125	Wnt3	FALSE	FALSE	TRUE
ENSMUSG00000018411	Mapt	FALSE	FALSE	TRUE
ENSMUSG00000020689	Itgb3	FALSE	FALSE	TRUE
ENSMUSG00000053580	Tanc2	FALSE	FALSE	TRUE
ENSMUSG00000040548	Tex2	FALSE	FALSE	TRUE
ENSMUSG00000050965	Prkca	FALSE	FALSE	TRUE
ENSMUSG00000000142	Axin2	FALSE	FALSE	TRUE
ENSMUSG00000087259	2610035D17Rik	FALSE	FALSE	TRUE
ENSMUSG00000045980	Tmem104	FALSE	FALSE	TRUE
ENSMUSG00000025579	Gaa	FALSE	FALSE	TRUE
ENSMUSG00000070327	Rnf213	FALSE	FALSE	TRUE
ENSMUSG00000062825	Actg1	FALSE	FALSE	TRUE
ENSMUSG00000061111	Mcrip1	FALSE	FALSE	TRUE
ENSMUSG00000042988	Notum	FALSE	FALSE	TRUE
ENSMUSG00000078249	Hmga1b	FALSE	FALSE	TRUE
ENSMUSG00000039208	Metrnl	FALSE	FALSE	TRUE
ENSMUSG00000020647	Ncoa1	FALSE	FALSE	TRUE
ENSMUSG00000112819	Gm46332	FALSE	FALSE	TRUE
ENSMUSG00000043673	Kcns3	FALSE	FALSE	TRUE
ENSMUSG00000020601	Trib2	FALSE	FALSE	TRUE
ENSMUSG00000036523	Greb1	FALSE	FALSE	TRUE
ENSMUSG00000020580	Rock2	FALSE	FALSE	TRUE
ENSMUSG00000113300	Gm49371	FALSE	FALSE	TRUE
ENSMUSG00000116883	Gm49700	FALSE	FALSE	TRUE
ENSMUSG00000097055	Gm4419	FALSE	FALSE	TRUE
ENSMUSG00000020653	Klf11	FALSE	FALSE	TRUE
ENSMUSG00000020646	Mboat2	FALSE	FALSE	TRUE
ENSMUSG00000063632	Sox11	FALSE	FALSE	TRUE
ENSMUSG00000020674	Pxdn	FALSE	FALSE	TRUE
ENSMUSG00000002900	Lamb1	FALSE	FALSE	TRUE
ENSMUSG00000020648	Dus4l	FALSE	FALSE	TRUE
ENSMUSG00000035105	Egln3	FALSE	FALSE	TRUE
ENSMUSG00000060499	Rpl10l	FALSE	FALSE	TRUE
ENSMUSG00000020988	L2hgdh	FALSE	FALSE	TRUE
ENSMUSG00000085622	3110056K07Rik	FALSE	FALSE	TRUE
ENSMUSG00000048118	Arid4a	FALSE	FALSE	TRUE
ENSMUSG00000021098	4930447C04Rik	FALSE	FALSE	TRUE
ENSMUSG00000051367	Six1	FALSE	FALSE	TRUE
ENSMUSG00000034460	Six4	FALSE	FALSE	TRUE
ENSMUSG00000042734	Ttc9	FALSE	FALSE	TRUE
ENSMUSG00000021033	Gstz1	FALSE	FALSE	TRUE
ENSMUSG00000072919	Noxred1	FALSE	FALSE	TRUE
ENSMUSG00000021009	Ptpn21	FALSE	FALSE	TRUE
ENSMUSG00000045404	Kcnk13	FALSE	FALSE	TRUE
ENSMUSG00000021180	Rps6ka5	FALSE	FALSE	TRUE
ENSMUSG00000021185	Dglucy	FALSE	FALSE	TRUE
ENSMUSG00000021188	Trip11	FALSE	FALSE	TRUE
ENSMUSG00000021192	Golga5	FALSE	FALSE	TRUE
ENSMUSG00000021209	Ppp4r4	FALSE	FALSE	TRUE
ENSMUSG00000079012	Serpina3m	FALSE	FALSE	TRUE
ENSMUSG00000021097	Clmn	FALSE	FALSE	TRUE
ENSMUSG00000100975	Gm28875	FALSE	FALSE	TRUE
ENSMUSG00000097929	Tunar	FALSE	FALSE	TRUE
ENSMUSG00000041323	Ak7	FALSE	FALSE	TRUE
ENSMUSG00000113427	Gm46378	FALSE	FALSE	TRUE
ENSMUSG00000084883	Ccdc85c	FALSE	FALSE	TRUE
ENSMUSG00000021275	Tecpr2	FALSE	FALSE	TRUE
ENSMUSG00000021277	Traf3	FALSE	FALSE	TRUE
ENSMUSG00000021278	Amn	FALSE	FALSE	TRUE
ENSMUSG00000095079	Igha	FALSE	FALSE	TRUE
ENSMUSG00000021175	Cdca7l	FALSE	FALSE	TRUE
ENSMUSG00000025323	Sp4	FALSE	FALSE	TRUE
ENSMUSG00000021213	Akr1c13	FALSE	FALSE	TRUE
ENSMUSG00000021193	Pitrm1	FALSE	FALSE	TRUE
ENSMUSG00000021313	Ryr2	FALSE	FALSE	TRUE
ENSMUSG00000021318	Gli3	FALSE	FALSE	TRUE
ENSMUSG00000041324	Inhba	FALSE	FALSE	TRUE
ENSMUSG00000021322	Aoah	FALSE	FALSE	TRUE
ENSMUSG00000036181	Hist1h1c	FALSE	FALSE	TRUE
ENSMUSG00000035936	Aldh5a1	FALSE	FALSE	TRUE
ENSMUSG00000085936	2610307P16Rik	FALSE	FALSE	TRUE
ENSMUSG00000069255	Dusp22	FALSE	FALSE	TRUE
ENSMUSG00000050295	Foxc1	FALSE	FALSE	TRUE
ENSMUSG00000045827	Serpinb9	FALSE	FALSE	TRUE
ENSMUSG00000051029	Serpinb1b	FALSE	FALSE	TRUE
ENSMUSG00000038267	Slc22a23	FALSE	FALSE	TRUE
ENSMUSG00000039004	Bmp6	FALSE	FALSE	TRUE
ENSMUSG00000114388	Gm48510	FALSE	FALSE	TRUE
ENSMUSG00000021364	Elovl2	FALSE	FALSE	TRUE
ENSMUSG00000021365	Nedd9	FALSE	FALSE	TRUE
ENSMUSG00000051335	Gfod1	FALSE	FALSE	TRUE
ENSMUSG00000044164	Rnf182	FALSE	FALSE	TRUE
ENSMUSG00000038518	Jarid2	FALSE	FALSE	TRUE
ENSMUSG00000037946	Fgd3	FALSE	FALSE	TRUE
ENSMUSG00000021453	Gadd45g	FALSE	FALSE	TRUE
ENSMUSG00000021488	Nsd1	FALSE	FALSE	TRUE
ENSMUSG00000034686	Prr7	FALSE	FALSE	TRUE
ENSMUSG00000034675	Dbn1	FALSE	FALSE	TRUE
ENSMUSG00000055254	Ntrk2	FALSE	FALSE	TRUE
ENSMUSG00000021559	Dapk1	FALSE	FALSE	TRUE
ENSMUSG00000113566	Gm40977	FALSE	FALSE	TRUE
ENSMUSG00000021456	Fbp2	FALSE	FALSE	TRUE
ENSMUSG00000069805	Fbp1	FALSE	FALSE	TRUE
ENSMUSG00000021514	Zfp369	FALSE	FALSE	TRUE
ENSMUSG00000113559	Gm40987	FALSE	FALSE	TRUE
ENSMUSG00000021594	Srd5a1	FALSE	FALSE	TRUE
ENSMUSG00000060969	Irx1	FALSE	FALSE	TRUE
ENSMUSG00000021608	Lpcat1	FALSE	FALSE	TRUE
ENSMUSG00000035762	Tmem161b	FALSE	FALSE	TRUE
ENSMUSG00000045312	Lhfpl2	FALSE	FALSE	TRUE
ENSMUSG00000041685	Fcho2	FALSE	FALSE	TRUE
ENSMUSG00000097848	Gm807	FALSE	FALSE	TRUE
ENSMUSG00000052727	Map1b	FALSE	FALSE	TRUE
ENSMUSG00000021643	Serf1	FALSE	FALSE	TRUE
ENSMUSG00000021636	Marveld2	FALSE	FALSE	TRUE
ENSMUSG00000071180	Smim15	FALSE	FALSE	TRUE
ENSMUSG00000021701	Plk2	FALSE	FALSE	TRUE
ENSMUSG00000042417	Ccno	FALSE	FALSE	TRUE
ENSMUSG00000021760	Gpx8	FALSE	FALSE	TRUE
ENSMUSG00000021732	Fgf10	FALSE	FALSE	TRUE
ENSMUSG00000033885	Pxk	FALSE	FALSE	TRUE
ENSMUSG00000084902	Gm281	FALSE	FALSE	TRUE
ENSMUSG00000021733	Slc4a7	FALSE	FALSE	TRUE
ENSMUSG00000058317	Ube2e2	FALSE	FALSE	TRUE
ENSMUSG00000095280	Gm21738	FALSE	FALSE	TRUE
ENSMUSG00000021767	Kat6b	FALSE	FALSE	TRUE
ENSMUSG00000007817	Zmiz1	FALSE	FALSE	TRUE
ENSMUSG00000021994	Wnt5a	FALSE	FALSE	TRUE
ENSMUSG00000058351	Smim4	FALSE	FALSE	TRUE
ENSMUSG00000071547	Nt5dc2	FALSE	FALSE	TRUE
ENSMUSG00000021892	Sh3bp5	FALSE	FALSE	TRUE
ENSMUSG00000021900	Btd	FALSE	FALSE	TRUE
ENSMUSG00000071531	Gprin2	FALSE	FALSE	TRUE
ENSMUSG00000037722	Gnpnat1	FALSE	FALSE	TRUE
ENSMUSG00000037697	Ddhd1	FALSE	FALSE	TRUE
ENSMUSG00000021838	Samd4	FALSE	FALSE	TRUE
ENSMUSG00000050335	Lgals3	FALSE	FALSE	TRUE
ENSMUSG00000037526	Atg14	FALSE	FALSE	TRUE
ENSMUSG00000006288	Ttc5	FALSE	FALSE	TRUE
ENSMUSG00000022178	Ajuba	FALSE	FALSE	TRUE
ENSMUSG00000059674	Cdh24	FALSE	FALSE	TRUE
ENSMUSG00000002319	Ipo4	FALSE	FALSE	TRUE
ENSMUSG00000002326	Gmpr2	FALSE	FALSE	TRUE
ENSMUSG00000022219	Cideb	FALSE	FALSE	TRUE
ENSMUSG00000040432	Ltb4r2	FALSE	FALSE	TRUE
ENSMUSG00000021938	Pspc1	FALSE	FALSE	TRUE
ENSMUSG00000040123	Zmym5	FALSE	FALSE	TRUE
ENSMUSG00000021959	Lats2	FALSE	FALSE	TRUE
ENSMUSG00000068245	Phf11d	FALSE	FALSE	TRUE
ENSMUSG00000098088	Gm26916	FALSE	FALSE	TRUE
ENSMUSG00000097545	Mir124a-1hg	FALSE	FALSE	TRUE
ENSMUSG00000022048	Dpysl2	FALSE	FALSE	TRUE
ENSMUSG00000034205	Loxl2	FALSE	FALSE	TRUE
ENSMUSG00000044551	9930012K11Rik	FALSE	FALSE	TRUE
ENSMUSG00000022090	Pdlim2	FALSE	FALSE	TRUE
ENSMUSG00000022098	Bmp1	FALSE	FALSE	TRUE
ENSMUSG00000022103	Gfra2	FALSE	FALSE	TRUE
ENSMUSG00000033470	Cysltr2	FALSE	FALSE	TRUE
ENSMUSG00000052584	Serp2	FALSE	FALSE	TRUE
ENSMUSG00000022020	Naa16	FALSE	FALSE	TRUE
ENSMUSG00000022019	Tdrd3	FALSE	FALSE	TRUE
ENSMUSG00000060143	Gm10076	FALSE	FALSE	TRUE
ENSMUSG00000022114	Spry2	FALSE	FALSE	TRUE
ENSMUSG00000025557	Slc15a1	FALSE	FALSE	TRUE
ENSMUSG00000071229	Timm8a2	FALSE	FALSE	TRUE
ENSMUSG00000055737	Ghr	FALSE	FALSE	TRUE
ENSMUSG00000022186	Oxct1	FALSE	FALSE	TRUE
ENSMUSG00000039458	Mtmr12	FALSE	FALSE	TRUE
ENSMUSG00000043556	Fbxl7	FALSE	FALSE	TRUE
ENSMUSG00000022240	Ctnnd2	FALSE	FALSE	TRUE
ENSMUSG00000022231	Sema5a	FALSE	FALSE	TRUE
ENSMUSG00000022261	Sdc2	FALSE	FALSE	TRUE
ENSMUSG00000022286	Grhl2	FALSE	FALSE	TRUE
ENSMUSG00000037386	Rims2	FALSE	FALSE	TRUE
ENSMUSG00000022306	Zfpm2	FALSE	FALSE	TRUE
ENSMUSG00000038679	Trps1	FALSE	FALSE	TRUE
ENSMUSG00000068522	Aard	FALSE	FALSE	TRUE
ENSMUSG00000022367	Has2	FALSE	FALSE	TRUE
ENSMUSG00000072568	Lratd2	FALSE	FALSE	TRUE
ENSMUSG00000022346	Myc	FALSE	FALSE	TRUE
ENSMUSG00000097039	Pvt1	FALSE	FALSE	TRUE
ENSMUSG00000013846	St3gal1	FALSE	FALSE	TRUE
ENSMUSG00000022332	Khdrbs3	FALSE	FALSE	TRUE
ENSMUSG00000022598	Psca	FALSE	FALSE	TRUE
ENSMUSG00000056665	Them6	FALSE	FALSE	TRUE
ENSMUSG00000044678	Ly6k	FALSE	FALSE	TRUE
ENSMUSG00000047591	Mafa	FALSE	FALSE	TRUE
ENSMUSG00000022574	Naprt	FALSE	FALSE	TRUE
ENSMUSG00000075590	Nrbp2	FALSE	FALSE	TRUE
ENSMUSG00000022565	Plec	FALSE	FALSE	TRUE
ENSMUSG00000063268	Parp10	FALSE	FALSE	TRUE
ENSMUSG00000056656	Apol8	FALSE	FALSE	TRUE
ENSMUSG00000049521	Cdc42ep1	FALSE	FALSE	TRUE
ENSMUSG00000116165	Pdxp	FALSE	FALSE	TRUE
ENSMUSG00000068220	Lgals1	FALSE	FALSE	TRUE
ENSMUSG00000006378	Gcat	FALSE	FALSE	TRUE
ENSMUSG00000042622	Maff	FALSE	FALSE	TRUE
ENSMUSG00000022433	Csnk1e	FALSE	FALSE	TRUE
ENSMUSG00000000489	Pdgfb	FALSE	FALSE	TRUE
ENSMUSG00000047888	Tnrc6b	FALSE	FALSE	TRUE
ENSMUSG00000022400	Rbx1	FALSE	FALSE	TRUE
ENSMUSG00000018865	Sult4a1	FALSE	FALSE	TRUE
ENSMUSG00000022432	Smc1b	FALSE	FALSE	TRUE
ENSMUSG00000035900	Gramd4	FALSE	FALSE	TRUE
ENSMUSG00000034333	Zbed4	FALSE	FALSE	TRUE
ENSMUSG00000022610	Mapk12	FALSE	FALSE	TRUE
ENSMUSG00000036158	Prickle1	FALSE	FALSE	TRUE
ENSMUSG00000022469	Rapgef3	FALSE	FALSE	TRUE
ENSMUSG00000054855	Rnd1	FALSE	FALSE	TRUE
ENSMUSG00000023484	Prph	FALSE	FALSE	TRUE
ENSMUSG00000023019	Gpd1	FALSE	FALSE	TRUE
ENSMUSG00000044636	Csrnp2	FALSE	FALSE	TRUE
ENSMUSG00000098112	Bin2	FALSE	FALSE	TRUE
ENSMUSG00000037280	Galnt6	FALSE	FALSE	TRUE
ENSMUSG00000023046	Igfbp6	FALSE	FALSE	TRUE
ENSMUSG00000023044	Csad	FALSE	FALSE	TRUE
ENSMUSG00000022487	Gtsf1	FALSE	FALSE	TRUE
ENSMUSG00000022488	Nckap1l	FALSE	FALSE	TRUE
ENSMUSG00000116389	Gm49504	FALSE	FALSE	TRUE
ENSMUSG00000096215	Smim22	FALSE	FALSE	TRUE
ENSMUSG00000022507	1810013L24Rik	FALSE	FALSE	TRUE
ENSMUSG00000059003	Grin2a	FALSE	FALSE	TRUE
ENSMUSG00000022505	Emp2	FALSE	FALSE	TRUE
ENSMUSG00000096921	Gm26822	FALSE	FALSE	TRUE
ENSMUSG00000022679	Mpv17l	FALSE	FALSE	TRUE
ENSMUSG00000041957	Pkp2	FALSE	FALSE	TRUE
ENSMUSG00000022773	Ypel1	FALSE	FALSE	TRUE
ENSMUSG00000012017	Scarf2	FALSE	FALSE	TRUE
ENSMUSG00000022686	B3gnt5	FALSE	FALSE	TRUE
ENSMUSG00000022822	Abcc5	FALSE	FALSE	TRUE
ENSMUSG00000115219	Eef1akmt4	FALSE	FALSE	TRUE
ENSMUSG00000022847	Thpo	FALSE	FALSE	TRUE
ENSMUSG00000005615	Pcyt1a	FALSE	FALSE	TRUE
ENSMUSG00000035376	Hacd2	FALSE	FALSE	TRUE
ENSMUSG00000022844	Pdia5	FALSE	FALSE	TRUE
ENSMUSG00000022900	Ildr1	FALSE	FALSE	TRUE
ENSMUSG00000022899	Slc15a2	FALSE	FALSE	TRUE
ENSMUSG00000075122	Cd80	FALSE	FALSE	TRUE
ENSMUSG00000022793	B4galt4	FALSE	FALSE	TRUE
ENSMUSG00000022790	Igsf11	FALSE	FALSE	TRUE
ENSMUSG00000047261	Gap43	FALSE	FALSE	TRUE
ENSMUSG00000068284	Usf3	FALSE	FALSE	TRUE
ENSMUSG00000022665	Ccdc80	FALSE	FALSE	TRUE
ENSMUSG00000033149	Phldb2	FALSE	FALSE	TRUE
ENSMUSG00000047141	Zfp654	FALSE	FALSE	TRUE
ENSMUSG00000022867	Usp25	FALSE	FALSE	TRUE
ENSMUSG00000053062	Jam2	FALSE	FALSE	TRUE
ENSMUSG00000022892	App	FALSE	FALSE	TRUE
ENSMUSG00000053414	Hunk	FALSE	FALSE	TRUE
ENSMUSG00000039929	Urb1	FALSE	FALSE	TRUE
ENSMUSG00000039903	Eva1c	FALSE	FALSE	TRUE
ENSMUSG00000022973	Synj1	FALSE	FALSE	TRUE
ENSMUSG00000022952	Runx1	FALSE	FALSE	TRUE
ENSMUSG00000038347	Tcte2	FALSE	FALSE	TRUE
ENSMUSG00000068036	Afdn	FALSE	FALSE	TRUE
ENSMUSG00000116780	Gm3417	FALSE	FALSE	TRUE
ENSMUSG00000062743	Zfp677	FALSE	FALSE	TRUE
ENSMUSG00000067928	Zfp760	FALSE	FALSE	TRUE
ENSMUSG00000061544	Zfp229	FALSE	FALSE	TRUE
ENSMUSG00000069743	Zfp820	FALSE	FALSE	TRUE
ENSMUSG00000078546	Zfp995	FALSE	FALSE	TRUE
ENSMUSG00000023904	Hcfc1r1	FALSE	FALSE	TRUE
ENSMUSG00000023905	Tnfrsf12a	FALSE	FALSE	TRUE
ENSMUSG00000045027	Prss22	FALSE	FALSE	TRUE
ENSMUSG00000007021	Syngr3	FALSE	FALSE	TRUE
ENSMUSG00000002274	Metrn	FALSE	FALSE	TRUE
ENSMUSG00000036775	Decr2	FALSE	FALSE	TRUE
ENSMUSG00000001576	Ergic1	FALSE	FALSE	TRUE
ENSMUSG00000048249	Crebrf	FALSE	FALSE	TRUE
ENSMUSG00000024208	Uqcc2	FALSE	FALSE	TRUE
ENSMUSG00000063239	Grm4	FALSE	FALSE	TRUE
ENSMUSG00000046711	Hmga1	FALSE	FALSE	TRUE
ENSMUSG00000024219	Anks1	FALSE	FALSE	TRUE
ENSMUSG00000002249	Tead3	FALSE	FALSE	TRUE
ENSMUSG00000117145	Gm4356	FALSE	FALSE	TRUE
ENSMUSG00000024008	Cpne5	FALSE	FALSE	TRUE
ENSMUSG00000024014	Pim1	FALSE	FALSE	TRUE
ENSMUSG00000043557	Mdga1	FALSE	FALSE	TRUE
ENSMUSG00000117725	Gm50240	FALSE	FALSE	TRUE
ENSMUSG00000024027	Glp1r	FALSE	FALSE	TRUE
ENSMUSG00000041881	Ndufa7	FALSE	FALSE	TRUE
ENSMUSG00000037321	Tap1	FALSE	FALSE	TRUE
ENSMUSG00000024338	Psmb8	FALSE	FALSE	TRUE
ENSMUSG00000060586	H2-Eb1	FALSE	FALSE	TRUE
ENSMUSG00000057246	BC051142	FALSE	FALSE	TRUE
ENSMUSG00000091971	Hspa1a	FALSE	FALSE	TRUE
ENSMUSG00000007041	Clic1	FALSE	FALSE	TRUE
ENSMUSG00000073414	Mpig6b	FALSE	FALSE	TRUE
ENSMUSG00000024399	Ltb	FALSE	FALSE	TRUE
ENSMUSG00000001525	Tubb5	FALSE	FALSE	TRUE
ENSMUSG00000059791	Nrm	FALSE	FALSE	TRUE
ENSMUSG00000034595	Ppp1r18	FALSE	FALSE	TRUE
ENSMUSG00000064308	2410137M14Rik	FALSE	FALSE	TRUE
ENSMUSG00000054951	9130008F23Rik	FALSE	FALSE	TRUE
ENSMUSG00000023961	Enpp4	FALSE	FALSE	TRUE
ENSMUSG00000097119	B230354K17Rik	FALSE	FALSE	TRUE
ENSMUSG00000012296	Tjap1	FALSE	FALSE	TRUE
ENSMUSG00000047428	Dlk2	FALSE	FALSE	TRUE
ENSMUSG00000023972	Ptk7	FALSE	FALSE	TRUE
ENSMUSG00000064043	Trerf1	FALSE	FALSE	TRUE
ENSMUSG00000023266	Frs3	FALSE	FALSE	TRUE
ENSMUSG00000023990	Tfeb	FALSE	FALSE	TRUE
ENSMUSG00000040694	Apobec2	FALSE	FALSE	TRUE
ENSMUSG00000043592	Unc5cl	FALSE	FALSE	TRUE
ENSMUSG00000010592	Dazl	FALSE	FALSE	TRUE
ENSMUSG00000000708	Kat2b	FALSE	FALSE	TRUE
ENSMUSG00000024172	St6gal2	FALSE	FALSE	TRUE
ENSMUSG00000062591	Tubb4a	FALSE	FALSE	TRUE
ENSMUSG00000035678	Tnfsf9	FALSE	FALSE	TRUE
ENSMUSG00000048915	Efna5	FALSE	FALSE	TRUE
ENSMUSG00000024043	Arhgap28	FALSE	FALSE	TRUE
ENSMUSG00000039770	Ypel5	FALSE	FALSE	TRUE
ENSMUSG00000024073	Birc6	FALSE	FALSE	TRUE
ENSMUSG00000024078	Ttc27	FALSE	FALSE	TRUE
ENSMUSG00000001870	Ltbp1	FALSE	FALSE	TRUE
ENSMUSG00000056121	Fez2	FALSE	FALSE	TRUE
ENSMUSG00000062691	Cebpzos	FALSE	FALSE	TRUE
ENSMUSG00000024082	Ndufaf7	FALSE	FALSE	TRUE
ENSMUSG00000024095	Hnrnpll	FALSE	FALSE	TRUE
ENSMUSG00000055760	Gemin6	FALSE	FALSE	TRUE
ENSMUSG00000035051	Dhx57	FALSE	FALSE	TRUE
ENSMUSG00000024247	Pkdcc	FALSE	FALSE	TRUE
ENSMUSG00000045817	Zfp36l2	FALSE	FALSE	TRUE
ENSMUSG00000024135	Srbd1	FALSE	FALSE	TRUE
ENSMUSG00000045038	Prkce	FALSE	FALSE	TRUE
ENSMUSG00000024146	Cript	FALSE	FALSE	TRUE
ENSMUSG00000037104	Socs5	FALSE	FALSE	TRUE
ENSMUSG00000045394	Epcam	FALSE	FALSE	TRUE
ENSMUSG00000055660	Mettl4	FALSE	FALSE	TRUE
ENSMUSG00000036103	Colec12	FALSE	FALSE	TRUE
ENSMUSG00000024293	Esco1	FALSE	FALSE	TRUE
ENSMUSG00000041238	Rbbp8	FALSE	FALSE	TRUE
ENSMUSG00000024331	Dsc2	FALSE	FALSE	TRUE
ENSMUSG00000045215	Asxl3	FALSE	FALSE	TRUE
ENSMUSG00000024277	Mapre2	FALSE	FALSE	TRUE
ENSMUSG00000047989	Ino80c	FALSE	FALSE	TRUE
ENSMUSG00000024381	Bin1	FALSE	FALSE	TRUE
ENSMUSG00000038773	Kdm3b	FALSE	FALSE	TRUE
ENSMUSG00000038555	Reep2	FALSE	FALSE	TRUE
ENSMUSG00000024347	Psd2	FALSE	FALSE	TRUE
ENSMUSG00000043991	Pura	FALSE	FALSE	TRUE
ENSMUSG00000110185	Igip	FALSE	FALSE	TRUE
ENSMUSG00000024486	Hbegf	FALSE	FALSE	TRUE
ENSMUSG00000024451	Arap3	FALSE	FALSE	TRUE
ENSMUSG00000024501	Dpysl3	FALSE	FALSE	TRUE
ENSMUSG00000071856	Mcc	FALSE	FALSE	TRUE
ENSMUSG00000071855	Ccdc112	FALSE	FALSE	TRUE
ENSMUSG00000056130	Ticam2	FALSE	FALSE	TRUE
ENSMUSG00000073568	Arl14epl	FALSE	FALSE	TRUE
ENSMUSG00000019647	Sema6a	FALSE	FALSE	TRUE
ENSMUSG00000062210	Tnfaip8	FALSE	FALSE	TRUE
ENSMUSG00000053644	Aldh7a1	FALSE	FALSE	TRUE
ENSMUSG00000024601	Isoc1	FALSE	FALSE	TRUE
ENSMUSG00000038059	Smim3	FALSE	FALSE	TRUE
ENSMUSG00000052026	Slc6a7	FALSE	FALSE	TRUE
ENSMUSG00000024619	Cdx1	FALSE	FALSE	TRUE
ENSMUSG00000024579	Pcyox1l	FALSE	FALSE	TRUE
ENSMUSG00000041482	Piezo2	FALSE	FALSE	TRUE
ENSMUSG00000045991	Onecut2	FALSE	FALSE	TRUE
ENSMUSG00000024521	Pmaip1	FALSE	FALSE	TRUE
ENSMUSG00000118216	Gm19784	FALSE	FALSE	TRUE
ENSMUSG00000024524	Gnal	FALSE	FALSE	TRUE
ENSMUSG00000062526	Mppe1	FALSE	FALSE	TRUE
ENSMUSG00000024526	Cidea	FALSE	FALSE	TRUE
ENSMUSG00000001473	Tubb6	FALSE	FALSE	TRUE
ENSMUSG00000038425	Poli	FALSE	FALSE	TRUE
ENSMUSG00000118384	9030625G05Rik	FALSE	FALSE	TRUE
ENSMUSG00000036299	BC031181	FALSE	FALSE	TRUE
ENSMUSG00000044646	Zbtb7c	FALSE	FALSE	TRUE
ENSMUSG00000025423	Pias2	FALSE	FALSE	TRUE
ENSMUSG00000025425	St8sia5	FALSE	FALSE	TRUE
ENSMUSG00000039840	Epg5	FALSE	FALSE	TRUE
ENSMUSG00000118061	Rbfaos	FALSE	FALSE	TRUE
ENSMUSG00000058881	Zfp516	FALSE	FALSE	TRUE
ENSMUSG00000048410	Zfp407	FALSE	FALSE	TRUE
ENSMUSG00000024644	Cndp2	FALSE	FALSE	TRUE
ENSMUSG00000024843	Chka	FALSE	FALSE	TRUE
ENSMUSG00000040663	Clcf1	FALSE	FALSE	TRUE
ENSMUSG00000034616	Ssh3	FALSE	FALSE	TRUE
ENSMUSG00000045045	Lrfn4	FALSE	FALSE	TRUE
ENSMUSG00000006457	Actn3	FALSE	FALSE	TRUE
ENSMUSG00000024891	Slc29a2	FALSE	FALSE	TRUE
ENSMUSG00000024912	Fosl1	FALSE	FALSE	TRUE
ENSMUSG00000056201	Cfl1	FALSE	FALSE	TRUE
ENSMUSG00000024937	Ehbp1l1	FALSE	FALSE	TRUE
ENSMUSG00000024939	Fam89b	FALSE	FALSE	TRUE
ENSMUSG00000024833	Pola2	FALSE	FALSE	TRUE
ENSMUSG00000024784	Gpha2	FALSE	FALSE	TRUE
ENSMUSG00000024773	Atg2a	FALSE	FALSE	TRUE
ENSMUSG00000024666	Tmem138	FALSE	FALSE	TRUE
ENSMUSG00000034371	Tkfc	FALSE	FALSE	TRUE
ENSMUSG00000024736	Tmem132a	FALSE	FALSE	TRUE
ENSMUSG00000041488	Stx3	FALSE	FALSE	TRUE
ENSMUSG00000039982	Dtx4	FALSE	FALSE	TRUE
ENSMUSG00000039126	Prune2	FALSE	FALSE	TRUE
ENSMUSG00000024659	Anxa1	FALSE	FALSE	TRUE
ENSMUSG00000024921	Smarca2	FALSE	FALSE	TRUE
ENSMUSG00000024810	Il33	FALSE	FALSE	TRUE
ENSMUSG00000024781	Lipa	FALSE	FALSE	TRUE
ENSMUSG00000024803	Ankrd1	FALSE	FALSE	TRUE
ENSMUSG00000118032	Gm50147	FALSE	FALSE	TRUE
ENSMUSG00000039652	Cpeb3	FALSE	FALSE	TRUE
ENSMUSG00000044026	Slc35g1	FALSE	FALSE	TRUE
ENSMUSG00000097740	E030044B06Rik	FALSE	FALSE	TRUE
ENSMUSG00000049164	Zfp518a	FALSE	FALSE	TRUE
ENSMUSG00000025019	Lcor	FALSE	FALSE	TRUE
ENSMUSG00000025157	Zdhhc16	FALSE	FALSE	TRUE
ENSMUSG00000042401	Crtac1	FALSE	FALSE	TRUE
ENSMUSG00000025185	Loxl4	FALSE	FALSE	TRUE
ENSMUSG00000025196	Cpn1	FALSE	FALSE	TRUE
ENSMUSG00000025203	Scd2	FALSE	FALSE	TRUE
ENSMUSG00000025217	Btrc	FALSE	FALSE	TRUE
ENSMUSG00000025223	Ldb1	FALSE	FALSE	TRUE
ENSMUSG00000025231	Sufu	FALSE	FALSE	TRUE
ENSMUSG00000047731	Wbp1l	FALSE	FALSE	TRUE
ENSMUSG00000117814	Gm50431	FALSE	FALSE	TRUE
ENSMUSG00000025064	Col17a1	FALSE	FALSE	TRUE
ENSMUSG00000117975	Itprip	FALSE	FALSE	TRUE
ENSMUSG00000025026	Add3	FALSE	FALSE	TRUE
ENSMUSG00000025025	Mxi1	FALSE	FALSE	TRUE
ENSMUSG00000034765	Dusp5	FALSE	FALSE	TRUE
ENSMUSG00000024975	Pdcd4	FALSE	FALSE	TRUE
ENSMUSG00000024981	Acsl5	FALSE	FALSE	TRUE
ENSMUSG00000073295	Nudt11	FALSE	FALSE	TRUE
ENSMUSG00000063018	2010204K13Rik	FALSE	FALSE	TRUE
ENSMUSG00000031144	Syp	FALSE	FALSE	TRUE
ENSMUSG00000031146	Plp2	FALSE	FALSE	TRUE
ENSMUSG00000031150	Ccdc120	FALSE	FALSE	TRUE
ENSMUSG00000015340	Cybb	FALSE	FALSE	TRUE
ENSMUSG00000058254	Tspan7	FALSE	FALSE	TRUE
ENSMUSG00000031012	Cask	FALSE	FALSE	TRUE
ENSMUSG00000025037	Maoa	FALSE	FALSE	TRUE
ENSMUSG00000097497	Gm26652	FALSE	FALSE	TRUE
ENSMUSG00000036769	Wdr44	FALSE	FALSE	TRUE
ENSMUSG00000031093	Dock11	FALSE	FALSE	TRUE
ENSMUSG00000095180	Rhox5	FALSE	FALSE	TRUE
ENSMUSG00000006200	Rhox6	FALSE	FALSE	TRUE
ENSMUSG00000000355	Mcts1	FALSE	FALSE	TRUE
ENSMUSG00000037010	Apln	FALSE	FALSE	TRUE
ENSMUSG00000031105	Slc25a14	FALSE	FALSE	TRUE
ENSMUSG00000031109	Enox2	FALSE	FALSE	TRUE
ENSMUSG00000085396	Firre	FALSE	FALSE	TRUE
ENSMUSG00000031112	Stk26	FALSE	FALSE	TRUE
ENSMUSG00000062184	Hs6st2	FALSE	FALSE	TRUE
ENSMUSG00000055653	Gpc3	FALSE	FALSE	TRUE
ENSMUSG00000025626	Phf6	FALSE	FALSE	TRUE
ENSMUSG00000061082	Plac1	FALSE	FALSE	TRUE
ENSMUSG00000067925	Rtl8a	FALSE	FALSE	TRUE
ENSMUSG00000067924	Rtl8b	FALSE	FALSE	TRUE
ENSMUSG00000031137	Fgf13	FALSE	FALSE	TRUE
ENSMUSG00000015214	Mtmr1	FALSE	FALSE	TRUE
ENSMUSG00000073130	Gm1141	FALSE	FALSE	TRUE
ENSMUSG00000031340	Gabre	FALSE	FALSE	TRUE
ENSMUSG00000079845	Xlr4a	FALSE	FALSE	TRUE
ENSMUSG00000031362	Xlr4c	FALSE	FALSE	TRUE
ENSMUSG00000067764	Xlr5c	FALSE	FALSE	TRUE
ENSMUSG00000031371	Haus7	FALSE	FALSE	TRUE
ENSMUSG00000031375	Bgn	FALSE	FALSE	TRUE
ENSMUSG00000019558	Slc6a8	FALSE	FALSE	TRUE
ENSMUSG00000004221	Ikbkg	FALSE	FALSE	TRUE
ENSMUSG00000016382	Pls3	FALSE	FALSE	TRUE
ENSMUSG00000045103	Dmd	FALSE	FALSE	TRUE
ENSMUSG00000050332	Amer1	FALSE	FALSE	TRUE
ENSMUSG00000031207	Msn	FALSE	FALSE	TRUE
ENSMUSG00000031310	Zmym3	FALSE	FALSE	TRUE
ENSMUSG00000045010	Gm4779	FALSE	FALSE	TRUE
ENSMUSG00000031327	Chic1	FALSE	FALSE	TRUE
ENSMUSG00000085715	Tsix	FALSE	FALSE	TRUE
ENSMUSG00000086503	Xist	FALSE	FALSE	TRUE
ENSMUSG00000046449	Nexmif	FALSE	FALSE	TRUE
ENSMUSG00000033737	Fndc3c1	FALSE	FALSE	TRUE
ENSMUSG00000052821	Cysltr1	FALSE	FALSE	TRUE
ENSMUSG00000025531	Chm	FALSE	FALSE	TRUE
ENSMUSG00000047079	Ube2dnl2	FALSE	FALSE	TRUE
ENSMUSG00000055733	Nap1l3	FALSE	FALSE	TRUE
ENSMUSG00000049047	Armcx3	FALSE	FALSE	TRUE
ENSMUSG00000033436	Armcx2	FALSE	FALSE	TRUE
ENSMUSG00000031410	Nxf7	FALSE	FALSE	TRUE
ENSMUSG00000051579	Tceal8	FALSE	FALSE	TRUE
ENSMUSG00000052854	Nrk	FALSE	FALSE	TRUE
ENSMUSG00000042515	Pwwp3b	FALSE	FALSE	TRUE
ENSMUSG00000031434	Morc4	FALSE	FALSE	TRUE
ENSMUSG00000000266	Mid2	FALSE	FALSE	TRUE
ENSMUSG00000031274	Col4a5	FALSE	FALSE	TRUE
ENSMUSG00000041688	Amot	FALSE	FALSE	TRUE
ENSMUSG00000025265	Fgd1	FALSE	FALSE	TRUE
ENSMUSG00000041245	Wnk3	FALSE	FALSE	TRUE
ENSMUSG00000087403	Kantr	FALSE	FALSE	TRUE
ENSMUSG00000044150	Bclaf3	FALSE	FALSE	TRUE
ENSMUSG00000061778	Mospd2	FALSE	FALSE	TRUE
ENSMUSG00000049775	Tmsb4x	FALSE	FALSE	TRUE
ENSMUSG00000031358	Msl3	FALSE	FALSE	TRUE
ENSMUSG00000031355	Arhgap6	FALSE	FALSE	TRUE
ENSMUSG00000064345	mt-Nd2	FALSE	FALSE	TRUE
