bin,position,mean,sem,genotype,group,none_mean,none_sem,ratio,ratio_sem
1,-2000,4.161240438084655,0.10136888847802034,WT,parallel,1.0883618584382424,0.010373323397542322,3.8233978945714577,0.10001417471735867
2,-1949.367088607595,4.1741935788198505,0.09995010905734285,WT,parallel,1.079287881411121,0.010195326013882143,3.8675441934567796,0.09955343440351541
3,-1898.73417721519,4.1694330956031385,0.09790023960202797,WT,parallel,1.0677776106293602,0.009977406992708982,3.9047766633218948,0.09867922507436065
4,-1848.1012658227849,4.17424663021494,0.09942409522458519,WT,parallel,1.0657250791707935,0.00997330357739665,3.916813737237738,0.10023486846172916
5,-1797.4683544303798,4.191958241210138,0.10281708236595997,WT,parallel,1.059970908959013,0.010031214164515714,3.9547861226937053,0.10396993282247398
6,-1746.8354430379748,4.207052932558574,0.10587024576165383,WT,parallel,1.0573308109793205,0.010075151280057343,3.9789372340922515,0.10706767846913917
7,-1696.2025316455697,4.231102694270036,0.10729032284890241,WT,parallel,1.0500019036473691,0.01002247086405938,4.029614307909867,0.10918062428711577
8,-1645.5696202531644,4.248563933837713,0.10597111537300156,WT,parallel,1.046121184277137,0.009943877515791535,4.061254085752449,0.10840564526099736
9,-1594.9367088607596,4.273375640042343,0.10478702734878126,WT,parallel,1.0465811398484715,0.009880384792140038,4.083176618929958,0.10728737080453171
10,-1544.3037974683543,4.275956300143597,0.10217682950963262,WT,parallel,1.0506429854556594,0.009957856735894628,4.069847093005749,0.1046222194112261
11,-1493.6708860759495,4.278258472131623,0.10325616647459374,WT,parallel,1.0592120992206575,0.010051339707978875,4.039095168266546,0.10474833770631106
12,-1443.0379746835442,4.282479962616035,0.10473903013202249,WT,parallel,1.0645575228674347,0.010094186119381262,4.022779296210296,0.10552277724484871
13,-1392.4050632911392,4.311491585898093,0.10668045315392884,WT,parallel,1.0601981404363623,0.010089632886802468,4.066684727558139,0.10780921626645841
14,-1341.7721518987341,4.352375390961917,0.1130477452793223,WT,parallel,1.0562914491833038,0.010051544488000889,4.120430392887358,0.1139796623835934
15,-1291.139240506329,4.407294268540512,0.11968094285617019,WT,parallel,1.0441269216423827,0.009921876551332025,4.221033072883476,0.1214384184292966
16,-1240.506329113924,4.449612564173328,0.12278658179120396,WT,parallel,1.0383041975397624,0.009879269422792398,4.285461404005281,0.12508921671877
17,-1189.873417721519,4.467016130389922,0.12397059227139344,WT,parallel,1.0381419918267962,0.009860608225796605,4.302895139160501,0.12621617189377843
18,-1139.240506329114,4.461944949259636,0.1221551549710823,WT,parallel,1.0429281112965527,0.009907593254578073,4.278286202979621,0.12397821184910009
19,-1088.607594936709,4.501287308922473,0.12324761146198177,WT,parallel,1.0509544813816774,0.009986746377998275,4.283046876592299,0.1241338716540194
20,-1037.9746835443038,4.545992410673242,0.12330967371502055,WT,parallel,1.0554708775752635,0.010008901276413282,4.307075171147085,0.12376275202696868
21,-987.3417721518988,4.581951009464221,0.12361834608606728,WT,parallel,1.0633456677514408,0.010106788945118789,4.3089948531536795,0.123257451428834
22,-936.7088607594937,4.576971706458285,0.12136078802263324,WT,parallel,1.063933978188474,0.010097035189786477,4.301932075006522,0.12115407206011575
23,-886.0759493670887,4.5459893686200505,0.11717107302766626,WT,parallel,1.0655512896742452,0.010166408436337716,4.266326185020927,0.11725495688098475
24,-835.4430379746836,4.5162190006484675,0.1116096631405777,WT,parallel,1.0602384842356887,0.010173446827342862,4.259625610462676,0.11292495237017598
25,-784.8101265822784,4.53384519931668,0.10909844664908745,WT,parallel,1.0502673561026936,0.010125338455174325,4.31684863189575,0.11190360504387077
26,-734.1772151898733,4.588017382821174,0.11083306452525313,WT,parallel,1.047619361241872,0.01007053260238616,4.379469827077682,0.11386365642904415
27,-683.5443037974683,4.653963296708606,0.11225273276923564,WT,parallel,1.0457728619189741,0.009969418399921104,4.450262065673294,0.11541930785384415
28,-632.9113924050632,4.73379298199458,0.11197284373401836,WT,parallel,1.0470152911196036,0.009951270170603007,4.521226215266254,0.11525515597434885
29,-582.2784810126582,4.813148715368218,0.11336953855246606,WT,parallel,1.04930463604155,0.009992466798601728,4.58698889726208,0.11653872799540611
30,-531.6455696202531,4.918568152783014,0.11832623046065457,WT,parallel,1.0521510548155166,0.010007974889791856,4.674773769670774,0.12093289640782352
31,-481.0126582278481,5.014287464916881,0.12433221549396002,WT,parallel,1.051276789348718,0.009947057884705426,4.769711950002538,0.1265860798799596
32,-430.37974683544303,5.158987501402252,0.1341647132022307,WT,parallel,1.0473142581174368,0.0098834403618965,4.92592119453774,0.13627707619107207
33,-379.746835443038,5.314490367993898,0.1412986789794235,WT,parallel,1.0411564476006354,0.009834392744706905,5.1044109463484,0.1440232863936262
34,-329.11392405063293,5.517612342111953,0.15010423391292857,WT,parallel,1.0364577179817835,0.009781755388142282,5.323528636417495,0.15329156392204307
35,-278.4810126582279,5.76045626150569,0.16240910039764825,WT,parallel,1.0393266713927893,0.009815281353097241,5.542488632362499,0.16479719370678622
36,-227.84810126582283,6.023428069901881,0.1766499459896198,WT,parallel,1.0440664664168506,0.009848277681863188,5.769199819790962,0.1777302780672383
37,-177.21518987341778,6.284598627692876,0.1930986717287633,WT,parallel,1.0485160437793397,0.009880828664562715,5.9938030180637565,0.1926309139454046
38,-126.58227848101274,6.5531398673123205,0.20686430895352437,WT,parallel,1.0539464129409735,0.009941227467923117,6.217716372340204,0.2048507123986068
39,-75.94936708860769,6.743056824689308,0.2118792686744835,WT,parallel,1.0563463222315959,0.01002110001223244,6.383377006931013,0.20951942477717253
40,-25.316455696202638,6.742125459847938,0.2066194169817324,WT,parallel,1.0655534938577707,0.010131040420406053,6.327345833608493,0.20302571059871824
41,25.31645569620241,6.6339113274559,0.19441916032631462,WT,parallel,1.0648242908430083,0.010089546462096565,6.230052586613998,0.19188906772783326
42,75.94936708860769,6.4560506898097225,0.17981658883519944,WT,parallel,1.0640246698586642,0.010071069867160104,6.0675761311692975,0.17848829812564976
43,126.58227848101251,6.2751524453822825,0.16653487403356554,WT,parallel,1.0544922821275524,0.009971474479390927,5.950875650527743,0.16765488779405324
44,177.21518987341778,6.125486764521288,0.1588410490813121,WT,parallel,1.0546176340896116,0.01001395080432457,5.8082536897925605,0.16039480819408097
45,227.8481012658226,5.929546011496871,0.15110699887892157,WT,parallel,1.0563143546213383,0.010001708701238723,5.61342935988261,0.1526061482726157
46,278.4810126582279,5.699867599810039,0.14271353200629694,WT,parallel,1.057406798863739,0.010016213420639583,5.390420797308059,0.14430133036249546
47,329.1139240506327,5.52473732515351,0.13735451117961534,WT,parallel,1.0514347885685025,0.009983895301338246,5.254474538240529,0.13983912301246842
48,379.746835443038,5.351602920927385,0.13166071484833144,WT,parallel,1.0430124670645262,0.00992595736932668,5.13090983081826,0.1353461526271513
49,430.37974683544326,5.188965945293768,0.12417533024447258,WT,parallel,1.0369130460588247,0.009930565194272035,5.004244054037483,0.12898878204867698
50,481.0126582278481,5.025964867715507,0.11845732332740842,WT,parallel,1.0258556979094975,0.009830485319864368,4.899290297804541,0.12465103880393132
51,531.6455696202534,4.919580480303622,0.11716332760356035,WT,parallel,1.0290684452813998,0.009819088115838844,4.780615422483737,0.12265169943740926
52,582.2784810126582,4.863107034183361,0.11743063858559338,WT,parallel,1.0321994008033004,0.009871362224025917,4.711402690602891,0.12236489378718857
53,632.9113924050635,4.801515812526571,0.11798646812425458,WT,parallel,1.0395124551225219,0.009973791263690445,4.619007486505432,0.12184712120454147
54,683.5443037974683,4.7227325779281655,0.11658834444528252,WT,parallel,1.040672534403364,0.01002288252969658,4.538154339429926,0.12025585353811548
55,734.1772151898736,4.674281845177035,0.1142389207206695,WT,parallel,1.0403135236511964,0.009971476070654657,4.493147247352578,0.11795530914458345
56,784.8101265822784,4.642673482735629,0.11139028048315136,WT,parallel,1.0368547191244784,0.009895778016819713,4.477650915892931,0.11561866493100471
57,835.4430379746836,4.603004757634836,0.111463234270256,WT,parallel,1.042912999852573,0.009966404869896497,4.413603779304237,0.11489831271177808
58,886.0759493670885,4.549134378303445,0.11416601288053742,WT,parallel,1.0442263018152544,0.01004714979655436,4.356464082924702,0.11709046910755097
59,936.7088607594937,4.527894023482026,0.11762671915722697,WT,parallel,1.0463995175666827,0.0100354415890972,4.327117843107646,0.11982645558545166
60,987.3417721518986,4.5119065183553655,0.11877020986365706,WT,parallel,1.0436852559523653,0.009931479603843694,4.323052848186727,0.1210060135939437
61,1037.9746835443038,4.503595084958947,0.12169675513431541,WT,parallel,1.0426863797845036,0.009866220529573394,4.3192230878567,0.12366344363130242
62,1088.6075949367087,4.452056176733147,0.12114556353509116,WT,parallel,1.0445195672367729,0.009897159712673433,4.262300407172698,0.12281257515665256
63,1139.240506329114,4.4074411717029385,0.12107184752518556,WT,parallel,1.045214312449096,0.009909592620940072,4.216782261023229,0.1225395570737645
64,1189.8734177215188,4.400501270421819,0.12173147984856021,WT,parallel,1.0443490772052033,0.009951638285069977,4.213630639860439,0.12328375157187672
65,1240.506329113924,4.388917490868987,0.12114635056387628,WT,parallel,1.0488674453900433,0.009973294794746422,4.184434849378776,0.12216313215025879
66,1291.1392405063293,4.354980128123943,0.11708382042657274,WT,parallel,1.0524643802006293,0.009949024440973517,4.137888378981303,0.11792372545219167
67,1341.7721518987341,4.313986772226228,0.11264035324953249,WT,parallel,1.055083634728885,0.010029700238518235,4.088762852752192,0.11361491338420951
68,1392.4050632911394,4.310278682844226,0.10810414154348573,WT,parallel,1.0554507510811741,0.01003248476275659,4.083827386951875,0.10953388885437357
69,1443.0379746835442,4.297086911772799,0.10654810063304138,WT,parallel,1.055948648587588,0.010039648183618197,4.06940897885563,0.10806634133162867
70,1493.6708860759495,4.259506868181635,0.10689603364433128,WT,parallel,1.0527250677152302,0.010033614951010569,4.046172166704652,0.1086187634011398
71,1544.3037974683543,4.253081402455568,0.10883648696207388,WT,parallel,1.0542407591134573,0.010027150867566255,4.034260073602269,0.11013704741744419
72,1594.9367088607596,4.220783847902677,0.10911821177403208,WT,parallel,1.0586295294700299,0.01008569674906042,3.9870263679643263,0.10985127740715407
73,1645.5696202531644,4.178201404490284,0.10743136117021186,WT,parallel,1.0610689816032064,0.010151828268478606,3.9377283446522893,0.10803039274364423
74,1696.2025316455697,4.154751444140021,0.10403108188988382,WT,parallel,1.0600465245792712,0.010146818115435947,3.9194048070569614,0.10506481989905882
75,1746.8354430379745,4.147528223877754,0.09984736255226413,WT,parallel,1.055423543004871,0.010062301489741358,3.9297287343708724,0.10175266079633095
76,1797.4683544303798,4.13596706844759,0.09845181629349328,WT,parallel,1.0570571969500107,0.009997123753346288,3.912718328186345,0.10021954692147265
77,1848.1012658227846,4.150730838181068,0.10021175392119461,WT,parallel,1.061336466886566,0.009976850764217709,3.9108529365407096,0.10132485012095588
78,1898.73417721519,4.184160117913304,0.10638934460664018,WT,parallel,1.0687565551631146,0.010027435743974314,3.914979606627736,0.10610568872318106
79,1949.3670886075947,4.241122549315711,0.1126714999519114,WT,parallel,1.0709967902292805,0.010127435624966775,3.959976900031386,0.11166804230210868
80,2000,4.232624952259894,0.11478642512615081,WT,parallel,1.0753732464733148,0.010255279866760798,3.935958948337968,0.11314828737716978
1,-2000,5.031558035155434,0.5720551546041517,WT,antiparallel,1.0883618584382424,0.010373323397542322,4.623056197849056,0.5274548815649588
2,-1949.367088607595,4.974091027767504,0.5670388696308514,WT,antiparallel,1.079287881411121,0.010195326013882143,4.608678660659193,0.5271830698550064
3,-1898.73417721519,4.886551304935816,0.5192731578626748,WT,antiparallel,1.0677776106293602,0.009977406992708982,4.576375507682379,0.48818852774164595
4,-1848.1012658227849,4.713694439565365,0.43649135284148405,WT,antiparallel,1.0657250791707935,0.00997330357739665,4.422992882210241,0.41165838418987805
5,-1797.4683544303798,4.4935609320906265,0.368631589541925,WT,antiparallel,1.059970908959013,0.010031214164515714,4.23932477213333,0.3500816561375757
6,-1746.8354430379748,4.353451990033856,0.3182775216132484,WT,antiparallel,1.0573308109793205,0.010075151280057343,4.117398211446807,0.3035658753442935
7,-1696.2025316455697,4.246937643930093,0.2989596599215114,WT,antiparallel,1.0500019036473691,0.01002247086405938,4.044695185006424,0.28732855823431896
8,-1645.5696202531644,4.1933318128917945,0.29541440990180057,WT,antiparallel,1.046121184277137,0.009943877515791535,4.008457027652451,0.2849491715119671
9,-1594.9367088607596,4.160057950644944,0.29900355173742704,WT,antiparallel,1.0465811398484715,0.009880384792140038,3.974902463126037,0.2881494476830871
10,-1544.3037974683543,4.040853283871465,0.28985810298994086,WT,antiparallel,1.0506429854556594,0.009957856735894628,3.8460764882173217,0.2782841969661646
11,-1493.6708860759495,3.9620258971019764,0.2693429004370363,WT,antiparallel,1.0592120992206575,0.010051339707978875,3.7405406339458724,0.25675154708818543
12,-1443.0379746835442,3.8438765232456262,0.23605396521126806,WT,antiparallel,1.0645575228674347,0.010094186119381262,3.6107739043466323,0.22436668963818177
13,-1392.4050632911392,3.7223225528885475,0.21343745839460565,WT,antiparallel,1.0601981404363623,0.010089632886802468,3.510968762269752,0.20407241495130682
14,-1341.7721518987341,3.672495575202638,0.21501823719401694,WT,antiparallel,1.0562914491833038,0.010051544488000889,3.476782452458659,0.20623068196798164
15,-1291.139240506329,3.680105074959608,0.2260053928915371,WT,antiparallel,1.0441269216423827,0.009921876551332025,3.524576369672477,0.2190298106165236
16,-1240.506329113924,3.675511709871577,0.23758444012374488,WT,antiparallel,1.0383041975397624,0.009879269422792398,3.5399179918376675,0.23128532687344144
17,-1189.873417721519,3.756782284755612,0.25077037341933706,WT,antiparallel,1.0381419918267962,0.009860608225796605,3.6187557331583156,0.24399013021168056
18,-1139.240506329114,3.7454600073828628,0.25121654630743107,WT,antiparallel,1.0429281112965527,0.009907593254578073,3.591292598994731,0.2432802364377377
19,-1088.607594936709,3.703693027269781,0.24185571090654223,WT,antiparallel,1.0509544813816774,0.009986746377998275,3.5241231593594615,0.2325533892964722
20,-1037.9746835443038,3.711612441223059,0.23561288966989583,WT,antiparallel,1.0554708775752635,0.010008901276413282,3.5165465197389034,0.2257071269966191
21,-987.3417721518988,3.737153698592637,0.2357075439924764,WT,antiparallel,1.0633456677514408,0.010106788945118789,3.5145238391719333,0.2241688250238858
22,-936.7088607594937,3.7579681897104082,0.23590110341879275,WT,antiparallel,1.063933978188474,0.010097035189786477,3.5321441619046503,0.22424490851937934
23,-886.0759493670887,3.8164369942714917,0.23715263851807492,WT,antiparallel,1.0655512896742452,0.010166408436337716,3.5816548966293618,0.22517147817158797
24,-835.4430379746836,3.8409883229376667,0.23846754243603263,WT,antiparallel,1.0602384842356887,0.010173446827342862,3.622758822706367,0.22758920941495112
25,-784.8101265822784,3.787701854092565,0.2273558768679881,WT,antiparallel,1.0502673561026936,0.010125338455174325,3.606416815760014,0.21924863391589225
26,-734.1772151898733,3.788423186789698,0.22272612583920487,WT,antiparallel,1.047619361241872,0.01007053260238616,3.6162210502665912,0.21542531169911186
27,-683.5443037974683,3.687850997255809,0.21650669118546317,WT,antiparallel,1.0457728619189741,0.009969418399921104,3.52643593226226,0.20974199841015614
28,-632.9113924050632,3.684499596646769,0.22210003747080242,WT,antiparallel,1.0470152911196036,0.009951270170603007,3.5190504168347223,0.21474744019447894
29,-582.2784810126582,3.6111685702444904,0.22082728629298556,WT,antiparallel,1.04930463604155,0.009992466798601728,3.441487291876881,0.21298762631394058
30,-531.6455696202531,3.624026529232661,0.2349650443104168,WT,antiparallel,1.0521510548155166,0.010007974889791856,3.4443975631123567,0.2257092400598015
31,-481.0126582278481,3.6410694802780057,0.23824617609002433,WT,antiparallel,1.051276789348718,0.009947057884705426,3.4634736704628506,0.2289826964115342
32,-430.37974683544303,3.6788858589224556,0.2497978614061164,WT,antiparallel,1.0473142581174368,0.0098834403618965,3.5126857391737496,0.24080534529526443
33,-379.746835443038,3.703328688840961,0.2823768685239874,WT,antiparallel,1.0411564476006354,0.009834392744706905,3.556937766053653,0.2732877166487587
34,-329.11392405063293,3.8103411548861224,0.3275973443242275,WT,antiparallel,1.0364577179817835,0.009781755388142282,3.676311236608585,0.31797260859243937
35,-278.4810126582279,4.081705427517345,0.38390585009520195,WT,antiparallel,1.0393266713927893,0.009815281353097241,3.9272593880877706,0.37123671105646244
36,-227.84810126582283,4.337319957841095,0.4324228291817424,WT,antiparallel,1.0440664664168506,0.009848277681863188,4.154256551047384,0.41602131832750355
37,-177.21518987341778,4.661209476893221,0.46165895503571386,WT,antiparallel,1.0485160437793397,0.009880828664562715,4.445529951160359,0.44228597447723966
38,-126.58227848101274,4.912981616813745,0.4897926696022132,WT,antiparallel,1.0539464129409735,0.009941227467923117,4.661509879904016,0.46679796404104235
39,-75.94936708860769,5.12866689643931,0.5178392800428381,WT,antiparallel,1.0563463222315959,0.01002110001223244,4.855099874447132,0.49237627591725136
40,-25.316455696202638,5.301008855812586,0.5373373666013607,WT,antiparallel,1.0655534938577707,0.010131040420406053,4.974887592569952,0.5064935003609796
41,25.31645569620241,5.329765642596715,0.5353615349944131,WT,antiparallel,1.0648242908430083,0.010089546462096565,5.005300581917797,0.5050017926526084
42,75.94936708860769,5.3340393048673125,0.5393319454043197,WT,antiparallel,1.0640246698586642,0.010071069867160104,5.013078602374736,0.5090951958150983
43,126.58227848101251,5.186545929548159,0.5128618357926236,WT,antiparallel,1.0544922821275524,0.009971474479390927,4.918524314927883,0.4885778581772242
44,177.21518987341778,4.9949809409480785,0.46470196159805,WT,antiparallel,1.0546176340896116,0.01001395080432457,4.7362956767359075,0.4429245808747208
45,227.8481012658226,4.755126860756186,0.39427294392515266,WT,antiparallel,1.0563143546213383,0.010001708701238723,4.5016209804900145,0.3756792304864523
46,278.4810126582279,4.4713970096241775,0.33326977536374836,WT,antiparallel,1.057406798863739,0.010016213420639583,4.22864408894384,0.3177116198480423
47,329.1139240506327,4.30083313081988,0.3081836858336707,WT,antiparallel,1.0514347885685025,0.009983895301338246,4.090442105948708,0.2956700180364343
48,379.746835443038,4.30470885288656,0.3000573815008033,WT,antiparallel,1.0430124670645262,0.00992595736932668,4.127188301978608,0.29035223132324306
49,430.37974683544326,4.346722664595837,0.3067517126993457,WT,antiparallel,1.0369130460588247,0.009930565194272035,4.191983774451657,0.29854336635531875
50,481.0126582278481,4.3086125128031965,0.30371890279229863,WT,antiparallel,1.0258556979094975,0.009830485319864368,4.200018113252522,0.2987871116672693
51,531.6455696202534,4.211970588120655,0.2895098510480537,WT,antiparallel,1.0290684452813998,0.009819088115838844,4.0929936268416895,0.28402976668153795
52,582.2784810126582,4.16283240049514,0.2880125192712234,WT,antiparallel,1.0321994008033004,0.009871362224025917,4.0329730837427835,0.28168100275061714
53,632.9113924050635,4.087688594540554,0.28773323259285954,WT,antiparallel,1.0395124551225219,0.009973791263690445,3.932313243960852,0.2793558805055093
54,683.5443037974683,3.9535686880391627,0.2772043064952292,WT,antiparallel,1.040672534403364,0.01002288252969658,3.799051629921043,0.2688716006864551
55,734.1772151898736,3.91070915614669,0.27091197528583116,WT,antiparallel,1.0403135236511964,0.009971476070654657,3.7591640089626477,0.2628947121076969
56,784.8101265822784,3.9954168313071503,0.2903447972530084,WT,antiparallel,1.0368547191244784,0.009895778016819713,3.853400826184102,0.28242929602455896
57,835.4430379746836,4.112449596076463,0.31644713260042945,WT,antiparallel,1.042912999852573,0.009966404869896497,3.9432336126386396,0.30575718023753906
58,886.0759493670885,4.212083114437796,0.35017885676276955,WT,antiparallel,1.0442263018152544,0.01004714979655436,4.033688011033266,0.33758602383510566
59,936.7088607594937,4.288657476284017,0.3527607614973123,WT,antiparallel,1.0463995175666827,0.0100354415890972,4.098489538925766,0.33940234782814876
60,987.3417721518986,4.320917646040371,0.343589701988993,WT,antiparallel,1.0436852559523653,0.009931479603843694,4.140058146263189,0.33155700535587135
61,1037.9746835443038,4.274664128958289,0.3131564624055179,WT,antiparallel,1.0426863797845036,0.009866220529573394,4.099664301591579,0.3028310968501841
62,1088.6075949367087,4.273102654033632,0.2986365175200599,WT,antiparallel,1.0445195672367729,0.009897159712673433,4.090974250810756,0.28852380709717096
63,1139.240506329114,4.234874459134999,0.28264546931587786,WT,antiparallel,1.045214312449096,0.009909592620940072,4.0516805105854745,0.2731334265476929
64,1189.8734177215188,4.246305519703016,0.26761522843667135,WT,antiparallel,1.0443490772052033,0.009951638285069977,4.065982928875288,0.259163289443565
65,1240.506329113924,4.250122324493987,0.2590891451480108,WT,antiparallel,1.0488674453900433,0.009973294794746422,4.052106243905292,0.25000491069867753
66,1291.1392405063293,4.323821249123236,0.26432458547082116,WT,antiparallel,1.0524643802006293,0.009949024440973517,4.108282741406407,0.25413317382780315
67,1341.7721518987341,4.402467713819807,0.2749791742098516,WT,antiparallel,1.055083634728885,0.010029700238518235,4.172624395743821,0.26362423397772294
68,1392.4050632911394,4.3288609409735574,0.28716953004388535,WT,antiparallel,1.0554507510811741,0.01003248476275659,4.10143337956716,0.2748612392573465
69,1443.0379746835442,4.319833318557312,0.3165048498309208,WT,antiparallel,1.055948648587588,0.010039648183618197,4.090950184306235,0.30224820954741227
70,1493.6708860759495,4.351988989484844,0.3481724296238999,WT,antiparallel,1.0527250677152302,0.010033614951010569,4.13402237958495,0.333073208579798
71,1544.3037974683543,4.431036275431884,0.4104618792597894,WT,antiparallel,1.0542407591134573,0.010027150867566255,4.203059156200786,0.39139051918880696
72,1594.9367088607596,4.506037417704786,0.47323551927113094,WT,antiparallel,1.0586295294700299,0.01008569674906042,4.256481887446116,0.44886213385007634
73,1645.5696202531644,4.464421333114899,0.4888219028311394,WT,antiparallel,1.0610689816032064,0.010151828268478606,4.207475112852181,0.46244356559647826
74,1696.2025316455697,4.358227668834563,0.46299678264722377,WT,antiparallel,1.0600465245792712,0.010146818115435947,4.111355084687749,0.4385396147790201
75,1746.8354430379745,4.295260639634298,0.4359971179424245,WT,antiparallel,1.055423543004871,0.010062301489741358,4.069703265672248,0.41491969624390185
76,1797.4683544303798,4.3167455066839855,0.4604965940404718,WT,antiparallel,1.0570571969500107,0.009997123753346288,4.083738816725666,0.4373488643513931
77,1848.1012658227846,4.2487631239120045,0.4497233889737237,WT,antiparallel,1.061336466886566,0.009976850764217709,4.003219767220253,0.42540081907202953
78,1898.73417721519,4.166768642991337,0.4149420258097446,WT,antiparallel,1.0687565551631146,0.010027435743974314,3.8987069813624684,0.389966816976194
79,1949.3670886075947,4.045493872805022,0.36546221025705783,WT,antiparallel,1.0709967902292805,0.010127435624966775,3.7773165239262356,0.34309989891977555
80,2000,3.9857828872761325,0.35422745281742735,WT,antiparallel,1.0753732464733148,0.010255279866760798,3.706418120729247,0.3312905230912177
1,-2000,4.410949514743345,0.33410168738693463,WT,hybrid,1.0883618584382424,0.010373323397542322,4.052833605426865,0.3093974784321447
2,-1949.367088607595,4.451887972292767,0.34843778724646324,WT,hybrid,1.079287881411121,0.010195326013882143,4.124838283620975,0.3251833344585239
3,-1898.73417721519,4.552114446126762,0.35853031109288835,WT,hybrid,1.0677776106293602,0.009977406992708982,4.26316716216188,0.33812719783550016
4,-1848.1012658227849,4.640044653482086,0.36560365539174244,WT,hybrid,1.0657250791707935,0.00997330357739665,4.353885203764142,0.3454673978233229
5,-1797.4683544303798,4.611516254273101,0.35233474787346114,WT,hybrid,1.059970908959013,0.010031214164515714,4.350606432021824,0.3349406115597647
6,-1746.8354430379748,4.562624302933623,0.3356564382088713,WT,hybrid,1.0573308109793205,0.010075151280057343,4.315228739723976,0.32010835130453585
7,-1696.2025316455697,4.511411098503502,0.31881024958600385,WT,hybrid,1.0500019036473691,0.01002247086405938,4.296574208896488,0.3063854978081747
8,-1645.5696202531644,4.432676016812412,0.2986708540119347,WT,hybrid,1.046121184277137,0.009943877515791535,4.237249071555092,0.2883301384382408
9,-1594.9367088607596,4.309914864466268,0.2795905966108519,WT,hybrid,1.0465811398484715,0.009880384792140038,4.118089558818418,0.2699606575343657
10,-1544.3037974683543,4.195580252325081,0.2531750145020624,WT,hybrid,1.0506429854556594,0.009957856735894628,3.9933453232027016,0.24392573616818736
11,-1493.6708860759495,4.0552636670559314,0.22797582448588616,WT,hybrid,1.0592120992206575,0.010051339707978875,3.8285662239316336,0.2182763052652918
12,-1443.0379746835442,3.930878447375993,0.211455304353161,WT,hybrid,1.0645575228674347,0.010094186119381262,3.6924998066689634,0.201694290122992
13,-1392.4050632911392,3.865060610745474,0.20881942740335926,WT,hybrid,1.0601981404363623,0.010089632886802468,3.645602141081544,0.19999493512409897
14,-1341.7721518987341,3.831754767144287,0.21168075193593422,WT,hybrid,1.0562914491833038,0.010051544488000889,3.627554469087956,0.2033512401522309
15,-1291.139240506329,3.7803199248522406,0.21459675338992593,WT,hybrid,1.0441269216423827,0.009921876551332025,3.62055593673028,0.20838716148122066
16,-1240.506329113924,3.7395777069383414,0.21394346521464813,WT,hybrid,1.0383041975397624,0.009879269422792398,3.6016205229634854,0.20888106810391519
17,-1189.873417721519,3.6858529363324024,0.20070738662182244,WT,hybrid,1.0381419918267962,0.009860608225796605,3.5504323737511916,0.1962524003954851
18,-1139.240506329114,3.6624445992931345,0.19620897666542877,WT,hybrid,1.0429281112965527,0.009907593254578073,3.511694199842823,0.19106768309080333
19,-1088.607594936709,3.669483985288945,0.18919869962934008,WT,hybrid,1.0509544813816774,0.009986746377998275,3.4915727087101986,0.18305749967607055
20,-1037.9746835443038,3.670868689760401,0.1770767985052231,WT,hybrid,1.0554708775752635,0.010008901276413282,3.4779440795121688,0.17098145145133314
21,-987.3417721518988,3.705203951077034,0.18489692610047437,WT,hybrid,1.0633456677514408,0.010106788945118789,3.484477403206135,0.17700818393827916
22,-936.7088607594937,3.793531184262878,0.19263377538530066,WT,hybrid,1.063933978188474,0.010097035189786477,3.5655701030641027,0.18419292555043373
23,-886.0759493670887,3.8568688635292006,0.19565935744378393,WT,hybrid,1.0655512896742452,0.010166408436337716,3.6195994513866174,0.18684194996439646
24,-835.4430379746836,3.948837725817711,0.1995470395212291,WT,hybrid,1.0602384842356887,0.010173446827342862,3.7244806565047237,0.19157257304377723
25,-784.8101265822784,4.093520872944235,0.20970738428589034,WT,hybrid,1.0502673561026936,0.010125338455174325,3.8975988819974106,0.20317537023998866
26,-734.1772151898733,4.2831671193010905,0.22769968053800826,WT,hybrid,1.047619361241872,0.01007053260238616,4.088476480831479,0.22087435074295003
27,-683.5443037974683,4.446489951715529,0.24434934827409918,WT,hybrid,1.0457728619189741,0.009969418399921104,4.251869706731824,0.2371440355456461
28,-632.9113924050632,4.635026669091684,0.26719706582268316,WT,hybrid,1.0470152911196036,0.009951270170603007,4.4268949158663355,0.25864405581471317
29,-582.2784810126582,4.8060971532406365,0.2880595669444968,WT,hybrid,1.04930463604155,0.009992466798601728,4.5802686733296065,0.27796773359112414
30,-531.6455696202531,5.062407235575137,0.31566817865116403,WT,hybrid,1.0521510548155166,0.010007974889791856,4.8114833059429625,0.30349234679412
31,-481.0126582278481,5.349926559634464,0.36352016762140477,WT,hybrid,1.051276789348718,0.009947057884705426,5.088980003971004,0.349125660376894
32,-430.37974683544303,5.637708394838757,0.42705263835187557,WT,hybrid,1.0473142581174368,0.0098834403618965,5.383015032157227,0.4109119132726429
33,-379.746835443038,5.972611442014249,0.49579841989593676,WT,hybrid,1.0411564476006354,0.009834392744706905,5.736516789362678,0.47927258191532485
34,-329.11392405063293,6.376859955485619,0.5544687162345797,WT,hybrid,1.0364577179817835,0.009781755388142282,6.152551951567113,0.5381071514552184
35,-278.4810126582279,6.832214541882232,0.6237389245785742,WT,hybrid,1.0393266713927893,0.009815281353097241,6.573693074504152,0.6033399629197668
36,-227.84810126582283,7.163272071627308,0.663173908877464,WT,hybrid,1.0440664664168506,0.009848277681863188,6.860934913666045,0.6384719679248242
37,-177.21518987341778,7.406214005767175,0.6727526869252592,WT,hybrid,1.0485160437793397,0.009880828664562715,7.063519962052019,0.6450671827980883
38,-126.58227848101274,7.585492846326009,0.6506456319362203,WT,hybrid,1.0539464129409735,0.009941227467923117,7.197228201725315,0.6210636684056966
39,-75.94936708860769,7.734670257541226,0.623552949447581,WT,hybrid,1.0563463222315959,0.01002110001223244,7.3220970194711,0.5943649886561411
40,-25.316455696202638,7.800047719518593,0.5959601961543501,WT,hybrid,1.0655534938577707,0.010131040420406053,7.320184077552974,0.5636101452399259
41,25.31645569620241,7.712944396084817,0.565154157676328,WT,hybrid,1.0648242908430083,0.010089546462096565,7.243396363524515,0.5351679969348259
42,75.94936708860769,7.461938252965288,0.5367048171721894,WT,hybrid,1.0640246698586642,0.010071069867160104,7.01293726014498,0.5087588893262356
43,126.58227848101251,7.239787902208673,0.5137724606350201,WT,hybrid,1.0544922821275524,0.009971474479390927,6.86566229541445,0.491529088398696
44,177.21518987341778,6.904584358351142,0.47536652230612014,WT,hybrid,1.0546176340896116,0.01001395080432457,6.5470025677234736,0.45501444264560326
45,227.8481012658226,6.5643264022856,0.43449448697596155,WT,hybrid,1.0563143546213383,0.010001708701238723,6.214368264112763,0.41551792687180794
46,278.4810126582279,6.162619746646755,0.3933529470613733,WT,hybrid,1.057406798863739,0.010016213420639583,5.828050049677136,0.376071808024508
47,329.1139240506327,5.868479597861983,0.3708967408420061,WT,hybrid,1.0514347885685025,0.009983895301338246,5.581401397086875,0.356712015802647
48,379.746835443038,5.644474374094778,0.34901661349413543,WT,hybrid,1.0430124670645262,0.00992595736932668,5.4117036491238615,0.33856364131965694
49,430.37974683544326,5.554331626117355,0.33673011289159965,WT,hybrid,1.0369130460588247,0.009930565194272035,5.356603089553812,0.328769924574906
50,481.0126582278481,5.488421119526854,0.3412374652677499,WT,hybrid,1.0258556979094975,0.009830485319864368,5.350090788315776,0.3365646459210168
51,531.6455696202534,5.432112541435792,0.3613698477421752,WT,hybrid,1.0290684452813998,0.009819088115838844,5.278669816710176,0.3547558667770097
52,582.2784810126582,5.401724816254064,0.3800037828932381,WT,hybrid,1.0321994008033004,0.009871362224025917,5.233218322012411,0.3715358259222492
53,632.9113924050635,5.3554958772730705,0.4091265130281875,WT,hybrid,1.0395124551225219,0.009973791263690445,5.151930456323244,0.3966673913318264
54,683.5443037974683,5.344381616336923,0.4514495897452672,WT,hybrid,1.040672534403364,0.01002288252969658,5.135507510439825,0.43661618375260575
55,734.1772151898736,5.271502852144267,0.49080006275936233,WT,hybrid,1.0403135236511964,0.009971476070654657,5.067225151166768,0.4742744399367752
56,784.8101265822784,5.208708026634072,0.5155404051385428,WT,hybrid,1.0368547191244784,0.009895778016819713,5.02356591580382,0.4995219172494217
57,835.4430379746836,5.157641357128832,0.5134945033137427,WT,hybrid,1.042912999852573,0.009966404869896497,4.945418609086204,0.49462855440392267
58,886.0759493670885,5.133185472552667,0.4947449072605962,WT,hybrid,1.0442263018152544,0.01004714979655436,4.915778757563642,0.47614586432121914
59,936.7088607594937,5.130360576311747,0.46389981546704157,WT,hybrid,1.0463995175666827,0.0100354415890972,4.902869783657761,0.4458161374921701
60,987.3417721518986,5.130215915253363,0.42351167589809813,WT,hybrid,1.0436852559523653,0.009931479603843694,4.91548183323911,0.4084718109896293
61,1037.9746835443038,5.185534262657166,0.42324157958966274,WT,hybrid,1.0426863797845036,0.009866220529573394,4.973244460840547,0.4086332315940651
62,1088.6075949367087,5.158476633360086,0.4226746311916363,WT,hybrid,1.0445195672367729,0.009897159712673433,4.938611774412798,0.40735607636249177
63,1139.240506329114,5.110260406509421,0.41878028014045116,WT,hybrid,1.045214312449096,0.009909592620940072,4.88919865107406,0.4033370201683231
64,1189.8734177215188,5.1825185061350805,0.451039303130592,WT,hybrid,1.0443490772052033,0.009951638285069977,4.962438919373672,0.43446660998629155
65,1240.506329113924,5.3359450031897735,0.467099705546001,WT,hybrid,1.0488674453900433,0.009973294794746422,5.087339707836476,0.4479567424093137
66,1291.1392405063293,5.388671475696364,0.4628091949856027,WT,hybrid,1.0524643802006293,0.009949024440973517,5.120051164742631,0.4423941716384197
67,1341.7721518987341,5.432197404628958,0.45066656635405,WT,hybrid,1.055083634728885,0.010029700238518235,5.148594126402898,0.4299331150854883
68,1392.4050632911394,5.313188566836671,0.4205179558938866,WT,hybrid,1.0554507510811741,0.01003248476275659,5.034046886028543,0.4012881228645086
69,1443.0379746835442,5.235366522915244,0.3975985544277767,WT,hybrid,1.055948648587588,0.010039648183618197,4.957974547264157,0.3794713405409466
70,1493.6708860759495,5.1996518984823465,0.39117297472305174,WT,hybrid,1.0527250677152302,0.010033614951010569,4.939230629101814,0.3745515357435958
71,1544.3037974683543,5.150639493920982,0.38284031837293947,WT,hybrid,1.0542407591134573,0.010027150867566255,4.885638739913936,0.3661041914221669
72,1594.9367088607596,5.039244741718724,0.37232123315107885,WT,hybrid,1.0586295294700299,0.01008569674906042,4.760158867135953,0.35461300818053115
73,1645.5696202531644,4.8741160669231105,0.3447719517658628,WT,hybrid,1.0610689816032064,0.010151828268478606,4.59359019199547,0.32788766952402915
74,1696.2025316455697,4.880327019258758,0.3292628280424543,WT,hybrid,1.0600465245792712,0.010146818115435947,4.603880024224166,0.3137222533763231
75,1746.8354430379745,4.8030570770245395,0.31859226904806753,WT,hybrid,1.055423543004871,0.010062301489741358,4.550833747132332,0.3049641282947526
76,1797.4683544303798,4.800192091601378,0.3331523671767437,WT,hybrid,1.0570571969500107,0.009997123753346288,4.5410902129531445,0.31808237641711073
77,1848.1012658227846,4.817693454832258,0.3480708765124987,WT,hybrid,1.061336466886566,0.009976850764217709,4.539270632022075,0.3307195386541034
78,1898.73417721519,4.825386479837732,0.35718492663101875,WT,hybrid,1.0687565551631146,0.010027435743974314,4.514953809196779,0.33688000206780755
79,1949.3670886075947,4.812645853109151,0.36563372743714434,WT,hybrid,1.0709967902292805,0.010127435624966775,4.493613703621701,0.34402995694641286
80,2000,4.761550340506087,0.3591544967020363,WT,hybrid,1.0753732464733148,0.010255279866760798,4.427811791042399,0.33663999638888986
1,-2000,6.761603038098575,0.14756140728612255,DHX36KO,parallel,1.6458330294971992,0.01529932707498456,4.108316528417369,0.0974523635855651
2,-1949.367088607595,6.7695475127677085,0.1453358771396007,DHX36KO,parallel,1.6290632212780674,0.015047438886772423,4.155484835914913,0.09712112042759283
3,-1898.73417721519,6.776005353103613,0.14261735617472984,DHX36KO,parallel,1.6190305709377877,0.014832230400897022,4.185223846130812,0.09607077590997128
4,-1848.1012658227849,6.793909532091145,0.1448481627119365,DHX36KO,parallel,1.6122071846909367,0.014800034996833977,4.214042460922013,0.09781909251050913
5,-1797.4683544303798,6.799721621410165,0.1497453695323553,DHX36KO,parallel,1.6044299284681132,0.014793833815587009,4.238091985670226,0.10118310976042916
6,-1746.8354430379748,6.821840581537611,0.15471459559442355,DHX36KO,parallel,1.5980649429600657,0.014786935725346723,4.26881311150074,0.10456146471297233
7,-1696.2025316455697,6.877378296723298,0.15716802110937053,DHX36KO,parallel,1.592764356128372,0.014822961778386516,4.317888123413657,0.10654468347229874
8,-1645.5696202531644,6.912294362118755,0.15701588749203155,DHX36KO,parallel,1.5912977917290139,0.01478106971505073,4.343809435321498,0.10660238258017427
9,-1594.9367088607596,6.9612548645019965,0.15709134454579915,DHX36KO,parallel,1.5928753854643916,0.014722044417055595,4.370244482415988,0.10657221820580756
10,-1544.3037974683543,6.963494985760482,0.15450952054133896,DHX36KO,parallel,1.58902594163544,0.014646406381080048,4.382241222942899,0.10529120512254549
11,-1493.6708860759495,6.979473029456702,0.1534429982312445,DHX36KO,parallel,1.5837592923995751,0.01463425428913267,4.406902654305508,0.10509488350307501
12,-1443.0379746835442,7.0001444351666136,0.15389091124733173,DHX36KO,parallel,1.587435977832495,0.014660845377250736,4.409717640849175,0.10515026903247139
13,-1392.4050632911392,7.019163646847904,0.1566412554992095,DHX36KO,parallel,1.5890956415600246,0.014713661403738358,4.417080673607002,0.10672033726442481
14,-1341.7721518987341,7.0952597947295,0.1638863984267395,DHX36KO,parallel,1.5720700065266089,0.014595831662056347,4.513323048765517,0.11235541286303462
15,-1291.139240506329,7.137673714310072,0.1696842781769898,DHX36KO,parallel,1.5682626046958326,0.01445448790347147,4.551325583443621,0.11604620135124674
16,-1240.506329113924,7.1637446826402345,0.17203756350641491,DHX36KO,parallel,1.5669287109779968,0.014347389195997717,4.571838292610639,0.11750256184998625
17,-1189.873417721519,7.18479348649023,0.1722264349387705,DHX36KO,parallel,1.5695223175967394,0.014361620106179723,4.577694376140903,0.11745469947042245
18,-1139.240506329114,7.183469435425167,0.17029373969105102,DHX36KO,parallel,1.5833332857333855,0.014497689315329234,4.536928200873292,0.11529785868552357
19,-1088.607594936709,7.225414788435555,0.1717075402831576,DHX36KO,parallel,1.5969761405842169,0.014787731134235076,4.524435027433975,0.11539442677420844
20,-1037.9746835443038,7.2870184205366675,0.1722585071092763,DHX36KO,parallel,1.6017378146922387,0.01489241616363279,4.5494452048863,0.11556425768363399
21,-987.3417721518988,7.343819035413329,0.1739593236284034,DHX36KO,parallel,1.6018192925067427,0.01483289284250487,4.584673857886136,0.11660427613799607
22,-936.7088607594937,7.338754866755323,0.1725886848760693,DHX36KO,parallel,1.5990784000322245,0.014756761198160537,4.589365266022875,0.11594221586662748
23,-886.0759493670887,7.321123489515154,0.1677877862485117,DHX36KO,parallel,1.5933632053070266,0.014683711531221735,4.594761235310715,0.11349853336550929
24,-835.4430379746836,7.321329099354048,0.16219823530815028,DHX36KO,parallel,1.5842887951861668,0.014640003522242042,4.621208659431144,0.11092827698860738
25,-784.8101265822784,7.367027330384462,0.15922824367776264,DHX36KO,parallel,1.5774647619298765,0.01465545946930351,4.670169190576157,0.10986943037573758
26,-734.1772151898733,7.4590518832255155,0.16107992021033285,DHX36KO,parallel,1.576369307969232,0.014665864138168902,4.731792128606391,0.1112635693906412
27,-683.5443037974683,7.556849558799053,0.16227897688393916,DHX36KO,parallel,1.5712681924987055,0.014650261119900919,4.809395108279886,0.11259377274856174
28,-632.9113924050632,7.665869869878614,0.16384736855556742,DHX36KO,parallel,1.568525998509409,0.0145331428778425,4.8873081333453134,0.11385231536784526
29,-582.2784810126582,7.753768118970041,0.16555997678649476,DHX36KO,parallel,1.5677619268628753,0.014526324880145044,4.945756103725197,0.11511702272429469
30,-531.6455696202531,7.873987642555198,0.1702825125430505,DHX36KO,parallel,1.559143985090579,0.01451447512859219,5.050199159186543,0.11890450071051228
31,-481.0126582278481,8.021155781007572,0.17663937724734063,DHX36KO,parallel,1.566255451859891,0.014565096605841403,5.121230876791293,0.12242118523105108
32,-430.37974683544303,8.219799161815665,0.1873323143657949,DHX36KO,parallel,1.5713309695694262,0.014649294601843858,5.231106190230593,0.12880816039438073
33,-379.746835443038,8.4481190469610965,0.1954446976883458,DHX36KO,parallel,1.5748858767003437,0.014707281750860744,5.364273800372987,0.13383023587051693
34,-329.11392405063293,8.779594711921952,0.2086538269184366,DHX36KO,parallel,1.576612842557947,0.014573425561413335,5.568643407520173,0.14200086138627127
35,-278.4810126582279,9.127312414285534,0.2251986382093228,DHX36KO,parallel,1.573105305688232,0.014537738511847363,5.802098805008062,0.15286778517155766
36,-227.84810126582283,9.464835421948743,0.2440225125314626,DHX36KO,parallel,1.5731741096907526,0.014523068144762894,6.016394093727679,0.16475875783227736
37,-177.21518987341778,9.849941390848837,0.26501027156758544,DHX36KO,parallel,1.580466538456098,0.014579528501996513,6.232299862843599,0.17726082047054875
38,-126.58227848101274,10.176654622465998,0.28032696787146966,DHX36KO,parallel,1.5823218929683573,0.014624401303199053,6.431469265318133,0.186868000054065
39,-75.94936708860769,10.444767769927823,0.28861739929306196,DHX36KO,parallel,1.5896084504451904,0.014750187114715008,6.570654406751946,0.19152863718128826
40,-25.316455696202638,10.46816707801453,0.28294496227781324,DHX36KO,parallel,1.5845998073925545,0.014615986158661961,6.606189795794441,0.18866997156050092
41,25.31645569620241,10.31230484708516,0.2686550864730764,DHX36KO,parallel,1.5832229360954146,0.014532616689200983,6.513488790478006,0.17991356898396416
42,75.94936708860769,10.100490495461585,0.25180908805256796,DHX36KO,parallel,1.5782466419703265,0.014498794607451161,6.3998175106850566,0.17003755532957246
43,126.58227848101251,9.877896234528471,0.23589298465626868,DHX36KO,parallel,1.5770005437497312,0.014565045080124819,6.263724051128854,0.16038059745194352
44,177.21518987341778,9.68063389559778,0.22618165060838738,DHX36KO,parallel,1.5807978646244873,0.014572387950036863,6.123891050357269,0.1538146585842398
45,227.8481012658226,9.386299844353765,0.21583046585450344,DHX36KO,parallel,1.5817925803126458,0.014624254425863454,5.93396375806652,0.14706298278604343
46,278.4810126582279,9.049714640904591,0.2037283770306477,DHX36KO,parallel,1.5835551374718635,0.014825913731296042,5.7148086774878,0.13933485182510139
47,329.1139240506327,8.78074753164949,0.19496912944458683,DHX36KO,parallel,1.5718267412906501,0.014824539255616219,5.586332959598009,0.13476571910417529
48,379.746835443038,8.543112835716217,0.18561264107394185,DHX36KO,parallel,1.566207629715688,0.014790409700496785,5.4546489709458506,0.12922144993521684
49,430.37974683544326,8.300172729170315,0.17514641467638176,DHX36KO,parallel,1.5621883071789715,0.01469503172611437,5.313170436001355,0.12275158678127442
50,481.0126582278481,8.07933608524419,0.16847996492088027,DHX36KO,parallel,1.5668061166310105,0.014672613066599838,5.156564044194951,0.11787601394661575
51,531.6455696202534,7.9103369013947304,0.16815662193974196,DHX36KO,parallel,1.5688988811213445,0.014665997303875355,5.041967329176083,0.1170865695821095
52,582.2784810126582,7.81303974527851,0.16947317531524514,DHX36KO,parallel,1.5799856418626372,0.014715970636799774,4.9450068014971045,0.11673283612875239
53,632.9113924050635,7.744968571806029,0.16872700261666412,DHX36KO,parallel,1.5745249258626477,0.014600657074847121,4.918924079631658,0.11646448841404732
54,683.5443037974683,7.639231552319665,0.16625575195637438,DHX36KO,parallel,1.5713959862196407,0.014483696263063551,4.861429976474368,0.11489862729032774
55,734.1772151898736,7.538770052950745,0.16341639368218075,DHX36KO,parallel,1.5702324196656599,0.014393378006075765,4.801053626542706,0.11299383943817705
56,784.8101265822784,7.448495781487305,0.1607604709096699,DHX36KO,parallel,1.5709947482195292,0.014423538876913309,4.7412607775608295,0.1112042488710263
57,835.4430379746836,7.410447604424096,0.16080624202398586,DHX36KO,parallel,1.5720572628979717,0.01449618160829949,4.713853483150787,0.11114272088652848
58,886.0759493670885,7.331354206135999,0.16404328397924892,DHX36KO,parallel,1.5740583697641084,0.014581242811240373,4.657612669874936,0.11279487331341953
59,936.7088607594937,7.312414448484344,0.17038782971622016,DHX36KO,parallel,1.5778823517632588,0.014668136805310181,4.634321716262836,0.11626163168040342
60,987.3417721518986,7.292088320884821,0.1740515908805039,DHX36KO,parallel,1.5771718350057569,0.014625297697453007,4.623521774251189,0.11839271831270677
61,1037.9746835443038,7.261779217164206,0.17619682711913506,DHX36KO,parallel,1.5745861289951244,0.014566588937553344,4.611865355246434,0.11975797335134969
62,1088.6075949367087,7.211158361799748,0.17513158346299476,DHX36KO,parallel,1.5782923715809547,0.014622861024046285,4.568962311194868,0.11876307069367195
63,1139.240506329114,7.136271924385715,0.17401700047685012,DHX36KO,parallel,1.572523052230889,0.014559880750764248,4.538103218430859,0.11836963858499423
64,1189.8734177215188,7.090438170999094,0.17444750057068495,DHX36KO,parallel,1.5705884905895477,0.014468020151838068,4.514510461195074,0.11860159353775981
65,1240.506329113924,7.061774259684775,0.1722017941335693,DHX36KO,parallel,1.5811311275456674,0.01449219140107604,4.466279954051952,0.11634993171621502
66,1291.1392405063293,7.036738834579006,0.16787030901291647,DHX36KO,parallel,1.5853893923836293,0.014526724193113027,4.4384924412792275,0.11342755389087195
67,1341.7721518987341,7.016788796274314,0.16131948227791257,DHX36KO,parallel,1.5935787344494294,0.014603500809955932,4.403164176697279,0.10897643231074122
68,1392.4050632911394,7.02276274414069,0.15710751177315554,DHX36KO,parallel,1.5994882892540028,0.014773479147853024,4.390630923228634,0.10626601523920254
69,1443.0379746835442,7.031262126392609,0.158401521863314,DHX36KO,parallel,1.5914333372886007,0.014836530870759814,4.418194568157092,0.10771993308556807
70,1493.6708860759495,7.001657842393223,0.15938753009050274,DHX36KO,parallel,1.598206679419355,0.014921799994670016,4.380946427365076,0.10779115915082951
71,1544.3037974683543,6.974423974574163,0.16038434704513138,DHX36KO,parallel,1.5968700321565554,0.014812361544644291,4.367558933493968,0.10829970417439448
72,1594.9367088607596,6.888469366796021,0.1608501523546317,DHX36KO,parallel,1.5935448637057754,0.01480167444174674,4.322733249427909,0.1086313183612884
73,1645.5696202531644,6.8225257229455245,0.15871396057333376,DHX36KO,parallel,1.5972315419315424,0.014855527915255053,4.271469441866269,0.1070156589542037
74,1696.2025316455697,6.80438590346715,0.15572858938606676,DHX36KO,parallel,1.5972011399607378,0.014846694963365553,4.260193492996389,0.10523602816655145
75,1746.8354430379745,6.797274239182714,0.15152930603879164,DHX36KO,parallel,1.5954547929374834,0.014701154387097067,4.2603991471722384,0.10276906645562195
76,1797.4683544303798,6.7747640476551805,0.14955867634590936,DHX36KO,parallel,1.5932295064904272,0.014641424813291823,4.252221051679277,0.10168012613822526
77,1848.1012658227846,6.798319479687062,0.1514901024958204,DHX36KO,parallel,1.5896800314272705,0.014466514143749831,4.276533230138956,0.10293639572012983
78,1898.73417721519,6.8881721350180865,0.16140087505824108,DHX36KO,parallel,1.5943578589386997,0.014441472212189098,4.320342573281049,0.10853304189528316
79,1949.3670886075947,6.961366416073362,0.16999472144575337,DHX36KO,parallel,1.6091522721377771,0.014626091769932213,4.326107936836275,0.11272305707361943
80,2000,6.952028299678397,0.17206165326004635,DHX36KO,parallel,1.6303236879994034,0.014925144656144865,4.264201244729103,0.11252675303275483
1,-2000,7.840954721453178,0.8032604170785548,DHX36KO,antiparallel,1.6458330294971992,0.01529932707498456,4.7641252672202015,0.4900622059721223
2,-1949.367088607595,7.799945463397609,0.7764859680762757,DHX36KO,antiparallel,1.6290632212780674,0.015047438886772423,4.787994327978401,0.47869307628974855
3,-1898.73417721519,7.7052485938416195,0.7195074658550603,DHX36KO,antiparallel,1.6190305709377877,0.014832230400897022,4.759174244238343,0.44653995694979065
4,-1848.1012658227849,7.488977952181403,0.6335852285641113,DHX36KO,antiparallel,1.6122071846909367,0.014800034996833977,4.6451709329263755,0.39529918444588386
5,-1797.4683544303798,7.358830431942916,0.5616074677994954,DHX36KO,antiparallel,1.6044299284681132,0.014793833815587009,4.586570158890655,0.3525810488702223
6,-1746.8354430379748,7.13158407817907,0.4886112401775086,DHX36KO,antiparallel,1.5980649429600657,0.014786935725346723,4.46263720983039,0.3085275826907599
7,-1696.2025316455697,7.012958302319939,0.47095273347751,DHX36KO,antiparallel,1.592764356128372,0.014822961778386516,4.403010574248885,0.2985084098812174
8,-1645.5696202531644,6.934692945035536,0.47493046136527295,DHX36KO,antiparallel,1.5912977917290139,0.01478106971505073,4.357885105528044,0.30118734883214704
9,-1594.9367088607596,6.800711880019648,0.4688559886820585,DHX36KO,antiparallel,1.5928753854643916,0.014722044417055595,4.269456319106186,0.29697892859447533
10,-1544.3037974683543,6.634936142875188,0.46170951340970384,DHX36KO,antiparallel,1.58902594163544,0.014646406381080048,4.175473772345372,0.2930991092962592
11,-1493.6708860759495,6.604930484546358,0.4449303058190943,DHX36KO,antiparallel,1.5837592923995751,0.01463425428913267,4.170413090072001,0.2835636645791803
12,-1443.0379746835442,6.5036618283933665,0.4110798931175655,DHX36KO,antiparallel,1.587435977832495,0.014660845377250736,4.0969600785245825,0.26170813344762023
13,-1392.4050632911392,6.394612872461774,0.3860016739100319,DHX36KO,antiparallel,1.5890956415600246,0.014713661403738358,4.024057901375996,0.24574749010942715
14,-1341.7721518987341,6.277913188825199,0.36057025830193173,DHX36KO,antiparallel,1.5720700065266089,0.014595831662056347,3.9934056134661957,0.23233761881739048
15,-1291.139240506329,6.249302764856993,0.351024568548297,DHX36KO,antiparallel,1.5682626046958326,0.01445448790347147,3.984857348600145,0.22682352419663399
16,-1240.506329113924,6.318791287942905,0.3626364608372325,DHX36KO,antiparallel,1.5669287109779968,0.014347389195997717,4.032596533379644,0.2343583996563783
17,-1189.873417721519,6.388508526602788,0.3814623131648471,DHX36KO,antiparallel,1.5695223175967394,0.014361620106179723,4.0703521415260315,0.24588080122706743
18,-1139.240506329114,6.353051671744579,0.3937631525854454,DHX36KO,antiparallel,1.5833332857333855,0.014497689315329234,4.012453808044529,0.25139169240284354
19,-1088.607594936709,6.195410246218022,0.3849732845547638,DHX36KO,antiparallel,1.5969761405842169,0.014787731134235076,3.8794632485564713,0.24372581932595985
20,-1037.9746835443038,6.156683395035825,0.37918312742185833,DHX36KO,antiparallel,1.6017378146922387,0.01489241616363279,3.8437522911443422,0.2394146922779683
21,-987.3417721518988,6.14544117347518,0.36707960475611595,DHX36KO,antiparallel,1.6018192925067427,0.01483289284250487,3.836538367482118,0.23190159656318562
22,-936.7088607594937,6.20441827664921,0.3673591371779635,DHX36KO,antiparallel,1.5990784000322245,0.014756761198160537,3.879996300696813,0.23250536409268352
23,-886.0759493670887,6.309159006590867,0.3660718090814527,DHX36KO,antiparallel,1.5933632053070266,0.014683711531221735,3.9596489899960687,0.23262766296540388
24,-835.4430379746836,6.390902551862138,0.3766437325587807,DHX36KO,antiparallel,1.5842887951861668,0.014640003522242042,4.0339252359044515,0.2406414674571354
25,-784.8101265822784,6.393851552117523,0.37236192408767055,DHX36KO,antiparallel,1.5774647619298765,0.01465545946930351,4.053245249228427,0.23903564852263992
26,-734.1772151898733,6.3267240859797935,0.35636860540919846,DHX36KO,antiparallel,1.576369307969232,0.014665864138168902,4.0134783479959,0.22913217011277
27,-683.5443037974683,6.25999007129432,0.3449320618755321,DHX36KO,antiparallel,1.5712681924987055,0.014650261119900919,3.984036653436856,0.22264529359345486
28,-632.9113924050632,6.162506117501662,0.34492570675650097,DHX36KO,antiparallel,1.568525998509409,0.0145331428778425,3.9288517521277764,0.2228970245587311
29,-582.2784810126582,6.074223948947233,0.3439255313360391,DHX36KO,antiparallel,1.5677619268628753,0.014526324880145044,3.8744555821060684,0.22229153189917406
30,-531.6455696202531,5.9934432227575956,0.3507507439567606,DHX36KO,antiparallel,1.559143985090579,0.01451447512859219,3.8440601253446163,0.22779210167821873
31,-481.0126582278481,6.063055410722002,0.3597157658679157,DHX36KO,antiparallel,1.566255451859891,0.014565096605841403,3.871051432588642,0.2324701636781401
32,-430.37974683544303,6.155361752623943,0.38065327621077566,DHX36KO,antiparallel,1.5713309695694262,0.014649294601843858,3.917291692093758,0.24498630470111812
33,-379.746835443038,6.221834500041174,0.4232688550261005,DHX36KO,antiparallel,1.5748858767003437,0.014707281750860744,3.9506573727595966,0.2712820453293155
34,-329.11392405063293,6.332794797339843,0.47826370570266363,DHX36KO,antiparallel,1.576612842557947,0.014573425561413335,4.016708875125813,0.30561258545994147
35,-278.4810126582279,6.680138794375889,0.5449849876276356,DHX36KO,antiparallel,1.573105305688232,0.014537738511847363,4.246466380998782,0.348654568012531
36,-227.84810126582283,7.043562630679477,0.6064018234116634,DHX36KO,antiparallel,1.5731741096907526,0.014523068144762894,4.477293763793296,0.3876736190826742
37,-177.21518987341778,7.402550558405729,0.6393808380398482,DHX36KO,antiparallel,1.580466538456098,0.014579528501996513,4.6837755677111765,0.4068527196612879
38,-126.58227848101274,7.66855932732008,0.677775866648736,DHX36KO,antiparallel,1.5823218929683573,0.014624401303199053,4.8463965274058385,0.43067820771246623
39,-75.94936708860769,7.939353680993787,0.712834349521022,DHX36KO,antiparallel,1.5896084504451904,0.014750187114715008,4.994534143782558,0.4508223983131376
40,-25.316455696202638,8.138692287351361,0.7356152841864688,DHX36KO,antiparallel,1.5845998073925545,0.014615986158661961,5.136118437842997,0.4666388146468368
41,25.31645569620241,8.351710318540459,0.7450586519872372,DHX36KO,antiparallel,1.5832229360954146,0.014532616689200983,5.275132218042307,0.4730807162958919
42,75.94936708860769,8.282601654642257,0.7319190358330566,DHX36KO,antiparallel,1.5782466419703265,0.014498794607451161,5.247976732142467,0.466253791453916
43,126.58227848101251,8.036076865367036,0.6986362734624463,DHX36KO,antiparallel,1.5770005437497312,0.014565045080124819,5.095798411241611,0.4455088314757848
44,177.21518987341778,7.708253349861695,0.640743383873136,DHX36KO,antiparallel,1.5807978646244873,0.014572387950036863,4.876178999452762,0.407813960331254
45,227.8481012658226,7.3980163754301875,0.5710736072921484,DHX36KO,antiparallel,1.5817925803126458,0.014624254425863454,4.676982600315364,0.36360961674992287
46,278.4810126582279,7.093750129055621,0.5031951094201349,DHX36KO,antiparallel,1.5835551374718635,0.014825913731296042,4.479635701463955,0.3205187351367312
47,329.1139240506327,6.963422503305312,0.46953658122395503,DHX36KO,antiparallel,1.5718267412906501,0.014824539255616219,4.43014635161859,0.30162825814066824
48,379.746835443038,6.98536381721378,0.45022198615776526,DHX36KO,antiparallel,1.566207629715688,0.014790409700496785,4.460049666902609,0.2905291360694115
49,430.37974683544326,6.993818570772807,0.4590677452601154,DHX36KO,antiparallel,1.5621883071789715,0.01469503172611437,4.476936959925384,0.29686424927627847
50,481.0126582278481,6.9628803658639615,0.460260921800982,DHX36KO,antiparallel,1.5668061166310105,0.014672613066599838,4.443996160058232,0.29669067604556865
51,531.6455696202534,6.852750097803809,0.4549020085701298,DHX36KO,antiparallel,1.5688988811213445,0.014665997303875355,4.367872385061502,0.29281062939138297
52,582.2784810126582,6.767122445805156,0.4582181589404401,DHX36KO,antiparallel,1.5799856418626372,0.014715970636799774,4.283027811460001,0.292744893481899
53,632.9113924050635,6.7072476465298765,0.45848427987606044,DHX36KO,antiparallel,1.5745249258626477,0.014600657074847121,4.259854852951992,0.2938561038477949
54,683.5443037974683,6.57599547848654,0.4434256219307369,DHX36KO,antiparallel,1.5713959862196407,0.014483696263063551,4.184811171820942,0.2848097671635477
55,734.1772151898736,6.54513013009171,0.4306627377537727,DHX36KO,antiparallel,1.5702324196656599,0.014393378006075765,4.168255634083345,0.27691544157381837
56,784.8101265822784,6.6388565805788655,0.4478665944442661,DHX36KO,antiparallel,1.5709947482195292,0.014423538876913309,4.225893554452009,0.2877127471455066
57,835.4430379746836,6.769807483622091,0.4758519061948828,DHX36KO,antiparallel,1.5720572628979717,0.01449618160829949,4.306336444222426,0.3052873092872374
58,886.0759493670885,6.953889959096909,0.514333989324494,DHX36KO,antiparallel,1.5740583697641084,0.014581242811240373,4.417809461626911,0.3293094005591493
59,936.7088607594937,7.064552946214059,0.5224584194225249,DHX36KO,antiparallel,1.5778823517632588,0.014668136805310181,4.477236809398072,0.3337192750759549
60,987.3417721518986,7.19875610675622,0.51167433600274,DHX36KO,antiparallel,1.5771718350057569,0.014625297697453007,4.564344827226733,0.3271745635268636
61,1037.9746835443038,7.244241849045255,0.4859872206451509,DHX36KO,antiparallel,1.5745861289951244,0.014566588937553344,4.600727591616988,0.31156518932423166
62,1088.6075949367087,7.214595833395251,0.45950011474281177,DHX36KO,antiparallel,1.5782923715809547,0.014622861024046285,4.5711402800283985,0.29420181163372333
63,1139.240506329114,7.073465386573355,0.42859517402428854,DHX36KO,antiparallel,1.572523052230889,0.014559880750764248,4.498163239348671,0.27571627701850876
64,1189.8734177215188,6.904161248060008,0.40102787556933994,DHX36KO,antiparallel,1.5705884905895477,0.014468020151838068,4.395907196205425,0.2585271771050577
65,1240.506329113924,6.831487749441346,0.4042936672839533,DHX36KO,antiparallel,1.5811311275456674,0.01449219140107604,4.3206332671760235,0.2587475170975066
66,1291.1392405063293,6.84572754613084,0.4089490512317155,DHX36KO,antiparallel,1.5853893923836293,0.014526724193113027,4.318010186657238,0.2609653713812367
67,1341.7721518987341,6.9786962982089955,0.42789485367692964,DHX36KO,antiparallel,1.5935787344494294,0.014603500809955932,4.3792604327266496,0.27149432599727846
68,1392.4050632911394,6.905329339635906,0.4472379711996912,DHX36KO,antiparallel,1.5994882892540028,0.014773479147853024,4.317211564491375,0.28244214530942824
69,1443.0379746835442,6.926415412611036,0.48188361434348825,DHX36KO,antiparallel,1.5914333372886007,0.014836530870759814,4.352312629325645,0.30550498968723416
70,1493.6708860759495,6.997475198790801,0.5221665929385754,DHX36KO,antiparallel,1.598206679419355,0.014921799994670016,4.378329341817703,0.32926771897639334
71,1544.3037974683543,7.099869223441651,0.6211302681128424,DHX36KO,antiparallel,1.5968700321565554,0.014812361544644291,4.446115889502513,0.3911476078904004
72,1594.9367088607596,7.156130421671701,0.7215540959734454,DHX36KO,antiparallel,1.5935448637057754,0.01480167444174674,4.490699060100623,0.45471530828292134
73,1645.5696202531644,7.197381877660751,0.7509891916510714,DHX36KO,antiparallel,1.5972315419315424,0.014855527915255053,4.506160621494433,0.472046016805342
74,1696.2025316455697,7.0937514575963,0.7078674230036613,DHX36KO,antiparallel,1.5972011399607378,0.014846694963365553,4.441363883430911,0.44511113062278707
75,1746.8354430379745,6.946419314764032,0.6546823691955306,DHX36KO,antiparallel,1.5954547929374834,0.014701154387097067,4.353880376625765,0.4122986474304768
76,1797.4683544303798,6.841413022652194,0.6399362533232047,DHX36KO,antiparallel,1.5932295064904272,0.014641424813291823,4.294053678256617,0.4035936088691617
77,1848.1012658227846,6.699154682149935,0.6234020660056985,DHX36KO,antiparallel,1.5896800314272705,0.014466514143749831,4.214152879642829,0.39402639479891455
78,1898.73417721519,6.579713974730885,0.5882629716781103,DHX36KO,antiparallel,1.5943578589386997,0.014441472212189098,4.126873987443909,0.3708541756123835
79,1949.3670886075947,6.453405207947119,0.5365093776488425,DHX36KO,antiparallel,1.6091522721377771,0.014626091769932213,4.010437868240833,0.33539794444350446
80,2000,6.35677433624315,0.5179929274337006,DHX36KO,antiparallel,1.6303236879994034,0.014925144656144865,3.899087269009537,0.3197227874354944
1,-2000,7.0688095588489865,0.46888389038161216,DHX36KO,hybrid,1.6458330294971992,0.01529932707498456,4.294973689407912,0.28767552095322785
2,-1949.367088607595,7.24945207101851,0.49898337257721237,DHX36KO,hybrid,1.6290632212780674,0.015047438886772423,4.45007411396288,0.30904656831033245
3,-1898.73417721519,7.374522070476273,0.5122687002204468,DHX36KO,hybrid,1.6190305709377877,0.014832230400897022,4.554899828855452,0.3191443412124388
4,-1848.1012658227849,7.369859217867662,0.5200975533612519,DHX36KO,hybrid,1.6122071846909367,0.014800034996833977,4.571285432697335,0.3253176457119346
5,-1797.4683544303798,7.317992898203292,0.5000774744808242,DHX36KO,hybrid,1.6044299284681132,0.014793833815587009,4.561117172122566,0.3145100273376354
6,-1746.8354430379748,7.230763603003663,0.47629475074470556,DHX36KO,hybrid,1.5980649429600657,0.014786935725346723,4.524699471606113,0.30097091042997026
7,-1696.2025316455697,7.2603958273012505,0.47253353179266416,DHX36KO,hybrid,1.592764356128372,0.014822961778386516,4.55836156765181,0.299692763935976
8,-1645.5696202531644,7.229294728792938,0.4527720444558734,DHX36KO,hybrid,1.5912977917290139,0.01478106971505073,4.54301813674862,0.2876422770245126
9,-1594.9367088607596,7.121974297922933,0.4280466778764805,DHX36KO,hybrid,1.5928753854643916,0.014722044417055595,4.47114341957552,0.27188460268074055
10,-1544.3037974683543,6.923380424959212,0.39055489671010357,DHX36KO,hybrid,1.58902594163544,0.014646406381080048,4.3569964741001055,0.24904187401169212
11,-1493.6708860759495,6.656299529330536,0.34634285371547513,DHX36KO,hybrid,1.5837592923995751,0.01463425428913267,4.202847971452458,0.2221055416716772
12,-1443.0379746835442,6.554411519105008,0.33296175565169867,DHX36KO,hybrid,1.587435977832495,0.014660845377250736,4.128929676933796,0.21318631859444367
13,-1392.4050632911392,6.477843581095682,0.33288596042018553,DHX36KO,hybrid,1.5890956415600246,0.014713661403738358,4.076434049454912,0.2128546041416823
14,-1341.7721518987341,6.438143291411267,0.3421018824058948,DHX36KO,hybrid,1.5720700065266089,0.014595831662056347,4.095328620661077,0.22090923114389857
15,-1291.139240506329,6.377698861797186,0.34641688505595364,DHX36KO,hybrid,1.5682626046958326,0.01445448790347147,4.066728902863914,0.22404972618032692
16,-1240.506329113924,6.342996397145532,0.34272772576047167,DHX36KO,hybrid,1.5669287109779968,0.014347389195997717,4.048044019301017,0.22184412942717788
17,-1189.873417721519,6.290270051270697,0.326158194957728,DHX36KO,hybrid,1.5695223175967394,0.014361620106179723,4.00776082044019,0.2110183141684767
18,-1139.240506329114,6.223961719101366,0.30717625838099,DHX36KO,hybrid,1.5833332857333855,0.014497689315329234,3.9309233091872278,0.1973166656687786
19,-1088.607594936709,6.152145000448053,0.28777716034692047,DHX36KO,hybrid,1.5969761405842169,0.014787731134235076,3.8523712684883527,0.18369817274546568
20,-1037.9746835443038,6.1386216876334725,0.27468378020943934,DHX36KO,hybrid,1.6017378146922387,0.01489241616363279,3.8324759716139685,0.1751539687629196
21,-987.3417721518988,6.2050919640696165,0.2793714055893917,DHX36KO,hybrid,1.6018192925067427,0.01483289284250487,3.8737777682519057,0.17805949757458422
22,-936.7088607594937,6.275326841003919,0.2869580261037552,DHX36KO,hybrid,1.5990784000322245,0.014756761198160537,3.9243396952128546,0.18306990414788246
23,-886.0759493670887,6.36086227746951,0.29130761431069274,DHX36KO,hybrid,1.5933632053070266,0.014683711531221735,3.9920981332337404,0.1864903863382444
24,-835.4430379746836,6.5728292278752205,0.30364744554231854,DHX36KO,hybrid,1.5842887951861668,0.014640003522242042,4.148756999258371,0.19545835602268713
25,-784.8101265822784,6.751271313781259,0.32408509406921504,DHX36KO,hybrid,1.5774647619298765,0.01465545946930351,4.279823851990029,0.20925913935283472
26,-734.1772151898733,7.0393627230055,0.35109709453119525,DHX36KO,hybrid,1.576369307969232,0.014665864138168902,4.465554288210549,0.2265668348175054
27,-683.5443037974683,7.318485676419703,0.3727772952798272,DHX36KO,hybrid,1.5712681924987055,0.014650261119900919,4.65769351875029,0.24118806552426503
28,-632.9113924050632,7.542430368142415,0.3924207865276739,DHX36KO,hybrid,1.568525998509409,0.0145331428778425,4.808610361135286,0.25412067128843874
29,-582.2784810126582,7.760474745148347,0.42260660162483893,DHX36KO,hybrid,1.5677619268628753,0.014526324880145044,4.950033938301602,0.27343455305476205
30,-531.6455696202531,8.038025158086413,0.45516952970417673,DHX36KO,hybrid,1.559143985090579,0.01451447512859219,5.15540914434496,0.29585416504744677
31,-481.0126582278481,8.396191502361463,0.5147432908882714,DHX36KO,hybrid,1.566255451859891,0.014565096605841403,5.360678229334292,0.3324051020225924
32,-430.37974683544303,8.785711971043327,0.5805913599846612,DHX36KO,hybrid,1.5713309695694262,0.014649294601843858,5.591254892310036,0.37314897950245296
33,-379.746835443038,9.352811974085316,0.6628874617371773,DHX36KO,hybrid,1.5748858767003437,0.014707281750860744,5.938723632267922,0.4245493993144174
34,-329.11392405063293,9.93359494923617,0.7359008115457092,DHX36KO,hybrid,1.576612842557947,0.014573425561413335,6.300592435311885,0.4703799900175333
35,-278.4810126582279,10.660055512524394,0.8122581743321599,DHX36KO,hybrid,1.573105305688232,0.014537738511847363,6.776441140957585,0.520124411510143
36,-227.84810126582283,11.118796295926899,0.8568500518507042,DHX36KO,hybrid,1.5731741096907526,0.014523068144762894,7.067746810372173,0.5485573962385875
37,-177.21518987341778,11.393952309832526,0.8696742607742464,DHX36KO,hybrid,1.580466538456098,0.014579528501996513,7.209233496941274,0.5542684683137333
38,-126.58227848101274,11.753087724176986,0.8706771522116002,DHX36KO,hybrid,1.5823218929683573,0.014624401303199053,7.427747651351001,0.5545187399434099
39,-75.94936708860769,11.993505914573293,0.8554724191589901,DHX36KO,hybrid,1.5896084504451904,0.014750187114715008,7.544943480398809,0.5427002621414093
40,-25.316455696202638,12.130639473091668,0.8377079076512322,DHX36KO,hybrid,1.5845998073925545,0.014615986158661961,7.655333174028673,0.5333506289045211
41,25.31645569620241,12.131395619451089,0.8153372791670601,DHX36KO,hybrid,1.5832229360954146,0.014532616689200983,7.662468337762874,0.5197666102783475
42,75.94936708860769,11.804522604094753,0.7765627274188184,DHX36KO,hybrid,1.5782466419703265,0.014498794607451161,7.479517009684661,0.4968159211963217
43,126.58227848101251,11.411073227535647,0.7443345200220842,DHX36KO,hybrid,1.5770005437497312,0.014565045080124819,7.235934871907423,0.47670167391800533
44,177.21518987341778,10.901009591571869,0.692431965694098,DHX36KO,hybrid,1.5807978646244873,0.014572387950036863,6.8958908887198955,0.4426155882886086
45,227.8481012658226,10.32153138245248,0.6342686615369292,DHX36KO,hybrid,1.5817925803126458,0.014624254425863454,6.525211656013964,0.4054937392133014
46,278.4810126582279,9.762681954577499,0.5736233412230004,DHX36KO,hybrid,1.5835551374718635,0.014825913731296042,6.165040751383979,0.3668074482200331
47,329.1139240506327,9.367215892352469,0.5361828205212816,DHX36KO,hybrid,1.5718267412906501,0.014824539255616219,5.9594455586503825,0.3457202934122251
48,379.746835443038,9.030408641025312,0.5038236545702838,DHX36KO,hybrid,1.566207629715688,0.014790409700496785,5.7657800087875914,0.3262593461356492
49,430.37974683544326,8.760741559779369,0.4804451593558065,DHX36KO,hybrid,1.5621883071789715,0.01469503172611437,5.6079932998600395,0.31203772834709437
50,481.0126582278481,8.58437200924564,0.4799585380510276,DHX36KO,hybrid,1.5668061166310105,0.014672613066599838,5.478898708733658,0.3105963992730063
51,531.6455696202534,8.512452037809995,0.5006354132036366,DHX36KO,hybrid,1.5688988811213445,0.014665997303875355,5.425749320265854,0.3231055632031521
52,582.2784810126582,8.461134306976058,0.5172194931082804,DHX36KO,hybrid,1.5799856418626372,0.014715970636799774,5.3551969605250775,0.33113516979940844
53,632.9113924050635,8.4760870660697325,0.5432622263109292,DHX36KO,hybrid,1.5745249258626477,0.014600657074847121,5.3832663598042885,0.34862493536312
54,683.5443037974683,8.492548018482925,0.5927567025021435,DHX36KO,hybrid,1.5713959862196407,0.014483696263063551,5.404460806161105,0.38049147463205185
55,734.1772151898736,8.444972150073005,0.6338176151614224,DHX36KO,hybrid,1.5702324196656599,0.014393378006075765,5.378166979809996,0.4066450692683267
56,784.8101265822784,8.395352575421226,0.6743571176817421,DHX36KO,hybrid,1.5709947482195292,0.014423538876913309,5.343972400248958,0.43204974890792675
57,835.4430379746836,8.354949562198282,0.6761915275744903,DHX36KO,hybrid,1.5720572628979717,0.01449618160829949,5.314659815124386,0.43291444905006826
58,886.0759493670885,8.28676063839923,0.6588484513425464,DHX36KO,hybrid,1.5740583697641084,0.014581242811240373,5.264582811907477,0.4213982060382622
59,936.7088607594937,8.136946603523539,0.6157334299809882,DHX36KO,hybrid,1.5778823517632588,0.014668136805310181,5.156877884102467,0.39316129127768923
60,987.3417721518986,8.09474482329815,0.583921651629814,DHX36KO,hybrid,1.5771718350057569,0.014625297697453007,5.132443176851813,0.37327994365351624
61,1037.9746835443038,8.189096203629362,0.5931180972052871,DHX36KO,hybrid,1.5745861289951244,0.014566588937553344,5.200792800617081,0.3797421498105313
62,1088.6075949367087,8.237452505679501,0.5948364599333513,DHX36KO,hybrid,1.5782923715809547,0.014622861024046285,5.219218348897013,0.3799755737223907
63,1139.240506329114,8.220781944732032,0.5995852439473626,DHX36KO,hybrid,1.572523052230889,0.014559880750764248,5.2277656172158915,0.38434874825010257
64,1189.8734177215188,8.365143720902308,0.6344405882190525,DHX36KO,hybrid,1.5705884905895477,0.014468020151838068,5.3261206044890255,0.4069195543104102
65,1240.506329113924,8.561489723729816,0.6640226446731878,DHX36KO,hybrid,1.5811311275456674,0.01449219140107604,5.414787916432653,0.4228892553989069
66,1291.1392405063293,8.680198548764803,0.6694998246903612,DHX36KO,hybrid,1.5853893923836293,0.014526724193113027,5.475120869652184,0.42526311121991095
67,1341.7721518987341,8.732842669410598,0.6485190836397188,DHX36KO,hybrid,1.5935787344494294,0.014603500809955932,5.480019581478499,0.4100444628755341
68,1392.4050632911394,8.60172240451911,0.6211691692834027,DHX36KO,hybrid,1.5994882892540028,0.014773479147853024,5.377796425462378,0.3915185809050019
69,1443.0379746835442,8.477313653229595,0.5989180001176048,DHX36KO,hybrid,1.5914333372886007,0.014836530870759814,5.326841819006249,0.37960115166675934
70,1493.6708860759495,8.394208653850733,0.5959352881693564,DHX36KO,hybrid,1.598206679419355,0.014921799994670016,5.252267283040285,0.37608824854263956
71,1544.3037974683543,8.291893814918202,0.5925198064115583,DHX36KO,hybrid,1.5968700321565554,0.014812361544644291,5.192591537158532,0.37416386364824034
72,1594.9367088607596,8.18761943613494,0.5808594552478034,DHX36KO,hybrid,1.5935448637057754,0.01480167444174674,5.13799116837834,0.3676187064098499
73,1645.5696202531644,7.95815787164563,0.5344328630774283,DHX36KO,hybrid,1.5972315419315424,0.014855527915255053,4.982469768923909,0.33779328507156137
74,1696.2025316455697,7.867597495212138,0.5087190598727801,DHX36KO,hybrid,1.5972011399607378,0.014846694963365553,4.925865189030318,0.3217809615470263
75,1746.8354430379745,7.760385049374812,0.4795378515605074,DHX36KO,hybrid,1.5954547929374834,0.014701154387097067,4.864058250805541,0.303888281856991
76,1797.4683544303798,7.846307512824141,0.48403605082197915,DHX36KO,hybrid,1.5932295064904272,0.014641424813291823,4.9247816970877105,0.3071605843937831
77,1848.1012658227846,7.8297078001267115,0.49267987856272033,DHX36KO,hybrid,1.5896800314272705,0.014466514143749831,4.925335693558989,0.3131482734312503
78,1898.73417721519,7.84124969001229,0.49869761766590787,DHX36KO,hybrid,1.5943578589386997,0.014441472212189098,4.918124024697878,0.3159453458192759
79,1949.3670886075947,7.846806667402998,0.5180123920268663,DHX36KO,hybrid,1.6091522721377771,0.014626091769932213,4.876360555349075,0.32495327561184095
80,2000,7.8355577482039,0.5105797647709273,DHX36KO,hybrid,1.6303236879994034,0.014925144656144865,4.806136232872283,0.316252561150085
1,-2000,4.803569525137466,0.11239468574170342,FANCJKO,parallel,1.3332924397954529,0.012261430513364983,3.602787641902782,0.09057603104533467
2,-1949.367088607595,4.811879346542772,0.11131059730651144,FANCJKO,parallel,1.325751275937536,0.012138556420668719,3.6295490970883195,0.09029794754510052
3,-1898.73417721519,4.8177953322136595,0.10911912756112843,FANCJKO,parallel,1.315357954371705,0.012049964943272812,3.662725660495155,0.08948669198683695
4,-1848.1012658227849,4.809063268111915,0.11003803920497952,FANCJKO,parallel,1.308592360476993,0.011956526824693737,3.674989563869203,0.09054517378066276
5,-1797.4683544303798,4.8197086052469515,0.1130915493349275,FANCJKO,parallel,1.3039041256511372,0.011863488843630192,3.6963673251974023,0.09302511916360226
6,-1746.8354430379748,4.838294010318071,0.11717706599968676,FANCJKO,parallel,1.3043496163019708,0.011886171429702448,3.7093536501627296,0.09598455723856442
7,-1696.2025316455697,4.88363855683521,0.11897195667604393,FANCJKO,parallel,1.306824526056369,0.011911148613317334,3.7370270143097684,0.09720222895993523
8,-1645.5696202531644,4.9200702230588655,0.11766696522346226,FANCJKO,parallel,1.3033735585031299,0.011988528453717898,3.774873435908398,0.09672561343414345
9,-1594.9367088607596,4.954312590536537,0.11658785258189325,FANCJKO,parallel,1.2973708356259932,0.011953979327038438,3.8187328206326114,0.09650755234206453
10,-1544.3037974683543,4.973647171679535,0.11578888748981618,FANCJKO,parallel,1.2986993627559955,0.011942000023185802,3.829714031063248,0.09586036794293384
11,-1493.6708860759495,4.998087275757635,0.11802913680914012,FANCJKO,parallel,1.3075393583707606,0.01201019409598771,3.822513826264798,0.09685620547494211
12,-1443.0379746835442,5.016963047649812,0.12116324279598951,FANCJKO,parallel,1.3079062102642105,0.01200278974455909,3.8358737104217386,0.09910195071994236
13,-1392.4050632911392,5.054433066686532,0.12582268114099807,FANCJKO,parallel,1.3052280263304243,0.011978636809547855,3.8724521422488825,0.10274141930086848
14,-1341.7721518987341,5.119087033346797,0.13518747446652266,FANCJKO,parallel,1.3056796328466291,0.012033580708544324,3.920630225491238,0.1096620925771624
15,-1291.139240506329,5.166450502722238,0.14183255089704327,FANCJKO,parallel,1.3021455750757247,0.011963197857290504,3.9676443261129153,0.11485985769583018
16,-1240.506329113924,5.190000591635677,0.14530084872061094,FANCJKO,parallel,1.3003914839470962,0.011933334323416325,3.99110625969527,0.11758570308483281
17,-1189.873417721519,5.179693142493404,0.143588253573929,FANCJKO,parallel,1.3036955049552545,0.011866425562250227,3.9730850668777764,0.11592452423708394
18,-1139.240506329114,5.174823004856897,0.14042073093212687,FANCJKO,parallel,1.3043590132919376,0.011871373160598855,3.967330276498564,0.11354898819532869
19,-1088.607594936709,5.241630223965865,0.14139386608004512,FANCJKO,parallel,1.3064635320069393,0.011944105559847061,4.012075420056979,0.11427316148678737
20,-1037.9746835443038,5.316867253015553,0.14071241722834496,FANCJKO,parallel,1.3066796091732675,0.011967231740666402,4.068990757711081,0.11395278353415694
21,-987.3417721518988,5.361089688115776,0.14092199497539598,FANCJKO,parallel,1.3099127381168865,0.011979034358097919,4.09270750036587,0.11390579357430394
22,-936.7088607594937,5.3526553873794125,0.1392610750116388,FANCJKO,parallel,1.3067237058256755,0.011986825578474964,4.096241128492611,0.11300294857863899
23,-886.0759493670887,5.3234239766066676,0.13492291049868385,FANCJKO,parallel,1.2995273159853469,0.012023657689986597,4.096430995427181,0.11052635535557628
24,-835.4430379746836,5.306021884080869,0.12971167083211438,FANCJKO,parallel,1.2955958085550456,0.011991469022677177,4.09542995511739,0.10705288206268283
25,-784.8101265822784,5.321701574532395,0.12770346624797302,FANCJKO,parallel,1.2943420498087541,0.011920271346647285,4.111510999212847,0.10567931958815548
26,-734.1772151898733,5.366123641602209,0.12905963350810806,FANCJKO,parallel,1.2961369465302606,0.011931018849488226,4.140090023640822,0.10661633894486972
27,-683.5443037974683,5.438633734747186,0.1299926224900093,FANCJKO,parallel,1.2945779337066659,0.012022797676251123,4.201086387418301,0.10772659082986812
28,-632.9113924050632,5.501788100003927,0.12983884531389914,FANCJKO,parallel,1.2942299487850897,0.011999144553309516,4.251012816670273,0.10778539367987805
29,-582.2784810126582,5.565840535478112,0.13187052535044694,FANCJKO,parallel,1.2941401854129637,0.011956511420548056,4.3008018746454715,0.10937140455351856
30,-531.6455696202531,5.657872289087131,0.1361879697364544,FANCJKO,parallel,1.296455989039183,0.011882116928479836,4.364106716248995,0.11240340323276529
31,-481.0126582278481,5.764814241252724,0.14266853495275308,FANCJKO,parallel,1.2908672758082995,0.011790990377440766,4.4658458303879325,0.11780899984380985
32,-430.37974683544303,5.942482182274498,0.15248967753689982,FANCJKO,parallel,1.2806502875099384,0.011664355392950543,4.640206807612482,0.12635021852953734
33,-379.746835443038,6.113002682978454,0.15892040818437492,FANCJKO,parallel,1.2923611200936518,0.011711752931127807,4.730104138799433,0.1302261235159232
34,-329.11392405063293,6.34394459590038,0.16766025198442217,FANCJKO,parallel,1.2952582396287118,0.011817665586307324,4.897822227109618,0.13693801586047222
35,-278.4810126582279,6.607517266194833,0.1802357567004861,FANCJKO,parallel,1.2994147849024789,0.011866494033355494,5.084994678347243,0.146272257095194
36,-227.84810126582283,6.921245304623567,0.19787784780794346,FANCJKO,parallel,1.2956863424957525,0.011838451044840532,5.341759867046107,0.1603297847603841
37,-177.21518987341778,7.237887047763873,0.2168774093876243,FANCJKO,parallel,1.2978189128901556,0.01193212784502672,5.576962221675121,0.17479857447402944
38,-126.58227848101274,7.533484580964166,0.23235740775828848,FANCJKO,parallel,1.2994295291111508,0.012130814068853512,5.7975322341006805,0.1868262842377298
39,-75.94936708860769,7.738981603580467,0.23870649584407486,FANCJKO,parallel,1.2962318888939346,0.012139207710110754,5.97036816474565,0.19245508664068187
40,-25.316455696202638,7.743116685141992,0.23417640544813623,FANCJKO,parallel,1.2941311068210983,0.012101305415905523,5.983255208324427,0.1894046632170809
41,25.31645569620241,7.604952664092711,0.21892672066411759,FANCJKO,parallel,1.296659280785461,0.011876148547238142,5.865035462119204,0.17717859800263888
42,75.94936708860769,7.408547882382473,0.20152740454006168,FANCJKO,parallel,1.3007776911838405,0.011816924327928517,5.695475816194187,0.16333982198696628
43,126.58227848101251,7.20958639468783,0.1865940496087853,FANCJKO,parallel,1.3067863413259142,0.011866606493936236,5.517035315331437,0.1513223296836351
44,177.21518987341778,7.077483102929213,0.1780260745168829,FANCJKO,parallel,1.3011744085412518,0.011963027889453588,5.439303952237877,0.14567255526954728
45,227.8481012658226,6.876775962095017,0.17034163752603818,FANCJKO,parallel,1.2988601584566297,0.012003550833657013,5.294469860609432,0.13997723365785297
46,278.4810126582279,6.599889255112381,0.16039678378781588,FANCJKO,parallel,1.2903996169136798,0.011951240323990335,5.114608814669134,0.13302032005684472
47,329.1139240506327,6.3765381543999515,0.15385954135519608,FANCJKO,parallel,1.2827072118260496,0.011876292287080396,4.9711563914280745,0.12847663740009566
48,379.746835443038,6.190941366061161,0.1471212072691084,FANCJKO,parallel,1.2805041962986734,0.011877123369951729,4.834768510682135,0.12333468064765028
49,430.37974683544326,5.979242438925548,0.13806497600615925,FANCJKO,parallel,1.2825152540947482,0.011920342956106944,4.662121888870587,0.11604553011174065
50,481.0126582278481,5.816466539062353,0.13307648058862348,FANCJKO,parallel,1.2840874946806486,0.01193384953423341,4.529649703121596,0.11185873960510004
51,531.6455696202534,5.7010045624847905,0.13227139573620372,FANCJKO,parallel,1.285751173228509,0.011931019183906934,4.433987447329814,0.11079765392679725
52,582.2784810126582,5.644302147973124,0.13345754691047104,FANCJKO,parallel,1.2829857385977277,0.011866179770396298,4.399349094980751,0.11169593176153891
53,632.9113924050635,5.589614423377227,0.13309035820569368,FANCJKO,parallel,1.285670092288661,0.011871106493673834,4.347627324383802,0.11102939139473898
54,683.5443037974683,5.5153055197308545,0.13054414678916682,FANCJKO,parallel,1.2895258484799097,0.011867249065489966,4.277002687640798,0.10861679931059591
55,734.1772151898736,5.427673056258006,0.12669442142186146,FANCJKO,parallel,1.2849133775352939,0.011782515555083098,4.224154834989193,0.10593707773965162
56,784.8101265822784,5.374019056321481,0.12580339670254218,FANCJKO,parallel,1.2838969055774216,0.011776363176901302,4.185709174136971,0.10523870546563899
57,835.4430379746836,5.3241127250446905,0.12576240977538536,FANCJKO,parallel,1.2821346099217945,0.011771629655937239,4.152538028256988,0.10523723738992591
58,886.0759493670885,5.286064880519493,0.12935741056052863,FANCJKO,parallel,1.279109029449445,0.011758412692276442,4.132614780144837,0.10803088316876558
59,936.7088607594937,5.274819347741345,0.13670738745474403,FANCJKO,parallel,1.2791128043584192,0.011723153312200868,4.123810917823704,0.11336267607316032
60,987.3417721518986,5.2659160226712345,0.14053789186380405,FANCJKO,parallel,1.2779803259154754,0.011676470208811898,4.12049850524813,0.11623452890951276
61,1037.9746835443038,5.265801616187452,0.14356867326979236,FANCJKO,parallel,1.280428651568686,0.0116780728245543,4.112530291895752,0.11823273283714053
62,1088.6075949367087,5.236295550576022,0.14344728568911827,FANCJKO,parallel,1.2889311785630708,0.011770325497628608,4.062509804762083,0.11731202528990421
63,1139.240506329114,5.207249304985252,0.14300521591076085,FANCJKO,parallel,1.3013543093535036,0.011881112444625622,4.001407816117463,0.1158028578881635
64,1189.8734177215188,5.166382832650593,0.14260059214956264,FANCJKO,parallel,1.3094909199792772,0.011920093046614682,3.9453368891877094,0.1146669810575239
65,1240.506329113924,5.158927471453814,0.14040241325115937,FANCJKO,parallel,1.3076706004100611,0.011913272785689908,3.9451276719351727,0.11322427366302984
66,1291.1392405063293,5.1046215306247396,0.13398311552560604,FANCJKO,parallel,1.307016055754691,0.011902976659586603,3.905553805670163,0.1085058120884088
67,1341.7721518987341,5.045282903616274,0.1280807015899073,FANCJKO,parallel,1.305672213367585,0.011919428729864226,3.864126732546064,0.104245407209649
68,1392.4050632911394,5.031792459671396,0.12381529633006028,FANCJKO,parallel,1.2989364345916983,0.011979463276627023,3.8737788283327865,0.1017956185122761
69,1443.0379746835442,5.020806734180106,0.12130251166481754,FANCJKO,parallel,1.2966001383532904,0.01197033842921056,3.872286131757349,0.10015198495901959
70,1493.6708860759495,5.013895074547346,0.12129887736054129,FANCJKO,parallel,1.298027267441382,0.011983638446523956,3.8627039664817904,0.10002185157161209
71,1544.3037974683543,4.997262253932505,0.1231307827837056,FANCJKO,parallel,1.3027760070318128,0.01207733408508544,3.8358568372148993,0.1009824336060281
72,1594.9367088607596,4.935122148462354,0.12271272584868623,FANCJKO,parallel,1.3045869350230066,0.01199630834494915,3.7829001778063356,0.10028855488508348
73,1645.5696202531644,4.8782428401300475,0.12173367836374334,FANCJKO,parallel,1.305753912937245,0.012011147998168912,3.735958814135675,0.09936087475313532
74,1696.2025316455697,4.842568861954263,0.11961363866632099,FANCJKO,parallel,1.3074169553129469,0.011977591375211812,3.7039208052760277,0.09757853136789005
75,1746.8354430379745,4.831824609982674,0.11604223937809474,FANCJKO,parallel,1.312857786948934,0.011900494193363465,3.680386907108787,0.0944753278206826
76,1797.4683544303798,4.811171612001116,0.11364133588482078,FANCJKO,parallel,1.3166306227771738,0.011966316799923445,3.6541544217260378,0.0924812442414091
77,1848.1012658227846,4.82266738045864,0.11518102107070345,FANCJKO,parallel,1.3124448742836103,0.011879209816326097,3.674567576098053,0.0938515399278563
78,1898.73417721519,4.86154174457439,0.12319191992726343,FANCJKO,parallel,1.312869761384866,0.011864275722040038,3.702988588484395,0.09962250036380126
79,1949.3670886075947,4.902423989108389,0.12902960741831493,FANCJKO,parallel,1.3180726472452422,0.011987834720963497,3.7193883048513317,0.10357260288827835
80,2000,4.902983377116605,0.13101817028902313,FANCJKO,parallel,1.3238042289627816,0.012133742465758102,3.703707292851118,0.10463117230930809
1,-2000,5.902892099333046,0.6297644086352842,FANCJKO,antiparallel,1.3332924397954529,0.012261430513364983,4.427304860619055,0.47408934549427634
2,-1949.367088607595,5.827638305578659,0.6188551501014933,FANCJKO,antiparallel,1.325751275937536,0.012138556420668719,4.395725209811703,0.4685276628384803
3,-1898.73417721519,5.680691176546154,0.5742532456194537,FANCJKO,antiparallel,1.315357954371705,0.012049964943272812,4.318741645698716,0.43836468213329377
4,-1848.1012658227849,5.560004817704063,0.49839651994807777,FANCJKO,antiparallel,1.308592360476993,0.011956526824693737,4.248844014095722,0.3828380265404605
5,-1797.4683544303798,5.343636489623814,0.4218429109710225,FANCJKO,antiparallel,1.3039041256511372,0.011863488843630192,4.09818205533734,0.3256645882788698
6,-1746.8354430379748,5.188398597096922,0.37400366744841923,FANCJKO,antiparallel,1.3043496163019708,0.011886171429702448,3.9777667982966256,0.2890178685165942
7,-1696.2025316455697,5.062419964529389,0.3530581540736977,FANCJKO,antiparallel,1.306824526056369,0.011911148613317334,3.873832992564317,0.27246241392476594
8,-1645.5696202531644,4.952514407089101,0.3426058425388953,FANCJKO,antiparallel,1.3033735585031299,0.011988528453717898,3.7997659034734883,0.2651741891296368
9,-1594.9367088607596,4.861652411229575,0.34819556339013663,FANCJKO,antiparallel,1.2973708356259932,0.011953979327038438,3.747311314335029,0.270597411620644
10,-1544.3037974683543,4.755076093037923,0.34168080907831244,FANCJKO,antiparallel,1.2986993627559955,0.011942000023185802,3.6614140496281466,0.2652400998719758
11,-1493.6708860759495,4.675787701174987,0.3273964698548613,FANCJKO,antiparallel,1.3075393583707606,0.01201019409598771,3.576020615548568,0.25253657664927853
12,-1443.0379746835442,4.506825063898789,0.28501976577758736,FANCJKO,antiparallel,1.3079062102642105,0.01200278974455909,3.4458319935558404,0.22020310259942907
13,-1392.4050632911392,4.403819718375135,0.26913267936265983,FANCJKO,antiparallel,1.3052280263304243,0.011978636809547855,3.373984950933231,0.20850792189380812
14,-1341.7721518987341,4.350538485932706,0.26286937147936656,FANCJKO,antiparallel,1.3056796328466291,0.012033580708544324,3.3320106835454784,0.2036562011463465
15,-1291.139240506329,4.276327727254944,0.2609148432297501,FANCJKO,antiparallel,1.3021455750757247,0.011963197857290504,3.284062710888726,0.20263187487225076
16,-1240.506329113924,4.303368341460157,0.27441455835963613,FANCJKO,antiparallel,1.3003914839470962,0.011933334323416325,3.3092867760084705,0.21319852519578386
17,-1189.873417721519,4.396680255709596,0.2846460743859422,FANCJKO,antiparallel,1.3036955049552545,0.011866425562250227,3.3724748140943377,0.22048516449701538
18,-1139.240506329114,4.414590593321407,0.2879735702052126,FANCJKO,antiparallel,1.3043590132919376,0.011871373160598855,3.3844904265888234,0.22291634951916056
19,-1088.607594936709,4.37260266890336,0.2736553685237789,FANCJKO,antiparallel,1.3064635320069393,0.011944105559847061,3.346899903272719,0.21168581189305186
20,-1037.9746835443038,4.420343558822698,0.2675229756300735,FANCJKO,antiparallel,1.3066796091732675,0.011967231740666402,3.3828824815131515,0.20706590826823584
21,-987.3417721518988,4.452027685121517,0.2679798617256035,FANCJKO,antiparallel,1.3099127381168865,0.011979034358097919,3.3987208121372223,0.20692596043695893
22,-936.7088607594937,4.42616819217549,0.27414160734467824,FANCJKO,antiparallel,1.3067237058256755,0.011986825578474964,3.387225755867604,0.21208156495066804
23,-886.0759493670887,4.407321050092356,0.28163747117364246,FANCJKO,antiparallel,1.2995273159853469,0.012023657689986597,3.3914801142525977,0.21898290068585888
24,-835.4430379746836,4.429292599487067,0.2886713663469744,FANCJKO,antiparallel,1.2955958085550456,0.011991469022677177,3.418730263126566,0.22504536019156562
25,-784.8101265822784,4.3304272306795735,0.2795251317444739,FANCJKO,antiparallel,1.2943420498087541,0.011920271346647285,3.3456590793132444,0.21814621220148123
26,-734.1772151898733,4.301075214702691,0.26366102858135537,FANCJKO,antiparallel,1.2961369465302606,0.011931018849488226,3.318380226886214,0.20570127590514975
27,-683.5443037974683,4.250571197456388,0.2475892559493692,FANCJKO,antiparallel,1.2945779337066659,0.012022797676251123,3.2833644748493844,0.19366654820980506
28,-632.9113924050632,4.280694717738165,0.25418324749529314,FANCJKO,antiparallel,1.2942299487850897,0.011999144553309516,3.3075225324189943,0.19877683438795096
29,-582.2784810126582,4.295537469476017,0.2630873273164969,FANCJKO,antiparallel,1.2941401854129637,0.011956511420548056,3.3192211461274566,0.2055911724760036
30,-531.6455696202531,4.291317874615466,0.2819937395957132,FANCJKO,antiparallel,1.296455989039183,0.011882116928479836,3.3100374489347737,0.21961660701701763
31,-481.0126582278481,4.290762070067486,0.27568026054081557,FANCJKO,antiparallel,1.2908672758082995,0.011790990377440766,3.3239374415009078,0.21570943959362154
32,-430.37974683544303,4.360635626667174,0.29221923572393155,FANCJKO,antiparallel,1.2806502875099384,0.011664355392950543,3.405016708461352,0.23027832097187256
33,-379.746835443038,4.452354629406289,0.33150201607856605,FANCJKO,antiparallel,1.2923611200936518,0.011711752931127807,3.445131983762902,0.2584018353849986
34,-329.11392405063293,4.5343500051071395,0.3861093999740385,FANCJKO,antiparallel,1.2952582396287118,0.011817665586307324,3.5007304847618026,0.29980078373028674
35,-278.4810126582279,4.791817261264098,0.45656652969444744,FANCJKO,antiparallel,1.2994147849024789,0.011866494033355494,3.6876733410600098,0.3529733724355228
36,-227.84810126582283,5.120963354081064,0.5063288244295374,FANCJKO,antiparallel,1.2956863424957525,0.011838451044840532,3.9523171512459245,0.39244536862501134
37,-177.21518987341778,5.409553147022997,0.53785705017042,FANCJKO,antiparallel,1.2978189128901556,0.01193212784502672,4.168187944631108,0.41619955661549596
38,-126.58227848101274,5.712941007990149,0.5669268996810791,FANCJKO,antiparallel,1.2994295291111508,0.012130814068853512,4.39649929450039,0.4382153802228431
39,-75.94936708860769,5.962648180478841,0.6006441303143348,FANCJKO,antiparallel,1.2962318888939346,0.012139207710110754,4.599985721356328,0.4653752178330957
40,-25.316455696202638,6.141372754527562,0.6146183496851308,FANCJKO,antiparallel,1.2941311068210983,0.012101305415905523,4.7455568621738955,0.4769960391705952
41,25.31645569620241,6.334516215744303,0.6130996935808367,FANCJKO,antiparallel,1.296659280785461,0.011876148547238142,4.885258841402903,0.4749425924804419
42,75.94936708860769,6.257135442062397,0.6053939920589125,FANCJKO,antiparallel,1.3007776911838405,0.011816924327928517,4.810303470355311,0.4674563180518485
43,126.58227848101251,5.985936795756592,0.5695296265026454,FANCJKO,antiparallel,1.3067863413259142,0.011866606493936236,4.58065454654434,0.4378050791393977
44,177.21518987341778,5.766787422181362,0.5165086545051314,FANCJKO,antiparallel,1.3011744085412518,0.011963027889453588,4.431986507209679,0.39904165737180686
45,227.8481012658226,5.481717936439893,0.44258478737962975,FANCJKO,antiparallel,1.2988601584566297,0.012003550833657013,4.22040656243821,0.34297357232705017
46,278.4810126582279,5.281667520404455,0.3953984119588811,FANCJKO,antiparallel,1.2903996169136798,0.011951240323990335,4.093047960628593,0.3087515039353285
47,329.1139240506327,5.132214455007913,0.36255505166638796,FANCJKO,antiparallel,1.2827072118260496,0.011876292287080396,4.001080221340412,0.2850656362365838
48,379.746835443038,5.100371958905785,0.35233670695097924,FANCJKO,antiparallel,1.2805041962986734,0.011877123369951729,3.9830966377529466,0.27762383835655563
49,430.37974683544326,5.099318430162781,0.3541876751310048,FANCJKO,antiparallel,1.2825152540947482,0.011920342956106944,3.976029457647339,0.2786280536992552
50,481.0126582278481,5.023059136605381,0.34673392758139177,FANCJKO,antiparallel,1.2840874946806486,0.01193384953423341,3.9117732688882008,0.2724599104512561
51,531.6455696202534,4.948993593514855,0.3364433989581477,FANCJKO,antiparallel,1.285751173228509,0.011931019183906934,3.8491068074143606,0.264097118396638
52,582.2784810126582,4.964118652088725,0.33808874750719936,FANCJKO,antiparallel,1.2829857385977277,0.011866179770396298,3.8691923867481073,0.2659359039111617
53,632.9113924050635,4.900771559729505,0.3401926375495929,FANCJKO,antiparallel,1.285670092288661,0.011871106493673834,3.811842236296786,0.2669339240854626
54,683.5443037974683,4.789759836540886,0.33035720716105,FANCJKO,antiparallel,1.2895258484799097,0.011867249065489966,3.714357368010145,0.2584554271417412
55,734.1772151898736,4.736619876573335,0.31707088725747434,FANCJKO,antiparallel,1.2849133775352939,0.011782515555083098,3.6863340045996447,0.24906893464474938
56,784.8101265822784,4.824676701703475,0.3262464681294301,FANCJKO,antiparallel,1.2838969055774216,0.011776363176901302,3.7578380949003205,0.25643350182320085
57,835.4430379746836,4.911609940758985,0.35147033137229866,FANCJKO,antiparallel,1.2821346099217945,0.011771629655937239,3.830806767675178,0.2763761547205871
58,886.0759493670885,5.061824944791509,0.3867438764204639,FANCJKO,antiparallel,1.279109029449445,0.011758412692276442,3.957305302559097,0.3045346944576134
59,936.7088607594937,5.2219985091377845,0.40802365828364584,FANCJKO,antiparallel,1.2791128043584192,0.011723153312200868,4.082516015275954,0.321176508794765
60,987.3417721518986,5.300871688122773,0.4043156849180739,FANCJKO,antiparallel,1.2779803259154754,0.011676470208811898,4.147850777221877,0.31863257316194504
61,1037.9746835443038,5.3035067716890305,0.37700195702494405,FANCJKO,antiparallel,1.280428651568686,0.0116780728245543,4.141977583203538,0.2968477065347001
62,1088.6075949367087,5.161894520127358,0.34546746115184096,FANCJKO,antiparallel,1.2889311785630708,0.011770325497628608,4.004786761293146,0.27050978953158467
63,1139.240506329114,5.016563334995241,0.3182093452994571,FANCJKO,antiparallel,1.3013543093535036,0.011881112444625622,3.8548789510578456,0.24704147786023614
64,1189.8734177215188,4.865938787943095,0.3012865961518193,FANCJKO,antiparallel,1.3094909199792772,0.011920093046614682,3.715901128982321,0.23255231196669396
65,1240.506329113924,4.851354254341837,0.2938302422437599,FANCJKO,antiparallel,1.3076706004100611,0.011913272785689908,3.7099207191937653,0.22722517426834513
66,1291.1392405063293,4.911670485399256,0.2965474810444588,FANCJKO,antiparallel,1.307016055754691,0.011902976659586603,3.7579266633899016,0.2294555053462398
67,1341.7721518987341,5.054943086424871,0.32589712229876283,FANCJKO,antiparallel,1.305672213367585,0.011919428729864226,3.871525360402041,0.25209085468978104
68,1392.4050632911394,5.042065323448893,0.3489693240575569,FANCJKO,antiparallel,1.2989364345916983,0.011979463276627023,3.8816875015395134,0.2710323659219042
69,1443.0379746835442,4.980800281155762,0.3798669272293876,FANCJKO,antiparallel,1.2966001383532904,0.01197033842921056,3.841431243005638,0.29511022715721574
70,1493.6708860759495,4.968853641460191,0.4090151995030036,FANCJKO,antiparallel,1.298027267441382,0.011983638446523956,3.8280040536086664,0.3170808925422813
71,1544.3037974683543,5.05344951437006,0.46030169428894846,FANCJKO,antiparallel,1.3027760070318128,0.01207733408508544,3.878985709817926,0.3551489652072388
72,1594.9367088607596,5.1442913752408765,0.5338161926864803,FANCJKO,antiparallel,1.3045869350230066,0.01199630834494915,3.943233859804181,0.4107875208380442
73,1645.5696202531644,5.1384808746297566,0.5434061944882241,FANCJKO,antiparallel,1.305753912937245,0.012011147998168912,3.935259794145234,0.4177341707552389
74,1696.2025316455697,5.1027158698881445,0.521154449268227,FANCJKO,antiparallel,1.3074169553129469,0.011977591375211812,3.902898650007751,0.4002142193138375
75,1746.8354430379745,5.056899864299973,0.49629928172224025,FANCJKO,antiparallel,1.312857786948934,0.011900494193363465,3.851826080913264,0.37963870835548685
76,1797.4683544303798,5.011999834122349,0.50197040866156,FANCJKO,antiparallel,1.3166306227771738,0.011966316799923445,3.806686360940413,0.3828203623190525
77,1848.1012658227846,4.8563934981206165,0.48957036772030077,FANCJKO,antiparallel,1.3124448742836103,0.011879209816326097,3.700264745040395,0.3745221819205445
78,1898.73417721519,4.769531260703927,0.4546924332088475,FANCJKO,antiparallel,1.312869761384866,0.011864275722040038,3.632905106804227,0.3478873212657307
79,1949.3670886075947,4.625663092311935,0.4140710220782718,FANCJKO,antiparallel,1.3180726472452422,0.011987834720963497,3.5094143725533806,0.31576616024568727
80,2000,4.514293465151716,0.3923751078744243,FANCJKO,antiparallel,1.3238042289627816,0.012133742465758102,3.4100914367743975,0.2980431267408614
1,-2000,5.0367877460975565,0.36826966175440334,FANCJKO,hybrid,1.3332924397954529,0.012261430513364983,3.7777066724163495,0.27838697312703947
2,-1949.367088607595,5.133351520305267,0.3799335274164839,FANCJKO,hybrid,1.325751275937536,0.012138556420668719,3.872032117544143,0.2887643348535543
3,-1898.73417721519,5.216753656940568,0.39172342299211227,FANCJKO,hybrid,1.315357954371705,0.012049964943272812,3.9660334584986843,0.300015594249226
4,-1848.1012658227849,5.201971920504831,0.3993645016801083,FANCJKO,hybrid,1.308592360476993,0.011956526824693737,3.9752424648182023,0.30734012311757053
5,-1797.4683544303798,5.134299284805613,0.38452926927023073,FANCJKO,hybrid,1.3039041256511372,0.011863488843630192,3.93763558516365,0.29707428106688444
6,-1746.8354430379748,5.102741155958562,0.3716312195482311,FANCJKO,hybrid,1.3043496163019708,0.011886171429702448,3.9120961835566814,0.2871385337110194
7,-1696.2025316455697,5.091736374016328,0.3569250813289591,FANCJKO,hybrid,1.306824526056369,0.011911148613317334,3.8962663100468165,0.27542304466211964
8,-1645.5696202531644,5.065423426193261,0.3328769407537976,FANCJKO,hybrid,1.3033735585031299,0.011988528453717898,3.8863941907880104,0.25788602945510003
9,-1594.9367088607596,4.998575834628171,0.3107950709724132,FANCJKO,hybrid,1.2973708356259932,0.011953979327038438,3.8528504706337974,0.2421737318346601
10,-1544.3037974683543,4.861714835788147,0.28547127414095524,FANCJKO,hybrid,1.2986993627559955,0.011942000023185802,3.7435260039482934,0.22249223093444737
11,-1493.6708860759495,4.713090143560756,0.2558900583237727,FANCJKO,hybrid,1.3075393583707606,0.01201019409598771,3.604549349423355,0.19848444641962354
12,-1443.0379746835442,4.606968884923638,0.24298641653133338,FANCJKO,hybrid,1.3079062102642105,0.01200278974455909,3.522400038144159,0.1885740294797072
13,-1392.4050632911392,4.5399394781827285,0.24148451715052358,FANCJKO,hybrid,1.3052280263304243,0.011978636809547855,3.4782730577326895,0.1877469097752941
14,-1341.7721518987341,4.549967319361997,0.254275870168507,FANCJKO,hybrid,1.3056796328466291,0.012033580708544324,3.484750167575338,0.1973764865025757
15,-1291.139240506329,4.533326627054269,0.2652908431401966,FANCJKO,hybrid,1.3021455750757247,0.011963197857290504,3.481428431525898,0.20622906279418132
16,-1240.506329113924,4.447986286823248,0.25775428876160955,FANCJKO,hybrid,1.3003914839470962,0.011933334323416325,3.420497859092566,0.20068282694652054
17,-1189.873417721519,4.369793949869087,0.24708507968771115,FANCJKO,hybrid,1.3036955049552545,0.011866425562250227,3.3518516657147384,0.19196656905166168
18,-1139.240506329114,4.342306320241698,0.2398942274775919,FANCJKO,hybrid,1.3043590132919376,0.011871373160598855,3.3290729592020813,0.1863963756197364
19,-1088.607594936709,4.329159377558783,0.2223132278620877,FANCJKO,hybrid,1.3064635320069393,0.011944105559847061,3.3136473169737037,0.1728397590597252
20,-1037.9746835443038,4.303664084653292,0.20570934269190622,FANCJKO,hybrid,1.3066796091732675,0.011967231740666402,3.293587850028675,0.160292845793859
21,-987.3417721518988,4.296839494700202,0.21231677871812293,FANCJKO,hybrid,1.3099127381168865,0.011979034358097919,3.2802486529578165,0.16483718091559796
22,-936.7088607594937,4.3678737589719585,0.22445159832158412,FANCJKO,hybrid,1.3067237058256755,0.011986825578474964,3.3426146166163284,0.1744820309844597
23,-886.0759493670887,4.437001575426843,0.2265479307686424,FANCJKO,hybrid,1.2995273159853469,0.012023657689986597,3.414319592091493,0.1771701476131016
24,-835.4430379746836,4.566632571743076,0.22751997403908375,FANCJKO,hybrid,1.2955958085550456,0.011991469022677177,3.524735524450452,0.1786148537960937
25,-784.8101265822784,4.728980169402657,0.24325830859578879,FANCJKO,hybrid,1.2943420498087541,0.011920271346647285,3.6535784108237763,0.19092803447276568
26,-734.1772151898733,4.959790888253926,0.2642257945585236,FANCJKO,hybrid,1.2961369465302606,0.011931018849488226,3.8265947911840743,0.20687715946331978
27,-683.5443037974683,5.1817767644021355,0.2866616691178716,FANCJKO,hybrid,1.2945779337066659,0.012022797676251123,4.002676570861633,0.22453106552359905
28,-632.9113924050632,5.423293682479258,0.31160544134170565,FANCJKO,hybrid,1.2942299487850897,0.011999144553309516,4.190363302572448,0.24387940998551708
29,-582.2784810126582,5.676623878583254,0.33820563196514064,FANCJKO,hybrid,1.2941401854129637,0.011956511420548056,4.386405694350514,0.2644597018350575
30,-531.6455696202531,5.918761718895808,0.3723113412874281,FANCJKO,hybrid,1.296455989039183,0.011882116928479836,4.5653394862113785,0.290208394840662
31,-481.0126582278481,6.229434099191676,0.41658270839985984,FANCJKO,hybrid,1.2908672758082995,0.011790990377440766,4.825774280544066,0.32571183995079
32,-430.37974683544303,6.5366708569913685,0.48198903029816315,FANCJKO,hybrid,1.2806502875099384,0.011664355392950543,5.104180993627147,0.37922313636445776
33,-379.746835443038,6.919219248139883,0.5543125318038755,FANCJKO,hybrid,1.2923611200936518,0.011711752931127807,5.3539364041209145,0.43165009764349155
34,-329.11392405063293,7.314105380363327,0.6169798459708373,FANCJKO,hybrid,1.2952582396287118,0.011817665586307324,5.64683177190977,0.4791154465972814
35,-278.4810126582279,7.82386013278707,0.6751206406960741,FANCJKO,hybrid,1.2994147849024789,0.011866494033355494,6.021064423531437,0.5224589476333587
36,-227.84810126582283,8.22096349983381,0.7202541642076444,FANCJKO,hybrid,1.2956863424957525,0.011838451044840532,6.3448716176158655,0.5589009028323911
37,-177.21518987341778,8.53328412881259,0.7331715023756389,FANCJKO,hybrid,1.2978189128901556,0.01193212784502672,6.575096143274363,0.568151056929538
38,-126.58227848101274,8.750807924356314,0.7292706097930077,FANCJKO,hybrid,1.2994295291111508,0.012130814068853512,6.73434590203759,0.5647339622266195
39,-75.94936708860769,9.011699323179338,0.705078500860984,FANCJKO,hybrid,1.2962318888939346,0.012139207710110754,6.952227761399202,0.5478274039284392
40,-25.316455696202638,9.100190033256455,0.6711890420054726,FANCJKO,hybrid,1.2941311068210983,0.012101305415905523,7.031891888921631,0.522792335437536
41,25.31645569620241,8.968697231594907,0.6406724139217845,FANCJKO,hybrid,1.296659280785461,0.011876148547238142,6.916772481790321,0.4981394065045402
42,75.94936708860769,8.669968120547674,0.609029768422004,FANCJKO,hybrid,1.3007776911838405,0.011816924327928517,6.665218952715216,0.4721034209744994
43,126.58227848101251,8.423839748788287,0.5852790959344091,FANCJKO,hybrid,1.3067863413259142,0.011866606493936236,6.446225738969038,0.451685766404558
44,177.21518987341778,8.050987203745972,0.5432470694728689,FANCJKO,hybrid,1.3011744085412518,0.011963027889453588,6.187477367290019,0.4213630350186285
45,227.8481012658226,7.573226741201402,0.49874120719700915,FANCJKO,hybrid,1.2988601584566297,0.012003550833657013,5.830671371273938,0.38774617286139335
46,278.4810126582279,7.108223460600311,0.4553286688422781,FANCJKO,hybrid,1.2903996169136798,0.011951240323990335,5.508544304749131,0.3565278255022515
47,329.1139240506327,6.795187192222393,0.42890765203829323,FANCJKO,hybrid,1.2827072118260496,0.011876292287080396,5.297535657064585,0.33795514272173216
48,379.746835443038,6.5288504295671865,0.405949060266471,FANCJKO,hybrid,1.2805041962986734,0.011877123369951729,5.098656020369927,0.32053079184040495
49,430.37974683544326,6.319913971355555,0.3836165215553117,FANCJKO,hybrid,1.2825152540947482,0.011920342956106944,4.927749553993733,0.30259891098447245
50,481.0126582278481,6.182665942461414,0.38289607958214095,FANCJKO,hybrid,1.2840874946806486,0.01193384953423341,4.814832297700272,0.3015241724374488
51,531.6455696202534,6.089591657009336,0.39472337828407267,FANCJKO,hybrid,1.285751173228509,0.011931019183906934,4.736213183238581,0.3101281577241637
52,582.2784810126582,6.042756439851908,0.41086390712797993,FANCJKO,hybrid,1.2829857385977277,0.011866179770396298,4.709917077064702,0.32318962612605406
53,632.9113924050635,6.074388288062788,0.44846346903237594,FANCJKO,hybrid,1.285670092288661,0.011871106493673834,4.724686624116441,0.35153430934608165
54,683.5443037974683,6.136313736362349,0.5022981855569405,FANCJKO,hybrid,1.2895258484799097,0.011867249065489966,4.758581414708222,0.39197557140860423
55,734.1772151898736,6.110173027325477,0.5489879830814751,FANCJKO,hybrid,1.2849133775352939,0.011782515555083098,4.755319023174885,0.4294762375077738
56,784.8101265822784,6.089344038112894,0.57301464432836,FANCJKO,hybrid,1.2838969055774216,0.011776363176901302,4.742860592357502,0.4484241120477273
57,835.4430379746836,6.023752763147089,0.5654517205903907,FANCJKO,hybrid,1.2821346099217945,0.011771629655937239,4.698221790857448,0.443128163723237
58,886.0759493670885,6.0025710619263535,0.5488157543320508,FANCJKO,hybrid,1.279109029449445,0.011758412692276442,4.692775145610523,0.4312241781166455
59,936.7088607594937,5.912472100950494,0.5146501131678132,FANCJKO,hybrid,1.2791128043584192,0.011723153312200868,4.6223226605225705,0.4045734059402506
60,987.3417721518986,5.897139045149668,0.470503755442071,FANCJKO,hybrid,1.2779803259154754,0.011676470208811898,4.6144208369759365,0.3705681248211768
61,1037.9746835443038,5.975855523076875,0.4774625483649802,FANCJKO,hybrid,1.280428651568686,0.0116780728245543,4.667074198750318,0.37531432219098787
62,1088.6075949367087,6.00182655018652,0.4878839545206367,FANCJKO,hybrid,1.2889311785630708,0.011770325497628608,4.65643678266631,0.3808991524711015
63,1139.240506329114,5.996811634940849,0.49834823229857567,FANCJKO,hybrid,1.3013543093535036,0.011881112444625622,4.60813138423462,0.3852499477712332
64,1189.8734177215188,6.069976275726934,0.5233351248478381,FANCJKO,hybrid,1.3094909199792772,0.011920093046614682,4.635371030921689,0.40186908669163873
65,1240.506329113924,6.217884014271876,0.5362168924544388,FANCJKO,hybrid,1.3076706004100611,0.011913272785689908,4.754931411872427,0.41233680608374723
66,1291.1392405063293,6.219578157083187,0.5224380179058914,FANCJKO,hybrid,1.307016055754691,0.011902976659586603,4.758608840112456,0.4020604997624879
67,1341.7721518987341,6.2183954239462835,0.5029767380007975,FANCJKO,hybrid,1.305672213367585,0.011919428729864226,4.762600720365964,0.3876700987584627
68,1392.4050632911394,6.104701950704312,0.46889659614830836,FANCJKO,hybrid,1.2989364345916983,0.011979463276627023,4.699769586972311,0.3635778625484474
69,1443.0379746835442,6.040524402143856,0.4460658666875879,FANCJKO,hybrid,1.2966001383532904,0.01197033842921056,4.658741136504466,0.3467054234265871
70,1493.6708860759495,6.008776150640166,0.4369905861032533,FANCJKO,hybrid,1.298027267441382,0.011983638446523956,4.629160188972316,0.3393592997429348
71,1544.3037974683543,5.9837803021952505,0.43009983745362684,FANCJKO,hybrid,1.3027760070318128,0.01207733408508544,4.593099865132173,0.3328756248119812
72,1594.9367088607596,5.856606330951554,0.419835488406075,FANCJKO,hybrid,1.3045869350230066,0.01199630834494915,4.489241900041159,0.3244517186341294
73,1645.5696202531644,5.633897880066937,0.3947350122029026,FANCJKO,hybrid,1.305753912937245,0.012011147998168912,4.314670493610616,0.3048985183397466
74,1696.2025316455697,5.540641491089655,0.3740192247645669,FANCJKO,hybrid,1.3074169553129469,0.011977591375211812,4.237853477862716,0.28869738565342273
75,1746.8354430379745,5.451350174664237,0.35032178097615085,FANCJKO,hybrid,1.312857786948934,0.011900494193363465,4.1522777477163855,0.2694805509166821
76,1797.4683544303798,5.453566905318994,0.36633775914388894,FANCJKO,hybrid,1.3166306227771738,0.011966316799923445,4.142062937755288,0.28077398245919283
77,1848.1012658227846,5.423201721727795,0.3846497118711071,FANCJKO,hybrid,1.3124448742836103,0.011879209816326097,4.132136768554195,0.29545554522713546
78,1898.73417721519,5.412351130861549,0.3939944631636928,FANCJKO,hybrid,1.312869761384866,0.011864275722040038,4.1225346870297255,0.3024053048328131
79,1949.3670886075947,5.516074576819861,0.40863839425124737,FANCJKO,hybrid,1.3180726472452422,0.011987834720963497,4.184954894821919,0.3123549179815418
80,2000,5.4878320686557975,0.4092455410733729,FANCJKO,hybrid,1.3238042289627816,0.012133742465758102,4.1455012369582684,0.31146990101499733
1,-2000,7.392621708250508,0.15878449443265766,dKO,parallel,1.6387865911556114,0.015612850671351758,4.511033802783013,0.10599520703390952
2,-1949.367088607595,7.409282192889145,0.1565724657151188,dKO,parallel,1.6256590449978898,0.015336993938258993,4.557709819711158,0.10547579655857083
3,-1898.73417721519,7.409835944965176,0.1552244114561223,dKO,parallel,1.6125520243719411,0.015195528954191769,4.595098845168216,0.10555081274376103
4,-1848.1012658227849,7.417763944474765,0.15778488310346142,dKO,parallel,1.601563060460534,0.015234798326059184,4.631577817698771,0.10792188432449865
5,-1797.4683544303798,7.421445205576989,0.16209783204668232,dKO,parallel,1.5905977140720944,0.015140926403650392,4.665821621594892,0.11116769763741648
6,-1746.8354430379748,7.443723018793671,0.16771070040473696,dKO,parallel,1.5871787789460996,0.015115554880445652,4.68990835659759,0.11471793512126795
7,-1696.2025316455697,7.5250710092392605,0.17316773215365866,dKO,parallel,1.5755542293507288,0.015039707506624991,4.776142178451244,0.11898986204592238
8,-1645.5696202531644,7.58248837266316,0.17390135683131397,dKO,parallel,1.5648222689301532,0.015041667815638992,4.8455907889444845,0.12049785598635142
9,-1594.9367088607596,7.655861149933935,0.1748370178391287,dKO,parallel,1.5622980699444746,0.015003143122622072,4.90038443829482,0.12140218851334277
10,-1544.3037974683543,7.686343679206093,0.17273474547765,dKO,parallel,1.5665090774918904,0.015040658913699894,4.906670372770875,0.11990959593909369
11,-1493.6708860759495,7.657802623828844,0.17108195934403683,dKO,parallel,1.562916461687247,0.01505151767561388,4.899687738627988,0.11920035850189316
12,-1443.0379746835442,7.686596801094695,0.1730396743261692,dKO,parallel,1.5614396218737059,0.014951179481289285,4.92276274626033,0.12042870740587548
13,-1392.4050632911392,7.731355798145687,0.1760988483233311,dKO,parallel,1.573120005583755,0.015079371303674191,4.91466370696667,0.12145154205239911
14,-1341.7721518987341,7.811092212124512,0.1837247921045583,dKO,parallel,1.5780198063957114,0.015031640289894125,4.949932935230705,0.12561284710655923
15,-1291.139240506329,7.865283301850308,0.1892577948858642,dKO,parallel,1.572997373765062,0.014979674608906549,5.000188451061612,0.12939654076499593
16,-1240.506329113924,7.917001712255084,0.18996052485751969,dKO,parallel,1.567653742275556,0.015000659670954299,5.050223463736971,0.1304556924879712
17,-1189.873417721519,7.887868025511227,0.185689151866084,dKO,parallel,1.5701995654529781,0.015076525548438526,5.023481217965883,0.12771658107219383
18,-1139.240506329114,7.863263743942948,0.18344501533086974,dKO,parallel,1.5786237352823562,0.015161294814803059,4.98108799975474,0.1256675113846308
19,-1088.607594936709,7.904615843871032,0.18575510080381893,dKO,parallel,1.5883667474383674,0.015250518055817995,4.976568450969634,0.12633198301644216
20,-1037.9746835443038,7.938730736330007,0.18684029797411167,dKO,parallel,1.5907381125014006,0.015280625795726093,4.990595669985255,0.1268617730067347
21,-987.3417721518988,7.973443535190704,0.18842534505372951,dKO,parallel,1.5900928004328752,0.01511669514573882,5.01445169302073,0.12772906673090076
22,-936.7088607594937,8.011457296276868,0.18864218834736257,dKO,parallel,1.5899981154231293,0.014918379068045507,5.0386583597584105,0.12771522942141106
23,-886.0759493670887,8.01233824725023,0.18404132150267055,dKO,parallel,1.5854862317348521,0.014784856608007395,5.053552712648323,0.12527989323481808
24,-835.4430379746836,8.00731026051314,0.17764300006982187,dKO,parallel,1.5804172308373214,0.014724854520956374,5.066579953871285,0.12191275100056091
25,-784.8101265822784,8.082908371442706,0.17599223090907856,dKO,parallel,1.5750987507716727,0.014958520645277546,5.131683564273494,0.12189998024532699
26,-734.1772151898733,8.196647831454822,0.1774958806719226,dKO,parallel,1.5675113970120642,0.01499282903508911,5.229083403845731,0.12378796639730769
27,-683.5443037974683,8.26947065696047,0.17943413866048538,dKO,parallel,1.561822057034754,0.014884322660843451,5.29475852880496,0.12548048712990048
28,-632.9113924050632,8.36633063448947,0.1814088412371754,dKO,parallel,1.5528973218774427,0.014745203884639615,5.387562021405659,0.12752960441177646
29,-582.2784810126582,8.480800077588368,0.18382887436130535,dKO,parallel,1.5509123952377826,0.01472977737430971,5.468265070051303,0.12940813927182435
30,-531.6455696202531,8.657422777092288,0.18779339893584512,dKO,parallel,1.5545900579899419,0.014819450064306123,5.5689425856011106,0.13194965539978987
31,-481.0126582278481,8.811533323174215,0.19401770855656764,dKO,parallel,1.5521442940472303,0.014963883785410574,5.677006549563806,0.13645660593141107
32,-430.37974683544303,9.015082206547543,0.2049691709395181,dKO,parallel,1.5552731635729258,0.014920050480219809,5.796462266369474,0.14304074525014668
33,-379.746835443038,9.24265998418195,0.2140353878121526,dKO,parallel,1.5556828696479916,0.014997046139558575,5.941223731719377,0.14902824001506662
34,-329.11392405063293,9.557153728962913,0.2254573211261264,dKO,parallel,1.56217214083098,0.015041857182171625,6.11786209673352,0.15588213324137268
35,-278.4810126582279,9.909104881044597,0.24180866742498766,dKO,parallel,1.5611157037440038,0.014986905746470535,6.347450645253082,0.16645007252696153
36,-227.84810126582283,10.261022292556948,0.2600871873873087,dKO,parallel,1.5562363674477655,0.014832754633808782,6.593485737250229,0.17855067337638628
37,-177.21518987341778,10.639596043721033,0.2815137409171629,dKO,parallel,1.5572819840148002,0.01481294547467139,6.832157665043607,0.19209922212845013
38,-126.58227848101274,10.976203418830048,0.29671725931465537,dKO,parallel,1.5608680930573549,0.014896836736972886,7.032114672374639,0.20159711279676482
39,-75.94936708860769,11.2380738264343,0.3043021203753242,dKO,parallel,1.5596556821175172,0.014950575393306431,7.2054838483174475,0.20697358438573463
40,-25.316455696202638,11.256239183479172,0.2980561998391938,dKO,parallel,1.5637756143964563,0.014971567827469863,7.198116583895926,0.20267641954757173
41,25.31645569620241,11.08597980309426,0.2826616450851313,dKO,parallel,1.5583484615648409,0.014943735875194621,7.11392867289906,0.19378974574022234
42,75.94936708860769,10.840522002746386,0.26334741309502063,dKO,parallel,1.5625228660281931,0.014846816428982012,6.937832551725862,0.18097350209665156
43,126.58227848101251,10.62220323601772,0.2482676606368824,dKO,parallel,1.5564603036435722,0.014740529991569455,6.824589879453934,0.17210500209051094
44,177.21518987341778,10.431098649745977,0.2388643409992674,dKO,parallel,1.5579972279076344,0.014858687343708035,6.6951971819325875,0.1660801485380507
45,227.8481012658226,10.171390254096343,0.2294022512498198,dKO,parallel,1.5540531725153048,0.014907311590107719,6.545072224030463,0.16041237706521708
46,278.4810126582279,9.83923230269369,0.21850219036760382,dKO,parallel,1.564325803879538,0.015064806631381739,6.289758999239372,0.15224630207230935
47,329.1139240506327,9.5402179306911,0.21010530722886991,dKO,parallel,1.5609335515952902,0.015050064829217998,6.111866786988401,0.14693671072613815
48,379.746835443038,9.298757983063393,0.20209069547609035,dKO,parallel,1.5600858341935524,0.01498575414565523,5.960414343400633,0.14162688378323712
49,430.37974683544326,9.062510360609945,0.1920556032405728,dKO,parallel,1.5511824670309613,0.014794794801946527,5.8423238743511785,0.13577378143786675
50,481.0126582278481,8.842871062260777,0.1841100428920289,dKO,parallel,1.5411090533212353,0.014570958417155654,5.73799176846282,0.13120737708327057
51,531.6455696202534,8.692028107287571,0.1818128806053958,dKO,parallel,1.5352037348880643,0.014682630409554233,5.661807556715806,0.13022139915233838
52,582.2784810126582,8.58057504200069,0.18171998913435491,dKO,parallel,1.5343071623016047,0.014752897227918378,5.592475387476536,0.13007350202593504
53,632.9113924050635,8.497104314398696,0.18243190999202538,dKO,parallel,1.5435012313451786,0.014711739836018471,5.505084247320862,0.12931722826668293
54,683.5443037974683,8.364101470697493,0.18132038121997895,dKO,parallel,1.5569820762160802,0.014800904818379527,5.371995990489945,0.12716095925858092
55,734.1772151898736,8.23088370945211,0.1775236530124178,dKO,parallel,1.5681553911959496,0.01481581328015353,5.248767919086672,0.12359055830371304
56,784.8101265822784,8.149705518088473,0.1748648370625638,dKO,parallel,1.5631618064563653,0.014846589283979294,5.213603277938052,0.1223357397567305
57,835.4430379746836,8.093074956865726,0.1737210472706788,dKO,parallel,1.5523589833494773,0.014903988388666634,5.213404272897978,0.12259148768730298
58,886.0759493670885,8.026316924623753,0.17476873318274905,dKO,parallel,1.5522354706769237,0.014947103816933685,5.170811436955186,0.12311012882684355
59,936.7088607594937,7.955747493473786,0.17845268627946903,dKO,parallel,1.5555110849654419,0.014920785513700881,5.114555319064496,0.124772621303234
60,987.3417721518986,7.937309767751924,0.18058314352116678,dKO,parallel,1.5547132540507325,0.014867565602212009,5.105320705970465,0.12599545834900608
61,1037.9746835443038,7.949045890844694,0.18414315717541843,dKO,parallel,1.5531075634127216,0.014768822291427732,5.118155418274993,0.12816485666842936
62,1088.6075949367087,7.885036037258143,0.18528990937390477,dKO,parallel,1.5567499125941535,0.014805092859021683,5.065062778207318,0.12840156022557545
63,1139.240506329114,7.814615695905373,0.18578605895882674,dKO,parallel,1.5608485785015107,0.014812966915722727,5.006645617993116,0.12816209490942163
64,1189.8734177215188,7.760852645513301,0.18560402369724105,dKO,parallel,1.5645773527303424,0.014884583161245843,4.960350878126828,0.12767036859906936
65,1240.506329113924,7.753029159973448,0.18315123939584466,dKO,parallel,1.5631326177207445,0.014896553076555635,4.959930508825539,0.12634438724846633
66,1291.1392405063293,7.730428825581808,0.17785901369004964,dKO,parallel,1.5650030551219234,0.014839230381871786,4.939561491769458,0.12292054867811164
67,1341.7721518987341,7.709725224965207,0.1711976369975881,dKO,parallel,1.561295859600642,0.014811811606090708,4.938029635803459,0.11923895883454064
68,1392.4050632911394,7.6907027475802145,0.16619030089644635,dKO,parallel,1.5575814118912465,0.014766188148324694,4.937592788965047,0.11651399131941273
69,1443.0379746835442,7.662412939807627,0.16600469450240526,dKO,parallel,1.5574726773105478,0.014822558027426205,4.9197735866796215,0.11641667225354817
70,1493.6708860759495,7.635112381519299,0.1689086847461569,dKO,parallel,1.5586047335477755,0.014795731133890197,4.898684199514695,0.11792772835902085
71,1544.3037974683543,7.661175116460013,0.1753386108034941,dKO,parallel,1.5616885888275316,0.014806169785124895,4.905699619801789,0.12152731441250317
72,1594.9367088607596,7.6300784480712185,0.17832819634676805,dKO,parallel,1.5744672866178142,0.014891195129844948,4.846133363914942,0.12218509389661995
73,1645.5696202531644,7.566897260644048,0.17709692410463132,dKO,parallel,1.577270270691791,0.014944061353131062,4.797463948474224,0.12113228222064526
74,1696.2025316455697,7.5324097154810365,0.17377920633508656,dKO,parallel,1.5810928894265248,0.015104959492048122,4.7640526156645375,0.11896155401747509
75,1746.8354430379745,7.479388924836735,0.1695065304737501,dKO,parallel,1.5882006684203829,0.015095314060802053,4.709347548805468,0.11573475414465452
76,1797.4683544303798,7.391787267320663,0.16683762691748935,dKO,parallel,1.596915932342085,0.015074990004050461,4.628789229048298,0.11324464935887876
77,1848.1012658227846,7.390732653876886,0.16750201123569783,dKO,parallel,1.6021623468770936,0.015156793079529843,4.61297362797395,0.11328987558702802
78,1898.73417721519,7.478177955776056,0.17574897043935842,dKO,parallel,1.6125937723247505,0.015156962291644913,4.637360061855722,0.11737812844908678
79,1949.3670886075947,7.546206978248006,0.18280100965869434,dKO,parallel,1.6124911896347185,0.015196140498650814,4.679843850779406,0.12164219456127053
80,2000,7.524522558721294,0.1832166698751907,dKO,parallel,1.6197128447574485,0.015426047017011996,4.645590471839525,0.12146176990142539
1,-2000,8.565514371940745,0.8306322703336042,dKO,antiparallel,1.6387865911556114,0.015612850671351758,5.226741796746496,0.5092982835678891
2,-1949.367088607595,8.469324849227174,0.8039358029870366,dKO,antiparallel,1.6256590449978898,0.015336993938258993,5.209779304760777,0.49696567936847164
3,-1898.73417721519,8.310761643388378,0.7454969352082916,dKO,antiparallel,1.6125520243719411,0.015195528954191769,5.15379443129921,0.4648526825313412
4,-1848.1012658227849,8.087382623014166,0.6553575546348797,dKO,antiparallel,1.601563060460534,0.015234798326059184,5.049681041400029,0.4120084237835796
5,-1797.4683544303798,7.873248652617137,0.570412728947948,dKO,antiparallel,1.5905977140720944,0.015140926403650392,4.9498679540163595,0.3616974583194258
6,-1746.8354430379748,7.7069511924869385,0.5117005532734795,dKO,antiparallel,1.5871787789460996,0.015115554880445652,4.855754937452239,0.3256959823404724
7,-1696.2025316455697,7.55163758665175,0.4922159732115497,dKO,antiparallel,1.5755542293507288,0.015039707506624991,4.793003913145985,0.31574060587301783
8,-1645.5696202531644,7.381981160908789,0.48807210484015956,dKO,antiparallel,1.5648222689301532,0.015041667815638992,4.717456613111561,0.3151816603249587
9,-1594.9367088607596,7.317066382435424,0.492613965931021,dKO,antiparallel,1.5622980699444746,0.015003143122622072,4.683527761572079,0.3185053552242648
10,-1544.3037974683543,7.172524215815672,0.4791000499400394,dKO,antiparallel,1.5665090774918904,0.015040658913699894,4.578667509095748,0.30898268529695866
11,-1493.6708860759495,7.101645036187338,0.4704024822400659,dKO,antiparallel,1.562916461687247,0.01505151767561388,4.543841728124582,0.30414179056446977
12,-1443.0379746835442,6.9427700698102885,0.44197796613089735,dKO,antiparallel,1.5614396218737059,0.014951179481289285,4.446390351923477,0.28624200401418576
13,-1392.4050632911392,6.893320576813683,0.43399924223994596,dKO,antiparallel,1.573120005583755,0.015079371303674191,4.38194197031758,0.27906362595971096
14,-1341.7721518987341,6.943436747221211,0.42623425533519377,dKO,antiparallel,1.5780198063957114,0.015031640289894125,4.400094801775919,0.27333965998175064
15,-1291.139240506329,6.864641551628635,0.41037956590283364,dKO,antiparallel,1.572997373765062,0.014979674608906549,4.3640515020045525,0.26417953958261914
16,-1240.506329113924,6.892286177095489,0.4217392312640368,dKO,antiparallel,1.567653742275556,0.015000659670954299,4.396561556438392,0.2722953335160508
17,-1189.873417721519,6.947562013031831,0.42706222032764785,dKO,antiparallel,1.5701995654529781,0.015076525548438526,4.424636311135118,0.27527762567988073
18,-1139.240506329114,6.958765608233599,0.4315063405439182,dKO,antiparallel,1.5786237352823562,0.015161294814803059,4.408121740921968,0.2766025119140248
19,-1088.607594936709,6.859978164803329,0.4269085959543456,dKO,antiparallel,1.5883667474383674,0.015250518055817995,4.318888050172753,0.2719521187555886
20,-1037.9746835443038,6.908776532182646,0.4219462613654983,dKO,antiparallel,1.5907381125014006,0.015280625795726093,4.343126299601099,0.26851279045129756
21,-987.3417721518988,6.87354651436521,0.4108380234744003,dKO,antiparallel,1.5900928004328752,0.01511669514573882,4.322732932627584,0.26162139252831573
22,-936.7088607594937,6.825827486636034,0.4194318617480685,dKO,antiparallel,1.5899981154231293,0.014918379068045507,4.2929783503671315,0.266851412653993
23,-886.0759493670887,6.960953979445927,0.4375561045261221,dKO,antiparallel,1.5854862317348521,0.014784856608007395,4.390422218822546,0.2789962759416924
24,-835.4430379746836,6.950600367767894,0.44906883565904004,dKO,antiparallel,1.5804172308373214,0.014724854520956374,4.397952788761607,0.28708507534204253
25,-784.8101265822784,6.814068301569763,0.42382388265793375,dKO,antiparallel,1.5750987507716727,0.014958520645277546,4.326121329365167,0.2721961316692712
26,-734.1772151898733,6.743803975123078,0.39146756021283985,dKO,antiparallel,1.5675113970120642,0.01499282903508911,4.302236007966439,0.25310570321242715
27,-683.5443037974683,6.636146292133711,0.37063128706324394,dKO,antiparallel,1.561822057034754,0.014884322660843451,4.2489771880498175,0.24073700203671616
28,-632.9113924050632,6.628929924144081,0.3706079706608699,dKO,antiparallel,1.5528973218774427,0.014745203884639615,4.2687496660305575,0.24207337799981712
29,-582.2784810126582,6.6448444753630245,0.37899482728194983,dKO,antiparallel,1.5509123952377826,0.01472977737430971,4.284474413749367,0.24773373012077876
30,-531.6455696202531,6.572154376618305,0.39237552916885293,dKO,antiparallel,1.5545900579899419,0.014819450064306123,4.227580346883208,0.2555951838572397
31,-481.0126582278481,6.5632937938585805,0.4047912430627546,dKO,antiparallel,1.5521442940472303,0.014963883785410574,4.22853327427744,0.26396183790531624
32,-430.37974683544303,6.588174142163784,0.419222298048602,dKO,antiparallel,1.5552731635729258,0.014920050480219809,4.2360238037084015,0.27259497846620007
33,-379.746835443038,6.632258198999054,0.4347882073928481,dKO,antiparallel,1.5556828696479916,0.014997046139558575,4.263245632125365,0.2824894524464104
34,-329.11392405063293,6.762455474008968,0.46967974162988846,dKO,antiparallel,1.56217214083098,0.015041857182171625,4.32887983165015,0.3035336747244564
35,-278.4810126582279,7.077273272800208,0.5438336863784853,dKO,antiparallel,1.5611157037440038,0.014986905746470535,4.5334713217136144,0.3510703218009596
36,-227.84810126582283,7.397000390202252,0.6011744111147717,dKO,antiparallel,1.5562363674477655,0.014832754633808782,4.753134257062355,0.3889475491431371
37,-177.21518987341778,7.8647950324336096,0.6442463386303111,dKO,antiparallel,1.5572819840148002,0.01481294547467139,5.0503345657139915,0.41647904159232785
38,-126.58227848101274,8.230862634757266,0.6921259721145359,dKO,antiparallel,1.5608680930573549,0.014896836736972886,5.273259586359434,0.4462706491794627
39,-75.94936708860769,8.57374241396681,0.7425351519861385,dKO,antiparallel,1.5596556821175172,0.014950575393306431,5.497202050600291,0.47899651665261306
40,-25.316455696202638,8.901446719683225,0.7726189824578357,dKO,antiparallel,1.5637756143964563,0.014971567827469863,5.692278762844607,0.4970693448516722
41,25.31645569620241,9.031349684892009,0.7779488097377731,dKO,antiparallel,1.5583484615648409,0.014943735875194621,5.795462252276383,0.5022976069256351
42,75.94936708860769,8.984633642473032,0.7777840887971688,dKO,antiparallel,1.5625228660281931,0.014846816428982012,5.75008138300801,0.5007640219559497
43,126.58227848101251,8.656214610714224,0.7432959031140037,dKO,antiparallel,1.5564603036435722,0.014740529991569455,5.561474706711498,0.4804510767618158
44,177.21518987341778,8.258978851065708,0.6776412572124884,dKO,antiparallel,1.5579972279076344,0.014858687343708035,5.3010228151415815,0.43787217253700067
45,227.8481012658226,8.015383219471024,0.6042974132911241,dKO,antiparallel,1.5540531725153048,0.014907311590107719,5.157727779994662,0.391987355386901
46,278.4810126582279,7.708198356177676,0.5420087063740263,dKO,antiparallel,1.564325803879538,0.015064806631381739,4.927489105569501,0.34971509633422315
47,329.1139240506327,7.5143219413484506,0.5076083513832745,dKO,antiparallel,1.5609335515952902,0.015050064829217998,4.813992199519791,0.32849107361406454
48,379.746835443038,7.574219675525504,0.4999300926587598,dKO,antiparallel,1.5600858341935524,0.01498575414565523,4.855001891252226,0.3238260989306777
49,430.37974683544326,7.63071324922908,0.5117557575141384,dKO,antiparallel,1.5511824670309613,0.014794794801946527,4.9192879699282805,0.3332329316649814
50,481.0126582278481,7.556968247012713,0.5097637527097305,dKO,antiparallel,1.5411090533212353,0.014570958417155654,4.903590846297823,0.334010576181924
51,531.6455696202534,7.493533333570803,0.5078945998437239,dKO,antiparallel,1.5352037348880643,0.014682630409554233,4.8811328185813565,0.33410948117063954
52,582.2784810126582,7.5374072301518265,0.5163805510920276,dKO,antiparallel,1.5343071623016047,0.014752897227918378,4.912580358971282,0.33985484430347956
53,632.9113924050635,7.454335533202584,0.5064684792568035,dKO,antiparallel,1.5435012313451786,0.014711739836018471,4.8294976264489575,0.33134270370415253
54,683.5443037974683,7.35064968072004,0.4868698888703288,dKO,antiparallel,1.5569820762160802,0.014800904818379527,4.721088182713227,0.31590518846663984
55,734.1772151898736,7.272298125947886,0.47560897628995125,dKO,antiparallel,1.5681553911959496,0.01481581328015353,4.637485651470858,0.3064404579007314
56,784.8101265822784,7.316373651650415,0.4863056324133109,dKO,antiparallel,1.5631618064563653,0.014846589283979294,4.680496683984613,0.3142638847202105
57,835.4430379746836,7.442094976146423,0.5166285541654584,dKO,antiparallel,1.5523589833494773,0.014903988388666634,4.794055405978869,0.33596997759040526
58,886.0759493670885,7.561002618108816,0.5379371094085473,dKO,antiparallel,1.5522354706769237,0.014947103816933685,4.87104099921869,0.34971620841954737
59,936.7088607594937,7.720316087891213,0.5569191903449873,dKO,antiparallel,1.5555110849654419,0.014920785513700881,4.963202231414977,0.36118112468369235
60,987.3417721518986,7.808180701381532,0.5528665542795042,dKO,antiparallel,1.5547132540507325,0.014867565602212009,5.022264189899767,0.35883534455024063
61,1037.9746835443038,7.840314797613751,0.5253361150347083,dKO,antiparallel,1.5531075634127216,0.014768822291427732,5.048146684950675,0.3416377285993053
62,1088.6075949367087,7.768268366515933,0.5080388149618844,dKO,antiparallel,1.5567499125941535,0.014805092859021683,4.990055437723432,0.3297783026709675
63,1139.240506329114,7.654957369765239,0.47861051091543844,dKO,antiparallel,1.5608485785015107,0.014812966915722727,4.904356178556644,0.310147139044321
64,1189.8734177215188,7.549015437251893,0.4496856390038657,dKO,antiparallel,1.5645773527303424,0.014884583161245843,4.824955074338839,0.29105902856489746
65,1240.506329113924,7.474882919515543,0.44157143360512846,dKO,antiparallel,1.5631326177207445,0.014896553076555635,4.78198895907816,0.28614361901586133
66,1291.1392405063293,7.41609596201555,0.44524967006381083,dKO,antiparallel,1.5650030551219234,0.014839230381871786,4.738710213851813,0.2880302605141226
67,1341.7721518987341,7.47694883309668,0.45987154861962365,dKO,antiparallel,1.561295859600642,0.014811811606090708,4.788937847442432,0.29802801586778904
68,1392.4050632911394,7.541931210211853,0.4769906907486564,dKO,antiparallel,1.5575814118912465,0.014766188148324694,4.842078335445907,0.3096593428806387
69,1443.0379746835442,7.5938854259827835,0.5215949872664234,dKO,antiparallel,1.5574726773105478,0.014822558027426205,4.875774411077275,0.3380978077429031
70,1493.6708860759495,7.677290142018997,0.5786738521755148,dKO,antiparallel,1.5586047335477755,0.014795731133890197,4.925745429082303,0.3742097995059559
71,1544.3037974683543,7.684901033782247,0.674001708712774,dKO,antiparallel,1.5616885888275316,0.014806169785124895,4.920892096388972,0.4340995598926744
72,1594.9367088607596,7.787774881507627,0.7913985030141405,dKO,antiparallel,1.5744672866178142,0.014891195129844948,4.94629196027115,0.5048175625494372
73,1645.5696202531644,7.766671057109216,0.8151882398213398,dKO,antiparallel,1.577270270691791,0.014944061353131062,4.924121884135148,0.5189362963802184
74,1696.2025316455697,7.723410879791079,0.7925994599069783,dKO,antiparallel,1.5810928894265248,0.015104959492048122,4.884855868646922,0.5034660009400372
75,1746.8354430379745,7.606211071450912,0.7405655271207088,dKO,antiparallel,1.5882006684203829,0.015095314060802053,4.789200270905322,0.46850872917797615
76,1797.4683544303798,7.393880353671402,0.6883383320133074,dKO,antiparallel,1.596915932342085,0.015074990004050461,4.63009993445761,0.43325269864543864
77,1848.1012658227846,7.22933359250619,0.6556393735305995,dKO,antiparallel,1.6021623468770936,0.015156793079529843,4.512235359043033,0.41144190171379724
78,1898.73417721519,7.263359339854017,0.6255059182013867,dKO,antiparallel,1.6125937723247505,0.015156962291644913,4.504146961564287,0.39019152224358417
79,1949.3670886075947,7.124306436657313,0.5953956062369575,dKO,antiparallel,1.6124911896347185,0.015196140498650814,4.418198674481563,0.37157978690209864
80,2000,6.996923213443946,0.5736606470663442,dKO,antiparallel,1.6197128447574485,0.015426047017011996,4.319854124816633,0.3565558783217705
1,-2000,7.618827793227587,0.5015211479853595,dKO,hybrid,1.6387865911556114,0.015612850671351758,4.649066470488432,0.30922058860737767
2,-1949.367088607595,7.759763635482999,0.515068250224706,dKO,hybrid,1.6256590449978898,0.015336993938258993,4.7733032700550515,0.32002090369343794
3,-1898.73417721519,7.927391838946004,0.5384768378527588,dKO,hybrid,1.6125520243719411,0.015195528954191769,4.916053385647248,0.33712635779404504
4,-1848.1012658227849,7.977878609324116,0.5511713963536304,dKO,hybrid,1.601563060460534,0.015234798326059184,4.981307827510741,0.3473927229252706
5,-1797.4683544303798,7.98587985312164,0.5409307384571403,dKO,hybrid,1.5905977140720944,0.015140926403650392,5.020678567855453,0.34342188182419764
6,-1746.8354430379748,7.954198975159616,0.5272495579579697,dKO,hybrid,1.5871787789460996,0.015115554880445652,5.011533092977259,0.33560401379437754
7,-1696.2025316455697,7.948905184529576,0.5205727168753481,dKO,hybrid,1.5755542293507288,0.015039707506624991,5.045148581020436,0.333897443082521
8,-1645.5696202531644,7.8574516294744425,0.49922872780695937,dKO,hybrid,1.5648222689301532,0.015041667815638992,5.021306116027139,0.3226627258642223
9,-1594.9367088607596,7.6780083553617535,0.4657262995022607,dKO,hybrid,1.5622980699444746,0.015003143122622072,4.914560481812947,0.30181625515481014
10,-1544.3037974683543,7.4174965053270165,0.42280964620581835,dKO,hybrid,1.5665090774918904,0.015040658913699894,4.735048530457951,0.27370777383780936
11,-1493.6708860759495,7.227490595480252,0.3791282840978388,dKO,hybrid,1.562916461687247,0.01505151767561388,4.62436142471608,0.246631580635898
12,-1443.0379746835442,7.088666500152675,0.3604976000223111,dKO,hybrid,1.5614396218737059,0.014951179481289285,4.539827477700594,0.2349318485740577
13,-1392.4050632911392,6.9577494700949645,0.3510963357740714,dKO,hybrid,1.573120005583755,0.015079371303674191,4.422898091308092,0.2271758459676176
14,-1341.7721518987341,6.9771083795949345,0.36333979972707015,dKO,hybrid,1.5780198063957114,0.015031640289894125,4.421432704023566,0.23407074992968313
15,-1291.139240506329,6.994091872514883,0.37171873166072394,dKO,hybrid,1.572997373765062,0.014979674608906549,4.446346821148284,0.2400758877520985
16,-1240.506329113924,6.963112424080441,0.36779769587941213,dKO,hybrid,1.567653742275556,0.015000659670954299,4.4417413337546146,0.23843538872511383
17,-1189.873417721519,6.8872935923676035,0.3541436366881406,dKO,hybrid,1.5701995654529781,0.015076525548438526,4.386253660935593,0.22943894549393345
18,-1139.240506329114,6.833705088531017,0.339451731692431,dKO,hybrid,1.5786237352823562,0.015161294814803059,4.328900507319894,0.21901250881817902
19,-1088.607594936709,6.886385271180065,0.32181154291334674,dKO,hybrid,1.5883667474383674,0.015250518055817995,4.335513370753988,0.20683740968459374
20,-1037.9746835443038,6.901827294276695,0.30837853514140506,dKO,hybrid,1.5907381125014006,0.015280625795726093,4.338757737704369,0.19828839243817034
21,-987.3417721518988,6.981835714200543,0.31775895525442727,dKO,hybrid,1.5900928004328752,0.01511669514573882,4.390835372815888,0.20414990108400297
22,-936.7088607594937,6.965394839089443,0.32398186001429957,dKO,hybrid,1.5899981154231293,0.014918379068045507,4.380756663498193,0.20786674675489575
23,-886.0759493670887,7.107480095663125,0.32595435114358107,dKO,hybrid,1.5854862317348521,0.014784856608007395,4.482839367129705,0.20979334415656087
24,-835.4430379746836,7.314634359557673,0.33864129492150363,dKO,hybrid,1.5804172308373214,0.014724854520956374,4.628293223354889,0.2185694078335406
25,-784.8101265822784,7.485576223104648,0.361224793698012,dKO,hybrid,1.5750987507716727,0.014958520645277546,4.75244883499356,0.23373367140081394
26,-734.1772151898733,7.736728390598412,0.3836972725135798,dKO,hybrid,1.5675113970120642,0.01499282903508911,4.935676005511599,0.24929190987736324
27,-683.5443037974683,8.091529545357,0.41088868543995366,dKO,hybrid,1.561822057034754,0.014884322660843451,5.180826784274917,0.26767590112850076
28,-632.9113924050632,8.366359166471357,0.44478126939368623,dKO,hybrid,1.5528973218774427,0.014745203884639615,5.387580394791643,0.2909528657429993
29,-582.2784810126582,8.571392638058532,0.46637381114071724,dKO,hybrid,1.5509123952377826,0.01472977737430971,5.526677499243524,0.3052560403300554
30,-531.6455696202531,8.909516094038679,0.5012510839029481,dKO,hybrid,1.5545900579899419,0.014819450064306123,5.731103224446533,0.32702870519569716
31,-481.0126582278481,9.280198349519988,0.5598609618476061,dKO,hybrid,1.5521442940472303,0.014963883785410574,5.978953364781432,0.3652782965917738
32,-430.37974683544303,9.802552503970398,0.6313478500116919,dKO,hybrid,1.5552731635729258,0.014920050480219809,6.302785088537768,0.4104184484648147
33,-379.746835443038,10.31527897712748,0.7142043609266419,dKO,hybrid,1.5556828696479916,0.014997046139558575,6.630708082208005,0.4635224167006479
34,-329.11392405063293,10.83862186406322,0.7908349585410558,dKO,hybrid,1.56217214083098,0.015041857182171625,6.938173829100381,0.5106296421236431
35,-278.4810126582279,11.568637200318685,0.8680962135878736,dKO,hybrid,1.5611157037440038,0.014986905746470535,7.410493131658193,0.560606533586869
36,-227.84810126582283,12.00685491814232,0.9093691934027756,dKO,hybrid,1.5562363674477655,0.014832754633808782,7.715315725357077,0.5889476221704653
37,-177.21518987341778,12.34805750102474,0.9229867588252529,dKO,hybrid,1.5572819840148002,0.01481294547467139,7.929236726408687,0.5974705851312088
38,-126.58227848101274,12.667969260896955,0.9211282528568316,dKO,hybrid,1.5608680930573549,0.014896836736972886,8.11597681908119,0.5952001169353194
39,-75.94936708860769,12.93382266734167,0.9097997208702281,dKO,hybrid,1.5596556821175172,0.014950575393306431,8.292742312060598,0.5887251468834985
40,-25.316455696202638,12.975098130791514,0.8761687278672685,dKO,hybrid,1.5637756143964563,0.014971567827469863,8.29728895331271,0.5658939290692597
41,25.31645569620241,12.874734646160826,0.8511457276090889,dKO,hybrid,1.5583484615648409,0.014943735875194621,8.261781600010343,0.55190058040341194
42,75.94936708860769,12.562311074411701,0.8168616621430999,dKO,hybrid,1.5625228660281931,0.014846816428982012,8.039761431680088,0.5283357958667896
43,126.58227848101251,12.178857011336628,0.783503784594365,dKO,hybrid,1.5564603036435722,0.014740529991569455,7.824714181805162,0.50881347493413
44,177.21518987341778,11.635907744627293,0.7300133684838399,dKO,hybrid,1.5579972279076344,0.014858687343708035,7.4685034967964175,0.47394169676117304
45,227.8481012658226,11.139194651095586,0.6787628753750871,dKO,hybrid,1.5540531725153048,0.014907311590107719,7.167833667535519,0.4421483154458682
46,278.4810126582279,10.60254913745222,0.6291434812871158,dKO,hybrid,1.564325803879538,0.015064806631381739,6.777711593811104,0.4074439174696106
47,329.1139240506327,10.151000817022698,0.5826595109094815,dKO,hybrid,1.5609335515952902,0.015050064829217998,6.503160116360027,0.37850586213517207
48,379.746835443038,9.799261971889552,0.5353611382528436,dKO,hybrid,1.5600858341935524,0.01498575414565523,6.2812325816387125,0.34842518476190537
49,430.37974683544326,9.635547521095784,0.509315159387744,dKO,hybrid,1.5511824670309613,0.014794794801946527,6.211743444688806,0.3336423442602642
50,481.0126582278481,9.497957207872398,0.5087600846248163,dKO,hybrid,1.5411090533212353,0.014570958417155654,6.163066258940861,0.33522922904637914
51,531.6455696202534,9.360108322899439,0.524506894458486,dKO,hybrid,1.5352037348880643,0.014682630409554233,6.096981208544226,0.34659334950982035
52,582.2784810126582,9.232535795332893,0.5398808141186207,dKO,hybrid,1.5343071623016047,0.014752897227918378,6.0173973127279305,0.3565979645153701
53,632.9113924050635,9.210933209123208,0.5705086440832867,dKO,hybrid,1.5435012313451786,0.014711739836018471,5.967558057012871,0.37397066276029
54,683.5443037974683,9.205572441196898,0.6202597969178592,dKO,hybrid,1.5569820762160802,0.014800904818379527,5.91244599524814,0.4023183988773677
55,734.1772151898736,9.075899371252548,0.6606610938052714,dKO,hybrid,1.5681553911959496,0.01481581328015353,5.787627566889808,0.42483198952742673
56,784.8101265822784,9.048511961491817,0.7081426523906111,dKO,hybrid,1.5631618064563653,0.014846589283979294,5.788595860082128,0.45634337079880494
57,835.4430379746836,9.01232067517086,0.7104796401851704,dKO,hybrid,1.5523589833494773,0.014903988388666634,5.805564802881646,0.4610589834840393
58,886.0759493670885,8.962320256313902,0.7020640049605607,dKO,hybrid,1.5522354706769237,0.014947103816933685,5.773814879005097,0.4556966333480452
59,936.7088607594937,8.8157139772075,0.6589734487182439,dKO,hybrid,1.5555110849654419,0.014920785513700881,5.667406720797078,0.42711169435977303
60,987.3417721518986,8.795583577699453,0.6173068175039675,dKO,hybrid,1.5547132540507325,0.014867565602212009,5.657367077036858,0.40072390436214717
61,1037.9746835443038,8.929836783532648,0.6332957760230236,dKO,hybrid,1.5531075634127216,0.014768822291427732,5.749657650182752,0.41140961715783453
62,1088.6075949367087,8.963104296924469,0.6469312367295698,dKO,hybrid,1.5567499125941535,0.014805092859021683,5.757574947917251,0.41915717378567813
63,1139.240506329114,8.94646547721724,0.6608486623321358,dKO,hybrid,1.5608485785015107,0.014812966915722727,5.731795896438766,0.4268707282047783
64,1189.8734177215188,9.08698867105945,0.7015370434890427,dKO,hybrid,1.5645773527303424,0.014884583161245843,5.807951045182748,0.4517791551177705
65,1240.506329113924,9.270879681365296,0.7287754258149629,dKO,hybrid,1.5631326177207445,0.014896553076555635,5.930961695933051,0.4696411292543644
66,1291.1392405063293,9.289799944134165,0.7290722087442212,dKO,hybrid,1.5650030551219234,0.014839230381871786,5.935962817280528,0.4692476906376189
67,1341.7721518987341,9.289131259067789,0.7091860386190866,dKO,hybrid,1.561295859600642,0.014811811606090708,5.949629086599781,0.4577225612357935
68,1392.4050632911394,9.145762332299043,0.6684734632991451,dKO,hybrid,1.5575814118912465,0.014766188148324694,5.871771621358832,0.4327689800299766
69,1443.0379746835442,9.074391945540887,0.6472384761839435,dKO,hybrid,1.5574726773105478,0.014822558027426205,5.82635707048845,0.4192527468948911
70,1493.6708860759495,9.14205613124367,0.6476101693569473,dKO,hybrid,1.5586047335477755,0.014795731133890197,5.8655385387121575,0.41922061279727363
71,1544.3037974683543,9.11704401545269,0.6381639629758954,dKO,hybrid,1.5616885888275316,0.014806169785124895,5.837939830435394,0.4123685243318833
72,1594.9367088607596,8.94698870826246,0.6140425058581186,dKO,hybrid,1.5744672866178142,0.014891195129844948,5.682549764169377,0.3936860048258262
73,1645.5696202531644,8.686163500806249,0.5616449021900918,dKO,hybrid,1.577270270691791,0.014944061353131062,5.507086301066523,0.35988917049452374
74,1696.2025316455697,8.72518139824106,0.54646026780332,dKO,hybrid,1.5810928894265248,0.015104959492048122,5.518449584202326,0.3496196776267833
75,1746.8354430379745,8.649929652195485,0.5189240894406617,dKO,hybrid,1.5882006684203829,0.015095314060802053,5.446370741550352,0.33081240476660234
76,1797.4683544303798,8.676049237495484,0.5341984455016715,dKO,hybrid,1.596915932342085,0.015074990004050461,5.433003116683124,0.33842768048160893
77,1848.1012658227846,8.644144265461767,0.54277646239969,dKO,hybrid,1.6021623468770936,0.015156793079529843,5.395298598990783,0.34260079480028105
78,1898.73417721519,8.57753094200461,0.5490539631344521,dKO,hybrid,1.6125937723247505,0.015156962291644913,5.319089710757753,0.34412973876332165
79,1949.3670886075947,8.524340373566494,0.5466904676041211,dKO,hybrid,1.6124911896347185,0.015196140498650814,5.286441518789032,0.3426755184597382
80,2000,8.424104610445543,0.5331573369378372,dKO,hybrid,1.6197128447574485,0.015426047017011996,5.200986482086614,0.3328739330030256
