motif_id,tf,motif_gc,frac_unclassified,frac_classified,frac_background,log2OR_vs_classified,p_vs_classified,log2OR_vs_background,p_vs_background,q_vs_classified,q_vs_background
MA0681.2,PHOX2B,0.158,0.13345111896348646,0.05777385159010601,0.04923439340400471,1.3281942884007467,3.4744679515775548e-127,1.5718329565866989,4.0481609036359424e-165,6.646033568915014e-126,2.013285356074942e-163
MA1471.1,BARX2,0.248,0.054711425206124854,0.02073027090694935,0.019140164899882215,1.4497815191926493,1.488115053785059e-62,1.5670878639253707,3.977792845262052e-70,1.2908532908414582e-61,5.116264590630157e-69
MA0602.1,Arid5a,0.277,0.061130742049469965,0.01967020023557126,0.0215547703180212,1.69676409519473,1.8146785970195478e-87,1.5621811084508548,1.1796683342282825e-77,2.5542457233520427e-86,1.7959848517026507e-76
MA0601.1,Arid3b,0.153,0.07962308598351,0.03215547703180212,0.0287396937573616,1.379883440582657,4.927929723491248e-83,1.5468289143848748,1.2913661815795422e-98,6.564706381650841e-82,2.9192702165404196e-97
MA0713.1,PHOX2A,0.165,0.05117785630153121,0.02043580683156655,0.01872791519434629,1.369174003388425,6.935432558900544e-54,1.4974067134261537,1.4914287870203398e-61,5.12260662271268e-53,1.4449426949573683e-60
MA0780.1,PAX3,0.15,0.023439340400471142,0.008480565371024734,0.008480565371024734,1.4854409653104323,5.956853228603563e-29,1.4854409653104323,5.956853228603563e-29,2.3891465099668054e-28,2.7430941410729987e-28
MA0908.1,HOXD11,0.281,0.01967020023557126,0.0076560659599528855,0.0071849234393404,1.3755289285963153,5.01089515768704e-22,1.467481762368429,3.808837074684141e-24,1.6182371375041262e-21,1.4646352874816335e-23
MA0046.2,HNF1A,0.227,0.059305064782096586,0.029328621908127208,0.02243816254416961,1.060369049887937,1.175214758343492e-41,1.456484202339686,4.97948766787032e-68,6.591806088152219e-41,5.4627908826930274e-67
MA0873.1,HOXD12,0.339,0.015253239104829211,0.005948174322732627,0.0055948174322732625,1.3678227107307384,2.7389728883614295e-17,1.4562425302421649,7.182171092748227e-19,7.403165850426183e-17,2.204896969214065e-18
MA0135.1,Lhx3,0.131,0.06925795053003533,0.029328621908127208,0.026442873969375735,1.2994355981285681,2.498178041402219e-66,1.4529905404086294,1.285162798969691e-78,2.420312751800072e-65,1.997357183398728e-77
MA0651.1,HOXC11,0.336,0.014605418138987044,0.005712603062426384,0.005418138987043581,1.3627327235513473,1.5689270466085065e-16,1.4391087635226034,7.746687437588004e-18,4.1504240310990993e-16,2.2842011179607316e-17
MA0790.1,POU4F1,0.215,0.09040047114252062,0.03657243816254417,0.035924617196702,1.3878242968983905,1.726341691860117e-94,1.414557123855454,2.7142933880029933e-97,2.7401083023992495e-93,5.472602344460089e-96
MA0680.1,PAX7,0.158,0.02396937573616019,0.009069493521790341,0.009128386336866903,1.4210500371813704,9.393212618539777e-28,1.4116565529462684,1.7223914968885747e-27,3.61202918218076e-27,7.470372422551609e-27
MA0153.2,HNF1B,0.208,0.03833922261484099,0.017785630153121318,0.014840989399293287,1.1373389635176538,6.324083773513103e-31,1.4023092624118276,1.9898732613515894e-42,2.7270326560929333e-30,1.302145134182707e-41
MA0788.1,POU3F3,0.207,0.0928150765606596,0.03215547703180212,0.03739693757361602,1.6218074777544111,1.8092222886924904e-122,1.396302792646805,8.65000787761771e-98,3.3741995684114942e-121,1.8436873933436604e-96
MA0715.1,PROP1,0.084,0.058657243816254416,0.025500588928150766,0.0232037691401649,1.2507774655371124,1.9703627514692569e-53,1.3901803760798461,8.789215607025814e-63,1.4410692280353584e-52,8.627309003738496e-62
MA0757.1,ONECUT3,0.196,0.07473498233215548,0.03191990577149588,0.029976442873969375,1.2918230891468456,1.2175995107929308e-70,1.3852573621303093,1.2015458652068144e-78,1.2793369507767976e-69,1.9071345009452843e-77
MA0679.2,ONECUT1,0.239,0.09452296819787986,0.04246171967020024,0.038633686690223795,1.2346009320483486,4.200282219172856e-82,1.3765612266488587,2.4639099389604154e-97,5.402431957763708e-81,5.105768929067971e-96
MA0791.1,POU4F3,0.249,0.08133097762073027,0.036984687868080096,0.033156654888103654,1.2042623387031484,1.5177999273627376e-68,1.367482713759477,1.4677738618764538e-83,1.509704994416803e-67,2.5464169789763592e-82
MA0660.1,MEF2B,0.255,0.05005889281507656,0.02061248527679623,0.020200235571260307,1.3229371772414649,4.238610455758721e-50,1.352648644318998,8.276066205233373e-52,2.9009205504550514e-49,6.63865095602591e-51
MA0084.1,SRY,0.238,0.05259128386336867,0.01802120141342756,0.02131919905771496,1.5952840084443995,2.808824250177901e-69,1.3483367547916931,4.899489026953834e-54,2.831598500855019e-68,4.201171050698345e-53
MA0756.1,ONECUT2,0.236,0.043521790341578326,0.0160188457008245,0.017550058892815076,1.4811912589605802,6.985984530167703e-52,1.3474698394633908,4.239518240654457e-45,5.0111004418318327e-51,2.875164188662023e-44
MA0773.1,MEF2D,0.225,0.06590106007067138,0.02838633686690224,0.027502944640753826,1.2710593339542522,3.704732747061701e-61,1.31793297562057,1.1451378741241311e-64,3.105315313829246e-60,1.1702367864337012e-63
MA1503.1,HOXB9,0.313,0.02043580683156655,0.009305064782096584,0.008362779740871613,1.1488304879857147,1.483411899938986e-17,1.3037229145180531,3.9970899905220884e-21,4.0986121383499397e-17,1.3492439515518e-20
MA0897.1,Hmx2,0.335,0.053003533568904596,0.02061248527679623,0.02226148409893993,1.409831110407977,3.257706484238965e-58,1.2965212087431408,2.708277031420931e-51,2.5581568813076505e-57,2.0616068014694026e-50
MA0885.1,Dlx2,0.22,0.019257950530035334,0.008303886925795053,0.007950530035335688,1.2267167413441888,2.6162176331162883e-18,1.289739890890294,1.0885615673268314e-19,7.594157020641054e-18,3.4703714924180182e-19
MA0905.1,HOXC10,0.283,0.027090694935217905,0.011248527679623086,0.011248527679623086,1.289158679675298,5.244865214713201e-27,1.289158679675298,5.244865214713201e-27,1.9661655528522854e-26,2.2296472274181518e-26
MA0845.1,FOXB1,0.193,0.10641931684334512,0.05265017667844523,0.04646643109540636,1.099138823769491,4.562829135704233e-76,1.288667217148395,3.509460002022804e-98,5.005691963581409e-75,7.700168122085329e-97
MA0052.4,MEF2A,0.257,0.11548881036513545,0.05765606595995289,0.050765606595995286,1.0932103029901503,2.658574297786378e-81,1.2872416790747996,8.494106906606679e-106,3.305494043581063e-80,2.1850357766650287e-104
MA0619.1,LIN54,0.188,0.07579505300353356,0.03127208480565371,0.03250883392226148,1.3443074264939499,3.9599451719529755e-76,1.2865596827639196,3.8905177550676e-71,4.4091329825028654e-75,5.182725438000767e-70
MA0025.2,NFIL3,0.296,0.039634864546525324,0.016136631330977622,0.016666666666666666,1.3297456893940895,1.8401877041280097e-40,1.282425696219472,2.5650492357493126e-38,1.0093970788819818e-39,1.4607074273809064e-37
MA0898.1,Hmx3,0.33,0.05341578327444052,0.02308598351001178,0.022791519434628975,1.2547043172602577,3.846997970351337e-49,1.2736354433054118,2.771332212034884e-50,2.5623754338233012e-48,2.0469443863148747e-49
MA0703.2,LMX1B,0.124,0.04935217903415783,0.023616018845700824,0.021024734982332156,1.100947268051317,3.136149085057743e-37,1.2722276815809526,1.4137521667475245e-46,1.591542324798011e-36,9.856627256015452e-46
MA0785.1,POU2F1,0.25,0.0706713780918728,0.028150765606595997,0.030624263839811542,1.391586254417214,4.3187802934208944e-75,1.2665305768993451,5.612199097055349e-65,4.6692899983941846e-74,5.814861842226792e-64
MA0879.1,Dlx1,0.271,0.0267962308598351,0.010011778563015312,0.011307420494699646,1.4423480275585463,1.7265348928365707e-31,1.2653720209953647,5.25177588461391e-26,7.6212723671957495e-31,2.152650994462624e-25
MA0901.2,HOXB13,0.238,0.1288574793875147,0.07273262661955242,0.05806831566548881,0.9149210493550481,9.147600541860604e-67,1.2622614262630014,1.558087605356678e-113,8.97909211082633e-66,4.304938346652155e-112
MA1506.1,HOXD10,0.347,0.01866902237926973,0.007302709069493522,0.007891637220259129,1.3672244068635095,8.333151814897137e-21,1.2549078537252167,2.156098021875531e-18,2.5902213557971937e-20,6.45963503742629e-18
MA0683.1,POU4F2,0.238,0.0702002355712603,0.029976442873969375,0.030683156654888105,1.2879330435718694,2.8824261479416963e-66,1.2532965059673058,1.6023407926538783e-63,2.7567819312365454e-65,1.5937949750930577e-62
MA1113.2,PBX2,0.279,0.061130742049469965,0.029034157832744406,0.02673733804475854,1.1218740046675022,7.2490312303558e-47,1.244052356919708,4.244988429848489e-55,4.544350670458342e-46,3.909581936625892e-54
MA0151.1,Arid3a,0.062,0.2746760895170789,0.14846878680800943,0.1384570082449941,1.1188655422490292,2.520373978153286e-180,1.2364292322256965,4.811815910929021e-214,5.6975726900071256e-179,3.2632860632300447e-212
MA0040.1,Foxq1,0.202,0.06919905771495878,0.030035335689045935,0.030624263839811542,1.2627493498546807,2.113718222749309e-63,1.233885954736072,3.6892268493956965e-61,1.877183088298791e-62,3.5284143969861403e-60
MA1478.1,DMRTA2,0.353,0.037043580683156656,0.01431095406360424,0.016136631330977622,1.4039456741907679,3.8979825313804634e-41,1.2283867631765246,1.0966466969604146e-33,2.1700708719476313e-40,5.7209680834438415e-33
MA0639.1,DBP,0.317,0.012190812720848057,0.005005889281507656,0.005241460541813898,1.2895703005055719,5.304849171143429e-13,1.2232654404600327,4.4569330660495885e-12,1.2444709061864775e-12,1.0555149419914263e-11
MA1640.1,MEIS2(var.2),0.307,0.0588339222614841,0.027385159010600707,0.026148409893992933,1.149843222624124,5.327073616133504e-47,1.2182742401378162,1.923494200829685e-51,3.3677939979962665e-46,1.5104491303357317e-50
MA0911.1,Hoxa11,0.344,0.0176678445229682,0.008539458186101296,0.0076560659599528855,1.0596898720291035,1.1456761491620933e-13,1.2179440504665133,9.497318440345669e-17,2.757014217015876e-13,2.6240739098140256e-16
MA0087.1,Sox5,0.199,0.11154299175500589,0.044346289752650175,0.05123674911660778,1.435320333150601,2.2021035817713246e-121,1.2166440606535232,1.2621614259521165e-93,3.911355409527163e-120,2.414288266051997e-92
MA0621.1,mix-a,0.199,0.046113074204946994,0.022614840989399292,0.02037691401648999,1.0620575455159784,5.0310158442937414e-33,1.2154852668573897,9.810066360413844e-41,2.3025385397810622e-32,6.098591254057273e-40
MA0102.4,CEBPA,0.354,0.0356301531213192,0.016548881036513547,0.015724381625441698,1.1332579874699584,1.008791582732042e-28,1.2080629927179931,1.1470012966605254e-31,3.9817911149105996e-28,5.742704478582228e-31
MA0497.1,MEF2C,0.282,0.10700824499411071,0.052179034157832746,0.04946996466431095,1.1217277948171716,4.9906527030118874e-79,1.2027181195511074,1.9655588533837363e-88,5.909566534042648e-78,3.5763583039616277e-87
MA0674.1,NKX6-1,0.201,0.05577149587750294,0.026383981154299175,0.0251472320376914,1.1232334696874746,4.389590479674386e-43,1.194248419704845,2.0180368157298695e-47,2.5384763549124743e-42,1.420241004277814e-46
MA1530.1,NKX6-3,0.297,0.03828032979976443,0.015312131919905771,0.017196702002355714,1.354314710635106,3.099490015048653e-40,1.1843977567201642,7.29046809292081e-33,1.687751497245471e-39,3.750820136082017e-32
MA0784.1,POU1F1,0.251,0.08445229681978798,0.04469964664310954,0.03904593639575972,0.9787435083637686,8.015117351344631e-51,1.1822098152508107,5.813785187827803e-69,5.588109854301958e-50,6.5713390153326374e-68
MA0485.2,HOXC9,0.321,0.020023557126030624,0.009069493521790341,0.00895170789163722,1.1560842968283143,2.1546191788890802e-17,1.1750533610142884,8.1610066101595e-18,5.866225939603117e-17,2.396894067393302e-17
MA0854.1,Alx1,0.333,0.023792697290930507,0.01154299175500589,0.010836277974087162,1.0596005257754584,7.174694739058706e-18,1.1515401015262472,3.016147066303043e-20,2.0351035267444085e-17,9.825527124288516e-20
MA0068.2,PAX4,0.25,0.020965842167255593,0.011778563015312132,0.009540636042402828,0.8437745930186668,2.550844596844617e-11,1.1502004488552364,5.307954078053123e-18,5.515739331148071e-11,1.5713229135823926e-17
MA0700.2,LHX2,0.285,0.034746760895170786,0.015547703180212015,0.01595995288574794,1.1870822883214953,4.053362250780659e-30,1.1487935605259805,1.1933528286302964e-28,1.6798934661568732e-29,5.362898856374705e-28
MA0786.1,POU3F1,0.226,0.08881036513545347,0.052237926972909306,0.04210836277974087,0.8220674661341422,7.65288660400161e-40,1.148199873850344,5.358003349582328e-69,4.1369952221631894e-39,6.149339228905256e-68
MA0789.1,POU3F4,0.217,0.06236749116607774,0.023851590106007067,0.029151943462897525,1.4436858962489454,1.8965744400465758e-70,1.1466480075419565,1.9762224476500092e-49,1.9650618503815909e-69,1.431322277618356e-48
MA0903.1,HOXB3,0.308,0.03121319199057715,0.012956419316843345,0.0143698468786808,1.2935078493735082,5.3957066328899405e-31,1.1423847093577748,1.042885475560233e-25,2.3402309000790088e-30,4.205365214961804e-25
MA0792.1,POU5F1B,0.224,0.06136631330977621,0.02508833922261484,0.028798586572438164,1.3441373131282337,2.796782829479116e-62,1.1398733839919617,3.119434720988605e-48,2.398160908955656e-61,2.2375945210168263e-47
MA0628.1,POU6F1,0.209,0.022673733804475855,0.0107773851590106,0.010424028268551237,1.088405230814518,8.295952816652128e-18,1.1368815021657395,5.25995657766899e-19,2.3266093237678523e-17,1.6281857290211894e-18
MA0913.2,HOXD9,0.253,0.052473498233215544,0.024146054181389872,0.024734982332155476,1.1613502177694255,7.174989912100104e-43,1.1257557358574175,7.810489509924095e-41,4.0859102858218915e-42,4.896323675969222e-40
MA0899.1,HOXA10,0.27,0.06713780918727916,0.04558303886925795,0.03191990577149588,0.591283984340739,7.111848118947777e-18,1.1254321899201936,1.9822848467684615e-51,2.024976601807268e-17,1.5404005163429919e-50
MA0075.3,PRRX2,0.199,0.0284452296819788,0.015371024734982332,0.013309776207302709,0.9059892294574726,1.5515529525389185e-16,1.11630605490668,8.904975444968862e-23,4.1190694042492287e-16,3.1938036932436403e-22
MA1419.1,IRF4,0.456,0.030153121319199058,0.01342756183745583,0.014134275618374558,1.190025090365922,1.7458715805238178e-26,1.115148573027583,5.326256723581912e-24,6.415863049609696e-26,2.0376346234831317e-23
MA0032.2,FOXC1,0.204,0.10400471142520612,0.05753828032979976,0.05088339222614841,0.9266656790499566,3.3787594454970983e-56,1.1140474270790721,4.050633933655726e-76,2.59850984158849e-55,5.811101758667637e-75
MA0704.1,Lhx4,0.197,0.025677267373380448,0.014723203769140165,0.012014134275618375,0.8172999203060006,7.050737966706906e-13,1.1139708835064994,1.1603637041212952e-20,1.6385827174963715e-12,3.830227094134895e-20
MA1463.1,ARGFX,0.204,0.03651354534746761,0.0199057714958775,0.017196702002355714,0.8989307050588182,1.776225749274886e-20,1.1136320337523007,1.3182212049504894e-28,5.475472764293657e-20,5.88858095145548e-28
MA0706.1,MEOX2,0.311,0.03297997644287397,0.015371024734982332,0.015547703180212015,1.1259370730605611,1.8242453030259472e-26,1.1092214094596402,7.248049430589585e-26,6.671014686555669e-26,2.9546693307212187e-25
MA1504.1,HOXC4,0.254,0.030153121319199058,0.01431095406360424,0.01425206124852768,1.0970051317704086,2.0856577861544915e-23,1.103028349575567,1.3269693148195232e-23,7.137159213170875e-23,4.974467883695298e-23
MA0465.2,CDX2,0.292,0.0702002355712603,0.03297997644287397,0.03404004711425206,1.1458269323372836,3.551097657807276e-55,1.0986420096650387,1.3213155639794678e-51,2.675877629014372e-54,1.0486185220517904e-50
MA0847.2,FOXD2,0.275,0.09452296819787986,0.05541813898704358,0.04658421672555948,0.8309855078119606,6.297298327974273e-43,1.094786512812249,1.0177738259190412e-67,3.613680425129852e-42,1.1003757596168184e-66
MA0846.1,FOXC2,0.232,0.13156654888103653,0.07555948174322732,0.06625441696113074,0.8900309816987473,6.502394176906027e-65,1.0939967817619665,1.0315654725386678e-91,5.9886247604591315e-64,1.9238696062846153e-90
MA1500.1,HOXB6,0.314,0.028857479387514724,0.01342756183745583,0.013722025912838633,1.1248002356264137,2.3871774028809642e-23,1.0931411957355375,2.3408795448320688e-22,8.094701557041815e-23,8.276285025804376e-22
MA0843.1,TEF,0.313,0.013250883392226149,0.007302709069493522,0.0062426383981154295,0.8656519659517791,6.065403285646513e-8,1.0924840194679108,4.465970329351889e-11,1.1009223481976396e-7,1.0126485913971152e-10
MA0507.1,POU2F2,0.289,0.09787985865724382,0.05665488810365135,0.04840989399293286,0.8529599181177616,2.723523916672444e-46,1.0922850006974725,1.0927710438301358e-69,1.6931240348647028e-45,1.38170711643607e-68
MA0705.1,Lhx8,0.307,0.02408716136631331,0.013545347467608953,0.011484098939929329,0.844596664980622,8.411951832388802e-13,1.085206159770319,9.82994083016042e-19,1.9428223117529555e-12,3.0053835488933086e-18
MA1125.1,ZNF384,0.153,0.16537102473498233,0.11731448763250883,0.08586572438162544,0.575981819857704,4.505687895308894e-37,1.0765810792196744,1.0096243536110115e-109,2.2711102499327264e-36,2.689927742120766e-108
MA0041.1,Foxd3,0.223,0.1423439340400471,0.08645465253239105,0.07314487632508834,0.8102467188420708,2.8789000909719866e-59,1.07221096983455,2.8097161179953385e-95,2.2847441147501086e-58,5.515916379011901e-94
MA0725.1,VSX1,0.221,0.018138987043580683,0.008716136631330978,0.008716136631330978,1.0685865740913967,3.6358189352258864e-14,1.0685865740913967,3.6358189352258864e-14,8.922108308152997e-14,9.011032975676117e-14
MA0726.1,VSX2,0.211,0.018138987043580683,0.008716136631330978,0.008716136631330978,1.0685865740913967,3.6358189352258864e-14,1.0685865740913967,3.6358189352258864e-14,8.922108308152997e-14,9.011032975676117e-14
MA0787.1,POU3F2,0.223,0.07791519434628975,0.049941107184923436,0.03910482921083628,0.6844877764921817,4.864398518166667e-26,1.053494833893965,3.5979371826034595e-53,1.77016648514748e-25,3.0500694752524778e-52
MA0906.1,HOXC12,0.34,0.013604240282685512,0.005830388692579506,0.006595995288574794,1.229568833235382,2.0610372433420554e-13,1.051300852994047,9.957427311994812e-11,4.91224850969065e-13,2.1912214674773245e-10
MA1607.1,Foxl2,0.297,0.08109540636042403,0.04387514723203769,0.0408716136631331,0.9430542023831462,4.637156243056037e-46,1.049812644363826,7.118194801341346e-55,2.8589409564626476e-45,6.397799182892343e-54
MA0658.1,LHX6,0.279,0.022673733804475855,0.009658421672555949,0.011071849234393404,1.2477286499294007,8.213003717143819e-22,1.049191269034037,7.461482544698126e-17,2.6183336636706364e-21,2.0769649172928368e-16
MA1476.1,DLX5,0.228,0.01513545347467609,0.00800942285041225,0.007361601884570083,0.9260722709515677,8.481830208820343e-10,1.0482276766751513,9.942885939658231e-12,1.6918303036844856e-9,2.317935284682825e-11
MA0886.1,EMX2,0.293,0.019199057714958775,0.008421672555948174,0.009363957597173145,1.201798158365238,1.0172812456743926e-17,1.04792088433688,1.7592820454238555e-14,2.84229142049849e-17,4.433866236102014e-14
MA0755.1,CUX2,0.28,0.015371024734982332,0.006124852767962308,0.007479387514723204,1.3367920362100987,7.409615344271188e-17,1.0478302252902143,6.9747304604904305e-12,1.974133231009395e-16,1.6413719001658868e-11
MA0707.1,MNX1,0.237,0.046819787985865724,0.022968197879858657,0.0232037691401649,1.0621948149399454,1.6729677960914077e-33,1.0471441847074618,9.288692840682329e-33,7.75176382536764e-33,4.7461403144856287e-32
MA0125.1,Nobox,0.26,0.0232037691401649,0.011130742049469965,0.011425206124852767,1.0755490769962393,7.271341978241138e-18,1.037547115332264,6.353016372808002e-17,2.0547049680938973e-17,1.7750375333763183e-16
MA0718.1,RAX,0.26,0.030918727915194347,0.013604240282685512,0.015312131919905771,1.2082267367211066,9.732512202400243e-28,1.0354555178668308,6.334127183441504e-22,3.723309796405427e-27,2.1775386538467107e-21
MA0892.1,GSX1,0.308,0.03380447585394582,0.021142520612485276,0.01678445229681979,0.6950982041502471,9.707852838025736e-13,1.0340079460128895,9.475367312910559e-24,2.2352031534466663e-12,3.5881340179854197e-23
MA0754.1,CUX1,0.298,0.012720848056537103,0.00530035335689046,0.0062426383981154295,1.2691799082091506,3.299275950542703e-13,1.0329488940132396,7.18378000502355e-10,7.788797022483724e-13,1.531171395356448e-9
MA0627.2,POU2F3,0.284,0.08474676089517079,0.05259128386336867,0.04363957597173145,0.7378425496646502,7.519637615019058e-32,1.0204306516940682,1.3837467064470958e-54,3.359071653176178e-31,1.2144412270700395e-53
MA0618.1,LBX1,0.24,0.039693757361601884,0.021024734982332156,0.019964664310954065,0.9436522104335242,7.340797043770735e-24,1.0197451893393195,5.875314365401623e-27,2.5470858579781247e-23,2.4762624387511925e-26
MA0702.2,LMX1A,0.115,0.034746760895170786,0.019493521790341577,0.017432273262661956,0.855547176547959,4.144143413163515e-18,1.0195535422217636,7.824099185069978e-24,1.1936413074208425e-17,2.9779479551337773e-23
MA0722.1,VAX1,0.244,0.024734982332155476,0.011189634864546525,0.012485276796230859,1.16221376351012,2.8286882889711736e-21,1.0026503680580983,5.0068711471800684e-17,8.866392704086116e-21,1.4148204074986101e-16
MA0723.1,VAX2,0.258,0.024734982332155476,0.011189634864546525,0.012485276796230859,1.16221376351012,2.8286882889711736e-21,1.0026503680580983,5.0068711471800684e-17,8.866392704086116e-21,1.4148204074986101e-16
MA0612.2,EMX1,0.234,0.008362779740871613,0.004652532391048292,0.0041813898704358065,0.8473228178581824,2.5460692481617204e-5,1.0010171467567717,1.2080700452497883e-6,4.007104766094185e-5,2.1611996492957844e-6
MA0866.1,SOX21,0.304,0.03992932862190813,0.019022379269729092,0.02037691401648999,1.099661777297504,1.7215450969092905e-30,0.9985787458744421,3.1530859210386025e-26,7.33870081311046e-30,1.2995591696656338e-25
MA0772.1,IRF7,0.374,0.06166077738515901,0.03510011778563015,0.03191990577149588,0.8526246398706125,2.36234659567553e-30,0.9942706531515022,5.799535697585212e-39,9.956556838270878e-30,3.3538400235647815e-38
MA1639.1,MEIS1(var.2),0.321,0.04093050647820966,0.019375736160188457,0.020965842167255593,1.1098361792372629,1.1868815584930152e-31,0.9938713744697545,1.2325253289784216e-26,5.270319301403508e-31,5.1655275023477667e-26
MA0662.1,MIXL1,0.293,0.03339222614840989,0.019375736160188457,0.01707891637220259,0.8051111604871624,7.018581632936652e-16,0.9902264925180808,5.860179428971625e-22,1.818007603531508e-15,2.0239323398207558e-21
MA0043.3,HLF,0.341,0.028916372202591283,0.012190812720848057,0.014782096584216725,1.268716183167434,4.939735266814714e-28,0.9874796906916159,3.6060760693553634e-19,1.929341627771611e-27,1.125578555539373e-18
MA0634.1,ALX3,0.276,0.036336866902237926,0.02149587750294464,0.01872791519434629,0.7786160780391441,3.0465931032311307e-16,0.9812692792337409,2.1411059891765627e-23,7.974591070212013e-16,7.986325339628578e-23
MA0716.1,PRRX1,0.216,0.0342756183745583,0.020553592461719672,0.0176678445229682,0.7573200307663516,9.265912884751306e-15,0.9794917382252922,4.1145235141144754e-22,2.319587587927676e-14,1.4276439728043716e-21
MA0721.1,UNCX,0.233,0.0342756183745583,0.020553592461719672,0.0176678445229682,0.7573200307663516,9.265912884751306e-15,0.9794917382252922,4.1145235141144754e-22,2.319587587927676e-14,1.4276439728043716e-21
MA1606.1,Foxf1,0.292,0.06707891637220259,0.0339811542991755,0.03521790341578328,1.0308027993920872,1.1748272109972125e-44,0.9774243562520445,5.567458798544204e-41,7.125374791901793e-44,3.5197663251813357e-40
MA1499.1,HOXB4,0.234,0.027797408716136632,0.012779740871613663,0.014487632508833921,1.1414132851121621,4.632205747486703e-23,0.9583430893456756,1.1617593768550348e-17,1.5358335500555913e-22,3.359195717573085e-17
MA1507.1,HOXD4,0.243,0.027797408716136632,0.012779740871613663,0.014487632508833921,1.1414132851121621,4.632205747486703e-23,0.9583430893456756,1.1617593768550348e-17,1.5358335500555913e-22,3.359195717573085e-17
MA1636.1,CEBPG(var.2),0.357,0.03362779740871614,0.014958775029446408,0.017726737338044758,1.1946921565128392,1.7014049615337952e-29,0.9461402578139941,1.3813912977524823e-20,7.012420449194537e-29,4.539726467503752e-20
MA0853.1,Alx4,0.348,0.0212603062426384,0.011071849234393404,0.011189634864546525,0.9543711735166243,8.554413060043438e-14,0.9389728629411229,1.8438714680545446e-13,2.071945500906625e-13,4.554728858174471e-13
MA0661.1,MEOX1,0.322,0.023674911660777384,0.010070671378091874,0.012485276796230859,1.2507435392904878,8.78194567905762e-23,0.9379661029525641,8.620960665735114e-15,2.886049108624222e-22,2.187495461441631e-14
MA1519.1,LHX5,0.201,0.027385159010600707,0.014782096584216725,0.014487632508833921,0.9067964481923765,5.294152116351537e-16,0.9361983201508386,8.273170574594451e-17,1.3761106197903297e-15,2.294343958605004e-16
MA0896.1,Hmx1,0.383,0.030800942285041225,0.013486454652532391,0.016372202591283865,1.2152404721172605,6.998339399989865e-28,0.9318310706812355,1.4676195174020876e-18,2.719146454371062e-27,4.468751673395744e-18
MA0870.1,Sox1,0.302,0.03221436984687868,0.012838633686690224,0.01713780918727915,1.3538232395143066,3.6833345262167196e-34,0.9316640373950126,2.513645835401411e-19,1.7501704181896007e-33,7.945677089870561e-19
MA1473.1,CDX4,0.319,0.038810365135453474,0.020318021201413426,0.02073027090694935,0.9601785258106341,5.068234488982646e-24,0.9306337840212446,7.246252894243502e-23,1.766777069523857e-23,2.6114515261379964e-22
MA0654.1,ISX,0.201,0.027385159010600707,0.017255594817432274,0.014546525323910483,0.6803678539626986,2.838291329429415e-10,0.9302712281614365,1.2055461388245499e-16,5.707184182626264e-10,3.28225335606976e-16
MA0720.1,Shox2,0.217,0.027385159010600707,0.017255594817432274,0.014546525323910483,0.6803678539626986,2.838291329429415e-10,0.9302712281614365,1.2055461388245499e-16,5.707184182626264e-10,3.28225335606976e-16
MA0701.2,LHX9,0.225,0.027385159010600707,0.017255594817432274,0.014546525323910483,0.6803678539626986,2.838291329429415e-10,0.9302712281614365,1.2055461388245499e-16,5.707184182626264e-10,3.28225335606976e-16
MA1561.1,SOX12,0.442,0.015842167255594817,0.008068315665488811,0.008362779740871613,0.9822043757080094,4.179581452443232e-11,0.9302457468654791,2.940147289314425e-10,8.934005053073499e-11,6.394606057809216e-10
MA0851.1,Foxj3,0.33,0.09422850412249706,0.06007067137809187,0.0519434628975265,0.7026499383815176,3.0854622690895005e-32,0.9246783586869348,3.5834214299037295e-51,1.3950029410550107e-31,2.7002347340486688e-50
MA1496.1,HOXA4,0.328,0.02432273262661955,0.0124263839811543,0.012956419316843345,0.9847134207345773,2.5698172582764715e-16,0.9238179424228742,8.33258935786123e-15,6.750294629134675e-16,2.1215398160288318e-14
MA0869.1,Sox11,0.283,0.054829210836277974,0.025441696113074206,0.029681978798586573,1.151027736788651,4.657001151032446e-44,0.9225829593270498,5.587054464525879e-31,2.7792982869361638e-43,2.7420675200896747e-30
MA0644.1,ESX1,0.304,0.025382803297997643,0.011307420494699646,0.013545347467608953,1.1851878189159843,1.9554182068421175e-22,0.9220103387796947,2.4576929785112366e-15,6.342356444800955e-22,6.547996292747794e-15
MA0653.1,IRF9,0.416,0.04840989399293286,0.029151943462897525,0.026148409893992933,0.7600349872427574,3.3243571698643865e-20,0.9211928975142949,1.475593126602578e-27,1.0163813314421444e-19,6.437382879798381e-27
MA1525.1,NFATC4,0.403,0.05577149587750294,0.03356890459363958,0.030506478209658423,0.7654288627269369,3.2164458689442346e-23,0.9078760047008556,1.15949181004369e-30,1.0808417199245041e-22,5.580521872855437e-30
MA0613.1,FOXG1,0.225,0.04782096584216725,0.02508833922261484,0.026148409893992933,0.9638596668778481,2.708250898461322e-29,0.9026524681492855,2.2449360856369836e-26,1.092083875811971e-28,9.304012888251055e-26
MA0614.1,Foxj2,0.247,0.04782096584216725,0.02508833922261484,0.026148409893992933,0.9638596668778481,2.708250898461322e-29,0.9026524681492855,2.2449360856369836e-26,1.092083875811971e-28,9.304012888251055e-26
MA0675.1,NKX6-2,0.232,0.03392226148409894,0.019787985865724382,0.018433451118963485,0.7976680136919616,7.166142150797114e-16,0.9018012699774958,3.005026926740598e-19,1.8498069358112966e-15,9.41911801406927e-19
MA0132.2,PDX1,0.238,0.017785630153121318,0.009599528857479387,0.009599528857479387,0.8996182206471623,8.532125172444582e-11,0.8996182206471623,8.532125172444582e-11,1.7779232901239267e-10,1.8831258516697213e-10
MA1481.1,DRGX,0.231,0.017785630153121318,0.009599528857479387,0.009599528857479387,0.8996182206471623,8.532125172444582e-11,0.8996182206471623,8.532125172444582e-11,1.7779232901239267e-10,1.8831258516697213e-10
MA0070.1,PBX1,0.31,0.037043580683156656,0.018551236749116608,0.020200235571260307,1.0240079877195516,1.8690468910567177e-25,0.8989119580425913,9.547503709132535e-21,6.703408561193805e-25,3.1796597174164604e-20
MA0889.1,GBX1,0.322,0.019022379269729092,0.008362779740871613,0.010306242638398116,1.19839552592473,1.6938398623036818e-17,0.8950562546664915,2.3251908334207192e-11,4.6627473700315375e-17,5.353680128802026e-11
MA0594.2,HOXA9,0.41,0.001884570082449941,0.001531213191990577,0.0010011778563015312,0.2949580017909612,0.5114798427940015,0.8943610656650307,0.04423191532094334,0.5564341262756796,0.05490009879332234
MA0900.2,HOXA2,0.227,0.010482921083627797,0.005535924617196702,0.005712603062426384,0.924732273277411,3.550876858518129e-7,0.8793880565274308,1.0754200158260473e-6,6.203639663827926e-7,1.92851762453421e-6
MA0904.2,HOXB5,0.296,0.010482921083627797,0.005535924617196702,0.005712603062426384,0.924732273277411,3.550876858518129e-7,0.8793880565274308,1.0754200158260473e-6,6.203639663827926e-7,1.92851762453421e-6
MA0878.2,CDX1,0.347,0.03515901060070671,0.0199057714958775,0.019434628975265017,0.8424114553290858,7.326907549406896e-18,0.8776103499617498,4.726169972747297e-19,2.062593596927375e-17,1.4690511665289513e-18
MA0148.4,FOXA1,0.3,0.05530035335689046,0.027444051825677267,0.030918727915194347,1.0519403203500615,1.560704843474277e-38,0.8749632099862386,1.173909638824238e-28,8.257346193133409e-38,5.307494488259889e-28
MA0624.1,NFATC1,0.411,0.059599528857479385,0.03250883392226148,0.03339222614840989,0.914847500129469,5.3163063602647314e-33,0.8748837214828876,1.0928933175167353e-30,2.418271063876518e-32,5.2941455510875625e-30
MA1487.1,FOXE1,0.297,0.07885747938751472,0.04122497055359246,0.04464075382803298,0.9930037612479043,7.615799728172408e-49,0.8730907897132285,1.5751176042810925e-39,4.9613273353332486e-48,9.25226561254878e-39
MA0158.2,HOXA5,0.321,0.0163133097762073,0.0076560659599528855,0.00901060070671378,1.1010789331261264,1.8368939816565667e-13,0.8649195402852593,1.8579157938442828e-9,4.406182991369128e-13,3.8715228553291475e-9
MA0884.1,DUXA,0.303,0.03327444051825677,0.0160188457008245,0.018551236749116608,1.0787943224196543,5.457835379989936e-25,0.8636929273323671,1.1203419580570013e-17,1.9388310445107106e-24,3.2647464871504806e-17
MA0468.1,DUX4,0.238,0.04069493521790342,0.01866902237926973,0.022791519434628975,1.1557217939873674,1.6199381796466036e-33,0.8622088396553528,3.746910699599911e-21,7.552961762602289e-33,1.2763449232427095e-20
MA0642.1,EN2,0.388,0.01760895170789164,0.00800942285041225,0.00977620730270907,1.1476836353321493,2.573885686056505e-15,0.8584906831824943,5.481733832510463e-10,6.531016060537934e-15,1.178493786470549e-9
MA1495.1,HOXA1,0.291,0.0076560659599528855,0.003062426383981154,0.004240282685512367,1.3203232228095143,6.204124903507356e-9,0.8529541857813315,5.162959094006242e-5,1.174689639090479e-8,8.282940826083131e-5
MA0142.1,Pou5f1::Sox2,0.308,0.07921083627797408,0.04882214369846879,0.04546525323910483,0.7446713045857555,1.923205671958458e-30,0.852460781821463,3.7892982946045977e-38,8.151769495914828e-30,2.125425960733105e-37
MA0793.1,POU6F2,0.288,0.03191990577149588,0.01760895170789164,0.01802120141342756,0.8782374960001935,1.7706236819613276e-17,0.8443009049258464,1.9633493488879107e-16,4.8561958336145233e-17,5.326031324619569e-16
MA0883.1,Dmbx1,0.392,0.01702002355712603,0.010836277974087162,0.009540636042402828,0.658989562250677,1.3367391031136277e-6,0.844059061134878,1.8409089222980427e-9,2.2612412039064994e-6,3.846829288611596e-9
MA0650.2,HOXA13,0.344,0.046760895170789164,0.03380447585394582,0.026619552414605417,0.4872167620972235,1.3934689216546883e-9,0.8422941639742292,4.044705477720836e-23,2.7573682110196218e-9,1.486379451418593e-22
MA0836.2,CEBPD,0.389,0.024499411071849234,0.013780918727915195,0.013839811542991754,0.844493521978327,5.425761886597767e-13,0.8382682332601562,7.596131533158579e-13,1.2688458831980984e-12,1.8398422479663313e-12
MA1577.1,TLX2,0.209,0.022732626619552415,0.014605418138987044,0.012838633686690224,0.6491704156670092,3.525573800880877e-8,0.8373673055552366,5.215788150097675e-12,6.414824525505205e-8,1.2313221392319196e-11
MA1497.1,HOXA6,0.349,0.01702002355712603,0.008598351001177857,0.009599528857479387,0.9949699461081657,4.72533170705656e-12,0.8351223607579095,2.581273764179089e-9,1.0429282406698799e-11,5.334155756447645e-9
MA0593.1,FOXP2,0.305,0.06643109540636043,0.03680800942285041,0.03839811542991755,0.8963901165554804,2.8329473873775125e-35,0.8330385002575162,2.832039460168592e-31,1.3903807572260687e-34,1.4084676248571797e-30
MA0029.1,Mecom,0.28,0.05435806831566549,0.02791519434628975,0.03133097762073027,1.0004908244826227,5.221917412871388e-35,0.8290391646476751,7.641857620018295e-26,2.5461113660144154e-34,3.0982748828987217e-25
MA0635.1,BARHL2,0.344,0.011366313309776208,0.006065959952885748,0.006419316843345112,0.9104166179240053,1.655588740024932e-7,0.8286035423807792,1.3865052213658091e-6,2.940640952520474e-7,2.462697369378318e-6
MA1152.1,SOX15,0.311,0.08144876325088339,0.0502944640753828,0.04782096584216725,0.7432887959864237,4.064285545215799e-31,0.8197539582703374,1.1624102459548467e-36,1.7835041274888155e-30,6.28375393827765e-36
MA1104.2,GATA6,0.313,0.04776207302709069,0.026442873969375735,0.027738515901060072,0.88421254590401,1.7373346207042681e-25,0.8133546840250404,2.819979547709226e-22,6.26111897123374e-25,9.876548087282077e-22
MA0874.1,Arx,0.327,0.021731448763250883,0.011012956419316842,0.012485276796230859,0.9944043552332005,5.7865726301197735e-15,0.8116828108193742,5.143711921516699e-11,1.458372696645051e-14,1.1592776717376006e-10
MA0833.2,ATF4,0.361,0.02944640753828033,0.015547703180212015,0.01702002355712603,0.9406151500230041,4.436286792461856e-18,0.8081603178047219,2.7711349003284267e-14,1.2728730566063631e-17,6.913935236270924e-14
MA0909.2,HOXD13,0.408,0.032332155477031804,0.021908127208480566,0.01884570082449941,0.5763366503399051,3.70605229548958e-9,0.7977626354023025,3.287918403148006e-15,7.107236535823205e-9,8.667092327732907e-15
MA0606.1,NFAT5,0.333,0.07025912838633687,0.0414605418138987,0.04169611307420495,0.8045347253079496,4.519137152299523e-31,0.7960119883777387,1.5800479716640053e-30,1.971506617318973e-30,7.555870428598384e-30
MA0827.1,OLIG3,0.383,0.018433451118963485,0.009540636042402828,0.01071849234393404,0.9610370387352506,2.771722904623525e-12,0.7918636671156503,3.2324770184596565e-9,6.3039795330766764e-12,6.606651659646311e-9
MA0625.1,NFATC3,0.381,0.05176678445229682,0.032273262661955245,0.030800942285041225,0.7105488474577848,3.139732250132387e-19,0.7800441436372778,2.175585101311763e-22,9.368961034395043e-19,7.728507074183692e-22
MA0152.1,NFATC2,0.346,0.08321554770318021,0.05047114252061249,0.05023557126030624,0.7716909776594144,8.72211290400303e-34,0.7787943624366431,2.614287706809125e-34,4.118162168598899e-33,1.3734215699152163e-33
MA0630.1,SHOX,0.228,0.0287396937573616,0.01802120141342756,0.01696113074204947,0.6883048849032339,6.699209311721071e-11,0.7771771786397578,3.7133177498515827e-13,1.4038230748718873e-10,9.052728893429023e-13
MA0717.1,RAX2,0.252,0.0287396937573616,0.01802120141342756,0.01696113074204947,0.6883048849032339,6.699209311721071e-11,0.7771771786397578,3.7133177498515827e-13,1.4038230748718873e-10,9.052728893429023e-13
MA1115.1,POU5F1,0.304,0.0673733804475854,0.04976442873969376,0.04045936395759717,0.46382556440199335,5.252918249689754e-12,0.7763288632545886,3.402374900713289e-28,1.1559519216131436e-11,1.5018767313207773e-27
MA1489.1,FOXN3,0.259,0.23686690223792697,0.15188457008244993,0.1534746760895171,0.7933213290665868,1.36641297183482e-87,0.7755916055360231,3.930884013966402e-84,1.960277071132261e-86,6.981998748616514e-83
MA0882.1,DLX6,0.235,0.017962308598351,0.011012956419316842,0.01060070671378092,0.71445470386511,9.413227749842923e-8,0.7699476926661404,1.1881477174117374e-8,1.6961999761794253e-7,2.3448629555268678e-8
MA0880.1,Dlx3,0.252,0.01696113074204947,0.01065959952885748,0.010070671378091874,0.6778200254315062,7.459825218975733e-7,0.7604395143679934,4.260440415817424e-8,1.2822648878700225e-6,8.298403525325845e-8
MA0881.1,Dlx4,0.253,0.01696113074204947,0.01065959952885748,0.010070671378091874,0.6778200254315062,7.459825218975733e-7,0.7604395143679934,4.260440415817424e-8,1.2822648878700225e-6,8.298403525325845e-8
MA0877.2,BARHL1,0.365,0.0027090694935217904,0.0022968197879858657,0.0015901060070671379,0.23597428830759384,0.5148976058935142,0.7594168506906156,0.0342234718666758,0.5591173420619527,0.043199170918003627
MA0678.1,OLIG2,0.374,0.0160188457008245,0.008775029446407538,0.009540636042402828,0.8766922771024392,1.695403706577392e-9,0.755283330964839,1.2040100204150832e-7,3.337127084714339e-9,2.2971648982855552e-7
MA1501.1,HOXB7,0.356,0.015724381625441698,0.008244994110718492,0.009363957597173145,0.9398898521527316,2.397545205913815e-10,0.7552749442253387,1.5739221815464337e-7,4.87348426052236e-10,2.980065856430557e-7
MA0078.1,Sox17,0.384,0.03356890459363958,0.019022379269729092,0.020200235571260307,0.8400138719188971,4.6760751203935917e-17,0.7517362576244216,2.536955351628464e-14,1.2548028920192877e-16,6.350901652063202e-14
MA0710.1,NOTO,0.29,0.020259128386336867,0.013074204946996466,0.012131919905771496,0.6412397205447586,2.6367055612108387e-7,0.750280015646831,3.232040957394311e-9,4.6721670989626737e-7,6.606651659646311e-9
MA1479.1,DMRTC2,0.298,0.04204946996466431,0.016725559481743226,0.02561837455830389,1.366147203283665,1.476747990795712e-44,0.7387963173336644,5.1458895024660923e-17,8.884306460754849e-44,1.4486164410715867e-16
MA1103.2,FOXK2,0.33,0.04140164899882214,0.023616018845700824,0.025265017667844523,0.8356717962955567,1.9317451389700108e-20,0.735975122550819,1.1162234949949531e-16,5.930378080953202e-20,3.072703790650314e-16
MA0902.2,HOXB2,0.302,0.012485276796230859,0.0077738515901060075,0.007597173144876325,0.688336996798694,1.7150371454472595e-5,0.721634118214577,7.337024138587944e-6,2.727969531990737e-5,1.2467927123887486e-5
MA0893.2,GSX2,0.316,0.014016489988221437,0.008657243816254417,0.008539458186101296,0.7010945148881188,3.599806828087718e-6,0.7209617136619989,2.0377131336270205e-6,5.9070730817032066e-6,3.5600327814654734e-6
MA0912.2,HOXD3,0.256,0.014016489988221437,0.008657243816254417,0.008539458186101296,0.7010945148881188,3.599806828087718e-6,0.7209617136619989,2.0377131336270205e-6,5.9070730817032066e-6,3.5600327814654734e-6
MA1623.1,Stat2,0.328,0.1670789163722026,0.11113074204946996,0.10865724381625441,0.6819319574547024,2.271382106916789e-50,0.7184058113933138,3.368634343809987e-55,1.5689361590369674e-49,3.1412515256028125e-54
MA0481.3,FOXP1,0.306,0.05453474676089517,0.03604240282685512,0.03392226148409894,0.6250255176663015,2.501958132190122e-16,0.7155842557725572,2.2225051366749597e-20,6.59526772655064e-16,7.271880841927719e-20
MA0035.4,GATA1,0.31,0.027031802120141342,0.014723203769140165,0.016666666666666666,0.8933901437093755,1.853565517368959e-15,0.7120035644443932,6.792970144827283e-11,4.747568401549589e-15,1.5172322539045372e-10
MA1505.1,HOXC8,0.28,0.011778563015312132,0.005889281507656066,0.007243816254416961,1.0049786688795377,6.899839233377334e-9,0.7056960888697302,1.9747493141109334e-5,1.299818199015023e-8,3.2306205884358694e-5
MA0652.1,IRF8,0.45,0.027974087161366314,0.01678445229681979,0.017373380447585393,0.7524670529642639,3.1971539405044026e-12,0.7019352871639558,5.6121516413249145e-11,7.205670210321101e-12,1.2572567941226385e-10
MA0109.1,HLTF,0.397,0.025500588928150766,0.014899882214369846,0.015842167255594817,0.7896548196460805,3.841916601050785e-12,0.6999746830882297,4.2704788670779024e-10,8.581047258634387e-12,9.260980333837544e-10
MA1549.1,POU6F1(var.2),0.328,0.028091872791519434,0.019375736160188457,0.017550058892815076,0.5481023936443878,1.4863084749809815e-7,0.6933332872700876,8.257544251179168e-11,2.646267595073538e-7,1.8333714319582322e-10
MA1603.1,Dmrt1,0.339,0.04134275618374558,0.024617196702002356,0.02603062426383981,0.7722232900883778,5.431652288316713e-18,0.6896813947670133,5.196927314926611e-15,1.5524952517564246e-17,1.3414905802544124e-14
MA1470.1,BACH2(var.2),0.389,0.012131919905771496,0.006183745583038869,0.007597173144876325,0.9775592663200984,9.158618723409058e-9,0.6797969348074108,2.7897995870806393e-5,1.7166657205183813e-8,4.534184078348926e-5
MA0050.2,IRF1,0.357,0.16849234393404006,0.13386336866902238,0.11230859835100118,0.3907196382859646,5.572013992361057e-19,0.67941399229504,2.1287678599351157e-50,1.649493031071964e-18,1.5880608235115964e-49
MA0769.2,TCF7,0.375,0.053769140164899885,0.029976442873969375,0.0342756183745583,0.8781490521594604,4.2906367988222215e-28,0.6785650617051168,1.8987553351074168e-18,1.6846395010112513e-27,5.734702348138189e-18
MA0826.1,OLIG1,0.344,0.014016489988221437,0.0088339222614841,0.0088339222614841,0.6717888480421804,8.196040258330683e-6,0.6717888480421804,8.196040258330683e-6,1.3177254380850625e-5,1.3770824398006058e-5
MA0699.1,LBX2,0.333,0.025206124852767964,0.01713780918727915,0.0160188457008245,0.5676909242836733,2.7315581688957233e-7,0.6665720658571314,2.794950291619686e-9,4.828773445488648e-7,5.75975944074112e-9
MA1420.1,IRF5,0.48,0.019729093050647822,0.012073027090694936,0.01254416961130742,0.7183979326287597,1.8893742670553425e-8,0.6626120916155136,1.681351330749632e-7,3.4974521171793684e-8,3.167394173583903e-7
MA0709.1,Msx3,0.248,0.02120141342756184,0.012779740871613663,0.013545347467608953,0.741343471052297,2.0752333008679874e-9,0.6564728854294555,7.523822307328455e-8,4.063317696712647e-9,1.4616592294966218e-7
MA0676.1,Nr2e1,0.3,0.04729093050647821,0.026972909305064782,0.030683156654888105,0.8398196086204684,3.0134527491405525e-23,0.6485626047575104,2.6558650233502726e-15,1.0172107469949558e-22,7.0390066950658105e-15
MA0047.3,FOXA2,0.297,0.05,0.03468786808009423,0.03250883392226148,0.5501894220790049,2.609987873224865e-12,0.6469596494592613,5.261926827963478e-16,5.954284261240823e-12,1.4171109796609222e-15
MA0517.1,STAT1::STAT2,0.373,0.09952885747938751,0.07850412249705536,0.06595995288574794,0.375528783965011,1.114592861971924e-11,0.646110036237909,2.5061477653861935e-29,2.4241582362421438e-11,1.1612336850795654e-28
MA0817.1,BHLHE23,0.345,0.015842167255594817,0.010011778563015312,0.010188457008244995,0.669034936048602,2.2833210885643095e-6,0.6436135263184083,4.992246657391182e-6,3.819187291634473e-6,8.541779831224362e-6
MA1421.1,TCF7L1,0.354,0.06283863368669022,0.03604240282685512,0.04122497055359246,0.8421252651988606,2.914965036056666e-30,0.6406729462783992,2.8840621821451347e-19,1.2216651218529622e-29,9.078102902448398e-19
MA0768.1,LEF1,0.356,0.06949352179034157,0.039458186101295645,0.045759717314487636,0.8619196004254841,1.8020814857577741e-34,0.6388187214415149,5.8824678083532936e-21,8.673243795969673e-34,1.9678569439603395e-20
MA0072.1,RORA(var.2),0.369,0.028798586572438164,0.018374558303886925,0.01872791519434629,0.6628543255101654,2.652342168310868e-10,0.634897736224524,1.2146462318748798e-9,5.376758852064966e-10,2.559678217453843e-9
MA0461.2,Atoh1,0.413,0.015429917550058892,0.00977620730270907,0.010011778563015312,0.6650557114293177,3.4943180194851754e-6,0.6304629060449858,9.785319437055987e-6,5.7799584091706e-6,1.6367372870053285e-5
MA1518.1,LHX1,0.324,0.012073027090694936,0.0076560659599528855,0.007832744405182567,0.6615242206985312,4.5271179723923644e-5,0.6284774106841852,9.833639372775942e-5,6.949032937046715e-5,1.5411544059014396e-4
MA1124.1,ZNF24,0.324,0.05182567726737338,0.03515901060070671,0.03415783274440518,0.5845223913452005,5.298251342939439e-14,0.6276612439054168,1.0089086671850772e-15,1.2916651966773927e-13,2.6976554326884145e-15
MA1580.1,ZBTB32,0.345,0.026501766784452298,0.015017667844522967,0.017314487632508833,0.8351227923358431,1.0895424444806822e-13,0.626810489898666,8.122670228579974e-9,2.6304163869986697e-13,1.6289010727206076e-8
MA0030.1,FOXF2,0.341,0.03975265017667844,0.023321554770318022,0.026148409893992933,0.7931117398339733,3.977939909414559e-18,0.6240675852804731,2.291717679766807e-12,1.1502105319470004e-17,5.4971748845853315e-12
MA0852.2,FOXK1,0.387,0.04122497055359246,0.02868080094228504,0.027149587750294465,0.5417354021413161,3.3940199305223004e-10,0.623079416037946,9.93607102819223e-13,6.806287280025903e-10,2.398805497421166e-12
MA0620.3,MITF,0.477,0.01336866902237927,0.00977620730270907,0.008716136631330978,0.4555877244474102,0.0022920482248472043,0.622190556369721,4.821706165271234e-5,0.003125901235349204,7.752139653647285e-5
MA0838.1,CEBPG,0.426,0.006065959952885748,0.003474676089517079,0.003945818610129564,0.8024254365452147,6.615890672477201e-4,0.6197453766730419,0.006946544560130771,9.329781553247621e-4,0.009439202626334344
MA0692.1,TFEB,0.555,0.01513545347467609,0.010365135453474675,0.009893992932862191,0.5518750508551032,1.0464182756908767e-4,0.6194812931835889,1.631426790203277e-5,1.5675261720188635e-4,2.704543078870321e-5
MA1657.1,ZNF652,0.331,0.03333333333333333,0.022614840989399292,0.022025912838633685,0.5750005798398226,2.321226095004824e-9,0.6138874742418591,2.3170588881625878e-10,4.533075044171724e-9,5.054169387629504e-10
MA0027.2,EN1,0.253,0.012485276796230859,0.007832744405182567,0.008186101295641932,0.6774039845141404,2.2553009004588303e-5,0.6134647173270701,1.0627807890519598e-4,3.564522185894677e-5,1.6551867821143257e-4
MA0907.1,HOXC13,0.353,0.020906949352179034,0.013074204946996466,0.013780918727915195,0.6875395182540814,2.6072140657995904e-8,0.6107235132232116,5.601277503622599e-7,4.767111992859055e-8,1.0191592726103558e-6
MA0083.3,SRF,0.419,0.01696113074204947,0.010895170789163721,0.011189634864546525,0.6460268368620676,2.131840372172472e-6,0.6072254734820913,7.366541879999876e-6,3.5738267812149753e-6,1.2489636914727063e-5
MA0894.1,HESX1,0.274,0.016431095406360424,0.009069493521790341,0.010895170789163721,0.8659988844317523,1.5606138651454752e-9,0.5995261610236985,1.2946139062114384e-5,3.079941649202446e-9,2.1557633348967256e-5
MA1562.1,SOX14,0.412,0.021613663133097764,0.011307420494699646,0.014428739693757362,0.9480030990489238,7.390891831053578e-14,0.5925768390808673,7.376818796687705e-7,1.7959626403797948e-13,1.3389554312236078e-6
MA0837.1,CEBPE,0.412,0.005241460541813898,0.0033568904593639574,0.003474676089517079,0.6410562456213493,0.009897135993005452,0.5915580271218592,0.01660428406017046,0.012885276528415476,0.021655237602949583
MA0051.1,IRF2,0.412,0.040282685512367494,0.028798586572438164,0.027090694935217905,0.5009021580421936,7.59320171953958e-9,0.591544586318157,1.726991642593187e-11,1.426833370976455e-8,3.988655620354543e-11
MA0479.1,FOXH1,0.401,0.03209658421672556,0.021849234393404006,0.021672555948174323,0.569410283237664,6.201132927156132e-9,0.5813684300441686,3.1769542999286664e-9,1.174689639090479e-8,6.5289474042611166e-9
MA0668.1,NEUROD2,0.478,0.011307420494699646,0.008244994110718492,0.007597173144876325,0.45874995275271147,0.004838460128593881,0.5773100276718425,4.885997878455538e-4,0.006399807191367085,7.304517870396456e-4
MA0523.1,TCF7L2,0.398,0.0607773851590106,0.039517078916372204,0.04210836277974087,0.6529742899750955,2.642168385812804e-19,0.5575125399956518,7.104118060375579e-15,7.915894039423099e-19,1.8211931522474854e-14
MA0495.3,MAFF,0.383,0.04464075382803298,0.02756183745583039,0.031036513545347467,0.7206625280389019,3.048824370417885e-17,0.5443764283333294,5.463409780815494e-11,8.210913286396181e-17,1.2276215953278187e-10
MA0890.1,GBX2,0.3,0.018080094228504123,0.011130742049469965,0.01254416961130742,0.7085626974425522,1.0604647054990311e-7,0.5344609647512042,3.785852381518885e-5,1.9016987266881666e-7,6.113086313015343e-5
MA0122.3,Nkx3-2,0.336,0.03510011778563015,0.02603062426383981,0.024617196702002356,0.4443414270493411,1.3561265774731418e-6,0.5268833223707055,1.5407442618344072e-8,2.2888471194456193e-6,3.032705064191208e-8
MA0818.1,BHLHE22,0.397,0.011425206124852767,0.008186101295641932,0.007950530035335688,0.4842242134829885,0.002886487921114281,0.5265390956595944,0.0012784529579136365,0.003872877678329593,0.0018411697038679012
MA0629.1,Rhox11,0.431,0.01625441696113074,0.011189634864546525,0.011366313309776208,0.5448968748092735,7.034314242509615e-5,0.5220965132500798,1.3245547493506108e-4,1.060120893921651e-4,2.05429904992839e-4
MA0610.1,DMRT3,0.344,0.03256772673733804,0.0160188457008245,0.022968197879858657,1.0467963667407192,2.1800134817356584e-23,0.517505193017185,8.197267644113386e-8,7.425981997145211e-23,1.5883536785736586e-7
MA1570.1,TFAP4(var.2),0.436,0.02685512367491166,0.01878680800942285,0.019022379269729092,0.5267105992246811,7.270316394527723e-7,0.5084144224175136,1.623543878992896e-6,1.2554759329439077e-6,2.870056241063271e-6
MA1683.1,FOXA3,0.319,0.04069493521790342,0.032037691401649,0.028975265017667843,0.35775800408096486,2.2684868692789287e-5,0.5071233644147398,4.289983647186006e-9,3.577782673323638e-5,8.720239239239129e-9
MA0466.2,CEBPB,0.416,0.005771495877502945,0.003769140164899882,0.004063604240282685,0.6137271142822909,0.009142966279730096,0.505586817423271,0.02954947350251622,0.011924218259927712,0.03748963815115153
MA1534.1,NR1I3,0.341,0.03197879858657244,0.02149587750294464,0.022732626619552415,0.5879474424857205,2.3411588154339803e-9,0.5055258876962833,1.979961611982846e-7,4.560063906824411e-9,3.720532399343081e-7
MA0770.1,HSF2,0.364,0.0326266195524146,0.0212603062426384,0.0232037691401649,0.6340436747844638,1.0652675992410433e-10,0.5051465307853825,1.5265947502612678e-7,2.2136201365844522e-10,2.8978108999870375e-7
MA0042.2,FOXI1,0.268,0.03392226148409894,0.022497055359246173,0.024146054181389872,0.6088221097567648,2.2101518130310724e-10,0.5044638991339819,9.070013847719144e-8,4.5048449522436607e-10,1.7349308539483286e-7
MA0033.2,FOXL1,0.225,0.03392226148409894,0.022497055359246173,0.024146054181389872,0.6088221097567648,2.2101518130310724e-10,0.5044638991339819,9.070013847719144e-8,4.5048449522436607e-10,1.7349308539483286e-7
MA0848.1,FOXO4,0.269,0.03392226148409894,0.022497055359246173,0.024146054181389872,0.6088221097567648,2.2101518130310724e-10,0.5044638991339819,9.070013847719144e-8,4.5048449522436607e-10,1.7349308539483286e-7
MA0849.1,FOXO6,0.279,0.03392226148409894,0.022497055359246173,0.024146054181389872,0.6088221097567648,2.2101518130310724e-10,0.5044638991339819,9.070013847719144e-8,4.5048449522436607e-10,1.7349308539483286e-7
MA0850.1,FOXP3,0.292,0.03392226148409894,0.022497055359246173,0.024146054181389872,0.6088221097567648,2.2101518130310724e-10,0.5044638991339819,9.070013847719144e-8,4.5048449522436607e-10,1.7349308539483286e-7
MA1418.1,IRF3,0.459,0.06313309776207303,0.05288574793875147,0.04540636042402827,0.2710811160648426,5.863186811162521e-5,0.5022813643331443,5.992270209387509e-13,8.93799975409533e-5,1.4561021420856943e-12
MA0914.1,ISL2,0.354,0.018610129564193167,0.013074204946996466,0.013250883392226149,0.5165151557298537,5.0986750641368903e-5,0.4969347731259755,9.269789583833297e-5,7.794286061160083e-5,1.4589162509577298e-4
MA0442.2,SOX10,0.39,0.06478209658421673,0.04240282685512368,0.04705535924617197,0.6452040930912251,5.0321488127070463e-20,0.488078219302359,1.25668034942901e-12,1.5322379650120232e-19,3.0241404537872302e-12
MA0480.1,Foxo1,0.365,0.05624263839811543,0.03839811542991755,0.04081272084805654,0.5773008668590095,9.94741880393741e-15,0.48575579941964614,3.998962270602798e-11,2.4818643571027786e-14,9.095200773992949e-11
MA0875.1,BARX1,0.302,0.01419316843345112,0.009717314487632508,0.010188457008244995,0.5517272133099603,1.7366550770622137e-4,0.4829362398319959,9.012035208820598e-4,2.5654350247295276e-4,0.0013156513240274298
MA0611.1,Dux,0.338,0.028798586572438164,0.01790341578327444,0.020789163722025914,0.7009605384982248,3.124997639737007e-11,0.48144728928355324,2.3507433551786135e-6,6.718294637590223e-11,4.087772827420153e-6
MA0623.2,NEUROG1,0.407,0.013309776207302709,0.009422850412249705,0.009599528857479387,0.5026097109489421,8.544645054120304e-4,0.475635039489499,0.001536531630429912,0.0011959296829969505,0.002195886199809798
MA0666.1,MSX1,0.288,0.016607773851590107,0.011955241460541813,0.012014134275618375,0.4800313166620314,3.5101544320716377e-4,0.47287327555395414,4.238286831506343e-4,5.026056058206222e-4,6.37452011351559e-4
MA0708.1,MSX2,0.267,0.016607773851590107,0.011955241460541813,0.012014134275618375,0.4800313166620314,3.5101544320716377e-4,0.47287327555395414,4.238286831506343e-4,5.026056058206222e-4,6.37452011351559e-4
MA0876.1,BSX,0.312,0.016607773851590107,0.011955241460541813,0.012014134275618375,0.4800313166620314,3.5101544320716377e-4,0.47287327555395414,4.238286831506343e-4,5.026056058206222e-4,6.37452011351559e-4
MA0077.1,SOX9,0.358,0.030565371024734982,0.01678445229681979,0.02237926972909305,0.8839965011080996,5.565264853204603e-17,0.46135818840239934,2.9640443205709724e-6,1.4880600646919836e-16,5.118465423948948e-6
MA0868.2,SOX8,0.353,0.038044758539458184,0.020553592461719672,0.028091872791519434,0.9133539115564674,8.466359073190957e-22,0.45199936065399354,3.2702404064015417e-7,2.6876186674895547e-21,6.023702081914938e-7
MA0525.2,TP63,0.441,0.012661955241460542,0.00895170789163722,0.009305064782096584,0.5042897056485387,0.0011101679050403454,0.4481016406129676,0.0034953318229896295,0.0015451217484330182,0.0048198106098895814
MA1588.1,ZNF136,0.4,0.03209658421672556,0.02232037691401649,0.023792697290930507,0.5379775639146557,3.440376879491438e-8,0.44376357227549373,3.888419645462108e-6,6.275112841321792e-8,6.6837812339049135e-6
MA0888.1,EVX2,0.344,0.010129564193168433,0.006007067137809187,0.007479387514723204,0.756968165534098,2.5931252684750375e-5,0.4399563612871751,0.010474362315477659,4.072571474278691e-5,0.014003358937896655
MA0895.1,HMBOX1,0.357,0.015253239104829211,0.010482921083627797,0.011366313309776208,0.5467820981264221,1.1255168320442988e-4,0.4290841018698894,0.0020519360320711286,1.679271113410094e-4,0.002893656483790287
MA0804.1,TBX19,0.432,0.0143698468786808,0.009893992932862191,0.01071849234393404,0.5436222838371935,1.9367524843526954e-4,0.42727255877834325,0.002895153979143331,2.832975202602178e-4,0.004021945751286639
MA0031.1,FOXD1,0.275,0.02597173144876325,0.017962308598351,0.019493521790341577,0.5430554562674244,5.418711598070291e-7,0.4229677984612503,7.05455701039991e-5,9.379022858840921e-7,1.11497871393185e-4
MA0157.2,FOXO3,0.264,0.02597173144876325,0.017962308598351,0.019493521790341577,0.5430554562674244,5.418711598070291e-7,0.4229677984612503,7.05455701039991e-5,9.379022858840921e-7,1.11497871393185e-4
MA0887.1,EVX1,0.346,0.009893992932862191,0.005653710247349823,0.007420494699646643,0.8103129337539002,1.0224056506998439e-5,0.41721076826322395,0.016181453886354377,1.63672664253666e-5,0.021140743606340395
MA0724.1,VENTX,0.317,0.00901060070671378,0.00530035335689046,0.006772673733804476,0.7676401376774185,6.014334235961105e-5,0.41360003686888386,0.02308621126520864,9.119295406558912e-5,0.0297449285040512
MA0019.1,Ddit3::Cebpa,0.483,0.023027090694935217,0.013133097762073028,0.017432273262661956,0.8232740051770533,7.769481911419955e-12,0.4092182505475284,2.8528279438405136e-4,1.6997165706508168e-11,4.3344391977699046e-4
MA0108.2,TBP,0.377,0.021908127208480566,0.016666666666666666,0.016725559481743226,0.40160202273528506,5.073998792202398e-4,0.3964357009245452,5.934071389506173e-4,7.223670036227078e-4,8.783367572562709e-4
MA1112.2,NR4A1,0.402,0.04823321554770318,0.031448763250883395,0.037161366313309775,0.6417734908883573,2.6310822909688834e-15,0.39264662584636495,5.018167572102989e-7,6.653516573094194e-15,9.175375021541249e-7
MA0867.2,SOX4,0.404,0.05129564193168434,0.037926972909305065,0.039693757361601884,0.45550751637403525,2.670612538839991e-9,0.387217661826815,3.217730685403046e-7,5.174745334999048e-9,5.941651216115526e-7
MA0669.1,NEUROG2,0.399,0.01878680800942285,0.010895170789163721,0.014428739693757362,0.7959532000267678,1.9396892481443114e-9,0.3864862717694479,0.001912220821397696,3.807916260830674e-9,0.0027017362362929567
MA0492.1,JUND(var.2),0.393,0.024558303886925797,0.019316843345111898,0.018904593639575973,0.3536140509020691,0.0011008295314378408,0.3852950038673247,4.0005578480767796e-4,0.0015349884681357556,6.053582463824092e-4
MA0511.2,RUNX2,0.502,0.011660777385159011,0.00895170789163722,0.00895170789163722,0.3842787107708152,0.015495320440130855,0.3842787107708152,0.015495320440130855,0.019793679877290443,0.02035124832453806
MA0137.3,STAT1,0.415,0.0447585394581861,0.030565371024734982,0.03480565371024735,0.5711020098163687,6.8844485759683965e-12,0.3775236301197362,3.0127648876362996e-6,1.510529011080125e-11,5.1905833860893285e-6
MA1155.1,ZSCAN4,0.476,0.07143698468786808,0.04946996466431095,0.05624263839811543,0.5635857217842672,2.0337166029969474e-17,0.3682617669922389,1.1248810891502004e-8,5.557335479251731e-17,2.2258920225624658e-8
MA1110.1,NR1H4,0.457,0.019375736160188457,0.015606595995288575,0.01513545347467609,0.3171009702449843,0.009057252836247951,0.3619307043433893,0.003058588669933723,0.0118331184165341,0.004241091352733378
MA0633.1,Twist2,0.423,0.027385159010600707,0.018080094228504123,0.02143698468786808,0.6119310879535432,9.760199429745278e-9,0.3616582394138737,4.3126882480383336e-4,1.824839291877187e-8,6.473371092628968e-4
MA0143.4,SOX2,0.377,0.03651354534746761,0.023616018845700824,0.02868080094228504,0.6472148819499677,3.5798131724030464e-12,0.3597097298277405,5.390986687800226e-5,8.019641521359377e-12,8.61172605802777e-5
MA0038.2,GFI1,0.443,0.02685512367491166,0.018138987043580683,0.021083627797408716,0.5782082007406126,6.85236003232941e-8,0.35717249977979215,5.710602139841254e-4,1.2407428602227523e-7,8.4694019807586e-4
MA1498.1,HOXA7,0.321,0.009187279151943463,0.005653710247349823,0.0071849234393404,0.7026976365278715,1.7929373551094332e-4,0.3562934542026474,0.046690737704514644,2.6329355647866876e-4,0.05747737677816489
MA1502.1,HOXB8,0.302,0.009187279151943463,0.005653710247349823,0.0071849234393404,0.7026976365278715,1.7929373551094332e-4,0.3562934542026474,0.046690737704514644,2.6329355647866876e-4,0.05747737677816489
MA0910.2,HOXD8,0.316,0.009187279151943463,0.005653710247349823,0.0071849234393404,0.7026976365278715,1.7929373551094332e-4,0.3562934542026474,0.046690737704514644,2.6329355647866876e-4,0.05747737677816489
MA0667.1,MYF6,0.406,0.025323910482921083,0.018138987043580683,0.019964664310954065,0.49133839500648,6.399353277789961e-6,0.35051233907750273,0.0010154749811292824,1.0400691819676059e-5,0.00147669461193459
MA1468.1,ATOH7,0.452,0.023674911660777384,0.013486454652532391,0.01872791519434629,0.825471436279937,3.5508529492123048e-12,0.34498680639503293,0.0017504129566663193,7.978723795519215e-12,0.0024920001253302946
MA0731.1,BCL6B,0.381,0.035512367491166076,0.024440518256772674,0.028209658421672557,0.5549718946081753,2.4197153681501233e-9,0.34270497971839964,1.4235126844586564e-4,4.700801209999979e-9,2.2031959805107005e-4
MA0486.2,HSF1,0.372,0.02508833922261484,0.0199057714958775,0.0199057714958775,0.3410386387113876,0.001439513407525774,0.3410386387113876,0.001439513407525774,0.0019923506530876204,0.002061184264902548
MA0862.1,GMEB2,0.413,0.0019434628975265019,0.0017078916372202592,0.001531213191990577,0.1837866101475456,0.7032772278603048,0.3387645040162025,0.4345918511539779,0.7441770382748757,0.46850508809373914
MA0069.1,PAX6,0.432,0.012956419316843345,0.009128386336866903,0.010306242638398116,0.5094482649544859,8.663488177162043e-4,0.33317590361409044,0.02583434313785374,0.0012102925431016636,0.03294430765955366
MA0520.1,Stat6,0.406,0.04628975265017668,0.030918727915194347,0.03745583038869258,0.6048219387649129,2.034420304235513e-13,0.31858756926041504,5.34465857514192e-5,4.864351112050297e-13,8.556041409991143e-5
MA1120.1,SOX13,0.409,0.03515901060070671,0.02420494699646643,0.0284452296819788,0.5543327587842928,3.0063737101402638e-9,0.31542664892300826,4.699211759258541e-4,5.7802958447542186e-9,7.03938147069653e-4
MA0647.1,GRHL1,0.397,0.012897526501766784,0.0077738515901060075,0.010424028268551237,0.7356974732053759,3.543452307746355e-6,0.31001241556590703,0.03809284832609822,5.848264207032701e-6,0.04776010899372987
MA0631.1,Six3,0.407,0.016372202591283865,0.013604240282685512,0.013250883392226149,0.27071910463695625,0.0398383241297979,0.30912057380986796,0.019407533543581785,0.04936775714423461,0.02522303139984671
MA1592.1,ZNF274,0.49,0.03380447585394582,0.027385159010600707,0.02762073027090695,0.3130788709504938,6.598615383320814e-4,0.300385422521921,0.0010631008923753808,9.323043704464634e-4,0.0015429440967160196
MA0482.2,GATA4,0.374,0.031507656065959955,0.024146054181389872,0.025795053003533568,0.3944286164674544,4.1954901372863615e-5,0.2967941401080326,0.0017786898125673046,6.466602566974433e-5,0.0025274335241432556
MA1151.1,RORC,0.419,0.020318021201413426,0.01678445229681979,0.016725559481743226,0.28038903636760465,0.01759028252719866,0.28553753904541085,0.01567835681476728,0.02231692307022143,0.020555455507585925
MA0776.1,MYBL1,0.477,0.003297997644287397,0.0021790341578327445,0.0027090694935217904,0.5929789803551478,0.06103174035895899,0.281872329506652,0.3722232130537019,0.0740319972484283,0.405370097719798
MA1118.1,SIX1,0.411,0.027444051825677267,0.01955241460541814,0.022850412249705535,0.5001816487403098,1.7983204125038124e-6,0.2707604660365242,0.007581210935280096,3.0283228616881356e-6,0.010227094679419442
MA0659.2,MAFG,0.403,0.0392226148409894,0.029917550058892815,0.03280329799764429,0.40426185500480377,3.013891412682744e-6,0.2672399088499913,0.0016485943319389411,5.018667397011891e-6,0.0023515322593239962
MA0145.3,TFCP2,0.457,0.007597173144876325,0.005005889281507656,0.0063604240282685515,0.602717803071151,0.003100676964563903,0.2570537934566743,0.19222969944154522,0.004152791769415927,0.2213014749743715
MA0483.1,Gfi1b,0.415,0.04717314487632509,0.03851590106007067,0.039811542991755,0.30535784951174805,9.031828345885091e-5,0.25571576129378115,9.64354410655043e-4,1.355682886525207e-4,0.0014050945123997307
MA0762.1,ETV2,0.469,0.015076560659599529,0.013780918727915195,0.012661955241460542,0.13126742817131495,0.3392802909698868,0.254803385674578,0.06333954410458778,0.3800346802755789,0.07733436972507772
MA1632.1,ATF2,0.414,0.023910482921083626,0.019022379269729092,0.020141342756183747,0.3366961842195285,0.002119092908284881,0.25271139174039736,0.019784783688209465,0.0029006299258358187,0.02562404276285462
MA1624.1,Stat5a,0.398,0.047585394581861014,0.032037691401649,0.040400471142520614,0.5936761352202052,2.4535209341970917e-13,0.24683042394358293,0.0013590702467192145,5.810560688606446e-13,0.001953499815130123
MA0514.1,Sox3,0.401,0.0765017667844523,0.06625441696113074,0.06531213191990577,0.2233103845041684,2.6459949711691634e-4,0.24542188282369248,6.398978214700729e-5,3.8402962032922097e-4,1.0178332085643376e-4
MA0009.2,TBXT,0.468,0.012720848056537103,0.00983510011778563,0.0107773851590106,0.3744165498583169,0.01353716749453583,0.2414240366521172,0.10695676675620823,0.01735176452048751,0.12683516937578693
MA1150.1,RORB,0.422,0.02131919905771496,0.020023557126030624,0.018197879858657243,0.09223481083103732,0.42319980127227697,0.23263533166401912,0.042527335389301126,0.467714150739435,0.0528756536673644
MA0515.1,Sox6,0.401,0.05035335689045936,0.04151943462897526,0.04328621908127209,0.29147974245823494,1.1116784442214062e-4,0.228738765925844,0.002228390031109594,1.661948135048435e-4,0.0031365640815240697
MA1647.1,PRDM4,0.429,0.04964664310954064,0.04016489988221437,0.042697290930506476,0.3198811219477989,2.718249850696393e-5,0.22792329099631842,0.002473535669455059,4.260114261805692e-5,0.0034685293410027704
MA0687.1,SPIC,0.411,0.04776207302709069,0.046643109540636045,0.041107184923439344,0.03587440570002502,0.6451119762491592,0.22637813792713568,0.0031714489278822184,0.688488604122851,0.004381297963333583
MA0067.1,Pax2,0.516,0.0038280329799764428,0.002591283863368669,0.003297997644287397,0.5594795150201265,0.05452061079828099,0.2140114301195523,0.4664103184673456,0.06667602566478298,0.5006361116210645
MA0842.2,NRL,0.431,0.02061248527679623,0.014899882214369846,0.01784452296819788,0.4758189969891103,7.739444608567987e-5,0.21178942480824328,0.06903445647947846,1.1640374350789755e-4,0.08401256857045829
MA1524.1,MSGN1,0.499,0.01690223792697291,0.014016489988221437,0.014664310954063604,0.2738011924946608,0.034652091296103776,0.20780246571050004,0.10711281059885491,0.0430841001781557,0.12683516937578693
MA1480.1,DPRX,0.399,0.013309776207302709,0.00983510011778563,0.01154299175500589,0.4404213974479972,0.00320358576938599,0.20756266523147748,0.15536622762103527,0.004275268307624237,0.17969489272138345
MA1594.1,ZNF382,0.489,0.027502944640753826,0.021967020023557125,0.023910482921083626,0.3320471077019604,0.001145215772917582,0.20703043346858502,0.039598656081899886,0.0015909328986899742,0.04939899236972795
MA0600.2,RFX2,0.508,0.011484098939929329,0.010954063604240283,0.010011778563015312,0.06876630973102468,0.6802679464743983,0.1995439919097739,0.206520740472184,0.7218775079230457,0.2352129349499989
MA0037.3,GATA3,0.326,0.026914016489988223,0.02308598351001178,0.023557126030624265,0.22674321708705306,0.02606265048552682,0.1969377039162904,0.05262070582558585,0.03262204238624666,0.06456422129257738
MA1544.1,OVOL1,0.408,0.0018256772673733805,0.001177856301531213,0.0015901060070671379,0.6206639050809728,0.16046516811250258,0.19626063885708633,0.6937543660643843,0.1897100085767463,0.7188066070611538
MA0018.4,CREB1,0.424,0.024558303886925797,0.020906949352179034,0.021613663133097764,0.2373168089785438,0.026301708142833655,0.1883804304213419,0.07657058142059074,0.0328111609942373,0.09228053915954877
MA0604.1,Atf1,0.476,0.002414605418138987,0.0020023557126030624,0.0021201413427561835,0.26711102399505987,0.48820064842706123,0.1856406471839895,0.6484177373810588,0.5355848290096878,0.6758311159575664
MA0036.3,GATA2,0.345,0.026619552414605417,0.02432273262661955,0.0234982332155477,0.1334305795891162,0.19056821128515786,0.18434100861218547,0.07096835938206762,0.22247869423901057,0.08594544821269878
MA0467.1,Crx,0.404,0.02067137809187279,0.022143698468786808,0.018315665488810366,-0.10129568669196959,0.3682399881692422,0.1777585658330601,0.12576435945507383,0.4112380706201418,0.1482151850765957
MA1126.1,FOS::JUN(var.2),0.449,0.011896348645465253,0.009246171967020024,0.01060070671378092,0.36643421340360943,0.01944040556933365,0.16781349617686875,0.27988139403874035,0.024456226905097644,0.3111647093187784
MA0800.1,EOMES,0.43,0.023910482921083626,0.021672555948174323,0.02143698468786808,0.14489458301236643,0.17847376834354586,0.16098772174730075,0.13497474066400073,0.20934187293126608,0.15856875044936147
MA1146.1,NR1H4::RXRA,0.523,0.014723203769140165,0.012014134275618375,0.013191990577149587,0.29667096320049896,0.0333738840485298,0.16033543549294244,0.24749600971651306,0.04156413606043945,0.2776421402233365
MA0795.1,SMAD3,0.471,0.011307420494699646,0.008716136631330978,0.010188457008244995,0.37817164386982405,0.01896045171713312,0.1515545968329875,0.3435140154507928,0.02393315902027294,0.37685508165631093
MA0518.1,Stat4,0.446,0.04770318021201413,0.039634864546525324,0.043580683156654886,0.27930558021830293,3.0203629044555833e-4,0.1365442116606399,0.07277867166783997,4.366648695201289e-4,0.08785257130130844
MA1618.1,Ptf1a,0.465,0.04204946996466431,0.03586572438162544,0.03845700824499411,0.23859043658763604,0.0035238379318814086,0.1341468182678648,0.09758991862195002,0.004685887873767435,0.11704514355622944
MA1143.1,FOSL1::JUND(var.2),0.443,0.007361601884570083,0.006419316843345112,0.006713780918727915,0.19812531591012056,0.3251334083853826,0.1332809701722342,0.5163358158521895,0.3658363840957699,0.5510536747149262
MA0799.1,RFX4,0.492,0.013074204946996466,0.012956419316843345,0.011955241460541813,0.013198844745369878,0.9618206934842659,0.13041127493136762,0.3796156529100867,0.9788789049648873,0.412818188150036
MA0498.2,MEIS1,0.454,0.027267373380447584,0.02314487632508834,0.024970553592461718,0.24230682399832537,0.016861673202445873,0.13020716353730788,0.1960149116120741,0.021428974802426955,0.22531143923360133
MA1129.1,FOSL1::JUN(var.2),0.426,0.0063604240282685515,0.005477031802120141,0.005830388692579506,0.21593878837659247,0.3219743421754047,0.1256959580924345,0.5771267920159516,0.3628290925420724,0.6098251938298865
MA0655.1,JDP2,0.361,0.020848056537102474,0.015017667844522967,0.019140164899882215,0.4810271737049853,5.937207781027011e-5,0.12564224588952494,0.2777135393400891,9.020686363841446e-5,0.3096775789950769
MA0002.2,RUNX1,0.502,0.04782096584216725,0.04093050647820966,0.04405182567726737,0.23471947063131463,0.00222800471403765,0.12406486421482518,0.102438469834292,0.0030441236569085845,0.12199393083112171
MA1119.1,SIX2,0.426,0.03215547703180212,0.02491166077738516,0.029681978798586573,0.3786168197554861,6.858190657408264e-5,0.11904947411873908,0.1986609260555518,1.0356700871308835e-4,0.22730222521080007
MA1105.2,GRHL2,0.414,0.027738515901060072,0.023027090694935217,0.02561837455830389,0.2752194401216428,0.006387857201891043,0.11772751415498715,0.23853152489561524,0.008374941076644497,0.26920501901986227
MA0802.1,TBR1,0.427,0.023851590106007067,0.019846878680800942,0.022025912838633685,0.2707208754361909,0.012833518383730366,0.11743184757452098,0.27684865296496275,0.016535068591127553,0.3091752920836261
MA0809.2,TEAD4,0.441,0.02921083627797409,0.02762073027090695,0.027031802120141342,0.08302962029392617,0.39582489602798143,0.11496340382904742,0.2373229260913603,0.4394127566024913,0.2686538738454549
MA0771.1,HSF4,0.418,0.023557126030624265,0.019375736160188457,0.021790341578327443,0.2876884081033917,0.00872707116335245,0.11493668799193914,0.2904415380777221,0.011421745768177068,0.3219455979286489
MA0140.2,GATA1::TAL1,0.444,0.022025912838633685,0.017550058892815076,0.02037691401648999,0.3338222493350196,0.0034458721809996163,0.11454082693937463,0.3091183772844314,0.004590394012545917,0.3411276767073755
MA0684.2,RUNX3,0.437,0.029681978798586573,0.027149587750294465,0.027502944640753826,0.13228383008446282,0.17013968450903066,0.11312402066325548,0.24111292608614535,0.20082943772743178,0.27129750054338525
MA0752.1,ZNF410,0.381,0.027267373380447584,0.02037691401648999,0.025265017667844523,0.4298971441008232,3.559556377366492e-5,0.11287783173783858,0.26282028039354627,5.50918891600706e-5,0.29438687514382844
MA0605.2,ATF3,0.496,0.00977620730270907,0.009246171967020024,0.009069493521790341,0.0809423479513493,0.6547502146590871,0.10894457974980393,0.536747971974953,0.6977766573366843,0.568769868030277
MA0488.1,JUN,0.38,0.025736160188457008,0.022968197879858657,0.02402826855123675,0.16805334673305702,0.10530350460914421,0.1014737030914952,0.3293436818721411,0.12609376314353385,0.3623752015879311
MA0840.1,Creb5,0.43,0.0088339222614841,0.008244994110718492,0.008244994110718492,0.10005029282418833,0.5956538247301241,0.10005029282418833,0.5956538247301241,0.6393636737390972,0.6276239452664867
MA1616.1,Prdm15,0.488,0.03833922261484099,0.03828032979976443,0.03598351001177856,0.0023044681480330303,1,0.0949423188933401,0.2632118575347635,1,0.29438687514382844
MA0090.3,TEAD1,0.463,0.027974087161366314,0.02785630153121319,0.026266195524146056,0.0062557186566685515,0.9737233985196344,0.09331774243000719,0.3495860390715815,0.9856141862898878,0.3829532821547721
MA0106.3,TP53,0.528,0.01342756183745583,0.012661955241460542,0.012603062426383982,0.08562539833020971,0.5660884212288518,0.09242166877108711,0.5337181736614327,0.6102629512091379,0.5663638087502544
MA0071.1,RORA,0.424,0.031448763250883395,0.02791519434628975,0.029681978798586573,0.17703551275598364,0.059172384612461784,0.08596489607339337,0.3606190494694575,0.07201076496067943,0.3944601332906382
MA1554.1,RFX7,0.532,0.009422850412249705,0.009658421672555949,0.008892815076560659,-0.035857407592262164,0.8670347150514187,0.08402722761236019,0.648652920945868,0.8946167322660559,0.6758311159575664
MA0861.1,TP73,0.49,0.012073027090694936,0.012249705535924617,0.011425206124852767,-0.021167013200097878,0.9211397560744897,0.08031393001412643,0.6146013576397138,0.9413291205911908,0.6448559954982088
MA0831.2,TFE3,0.57,0.012131919905771496,0.013015312131919905,0.011484098939929329,-0.10245557301060333,0.49540491262600866,0.07991892178897578,0.6154746106291975,0.5418945231950182,0.6448652521480075
MA0766.2,GATA5,0.385,0.019199057714958775,0.01519434628975265,0.018197879858657243,0.34279721430329885,0.005121799895563026,0.07861545521354621,0.5215788878929734,0.006762588888654899,0.5558540719545115
MA0777.1,MYBL2,0.479,0.0032391048292108363,0.0028268551236749115,0.0031213191990577148,0.19509956651220808,0.5539978125407881,0.05311934579158059,0.9232789476406735,0.5989599538484462,0.9370967278094456
MA0091.1,TAL1::TCF3,0.453,0.02856301531213192,0.02862190812720848,0.02767962308598351,-0.003055971928838432,1,0.04658787530855411,0.6458702054934924,1,0.6748167693251336
MA0124.2,Nkx3-1,0.409,0.018138987043580683,0.01678445229681979,0.01760895170789164,0.11376859485319527,0.3620830458412158,0.04349305898659182,0.7432046202050356,0.40496844407428334,0.7647319264454574
MA0729.1,RARA,0.432,0.03851590106007067,0.037868080094228505,0.03745583038869258,0.02542473402883105,0.7770891025645504,0.041822376147003196,0.6294144444761516,0.8107810776407758,0.6585458283018361
MA0117.2,Mafb,0.43,0.025206124852767964,0.02120141342756184,0.024558303886925797,0.25521059836628573,0.015686073006153923,0.03847743446176476,0.7275825065792291,0.020003094807847566,0.7517680746649652
MA0774.1,MEIS2,0.506,0.01884570082449941,0.020200235571260307,0.018492343934040048,-0.10197877428642797,0.3882217126900761,0.027783808658878036,0.8411435769994012,0.43161460158986104,0.8595796006048675
MA0656.1,JDP2(var.2),0.482,0.009717314487632508,0.009422850412249705,0.009540636042402828,0.04468683366146208,0.8236165082393563,0.02664886257898755,0.9115298693662315,0.8533582154813331,0.9264322650506931
MA0144.2,STAT3,0.436,0.05259128386336867,0.048351001177856304,0.05170789163722026,0.12764956520296014,0.07838985118824317,0.025769986504979664,0.7325839915164007,0.09447306782944975,0.7558888764470747
MA1608.1,Isl1,0.412,0.014016489988221437,0.012897526501766784,0.013898704358068316,0.12140462116424114,0.39661345482492083,0.012321411634683819,0.9631129442906109,0.4396339335800757,0.9670016910374101
MA1142.1,FOSL1::JUND,0.398,0.022497055359246173,0.01802120141342756,0.02232037691401649,0.32616330375671393,0.003837285178042949,0.01162059018469518,0.9415526517297019,0.005093620538825694,0.9496345347993719
MA0688.1,TBX2,0.44,0.022850412249705535,0.021024734982332156,0.022673733804475855,0.12266424927884508,0.26639589333741315,0.0114445607859418,0.9419967235275272,0.3048026632357519,0.9496345347993719
MA0615.1,Gmeb1,0.521,0.0014723203769140165,0.0013545347467608952,0.0014723203769140165,0.1180066545426787,0.885352446824209,0,1,0.9097423213923691,1
MA0749.1,ZBED1,0.485,0.0013545347467608952,0.0012367491166077739,0.0013545347467608952,0.128494241156046,0.8803182649559277,0,0.9999999999999999,0.9058171388374098,1
MA1545.1,OVOL2,0.465,0.0017078916372202592,0.0012367491166077739,0.0017078916372202592,0.4570589918105926,0.3218786025614955,0,1,0.3628290925420724,1
MA0490.2,JUNB,0.388,0.021731448763250883,0.01713780918727915,0.021908127208480566,0.3488368617137515,0.0024472307183305395,-0.011926632253007621,0.9407885448198609,0.003331449116559457,0.9496345347993719
MA1137.1,FOSL1::JUNB,0.421,0.02131919905771496,0.01790341578327444,0.02149587750294464,0.2565651311354694,0.025631099968014066,-0.012150872332828227,0.9402348944100453,0.03213579928762772,0.9496345347993719
MA0727.1,NR3C2,0.471,0.010188457008244995,0.010306242638398116,0.010306242638398116,-0.016707050711167702,0.9570389312319382,-0.016707050711167702,0.9570389312319382,0.9753429545068658,0.9621981707534042
MA0648.1,GSC,0.411,0.0077738515901060075,0.010482921083627797,0.007891637220259129,-0.43387596664933337,0.010129079286849696,-0.02178507828399201,0.9509319722280638,0.013164273776985841,0.9573485172498456
MA0808.1,TEAD3,0.443,0.023616018845700824,0.0234982332155477,0.02396937573616019,0.0073785076939047655,0.9714611904207495,-0.02192226689807234,0.8587127129366735,0.9856141862898878,0.8751361801239869
MA0063.2,NKX2-5,0.439,0.019140164899882215,0.018433451118963485,0.019493521790341577,0.05523116294733893,0.6602277323353077,-0.02687113900754255,0.8437436070328943,0.7026103970358625,0.8610570873413668
MA0693.2,VDR,0.42,0.03992932862190813,0.042697290930506476,0.04069493521790342,-0.10079208607481954,0.20973004794522093,-0.028531333898440803,0.7406071680100149,0.24408520400489048,0.7631118057119767
MA1593.1,ZNF317,0.461,0.04481743227326266,0.03504122497055359,0.04570082449941107,0.3694328795541107,4.689940914334624e-6,-0.029476727966450154,0.7147744197749397,7.639074065706614e-6,0.7395585536090222
MA0690.1,TBX21,0.432,0.022850412249705535,0.02120141342756184,0.023380447585394582,0.11034784876944545,0.3181473051264783,-0.03382301168482492,0.7726856052486006,0.36014854267731844,0.7928795894297882
MA0491.2,JUND,0.4,0.019493521790341577,0.015901060070671377,0.019964664310954065,0.2986563251812604,0.01347021402527644,-0.03509607835035757,0.7847677762390204,0.017295662070320524,0.804171375102073
MA1101.2,BACH2,0.413,0.014075382803297998,0.012249705535924617,0.014428739693757362,0.2026472201355652,0.15310412656370745,-0.03621450991961379,0.8189673211520041,0.18158295455727466,0.8380653245259191
MA0664.1,MLXIPL,0.513,0.0038280329799764428,0.0042991755005889285,0.003945818610129564,-0.16693181147396305,0.5506008278551364,-0.04356318229307489,0.9305493613625874,0.5961512591871289,0.9431926950767529
MA1132.1,JUN::JUNB,0.427,0.015312131919905771,0.01336866902237927,0.015783274440518257,0.19826136036880954,0.1440583129719323,-0.04432914495629219,0.75885143852706,0.17112659470869668,0.7797564368335906
MA1121.1,TEAD2,0.471,0.021378091872791518,0.024558303886925797,0.022084805653710248,-0.2045166292880621,0.05480649448140552,-0.047899733718599825,0.6822817896072835,0.06691594907222344,0.7088888788955898
MA1563.1,SOX18,0.549,0.015665488810365134,0.013839811542991754,0.0163133097762073,0.1810817283205665,0.17686283533166117,-0.059302004833127,0.6653335842352883,0.2077790159959358,0.6922438686743725
MA1625.1,Stat5b,0.434,0.04228504122497055,0.03916372202591284,0.04411071849234394,0.11524363411625965,0.15337010191568903,-0.06369304875316056,0.4232870042760603,0.18160967623667304,0.4569784445585253
MA0501.1,MAF::NFE2,0.429,0.026207302709069492,0.023557126030624265,0.027385159010600707,0.15754403201688935,0.1252683898128412,-0.06510175911270334,0.5231982558500097,0.14952035008060724,0.5567844491642043
MA1147.1,NR4A2::RXRA,0.566,0.01154299175500589,0.010482921083627797,0.012073027090694936,0.1401515813516765,0.37675719573484157,-0.06538287496772897,0.687822387922014,0.42012087895095934,0.7136516013766654
MA0519.1,Stat5a::Stat5b,0.399,0.04045936395759717,0.0353356890459364,0.04240282685512368,0.20287832033187234,0.014496686815830441,-0.07056363870720003,0.383570842179156,0.01854979136296657,0.4165121517695056
MA1568.1,TCF21(var.2),0.493,0.015076560659599529,0.019493521790341577,0.015842167255594817,-0.37653427236036724,0.00203785725129957,-0.07244829404559533,0.597666005411353,0.002799708120569943,0.6288559097840187
MA0164.1,Nr2e3,0.373,0.023557126030624265,0.02232037691401649,0.02491166077738516,0.07952844341983378,0.46851221006758703,-0.08256238195811298,0.43756795515161995,0.5155016352661062,0.47103274825845376
MA1520.1,MAF,0.498,0.017373380447585393,0.014546525323910483,0.018433451118963485,0.2598739188993487,0.0417420773412015,-0.08686450467662571,0.48664857233237296,0.05147039619262202,0.5201143767334531
MA1508.1,IKZF1,0.45,0.07455830388692579,0.0779740871613663,0.07891637220259129,-0.06993540104639408,0.24387795595366255,-0.08873387795755365,0.13667457377032263,0.28206659711849963,0.1603132579129885
MA1131.1,FOSL2::JUN(var.2),0.438,0.011130742049469965,0.010954063604240283,0.011896348645465253,0.023279949419109814,0.9173025651199607,-0.09684142847006881,0.541656541235306,0.9386937086138417,0.5731571344135296
MA1542.1,OSR1,0.537,0.014075382803297998,0.014958775029446408,0.015076560659599529,-0.08893320143084602,0.5253678110439863,-0.10039888539138261,0.46882693847828094,0.5696575393006014,0.5017860776252476
MA0526.3,USF2,0.514,0.017962308598351,0.021083627797408716,0.019257950530035334,-0.2353933811883746,0.04132049953034894,-0.10222713193533392,0.399123864798158,0.051034921605364755,0.43214282023138734
MA1541.1,NR6A1,0.467,0.03215547703180212,0.03486454652532391,0.03451118963486455,-0.120637408857341,0.17479329956999948,-0.10542527413082393,0.23839727045922474,0.20567161116596153,0.26920501901986227
MA1133.1,JUN::JUNB(var.2),0.461,0.007714958775029446,0.0071849234393404,0.008303886925795053,0.103051446378289,0.6137578305403111,-0.10659573196474,0.5838379804233578,0.656905798540993,0.6160440359205445
MA0857.1,Rarb,0.409,0.03816254416961131,0.037926972909305065,0.04104829210836278,0.009279503728206568,0.9321885512469252,-0.1094214542251844,0.1816817907459939,0.9513169072916637,0.2094816319884257
MA1138.1,FOSL2::JUNB,0.401,0.017432273262661956,0.015547703180212015,0.01878680800942285,0.16752874609973142,0.1864791106147903,-0.10977398961111667,0.3706557973104951,0.21804610739597738,0.4042532526222651
MA0476.1,FOS,0.423,0.023027090694935217,0.021378091872791518,0.0248527679623086,0.10948989249171238,0.32003715155907625,-0.11263745063402353,0.2868828948225197,0.3617389622167741,0.31847416597857103
MA0711.1,OTX1,0.388,0.0012956419316843344,0.0012367491166077739,0.0014134275618374558,0.06567341120958661,1,-0.12302690199960539,0.8829165896461331,1,0.8985754104720536
MA0463.2,BCL6,0.45,0.026972909305064782,0.03486454652532391,0.029328621908127208,-0.3816416018788046,2.9857108873465052e-5,-0.12416868520333436,0.20070168569919108,4.630645160001025e-5,0.2292855398646195
MA1546.1,PAX3(var.2),0.478,0.005241460541813898,0.0049469964664310955,0.005712603062426384,0.08336332542963336,0.7605498038028371,-0.12419797456339739,0.6068976888490905,0.7979889643275899,0.637669966030171
MA1538.1,NR2F1(var.3),0.539,0.012308598351001178,0.011955241460541813,0.01342756183745583,0.04243748092957968,0.8042936370523683,-0.12687923985960411,0.3861555779442505,0.8356588485251627,0.41870939120117856
MA1136.1,FOSB::JUNB(var.2),0.442,0.007067137809187279,0.007067137809187279,0.007714958775029446,0,1,-0.1269711924282882,0.5264628488141727,1,0.5594605202498188
MA0160.1,NR4A2,0.492,0.024617196702002356,0.025559481743227325,0.02685512367491166,-0.05552292573109629,0.6027664137175117,-0.12870107281682674,0.20478511920600617,0.6460685986110112,0.23359281181602537
MA1494.1,HNF4A(var.2),0.506,0.02067137809187279,0.022614840989399292,0.022614840989399292,-0.13232467377244528,0.23272185973692674,-0.13232467377244528,0.23272185973692674,0.2704213510338744,0.2642473475856124
MA1536.1,NR2C2(var.2),0.541,0.020023557126030624,0.019787985865724382,0.021908127208480566,0.01739504300015207,0.9072271100890393,-0.13236262848411942,0.24031593406922835,0.9296585496242078,0.2708091945855655
MA1111.1,NR2F2,0.436,0.0303886925795053,0.03297997644287397,0.033215547703180213,-0.12180666676716657,0.18278559058252167,-0.1324173550887376,0.14606286529310183,0.21406287374342411,0.1702545273572718
MA0689.1,TBX20,0.43,0.02120141342756184,0.023733804475853947,0.0232037691401649,-0.16630674287909886,0.12402526056549262,-0.13298033646517202,0.22420671432186806,0.14827378907348956,0.254966781835539
MA0089.2,NFE2L1,0.443,0.028091872791519434,0.024970553592461718,0.030800942285041225,0.1743618843109272,0.07906442035532722,-0.13671562449044583,0.1485775978373901,0.09513235094366791,0.1728551462326275
MA0891.1,GSC2,0.401,0.007714958775029446,0.011719670200235571,0.008480565371024734,-0.6071600521586271,2.0068925252443375e-4,-0.137120214342535,0.46754970971820486,2.924105124672414e-4,0.5011380509335932
MA0775.1,MEIS3,0.483,0.018315665488810366,0.02061248527679623,0.020141342756183747,-0.17356156821304067,0.1354768546429733,-0.13955727932016349,0.23581905500865885,0.1611893677251325,0.267357165708905
MA0115.1,NR1H2::RXRA,0.445,0.02785630153121319,0.026266195524146056,0.030624263839811542,0.08706202377333874,0.38458016454061744,-0.14064722441552216,0.13841279093655004,0.4282041832049263,0.1620972402490837
MA0672.1,NKX2-3,0.477,0.016548881036513547,0.015901060070671377,0.018256772673733806,0.0584563220291225,0.6675873700419391,-0.14396587785846385,0.2452452560706987,0.7094304530645109,0.2755315678143693
MA0141.3,ESRRB,0.424,0.02591283863368669,0.024734982332155476,0.02856301531213192,0.06877960432304553,0.5116807112937214,-0.1442596141300207,0.1423843245488268,0.5564341262756796,0.1664870001777818
MA0510.2,RFX5,0.513,0.009893992932862191,0.011071849234393404,0.010954063604240283,-0.16353317084440103,0.31138369624355483,-0.1479724619447573,0.36374682021894744,0.3530277164098661,0.39729886952172005
MA1139.1,FOSL2::JUNB(var.2),0.433,0.006949352179034158,0.006301531213191991,0.007714958775029446,0.14149121303966058,0.5036552885320372,-0.15128840273749344,0.44536444781429724,0.5501125113395312,0.4787346946245904
MA0835.2,BATF3,0.368,0.025736160188457008,0.02585394581861013,0.02850412249705536,-0.006754571279103099,0.9726952115559978,-0.15131817125342525,0.12431482235005,0.9856141862898878,0.1467386985334451
MA1153.1,Smad4,0.517,0.024499411071849234,0.023910482921083626,0.027326266195524147,0.03593183648263724,0.7506723783010691,-0.16154875864903187,0.10837661990548357,0.7887346397360528,0.1281283018216969
MA0832.1,Tcf21,0.473,0.019375736160188457,0.019257950530035334,0.021672555948174323,0.008956829268436182,0.9685545211761754,-0.16476909855404517,0.14579647406129806,0.9843891999964943,0.1702099681529395
MA0841.1,NFE2,0.423,0.015253239104829211,0.01519434628975265,0.01707891637220259,0.005656533311533601,1,-0.16548072064707423,0.19671361919127062,1,0.22576670756413522
MA1130.1,FOSL2::JUN,0.43,0.018610129564193167,0.017962308598351,0.020848056537102474,0.05198510797347591,0.6855051747445181,-0.1668736567146806,0.1487573778570333,0.7264017902832535,0.1728551462326275
MA1127.1,FOSB::JUN,0.439,0.008598351001177857,0.008598351001177857,0.009658421672555949,0,1,-0.16873032148307535,0.33206834946341146,1,0.3648350349038365
MA0783.1,PKNOX2,0.494,0.02921083627797409,0.02591283863368669,0.03280329799764429,0.17754441622939368,0.06824484598262189,-0.1725266042532586,0.060284894396160735,0.08237970081397399,0.07384652088593746
MA0477.2,FOSL1,0.417,0.020318021201413426,0.018492343934040048,0.022968197879858657,0.13831163184214065,0.2379219858723191,-0.18054470006245163,0.10077266705688544,0.2760339058487559,0.1206683942607328
MA0698.1,ZBTB18,0.459,0.03928150765606596,0.038928150765606594,0.044405182567726735,0.013557196665735233,0.8886904928456486,-0.18446755489403827,0.019740731969267684,0.9119162416270341,0.02561145399838903
MA1123.2,TWIST1,0.488,0.03674911660777385,0.03527679623085984,0.04157832744405183,0.06114521382163092,0.48458105951466285,-0.18523883867687235,0.023426292524764036,0.5323968636199389,0.030131059005989606
MA0114.4,HNF4A,0.457,0.026972909305064782,0.028209658421672557,0.030683156654888105,-0.06644390457849976,0.5076221528168235,-0.191257003862958,0.0443027606884451,0.5536346871364771,0.05490009879332234
MA0805.1,TBX1,0.492,0.019493521790341577,0.02131919905771496,0.022202591283863368,-0.13166080816184175,0.249544083817086,-0.19145923437186405,0.08736133460750545,0.2877277998880157,0.1049461443111096
MA0093.3,USF1,0.509,0.0176678445229682,0.0212603062426384,0.020141342756183747,-0.27191621155107404,0.018369581756134304,-0.19237615454304113,0.1022594433601233,0.023226623711993546,0.12199393083112171
MA1135.1,FOSB::JUNB,0.412,0.017550058892815076,0.016136631330977622,0.020023557126030624,0.12299879986687506,0.33211000463827206,-0.19356058755890818,0.101209374476266,0.3731235895484201,0.12099710474245903
MA0670.1,NFIA,0.493,0.018904593639575973,0.019375736160188457,0.021613663133097764,-0.03615268559484775,0.7816289486393252,-0.1969145734459827,0.08297841751471885,0.8143787649230958,0.09984177333222623
MA0607.1,Bhlha15,0.455,0.025265017667844523,0.019081272084805655,0.028857479387514724,0.41356296584201263,1.238936301548687e-4,-0.19692183139115238,0.044741639841794245,1.8374681529926849e-4,0.05535201214258458
MA1128.1,FOSL1::JUN,0.432,0.020082449941107184,0.01967020023557126,0.022968197879858657,0.030486161221609045,0.8155720976410196,-0.19769168596626088,0.07262165538033954,0.8461985880948548,0.08780511331237163
MA1634.1,BATF,0.384,0.024617196702002356,0.025677267373380448,0.028268551236749116,-0.06232279377549102,0.5557622712984073,-0.20471952094635376,0.039051166858273534,0.5999980526607986,0.048879480664886
MA0796.1,TGIF1,0.492,0.01872791519434629,0.01760895170789164,0.0215547703180212,0.09038151586528484,0.46460681523842773,-0.20668182425417309,0.06937743781397816,0.5119596516512069,0.08424607288132165
MA1572.1,TGIF2LY,0.511,0.011425206124852767,0.011778563015312132,0.013191990577149587,-0.04434783624797728,0.8000199764532765,-0.20952590942325372,0.15342579493838218,0.8323778276626838,0.17772615376402656
MA0608.1,Creb3l2,0.624,0.006772673733804476,0.008657243816254417,0.007832744405182567,-0.35556202123930725,0.05432366635238275,-0.21048745404236274,0.27857543575311744,0.06654426124610432,0.31017503742063524
MA0743.2,SCRT1,0.485,0.01790341578327444,0.019375736160188457,0.02067137809187279,-0.11600062637122387,0.33558680031531096,-0.2111542027101348,0.06945219145041932,0.37646278651913084,0.08424607288132165
MA1579.1,ZBTB26,0.472,0.04464075382803298,0.04204946996466431,0.051354534746760896,0.09012286840996367,0.25183957856114964,-0.21217995822781638,0.0041107750457835,0.2899264284052741,0.005658004029805334
MA0834.1,ATF7,0.458,0.005535924617196702,0.005830388692579506,0.006419316843345112,-0.07480943366308575,0.7728614297261458,-0.21382672715316461,0.32435725170010754,0.8086320148326855,0.3574158194509309
MA0462.2,BATF::JUN,0.384,0.02491166077738516,0.02591283863368669,0.028857479387514724,-0.05826206166458489,0.5811771106245254,-0.21774088246257722,0.026760289506658524,0.624723522371608,0.034008817669450186
MA0819.1,CLOCK,0.519,0.005653710247349823,0.0055948174322732625,0.006595995288574794,0.0151136516392792,1,-0.2226919211034732,0.2968109175549595,1,0.32851772180415395
MA1145.1,FOSL2::JUND(var.2),0.471,0.009717314487632508,0.009717314487632508,0.011366313309776208,0,1,-0.2279066269608587,0.15130949767056492,1,0.17554725546227284
MA1144.1,FOSL2::JUND,0.413,0.017373380447585393,0.016136631330977622,0.020318021201413426,0.10816658346347167,0.3978190259268607,-0.22985727056729655,0.050453211994860137,0.4403160138597004,0.06200674818478693
MA1642.1,NEUROG2(var.2),0.524,0.03462897526501767,0.04216725559481743,0.04045936395759717,-0.2952337120667627,3.319571490461806e-4,-0.23305665124404157,0.005130461872001892,4.7806956213986625e-4,0.0070097519350062485
MA0099.3,FOS::JUN,0.415,0.018256772673733806,0.017785630153121318,0.02143698468786808,0.03835029437232729,0.7752547364904755,-0.23600638851038086,0.03912718112700497,0.8100000468093764,0.04889259149203636
MA0113.3,NR3C1,0.461,0.009893992932862191,0.010482921083627797,0.011660777385159011,-0.08403384672256324,0.6267979395239256,-0.23896704121671325,0.12737424254186672,0.6699015227576627,0.14987568601929427
MA0484.2,HNF4G,0.464,0.026148409893992933,0.028268551236749116,0.030742049469964665,-0.1154971861746315,0.2430316358512961,-0.24006867725736927,0.01191909514161876,0.28152422413830264,0.015849634537696247
MA0744.2,SCRT2,0.495,0.018080094228504123,0.019846878680800942,0.02131919905771496,-0.1368992165682086,0.24858243864354468,-0.24216139348480434,0.03490099845455531,0.2870626923035361,0.0439799744038822
MA1589.1,ZNF140,0.504,0.023439340400471142,0.02762073027090695,0.02762073027090695,-0.24273577058595527,0.015982179266944965,-0.24273577058595527,0.015982179266944965,0.02034591422037704,0.020917027602001658
MA0829.2,SREBF1(var.2),0.467,0.013663133097762074,0.012249705535924617,0.016136631330977622,0.15924918302641275,0.26972379847754546,-0.24319780476592368,0.06619482604128624,0.308137754462862,0.08068846442287506
MA0007.3,Ar,0.52,0.01060070671378092,0.011955241460541813,0.01254416961130742,-0.1750063699783951,0.25822061855834094,-0.24507380039814758,0.10434187484070884,0.2968144552303888,0.12394751374389935
MA1644.1,NFYC,0.474,0.018433451118963485,0.02131919905771496,0.021790341578327443,-0.21376311011672328,0.06194206097550997,-0.24595032546393014,0.0303421237161891,0.07501424916839358,0.03842992239775393
MA0673.1,NKX2-8,0.477,0.019257950530035334,0.019257950530035334,0.022791519434628975,0,1,-0.2479085981559113,0.025575385804829973,1,0.03266992775753966
MA0060.3,NFYA,0.49,0.016607773851590107,0.019316843345111898,0.01967020023557126,-0.2216222345998922,0.06589143675887173,-0.24825498064225934,0.038020206659152844,0.07966776632434085,0.04774928311065323
MA0712.2,OTX2,0.388,0.026148409893992933,0.039693757361601884,0.030918727915194347,-0.6218417825727888,2.7919114180538017e-12,-0.24859139781845646,0.00908950354290193,6.311411872327685e-12,0.012195628854325253
MA1141.1,FOS::JUND,0.447,0.019434628975265017,0.019729093050647822,0.023027090694935217,-0.022095788497072964,0.8755315104413994,-0.24965713182944968,0.023843006722843074,0.902136059101221,0.030614256480621226
MA0509.2,RFX1,0.494,0.02043580683156655,0.02226148409893993,0.02426383981154299,-0.12597159444352204,0.26004193478376403,-0.253029915539553,0.018744522048745653,0.29798968256326874,0.024403862911630467
MA0508.3,PRDM1,0.419,0.07173144876325088,0.08162544169611308,0.08480565371024736,-0.20180043895009497,6.573175745351388e-4,-0.2619268582317891,7.926199288802745e-6,9.3047231613513e-4,1.3377702872051693e-5
MA0489.1,JUN(var.2),0.426,0.021790341578327443,0.02232037691401649,0.02603062426383981,-0.03540824457210559,0.7675640369616745,-0.2624710221574818,0.011626921150965952,0.8042173758053499,0.0154887199618225
MA1148.1,PPARA::RXRA,0.462,0.024676089517078916,0.035453474676089516,0.02950530035335689,-0.5383205404964497,6.709808196546454e-9,-0.26473976522044673,0.0067508923844230954,1.2672194720566215e-8,0.009206884312211389
MA0663.1,MLX,0.493,0.0037102473498233216,0.00447585394581861,0.00447585394581861,-0.26981219952850194,0.30775934350606193,-0.26981219952850194,0.30775934350606193,0.34998242417000336,0.3401310670452181
MA0643.1,Esrrg,0.464,0.022497055359246173,0.023851590106007067,0.027090694935217905,-0.08624264841558736,0.42752539376166865,-0.2745369289827843,0.00717320879982087,0.4717957747724923,0.009729479572120671
MA1108.2,MXI1,0.517,0.03186101295641932,0.038810365135453474,0.03839811542991755,-0.29480409054601725,5.79106569682835e-4,-0.2787907192484449,0.0011778185988597114,8.213184429342108e-4,0.0017028152611421408
MA1109.1,NEUROD1,0.541,0.03380447585394582,0.044169611307420496,0.04075382803297998,-0.4011052358777804,8.985696396020734e-7,-0.2799209268139152,7.981342481355528e-4,1.5339426799614342e-6,0.0011720632856478787
MA1134.1,FOS::JUNB,0.43,0.01513545347467609,0.014840989399293287,0.018374558303886925,0.028720317614381922,0.8582414781360246,-0.28403629096022487,0.022349798399630652,0.8867702807333439,0.028845933574609805
MA0100.3,MYB,0.502,0.018197879858657243,0.019081272084805655,0.022084805653710248,-0.06957770219069064,0.574347169399095,-0.28459624960278845,0.011994259714272202,0.6182727104931094,0.015921205955243885
MA0797.1,TGIF2,0.488,0.019787985865724382,0.02037691401648999,0.02402826855123675,-0.04311587783688874,0.7277610893998271,-0.2859838533091503,0.008447159210001607,0.7672888149708738,0.011374694531879422
MA0092.1,Hand1::Tcf3,0.507,0.022850412249705535,0.02326266195524146,0.027738515901060072,-0.02637186485380139,0.828273052275281,-0.28657801846036857,0.004572302789737018,0.8569926449339246,0.006258601616777644
MA0728.1,Nr2f6(var.2),0.474,0.0342756183745583,0.04069493521790342,0.041931684334511186,-0.2570927350345624,0.0020221587147262704,-0.3021145826604464,2.5305844436888117e-4,0.0027832664228520255,3.8684753995734707e-4
MA1140.2,JUNB(var.2),0.487,0.004711425206124852,0.00530035335689046,0.005830388692579506,-0.1697829020661619,0.4890473592124426,-0.3073305716675135,0.17719250786220825,0.5357258883590047,0.20462168864583183
MA0136.2,ELF5,0.511,0.017373380447585393,0.02402826855123675,0.02143698468786808,-0.4769816142713099,1.8942295766970752e-5,-0.30873906984821414,0.007428575836044319,3.0065856685447192e-5,0.010039343430596126
MA1509.1,IRF6,0.462,0.0019434628975265019,0.0025323910482921083,0.002414605418138987,-0.3777058297130878,0.30132983575778366,-0.3096314201343807,0.415475067710391,0.34319398087833075,0.44919478335065466
MA1571.1,TGIF2LX,0.516,0.011719670200235571,0.012190812720848057,0.014546525323910483,-0.05741050898352771,0.7267605887993223,-0.31517222149028584,0.024966665207012198,0.7672888149708738,0.03194705359250618
MA0150.2,Nfe2l2,0.496,0.02037691401648999,0.022202591283863368,0.025265017667844523,-0.12631240220432277,0.2593979153598521,-0.31701931236298453,0.002862379594838847,0.29770899208992263,0.003983834286846604
MA0080.5,SPI1,0.429,0.08875147232037692,0.14122497055359245,0.10871613663133098,-0.7555359247245843,3.631247498809101e-52,-0.32459380838895696,7.595842738281111e-10,2.630010324380184e-51,1.6143870891047605e-9
MA0512.2,Rxra,0.509,0.022850412249705535,0.031036513545347467,0.02868080094228504,-0.45339326171568006,3.602839480127291e-6,-0.33612131637301756,7.803918972395146e-4,5.9070730817032066e-6,0.0011482689454451241
MA0758.1,E2F7,0.449,0.0071849234393404,0.011837455830388692,0.009069493521790341,-0.7247745398360238,1.1805858702523861e-5,-0.337566146060548,0.060791165812060795,1.8818740581373507e-5,0.07434460605868418
MA1597.1,ZNF528,0.559,0.03032979976442874,0.036395759717314485,0.038044758539458184,-0.2718542976696955,0.0020426954155210865,-0.3382019702017978,1.0195140277011527e-4,0.0028011962867256074,1.591124403064979e-4
MA1651.1,ZFP42,0.528,0.027267373380447584,0.030742049469964665,0.03433451118963486,-0.17802418610589293,0.06068153041987445,-0.34268278674230107,1.832254763128973e-4,0.07372707116160643,2.8240951514343264e-4
MA1602.1,ZSCAN29,0.568,0.00812720848056537,0.010247349823321554,0.010306242638398116,-0.3364280488548107,0.04634889184548952,-0.3447578869959714,0.040757555631014894,0.05705655662827588,0.0507598272132506
MA1585.1,ZKSCAN1,0.465,0.011778563015312132,0.013486454652532391,0.014958775029446408,-0.1973873342687315,0.17361105560004353,-0.3487135285326584,0.012190615861855807,0.20460323456182067,0.01609592819990165
MA0782.2,PKNOX1,0.49,0.024381625441696114,0.029623085983510013,0.030918727915194347,-0.2883911429874687,0.0031982014902086644,-0.3520176360403528,2.6826941812255255e-4,0.004275268307624237,4.0842650187637594e-4
MA0636.1,BHLHE41,0.589,0.003062426383981154,0.004711425206124852,0.003945818610129564,-0.6190595759068009,0.018204827185563942,-0.3638489888481255,0.1983699150613942,0.023057387233328865,0.22730222521080007
MA1645.1,NKX2-2,0.49,0.022143698468786808,0.027031802120141342,0.0284452296819788,-0.2946446010955554,0.0040369903038860525,-0.3701928876545388,2.4491702744507934e-4,0.005349191415095906,3.751706416304501e-4
MA1622.1,Smad2::Smad3,0.432,0.020965842167255593,0.023439340400471142,0.026972909305064782,-0.16432707230809374,0.13099416676475947,-0.3718986120280192,3.339745138606694e-4,0.1561048696589626,5.063922506911776e-4
MA0503.1,Nkx2-5(var.2),0.534,0.024499411071849234,0.02862190812720848,0.031684334511189634,-0.2302329197358999,0.01983341992904379,-0.3812948351832446,6.931930309839322e-5,0.024908638496745232,1.1002595768383263e-4
MA0598.3,EHF,0.48,0.04122497055359246,0.05800942285041225,0.053062426383981155,-0.5179497382902051,1.137759641763064e-12,-0.3818649028420792,2.948083521453068e-7,2.611595977708449e-12,5.457246419364736e-7
MA0494.1,Nr1h3::Rxra,0.497,0.01696113074204947,0.02491166077738516,0.022202591283863368,-0.5655058326864894,3.5211933111631193e-7,-0.3956179735992524,5.586205612705145e-4,6.180729906182793e-7,8.332753078184258e-4
MA0677.1,Nr2f6,0.497,0.025500588928150766,0.03457008244994111,0.03339222614840989,-0.4520462274012805,1.1004727419086046e-6,-0.4003187591113005,1.9116760208866643e-5,1.87005162975813e-6,3.1412121400472496e-5
MA0686.1,SPDEF,0.548,0.0038280329799764428,0.00712603062426384,0.005064782096584217,-0.8961735729090784,4.654989844906686e-5,-0.4029973940823968,0.10253377296395887,7.130641528337552e-5,0.12199393083112171
MA0806.1,TBX4,0.499,0.016136631330977622,0.020553592461719672,0.0212603062426384,-0.3549775362344889,0.0027408064551168814,-0.4047220403266222,5.607294966821042e-4,0.0036973627767037855,8.332753078184258e-4
MA0807.1,TBX5,0.524,0.016136631330977622,0.020553592461719672,0.0212603062426384,-0.3549775362344889,0.0027408064551168814,-0.4047220403266222,5.607294966821042e-4,0.0036973627767037855,8.332753078184258e-4
MA0855.1,RXRB,0.515,0.023792697290930507,0.032273262661955245,0.03133097762073027,-0.4519393579916065,2.485844735697139e-6,-0.40782522252788966,2.4921737360169285e-5,4.148635733400595e-6,4.059304818927137e-5
MA1550.1,PPARD,0.485,0.023380447585394582,0.03351001177856301,0.030800942285041225,-0.5337823996173351,2.19783771085055e-8,-0.408238003312607,2.8636675204608664e-5,4.028469121116733e-8,4.644121674486535e-5
MA0592.3,ESRRA,0.492,0.023910482921083626,0.030565371024734982,0.031566548881036514,-0.3637379437122768,1.8557916797909773e-4,-0.411683024889761,1.9657672321806597e-5,2.719883287080686e-4,3.222994187267631e-5
MA1547.1,PITX2,0.374,0.0248527679623086,0.039634864546525324,0.03280329799764429,-0.6947629637913638,1.2371259114481644e-14,-0.4118308400985911,1.3487695365155052e-5,3.076319766467769e-14,2.2409400317161847e-5
MA1553.1,RARG(var.3),0.505,0.008068315665488811,0.010247349823321554,0.01071849234393404,-0.3469680619596082,0.040119066743187284,-0.41232438495224966,0.013195331752998057,0.0496332069492831,0.01739172701013525
MA0794.1,PROX1,0.463,0.006007067137809187,0.0063604240282685515,0.00800942285041225,-0.08258407598288514,0.729354582587503,-0.41618613301423374,0.03161084705590444,0.7674168104517308,0.03996896932831307
MA1467.1,ATOH1(var.2),0.527,0.023851590106007067,0.027444051825677267,0.03180212014134275,-0.20749426589008513,0.0393781309243831,-0.42639091747246205,9.517769305744358e-6,0.048878678318785014,1.5955631240641103e-5
MA0801.1,MGA,0.515,0.022614840989399292,0.03209658421672556,0.03027090694935218,-0.5186592784868576,9.542950836395223e-8,-0.4315325669046663,1.2434425251400825e-5,1.7154316443255027e-7,2.07518595918233e-5
MA0859.1,Rarg,0.43,0.02603062426383981,0.03345111896348645,0.03492343934040047,-0.3725162744655766,6.395618615384579e-5,-0.4368031858863678,2.106002534776195e-6,9.677751495084982e-5,3.670742735848228e-6
MA1484.1,ETS2,0.592,0.006949352179034158,0.0107773851590106,0.009481743227326266,-0.6364649168518003,2.004900961202289e-4,-0.4503307303108857,0.011442540417331669,2.924105124672414e-4,0.015270366997011495
MA0665.1,MSC,0.462,0.019493521790341577,0.024558303886925797,0.026501766784452298,-0.34023862167007324,0.0016569136512739864,-0.4528667255128401,1.8744400176304043e-5,0.0022889955256488776,3.086826165899076e-5
MA1573.1,THAP11,0.487,0.026207302709069492,0.04204946996466431,0.035924617196702,-0.7051713846561662,8.650859793496708e-16,-0.46903414747642386,2.7596896762630687e-7,2.225359105499498e-15,5.146821246230623e-7
MA0059.1,MAX::MYC,0.602,0.013015312131919905,0.02043580683156655,0.017962308598351,-0.6605936169918232,1.0968130692987994e-7,-0.471114769847847,2.5790286444927183e-4,1.9621643877623607e-7,3.934469056833472e-4
MA1464.1,ARNT2,0.603,0.00441696113074205,0.007479387514723204,0.006124852767962308,-0.760393153913272,2.980141561095663e-4,-0.4714313429933874,0.03558224223434143,4.3168652516065327e-4,0.04476282075348854
MA0478.1,FOSL2,0.477,0.016431095406360424,0.020553592461719672,0.022673733804475855,-0.3285035612052675,0.00540890274137909,-0.4730681608148135,3.736387951676062e-5,0.007116475211761554,6.046302412039787e-5
MA0062.3,GABPA,0.505,0.04016489988221437,0.055594817432273264,0.05494699646643109,-0.4921016406727555,2.9963175764974734e-11,-0.4742116104283298,1.7000002012576004e-10,6.460268531985882e-11,3.730000441582853e-10
MA0474.2,ERG,0.54,0.006007067137809187,0.009481743227326266,0.008362779740871613,-0.660962133305218,3.1345336162835405e-4,-0.47876107973134346,0.012065293727226898,4.5229440575387256e-4,0.01598704994762214
MA0798.2,RFX3,0.526,0.016607773851590107,0.023439340400471142,0.02314487632508834,-0.5063858443050863,8.012108899185023e-6,-0.4877348161019274,1.8235194482012018e-5,1.2909359047067012e-5,3.0096139565444614e-5
MA0714.1,PITX3,0.4,0.020200235571260307,0.03527679623085984,0.028209658421672557,-0.8258208548727337,2.316453308642644e-17,-0.493062209732669,1.7810507220278343e-6,6.283906066354228e-17,3.1410492639072444e-6
MA0856.1,RXRG,0.504,0.021672555948174323,0.032449941107184924,0.0303886925795053,-0.5976768906700152,1.0238252884659517e-9,-0.500014228967296,5.148769039741688e-7,2.0367297738549332e-9,9.391153309651098e-7
MA1557.1,SMAD5,0.503,0.00535924617196702,0.006301531213191991,0.007597173144876325,-0.2338603733515733,0.28498601700792137,-0.5043580528364613,0.012154323399573319,0.3250757931007788,0.016076463220003008
MA0739.1,Hic1,0.596,0.019022379269729092,0.025206124852767964,0.0267962308598351,-0.41465225538735895,1.2138390748609427e-4,-0.5051633124506931,1.9176963086677885e-6,1.8065270750911063e-4,3.3740600147787037e-6
MA1638.1,HAND2,0.522,0.02791519434628975,0.03356890459363958,0.0392226148409894,-0.27423385025011804,0.0028060947909460034,-0.5070762620430712,8.065372432330843e-9,0.003771795881163457,1.6217703058002184e-8
MA0761.2,ETV1,0.498,0.039517078916372204,0.05594817432273263,0.05535924617196702,-0.5261923566412049,1.3205938914232823e-12,-0.5100339852693673,7.072247823670844e-12,3.0219725245453024e-12,1.659087068068695e-11
MA0828.1,SREBF2(var.2),0.497,0.005005889281507656,0.0076560659599528855,0.00712603062426384,-0.6139011267572417,0.002529850929091577,-0.5100372834118563,0.014249397309273661,0.003437648074867607,0.018747884290508204
MA1552.1,RARB(var.3),0.535,0.0071849234393404,0.010424028268551237,0.010247349823321554,-0.5397516891413746,0.0016641560538011946,-0.5149021534948849,0.002846321779547621,0.00229475123130442,0.003968889808490702
MA1567.1,TBX6,0.515,0.015901060070671377,0.022143698468786808,0.022614840989399292,-0.486201891609737,2.920167974302496e-5,-0.5172308786902128,7.739204382692374e-6,4.557416964078791e-5,1.3091715350314084e-5
MA1521.1,MAFA,0.539,0.012014134275618375,0.014134275618374558,0.01713780918727915,-0.2370351970194455,0.09441754630399957,-0.5188960712340072,9.500360630724764e-5,0.1132403368855043,1.4920566380043524e-4
MA1472.1,BHLHA15(var.2),0.549,0.019434628975265017,0.023910482921083626,0.027797408716136632,-0.30520523191973387,0.005156984299278504,-0.5280205187811439,4.3939359488342427e-7,0.006797014641805236,8.053749920959078e-7
MA0760.1,ERF,0.543,0.007538280329799764,0.011130742049469965,0.010895170789163721,-0.565661000921562,6.861992821251738e-4,-0.5345387075976209,0.0014343064550038924,9.658578574818483e-4,0.002057678106601738
MA0603.1,Arntl,0.583,0.0049469964664310955,0.008716136631330978,0.0071849234393404,-0.8189146522572633,2.98152094774242e-5,-0.5390067583692222,0.009550065562763284,4.630645160001025e-5,0.012790572549051004
MA0691.1,TFAP4,0.467,0.014605418138987044,0.017255594817432274,0.021142520612485276,-0.24399982905078413,0.056428792089314235,-0.5423483498137294,6.2763866311531445e-6,0.06878411584743206,1.0689918782740287e-5
MA0130.1,ZNF354C,0.615,0.07420494699646643,0.09758539458186101,0.10482921083627797,-0.4319139992052549,1.5972200880776607e-14,-0.546814641656099,4.7501978796873825e-23,3.9585587564981225e-14,1.7370821658072486e-22
MA0865.1,E2F8,0.505,0.009481743227326266,0.018256772673733806,0.013898704358068316,-0.9558965463127026,4.395112671153594e-12,-0.5567535402851578,1.7974469483049906e-4,9.758196585358874e-12,2.776181000901704e-4
MA0596.1,SREBF2,0.54,0.01425206124852768,0.024734982332155476,0.020848056537102474,-0.8095450697150213,2.7852819236036132e-12,-0.5574866257963635,4.230311261246387e-6,6.311411872327685e-12,7.2547406917007e-6
MA0017.2,NR2F1,0.535,0.022143698468786808,0.03027090694935218,0.032332155477031804,-0.4625615539851419,3.1277970018464336e-6,-0.5605797097263524,8.938280338904207e-9,5.1851923630609765e-6,1.782876238722604e-8
MA0161.2,NFIC,0.525,0.021849234393404006,0.028857479387514724,0.032037691401649,-0.4112644271635321,4.517585646302673e-5,-0.5666753591013133,7.445290167074967e-9,6.948698746684112e-5,1.505199583912717e-8
MA1114.1,PBX3,0.532,0.022614840989399292,0.037279151943462895,0.03339222614840989,-0.7421700247053463,2.1232403724180674e-15,-0.577632910375806,1.92914662451811e-9,5.405929412368186e-15,4.0087559384136775e-9
MA0004.1,Arnt,0.642,0.016372202591283865,0.02585394581861013,0.02426383981154299,-0.6721598311592069,1.3302012343483703e-9,-0.5783378540261608,2.8884107305935627e-7,2.6391758532550114e-9,5.373452381602987e-7
MA1532.1,NR1D2,0.502,0.013898704358068316,0.024676089517078916,0.02067137809187279,-0.8426845783012652,4.95095495406735e-13,-0.581627011057726,1.929333591198104e-6,1.165114320420897e-12,3.3865479036089073e-6
MA0649.1,HEY2,0.673,0.0031802120141342758,0.005771495877502945,0.004770318021201414,-0.8576226260135557,4.35567979726861e-4,-0.5828469557106774,0.02459015569464322,6.21288169935446e-4,0.031519340460831345
MA0098.3,ETS1,0.546,0.006478209658421673,0.00983510011778563,0.00977620730270907,-0.6049973821598387,7.012504660953749e-4,-0.5962726606837946,8.554083160321896e-4,9.851842706349336e-4,0.0012537025614145648
MA0682.2,PITX1,0.39,0.01802120141342756,0.03256772673733804,0.027031802120141342,-0.8742268025062906,1.1365341734665558e-17,-0.5974766130148965,2.4599275592728112e-8,3.159341222856171e-17,4.816551074061725e-8
MA1646.1,OSR2,0.519,0.03610129564193169,0.04917550058892815,0.053769140164899885,-0.465278343750904,2.7396388598390953e-9,-0.6010298915164838,3.967089433563238e-15,5.294742459689029e-9,1.0347722788245368e-14
MA0803.1,TBX15,0.509,0.014664310954063604,0.0251472320376914,0.022143698468786808,-0.7923151085878425,4.674192788592076e-12,-0.604602559330851,3.333738845307761e-7,1.0347026172966435e-11,6.125539848767462e-7
MA0860.1,Rarg(var.2),0.494,0.01513545347467609,0.02561837455830389,0.022850412249705535,-0.7735382117861722,8.226796749475357e-12,-0.6046877074807909,2.1621577808022423e-7,1.7945001096808818e-11,4.0526876996946553e-7
MA1576.1,THRB(var.3),0.511,0.021908127208480566,0.04140164899882214,0.03297997644287397,-0.9463526412664207,6.491618266843921e-25,-0.6058976718711799,4.6273879491069355e-10,2.284314729747908e-24,9.976969393161195e-10
MA0646.1,GCM1,0.619,0.005889281507656066,0.010247349823321554,0.00895170789163722,-0.8023698616699271,8.45594110356086e-6,-0.6060647900496163,0.0012176796445517413,1.3565875404852477e-5,0.0017570387134150853
MA0464.2,BHLHE40,0.606,0.0030035335689045936,0.005123674911660777,0.004593639575971731,-0.7677816925392845,0.0027002170974147013,-0.6104229395124814,0.021454986365795303,0.003662476281220668,0.027739029166175554
MA0095.2,YY1,0.526,0.03121319199057715,0.033215547703180213,0.04776207302709069,-0.09260568694208861,0.31049520021827326,-0.6380947099548205,4.919062414755578e-15,0.3525561938551474,1.2741738060443268e-14
MA0475.2,FLI1,0.545,0.00530035335689046,0.009422850412249705,0.008244994110718492,-0.8325750448498889,1.0480922842971948e-5,-0.6388574960695915,0.0011412746197043033,1.6742544841235703e-5,0.0016531861481541947
MA0844.1,XBP1,0.528,0.0024734982332155478,0.0038869257950530037,0.0038869257950530037,-0.6479370898152766,0.026185315912054228,-0.6479370898152766,0.026185315912054228,0.03272067951489523,0.03333489022251272
MA0858.1,Rarb(var.2),0.466,0.015606595995288575,0.02226148409893993,0.02432273262661955,-0.521367450628712,7.826040019095747e-6,-0.6520060589623403,1.0385825223011337e-8,1.2636852498366725e-5,2.0653860740916212e-8
MA0839.1,CREB3L1,0.572,0.004593639575971731,0.00712603062426384,0.007243816254416961,-0.6338666507689665,0.002735428334998353,-0.6575925321770036,0.0017839780945705906,0.0036973627767037855,0.002530128628421408
MA0820.1,FIGLA,0.546,0.01690223792697291,0.027090694935217905,0.026501766784452298,-0.6946683144405081,1.6494085423742836e-10,-0.6621212527047143,1.3894430288778788e-9,3.4179410350311546e-10,2.919787322656049e-9
MA1154.1,ZNF282,0.509,0.013839811542991754,0.027502944640753826,0.021908127208480566,-1.0093668302461039,6.105557708678188e-19,-0.6733650376284352,2.236506214342714e-8,1.8002948816892997e-18,4.390614831314908e-8
MA0863.1,MTF1,0.58,0.006772673733804476,0.010482921083627797,0.0107773851590106,-0.6334304084071425,2.617803982809077e-4,-0.6737157707484992,9.084038526400899e-5,3.806787078314954e-4,1.4327045963414525e-4
MA1633.1,BACH1,0.504,0.021731448763250883,0.028916372202591283,0.0342756183745583,-0.4222517515679039,2.8428295890741887e-5,-0.6753021833439455,2.5433249962086295e-12,4.4460186026191716e-5,6.081155279396275e-12
MA0074.1,RXRA::VDR,0.527,0.01060070671378092,0.01784452296819788,0.01684334511189635,-0.7602988077805591,1.9080585139684154e-8,-0.6756675862318852,8.75646680864807e-7,3.523296166882272e-8,1.5855155920513255e-6
MA1655.1,ZNF341,0.57,0.018963486454652533,0.030683156654888105,0.030094228504122498,-0.7107060817314766,4.0146524102409215e-12,-0.6818968230429582,3.5344335845184715e-11,8.940091635939485e-12,8.06326438547639e-11
MA0622.1,Mlxip,0.625,0.0076560659599528855,0.013074204946996466,0.012249705535924617,-0.7776539062233923,9.484763869882318e-7,-0.6826912338986291,2.372693066342002e-5,1.6154415175644314e-6,3.873148856654559e-5
MA0719.1,RHOXF1,0.443,0.018138987043580683,0.03327444051825677,0.028975265017667843,-0.8966682902729811,9.546139261231822e-19,-0.690863525104304,4.8533649009314266e-11,2.803708617668874e-18,1.0971546109378316e-10
MA0081.2,SPIB,0.463,0.05347467608951708,0.1157243816254417,0.08392226148409894,-1.2114797790375078,3.1888657913215808e-96,-0.6970792023156515,1.09127972730097e-28,5.171508435491085e-95,4.963991930283681e-28
MA1649.1,ZBTB12,0.511,0.03044758539458186,0.057950530035335686,0.04858657243816254,-0.9693471355193694,2.6035997011814385e-35,-0.7009550240114739,8.925054754641405e-18,1.2862817066763928e-34,2.611016018416662e-17
MA0066.1,PPARG,0.523,0.015665488810365134,0.02420494699646643,0.025265017667844523,-0.6393270277146756,2.0150556658532965e-8,-0.7026608280234706,4.4822391406506344e-10,3.702540706223052e-8,9.692030141812676e-10
MA0505.1,Nr5a2,0.522,0.03580683156654888,0.06861012956419317,0.05730270906949352,-0.9875553007264931,1.4929307499206282e-42,-0.7104503370930696,4.723537056973931e-21,8.437320753339308e-42,1.5872786686948433e-20
MA0473.3,ELF1,0.52,0.033156654888103654,0.05736160188457008,0.053239104829210834,-0.8268231493709709,5.0558495410616196e-27,-0.7129859947951345,7.918368717112883e-20,1.904880685672711e-26,2.546165113347505e-19
MA1533.1,NR1I2,0.529,0.008421672555948174,0.014664310954063604,0.013780918727915195,-0.8071002337514949,8.076451694324321e-8,-0.7163555261221869,2.833868737088955e-6,1.4588457539869113e-7,4.905025702710813e-6
MA0088.2,ZNF143,0.495,0.017726737338044758,0.03327444051825677,0.028857479387514724,-0.9303863703164202,7.334080071198687e-20,-0.718536033543737,1.0846007894871218e-11,2.2240746882578133e-19,2.520598719493436e-11
MA0871.2,TFEC,0.607,0.00530035335689046,0.008539458186101296,0.008716136631330978,-0.6897349232739616,3.8624183194586843e-4,-0.7194358049524789,1.9574768817399722e-4,5.519854533172756e-4,3.004686736168764e-4
MA0502.2,NFYB,0.574,0.012603062426383982,0.021849234393404006,0.02061248527679623,-0.8059574772339689,5.986713586067625e-11,-0.7201868105923107,8.462484720303365e-9,1.2651808315032429e-10,1.692496944060673e-8
MA0816.1,Ascl2,0.584,0.022202591283863368,0.03027090694935218,0.03616018845700825,-0.4586478860417546,3.736341624961701e-6,-0.7236779260103393,2.1114027405425692e-14,6.112523798731204e-6,5.303388701834197e-14
MA0616.2,HES2,0.723,0.002767962308598351,0.004652532391048292,0.004593639575971731,-0.7457562522333416,0.005449486349249056,-0.7274086893714788,0.006943585140847737,0.007157247916443302,0.009439202626334344
MA0112.3,ESR1,0.563,0.009717314487632508,0.015901060070671377,0.0160188457008245,-0.7178341529298841,4.611509208353803e-7,-0.7286344683858514,2.930154357020633e-7,8.019081280727125e-7,5.437550125217393e-7
MA0823.1,HEY1,0.687,0.0035335689045936395,0.006772673733804476,0.005889281507656066,-0.937582915213558,3.722687806629173e-5,-0.7356030172944188,0.0019063872484188506,5.749741415621871e-5,0.002698605099279815
MA0056.2,MZF1,0.518,0.01707891637220259,0.04375736160188457,0.028268551236749116,-1.395492227370606,9.19051471514068e-48,-0.742515699924842,4.406817310752209e-12,5.859935023499955e-47,1.0469699725545056e-11
MA0638.1,CREB3,0.559,0.002591283863368669,0.004240282685512367,0.004358068315665489,-0.7065627454932588,0.011706662249722019,-0.7459928333460834,0.0072290774232534405,0.015161753538702475,0.009787462355257834
MA0640.2,ELF3,0.503,0.03586572438162544,0.06908127208480565,0.058775029446407535,-0.9956970077828754,2.136065382561251e-43,-0.746829624373814,2.2187450017673466e-23,1.2547281695989711e-42,8.234745130937516e-23
MA1466.1,ATF6,0.577,0.0031802120141342758,0.0049469964664310955,0.00535924617196702,-0.6352543677851026,0.013087665483612433,-0.7506725834038865,0.0026127897569410675,0.016833445604784267,0.00365692525080307
MA0825.1,MNT,0.598,0.004829210836277974,0.0076560659599528855,0.00812720848056537,-0.6656875725789558,0.0011531021738233158,-0.7522088434469163,1.851631763010181e-4,0.0015989111926992445,2.848076897331124e-4
MA1523.1,MSANTD3,0.512,0.018138987043580683,0.027738515901060072,0.03032979976442874,-0.6261613025739861,3.806504514550176e-9,-0.7587260650727996,2.741587975060043e-13,7.281159917575466e-9,6.749916268629676e-13
MA0759.1,ELK3,0.555,0.0037102473498233216,0.0077738515901060075,0.006301531213191991,-1.0670600953611409,8.098654150056787e-7,-0.76326529446037,8.91997272869216e-4,1.3888726427453708e-6,0.0013047646383537942
MA0496.3,MAFK,0.505,0.023851590106007067,0.0392226148409894,0.04010600706713781,-0.7398005777748925,4.992449625175283e-16,-0.7732364231533113,1.5168936349830288e-17,1.3022263707625038e-15,4.3523178911436135e-17
MA0139.1,CTCF,0.645,0.019140164899882215,0.037102473498233215,0.032332155477031804,-0.9805027375306161,8.074317366232563e-24,-0.7749964151623715,1.5572883250790133e-14,2.7886299792636536e-23,3.938091832233708e-14
MA1555.1,RXRB(var.2),0.58,0.005889281507656066,0.010482921083627797,0.010070671378091874,-0.8354103063262817,3.0709367651937994e-6,-0.7770939001377184,1.770096573169583e-5,5.102269102081458e-6,2.9279202740233014e-5
MA0767.1,GCM2,0.609,0.0028268551236749115,0.004888103651354535,0.004888103651354535,-0.7867766317499408,0.0027763950972024467,-0.7867766317499408,0.0027763950972024467,0.003738611448579468,0.0038786343492753284
MA0609.2,CREM,0.533,0.004711425206124852,0.006831566548881037,0.00812720848056537,-0.5363456498449861,0.011975103631913812,-0.7877849177706737,9.861997433196243e-5,0.015455756590670769,1.542358508420209e-4
MA0006.1,Ahr::Arnt,0.715,0.020023557126030624,0.03250883392226148,0.0342756183745583,-0.7168176879073725,6.385335873602201e-13,-0.7957381795750571,5.873819668497836e-16,1.4885814255335128e-12,1.5762120405393474e-15
MA0671.1,NFIX,0.571,0.011484098939929329,0.016666666666666666,0.019846878680800942,-0.5437635255332388,5.870804128025082e-5,-0.799975553698846,5.752887872304695e-10,8.93799975409533e-5,1.2332340094078456e-9
MA0591.1,Bach1::Mafk,0.548,0.01784452296819788,0.028268551236749116,0.030977620730270907,-0.6782332139832751,1.6640438554001355e-10,-0.8141578678678695,4.087494808723395e-15,3.4387166651759027e-10,1.062463807424269e-14
MA0107.1,RELA,0.567,0.011425206124852767,0.02037691401648999,0.020023557126030624,-0.8462081532690808,4.3241037471925534e-11,-0.8204873184323441,1.9783412763876106e-10,9.216518272587556e-11,4.327984141305447e-10
MA1540.1,NR5A1,0.55,0.022497055359246173,0.04128386336866902,0.039693757361601884,-0.9029798376040952,4.5685902707829094e-23,-0.8439644094238274,5.478859514085675e-20,1.5283266107641481e-22,1.7693632889644646e-19
MA1556.1,RXRG(var.2),0.591,0.007067137809187279,0.013486454652532391,0.012720848056537103,-0.9388180410232264,4.707278566916589e-9,-0.8535717431947123,1.58337554404849e-7,8.981150411559528e-9,2.990375078127022e-7
MA0626.1,Npas2,0.589,0.006007067137809187,0.010541813898704358,0.010836277974087162,-0.8149565917816055,4.659358069160443e-6,-0.8550229631056633,1.2895880486497162e-6,7.605866782480724e-6,2.3015135987863357e-6
MA1535.1,NR2C1,0.58,0.011366313309776208,0.017550058892815076,0.02067137809187279,-0.6344492609221823,2.088430901966003e-6,-0.874833730886793,8.335739879831716e-12,3.508940209159095e-6,1.9493611129637806e-11
MA1641.1,MYF5,0.555,0.012367491166077738,0.020200235571260307,0.022732626619552415,-0.7179769020389857,1.3033020725038112e-8,-0.8918687222841383,3.2472919445561496e-13,2.4245968730370154e-8,7.968683521838446e-13
MA0058.3,MAX,0.605,0.004593639575971731,0.009187279151943463,0.008539458186101296,-1.0020711145448855,3.462243830007429e-7,-0.8959846725517621,7.976948293815397e-6,6.105990300675041e-7,1.3432964846921638e-5
MA0156.2,FEV,0.541,0.0038869257950530037,0.00800942285041225,0.007243816254416961,-1.0434576313107706,8.81372331562436e-7,-0.8979547294848388,3.8945704578868875e-5,1.5080361452880212e-6,6.275053048776712e-5
MA0513.1,SMAD2::SMAD3::SMAD4,0.556,0.026560659599528857,0.04228504122497055,0.04870435806831567,-0.6937561973151566,1.8582975512767827e-15,-0.9072296200827719,4.8499619385549985e-27,4.747568401549589e-15,2.0793514977942696e-26
MA1483.1,ELF2,0.546,0.005182567726737338,0.010954063604240283,0.009717314487632508,-1.083820280494122,2.7506468655601392e-9,-0.9096730345676018,1.3558427558239204e-6,5.302280521208951e-9,2.4139825676483165e-6
MA0259.1,ARNT::HIF1A,0.657,0.002591283863368669,0.0037102473498233216,0.004888103651354535,-0.5145706336432416,0.08087413104462644,-0.9112968135981109,6.690517101348542e-4,0.09715314292961566,9.883417341794082e-4
MA1601.1,ZNF75D,0.529,0.02591283863368669,0.05730270906949352,0.04782096584216725,-1.1912937959912733,1.845868001210455e-48,-0.9160427981424877,5.260293726884648e-27,1.1870840766405167e-47,2.2296472274181518e-26
MA1485.1,FERD3L,0.593,0.01342756183745583,0.02061248527679623,0.025206124852767964,-0.6277651418212233,3.5036160823774487e-7,-0.9244283158365737,2.660857758724609e-15,6.164381126069757e-7,7.0390066950658105e-15
MA0595.1,SREBF1,0.569,0.009363957597173145,0.02226148409893993,0.0176678445229682,-1.2656427364068352,6.735379674909367e-22,-0.9259523913060806,3.353608149447771e-11,2.1657729471906845e-21,7.674207605791525e-11
MA1619.1,Ptf1a(var.2),0.563,0.012603062426383982,0.02073027090694935,0.023851590106007067,-0.7285691342010014,5.386171211819137e-9,-0.9352534351572596,7.985644349283662e-15,1.0250213581676215e-8,2.0401680426594562e-14
MA1539.1,NR2F6(var.3),0.531,0.007420494699646643,0.010011778563015312,0.014134275618374558,-0.43440554802923187,0.011937163577062277,-0.9366907200262089,2.1549026804370992e-9,0.01543349051731102,4.46543722112799e-9
MA0730.1,RARA(var.2),0.5,0.012190812720848057,0.024617196702002356,0.023439340400471142,-1.03037958838278,1.1392262586438472e-17,-0.957990618510812,3.8862415062899126e-15,3.159341222856171e-17,1.017240759190272e-14
MA0641.1,ELF4,0.551,0.006654888103651354,0.013780918727915195,0.012956419316843345,-1.0572821816562674,6.138664309527271e-11,-0.9672673318800277,3.940783049314001e-9,1.2936281285048994e-10,8.032306433847662e-9
MA1474.1,CREB3L4,0.602,0.0031213191990577148,0.006537102473498233,0.006124852767962308,-1.0643846189673734,6.600924478772423e-6,-0.9702453289071805,5.519742842372669e-5,1.0681756314889863e-5,8.798564445320538e-5
MA0821.1,HES5,0.702,0.00441696113074205,0.008892815076560659,0.008716136631330978,-1.011269615192977,4.388808672809209e-7,-0.9821576029079273,1.0665786744329251e-6,7.649652499802968e-7,1.9219026355723725e-6
MA1537.1,NR2F1(var.2),0.509,0.015371024734982332,0.03574793875147232,0.029976442873969375,-1.2462424208997382,2.686354138696521e-33,-0.9838309618259755,1.0721377820017236e-19,1.237049498436793e-32,3.4326814822887804e-19
MA1493.1,HES6,0.62,0.005948174322732627,0.0107773851590106,0.011778563015312132,-0.861325974945673,1.1816129947880777e-6,-0.9906089751575725,1.0409988791668225e-8,2.0033711229816047e-6,2.0653860740916212e-8
MA0159.1,RARA::RXRA,0.535,0.013250883392226149,0.03268551236749117,0.026089517078916373,-1.3293569291693692,1.0397522959517853e-33,-0.9947002531138069,1.1808695553319382e-17,4.878334671572528e-33,3.40126906670898e-17
MA0258.2,ESR2,0.581,0.017314487632508833,0.03598351001177856,0.0342756183745583,-1.0817559893441382,5.535907579949864e-27,-1.0091079412916875,3.6708922128119045e-23,2.0648935273212991e-26,1.355685936018654e-22
MA0119.1,NFIC::TLX1,0.598,0.010541813898704358,0.020318021201413426,0.021083627797408716,-0.9590266770657785,2.398187725584071e-13,-1.0134419365121896,5.5304473198794426e-15,5.697605233394004e-13,1.4226598967689876e-14
MA1565.1,TBX18,0.504,0.016431095406360424,0.037868080094228505,0.03286219081272085,-1.2348823096237722,1.1470902925262748e-34,-1.0230129123589065,9.26194613797682e-23,5.556684144315591e-34,3.3059386693448365e-22
MA0073.1,RREB1,0.623,0.061071849234393405,0.22555948174322732,0.11696113074204947,-2.162272102998766,0,-1.0256524134430085,4.756932983810533e-74,0,6.695607558344637e-73
MA1106.1,HIF1A,0.618,0.002355712603062426,0.003945818610129564,0.004888103651354535,-0.7392668155499689,0.011468241811168152,-1.0475209318348786,1.2835491525073375e-4,0.014878797201967723,1.9948493078551536e-4
MA1117.1,RELB,0.549,0.011896348645465253,0.033097762073027094,0.024558303886925797,-1.5052226047537307,6.660487379641233e-41,-1.0624604759655192,1.8110446634452994e-18,3.680535989046193e-40,5.492029751748754e-18
MA1107.2,KLF9,0.661,0.051531213191990576,0.17479387514723205,0.10241460541813899,-1.9623941066136554,3.4067081334128614e-295,-1.0700421521085597,2.8265929210135174e-70,1.0165617070103979e-293,3.6993654720633055e-69
MA0101.1,REL,0.559,0.009305064782096584,0.0212603062426384,0.019434628975265017,-1.207027948879556,1.4096468682827694e-19,-1.0749940516921865,3.3258281645173968e-15,4.2574759665544366e-19,8.736154263133725e-15
MA0065.2,Pparg::Rxra,0.547,0.027031802120141342,0.07002355712603063,0.05594817432273263,-1.437414965109787,3.5912333848942926e-78,-1.0921470168465548,2.4297324009131684e-41,4.1860314142674095e-77,1.5625692854148481e-40
MA1566.1,TBX3,0.57,0.013074204946996466,0.030742049469964665,0.027502944640753826,-1.2576858679368095,2.6568531497675476e-29,-1.0924081239951444,2.286437696384459e-21,1.0830669124189017e-28,7.824231750012874e-21
MA0637.1,CENPB,0.566,0.0010011778563015312,0.002591283863368669,0.0021790341578327445,-1.348748512802585,7.220903055630137e-4,-1.101237617348011,0.009019234976165514,0.0010125552029135493,0.012123151877872926
MA0745.2,SNAI2,0.564,0.015312131919905771,0.03268551236749117,0.032332155477031804,-1.1181842411421818,5.708456009958475e-26,-1.1019899110863152,3.844704861571198e-25,2.0672369822470984e-25,1.5256116099638901e-24
MA1560.1,SOHLH2,0.652,0.0031213191990577148,0.005948174322732627,0.006713780918727915,-0.9279656804806017,1.3117519672627514e-4,-1.1029450926985582,2.547460935919776e-6,1.9416011261468504e-4,4.419548507432914e-6
MA0500.2,MYOG,0.591,0.01071849234393404,0.019434628975265017,0.022850412249705535,-0.8695207221148054,4.378230895355355e-11,-1.1078192756055296,2.0489747633722328e-18,9.305299851666937e-11,6.163448280143894e-18
MA0763.1,ETV3,0.544,0.0033568904593639574,0.00800942285041225,0.007243816254416961,-1.2540174522216352,1.1354609760407468e-8,-1.1085145503957035,9.083121783310269e-7,2.1176347203159928e-8,1.640680109043453e-6
MA0499.2,MYOD1,0.588,0.01690223792697291,0.03433451118963486,0.03580683156654888,-1.04698129020254,1.4572509794827392e-24,-1.1097071412137638,6.136587721562617e-28,5.10379920513673e-24,2.6928790825210073e-27
MA1575.1,THRB(var.2),0.542,0.006419316843345112,0.01425206124852768,0.014016489988221437,-1.158471874616684,7.623843548908805e-13,-1.13413167384453,2.8146987866674393e-12,1.7662693439397416e-12,6.708515319022076e-12
MA1574.1,THRB,0.52,0.013780918727915195,0.03539458186101296,0.029917550058892815,-1.390945102069169,7.343179885549554e-39,-1.1404599299832079,1.1834418673184911e-24,3.9128658532999765e-38,4.622238916332955e-24
MA1149.1,RARA::RXRG,0.552,0.011307420494699646,0.03115429917550059,0.024676089517078916,-1.4890264434482234,5.085771886875434e-38,-1.1434523547802389,1.020800166980143e-20,2.6718210053585027e-37,3.384519664743052e-20
MA1527.1,NFIC(var.2),0.604,0.009305064782096584,0.018904593639575973,0.02037691401648999,-1.0343829164506613,5.2101621388914174e-14,-1.144586130815454,2.054896067006643e-17,1.2743544116763925e-13,5.873381095735463e-17
MA0111.1,Spz1,0.538,0.012720848056537103,0.026207302709069492,0.027974087161366314,-1.060901191931222,1.487485528621774e-19,-1.1575409289457936,1.0810919795336885e-23,4.474452436902595e-19,4.073205135010766e-23
MA0764.2,ETV4,0.533,0.03191990577149588,0.07744405182567726,0.06861012956419317,-1.3474040487573256,5.649144459704812e-78,-1.1589934553134007,5.489623693888915e-55,6.48347964144583e-77,4.994218628830647e-54
MA1620.1,Ptf1a(var.3),0.551,0.01702002355712603,0.03663133097762073,0.037279151943462895,-1.1335836330936249,1.7342367701815427e-29,-1.159824857769553,4.795489558776265e-31,7.108465003051817e-29,2.369162391289466e-30
MA1621.1,Rbpjl,0.557,0.015783274440518257,0.03674911660777385,0.03498233215547703,-1.2488429737085134,2.7882808503972264e-34,-1.1751745406286886,7.56216266110912e-30,1.3333702015361095e-33,3.57048945897937e-29
MA1116.1,RBPJ,0.528,0.019375736160188457,0.05206124852767962,0.04387514723203769,-1.4734887967627952,4.193356753824608e-61,-1.214430215673592,8.099359141329673e-39,3.475826820392398e-60,4.6477860918707197e-38
MA1531.1,NR1D1,0.546,0.008716136631330978,0.023380447585394582,0.020141342756183747,-1.4419928698898394,1.0938112798580579e-27,-1.2223651448936272,5.604130764556752e-19,4.163179667214853e-27,1.7275543596526187e-18
MA0024.3,E2F1,0.581,8.833922261484099e-4,0.0010600706713780918,0.0021201413427561835,-0.25551218876800863,0.7282043981224915,-1.2374151314027109,0.004571342131888766,0.7672888149708738,0.006258601616777644
MA1100.2,ASCL1,0.631,0.011248527679623086,0.024617196702002356,0.026383981154299175,-1.1475220427718305,8.793376349309827e-21,-1.2500179581295028,3.572966617939593e-25,2.721933094018727e-20,1.425365292504244e-24
MA0521.1,Tcf12,0.597,0.019964664310954065,0.039693757361601884,0.04628975265017668,-1.0197451893393195,5.875314365401623e-27,-1.2513167433499,9.627209894126698e-43,2.180589311736125e-26,6.355662461078334e-42
MA0645.1,ETV6,0.574,0.007538280329799764,0.021083627797408716,0.01802120141342756,-1.5000300070692774,1.4219529980306905e-26,-1.2694378381962124,4.16929886848339e-18,5.251370972925224e-26,1.2441187823554435e-17
MA1559.1,SNAI3,0.566,0.0143698468786808,0.037985865724381625,0.03409893992932862,-1.4355698742294343,1.5683022014885247e-43,-1.2741442910327125,6.25595329340887e-33,9.285344780241583e-43,3.2409313589465397e-32
MA0822.1,HES7,0.727,0.0035335689045936395,0.008186101295641932,0.008598351001177857,-1.2120096364429909,1.9323514218749473e-8,-1.283244945364099,1.6686351845548574e-9,3.559343606712866e-8,3.496634403589673e-9
MA0738.1,HIC2,0.629,0.010365135453474675,0.024970553592461718,0.02502944640753828,-1.287546264531953,5.537432134637517e-25,-1.2910279829790428,3.879872663809266e-25,1.957784062767577e-24,1.5314206387310648e-24
MA1475.1,CREB3L4(var.2),0.546,0.0019434628975265019,0.003297997644287397,0.004829210836277974,-0.7560490298128871,0.019030144975850635,-1.3044103036079473,5.376528978866791e-6,0.023980554310784753,9.178239400994567e-6
MA1581.1,ZBTB6,0.606,0.012603062426383982,0.033097762073027094,0.030624263839811542,-1.4211346789341077,1.2399870483702072e-37,-1.3054939147671252,7.272490732473036e-31,6.379519572994307e-37,3.5459333898201864e-30
MA1558.1,SNAI1,0.595,0.015547703180212015,0.04240282685512368,0.037809187279151946,-1.485631904259303,7.893824529116057e-51,-1.3134260091536922,5.479664646935863e-38,5.555465187472244e-50,3.050619273592652e-37
MA0779.1,PAX1,0.565,0.0033568904593639574,0.005948174322732627,0.008421672555948174,-0.8236016641078608,5.633179205229458e-4,-1.3267668974651268,9.227962779827091e-10,8.004479404002239e-4,1.950158706445045e-9
MA1643.1,NFIB,0.589,0.012308598351001178,0.02508833922261484,0.030742049469964665,-1.0443837859526652,2.3865070836958344e-18,-1.3456596619385974,2.1399457009509118e-32,6.954430798582392e-18,1.0859860495982179e-31
MA0147.3,MYC,0.666,0.0038280329799764428,0.009599528857479387,0.009717314487632508,-1.3281063877272445,5.882270004514419e-11,-1.3458185499292632,2.8243064235109593e-11,1.2466401770931125e-10,6.482869513659002e-11
MA1654.1,ZNF16,0.54,0.017785630153121318,0.04935217903415783,0.044287396937573616,-1.5180011585031066,1.1949844239574109e-60,-1.3542163259028528,3.3894120894722495e-46,9.689765002959005e-60,2.3412050173576833e-45
MA0527.1,ZBTB33,0.609,7.656065959952886e-4,0.00265017667844523,0.0020023557126030624,-1.7556305698859855,2.9668787476445622e-5,-1.3554236267696116,0.0030676998356961665,4.6206504086489426e-5,0.004245833167772431
MA1628.1,Zic1::Zic2,0.671,0.020259128386336867,0.05429917550058893,0.05041224970553593,-1.4720597391189152,1.5989581137745966e-63,-1.359046788347448,1.578295323227457e-52,1.4371358468383724e-62,1.3082314568085367e-51
MA0138.2,REST,0.596,0.013250883392226149,0.02838633686690224,0.03351001177856301,-1.1197013830575842,7.73071351612879e-23,-1.3664960407958318,6.015884897691751e-36,2.5518195942619813e-22,3.2056072383414614e-35
MA0597.1,THAP1,0.607,0.01065959952885748,0.026383981154299175,0.027149587750294465,-1.328251830361733,1.5675592887837332e-27,-1.37060937367028,1.3129406636504987e-29,5.936036697627741e-27,6.160086384171523e-29
MA1528.1,NFIX(var.2),0.615,0.006183745583038869,0.017255594817432274,0.015901060070671377,-1.4922799156526048,7.004115180770453e-22,-1.3725609418034623,4.77611901628364e-18,2.2425192810535438e-21,1.4195158510548188e-17
MA1604.1,Ebf2,0.628,0.01336866902237927,0.04057714958775029,0.0339811542991755,-1.6400270865775093,3.610847222239511e-56,-1.3744132497337227,9.769782981844898e-37,2.748665334480281e-55,5.319896426610433e-36
MA1099.2,HES1,0.737,0.001884570082449941,0.00530035335689046,0.0049469964664310955,-1.482423633575593,1.3787095741379164e-7,-1.3829447862708084,1.4230351054929663e-6,2.4605678045619277e-7,2.521577645362833e-6
MA0469.3,E2F3,0.442,6.478209658421672e-4,0.0011189634864546525,0.0017667844522968198,-0.7625205587317316,0.20028911545244032,-1.4087916084306211,0.004301192949506456,0.23346200019925073,0.005909189577038335
MA1629.1,Zic2,0.628,0.018138987043580683,0.050647820965842166,0.046878680800942284,-1.5284786601994556,8.424383984989228e-63,-1.4112615254955196,7.33881278533825e-52,7.393635826825841e-62,5.950819932459058e-51
MA0864.2,E2F2,0.534,7.067137809187279e-4,0.0014723203769140165,0.0019434628975265019,-1.0296748612198585,0.04691198849459179,-1.424019567479272,0.002443045382504302,0.05755977535685111,0.003432225716286647
MA1583.1,ZFP57,0.626,0.002061248527679623,0.00447585394581861,0.0055948174322732625,-1.1111355843757047,1.2156522676886533e-4,-1.432799014741934,1.3128241710657212e-7,1.8065270750911063e-4,2.498384774528133e-7
MA0657.1,KLF13,0.575,0.006007067137809187,0.020259128386336867,0.016136631330977622,-1.769714819893801,4.134238812245222e-32,-1.4359594148166155,1.723219243827334e-19,1.8579169602017684e-31,5.470304493171026e-19
MA0048.2,NHLH1,0.683,0.009363957597173145,0.021967020023557125,0.02502944640753828,-1.2460232633561434,3.8536508264961575e-21,-1.4385984838036578,2.0283346878152815e-29,1.2028550278519387e-20,9.45711048193875e-29
MA1652.1,ZKSCAN5,0.548,0.02561837455830389,0.1058303886925795,0.06713780918727916,-2.169181647236017,1.882145020316401e-208,-1.4517428385147964,3.216035632346854e-76,4.529290919858178e-207,4.70424035633481e-75
MA0781.1,PAX9,0.573,0.0032391048292108363,0.006478209658421673,0.008892815076560659,-0.9981824142686556,2.1290035338982484e-5,-1.4569642553151891,1.3488381146117437e-11,3.372052306344147e-5,3.124947930125344e-11
MA0632.2,TCFL5,0.75,0.002591283863368669,0.005771495877502945,0.007243816254416961,-1.1509255973617072,6.526484265889176e-6,-1.4793789693372417,6.975085673687855e-10,1.0584254918159404e-5,1.4909495451493237e-9
MA0028.2,ELK1,0.579,0.002237926972909305,0.007067137809187279,0.006301531213191991,-1.6531022467911736,3.8013559186481064e-11,-1.4872938234423076,8.011279632371979e-9,8.148883664688182e-11,1.615247190743107e-8
MA1656.1,ZNF449,0.604,0.01071849234393404,0.04093050647820966,0.029799764428739692,-1.9748984517053907,5.272577818696427e-73,-1.500763540032283,7.3161948207613935e-37,5.619061503925049e-72,4.013148041388235e-36
MA1637.1,EBF3,0.638,0.012073027090694936,0.0425206124852768,0.03351001177856301,-1.8590207995081693,6.965041948688795e-70,-1.502206108924571,2.871146979976028e-41,7.117700402358687e-69,1.8306629462069376e-40
MA0149.1,EWSR1-FLI1,0.554,0.04210836277974087,0.18345111896348645,0.1137809187279152,-2.3527555742686115,0,-1.5456402238459397,1.896182054774021e-138,0,6.735961013625808e-137
MA0470.2,E2F4,0.527,7.067137809187279e-4,0.0014723203769140165,0.0021201413427561835,-1.0296748612198585,0.04691198849459179,-1.5480103404296635,7.112520542726633e-4,0.05755977535685111,0.0010486048072873653
MA1600.1,ZNF684,0.544,0.01071849234393404,0.04316843345111896,0.030977620730270907,-2.0550151691191303,5.664211800476368e-81,-1.558387294246646,2.3405005254460327e-40,6.927052464189132e-80,1.4080753161151133e-39
MA0014.3,PAX5,0.643,0.0021790341578327445,0.00712603062426384,0.006537102473498233,-1.7031639833837784,1.1702777628380145e-11,-1.5783959169907449,8.066935066934415e-10,2.5378697996429034e-11,1.7096402158900777e-9
MA1529.1,NHLH2,0.678,0.006772673733804476,0.020553592461719672,0.02043580683156655,-1.6175564019534712,8.130763544102653e-29,-1.609103445151763,1.8696000002108603e-28,3.2263561722875424e-28,8.301914286650606e-28
MA0735.1,GLIS1,0.695,0.0017667844522968198,0.008480565371024734,0.0055948174322732625,-2.2539239153516375,3.7852935472827988e-19,-1.65223442066631,4.37857625562425e-9,1.1250314686346485e-18,8.87613556167307e-9
MA0154.4,EBF1,0.638,0.012014134275618375,0.04128386336866902,0.036925795053003536,-1.821727635255787,4.476618297205112e-66,-1.6543569441087271,6.1183425528774624e-52,4.227287657867106e-65,5.0156962026885566e-51
MA0104.4,MYCN,0.68,0.002061248527679623,0.006419316843345112,0.006654888103651354,-1.6313539007334303,4.4788622404731497e-10,-1.6834574120765462,8.14211586572793e-11,8.957724480946299e-10,1.8131398315919512e-10
MA0765.2,ETV5,0.589,0.003474676089517079,0.012485276796230859,0.011189634864546525,-1.849605088362048,1.4130328787177756e-21,-1.6900416929100261,2.3794778976393758e-17,4.4666208793366975e-21,6.775154624576238e-17
MA0076.2,ELK4,0.63,0.004240282685512367,0.01607773851590106,0.013722025912838633,-1.9327407385307795,6.114221346554728e-29,-1.7011725777534163,3.960357567761275e-21,2.4391492644544533e-28,1.3429212479772325e-20
MA0504.1,NR2C2,0.589,0.014723203769140165,0.06972909305064783,0.04711425206124853,-2.324271313127947,3.210720990539344e-151,-1.7243151713155256,1.3758669445232638e-69,6.843422454121001e-150,1.6826176075645162e-68
MA0694.1,ZBTB7B,0.65,0.003769140164899882,0.01065959952885748,0.01254416961130742,-1.5026112953222235,3.306752662415857e-14,-1.7396285099069513,5.085420164432898e-20,8.1683360468948e-14,1.6494449750725835e-19
MA0734.2,GLI2,0.669,0.009187279151943463,0.03992932862190813,0.03180212014134275,-2.161656569397394,4.6846383258343845e-80,-1.8214414155093093,2.3142605373149917e-51,5.636677727536212e-79,1.7798333616876122e-50
MA1599.1,ZNF682,0.65,0.0063604240282685515,0.03439340400471143,0.022202591283863368,-2.4707938460683936,2.3917490727176746e-81,-1.8219679633005734,2.0446699905984296e-36,3.0241437427921783e-80,1.0973552611413156e-35
MA0522.3,TCF3,0.664,0.011837455830388692,0.04570082449941107,0.04199057714958775,-1.9965113063842133,1.9946143169660026e-82,-1.8688407638244757,1.5617200409675556e-69,2.610495228871295e-81,1.8791018557448334e-68
MA0695.1,ZBTB7C,0.644,0.0035335689045936395,0.013722025912838633,0.013015312131919905,-1.9632419512136596,2.0153628753755034e-25,-1.886092743373498,5.375832931059295e-23,7.193591890096295e-25,1.9562787154001143e-22
MA1648.1,TCF12(var.2),0.661,0.012131919905771496,0.046878680800942284,0.043521790341578326,-1.999189548581524,1.2189381300858296e-84,-1.8869932498999111,6.260997958183137e-73,1.653323354625507e-83,8.492189957826582e-72
MA0737.1,GLIS3,0.681,0.003769140164899882,0.02049469964664311,0.013898704358068316,-2.458213664487513,7.07420031487137e-49,-1.8892129286598993,1.6595979578671512e-24,4.670224278667294e-48,6.448229565462994e-24
MA1631.1,ASCL1(var.2),0.654,0.012603062426383982,0.05117785630153121,0.04540636042402827,-2.07669912120205,6.997100385219905e-97,-1.895430477390933,1.909144920392731e-76,1.1863265653122838e-95,2.8484442212259545e-75
MA1491.1,GLI3,0.667,0.008716136631330978,0.04063604240282685,0.03180212014134275,-2.2643970634864847,2.8158859209621028e-86,-1.8978269758239155,2.924636837175662e-54,3.890094253773572e-85,2.5369524192244694e-53
MA1635.1,BHLHE22(var.2),0.645,0.0071849234393404,0.02408716136631331,0.026501766784452298,-1.7658536828747768,9.561285633622938e-38,-1.9070911710708978,8.084237659178883e-46,4.953277140751883e-37,5.5328819208692176e-45
MA1587.1,ZNF135,0.639,0.010306242638398116,0.046643109540636045,0.03845700824499411,-2.228904057242394,8.263534078376116e-97,-1.9383457638281911,4.7456814085963134e-67,1.3699103161041295e-95,5.057540472589785e-66
MA0750.2,ZBTB7A,0.649,0.004711425206124852,0.019434628975265017,0.01790341578327444,-2.0590900117329314,1.4959475432431806e-37,-1.9386309357150298,3.587269812056731e-32,7.643677173009677e-37,1.8081778917529197e-31
MA0524.2,TFAP2C,0.721,0.004122497055359246,0.016195524146054182,0.015783274440518257,-1.9839533097730386,4.0005349439891095e-30,-1.9462186824290242,1.0842247987297532e-28,1.667262049282612e-29,4.96215766780611e-28
MA0742.1,Klf12,0.634,0.006478209658421673,0.036925795053003536,0.02491166077738516,-2.5504723851543853,1.9003729661775485e-90,-1.9653334738906012,6.707999867754922e-45,2.893220883200921e-89,4.508259370581235e-44
MA0830.2,TCF4,0.656,0.010129564193168433,0.04458186101295642,0.038633686690223795,-2.185755415082529,2.162473372845304e-90,-1.970350828211513,8.091979209169517e-69,3.226410272285194e-89,9.009875358269343e-68
MA0146.2,Zfx,0.749,0.00712603062426384,0.02944640753828033,0.027502944640753826,-2.0752154933807976,1.4470367146052304e-56,-1.9739258735639225,1.1523858968440486e-49,1.1244681136411479e-55,8.428234108290786e-49
MA0811.1,TFAP2B,0.724,0.004122497055359246,0.0163133097762073,0.016195524146054182,-1.9945614937444003,1.547766981201132e-30,-1.9839533097730386,4.0005349439891095e-30,6.635828551586464e-30,1.9008911262521502e-29
MA0116.1,Znf423,0.679,0.005123674911660777,0.023557126030624265,0.02043580683156655,-2.221428064374481,1.2836525207095182e-49,-2.0120345422112953,2.873110199088843e-38,8.705498004084551e-49,1.623742582212331e-37
MA0003.4,TFAP2A,0.655,0.009540636042402828,0.036277974087161366,0.03763250883392226,-1.9631406944169467,1.946153489973977e-64,-2.0180132661794468,3.247478617349945e-69,1.7705250042933985e-63,3.845427061179459e-68
MA0105.4,NFKB1,0.663,0.0027090694935217904,0.015017667844522967,0.011248527679623086,-2.4759367208436096,1.563560236160688e-36,-2.054447895239948,2.549273927105074e-22,7.82829487366358e-36,8.970558252926345e-22
MA1516.1,KLF3,0.771,0.004888103651354535,0.03327444051825677,0.020553592461719672,-2.8014300421567846,1.4803315806711455e-90,-2.0883358756019335,2.524086409855782e-40,2.3006819982930717e-89,1.5063747694019308e-39
MA0472.2,EGR2,0.742,0.0017667844522968198,0.009422850412249705,0.007714958775029446,-2.406799388416265,9.431549452049745e-23,-2.1168037010091023,2.5651093985966123e-16,3.085936794398733e-22,6.933230475916931e-16
MA0506.1,NRF1,0.81,0.0028268551236749115,0.010365135453474675,0.012308598351001178,-1.8745589094114679,1.813608658635456e-18,-2.1246768616480245,2.682670979839017e-25,5.30569435036098e-18,1.0759529843870466e-24
MA0814.2,TFAP2C(var.2),0.697,0.007420494699646643,0.03121319199057715,0.03197879858657244,-2.103217761458192,7.115008696636923e-61,-2.1392855853729964,1.1368487394135882e-63,5.832743393067191e-60,1.14606643189532e-62
MA0778.1,NFKB2,0.669,0.0024734982332155478,0.014428739693757362,0.010954063604240283,-2.5475827451912716,2.7162389727384012e-36,-2.1459581608387834,6.003754043832014e-23,1.3508761824418983e-35,2.174175008106157e-22
MA1650.1,ZBTB14,0.808,0.0016489988221436984,0.009422850412249705,0.0076560659599528855,-2.5048169262547315,8.935746286647992e-24,-2.2037226262413943,5.597234350616023e-17,3.071920151999725e-23,1.569750686300584e-16
MA0057.1,MZF1(var.2),0.588,0.008775029446407538,0.07997644287396938,0.039811542991755,-3.2913355893080127,3.9236980602742786e-254,-2.223838003632545,1.0556005948735462e-82,1.0453852689159328e-252,1.7897228267628758e-81
MA0493.1,Klf1,0.665,0.010954063604240283,0.07879858657243816,0.04958775029446408,-2.945887344146173,5.635642053325926e-224,-2.2329834076917847,5.134645123328213e-103,1.401396323927047e-222,1.2356275038718863e-101
MA0696.1,ZIC1,0.763,0.0032391048292108363,0.018374558303886925,0.01595995288574794,-2.515370684714588,3.820598677978311e-45,-2.3089224107221344,9.699191035092917e-36,2.3362021424359183e-44,5.131628732042069e-35
MA0812.1,TFAP2B(var.2),0.728,0.003474676089517079,0.017491166077738516,0.017314487632508833,-2.3423635753668397,1.1114087001110558e-39,-2.32748214123368,5.2773003502767365e-39,5.964826548797466e-39,3.0756766103956606e-38
MA0103.3,ZEB1,0.651,0.007538280329799764,0.038751472320376915,0.037220259128386335,-2.403515664839074,1.6608551560517026e-88,-2.343101473318423,1.533296888940664e-82,2.4294077380677847e-87,2.5418655092216346e-81
MA0155.1,INSM1,0.667,0.0062426383981154295,0.0480565371024735,0.031036513545347467,-3.0006153276071204,9.466967945771467e-140,-2.344767910677262,3.4059230836732383e-69,1.908745429066355e-138,3.970029094406618e-68
MA1569.1,TFAP2E,0.791,0.0022968197879858657,0.011896348645465253,0.011719670200235571,-2.37194522167876,7.088443945144859e-28,-2.3501541289530645,3.391180827771352e-27,2.7398855870870803e-27,1.462324218218167e-26
MA1596.1,ZNF460,0.741,0.013957597173144876,0.1030035335689046,0.06849234393404005,-3.0174863555217333,5.851438397623919e-300,-2.3745513314417024,1.5485705570940721e-152,1.8188221019281013e-298,5.7761681779608884e-151
MA1615.1,Plagl1,0.709,0.006713780918727915,0.04246171967020024,0.03510011778563015,-2.708529531227705,5.7056243662292726e-111,-2.42300352050905,4.1263966009621874e-81,9.89859483071404e-110,6.69193883547346e-80
MA0810.1,TFAP2A(var.2),0.749,0.0031213191990577148,0.02049469964664311,0.01684334511189635,-2.7289117449981317,7.428945963722473e-55,-2.440920376251307,3.941148951135478e-40,5.541993688936965e-54,2.3334104107516404e-39
MA1517.1,KLF6,0.708,0.005182567726737338,0.04617196702002356,0.027738515901060072,-3.208724855943428,1.5924211693898146e-143,-2.446594837674113,3.3388733703098628e-65,3.299850534346671e-142,3.508168358100222e-64
MA0528.2,ZNF263,0.672,0.011955241460541813,0.11266195524146054,0.06537102473498234,-3.3882008937280754,0,-2.528288869411882,5.035643785698748e-157,0,2.0869945911840367e-155
MA0740.1,KLF14,0.685,0.0037102473498233216,0.04069493521790342,0.02143698468786808,-3.499474821357717,4.071623017149038e-137,-2.5469901726339996,3.8572356434093738e-53,7.993238870508375e-136,3.233143584251003e-52
MA0751.1,ZIC4,0.719,0.0024734982332155478,0.01802120141342756,0.014664310954063604,-2.8730149475325435,4.3231069413143355e-51,-2.5712444001210333,3.0913987595435167e-37,3.071464550686185e-50,1.7082840552736765e-36
MA0748.2,YY2,0.669,0.0014134275618374558,0.008598351001177857,0.00901060070671378,-2.5904645510583735,1.2748103197218587e-22,-2.658402557776716,2.7195167049752733e-24,4.152875539355924e-22,1.0511707056536549e-23
MA1511.1,KLF10,0.714,0.008244994110718492,0.10129564193168433,0.05188457008244994,-3.75631859777015,0,-2.714309528780763,1.5871404516915604e-135,0,5.147855552008278e-134
MA1584.1,ZIC5,0.749,0.0021201413427561835,0.02043580683156655,0.014605418138987044,-3.277769904360258,1.3089737962631733e-65,-2.785441534639554,2.1366200315016994e-40,1.2206180650154091e-64,1.2958687345530633e-39
MA0131.2,HINFP,0.725,2.944640753828033e-4,0.0025323910482921083,0.002237926972909305,-2.9867449992883888,1.3398044423220251e-8,-2.8101622191489173,2.4605821703262873e-7,2.4863037661000766e-8,4.600486965071204e-7
MA0813.1,TFAP2B(var.3),0.738,0.002237926972909305,0.01690223792697291,0.015783274440518257,-2.9219919112073565,7.648158760902461e-49,-2.8217109484240366,4.0646429537975085e-44,4.9613273353332486e-48,2.7073425388686974e-43
MA0471.2,E2F6,0.679,0.005889281507656066,0.08027090694935218,0.04257950530035336,-3.874241401102958,2.1053078052587086e-294,-2.902049728844676,8.371494158414717e-120,6.040613933549987e-293,2.4980538568709514e-118
MA0697.1,ZIC3,0.754,0.0021790341578327445,0.01967020023557126,0.016431095406360424,-3.1825567553254794,1.668401353594915e-61,-2.918640023449351,1.8065527590609821e-47,1.4143493292975072e-60,1.2835127221518978e-46
MA1102.2,CTCFL,0.781,0.00265017667844523,0.0342756183745583,0.02043580683156655,-3.724806325623014,6.471590900894571e-122,-2.9590333380549545,1.7692271171500746e-59,1.1775138566017926e-120,1.6706878853088047e-58
MA1514.1,KLF17,0.653,0.007420494699646643,0.11778563015312132,0.05512367491166078,-4.153199391063103,0,-2.959196607850744,8.011432211380162e-158,0,3.515604958640942e-156
MA0736.1,GLIS2,0.752,0.0016489988221436984,0.0215547703180212,0.01342756183745583,-3.7138345415815848,5.69338656987754e-77,-3.0202819783226027,2.079329251879914e-40,6.435252092619159e-76,1.2714587064773902e-39
MA0162.4,EGR1,0.752,0.005418138987043581,0.0931095406360424,0.04287396937573616,-4.228854067369243,0,-3.0327832441752967,3.459792523639656e-126,0,1.0754188427646597e-124
MA0872.1,TFAP2A(var.3),0.764,0.0015901060070671379,0.015371024734982332,0.013722025912838633,-3.2693588629827706,1.3174792698433176e-49,-3.1035564185433686,2.364448945517862e-42,8.85441022795599e-49,1.5338077507446304e-41
MA0079.4,SP1,0.692,0.004122497055359246,0.06648998822143698,0.034746760895170786,-4.095217153597058,3.251701817520446e-254,-3.111301348952177,3.60316742299822e-105,8.984331688408344e-253,8.959876325188908e-104
MA0815.1,TFAP2C(var.3),0.765,0.0014134275618374558,0.01342756183745583,0.012838633686690224,-3.238802517017058,3.732023451807513e-43,-3.173380706450664,1.4694219801126212e-40,2.1750699180065662e-42,9.059411546810046e-40
MA1548.1,PLAGL2,0.836,0.0018256772673733805,0.018374558303886925,0.017196702002355714,-3.3345508895145737,4.532033221174883e-60,-3.237401318483597,7.990935896311857e-55,3.6353728849424334e-59,7.096712117438864e-54
MA0733.1,EGR4,0.638,0.0022968197879858657,0.04717314487632509,0.022614840989399292,-4.4091725540728,1.0068379414158868e-189,-3.3127416294831584,3.761426402552859e-73,2.347190950925786e-188,5.196340919082283e-72
MA1512.1,KLF11,0.749,0.004888103651354535,0.11107184923439341,0.050765606595995286,-4.660578937753015,0,-3.436768676570234,4.336778498766887e-168,0,2.6960306334000814e-166
MA1515.1,KLF2,0.729,0.00447585394581861,0.09752650176678446,0.046702002355712605,-4.57810198716467,0,-3.4372257222828027,1.0051025807943035e-154,0,3.946350133013423e-153
MA1630.1,Znf281,0.73,0.004534746760895171,0.09287396937573617,0.04952885747938751,-4.48136368426227,0,-3.5074211698565247,5.217362048328018e-167,0,2.780108634323358e-165
MA0732.1,EGR3,0.694,0.0017078916372202592,0.042756183745583036,0.020141342756183747,-4.682749699727706,1.3977582961743577e-178,-3.5642046913440035,1.2671051675102908e-69,3.066846143959032e-177,1.5754340916044616e-68
MA0685.1,SP4,0.662,0.0025323910482921083,0.07043580683156656,0.032273262661955245,-4.883373570519969,2.657533096051983e-302,-3.700073275971682,3.074887413362614e-114,8.619650824585996e-301,8.822561578340424e-113
MA0163.1,PLAG1,0.798,0.002944640753828033,0.0754416961130742,0.03851590106007067,-4.774312248111199,7.744e-320,-3.748446933731774,1.4221907046942616e-137,2.625914e-318,4.8225193895541775e-136
MA0746.2,SP3,0.744,0.003474676089517079,0.09799764428739693,0.04652532391048292,-4.949826190941505,0,-3.7955138102555246,1.0642175229796087e-167,0,6.106971324175294e-166
MA0747.1,SP8,0.704,0.004888103651354535,0.16148409893992932,0.06531213191990577,-5.284584258092244,0,-3.8223609916983414,1.002657159104816e-236,0,8.310913785468807e-235
MA1122.1,TFDP1,0.706,4.122497055359246e-4,0.009187279151943463,0.006419316843345112,-4.395848705417274,6.874042106632097e-38,-3.876592303241619,1.0286532409671224e-24,3.586038749333947e-37,4.0388174619024915e-24
MA1522.1,MAZ,0.787,0.0038869257950530037,0.14093050647820965,0.06348645465253239,-5.383151530353295,0,-4.108534970205442,2.937944222181955e-243,0,2.739632987184673e-241
MA1627.1,Wt1,0.703,0.0049469964664310955,0.17703180212014133,0.08244994110718493,-5.4269175743324025,0,-4.167829732119032,7.318e-320,0,1.0918604e-317
MA1578.1,VEZF1,0.769,0.0021790341578327445,0.11201413427561838,0.04063604240282685,-5.833101051943705,0,-4.259379950331576,1.0639030766281532e-159,0,4.960448094778764e-158
MA0741.1,KLF16,0.784,0.00441696113074205,0.19852767962308598,0.08250883392226148,-5.793648764683054,0,-4.332195042895937,0,0,0
MA0516.2,SP2,0.656,0.0030035335689045936,0.16124852767962308,0.06307420494699646,-5.98200659659077,0,-4.4685664767441615,3.545528537296592e-256,0,3.778520412604654e-254
MA0039.4,KLF4,0.729,0.00441696113074205,0.21207302709069495,0.09387514723203769,-5.913445933286257,0,-4.536311233123284,0,0,0
MA1564.1,SP9,0.737,0.002237926972909305,0.13250883392226148,0.05206124852767962,-6.0710836792817435,0,-4.595831538559622,4.747082580244375e-215,0,3.541323604862304e-213
MA0599.1,KLF5,0.792,0.002591283863368669,0.20977620730270907,0.09034157832744405,-6.658853226754354,0,-5.240675288899191,0,0,0
MA0753.2,ZNF740,0.794,0.0014723203769140165,0.18998822143698468,0.0693168433451119,-7.2851786006013795,0,-5.630595223735322,2.3911e-319,0,2.9729096e-317
MA1653.1,ZNF148,0.807,0.0012956419316843344,0.20259128386336867,0.08286219081272085,-7.581276986251405,0,-6.089981464831477,0,0,0
MA1513.1,KLF15,0.902,2.3557126030624264e-4,0.045288574793875144,0.021083627797408716,-7.484373982675993,8.947400597423258e-227,-6.346305982517493,2.3590107959133614e-101,2.3016416709233623e-225,5.499443917973023e-100
